# Blender 4.3.2
# www.blender.org
mtllib SM_TeleporterItemOutput_LOD2.mtl
o SM_TeleporterItemOutput.001
v -177.199997 -137.199997 0.000000
v -177.199997 -140.000000 2.800000
v -178.862625 -138.758881 0.905607
v -179.506454 -138.859375 2.582534
v -178.694397 -137.683884 13.541705
v -180.000000 -137.199997 11.200000
v -178.765320 -139.270035 12.626259
v -179.401276 138.293243 1.205869
v -178.859375 139.506470 2.582541
v -177.417465 138.859344 0.493539
v -177.199997 137.199997 14.000000
v -177.199997 140.000000 11.200000
v -178.862625 138.758881 13.094393
v -179.506470 138.859375 11.417459
v 159.401276 -138.293243 1.205869
v 158.859375 -139.506470 2.582541
v 157.417465 -138.859344 0.493539
v 157.199997 -137.199997 14.000000
v 157.199997 -140.000000 11.200000
v 158.862625 -138.758896 13.094393
v 159.506470 -138.859375 11.417459
v 157.199997 137.199997 0.000000
v 157.199997 140.000000 2.800000
v 158.862625 138.758881 0.905607
v 159.506470 138.859375 2.582541
v 159.401276 138.293243 12.794130
v 158.859375 139.506470 11.417459
v 157.417465 138.859344 13.506461
v -171.260880 -131.177719 13.360298
v -171.528961 -131.667892 14.288163
v -171.490738 -131.415909 20.415909
v -171.490738 131.415909 13.584093
v -171.260880 131.177719 20.639702
v -171.528961 131.667892 19.711838
v 151.490738 -131.415909 13.584093
v 151.260880 -131.177719 20.639702
v 151.528961 -131.667892 19.711838
v 151.260880 131.177719 13.360298
v 151.528961 131.667892 14.288163
v 151.490738 131.415909 20.415909
v -157.773682 -117.802650 20.697342
v -157.809036 -117.780960 23.280966
v -157.809036 117.780960 20.719036
v -157.773682 117.802650 23.302658
v 137.809036 -117.780960 20.719036
v 137.773682 -117.802650 23.302658
v 137.773682 117.802650 20.697342
v 137.809036 117.780960 23.280966
v -161.576096 -136.472137 15.450374
v -161.911194 -137.084869 16.610203
v -162.072342 -136.280884 30.138662
v -161.626907 -136.909393 30.342522
v -162.072342 -123.719124 15.861340
v -161.626907 -123.090614 15.657477
v -161.576096 -123.527870 30.549629
v -161.911194 -122.915146 29.389797
v 142.072342 -136.280884 15.861341
v 141.626907 -136.909393 15.657479
v 141.576096 -136.472137 30.549627
v 141.911194 -137.084869 29.389799
v 141.576096 -123.527870 15.450373
v 141.911194 -122.915146 16.610205
v 142.072342 -123.719124 30.138662
v 141.626907 -123.090614 30.342524
v -138.924545 -138.134216 20.565781
v -138.936340 -138.126999 25.426989
v -138.936325 -137.273010 20.573013
v -138.924545 -137.265778 25.434219
v 118.936325 -138.126984 20.573013
v 118.924545 -138.134216 25.434219
v 118.924545 -137.265778 20.565783
v 118.936325 -137.273010 25.426985
v -102.010040 -127.659035 31.073334
v -101.989967 -127.659035 32.926666
v -100.355911 -128.340530 31.059767
v -100.339211 -128.354050 32.934143
v -99.659035 -129.989975 31.073332
v -99.667480 -130.011475 32.949570
v -100.341621 -131.642548 31.054705
v -100.351768 -131.662415 32.926666
v -101.989975 -132.340973 31.073334
v -102.010506 -132.338211 32.934143
v -103.644096 -131.659470 31.059769
v -103.660797 -131.645950 32.934139
v -104.340973 -130.010040 31.073332
v -104.338211 -129.989502 32.934147
v -103.658379 -128.357452 31.054705
v -103.644089 -128.340530 32.940231
v -0.010028 -127.659035 31.073334
v 0.010028 -127.659035 32.926666
v 1.644090 -128.340530 31.059767
v 1.660798 -128.354065 32.934143
v 2.340974 -129.989975 31.073334
v 2.332526 -130.011475 32.949570
v 1.658383 -131.642548 31.054707
v 1.648235 -131.662415 32.926662
v 0.010031 -132.340973 31.073332
v -0.010499 -132.338211 32.934143
v -1.644093 -131.659470 31.059769
v -1.660799 -131.645950 32.934139
v -2.340973 -130.010040 31.073336
v -2.338216 -129.989502 32.934143
v -1.658381 -128.357468 31.054707
v -1.644089 -128.340530 32.940231
v 101.989967 -127.659035 31.073334
v 102.010033 -127.659035 32.926666
v 103.644089 -128.340530 31.059767
v 103.660789 -128.354050 32.934143
v 104.340973 -129.989975 31.073332
v 104.332527 -130.011475 32.949570
v 103.658379 -131.642548 31.054707
v 103.648239 -131.662415 32.926662
v 102.010033 -132.340973 31.073334
v 101.989502 -132.338211 32.934143
v 100.355911 -131.659470 31.059767
v 100.339211 -131.645950 32.934143
v 99.659035 -130.010040 31.073332
v 99.661789 -129.989502 32.934143
v 100.341629 -128.357452 31.054705
v 100.355919 -128.340530 32.940235
v -161.576096 123.527870 15.450373
v -161.911194 122.915146 16.610205
v -162.072342 123.719124 30.138662
v -161.626907 123.090614 30.342524
v -162.072342 136.280884 15.861341
v -161.626907 136.909393 15.657479
v -161.576096 136.472137 30.549627
v -161.911194 137.084869 29.389799
v 142.072342 123.719124 15.861340
v 141.626907 123.090614 15.657477
v 141.576096 123.527870 30.549629
v 141.911194 122.915146 29.389797
v 141.576096 136.472137 15.450374
v 141.911194 137.084869 16.610203
v 142.072342 136.280884 30.138662
v 141.626907 136.909393 30.342522
v -138.924545 137.265778 20.565783
v -138.936340 137.273010 25.426989
v -138.936325 138.126984 20.573013
v -138.924545 138.134216 25.434219
v 118.936325 137.273010 20.573013
v 118.924545 137.265778 25.434219
v 118.924545 138.134216 20.565781
v 118.936325 138.126984 25.426987
v -102.010033 132.340973 31.073334
v -101.989502 132.338211 32.934143
v -100.355911 131.659485 31.059767
v -100.337585 131.648224 32.926666
v -99.659035 130.010040 31.073332
v -99.665901 129.988800 32.945297
v -100.341629 128.357452 31.054705
v -100.355911 128.340530 32.940235
v -101.989967 127.659035 31.073334
v -102.010040 127.659035 32.926666
v -103.644089 128.340530 31.059767
v -103.660789 128.354050 32.934143
v -104.340973 129.989975 31.073332
v -104.335968 130.010895 32.940239
v -103.658379 131.642548 31.054707
v -103.645958 131.660797 32.934139
v -0.010031 132.340973 31.073332
v 0.010499 132.338211 32.934143
v 1.644094 131.659470 31.059769
v 1.662418 131.648224 32.926662
v 2.340974 130.010040 31.073334
v 2.332526 129.988541 32.949570
v 1.658382 128.357468 31.054707
v 1.645949 128.339218 32.934143
v 0.010028 127.659035 31.073334
v -0.010028 127.659035 32.926666
v -1.644089 128.340530 31.059767
v -1.659477 128.355927 32.940231
v -2.340973 129.989975 31.073334
v -2.338216 130.010513 32.934143
v -1.658383 131.642548 31.054707
v -1.645953 131.660797 32.934139
v 101.989975 132.340973 31.073334
v 102.010506 132.338211 32.934143
v 103.644096 131.659470 31.059769
v 103.662415 131.648239 32.926666
v 104.340973 130.010040 31.073332
v 104.334099 129.988815 32.945301
v 103.658379 128.357452 31.054707
v 103.644089 128.340530 32.940231
v 102.010033 127.659035 31.073334
v 101.989967 127.659035 32.926666
v 100.355919 128.340530 31.059767
v 100.339211 128.354050 32.934143
v 99.659035 129.989975 31.073332
v 99.664040 130.010880 32.940239
v 100.341621 131.642548 31.054707
v 100.354050 131.660797 32.934143
v -176.576096 -126.972137 15.450374
v -176.911194 -127.584862 16.610199
v -177.072342 -126.780884 30.138662
v -176.626907 -127.409393 30.342524
v -177.072342 126.780884 15.861340
v -176.626907 127.409393 15.657477
v -176.576096 126.972137 30.549627
v -176.911194 127.584862 29.389803
v -162.927673 -126.780876 15.861340
v -163.373108 -127.409393 15.657478
v -163.423920 -126.972137 30.549629
v -163.088821 -127.584862 29.389795
v -163.423920 126.972137 15.450372
v -163.088821 127.584862 16.610207
v -162.927673 126.780876 30.138662
v -163.373108 127.409393 30.342524
v -177.349121 -88.468437 31.131561
v -177.372696 -88.453979 32.853981
v -177.372696 -62.746021 31.146021
v -177.349121 -62.731556 32.868439
v -162.627319 -88.453979 31.146023
v -162.650894 -88.468437 32.868439
v -162.650894 -62.731560 31.131561
v -162.627319 -62.746021 32.853977
v -177.349121 62.731560 31.131561
v -177.372696 62.746021 32.853981
v -177.372696 88.453979 31.146021
v -177.349121 88.468445 32.868439
v -162.627319 62.746021 31.146023
v -162.650894 62.731560 32.868439
v -162.650894 88.468437 31.131561
v -162.627319 88.453979 32.853977
v 143.423920 -126.972137 15.450372
v 143.088821 -127.584862 16.610207
v 142.927673 -126.780876 30.138662
v 143.373108 -127.409393 30.342524
v 142.927673 126.780876 15.861340
v 143.373108 127.409393 15.657478
v 143.423920 126.972137 30.549629
v 143.088821 127.584862 29.389795
v 157.072342 -126.780884 15.861340
v 156.626907 -127.409393 15.657477
v 156.576096 -126.972137 30.549627
v 156.911194 -127.584862 29.389803
v 156.576096 126.972137 15.450374
v 156.911194 127.584862 16.610199
v 157.072342 126.780884 30.138662
v 156.626907 127.409393 30.342524
v 142.650894 -88.468437 31.131561
v 142.627319 -88.453979 32.853977
v 142.627319 -62.746021 31.146023
v 142.650894 -62.731560 32.868439
v 157.372696 -88.453979 31.146021
v 157.349121 -88.468445 32.868439
v 157.349121 -62.731560 31.131561
v 157.372696 -62.746021 32.853981
v 142.650894 62.731560 31.131561
v 142.627319 62.746021 32.853977
v 142.627319 88.453979 31.146023
v 142.650894 88.468437 32.868439
v 157.372696 62.746021 31.146021
v 157.349121 62.731556 32.868439
v 157.349121 88.468437 31.131561
v 157.372696 88.453979 32.853981
v -171.500000 -131.500000 11.000000
v -171.500000 -135.500000 15.000000
v -173.875183 -133.726959 12.293719
v -174.794952 -133.870483 14.689335
v -175.500000 -131.500000 35.000000
v -171.810684 -133.870483 38.294945
v -174.018509 -133.376175 37.647030
v -173.870483 -134.794952 35.310669
v -173.634842 -103.808762 11.654703
v -175.500000 -104.500000 15.000000
v -173.376175 -101.852974 12.481493
v -173.870483 -101.205063 14.689336
v -171.500000 -104.500000 39.000000
v -171.500000 -100.500000 35.000000
v -173.875183 -102.273056 37.706284
v -174.794952 -102.129524 35.310661
v -142.365173 -132.191238 11.654700
v -140.500000 -131.500000 15.000000
v -142.623840 -134.147034 12.481493
v -142.129532 -134.794952 14.689345
v -144.500000 -131.500000 39.000000
v -144.500000 -135.500000 35.000000
v -142.124832 -133.726959 37.706284
v -141.205063 -133.870483 35.310654
v -144.500000 -104.500000 11.000000
v -144.500000 -100.500000 15.000000
v -142.124832 -102.273056 12.293717
v -141.205063 -102.129524 14.689355
v -142.365173 -103.808762 38.345299
v -140.500000 -104.500000 35.000000
v -142.623840 -101.852974 37.518509
v -142.129532 -101.205055 35.310658
v -171.122772 -131.171097 35.828907
v -171.181702 -131.134933 40.134941
v -171.181702 -104.865067 35.865059
v -171.122772 -104.828911 40.171093
v -144.818314 -131.134933 35.865059
v -144.877243 -131.171097 40.171093
v -144.877243 -104.828911 35.828907
v -144.818314 -104.865067 40.134941
v -158.325150 -108.273689 40.142357
v -157.899536 -108.142044 43.563007
v -154.367661 -108.914871 40.262444
v -154.147736 -108.978180 43.684807
v -151.139130 -110.988464 40.315201
v -151.012466 -111.223854 43.842796
v -149.073593 -114.136536 40.142883
v -148.896652 -114.344574 43.684799
v -148.190720 -117.893494 40.315201
v -148.248428 -118.138786 43.803371
v -148.927872 -121.615883 40.224823
v -148.978180 -121.852272 43.684803
v -150.988464 -124.860878 40.315201
v -151.202713 -124.993530 43.803375
v -154.140045 -126.956192 40.196629
v -154.344589 -127.103363 43.684807
v -157.879120 -127.783615 40.262447
v -158.131119 -127.765297 43.775181
v -161.632355 -127.085136 40.262447
v -161.852264 -127.021828 43.684807
v -164.860870 -125.011543 40.315201
v -164.987549 -124.776146 43.842796
v -166.926422 -121.863457 40.142883
v -167.103378 -121.655411 43.684799
v -167.809280 -118.106552 40.315201
v -167.751587 -117.861252 43.803371
v -167.072144 -114.384117 40.224823
v -167.021820 -114.147720 43.684799
v -165.011536 -111.139122 40.315197
v -161.634918 -108.986145 43.885597
v -164.907166 -110.972855 43.584591
v -161.848984 -108.929443 40.415405
v -158.017334 -113.643913 43.140728
v -157.981384 -113.654594 46.883789
v -154.236191 -115.806946 43.140724
v -154.213043 -115.832596 46.842690
v -154.213043 -120.167404 43.157314
v -154.236191 -120.193062 46.859280
v -157.981384 -122.345413 43.116215
v -158.017334 -122.356087 46.859276
v -161.770523 -120.195915 43.157318
v -161.781158 -120.163040 46.859276
v -161.781158 -115.836967 43.140724
v -161.770523 -115.804092 46.842682
v -171.500000 104.500000 11.000000
v -171.500000 100.500000 15.000000
v -173.875183 102.273056 12.293718
v -174.794952 102.129524 14.689342
v -173.634842 103.808754 38.345299
v -175.500000 104.500000 35.000000
v -173.376175 101.852974 37.518509
v -173.870483 101.205063 35.310669
v -175.500000 131.500000 15.000000
v -174.018509 133.376175 12.352972
v -173.870483 134.794952 14.689335
v -171.810684 133.870483 11.705058
v -171.500000 131.500000 39.000000
v -171.500000 135.500000 35.000000
v -173.875183 133.726959 37.706284
v -174.794952 133.870483 35.310669
v -142.365173 103.808769 11.654699
v -140.500000 104.500000 15.000000
v -142.623840 101.852974 12.481493
v -142.129532 101.205055 14.689345
v -144.500000 104.500000 39.000000
v -144.500000 100.500000 35.000000
v -142.124832 102.273056 37.706284
v -141.205063 102.129524 35.310646
v -144.500000 131.500000 11.000000
v -144.500000 135.500000 15.000000
v -142.124832 133.726944 12.293718
v -141.205063 133.870483 14.689348
v -142.365173 132.191238 38.345299
v -140.500000 131.500000 35.000000
v -142.623840 134.147034 37.518509
v -142.129532 134.794952 35.310658
v -171.122772 104.828911 35.828907
v -171.181702 104.865067 40.134941
v -171.181702 131.134933 35.865059
v -171.122772 131.171097 40.171093
v -144.818314 104.865067 35.865059
v -144.877243 104.828911 40.171093
v -144.877243 131.171082 35.828907
v -144.818314 131.134933 40.134941
v -161.690353 127.008492 40.149788
v -158.067032 127.858078 40.433743
v -157.868896 127.765305 43.775181
v -154.367661 127.085136 40.262444
v -154.147751 127.021828 43.684807
v -151.139130 125.011536 40.315197
v -148.996277 121.627510 43.905045
v -150.972839 124.907158 43.584591
v -149.073578 121.863457 40.142883
v -148.190720 118.106529 40.315201
v -148.142044 117.899574 43.563007
v -148.927872 114.384125 40.224823
v -148.978180 114.147720 43.684799
v -150.988464 111.139114 40.315201
v -151.202728 111.006470 43.803371
v -154.140030 109.043823 40.196629
v -154.344589 108.896637 43.684807
v -157.879120 108.216393 40.262447
v -158.131119 108.234703 43.775185
v -161.632339 108.914871 40.262444
v -161.852264 108.978180 43.684807
v -164.860886 110.988464 40.315201
v -164.987549 111.223854 43.842796
v -166.926422 114.136536 40.142883
v -167.103363 114.344589 43.684799
v -167.809280 117.893486 40.315201
v -167.751587 118.138786 43.803371
v -167.072144 121.615883 40.224823
v -167.021835 121.852272 43.684799
v -165.011551 124.860878 40.315201
v -164.797287 124.993538 43.803371
v -161.655426 127.103363 43.684803
v -158.017334 122.356087 43.140728
v -157.981384 122.345413 46.883789
v -154.236191 120.193062 43.140724
v -154.213043 120.167404 46.842690
v -154.213043 115.832596 43.157310
v -154.236191 115.806946 46.859280
v -157.981384 113.654594 43.116215
v -158.017334 113.643921 46.859276
v -161.770523 115.804092 43.157318
v -161.781158 115.836967 46.859280
v -161.781158 120.163040 43.140724
v -161.770523 120.195915 46.842682
v 124.500000 -131.500000 11.000000
v 124.500000 -135.500000 15.000000
v 122.124832 -133.726944 12.293718
v 121.205063 -133.870483 14.689348
v 122.365173 -132.191238 38.345299
v 120.500000 -131.500000 35.000000
v 122.623840 -134.147034 37.518509
v 122.129532 -134.794952 35.310658
v 122.365173 -103.808769 11.654699
v 120.500000 -104.500000 15.000000
v 122.623840 -101.852974 12.481493
v 122.129532 -101.205055 14.689345
v 124.500000 -104.500000 39.000000
v 124.500000 -100.500000 35.000000
v 122.124832 -102.273056 37.706284
v 121.205063 -102.129524 35.310646
v 155.500000 -131.500000 15.000000
v 154.018509 -133.376175 12.352972
v 153.870483 -134.794952 14.689335
v 151.810684 -133.870483 11.705058
v 151.500000 -131.500000 39.000000
v 151.500000 -135.500000 35.000000
v 153.875183 -133.726959 37.706284
v 154.794952 -133.870483 35.310669
v 151.500000 -104.500000 11.000000
v 151.500000 -100.500000 15.000000
v 153.875183 -102.273056 12.293718
v 154.794952 -102.129524 14.689342
v 153.634842 -103.808754 38.345299
v 155.500000 -104.500000 35.000000
v 153.376175 -101.852974 37.518509
v 153.870483 -101.205063 35.310669
v 124.877243 -131.171082 35.828907
v 124.818314 -131.134933 40.134941
v 124.818314 -104.865067 35.865059
v 124.877243 -104.828911 40.171093
v 151.181702 -131.134933 35.865059
v 151.122772 -131.171097 40.171093
v 151.122772 -104.828911 35.828907
v 151.181702 -104.865067 40.134941
v 137.879120 -108.216393 40.262447
v 138.131119 -108.234703 43.775185
v 141.632339 -108.914871 40.262444
v 141.852264 -108.978180 43.684807
v 144.860886 -110.988464 40.315201
v 144.987549 -111.223854 43.842796
v 146.926422 -114.136536 40.142883
v 147.103363 -114.344589 43.684799
v 147.809280 -117.893486 40.315201
v 147.751587 -118.138786 43.803371
v 147.072144 -121.615883 40.224823
v 147.021835 -121.852272 43.684799
v 145.011551 -124.860878 40.315201
v 144.797287 -124.993538 43.803371
v 141.655426 -127.103363 43.684803
v 141.690353 -127.008492 40.149788
v 138.067032 -127.858078 40.433743
v 137.868896 -127.765305 43.775181
v 134.367661 -127.085136 40.262444
v 134.147751 -127.021828 43.684807
v 131.139130 -125.011536 40.315197
v 128.996277 -121.627510 43.905045
v 130.972839 -124.907158 43.584591
v 129.073578 -121.863457 40.142883
v 128.190720 -118.106529 40.315201
v 128.142044 -117.899574 43.563007
v 128.927872 -114.384125 40.224823
v 128.978180 -114.147720 43.684799
v 130.988464 -111.139114 40.315201
v 131.202728 -111.006470 43.803371
v 134.140030 -109.043823 40.196629
v 134.344589 -108.896637 43.684807
v 137.982666 -113.643913 43.140728
v 138.018616 -113.654594 46.883789
v 141.763824 -115.806953 43.140724
v 141.786972 -115.832603 46.842686
v 141.786972 -120.167404 43.157318
v 141.763824 -120.193054 46.859276
v 138.018631 -122.345413 43.116215
v 137.982681 -122.356087 46.859276
v 134.229492 -120.195923 43.157314
v 134.218857 -120.163040 46.859280
v 134.218857 -115.836967 43.140720
v 134.229492 -115.804085 46.842686
v 124.500000 104.500000 11.000000
v 124.500000 100.500000 15.000000
v 122.124832 102.273056 12.293717
v 121.205063 102.129524 14.689355
v 122.365173 103.808762 38.345299
v 120.500000 104.500000 35.000000
v 122.623840 101.852974 37.518509
v 122.129532 101.205055 35.310658
v 122.365173 132.191238 11.654700
v 120.500000 131.500000 15.000000
v 122.623840 134.147034 12.481493
v 122.129532 134.794952 14.689345
v 124.500000 131.500000 39.000000
v 124.500000 135.500000 35.000000
v 122.124832 133.726959 37.706284
v 121.205063 133.870483 35.310654
v 153.634842 103.808762 11.654703
v 155.500000 104.500000 15.000000
v 153.376175 101.852974 12.481493
v 153.870483 101.205063 14.689336
v 151.500000 104.500000 39.000000
v 151.500000 100.500000 35.000000
v 153.875183 102.273056 37.706284
v 154.794952 102.129524 35.310661
v 151.500000 131.500000 11.000000
v 151.500000 135.500000 15.000000
v 153.875183 133.726959 12.293719
v 154.794952 133.870483 14.689335
v 155.500000 131.500000 35.000000
v 154.018509 133.376175 37.647030
v 153.870483 134.794952 35.310669
v 151.810684 133.870483 38.294945
v 124.877243 104.828911 35.828907
v 124.818314 104.865067 40.134941
v 124.818314 131.134933 35.865059
v 124.877243 131.171097 40.171093
v 151.181702 104.865067 35.865059
v 151.122772 104.828911 40.171093
v 151.122772 131.171097 35.828907
v 151.181702 131.134933 40.134941
v 137.879120 127.783615 40.262447
v 138.131119 127.765297 43.775181
v 141.632355 127.085136 40.262447
v 141.852264 127.021828 43.684807
v 144.860870 125.011543 40.315201
v 144.987549 124.776146 43.842796
v 146.926422 121.863457 40.142883
v 147.103378 121.655411 43.684799
v 147.809280 118.106552 40.315201
v 147.751587 117.861252 43.803371
v 147.072144 114.384117 40.224823
v 147.021820 114.147720 43.684799
v 145.011536 111.139122 40.315197
v 141.634918 108.986145 43.885597
v 144.907166 110.972855 43.584591
v 141.848984 108.929443 40.415405
v 138.325150 108.273689 40.142357
v 137.899536 108.142044 43.563007
v 134.367661 108.914871 40.262444
v 134.147736 108.978180 43.684807
v 131.139130 110.988464 40.315201
v 131.012466 111.223854 43.842796
v 129.073593 114.136536 40.142883
v 128.896652 114.344574 43.684799
v 128.190720 117.893494 40.315201
v 128.248428 118.138786 43.803371
v 128.927872 121.615883 40.224823
v 128.978180 121.852272 43.684803
v 130.988464 124.860878 40.315201
v 131.202713 124.993530 43.803375
v 134.140045 126.956192 40.196629
v 134.344589 127.103363 43.684807
v 137.982681 122.356087 43.140728
v 138.018631 122.345413 46.883789
v 141.763824 120.193054 43.140724
v 141.786972 120.167404 46.842686
v 141.786972 115.832596 43.157314
v 141.763824 115.806953 46.859276
v 138.018631 113.654594 43.116215
v 137.982681 113.643913 46.859276
v 134.229492 115.804085 43.157314
v 134.218857 115.836967 46.859280
v 134.218857 120.163040 43.140720
v 134.229492 120.195923 46.842686
v 110.000000 -77.464226 74.314072
v 110.000000 -101.571739 98.074043
v 110.000000 -89.221344 79.720474
v 110.000000 -96.079529 86.578659
v 110.000000 -101.485939 253.264236
v 110.000000 -78.078896 277.237061
v 110.000000 -96.079529 265.021332
v 110.000000 -89.221344 271.879517
v 110.000000 101.485939 98.335770
v 110.000000 77.725960 74.228271
v 110.000000 96.079529 86.578659
v 110.000000 89.221344 79.720474
v 110.000000 77.067635 277.413635
v 110.000000 101.571739 253.525955
v 110.000000 89.221344 271.879517
v 110.000000 96.079529 265.021332
v 160.797287 103.193703 97.035614
v 160.815384 79.251587 72.652359
v 160.800003 97.717735 85.388435
v 160.800003 90.411568 78.082275
v 160.867325 103.405869 254.397278
v 160.802841 78.138306 279.228241
v 160.800003 97.717735 266.211548
v 160.800003 90.411575 273.517700
v 160.867325 -103.405869 97.202728
v 160.840714 -78.022141 72.353279
v 160.800003 -97.717735 85.388435
v 160.800003 -90.411568 78.082275
v 160.797287 -103.193703 254.564392
v 160.797577 -79.292015 278.937927
v 160.800003 -97.717735 266.211548
v 160.800003 -90.411575 273.517700
v 160.000168 -95.038567 103.085693
v 160.000000 -66.053833 80.335732
v 160.000000 -89.885468 92.265755
v 160.000000 -83.534241 85.914536
v 160.000000 -75.531235 81.836800
v 160.000092 -73.068687 270.703552
v 160.000198 -94.952835 248.259979
v 160.000000 -83.534241 265.685455
v 160.000000 -89.885460 259.334229
v 160.000000 66.053833 80.335732
v 160.000198 94.952835 103.340012
v 160.000000 75.531235 81.836800
v 160.000000 83.534241 85.914536
v 160.000000 89.885468 92.265755
v 160.000168 95.038567 248.514282
v 160.000061 72.066452 270.879517
v 160.000000 89.885460 259.334229
v 160.000000 83.534241 265.685455
v 182.302887 77.464050 277.285065
v 194.252838 78.138298 279.228241
v 181.502411 79.292015 278.937927
v 194.250000 90.411575 273.517700
v 181.500000 90.411575 273.517700
v 194.250000 97.717735 266.211548
v 181.500000 97.717735 266.211548
v 194.317337 103.405869 254.397278
v 181.502716 103.193710 254.564377
v 182.330414 -77.569824 74.331749
v 194.290710 -78.022133 72.353279
v 181.484619 -79.251595 72.652359
v 194.250000 -90.411568 78.082275
v 181.500000 -90.411568 78.082275
v 193.449997 -96.079529 86.578659
v 181.500000 -97.717735 85.388435
v 193.381577 -101.239777 97.594147
v 181.502716 -103.193710 97.035629
v 193.419586 77.569824 74.331749
v 181.459290 78.022133 72.353279
v 182.347656 78.652885 74.597633
v 194.317337 78.597305 72.394142
v 182.300003 89.221344 79.720474
v 194.250000 90.411568 78.082275
v 182.300003 96.079529 86.578659
v 194.250000 97.717735 85.388435
v 182.368423 101.239777 97.594147
v 194.222183 103.176506 96.945633
v 193.447113 -77.464050 277.285065
v 181.497162 -78.138298 279.228241
v 182.339279 -78.629227 277.008057
v 194.287170 -78.655052 279.194000
v 182.300003 -89.221344 271.879517
v 194.250000 -90.411575 273.517700
v 182.300003 -96.079529 265.021332
v 194.250000 -97.717735 266.211548
v 182.368423 -101.239777 254.005844
v 194.247284 -103.193710 254.564377
v 172.500000 39.000015 80.299995
v 172.500000 -39.000015 80.299995
v 160.800003 -104.000000 139.500000
v 160.800003 -104.000000 212.099991
v 160.800003 -41.800014 279.799988
v 160.800003 41.800014 279.799988
v 160.800003 104.000000 212.099991
v 160.800003 104.000000 139.500000
v 193.449997 39.000015 80.299995
v 193.449997 -39.000015 80.299995
v 216.918518 103.469604 139.968521
v 216.857010 103.742287 211.802567
v 216.867844 41.382179 279.494263
v 216.857010 -41.502594 279.542267
v 216.918518 -103.469620 211.631470
v 216.901871 -103.543404 139.854782
v 194.250000 41.800014 279.799988
v 194.250000 -41.800014 279.799988
v 181.500000 41.800014 279.799988
v 181.500000 -41.800014 279.799988
v 182.300003 95.500000 209.299988
v 182.300003 102.000000 142.300003
v 199.050003 102.000000 209.299988
v 199.050003 102.000000 142.300003
v 199.050003 -102.000000 209.299988
v 199.050003 -102.000000 142.300003
v 182.300003 -95.500000 209.299988
v 182.300003 -102.000000 142.300003
v 181.500000 104.000000 212.099991
v 181.500000 104.000000 139.500000
v 181.500000 -104.000000 212.099991
v 181.500000 -104.000000 139.500000
v 194.250000 -104.000000 139.500000
v 194.250000 -104.000000 212.099991
v 194.250000 104.000000 139.500000
v 194.250000 104.000000 212.099991
v 199.050003 95.500008 209.299988
v 199.050003 95.500008 142.300003
v 199.050003 -95.500008 209.299988
v 199.050003 -95.500008 142.300003
v 182.306229 101.948349 210.216339
v 182.300003 95.500008 142.300003
v 182.300003 -102.000000 209.299988
v 182.300003 -95.500008 142.300003
v 160.800003 41.800014 71.799995
v 160.800003 -41.800014 71.799995
v 216.867844 41.382183 72.105728
v 216.867844 -41.382183 72.105728
v 194.250000 41.800014 71.799995
v 181.500000 41.800014 71.799995
v 194.250000 -41.800014 71.799995
v 181.500000 -41.800014 71.799995
v 172.500000 39.000015 73.799995
v 172.500000 -39.000015 73.799995
v 193.449997 39.000015 73.799995
v 193.449997 -39.000015 73.799995
v 216.250000 41.000015 271.300079
v 216.500000 -41.000015 271.300171
v 217.241058 41.033245 80.299988
v 217.241058 -41.033245 80.299988
v 216.250000 95.500031 140.300018
v 216.500000 95.500031 211.299988
v 216.250000 -95.500023 211.299988
v 216.500000 -95.500023 140.300018
v 217.252197 77.462975 277.280548
v 216.452423 79.292015 278.937927
v 216.449997 90.411575 273.517700
v 216.449997 97.717735 266.211548
v 216.452728 103.193710 254.564377
v 217.252396 -78.077385 74.368851
v 216.434631 -79.251595 72.652359
v 216.449997 -90.411568 78.082275
v 216.932449 -96.725945 84.590401
v 216.937119 -102.142380 94.613678
v 216.452728 78.764420 72.606308
v 217.252396 78.077385 74.368851
v 216.449997 90.411568 78.082275
v 216.922684 96.678986 84.469124
v 216.937119 102.142380 94.613678
v 216.449997 104.000000 104.642601
v 216.477829 -78.854431 278.976501
v 217.252197 -77.462982 277.280548
v 216.449997 -90.411575 273.517700
v 216.449997 -97.717735 266.211548
v 216.937119 -102.142380 256.986328
v 216.449997 -104.000000 246.957397
v 217.250000 73.080353 270.699738
v 217.250000 83.534241 265.685455
v 217.250000 89.885460 259.334229
v 217.250000 95.152031 247.644379
v 217.249985 -72.732155 80.767220
v 217.250000 -83.534241 85.914536
v 217.250000 -89.885468 92.265755
v 217.250000 -95.152031 103.955605
v 217.249985 72.085754 80.725456
v 217.250000 83.534241 85.914536
v 217.250000 89.885468 92.265755
v 217.249985 95.115936 103.286194
v 217.250000 -72.477623 270.748169
v 217.250000 -83.534241 265.685455
v 217.250000 -89.885460 259.334229
v 217.249985 -95.115936 248.313782
v 159.931564 78.205841 74.560234
v 160.000000 89.221344 79.720474
v 160.000000 96.079529 86.578659
v 159.952332 101.202377 97.147133
v 159.960709 78.629227 277.008057
v 160.000000 89.221344 271.879517
v 160.000000 96.079529 265.021332
v 159.931564 101.239777 254.005844
v 159.952332 -78.652885 74.597641
v 160.000000 -89.221344 79.720474
v 160.000000 -96.079529 86.578659
v 159.931564 -101.239777 97.594162
v 159.947952 -78.134010 277.053497
v 160.000000 -89.221344 271.879517
v 160.000000 -96.079529 265.021332
v 159.952332 -101.202377 254.452866
v 160.000000 -41.000015 73.799995
v 160.000000 -102.000000 211.299988
v 160.000000 41.000015 277.799988
v 160.000000 102.000000 140.300003
v 215.750000 41.000015 277.799988
v 215.750000 41.000015 73.799995
v 215.750000 -41.000015 73.799995
v 215.750000 -41.000015 277.799988
v 193.447296 -101.436249 253.878662
v 181.432663 -103.405869 254.397278
v 193.449997 -96.079529 265.021332
v 181.500000 -97.717735 266.211548
v 193.449997 -89.221344 271.879517
v 181.500000 -90.411575 273.517700
v 193.466766 101.445946 97.768593
v 181.432663 103.405869 97.202728
v 193.449997 96.079529 86.578659
v 181.500000 97.717735 85.388435
v 193.449997 89.221344 79.720474
v 181.500000 90.411568 78.082275
v 182.302704 -101.436249 97.721336
v 194.247284 -103.193703 97.035622
v 182.300003 -96.079529 86.578659
v 194.250000 -97.717735 85.388435
v 182.300003 -89.221344 79.720474
v 193.449997 -89.221344 79.720474
v 193.402344 -78.652885 74.597633
v 182.302704 101.436249 253.878662
v 193.381577 101.239777 254.005844
v 182.300003 96.079529 265.021332
v 193.449997 96.079529 265.021332
v 182.300003 89.221344 271.879517
v 193.449997 89.221344 271.879517
v 193.410721 78.629227 277.008057
v 182.300003 -41.000015 73.799995
v 193.449997 -41.000015 73.799995
v 193.449997 -41.000015 277.799988
v 182.300003 -41.000015 277.799988
v 182.300003 102.000000 140.300003
v 193.449997 102.000000 140.300003
v 193.449997 -102.000000 140.300003
v 182.300003 -102.000000 140.300003
v 160.000000 41.000015 73.799995
v 160.000000 -102.000000 140.300003
v 160.000000 -41.000015 277.799988
v 160.000000 102.000000 211.299988
v 182.300003 41.000015 73.799995
v 193.449997 41.000015 73.799995
v 193.449997 41.000015 277.799988
v 182.300003 41.000015 277.799988
v 193.449997 102.000000 211.299988
v 193.449997 -102.000000 211.299988
v 182.300003 -102.000000 211.299988
v 215.750000 102.000000 211.299988
v 215.750000 102.000000 140.300003
v 215.750000 -102.000000 140.300003
v 215.750000 -102.000000 211.299988
v 217.257477 92.500275 269.566742
v 217.252396 101.431160 253.877380
v 216.449997 -104.000000 104.642601
v 217.257477 -92.500275 269.566742
v 215.750000 -41.000015 75.549995
v 215.750000 41.000015 75.549995
v 160.800003 39.000015 80.299995
v 160.800003 -39.000015 80.299995
v 167.500000 -98.750000 253.749985
v 167.500000 -78.750000 273.750000
v 167.500000 -78.750000 76.250000
v 167.500000 -98.750000 96.250000
v 167.500000 98.750000 253.749985
v 167.500000 78.750000 273.750000
v 167.500000 98.750000 96.250000
v 167.500000 78.750000 76.250000
v 158.291672 -104.208336 131.791656
v 158.208344 104.208336 131.708313
v 252.587769 -104.164154 119.839310
v 241.095886 -104.180206 131.575607
v 250.027893 -104.159767 125.876183
v 245.613373 -104.133507 129.705399
v 240.581223 104.165695 131.661438
v 252.575623 104.180206 120.095879
v 246.887573 104.179832 129.032166
v 250.705383 104.133514 124.613419
v 252.849670 -103.987328 62.759140
v 252.827972 -102.203659 61.020313
v 252.811920 102.225044 61.028393
v 252.845703 103.991119 62.798492
v 158.192307 -104.269234 120.269226
v 158.269241 104.269234 120.192299
v 239.087723 104.144226 119.972679
v 239.135376 -104.138107 119.971642
v 240.909210 104.198303 118.217628
v 240.902191 -104.195152 118.251892
v 241.172028 102.203667 61.020306
v 241.150986 103.984344 62.754887
v 241.188110 -102.225044 61.028385
v 241.154785 -103.989067 62.795792
v 238.887268 107.332817 120.005226
v 239.310730 -107.338051 119.906525
v 240.917679 107.340279 118.297150
v 241.005234 -107.332817 117.887230
v 158.192307 107.230759 120.269226
v 158.269241 -107.230759 120.192299
v 241.161362 103.398247 57.941406
v 241.172882 106.944969 61.283001
v 241.138214 -103.715851 58.073864
v 241.153519 -106.962112 61.449856
v 241.095901 107.319794 131.575607
v 240.581238 -107.334305 131.661438
v 246.124634 107.405960 129.360779
v 246.887604 -107.320160 129.032166
v 250.126434 107.293755 125.777191
v 250.705414 -107.366486 124.613403
v 252.670441 107.313484 119.592339
v 252.660156 -107.295761 119.856781
v 158.291672 107.291656 131.791656
v 158.208344 -107.291656 131.708313
v 252.861786 103.715851 58.073856
v 252.818359 107.067032 61.593243
v 252.838654 -103.398254 57.941399
v 252.796600 -107.052208 61.418903
v 198.500000 -104.000000 132.000000
v 198.500000 104.000000 132.000000
v 198.500000 -104.000000 119.999992
v 198.500000 104.000000 119.999992
v 198.500000 107.499992 120.499992
v 198.500000 106.999992 119.999992
v 198.500000 -106.999992 119.999992
v 198.500000 -107.499992 120.499992
v 198.500000 106.999992 132.000000
v 198.500000 107.499992 131.500000
v 198.500000 -107.499992 131.500000
v 198.500000 -106.999992 132.000000
v 213.000000 106.999992 119.999992
v 213.000000 107.499992 120.499992
v 213.000000 -107.499992 120.499992
v 213.000000 -106.999992 119.999992
v 213.000000 107.499992 131.500000
v 213.000000 106.999992 132.000000
v 213.000000 -106.999992 132.000000
v 213.000000 -107.499992 131.500000
v 213.000000 104.000000 119.999992
v 213.000000 -104.000000 119.999992
v 213.000000 104.000000 132.000000
v 213.000000 -104.000000 132.000000
v 198.574997 -104.000000 133.674988
v 198.557693 104.000000 133.634613
v 212.942307 -104.000000 133.634613
v 212.925003 104.000000 133.675003
v 198.557693 -104.000000 118.365379
v 198.574997 104.000000 118.324997
v 212.942307 104.000000 118.365372
v 212.925003 -104.000000 118.324989
v 212.871323 107.663689 118.312424
v 212.895142 109.151360 119.776115
v 212.871323 -109.187569 119.836296
v 212.895142 -107.723869 118.348633
v 198.604858 107.723869 118.348640
v 198.628693 109.187569 119.836296
v 198.628677 -107.663681 118.312424
v 198.604858 -109.151360 119.776123
v 212.895142 109.179543 132.155823
v 212.895142 107.723869 133.651367
v 212.895142 -107.655815 133.679535
v 212.895142 -109.151367 132.223862
v 198.604858 107.655807 133.679535
v 198.604858 109.151360 132.223862
v 198.604858 -107.723869 133.651352
v 198.604858 -109.179543 132.155823
v 163.500000 -104.000000 132.000000
v 163.500000 104.000000 132.000000
v 163.500000 -104.000000 119.999992
v 163.500000 104.000000 119.999992
v 163.500000 107.499992 120.499992
v 163.500000 106.999992 119.999992
v 163.500000 -106.999992 119.999992
v 163.500000 -107.499992 120.499992
v 163.500000 106.999992 132.000000
v 163.500000 107.499992 131.500000
v 163.500000 -107.499992 131.500000
v 163.500000 -106.999992 132.000000
v 178.000000 106.999992 119.999992
v 178.000000 107.499992 120.499992
v 178.000000 -107.499992 120.499992
v 178.000000 -106.999992 119.999992
v 178.000000 107.499992 131.500000
v 178.000000 106.999992 132.000000
v 178.000000 -106.999992 132.000000
v 178.000000 -107.499992 131.500000
v 178.000000 104.000000 119.999992
v 178.000000 -104.000000 119.999992
v 178.000000 104.000000 132.000000
v 178.000000 -104.000000 132.000000
v 163.574997 -104.000000 133.674988
v 163.557693 104.000000 133.634613
v 177.942307 -104.000000 133.634613
v 177.925003 104.000000 133.675003
v 163.557693 -104.000000 118.365379
v 163.574997 104.000000 118.324997
v 177.942307 104.000000 118.365372
v 177.925003 -104.000000 118.324989
v 177.871323 107.663681 118.312424
v 177.895142 109.151360 119.776123
v 177.864319 -109.184624 119.802200
v 177.901001 -107.686020 118.343773
v 163.604858 107.723869 118.348640
v 163.628693 109.187569 119.836296
v 163.635696 -107.697777 118.315376
v 163.599014 -109.156219 119.813965
v 177.895142 109.179543 132.155823
v 177.895142 107.723869 133.651367
v 177.895142 -107.655815 133.679535
v 177.895142 -109.151367 132.223862
v 163.604858 107.655807 133.679535
v 163.604858 109.151360 132.223862
v 163.604858 -107.723869 133.651352
v 163.604858 -109.179543 132.155823
v 166.399994 -47.500000 69.400002
v 166.399994 -47.500000 71.699997
v 166.399994 -54.500000 69.400002
v 166.399994 -54.500000 71.699997
v 252.156799 -34.500008 57.497646
v 252.000000 -27.499998 57.500000
v 213.516068 -47.466911 69.376816
v 213.351273 -47.512794 71.701332
v 213.484360 -54.482140 69.384995
v 213.350784 -54.515884 71.700699
v 241.498459 -34.477127 57.498611
v 241.358536 -34.528435 55.213917
v 241.378113 -27.518108 55.215355
v 241.498993 -27.472364 57.499252
v 250.799988 -34.500004 55.199997
v 251.640015 -27.499998 55.559998
v 166.399994 47.500000 69.400002
v 166.399994 47.500000 71.699997
v 166.399994 54.500000 69.400002
v 166.399994 54.500000 71.699997
v 252.156799 34.500008 57.497646
v 252.000000 27.499998 57.500000
v 213.516068 47.466911 69.376816
v 213.351273 47.512794 71.701332
v 213.484360 54.482140 69.384995
v 213.350784 54.515884 71.700699
v 241.498383 34.480404 57.498600
v 241.358536 34.528435 55.213913
v 241.386642 27.513420 55.213371
v 241.498993 27.472364 57.499252
v 250.799988 34.500004 55.199997
v 251.640015 27.499998 55.559998
v 160.000000 93.599998 131.500000
v 160.000000 93.599998 140.100006
v 160.000000 95.470009 131.500000
v 160.000000 95.470009 140.100006
v 214.750000 93.599998 131.500000
v 214.750000 93.599998 140.100006
v 216.750000 95.470009 131.500000
v 216.750000 95.470009 140.100006
v 160.000000 93.599998 165.200012
v 160.000000 94.535004 171.200012
v 160.000000 95.470009 165.200012
v 213.949997 94.535004 165.200012
v 212.949997 93.599998 171.200012
v 214.949997 95.470009 171.200012
v 160.000000 93.599998 220.099976
v 160.000000 93.599998 211.499969
v 160.000000 95.470009 220.099976
v 160.000000 95.470009 211.499969
v 214.750000 93.599998 220.099976
v 214.750000 93.599998 211.499969
v 216.750000 95.470009 220.099976
v 216.750000 95.470009 211.499969
v 160.000000 93.599998 186.399979
v 160.000000 94.535004 180.399994
v 160.000000 95.470009 186.399979
v 213.949997 94.535004 186.399994
v 212.949997 93.599998 180.399979
v 214.949997 95.470009 180.399979
v 160.000000 63.700001 82.000000
v 160.000000 46.399998 82.000000
v 160.000000 63.700001 80.300003
v 160.000000 46.399998 80.300003
v 219.254425 63.700001 82.000000
v 219.254425 46.399998 82.000000
v 217.254425 63.700001 80.300003
v 217.254425 46.399998 80.300003
v 160.000000 27.299999 82.000000
v 160.000000 19.799999 81.150002
v 160.000000 27.299999 80.300003
v 215.841614 27.299999 75.549255
v 213.750000 19.799999 77.250000
v 215.796906 19.799999 75.547295
v 193.449997 27.299999 80.300003
v 193.449997 19.799999 80.300003
v 193.449997 27.299999 82.000000
v 193.449997 19.799999 82.000000
v 217.254425 63.700001 76.119995
v 217.254425 46.399998 76.119995
v 224.375748 63.700005 76.496902
v 224.353531 46.400002 76.275162
v 160.000000 -93.599998 131.500000
v 160.000000 -93.599998 140.100006
v 160.000000 -95.470009 131.500000
v 160.000000 -95.470009 140.100006
v 214.750000 -93.599998 131.500000
v 214.750000 -93.599998 140.100006
v 216.750000 -95.470009 131.500000
v 216.750000 -95.470009 140.100006
v 160.000000 -93.599998 165.200012
v 160.000000 -94.535004 171.200012
v 160.000000 -95.470009 165.200012
v 213.949997 -94.535004 165.200012
v 212.949997 -93.599998 171.200012
v 214.949997 -95.470009 171.200012
v 160.000000 -93.599998 220.099976
v 160.000000 -93.599998 211.499969
v 160.000000 -95.470009 220.099976
v 160.000000 -95.470009 211.499969
v 214.750000 -93.599998 220.099976
v 214.750000 -93.599998 211.499969
v 216.750000 -95.470009 220.099976
v 216.750000 -95.470009 211.499969
v 160.000000 -93.599998 186.399979
v 160.000000 -94.535004 180.399994
v 160.000000 -95.470009 186.399979
v 213.949997 -94.535004 186.399994
v 212.949997 -93.599998 180.399979
v 214.949997 -95.470009 180.399979
v 160.000000 -63.700001 82.000000
v 160.000000 -46.399998 82.000000
v 160.000000 -63.700001 80.300003
v 160.000000 -46.399998 80.300003
v 219.254425 -63.700001 82.000000
v 219.254425 -46.399998 82.000000
v 217.254425 -63.700001 80.300003
v 217.254425 -46.399998 80.300003
v 160.000000 -27.299999 82.000000
v 160.000000 -19.799999 81.150002
v 160.000000 -27.299999 80.300003
v 215.841614 -27.299999 75.549255
v 213.750000 -19.799999 77.250000
v 215.796906 -19.799999 75.547295
v 193.449997 -27.299999 80.300003
v 193.449997 -19.799999 80.300003
v 193.449997 -27.299999 82.000000
v 193.449997 -19.799999 82.000000
v 217.254425 -63.700001 76.119995
v 217.254425 -46.399998 76.119995
v 224.375748 -63.700005 76.496902
v 224.353531 -46.400002 76.275162
v 216.540009 44.000000 272.000000
v 198.300018 44.000000 279.792511
v 216.540009 66.699997 272.000000
v 198.300003 66.699997 280.899994
v 223.500000 44.000000 272.000000
v 223.500000 66.699997 272.000000
v 229.091568 44.004375 280.782166
v 229.259064 66.709526 280.664612
v 230.266235 66.835114 277.636841
v 230.320969 44.137424 277.621399
v 216.540009 44.000000 279.786987
v 198.300003 66.699997 279.787018
v 216.540009 66.699997 279.786987
v 216.540009 -44.000000 272.000000
v 198.300018 -44.000000 279.792511
v 216.540009 -66.699997 272.000000
v 198.300003 -66.699997 280.899994
v 223.500000 -44.000000 272.000000
v 223.500000 -66.699997 272.000000
v 229.091568 -44.004375 280.782166
v 229.259064 -66.709526 280.664612
v 230.266235 -66.835121 277.636841
v 230.320969 -44.137424 277.621399
v 216.540009 -44.000000 279.786987
v 198.300003 -66.699997 279.787018
v 216.540009 -66.699997 279.786987
v 168.899994 101.999985 142.750000
v 168.585876 103.603333 209.396469
v 168.585876 103.603348 142.353561
v 178.007278 103.695953 161.243500
v 177.909454 102.349602 190.545731
v 168.451050 103.000000 194.708298
v 168.451050 103.000000 157.041718
v 244.457550 103.735435 142.465393
v 244.457550 102.264565 209.284622
v 168.899994 101.999985 209.000000
v 178.300003 101.999985 160.949997
v 178.300003 104.000000 190.800003
v 244.149994 101.999985 142.750000
v 244.149994 104.000000 209.000000
v 168.899994 -102.000000 142.750000
v 168.585876 -103.603348 209.396469
v 168.585876 -103.603355 142.353561
v 178.007278 -102.304054 161.243500
v 177.909454 -103.650414 190.545746
v 168.451050 -103.000015 194.708298
v 168.451050 -103.000015 157.041718
v 244.478439 -103.649536 142.446060
v 244.478439 -102.350502 209.303970
v 168.899994 -102.000000 209.000000
v 178.300003 -102.000000 190.800003
v 178.300003 -104.000008 160.949997
v 244.149994 -102.000000 142.750000
v 244.149994 -104.000008 209.000000
v 160.631943 38.921886 277.800049
v 160.297989 -39.336208 280.451874
v 160.297989 39.336220 280.451874
v 171.272186 17.274828 280.497345
v 171.387375 -17.241331 280.589478
v 160.187546 -22.251923 280.265533
v 160.187546 22.251940 280.265533
v 242.785248 39.248611 280.468536
v 242.911789 -39.318031 280.238495
v 219.088196 -38.921864 277.800049
v 160.631943 -22.471865 277.800049
v 160.631943 -38.921864 277.800049
v 160.631943 22.471882 277.800049
v 171.676956 17.536882 277.800049
v 171.676956 -17.536865 277.800049
v 219.088196 38.921886 277.800049
v 160.631943 38.921867 73.800003
v 160.297546 -39.334183 71.149712
v 160.297531 39.334129 71.149742
v 171.371597 17.238161 71.062813
v 171.282349 -17.281548 71.045204
v 160.187546 -22.251945 71.334473
v 160.187546 22.251928 71.334465
v 240.866104 39.284821 71.242485
v 240.831375 -39.275272 71.211990
v 217.088623 -38.921890 73.804916
v 160.631943 -22.471880 73.800003
v 160.631943 -38.921894 73.800003
v 160.631943 22.471867 73.800003
v 171.676956 17.536869 73.800003
v 171.676956 -17.536880 73.800003
v 217.088562 38.921864 73.804153
v 233.500000 -104.100006 165.515167
v 233.500000 -104.100006 186.234833
v 233.500000 -101.900002 165.515167
v 233.500000 -101.900002 186.234833
v 233.500000 101.899986 165.515167
v 233.500000 101.899986 186.234833
v 233.500000 104.099998 186.234833
v 233.500000 104.099998 165.515152
v 236.500000 -101.900002 163.453125
v 236.500000 -101.900002 188.296875
v 236.500000 -104.100006 163.453125
v 236.500000 -104.100006 188.296875
v 236.500000 101.899986 163.453125
v 236.500000 101.899986 188.296875
v 236.500000 104.099998 188.296875
v 236.500000 104.099998 163.453125
v 220.791840 -101.900002 202.564697
v 220.788681 -101.900002 198.339264
v 220.775772 -101.900002 149.170685
v 220.789993 -101.900002 153.411957
v 220.791855 104.100105 202.564697
v 220.788696 104.100075 198.339264
v 220.775772 104.099861 149.170670
v 220.789993 104.099884 153.411957
v 220.775772 101.899857 149.170685
v 220.789993 101.899879 153.411957
v 220.791855 101.900093 202.564697
v 220.788696 101.900070 198.339264
v 220.775772 -104.100006 149.170685
v 220.789993 -104.100006 153.411957
v 220.791840 -104.100006 202.564697
v 220.788681 -104.100006 198.339264
v 233.500000 -11.358195 280.900024
v 233.500000 9.361494 280.900024
v 233.507568 -11.358176 72.505005
v 233.507538 9.361506 72.504799
v 236.500000 -13.420224 280.900024
v 236.500000 11.423529 280.900024
v 236.506592 -13.420211 72.249298
v 236.506577 11.423540 72.249054
v 220.787384 -27.702660 73.589783
v 220.801605 -23.461374 73.588531
v 220.803436 25.691353 73.587883
v 220.800293 21.465916 73.588196
v 220.775772 -27.702677 280.900024
v 220.789993 -23.461390 280.900024
v 220.791840 25.691330 280.900024
v 220.788681 21.465897 280.900024
v -69.370995 -107.105415 45.570610
v -68.766586 -108.459549 46.108677
v -69.501831 -108.293434 277.067810
v -68.822533 -107.941711 278.374298
v -68.218658 -97.601585 45.682621
v -69.459549 -98.233429 46.108677
v -68.891327 -98.233421 278.459564
v -69.293434 -97.498169 277.067780
v 116.218666 -108.398415 45.682621
v 117.459549 -107.766579 46.108673
v 116.891327 -107.766586 278.459564
v 117.293434 -108.501831 277.067810
v 115.830223 -98.181450 45.296345
v 115.599998 -97.000000 47.400002
v 117.383934 -98.144135 46.144131
v 116.929512 -98.337967 278.413910
v 117.693230 -98.081253 276.771576
v 115.845253 -97.410667 277.939423
v 80.301788 -112.736877 112.263130
v 80.254639 -112.707954 247.707962
v 80.254639 -109.292053 112.292053
v 80.301781 -109.263130 247.736877
v 113.745369 -112.707954 112.292053
v 113.698219 -112.736877 247.736877
v 113.698219 -109.263130 112.263130
v 113.745369 -109.292046 247.707962
v -68.891327 98.233429 45.540447
v -69.293442 97.498169 46.932240
v -67.786446 97.977707 278.576965
v -69.486801 98.462921 277.966400
v -69.022293 97.423035 276.786438
v -69.429398 107.105408 45.629005
v -68.941711 108.374290 46.177483
v -68.891327 107.766586 278.459564
v -69.293442 108.501831 277.067780
v 116.218658 97.601585 45.682621
v 117.459549 98.233421 46.108673
v 116.891327 98.233414 278.459564
v 117.293434 97.498169 277.067780
v 117.370995 107.105415 45.570606
v 116.766579 108.459557 46.108677
v 117.486801 107.537094 277.966400
v 117.022293 108.576965 276.786438
v 115.786453 108.022293 278.576965
v 80.301788 109.263130 112.263130
v 80.254639 109.292046 247.707962
v 80.254639 112.707954 112.292053
v 80.301781 112.736877 247.736877
v 113.745369 109.292053 112.292053
v 113.698219 109.263130 247.736877
v 113.698219 112.736877 112.263130
v 113.745369 112.707954 247.707962
v 22.799999 -106.199997 268.000000
v 22.803375 -108.627869 269.213745
v 20.730000 -107.765320 269.373749
v 22.078243 -108.298157 281.203613
v 20.000000 -106.199997 279.200012
v 20.905603 -107.758865 280.862640
v 20.000000 106.199997 270.799988
v 22.078236 108.298149 268.796387
v 20.905605 107.758865 269.137360
v 22.799999 106.199997 282.000000
v 22.799999 109.000000 279.200012
v 20.458288 106.683853 280.694397
v 21.241144 108.094406 280.862640
v 116.665161 -107.665169 268.718750
v 118.000000 -106.199997 270.799988
v 116.804932 -108.526794 270.372467
v 115.199997 -106.199997 282.000000
v 115.199997 -109.000000 279.200012
v 117.541718 -106.683830 280.694397
v 116.758850 -108.094414 280.862640
v 115.199997 106.199997 268.000000
v 115.199997 109.000000 270.799988
v 116.862617 107.758865 268.905609
v 117.506462 107.859344 270.582550
v 118.000000 106.199997 279.200012
v 115.921761 108.298157 281.203613
v 117.094398 107.758865 280.862640
v -69.076096 -106.972145 43.450375
v -69.411194 -107.584862 44.610195
v -69.572334 -106.780884 52.138664
v -69.126907 -107.409393 52.342525
v -69.572334 106.780884 43.861336
v -69.126907 107.409393 43.657475
v -69.076096 106.972137 52.549629
v -69.411194 107.584862 51.389805
v 117.572334 -106.780884 43.861336
v 117.126907 -107.409393 43.657475
v 117.076096 -106.972145 52.549629
v 117.411194 -107.584862 51.389805
v 117.076096 106.972145 43.450375
v 117.411194 107.584862 44.610195
v 117.572334 106.780884 52.138664
v 117.126907 107.409393 52.342525
v -76.076096 -106.972145 42.450375
v -76.411194 -107.584862 43.610195
v -75.515526 -107.498680 265.431152
v -76.549629 -106.972137 265.076080
v -76.572334 106.780884 42.861336
v -76.126907 107.409393 42.657475
v -76.475830 106.421158 265.524475
v -75.972137 107.549629 265.076080
v -67.427666 -106.780884 42.861336
v -67.873093 -107.409393 42.657478
v -67.524178 -106.421158 265.524475
v -68.027870 -107.549629 265.076080
v -67.923904 106.972145 42.450375
v -67.588806 107.584862 43.610199
v -68.484474 107.498680 265.431152
v -67.450371 106.972137 265.076080
v -139.698227 -68.736877 234.263138
v -139.745361 -68.707962 245.707962
v -139.745361 -61.292046 234.292053
v -139.698227 -61.263123 245.736877
v -80.254639 -68.707954 234.292053
v -80.301781 -68.736877 245.736877
v -80.301781 -61.263126 234.263138
v -80.254639 -61.292046 245.707962
v -139.698227 61.263123 234.263138
v -139.745361 61.292046 245.707962
v -139.745361 68.707954 234.292053
v -139.698227 68.736877 245.736877
v -80.254639 61.292046 234.292053
v -80.301781 61.263123 245.736877
v -80.301781 68.736877 234.263138
v -80.254639 68.707954 245.707962
v -141.698227 -74.736877 216.263138
v -141.745361 -74.707954 263.707977
v -141.745361 74.707954 216.292053
v -141.698227 74.736877 263.736877
v -138.254639 -74.707954 216.292053
v -138.301788 -74.736877 263.736877
v -138.301788 74.736877 216.263138
v -138.254639 74.707954 263.707977
v -142.133331 -69.000000 221.000000
v -142.133331 69.000000 259.000000
v -142.266663 -69.000000 259.000000
v -142.266663 69.000000 221.000000
v -143.021347 -68.068344 221.008240
v -142.170380 -68.071960 220.991348
v -143.041901 -69.030594 219.339539
v -142.170380 -69.043488 219.325928
v -143.021347 -70.958702 219.323013
v -142.170380 -70.971527 219.334595
v -143.029633 -71.928047 220.991333
v -142.178680 -71.931656 221.008240
v -143.029633 -70.971527 222.665421
v -142.158127 -70.953293 222.669769
v -143.029633 -69.043480 222.674072
v -142.178680 -69.027046 222.668762
v -143.021347 -68.068344 259.008240
v -142.170380 -68.071960 258.991333
v -143.041901 -69.030594 257.339539
v -142.170380 -69.043488 257.325928
v -143.021347 -70.958702 257.322998
v -142.170380 -70.971527 257.334595
v -143.029633 -71.928047 258.991333
v -142.178680 -71.931656 259.008240
v -143.029633 -70.971527 260.665405
v -142.158127 -70.953293 260.669769
v -143.029633 -69.043480 260.674072
v -142.178680 -69.027046 260.668762
v -143.021347 71.931664 221.008240
v -142.170380 71.928047 220.991333
v -143.041901 70.969414 219.339539
v -142.170380 70.956520 219.325928
v -143.021347 69.041306 219.323013
v -142.170380 69.028481 219.334595
v -143.029648 68.071960 220.991333
v -142.178680 68.068344 221.008240
v -143.029633 69.028473 222.665421
v -142.158127 69.046707 222.669769
v -143.029633 70.956520 222.674072
v -142.178680 70.972954 222.668762
v -143.021347 71.931664 259.008240
v -142.170380 71.928047 258.991333
v -143.041901 70.969414 257.339539
v -142.170380 70.956520 257.325928
v -143.021347 69.041306 257.322998
v -142.170380 69.028481 257.334595
v -143.029633 68.071960 258.991333
v -142.178680 68.068344 259.008240
v -143.029633 69.028473 260.665405
v -142.158127 69.046707 260.669769
v -143.029633 70.956520 260.674072
v -142.178680 70.972954 260.668762
v -81.122772 -85.671097 95.328911
v -81.181709 -85.634941 242.634933
v -81.181709 -10.365059 95.365067
v -81.122772 -10.328906 242.671097
v -76.818298 -85.634941 95.365067
v -76.877235 -85.671097 242.671097
v -76.877235 -10.328906 95.328911
v -76.818298 -10.365060 242.634933
v -82.849113 -72.868439 109.631569
v -82.872688 -72.853981 114.353981
v -82.872681 -23.146023 109.646027
v -82.849113 -23.131561 114.368439
v -81.127319 -72.853981 109.646027
v -81.150894 -72.868439 114.368439
v -81.150894 -23.131563 109.631569
v -81.127319 -23.146025 114.353981
v -82.849113 -72.868439 135.631561
v -82.872681 -72.853981 140.353989
v -82.872681 -23.146025 135.646027
v -82.849113 -23.131563 140.368439
v -81.127319 -72.853981 135.646027
v -81.150894 -72.868439 140.368439
v -81.150894 -23.131563 135.631577
v -81.127319 -23.146025 140.353989
v -82.849113 -72.868439 161.631561
v -82.872681 -72.853981 166.353989
v -82.872681 -23.146025 161.646027
v -82.849113 -23.131563 166.368439
v -81.127319 -72.853981 161.646027
v -81.150894 -72.868439 166.368439
v -81.150894 -23.131563 161.631577
v -81.127319 -23.146025 166.353989
v -82.849113 -72.868439 187.631577
v -82.872688 -72.853981 192.353973
v -82.872681 -23.146025 187.646042
v -82.849113 -23.131563 192.368439
v -81.127319 -72.853981 187.646042
v -81.150894 -72.868439 192.368439
v -81.150894 -23.131563 187.631577
v -81.127319 -23.146023 192.353973
v -82.849113 -72.868439 213.631577
v -82.872688 -72.853981 218.353973
v -82.872681 -23.146025 213.646042
v -82.849113 -23.131563 218.368439
v -81.127319 -72.853981 213.646042
v -81.150894 -72.868439 218.368439
v -81.150894 -23.131563 213.631577
v -81.127319 -23.146023 218.353973
v -81.122772 10.328906 95.328911
v -81.181709 10.365060 242.634933
v -81.181709 85.634941 95.365067
v -81.122772 85.671097 242.671097
v -76.818298 10.365060 95.365067
v -76.877235 10.328906 242.671097
v -76.877235 85.671097 95.328911
v -76.818298 85.634941 242.634933
v -82.849113 23.131563 109.631569
v -82.872681 23.146023 114.353981
v -82.872688 72.853981 109.646027
v -82.849113 72.868439 114.368439
v -81.127319 23.146025 109.646027
v -81.150894 23.131561 114.368439
v -81.150894 72.868439 109.631569
v -81.127319 72.853981 114.353981
v -82.849106 23.131563 135.631577
v -82.872681 23.146025 140.353989
v -82.872681 72.853981 135.646027
v -82.849113 72.868439 140.368439
v -81.127327 23.146027 135.646027
v -81.150894 23.131563 140.368439
v -81.150894 72.868439 135.631577
v -81.127319 72.853981 140.353989
v -82.849106 23.131563 161.631577
v -82.872681 23.146025 166.353989
v -82.872681 72.853981 161.646027
v -82.849113 72.868439 166.368439
v -81.127327 23.146027 161.646027
v -81.150894 23.131563 166.368439
v -81.150894 72.868439 161.631577
v -81.127319 72.853981 166.353989
v -82.849113 23.131563 187.631577
v -82.872688 23.146023 192.353973
v -82.872688 72.853981 187.646042
v -82.849113 72.868439 192.368439
v -81.127319 23.146025 187.646042
v -81.150894 23.131563 192.368439
v -81.150894 72.868439 187.631577
v -81.127319 72.853981 192.353973
v -82.849113 23.131563 213.631577
v -82.872688 23.146023 218.353973
v -82.872688 72.853981 213.646042
v -82.849113 72.868439 218.368439
v -81.127319 23.146025 213.646042
v -81.150894 23.131563 218.368439
v -81.150894 72.868439 213.631577
v -81.127319 72.853981 218.353973
v -37.798912 -49.663780 73.085487
v -38.234543 -50.460320 74.593254
v -38.460316 -50.234547 83.406746
v -37.724373 -49.853504 84.822151
v -37.070202 50.348286 73.239517
v -38.414513 49.663776 73.701088
v -37.798912 49.663780 84.914520
v -38.234543 50.460320 83.406746
v 137.787628 -48.849300 72.925552
v 139.000000 -48.400002 75.099998
v 137.853485 -50.322155 73.775620
v 137.798904 -49.663780 84.914520
v 138.234543 -50.460316 83.406754
v 137.798904 49.663780 73.085487
v 138.234543 50.460316 74.593254
v 138.460312 50.234543 83.406746
v 137.724365 49.853504 84.822151
v -35.622772 -43.671093 84.828911
v -35.681702 -43.634941 89.134941
v -35.681705 43.634941 84.865067
v -35.622772 43.671093 89.171097
v 139.681702 -43.634941 84.865067
v 139.622772 -43.671093 89.171097
v 139.622772 43.671093 84.828911
v 139.681702 43.634941 89.134941
v -20.084606 41.816296 101.348526
v -15.949041 41.808891 100.293671
v -18.414169 -41.808891 101.314751
v -13.731318 -41.883282 98.022469
v -12.715637 41.868675 95.587837
v -12.693352 -41.824841 92.413635
v -13.706338 41.808891 89.949036
v -14.888346 -41.862366 88.750977
v -18.412468 41.859909 86.711182
v -18.646126 -41.767464 86.617508
v -22.852875 -41.927681 87.279984
v -24.044861 41.824841 87.711700
v -26.710436 41.899986 91.104233
v -26.328102 -41.750420 89.957268
v -27.364824 41.808891 95.334122
v -27.326105 -41.862366 94.097137
v -26.143385 -41.824841 98.261749
v -24.259533 41.838333 100.136887
v -22.733995 -41.816296 100.821526
v 21.330542 41.824841 101.357544
v 21.585833 -41.808891 101.314751
v 26.163788 41.764435 98.283569
v 25.243301 -41.899986 99.091484
v 27.351376 -41.838329 95.327484
v 27.303715 41.910240 94.239807
v 26.293659 41.808895 89.949036
v 26.136875 -41.838333 89.740463
v 21.588087 41.876408 86.719566
v 21.330532 -41.824841 86.642464
v 15.955145 41.824841 87.711700
v 15.737123 -41.767464 87.822456
v 13.225115 -41.941597 91.288498
v 12.700211 41.838329 92.413185
v 13.716221 41.838329 98.039680
v 12.666155 -41.764435 95.598717
v 15.960304 -41.838333 100.283768
v 17.106672 41.862362 100.731270
v 58.412788 41.849892 101.293915
v 64.050964 41.808891 100.293671
v 61.585831 -41.808891 101.314758
v 65.243309 -41.899986 99.091484
v 67.288818 41.859909 95.587540
v 67.351379 -41.838329 95.327492
v 66.293663 41.808895 89.949036
v 66.136887 -41.838333 89.740471
v 61.460083 41.863277 86.659668
v 61.452286 -41.840973 86.698929
v 55.864265 41.840973 87.810455
v 55.837387 -41.845291 87.770195
v 53.180653 41.696392 91.124550
v 52.648628 -41.838333 92.672516
v 52.699989 41.945965 93.802650
v 53.697571 41.767464 98.075966
v 53.856617 -41.824841 98.261749
v 57.266006 -41.816292 100.821526
v 98.411903 41.876408 101.280434
v 104.050964 41.808891 100.293671
v 101.585838 -41.808891 101.314751
v 105.243317 -41.899986 99.091476
v 107.288818 41.859909 95.587555
v 107.351372 -41.838329 95.327499
v 106.293663 41.808895 89.949028
v 106.136879 -41.838333 89.740471
v 101.587540 41.859909 86.711182
v 102.750145 -41.779369 87.165710
v 98.547722 -41.840973 86.698929
v 97.187401 41.852558 87.209801
v 93.810455 41.840973 89.864265
v 94.811836 -41.881470 88.811852
v 92.648628 -41.838329 92.672508
v 92.651482 41.816292 93.915398
v 93.706337 41.808895 98.050964
v 93.856621 -41.824841 98.261749
v 97.266006 -41.816296 100.821526
v -31.999994 0.000000 42.000000
v -24.922512 -7.081196 45.061928
v -22.040504 6.472353 52.020512
v -24.896908 6.784013 59.171448
v -31.999994 0.000000 62.000000
v -39.071060 0.000000 59.071068
v -41.999992 0.000000 52.000000
v -39.077480 -7.081196 45.061932
v -31.999994 14.586445 43.276154
v -24.928926 14.077841 46.160583
v -31.999996 11.113482 62.972305
v -39.017841 17.160288 61.178371
v -41.980469 19.860588 54.491940
v -39.071060 14.077841 46.160583
v -31.999994 28.729685 47.065819
v -24.928926 27.727932 49.818115
v -21.959488 31.384523 58.695705
v -24.982761 29.134716 65.513573
v -31.999996 21.889284 65.859673
v -39.071060 27.727932 49.818115
v -31.999994 42.000011 53.253876
v -24.864456 46.387611 59.326080
v -31.999998 36.790726 73.457397
v -39.071064 33.464474 68.037849
v -42.000000 42.604282 65.154755
v -39.135536 46.787487 59.606075
v -31.999994 53.994167 61.652275
v -21.999996 47.566288 69.312714
v -24.982151 47.557045 78.727943
v -38.978615 47.402943 78.597092
v -31.999996 64.347740 72.005844
v -24.928928 62.104046 73.888519
v -21.999996 60.752377 83.460709
v -31.999996 49.026848 84.861595
v -42.019524 60.402885 82.879951
v -39.071064 62.104046 73.888519
v -31.999996 72.746140 84.000000
v -24.928928 70.209610 85.464470
v -24.896446 61.011166 97.673279
v -31.999994 58.132999 98.892120
v -39.103554 61.011169 97.673279
v -39.071064 70.209610 85.464470
v -31.999998 78.934181 97.270309
v -24.928930 76.181885 98.272064
v -22.000000 71.416260 105.668816
v -42.000000 71.825958 106.754280
v -39.077484 78.478813 104.971680
v -31.999998 82.723846 111.413551
v -24.922516 80.938080 118.918846
v -24.934227 66.819145 120.154091
v -32.000000 63.027695 114.886513
v -39.065773 66.819145 120.154091
v -32.000000 84.000000 125.999992
v -22.000000 74.000000 125.999992
v -32.000000 64.000000 125.999992
v -42.019527 73.870461 133.141602
v -39.071068 81.071068 125.999992
v -32.000000 82.723854 140.586441
v -24.928932 79.839417 140.077835
v -22.000002 71.637871 145.195282
v -24.928932 65.912132 137.622086
v -32.098442 61.844818 143.176712
v -39.071068 65.912132 137.622086
v -39.032284 78.292740 148.149353
v -32.000000 78.934181 154.729675
v -24.928934 76.181892 153.727921
v -24.896919 61.267239 153.539139
v -39.065773 60.790051 154.346817
v -42.000000 69.537254 151.309479
v -32.000004 72.746140 167.999985
v -24.864464 66.393944 172.787460
v -22.000004 61.480087 167.639389
v -32.000000 55.425632 157.999985
v -41.959496 60.831951 168.594955
v -39.071072 70.209610 166.535522
v -32.000004 64.347740 179.994141
v -24.928936 51.270546 169.021072
v -32.098446 44.970879 171.797821
v -39.103561 47.643456 173.485443
v -39.071072 62.104050 178.111465
v -32.000008 53.994175 190.347717
v -24.928936 52.111496 188.104034
v -22.000004 43.530853 186.155670
v -24.982164 38.295708 181.043228
v -42.000004 47.566299 182.687271
v -39.135544 46.387699 192.673874
v -32.000008 42.000019 198.746124
v -24.928938 40.535553 196.209595
v -32.000004 32.000015 181.425613
v -38.978619 28.331440 186.756927
v -42.000008 31.343510 193.216278
v -32.000008 28.729717 204.934174
v -24.928938 27.727962 202.181885
v -21.980219 19.696665 197.655762
v -24.955877 18.096008 190.666183
v -32.000004 21.889309 186.140320
v -39.071075 27.727962 202.181885
v -32.000008 14.586475 208.723846
v -24.922520 7.081109 206.938080
v -32.000000 5.590446 189.898590
v -39.152794 5.864511 193.030869
v -42.000008 12.849991 198.875763
v -39.071075 14.077871 205.839417
v -32.000008 0.000007 210.000000
v -22.000006 0.000006 200.000000
v -24.928938 0.000006 192.928925
v -42.019539 -5.794343 199.988327
v -39.135551 -7.322101 206.892578
v -32.000008 -14.586437 208.723846
v -24.928938 -14.077833 205.839417
v -21.980476 -19.860548 197.508087
v -25.021393 -17.350597 190.753632
v -32.000004 -11.113476 189.027695
v -39.044132 -18.095892 190.666229
v -32.000008 -28.729681 204.934174
v -24.928938 -27.727926 202.181885
v -32.000004 -21.889280 186.140335
v -42.000008 -25.309481 195.537262
v -39.071075 -27.727926 202.181885
v -32.000008 -41.999985 198.746140
v -24.928938 -40.535519 196.209610
v -22.000004 -42.604355 186.845200
v -24.955879 -37.905338 181.428940
v -32.000004 -31.999989 181.425629
v -38.978622 -38.451385 180.914185
v -42.019535 -43.120079 186.402863
v -39.071075 -40.535519 196.209610
v -32.000008 -53.994148 190.347748
v -24.922516 -57.450462 183.450485
v -32.000004 -41.138397 175.026855
v -39.032288 -56.728806 184.328293
v -32.000004 -64.347740 179.994141
v -22.040510 -60.831940 168.594986
v -24.928936 -51.270546 169.021072
v -32.000008 -52.542603 162.790726
v -39.071072 -51.270546 169.021072
v -42.000004 -56.687298 173.566269
v -32.000004 -72.746140 167.999985
v -24.928936 -70.209610 166.535522
v -24.934233 -60.790043 154.346832
v -39.017845 -60.686695 154.520950
v -41.980473 -67.544502 156.750397
v -39.071072 -70.209610 166.535522
v -32.000000 -78.934181 154.729675
v -24.928934 -76.181892 153.727921
v -21.959496 -71.731674 145.220398
v -32.000000 -60.140331 147.889282
v -39.032288 -78.292725 148.149353
v -32.000000 -82.723854 140.586441
v -24.967718 -81.146629 131.964081
v -24.928932 -65.912132 137.622086
v -32.098442 -63.989902 131.011353
v -39.071068 -65.912132 137.622086
v -42.019527 -73.870461 133.141617
v -32.000000 -84.000000 125.999992
v -22.019787 -73.987442 119.045525
v -24.934227 -66.819145 120.154076
v -39.017841 -66.816696 120.356560
v -39.071068 -81.071068 125.999992
v -31.999998 -82.723846 111.413551
v -24.864460 -78.518494 105.213722
v -32.000000 -63.027695 114.886513
v -42.000000 -72.875771 113.150032
v -39.135536 -78.392151 104.742210
v -31.999998 -78.934181 97.270309
v -22.019527 -66.972954 94.023911
v -24.896446 -61.011169 97.673279
v -31.999998 -58.132999 98.892120
v -39.103554 -61.011173 97.673294
v -41.980469 -66.972961 94.023918
v -31.999996 -72.746140 84.000000
v -24.928928 -70.209610 85.464470
v -39.071064 -70.209610 85.464470
v -31.999996 -64.347740 72.005844
v -24.928928 -62.104046 73.888519
v -21.959488 -52.511250 73.488808
v -25.021379 -47.402939 78.597084
v -31.999996 -49.026848 84.861595
v -39.017841 -47.557034 78.727936
v -42.019783 -52.207443 73.114380
v -39.071064 -62.104046 73.888519
v -31.999994 -53.994167 61.652275
v -24.928928 -52.111485 63.895966
v -31.999996 -41.138412 76.973160
v -39.135536 -46.787483 59.606071
v -31.999994 -42.000011 53.253876
v -24.928926 -40.535545 55.790405
v -21.999996 -37.000008 61.914124
v -24.896908 -29.231592 65.521965
v -32.098438 -26.594955 67.583145
v -39.071064 -33.464474 68.037849
v -41.999996 -37.000008 61.914124
v -31.999994 -28.729706 47.065826
v -24.928926 -27.727951 49.818123
v -21.980465 -18.554268 54.141911
v -39.044125 -16.661524 60.949444
v -41.980469 -18.554272 54.141911
v -39.071060 -27.727951 49.818123
v -31.999994 -14.586463 43.276154
v -24.928928 -11.622100 60.087868
v -31.999996 -11.113496 62.972305
v -24.999994 0.000000 55.000000
v -20.757355 0.000000 56.757362
v -18.982841 -5.089655 61.010258
v -20.757355 0.000000 65.242645
v -25.090746 -4.619841 67.009308
v -29.237911 6.256842 65.359482
v -30.999996 4.673610 60.944656
v -29.209028 6.180405 56.683239
v -24.999994 12.329019 56.078651
v -20.701660 18.817520 59.139194
v -19.035578 16.882811 62.992458
v -20.728289 14.962033 66.886078
v -24.999996 15.327756 68.796036
v -24.999996 24.283424 59.281822
v -29.194321 25.891060 70.909302
v -30.999996 22.231304 64.919983
v -29.209509 30.242102 63.431263
v -24.999996 35.500008 64.512207
v -20.751877 39.802265 69.156502
v -18.982616 37.784744 72.772240
v -20.727867 34.941544 75.921440
v -24.999996 29.500008 74.904510
v -31.017378 37.784740 72.772232
v -24.999996 45.637928 71.610847
v -24.999996 41.812309 84.187706
v -29.242638 39.054081 79.457169
v -29.298334 49.726826 77.505562
v -24.999996 54.389160 80.362083
v -20.701664 56.392662 85.449600
v -18.999998 53.363594 88.634445
v -20.841286 49.850525 91.094299
v -29.158710 49.850525 91.094299
v -31.017153 53.737965 89.097397
v -24.999996 61.487808 90.500000
v -24.999998 51.095501 96.500000
v -29.248022 63.415905 97.620621
v -24.999998 66.718178 101.716568
v -20.757359 65.066795 102.317627
v -19.000000 63.090374 109.094994
v -20.757359 57.093243 105.219757
v -25.000000 57.116669 110.695618
v -29.242640 57.093243 105.219757
v -30.982620 63.158943 109.512726
v -25.000000 69.921349 113.670975
v -20.661709 69.091415 119.955292
v -20.805676 60.623585 120.512505
v -29.158714 60.624664 120.696022
v -29.209518 69.307167 120.906067
v -25.000000 71.000000 125.999992
v -19.000000 64.491142 137.371521
v -25.000000 59.000000 125.999992
v -31.000002 64.897011 131.677765
v -25.000000 69.921356 138.329010
v -20.757360 68.190689 138.023849
v -20.757360 59.834320 136.550400
v -25.000000 58.103661 136.245239
v -29.242641 59.834320 136.550400
v -29.242641 68.190689 138.023849
v -25.000002 66.718178 150.283417
v -20.751883 62.891537 155.326767
v -20.781816 55.528606 151.149658
v -25.000006 53.260120 151.851242
v -29.271708 55.617733 150.999741
v -30.982622 59.336441 153.204208
v -29.248026 62.502861 156.337433
v -25.000004 61.487812 161.499985
v -19.017384 53.710991 163.094635
v -25.000004 54.389164 171.637909
v -20.790970 49.290478 175.126984
v -20.757362 46.542843 165.054077
v -25.000004 41.812374 167.812241
v -29.242643 46.542843 165.054077
v -31.017157 46.513493 171.673492
v -29.297710 48.906269 175.201035
v -25.000004 45.637936 180.389145
v -19.000004 37.422718 179.445129
v -20.805687 35.064121 175.757797
v -29.237835 34.924747 175.877655
v -25.000004 35.500015 187.487793
v -20.702301 29.506973 188.784592
v -25.000004 29.500013 177.095490
v -31.000004 32.500015 182.291641
v -29.158102 29.419771 189.090775
v -25.000004 24.283453 192.718170
v -18.982849 17.445118 188.811142
v -20.757364 20.780260 183.093231
v -25.090752 14.793345 183.292267
v -29.242645 20.780260 183.093231
v -31.000006 16.860764 188.925140
v -25.000006 12.329045 195.921341
v -20.751980 7.130604 195.109482
v -20.762173 5.306943 186.657684
v -29.271715 4.469817 186.813980
v -29.338295 6.044612 195.091431
v -25.000006 0.000006 197.000000
v -19.000004 0.000006 191.000000
v -25.000004 0.000005 185.000000
v -31.017385 -5.269395 191.062408
v -25.000006 -12.329012 195.921356
v -20.757364 -12.023849 194.190689
v -19.000006 -17.858414 188.730530
v -20.762089 -14.860709 185.123428
v -25.000011 -15.327664 183.203995
v -29.242645 -10.550398 185.834320
v -29.242645 -12.023849 194.190689
v -25.000004 -24.283421 192.718170
v -20.661720 -29.310766 188.857315
v -29.237839 -25.733028 181.184509
v -30.964422 -27.567474 185.118652
v -29.338293 -29.310740 188.857330
v -25.000004 -35.499989 187.487808
v -19.000008 -37.365601 179.363586
v -20.806236 -34.328419 176.359283
v -25.000004 -29.499989 177.095505
v -25.000004 -45.637909 180.389160
v -20.757362 -44.508301 179.042953
v -25.000004 -37.924461 171.196625
v -29.242643 -39.054070 172.542847
v -31.000004 -41.781185 175.792908
v -29.209520 -48.451950 175.818085
v -25.000004 -54.389164 171.637909
v -20.790489 -56.366684 166.647629
v -19.000004 -49.792896 167.781189
v -20.757362 -46.542843 165.054077
v -25.000004 -48.437691 159.916504
v -29.237713 -50.008545 161.016403
v -31.017159 -53.737930 162.902664
v -25.000004 -61.487812 161.499985
v -19.000004 -59.533562 152.641983
v -20.781815 -55.528610 151.149658
v -29.248026 -62.502861 156.337433
v -25.000002 -66.718178 150.283417
v -20.790972 -67.190468 144.123291
v -25.000002 -55.441868 146.179184
v -29.237833 -58.814644 141.759308
v -31.000002 -61.080025 148.231293
v -25.000000 -69.921356 138.329010
v -19.000000 -64.897011 131.677734
v -20.757360 -59.834320 136.550400
v -25.000000 -58.103661 136.245239
v -30.982847 -64.989746 131.089630
v -29.298336 -69.112686 132.921356
v -25.000000 -71.000000 125.999992
v -20.661711 -69.091415 119.955307
v -20.805676 -60.623585 120.512505
v -25.000000 -59.000000 125.999992
v -29.237917 -60.805740 121.631683
v -25.000000 -69.921349 113.670975
v -19.000000 -63.090374 109.094994
v -25.000000 -58.103657 115.754753
v -31.017380 -62.940887 108.698944
v -29.209515 -67.369682 108.948372
v -24.999998 -66.718178 101.716568
v -20.757359 -65.066795 102.317627
v -20.683174 -55.359394 100.185493
v -24.909250 -53.397354 100.505547
v -29.242640 -57.093243 105.219757
v -24.999996 -61.487808 90.500000
v -20.701662 -56.392651 85.449585
v -18.970249 -49.689049 83.228973
v -29.158709 -49.850525 91.094299
v -30.999998 -53.363594 88.634438
v -29.248260 -56.992683 86.093300
v -24.999996 -54.389160 80.362083
v -20.841284 -43.031887 82.968163
v -24.999996 -45.196625 88.075531
v -24.999996 -45.637928 71.610847
v -20.751877 -39.802273 69.156509
v -24.999996 -33.916454 77.562294
v -29.242638 -39.054081 79.457169
v -30.999996 -41.781200 76.207115
v -29.297701 -39.619602 69.053955
v -24.999996 -35.500008 64.512207
v -19.017376 -27.204237 66.663574
v -20.757355 -30.378687 73.382584
v -29.158709 -25.718977 70.845520
v -30.999996 -22.397524 64.463272
v -24.999996 -24.283442 59.281830
v -20.701660 -18.817493 59.139187
v -20.805672 -15.577935 67.155624
v -24.999996 -20.179197 70.558136
v -29.270506 -18.721548 59.098324
v -24.999994 -12.329035 56.078651
v -29.242636 -10.550416 66.165680
v -17.999996 0.000000 66.400002
v -16.080240 5.136438 67.290024
v -15.373909 -9.270233 69.259552
v -16.135128 4.058046 70.787071
v -18.083672 -5.250087 71.695236
v -19.794106 5.513861 70.942017
v -20.599995 9.971955 69.446236
v -19.885267 -5.314187 67.291077
v -17.999996 10.349429 67.305466
v -15.415037 14.291815 70.649857
v -17.999996 9.446460 72.426453
v -19.838474 10.217193 68.055412
v -16.841105 20.554173 70.239632
v -16.161518 18.866346 74.165131
v -17.916319 22.605724 76.345680
v -19.864864 24.092115 76.155190
v -19.809916 25.080582 72.446960
v -17.999996 29.800007 74.384888
v -16.156862 33.821682 77.697594
v -15.384755 32.529083 78.899559
v -16.165806 32.447262 81.160896
v -20.599998 32.073566 78.643707
v -17.999996 38.310146 80.343758
v -17.999998 37.993755 86.805923
v -19.838474 35.457146 83.743828
v -19.843130 41.695515 84.304512
v -17.908319 49.273567 92.163139
v -16.161520 45.072891 88.179352
v -15.399998 46.867275 93.183174
v -16.165810 45.826336 94.962639
v -19.794609 45.365582 94.437447
v -20.627731 49.626522 96.712303
v -16.080244 53.412567 101.093323
v -17.999998 47.111786 98.800003
v -19.843052 53.111385 100.220955
v -17.999998 56.005680 105.615601
v -15.415042 55.080544 110.701996
v -16.205387 53.424728 111.856834
v -18.173565 52.732471 111.870392
v -19.865250 53.574333 111.740135
v -16.841108 58.566982 115.920242
v -20.568798 56.984203 121.014519
v -19.838478 57.944588 115.782806
v -18.000000 59.599998 125.999992
v -16.114733 58.708931 131.314209
v -15.400002 57.048534 130.098389
v -17.091370 54.471188 126.547394
v -19.794613 55.040073 130.982086
v -19.843136 58.741955 131.139282
v -18.000000 58.694542 136.349426
v -16.165813 53.678070 139.492050
v -17.915222 52.676682 140.479660
v -20.600000 55.264851 140.808167
v -18.000006 54.136375 151.244171
v -16.233364 53.610992 150.999222
v -15.372268 50.177158 154.333984
v -19.864866 50.495258 148.697220
v -19.838478 55.290089 146.123932
v -16.161524 47.771286 153.580750
v -18.000002 44.661221 157.272110
v -20.626089 44.503563 162.398468
v -19.809925 48.384289 159.998886
v -18.000004 45.656254 164.310135
v -16.080246 41.672798 167.672791
v -16.205389 39.195606 164.960693
v -19.834003 39.192463 165.192398
v -18.000004 38.310154 171.656235
v -15.427738 28.333975 176.177155
v -18.000008 32.001114 170.222504
v -19.885273 33.666447 174.389572
v -18.000004 29.800013 177.615112
v -16.189676 25.698099 179.167358
v -16.161526 27.580774 173.771271
v -19.794617 23.205448 176.157135
v -20.615246 24.525604 177.721252
v -18.000004 15.460070 183.697510
v -16.165894 14.307897 179.397720
v -18.000004 18.605913 177.119278
v -19.766642 15.309984 183.137589
v -16.161526 10.217215 183.944580
v -15.373919 -0.723481 183.488190
v -18.083691 4.259746 180.391403
v -19.865257 4.740101 181.236633
v -20.600004 9.897965 182.134033
v -18.000004 0.000005 185.600006
v -16.156868 -5.139285 184.741959
v -16.205893 -4.130661 181.179016
v -20.600006 -11.240346 182.440521
v -19.862167 -5.795092 184.748077
v -18.000000 -16.374813 183.519043
v -17.916317 -13.639845 178.825424
v -19.864872 -15.070507 179.271149
v -16.114199 -24.270636 179.800659
v -15.431204 -24.174551 177.842514
v -16.161526 -18.866344 177.834869
v -19.885273 -24.752272 179.500519
v -18.000004 -29.799988 177.615112
v -16.165894 -31.708120 171.283875
v -18.000004 -31.354237 170.778473
v -19.794615 -31.562595 171.365570
v -20.600004 -33.530594 172.336075
v -19.158909 -38.012791 171.680634
v -16.161526 -37.820637 171.072906
v -15.373919 -43.573452 163.506943
v -18.000004 -45.656254 164.310135
v -16.156950 -48.881042 159.106216
v -16.166004 -45.402710 157.791306
v -18.000000 -44.661224 157.272110
v -19.834003 -45.402714 157.791321
v -20.573917 -50.147984 154.117538
v -19.885807 -47.919331 160.457397
v -18.000000 -54.136379 151.244171
v -16.189671 -57.246960 140.489471
v -15.400002 -53.562481 145.495148
v -16.165813 -53.678066 139.492050
v -18.000000 -51.119282 144.605896
v -19.834112 -53.397732 140.307861
v -19.838478 -55.290089 146.123932
v -18.000000 -58.694542 136.349426
v -15.400001 -57.048534 130.098389
v -17.915222 -54.390770 131.112473
v -20.615242 -57.054722 130.620819
v -19.843136 -58.741955 131.139282
v -17.908327 -59.590595 121.333199
v -16.137840 -58.748081 120.204948
v -16.165888 -55.071030 121.181892
v -19.834188 -55.205444 122.034012
v -15.400000 -55.009819 110.339493
v -18.000000 -53.573544 116.553535
v -20.584957 -55.080544 110.701988
v -19.838478 -57.944588 115.782806
v -17.999998 -56.005680 105.615601
v -16.114197 -53.174770 100.387154
v -16.165812 -50.519691 103.391792
v -18.083672 -49.234161 102.493233
v -19.865248 -50.284203 102.653656
v -19.843052 -53.111382 100.220955
v -17.908321 -49.273571 92.163139
v -15.399998 -46.795753 93.233253
v -20.615040 -47.124046 93.639229
v -16.156864 -41.695526 84.304527
v -16.161520 -42.256180 90.542862
v -17.915215 -38.379490 87.121880
v -19.794609 -39.195572 87.039284
v -19.838474 -45.072891 88.179352
v -17.999996 -38.310146 80.343758
v -15.399998 -32.852753 79.081360
v -16.165882 -31.708120 80.716148
v -20.599998 -32.852753 79.081352
v -19.843132 -33.821686 77.697594
v -17.025900 -30.011156 74.520508
v -17.916321 -22.605709 76.345673
v -19.834187 -24.168068 76.207687
v -19.158890 -20.554182 70.239639
v -16.190075 -15.400152 68.905350
v -16.205887 -14.990790 72.735939
v -20.599997 -13.942513 70.529846
v -17.999996 -10.349442 67.305466
v -19.838474 -9.578709 71.676506
v -41.247841 55.849785 126.190765
v -32.709957 55.829563 125.783554
v -41.342697 54.999695 116.554428
v -32.752159 54.968166 116.113914
v -41.247841 52.546871 107.077507
v -32.604759 52.319332 106.658836
v -41.320148 48.454716 98.295746
v -32.752159 48.271935 97.909882
v -41.290047 42.907059 90.279259
v -32.679855 42.605976 89.942879
v -41.290047 36.052368 83.371208
v -32.752159 35.753410 83.093964
v -41.247845 28.090105 77.728058
v -32.625763 27.662786 77.551270
v -41.403320 19.344442 73.685974
v -32.752163 18.922476 73.453117
v -41.290047 9.907870 71.056206
v -32.657307 9.445604 71.000313
v -41.290047 0.216455 70.170441
v -32.752163 -0.190774 70.150223
v -41.247845 -9.510320 70.965576
v -32.679859 -9.923404 71.073586
v -41.395245 -18.814051 73.488815
v -32.709961 -19.298239 73.611404
v -41.247845 -27.759674 77.537285
v -32.709961 -28.102243 77.758415
v -41.290047 -35.720745 83.092949
v -32.752159 -36.045692 83.339218
v -41.290047 -42.628796 89.947639
v -32.578529 -42.910225 90.380997
v -41.342697 -48.203732 97.882637
v -32.752159 -48.462719 98.240326
v -41.247841 -52.416374 106.718964
v -32.709957 -52.536655 107.108559
v -41.342697 -54.913391 116.064980
v -32.709953 -55.018970 116.518478
v -41.247841 -55.849785 125.809235
v -32.679855 -55.815140 126.234772
v -41.360226 -54.993275 135.433655
v -32.709957 -54.943794 135.907883
v -41.247841 -52.546883 144.922470
v -32.709961 -52.388599 145.298248
v -41.290043 -48.458042 153.727341
v -32.752159 -48.271950 154.090103
v -41.290047 -42.907059 161.720749
v -32.625763 -42.564945 162.065704
v -41.410233 -36.071373 168.537674
v -32.709953 -35.720757 168.907043
v -41.247845 -28.090122 174.271942
v -32.709953 -27.727324 174.458054
v -41.290039 -19.298197 178.388626
v -32.752159 -18.922424 178.546906
v -41.290039 -9.907892 180.943802
v -32.614304 -9.416352 180.983948
v -41.320145 -0.234814 181.815140
v -32.752151 0.190817 181.849777
v -41.290043 9.481627 181.018967
v -32.679852 9.923430 180.926422
v -41.290039 18.891373 178.536697
v -32.752155 19.280987 178.416397
v -41.234276 27.936121 174.386795
v -32.604851 27.877350 174.284958
v -41.395142 35.838421 168.710571
v -32.765724 35.914005 168.800629
v -41.290047 42.628777 162.052383
v -32.657303 42.908325 161.679993
v -41.290043 48.241596 154.102234
v -32.752159 48.462715 153.759689
v -41.247841 52.416382 145.281021
v -32.679855 52.529377 144.869278
v -41.374237 54.895176 135.951324
v -32.709957 55.018970 135.481552
v -63.000000 -114.000000 37.000000
v -63.000000 -120.000000 43.000000
v -69.000000 -114.000000 43.000000
v -65.814270 -117.777763 39.029461
v -67.242645 -118.242645 43.000000
v -67.242645 -114.000000 38.757362
v -63.000000 -120.000000 257.000000
v -63.000000 -114.000000 263.000000
v -69.000000 -114.000000 257.000000
v -65.814270 -117.970543 260.777771
v -67.242645 -114.000000 261.242645
v -67.242645 -118.242645 257.000000
v -63.000000 -96.000000 37.000000
v -69.000000 -96.000000 43.000000
v -63.000000 -90.000000 43.000000
v -66.777756 -93.185730 39.029461
v -67.242645 -91.757355 43.000000
v -63.000000 -91.757355 38.757362
v -63.000000 -96.000000 263.000000
v -63.000000 -90.000000 257.000000
v -69.000000 -96.000000 257.000000
v -63.000000 -91.757355 261.242645
v -66.970543 -93.185730 260.777771
v -67.242645 -91.757355 257.000000
v -11.000000 -114.000000 37.000000
v -5.000000 -114.000000 43.000000
v -11.000000 -120.000000 43.000000
v -6.757359 -114.000000 38.757362
v -8.185735 -117.970543 39.222244
v -6.757359 -118.242645 43.000000
v -11.000000 -114.000000 263.000000
v -11.000000 -120.000000 257.000000
v -5.000000 -114.000000 257.000000
v -8.185730 -117.777763 260.970581
v -6.757359 -118.242645 257.000000
v -6.757359 -114.000000 261.242645
v -11.000000 -96.000000 37.000000
v -11.000000 -90.000000 43.000000
v -5.000000 -96.000000 43.000000
v -8.185738 -92.222237 39.029461
v -6.757359 -91.757355 43.000000
v -6.757359 -96.000000 38.757362
v -11.000000 -96.000000 263.000000
v -5.000000 -96.000000 257.000000
v -11.000000 -90.000000 257.000000
v -7.222245 -93.185730 260.970581
v -6.757359 -91.757355 257.000000
v -11.000000 -91.757355 261.242645
v -56.622772 -124.171097 74.328911
v -56.681705 -124.134941 241.634933
v -56.681705 -119.865067 74.365059
v -56.622772 -119.828911 241.671097
v -11.318295 -124.134941 74.365067
v -11.377230 -124.171097 241.671097
v -11.377229 -119.828911 74.328911
v -11.318295 -119.865067 241.634933
v -50.849113 -125.868439 195.131561
v -50.872684 -125.853981 208.853973
v -50.872684 -124.146027 195.146027
v -50.849113 -124.131561 208.868439
v -17.127316 -125.853981 195.146027
v -17.150887 -125.868439 208.868439
v -17.150888 -124.131561 195.131561
v -17.127316 -124.146027 208.853973
v -71.060059 -109.009605 50.884533
v -51.435970 -109.072426 100.113884
v -78.561264 -109.086212 53.935635
v -58.970211 -109.025421 103.076958
v -71.086243 -100.913788 50.945625
v -51.382294 -100.974579 100.041786
v -78.622360 -100.990402 53.909454
v -58.881618 -100.927582 103.092140
v -34.008232 -124.078667 98.931664
v -33.990982 -125.336349 98.925117
v -31.471279 -124.063652 97.470367
v -31.456995 -125.321342 97.458702
v -31.456993 -124.078659 94.541298
v -31.471281 -125.336349 94.529633
v -33.990982 -124.063652 93.074883
v -34.008232 -125.321335 93.068344
v -36.534779 -124.078659 94.527046
v -36.537739 -125.336349 94.545258
v -36.537743 -124.063652 97.454750
v -36.534775 -125.321342 97.472954
v -34.008667 -124.070366 153.928055
v -33.990692 -125.341888 153.922714
v -31.468573 -124.070366 152.471542
v -31.456997 -125.321342 152.458710
v -31.456995 -124.078659 149.541306
v -31.468575 -125.329636 149.528473
v -33.990700 -124.058113 148.077301
v -34.008667 -125.329636 148.071960
v -36.534775 -124.078659 149.527039
v -36.540092 -125.329636 149.543488
v -36.540092 -124.070366 152.456528
v -36.534775 -125.321342 152.472961
v -34.008659 -124.070366 208.928055
v -33.990696 -125.341888 208.922714
v -31.468573 -124.070366 207.471527
v -31.456997 -125.321342 207.458710
v -31.456995 -124.078667 204.541306
v -31.468575 -125.329636 204.528473
v -33.990696 -124.058113 203.077301
v -34.008663 -125.329636 203.071960
v -36.534775 -124.078667 204.527039
v -36.540092 -125.329636 204.543488
v -36.540092 -124.070366 207.456528
v -36.534775 -125.321342 207.472961
v -63.000000 96.000000 37.000000
v -63.000000 90.000000 43.000000
v -69.000000 96.000000 43.000000
v -63.000000 91.757355 38.757362
v -66.970543 93.185730 39.222244
v -67.242645 91.757355 43.000000
v -63.000000 90.000000 257.000000
v -63.000000 96.000000 263.000000
v -69.000000 96.000000 257.000000
v -63.000000 91.757355 261.242645
v -66.777756 93.185730 260.970581
v -67.242645 91.757355 257.000000
v -63.000000 114.000000 37.000000
v -69.000000 114.000000 43.000000
v -63.000000 120.000000 43.000000
v -67.242645 114.000000 38.757362
v -65.814270 117.970543 39.222244
v -67.242645 118.242645 43.000000
v -63.000000 114.000000 263.000000
v -63.000000 120.000000 257.000000
v -69.000000 114.000000 257.000000
v -65.814278 117.777763 260.970581
v -67.242645 118.242645 257.000000
v -67.242645 114.000000 261.242645
v -11.000000 96.000000 37.000000
v -5.000000 96.000000 43.000000
v -11.000000 90.000000 43.000000
v -7.222242 93.185738 39.029461
v -6.757359 91.757355 43.000000
v -11.000000 91.757355 38.757362
v -11.000000 96.000000 263.000000
v -11.000000 90.000000 257.000000
v -5.000000 96.000000 257.000000
v -8.185733 92.222244 260.970581
v -6.757359 91.757355 257.000000
v -6.757359 96.000000 261.242645
v -11.000000 114.000000 37.000000
v -11.000000 120.000000 43.000000
v -5.000000 114.000000 43.000000
v -8.185735 117.777763 39.029461
v -6.757359 118.242645 43.000000
v -6.757359 114.000000 38.757362
v -11.000000 114.000000 263.000000
v -5.000000 114.000000 257.000000
v -11.000000 120.000000 257.000000
v -6.757359 114.000000 261.242645
v -8.185730 117.970543 260.777771
v -6.757359 118.242645 257.000000
v -56.622772 119.828911 74.328911
v -56.681705 119.865067 241.634933
v -56.681705 124.134941 74.365067
v -56.622772 124.171097 241.671097
v -11.318295 119.865067 74.365059
v -11.377229 119.828911 241.671097
v -11.377229 124.171097 74.328911
v -11.318295 124.134941 241.634933
v -50.849113 124.131561 195.131561
v -50.872684 124.146027 208.853973
v -50.872684 125.853981 195.146027
v -50.849113 125.868446 208.868439
v -17.127316 124.146027 195.146027
v -17.150887 124.131561 208.868439
v -17.150888 125.868439 195.131561
v -17.127316 125.853981 208.853973
v -71.060059 100.990402 50.884533
v -51.435974 100.927582 100.113876
v -78.561264 100.913788 53.935635
v -58.970211 100.974579 103.076958
v -71.086243 109.086212 50.945625
v -51.382294 109.025421 100.041786
v -78.622360 109.009605 53.909454
v -58.881622 109.072418 103.092140
v -34.008232 125.321335 98.931664
v -33.990982 124.063652 98.925125
v -31.471281 125.336349 97.470375
v -31.456993 124.078659 97.458702
v -31.456995 125.321342 94.541306
v -31.471279 124.063652 94.529633
v -33.990982 125.336349 93.074883
v -34.008232 124.078667 93.068344
v -36.534775 125.321342 94.527046
v -36.537743 124.063652 94.545258
v -36.537739 125.336349 97.454750
v -36.534779 124.078659 97.472961
v -34.008667 125.329636 153.928055
v -33.990692 124.058113 153.922714
v -31.468575 125.329636 152.471542
v -31.456997 124.078659 152.458710
v -31.456997 125.321342 149.541306
v -31.468573 124.070366 149.528473
v -33.990696 125.341888 148.077301
v -34.008659 124.070366 148.071960
v -36.534775 125.321342 149.527039
v -36.540092 124.070366 149.543488
v -36.540092 125.329636 152.456528
v -36.534775 124.078659 152.472961
v -34.008663 125.329636 208.928055
v -33.990700 124.058105 208.922714
v -31.468575 125.329636 207.471527
v -31.456995 124.078667 207.458710
v -31.456997 125.321342 204.541306
v -31.468575 124.070366 204.528473
v -33.990692 125.341888 203.077301
v -34.008659 124.070366 203.071960
v -36.534775 125.321342 204.527039
v -36.540092 124.070366 204.543488
v -36.540092 125.329636 207.456528
v -36.534775 124.078659 207.472961
v -96.500000 -114.000000 259.000000
v -96.500000 -118.000000 263.000000
v -99.845306 -114.691231 260.865173
v -98.726944 -116.706284 260.624817
v -98.634834 -114.691231 280.345306
v -100.500000 -114.000000 277.000000
v -98.376160 -116.647026 279.518524
v -98.870483 -117.294945 277.310669
v -100.500000 114.000000 263.000000
v -96.500000 118.000000 263.000000
v -99.206284 116.226944 260.624817
v -96.810646 116.370483 259.705078
v -96.500000 114.000000 281.000000
v -96.500000 118.000000 277.000000
v -98.875183 116.226944 279.706299
v -99.794945 116.370483 277.310669
v 44.500000 -114.000000 263.000000
v 40.500000 -118.000000 263.000000
v 43.206284 -116.226952 260.624817
v 40.810650 -116.370483 259.705078
v 40.500000 -114.000000 281.000000
v 40.500000 -118.000000 277.000000
v 42.875179 -116.226944 279.706299
v 43.794945 -116.370483 277.310669
v 40.500000 114.000000 259.000000
v 40.500000 118.000000 263.000000
v 43.845303 114.691231 260.865173
v 42.726948 116.706284 260.624817
v 42.634834 114.691231 280.345306
v 44.500000 114.000000 277.000000
v 42.376163 116.647026 279.518524
v 42.870480 117.294945 277.310669
v -85.076088 -106.972137 275.450378
v -85.411194 -107.584862 276.610229
v -84.515526 -107.498680 284.431152
v -85.549629 -106.972137 284.076080
v -85.524490 106.421165 275.524200
v -85.118088 107.478577 275.981262
v -85.475830 106.421158 284.524475
v -84.972137 107.549629 284.076080
v 39.572334 -106.780884 275.861359
v 39.126907 -107.409386 275.657501
v 39.475826 -106.421158 284.524475
v 38.972134 -107.549629 284.076080
v 39.076084 106.972137 275.450378
v 39.411194 107.584862 276.610229
v 38.515526 107.498680 284.431152
v 39.549633 106.972137 284.076080
v -71.773666 -92.802650 290.697357
v -71.809021 -92.780968 293.280945
v -71.809021 92.780960 290.719055
v -71.773666 92.802650 293.302643
v 31.809025 -92.780960 290.719055
v 31.773670 -92.802650 293.302643
v 31.773663 92.802650 290.697357
v 31.809025 92.780968 293.280945
v -49.000000 -10.000000 293.606689
v -17.000000 -10.000000 293.579987
v -17.000000 -22.000000 293.619995
v 13.000000 0.000000 293.620026
v -17.000000 22.000000 293.619995
v -17.000000 10.000000 293.579987
v -49.000000 10.000000 293.633331
v -17.000000 -10.000000 293.660004
v -17.000000 10.000000 293.660004
v -72.475739 -74.524475 294.078674
v -72.018753 -74.118073 293.021454
v 31.535103 -74.441956 292.956421
v 32.486626 -74.046570 293.453522
v 32.544476 -74.051643 305.344849
v 31.134415 -74.544472 305.909363
v -72.151451 -74.361343 310.850128
v -72.576874 -74.072372 310.305634
v -72.076080 -56.027870 292.950378
v -72.506958 -55.434788 294.213867
v 32.524487 -56.578838 293.024200
v 32.118069 -55.521423 293.481262
v 31.419319 -55.473606 305.827087
v 32.481339 -55.880840 305.315948
v -71.422562 -55.525669 310.945740
v -72.476250 -55.984249 310.596649
v 11.000000 -119.000000 135.000000
v 11.000000 -122.000000 138.000000
v 9.218611 -120.670219 135.970291
v 8.528791 -120.777855 137.766998
v 11.000000 -122.000000 216.000000
v 8.000000 -119.000000 216.000000
v 10.766989 -120.777863 218.471222
v 8.970289 -120.670212 217.781403
v 8.000000 -109.000000 138.000000
v 11.000000 -106.000000 138.000000
v 8.970289 -107.329788 136.218613
v 10.766998 -107.222145 135.528793
v 11.000000 -109.000000 219.000000
v 11.000000 -106.000000 216.000000
v 9.218611 -107.329788 218.029724
v 8.528791 -107.222145 216.233017
v 28.000000 -119.000000 138.000000
v 25.000000 -122.000000 138.000000
v 27.029713 -120.670212 136.218613
v 25.233002 -120.777863 135.528793
v 25.000000 -119.000000 219.000000
v 25.000000 -122.000000 216.000000
v 26.781391 -120.670219 218.029724
v 27.471210 -120.777863 216.233017
v 25.000000 -109.000000 135.000000
v 25.000000 -106.000000 138.000000
v 26.781391 -107.329788 135.970291
v 27.471210 -107.222145 137.766998
v 28.000000 -109.000000 216.000000
v 25.000000 -106.000000 216.000000
v 27.029713 -107.329788 217.781403
v 25.233013 -107.222137 218.471222
v 12.150892 -122.868439 147.631577
v 12.127317 -122.853981 206.353973
v 12.127319 -121.146027 147.646027
v 12.150890 -121.131569 206.368439
v 23.872684 -122.853981 147.646027
v 23.849113 -122.868439 206.368439
v 23.849110 -121.131569 147.631577
v 23.872684 -121.146027 206.353973
v 42.000000 -119.000000 135.000000
v 42.000000 -122.000000 138.000000
v 40.218609 -120.670212 135.970291
v 39.528790 -120.777863 137.766998
v 42.000000 -122.000000 216.000000
v 39.000000 -119.000000 216.000000
v 41.766991 -120.777863 218.471222
v 39.970291 -120.670212 217.781403
v 39.000000 -109.000000 138.000000
v 42.000000 -106.000000 138.000000
v 39.970287 -107.329788 136.218613
v 41.766998 -107.222145 135.528793
v 42.000000 -109.000000 219.000000
v 42.000000 -106.000000 216.000000
v 40.218609 -107.329788 218.029724
v 39.528790 -107.222145 216.233017
v 57.601128 -119.518440 135.491028
v 59.000000 -119.000000 138.000000
v 57.677116 -121.217865 136.471863
v 56.000000 -119.000000 219.000000
v 56.000000 -122.000000 216.000000
v 57.781387 -120.670212 218.029724
v 58.471214 -120.777863 216.233017
v 56.000000 -109.000000 135.000000
v 56.000000 -106.000000 138.000000
v 57.781387 -107.329788 135.970291
v 58.471207 -107.222145 137.766998
v 59.000000 -109.000000 216.000000
v 57.528137 -107.322876 218.217880
v 57.777855 -106.528793 216.233017
v 43.150894 -122.868439 147.631577
v 43.127319 -122.853981 206.353973
v 43.127319 -121.146027 147.646027
v 43.150890 -121.131569 206.368439
v 54.872681 -122.853981 147.646027
v 54.849113 -122.868439 206.368439
v 54.849106 -121.131569 147.631577
v 54.872688 -121.146027 206.353973
v -72.457901 56.355408 293.042084
v -72.001968 55.443108 293.498077
v 31.535099 55.558052 292.956421
v 32.486626 55.953430 293.453522
v 32.544476 55.948360 305.344849
v 31.134411 55.455528 305.909363
v -72.151451 55.638660 310.850128
v -72.576874 55.927631 310.305634
v -72.076080 73.972137 292.950378
v -72.506958 74.565216 294.213867
v 32.524487 73.421165 293.024200
v 32.118069 74.478577 293.481262
v 31.419323 74.526398 305.827087
v 32.481339 74.119164 305.315948
v -71.422562 74.474335 310.945740
v -72.476250 74.015755 310.596649
v 11.000000 109.000000 135.000000
v 11.000000 106.000000 138.000000
v 9.218611 107.329788 135.970291
v 8.528791 107.222145 137.766998
v 11.000000 106.000000 216.000000
v 8.000000 109.000000 216.000000
v 10.766991 107.222137 218.471222
v 8.970289 107.329788 217.781403
v 8.000000 119.000000 138.000000
v 11.000000 122.000000 138.000000
v 8.970289 120.670212 136.218613
v 10.766998 120.777863 135.528793
v 11.000000 119.000000 219.000000
v 11.000000 122.000000 216.000000
v 9.218611 120.670219 218.029724
v 8.528791 120.777855 216.233017
v 28.000000 109.000000 138.000000
v 25.000000 106.000000 138.000000
v 27.029713 107.329788 136.218613
v 25.233002 107.222145 135.528793
v 25.000000 109.000000 219.000000
v 25.000000 106.000000 216.000000
v 26.781391 107.329788 218.029724
v 27.471210 107.222145 216.233017
v 25.000000 119.000000 135.000000
v 25.000000 122.000000 138.000000
v 26.781391 120.670219 135.970291
v 27.471210 120.777863 137.766998
v 28.000000 119.000000 216.000000
v 25.000000 122.000000 216.000000
v 27.029713 120.670212 217.781403
v 25.233013 120.777863 218.471222
v 12.150892 121.131569 147.631577
v 12.127317 121.146027 206.353973
v 12.127319 122.853981 147.646027
v 12.150888 122.868439 206.368439
v 23.872681 121.146027 147.646027
v 23.849113 121.131569 206.368439
v 23.849110 122.868439 147.631577
v 23.872684 122.853981 206.353973
v 42.000000 109.000000 135.000000
v 42.000000 106.000000 138.000000
v 40.218609 107.329788 135.970291
v 39.528790 107.222145 137.766998
v 42.000000 106.000000 216.000000
v 39.000000 109.000000 216.000000
v 41.766991 107.222137 218.471222
v 39.970287 107.329788 217.781403
v 39.000000 119.000000 138.000000
v 42.000000 122.000000 138.000000
v 39.970291 120.670212 136.218613
v 41.766998 120.777863 135.528793
v 42.000000 119.000000 219.000000
v 42.000000 122.000000 216.000000
v 40.218609 120.670212 218.029724
v 39.528790 120.777863 216.233017
v 57.601128 108.481567 135.491028
v 59.000000 109.000000 138.000000
v 57.677116 106.782135 136.471863
v 56.000000 109.000000 219.000000
v 56.000000 106.000000 216.000000
v 57.781387 107.329788 218.029724
v 58.471207 107.222145 216.233017
v 56.000000 119.000000 135.000000
v 56.000000 122.000000 138.000000
v 57.781387 120.670212 135.970291
v 58.471214 120.777863 137.766998
v 59.000000 119.000000 216.000000
v 57.528137 120.677124 218.217880
v 57.777855 121.471214 216.233017
v 43.150894 121.131569 147.631577
v 43.127319 121.146027 206.353973
v 43.127319 122.853981 147.646027
v 43.150890 122.868439 206.368439
v 54.872681 121.146027 147.646027
v 54.849113 121.131569 206.368439
v 54.849113 122.868439 147.631561
v 54.872688 122.853981 206.353973
v -90.260880 -143.177719 145.360306
v -90.528954 -143.667892 146.288162
v -90.490730 -143.415909 222.415909
v -90.490730 -136.584091 145.584091
v -90.580666 -137.263077 222.619598
v -90.177711 -136.360306 222.260880
v -19.509272 -143.415909 145.584091
v -19.419338 -142.736938 222.619598
v -19.822287 -143.639709 222.260880
v -19.739124 -136.822281 145.360306
v -19.471048 -136.332123 146.288162
v -19.509270 -136.584091 222.415909
v -87.349106 -144.868439 148.631577
v -87.372681 -144.853989 219.353973
v -87.372681 -143.146027 148.646027
v -87.349113 -143.131577 219.368439
v -22.627319 -144.853973 148.646027
v -22.650890 -144.868439 219.368439
v -22.650894 -143.131577 148.631577
v -22.627319 -143.146027 219.353973
v -85.000000 -145.199997 151.000000
v -25.000000 -145.199997 151.000000
v -25.000000 -145.199997 217.000000
v -85.000000 -145.199997 217.000000
v -86.386818 -144.728897 150.532410
v -85.468094 -145.872513 149.612961
v -85.468094 -144.727493 148.387054
v -86.386818 -145.871109 147.467606
v -87.613182 -144.728897 147.467606
v -88.531914 -145.872513 148.387054
v -88.531906 -144.727493 149.612961
v -87.613182 -145.871109 150.532410
v -87.649948 -144.728897 220.517181
v -85.468094 -145.872513 219.612961
v -85.483345 -144.727493 219.649765
v -86.386818 -145.871109 217.467590
v -86.350060 -144.728897 217.482834
v -88.531906 -145.872513 218.387054
v -88.516663 -144.727493 218.350250
v -87.613182 -145.871109 220.532410
v -22.387043 -144.727493 150.531906
v -21.467602 -145.871109 149.613190
v -21.467604 -144.728897 148.386810
v -22.387043 -145.872513 147.468094
v -23.612957 -144.727493 147.468109
v -24.532400 -145.871109 148.386810
v -24.532396 -144.728897 149.613190
v -23.612957 -145.872513 150.531906
v -23.649767 -144.727493 220.516663
v -22.350231 -145.872513 220.516663
v -21.482834 -144.728897 219.649963
v -21.482830 -145.871109 218.350052
v -22.350235 -144.727493 217.483353
v -23.649769 -145.872513 217.483353
v -24.517166 -144.728897 218.350052
v -24.517170 -145.871109 219.649963
v -90.260880 136.822296 145.360306
v -90.528954 136.332123 146.288162
v -90.490730 136.584091 222.415909
v -90.490730 143.415909 145.584091
v -90.580666 142.736938 222.619598
v -90.177711 143.639709 222.260880
v -19.509272 136.584091 145.584091
v -19.419338 137.263077 222.619598
v -19.822289 136.360306 222.260880
v -19.739126 143.177719 145.360306
v -19.471046 143.667892 146.288162
v -19.509270 143.415909 222.415909
v -87.349106 143.131577 148.631577
v -87.372681 143.146027 219.353973
v -87.372681 144.853973 148.646027
v -87.349113 144.868439 219.368439
v -22.627319 143.146027 148.646027
v -22.650890 143.131577 219.368439
v -22.650894 144.868439 148.631577
v -22.627319 144.853989 219.353973
v -85.000000 145.199997 217.000000
v -25.000000 145.199997 217.000000
v -25.000000 145.199997 151.000000
v -85.000000 145.199997 151.000000
v -87.649948 145.871109 150.517181
v -86.350052 144.728897 150.517181
v -85.905251 145.845001 150.105392
v -85.449425 144.741028 148.991608
v -85.468094 145.872513 148.387054
v -86.386818 144.728897 147.467606
v -87.613182 145.871109 147.467606
v -88.531906 144.727493 148.387054
v -88.550583 145.858978 148.991608
v -88.094749 144.755005 150.105392
v -87.649948 145.871109 220.517181
v -85.905251 145.845001 220.105392
v -85.894615 144.755005 220.094757
v -85.483345 144.727493 218.350250
v -85.468094 145.872513 218.387054
v -87.649948 144.728897 217.482834
v -87.613182 145.871109 217.467590
v -88.550583 145.858978 218.991608
v -88.550575 144.741028 219.008408
v -87.613182 144.728897 220.532410
v -22.387043 145.872513 150.531906
v -21.467606 144.728897 149.613190
v -21.467602 145.871109 148.386810
v -22.387043 144.727493 147.468109
v -23.612957 145.872513 147.468094
v -24.532396 144.728897 148.386810
v -24.532400 145.871109 149.613190
v -23.612957 144.727493 150.531906
v -23.649769 145.872513 220.516663
v -22.991606 144.741028 220.550583
v -21.467606 144.728897 219.613190
v -21.482830 145.871109 219.649963
v -21.905254 144.755005 217.894623
v -22.350233 145.872513 217.483353
v -23.649765 144.727493 217.483353
v -24.517170 145.871109 218.350052
v -24.517168 144.728897 219.649963
v -46.818935 122.457878 162.907883
v -46.847221 122.475227 165.074783
v -46.847221 124.524773 162.925232
v -46.818935 124.542130 165.092133
v -41.152779 122.475227 162.925232
v -41.181068 122.457878 165.092133
v -41.181068 124.542130 162.907883
v -41.152779 124.524773 165.074783
v -36.818932 122.457878 162.907883
v -36.847221 122.475227 165.074783
v -36.847221 124.524773 162.925232
v -36.818935 124.542130 165.092133
v -31.152779 122.475227 162.925232
v -31.181067 122.457878 165.092133
v -31.181067 124.542130 162.907883
v -31.152779 124.524773 165.074783
v -26.818933 122.457878 162.907883
v -26.847223 122.475227 165.074783
v -26.847221 124.524773 162.925232
v -26.818935 124.542130 165.092133
v -21.152779 122.475227 162.925232
v -21.181065 122.457878 165.092133
v -21.181068 124.542130 162.907883
v -21.152779 124.524773 165.074783
v -46.818935 122.457878 172.907883
v -46.847221 122.475227 175.074783
v -46.847221 124.524773 172.925232
v -46.818935 124.542130 175.092133
v -41.152779 122.475227 172.925232
v -41.181068 122.457878 175.092133
v -41.181068 124.542130 172.907883
v -41.152779 124.524773 175.074783
v -36.818932 122.457878 172.907883
v -36.847221 122.475227 175.074783
v -36.847221 124.524773 172.925232
v -36.818935 124.542130 175.092133
v -31.152779 122.475227 172.925232
v -31.181067 122.457878 175.092133
v -31.181067 124.542130 172.907883
v -31.152779 124.524773 175.074783
v -26.818933 122.457878 172.907883
v -26.847223 122.475227 175.074783
v -26.847221 124.524773 172.925232
v -26.818935 124.542130 175.092133
v -21.152779 122.475227 172.925232
v -21.181065 122.457878 175.092133
v -21.181068 124.542130 172.907883
v -21.152779 124.524773 175.074783
v -46.818935 122.457878 182.907883
v -46.847221 122.475227 185.074768
v -46.847221 124.524773 182.925232
v -46.818935 124.542130 185.092133
v -41.152779 122.475227 182.925232
v -41.181065 122.457878 185.092133
v -41.181068 124.542122 182.907883
v -41.152779 124.524773 185.074768
v -36.818932 122.457878 182.907883
v -36.847221 122.475227 185.074768
v -36.847221 124.524773 182.925232
v -36.818935 124.542130 185.092133
v -31.152781 122.475227 182.925232
v -31.181065 122.457878 185.092133
v -31.181067 124.542122 182.907883
v -31.152779 124.524773 185.074768
v -26.818933 122.457878 182.907883
v -26.847221 122.475227 185.074768
v -26.847221 124.524773 182.925232
v -26.818935 124.542130 185.092133
v -21.152781 122.475227 182.925232
v -21.181065 122.457878 185.092133
v -21.181067 124.542122 182.907883
v -21.152779 124.524773 185.074768
v -101.580666 -142.736938 219.380417
v -101.177711 -143.639709 219.739136
v -101.490730 -143.415909 248.415909
v -101.490730 -136.584091 219.584106
v -101.580666 -137.263077 248.619598
v -101.177711 -136.360306 248.260880
v -8.509270 -143.415909 219.584106
v -8.419338 -142.736938 248.619598
v -8.822287 -143.639709 248.260880
v -8.419339 -137.263077 219.380417
v -8.822287 -136.360306 219.739136
v -8.509270 -136.584091 248.415909
v -98.394386 -144.907913 224.092102
v -98.410889 -144.897797 245.897781
v -98.410889 -143.702225 224.102234
v -98.394386 -143.692093 245.907898
v -11.589121 -144.897797 224.102234
v -11.605618 -144.907928 245.907898
v -11.605619 -143.692093 224.092102
v -11.589118 -143.702225 245.897781
v -72.600327 -117.987564 78.651810
v -72.999069 -114.085861 79.175407
v -77.176765 -113.702293 77.506874
v -77.041641 -118.096939 76.762024
v -86.743050 -123.326828 105.598671
v -86.855087 -121.062386 105.961784
v -88.434784 -119.436058 105.598877
v -90.556770 -119.400528 104.722527
v -91.978020 -120.976593 103.846092
v -91.865982 -123.241035 103.482979
v -90.286285 -124.867363 103.845886
v -88.164299 -124.902893 104.722237
v -95.209999 -127.095970 133.121353
v -95.256981 -124.801689 133.199814
v -96.910797 -123.209366 133.161224
v -99.202644 -123.251755 133.028183
v -100.790001 -124.904030 132.878647
v -100.106903 -128.218796 132.800674
v -96.797356 -128.748245 132.971817
v -88.190392 -124.708122 171.330734
v -88.269363 -122.423302 171.117584
v -89.886734 -120.820198 171.411240
v -92.095085 -120.837891 172.039688
v -93.600792 -122.466011 172.634811
v -93.521820 -124.750832 172.847961
v -91.904449 -126.353935 172.554306
v -89.696098 -126.336243 171.925858
v -73.533554 -119.946388 209.488327
v -73.885666 -116.015884 209.198669
v -78.228134 -115.733971 210.401749
v -78.161224 -120.170670 210.845810
v 11.806877 -113.519051 82.528442
v 9.790230 -115.932289 82.958122
v 11.887131 -118.525505 81.602882
v 14.336699 -115.991257 80.991089
v 24.217640 -120.038078 108.398430
v 23.445465 -122.607147 107.476074
v 24.861698 -123.868607 105.069565
v 27.527802 -122.443626 105.751633
v 26.569393 -119.538452 104.942001
v 34.207359 -122.507187 133.042664
v 31.421013 -125.030724 133.221817
v 34.210266 -127.497276 132.921661
v 36.443306 -124.967911 132.789917
v 28.267895 -121.087357 161.450745
v 27.654625 -123.700981 162.366791
v 29.456215 -125.070229 164.434128
v 31.972584 -123.603455 163.372589
v 31.178375 -120.744186 164.475159
v 19.729532 -115.497375 191.632050
v 17.659124 -117.895592 191.438766
v 19.946333 -120.542091 192.288971
v 22.474953 -118.029968 192.593155
v 3.773079 116.708618 256.113403
v 6.945234 116.285561 256.433777
v 5.727516 116.776436 263.643829
v 9.471264 114.467964 256.146912
v 9.628881 114.289459 263.853516
v 11.222797 112.083626 256.415405
v 11.874277 110.422279 263.547028
v 11.743368 108.985634 256.161835
v 11.087622 105.955368 263.898712
v 11.287739 106.073166 256.415405
v 8.554735 102.468834 256.340881
v 8.304459 102.265038 263.580109
v 4.029151 101.246613 263.819916
v 4.263427 101.278603 256.137146
v 1.133021 101.762634 256.262451
v -1.470232 103.540611 263.865479
v 0.916387 101.777199 263.584595
v -2.523388 104.428078 256.356201
v -3.250780 106.290253 263.835663
v -3.705423 108.876190 256.116913
v -3.285553 111.945251 256.433777
v -3.777037 110.708664 263.659119
v -0.569350 115.522293 256.344971
v 1.132742 116.166138 263.874298
v -1.492955 114.612938 263.584595
v 3.063211 112.375069 260.740051
v 4.937682 112.379868 305.127136
v 5.672918 111.948982 260.732910
v 6.944490 110.668701 305.163422
v 7.375065 109.936806 260.740051
v 7.379864 108.062302 305.127136
v 6.959532 107.317177 260.771210
v 4.876236 105.608711 305.139954
v 4.937214 105.622658 260.746155
v 2.280069 106.068420 305.124176
v 1.548561 106.503792 260.729492
v 0.604108 108.122124 305.127136
v 0.606525 109.877022 260.746155
v 1.549897 111.495079 305.155151
v 2.836260 114.352119 299.167084
v 6.972849 113.617233 299.196320
v 5.163463 114.356323 320.024689
v 8.610184 111.964798 320.024689
v 8.925140 111.123077 299.131439
v 9.398228 108.022957 299.184967
v 9.356321 107.836548 320.024689
v 7.124670 104.496651 299.175323
v 6.964802 104.389824 320.024689
v 4.060434 103.608200 299.191223
v 2.836864 103.638786 320.015076
v 1.027158 104.382767 299.196320
v 0.155435 105.268135 320.079590
v -1.345311 107.835815 299.153687
v -1.403426 108.020386 320.003693
v -0.613410 111.968483 299.184937
v -0.958248 111.119194 320.008789
v 1.031507 113.613411 320.015076
v 2.522348 115.864349 296.392517
v 7.815376 114.904312 296.409271
v 5.476546 115.881126 299.214508
v 8.915472 113.828697 299.262848
v 10.349253 111.692612 296.389893
v 10.918360 110.267151 299.223328
v 10.922379 107.730865 296.425507
v 9.778687 105.007164 299.242676
v 7.992838 103.221321 296.397339
v 5.269128 102.077614 299.214508
v 2.734534 102.085045 296.409271
v 0.007163 103.221313 299.242676
v -1.788028 105.003998 296.416718
v -2.918358 107.732849 299.223328
v -2.913439 108.951653 296.424988
v -1.909771 112.821602 296.425507
v -1.784434 112.994789 299.230774
v 1.399003 115.405693 299.215027
v 2.522346 115.864349 319.952515
v 7.815376 114.904320 319.969269
v 5.476549 115.881134 322.774506
v 9.898691 112.808968 322.807495
v 10.349255 111.692619 319.949890
v 10.922382 107.730865 319.985504
v 10.876652 107.523155 322.783325
v 7.992836 103.221313 319.957336
v 8.831774 104.083664 322.817108
v 5.269127 102.077614 322.774506
v 2.734532 102.085045 319.969269
v 1.309676 102.631310 322.775024
v -1.788030 105.003998 319.976715
v -1.902174 105.187065 322.797150
v -2.913444 108.951653 319.984985
v -2.876648 110.476860 322.783325
v -1.909773 112.821602 319.985504
v 0.187060 114.902176 322.797150
v 9.505121 109.969086 320.417084
v 9.878027 109.955498 298.770874
v 10.455608 109.380394 320.431915
v 10.455053 108.622116 298.769836
v 9.880880 108.043350 320.428986
v 9.504293 108.027672 298.792419
v 8.811024 108.318451 320.417084
v 8.554039 108.594688 298.769440
v 8.554054 109.405396 320.430847
v 8.811695 109.679123 298.777527
v -1.121975 109.955498 298.770874
v -0.544676 109.380264 320.432709
v -0.544947 108.622116 298.769836
v -1.119122 108.043350 320.428986
v -1.495707 108.027672 298.792419
v -2.455894 108.617630 320.429871
v -2.445961 108.594688 298.769440
v -2.188305 109.679123 298.777527
v -1.880700 109.956268 320.430054
v 4.378025 115.455498 298.770874
v 4.955921 114.880547 320.431030
v 4.955054 114.122116 298.769836
v 4.380703 113.543732 320.430054
v 4.004293 113.527672 298.792419
v 3.044453 114.117790 320.430847
v 3.054038 114.094688 298.769440
v 3.311695 115.179123 298.777527
v 3.619299 115.456268 320.430054
v 4.378025 104.455498 298.770874
v 4.955921 103.880547 320.431030
v 4.955054 103.122116 298.769836
v 4.380701 102.543732 320.430054
v 4.004293 102.527672 298.792419
v 3.044453 103.117790 320.430847
v 3.054038 103.094688 298.769440
v 3.311695 104.179123 298.777527
v 3.619299 104.456268 320.430054
v -91.345116 -113.715179 268.562958
v -91.763985 -114.481071 270.012756
v -90.194229 -113.981544 287.559326
v -91.965416 -113.476128 286.923340
v -91.481544 -114.559334 285.694183
v -91.965416 -92.523888 269.076691
v -91.481544 -91.440659 270.305847
v -90.194176 -92.018471 268.440674
v -91.345123 -92.284821 287.437042
v -91.763985 -91.518929 285.987274
v -72.034584 -113.476112 269.076691
v -72.518448 -114.559334 270.305847
v -73.805817 -113.981537 268.440674
v -72.654877 -113.715179 287.437042
v -72.236008 -114.481071 285.987274
v -72.654892 -92.284828 268.562958
v -72.236008 -91.518929 270.012756
v -72.034584 -92.523880 286.923340
v -72.518456 -91.440666 285.694183
v -73.805779 -92.018456 287.559326
v -82.017342 -100.143921 288.640747
v -81.981384 -100.154594 291.383789
v -79.535225 -101.556953 288.640747
v -79.512070 -101.582596 291.342682
v -79.512070 -104.417397 288.657349
v -79.535217 -104.443047 291.359253
v -81.981384 -105.845406 288.616211
v -82.017342 -105.856087 291.359283
v -84.471474 -104.445915 288.657349
v -84.482109 -104.413040 291.359283
v -84.482109 -101.586975 288.640747
v -84.471474 -101.554085 291.342682
v 19.654888 -113.715179 268.562958
v 19.236012 -114.481071 270.012756
v 20.805771 -113.981544 287.559326
v 19.034586 -113.476120 286.923340
v 19.518456 -114.559341 285.694183
v 19.034586 -92.523888 269.076691
v 19.518456 -91.440659 270.305847
v 20.805820 -92.018471 268.440674
v 19.654879 -92.284821 287.437042
v 19.236013 -91.518929 285.987274
v 38.965416 -113.476112 269.076660
v 38.481548 -114.559334 270.305847
v 37.194183 -113.981537 268.440674
v 38.345127 -113.715179 287.437042
v 38.763992 -114.481071 285.987274
v 38.345116 -92.284828 268.562958
v 38.763988 -91.518929 270.012756
v 38.965416 -92.523880 286.923340
v 38.481548 -91.440666 285.694183
v 37.194225 -92.018456 287.559326
v 28.982666 -100.143921 288.640747
v 29.018623 -100.154594 291.383789
v 31.464775 -101.556946 288.640747
v 31.487934 -101.582596 291.342682
v 31.487934 -104.417404 288.657349
v 31.464779 -104.443054 291.359283
v 29.018627 -105.845406 288.616211
v 28.982670 -105.856087 291.359283
v 26.528530 -104.445915 288.657349
v 26.517891 -104.413040 291.359253
v 26.517891 -101.586975 288.640747
v 26.528526 -101.554092 291.342682
v 103.923912 -110.972137 81.450378
v 103.588814 -111.584862 82.610207
v 103.427666 -110.780876 262.138672
v 103.873100 -111.409393 262.342529
v 104.484467 -94.501328 81.568855
v 103.450378 -95.027870 81.923912
v 103.923912 -95.027870 262.549622
v 103.588814 -94.415138 261.389771
v 113.515541 -111.498680 81.568855
v 114.549629 -110.972145 81.923912
v 114.076096 -110.972137 262.549622
v 114.411194 -111.584862 261.389801
v 114.475822 -95.578827 81.475517
v 113.972137 -94.450378 81.923912
v 114.572334 -95.219124 262.138672
v 114.126907 -94.590614 262.342529
v 114.617981 -100.302521 97.012352
v 117.394463 -100.307938 96.987000
v 114.587158 -101.645889 94.682518
v 117.394463 -101.665237 94.662102
v 114.617989 -104.338051 94.657730
v 117.394463 -104.357292 94.675102
v 114.605545 -105.692070 96.987007
v 117.382019 -105.697487 97.012344
v 114.605545 -104.357285 99.324905
v 117.412849 -104.329933 99.331451
v 114.605545 -101.665237 99.337906
v 117.382019 -101.640572 99.329926
v 114.605545 -100.307938 178.013000
v 117.412849 -100.315948 177.986038
v 114.605545 -101.642715 175.675110
v 117.382019 -101.661949 175.657745
v 114.617989 -104.338058 175.657745
v 117.394463 -104.357292 175.675110
v 114.587158 -105.684059 177.986038
v 117.394463 -105.692070 178.013000
v 114.617989 -104.359444 180.329926
v 117.394463 -104.334778 180.337906
v 114.605545 -101.665230 180.337891
v 117.382011 -101.640564 180.329926
v 114.605545 -100.307938 247.013000
v 117.412849 -100.315948 246.986038
v 114.605545 -101.642708 244.675110
v 117.382011 -101.661949 244.657745
v 114.617996 -104.338058 244.657745
v 117.394455 -104.357300 244.675110
v 114.587158 -105.684059 246.986038
v 117.394463 -105.692070 247.013000
v 114.617989 -104.359444 249.329926
v 117.394463 -104.334778 249.337906
v 114.605545 -101.665222 249.337891
v 117.382011 -101.640564 249.329926
v -91.345116 92.284828 268.562958
v -91.763985 91.518929 270.012756
v -90.194221 92.018456 287.559326
v -91.965416 92.523880 286.923340
v -91.481544 91.440659 285.694183
v -91.965416 113.476120 269.076691
v -91.481544 114.559334 270.305847
v -90.194183 113.981537 268.440674
v -91.345123 113.715179 287.437042
v -91.763992 114.481071 285.987274
v -72.034584 92.523888 269.076691
v -72.518456 91.440666 270.305847
v -73.805817 92.018471 268.440674
v -72.654877 92.284821 287.437042
v -72.236008 91.518929 285.987274
v -72.654884 113.715179 268.562958
v -72.236008 114.481071 270.012756
v -72.034584 113.476120 286.923340
v -72.518448 114.559334 285.694183
v -73.805771 113.981544 287.559326
v -82.017342 105.856087 288.640747
v -81.981384 105.845413 291.383789
v -79.535225 104.443054 288.640747
v -79.512070 104.417404 291.342682
v -79.512070 101.582603 288.657349
v -79.535217 101.556953 291.359253
v -81.981384 100.154602 288.616211
v -82.017342 100.143913 291.359283
v -84.471474 101.554092 288.657349
v -84.482109 101.586967 291.359283
v -84.482109 104.413033 288.640747
v -84.471474 104.445915 291.342682
v 19.654888 92.284828 268.562958
v 19.236013 91.518929 270.012756
v 20.805775 92.018456 287.559326
v 19.034586 92.523880 286.923340
v 19.518456 91.440659 285.694183
v 19.034586 113.476112 269.076691
v 19.518456 114.559341 270.305847
v 20.805817 113.981537 268.440674
v 19.654877 113.715179 287.437042
v 19.236012 114.481071 285.987274
v 38.965416 92.523888 269.076660
v 38.481548 91.440666 270.305847
v 37.194180 92.018471 268.440674
v 38.345123 92.284821 287.437042
v 38.763988 91.518929 285.987274
v 38.345116 113.715179 268.562958
v 38.763992 114.481071 270.012756
v 38.965416 113.476120 286.923340
v 38.481548 114.559334 285.694183
v 37.194229 113.981544 287.559326
v 28.982666 105.856087 288.640747
v 29.018620 105.845413 291.383789
v 31.464775 104.443054 288.640747
v 31.487938 104.417412 291.342682
v 31.487934 101.582603 288.657349
v 31.464779 101.556946 291.359283
v 29.018627 100.154602 288.616211
v 28.982670 100.143913 291.359283
v 26.528530 101.554085 288.657349
v 26.517891 101.586967 291.359253
v 26.517891 104.413033 288.640747
v 26.528526 104.445915 291.342682
v 103.524178 95.578835 81.475517
v 104.027870 94.450378 81.923912
v 103.427666 95.219131 262.138672
v 103.873100 94.590614 262.342529
v 104.484459 111.498680 81.568863
v 103.450378 110.972137 81.923912
v 103.923912 110.972137 262.549622
v 103.588814 111.584862 261.389771
v 114.572334 95.219124 81.861343
v 114.126907 94.590614 81.657478
v 114.076096 95.027870 262.549622
v 114.411194 94.415146 261.389771
v 114.475822 110.421173 81.475517
v 113.972145 111.549629 81.923912
v 114.572334 110.780884 262.138672
v 114.126907 111.409393 262.342529
v 114.617989 105.697487 97.012352
v 117.394463 105.692070 96.987007
v 114.587158 104.354118 94.682518
v 117.394463 104.334770 94.662102
v 114.617989 101.661957 94.657730
v 117.394463 101.642715 94.675102
v 114.605545 100.307938 96.987007
v 117.382019 100.302521 97.012344
v 114.605545 101.642715 99.324905
v 117.412849 101.670074 99.331451
v 114.605545 104.334770 99.337906
v 117.382019 104.359436 99.329926
v 114.605545 105.692070 178.013000
v 117.412849 105.684059 177.986038
v 114.605545 104.357292 175.675110
v 117.382011 104.338051 175.657745
v 114.617989 101.661949 175.657745
v 117.394463 101.642715 175.675110
v 114.587158 100.315948 177.986038
v 117.394463 100.307938 178.013000
v 114.617989 101.640564 180.329926
v 117.394463 101.665222 180.337891
v 114.605545 104.334778 180.337891
v 117.382011 104.359444 180.329926
v 114.605545 105.692070 247.013000
v 117.412849 105.684059 246.986038
v 114.605545 104.357292 244.675110
v 117.382011 104.338058 244.657745
v 114.617989 101.661949 244.657745
v 117.394455 101.642708 244.675110
v 114.587158 100.315948 246.986038
v 117.394463 100.307938 247.013000
v 114.617989 101.640564 249.329926
v 117.394463 101.665222 249.337891
v 114.605545 104.334778 249.337891
v 117.382011 104.359444 249.329926
v 104.800003 -104.699997 260.500000
v 104.800003 -107.500000 263.299988
v 102.458290 -105.183861 261.805603
v 103.241142 -106.594406 261.637390
v 104.078247 -106.798157 276.703613
v 102.000000 -104.699997 274.700012
v 102.905602 -106.258865 276.362640
v 102.000000 104.699997 263.299988
v 104.078255 106.798157 261.296387
v 102.905602 106.258865 261.637390
v 104.800003 104.699997 277.500000
v 104.800003 107.500000 274.700012
v 102.458290 105.183853 276.194397
v 103.241142 106.594406 276.362640
v 116.000000 -104.699997 263.299988
v 113.921753 -106.798157 261.296387
v 115.094406 -106.258865 261.637390
v 113.199997 -104.699997 277.500000
v 113.199997 -107.500000 274.700012
v 115.541718 -105.183853 276.194397
v 114.758865 -106.594406 276.362640
v 113.199997 104.699997 260.500000
v 113.199997 107.500000 263.299988
v 115.541718 105.183861 261.805603
v 114.758865 106.594406 261.637390
v 116.000000 104.699997 274.700012
v 113.921761 106.798157 276.703613
v 115.094406 106.258865 276.362640
v 7.000000 -122.000000 51.000000
v 7.000000 -125.000000 54.000000
v 5.218612 -123.670212 51.970287
v 4.528791 -123.777855 53.766994
v 6.766987 -123.777863 88.471207
v 4.641499 -123.171333 87.708000
v 5.222145 -124.471214 86.233009
v 4.641499 -108.828674 52.292007
v 5.222145 -107.528793 53.766998
v 6.766996 -108.222145 51.528790
v 7.000000 -110.000000 89.000000
v 7.000000 -107.000000 86.000000
v 5.218612 -108.329788 88.029716
v 4.528792 -108.222145 86.233009
v 51.358505 -123.171333 52.292004
v 50.777859 -124.471214 53.766987
v 49.233006 -123.777863 51.528790
v 49.000000 -122.000000 89.000000
v 49.000000 -125.000000 86.000000
v 50.781395 -123.670219 88.029709
v 51.471210 -123.777863 86.233017
v 49.000000 -110.000000 51.000000
v 49.000000 -107.000000 54.000000
v 50.781391 -108.329788 51.970287
v 51.471210 -108.222145 53.766991
v 51.358501 -108.828667 87.708000
v 50.777859 -107.528793 86.233009
v 49.233017 -108.222145 88.471207
v 9.226336 -128.302673 56.697342
v 9.190977 -128.280975 83.280968
v 9.190977 -125.719040 56.719036
v 9.226334 -125.697342 83.302658
v 46.809025 -128.280975 56.719036
v 46.773666 -128.302673 83.302658
v 46.773666 -125.697342 56.697342
v 46.809025 -125.719032 83.280968
v 14.575447 -129.434219 62.065781
v 14.563660 -129.426987 65.926987
v 14.563662 -128.573013 62.073013
v 14.575447 -128.565796 65.934219
v 19.436342 -129.426987 62.073013
v 19.424555 -129.434219 65.934219
v 19.424555 -128.565796 62.065784
v 19.436340 -128.573013 65.926987
v 14.575447 -129.434219 74.065781
v 14.563660 -129.426987 77.926994
v 14.563662 -128.573029 74.073013
v 14.575447 -128.565796 77.934219
v 19.436342 -129.426987 74.073013
v 19.424555 -129.434219 77.934219
v 19.424553 -128.565796 74.065788
v 19.436340 -128.573013 77.926994
v 26.575447 -129.434219 62.065781
v 26.563660 -129.426987 65.926987
v 26.563663 -128.573013 62.073013
v 26.575447 -128.565796 65.934219
v 31.436344 -129.426987 62.073013
v 31.424557 -129.434219 65.934219
v 31.424557 -128.565796 62.065784
v 31.436340 -128.573013 65.926987
v 26.575447 -129.434219 74.065781
v 26.563660 -129.426987 77.926994
v 26.563663 -128.573029 74.073013
v 26.575447 -128.565796 77.934219
v 31.436340 -129.426987 74.073013
v 31.424557 -129.434219 77.934219
v 31.424553 -128.565796 74.065788
v 31.436340 -128.573013 77.926994
v 38.575447 -129.434219 62.065781
v 38.563660 -129.426987 65.926987
v 38.563663 -128.573013 62.073013
v 38.575447 -128.565796 65.934219
v 43.436344 -129.426987 62.073013
v 43.424557 -129.434219 65.934219
v 43.424557 -128.565796 62.065784
v 43.436340 -128.573013 65.926987
v 38.575447 -129.434219 74.065781
v 38.563660 -129.426987 77.926994
v 38.563663 -128.573029 74.073013
v 38.575447 -128.565796 77.934219
v 43.436340 -129.426987 74.073013
v 43.424557 -129.434219 77.934219
v 43.424553 -128.565796 74.065788
v 43.436340 -128.573013 77.926994
vn 0.0014 -0.9984 -0.0569
vn 0.9999 -0.0004 0.0103
vn 0.0015 0.0018 1.0000
vn -0.9984 0.0001 -0.0572
vn -0.0014 0.9984 -0.0569
vn -0.8829 -0.2533 0.3954
vn -0.8843 -0.2508 0.3938
vn -0.8863 -0.2469 0.3917
vn -0.3383 0.0014 -0.9410
vn -0.4430 -0.8965 -0.0040
vn -0.8734 0.0003 0.4870
vn -0.4405 0.8971 0.0334
vn 0.0012 0.5014 -0.8652
vn 0.0009 0.8368 -0.5474
vn -0.0012 0.5014 0.8652
vn -0.0009 0.8368 0.5474
vn 0.8978 0.4391 0.0336
vn 0.3383 -0.0014 -0.9410
vn 0.3383 0.0014 0.9410
vn 0.4405 -0.8971 0.0334
vn -0.0012 -0.5014 -0.8652
vn -0.0009 -0.8368 -0.5474
vn -0.0005 -0.5027 0.8645
vn 0.0005 -0.8367 0.5477
vn -0.0015 0.0018 -1.0000
vn 0.0007 -0.9992 -0.0411
vn 1.0000 -0.0002 0.0062
vn 0.0007 0.0009 1.0000
vn -1.0000 0.0002 0.0062
vn -0.0007 0.9992 -0.0411
vn 0.0003 0.8841 -0.4672
vn -0.0003 0.8841 0.4672
vn -0.0003 -0.8841 -0.4672
vn 0.0003 -0.8841 0.4672
vn -0.0007 0.0009 -1.0000
vn 0.0001 -1.0000 -0.0084
vn 0.9999 0.0001 -0.0137
vn 0.0001 0.0001 1.0000
vn -0.9999 -0.0001 -0.0137
vn -0.0001 1.0000 -0.0084
vn -0.0001 0.0001 -1.0000
vn 0.0005 -0.9999 -0.0128
vn 0.9999 0.0127 -0.0112
vn 0.0007 0.0155 0.9999
vn -0.9999 -0.0127 -0.0112
vn -0.0005 0.9999 -0.0128
vn -0.4305 0.0123 -0.9025
vn -0.4305 -0.0123 0.9025
vn 0.0010 0.8841 -0.4673
vn -0.0010 0.8841 0.4673
vn 0.8193 0.5728 0.0243
vn 0.4305 -0.0123 -0.9025
vn 0.4305 0.0123 0.9025
vn -0.0010 -0.8841 -0.4673
vn 0.0010 -0.8841 0.4673
vn -0.0007 0.0155 -0.9999
vn -0.0000 -1.0000 -0.0015
vn 0.9999 0.0137 -0.0024
vn -0.0000 0.0084 1.0000
vn -0.9999 -0.0137 -0.0024
vn -0.0000 1.0000 -0.0015
vn -0.0000 0.0084 -1.0000
vn -0.5492 0.5471 0.6317
vn -0.0102 0.7850 -0.6195
vn -0.5515 0.5472 -0.6296
vn 0.7740 -0.0021 0.6332
vn 0.5542 -0.5406 -0.6329
vn 0.7883 -0.0007 -0.6152
vn 0.5494 -0.5532 0.6262
vn 0.0095 -0.7851 -0.6192
vn -0.0003 -0.7747 0.6323
vn -0.5422 -0.5552 -0.6307
vn -0.5470 -0.5487 0.6322
vn -0.7853 -0.0105 -0.6190
vn -0.7746 -0.0009 0.6324
vn 0.5470 0.5511 0.6301
vn 0.5487 0.5520 -0.6279
vn 0.0032 0.7767 0.6299
vn -0.0101 0.7850 -0.6195
vn 0.7883 -0.0007 -0.6153
vn 0.5471 0.5511 0.6301
vn -0.5491 0.5475 0.6315
vn -0.0098 0.7852 -0.6191
vn -0.5516 0.5468 -0.6299
vn 0.7744 -0.0009 0.6327
vn 0.5542 -0.5415 -0.6322
vn 0.7880 -0.0008 -0.6156
vn 0.5490 -0.5482 0.6309
vn 0.0102 -0.7850 -0.6195
vn -0.0032 -0.7767 0.6299
vn -0.5423 -0.5549 -0.6308
vn -0.5469 -0.5494 0.6317
vn -0.7856 -0.0103 -0.6187
vn -0.7746 -0.0001 0.6325
vn 0.5510 0.5497 0.6279
vn 0.5482 0.5521 -0.6282
vn -0.0007 0.7744 0.6327
vn -0.5492 0.5468 0.6319
vn -0.0097 0.7852 -0.6191
vn -0.5514 0.5469 -0.6300
vn 0.7739 -0.0023 0.6333
vn 0.5543 -0.5411 -0.6325
vn 0.7882 -0.0010 -0.6154
vn 0.5495 -0.5494 0.6295
vn 0.0099 -0.7849 -0.6196
vn -0.0023 -0.7766 0.6300
vn -0.5427 -0.5550 -0.6305
vn -0.5475 -0.5484 0.6321
vn -0.7854 -0.0107 -0.6189
vn -0.7747 0.0001 0.6323
vn 0.5514 0.5506 0.6267
vn -0.0008 0.7748 0.6322
vn 0.7881 -0.0008 -0.6156
vn 0.5509 0.5497 0.6280
vn 0.0120 -0.9998 -0.0130
vn 0.9999 0.0007 -0.0119
vn 0.0157 0.0008 0.9999
vn -0.9999 -0.0007 -0.0119
vn -0.0120 0.9998 -0.0130
vn -0.4169 0.0007 -0.9089
vn -0.4169 -0.0007 0.9089
vn 0.0218 0.8814 -0.4719
vn -0.0218 0.8814 0.4719
vn 0.4169 -0.0007 -0.9089
vn 0.4169 0.0007 0.9089
vn -0.0218 -0.8814 -0.4719
vn 0.0218 -0.8814 0.4719
vn -0.0157 0.0008 -0.9999
vn 0.0010 -1.0000 -0.0084
vn 0.9999 0.0009 -0.0137
vn 0.0010 0.0006 1.0000
vn -0.9999 -0.0009 -0.0137
vn -0.0010 1.0000 -0.0084
vn -0.0010 0.0006 -1.0000
vn 0.0236 -0.9992 -0.0319
vn 0.9992 0.0237 -0.0319
vn 0.0219 0.0219 0.9995
vn -0.9992 -0.0236 -0.0319
vn -0.0236 0.9992 -0.0319
vn -0.8653 0.3321 -0.3754
vn -0.8654 0.3321 -0.3753
vn -0.8692 0.3265 -0.3713
vn 0.8653 -0.3321 -0.3754
vn 0.8654 -0.3320 -0.3753
vn 0.8692 -0.3265 -0.3713
vn 0.8653 0.3321 0.3754
vn 0.8654 0.3320 0.3753
vn 0.8692 0.3265 0.3713
vn -0.8731 -0.0034 -0.4875
vn -0.4417 -0.8969 -0.0204
vn -0.2856 -0.0200 0.9581
vn -0.8717 0.0031 0.4901
vn -0.4417 0.8969 0.0204
vn -0.0073 0.5081 -0.8613
vn 0.0080 0.8396 -0.5431
vn 0.0073 0.5081 0.8613
vn -0.0080 0.8396 0.5431
vn 0.8969 0.4417 0.0204
vn 0.8731 0.0034 -0.4875
vn 0.8731 -0.0034 0.4875
vn 0.4417 -0.8969 0.0204
vn 0.0073 -0.5081 -0.8613
vn -0.0080 -0.8397 -0.5431
vn 0.0197 -0.4865 0.8735
vn 0.0148 -0.8423 0.5389
vn -0.0219 0.0219 -0.9995
vn 0.0014 -1.0000 -0.0084
vn 0.9999 0.0022 -0.0137
vn 0.0014 0.0014 1.0000
vn -0.9999 -0.0022 -0.0137
vn -0.0014 1.0000 -0.0084
vn -0.0014 0.0014 -1.0000
vn -0.2629 0.6766 0.6878
vn -0.0297 0.7320 -0.6806
vn -0.3248 0.7631 -0.5588
vn 0.5332 0.5076 0.6768
vn 0.6723 0.2974 -0.6779
vn 0.5569 0.5699 -0.6042
vn 0.7466 0.3028 0.5924
vn 0.8007 0.0031 -0.5990
vn 0.7398 -0.0167 0.6726
vn 0.6949 -0.2735 -0.6650
vn 0.7329 -0.3106 0.6053
vn 0.5649 -0.5551 -0.6106
vn 0.5115 -0.5342 0.6731
vn 0.2961 -0.6788 -0.6720
vn 0.2957 -0.7352 0.6099
vn 0.0048 -0.7570 -0.6534
vn -0.0111 -0.7471 0.6647
vn -0.2723 -0.7008 -0.6593
vn -0.3093 -0.7338 0.6049
vn -0.5569 -0.5699 -0.6042
vn -0.5328 -0.5076 0.6771
vn -0.6713 -0.2988 -0.6783
vn -0.7466 -0.3028 0.5924
vn -0.8007 -0.0031 -0.5990
vn -0.7400 0.0168 0.6724
vn -0.6946 0.2743 -0.6651
vn -0.7168 0.3065 0.6263
vn -0.5503 0.5339 -0.6419
vn -0.5841 0.5798 0.5680
vn 0.3037 0.7196 0.6245
vn 0.2876 0.7093 -0.6436
vn 0.0112 0.8364 0.5480
vn -0.6890 0.4008 0.6039
vn -0.0030 0.7934 -0.6087
vn -0.6875 0.3930 -0.6106
vn 0.6838 -0.4005 0.6099
vn 0.0048 -0.7894 -0.6139
vn 0.6912 -0.3955 -0.6048
vn -0.0032 -0.7934 0.6087
vn -0.6891 -0.4004 -0.6040
vn -0.6882 -0.3926 0.6100
vn 0.6920 0.3956 0.6038
vn 0.6837 0.3997 -0.6105
vn 0.0048 0.7891 0.6143
vn 0.9992 0.0236 -0.0319
vn -0.8653 -0.3321 0.3754
vn -0.8654 -0.3320 0.3753
vn -0.8692 -0.3265 0.3713
vn 0.8654 -0.3321 -0.3753
vn -0.2856 0.0200 -0.9581
vn -0.8717 -0.0031 -0.4901
vn -0.8731 0.0034 0.4875
vn 0.0197 0.4865 -0.8735
vn 0.0148 0.8423 -0.5389
vn -0.0080 0.8397 0.5431
vn 0.8970 0.4417 0.0204
vn -0.0080 -0.8396 -0.5431
vn -0.0073 -0.5081 0.8613
vn 0.0080 -0.8396 0.5431
vn -0.0237 0.0237 -0.9994
vn -0.3023 0.7330 0.6094
vn 0.0030 0.8377 -0.5462
vn -0.2895 0.6761 -0.6776
vn 0.5874 0.5835 0.5608
vn 0.6803 0.2901 -0.6731
vn 0.5473 0.5681 -0.6146
vn 0.6814 0.2714 0.6797
vn 0.7957 0.0137 -0.6055
vn 0.8354 -0.0126 0.5496
vn 0.6909 -0.2774 -0.6676
vn 0.7167 -0.3047 0.6274
vn 0.5122 -0.5361 0.6710
vn -0.5333 -0.5081 0.6764
vn -0.6712 -0.2991 -0.6782
vn -0.7404 0.0166 0.6720
vn -0.6977 0.2731 -0.6622
vn -0.7329 0.3106 0.6053
vn -0.5685 0.5616 -0.6012
vn -0.5111 0.5373 0.6709
vn 0.3041 0.7137 0.6310
vn 0.2779 0.7027 -0.6550
vn 0.0156 0.7414 0.6709
vn -0.6883 -0.3926 0.6100
vn 0.2856 -0.0200 -0.9581
vn 0.8717 0.0031 -0.4901
vn -0.0197 -0.4865 -0.8735
vn -0.0148 -0.8423 -0.5389
vn 0.0080 -0.8397 0.5431
vn -0.2957 0.7352 0.6099
vn -0.0048 0.7570 -0.6534
vn -0.2961 0.6788 -0.6720
vn 0.5333 0.5081 0.6764
vn 0.6712 0.2991 -0.6782
vn 0.7404 -0.0166 0.6720
vn 0.6977 -0.2731 -0.6622
vn 0.5685 -0.5616 -0.6012
vn 0.5111 -0.5373 0.6709
vn 0.2895 -0.6761 -0.6776
vn 0.3023 -0.7330 0.6094
vn -0.0030 -0.8377 -0.5462
vn -0.0156 -0.7414 0.6709
vn -0.2779 -0.7027 -0.6550
vn -0.3041 -0.7137 0.6310
vn -0.5473 -0.5681 -0.6146
vn -0.5874 -0.5835 0.5608
vn -0.6803 -0.2901 -0.6731
vn -0.6814 -0.2714 0.6797
vn -0.7957 -0.0137 -0.6055
vn -0.8354 0.0126 0.5496
vn -0.6909 0.2774 -0.6676
vn -0.7167 0.3047 0.6274
vn -0.5649 0.5551 -0.6106
vn -0.5122 0.5361 0.6710
vn 0.3093 0.7338 0.6049
vn 0.2723 0.7008 -0.6593
vn 0.0111 0.7471 0.6647
vn 0.0237 0.0237 0.9994
vn -0.9992 -0.0237 -0.0319
vn -0.8654 0.3320 -0.3753
vn 0.0080 0.8397 -0.5431
vn -0.0197 0.4865 0.8735
vn -0.0148 0.8423 0.5389
vn 0.2856 0.0200 0.9581
vn 0.8717 -0.0031 0.4901
vn 0.5328 0.5076 0.6771
vn 0.6713 0.2988 -0.6783
vn 0.7400 -0.0168 0.6724
vn 0.6946 -0.2743 -0.6651
vn 0.7168 -0.3065 0.6263
vn 0.5503 -0.5339 -0.6419
vn 0.5841 -0.5798 0.5680
vn 0.3248 -0.7631 -0.5588
vn 0.2629 -0.6766 0.6878
vn 0.0297 -0.7320 -0.6806
vn -0.0112 -0.8364 0.5480
vn -0.2876 -0.7093 -0.6436
vn -0.3037 -0.7196 0.6245
vn -0.5332 -0.5076 0.6768
vn -0.6723 -0.2974 -0.6779
vn -0.7398 0.0167 0.6726
vn -0.6949 0.2735 -0.6650
vn -0.5115 0.5342 0.6731
vn 0.6920 0.3955 0.6039
vn -0.0036 -1.0000 0.0036
vn -0.0047 -0.9711 0.2385
vn -0.0040 -0.9857 0.1685
vn -0.0039 -0.0044 1.0000
vn 0.0331 -0.2253 0.9737
vn 0.0033 -0.2182 0.9759
vn 0.0395 0.9769 0.2098
vn 0.0043 0.9764 0.2158
vn -0.0029 0.9775 -0.2110
vn 0.5353 0.8428 -0.0561
vn 0.0040 1.0000 0.0026
vn 0.0231 0.9996 0.0147
vn 0.0282 0.9732 0.2283
vn 0.0029 0.9999 0.0155
vn -0.0000 0.9999 0.0140
vn 0.0123 0.0152 -0.9998
vn 0.0273 0.2269 -0.9735
vn -0.0130 0.2249 -0.9743
vn 0.0393 0.2099 -0.9769
vn 0.0008 0.5750 -0.8181
vn 0.0043 0.2203 -0.9754
vn -0.0000 0.5774 -0.8165
vn -0.0000 0.8147 -0.5799
vn -0.0021 0.8198 -0.5726
vn -0.0047 0.9711 -0.2385
vn 0.0043 -0.0177 -0.9998
vn 0.0226 -0.2037 -0.9788
vn -0.0000 -0.0153 -0.9999
vn -0.0080 0.2471 0.9690
vn -0.0036 0.5758 0.8176
vn 0.0229 0.2054 0.9784
vn -0.0000 0.5806 0.8142
vn -0.0000 0.8154 0.5789
vn 0.0019 0.8173 0.5762
vn 0.0163 -0.2468 -0.9689
vn -0.0039 -0.5752 -0.8180
vn -0.0000 -0.5804 -0.8144
vn -0.0000 -0.8154 -0.5789
vn 0.0019 -0.8173 -0.5762
vn 0.0281 -0.9732 -0.2283
vn 0.0012 -0.5746 0.8184
vn -0.0000 -0.5784 0.8157
vn -0.0000 -0.8147 0.5799
vn -0.0021 -0.8198 0.5726
vn 0.5810 0.4662 -0.6672
vn 0.0014 0.5798 -0.8148
vn 0.6698 0.5930 -0.4468
vn 0.0041 0.8169 -0.5768
vn 0.6679 0.7026 -0.2455
vn 0.0039 0.9698 -0.2437
vn -0.0018 0.2391 0.9710
vn -0.0024 0.5713 0.8207
vn -0.0040 0.1591 0.9872
vn -0.0000 0.5797 0.8148
vn -0.0000 0.8165 0.5774
vn 0.0008 0.8181 0.5751
vn -0.0028 -0.2387 -0.9711
vn -0.0021 -0.5726 -0.8198
vn -0.0044 -0.1685 -0.9857
vn -0.0000 -0.5799 -0.8147
vn -0.0000 -0.8165 -0.5774
vn 0.0008 -0.8181 -0.5750
vn 0.0395 -0.9769 -0.2098
vn 0.0017 -0.5767 0.8170
vn 0.0268 -0.2279 0.9733
vn -0.0000 -0.5792 0.8152
vn 0.5450 -0.6848 0.4838
vn -0.0013 -0.8176 0.5757
vn 0.6705 -0.7035 0.2356
vn 0.0037 -0.9702 0.2424
vn -0.0035 -0.0044 -1.0000
vn -0.0035 0.5756 0.8177
vn 0.0042 0.9815 0.1913
vn -0.0020 0.8221 0.5694
vn -0.0000 0.8168 0.5769
vn 0.5354 -0.8427 0.0561
vn 0.0042 -1.0000 -0.0027
vn 0.0231 -0.9996 -0.0147
vn -0.0000 0.5770 0.8168
vn -0.0024 0.5864 0.8100
vn -0.0079 0.2421 0.9702
vn 0.0254 0.2031 0.9788
vn 0.0022 -1.0000 0.0014
vn 0.5708 -0.8209 -0.0146
vn 0.0200 -0.9997 0.0127
vn 0.7534 0.1693 0.6353
vn 0.0024 0.3091 0.9510
vn 0.0034 0.0459 0.9989
vn 0.4355 -0.0607 -0.8981
vn 0.0047 -0.1643 -0.9864
vn 0.7592 -0.1530 -0.6326
vn 0.0042 -0.9815 -0.1913
vn -0.0020 -0.8221 -0.5694
vn -0.0000 -0.8168 -0.5769
vn -0.0028 0.0091 1.0000
vn -0.0000 -0.5780 -0.8160
vn 0.0020 -0.5702 -0.8215
vn 0.4263 0.9045 0.0136
vn 0.7682 0.6286 0.1217
vn -0.1661 0.9861 0.0046
vn 0.0295 0.9736 0.2264
vn 0.0109 0.9998 0.0137
vn 0.0116 0.9998 0.0140
vn 0.0137 -0.9999 0.0054
vn 0.7663 -0.6214 0.1630
vn 0.0003 -1.0000 0.0064
vn 0.0109 -0.0160 0.9998
vn -0.0131 -0.2267 0.9739
vn 0.0134 -0.0150 -0.9998
vn -0.0222 -0.2014 -0.9793
vn 0.0138 -0.0153 -0.9998
vn 0.0013 -0.8207 0.5714
vn 0.0064 -0.9835 0.1807
vn 0.0033 0.1916 -0.9815
vn -0.0016 0.5717 -0.8205
vn -0.0000 0.5780 -0.8161
vn -0.0000 0.8172 -0.5764
vn 0.0013 0.8207 -0.5714
vn 0.0031 -0.0462 0.9989
vn 0.7559 -0.1336 0.6409
vn 0.0042 -0.3070 0.9517
vn 0.7663 0.6214 -0.1631
vn 0.0064 0.9835 -0.1807
vn -0.0033 -0.5710 0.8209
vn -0.0000 -0.5878 0.8090
vn -0.0000 -0.8172 0.5764
vn -0.0019 -0.8173 0.5762
vn -0.0282 -0.9732 0.2283
vn -0.0000 -0.8154 0.5789
vn -0.0026 -0.8169 0.5767
vn -0.0345 -0.9736 0.2258
vn -0.0000 -0.8157 0.5784
vn -0.0000 -0.5806 0.8142
vn 0.0036 -0.5758 0.8176
vn -0.0000 -0.5797 0.8148
vn 0.0052 -0.5756 0.8177
vn 0.0080 -0.2471 0.9690
vn -0.0229 -0.2054 0.9784
vn 0.0077 -0.2493 0.9684
vn -0.0001 -0.1820 0.9833
vn -0.0019 0.8173 -0.5762
vn -0.0281 0.9732 -0.2283
vn -0.0000 0.8154 -0.5789
vn -0.0024 0.8171 -0.5765
vn -0.0346 0.9738 -0.2249
vn -0.0000 0.8161 -0.5780
vn -0.0000 0.5804 -0.8144
vn 0.0039 0.5752 -0.8180
vn -0.0000 0.5799 -0.8147
vn 0.0047 0.5762 -0.8173
vn -0.0163 0.2468 -0.9689
vn -0.0226 0.2037 -0.9788
vn 0.0074 0.2493 -0.9684
vn -0.0005 0.1841 -0.9829
vn 0.0037 -0.9702 -0.2424
vn 0.6690 -0.7002 -0.2492
vn 0.0026 -0.8169 -0.5767
vn 0.0345 -0.9736 -0.2258
vn -0.0000 -0.8157 -0.5784
vn 0.0029 -0.8178 -0.5755
vn 0.6721 -0.5931 -0.4432
vn -0.0047 -0.5762 -0.8173
vn 0.5829 -0.4689 -0.6636
vn -0.0038 -0.5750 -0.8181
vn -0.0074 -0.2493 -0.9684
vn 0.0005 -0.1841 -0.9829
vn -0.0081 -0.2420 -0.9702
vn 0.0026 0.8169 0.5767
vn 0.0340 0.9736 0.2257
vn -0.0000 0.8157 0.5784
vn 0.0018 0.8173 0.5761
vn -0.0052 0.5756 0.8177
vn -0.0077 0.2493 0.9684
vn 0.0001 0.1820 0.9833
vn 0.0014 -0.0053 -1.0000
vn -0.0000 -0.0048 -1.0000
vn -0.0042 -0.0181 0.9998
vn -0.0000 -0.0157 0.9999
vn -0.0014 -0.0051 1.0000
vn -0.0000 -0.0047 1.0000
vn -0.0029 1.0000 -0.0014
vn -0.0056 0.9999 0.0097
vn -0.0029 -0.9999 0.0155
vn -0.0000 -0.9999 0.0140
vn -0.0009 -1.0000 0.0047
vn -0.0000 -1.0000 0.0044
vn 0.0009 -1.0000 -0.0047
vn 0.0148 -0.9786 -0.2051
vn -0.0000 -1.0000 -0.0000
vn -0.0029 -1.0000 -0.0033
vn 0.0029 -0.9999 -0.0155
vn -0.0151 -0.9734 -0.2285
vn -0.0010 1.0000 -0.0046
vn -0.0146 0.9785 -0.2057
vn -0.0000 1.0000 -0.0000
vn 0.0120 -0.9999 -0.0045
vn 0.7562 -0.6420 -0.1267
vn -0.0000 0.0047 1.0000
vn 0.0014 0.0051 1.0000
vn -0.0021 0.0042 1.0000
vn 0.0042 0.0181 0.9998
vn -0.0014 0.0053 -1.0000
vn 0.0133 0.0154 0.9998
vn -0.0027 0.0041 -1.0000
vn -0.0043 0.0177 -0.9998
vn -0.0000 -0.0000 1.0000
vn -0.0000 -1.0000 -0.0044
vn -0.0029 0.9999 -0.0155
vn 0.0151 0.9734 -0.2285
vn -0.0036 1.0000 -0.0036
vn -0.0040 0.9857 -0.1685
vn 0.0043 -0.9764 -0.2158
vn 0.0002 1.0000 0.0001
vn -0.0150 0.9351 -0.3541
vn -0.0000 1.0000 -0.0043
vn -0.0002 1.0000 -0.0006
vn -1.0000 -0.0000 -0.0000
vn 1.0000 -0.0009 -0.0000
vn 1.0000 -0.0001 -0.0001
vn 1.0000 -0.0000 -0.0001
vn 1.0000 -0.0000 -0.0000
vn -0.0000 -0.0000 -1.0000
vn -0.0129 0.0332 -0.9994
vn -0.0418 0.1077 -0.9933
vn -0.0545 0.1405 -0.9886
vn 0.0137 0.9999 -0.0054
vn -0.1664 0.9860 -0.0047
vn 0.4816 0.8583 0.1768
vn 0.9969 0.0002 0.0786
vn 0.9971 -0.0000 0.0767
vn 0.4322 0.0158 -0.9016
vn -0.0026 -0.0084 1.0000
vn -0.0000 -0.0009 1.0000
vn 0.6974 0.0108 0.7166
vn 0.1567 -0.9870 -0.0353
vn 0.1724 -0.9788 -0.1106
vn 0.0862 -0.9844 -0.1537
vn 0.6971 -0.0100 0.7169
vn 0.0120 0.9999 0.0045
vn 0.4590 -0.1792 0.8702
vn 0.9969 -0.0789 0.0002
vn 0.9971 -0.0767 -0.0000
vn 0.4816 0.1767 -0.8584
vn 0.9969 0.0789 -0.0002
vn 0.9971 0.0767 -0.0000
vn 0.4300 0.9008 -0.0604
vn 0.4263 -0.9045 -0.0136
vn 0.4300 -0.9008 0.0604
vn 0.1567 0.9870 -0.0353
vn 0.1018 0.9945 -0.0250
vn 0.0862 0.9844 -0.1537
vn 1.0000 -0.0005 -0.0005
vn 0.9751 0.0363 0.2190
vn 1.0000 -0.0006 -0.0006
vn 0.9747 0.2179 0.0505
vn 0.9998 -0.0182 -0.0114
vn 0.9742 -0.0459 -0.2210
vn 0.9995 -0.0255 -0.0176
vn 0.9998 0.0186 -0.0116
vn 0.9749 0.0522 -0.2164
vn 0.9995 0.0258 -0.0183
vn 1.0000 0.0005 -0.0005
vn 0.9770 -0.0409 0.2094
vn 1.0000 -0.0077 -0.0027
vn 0.9998 -0.0179 0.0004
vn 0.9986 0.0004 -0.0529
vn 0.9986 -0.0005 -0.0527
vn 0.7477 -0.6601 0.0725
vn 0.9995 0.0215 -0.0210
vn 0.7575 0.1467 -0.6362
vn 0.7531 0.0582 0.6553
vn 0.9995 -0.0237 -0.0187
vn 0.7531 -0.0582 -0.6553
vn 0.9995 0.0279 0.0177
vn 0.1242 -0.1268 -0.9841
vn 0.1242 0.1268 0.9841
vn 0.1525 -0.9805 0.1241
vn -0.9299 0.2134 -0.2995
vn -0.9175 0.0778 -0.3901
vn -0.9300 0.2126 -0.2997
vn -0.9300 0.2985 -0.2142
vn -0.9291 0.3005 -0.2157
vn -0.9156 0.3891 -0.1015
vn -0.9158 0.3927 -0.0847
vn -0.9272 0.0721 0.3676
vn -0.9291 0.2115 0.3035
vn -0.9198 0.1102 0.3765
vn -0.9300 0.2110 0.3008
vn -0.9300 0.2997 0.2126
vn -0.9293 0.3011 0.2139
vn -0.9176 0.3866 0.0927
vn -0.9284 -0.2162 -0.3022
vn -0.9134 -0.1117 -0.3915
vn -0.9182 -0.0674 -0.3903
vn -0.9300 -0.2997 -0.2126
vn -0.9300 -0.2142 -0.2985
vn -0.9293 -0.3011 -0.2139
vn -0.9176 -0.3867 -0.0923
vn -0.9285 -0.0941 0.3591
vn -0.9303 -0.2125 0.2990
vn -0.9300 -0.2136 0.2990
vn -0.9300 -0.2986 0.2142
vn -0.9291 -0.3006 0.2157
vn -0.9195 -0.3822 0.0915
vn -0.9158 -0.3927 0.0847
vn -0.7121 0.5071 -0.4856
vn -0.7148 0.5047 -0.4841
vn -0.9290 -0.3699 0.0058
vn -0.9293 -0.3694 0.0058
vn -0.9296 0.0068 0.3686
vn -0.9294 0.0068 0.3690
vn -0.9290 0.3699 -0.0058
vn -0.9293 0.3694 -0.0058
vn -0.9296 -0.3004 0.2134
vn -0.9160 -0.3926 0.0828
vn -0.9162 -0.3888 0.0971
vn 0.9293 -0.3011 0.2139
vn 0.9176 -0.3866 0.0927
vn 0.9300 -0.2997 0.2126
vn -0.9300 -0.2120 0.3002
vn -0.9300 -0.3000 0.2122
vn 0.9300 -0.2111 0.3008
vn 0.9290 -0.2115 0.3035
vn -0.9313 -0.0890 0.3532
vn -0.9305 -0.2104 0.2999
vn 0.9272 -0.0721 0.3676
vn 0.9159 -0.1164 0.3842
vn -0.9261 0.3643 -0.0977
vn -0.9302 0.3000 -0.2117
vn -0.9229 0.3785 -0.0702
vn 0.9293 0.3011 -0.2139
vn 0.9176 0.3867 -0.0923
vn 0.9300 0.2997 -0.2126
vn -0.9299 0.2115 -0.3009
vn -0.9300 0.2996 -0.2127
vn 0.9284 0.2162 -0.3022
vn 0.9300 0.2142 -0.2985
vn -0.9168 0.0758 -0.3921
vn -0.9300 0.2105 -0.3012
vn 0.9134 0.1117 -0.3915
vn 0.9184 0.0680 -0.3898
vn 0.9296 -0.3004 -0.2134
vn 0.9198 -0.3855 -0.0731
vn 0.9162 -0.3888 -0.0971
vn -0.9295 -0.3005 -0.2140
vn -0.9172 -0.3886 -0.0881
vn 0.9305 -0.2110 -0.2993
vn 0.9300 -0.3000 -0.2122
vn 0.9117 -0.0628 -0.4059
vn 0.9300 -0.2105 -0.3012
vn -0.9184 -0.0680 -0.3898
vn 0.9296 0.3004 0.2134
vn 0.9199 0.3854 0.0730
vn 0.9162 0.3888 0.0971
vn 0.9300 0.2137 0.2990
vn 0.9300 0.3000 0.2122
vn -0.9300 0.2111 0.3008
vn -0.9290 0.2115 0.3035
vn 0.9342 0.0982 0.3429
vn 0.9309 0.2115 0.2977
vn 0.9283 -0.0048 -0.3718
vn 0.9279 -0.1016 -0.3587
vn -0.9294 -0.0066 -0.3691
vn -0.9288 -0.0052 0.3705
vn -0.9246 -0.0620 0.3757
vn 0.9296 -0.0068 0.3686
vn 0.9294 -0.0068 0.3690
vn 0.9289 0.3704 -0.0051
vn 0.9206 0.3826 -0.0778
vn -0.9289 0.3703 -0.0052
vn -0.9292 0.3696 -0.0052
vn -0.9288 -0.3706 -0.0052
vn -0.9203 -0.3822 -0.0829
vn 0.9287 -0.3708 -0.0049
vn 0.9291 -0.3697 -0.0048
vn -0.9287 0.0060 -0.3708
vn -0.9197 0.1021 -0.3792
vn -0.9289 -0.3704 -0.0051
vn -0.9206 -0.3826 -0.0778
vn -0.9288 -0.0062 0.3704
vn -0.9218 -0.0672 0.3818
vn -0.9289 0.3704 0.0051
vn -0.9206 0.3826 0.0778
vn 0.9294 0.0066 -0.3691
vn -0.9285 0.0047 -0.3713
vn -0.9222 0.0903 -0.3759
vn 0.9285 0.0053 0.3712
vn 0.9177 0.0497 0.3942
vn 0.9317 0.3633 0.0044
vn 0.9321 0.3623 0.0043
vn -0.9288 0.3704 0.0051
vn -0.9287 -0.3708 0.0049
vn -0.9291 -0.3697 0.0048
vn 0.9289 -0.3704 0.0051
vn 0.9206 -0.3826 0.0778
vn -0.0000 -0.3714 0.9285
vn -0.0000 -0.3714 -0.9285
vn -0.0004 0.3675 -0.9300
vn -0.0000 0.3714 -0.9285
vn -0.0000 -0.9285 0.3714
vn -0.0000 0.9285 0.3714
vn -0.0006 -0.9308 -0.3655
vn -0.0000 -0.9285 -0.3714
vn -0.0006 0.9308 -0.3655
vn 0.1724 0.9788 -0.1106
vn -0.0000 0.9285 -0.3714
vn -0.0006 -0.9308 0.3655
vn -0.0004 0.9300 0.3675
vn -0.0000 0.3714 0.9285
vn -0.0328 0.6546 -0.7553
vn -0.0006 0.3663 0.9305
vn -0.0004 -0.3680 0.9298
vn -0.0006 -0.3663 -0.9305
vn 0.9386 0.1046 0.3288
vn 0.8928 0.3135 0.3234
vn 0.9475 0.1588 0.2776
vn 0.9543 0.2543 0.1567
vn 0.9168 0.3866 0.0999
vn 0.9172 0.1004 -0.3855
vn 0.9344 -0.1093 0.3392
vn 0.8870 -0.3183 0.3346
vn 0.9246 -0.0996 -0.3677
vn 0.0851 0.9962 -0.0198
vn 0.1018 -0.9945 -0.0250
vn 0.0851 -0.9962 -0.0198
vn 0.2083 -0.0000 0.9781
vn -0.0000 0.0003 1.0000
vn -0.0000 0.0009 1.0000
vn -0.0000 -0.0002 1.0000
vn 0.0002 -1.0000 -0.0059
vn -0.5049 -0.6241 -0.5963
vn -0.3756 -0.8864 0.2707
vn -0.2866 -0.8759 -0.3882
vn -0.3046 0.8982 -0.3169
vn -0.2644 0.8846 0.3843
vn -0.0327 0.8290 0.5583
vn 0.3490 -0.8477 0.3995
vn 0.3455 -0.8424 0.4135
vn -0.2480 0.9124 -0.3256
vn 0.7402 0.6519 0.1647
vn 0.5287 0.7853 0.3221
vn 0.6162 0.7852 0.0604
vn -0.5105 0.8598 -0.0109
vn 0.6999 0.5363 -0.4717
vn -0.4999 0.5859 -0.6378
vn 0.5393 0.0246 -0.8418
vn -0.3947 -0.5378 -0.7450
vn 0.8591 -0.4595 -0.2256
vn -0.3885 -0.9079 -0.1573
vn -0.3622 -0.8392 -0.4057
vn 0.6377 -0.7627 -0.1080
vn -0.0270 -0.6434 -0.7650
vn -0.7578 0.5741 -0.3101
vn -0.9282 -0.3045 0.2139
vn -0.6129 -0.6163 -0.4945
vn -0.3751 -0.2825 -0.8829
vn -0.3054 0.3809 -0.8727
vn -0.5900 -0.4287 0.6842
vn -0.9260 0.3773 0.0112
vn -0.5676 0.3333 0.7528
vn 0.7112 -0.7026 0.0243
vn 0.0620 0.7819 0.6203
vn 0.0131 0.9249 -0.3801
vn 0.0905 0.8582 0.5052
vn 0.5883 -0.8050 -0.0765
vn 0.6128 -0.7756 0.1516
vn 0.9085 0.2844 0.3061
vn 0.5433 0.8365 -0.0714
vn -0.2510 -0.4251 0.8697
vn -0.0984 -0.8022 0.5889
vn 0.8561 -0.4199 0.3012
vn 0.8231 -0.0872 0.5612
vn -0.1085 -0.7945 0.5975
vn -0.1219 0.6680 0.7341
vn 0.2855 -0.8442 0.4536
vn -0.8335 0.5199 -0.1869
vn 0.7806 0.3889 0.4894
vn 0.5632 0.4209 0.7111
vn 0.8446 -0.4072 0.3477
vn 0.9977 -0.0634 -0.0226
vn 0.9983 -0.0539 0.0222
vn 0.3511 0.9337 0.0705
vn 0.9983 0.0538 -0.0219
vn 0.8403 0.3916 -0.3749
vn -0.6493 -0.3404 -0.6802
vn -0.9984 0.0250 -0.0500
vn -0.6966 0.5717 -0.4335
vn -0.7773 -0.2650 -0.5707
vn -0.9980 -0.0285 -0.0563
vn -0.9994 -0.0000 -0.0353
vn -0.7739 -0.2762 0.5699
vn -0.9985 0.0271 0.0483
vn -0.9994 -0.0000 0.0353
vn -0.6472 -0.3480 0.6783
vn -0.9984 -0.0250 0.0500
vn -0.6958 -0.5718 0.4347
vn 0.9980 0.0285 -0.0563
vn 0.8598 0.2776 -0.4286
vn 0.5974 0.0821 -0.7978
vn 0.7954 -0.4043 -0.4516
vn 0.5963 -0.0820 0.7986
vn 0.9983 0.0534 0.0222
vn 0.6098 0.1028 0.7859
vn 0.9985 -0.0271 0.0483
vn -0.8173 0.4028 0.4120
vn -0.9977 0.0634 -0.0226
vn -0.9983 0.0539 0.0222
vn -0.2545 -0.9020 0.3489
vn -0.9983 -0.0538 -0.0219
vn -0.8403 -0.3916 -0.3749
vn -0.9983 -0.0534 0.0222
vn -0.4721 -0.6502 -0.5954
vn -0.8142 -0.0157 0.5804
vn 0.7773 0.2650 -0.5707
vn 0.9994 -0.0000 -0.0353
vn 0.7768 -0.2649 0.5714
vn 0.9994 -0.0000 0.0353
vn 0.6471 0.3480 0.6783
vn 0.9984 0.0250 0.0500
vn 0.6493 0.3404 -0.6802
vn 0.9984 -0.0250 -0.0500
vn -0.7500 0.6566 0.0798
vn 0.9976 -0.0662 -0.0216
vn -0.6493 -0.3404 -0.6801
vn -0.7769 -0.2660 -0.5707
vn -0.9979 -0.0281 -0.0584
vn -0.7768 0.2649 0.5714
vn -0.6471 -0.3480 0.6783
vn 0.8598 0.2775 -0.4287
vn 0.7726 0.0413 -0.6336
vn 0.7900 -0.3974 -0.4668
vn -0.2545 -0.9019 0.3489
vn -0.9985 -0.0511 -0.0209
vn -0.8216 -0.3996 -0.4066
vn -0.4703 -0.6634 -0.5821
vn 0.6491 0.3413 -0.6798
vn 0.9986 -0.0236 -0.0480
vn -0.7500 0.6566 0.0799
vn 0.4160 -0.9008 -0.1241
vn 0.4153 -0.9036 0.1048
vn 0.2469 -0.9537 0.1719
vn 0.4841 0.0811 0.8712
vn 0.5210 0.0168 0.8534
vn 0.5700 -0.0471 0.8203
vn -0.0003 -0.0001 -1.0000
vn -0.1217 -0.0962 -0.9879
vn -0.0003 -0.0000 -1.0000
vn -0.3889 0.9125 -0.1271
vn -0.4236 0.9009 0.0944
vn -0.2506 0.9562 -0.1512
vn 0.0028 -1.0000 -0.0000
vn 0.0004 -1.0000 -0.0000
vn -0.0007 0.9998 0.0197
vn 0.7791 0.6100 -0.1446
vn 0.4105 0.8254 -0.3876
vn -0.0098 1.0000 0.0002
vn -0.2573 0.1183 -0.9590
vn -0.1567 0.1315 -0.9788
vn 0.1753 -0.6043 -0.7773
vn 0.6965 -0.6081 -0.3810
vn 0.0061 -1.0000 0.0013
vn -0.3078 0.0845 -0.9477
vn 0.2935 0.9555 0.0309
vn 0.3293 0.9355 -0.1284
vn 0.2728 0.9500 0.1517
vn 0.5210 -0.0168 0.8534
vn 0.4841 -0.0810 0.8712
vn 0.4556 0.0002 0.8902
vn -0.1387 -0.1044 -0.9848
vn -0.0003 0.0001 -1.0000
vn -0.4049 -0.9066 -0.1186
vn -0.4004 -0.9154 0.0407
vn -0.1733 -0.9770 0.1246
vn 0.0004 1.0000 -0.0005
vn 0.0004 1.0000 -0.0000
vn 0.0002 -1.0000 0.0006
vn -0.4060 -0.6394 -0.6529
vn 0.6067 -0.6485 -0.4598
vn -0.0007 -1.0000 -0.0026
vn -0.2575 -0.1184 -0.9590
vn -0.0018 1.0000 0.0011
vn -0.0013 1.0000 0.0033
vn -0.3277 0.0706 -0.9421
vn 0.6830 -0.7304 -0.0000
vn 0.0394 -0.9992 -0.0000
vn 0.0274 -0.9996 -0.0000
vn 0.0395 -0.9992 -0.0000
vn -0.0118 -0.9956 -0.0925
vn 0.0171 -0.9884 -0.1512
vn 0.6891 -0.2590 -0.6768
vn -0.0174 -0.9843 0.1754
vn 0.0133 -0.0506 0.9986
vn -0.0145 0.9911 0.1326
vn 0.9021 0.3926 -0.1793
vn 0.0396 -0.9992 -0.0000
vn 0.0274 -0.9996 0.0002
vn -0.0150 -0.9911 -0.1322
vn -0.0109 -0.9964 0.0846
vn 0.3774 -0.0165 0.9259
vn 0.9331 0.2976 0.2019
vn 0.0012 0.0691 0.9976
vn 0.1000 -0.0042 0.9950
vn 0.0934 -0.0000 0.9956
vn 0.0686 0.6832 0.7270
vn 0.2835 0.0705 0.9564
vn 0.2638 0.1567 0.9518
vn 0.0672 -0.6812 0.7290
vn -0.0034 -0.3455 -0.9384
vn -0.0236 0.1887 -0.9817
vn -0.0000 0.3599 -0.9330
vn -0.5198 -0.8290 -0.2066
vn -0.0217 -0.0969 0.9951
vn 0.9918 0.0179 -0.1262
vn 0.0219 -0.0000 -0.9998
vn 0.0396 0.9992 -0.0000
vn 0.6830 0.7304 -0.0000
vn 0.0274 0.9996 -0.0000
vn -0.0150 0.9911 0.1322
vn -0.0109 0.9964 -0.0846
vn 0.3774 0.0165 -0.9259
vn 0.9331 -0.2976 -0.2019
vn 0.0012 -0.0691 -0.9976
vn 0.0394 0.9992 -0.0000
vn 0.0395 0.9992 -0.0000
vn -0.0118 0.9956 0.0925
vn 0.0171 0.9884 0.1512
vn 0.6891 0.2590 0.6768
vn -0.0174 0.9843 -0.1754
vn 0.0133 0.0506 -0.9986
vn -0.0145 -0.9911 -0.1326
vn 0.9021 -0.3926 0.1793
vn 0.1028 0.0032 0.9947
vn 0.2835 -0.0704 0.9564
vn 0.0932 -0.0156 0.9955
vn 0.2229 -0.1107 0.9685
vn -0.0033 0.3709 -0.9287
vn -0.0234 -0.1887 -0.9818
vn -0.0000 -0.3598 -0.9330
vn -0.5688 0.8193 -0.0718
vn 0.0270 0.9959 0.0860
vn 0.0879 -0.0000 0.9961
vn 0.9485 0.2045 -0.2419
vn 0.0452 -0.0096 -0.9989
vn 0.9590 0.0094 -0.2833
vn 0.6391 0.0016 -0.7691
vn 0.8792 -0.4675 -0.0919
vn 0.6360 -0.0000 -0.7717
vn -0.0037 1.0000 -0.0019
vn -0.0000 1.0000 -0.0002
vn 0.5499 0.5113 0.6604
vn 0.6720 0.6600 -0.3359
vn 0.0058 -1.0000 -0.0033
vn 0.3091 -0.6476 0.6965
vn 0.0034 -1.0000 0.0010
vn -0.0060 1.0000 0.0032
vn -0.0160 -0.0270 0.9995
vn 0.6391 -0.0016 -0.7691
vn 0.8792 0.4675 -0.0919
vn 0.6720 -0.6600 -0.3359
vn -0.0037 -1.0000 -0.0019
vn -0.0000 -1.0000 -0.0002
vn 0.5500 -0.5113 0.6604
vn 0.0034 1.0000 0.0010
vn -0.0000 1.0000 0.0044
vn 0.3090 0.6476 0.6965
vn 0.0058 1.0000 -0.0033
vn -0.0060 -1.0000 0.0032
vn -0.0160 0.0270 0.9995
vn -0.5653 0.3949 -0.7243
vn -0.0892 -0.9875 0.1298
vn -0.4471 0.3488 0.8237
vn -0.3420 0.8263 0.4475
vn -0.8949 0.4207 0.1491
vn -0.1001 -0.9945 0.0300
vn -0.4264 -0.7679 -0.4780
vn -0.0732 0.9967 -0.0353
vn 0.3171 0.4636 -0.8274
vn 0.1228 0.9866 0.1078
vn 0.2506 -0.5348 0.8070
vn 0.1234 -0.9864 -0.1089
vn -0.0926 0.9867 0.1338
vn -0.5683 0.3685 -0.7357
vn -0.8067 -0.3924 0.4419
vn -0.5665 -0.3959 0.7227
vn -0.0901 0.9873 -0.1312
vn -0.4447 -0.3498 -0.8245
vn -0.0964 -0.9951 0.0214
vn -0.4342 -0.7681 -0.4706
vn -0.3398 0.8240 0.4534
vn 0.1033 -0.9906 0.0895
vn 0.8198 -0.3725 -0.4350
vn 0.8363 0.4368 0.3312
vn 0.1057 0.9901 -0.0925
vn -0.8058 0.3921 -0.4437
vn -0.0932 -0.9865 -0.1348
vn -0.0002 -0.1004 -0.9949
vn -0.0721 -0.0388 -0.9966
vn 0.0016 0.1477 -0.9890
vn -0.1007 0.0351 -0.9943
vn -0.0784 -0.2009 -0.9765
vn -0.0780 0.0663 -0.9947
vn -0.8071 0.5208 0.2779
vn -0.6887 -0.6935 0.2116
vn -0.8059 -0.5209 0.2814
vn -0.0784 0.2009 -0.9765
vn -0.0783 -0.0661 -0.9947
vn -0.3489 -0.2223 0.9104
vn -0.3577 0.1296 0.9248
vn 0.5610 -0.8108 -0.1672
vn 0.1100 0.0025 -0.9939
vn 0.5980 0.5255 0.6052
vn -0.6893 0.6927 0.2122
vn -0.3820 -0.1344 -0.9144
vn -0.6892 0.6932 -0.2107
vn 0.6000 0.7138 0.3612
vn -0.0760 0.0409 0.9963
vn -0.0788 -0.2027 0.9761
vn 0.0461 -0.0607 0.9971
vn -0.8067 0.5208 -0.2794
vn -0.6893 -0.6933 -0.2104
vn -0.8064 -0.5208 -0.2801
vn -0.0788 0.2027 0.9761
vn -0.0800 -0.0672 0.9945
vn -0.3329 0.2121 -0.9188
vn -0.0986 -0.0348 0.9945
vn -0.0799 0.0672 0.9945
vn 0.0452 0.0664 0.9968
vn 0.5396 -0.7008 -0.4666
vn 0.0850 -0.0000 0.9964
vn -0.0736 0.9965 -0.0400
vn 0.0313 0.9731 0.2284
vn 0.0138 0.0161 -0.9998
vn -0.0156 0.9743 0.2247
vn 0.0116 -0.0164 0.9998
vn -0.0313 -0.9731 0.2284
vn -0.0148 -0.9786 0.2051
vn 0.0148 0.9786 0.2051
vn -0.0000 -0.9999 -0.0140
vn -0.0000 0.0157 0.9999
vn -0.0000 0.0048 -1.0000
vn 0.0138 0.0157 0.9998
vn -0.0000 0.0153 -0.9999
vn -0.0000 0.9999 -0.0140
vn 1.0000 -0.0010 -0.0000
vn 0.9885 0.0992 0.1141
vn 0.9880 -0.1140 0.1040
vn 0.9885 0.1141 -0.0997
vn 0.1201 0.9716 0.2040
vn 0.1189 -0.1923 0.9741
vn 0.1201 0.2040 -0.9716
vn 0.9291 -0.0046 -0.3698
vn -0.9292 -0.0051 0.3696
vn 0.9292 0.3696 -0.0051
vn -0.9292 -0.3697 -0.0051
vn -0.9293 0.0058 -0.3694
vn -0.9292 -0.3696 -0.0051
vn -0.9293 -0.0061 0.3693
vn -0.9292 0.3696 0.0051
vn -0.9291 0.0046 -0.3698
vn 0.9292 0.0051 0.3696
vn -0.9292 0.3697 0.0051
vn 0.9292 -0.3696 0.0051
vn 0.9481 -0.1568 0.2766
vn -0.9990 -0.0000 -0.0447
vn -0.9990 -0.0000 0.0447
vn 0.9990 -0.0000 0.0447
vn 0.9990 -0.0000 -0.0447
vn 0.2776 -0.9499 -0.1434
vn 0.4290 -0.1598 0.8891
vn -0.2855 0.9417 -0.1782
vn -0.0003 -0.9999 -0.0146
vn 0.0003 1.0000 -0.0000
vn -0.0027 1.0000 -0.0000
vn 0.0026 0.9998 -0.0202
vn 0.0030 -0.9997 0.0223
vn 0.3365 0.9409 0.0371
vn 0.4585 0.0004 0.8887
vn 0.0003 -1.0000 -0.0000
vn 0.1837 0.0113 -0.9829
vn 0.8767 0.0330 -0.4798
vn 0.9830 -0.0221 -0.1824
vn 0.0273 -0.9996 -0.0000
vn -0.0174 -0.9879 0.1540
vn -0.0168 0.9879 0.1540
vn -0.0174 -0.9879 -0.1540
vn -0.0168 0.9879 -0.1540
vn 0.0004 0.3601 -0.9329
vn 0.3703 -0.0040 0.9289
vn 0.8132 0.0881 0.5753
vn 0.0528 0.0127 -0.9985
vn -0.0174 0.9879 0.1540
vn -0.0168 -0.9879 0.1540
vn 0.0273 0.9996 -0.0000
vn -0.0174 0.9879 -0.1540
vn -0.0168 -0.9879 -0.1540
vn 0.0777 -0.0000 0.9970
vn -0.0252 0.1126 0.9933
vn 0.3703 0.0038 0.9289
vn -0.0321 -0.0487 0.9983
vn -0.0321 0.0487 0.9983
vn 0.1018 -0.0000 -0.9948
vn 0.0003 -1.0000 -0.0004
vn 1.0000 0.0079 -0.0013
vn 0.0002 0.0048 1.0000
vn -1.0000 -0.0099 -0.0006
vn -0.0033 1.0000 -0.0005
vn 0.2682 0.8704 -0.4129
vn 0.2651 0.8723 -0.4109
vn 0.2628 0.8736 -0.4096
vn 0.4840 0.7715 0.4130
vn 0.4750 0.7795 0.4083
vn 0.4724 0.7821 0.4063
vn -0.3484 0.0533 -0.9358
vn -0.9128 -0.4084 -0.0026
vn -0.8861 -0.0103 0.4635
vn 0.0017 0.8720 -0.4895
vn -0.0026 0.8839 0.4677
vn 0.3418 0.9398 0.0013
vn 0.3350 -0.0229 -0.9419
vn 0.9069 -0.0016 0.4214
vn -0.0020 -0.3700 -0.9290
vn 0.0006 -0.8841 0.4672
vn -0.0021 0.0120 -0.9999
vn 0.0009 -1.0000 -0.0002
vn 0.9999 0.0137 -0.0003
vn 0.0009 0.0084 1.0000
vn -0.9999 -0.0137 -0.0003
vn -0.0009 1.0000 -0.0002
vn -0.0009 0.0084 -1.0000
vn 0.0006 -1.0000 -0.0004
vn 1.0000 0.0099 -0.0005
vn -0.0006 -0.0121 0.9999
vn -0.9999 -0.0143 -0.0008
vn -0.0005 1.0000 -0.0006
vn -0.3448 -0.0277 0.9383
vn -0.0003 0.3692 -0.9294
vn -0.0015 0.8840 0.4675
vn 0.9136 0.4067 -0.0012
vn 0.3484 -0.0533 -0.9358
vn 0.3448 0.0277 0.9383
vn -0.0027 -0.8839 -0.4677
vn 0.0015 -0.8840 0.4674
vn -0.0003 0.0100 -1.0000
vn 0.0017 -0.9986 -0.0532
vn 0.9984 0.0022 -0.0567
vn 0.0085 0.0037 1.0000
vn -0.9973 -0.0029 -0.0736
vn -0.0061 0.9977 -0.0669
vn -0.4150 0.1901 0.8897
vn -0.4131 0.1874 0.8912
vn -0.4093 0.1809 0.8943
vn 0.4150 -0.1901 0.8897
vn 0.4131 -0.1874 0.8912
vn 0.4093 -0.1809 0.8943
vn -0.2803 0.0026 -0.9599
vn -0.8783 0.0002 -0.4782
vn -0.3840 -0.9233 0.0022
vn -0.2803 -0.0026 0.9599
vn -0.8787 -0.0015 0.4773
vn -0.5193 0.8543 -0.0216
vn -0.8749 0.4842 0.0112
vn 0.0038 0.4993 -0.8664
vn 0.0054 0.8386 -0.5447
vn -0.0042 0.5122 0.8589
vn -0.0036 0.8796 0.4757
vn 0.8819 0.4697 0.0399
vn 0.4239 0.9053 0.0258
vn 0.8418 -0.0003 -0.5397
vn 0.2803 0.0026 0.9599
vn 0.8787 0.0015 0.4773
vn 0.4710 -0.8813 0.0384
vn 0.8753 -0.4830 0.0238
vn -0.0001 -0.4472 -0.8945
vn 0.0042 -0.5122 0.8589
vn 0.0036 -0.8796 0.4757
vn -0.0085 0.0037 -1.0000
vn 0.0008 -0.9997 -0.0227
vn 0.9998 0.0008 -0.0213
vn 0.0011 0.0010 1.0000
vn -0.9998 -0.0008 -0.0213
vn -0.0008 0.9997 -0.0227
vn -0.4171 0.0008 -0.9089
vn -0.4171 -0.0008 0.9089
vn 0.0016 0.8840 -0.4675
vn -0.0016 0.8840 0.4675
vn 0.8217 0.5683 0.0431
vn 0.4171 -0.0008 -0.9089
vn 0.4171 0.0008 0.9089
vn -0.0016 -0.8840 -0.4675
vn 0.0016 -0.8840 0.4675
vn -0.0011 0.0010 -1.0000
vn 0.0205 -0.9998 -0.0006
vn 1.0000 0.0008 -0.0006
vn 0.0116 0.0005 0.9999
vn -1.0000 -0.0008 -0.0006
vn -0.0205 0.9998 -0.0006
vn -0.3256 -0.0019 0.9455
vn -0.9131 0.4077 0.0004
vn 0.0349 0.8795 -0.4747
vn -0.0411 0.3847 0.9221
vn 0.4543 0.8908 0.0022
vn 0.3256 0.0019 0.9455
vn 0.9131 -0.4077 0.0004
vn -0.0349 -0.8795 -0.4747
vn 0.0411 -0.3847 0.9221
vn -0.0252 0.0010 -0.9997
vn 0.0005 -1.0000 -0.0025
vn 1.0000 0.0063 -0.0041
vn 0.0005 0.0039 1.0000
vn -1.0000 -0.0063 -0.0041
vn -0.0005 1.0000 -0.0025
vn -0.0005 0.0039 -1.0000
vn 0.0084 -1.0000 -0.0006
vn 1.0000 0.0003 -0.0010
vn 0.0084 0.0002 1.0000
vn -1.0000 -0.0003 -0.0010
vn -0.0084 1.0000 -0.0006
vn -0.0084 0.0002 -1.0000
vn -1.0000 -0.0010 -0.0035
vn 1.0000 0.0010 -0.0035
vn 0.6023 0.4039 0.6886
vn -0.6024 0.7982 0.0050
vn -0.6113 0.3897 0.6888
vn 0.6109 -0.4016 -0.6823
vn -0.6108 -0.7918 -0.0064
vn -0.6034 -0.3953 -0.6926
vn 0.6024 -0.7982 0.0045
vn -0.6075 -0.4014 0.6854
vn 0.6154 -0.3876 0.6863
vn 0.6075 0.3927 -0.6905
vn -0.6157 0.4000 -0.6790
vn 0.6108 0.7917 -0.0076
vn 0.6024 0.4038 0.6885
vn -0.6113 0.3897 0.6887
vn 0.6108 0.7918 -0.0076
vn -0.6107 -0.7918 -0.0064
vn -0.6156 0.3999 -0.6790
vn 0.0084 -1.0000 -0.0002
vn 1.0000 0.0008 -0.0004
vn 0.0084 0.0005 1.0000
vn -1.0000 -0.0008 -0.0004
vn -0.0084 1.0000 -0.0002
vn -0.0084 0.0005 -1.0000
vn 0.0084 -1.0000 -0.0030
vn 1.0000 0.0005 -0.0050
vn 0.0084 0.0003 1.0000
vn -1.0000 -0.0005 -0.0050
vn -0.0084 1.0000 -0.0030
vn -0.0084 0.0003 -1.0000
vn 0.0007 -0.9999 -0.0144
vn 0.9996 0.0076 -0.0254
vn 0.0005 0.0009 1.0000
vn -0.9997 -0.0020 -0.0256
vn -0.0006 0.9999 -0.0111
vn 0.8829 -0.2533 -0.3954
vn 0.8843 -0.2508 -0.3938
vn 0.8863 -0.2469 -0.3917
vn -0.3265 0.0038 -0.9452
vn -0.8871 -0.0011 0.4616
vn 0.0030 0.8838 -0.4678
vn -0.0007 0.8841 0.4673
vn 0.8734 0.0007 -0.4871
vn 0.8871 0.0011 0.4616
vn -0.0015 -0.8840 -0.4674
vn 0.0007 -0.8841 0.4673
vn -0.0009 0.0015 -1.0000
vn 0.0002 -1.0000 -0.0084
vn 0.9999 0.0007 -0.0137
vn 0.0002 0.0004 1.0000
vn -0.9999 -0.0007 -0.0137
vn -0.0002 1.0000 -0.0084
vn -0.0002 0.0004 -1.0000
vn -0.2806 -0.6500 0.7062
vn -0.0115 0.6494 0.7604
vn -0.4585 0.6362 0.6205
vn 0.6497 -0.6347 0.4185
vn 0.7553 0.6343 0.1650
vn 0.4418 0.6310 0.6377
vn 0.7666 -0.6269 -0.1391
vn 0.6585 0.6215 -0.4244
vn 0.5293 -0.6523 -0.5426
vn 0.1649 0.6308 -0.7582
vn 0.1457 -0.6032 -0.7842
vn -0.3993 0.6230 -0.6726
vn -0.6743 -0.5995 -0.4312
vn -0.6923 0.6573 -0.2978
vn -0.7661 0.6211 0.1652
vn -0.6320 -0.6397 0.4374
vn 0.1883 -0.6288 0.7544
vn -0.4186 -0.6275 0.6565
vn 0.1629 0.6289 0.7603
vn -0.3000 0.6536 0.6949
vn 0.7669 -0.6323 0.1099
vn 0.7524 0.6585 0.0168
vn 0.6317 0.6105 0.4779
vn 0.6500 0.6145 -0.4471
vn 0.6394 -0.6283 -0.4432
vn 0.1630 0.6321 -0.7575
vn 0.1416 -0.6253 -0.7674
vn -0.4227 0.6244 -0.6568
vn -0.4280 -0.6056 -0.6709
vn -0.7581 0.6307 -0.1656
vn -0.7707 -0.6062 0.1964
vn -0.6628 0.6358 0.3956
vn 0.1394 -0.6199 0.7722
vn 0.5418 -0.6570 0.5242
vn -0.6967 -0.6609 -0.2790
vn 0.5422 -0.6588 0.5215
vn 0.7570 0.6325 0.1641
vn 0.4235 0.6233 0.6573
vn 0.7666 -0.6326 0.1103
vn 0.6588 0.6202 -0.4259
vn 0.6384 -0.6307 -0.4411
vn 0.1541 0.6290 -0.7620
vn -0.4322 -0.6291 -0.6461
vn -0.4037 0.6300 -0.6634
vn -0.7497 0.5562 -0.3585
vn -0.7642 -0.6297 -0.1391
vn -0.7412 0.6710 0.0173
vn -0.6552 0.6028 0.4553
vn -0.6510 -0.6329 0.4191
vn -0.1629 0.6316 0.7580
vn 0.1619 -0.6285 0.7607
vn 0.5423 -0.6586 0.5217
vn 0.7576 0.6319 0.1637
vn 0.4248 0.6208 0.6589
vn 0.7669 -0.6321 0.1106
vn 0.6594 0.6207 -0.4241
vn 0.6502 -0.6352 -0.4168
vn 0.1881 0.6373 -0.7473
vn -0.1502 -0.6415 -0.7522
vn -0.2896 0.6511 -0.7016
vn -0.5358 -0.6543 -0.5337
vn -0.6359 0.6437 -0.4258
vn -0.7658 -0.6335 -0.1110
vn -0.7618 0.6478 -0.0076
vn -0.6404 0.6276 0.4427
vn -0.6510 -0.6328 0.4191
vn -0.1662 0.6342 0.7551
vn 0.1619 -0.6285 0.7608
vn -0.0000 0.0205 -0.9998
vn 0.7019 0.1251 -0.7012
vn 0.6975 -0.0617 -0.7139
vn 0.9989 0.0022 -0.0465
vn -0.0016 -0.1806 0.9836
vn -0.7187 0.0022 0.6953
vn -0.0037 0.0145 0.9999
vn -0.7209 -0.1761 0.6703
vn -0.9996 0.0043 -0.0295
vn -0.6994 0.1167 -0.7051
vn -0.6931 -0.0632 -0.7180
vn -0.0000 0.1736 -0.9848
vn 0.6994 0.2417 -0.6726
vn 0.9991 0.0204 -0.0370
vn 0.7278 -0.2949 0.6192
vn 0.7274 -0.0782 0.6817
vn -0.0113 -0.3424 0.9395
vn -0.7007 0.2536 -0.6668
vn -0.0021 0.4823 -0.8760
vn -0.0000 0.3420 -0.9397
vn 0.6946 0.4116 -0.5900
vn -0.7180 -0.3355 0.6098
vn -0.9994 0.0094 -0.0330
vn -0.9992 0.0245 -0.0304
vn 0.0021 0.6583 -0.7528
vn 0.9995 0.0263 -0.0158
vn -0.7160 -0.4965 0.4908
vn 0.6986 0.5432 -0.4657
vn 0.7235 -0.4901 0.4861
vn 0.0013 -0.7835 0.6213
vn -0.0157 -0.5772 0.8164
vn -0.9991 0.0334 -0.0265
vn -0.6934 0.4163 -0.5881
vn -0.7018 0.5376 -0.4674
vn -0.0000 0.8660 -0.5000
vn -0.0000 0.7660 -0.6428
vn 0.7011 0.6204 -0.3515
vn 0.9992 0.0326 -0.0223
vn 0.7218 -0.6272 0.2926
vn -0.7196 -0.6291 0.2940
vn -0.7014 0.6223 -0.3475
vn -0.0092 0.9361 -0.3516
vn 0.9987 0.0487 -0.0137
vn -0.9987 0.0486 -0.0135
vn -0.0000 0.9848 -0.1736
vn 0.6988 0.6717 -0.2459
vn -0.0000 -0.9777 0.2099
vn -0.0000 -0.9057 0.4238
vn 0.6939 0.7172 -0.0636
vn 0.9996 0.0293 0.0017
vn 0.7188 -0.6920 0.0668
vn 0.0001 -0.9997 -0.0252
vn -0.7018 0.7124 -0.0050
vn -0.6885 0.7005 -0.1877
vn 0.0092 0.9999 0.0102
vn 0.6986 0.7059 0.1168
vn 0.7189 -0.6867 -0.1077
vn -0.7224 -0.6814 -0.1174
vn -0.7117 -0.6995 0.0643
vn -0.9989 0.0457 0.0062
vn -0.0108 0.9866 0.1628
vn 0.7010 0.6668 0.2528
vn 0.9994 0.0331 0.0094
vn 0.7192 -0.6323 -0.2881
vn 0.0003 -0.9642 -0.2653
vn -0.9996 0.0222 0.0162
vn 0.0070 0.8731 0.4875
vn -0.0091 0.9334 0.3587
vn 0.9992 0.0332 0.0220
vn 0.0099 -0.8537 -0.5207
vn -0.7254 -0.6221 -0.2947
vn -0.9990 0.0362 0.0259
vn -0.6964 0.6267 0.3495
vn -0.6872 0.6990 0.1978
vn 0.0080 0.7594 0.6506
vn 0.6940 0.5867 0.4174
vn 0.7150 -0.5359 -0.4489
vn -0.7288 -0.4854 -0.4830
vn 0.7008 0.4678 0.5386
vn 0.9993 0.0239 0.0301
vn -0.9995 0.0273 0.0160
vn -0.6986 0.5432 0.4657
vn -0.0101 0.6504 0.7595
vn -0.0080 0.4911 0.8711
vn 0.7020 0.3508 0.6198
vn 0.0015 -0.5055 -0.8628
vn -0.0220 -0.6987 -0.7150
vn -0.7202 -0.2933 -0.6288
vn -0.6958 0.4101 0.5896
vn -0.0000 0.3420 0.9397
vn 0.9989 0.0107 0.0460
vn 0.7233 -0.3862 -0.5724
vn 0.7289 -0.1891 -0.6579
vn 0.0076 -0.3350 -0.9422
vn -0.6988 0.2452 0.6720
vn 0.0092 0.1837 0.9829
vn 0.6985 0.2467 0.6718
vn -0.7298 -0.0590 -0.6811
vn -0.9995 -0.0014 0.0301
vn -0.9994 0.0149 0.0306
vn -0.6976 0.1191 0.7066
vn -0.0009 -0.0001 1.0000
vn 0.6929 0.0628 0.7183
vn 0.9995 -0.0050 0.0299
vn 0.7205 0.0049 -0.6934
vn -0.0164 -0.0888 -0.9959
vn -0.9991 -0.0012 0.0415
vn 0.6984 -0.1164 0.7062
vn 0.7178 0.1859 -0.6710
vn 0.0117 0.1419 -0.9898
vn -0.7210 0.1848 -0.6678
vn -0.0000 -0.3420 0.9397
vn -0.0080 -0.1837 0.9829
vn 0.6993 -0.2507 0.6695
vn 0.9994 -0.0074 0.0338
vn -0.0084 0.3727 -0.9279
vn -0.9996 -0.0023 0.0269
vn -0.6925 -0.0658 0.7184
vn -0.6977 -0.2401 0.6750
vn 0.7004 -0.3552 0.6191
vn 0.9989 -0.0271 0.0389
vn 0.7226 0.3860 -0.5734
vn 0.0084 0.4712 -0.8820
vn -0.7190 0.3944 -0.5723
vn -0.6964 -0.3618 0.6198
vn 0.0001 -0.6210 0.7838
vn -0.0031 -0.5037 0.8639
vn -0.0000 0.6623 -0.7492
vn -0.6874 -0.5066 0.5204
vn -0.0016 -0.7795 0.6264
vn 0.6983 -0.5066 0.5058
vn 0.9989 -0.0392 0.0272
vn 0.7137 0.5236 -0.4652
vn -0.7207 0.5272 -0.4503
vn -0.9995 -0.0272 0.0168
vn -0.9993 -0.0209 0.0305
vn 0.7019 -0.6176 0.3549
vn -0.7267 0.6207 -0.2943
vn -0.6974 -0.6204 0.3588
vn -0.0091 -0.9334 0.3587
vn -0.0031 -0.8681 0.4963
vn 0.9988 -0.0479 0.0116
vn 0.7177 0.6311 -0.2944
vn 0.0010 0.9447 -0.3279
vn -0.0005 0.8211 -0.5709
vn -0.6914 -0.6952 0.1965
vn -0.0000 -0.9848 0.1736
vn 0.6996 -0.6708 0.2461
vn 0.7151 0.6884 -0.1211
vn -0.7192 0.6817 -0.1342
vn -0.9992 -0.0351 0.0165
vn -0.9990 -0.0451 0.0056
vn 0.0091 -0.9998 -0.0179
vn 0.6923 -0.7199 0.0501
vn 0.9983 -0.0581 -0.0032
vn -0.7214 0.6897 0.0624
vn -0.6987 -0.7154 -0.0028
vn 0.0078 -0.9891 -0.1471
vn 0.7002 -0.6908 -0.1801
vn 0.0016 0.9794 0.2022
vn -0.0053 0.9969 -0.0783
vn -0.9995 -0.0319 0.0042
vn 0.0021 -0.9325 -0.3611
vn 0.7300 0.6206 0.2861
vn 0.7279 0.6824 0.0662
vn -0.7312 0.6185 0.2879
vn -0.6963 -0.6927 -0.1882
vn 0.7008 -0.6171 -0.3579
vn 0.9991 -0.0390 -0.0165
vn -0.7011 -0.6164 -0.3585
vn -0.0000 -0.8660 -0.5000
vn 0.6992 -0.5522 -0.4541
vn 0.9993 -0.0250 -0.0274
vn 0.7189 0.4938 0.4893
vn -0.0014 0.7899 0.6132
vn -0.0000 0.9057 0.4238
vn -0.7208 0.4974 0.4828
vn -0.9992 -0.0376 -0.0152
vn -0.9989 -0.0327 -0.0329
vn -0.0000 -0.7660 -0.6428
vn -0.0080 -0.6506 -0.7594
vn 0.6992 -0.4541 -0.5522
vn -0.6943 -0.4136 -0.5890
vn -0.7006 -0.5487 -0.4562
vn -0.0101 -0.4912 -0.8710
vn 0.6976 -0.3597 -0.6196
vn 0.9996 -0.0118 -0.0252
vn 0.7222 0.3044 0.6211
vn -0.0088 0.6189 0.7855
vn -0.7220 0.3508 0.5964
vn -0.0000 -0.3420 -0.9397
vn 0.6986 -0.2442 -0.6725
vn -0.7290 0.1702 0.6630
vn -0.9996 -0.0096 -0.0272
vn -0.6996 -0.2471 -0.6704
vn -0.0000 -0.1938 -0.9810
vn 0.9990 -0.0098 -0.0446
vn 0.7158 0.1181 0.6882
vn 0.0050 0.4103 0.9119
vn 0.0061 0.1681 0.9858
vn -0.9992 -0.0087 -0.0392
vn -0.0002 0.1844 -0.9829
vn 0.7059 0.0106 -0.7082
vn -0.0244 -0.0250 -0.9994
vn 0.6862 0.2002 -0.6993
vn 0.9984 -0.0052 -0.0558
vn 0.9992 0.0017 -0.0392
vn 0.7271 -0.0329 0.6857
vn 0.7338 -0.1641 0.6593
vn -0.0013 0.0732 0.9973
vn 0.0471 -0.2676 0.9624
vn -0.7524 -0.0712 0.6549
vn -0.0211 0.3425 -0.9393
vn -0.9985 0.0140 -0.0529
vn -0.9992 -0.0012 -0.0388
vn -0.6718 0.0663 -0.7377
vn 0.0155 0.5016 -0.8650
vn 0.9989 0.0275 -0.0388
vn 0.7440 -0.3802 0.5494
vn -0.0210 -0.4824 0.8757
vn -0.7230 -0.2908 0.6266
vn -0.9964 0.0484 -0.0694
vn -0.6826 0.3162 -0.6588
vn -0.0029 0.6423 -0.7664
vn 0.6814 0.4185 -0.6005
vn -0.7152 -0.4539 0.5315
vn -0.6939 0.5150 -0.5033
vn 0.6858 0.5894 -0.4270
vn 0.7291 -0.5572 0.3974
vn -0.7286 -0.5576 0.3978
vn -0.0000 -0.8770 0.4805
vn -0.0308 -0.7122 0.7013
vn -0.0181 0.8622 -0.5063
vn 0.7065 0.6609 -0.2531
vn 0.9978 0.0647 -0.0168
vn 0.9996 0.0249 -0.0108
vn 0.7149 -0.6478 0.2633
vn -0.7116 -0.6505 0.2655
vn -0.9963 0.0834 -0.0182
vn -0.9977 0.0564 -0.0386
vn -0.6915 0.6586 -0.2967
vn -0.0159 0.9469 -0.3211
vn -0.0185 0.9780 -0.2075
vn 0.7084 0.7035 -0.0580
vn 0.6973 -0.7143 0.0599
vn -0.7125 -0.6989 0.0630
vn 0.0010 0.9994 0.0359
vn -0.0014 -0.9998 -0.0178
vn 0.0011 -0.9683 0.2497
vn -0.6894 0.7222 -0.0570
vn 0.6840 0.7182 0.1275
vn 0.9976 0.0685 0.0138
vn 0.7322 -0.6704 -0.1206
vn -0.7092 -0.6920 -0.1351
vn -0.9987 0.0500 0.0030
vn -0.7031 0.6996 0.1269
vn -0.0032 0.9856 0.1691
vn -0.0037 0.9485 0.3166
vn 0.6865 -0.6677 -0.2879
vn -0.0002 -0.9824 -0.1870
vn -0.7326 -0.6244 -0.2710
vn -0.9991 0.0412 0.0137
vn 0.0183 0.8429 0.5377
vn 0.7031 0.6444 0.3006
vn 0.9962 0.0722 0.0488
vn -0.6806 0.6564 0.3255
vn 0.6839 0.5168 0.5150
vn 0.7194 -0.5308 -0.4480
vn 0.0011 -0.8899 -0.4561
vn -0.7262 -0.5429 -0.4219
vn -0.9991 0.0342 0.0247
vn -0.0133 0.7944 0.6072
vn 0.9972 0.0418 0.0617
vn 0.7347 -0.3964 -0.5506
vn 0.0096 0.5407 0.8411
vn -0.0079 0.6056 0.7957
vn 0.6979 0.3050 0.6481
vn -0.0017 -0.4804 -0.8771
vn 0.0007 -0.7043 -0.7099
vn -0.7263 -0.4000 -0.5590
vn -0.9988 0.0356 0.0322
vn -0.6863 0.5122 0.5163
vn -0.6741 0.3113 0.6698
vn 0.0110 0.2985 0.9543
vn 0.9973 0.0207 0.0706
vn 0.7175 -0.2578 -0.6470
vn -0.7250 -0.2489 -0.6421
vn 0.6862 0.0765 0.7234
vn -0.9972 0.0222 0.0708
vn -0.7008 0.0673 0.7101
vn -0.0183 0.2172 0.9759
vn 0.9990 -0.0006 0.0437
vn 0.7232 -0.0610 -0.6879
vn 0.0003 0.0484 -0.9988
vn -0.7186 -0.0549 -0.6932
vn -0.0042 -0.2443 -0.9697
vn -0.9980 -0.0058 0.0636
vn 0.0042 -0.0268 0.9996
vn 0.7023 -0.1186 0.7020
vn 0.7245 0.1638 -0.6696
vn 0.0231 0.2725 -0.9619
vn -0.7311 0.1048 -0.6741
vn -0.7071 -0.1335 0.6944
vn -0.0000 -0.3171 0.9484
vn -0.0000 -0.1736 0.9848
vn 0.7011 -0.3024 0.6458
vn 0.9985 -0.0099 0.0536
vn -0.9994 -0.0111 0.0313
vn -0.6916 -0.3060 0.6542
vn 0.7254 0.3801 -0.5739
vn -0.0158 0.4786 -0.8779
vn -0.7388 0.2830 -0.6116
vn -0.0137 -0.5293 0.8483
vn 0.6991 -0.4660 0.5423
vn -0.7187 0.4495 -0.5304
vn -0.9993 -0.0157 0.0351
vn -0.6828 -0.5114 0.5218
vn -0.0144 -0.6289 0.7773
vn 0.6829 -0.5961 0.4222
vn 0.9995 -0.0200 0.0244
vn 0.9992 -0.0212 0.0347
vn 0.7257 0.5210 -0.4494
vn -0.0151 0.6600 -0.7511
vn -0.7302 0.5597 -0.3919
vn 0.7386 0.6118 -0.2831
vn -0.9978 -0.0504 0.0419
vn -0.6847 -0.6564 0.3167
vn -0.0196 -0.7648 0.6440
vn 0.0233 -0.8656 0.5001
vn 0.6824 -0.7060 0.1894
vn 0.9972 -0.0662 0.0349
vn 0.0140 0.9378 -0.3470
vn -0.0385 0.8214 -0.5691
vn -0.9985 -0.0549 0.0020
vn 0.7095 0.6917 -0.1347
vn 0.0274 0.9870 -0.1581
vn -0.7181 0.6726 -0.1787
vn -0.6849 -0.7251 0.0721
vn -0.0179 -0.9383 0.3454
vn -0.0015 -1.0000 0.0006
vn 0.0063 -0.9852 0.1712
vn 0.7017 -0.7101 -0.0573
vn 0.9975 -0.0702 0.0071
vn -0.0040 0.9994 -0.0343
vn -0.7090 0.7033 0.0518
vn -0.9988 -0.0473 -0.0079
vn 0.0010 -0.9864 -0.1643
vn 0.9971 -0.0734 -0.0186
vn 0.7032 0.7079 0.0656
vn -0.0107 0.9772 0.2120
vn -0.9984 -0.0535 -0.0204
vn -0.6769 -0.7143 -0.1776
vn 0.7065 -0.6609 -0.2531
vn 0.6926 0.6512 0.3103
vn -0.7145 0.6560 0.2430
vn -0.0017 -0.8848 -0.4660
vn -0.0396 -0.9311 -0.3626
vn 0.6892 -0.5949 -0.4137
vn -0.7265 0.5653 0.3906
vn -0.6758 -0.6049 -0.4213
vn -0.0042 -0.7346 -0.6785
vn 0.9954 -0.0612 -0.0740
vn 0.7231 0.4754 0.5012
vn -0.0167 0.7704 0.6373
vn 0.0460 0.8989 0.4358
vn -0.0033 -0.6753 -0.7376
vn -0.7263 0.4491 0.5204
vn -0.9991 -0.0346 -0.0247
vn -0.9997 -0.0186 -0.0126
vn 0.0020 -0.4626 -0.8866
vn 0.7021 -0.4097 -0.5824
vn 0.9968 -0.0363 -0.0719
vn 0.7118 0.3577 0.6045
vn -0.0000 0.5736 0.8192
vn -0.7244 0.3073 0.6170
vn 0.6948 -0.1951 -0.6922
vn -0.0013 0.3417 0.9398
vn -0.6868 -0.1832 -0.7034
vn -0.6973 -0.4072 -0.5899
vn -0.7012 0.1238 0.7022
vn -0.0168 -0.1369 -0.9904
vn 0.7125 0.1749 0.6795
vn -0.9968 -0.0398 -0.0694
vn 0.0373 0.1944 -0.9802
vn 0.7020 0.0579 -0.7099
vn 0.0235 -0.0109 -0.9997
vn 0.9865 0.0492 -0.1564
vn 0.6505 -0.0461 0.7581
vn 0.9710 -0.0205 -0.2383
vn 0.0232 -0.2314 0.9726
vn -0.0758 0.0856 0.9934
vn -0.7342 -0.0290 0.6783
vn -0.9925 0.0127 -0.1217
vn -0.6617 0.1355 -0.7374
vn -0.6978 -0.0589 -0.7138
vn 0.4240 0.3078 -0.8518
vn 0.7093 -0.2414 0.6623
vn -0.0664 -0.4063 0.9113
vn -0.6369 0.3112 -0.7053
vn 0.9981 0.0294 -0.0536
vn -0.6144 -0.3428 0.7106
vn -0.9836 0.1069 -0.1456
vn -0.0190 0.5157 -0.8566
vn 0.7945 -0.3609 0.4884
vn -0.0729 -0.7112 0.6992
vn -0.6956 -0.4573 0.5541
vn -0.0270 0.6379 -0.7697
vn 0.6642 0.5511 -0.5051
vn 0.6470 0.4365 -0.6251
vn 0.9948 0.0893 -0.0493
vn -0.9670 0.1993 -0.1585
vn -0.6549 0.5446 -0.5239
vn 0.6703 0.6690 -0.3212
vn 0.7697 -0.5281 0.3586
vn 0.0120 -0.8988 0.4382
vn -0.7487 -0.5242 0.4058
vn -0.6197 0.7123 -0.3295
vn -0.0135 0.8235 -0.5672
vn 0.9906 0.1340 -0.0264
vn -0.0830 -0.9592 0.2702
vn -0.5669 -0.7915 0.2283
vn -0.0201 0.9495 -0.3133
vn 0.4335 0.8899 -0.1420
vn -0.9910 0.1340 -0.0056
vn -0.6600 0.7372 -0.1446
vn 0.9996 -0.0059 -0.0263
vn 0.7043 -0.6890 0.1709
vn 0.3875 -0.9205 0.0504
vn -0.0133 0.9994 -0.0319
vn 0.0224 0.9747 0.2225
vn 0.6661 0.7419 0.0769
vn 0.5775 -0.7939 -0.1904
vn 0.1539 -0.9489 -0.2756
vn -0.6364 -0.7670 -0.0818
vn -0.9903 0.1356 0.0294
vn -0.6858 0.7251 0.0627
vn 0.6708 0.6805 0.2948
vn 0.9705 0.1927 0.1450
vn -0.6741 -0.6651 -0.3214
vn -0.6722 0.6985 0.2455
vn 0.7930 -0.5384 -0.2852
vn -0.9790 0.1334 0.1543
vn -0.5959 0.6734 0.4374
vn -0.1012 0.8991 0.4258
vn 0.0218 0.7653 0.6433
vn 0.7163 0.4931 0.4938
vn 0.4745 -0.6253 -0.6196
vn 0.0796 -0.8137 -0.5758
vn -0.7312 -0.4603 -0.5035
vn -0.0072 0.6430 0.7658
vn 0.9769 0.1288 0.1704
vn 0.0643 -0.5830 -0.8099
vn 0.6111 0.3129 0.7271
vn 0.7875 -0.2971 -0.5399
vn -0.9845 0.0687 0.1614
vn -0.6977 0.4134 0.5851
vn 0.0328 -0.3310 -0.9431
vn -0.7680 -0.2749 -0.5784
vn -0.6773 0.1918 0.7102
vn -0.0263 0.4988 0.8663
vn 0.1125 0.2669 0.9571
vn 0.6962 0.1126 0.7089
vn -0.6717 -0.0480 -0.7393
vn -0.9947 -0.0110 0.1019
vn -0.0323 0.0451 0.9985
vn 0.9841 0.0049 0.1775
vn 0.7695 0.0802 -0.6336
vn 0.4683 -0.2138 -0.8573
vn -0.1879 -0.0687 -0.9798
vn -0.6187 -0.0727 0.7822
vn -0.0749 0.2181 -0.9731
vn -0.0009 -0.2609 0.9654
vn 0.6348 -0.3107 0.7075
vn 0.6267 -0.1038 0.7723
vn 0.9981 -0.0343 0.0504
vn 0.7344 0.2276 -0.6395
vn -0.9681 -0.0774 0.2383
vn -0.6778 -0.3017 0.6705
vn 0.0051 0.5828 -0.8126
vn -0.7003 0.2457 -0.6702
vn -0.6962 0.3947 -0.5996
vn 0.0163 -0.5252 0.8508
vn 0.6782 -0.4634 0.5703
vn 0.9762 -0.1617 0.1448
vn -0.9898 -0.0782 0.1190
vn -0.4107 -0.5908 0.6944
vn 0.0456 -0.7448 0.6658
vn 0.6925 0.6015 -0.3984
vn 0.5766 0.4812 -0.6603
vn -0.6790 0.5787 -0.4517
vn -0.6511 -0.6195 0.4386
vn 0.6215 -0.6597 0.4225
vn 0.9936 -0.1036 0.0453
vn -0.0158 0.9177 -0.3969
vn -0.0000 0.8107 -0.5854
vn -0.6847 -0.6939 0.2228
vn 0.0455 -0.9032 0.4267
vn 0.0163 -0.9879 0.1540
vn 0.6281 -0.7508 0.2044
vn 0.7280 0.6661 -0.1623
vn 0.0003 0.9961 -0.0882
vn -0.6334 0.7463 -0.2046
vn -0.9961 -0.0884 0.0021
vn -0.9800 -0.1760 0.0930
vn -0.0497 -0.9978 -0.0448
vn 0.7137 -0.6949 -0.0882
vn 0.9811 -0.1927 0.0153
vn -0.6938 0.7178 0.0576
vn 0.6985 0.7132 0.0595
vn 0.0188 0.9733 0.2287
vn -0.6645 -0.7338 -0.1412
vn -0.6151 -0.7860 0.0623
vn 0.0227 -0.9539 -0.2991
vn 0.6484 -0.6844 -0.3334
vn 0.9818 -0.1821 -0.0532
vn 0.6581 0.6913 0.2983
vn -0.6678 0.6761 0.3113
vn -0.9903 -0.1316 -0.0441
vn 0.0736 -0.8191 -0.5690
vn -0.9927 -0.1007 -0.0667
vn -0.6379 -0.6924 -0.3371
vn 0.9882 -0.1216 -0.0930
vn 0.7333 0.5258 0.4309
vn -0.0410 0.8823 0.4689
vn -0.0707 0.6881 0.7221
vn -0.6222 0.5654 0.5414
vn -0.0200 -0.6506 -0.7592
vn 0.6468 -0.5507 -0.5277
vn 0.9852 -0.0981 -0.1408
vn -0.9956 -0.0475 -0.0813
vn -0.6621 -0.5539 -0.5049
vn 0.3500 -0.4507 -0.8212
vn -0.6491 0.3457 0.6776
vn -0.6300 -0.4332 -0.6446
vn 0.6198 -0.2305 -0.7502
vn 0.7149 0.2189 0.6641
vn 0.8102 0.3309 0.4837
vn -0.1427 0.4012 0.9048
vn -0.4351 -0.3322 -0.8368
vn 0.0252 -0.1577 -0.9872
vn -0.7308 0.1188 0.6722
vn -0.9861 -0.0438 -0.1601
vn 0.6805 0.7221 0.1246
vn -0.6416 0.7670 0.0019
vn -0.6906 0.7114 0.1304
vn 0.6923 0.6762 -0.2518
vn -0.6873 0.6313 -0.3593
vn -0.6511 0.7136 -0.2587
vn 0.6408 0.6630 -0.3869
vn -0.6810 0.5623 -0.4691
vn 0.6827 0.5570 -0.4729
vn -0.6812 0.4749 -0.5572
vn 0.6465 0.4895 -0.5852
vn -0.6444 0.3854 -0.6604
vn 0.6910 0.3562 -0.6290
vn -0.6920 0.2522 -0.6764
vn 0.6395 0.2609 -0.7232
vn -0.6723 0.1274 -0.7292
vn 0.6887 0.1211 -0.7149
vn -0.6816 0.0057 -0.7317
vn 0.6525 -0.0026 -0.7578
vn -0.6470 -0.1286 -0.7516
vn 0.6871 -0.1317 -0.7145
vn -0.6915 -0.2425 -0.6805
vn 0.6792 -0.2533 -0.6889
vn -0.6484 -0.3801 -0.6596
vn 0.6800 -0.3684 -0.6340
vn -0.6818 -0.4685 -0.5618
vn 0.6433 -0.4923 -0.5864
vn -0.6773 -0.5616 -0.4752
vn 0.6924 -0.5564 -0.4594
vn -0.6895 -0.6243 -0.3673
vn 0.6411 -0.6666 -0.3802
vn -0.6480 -0.7150 -0.2625
vn 0.6798 -0.6912 -0.2452
vn -0.6895 -0.7125 -0.1301
vn 0.6800 -0.7224 -0.1253
vn -0.6437 -0.7653 -0.0026
vn 0.6876 -0.7261 0.0050
vn -0.6903 -0.7134 0.1207
vn 0.6814 -0.7203 0.1300
vn -0.6553 -0.7102 0.2571
vn 0.6833 -0.6853 0.2520
vn -0.6843 -0.6328 0.3623
vn 0.6525 -0.6557 0.3798
vn -0.6718 -0.5711 0.4717
vn 0.6902 -0.5505 0.4696
vn -0.6918 -0.4689 0.5491
vn 0.6743 -0.4714 0.5684
vn -0.6455 -0.3822 0.6613
vn 0.6825 -0.3634 0.6341
vn -0.6808 -0.2525 0.6876
vn 0.6503 -0.2591 0.7142
vn -0.6797 -0.1299 0.7219
vn 0.6911 -0.1208 0.7126
vn -0.6874 -0.0048 0.7263
vn 0.6428 0.0034 0.7660
vn -0.6814 0.1251 0.7211
vn 0.6820 0.1307 0.7195
vn -0.6820 0.2448 0.6891
vn 0.6416 0.2629 0.7205
vn -0.6420 0.3814 0.6651
vn 0.6322 0.4992 0.5926
vn -0.6953 0.4625 0.5501
vn -0.6737 0.5669 0.4741
vn 0.6884 0.5591 0.4620
vn -0.6832 0.6297 0.3699
vn 0.6525 0.6576 0.3766
vn -0.6514 0.7118 0.2628
vn 0.6877 0.6841 0.2431
vn 0.6478 0.7503 -0.1322
vn -0.6895 0.7140 -0.1219
vn 0.6955 0.3593 0.6222
vn 0.6816 0.7317 -0.0027
vn -0.3299 -0.2469 -0.9111
vn -0.3281 -0.2445 -0.9124
vn -0.3295 -0.2464 -0.9114
vn -0.8635 -0.3142 -0.3945
vn -0.8622 -0.3158 -0.3960
vn -0.8605 -0.3180 -0.3980
vn -0.3299 -0.9111 0.2469
vn -0.3281 -0.9124 0.2445
vn -0.3295 -0.9114 0.2464
vn -0.8635 -0.3945 0.3142
vn -0.8622 -0.3960 0.3158
vn -0.8605 -0.3980 0.3180
vn -0.2469 0.3299 -0.9111
vn -0.2445 0.3281 -0.9124
vn -0.2464 0.3295 -0.9114
vn -0.3142 0.8635 -0.3945
vn -0.3158 0.8622 -0.3960
vn -0.3180 0.8605 -0.3980
vn -0.3945 0.8635 0.3142
vn -0.3960 0.8622 0.3158
vn -0.3980 0.8605 0.3180
vn -0.9111 0.3299 0.2469
vn -0.9124 0.3281 0.2445
vn -0.9114 0.3295 0.2464
vn 0.8635 -0.3945 -0.3142
vn 0.8622 -0.3960 -0.3158
vn 0.8605 -0.3980 -0.3180
vn 0.3299 -0.9111 -0.2469
vn 0.3281 -0.9124 -0.2445
vn 0.3295 -0.9114 -0.2464
vn 0.3299 -0.2469 0.9111
vn 0.3281 -0.2445 0.9124
vn 0.3295 -0.2464 0.9114
vn 0.8635 -0.3142 0.3945
vn 0.8622 -0.3158 0.3960
vn 0.8605 -0.3180 0.3980
vn 0.3299 0.2469 -0.9111
vn 0.3281 0.2445 -0.9124
vn 0.3295 0.2464 -0.9114
vn 0.8635 0.3142 -0.3945
vn 0.8622 0.3158 -0.3960
vn 0.8605 0.3180 -0.3980
vn 0.2469 0.3299 0.9111
vn 0.2445 0.3281 0.9124
vn 0.2464 0.3295 0.9114
vn 0.3142 0.8635 0.3945
vn 0.3158 0.8622 0.3960
vn 0.3180 0.8605 0.3980
vn -0.4732 -0.0000 -0.8809
vn -0.8800 0.0259 -0.4742
vn -0.3827 -0.9239 -0.0000
vn -0.9239 -0.3827 -0.0000
vn -0.3827 -0.0000 0.9239
vn -0.9237 0.0206 0.3826
vn -0.3827 0.9239 -0.0000
vn -0.9239 0.3827 -0.0000
vn -0.0000 0.4732 -0.8809
vn 0.0098 0.8755 -0.4831
vn -0.0000 0.3827 0.9239
vn -0.0000 0.9239 0.3827
vn 0.9239 0.3827 -0.0000
vn 0.3827 0.9239 -0.0000
vn 0.3827 -0.0000 -0.9239
vn 0.9239 -0.0000 -0.3827
vn 0.4732 -0.0000 0.8809
vn 0.8800 0.0259 0.4742
vn 0.3827 -0.9239 -0.0000
vn 0.9239 -0.3827 -0.0000
vn -0.0000 -0.4732 -0.8809
vn -0.0013 -0.8730 -0.4877
vn -0.0000 -0.4732 0.8809
vn 0.0013 -0.8730 0.4877
vn 0.0008 -1.0000 -0.0002
vn 0.0008 0.0084 1.0000
vn -0.0008 1.0000 -0.0002
vn -0.0008 0.0084 -1.0000
vn 0.0004 -1.0000 -0.0011
vn 0.9999 0.0137 -0.0017
vn 0.0004 0.0084 1.0000
vn -0.9999 -0.0137 -0.0017
vn -0.0004 1.0000 -0.0010
vn -0.0004 0.0084 -1.0000
vn 0.9280 0.0058 -0.3724
vn -0.0092 1.0000 0.0024
vn 0.3768 0.0057 0.9263
vn 0.0083 -1.0000 -0.0046
vn -0.9289 -0.0058 0.3703
vn -0.3767 -0.0058 -0.9263
vn -0.6888 -0.6038 0.4012
vn -0.0025 0.6039 0.7971
vn -0.6866 0.6129 0.3910
vn 0.6818 -0.6126 -0.3999
vn 0.0053 0.6125 -0.7905
vn 0.6910 0.6048 -0.3960
vn -0.0031 -0.6038 -0.7972
vn -0.6890 0.6040 -0.4007
vn -0.6872 -0.6126 -0.3905
vn 0.6918 -0.6038 0.3959
vn 0.6819 0.6129 0.3991
vn 0.0052 -0.6133 0.7898
vn -0.6882 -0.6047 0.4009
vn -0.0033 0.6081 0.7939
vn -0.6875 0.6110 0.3924
vn 0.6834 -0.6104 -0.4006
vn 0.0051 0.6135 -0.7897
vn 0.6907 0.6057 -0.3950
vn -0.0036 -0.6081 -0.7938
vn -0.6884 0.6048 -0.4004
vn -0.6883 -0.6104 -0.3920
vn 0.6917 -0.6047 0.3950
vn 0.6833 0.6110 0.3997
vn 0.0052 -0.6141 0.7892
vn -0.3945 -0.8635 -0.3142
vn -0.3960 -0.8622 -0.3158
vn -0.3980 -0.8605 -0.3180
vn -0.9111 -0.3299 -0.2469
vn -0.9124 -0.3281 -0.2445
vn -0.9114 -0.3295 -0.2464
vn -0.3142 -0.8635 0.3945
vn -0.3158 -0.8622 0.3960
vn -0.3180 -0.8605 0.3980
vn -0.2469 -0.3299 0.9111
vn -0.2445 -0.3281 0.9124
vn -0.2464 -0.3295 0.9114
vn -0.8635 0.3945 -0.3142
vn -0.8622 0.3960 -0.3158
vn -0.8605 0.3980 -0.3180
vn -0.3299 0.9111 -0.2469
vn -0.3281 0.9124 -0.2445
vn -0.3295 0.9114 -0.2464
vn -0.3299 0.2469 0.9111
vn -0.3281 0.2445 0.9124
vn -0.3295 0.2464 0.9114
vn -0.8635 0.3142 0.3945
vn -0.8622 0.3158 0.3960
vn -0.8605 0.3180 0.3980
vn 0.2469 -0.3299 -0.9111
vn 0.2445 -0.3281 -0.9124
vn 0.2464 -0.3295 -0.9114
vn 0.3142 -0.8635 -0.3945
vn 0.3158 -0.8622 -0.3960
vn 0.3180 -0.8605 -0.3980
vn 0.8635 0.3945 0.3142
vn 0.8622 0.3960 0.3158
vn 0.8605 0.3980 0.3180
vn 0.3299 0.9111 0.2469
vn 0.3281 0.9124 0.2445
vn 0.3295 0.9114 0.2464
vn -0.3827 -0.0000 -0.9239
vn -0.9237 -0.0206 -0.3826
vn -0.4732 -0.0000 0.8809
vn -0.8800 -0.0259 0.4742
vn 0.0013 0.8730 -0.4877
vn -0.0000 0.4732 0.8809
vn -0.0013 0.8730 0.4877
vn 0.4732 -0.0000 -0.8809
vn 0.8800 -0.0259 -0.4742
vn 0.3827 -0.0000 0.9239
vn 0.9239 -0.0000 0.3827
vn -0.0000 -0.3827 -0.9239
vn -0.0000 -0.9239 -0.3827
vn 0.0098 -0.8755 0.4831
vn -0.0004 1.0000 -0.0011
vn -0.6888 -0.6039 0.4012
vn -0.0025 0.6039 0.7970
vn 0.6909 0.6048 -0.3960
vn 0.6918 -0.6039 0.3959
vn 0.6819 0.6129 0.3992
vn 0.0052 -0.6132 0.7899
vn -0.6874 0.6110 0.3925
vn 0.6906 0.6058 -0.3950
vn -0.6882 -0.6048 0.4009
vn -0.6874 0.6111 0.3925
vn 0.9992 0.0025 -0.0404
vn 0.0047 0.0028 1.0000
vn -0.9992 -0.0025 -0.0404
vn -0.4150 -0.1901 -0.8897
vn -0.4130 -0.1874 -0.8912
vn -0.4093 -0.1809 -0.8943
vn 0.4150 0.1901 -0.8897
vn 0.4130 0.1874 -0.8912
vn 0.4093 0.1809 -0.8943
vn -0.3585 0.0024 -0.9335
vn -0.8789 0.0019 -0.4769
vn -0.4737 -0.8800 -0.0351
vn -0.8753 -0.4829 -0.0246
vn -0.8734 0.0004 0.4870
vn -0.4433 0.8964 -0.0000
vn 0.0044 0.5121 -0.8589
vn 0.0010 0.8786 -0.4776
vn 0.0016 0.5036 0.8640
vn -0.0018 0.8372 0.5469
vn 0.8956 0.4445 -0.0173
vn 0.3585 -0.0024 -0.9335
vn 0.8789 -0.0019 -0.4769
vn 0.8734 -0.0004 0.4870
vn 0.4433 -0.8964 -0.0000
vn -0.0044 -0.5121 -0.8589
vn -0.0010 -0.8786 -0.4776
vn -0.0016 -0.5036 0.8640
vn 0.0018 -0.8372 0.5469
vn -0.0051 0.0031 -1.0000
vn 0.0013 -0.9999 -0.0166
vn 0.9998 0.0008 -0.0185
vn 0.0007 0.0004 1.0000
vn -0.9998 -0.0006 -0.0185
vn -0.0008 1.0000 -0.0088
vn -0.9112 0.4118 0.0128
vn -0.0025 0.3702 0.9289
vn 0.4701 0.8803 0.0635
vn 0.4170 -0.0008 -0.9089
vn 0.9116 -0.4109 0.0099
vn -0.0023 -0.8839 -0.4676
vn 0.0025 -0.3702 0.9289
vn -0.0006 0.0003 -1.0000
vn 0.9999 0.0002 -0.0137
vn 0.0002 0.0001 1.0000
vn -0.9999 -0.0002 -0.0137
vn -0.0002 0.0001 -1.0000
vn 0.0013 -0.0000 -1.0000
vn 0.0013 -0.0000 1.0000
vn 1.0000 0.0016 0.0062
vn -0.0007 1.0000 0.0079
vn 0.0002 -1.0000 -0.0054
vn -1.0000 0.0023 0.0049
vn -0.0478 0.0069 -0.9988
vn 0.0031 0.9329 0.3600
vn -0.3847 0.9230 0.0023
vn 0.0022 -0.9049 0.4255
vn -0.9307 -0.3653 0.0175
vn 0.9173 0.0045 0.3982
vn -0.4703 0.0227 0.8822
vn 0.7894 0.0055 -0.6139
vn -0.3721 0.0016 -0.9282
vn 0.0006 0.0039 1.0000
vn 0.9990 0.0447 -0.0057
vn 0.0316 0.0442 0.9985
vn -0.9990 -0.0447 -0.0057
vn -0.3600 0.0347 -0.9323
vn -0.8753 -0.0073 -0.4836
vn -0.4433 -0.8964 -0.0000
vn -0.3600 -0.0347 0.9323
vn -0.8753 0.0073 0.4836
vn 0.0274 0.4801 -0.8768
vn 0.0204 0.8444 -0.5353
vn -0.0274 0.4801 0.8768
vn -0.0204 0.8444 0.5353
vn 0.8672 0.4980 0.0055
vn 0.5455 0.8381 0.0041
vn 0.3600 -0.0347 -0.9323
vn 0.8753 0.0073 -0.4836
vn 0.3600 0.0347 0.9323
vn 0.8753 -0.0073 0.4836
vn -0.0274 -0.4801 -0.8768
vn -0.0204 -0.8444 -0.5353
vn 0.0274 -0.4801 0.8768
vn 0.0204 -0.8444 0.5353
vn -0.0316 0.0442 -0.9985
vn 0.0012 -1.0000 -0.0002
vn 0.9999 0.0137 -0.0004
vn 0.0012 0.0084 1.0000
vn -0.9999 -0.0137 -0.0004
vn -0.0012 1.0000 -0.0002
vn -0.0012 0.0084 -1.0000
vn 0.0490 -0.9988 -0.0088
vn 0.0436 0.0611 0.9972
vn -0.0096 0.4946 0.8691
vn -0.0063 0.8390 0.5442
vn 0.8965 0.4430 0.0040
vn 0.8728 0.0063 -0.4880
vn 0.8360 0.0081 0.5487
vn 0.4433 -0.8964 0.0005
vn 0.0101 -0.5103 -0.8599
vn -0.0108 -0.8407 -0.5413
vn 1.0000 0.0022 0.0069
vn -0.0011 1.0000 0.0079
vn 0.0042 0.4488 0.8936
vn 0.8909 0.4539 0.0174
vn 0.0009 0.0052 1.0000
vn 0.0035 -1.0000 -0.0029
vn 1.0000 -0.0054 0.0005
vn 0.0025 0.0331 0.9994
vn -1.0000 0.0054 0.0005
vn -0.0035 1.0000 -0.0029
vn -0.9128 0.4084 0.0025
vn 0.0015 0.8840 -0.4674
vn -0.0009 0.3696 0.9292
vn 0.9128 -0.4084 0.0025
vn -0.0015 -0.8840 -0.4675
vn 0.0009 -0.3696 0.9292
vn -0.0030 0.0338 -0.9994
vn 0.0002 -1.0000 -0.0002
vn 0.0002 0.0084 1.0000
vn -0.0002 1.0000 -0.0002
vn -0.0002 0.0084 -1.0000
vn -0.3133 -0.5567 0.7694
vn 0.3070 0.5499 0.7767
vn -0.7711 0.5509 0.3193
vn 0.3133 -0.5567 -0.7694
vn -0.3069 0.5499 -0.7768
vn 0.7711 0.5509 -0.3193
vn -0.7695 -0.5542 -0.3174
vn 0.7695 -0.5543 0.3174
vn 0.7562 -0.5799 0.3033
vn 0.3334 0.5786 -0.7444
vn 0.7510 0.5750 0.3246
vn 0.3010 -0.5838 -0.7541
vn -0.7441 0.5798 -0.3318
vn -0.7562 -0.5799 -0.3033
vn -0.3334 0.5786 0.7444
vn -0.3010 -0.5838 0.7541
vn -0.3174 -0.5543 0.7695
vn 0.3076 0.5514 0.7754
vn -0.7706 0.5508 0.3208
vn 0.3174 -0.5542 -0.7695
vn -0.3076 0.5514 -0.7754
vn 0.7706 0.5508 -0.3208
vn -0.7694 -0.5566 -0.3133
vn 0.7694 -0.5567 0.3133
vn 0.7655 -0.5567 -0.3227
vn 0.3306 0.5514 -0.7659
vn 0.7716 0.5508 0.3182
vn -0.3194 -0.5542 -0.7686
vn -0.7662 0.5499 -0.3325
vn -0.7655 -0.5567 0.3227
vn -0.3306 0.5514 0.7659
vn 0.3305 -0.5484 0.7681
vn 0.0015 0.8840 -0.4675
vn 0.2882 -0.5554 -0.7800
vn -0.2818 0.5486 -0.7872
vn 0.7600 0.5841 -0.2850
vn -0.7580 -0.5884 -0.2814
vn -0.8164 0.5655 0.1171
vn -0.3714 0.5799 0.7251
vn 0.3589 -0.5839 0.7282
vn 0.6733 0.5470 0.4974
vn 0.8185 -0.5619 0.1196
vn 0.7193 -0.5868 -0.3719
vn -0.2342 0.5878 -0.7744
vn 0.7291 0.5865 -0.3528
vn -0.2632 -0.5956 -0.7590
vn -0.7958 0.6055 -0.0127
vn -0.7944 -0.6074 0.0005
vn -0.3248 0.5981 0.7326
vn 0.5669 -0.6016 0.5628
vn 0.5686 0.5915 0.5717
vn -0.3002 -0.5997 0.7418
vn 0.3174 -0.5543 -0.7695
vn 0.7705 0.5508 -0.3208
vn 0.7694 -0.5566 0.3133
vn 0.7670 -0.5845 0.2648
vn 0.3609 0.5880 -0.7239
vn 0.7570 0.5886 0.2838
vn -0.3455 -0.5498 -0.7605
vn -0.7773 -0.5554 0.2956
vn -0.3059 0.5924 0.7453
vn 0.0879 -0.5875 0.8044
vn 0.0031 -1.0000 -0.0080
vn 0.9998 0.0136 -0.0129
vn 0.0031 0.0084 1.0000
vn -0.9998 -0.0136 -0.0129
vn -0.0031 1.0000 -0.0080
vn -0.0031 0.0084 -1.0000
vn 0.0024 -1.0000 -0.0078
vn 0.9999 -0.0145 0.0034
vn 0.0019 0.0331 0.9994
vn -0.9999 0.0145 0.0034
vn -0.0024 1.0000 -0.0078
vn -0.9121 -0.4098 -0.0068
vn -0.9121 0.4098 0.0068
vn 0.0007 0.3695 -0.9292
vn -0.0007 0.3695 0.9292
vn 0.9121 -0.4098 0.0068
vn -0.0007 -0.3695 -0.9292
vn 0.0007 -0.3695 0.9292
vn -0.0019 0.0331 -0.9994
vn 0.0001 -1.0000 -0.0005
vn 0.9999 0.0137 -0.0008
vn 0.0001 0.0084 1.0000
vn -0.9999 -0.0137 -0.0008
vn -0.0001 1.0000 -0.0005
vn -0.0001 0.0084 -1.0000
vn 0.8356 0.3611 0.4139
vn 0.7327 -0.6456 0.2153
vn 0.6069 0.6555 0.4494
vn -0.6060 0.7752 -0.1787
vn 0.2923 0.9132 0.2840
vn -0.5497 -0.6806 -0.4843
vn -0.8795 0.3702 -0.2991
vn 0.3747 -0.9270 -0.0153
vn 0.9102 -0.4123 0.0378
vn 0.8663 -0.4068 0.2900
vn 0.9133 0.4018 0.0670
vn -0.4158 0.9094 -0.0078
vn 0.3129 0.9484 0.0517
vn -0.4561 0.8899 0.0054
vn -0.8370 -0.3571 -0.4146
vn -0.9683 0.2456 -0.0459
vn -0.7119 -0.6997 -0.0610
vn -0.3153 -0.9010 -0.2980
vn 0.2506 -0.9679 -0.0187
vn 0.3747 -0.9271 -0.0084
vn 0.8970 -0.3854 -0.2163
vn 0.3198 0.9294 -0.1845
vn -0.4190 0.9076 0.0248
vn -0.9091 0.3528 0.2215
vn -0.8771 -0.3832 0.2894
vn -0.3496 -0.9162 0.1958
vn 0.7528 -0.6330 -0.1807
vn 0.8758 0.3866 -0.2891
vn 0.6493 0.6827 -0.3351
vn -0.6273 0.7630 0.1561
vn -0.6006 -0.7124 0.3630
vn -0.5780 0.7390 0.3462
vn -0.0507 0.9768 0.2080
vn -0.8927 -0.0270 0.4499
vn -0.1256 -0.9770 -0.1723
vn -0.8458 -0.4414 0.2996
vn 0.8698 0.0737 -0.4879
vn 0.0027 -0.9811 -0.1934
vn 0.6518 0.7432 -0.1510
vn 0.1635 0.9864 0.0138
vn -0.9936 -0.0744 0.0849
vn 0.8466 -0.3507 -0.4002
vn 0.1449 -0.9888 -0.0357
vn 0.9961 -0.0290 -0.0832
vn -0.6266 0.7516 -0.2064
vn 0.0316 -0.9893 0.1425
vn 0.9014 -0.3658 0.2315
vn 0.6705 0.7382 0.0747
vn -0.0806 0.9852 -0.1515
vn -0.9561 -0.0092 -0.2931
vn -0.8852 -0.4331 -0.1698
vn -0.0983 -0.9848 0.1429
vn 0.9415 0.0544 0.3327
vn -0.2434 0.6946 0.6770
vn -0.0529 0.7353 -0.6757
vn -0.4668 0.6475 -0.6023
vn 0.5358 0.5205 0.6648
vn 0.7829 0.3405 -0.5207
vn 0.5185 0.5334 -0.6683
vn 0.8168 0.1438 0.5587
vn 0.7347 -0.0142 -0.6782
vn 0.7514 -0.3371 -0.5672
vn 0.6810 -0.2984 0.6687
vn 0.4594 -0.6462 -0.6094
vn 0.4468 -0.6930 0.5657
vn 0.0430 -0.7428 -0.6681
vn 0.0238 -0.7519 0.6589
vn -0.3058 -0.7085 -0.6360
vn -0.3345 -0.7912 0.5120
vn -0.6542 -0.4609 -0.5997
vn -0.7058 -0.2383 0.6672
vn -0.7338 -0.0430 -0.6780
vn -0.7726 0.1811 0.6085
vn -0.7516 0.3555 -0.5556
vn 0.1790 0.7899 0.5865
vn 0.3402 0.7968 -0.4994
vn -0.5235 -0.5169 0.6773
vn -0.6124 0.5539 0.5640
vn 0.7471 -0.2532 0.6146
vn 0.6819 -0.3839 -0.6226
vn 0.7562 0.2098 -0.6198
vn 0.1828 -0.7682 -0.6135
vn 0.2329 -0.7508 0.6181
vn -0.5477 -0.5689 -0.6135
vn -0.7663 -0.1599 0.6222
vn -0.7688 0.1915 -0.6101
vn -0.5549 0.5577 0.6173
vn -0.2498 0.7452 -0.6183
vn 0.1847 0.7688 0.6122
vn 0.3856 0.6704 -0.6339
vn 0.6675 0.3774 0.6418
vn 0.6533 0.4154 0.6330
vn 0.6937 0.2941 -0.6575
vn 0.4008 0.6699 -0.6250
vn 0.7644 -0.1641 -0.6235
vn 0.7593 -0.1646 0.6296
vn 0.4599 -0.6204 -0.6353
vn 0.4229 -0.6514 0.6300
vn 0.0134 -0.7592 -0.6507
vn -0.1368 -0.7668 0.6271
vn -0.4418 -0.6354 -0.6333
vn -0.5412 -0.5199 0.6609
vn -0.7557 -0.1630 -0.6343
vn -0.7696 -0.1364 0.6238
vn -0.6564 0.4178 -0.6281
vn -0.3963 0.6605 0.6378
vn -0.1648 0.7541 -0.6357
vn 0.1637 0.7544 0.6357
vn 0.5440 0.5096 0.6666
vn 0.6781 0.3096 -0.6666
vn 0.4128 0.6475 -0.6405
vn 0.7615 0.1326 0.6344
vn 0.7699 -0.1620 -0.6172
vn 0.6423 -0.4408 0.6270
vn 0.4397 -0.6423 -0.6278
vn 0.1458 -0.7715 0.6193
vn -0.1460 -0.7662 -0.6258
vn -0.4391 -0.6429 0.6276
vn -0.6375 -0.4509 -0.6247
vn -0.7631 -0.1219 0.6347
vn -0.7663 0.0434 -0.6410
vn -0.6525 0.4254 -0.6271
vn -0.6393 0.4383 0.6318
vn -0.1793 0.7472 -0.6399
vn 0.1559 0.7709 0.6176
vn 0.6559 0.4033 0.6381
vn 0.7173 0.2549 -0.6484
vn 0.4177 0.6594 -0.6250
vn 0.7687 -0.1452 -0.6229
vn 0.7642 -0.1600 0.6248
vn 0.4527 -0.6231 -0.6378
vn 0.1466 -0.7718 0.6187
vn -0.1487 -0.7524 -0.6417
vn -0.3272 -0.6914 0.6441
vn -0.6228 -0.4464 -0.6426
vn -0.6495 -0.4023 0.6452
vn -0.7617 -0.0390 -0.6467
vn -0.7541 0.1514 0.6391
vn -0.6474 0.4408 -0.6218
vn -0.4253 0.6529 0.6268
vn -0.1607 0.7608 -0.6288
vn 0.5657 -0.5098 0.6481
vn 0.1600 0.7687 0.6193
vn -0.7324 0.3157 0.6033
vn 0.3559 0.7323 -0.5806
vn -0.5641 0.5661 -0.6011
vn 0.3395 -0.7265 0.5975
vn -0.0094 -0.8064 -0.5914
vn 0.7642 -0.2508 -0.5942
vn -0.7363 -0.3109 -0.6010
vn 0.7631 0.2478 0.5969
vn -0.2972 0.7508 0.5898
vn 0.3579 0.7270 -0.5860
vn -0.5673 0.5610 -0.6029
vn 0.2893 -0.7556 0.5877
vn -0.7356 -0.3128 -0.6009
vn -0.7525 -0.3043 0.5841
vn 0.7482 0.3009 0.5913
vn -0.2971 0.7508 0.5900
vn 0.2892 -0.7551 0.5883
vn -0.0094 -0.8064 -0.5913
vn -0.7522 -0.3041 0.5845
vn 0.7487 0.3012 0.5906
vn -0.5673 0.5610 -0.6028
vn -0.0041 -1.0000 0.0051
vn 0.9999 0.0097 -0.0113
vn -0.0069 -0.0060 1.0000
vn -0.9999 -0.0097 -0.0113
vn 0.0041 1.0000 0.0051
vn -0.3411 0.0128 -0.9399
vn -0.3411 -0.0128 0.9399
vn 0.0167 0.8821 -0.4708
vn -0.0167 0.8821 0.4708
vn 0.9068 0.4212 0.0142
vn 0.3411 -0.0128 -0.9399
vn 0.3411 0.0128 0.9399
vn -0.0167 -0.8821 -0.4708
vn 0.0167 -0.8821 0.4708
vn 0.0069 -0.0060 -1.0000
vn -0.6902 0.4030 0.6010
vn -0.0044 0.7937 -0.6083
vn -0.6885 0.3912 -0.6106
vn 0.6827 -0.4024 0.6099
vn 0.0069 -0.7879 -0.6158
vn 0.6940 -0.3951 -0.6018
vn -0.0046 -0.7936 0.6084
vn -0.6903 -0.4026 -0.6012
vn -0.6890 -0.3910 0.6102
vn 0.6947 0.3952 0.6011
vn 0.6826 0.4016 -0.6106
vn 0.0070 0.7875 0.6163
vn -0.6903 0.4030 0.6010
vn -0.0045 0.7936 -0.6084
vn -0.6885 0.3913 -0.6107
vn 0.0068 -0.7878 -0.6159
vn 0.6940 -0.3951 -0.6019
vn -0.0046 -0.7936 0.6085
vn -0.6904 -0.4026 -0.6011
vn 0.0069 0.7875 0.6162
vn 0.0086 -1.0000 -0.0005
vn 1.0000 0.0048 -0.0005
vn 0.0198 0.0126 0.9997
vn -1.0000 -0.0084 -0.0009
vn -0.0054 1.0000 -0.0005
vn -0.3329 0.0181 -0.9428
vn -0.4278 -0.0101 0.9038
vn 0.0325 0.3816 -0.9238
vn -0.0281 0.8805 0.4733
vn 0.8156 0.5786 -0.0016
vn 0.3364 -0.0258 -0.9414
vn 0.4279 0.0101 0.9038
vn -0.0423 -0.8783 -0.4762
vn 0.0281 -0.8805 0.4733
vn -0.0085 0.0075 -0.9999
vn 0.6027 0.4024 0.6891
vn -0.6028 0.7979 0.0036
vn -0.6105 0.3917 0.6884
vn 0.6100 -0.4001 -0.6839
vn -0.6098 -0.7925 -0.0044
vn -0.6038 -0.3963 -0.6916
vn 0.6028 -0.7979 0.0030
vn -0.6088 -0.3997 0.6853
vn 0.6144 -0.3898 0.6860
vn 0.6086 0.3936 -0.6890
vn -0.6147 0.3985 -0.6807
vn 0.6098 0.7926 -0.0056
vn 0.6027 0.4016 0.6896
vn -0.6087 0.7934 0.0035
vn -0.6105 0.3926 0.6879
vn 0.6098 -0.4011 -0.6836
vn -0.6144 -0.7889 -0.0054
vn -0.6037 -0.3955 -0.6922
vn 0.6087 -0.7934 0.0036
vn -0.6029 -0.4012 0.6896
vn 0.6099 -0.3923 0.6886
vn 0.6028 0.3955 -0.6930
vn -0.6104 0.4003 -0.6834
vn 0.6149 0.7885 -0.0054
vn 0.6149 0.7886 -0.0054
vn -0.0045 0.7936 -0.6085
vn 0.6946 0.3952 0.6011
vn 0.0139 -0.9999 -0.0010
vn 1.0000 0.0063 -0.0005
vn -1.0000 -0.0048 -0.0005
vn -0.3364 0.0258 -0.9414
vn -0.9131 -0.4078 -0.0005
vn 0.4393 -0.0200 -0.8981
vn -0.0192 -0.3766 -0.9262
vn -0.0087 0.0064 -0.9999
vn 0.6028 0.4024 0.6890
vn -0.6099 -0.7925 -0.0044
vn -0.6039 -0.3963 -0.6916
vn 0.6098 0.7926 -0.0055
vn -0.6145 -0.7889 -0.0054
vn 0.6100 -0.3923 0.6885
vn 0.6028 0.4015 0.6895
vn 0.6150 0.7885 -0.0055
vn 0.0660 -0.9966 -0.0486
vn 0.9994 0.0019 -0.0354
vn 0.0862 0.0035 0.9963
vn -0.9994 -0.0019 -0.0354
vn -0.0660 0.9966 -0.0486
vn -0.4131 -0.1874 -0.8912
vn -0.4130 0.1874 0.8912
vn 0.4130 -0.1874 0.8912
vn 0.4131 0.1874 -0.8912
vn -0.2804 0.0027 -0.9599
vn -0.8788 0.0015 -0.4773
vn -0.5158 -0.8565 0.0171
vn -0.8748 -0.4844 -0.0089
vn -0.2803 -0.0027 0.9599
vn -0.8788 -0.0015 0.4773
vn -0.5158 0.8565 -0.0171
vn -0.8748 0.4844 0.0089
vn 0.0372 0.4917 -0.8700
vn 0.0315 0.8899 -0.4552
vn -0.0371 0.4917 0.8700
vn -0.0315 0.8899 0.4551
vn 0.8593 0.5113 -0.0114
vn 0.4205 0.9072 0.0111
vn 0.2804 -0.0027 -0.9599
vn 0.8788 -0.0015 -0.4773
vn 0.2803 0.0027 0.9599
vn 0.8788 0.0015 0.4773
vn 0.5158 -0.8565 -0.0171
vn 0.8748 -0.4844 0.0089
vn -0.0372 -0.4917 -0.8700
vn -0.0315 -0.8899 -0.4551
vn 0.0371 -0.4917 0.8700
vn 0.0315 -0.8899 0.4551
vn -0.0862 0.0035 -0.9963
vn 0.0120 -0.9998 -0.0157
vn 1.0000 -0.0079 0.0032
vn 0.0109 0.0382 0.9992
vn -1.0000 0.0079 0.0032
vn -0.0120 0.9998 -0.0157
vn -0.3454 0.0302 -0.9380
vn -0.4425 -0.8967 -0.0097
vn -0.3454 -0.0302 0.9380
vn -0.4425 0.8967 0.0097
vn 0.0099 0.4944 -0.8692
vn 0.0075 0.8394 -0.5434
vn -0.0099 0.4944 0.8692
vn -0.0075 0.8394 0.5434
vn 0.9085 0.4177 0.0105
vn 0.3454 -0.0302 -0.9380
vn 0.3454 0.0302 0.9380
vn 0.4425 -0.8967 0.0097
vn -0.0099 -0.4944 -0.8692
vn -0.0075 -0.8394 -0.5434
vn 0.0099 -0.4944 0.8692
vn 0.0075 -0.8395 0.5434
vn -0.0109 0.0382 -0.9992
vn 0.0006 -1.0000 -0.0008
vn 0.9999 0.0137 -0.0013
vn 0.0006 0.0084 1.0000
vn -0.9999 -0.0137 -0.0013
vn -0.0006 1.0000 -0.0008
vn -0.0006 0.0084 -1.0000
vn 0.0015 -1.0000 -0.0019
vn 0.9999 0.0137 -0.0030
vn 0.0015 0.0084 1.0000
vn -0.9999 -0.0137 -0.0030
vn -0.0015 1.0000 -0.0019
vn -0.0015 0.0084 -1.0000
vn -0.0019 -0.9973 0.0738
vn 0.9999 0.0004 -0.0103
vn -0.0014 -0.0017 1.0000
vn -0.9999 0.0018 -0.0104
vn 0.0014 0.9984 0.0569
vn -0.3741 -0.8917 -0.2549
vn -0.3712 -0.8940 -0.2511
vn -0.3731 -0.8925 -0.2536
vn -0.4536 0.7472 -0.4857
vn -0.4496 0.7553 -0.4769
vn -0.4501 0.7545 -0.4776
vn -0.3741 0.8917 0.2549
vn -0.3712 0.8940 0.2511
vn -0.3731 0.8925 0.2536
vn 0.4536 -0.7472 -0.4857
vn 0.4496 -0.7553 -0.4769
vn 0.4501 -0.7545 -0.4776
vn 0.3741 -0.8917 0.2549
vn 0.3712 -0.8940 0.2511
vn 0.3731 -0.8925 0.2536
vn 0.3741 0.8917 -0.2549
vn 0.3712 0.8940 -0.2511
vn 0.3731 0.8925 -0.2536
vn 0.4536 0.7472 0.4857
vn 0.4496 0.7553 0.4769
vn 0.4501 0.7545 0.4776
vn -0.4783 -0.0000 -0.8782
vn -0.9335 -0.0014 -0.3585
vn -0.8711 -0.4891 0.0443
vn -0.4775 0.0011 0.8786
vn -0.9335 0.0014 0.3585
vn -0.8978 0.4391 -0.0336
vn -0.0012 0.9550 -0.2967
vn 0.0012 0.9550 0.2967
vn 0.4405 0.8971 -0.0334
vn 0.4783 -0.0000 -0.8782
vn 0.9335 0.0014 -0.3585
vn 0.4783 -0.0000 0.8782
vn 0.9335 -0.0014 0.3585
vn 0.8978 -0.4391 -0.0336
vn 0.0012 -0.9550 -0.2967
vn -0.0004 -0.4998 0.8661
vn 0.0015 -0.0018 -1.0000
vn -0.0007 -0.9992 0.0411
vn 1.0000 0.0002 -0.0062
vn -0.0007 -0.0009 1.0000
vn -1.0000 -0.0002 -0.0062
vn 0.0007 0.9992 0.0411
vn -0.9606 -0.0006 -0.2779
vn -0.9606 0.0006 0.2779
vn 0.9606 0.0006 -0.2779
vn 0.9606 -0.0006 0.2779
vn 0.0007 -0.0009 -1.0000
vn -0.0001 -1.0000 0.0084
vn 0.9999 -0.0001 0.0137
vn -0.0001 -0.0001 1.0000
vn -0.9999 0.0001 0.0137
vn 0.0001 1.0000 0.0084
vn 0.0001 -0.0001 -1.0000
vn -0.0005 -0.9999 0.0128
vn 0.9999 -0.0127 0.0112
vn -0.0007 -0.0155 0.9999
vn -0.9999 0.0127 0.0112
vn 0.0005 0.9999 0.0128
vn -0.9563 -0.0278 -0.2910
vn -0.8193 -0.5728 0.0243
vn -0.9563 0.0278 0.2910
vn -0.8193 0.5728 -0.0243
vn 0.9563 0.0278 -0.2910
vn 0.9563 -0.0278 0.2910
vn 0.8193 -0.5728 -0.0243
vn 0.0007 -0.0155 -0.9999
vn -0.0000 -1.0000 0.0015
vn 0.9999 -0.0137 0.0024
vn -0.0000 -0.0084 1.0000
vn -0.9999 0.0137 0.0024
vn -0.0000 1.0000 0.0015
vn -0.0000 -0.0084 -1.0000
vn -0.0120 -0.9998 0.0130
vn 0.9999 -0.0007 0.0119
vn -0.0157 -0.0008 0.9999
vn -0.9999 0.0007 0.0119
vn 0.0120 0.9998 0.0130
vn -0.9605 -0.0014 -0.2783
vn -0.9605 0.0014 0.2783
vn 0.9605 0.0014 -0.2783
vn 0.9605 -0.0014 0.2783
vn 0.0157 -0.0008 -0.9999
vn -0.0010 -1.0000 0.0084
vn 0.9999 -0.0009 0.0137
vn -0.0010 -0.0006 1.0000
vn -0.9999 0.0009 0.0137
vn 0.0010 1.0000 0.0084
vn 0.0010 -0.0006 -1.0000
vn -0.0236 -0.9992 0.0319
vn 0.9992 -0.0236 0.0319
vn -0.0237 -0.0237 0.9994
vn -0.9992 0.0236 0.0319
vn 0.0236 0.9992 0.0319
vn -0.3730 -0.8925 -0.2536
vn -0.3793 -0.8016 0.4621
vn -0.3733 -0.8151 0.4430
vn -0.3776 -0.8078 0.4526
vn -0.8963 -0.3744 0.2376
vn -0.8997 -0.3703 0.2310
vn -0.8985 -0.3717 0.2334
vn -0.8656 0.3553 -0.3530
vn -0.8675 0.3530 -0.3504
vn -0.8652 0.3557 -0.3534
vn -0.3730 0.8925 0.2536
vn 0.8656 -0.3553 -0.3530
vn 0.8675 -0.3530 -0.3504
vn 0.8652 -0.3557 -0.3534
vn 0.3730 -0.8925 0.2536
vn 0.3730 0.8925 -0.2536
vn 0.8656 0.3553 0.3530
vn 0.8675 0.3530 0.3504
vn 0.8652 0.3557 0.3534
vn -0.4673 -0.0151 -0.8840
vn -0.9330 -0.0186 -0.3593
vn -0.8969 -0.4417 0.0204
vn -0.4779 0.0005 0.8784
vn -0.9330 0.0186 0.3593
vn -0.8969 0.4417 -0.0204
vn -0.0003 0.3894 -0.9211
vn -0.0200 0.9581 -0.2856
vn 0.0003 0.3894 0.9211
vn 0.0200 0.9581 0.2856
vn 0.4417 0.8969 -0.0204
vn 0.4673 0.0151 -0.8840
vn 0.9330 0.0186 -0.3593
vn 0.4673 -0.0151 0.8840
vn 0.9330 -0.0186 0.3593
vn 0.8969 -0.4417 -0.0204
vn 0.0003 -0.3894 -0.9211
vn 0.0200 -0.9581 -0.2856
vn -0.0196 -0.9511 0.3081
vn 0.0219 -0.0219 -0.9995
vn -0.0014 -1.0000 0.0084
vn 0.9999 -0.0022 0.0137
vn -0.0014 -0.0014 1.0000
vn -0.9999 0.0022 0.0137
vn 0.0014 1.0000 0.0084
vn 0.0014 -0.0014 -1.0000
vn -0.0219 -0.0219 0.9995
vn -0.8656 -0.3553 0.3530
vn -0.8675 -0.3530 0.3504
vn -0.8652 -0.3557 0.3534
vn -0.8963 0.3744 -0.2376
vn -0.8997 0.3703 -0.2310
vn -0.8985 0.3717 -0.2334
vn -0.3793 0.8016 -0.4621
vn -0.3733 0.8151 -0.4430
vn -0.3776 0.8078 -0.4526
vn -0.4779 -0.0005 -0.8784
vn -0.4673 0.0151 0.8840
vn -0.8970 0.4417 -0.0204
vn -0.0196 0.9511 -0.3081
vn -0.0003 -0.3894 0.9211
vn -0.0200 -0.9581 0.2856
vn 0.8963 -0.3744 -0.2376
vn 0.8997 -0.3703 -0.2310
vn 0.8985 -0.3717 -0.2334
vn 0.3793 -0.8016 -0.4621
vn 0.3733 -0.8151 -0.4430
vn 0.3776 -0.8078 -0.4526
vn -0.8970 -0.4417 0.0204
vn 0.4779 0.0005 -0.8784
vn 0.8970 -0.4417 -0.0204
vn 0.0196 -0.9511 -0.3081
vn 0.0237 -0.0237 -0.9994
vn 0.8963 0.3744 0.2376
vn 0.8997 0.3703 0.2310
vn 0.8985 0.3717 0.2334
vn 0.3793 0.8016 0.4621
vn 0.3733 0.8151 0.4430
vn 0.3776 0.8078 0.4526
vn 0.0196 0.9511 0.3081
vn 0.4779 -0.0005 0.8784
vn -0.0011 -1.0000 0.0007
vn 0.9993 -0.0383 0.0006
vn -0.0005 -0.0088 1.0000
vn -0.9998 0.0193 0.0007
vn -0.0005 1.0000 0.0018
vn -0.9579 0.0185 0.2865
vn -0.4544 0.8908 -0.0025
vn 0.0005 0.4560 0.8900
vn 0.5394 0.8421 -0.0010
vn 0.4788 0.0070 -0.8779
vn 0.9562 -0.0284 0.2913
vn 0.4544 -0.8908 -0.0025
vn -0.0011 -0.9655 0.2605
vn 0.0003 -0.0378 -0.9993
vn -0.0009 -1.0000 0.0002
vn 0.9999 -0.0137 0.0003
vn -0.0009 -0.0084 1.0000
vn -0.9999 0.0137 0.0003
vn 0.0009 1.0000 0.0002
vn 0.0009 -0.0084 -1.0000
vn 0.0004 -1.0000 -0.0003
vn 0.9998 -0.0193 0.0007
vn 0.0006 0.0121 0.9999
vn -0.9998 0.0193 0.0005
vn -0.0004 1.0000 -0.0005
vn -0.4536 -0.7472 0.4857
vn -0.4497 -0.7553 0.4768
vn -0.4501 -0.7545 0.4776
vn 0.4497 0.7553 0.4768
vn -0.9512 -0.0547 -0.3037
vn -0.9126 -0.4087 0.0009
vn -0.9531 0.0451 0.2992
vn -0.9332 0.3594 -0.0016
vn -0.0005 0.3969 -0.9178
vn 0.0001 0.9552 0.2959
vn 0.9130 0.4080 -0.0012
vn 0.9531 -0.0451 0.2992
vn -0.0001 -0.9552 0.2959
vn 0.0007 -0.0119 -0.9999
vn -0.0070 -0.9996 0.0271
vn 0.9989 -0.0018 0.0462
vn -0.0085 -0.0037 1.0000
vn -0.9989 0.0018 0.0462
vn 0.0061 0.9977 0.0669
vn -0.2882 -0.3898 -0.8746
vn -0.2863 -0.3884 -0.8759
vn -0.2857 -0.3879 -0.8763
vn 0.8811 -0.3501 -0.3179
vn 0.8835 -0.3477 -0.3140
vn 0.8820 -0.3491 -0.3164
vn -0.5527 -0.0005 -0.8334
vn -0.4195 -0.9077 0.0069
vn -0.8708 -0.4914 0.0136
vn -0.4870 -0.0003 0.8734
vn -0.4211 0.9069 -0.0139
vn -0.8577 0.5139 0.0146
vn 0.4453 0.8949 0.0295
vn 0.4781 0.0003 -0.8783
vn 0.9335 0.0018 -0.3585
vn 0.4870 0.0003 0.8734
vn 0.8880 -0.4595 0.0187
vn 0.0067 -0.8866 -0.4625
vn 0.0076 -0.0033 -1.0000
vn -0.0008 -0.9997 0.0227
vn 0.9998 -0.0008 0.0213
vn -0.0011 -0.0010 1.0000
vn -0.9998 0.0008 0.0213
vn 0.0008 0.9997 0.0227
vn -0.9605 -0.0017 -0.2784
vn -0.8217 -0.5683 0.0431
vn -0.9605 0.0017 0.2784
vn -0.8217 0.5683 -0.0431
vn 0.9605 0.0017 -0.2784
vn 0.9605 -0.0017 0.2784
vn 0.8217 -0.5683 -0.0431
vn 0.0011 -0.0010 -1.0000
vn -0.0068 -1.0000 0.0004
vn 1.0000 -0.0003 0.0004
vn -0.0116 -0.0005 0.9999
vn -1.0000 0.0003 0.0004
vn 0.0068 1.0000 0.0004
vn -0.4543 -0.8908 0.0022
vn -0.8157 0.5785 0.0013
vn 0.8157 -0.5785 0.0013
vn 0.0252 -0.0010 -0.9997
vn -0.0005 -1.0000 0.0025
vn 1.0000 -0.0063 0.0041
vn -0.0005 -0.0039 1.0000
vn -1.0000 0.0063 0.0041
vn 0.0005 1.0000 0.0025
vn 0.0005 -0.0039 -1.0000
vn -0.0084 -1.0000 0.0006
vn 1.0000 -0.0003 0.0010
vn -0.0084 -0.0002 1.0000
vn -1.0000 0.0003 0.0010
vn 0.0084 1.0000 0.0006
vn 0.0084 -0.0002 -1.0000
vn -1.0000 0.0010 0.0035
vn 1.0000 -0.0010 0.0035
vn -0.0084 -1.0000 0.0002
vn 1.0000 -0.0008 0.0004
vn -0.0084 -0.0005 1.0000
vn -1.0000 0.0008 0.0004
vn 0.0084 1.0000 0.0002
vn 0.0084 -0.0005 -1.0000
vn -0.0084 -1.0000 0.0030
vn 1.0000 -0.0005 0.0050
vn -0.0084 -0.0003 1.0000
vn -1.0000 0.0005 0.0050
vn 0.0084 1.0000 0.0030
vn 0.0084 -0.0003 -1.0000
vn -0.0013 -0.9997 0.0256
vn 0.9958 -0.0022 0.0912
vn -0.0005 -0.0009 1.0000
vn -0.9998 0.0022 0.0184
vn 0.0013 0.9997 0.0256
vn -0.9601 -0.0042 -0.2796
vn -0.9604 0.0022 0.2786
vn -0.4701 0.8803 -0.0635
vn 0.0012 0.9655 0.2605
vn 0.9598 0.0060 -0.2805
vn 0.9604 -0.0022 0.2786
vn 0.8704 -0.4906 -0.0415
vn 0.0015 -0.4998 -0.8661
vn -0.0012 -0.9655 0.2606
vn -0.0009 0.0016 -1.0000
vn -0.0002 -1.0000 0.0084
vn 0.9999 -0.0007 0.0137
vn -0.0002 -0.0004 1.0000
vn -0.9999 0.0007 0.0137
vn 0.0002 1.0000 0.0084
vn 0.0002 -0.0004 -1.0000
vn -0.2960 -0.6596 -0.6909
vn -0.7566 -0.6537 0.0151
vn -0.2842 -0.6469 0.7077
vn 0.1494 -0.6320 -0.7604
vn -0.2842 -0.6468 0.7077
vn 0.2900 -0.6309 -0.7196
vn -0.0015 -0.3846 -0.9231
vn -0.3262 -0.9035 -0.2781
vn -0.3269 -0.9030 -0.2789
vn -0.3247 -0.9046 -0.2761
vn -0.8627 -0.3954 -0.3154
vn -0.8598 -0.3986 -0.3191
vn -0.8610 -0.3973 -0.3175
vn -0.3262 -0.2781 0.9035
vn -0.3269 -0.2789 0.9030
vn -0.3247 -0.2761 0.9046
vn -0.8627 -0.3154 0.3954
vn -0.8598 -0.3191 0.3986
vn -0.8610 -0.3175 0.3973
vn -0.9035 0.3262 -0.2781
vn -0.9030 0.3269 -0.2789
vn -0.9046 0.3247 -0.2761
vn -0.3954 0.8627 -0.3154
vn -0.3986 0.8598 -0.3191
vn -0.3973 0.8610 -0.3175
vn -0.2781 0.3262 0.9035
vn -0.2789 0.3269 0.9030
vn -0.2761 0.3247 0.9046
vn -0.3154 0.8627 0.3954
vn -0.3191 0.8598 0.3986
vn -0.3175 0.8610 0.3973
vn 0.3262 -0.2781 -0.9035
vn 0.3269 -0.2789 -0.9030
vn 0.3247 -0.2761 -0.9046
vn 0.8627 -0.3154 -0.3954
vn 0.8598 -0.3191 -0.3986
vn 0.8610 -0.3175 -0.3973
vn 0.3262 -0.9035 0.2781
vn 0.3269 -0.9030 0.2789
vn 0.3247 -0.9046 0.2761
vn 0.8627 -0.3954 0.3154
vn 0.8598 -0.3986 0.3191
vn 0.8610 -0.3973 0.3175
vn 0.3262 0.9035 -0.2781
vn 0.3269 0.9030 -0.2789
vn 0.3247 0.9046 -0.2761
vn 0.8627 0.3954 -0.3154
vn 0.8598 0.3986 -0.3191
vn 0.8610 0.3973 -0.3175
vn 0.9035 0.3262 0.2781
vn 0.9030 0.3269 0.2789
vn 0.9046 0.3247 0.2761
vn 0.3954 0.8627 0.3154
vn 0.3986 0.8598 0.3191
vn 0.3973 0.8610 0.3175
vn -0.3826 0.0206 -0.9237
vn -0.9239 -0.0000 -0.3827
vn -0.4742 0.0259 0.8800
vn -0.8809 -0.0000 0.4732
vn 0.0078 0.3827 -0.9239
vn -0.0000 0.9239 -0.3827
vn 0.3826 0.0206 0.9237
vn 0.0013 -0.4877 -0.8730
vn -0.0000 -0.8809 -0.4732
vn -0.0013 -0.4877 0.8730
vn -0.0000 -0.8809 0.4732
vn -0.0008 -1.0000 0.0002
vn -0.0008 -0.0084 1.0000
vn 0.0008 1.0000 0.0002
vn 0.0008 -0.0084 -1.0000
vn -0.0004 -1.0000 0.0011
vn 0.9999 -0.0137 0.0017
vn -0.0004 -0.0084 1.0000
vn -0.9999 0.0137 0.0017
vn 0.0004 1.0000 0.0011
vn 0.0004 -0.0084 -1.0000
vn 0.9289 -0.0095 -0.3703
vn 0.0058 1.0000 -0.0011
vn 0.3660 -0.0057 0.9306
vn -0.0050 -1.0000 0.0032
vn -0.9280 0.0095 0.3725
vn -0.3660 0.0058 -0.9306
vn -0.2781 -0.3262 -0.9035
vn -0.2789 -0.3269 -0.9030
vn -0.2761 -0.3247 -0.9046
vn -0.3154 -0.8627 -0.3954
vn -0.3191 -0.8598 -0.3986
vn -0.3175 -0.8610 -0.3973
vn -0.3954 -0.8627 0.3154
vn -0.3986 -0.8598 0.3191
vn -0.3973 -0.8610 0.3175
vn -0.9035 -0.3262 0.2781
vn -0.9030 -0.3269 0.2789
vn -0.9046 -0.3247 0.2761
vn -0.3262 0.2781 -0.9035
vn -0.3269 0.2789 -0.9030
vn -0.3247 0.2761 -0.9046
vn -0.8627 0.3154 -0.3954
vn -0.8598 0.3191 -0.3986
vn -0.8610 0.3175 -0.3973
vn -0.3262 0.9035 0.2781
vn -0.3269 0.9030 0.2789
vn -0.3247 0.9046 0.2761
vn -0.8627 0.3954 0.3154
vn -0.8598 0.3986 0.3191
vn -0.8610 0.3973 0.3175
vn 0.9035 -0.3262 -0.2781
vn 0.9030 -0.3269 -0.2789
vn 0.9046 -0.3247 -0.2761
vn 0.3954 -0.8627 -0.3154
vn 0.3986 -0.8598 -0.3191
vn 0.3973 -0.8610 -0.3175
vn 0.3262 0.2781 0.9035
vn 0.3269 0.2789 0.9030
vn 0.3247 0.2761 0.9046
vn 0.8627 0.3154 0.3954
vn 0.8598 0.3191 0.3986
vn 0.8610 0.3175 0.3973
vn -0.4742 -0.0259 -0.8800
vn -0.8809 -0.0000 -0.4732
vn -0.3826 -0.0206 0.9237
vn -0.9239 -0.0000 0.3827
vn -0.0013 0.4877 -0.8730
vn -0.0000 0.8809 -0.4732
vn 0.0013 0.4877 0.8730
vn -0.0000 0.8809 0.4732
vn 0.3826 -0.0206 -0.9237
vn 0.0078 -0.3827 0.9239
vn -0.0000 -0.9239 0.3827
vn -0.0049 -0.9988 0.0484
vn 0.9988 -0.0030 0.0487
vn -0.0047 -0.0028 1.0000
vn -0.9988 0.0030 0.0487
vn 0.0049 0.9988 0.0484
vn -0.2549 0.8917 -0.3741
vn -0.2511 0.8940 -0.3712
vn -0.2536 0.8925 -0.3730
vn 0.2549 -0.8917 -0.3741
vn 0.2511 -0.8940 -0.3712
vn 0.2536 -0.8925 -0.3730
vn -0.4870 0.0004 -0.8734
vn -0.8956 -0.4445 -0.0173
vn -0.4769 0.0019 0.8789
vn -0.9335 0.0024 0.3585
vn -0.5317 0.8465 -0.0260
vn -0.8800 0.4737 -0.0351
vn -0.0000 0.8964 -0.4433
vn 0.0001 0.3894 0.9211
vn 0.0042 0.9593 0.2825
vn 0.8753 0.4829 -0.0246
vn 0.4737 0.8800 -0.0351
vn 0.4870 -0.0004 -0.8734
vn 0.4769 -0.0019 0.8789
vn 0.9335 -0.0024 0.3586
vn 0.5317 -0.8465 -0.0260
vn 0.8800 -0.4737 -0.0351
vn -0.0000 -0.8964 -0.4433
vn -0.0001 -0.3894 0.9211
vn -0.0042 -0.9593 0.2825
vn 0.0051 -0.0031 -1.0000
vn -0.0004 -0.9999 0.0111
vn 0.9999 -0.0003 0.0112
vn -0.0007 -0.0004 1.0000
vn -1.0000 0.0003 0.0054
vn 0.0004 0.9999 0.0111
vn -0.9604 -0.0019 -0.2785
vn -0.4701 -0.8803 0.0635
vn -0.9342 0.3568 0.0051
vn -0.0023 0.3975 -0.9176
vn 0.8103 -0.5851 0.0333
vn 0.0017 -0.0010 -1.0000
vn 0.9999 -0.0002 0.0137
vn -0.0002 -0.0001 1.0000
vn -0.9999 0.0002 0.0137
vn 0.0002 -0.0001 -1.0000
vn -0.0017 0.0013 -1.0000
vn 0.0024 0.0033 -1.0000
vn 0.0024 -0.0033 -1.0000
vn -0.0008 -0.0000 -1.0000
vn -0.0017 -0.0013 1.0000
vn 0.0024 -0.0033 1.0000
vn 0.0024 0.0033 1.0000
vn -0.0008 -0.0000 1.0000
vn 1.0000 -0.0055 -0.0021
vn 0.0013 1.0000 -0.0098
vn -0.0008 -1.0000 0.0038
vn -1.0000 -0.0035 -0.0033
vn -0.0497 -0.0036 -0.9988
vn 0.5784 0.8155 -0.0191
vn -0.3309 0.9437 -0.0028
vn 0.4076 -0.9126 -0.0314
vn -0.0027 -0.3977 0.9175
vn -0.3651 -0.9308 -0.0171
vn 0.9464 -0.0007 0.3231
vn 0.3174 -0.0075 -0.9482
vn -0.4346 -0.0029 -0.9006
vn -0.0007 -0.0038 1.0000
vn 0.9990 -0.0447 0.0057
vn -0.0316 -0.0442 0.9985
vn -0.9990 0.0447 0.0057
vn -0.2549 -0.8917 0.3741
vn -0.2511 -0.8940 0.3712
vn -0.2536 -0.8925 0.3730
vn 0.2549 0.8917 0.3741
vn 0.2511 0.8940 0.3712
vn 0.2536 0.8925 0.3730
vn -0.4836 0.0073 -0.8753
vn -0.9323 -0.0347 -0.3600
vn -0.5455 -0.8381 0.0041
vn -0.8672 -0.4980 0.0055
vn -0.4836 -0.0073 0.8753
vn -0.9323 0.0347 0.3600
vn -0.5455 0.8381 -0.0041
vn -0.8672 0.4980 -0.0055
vn -0.0000 0.8964 0.4433
vn 0.4433 0.8964 -0.0000
vn 0.4836 -0.0073 -0.8753
vn 0.9323 0.0347 -0.3600
vn 0.4836 0.0073 0.8753
vn 0.9323 -0.0347 0.3600
vn 0.5455 -0.8381 -0.0041
vn 0.8672 -0.4980 -0.0055
vn -0.0000 -0.8964 0.4433
vn 0.0316 -0.0442 -0.9985
vn -0.0012 -1.0000 0.0002
vn 0.9999 -0.0137 0.0004
vn -0.0012 -0.0084 1.0000
vn -0.9999 0.0137 0.0004
vn 0.0012 1.0000 0.0002
vn 0.0012 -0.0084 -1.0000
vn 0.0334 0.9994 0.0060
vn 0.8792 0.3604 0.3115
vn 0.8802 0.3593 0.3099
vn 0.8800 0.3596 0.3104
vn 0.0255 0.9270 0.3741
vn 0.4430 0.8965 -0.0040
vn 0.4576 0.0282 -0.8887
vn 0.4759 -0.0034 0.8795
vn 0.8606 -0.5093 -0.0058
vn 0.0092 -0.4995 -0.8662
vn 0.0300 -0.0420 -0.9987
vn 0.0012 0.9999 -0.0113
vn 0.5658 0.8246 -0.0044
vn 0.9436 -0.0187 0.3306
vn -0.0032 -1.0000 0.0033
vn 0.9999 0.0146 -0.0013
vn -0.0025 -0.0331 0.9994
vn -0.9999 -0.0146 -0.0013
vn 0.0032 1.0000 0.0033
vn -0.9571 -0.0236 -0.2890
vn 0.9571 0.0236 -0.2890
vn 0.0030 -0.0338 -0.9994
vn -0.0002 -1.0000 0.0002
vn -0.0002 -0.0084 1.0000
vn 0.0002 1.0000 0.0002
vn 0.0002 -0.0084 -1.0000
vn -0.6752 -0.5506 0.4908
vn 0.6699 -0.5569 -0.4909
vn -0.0031 -1.0000 0.0080
vn 0.9998 -0.0136 0.0129
vn -0.0031 -0.0084 1.0000
vn -0.9998 0.0136 0.0129
vn 0.0031 1.0000 0.0080
vn 0.0031 -0.0084 -1.0000
vn -0.0024 -1.0000 0.0078
vn 0.9999 0.0145 -0.0034
vn -0.0019 -0.0331 0.9994
vn -0.9999 -0.0145 -0.0034
vn 0.0024 1.0000 0.0078
vn 0.9121 0.4098 -0.0068
vn 0.0019 -0.0331 -0.9994
vn -0.0001 -1.0000 0.0005
vn 0.9999 -0.0137 0.0008
vn -0.0001 -0.0084 1.0000
vn -0.9999 0.0137 0.0008
vn 0.0001 1.0000 0.0005
vn 0.0001 -0.0084 -1.0000
vn -0.3861 -0.6692 0.6349
vn -0.7024 0.2984 0.6463
vn -0.3342 0.6945 0.6371
vn 0.0012 0.7952 0.6063
vn -0.5625 -0.5644 0.6042
vn 0.0041 -1.0000 -0.0051
vn 0.9999 -0.0097 0.0113
vn 0.0069 0.0060 1.0000
vn -0.9999 0.0097 0.0113
vn -0.0041 1.0000 -0.0051
vn -0.4497 0.7553 -0.4768
vn 0.4497 -0.7553 -0.4768
vn -0.9575 -0.0211 -0.2877
vn -0.9068 -0.4212 0.0142
vn -0.9575 0.0211 0.2878
vn -0.9068 0.4212 -0.0142
vn -0.0006 0.9551 -0.2963
vn 0.0006 0.9551 0.2963
vn 0.9575 0.0211 -0.2877
vn 0.9575 -0.0211 0.2878
vn 0.9068 -0.4212 -0.0142
vn 0.0006 -0.9551 -0.2963
vn -0.0006 -0.9551 0.2963
vn -0.0069 0.0060 -1.0000
vn 0.4496 -0.7553 -0.4768
vn 0.9575 0.0211 -0.2878
vn -0.0166 -0.9999 0.0010
vn 1.0000 -0.0099 0.0007
vn -0.0198 -0.0126 0.9997
vn -1.0000 0.0099 0.0007
vn 0.0166 0.9999 0.0008
vn -0.9577 -0.0199 -0.2872
vn -0.8162 -0.5778 0.0019
vn -0.9572 0.0226 0.2885
vn -0.4545 0.8907 -0.0027
vn 0.9131 0.4078 -0.0005
vn 0.9572 -0.0226 0.2885
vn 0.4545 -0.8908 -0.0027
vn 0.0120 -0.0066 -0.9999
vn -0.4496 -0.7553 0.4768
vn -0.0166 -0.9999 0.0008
vn 1.0000 -0.0099 0.0009
vn -0.8156 -0.5786 -0.0016
vn 0.9131 0.4077 -0.0005
vn 0.8162 -0.5778 -0.0019
vn 0.0161 -0.0118 -0.9998
vn -0.0660 -0.9966 0.0486
vn 0.9994 -0.0019 0.0354
vn -0.0862 -0.0035 0.9963
vn -0.9994 0.0019 0.0354
vn 0.0660 0.9966 0.0486
vn -0.4870 0.0003 -0.8734
vn -0.4205 -0.9072 0.0111
vn -0.8593 -0.5113 -0.0114
vn -0.4205 0.9072 -0.0111
vn -0.8593 0.5113 0.0114
vn 0.8748 0.4844 -0.0089
vn 0.5158 0.8565 0.0171
vn 0.4870 -0.0003 -0.8734
vn 0.4205 -0.9072 -0.0111
vn 0.8593 -0.5113 0.0114
vn 0.0862 -0.0035 -0.9963
vn -0.0120 -0.9998 0.0157
vn 1.0000 0.0079 -0.0032
vn -0.0109 -0.0382 0.9992
vn -1.0000 -0.0079 -0.0032
vn 0.0120 0.9998 0.0157
vn -0.4786 0.0004 -0.8780
vn -0.9326 -0.0285 -0.3598
vn -0.9085 -0.4177 0.0105
vn -0.4786 -0.0004 0.8780
vn -0.9326 0.0285 0.3598
vn -0.9085 0.4177 -0.0105
vn -0.0099 0.9532 -0.3021
vn 0.0099 0.9532 0.3021
vn 0.4425 0.8967 -0.0097
vn 0.4786 -0.0004 -0.8780
vn 0.9326 0.0285 -0.3598
vn 0.4786 0.0004 0.8780
vn 0.9326 -0.0285 0.3598
vn 0.9085 -0.4177 -0.0105
vn 0.0099 -0.9532 -0.3021
vn -0.0099 -0.9532 0.3021
vn 0.0109 -0.0382 -0.9992
vn -0.0006 -1.0000 0.0008
vn 0.9999 -0.0137 0.0013
vn -0.0006 -0.0084 1.0000
vn -0.9999 0.0137 0.0013
vn 0.0006 1.0000 0.0008
vn 0.0006 -0.0084 -1.0000
vn -0.0015 -1.0000 0.0019
vn 0.9999 -0.0137 0.0030
vn -0.0015 -0.0084 1.0000
vn -0.9999 0.0137 0.0030
vn 0.0015 1.0000 0.0019
vn 0.0015 -0.0084 -1.0000
vn 0.9999 -0.0136 0.0030
vt 0.653186 0.143362
vt 0.346814 0.135666
vt 0.654644 0.135666
vt 0.626631 0.144611
vt 0.373369 0.134417
vt 0.627158 0.135666
vt 0.346814 0.265215
vt 0.653186 0.013814
vt 0.653186 0.266672
vt 0.374299 0.143362
vt 0.626631 0.134417
vt 0.372842 0.135666
vt 0.346814 0.143362
vt 0.653186 0.135666
vt 0.345356 0.135666
vt 0.372732 0.144458
vt 0.374299 0.145176
vt 0.346814 0.013814
vt 0.345260 0.266372
vt 0.346814 0.266672
vt 0.345579 0.144512
vt 0.345000 0.135666
vt 0.626933 0.144899
vt 0.345000 0.143362
vt 0.654453 0.266508
vt 0.653186 0.265215
vt 0.346814 0.133853
vt 0.654343 0.134113
vt 0.345547 0.266509
vt 0.653186 0.145176
vt 0.345657 0.144916
vt 0.627514 0.143362
vt 0.654740 0.012657
vt 0.653186 0.012356
vt 0.654740 0.266372
vt 0.655000 0.143362
vt 0.345547 0.012520
vt 0.653186 0.133853
vt 0.345657 0.134113
vt 0.345497 0.013814
vt 0.654453 0.012520
vt 0.654343 0.144916
vt 0.321784 0.140516
vt 0.012216 0.135910
vt 0.321660 0.135253
vt 0.293040 0.140761
vt 0.041157 0.135246
vt 0.293000 0.135910
vt 0.012430 0.264009
vt 0.321570 0.012417
vt 0.321219 0.264154
vt 0.040960 0.140761
vt 0.292843 0.135246
vt 0.041000 0.135910
vt 0.012216 0.140516
vt 0.321784 0.135910
vt 0.012340 0.135253
vt 0.321678 0.134996
vt 0.321303 0.141118
vt 0.012393 0.141446
vt 0.012322 0.134996
vt 0.012697 0.141118
vt 0.321607 0.141446
vt 0.321606 0.263986
vt 0.012394 0.012440
vt 0.012368 0.264025
vt 0.987829 0.802756
vt 0.678120 0.800333
vt 0.987828 0.800291
vt 0.956373 0.802756
vt 0.709627 0.800332
vt 0.956404 0.800328
vt 0.678126 0.924912
vt 0.987874 0.678175
vt 0.987825 0.924960
vt 0.709627 0.802756
vt 0.956373 0.800332
vt 0.709596 0.800328
vt 0.678171 0.802756
vt 0.987880 0.800333
vt 0.678172 0.800291
vt 0.987839 0.924907
vt 0.678161 0.678180
vt 0.678175 0.924961
vt 0.654712 0.691687
vt 0.345288 0.679443
vt 0.654073 0.679083
vt 0.506352 0.692680
vt 0.493648 0.678449
vt 0.506771 0.679443
vt 0.345523 0.692096
vt 0.654428 0.679064
vt 0.654073 0.692047
vt 0.493648 0.692680
vt 0.506352 0.678449
vt 0.493229 0.679443
vt 0.345288 0.691687
vt 0.654712 0.679443
vt 0.345927 0.678643
vt 0.345572 0.678697
vt 0.345207 0.692097
vt 0.346443 0.692336
vt 0.345207 0.679033
vt 0.346443 0.678794
vt 0.654572 0.678228
vt 0.507055 0.691687
vt 0.654477 0.692035
vt 0.654793 0.679033
vt 0.654793 0.692097
vt 0.345927 0.692487
vt 0.654478 0.692923
vt 0.321926 0.017820
vt 0.012057 0.012607
vt 0.321935 0.013381
vt 0.167504 0.017738
vt 0.166528 0.012055
vt 0.167477 0.012066
vt 0.012054 0.016965
vt 0.321925 0.014458
vt 0.321919 0.016102
vt 0.166535 0.017802
vt 0.167472 0.012055
vt 0.166518 0.012067
vt 0.321954 0.012068
vt 0.012059 0.012063
vt 0.321938 0.015397
vt 0.012083 0.015414
vt 0.058673 0.226558
vt 0.166854 0.107293
vt 0.058755 0.107249
vt 0.166738 0.227439
vt 0.059149 0.106885
vt 0.166949 0.107232
vt 0.275153 0.226759
vt 0.166975 0.107318
vt 0.275204 0.106973
vt 0.167028 0.226731
vt 0.060322 0.106698
vt 0.060222 0.226937
vt 0.166925 0.107036
vt 0.166949 0.227319
vt 0.275085 0.107222
vt 0.273778 0.226937
vt 0.273677 0.106698
vt 0.167138 0.014243
vt 0.275110 0.058381
vt 0.319030 0.166849
vt 0.167031 0.226882
vt 0.274637 0.059362
vt 0.059181 0.059180
vt 0.059545 0.274696
vt 0.058672 0.226558
vt 0.166888 0.106762
vt 0.058919 0.107337
vt 0.166948 0.227134
vt 0.059148 0.106886
vt 0.167160 0.106931
vt 0.275203 0.226927
vt 0.166976 0.107318
vt 0.275205 0.106973
vt 0.167028 0.226730
vt 0.060216 0.106912
vt 0.060222 0.226937
vt 0.166730 0.106708
vt 0.166949 0.227319
vt 0.275460 0.107422
vt 0.273903 0.226756
vt 0.273906 0.107188
vt 0.167138 0.014244
vt 0.275349 0.058649
vt 0.319017 0.167127
vt 0.167246 0.227219
vt 0.274637 0.059362
vt 0.059409 0.058949
vt 0.059509 0.274670
vt 0.058630 0.226662
vt 0.167024 0.107318
vt 0.058898 0.107213
vt 0.167087 0.227068
vt 0.059202 0.107149
vt 0.167112 0.106762
vt 0.275203 0.226927
vt 0.166976 0.107318
vt 0.275102 0.107212
vt 0.167028 0.226731
vt 0.060216 0.106912
vt 0.060536 0.227318
vt 0.166888 0.106762
vt 0.167143 0.226756
vt 0.274798 0.107149
vt 0.273536 0.226998
vt 0.273783 0.106912
vt 0.167138 0.014243
vt 0.275350 0.058650
vt 0.319019 0.167258
vt 0.167032 0.226882
vt 0.274549 0.059265
vt 0.059408 0.058949
vt 0.059451 0.274735
vt 0.345288 0.679443
vt 0.654073 0.679083
vt 0.506771 0.679443
vt 0.345572 0.692433
vt 0.654477 0.679095
vt 0.345927 0.678643
vt 0.345523 0.679034
vt 0.345207 0.692097
vt 0.346443 0.692336
vt 0.345207 0.679033
vt 0.654478 0.678207
vt 0.654428 0.692066
vt 0.654793 0.679033
vt 0.654793 0.692097
vt 0.654572 0.692902
vt 0.321925 0.017825
vt 0.012054 0.013609
vt 0.321935 0.013390
vt 0.167465 0.017814
vt 0.166528 0.012055
vt 0.167457 0.012053
vt 0.012072 0.016907
vt 0.321926 0.014460
vt 0.321950 0.015815
vt 0.166496 0.017738
vt 0.167472 0.012055
vt 0.166523 0.012066
vt 0.321936 0.012068
vt 0.012059 0.012061
vt 0.321956 0.015391
vt 0.012082 0.015415
vt 0.058799 0.226952
vt 0.166968 0.107118
vt 0.058864 0.107221
vt 0.167064 0.226931
vt 0.058915 0.107222
vt 0.167270 0.106708
vt 0.275199 0.226988
vt 0.167031 0.107118
vt 0.275136 0.107221
vt 0.166854 0.226707
vt 0.060094 0.107188
vt 0.060140 0.226916
vt 0.167048 0.106708
vt 0.167065 0.227043
vt 0.275086 0.107222
vt 0.273680 0.227238
vt 0.273907 0.107188
vt 0.274819 0.059181
vt 0.319230 0.167159
vt 0.014511 0.166864
vt 0.166972 0.226731
vt 0.274414 0.059144
vt 0.059202 0.059137
vt 0.059586 0.274857
vt 0.058850 0.226793
vt 0.167025 0.107318
vt 0.058864 0.107221
vt 0.166839 0.227245
vt 0.058878 0.107337
vt 0.167075 0.107036
vt 0.275329 0.226504
vt 0.167246 0.106781
vt 0.275284 0.107388
vt 0.166888 0.227238
vt 0.060094 0.107188
vt 0.059991 0.226786
vt 0.167048 0.106708
vt 0.167269 0.227318
vt 0.275086 0.107222
vt 0.273681 0.227237
vt 0.273679 0.106698
vt 0.319017 0.166873
vt 0.059321 0.059135
vt 0.275041 0.058891
vt 0.166972 0.226730
vt 0.274608 0.059330
vt 0.059202 0.059137
vt 0.059586 0.274857
vt 0.058850 0.226793
vt 0.167025 0.107318
vt 0.059391 0.106822
vt 0.166896 0.227344
vt 0.059202 0.107149
vt 0.166939 0.107101
vt 0.275146 0.226837
vt 0.167032 0.107118
vt 0.275102 0.107213
vt 0.167024 0.226682
vt 0.060205 0.107023
vt 0.060464 0.226998
vt 0.166855 0.107293
vt 0.167108 0.227303
vt 0.275165 0.106965
vt 0.273538 0.226964
vt 0.273679 0.106698
vt 0.274591 0.058949
vt 0.319222 0.166999
vt 0.014521 0.167002
vt 0.166972 0.226731
vt 0.274549 0.059265
vt 0.058971 0.059364
vt 0.059462 0.274759
vt 0.508068 0.840299
vt 0.491932 0.825701
vt 0.507306 0.824747
vt 0.654162 0.841484
vt 0.345838 0.824516
vt 0.654662 0.825701
vt 0.492212 0.987303
vt 0.507729 0.678660
vt 0.506691 0.987662
vt 0.345838 0.841484
vt 0.654162 0.824516
vt 0.345338 0.825701
vt 0.491932 0.840299
vt 0.508068 0.825701
vt 0.492694 0.824747
vt 0.492212 0.678697
vt 0.491835 0.987377
vt 0.493309 0.987662
vt 0.491835 0.678623
vt 0.493309 0.678338
vt 0.507788 0.824227
vt 0.507306 0.841253
vt 0.492100 0.841748
vt 0.655000 0.840299
vt 0.507729 0.987340
vt 0.508165 0.678623
vt 0.506691 0.678338
vt 0.508165 0.987377
vt 0.492100 0.824252
vt 0.492694 0.841253
vt 0.507788 0.841773
vt 0.254911 0.842265
vt 0.079479 0.823727
vt 0.254511 0.823418
vt 0.320694 0.842273
vt 0.013306 0.823727
vt 0.320929 0.823700
vt 0.079140 0.986661
vt 0.254593 0.679379
vt 0.254488 0.987030
vt 0.013306 0.842273
vt 0.321457 0.825014
vt 0.013316 0.823525
vt 0.079479 0.842273
vt 0.254911 0.823735
vt 0.080359 0.823894
vt 0.254593 0.986621
vt 0.079140 0.679339
vt 0.080622 0.987147
vt 0.254911 0.842265
vt 0.079089 0.823735
vt 0.254511 0.823418
vt 0.320694 0.842273
vt 0.013306 0.823727
vt 0.320929 0.823699
vt 0.079140 0.986661
vt 0.254593 0.679379
vt 0.254488 0.987030
vt 0.013306 0.842273
vt 0.320680 0.823524
vt 0.013071 0.823700
vt 0.079479 0.842273
vt 0.254911 0.823735
vt 0.079259 0.823624
vt 0.254593 0.986621
vt 0.079407 0.679379
vt 0.079318 0.986662
vt 0.654162 0.841484
vt 0.345838 0.824516
vt 0.654662 0.825701
vt 0.492271 0.987340
vt 0.507788 0.678697
vt 0.654162 0.824516
vt 0.345338 0.825701
vt 0.492271 0.678660
vt 0.491835 0.987377
vt 0.493309 0.987662
vt 0.507900 0.824252
vt 0.492212 0.841773
vt 0.507788 0.987303
vt 0.506691 0.678338
vt 0.508165 0.987377
vt 0.492212 0.824227
vt 0.492694 0.841253
vt 0.507900 0.841748
vt 0.254521 0.842273
vt 0.079089 0.823735
vt 0.254741 0.823624
vt 0.320694 0.842273
vt 0.013320 0.823524
vt 0.320929 0.823700
vt 0.079407 0.986621
vt 0.254860 0.679339
vt 0.254488 0.987030
vt 0.013306 0.842273
vt 0.320694 0.823727
vt 0.013071 0.823699
vt 0.079089 0.842265
vt 0.254911 0.823735
vt 0.079489 0.823418
vt 0.254593 0.986621
vt 0.079407 0.679379
vt 0.079512 0.987030
vt 0.254521 0.842273
vt 0.079089 0.823735
vt 0.253641 0.823894
vt 0.320694 0.842273
vt 0.012543 0.825014
vt 0.320684 0.823525
vt 0.079407 0.986621
vt 0.254860 0.679339
vt 0.013306 0.842273
vt 0.320694 0.823727
vt 0.013071 0.823700
vt 0.254521 0.823727
vt 0.079489 0.823418
vt 0.254860 0.986661
vt 0.079407 0.679379
vt 0.079512 0.987030
vt 0.628151 0.261926
vt 0.371849 0.072074
vt 0.649724 0.072074
vt 0.649724 0.072074
vt 0.371849 0.295151
vt 0.628151 0.038849
vt 0.647645 0.295151
vt 0.371849 0.261926
vt 0.628151 0.072074
vt 0.350276 0.072074
vt 0.350276 0.072074
vt 0.650073 0.050151
vt 0.628151 0.045224
vt 0.349927 0.050151
vt 0.371849 0.045224
vt 0.645278 0.284926
vt 0.628151 0.288776
vt 0.357591 0.048429
vt 0.350276 0.261926
vt 0.348849 0.021721
vt 0.371849 0.017276
vt 0.646400 0.284674
vt 0.354721 0.284926
vt 0.345000 0.261926
vt 0.352354 0.295151
vt 0.646907 0.314297
vt 0.628151 0.295151
vt 0.354721 0.049074
vt 0.642409 0.048429
vt 0.353093 0.314297
vt 0.354721 0.284926
vt 0.649724 0.261926
vt 0.353600 0.284674
vt 0.655000 0.261926
vt 0.647645 0.038849
vt 0.353093 0.019703
vt 0.371849 0.038849
vt 0.645278 0.049074
vt 0.646907 0.019703
vt 0.371849 0.288776
vt 0.652768 0.855593
vt 0.348626 0.810177
vt 0.649671 0.810793
vt 0.650363 0.856163
vt 0.346324 0.813526
vt 0.650362 0.810097
vt 0.348289 0.984815
vt 0.651992 0.681364
vt 0.651736 0.985633
vt 0.349908 0.855571
vt 0.652174 0.810323
vt 0.347619 0.855680
vt 0.347602 0.810372
vt 0.652643 0.984734
vt 0.348289 0.681185
vt 0.347812 0.984933
vt 0.773292 0.857847
vt 0.833000 0.808532
vt 0.773275 0.808255
vt 0.943440 0.857468
vt 0.892777 0.808576
vt 0.943327 0.808153
vt 0.892660 0.858146
vt 0.833000 0.808121
vt 0.833000 0.856921
vt 0.773300 0.808102
vt 0.773326 0.858057
vt 0.722673 0.808153
vt 0.943357 0.857745
vt 0.892858 0.809079
vt 0.943327 0.808153
vt 0.892660 0.858146
vt 0.833000 0.808133
vt 0.833000 0.858233
vt 0.773295 0.808133
vt 0.773326 0.858057
vt 0.722673 0.808153
vt 0.722560 0.857468
vt 0.773275 0.808255
vt 0.773297 0.857879
vt 0.833000 0.807943
vt 0.833000 0.856921
vt 0.892858 0.809079
vt 0.892703 0.857879
vt 0.943317 0.808121
vt 0.722643 0.857745
vt 0.722683 0.808121
vt 0.892674 0.858057
vt 0.892705 0.808132
vt 0.985429 0.833000
vt 0.940701 0.940701
vt 0.725299 0.725299
vt 0.833000 0.857424
vt 0.723398 0.942602
vt 0.691242 0.891718
vt 0.776475 0.967411
vt 0.973576 0.891229
vt 0.891332 0.692174
vt 0.692272 0.774709
vt 0.015045 0.230474
vt 0.148560 0.103161
vt 0.015390 0.103355
vt 0.282074 0.230596
vt 0.148757 0.102683
vt 0.282122 0.103725
vt 0.148560 0.230839
vt 0.015045 0.103526
vt 0.072463 0.230555
vt 0.224842 0.103445
vt 0.072856 0.103437
vt 0.224847 0.230246
vt 0.072489 0.103748
vt 0.224716 0.103409
vt 0.148777 0.014756
vt 0.280437 0.091125
vt 0.148519 0.318375
vt 0.148612 0.231297
vt 0.282074 0.103404
vt 0.148658 0.015501
vt 0.016207 0.090872
vt 0.016960 0.243349
vt 0.649724 0.072074
vt 0.649724 0.072074
vt 0.350276 0.072074
vt 0.354721 0.284926
vt 0.348849 0.312279
vt 0.371849 0.316724
vt 0.357591 0.048429
vt 0.645279 0.049074
vt 0.350276 0.261926
vt 0.646400 0.284674
vt 0.646907 0.314297
vt 0.642409 0.048429
vt 0.353093 0.314297
vt 0.353600 0.284674
vt 0.353093 0.019703
vt 0.645278 0.049074
vt 0.352354 0.038849
vt 0.646907 0.019703
vt 0.645278 0.284926
vt 0.651815 0.855614
vt 0.348626 0.810177
vt 0.649671 0.810793
vt 0.650092 0.855571
vt 0.346323 0.813526
vt 0.651483 0.810202
vt 0.348289 0.984815
vt 0.652643 0.681266
vt 0.649028 0.985919
vt 0.348980 0.855850
vt 0.653676 0.813526
vt 0.347619 0.855680
vt 0.350329 0.810793
vt 0.651992 0.984636
vt 0.348289 0.681185
vt 0.350972 0.985919
vt 0.773297 0.857879
vt 0.833000 0.808532
vt 0.773230 0.808532
vt 0.943357 0.857745
vt 0.892725 0.808255
vt 0.892703 0.857879
vt 0.833000 0.807854
vt 0.773340 0.858146
vt 0.943453 0.857424
vt 0.892858 0.809079
vt 0.892703 0.857879
vt 0.833000 0.807725
vt 0.833000 0.856921
vt 0.773297 0.808122
vt 0.773297 0.857879
vt 0.722763 0.807854
vt 0.722547 0.857424
vt 0.773142 0.809079
vt 0.773340 0.858146
vt 0.833000 0.808121
vt 0.892700 0.808102
vt 0.892674 0.858057
vt 0.722547 0.857424
vt 0.892660 0.858146
vt 0.892705 0.808133
vt 0.833000 0.857424
vt 0.833000 0.988000
vt 0.891383 0.973948
vt 0.776893 0.975453
vt 0.942602 0.942602
vt 0.891811 0.974983
vt 0.966741 0.889347
vt 0.973728 0.891291
vt 0.891332 0.692174
vt 0.692671 0.774874
vt 0.015045 0.230474
vt 0.148560 0.103161
vt 0.015391 0.103355
vt 0.282074 0.230596
vt 0.148669 0.103039
vt 0.282068 0.103469
vt 0.148368 0.231193
vt 0.015045 0.103526
vt 0.072494 0.230356
vt 0.224842 0.103445
vt 0.072856 0.103437
vt 0.224816 0.230252
vt 0.072903 0.103440
vt 0.224716 0.103409
vt 0.148453 0.014764
vt 0.280437 0.091125
vt 0.148658 0.318498
vt 0.148757 0.231317
vt 0.282074 0.103404
vt 0.148487 0.015627
vt 0.016207 0.090872
vt 0.016960 0.243349
vt 0.649724 0.072074
vt 0.647646 0.295151
vt 0.350276 0.072074
vt 0.354722 0.284926
vt 0.645278 0.284926
vt 0.357591 0.048429
vt 0.350276 0.261926
vt 0.646400 0.284674
vt 0.352355 0.295151
vt 0.646907 0.314297
vt 0.354722 0.049074
vt 0.642409 0.048429
vt 0.353093 0.314297
vt 0.354722 0.284926
vt 0.649724 0.261926
vt 0.651151 0.021721
vt 0.628151 0.017276
vt 0.354721 0.049074
vt 0.353093 0.019703
vt 0.352355 0.038849
vt 0.646907 0.019703
vt 0.645279 0.284926
vt 0.652381 0.855680
vt 0.348517 0.810202
vt 0.649671 0.810793
vt 0.651020 0.855850
vt 0.651374 0.810177
vt 0.347357 0.984734
vt 0.651711 0.681185
vt 0.652188 0.984933
vt 0.349908 0.855570
vt 0.653677 0.813526
vt 0.348185 0.855614
vt 0.350329 0.810793
vt 0.651711 0.984815
vt 0.348008 0.681364
vt 0.350972 0.985919
vt 0.833000 0.807725
vt 0.773142 0.809079
vt 0.943453 0.857424
vt 0.892858 0.809079
vt 0.943237 0.807854
vt 0.892660 0.858146
vt 0.773300 0.808102
vt 0.773326 0.858057
vt 0.892770 0.808532
vt 0.833000 0.808532
vt 0.833000 0.857424
vt 0.773340 0.858146
vt 0.722673 0.808153
vt 0.773275 0.808255
vt 0.773297 0.857879
vt 0.892700 0.808102
vt 0.892660 0.858146
vt 0.722547 0.857424
vt 0.892703 0.857879
vt 0.892703 0.808122
vt 0.985429 0.833000
vt 0.940693 0.940693
vt 0.699259 0.776653
vt 0.833000 0.678000
vt 0.774617 0.692052
vt 0.889107 0.690547
vt 0.723398 0.723398
vt 0.774189 0.691017
vt 0.973329 0.891126
vt 0.692272 0.774709
vt 0.015213 0.230515
vt 0.148617 0.103217
vt 0.015257 0.103387
vt 0.282245 0.230555
vt 0.148728 0.102982
vt 0.281936 0.103437
vt 0.148540 0.231160
vt 0.015213 0.103485
vt 0.072495 0.230356
vt 0.224394 0.103358
vt 0.072583 0.103490
vt 0.224816 0.230252
vt 0.072461 0.103526
vt 0.224439 0.103355
vt 0.148647 0.014821
vt 0.280619 0.091125
vt 0.148833 0.318554
vt 0.148934 0.231350
vt 0.282245 0.103445
vt 0.148540 0.015455
vt 0.016398 0.090870
vt 0.016868 0.243229
vt 0.628151 0.316724
vt 0.350276 0.072074
vt 0.357591 0.048429
vt 0.350276 0.261926
vt 0.352355 0.295151
vt 0.646907 0.314297
vt 0.354722 0.049074
vt 0.642409 0.048429
vt 0.353093 0.314297
vt 0.649724 0.261926
vt 0.651151 0.312279
vt 0.353600 0.284674
vt 0.647646 0.038849
vt 0.353093 0.019703
vt 0.646907 0.019703
vt 0.645279 0.284926
vt 0.652381 0.855680
vt 0.349638 0.810097
vt 0.652398 0.810372
vt 0.650092 0.855570
vt 0.347826 0.810323
vt 0.651374 0.810177
vt 0.348008 0.984636
vt 0.649028 0.985919
vt 0.349637 0.856163
vt 0.347232 0.855593
vt 0.350329 0.810793
vt 0.651711 0.984815
vt 0.347357 0.681266
vt 0.350972 0.985919
vt 0.773340 0.858146
vt 0.773142 0.809079
vt 0.943440 0.857468
vt 0.892725 0.808255
vt 0.892703 0.857879
vt 0.773142 0.809079
vt 0.773297 0.857879
vt 0.892725 0.808255
vt 0.892708 0.857847
vt 0.833000 0.808532
vt 0.773295 0.808132
vt 0.773326 0.858057
vt 0.722560 0.857468
vt 0.773223 0.808576
vt 0.892700 0.808102
vt 0.892674 0.858057
vt 0.722643 0.857745
vt 0.892674 0.858057
vt 0.940701 0.940701
vt 0.725299 0.725299
vt 0.833000 0.858233
vt 0.942602 0.723398
vt 0.974758 0.774282
vt 0.889525 0.698589
vt 0.973728 0.891291
vt 0.837735 0.680928
vt 0.692424 0.774771
vt 0.015213 0.230515
vt 0.148540 0.102840
vt 0.015204 0.103621
vt 0.282245 0.230555
vt 0.148728 0.102982
vt 0.281936 0.103437
vt 0.148682 0.231140
vt 0.015213 0.103485
vt 0.072463 0.230350
vt 0.224810 0.103644
vt 0.072583 0.103490
vt 0.224844 0.230474
vt 0.072461 0.103526
vt 0.224439 0.103355
vt 0.148800 0.014950
vt 0.280619 0.091125
vt 0.148540 0.318545
vt 0.148728 0.231018
vt 0.282245 0.103445
vt 0.148540 0.015455
vt 0.016791 0.243055
vt 0.554482 0.151449
vt 0.543144 0.151449
vt 0.543464 0.138321
vt 0.524553 0.151449
vt 0.534288 0.138321
vt 0.534310 0.151449
vt 0.484175 0.138321
vt 0.484313 0.151449
vt 0.473093 0.151449
vt 0.112970 0.286593
vt 0.123556 0.277802
vt 0.123793 0.286867
vt 0.160477 0.263925
vt 0.148601 0.272121
vt 0.148601 0.263925
vt 0.089450 0.286787
vt 0.100268 0.277802
vt 0.100322 0.286593
vt 0.434160 0.138321
vt 0.437492 0.151449
vt 0.434298 0.151449
vt 0.437492 0.138321
vt 0.440038 0.151449
vt 0.440038 0.138321
vt 0.443114 0.151449
vt 0.299828 0.272121
vt 0.289302 0.263925
vt 0.299828 0.263925
vt 0.170453 0.272121
vt 0.167020 0.263925
vt 0.170766 0.263925
vt 0.167020 0.272121
vt 0.164070 0.263925
vt 0.164070 0.272121
vt 0.288958 0.272121
vt 0.285385 0.263925
vt 0.285385 0.272121
vt 0.282303 0.263925
vt 0.282303 0.272121
vt 0.278509 0.263925
vt 0.537522 0.151449
vt 0.537522 0.138321
vt 0.540069 0.151449
vt 0.540069 0.138321
vt 0.104028 0.286593
vt 0.104028 0.277802
vt 0.106720 0.286841
vt 0.107110 0.277802
vt 0.110186 0.286630
vt 0.110824 0.277802
vt 0.493135 0.151449
vt 0.490053 0.138321
vt 0.493557 0.138321
vt 0.490053 0.151449
vt 0.487507 0.138321
vt 0.487507 0.151449
vt 0.593159 0.151449
vt 0.590084 0.138321
vt 0.593479 0.138321
vt 0.590084 0.151449
vt 0.587537 0.138321
vt 0.587537 0.151449
vt 0.584206 0.138321
vt 0.222412 0.286588
vt 0.218802 0.277797
vt 0.222412 0.277797
vt 0.225362 0.286588
vt 0.225362 0.277797
vt 0.228283 0.286638
vt 0.228903 0.277797
vt 0.603054 0.151449
vt 0.167022 0.286588
vt 0.164072 0.277797
vt 0.167022 0.277797
vt 0.609304 0.154701
vt 0.612699 0.176598
vt 0.612699 0.154701
vt 0.230891 0.286588
vt 0.240831 0.277797
vt 0.241036 0.286863
vt 0.615332 0.176598
vt 0.615332 0.154701
vt 0.170455 0.286588
vt 0.170768 0.277797
vt 0.265878 0.277802
vt 0.276464 0.286593
vt 0.265674 0.286829
vt 0.618685 0.176598
vt 0.617902 0.154701
vt 0.620466 0.154701
vt 0.518374 0.176215
vt 0.509966 0.154701
vt 0.509700 0.176598
vt 0.500861 0.154701
vt 0.504057 0.176598
vt 0.504057 0.154701
vt 0.628290 0.167495
vt 0.506568 0.176598
vt 0.506568 0.154701
vt 0.598430 0.176311
vt 0.609065 0.176598
vt 0.597762 0.169637
vt 0.160479 0.277797
vt 0.148481 0.286752
vt 0.148603 0.277797
vt 0.466421 0.163230
vt 0.454936 0.176598
vt 0.466421 0.169637
vt 0.208423 0.286752
vt 0.218863 0.286588
vt 0.299984 0.286787
vt 0.289323 0.277802
vt 0.299849 0.277802
vt 0.451484 0.154701
vt 0.454943 0.154701
vt 0.554480 0.154701
vt 0.557614 0.176598
vt 0.557614 0.154701
vt 0.560125 0.176598
vt 0.560125 0.154701
vt 0.443717 0.154701
vt 0.445325 0.176598
vt 0.446281 0.154701
vt 0.563375 0.176598
vt 0.563382 0.154701
vt 0.448851 0.176598
vt 0.448851 0.154701
vt 0.451484 0.176598
vt 0.225364 0.263925
vt 0.228957 0.272121
vt 0.225364 0.272121
vt 0.578565 0.619606
vt 0.581667 0.623871
vt 0.578565 0.623871
vt 0.222414 0.263925
vt 0.222414 0.272121
vt 0.576024 0.619606
vt 0.576024 0.623871
vt 0.218981 0.263925
vt 0.218668 0.272121
vt 0.573032 0.619606
vt 0.572743 0.623871
vt 0.107131 0.263925
vt 0.110925 0.272121
vt 0.107131 0.272121
vt 0.469814 0.619606
vt 0.473105 0.623871
vt 0.469814 0.623871
vt 0.104049 0.263925
vt 0.104049 0.272121
vt 0.467157 0.619606
vt 0.467157 0.623871
vt 0.100477 0.263925
vt 0.100132 0.272121
vt 0.464059 0.619606
vt 0.463782 0.623871
vt 0.278585 0.277802
vt 0.279248 0.286630
vt 0.631116 0.623871
vt 0.627837 0.619606
vt 0.631116 0.619606
vt 0.282324 0.277802
vt 0.282687 0.286825
vt 0.633773 0.623871
vt 0.633773 0.619606
vt 0.285406 0.286593
vt 0.285406 0.277802
vt 0.636871 0.623871
vt 0.637148 0.619606
vt 0.288978 0.286593
vt 0.522365 0.623871
vt 0.519263 0.619606
vt 0.522365 0.619606
vt 0.164072 0.286588
vt 0.524906 0.623871
vt 0.524906 0.619606
vt 0.527898 0.623871
vt 0.528187 0.619606
vt 0.426159 0.623871
vt 0.418048 0.619606
vt 0.426159 0.619606
vt 0.208538 0.263925
vt 0.208538 0.272121
vt 0.563418 0.619606
vt 0.563418 0.623871
vt 0.508296 0.623871
vt 0.507848 0.620091
vt 0.240833 0.263925
vt 0.240833 0.272121
vt 0.592634 0.619606
vt 0.592634 0.623871
vt 0.616135 0.623871
vt 0.627877 0.623871
vt 0.593460 0.620502
vt 0.616135 0.611077
vt 0.615279 0.620502
vt 0.265856 0.272121
vt 0.278564 0.272121
vt 0.484795 0.619606
vt 0.473053 0.619606
vt 0.485651 0.625117
vt 0.508296 0.632400
vt 0.484795 0.632400
vt 0.490090 0.163230
vt 0.500639 0.176598
vt 0.537512 0.619606
vt 0.537512 0.623871
vt 0.537512 0.611077
vt 0.180896 0.272121
vt 0.454031 0.619606
vt 0.181032 0.286782
vt 0.632460 0.138321
vt 0.632460 0.151449
vt 0.624583 0.151449
vt 0.089606 0.263925
vt 0.563418 0.632400
vt 0.537512 0.632400
vt 0.616135 0.619606
vt 0.615279 0.625117
vt 0.123578 0.263925
vt 0.110870 0.263925
vt 0.592634 0.632400
vt 0.616135 0.632400
vt 0.454452 0.151449
vt 0.443434 0.138321
vt 0.503023 0.151449
vt 0.573124 0.151449
vt 0.584344 0.151449
vt 0.485651 0.620502
vt 0.508296 0.611077
vt 0.484795 0.623871
vt 0.507470 0.625117
vt 0.593460 0.625117
vt 0.484795 0.611077
vt 0.467277 0.168741
vt 0.490090 0.169637
vt 0.489096 0.168741
vt 0.575087 0.168741
vt 0.596905 0.168741
vt 0.489096 0.164127
vt 0.467277 0.164127
vt 0.596905 0.164127
vt 0.574093 0.163230
vt 0.575087 0.164127
vt 0.597762 0.163230
vt 0.574093 0.169637
vt 0.427046 0.616979
vt 0.454031 0.611077
vt 0.453167 0.616979
vt 0.292895 0.195082
vt 0.265426 0.185745
vt 0.265426 0.195082
vt 0.453167 0.622750
vt 0.426159 0.632400
vt 0.427046 0.618107
vt 0.453167 0.616986
vt 0.453167 0.618107
vt 0.292895 0.176818
vt 0.265426 0.175697
vt 0.265426 0.176818
vt 0.435893 0.159482
vt 0.434774 0.166374
vt 0.435893 0.167495
vt 0.628282 0.167495
vt 0.629400 0.160603
vt 0.628282 0.159482
vt 0.537544 0.633838
vt 0.265426 0.185347
vt 0.292895 0.185745
vt 0.292895 0.185347
vt 0.545808 0.176311
vt 0.627644 0.176595
vt 0.088439 0.287420
vt 0.089027 0.286736
vt 0.436538 0.176595
vt 0.592558 0.633838
vt 0.484851 0.633838
vt 0.573460 0.176215
vt 0.490722 0.176311
vt 0.465753 0.176215
vt 0.300983 0.287420
vt 0.300414 0.288829
vt 0.167062 0.288820
vt 0.170776 0.287389
vt 0.170647 0.288820
vt 0.164187 0.288820
vt 0.165835 0.287389
vt 0.160559 0.287389
vt 0.285303 0.288824
vt 0.289099 0.287393
vt 0.289142 0.288824
vt 0.282288 0.288824
vt 0.104131 0.288824
vt 0.100335 0.287393
vt 0.107146 0.288824
vt 0.111098 0.288824
vt 0.222372 0.288820
vt 0.218658 0.287389
vt 0.223599 0.287389
vt 0.225247 0.288820
vt 0.228968 0.288820
vt 0.100095 0.288824
vt 0.218608 0.288820
vt 0.208856 0.288491
vt 0.123482 0.288386
vt 0.160273 0.288820
vt 0.240514 0.288382
vt 0.278128 0.288824
vt 0.241430 0.286732
vt 0.124247 0.286736
vt 0.180578 0.288382
vt 0.181453 0.286732
vt 0.554327 0.176598
vt 0.100402 0.263141
vt 0.104076 0.263141
vt 0.107118 0.263141
vt 0.110697 0.263141
vt 0.167018 0.263141
vt 0.170443 0.263141
vt 0.164108 0.263141
vt 0.160600 0.263141
vt 0.288905 0.263141
vt 0.282316 0.263141
vt 0.285358 0.263141
vt 0.278607 0.263141
vt 0.222416 0.263141
vt 0.225325 0.263141
vt 0.228712 0.263141
vt 0.228905 0.263925
vt 0.300385 0.263141
vt 0.241432 0.263141
vt 0.180896 0.263925
vt 0.181450 0.263141
vt 0.124269 0.263141
vt 0.228873 0.276967
vt 0.228834 0.272906
vt 0.225325 0.272906
vt 0.225323 0.276967
vt 0.222416 0.272906
vt 0.222413 0.276967
vt 0.218991 0.272906
vt 0.107096 0.276971
vt 0.110864 0.276971
vt 0.110827 0.272906
vt 0.107118 0.272906
vt 0.104076 0.272906
vt 0.100190 0.276971
vt 0.104054 0.276971
vt 0.100529 0.272906
vt 0.278562 0.272906
vt 0.278629 0.276971
vt 0.282338 0.276971
vt 0.282316 0.272906
vt 0.285380 0.276971
vt 0.289222 0.272906
vt 0.285358 0.272906
vt 0.288927 0.276971
vt 0.160558 0.272906
vt 0.160529 0.272121
vt 0.160602 0.276967
vt 0.164111 0.276967
vt 0.164108 0.272906
vt 0.167021 0.276967
vt 0.167018 0.272906
vt 0.170445 0.276967
vt 0.300407 0.276971
vt 0.208536 0.277797
vt 0.218658 0.276967
vt 0.207983 0.272906
vt 0.123578 0.272121
vt 0.124247 0.276971
vt 0.265165 0.272906
vt 0.265856 0.263925
vt 0.218853 0.263141
vt 0.089606 0.272121
vt 0.089049 0.272906
vt 0.089585 0.277802
vt 0.180897 0.277797
vt 0.181453 0.276967
vt 0.170774 0.272906
vt 0.148002 0.272906
vt 0.241430 0.276967
vt 0.265165 0.263141
vt 0.241432 0.272906
vt 0.148004 0.286732
vt 0.148004 0.276967
vt 0.181450 0.272906
vt 0.207983 0.263141
vt 0.089027 0.276971
vt 0.300407 0.286736
vt 0.089049 0.263141
vt 0.300385 0.272906
vt 0.207981 0.286732
vt 0.207981 0.276967
vt 0.124269 0.272906
vt 0.148002 0.263141
vt 0.265187 0.286736
vt 0.265187 0.276971
vt 0.160531 0.286588
vt 0.628678 0.176024
vt 0.435494 0.176024
vt 0.427046 0.623718
vt 0.628290 0.159482
vt 0.628290 0.155007
vt 0.435893 0.155007
vt 0.361581 0.228240
vt 0.366622 0.259639
vt 0.361605 0.259637
vt 0.361574 0.095814
vt 0.366646 0.064777
vt 0.366696 0.094047
vt 0.366666 0.226357
vt 0.366729 0.228202
vt 0.361569 0.097306
vt 0.366721 0.097620
vt 0.366685 0.099853
vt 0.366655 0.123343
vt 0.361603 0.123290
vt 0.366648 0.125336
vt 0.361577 0.125416
vt 0.366674 0.199232
vt 0.361602 0.199493
vt 0.366633 0.201268
vt 0.361581 0.201531
vt 0.361569 0.226771
vt 0.366684 0.224661
vt 0.360121 0.095848
vt 0.360121 0.227179
vt 0.360121 0.123435
vt 0.360121 0.097153
vt 0.361605 0.063173
vt 0.361616 0.064749
vt 0.360121 0.125104
vt 0.360121 0.201355
vt 0.360121 0.199612
vt 0.367904 0.098146
vt 0.373578 0.096492
vt 0.373595 0.097930
vt 0.367904 0.228664
vt 0.373553 0.228070
vt 0.367839 0.230358
vt 0.367864 0.099823
vt 0.367894 0.123707
vt 0.373599 0.123968
vt 0.367872 0.201015
vt 0.373600 0.226654
vt 0.367879 0.224631
vt 0.367453 0.064277
vt 0.367890 0.093988
vt 0.360121 0.228513
vt 0.373592 0.125312
vt 0.367901 0.125228
vt 0.373570 0.199650
vt 0.367892 0.199550
vt 0.373588 0.201040
vt 0.366679 0.230462
vt 0.367926 0.259621
vt 0.367842 0.096273
vt 0.361539 0.261178
vt 0.367889 0.226878
vt 0.366686 0.096026
vt 0.373522 0.259649
vt 0.230148 0.227917
vt 0.229336 0.221736
vt 0.229336 0.227916
vt 0.230148 0.227909
vt 0.230151 0.221727
vt 0.237655 0.219460
vt 0.238457 0.220908
vt 0.237641 0.220907
vt 0.237670 0.219460
vt 0.238459 0.219460
vt 0.237670 0.230181
vt 0.238457 0.228746
vt 0.238459 0.230181
vt 0.237655 0.230181
vt 0.237641 0.228744
vt 0.229336 0.220908
vt 0.230159 0.220896
vt 0.230151 0.220907
vt 0.230159 0.221737
vt 0.230151 0.228744
vt 0.230151 0.228749
vt 0.229336 0.228746
vt 0.237643 0.227917
vt 0.238457 0.221736
vt 0.238457 0.227916
vt 0.237643 0.227909
vt 0.237642 0.221728
vt 0.237632 0.220898
vt 0.237641 0.228749
vt 0.230121 0.219460
vt 0.229336 0.219460
vt 0.230122 0.230181
vt 0.229336 0.230181
vt 0.230137 0.230181
vt 0.230136 0.219460
vt 0.237633 0.221737
vt 0.230145 0.227917
vt 0.229335 0.221736
vt 0.229335 0.227916
vt 0.230145 0.227909
vt 0.230146 0.221728
vt 0.237654 0.219460
vt 0.238450 0.220908
vt 0.237640 0.220907
vt 0.237669 0.219460
vt 0.238454 0.219460
vt 0.237669 0.230181
vt 0.238450 0.228746
vt 0.238454 0.230181
vt 0.237654 0.230181
vt 0.237640 0.228744
vt 0.229335 0.220908
vt 0.230156 0.220898
vt 0.230144 0.220903
vt 0.230157 0.221732
vt 0.230147 0.228744
vt 0.230147 0.228749
vt 0.229335 0.228746
vt 0.237642 0.227917
vt 0.238450 0.221736
vt 0.238450 0.227916
vt 0.237642 0.227909
vt 0.237645 0.221733
vt 0.237629 0.220902
vt 0.237640 0.228749
vt 0.230119 0.219460
vt 0.229335 0.219460
vt 0.230120 0.230181
vt 0.229335 0.230181
vt 0.230135 0.230181
vt 0.230134 0.219460
vt 0.237632 0.221737
vt 0.441776 0.226264
vt 0.440715 0.229507
vt 0.441776 0.229501
vt 0.463524 0.226264
vt 0.481881 0.225435
vt 0.463463 0.225435
vt 0.463464 0.223792
vt 0.481882 0.230402
vt 0.463540 0.229501
vt 0.463464 0.230402
vt 0.441776 0.225435
vt 0.486510 0.230402
vt 0.486358 0.229501
vt 0.481833 0.229501
vt 0.481825 0.226264
vt 0.485983 0.226264
vt 0.486510 0.225436
vt 0.440715 0.234823
vt 0.441776 0.238066
vt 0.441776 0.234830
vt 0.463524 0.238066
vt 0.481881 0.238896
vt 0.481825 0.238066
vt 0.463464 0.240538
vt 0.463463 0.238896
vt 0.463540 0.234830
vt 0.481882 0.233929
vt 0.463464 0.233929
vt 0.441776 0.238896
vt 0.481836 0.234830
vt 0.486358 0.234830
vt 0.486510 0.233929
vt 0.487218 0.238066
vt 0.485983 0.238066
vt 0.419794 0.519968
vt 0.423806 0.518854
vt 0.424583 0.519968
vt 0.420572 0.518854
vt 0.423806 0.499341
vt 0.424583 0.500442
vt 0.419794 0.500442
vt 0.416143 0.517769
vt 0.418399 0.499259
vt 0.418671 0.518326
vt 0.418942 0.500359
vt 0.415872 0.499809
vt 0.415601 0.518883
vt 0.418942 0.537407
vt 0.406501 0.518854
vt 0.410512 0.519968
vt 0.405723 0.519968
vt 0.406501 0.499341
vt 0.409735 0.518854
vt 0.405723 0.500442
vt 0.410512 0.500442
vt 0.411823 0.499259
vt 0.414080 0.517769
vt 0.411552 0.518326
vt 0.414351 0.499809
vt 0.414622 0.518883
vt 0.411281 0.537407
vt 0.383998 0.486797
vt 0.364810 0.492399
vt 0.364810 0.486797
vt 0.365458 0.486246
vt 0.383998 0.486246
vt 0.365458 0.492949
vt 0.383998 0.492399
vt 0.383998 0.492949
vt 0.419363 0.483831
vt 0.421620 0.494307
vt 0.419014 0.495540
vt 0.421963 0.495517
vt 0.421620 0.483831
vt 0.422162 0.484940
vt 0.425503 0.473825
vt 0.425503 0.484940
vt 0.421891 0.473275
vt 0.419363 0.472725
vt 0.418821 0.484940
vt 0.418821 0.473825
vt 0.365458 0.494303
vt 0.362287 0.492399
vt 0.363193 0.485015
vt 0.359971 0.486797
vt 0.359971 0.492399
vt 0.365458 0.484893
vt 0.393806 0.518854
vt 0.389794 0.519968
vt 0.394583 0.519968
vt 0.393806 0.499341
vt 0.390572 0.518854
vt 0.394583 0.500442
vt 0.389794 0.500442
vt 0.388399 0.499259
vt 0.386143 0.517769
vt 0.388671 0.518326
vt 0.385872 0.499809
vt 0.385601 0.518883
vt 0.388942 0.537407
vt 0.380512 0.519968
vt 0.376501 0.518854
vt 0.375723 0.519968
vt 0.379735 0.518854
vt 0.376501 0.499341
vt 0.375723 0.500442
vt 0.380512 0.500442
vt 0.384080 0.517769
vt 0.381823 0.499259
vt 0.381552 0.518326
vt 0.381281 0.500359
vt 0.384351 0.499809
vt 0.384622 0.518883
vt 0.381281 0.537407
vt 0.378511 0.476830
vt 0.381610 0.477381
vt 0.379159 0.477381
vt 0.379159 0.482983
vt 0.359971 0.477381
vt 0.359971 0.476830
vt 0.378511 0.483533
vt 0.359971 0.482983
vt 0.391620 0.494307
vt 0.389363 0.483831
vt 0.389014 0.495540
vt 0.392162 0.484940
vt 0.391963 0.495517
vt 0.395503 0.473825
vt 0.395503 0.484940
vt 0.391891 0.473275
vt 0.391620 0.483831
vt 0.388821 0.484940
vt 0.389363 0.472725
vt 0.388821 0.473825
vt 0.381682 0.482983
vt 0.378511 0.484887
vt 0.383998 0.477381
vt 0.378511 0.475477
vt 0.541791 0.233146
vt 0.537861 0.223219
vt 0.541791 0.223219
vt 0.530362 0.233540
vt 0.523264 0.233146
vt 0.536448 0.233146
vt 0.537861 0.233146
vt 0.544998 0.223219
vt 0.544998 0.233146
vt 0.533673 0.220233
vt 0.536370 0.223199
vt 0.530362 0.222792
vt 0.533663 0.236093
vt 0.530362 0.220233
vt 0.533652 0.220233
vt 0.530362 0.236093
vt 0.511791 0.233146
vt 0.507861 0.223219
vt 0.507861 0.233146
vt 0.500362 0.233540
vt 0.493264 0.233146
vt 0.492861 0.233540
vt 0.506461 0.233171
vt 0.514998 0.223219
vt 0.514998 0.233146
vt 0.500362 0.222792
vt 0.492863 0.222794
vt 0.506361 0.223219
vt 0.503673 0.220233
vt 0.503663 0.236093
vt 0.500362 0.220233
vt 0.503652 0.220233
vt 0.500362 0.236093
vt 0.062359 0.093218
vt 0.062235 0.098555
vt 0.062404 0.098724
vt 0.058874 0.080625
vt 0.062359 0.079020
vt 0.058706 0.080516
vt 0.058874 0.258279
vt 0.062341 0.259896
vt 0.058706 0.258389
vt 0.033915 0.240286
vt 0.033984 0.265221
vt 0.033802 0.265390
vt 0.033915 0.098618
vt 0.033984 0.073683
vt 0.033802 0.073514
vt 0.062235 0.073683
vt 0.062404 0.073514
vt 0.058706 0.247182
vt 0.058784 0.258338
vt 0.058874 0.247292
vt 0.033902 0.240274
vt 0.033902 0.098631
vt 0.090137 0.040539
vt 0.072338 0.061735
vt 0.090137 0.069763
vt 0.072338 0.048568
vt 0.068191 0.040539
vt 0.068191 0.046715
vt 0.067993 0.046843
vt 0.067993 0.040340
vt 0.067993 0.063459
vt 0.068191 0.069763
vt 0.068191 0.063588
vt 0.072140 0.061606
vt 0.072140 0.048697
vt 0.099154 0.040341
vt 0.099154 0.069962
vt 0.067993 0.069962
vt 0.072280 0.228354
vt 0.068113 0.236526
vt 0.098326 0.236534
vt 0.072355 0.048569
vt 0.068208 0.040540
vt 0.089403 0.040540
vt 0.068010 0.046844
vt 0.068010 0.040341
vt 0.068010 0.063460
vt 0.068208 0.069764
vt 0.068010 0.069963
vt 0.072157 0.061607
vt 0.068208 0.063589
vt 0.072157 0.048697
vt 0.072355 0.061736
vt 0.068208 0.046716
vt 0.089403 0.069764
vt 0.098419 0.069963
vt 0.098419 0.040342
vt 0.954285 0.238114
vt 0.955411 0.246667
vt 0.954285 0.247441
vt 0.955411 0.238888
vt 0.960182 0.234344
vt 0.960188 0.232752
vt 0.960183 0.251211
vt 0.960182 0.252797
vt 0.058774 0.080560
vt 0.068096 0.236525
vt 0.072252 0.228346
vt 0.099035 0.236508
vt 0.062321 0.265307
vt 0.062341 0.259896
vt 0.062321 0.240263
vt 0.058774 0.247227
vt 0.965161 0.256991
vt 0.964035 0.248439
vt 0.965161 0.247664
vt 0.964035 0.256217
vt 0.959265 0.243895
vt 0.959259 0.242303
vt 0.959264 0.260761
vt 0.959264 0.243895
vt 0.959258 0.242302
vt 0.959263 0.260761
vt 0.072278 0.215285
vt 0.068113 0.207112
vt 0.068089 0.213460
vt 0.098319 0.207111
vt 0.068096 0.207111
vt 0.072272 0.215277
vt 0.068072 0.213459
vt 0.099077 0.207085
vt 0.058784 0.091671
vt 0.062321 0.265307
vt 0.058706 0.091722
vt 0.062321 0.240263
vt 0.581630 0.619606
vt 0.519300 0.623871
vt 0.418048 0.623871
vt 0.592634 0.611077
vt 0.563418 0.611077
vt 0.454031 0.623871
vt 0.426159 0.611077
vt 0.454031 0.632400
vt 0.427046 0.622750
vt 0.427046 0.616986
vt 0.292895 0.175697
vt 0.434774 0.160603
vt 0.629400 0.166374
vt 0.563386 0.633838
vt 0.616079 0.633838
vt 0.508372 0.633838
vt 0.089020 0.288829
vt 0.148920 0.288491
vt 0.265952 0.288495
vt 0.453167 0.623718
vt 0.373537 0.064761
vt 0.440715 0.226276
vt 0.481882 0.223792
vt 0.441776 0.230402
vt 0.487218 0.226264
vt 0.487219 0.229501
vt 0.440715 0.238054
vt 0.481882 0.240538
vt 0.441776 0.233929
vt 0.487219 0.234830
vt 0.420572 0.499341
vt 0.415601 0.537407
vt 0.409735 0.499341
vt 0.411281 0.500359
vt 0.414622 0.537407
vt 0.390572 0.499341
vt 0.388942 0.500359
vt 0.385601 0.537407
vt 0.379735 0.499341
vt 0.384622 0.537407
vt 0.359971 0.483533
vt 0.383998 0.482983
vt 0.522863 0.222794
vt 0.522861 0.233540
vt 0.511791 0.223219
vt 0.058874 0.091612
vt 0.062341 0.245675
vt 0.068089 0.230178
vt 0.068072 0.230177
vt 0.062341 0.245675
vt 0.959265 0.262348
vt 0.959264 0.262348
vt 0.593240 0.319738
vt 0.345868 0.012896
vt 0.591430 0.012370
vt 0.475789 0.319738
vt 0.463154 0.012896
vt 0.475620 0.012785
vt 0.345896 0.173192
vt 0.592795 0.160808
vt 0.593124 0.173060
vt 0.462737 0.319738
vt 0.475538 0.012896
vt 0.464548 0.012620
vt 0.345451 0.319738
vt 0.591430 0.014262
vt 0.347262 0.012370
vt 0.593351 0.012749
vt 0.591430 0.012000
vt 0.591430 0.321455
vt 0.593276 0.321585
vt 0.593692 0.319738
vt 0.345436 0.162202
vt 0.345346 0.173335
vt 0.347262 0.173615
vt 0.462610 0.012819
vt 0.475681 0.321655
vt 0.463188 0.321695
vt 0.345819 0.321676
vt 0.591430 0.173324
vt 0.593346 0.160665
vt 0.591430 0.160385
vt 0.463010 0.321655
vt 0.475587 0.321676
vt 0.345724 0.160286
vt 0.345819 0.321676
vt 0.592873 0.321676
vt 0.088200 0.987487
vt 0.012408 0.678502
vt 0.088283 0.678474
vt 0.053890 0.987487
vt 0.046811 0.678436
vt 0.054018 0.678511
vt 0.012367 0.836529
vt 0.088329 0.829471
vt 0.088187 0.836670
vt 0.046806 0.987487
vt 0.053946 0.678503
vt 0.046678 0.678511
vt 0.012497 0.987487
vt 0.088288 0.678502
vt 0.012406 0.678511
vt 0.088183 0.836542
vt 0.012513 0.829458
vt 0.012438 0.836560
vt 0.345451 0.014262
vt 0.591430 0.012370
vt 0.475304 0.321296
vt 0.463154 0.012896
vt 0.474144 0.012620
vt 0.592795 0.160808
vt 0.591430 0.173615
vt 0.463388 0.321296
vt 0.474144 0.012436
vt 0.462730 0.014262
vt 0.345451 0.319738
vt 0.592823 0.012896
vt 0.345722 0.012828
vt 0.345324 0.160759
vt 0.347262 0.160385
vt 0.345620 0.171798
vt 0.592967 0.173714
vt 0.593256 0.171798
vt 0.591430 0.322000
vt 0.476406 0.319738
vt 0.593346 0.160665
vt 0.593367 0.173241
vt 0.345671 0.012357
vt 0.347262 0.322000
vt 0.592873 0.321676
vt 0.345820 0.160857
vt 0.088200 0.987487
vt 0.012408 0.678502
vt 0.088283 0.678474
vt 0.053890 0.987487
vt 0.046811 0.678436
vt 0.054018 0.678511
vt 0.012367 0.836529
vt 0.088329 0.829471
vt 0.088187 0.836670
vt 0.046806 0.987487
vt 0.053885 0.678436
vt 0.046678 0.678511
vt 0.012497 0.987487
vt 0.088288 0.678502
vt 0.012413 0.678474
vt 0.088183 0.836542
vt 0.012513 0.829458
vt 0.012435 0.836530
vt 0.566195 0.173018
vt 0.433805 0.158854
vt 0.568398 0.160982
vt 0.652163 0.173018
vt 0.347837 0.160982
vt 0.654443 0.160982
vt 0.433805 0.319163
vt 0.566195 0.014837
vt 0.566195 0.321443
vt 0.347837 0.173018
vt 0.652163 0.160982
vt 0.346048 0.159107
vt 0.433805 0.173018
vt 0.566195 0.160982
vt 0.433805 0.158609
vt 0.431877 0.321567
vt 0.430968 0.319163
vt 0.568123 0.012433
vt 0.569032 0.014837
vt 0.433805 0.014837
vt 0.431401 0.321091
vt 0.433805 0.321443
vt 0.654186 0.159001
vt 0.433805 0.175391
vt 0.431375 0.159173
vt 0.431401 0.012909
vt 0.433805 0.012557
vt 0.652163 0.175077
vt 0.345814 0.175000
vt 0.431782 0.175000
vt 0.654593 0.174827
vt 0.568177 0.321186
vt 0.566195 0.319163
vt 0.568005 0.158552
vt 0.566195 0.175391
vt 0.654186 0.175000
vt 0.569032 0.160982
vt 0.568625 0.174827
vt 0.654091 0.158579
vt 0.345876 0.158586
vt 0.568599 0.321091
vt 0.347837 0.175077
vt 0.568218 0.175000
vt 0.345000 0.160982
vt 0.345407 0.174827
vt 0.568048 0.012986
vt 0.433805 0.012000
vt 0.634391 0.171329
vt 0.365609 0.162671
vt 0.633487 0.161539
vt 0.654006 0.172734
vt 0.345994 0.161266
vt 0.654599 0.162671
vt 0.365942 0.321173
vt 0.633989 0.012783
vt 0.632757 0.321599
vt 0.345994 0.172734
vt 0.654006 0.161266
vt 0.345401 0.162671
vt 0.365609 0.171329
vt 0.634391 0.162671
vt 0.366513 0.161539
vt 0.365942 0.012827
vt 0.365495 0.321261
vt 0.367243 0.321599
vt 0.365495 0.012739
vt 0.367243 0.012401
vt 0.634059 0.160923
vt 0.633487 0.172461
vt 0.365808 0.173047
vt 0.655000 0.171329
vt 0.633989 0.321217
vt 0.634505 0.012739
vt 0.632757 0.012401
vt 0.634505 0.321261
vt 0.365808 0.160953
vt 0.366513 0.172461
vt 0.634059 0.173077
vt 0.499821 0.321220
vt 0.488686 0.013967
vt 0.499313 0.012876
vt 0.643115 0.321220
vt 0.345959 0.012613
vt 0.643484 0.013967
vt 0.488673 0.314468
vt 0.500197 0.019532
vt 0.498609 0.316049
vt 0.345755 0.321220
vt 0.642912 0.012613
vt 0.345387 0.013967
vt 0.489049 0.321220
vt 0.500184 0.013967
vt 0.489557 0.012876
vt 0.489074 0.018320
vt 0.488576 0.315723
vt 0.490262 0.316049
vt 0.488595 0.018195
vt 0.490262 0.017951
vt 0.643870 0.013967
vt 0.641903 0.321461
vt 0.643588 0.321288
vt 0.499992 0.012311
vt 0.488924 0.316135
vt 0.498609 0.321679
vt 0.500294 0.321288
vt 0.499863 0.315638
vt 0.500294 0.018277
vt 0.498609 0.017951
vt 0.500276 0.315805
vt 0.345000 0.013967
vt 0.346967 0.321461
vt 0.345282 0.321288
vt 0.489006 0.012282
vt 0.499946 0.017865
vt 0.320870 0.070880
vt 0.013130 0.013167
vt 0.320861 0.012900
vt 0.185479 0.070880
vt 0.148521 0.013167
vt 0.185470 0.012993
vt 0.012837 0.060474
vt 0.321163 0.023574
vt 0.320841 0.060793
vt 0.148533 0.071056
vt 0.185467 0.012992
vt 0.148530 0.012993
vt 0.013130 0.070880
vt 0.320869 0.013167
vt 0.012940 0.013079
vt 0.321163 0.060474
vt 0.012837 0.023574
vt 0.012991 0.060475
vt 0.320869 0.070880
vt 0.013130 0.013167
vt 0.320861 0.012900
vt 0.185479 0.070880
vt 0.148521 0.013167
vt 0.185470 0.012993
vt 0.012837 0.060474
vt 0.321163 0.023574
vt 0.320841 0.060793
vt 0.148533 0.071056
vt 0.185467 0.012992
vt 0.148530 0.012993
vt 0.013130 0.070880
vt 0.320870 0.013167
vt 0.012940 0.013079
vt 0.321163 0.060474
vt 0.012837 0.023574
vt 0.012991 0.060475
vt 0.170290 0.215814
vt 0.163790 0.118195
vt 0.170286 0.118160
vt 0.321601 0.215814
vt 0.012455 0.118125
vt 0.321546 0.118126
vt 0.163804 0.321550
vt 0.170196 0.012450
vt 0.170263 0.321567
vt 0.012399 0.215814
vt 0.321545 0.118125
vt 0.012454 0.118126
vt 0.163710 0.215814
vt 0.170210 0.118195
vt 0.163714 0.118160
vt 0.170327 0.321538
vt 0.163673 0.012462
vt 0.163734 0.321539
vt 0.345000 0.209681
vt 0.655000 0.124319
vt 0.345000 0.124319
vt 0.655000 0.209681
vt 0.348443 0.864187
vt 0.481994 0.801881
vt 0.348682 0.801656
vt 0.615363 0.864659
vt 0.482250 0.801384
vt 0.615134 0.801988
vt 0.481933 0.864146
vt 0.348575 0.801341
vt 0.406475 0.864574
vt 0.557481 0.801623
vt 0.406450 0.801256
vt 0.557481 0.864377
vt 0.405946 0.802070
vt 0.557467 0.801082
vt 0.351183 0.757344
vt 0.482048 0.680507
vt 0.613398 0.757312
vt 0.482008 0.864537
vt 0.615206 0.801141
vt 0.350540 0.757313
vt 0.350505 0.909062
vt 0.612770 0.908525
vt 0.348675 0.864613
vt 0.615246 0.864688
vt 0.482327 0.801374
vt 0.615340 0.802038
vt 0.481994 0.864119
vt 0.348692 0.801313
vt 0.557987 0.864278
vt 0.405980 0.802064
vt 0.482124 0.680645
vt 0.613437 0.757089
vt 0.482125 0.864267
vt 0.350500 0.757089
vt 0.348559 0.864586
vt 0.481856 0.801495
vt 0.348834 0.801619
vt 0.615246 0.864688
vt 0.481938 0.801759
vt 0.615278 0.801747
vt 0.481994 0.864118
vt 0.348692 0.801313
vt 0.406475 0.864574
vt 0.557987 0.801721
vt 0.406451 0.801256
vt 0.557481 0.864377
vt 0.406449 0.801714
vt 0.557830 0.801485
vt 0.351183 0.757344
vt 0.482124 0.680645
vt 0.613437 0.757089
vt 0.482000 0.864267
vt 0.615243 0.801479
vt 0.350501 0.757089
vt 0.350609 0.909197
vt 0.612744 0.908287
vt 0.348674 0.864613
vt 0.481933 0.801853
vt 0.348682 0.801656
vt 0.482125 0.801733
vt 0.615128 0.801711
vt 0.557482 0.801622
vt 0.405949 0.801812
vt 0.557467 0.801082
vt 0.481938 0.864239
vt 0.615325 0.801170
vt 0.350505 0.909063
vt 0.612728 0.908320
vt 0.428366 0.321411
vt 0.420224 0.012589
vt 0.428462 0.012545
vt 0.503019 0.321411
vt 0.345577 0.012501
vt 0.503166 0.012587
vt 0.420076 0.245710
vt 0.428514 0.088290
vt 0.428351 0.245871
vt 0.345571 0.321411
vt 0.503353 0.013152
vt 0.345575 0.012501
vt 0.420224 0.321411
vt 0.428467 0.012577
vt 0.420608 0.012662
vt 0.428347 0.245724
vt 0.420076 0.088290
vt 0.420724 0.245922
vt 0.838033 0.847073
vt 0.827967 0.818927
vt 0.837818 0.818695
vt 0.987317 0.847264
vt 0.678676 0.818855
vt 0.987318 0.818751
vt 0.828001 0.987307
vt 0.837825 0.678674
vt 0.837933 0.987307
vt 0.678676 0.847145
vt 0.987317 0.818736
vt 0.678520 0.818921
vt 0.828177 0.847145
vt 0.837823 0.818855
vt 0.828063 0.818802
vt 0.837999 0.987307
vt 0.828175 0.678674
vt 0.828067 0.987307
vt 0.837943 0.847159
vt 0.827967 0.818927
vt 0.837368 0.818942
vt 0.987400 0.847158
vt 0.678281 0.819522
vt 0.987498 0.818853
vt 0.828199 0.987324
vt 0.837801 0.678676
vt 0.837902 0.987349
vt 0.678281 0.846478
vt 0.987317 0.818737
vt 0.678520 0.818921
vt 0.828057 0.847159
vt 0.837943 0.818841
vt 0.828063 0.818802
vt 0.837801 0.987324
vt 0.828175 0.678674
vt 0.837823 0.847145
vt 0.828177 0.818855
vt 0.837818 0.818696
vt 0.987324 0.847145
vt 0.678676 0.818855
vt 0.987319 0.818751
vt 0.828001 0.987307
vt 0.837999 0.678693
vt 0.837806 0.987498
vt 0.678676 0.847145
vt 0.987324 0.818855
vt 0.678681 0.818751
vt 0.828177 0.847145
vt 0.837823 0.818855
vt 0.828182 0.818695
vt 0.837999 0.987307
vt 0.828001 0.678693
vt 0.828194 0.987497
vt 0.428366 0.321411
vt 0.420224 0.012589
vt 0.428462 0.012545
vt 0.503019 0.321411
vt 0.345577 0.012501
vt 0.428514 0.088290
vt 0.428351 0.245871
vt 0.345571 0.321411
vt 0.503013 0.012501
vt 0.345575 0.012501
vt 0.420224 0.321411
vt 0.420128 0.012545
vt 0.420076 0.088290
vt 0.420154 0.245710
vt 0.837823 0.847145
vt 0.828177 0.818855
vt 0.837937 0.818802
vt 0.678683 0.818736
vt 0.987480 0.818921
vt 0.828175 0.987326
vt 0.837999 0.678693
vt 0.678683 0.847263
vt 0.678681 0.818751
vt 0.827967 0.847073
vt 0.838033 0.818927
vt 0.828182 0.818695
vt 0.837825 0.987326
vt 0.828001 0.678693
vt 0.828194 0.987498
vt 0.837943 0.847159
vt 0.828057 0.818841
vt 0.837937 0.818802
vt 0.987719 0.846478
vt 0.678683 0.818750
vt 0.987498 0.818853
vt 0.828199 0.987324
vt 0.837801 0.678676
vt 0.837232 0.987558
vt 0.678600 0.847158
vt 0.987719 0.819522
vt 0.678502 0.818853
vt 0.828057 0.847159
vt 0.837943 0.818841
vt 0.828632 0.818942
vt 0.828199 0.678676
vt 0.828769 0.987558
vt 0.837823 0.847145
vt 0.837818 0.818695
vt 0.987324 0.847145
vt 0.828175 0.987326
vt 0.837999 0.678693
vt 0.678484 0.847236
vt 0.987324 0.818855
vt 0.827967 0.847073
vt 0.837823 0.818855
vt 0.828182 0.818696
vt 0.828194 0.987498
vt 0.654356 0.107100
vt 0.345644 0.093398
vt 0.653970 0.091352
vt 0.587605 0.107100
vt 0.414980 0.093398
vt 0.587614 0.093398
vt 0.346280 0.187259
vt 0.653720 0.013239
vt 0.653906 0.187305
vt 0.412395 0.107100
vt 0.587010 0.091449
vt 0.412386 0.093398
vt 0.345644 0.107100
vt 0.654356 0.093398
vt 0.348229 0.090696
vt 0.412189 0.091447
vt 0.414980 0.090169
vt 0.346280 0.013239
vt 0.345493 0.187464
vt 0.348229 0.187864
vt 0.587215 0.109836
vt 0.413040 0.109893
vt 0.653831 0.090632
vt 0.653831 0.109866
vt 0.346169 0.109866
vt 0.587215 0.090662
vt 0.412785 0.109836
vt 0.586960 0.109893
vt 0.346169 0.090632
vt 0.653720 0.187259
vt 0.987606 0.758656
vt 0.678394 0.751826
vt 0.987601 0.751798
vt 0.909816 0.758656
vt 0.756243 0.751761
vt 0.909885 0.751834
vt 0.678453 0.831976
vt 0.987505 0.678480
vt 0.987577 0.832021
vt 0.756184 0.758656
vt 0.909757 0.751761
vt 0.756115 0.751834
vt 0.678336 0.758643
vt 0.987606 0.751826
vt 0.678399 0.751798
vt 0.987505 0.832003
vt 0.678495 0.678480
vt 0.678420 0.831991
vt 0.361628 0.987609
vt 0.372039 0.678391
vt 0.357079 0.678426
vt 0.386744 0.987575
vt 0.377404 0.678470
vt 0.386712 0.678375
vt 0.366671 0.987615
vt 0.357361 0.678393
vt 0.391297 0.987537
vt 0.377409 0.678379
vt 0.391276 0.678394
vt 0.377086 0.987599
vt 0.357351 0.678430
vt 0.357458 0.987599
vt 0.361617 0.678463
vt 0.377068 0.678361
vt 0.386999 0.987638
vt 0.391275 0.678391
vt 0.390894 0.814146
vt 0.397749 0.827712
vt 0.393883 0.847385
vt 0.377413 0.987657
vt 0.397599 0.838225
vt 0.377294 0.807322
vt 0.347485 0.822829
vt 0.357336 0.987575
vt 0.377083 0.678391
vt 0.361618 0.678456
vt 0.377080 0.987530
vt 0.372039 0.678428
vt 0.387077 0.678402
vt 0.357366 0.678359
vt 0.377421 0.678470
vt 0.377078 0.987610
vt 0.357352 0.678427
vt 0.357079 0.987599
vt 0.366656 0.678469
vt 0.377493 0.987616
vt 0.386728 0.678424
vt 0.352803 0.678389
vt 0.377413 0.987657
vt 0.397753 0.837963
vt 0.390833 0.851794
vt 0.349409 0.823626
vt 0.361834 0.857637
vt 0.398218 0.834317
vt 0.377272 0.807395
vt 0.391321 0.987455
vt 0.377398 0.678392
vt 0.386712 0.678358
vt 0.377080 0.987530
vt 0.391295 0.987544
vt 0.377056 0.678432
vt 0.391276 0.678394
vt 0.357360 0.987567
vt 0.357104 0.678367
vt 0.367002 0.987551
vt 0.372039 0.678389
vt 0.386726 0.678386
vt 0.352757 0.987455
vt 0.366677 0.678406
vt 0.352812 0.678360
vt 0.390801 0.851762
vt 0.357653 0.811098
vt 0.377412 0.987633
vt 0.366790 0.858610
vt 0.397661 0.838241
vt 0.376940 0.807310
vt 0.391321 0.987455
vt 0.377398 0.678392
vt 0.386712 0.678359
vt 0.357361 0.678393
vt 0.391281 0.987589
vt 0.377409 0.678386
vt 0.367019 0.987668
vt 0.361636 0.678342
vt 0.352734 0.987378
vt 0.357369 0.678396
vt 0.367002 0.987551
vt 0.372039 0.678389
vt 0.386711 0.678356
vt 0.352757 0.987455
vt 0.366682 0.678427
vt 0.352803 0.678389
vt 0.353257 0.814218
vt 0.377413 0.987657
vt 0.366811 0.858539
vt 0.397661 0.838241
vt 0.377294 0.807341
vt 0.500000 0.167000
vt 0.526915 0.180519
vt 0.486542 0.180519
vt 0.652645 0.193915
vt 0.640406 0.179284
vt 0.653823 0.153542
vt 0.521248 0.167000
vt 0.500000 0.153481
vt 0.623231 0.199621
vt 0.641481 0.167000
vt 0.627962 0.167000
vt 0.653823 0.153542
vt 0.526915 0.153481
vt 0.486542 0.153481
vt 0.527888 0.167000
vt 0.553013 0.180519
vt 0.627737 0.226565
vt 0.614851 0.222333
vt 0.626834 0.179889
vt 0.512889 0.180519
vt 0.541850 0.167000
vt 0.532621 0.153481
vt 0.553013 0.153481
vt 0.580300 0.167000
vt 0.554928 0.167000
vt 0.626753 0.255184
vt 0.645652 0.220013
vt 0.563981 0.153481
vt 0.610818 0.230981
vt 0.635805 0.204727
vt 0.615453 0.247841
vt 0.603232 0.167000
vt 0.588184 0.180519
vt 0.608381 0.257942
vt 0.590138 0.257138
vt 0.618737 0.180519
vt 0.599632 0.285737
vt 0.589866 0.180519
vt 0.578653 0.167000
vt 0.593735 0.167000
vt 0.590138 0.153481
vt 0.581900 0.281712
vt 0.626218 0.255948
vt 0.618737 0.153481
vt 0.588948 0.153481
vt 0.599632 0.180519
vt 0.603232 0.167000
vt 0.577500 0.301234
vt 0.580841 0.282453
vt 0.553680 0.180519
vt 0.553680 0.153481
vt 0.577500 0.153481
vt 0.599632 0.153481
vt 0.577500 0.180519
vt 0.538611 0.302569
vt 0.553680 0.282622
vt 0.536479 0.303140
vt 0.553013 0.180519
vt 0.551516 0.167000
vt 0.513458 0.320823
vt 0.500000 0.308481
vt 0.511110 0.293990
vt 0.511110 0.180519
vt 0.500000 0.322000
vt 0.539964 0.316149
vt 0.539964 0.153481
vt 0.473085 0.180519
vt 0.513458 0.180519
vt 0.473085 0.319645
vt 0.477780 0.293018
vt 0.477780 0.180519
vt 0.477780 0.153481
vt 0.511110 0.153481
vt 0.486428 0.307293
vt 0.472112 0.167000
vt 0.446987 0.180519
vt 0.446987 0.312652
vt 0.463521 0.303140
vt 0.447745 0.180519
vt 0.467371 0.167000
vt 0.451611 0.299948
vt 0.419700 0.167000
vt 0.445072 0.167000
vt 0.420967 0.283719
vt 0.447745 0.283286
vt 0.438819 0.167000
vt 0.446127 0.153481
vt 0.446127 0.282531
vt 0.419159 0.282453
vt 0.422500 0.301234
vt 0.457947 0.315589
vt 0.457947 0.153481
vt 0.396768 0.167000
vt 0.411052 0.180519
vt 0.417748 0.265024
vt 0.417748 0.180519
vt 0.410013 0.153481
vt 0.410013 0.257289
vt 0.422500 0.153481
vt 0.381263 0.180519
vt 0.411052 0.293218
vt 0.385813 0.249649
vt 0.391619 0.257942
vt 0.400368 0.285737
vt 0.400368 0.153481
vt 0.376973 0.167000
vt 0.580300 0.167000
vt 0.365766 0.244500
vt 0.381263 0.266632
vt 0.561181 0.167000
vt 0.582252 0.153481
vt 0.578653 0.167000
vt 0.384469 0.220873
vt 0.588184 0.153481
vt 0.554928 0.167000
vt 0.577500 0.180519
vt 0.364097 0.204364
vt 0.395358 0.239801
vt 0.534364 0.180519
vt 0.572801 0.180519
vt 0.541850 0.167000
vt 0.553873 0.153481
vt 0.553013 0.153481
vt 0.527888 0.167000
vt 0.511110 0.153481
vt 0.360669 0.191568
vt 0.372263 0.226565
vt 0.354348 0.220013
vt 0.526916 0.153481
vt 0.513458 0.180519
vt 0.358519 0.167000
vt 0.377236 0.201364
vt 0.500000 0.180519
vt 0.510624 0.167000
vt 0.359481 0.156004
vt 0.347355 0.193916
vt 0.347355 0.140085
vt 0.346177 0.180458
vt 0.376869 0.134007
vt 0.372038 0.167000
vt 0.478752 0.167000
vt 0.377236 0.132636
vt 0.373010 0.178110
vt 0.354348 0.113987
vt 0.364195 0.129273
vt 0.458150 0.167000
vt 0.465636 0.153481
vt 0.367052 0.118611
vt 0.346218 0.153078
vt 0.446987 0.153481
vt 0.486078 0.153481
vt 0.422500 0.180519
vt 0.365766 0.089500
vt 0.384547 0.086159
vt 0.428046 0.180519
vt 0.467007 0.180519
vt 0.395579 0.093883
vt 0.422500 0.153481
vt 0.421347 0.167000
vt 0.426883 0.153481
vt 0.390815 0.180519
vt 0.376973 0.167000
vt 0.419159 0.051547
vt 0.394765 0.095046
vt 0.406265 0.167000
vt 0.401976 0.180519
vt 0.417748 0.153481
vt 0.401976 0.153481
vt 0.409058 0.058619
vt 0.385288 0.085100
vt 0.422500 0.180519
vt 0.422500 0.032766
vt 0.390815 0.057816
vt 0.445778 0.051631
vt 0.417748 0.068976
vt 0.389286 0.059345
vt 0.389286 0.153481
vt 0.463521 0.030860
vt 0.446127 0.180519
vt 0.430083 0.167000
vt 0.445778 0.153481
vt 0.457947 0.153481
vt 0.477780 0.040982
vt 0.446127 0.051469
vt 0.441607 0.038716
vt 0.486428 0.026707
vt 0.457947 0.018411
vt 0.488696 0.180519
vt 0.513197 0.026674
vt 0.510726 0.039977
vt 0.500000 0.012000
vt 0.539514 0.017730
vt 0.488696 0.012989
vt 0.510726 0.153481
vt 0.490490 0.167000
vt 0.524568 0.027669
vt 0.539514 0.180519
vt 0.553680 0.051378
vt 0.511110 0.040010
vt 0.511110 0.180519
vt 0.553680 0.051378
vt 0.540415 0.153481
vt 0.577500 0.032766
vt 0.560737 0.039809
vt 0.599661 0.067339
vt 0.590138 0.076862
vt 0.589866 0.076589
vt 0.560736 0.039809
vt 0.600310 0.067987
vt 0.396768 0.167000
vt 0.381263 0.180519
vt 0.376973 0.167000
vt 0.618737 0.067368
vt 0.599632 0.048263
vt 0.626218 0.078052
vt 0.381263 0.153481
vt 0.419700 0.167000
vt 0.400368 0.180519
vt 0.634234 0.089500
vt 0.622526 0.096260
vt 0.444509 0.180519
vt 0.421347 0.167000
vt 0.417748 0.180519
vt 0.436019 0.153481
vt 0.417748 0.153481
vt 0.610818 0.103019
vt 0.411052 0.153481
vt 0.445072 0.167000
vt 0.422500 0.180519
vt 0.645652 0.113987
vt 0.623498 0.135378
vt 0.446987 0.153481
vt 0.472112 0.167000
vt 0.446987 0.180519
vt 0.636475 0.131770
vt 0.626018 0.144780
vt 0.614777 0.111509
vt 0.477780 0.180519
vt 0.449498 0.167000
vt 0.478752 0.167000
vt 0.468378 0.153481
vt 0.636475 0.131770
vt 0.527599 0.833000
vt 0.500000 0.842497
vt 0.500000 0.833000
vt 0.648644 0.874849
vt 0.644513 0.821691
vt 0.655000 0.833000
vt 0.640010 0.870516
vt 0.636006 0.833000
vt 0.533234 0.842497
vt 0.489735 0.833000
vt 0.534053 0.833000
vt 0.513922 0.823503
vt 0.554359 0.833000
vt 0.541849 0.842497
vt 0.634788 0.846922
vt 0.636728 0.882765
vt 0.644595 0.843372
vt 0.653800 0.846715
vt 0.513715 0.823503
vt 0.579467 0.833000
vt 0.618195 0.916912
vt 0.611116 0.910527
vt 0.631363 0.866234
vt 0.577527 0.842497
vt 0.566036 0.833000
vt 0.557631 0.823503
vt 0.639029 0.900216
vt 0.602161 0.833000
vt 0.588566 0.842497
vt 0.587423 0.823503
vt 0.607805 0.943564
vt 0.567216 0.823503
vt 0.621750 0.833000
vt 0.590164 0.842497
vt 0.618737 0.842497
vt 0.590164 0.958367
vt 0.626485 0.921566
vt 0.577713 0.943985
vt 0.604186 0.920423
vt 0.577713 0.842497
vt 0.566036 0.833000
vt 0.593033 0.833000
vt 0.577713 0.823503
vt 0.607805 0.823503
vt 0.553013 0.842497
vt 0.537516 0.973010
vt 0.583139 0.951735
vt 0.546517 0.842497
vt 0.546517 0.823503
vt 0.536605 0.973254
vt 0.582050 0.952498
vt 0.563065 0.823503
vt 0.513458 0.986823
vt 0.553013 0.978652
vt 0.512216 0.967937
vt 0.546517 0.960804
vt 0.511809 0.967973
vt 0.513458 0.842497
vt 0.512216 0.842497
vt 0.534053 0.833000
vt 0.511809 0.823503
vt 0.511304 0.823503
vt 0.473085 0.842497
vt 0.475040 0.974852
vt 0.476383 0.966939
vt 0.476383 0.842497
vt 0.476383 0.823503
vt 0.487367 0.977398
vt 0.473085 0.985645
vt 0.511304 0.987011
vt 0.472401 0.833000
vt 0.445641 0.833000
vt 0.444108 0.842497
vt 0.477066 0.833000
vt 0.444460 0.823503
vt 0.439597 0.964767
vt 0.473085 0.823503
vt 0.420533 0.833000
vt 0.434744 0.842497
vt 0.434744 0.972943
vt 0.417633 0.952276
vt 0.444108 0.956432
vt 0.432552 0.823503
vt 0.390998 0.842497
vt 0.390998 0.942367
vt 0.412577 0.842497
vt 0.442529 0.833000
vt 0.412577 0.823503
vt 0.412577 0.937186
vt 0.444460 0.956596
vt 0.398446 0.936435
vt 0.432552 0.971921
vt 0.397839 0.833000
vt 0.381265 0.916139
vt 0.389250 0.911048
vt 0.599632 0.842497
vt 0.360254 0.898680
vt 0.578048 0.842497
vt 0.584894 0.833000
vt 0.577713 0.823503
vt 0.389015 0.910713
vt 0.373991 0.905751
vt 0.390486 0.941855
vt 0.565257 0.823503
vt 0.599632 0.823503
vt 0.554359 0.833000
vt 0.565680 0.842497
vt 0.360334 0.871800
vt 0.372196 0.879517
vt 0.546517 0.842497
vt 0.546517 0.823503
vt 0.515867 0.842497
vt 0.346388 0.848867
vt 0.359990 0.870516
vt 0.346177 0.846457
vt 0.360057 0.898257
vt 0.527599 0.833000
vt 0.354497 0.833000
vt 0.365027 0.844809
vt 0.509919 0.823503
vt 0.532887 0.833000
vt 0.364862 0.842919
vt 0.355520 0.821306
vt 0.347355 0.806085
vt 0.368579 0.799983
vt 0.466983 0.842497
vt 0.511809 0.842497
vt 0.465948 0.833000
vt 0.366061 0.809383
vt 0.513458 0.823503
vt 0.360057 0.767744
vt 0.360577 0.793292
vt 0.368631 0.771742
vt 0.360057 0.767744
vt 0.388033 0.756689
vt 0.423689 0.842497
vt 0.433964 0.833000
vt 0.442740 0.823503
vt 0.400368 0.842497
vt 0.434744 0.842497
vt 0.395814 0.745577
vt 0.377206 0.775740
vt 0.388538 0.739473
vt 0.400368 0.823503
vt 0.434744 0.823503
vt 0.378250 0.833000
vt 0.409663 0.842497
vt 0.381263 0.842497
vt 0.381263 0.733368
vt 0.406473 0.721538
vt 0.381265 0.749861
vt 0.398827 0.833000
vt 0.395814 0.842497
vt 0.422287 0.823503
vt 0.395814 0.823503
vt 0.422287 0.722015
vt 0.444108 0.709568
vt 0.412577 0.728814
vt 0.417950 0.713502
vt 0.432552 0.694079
vt 0.389286 0.725345
vt 0.432552 0.823503
vt 0.389286 0.823503
vt 0.459786 0.842497
vt 0.459786 0.683918
vt 0.440799 0.700672
vt 0.409663 0.707755
vt 0.444108 0.842497
vt 0.454829 0.833000
vt 0.424535 0.833000
vt 0.450235 0.696272
vt 0.476383 0.699061
vt 0.464933 0.823503
vt 0.484599 0.679347
vt 0.484599 0.823503
vt 0.513458 0.679177
vt 0.487367 0.688602
vt 0.509695 0.823503
vt 0.509695 0.697843
vt 0.488691 0.688487
vt 0.464933 0.702129
vt 0.513458 0.842497
vt 0.537516 0.692990
vt 0.512216 0.698063
vt 0.522934 0.833000
vt 0.538426 0.693234
vt 0.537876 0.823503
vt 0.557260 0.842497
vt 0.546517 0.705196
vt 0.590164 0.707633
vt 0.553013 0.687348
vt 0.577713 0.722015
vt 0.588566 0.706515
vt 0.537876 0.683292
vt 0.588566 0.823503
vt 0.590164 0.842497
vt 0.593909 0.723850
vt 0.595805 0.737195
vt 0.557260 0.710206
vt 0.584894 0.833000
vt 0.556697 0.833000
vt 0.604186 0.823503
vt 0.611462 0.739473
vt 0.583139 0.714265
vt 0.420533 0.833000
vt 0.411434 0.842497
vt 0.397839 0.833000
vt 0.631767 0.772596
vt 0.431997 0.842497
vt 0.424535 0.833000
vt 0.412577 0.842497
vt 0.622794 0.775740
vt 0.604186 0.745577
vt 0.458151 0.842497
vt 0.648644 0.791151
vt 0.626485 0.744434
vt 0.454829 0.833000
vt 0.442740 0.823503
vt 0.458375 0.823503
vt 0.411816 0.823503
vt 0.476383 0.823503
vt 0.472401 0.833000
vt 0.465329 0.842497
vt 0.633939 0.809383
vt 0.635327 0.783690
vt 0.648704 0.791375
vt 0.879865 0.250000
vt 0.877148 0.252250
vt 0.874500 0.250000
vt 0.903001 0.267368
vt 0.902912 0.254923
vt 0.903376 0.238846
vt 0.876585 0.252250
vt 0.879397 0.250000
vt 0.871795 0.250000
vt 0.877341 0.247750
vt 0.903306 0.261965
vt 0.904537 0.262503
vt 0.904760 0.243533
vt 0.879796 0.247750
vt 0.871760 0.247750
vt 0.884990 0.251285
vt 0.901370 0.273087
vt 0.884280 0.252250
vt 0.886139 0.250000
vt 0.887387 0.247750
vt 0.903161 0.274625
vt 0.898721 0.289485
vt 0.900148 0.279272
vt 0.898876 0.288963
vt 0.902016 0.280422
vt 0.889947 0.250000
vt 0.891204 0.252250
vt 0.892626 0.250000
vt 0.886900 0.247750
vt 0.896404 0.293389
vt 0.894359 0.250000
vt 0.897864 0.252250
vt 0.891927 0.252250
vt 0.894105 0.305155
vt 0.899389 0.291140
vt 0.891383 0.306919
vt 0.897578 0.289432
vt 0.889344 0.309420
vt 0.895985 0.300718
vt 0.887341 0.315006
vt 0.890473 0.252250
vt 0.888600 0.250000
vt 0.894675 0.250000
vt 0.890768 0.247750
vt 0.887772 0.314531
vt 0.887772 0.247750
vt 0.891922 0.250000
vt 0.894105 0.247750
vt 0.882379 0.316952
vt 0.890473 0.305687
vt 0.881771 0.250000
vt 0.881826 0.247750
vt 0.885067 0.250000
vt 0.879826 0.251285
vt 0.887341 0.252250
vt 0.881826 0.314982
vt 0.877065 0.319220
vt 0.879796 0.320906
vt 0.872394 0.319315
vt 0.881789 0.315005
vt 0.874500 0.250980
vt 0.881789 0.252250
vt 0.869135 0.250000
vt 0.871760 0.252250
vt 0.867558 0.315225
vt 0.874500 0.317501
vt 0.867053 0.250000
vt 0.871932 0.247750
vt 0.866882 0.317117
vt 0.871852 0.321453
vt 0.861659 0.252250
vt 0.871760 0.321434
vt 0.860123 0.310057
vt 0.862823 0.247750
vt 0.864068 0.317658
vt 0.864068 0.247750
vt 0.871852 0.247750
vt 0.860203 0.308457
vt 0.860203 0.252250
vt 0.867558 0.252250
vt 0.855983 0.303419
vt 0.857031 0.247750
vt 0.861493 0.250000
vt 0.854641 0.250000
vt 0.853015 0.300718
vt 0.861659 0.315006
vt 0.854419 0.297692
vt 0.858387 0.250000
vt 0.854358 0.247750
vt 0.854358 0.297549
vt 0.862823 0.311341
vt 0.850833 0.250000
vt 0.853015 0.252250
vt 0.849059 0.283939
vt 0.854419 0.252250
vt 0.852898 0.250000
vt 0.887726 0.252250
vt 0.894105 0.252250
vt 0.849737 0.283750
vt 0.888797 0.252250
vt 0.890973 0.250000
vt 0.892880 0.252250
vt 0.847904 0.279775
vt 0.849558 0.290963
vt 0.884145 0.250000
vt 0.886460 0.247750
vt 0.882364 0.247750
vt 0.891852 0.247750
vt 0.882466 0.250000
vt 0.879796 0.252250
vt 0.844463 0.262503
vt 0.847143 0.281223
vt 0.876935 0.247750
vt 0.848647 0.278234
vt 0.845402 0.262112
vt 0.845263 0.249148
vt 0.846092 0.244986
vt 0.846985 0.267404
vt 0.872376 0.252250
vt 0.876692 0.250000
vt 0.881873 0.252250
vt 0.844261 0.242953
vt 0.845151 0.268564
vt 0.867478 0.250000
vt 0.866069 0.250000
vt 0.862007 0.252250
vt 0.871852 0.252250
vt 0.846801 0.220508
vt 0.844232 0.243749
vt 0.847823 0.220634
vt 0.864720 0.252250
vt 0.845808 0.236521
vt 0.846924 0.219884
vt 0.866742 0.247750
vt 0.851117 0.211597
vt 0.847089 0.231687
vt 0.859053 0.250000
vt 0.854895 0.252250
vt 0.855417 0.197640
vt 0.850653 0.209254
vt 0.851136 0.203719
vt 0.854786 0.248715
vt 0.861742 0.247750
vt 0.851136 0.252250
vt 0.851006 0.248715
vt 0.858162 0.194917
vt 0.851166 0.211431
vt 0.858162 0.252250
vt 0.852596 0.252250
vt 0.858162 0.247750
vt 0.852596 0.247750
vt 0.856758 0.191765
vt 0.857462 0.190601
vt 0.864394 0.184456
vt 0.864855 0.250000
vt 0.861493 0.250000
vt 0.856758 0.247750
vt 0.867047 0.252250
vt 0.867558 0.252250
vt 0.871870 0.250000
vt 0.867128 0.247750
vt 0.872125 0.180740
vt 0.864068 0.182342
vt 0.860194 0.189802
vt 0.876901 0.250000
vt 0.877485 0.178617
vt 0.872394 0.180685
vt 0.867047 0.180458
vt 0.876538 0.247750
vt 0.876538 0.182920
vt 0.867128 0.185048
vt 0.876983 0.252250
vt 0.879796 0.179094
vt 0.871852 0.178547
vt 0.877485 0.252250
vt 0.887689 0.185377
vt 0.882563 0.183164
vt 0.886134 0.188611
vt 0.876983 0.183012
vt 0.886134 0.252250
vt 0.886495 0.247750
vt 0.886495 0.189009
vt 0.882379 0.183048
vt 0.887689 0.252250
vt 0.891162 0.192716
vt 0.887772 0.185469
vt 0.891383 0.193081
vt 0.892880 0.198292
vt 0.886606 0.250000
vt 0.894493 0.250000
vt 0.894581 0.202308
vt 0.895985 0.199282
vt 0.898611 0.210145
vt 0.898611 0.210145
vt 0.894105 0.194845
vt 0.851136 0.247750
vt 0.859142 0.251023
vt 0.900914 0.214000
vt 0.856374 0.250000
vt 0.862057 0.247750
vt 0.856120 0.247750
vt 0.900128 0.220627
vt 0.857072 0.247750
vt 0.903835 0.231320
vt 0.901921 0.231775
vt 0.897834 0.211431
vt 0.866780 0.252250
vt 0.862861 0.250000
vt 0.903161 0.225375
vt 0.899389 0.208860
vt 0.864011 0.248715
vt 0.866587 0.252250
vt 0.869535 0.247750
vt 0.902660 0.238279
vt 0.903051 0.233067
vt 0.904768 0.256251
vt 0.902845 0.256707
vt 0.806061 0.844526
vt 0.833000 0.821478
vt 0.806059 0.821493
vt 0.886069 0.844462
vt 0.910597 0.821608
vt 0.886061 0.821478
vt 0.910558 0.844579
vt 0.932752 0.821593
vt 0.932718 0.844537
vt 0.951880 0.821593
vt 0.932739 0.844456
vt 0.910583 0.821544
vt 0.932752 0.821593
vt 0.910597 0.844392
vt 0.886069 0.821538
vt 0.886053 0.844579
vt 0.859948 0.821593
vt 0.859941 0.844507
vt 0.833000 0.821593
vt 0.833000 0.844456
vt 0.806056 0.821544
vt 0.806056 0.844462
vt 0.779932 0.821532
vt 0.779923 0.844407
vt 0.755417 0.821544
vt 0.755443 0.844581
vt 0.733280 0.821474
vt 0.951844 0.844522
vt 0.932703 0.821407
vt 0.951842 0.821474
vt 0.932726 0.844507
vt 0.910582 0.821538
vt 0.910561 0.844563
vt 0.886051 0.844593
vt 0.859944 0.821538
vt 0.859939 0.844526
vt 0.833000 0.821544
vt 0.833000 0.844468
vt 0.779947 0.821421
vt 0.779923 0.844407
vt 0.755443 0.821419
vt 0.755439 0.844563
vt 0.733248 0.821593
vt 0.733264 0.844468
vt 0.714139 0.821532
vt 0.733280 0.844526
vt 0.755442 0.821421
vt 0.733264 0.821532
vt 0.755443 0.844581
vt 0.779948 0.821419
vt 0.779947 0.844579
vt 0.806052 0.821593
vt 0.806059 0.844507
vt 0.833000 0.821608
vt 0.833000 0.844456
vt 0.859939 0.821474
vt 0.859950 0.844379
vt 0.886051 0.821407
vt 0.886055 0.844563
vt 0.910581 0.821531
vt 0.932735 0.844473
vt 0.932719 0.821467
vt 0.714141 0.844473
vt 0.733297 0.821407
vt 0.714160 0.821467
vt 0.733262 0.844462
vt 0.779930 0.821544
vt 0.779951 0.844604
vt 0.859936 0.844579
vt 0.859944 0.821532
vt 0.699160 0.910272
vt 0.932392 0.714549
vt 0.966917 0.910317
vt 0.833000 0.844581
vt 0.978307 0.885887
vt 0.714558 0.733615
vt 0.714587 0.932360
vt 0.423366 0.316089
vt 0.350911 0.017911
vt 0.423366 0.017911
vt 0.399679 0.316089
vt 0.374598 0.017911
vt 0.399679 0.017911
vt 0.350911 0.179540
vt 0.423366 0.154460
vt 0.423366 0.179540
vt 0.374598 0.316089
vt 0.350911 0.316089
vt 0.350911 0.154460
vt 0.347140 0.149396
vt 0.345000 0.154460
vt 0.369772 0.013085
vt 0.368687 0.017911
vt 0.347140 0.321152
vt 0.345000 0.316089
vt 0.369772 0.320915
vt 0.374598 0.322000
vt 0.345848 0.183311
vt 0.350911 0.185452
vt 0.346085 0.013085
vt 0.345000 0.017911
vt 0.346085 0.320915
vt 0.350911 0.322000
vt 0.403450 0.321153
vt 0.405590 0.316089
vt 0.374598 0.012000
vt 0.427137 0.012848
vt 0.429277 0.017911
vt 0.427137 0.149396
vt 0.429277 0.154460
vt 0.368687 0.316089
vt 0.427137 0.184604
vt 0.429277 0.179540
vt 0.404505 0.013085
vt 0.405590 0.017911
vt 0.428430 0.183311
vt 0.423366 0.185452
vt 0.428192 0.320915
vt 0.429277 0.316089
vt 0.403450 0.012848
vt 0.350911 0.012000
vt 0.427137 0.012848
vt 0.423366 0.322000
vt 0.399679 0.012000
vt 0.347140 0.012848
vt 0.427137 0.321153
vt 0.095591 0.987481
vt 0.012503 0.678519
vt 0.095676 0.678479
vt 0.057631 0.987481
vt 0.050467 0.678441
vt 0.057627 0.678441
vt 0.012372 0.836572
vt 0.095721 0.829428
vt 0.095578 0.836714
vt 0.050462 0.987481
vt 0.057626 0.678441
vt 0.050466 0.678441
vt 0.012503 0.987481
vt 0.095591 0.678519
vt 0.012418 0.678479
vt 0.095721 0.836572
vt 0.012372 0.829428
vt 0.012440 0.836572
vt 0.321181 0.470373
vt 0.012819 0.346008
vt 0.320333 0.346157
vt 0.174691 0.469370
vt 0.159309 0.347012
vt 0.174365 0.346026
vt 0.013029 0.415300
vt 0.320971 0.401082
vt 0.320131 0.415645
vt 0.159309 0.469370
vt 0.174691 0.347012
vt 0.159635 0.346026
vt 0.012819 0.470373
vt 0.321181 0.346008
vt 0.013667 0.346157
vt 0.320971 0.415300
vt 0.013029 0.401082
vt 0.013869 0.415645
vt 0.058263 0.320260
vt 0.015000 0.013941
vt 0.058004 0.013521
vt 0.057761 0.320008
vt 0.014175 0.013989
vt 0.057908 0.014246
vt 0.058046 0.188926
vt 0.014053 0.145160
vt 0.058474 0.145553
vt 0.014316 0.320246
vt 0.057944 0.014086
vt 0.013654 0.319654
vt 0.014102 0.013521
vt 0.058051 0.189000
vt 0.013524 0.145060
vt 0.014112 0.189524
vt 0.014384 0.198154
vt 0.147847 0.135433
vt 0.014303 0.135891
vt 0.281775 0.198249
vt 0.148110 0.135309
vt 0.281651 0.135808
vt 0.147846 0.198567
vt 0.014259 0.135877
vt 0.071791 0.198165
vt 0.224267 0.135835
vt 0.071793 0.135811
vt 0.224537 0.197959
vt 0.071660 0.135792
vt 0.224385 0.135869
vt 0.148169 0.319663
vt 0.015739 0.090777
vt 0.280319 0.090844
vt 0.148239 0.198716
vt 0.281776 0.135886
vt 0.280192 0.243357
vt 0.148033 0.014379
vt 0.015739 0.243223
vt 0.014158 0.197937
vt 0.147793 0.135589
vt 0.014378 0.135947
vt 0.281640 0.198270
vt 0.148206 0.135266
vt 0.281509 0.135774
vt 0.147927 0.198176
vt 0.014259 0.135877
vt 0.071636 0.198452
vt 0.224533 0.135964
vt 0.071793 0.135811
vt 0.224426 0.198403
vt 0.071646 0.135795
vt 0.224379 0.135745
vt 0.147980 0.014061
vt 0.280321 0.090321
vt 0.147946 0.319437
vt 0.148085 0.198527
vt 0.281640 0.135730
vt 0.148128 0.014690
vt 0.015122 0.090518
vt 0.015555 0.243428
vt 0.014248 0.197959
vt 0.147900 0.135605
vt 0.014288 0.135969
vt 0.281640 0.198270
vt 0.148099 0.135251
vt 0.281509 0.135774
vt 0.148049 0.198158
vt 0.014384 0.135847
vt 0.071988 0.198520
vt 0.224276 0.135914
vt 0.071590 0.135851
vt 0.224077 0.198471
vt 0.071646 0.135795
vt 0.224379 0.135745
vt 0.148123 0.014148
vt 0.280321 0.090321
vt 0.147907 0.319309
vt 0.148041 0.198485
vt 0.281640 0.135729
vt 0.148025 0.014599
vt 0.015264 0.090517
vt 0.015471 0.243369
vt 0.370827 0.012848
vt 0.345848 0.150689
vt 0.350911 0.148548
vt 0.347140 0.012848
vt 0.347140 0.184604
vt 0.345000 0.179540
vt 0.404505 0.320915
vt 0.428430 0.150689
vt 0.423366 0.148548
vt 0.428192 0.013085
vt 0.427137 0.184604
vt 0.399679 0.322000
vt 0.427137 0.321152
vt 0.370827 0.321152
vt 0.427137 0.012848
vt 0.370827 0.012848
vt 0.423366 0.012000
vt 0.095591 0.987481
vt 0.012503 0.678519
vt 0.095587 0.678400
vt 0.057631 0.987481
vt 0.050462 0.678519
vt 0.057627 0.678441
vt 0.012372 0.836572
vt 0.095721 0.829428
vt 0.095578 0.836714
vt 0.050462 0.987481
vt 0.057626 0.678441
vt 0.050466 0.678441
vt 0.012503 0.987481
vt 0.095591 0.678519
vt 0.012418 0.678479
vt 0.095721 0.836572
vt 0.012372 0.829428
vt 0.012440 0.836572
vt 0.321181 0.470373
vt 0.012819 0.346008
vt 0.174691 0.469370
vt 0.159309 0.347012
vt 0.174366 0.346026
vt 0.013029 0.415300
vt 0.320971 0.401082
vt 0.320131 0.415645
vt 0.159309 0.469370
vt 0.174691 0.347012
vt 0.159635 0.346026
vt 0.012819 0.470373
vt 0.321181 0.346008
vt 0.013667 0.346157
vt 0.320971 0.415300
vt 0.013029 0.401082
vt 0.013869 0.415645
vt 0.056189 0.320995
vt 0.015869 0.013696
vt 0.058191 0.013733
vt 0.057151 0.320077
vt 0.013851 0.013475
vt 0.057144 0.013697
vt 0.057994 0.189447
vt 0.013782 0.145271
vt 0.058104 0.146795
vt 0.014998 0.320429
vt 0.058504 0.014145
vt 0.013413 0.319600
vt 0.013593 0.014154
vt 0.057969 0.189370
vt 0.014046 0.146877
vt 0.013981 0.189152
vt 0.014565 0.198440
vt 0.147796 0.135654
vt 0.014394 0.135869
vt 0.281776 0.198114
vt 0.148110 0.135309
vt 0.281696 0.136024
vt 0.147847 0.198567
vt 0.014259 0.135877
vt 0.071791 0.198165
vt 0.224529 0.135886
vt 0.071793 0.135810
vt 0.224426 0.198403
vt 0.071521 0.136041
vt 0.224222 0.135454
vt 0.148162 0.319678
vt 0.015739 0.090777
vt 0.280192 0.090643
vt 0.148207 0.198281
vt 0.281622 0.135492
vt 0.280201 0.243314
vt 0.148033 0.014379
vt 0.015820 0.243278
vt 0.014260 0.198123
vt 0.147926 0.135824
vt 0.014580 0.135511
vt 0.281640 0.198271
vt 0.148085 0.135473
vt 0.281491 0.135560
vt 0.147900 0.198395
vt 0.014318 0.136025
vt 0.071782 0.198086
vt 0.224422 0.135549
vt 0.071469 0.136063
vt 0.224398 0.198208
vt 0.071632 0.135597
vt 0.224379 0.135745
vt 0.147893 0.014177
vt 0.280321 0.090320
vt 0.148033 0.319402
vt 0.148107 0.198749
vt 0.281640 0.135730
vt 0.147946 0.014564
vt 0.015349 0.090280
vt 0.015606 0.243450
vt 0.014336 0.198385
vt 0.148049 0.135843
vt 0.014416 0.135551
vt 0.281640 0.198271
vt 0.148041 0.135515
vt 0.281654 0.135599
vt 0.147900 0.198395
vt 0.014248 0.136041
vt 0.071783 0.198086
vt 0.224070 0.135480
vt 0.071666 0.136025
vt 0.224412 0.198205
vt 0.071981 0.135529
vt 0.224379 0.135745
vt 0.147893 0.014177
vt 0.280321 0.090321
vt 0.148212 0.319418
vt 0.148218 0.198541
vt 0.281640 0.135729
vt 0.147907 0.014691
vt 0.015246 0.090278
vt 0.015498 0.243346
vt 0.590881 0.842287
vt 0.409119 0.823713
vt 0.590881 0.823713
vt 0.651247 0.842287
vt 0.348753 0.823713
vt 0.651247 0.820988
vt 0.409119 0.984247
vt 0.590881 0.681753
vt 0.593606 0.984247
vt 0.348753 0.842287
vt 0.651247 0.823713
vt 0.348753 0.820988
vt 0.409119 0.842287
vt 0.409119 0.681753
vt 0.406568 0.678573
vt 0.405366 0.681753
vt 0.345689 0.845351
vt 0.348753 0.846040
vt 0.590881 0.984247
vt 0.593432 0.987427
vt 0.594634 0.984247
vt 0.654311 0.845351
vt 0.651247 0.846040
vt 0.405940 0.986798
vt 0.409119 0.987263
vt 0.653923 0.821091
vt 0.406104 0.842287
vt 0.406443 0.821091
vt 0.345000 0.842287
vt 0.345538 0.821319
vt 0.653641 0.845502
vt 0.405366 0.842287
vt 0.409119 0.819960
vt 0.593557 0.821091
vt 0.406351 0.986830
vt 0.593275 0.845502
vt 0.406480 0.845447
vt 0.655000 0.842287
vt 0.594060 0.679202
vt 0.590881 0.678737
vt 0.346077 0.821091
vt 0.346359 0.845502
vt 0.594634 0.842287
vt 0.590881 0.819960
vt 0.406394 0.681753
vt 0.593650 0.679170
vt 0.406725 0.845502
vt 0.593520 0.845447
vt 0.589281 0.172561
vt 0.410342 0.162671
vt 0.588754 0.161539
vt 0.654217 0.172561
vt 0.345994 0.161266
vt 0.410329 0.319959
vt 0.589671 0.014041
vt 0.588024 0.321599
vt 0.345783 0.172561
vt 0.652959 0.161023
vt 0.345401 0.162671
vt 0.410719 0.172561
vt 0.589658 0.162671
vt 0.410587 0.161378
vt 0.410247 0.012654
vt 0.411976 0.012401
vt 0.654723 0.161438
vt 0.652959 0.172811
vt 0.654707 0.172631
vt 0.589459 0.160953
vt 0.410589 0.321688
vt 0.588024 0.173036
vt 0.589772 0.172631
vt 0.589325 0.321173
vt 0.589772 0.012739
vt 0.588024 0.012401
vt 0.589753 0.321346
vt 0.345000 0.162671
vt 0.347041 0.172811
vt 0.345293 0.172631
vt 0.410541 0.160953
vt 0.589411 0.012312
vt 0.410675 0.012827
vt 0.410495 0.319959
vt 0.586426 0.168660
vt 0.413574 0.165340
vt 0.586336 0.165073
vt 0.654793 0.168928
vt 0.345207 0.165072
vt 0.654553 0.165115
vt 0.413665 0.321488
vt 0.586335 0.012512
vt 0.586276 0.321749
vt 0.345207 0.168928
vt 0.654793 0.165072
vt 0.345447 0.165115
vt 0.413574 0.168660
vt 0.586426 0.165340
vt 0.413664 0.165073
vt 0.586335 0.321488
vt 0.413665 0.012512
vt 0.413724 0.321749
vt 0.875484 0.252323
vt 0.905000 0.229097
vt 0.875484 0.205871
vt 0.852855 0.229097
vt 0.864661 0.229190
vt 0.864661 0.229004
vt 0.844000 0.229128
vt 0.875484 0.229190
vt 0.875484 0.229004
vt 0.193795 0.683806
vt 0.140390 0.730289
vt 0.140096 0.683806
vt 0.012700 0.683806
vt 0.317817 0.715924
vt 0.317814 0.680847
vt 0.012860 0.683806
vt 0.317817 0.716465
vt 0.016182 0.730876
vt 0.140885 0.715371
vt 0.190657 0.680430
vt 0.140555 0.681074
vt 0.317819 0.678852
vt 0.014806 0.679697
vt 0.013535 0.679334
vt 0.321347 0.715722
vt 0.321539 0.680533
vt 0.320662 0.681156
vt 0.013245 0.680285
vt 0.193517 0.715447
vt 0.194271 0.681280
vt 0.193325 0.680224
vt 0.140675 0.680224
vt 0.320851 0.729496
vt 0.193287 0.730937
vt 0.143343 0.732262
vt 0.317819 0.732761
vt 0.321397 0.679505
vt 0.013520 0.731983
vt 0.405767 0.980004
vt 0.352996 0.685996
vt 0.405767 0.685996
vt 0.398228 0.980004
vt 0.360535 0.685996
vt 0.404653 0.685996
vt 0.352996 0.851847
vt 0.405767 0.814153
vt 0.405767 0.858271
vt 0.360535 0.980004
vt 0.398228 0.685996
vt 0.354110 0.685996
vt 0.352996 0.980004
vt 0.352996 0.814153
vt 0.346221 0.857281
vt 0.352996 0.858271
vt 0.355434 0.679146
vt 0.403930 0.680410
vt 0.345000 0.685996
vt 0.346221 0.808719
vt 0.352996 0.807729
vt 0.403329 0.986854
vt 0.354833 0.985590
vt 0.345000 0.980004
vt 0.411665 0.857349
vt 0.405767 0.851847
vt 0.352996 0.678000
vt 0.411389 0.679264
vt 0.347097 0.857349
vt 0.405767 0.988000
vt 0.347374 0.986736
vt 0.403930 0.985590
vt 0.413763 0.685996
vt 0.412616 0.985105
vt 0.412541 0.808719
vt 0.405767 0.807729
vt 0.403329 0.679146
vt 0.354833 0.680410
vt 0.412541 0.857282
vt 0.355434 0.986854
vt 0.413763 0.980004
vt 0.347097 0.808651
vt 0.405767 0.678000
vt 0.347374 0.679264
vt 0.411665 0.808651
vt 0.352996 0.988000
vt 0.411389 0.986736
vt 0.073494 0.654409
vt 0.012401 0.345595
vt 0.073108 0.345665
vt 0.047118 0.654409
vt 0.038614 0.346156
vt 0.047221 0.345579
vt 0.012424 0.504070
vt 0.073642 0.495930
vt 0.073479 0.504232
vt 0.038949 0.654409
vt 0.047452 0.346156
vt 0.038846 0.345580
vt 0.012573 0.654409
vt 0.073665 0.345595
vt 0.012958 0.345665
vt 0.073525 0.504052
vt 0.012541 0.495948
vt 0.013074 0.504283
vt 0.411212 0.680928
vt 0.404653 0.685996
vt 0.411054 0.856888
vt 0.354110 0.685996
vt 0.353624 0.681166
vt 0.360535 0.678000
vt 0.355434 0.679146
vt 0.403930 0.680410
vt 0.346221 0.808719
vt 0.403329 0.986854
vt 0.354833 0.985590
vt 0.411353 0.857549
vt 0.410867 0.679146
vt 0.347097 0.857349
vt 0.410867 0.986854
vt 0.406224 0.980004
vt 0.403663 0.679221
vt 0.355100 0.986779
vt 0.403033 0.986920
vt 0.411572 0.814153
vt 0.411353 0.808451
vt 0.410867 0.986854
vt 0.073494 0.654409
vt 0.073108 0.345665
vt 0.047118 0.654409
vt 0.038614 0.346156
vt 0.047265 0.345589
vt 0.012424 0.504070
vt 0.073642 0.495930
vt 0.038949 0.654409
vt 0.047452 0.346156
vt 0.038846 0.345579
vt 0.012573 0.654409
vt 0.073595 0.345579
vt 0.012958 0.345665
vt 0.073475 0.504085
vt 0.012541 0.495948
vt 0.013074 0.504283
vt 0.140390 0.730289
vt 0.143343 0.680309
vt 0.013662 0.679932
vt 0.317817 0.715924
vt 0.317814 0.680847
vt 0.012860 0.683806
vt 0.317817 0.716465
vt 0.016182 0.730876
vt 0.140885 0.715371
vt 0.190657 0.680430
vt 0.140555 0.681074
vt 0.317819 0.678852
vt 0.014806 0.679697
vt 0.013149 0.682182
vt 0.139815 0.680895
vt 0.321347 0.715722
vt 0.321539 0.680533
vt 0.320662 0.681156
vt 0.013245 0.680285
vt 0.193517 0.715447
vt 0.193287 0.730937
vt 0.317819 0.732761
vt 0.321397 0.679505
vt 0.013520 0.731983
vt 0.404653 0.685996
vt 0.352996 0.858271
vt 0.355434 0.679146
vt 0.403930 0.680410
vt 0.346221 0.808719
vt 0.354833 0.985590
vt 0.347097 0.857349
vt 0.403930 0.985590
vt 0.412616 0.985105
vt 0.412541 0.808719
vt 0.403329 0.679146
vt 0.412541 0.857281
vt 0.347097 0.808651
vt 0.347374 0.679264
vt 0.411665 0.808651
vt 0.411389 0.986736
vt 0.073494 0.654409
vt 0.073108 0.345665
vt 0.047118 0.654409
vt 0.038614 0.346156
vt 0.047221 0.345580
vt 0.012424 0.504070
vt 0.038949 0.654409
vt 0.047452 0.346156
vt 0.038846 0.345579
vt 0.012573 0.654409
vt 0.012958 0.345665
vt 0.073525 0.504052
vt 0.012541 0.495948
vt 0.013074 0.504283
vt 0.411212 0.680928
vt 0.411054 0.856888
vt 0.353624 0.681166
vt 0.354833 0.985590
vt 0.411353 0.857549
vt 0.410867 0.679146
vt 0.403663 0.679221
vt 0.355100 0.986779
vt 0.403033 0.986920
vt 0.411353 0.808451
vt 0.012401 0.345595
vt 0.073108 0.345665
vt 0.047118 0.654409
vt 0.038614 0.346156
vt 0.047265 0.345589
vt 0.012424 0.504070
vt 0.073479 0.504232
vt 0.047452 0.346156
vt 0.038846 0.345579
vt 0.012573 0.654409
vt 0.073595 0.345579
vt 0.012958 0.345665
vt 0.073475 0.504085
vt 0.012541 0.495948
vt 0.013074 0.504283
vt 0.629117 0.320196
vt 0.345908 0.016551
vt 0.627941 0.014027
vt 0.500391 0.320196
vt 0.474452 0.015525
vt 0.501243 0.016551
vt 0.345877 0.176654
vt 0.629987 0.157346
vt 0.629074 0.179908
vt 0.475473 0.320196
vt 0.500588 0.013769
vt 0.474621 0.016551
vt 0.346747 0.320196
vt 0.629956 0.016551
vt 0.346427 0.013796
vt 0.497586 0.320753
vt 0.501485 0.320352
vt 0.629216 0.012653
vt 0.346458 0.180510
vt 0.478277 0.320753
vt 0.474379 0.320352
vt 0.346351 0.012719
vt 0.346790 0.154092
vt 0.629406 0.153490
vt 0.629060 0.179459
vt 0.346650 0.154639
vt 0.346542 0.179524
vt 0.295241 0.321509
vt 0.012391 0.012481
vt 0.294920 0.012552
vt 0.157250 0.321509
vt 0.150188 0.012960
vt 0.157246 0.012418
vt 0.012352 0.170380
vt 0.295364 0.163620
vt 0.295229 0.170514
vt 0.150466 0.321509
vt 0.157304 0.012482
vt 0.150344 0.012489
vt 0.012476 0.321509
vt 0.295241 0.012491
vt 0.012388 0.012489
vt 0.295364 0.170380
vt 0.012491 0.163608
vt 0.012420 0.170410
vt 0.496250 0.507500
vt 0.253750 0.992500
vt 0.253750 0.507500
vt 0.447322 0.885712
vt 0.551811 0.780187
vt 0.392122 0.780548
vt 0.552731 0.885467
vt 0.447769 0.780275
vt 0.607556 0.780467
vt 0.448146 0.885952
vt 0.552705 0.780331
vt 0.552030 0.885794
vt 0.447231 0.780339
vt 0.369516 0.780148
vt 0.553070 0.702342
vt 0.630559 0.885786
vt 0.369393 0.885703
vt 0.630479 0.780132
vt 0.446903 0.702400
vt 0.552343 0.885564
vt 0.392369 0.780753
vt 0.554111 0.780230
vt 0.552935 0.885565
vt 0.445814 0.780219
vt 0.555049 0.780427
vt 0.448048 0.885902
vt 0.607942 0.780832
vt 0.369589 0.779916
vt 0.553165 0.702496
vt 0.630507 0.886131
vt 0.447057 0.885597
vt 0.444935 0.780431
vt 0.370431 0.777799
vt 0.629667 0.887982
vt 0.555145 0.703347
vt 0.447070 0.885680
vt 0.551895 0.780172
vt 0.392446 0.780467
vt 0.552837 0.885649
vt 0.447788 0.780255
vt 0.608199 0.780629
vt 0.448104 0.885801
vt 0.552687 0.780353
vt 0.552230 0.885725
vt 0.447402 0.780326
vt 0.446848 0.963474
vt 0.369370 0.780134
vt 0.553062 0.702535
vt 0.447049 0.702491
vt 0.369321 0.885779
vt 0.552870 0.963479
vt 0.444934 0.885569
vt 0.392059 0.780832
vt 0.554207 0.780242
vt 0.445759 0.885715
vt 0.445596 0.780291
vt 0.555108 0.780387
vt 0.555067 0.885569
vt 0.607632 0.780754
vt 0.555064 0.962632
vt 0.370252 0.888053
vt 0.445078 0.703237
vt 0.554237 0.885776
vt 0.444969 0.780405
vt 0.555067 0.703443
vt 0.370316 0.777828
vt 0.444868 0.962518
vt 0.629117 0.320196
vt 0.629437 0.013796
vt 0.500391 0.320196
vt 0.475276 0.013769
vt 0.345877 0.176654
vt 0.629987 0.157346
vt 0.629074 0.179908
vt 0.475473 0.320196
vt 0.501412 0.015525
vt 0.346747 0.320196
vt 0.347922 0.014027
vt 0.629513 0.012719
vt 0.474379 0.320352
vt 0.346648 0.012653
vt 0.346790 0.154092
vt 0.629214 0.179361
vt 0.346804 0.154541
vt 0.348275 0.180065
vt 0.012391 0.012481
vt 0.294920 0.012552
vt 0.157250 0.321509
vt 0.150188 0.012960
vt 0.157246 0.012418
vt 0.012352 0.170380
vt 0.295364 0.163620
vt 0.295229 0.170514
vt 0.150466 0.321509
vt 0.157245 0.012417
vt 0.150344 0.012489
vt 0.012476 0.321509
vt 0.295241 0.012491
vt 0.012395 0.012454
vt 0.295364 0.170380
vt 0.012491 0.163608
vt 0.012417 0.170380
vt 0.552761 0.885653
vt 0.447969 0.780234
vt 0.608199 0.780630
vt 0.448106 0.885828
vt 0.499883 0.779889
vt 0.608210 0.780742
vt 0.553969 0.885882
vt 0.447403 0.780299
vt 0.606551 0.780607
vt 0.369521 0.780132
vt 0.553046 0.702349
vt 0.651764 0.832809
vt 0.445101 0.780413
vt 0.348137 0.832999
vt 0.630603 0.780242
vt 0.447219 0.702289
vt 0.607577 0.885419
vt 0.447969 0.780361
vt 0.607919 0.780651
vt 0.445871 0.885748
vt 0.500039 0.779910
vt 0.500117 0.886112
vt 0.607631 0.780754
vt 0.606551 0.885394
vt 0.447293 0.780422
vt 0.606412 0.780385
vt 0.348137 0.833001
vt 0.444855 0.703347
vt 0.629688 0.778123
vt 0.446978 0.885587
vt 0.444875 0.780418
vt 0.348241 0.833145
vt 0.630361 0.779817
vt 0.446958 0.702360
vt 0.447070 0.885681
vt 0.552248 0.780209
vt 0.392122 0.780549
vt 0.552838 0.885649
vt 0.447844 0.780241
vt 0.608083 0.780882
vt 0.448016 0.885774
vt 0.552789 0.780371
vt 0.551946 0.885779
vt 0.447239 0.780347
vt 0.446848 0.963473
vt 0.369245 0.780248
vt 0.552951 0.702491
vt 0.446938 0.702535
vt 0.369290 0.885781
vt 0.553152 0.963474
vt 0.552093 0.885843
vt 0.391789 0.780742
vt 0.554271 0.780287
vt 0.445675 0.885746
vt 0.445869 0.780253
vt 0.554803 0.780424
vt 0.555142 0.885580
vt 0.608167 0.780889
vt 0.499850 0.984872
vt 0.370200 0.888125
vt 0.444893 0.703336
vt 0.500065 0.885825
vt 0.445080 0.780339
vt 0.554847 0.703235
vt 0.370347 0.777854
vt 0.444936 0.962632
vt 0.982195 0.791131
vt 0.684255 0.690238
vt 0.979190 0.688940
vt 0.887493 0.784023
vt 0.778506 0.692252
vt 0.885186 0.685268
vt 0.684255 0.786037
vt 0.980708 0.687771
vt 0.979189 0.787335
vt 0.778506 0.784023
vt 0.887494 0.692252
vt 0.780814 0.685268
vt 0.982195 0.685145
vt 0.689813 0.686195
vt 0.980709 0.788504
vt 0.691240 0.790953
vt 0.684255 0.690238
vt 0.684255 0.786037
vt 0.778506 0.784024
vt 0.887494 0.692252
vt 0.780814 0.685268
vt 0.689814 0.686195
vt 0.691240 0.790953
vt 0.982195 0.791131
vt 0.979190 0.688940
vt 0.778506 0.692252
vt 0.980709 0.687771
vt 0.979189 0.787335
vt 0.887494 0.692252
vt 0.982195 0.685145
vt 0.980709 0.788504
vt 0.691240 0.790953
vt 0.982195 0.791131
vt 0.684255 0.690238
vt 0.979190 0.688940
vt 0.887493 0.784023
vt 0.778506 0.692252
vt 0.885186 0.685268
vt 0.684255 0.786038
vt 0.980709 0.687771
vt 0.979190 0.787336
vt 0.778507 0.784023
vt 0.887493 0.692252
vt 0.780814 0.685268
vt 0.982195 0.685145
vt 0.689814 0.686195
vt 0.980708 0.788504
vt 0.691240 0.790952
vt 0.684255 0.690238
vt 0.684255 0.786038
vt 0.778507 0.784023
vt 0.780814 0.685268
vt 0.689814 0.686195
vt 0.691240 0.790953
vt 0.982195 0.791131
vt 0.979190 0.688940
vt 0.887493 0.784024
vt 0.778506 0.692252
vt 0.979190 0.787336
vt 0.980708 0.788504
vt 0.653554 0.107317
vt 0.346446 0.013494
vt 0.653543 0.013152
vt 0.510317 0.107317
vt 0.489683 0.013494
vt 0.507995 0.013032
vt 0.345726 0.068400
vt 0.654274 0.052411
vt 0.653518 0.071094
vt 0.489683 0.107317
vt 0.510317 0.013494
vt 0.492005 0.013032
vt 0.346446 0.107317
vt 0.653554 0.013494
vt 0.346457 0.013152
vt 0.488777 0.013365
vt 0.507995 0.107778
vt 0.511223 0.107446
vt 0.346482 0.071094
vt 0.653793 0.071593
vt 0.654274 0.068400
vt 0.346207 0.071593
vt 0.492005 0.107778
vt 0.488777 0.107446
vt 0.653518 0.049717
vt 0.346207 0.049218
vt 0.345726 0.052411
vt 0.346482 0.049717
vt 0.653793 0.049218
vt 0.654729 0.755673
vt 0.345271 0.678280
vt 0.654727 0.678216
vt 0.502093 0.755406
vt 0.498065 0.678280
vt 0.501933 0.678238
vt 0.345256 0.718896
vt 0.654799 0.715049
vt 0.654491 0.719006
vt 0.498068 0.755715
vt 0.501935 0.678280
vt 0.498067 0.678238
vt 0.345190 0.755671
vt 0.654729 0.678280
vt 0.345273 0.678216
vt 0.654799 0.718905
vt 0.345201 0.715049
vt 0.345278 0.718981
vt 0.710622 0.745509
vt 0.719606 0.682911
vt 0.724839 0.683754
vt 0.733157 0.679897
vt 0.706450 0.744670
vt 0.741793 0.683408
vt 0.719808 0.678000
vt 0.710820 0.740619
vt 0.725041 0.678843
vt 0.707075 0.742644
vt 0.733359 0.678379
vt 0.742438 0.682222
vt 0.696676 0.808287
vt 0.701745 0.742644
vt 0.705388 0.744670
vt 0.701979 0.808468
vt 0.690681 0.808468
vt 0.710101 0.745509
vt 0.701545 0.742645
vt 0.686858 0.808379
vt 0.705561 0.808071
vt 0.714463 0.742645
vt 0.705586 0.739779
vt 0.701742 0.807726
vt 0.679941 0.807590
vt 0.698519 0.739779
vt 0.702170 0.740618
vt 0.687120 0.807941
vt 0.698432 0.897981
vt 0.692857 0.807941
vt 0.702195 0.896606
vt 0.703094 0.896792
vt 0.697989 0.898244
vt 0.681560 0.808071
vt 0.707378 0.899620
vt 0.702096 0.900113
vt 0.696439 0.807544
vt 0.698430 0.899434
vt 0.707015 0.896606
vt 0.740264 0.984940
vt 0.703534 0.897981
vt 0.707476 0.896113
vt 0.715108 0.984471
vt 0.739726 0.984255
vt 0.706832 0.896113
vt 0.730744 0.986786
vt 0.694509 0.899620
vt 0.715012 0.988000
vt 0.730807 0.987693
vt 0.694691 0.900113
vt 0.051402 0.085971
vt 0.017170 0.016127
vt 0.012147 0.017631
vt 0.017452 0.013866
vt 0.049523 0.085565
vt 0.012000 0.016807
vt 0.023329 0.012000
vt 0.055027 0.082616
vt 0.059356 0.082614
vt 0.023476 0.012825
vt 0.079414 0.156546
vt 0.042643 0.085565
vt 0.035921 0.156975
vt 0.072714 0.156913
vt 0.060860 0.080776
vt 0.079414 0.156249
vt 0.036082 0.155920
vt 0.043097 0.080776
vt 0.048130 0.081598
vt 0.046526 0.237612
vt 0.042134 0.156818
vt 0.067126 0.239802
vt 0.039876 0.240795
vt 0.029862 0.156077
vt 0.071435 0.239569
vt 0.084955 0.155982
vt 0.063022 0.237612
vt 0.039195 0.319393
vt 0.055737 0.318839
vt 0.039605 0.238002
vt 0.039810 0.320988
vt 0.061213 0.238002
vt 0.045936 0.322000
vt 0.073204 0.240795
vt 0.044943 0.240203
vt 0.055334 0.321731
vt 0.107104 0.238019
vt 0.167000 0.095577
vt 0.080371 0.095999
vt 0.277674 0.238019
vt 0.226831 0.095577
vt 0.277790 0.096370
vt 0.195974 0.237692
vt 0.167000 0.096614
vt 0.107169 0.095577
vt 0.107169 0.238424
vt 0.056485 0.095448
vt 0.251025 0.237932
vt 0.167000 0.095926
vt 0.253200 0.095510
vt 0.167000 0.237386
vt 0.107250 0.095076
vt 0.107169 0.238424
vt 0.080630 0.095563
vt 0.107113 0.238074
vt 0.167000 0.095577
vt 0.198095 0.238628
vt 0.226887 0.095926
vt 0.277515 0.095448
vt 0.198330 0.238298
vt 0.226887 0.095926
vt 0.300687 0.111287
vt 0.277009 0.270982
vt 0.061709 0.057086
vt 0.226316 0.310201
vt 0.278108 0.267153
vt 0.164207 0.312906
vt 0.310201 0.226316
vt 0.319168 0.163725
vt 0.310201 0.107684
vt 0.251625 0.042132
vt 0.250156 0.039728
vt 0.170278 0.014834
vt 0.107684 0.023799
vt 0.023799 0.226316
vt 0.082039 0.291624
vt 0.019733 0.167176
vt 0.057398 0.276602
vt 0.019084 0.197468
vt 0.110485 0.302992
vt 0.171953 0.015659
vt 0.362641 0.321438
vt 0.356876 0.012566
vt 0.374568 0.012603
vt 0.387926 0.321602
vt 0.374577 0.012549
vt 0.387929 0.012365
vt 0.374445 0.321431
vt 0.353123 0.012542
vt 0.362823 0.321439
vt 0.374474 0.012577
vt 0.356823 0.012567
vt 0.353127 0.321480
vt 0.362644 0.012649
vt 0.349323 0.012388
vt 0.374601 0.321439
vt 0.387926 0.012406
vt 0.380399 0.012570
vt 0.352866 0.182844
vt 0.374394 0.145376
vt 0.388623 0.178574
vt 0.352780 0.151145
vt 0.346959 0.172831
vt 0.362788 0.188682
vt 0.868231 0.321463
vt 0.865760 0.178727
vt 0.868218 0.178492
vt 0.856771 0.178623
vt 0.856585 0.321467
vt 0.848533 0.178520
vt 0.868239 0.321380
vt 0.859702 0.178520
vt 0.868393 0.178567
vt 0.856581 0.321377
vt 0.851187 0.178462
vt 0.848521 0.321382
vt 0.856581 0.178534
vt 0.856782 0.321479
vt 0.868227 0.178570
vt 0.851172 0.321429
vt 0.856586 0.178571
vt 0.874627 0.242739
vt 0.872430 0.269778
vt 0.848798 0.224259
vt 0.862820 0.321433
vt 0.873944 0.263927
vt 0.868247 0.220248
vt 0.844803 0.242795
vt 0.277166 0.196260
vt 0.226576 0.137456
vt 0.250689 0.137239
vt 0.195474 0.196667
vt 0.138544 0.137200
vt 0.081112 0.196667
vt 0.057039 0.137051
vt 0.195455 0.196797
vt 0.138490 0.137244
vt 0.252802 0.137234
vt 0.081197 0.196868
vt 0.081137 0.137195
vt 0.138537 0.196591
vt 0.167000 0.137200
vt 0.250639 0.137083
vt 0.056972 0.196725
vt 0.135942 0.137249
vt 0.056995 0.137200
vt 0.082212 0.042301
vt 0.291732 0.082189
vt 0.275362 0.275362
vt 0.198066 0.196876
vt 0.138853 0.018609
vt 0.042400 0.082086
vt 0.136394 0.314723
vt 0.250782 0.196542
vt 0.226576 0.137456
vt 0.250689 0.137239
vt 0.138544 0.137200
vt 0.135942 0.196542
vt 0.057039 0.137051
vt 0.195455 0.196797
vt 0.138490 0.137244
vt 0.252802 0.137234
vt 0.107502 0.197024
vt 0.081118 0.137311
vt 0.083307 0.196843
vt 0.167000 0.137200
vt 0.198058 0.196542
vt 0.250639 0.137083
vt 0.083266 0.196761
vt 0.135942 0.137321
vt 0.056995 0.137200
vt 0.040691 0.084211
vt 0.275525 0.058475
vt 0.293092 0.249629
vt 0.198066 0.196876
vt 0.138853 0.018609
vt 0.042152 0.081983
vt 0.136394 0.314658
vt 0.349190 0.321684
vt 0.363405 0.012360
vt 0.349215 0.012325
vt 0.363515 0.321683
vt 0.358841 0.012404
vt 0.368448 0.012337
vt 0.354010 0.012287
vt 0.363744 0.321721
vt 0.368488 0.012332
vt 0.363456 0.321729
vt 0.354211 0.012366
vt 0.370434 0.162379
vt 0.347255 0.162121
vt 0.349258 0.176555
vt 0.354142 0.321711
vt 0.363405 0.012360
vt 0.349215 0.012325
vt 0.363516 0.321681
vt 0.358841 0.012404
vt 0.368448 0.012337
vt 0.354010 0.012287
vt 0.354196 0.321723
vt 0.368488 0.012332
vt 0.363458 0.321693
vt 0.354211 0.012366
vt 0.370434 0.162379
vt 0.347255 0.162121
vt 0.349258 0.176555
vt 0.354118 0.321702
vt 0.349176 0.012335
vt 0.363498 0.321697
vt 0.358841 0.012404
vt 0.368448 0.012337
vt 0.354005 0.012285
vt 0.354198 0.321725
vt 0.368467 0.012327
vt 0.363470 0.321699
vt 0.354211 0.012366
vt 0.363511 0.155374
vt 0.370436 0.171715
vt 0.347217 0.162257
vt 0.370434 0.162379
vt 0.347255 0.162115
vt 0.349257 0.176543
vt 0.354116 0.321702
vt 0.349215 0.012325
vt 0.363524 0.321703
vt 0.354200 0.321716
vt 0.363460 0.321717
vt 0.363512 0.155372
vt 0.370436 0.171701
vt 0.347198 0.162277
vt 0.347255 0.162121
vt 0.629517 0.270170
vt 0.370483 0.063830
vt 0.629587 0.063830
vt 0.643152 0.286914
vt 0.356849 0.047086
vt 0.650221 0.063830
vt 0.375271 0.312668
vt 0.624729 0.021332
vt 0.610048 0.317221
vt 0.356848 0.286914
vt 0.643151 0.047086
vt 0.349779 0.063830
vt 0.370483 0.270170
vt 0.629517 0.063830
vt 0.370413 0.063830
vt 0.375271 0.021333
vt 0.369121 0.313195
vt 0.389952 0.317221
vt 0.369121 0.020805
vt 0.389952 0.016779
vt 0.389952 0.039512
vt 0.625561 0.042999
vt 0.610048 0.294488
vt 0.374439 0.291001
vt 0.655000 0.270170
vt 0.624728 0.312667
vt 0.630879 0.020805
vt 0.610048 0.016779
vt 0.630879 0.313195
vt 0.610048 0.039512
vt 0.374439 0.042999
vt 0.389952 0.294488
vt 0.625561 0.291001
vt 0.017749 0.238615
vt 0.149885 0.096768
vt 0.016990 0.097029
vt 0.283191 0.236882
vt 0.150307 0.096760
vt 0.282717 0.097105
vt 0.149886 0.237233
vt 0.017750 0.095385
vt 0.075134 0.237017
vt 0.224744 0.096984
vt 0.075113 0.096588
vt 0.225434 0.236759
vt 0.074446 0.097242
vt 0.224813 0.096979
vt 0.150220 0.016495
vt 0.280699 0.091991
vt 0.150202 0.316724
vt 0.150306 0.237239
vt 0.283191 0.097118
vt 0.150203 0.017276
vt 0.019460 0.242552
vt 0.629517 0.270170
vt 0.370483 0.063830
vt 0.643151 0.286914
vt 0.356848 0.047086
vt 0.650221 0.063830
vt 0.375271 0.312668
vt 0.624729 0.021332
vt 0.356848 0.286914
vt 0.643151 0.047086
vt 0.370483 0.270170
vt 0.629517 0.063830
vt 0.370413 0.063830
vt 0.375271 0.021333
vt 0.369121 0.313195
vt 0.369121 0.020805
vt 0.624729 0.312667
vt 0.630880 0.313195
vt 0.374439 0.042999
vt 0.017403 0.238015
vt 0.149504 0.096140
vt 0.016910 0.097386
vt 0.282929 0.236947
vt 0.149849 0.096476
vt 0.282717 0.097105
vt 0.149799 0.237318
vt 0.017404 0.095986
vt 0.074448 0.236882
vt 0.225383 0.097422
vt 0.075051 0.097105
vt 0.225434 0.236759
vt 0.074446 0.097242
vt 0.225238 0.097062
vt 0.150130 0.016224
vt 0.280421 0.091990
vt 0.149561 0.316668
vt 0.149848 0.237524
vt 0.282929 0.097055
vt 0.149561 0.017332
vt 0.019341 0.242285
vt 0.368223 0.985576
vt 0.350626 0.680424
vt 0.366282 0.678396
vt 0.372668 0.987245
vt 0.345930 0.678961
vt 0.371425 0.678664
vt 0.351104 0.846494
vt 0.367746 0.819506
vt 0.366282 0.846948
vt 0.346181 0.987245
vt 0.372919 0.678961
vt 0.345476 0.680424
vt 0.350626 0.985576
vt 0.367776 0.678961
vt 0.352567 0.678396
vt 0.351104 0.819506
vt 0.350513 0.846648
vt 0.352567 0.846948
vt 0.350491 0.819453
vt 0.352567 0.819052
vt 0.367930 0.847054
vt 0.368240 0.845000
vt 0.367150 0.986920
vt 0.351021 0.987652
vt 0.373850 0.985576
vt 0.368336 0.819352
vt 0.366282 0.819052
vt 0.368359 0.846547
vt 0.351021 0.678348
vt 0.351700 0.986920
vt 0.367829 0.987652
vt 0.016532 0.241507
vt 0.148965 0.089483
vt 0.015748 0.089974
vt 0.282379 0.244715
vt 0.149343 0.089737
vt 0.281865 0.091725
vt 0.149201 0.244104
vt 0.016971 0.092685
vt 0.073833 0.244594
vt 0.224621 0.089884
vt 0.073805 0.089224
vt 0.224536 0.244382
vt 0.073266 0.089823
vt 0.224522 0.089038
vt 0.018647 0.091482
vt 0.149341 0.014844
vt 0.280435 0.091209
vt 0.149141 0.244233
vt 0.282336 0.089101
vt 0.017687 0.242647
vt 0.279718 0.242377
vt 0.016563 0.241317
vt 0.149062 0.089379
vt 0.016123 0.089614
vt 0.282629 0.244276
vt 0.149126 0.088822
vt 0.281964 0.092013
vt 0.149132 0.244554
vt 0.016288 0.092933
vt 0.073813 0.244382
vt 0.225081 0.089724
vt 0.073747 0.089715
vt 0.224635 0.243989
vt 0.073504 0.089689
vt 0.224805 0.089938
vt 0.149397 0.015567
vt 0.280651 0.091476
vt 0.149475 0.317770
vt 0.149485 0.244861
vt 0.282789 0.090002
vt 0.149013 0.016407
vt 0.018031 0.243100
vt 0.016532 0.241506
vt 0.149051 0.088989
vt 0.015748 0.089974
vt 0.282421 0.244326
vt 0.149126 0.088822
vt 0.281964 0.092013
vt 0.149304 0.244579
vt 0.224621 0.089884
vt 0.225050 0.243907
vt 0.073504 0.089690
vt 0.224805 0.089938
vt 0.149601 0.015427
vt 0.280430 0.091476
vt 0.149560 0.317726
vt 0.149570 0.244872
vt 0.282789 0.090002
vt 0.017687 0.242647
vt 0.629587 0.063830
vt 0.374449 0.312144
vt 0.356848 0.286914
vt 0.643152 0.047086
vt 0.370483 0.270170
vt 0.375272 0.021333
vt 0.369121 0.313195
vt 0.389952 0.317221
vt 0.372852 0.290645
vt 0.624729 0.312668
vt 0.610048 0.016779
vt 0.017749 0.238615
vt 0.149885 0.096768
vt 0.016990 0.097029
vt 0.283191 0.236882
vt 0.150122 0.096311
vt 0.282443 0.096191
vt 0.149885 0.237233
vt 0.017750 0.095385
vt 0.075135 0.237017
vt 0.224745 0.096984
vt 0.075113 0.096588
vt 0.225434 0.236759
vt 0.074488 0.097582
vt 0.224814 0.096979
vt 0.150220 0.016495
vt 0.280699 0.091991
vt 0.150202 0.316725
vt 0.150306 0.237239
vt 0.283191 0.097118
vt 0.150112 0.017296
vt 0.019460 0.242552
vt 0.375271 0.312668
vt 0.643152 0.047086
vt 0.375272 0.021333
vt 0.369121 0.313195
vt 0.374439 0.291001
vt 0.374439 0.042999
vt 0.017403 0.238015
vt 0.149799 0.096682
vt 0.017196 0.096979
vt 0.282929 0.236946
vt 0.149849 0.096475
vt 0.282717 0.097105
vt 0.149504 0.237860
vt 0.017404 0.095987
vt 0.074496 0.236577
vt 0.225431 0.097118
vt 0.075051 0.097105
vt 0.225434 0.236759
vt 0.074446 0.097242
vt 0.225238 0.097062
vt 0.149635 0.016237
vt 0.280421 0.091990
vt 0.149561 0.316669
vt 0.149848 0.237524
vt 0.282929 0.097054
vt 0.149561 0.017332
vt 0.019601 0.242735
vt 0.368223 0.985576
vt 0.351073 0.678961
vt 0.367150 0.679080
vt 0.372668 0.987245
vt 0.346181 0.678755
vt 0.351104 0.846494
vt 0.367746 0.819506
vt 0.366282 0.846948
vt 0.372919 0.678961
vt 0.347424 0.678664
vt 0.367776 0.678961
vt 0.352567 0.678396
vt 0.350610 0.821000
vt 0.350513 0.846648
vt 0.352567 0.846948
vt 0.345000 0.985576
vt 0.345348 0.678878
vt 0.352567 0.819052
vt 0.367930 0.847054
vt 0.368240 0.845000
vt 0.351021 0.987652
vt 0.368359 0.819453
vt 0.366282 0.819052
vt 0.368359 0.846547
vt 0.350920 0.818946
vt 0.351700 0.986920
vt 0.016288 0.241067
vt 0.149205 0.089095
vt 0.015748 0.089974
vt 0.282125 0.244776
vt 0.149386 0.089378
vt 0.282133 0.093005
vt 0.149136 0.244133
vt 0.016971 0.092685
vt 0.073833 0.244594
vt 0.224621 0.089884
vt 0.073806 0.089224
vt 0.224537 0.244382
vt 0.073714 0.090012
vt 0.224566 0.089403
vt 0.018647 0.091483
vt 0.149260 0.014695
vt 0.280213 0.091138
vt 0.149217 0.244553
vt 0.282589 0.089516
vt 0.017687 0.242647
vt 0.279895 0.242125
vt 0.016532 0.241507
vt 0.149210 0.089013
vt 0.015749 0.089973
vt 0.282629 0.244276
vt 0.149319 0.089085
vt 0.282022 0.092158
vt 0.149038 0.245011
vt 0.016563 0.092683
vt 0.073306 0.244034
vt 0.224621 0.089883
vt 0.073796 0.089304
vt 0.224635 0.243988
vt 0.073528 0.089685
vt 0.224805 0.089938
vt 0.149168 0.015430
vt 0.280651 0.091476
vt 0.149375 0.317591
vt 0.149390 0.244845
vt 0.282638 0.089966
vt 0.149311 0.016201
vt 0.017687 0.242647
vt 0.016288 0.241067
vt 0.149132 0.089447
vt 0.015960 0.089654
vt 0.282421 0.244325
vt 0.149570 0.089128
vt 0.282022 0.092158
vt 0.149051 0.245011
vt 0.016532 0.092494
vt 0.073729 0.244116
vt 0.224536 0.089618
vt 0.225050 0.243907
vt 0.073528 0.089685
vt 0.224805 0.089938
vt 0.149182 0.015430
vt 0.280430 0.091476
vt 0.149181 0.317743
vt 0.149303 0.245203
vt 0.282638 0.089966
vt 0.149560 0.016275
vt 0.017919 0.242955
vt 0.506102 0.841282
vt 0.493898 0.824718
vt 0.506102 0.822312
vt 0.652123 0.841282
vt 0.347877 0.824718
vt 0.652123 0.822630
vt 0.493898 0.985123
vt 0.506102 0.680877
vt 0.506102 0.987435
vt 0.347877 0.841282
vt 0.652123 0.824718
vt 0.347877 0.822630
vt 0.493898 0.841282
vt 0.506102 0.824718
vt 0.493898 0.822312
vt 0.493898 0.680877
vt 0.491942 0.678439
vt 0.491021 0.680877
vt 0.491942 0.987561
vt 0.491021 0.985123
vt 0.508058 0.678439
vt 0.508979 0.680877
vt 0.506102 0.985123
vt 0.508058 0.987561
vt 0.508979 0.985123
vt 0.491460 0.987079
vt 0.493898 0.987435
vt 0.654175 0.822709
vt 0.493898 0.843688
vt 0.491846 0.822709
vt 0.345825 0.843291
vt 0.345412 0.822883
vt 0.491460 0.678921
vt 0.493898 0.678565
vt 0.652123 0.843370
vt 0.491846 0.843291
vt 0.654588 0.843117
vt 0.508154 0.822709
vt 0.506102 0.843688
vt 0.654175 0.843291
vt 0.508567 0.843117
vt 0.508540 0.678921
vt 0.506102 0.678565
vt 0.345825 0.822709
vt 0.508540 0.987079
vt 0.347877 0.843371
vt 0.508154 0.843291
vt 0.345412 0.843117
vt 0.640779 0.240741
vt 0.359221 0.026221
vt 0.652205 0.026221
vt 0.547514 0.250533
vt 0.452486 0.016429
vt 0.551649 0.026221
vt 0.359221 0.173704
vt 0.640779 0.093259
vt 0.640779 0.185130
vt 0.452486 0.250533
vt 0.547514 0.016429
vt 0.448351 0.026221
vt 0.359221 0.240741
vt 0.640779 0.026221
vt 0.347795 0.026221
vt 0.359221 0.093259
vt 0.347039 0.182776
vt 0.359221 0.185130
vt 0.347795 0.240741
vt 0.345000 0.026221
vt 0.347039 0.084187
vt 0.359221 0.081832
vt 0.345000 0.240741
vt 0.651270 0.183490
vt 0.640779 0.173704
vt 0.359221 0.012000
vt 0.650779 0.014247
vt 0.349286 0.183845
vt 0.640779 0.254962
vt 0.350149 0.252923
vt 0.554443 0.240741
vt 0.652961 0.084187
vt 0.640779 0.081832
vt 0.652961 0.182776
vt 0.655000 0.240741
vt 0.348730 0.083472
vt 0.640779 0.012000
vt 0.349221 0.014247
vt 0.651270 0.083472
vt 0.359221 0.254962
vt 0.650779 0.252715
vt 0.320898 0.896069
vt 0.013102 0.679357
vt 0.320649 0.679068
vt 0.177347 0.894719
vt 0.157437 0.679385
vt 0.176805 0.679357
vt 0.013266 0.797201
vt 0.320616 0.778149
vt 0.319486 0.797741
vt 0.157451 0.896249
vt 0.177347 0.680706
vt 0.157091 0.679380
vt 0.012940 0.896032
vt 0.321060 0.679393
vt 0.014243 0.679556
vt 0.320734 0.797201
vt 0.013385 0.778149
vt 0.014514 0.797741
vt 0.820400 0.290856
vt 0.679601 0.179653
vt 0.820388 0.179275
vt 0.762353 0.289278
vt 0.738582 0.179653
vt 0.761705 0.179619
vt 0.679512 0.246582
vt 0.820815 0.223878
vt 0.818998 0.247227
vt 0.738582 0.290856
vt 0.762353 0.181231
vt 0.738595 0.179406
vt 0.679122 0.290846
vt 0.820878 0.179663
vt 0.680678 0.179858
vt 0.820488 0.246582
vt 0.679185 0.223878
vt 0.681002 0.247227
vt 0.820399 0.290856
vt 0.679601 0.179653
vt 0.820670 0.179527
vt 0.762353 0.289278
vt 0.738600 0.179404
vt 0.761705 0.179619
vt 0.679512 0.246582
vt 0.820815 0.223878
vt 0.818998 0.247227
vt 0.738600 0.291105
vt 0.762352 0.181231
vt 0.738595 0.179406
vt 0.679122 0.290846
vt 0.820878 0.179663
vt 0.820488 0.246582
vt 0.679185 0.223878
vt 0.681001 0.247226
vt 0.820399 0.290856
vt 0.679600 0.179653
vt 0.820670 0.179527
vt 0.762353 0.289278
vt 0.738599 0.179404
vt 0.679512 0.246582
vt 0.820815 0.223878
vt 0.738599 0.291105
vt 0.738595 0.179406
vt 0.679185 0.223878
vt 0.681002 0.247227
vt 0.820684 0.290889
vt 0.679316 0.179620
vt 0.820669 0.179527
vt 0.762353 0.289278
vt 0.738599 0.179404
vt 0.761705 0.179619
vt 0.679512 0.246582
vt 0.820347 0.223837
vt 0.818998 0.247227
vt 0.738600 0.291105
vt 0.762352 0.181231
vt 0.738170 0.179648
vt 0.679122 0.290846
vt 0.680678 0.179858
vt 0.820488 0.246582
vt 0.679653 0.223837
vt 0.681001 0.247226
vt 0.372842 0.143362
vt 0.627158 0.143362
vt 0.654644 0.143362
vt 0.345333 0.134185
vt 0.654667 0.134185
vt 0.655000 0.135666
vt 0.654667 0.144844
vt 0.373067 0.134130
vt 0.627514 0.135666
vt 0.626933 0.134130
vt 0.373067 0.144899
vt 0.372486 0.135666
vt 0.345657 0.012260
vt 0.041000 0.140516
vt 0.012781 0.012272
vt 0.293000 0.140516
vt 0.041180 0.134980
vt 0.292865 0.141436
vt 0.292820 0.134980
vt 0.041135 0.141436
vt 0.321632 0.012401
vt 0.678172 0.802796
vt 0.709628 0.802782
vt 0.678175 0.678127
vt 0.956372 0.802782
vt 0.987828 0.802796
vt 0.987825 0.678127
vt 0.493229 0.691687
vt 0.506771 0.691687
vt 0.493408 0.678220
vt 0.492945 0.691687
vt 0.506532 0.692923
vt 0.507055 0.679443
vt 0.506532 0.678207
vt 0.493408 0.692909
vt 0.492945 0.679443
vt 0.012066 0.017818
vt 0.166528 0.017811
vt 0.012067 0.014453
vt 0.167457 0.017817
vt 0.058923 0.226758
vt 0.275083 0.226609
vt 0.274816 0.275297
vt 0.059202 0.274864
vt 0.166803 0.320164
vt 0.014184 0.166831
vt 0.059184 0.058703
vt 0.166948 0.320293
vt 0.274819 0.274819
vt 0.320292 0.166817
vt 0.166853 0.013792
vt 0.013745 0.167151
vt 0.059129 0.227013
vt 0.275083 0.226609
vt 0.275041 0.275109
vt 0.059202 0.274863
vt 0.167147 0.320134
vt 0.014183 0.166831
vt 0.059184 0.058703
vt 0.166999 0.320229
vt 0.274798 0.274863
vt 0.320255 0.167151
vt 0.166854 0.013792
vt 0.013761 0.166822
vt 0.059129 0.227013
vt 0.274895 0.226796
vt 0.274961 0.275163
vt 0.058971 0.274636
vt 0.166804 0.320164
vt 0.014160 0.167049
vt 0.059061 0.058822
vt 0.167146 0.320208
vt 0.274591 0.275051
vt 0.320229 0.167001
vt 0.166854 0.013792
vt 0.013771 0.166998
vt 0.493229 0.691687
vt 0.506771 0.691687
vt 0.493468 0.678207
vt 0.506592 0.692909
vt 0.506592 0.678220
vt 0.493468 0.692923
vt 0.012109 0.017794
vt 0.166532 0.017811
vt 0.012122 0.014447
vt 0.167472 0.017811
vt 0.059138 0.227075
vt 0.274868 0.227038
vt 0.275349 0.275351
vt 0.166862 0.319757
vt 0.058951 0.275050
vt 0.059135 0.058873
vt 0.166948 0.013707
vt 0.167196 0.320164
vt 0.274798 0.274864
vt 0.320239 0.167179
vt 0.166803 0.013836
vt 0.013761 0.167179
vt 0.058915 0.226554
vt 0.275076 0.226792
vt 0.275349 0.275351
vt 0.166862 0.319756
vt 0.059184 0.275297
vt 0.014183 0.167169
vt 0.166999 0.013771
vt 0.167147 0.320208
vt 0.274819 0.274820
vt 0.320255 0.166849
vt 0.167147 0.013866
vt 0.013761 0.167179
vt 0.058927 0.226836
vt 0.275076 0.226792
vt 0.275261 0.275475
vt 0.166862 0.319757
vt 0.059184 0.275297
vt 0.059039 0.058837
vt 0.167146 0.013792
vt 0.167147 0.320208
vt 0.274819 0.274820
vt 0.320270 0.166693
vt 0.166804 0.013836
vt 0.013707 0.166949
vt 0.345338 0.840299
vt 0.654662 0.840299
vt 0.345623 0.824227
vt 0.345000 0.840299
vt 0.654377 0.841773
vt 0.655000 0.825701
vt 0.654449 0.824243
vt 0.345551 0.841757
vt 0.345000 0.825701
vt 0.079489 0.842582
vt 0.013071 0.842300
vt 0.079512 0.678970
vt 0.320684 0.842475
vt 0.254511 0.842582
vt 0.254488 0.678970
vt 0.079489 0.842582
vt 0.013071 0.842300
vt 0.079512 0.678970
vt 0.320684 0.842475
vt 0.254511 0.842582
vt 0.254488 0.678970
vt 0.345338 0.840299
vt 0.654662 0.840299
vt 0.345551 0.824243
vt 0.654449 0.841757
vt 0.654377 0.824227
vt 0.345623 0.841773
vt 0.079489 0.842582
vt 0.013316 0.842475
vt 0.079512 0.678970
vt 0.320929 0.842300
vt 0.254511 0.842582
vt 0.254682 0.679338
vt 0.079489 0.842582
vt 0.013316 0.842475
vt 0.079512 0.678970
vt 0.254511 0.842582
vt 0.253378 0.678853
vt 0.655000 0.072074
vt 0.345000 0.072074
vt 0.354721 0.318151
vt 0.645278 0.318151
vt 0.645278 0.015849
vt 0.347612 0.855680
vt 0.350972 0.680081
vt 0.652636 0.855625
vt 0.649028 0.680081
vt 0.891718 0.974758
vt 0.680571 0.833000
vt 0.691242 0.774282
vt 0.774282 0.691242
vt 0.833000 0.681000
vt 0.891811 0.691017
vt 0.941089 0.724912
vt 0.974758 0.774282
vt 0.974983 0.891811
vt 0.773684 0.976201
vt 0.828265 0.985072
vt 0.724503 0.941497
vt 0.941300 0.941300
vt 0.986438 0.833000
vt 0.973430 0.774832
vt 0.941300 0.724700
vt 0.833000 0.680439
vt 0.774617 0.692052
vt 0.724700 0.724700
vt 0.679562 0.833000
vt 0.691913 0.891440
vt 0.015391 0.230645
vt 0.224448 0.230563
vt 0.072589 0.230591
vt 0.280915 0.243599
vt 0.016207 0.243128
vt 0.016960 0.090651
vt 0.281941 0.230319
vt 0.148777 0.319243
vt 0.280437 0.242875
vt 0.281002 0.090669
vt 0.645278 0.015849
vt 0.354721 0.015849
vt 0.348210 0.856106
vt 0.347812 0.681067
vt 0.652636 0.855625
vt 0.649028 0.680080
vt 0.833000 0.985972
vt 0.774282 0.974758
vt 0.725030 0.940970
vt 0.691242 0.891718
vt 0.680571 0.833000
vt 0.691017 0.774189
vt 0.725307 0.725307
vt 0.774282 0.691242
vt 0.833000 0.680289
vt 0.891718 0.691242
vt 0.940970 0.725030
vt 0.974983 0.774189
vt 0.988000 0.833000
vt 0.986682 0.833000
vt 0.973430 0.774832
vt 0.833000 0.680087
vt 0.774767 0.692412
vt 0.724331 0.724331
vt 0.692570 0.891168
vt 0.724700 0.941300
vt 0.015204 0.230379
vt 0.224449 0.230563
vt 0.072589 0.230591
vt 0.281002 0.243331
vt 0.016207 0.243128
vt 0.016790 0.090945
vt 0.282122 0.230275
vt 0.148777 0.319244
vt 0.280899 0.090494
vt 0.649724 0.261926
vt 0.354722 0.318151
vt 0.645278 0.318151
vt 0.354722 0.015849
vt 0.347364 0.855625
vt 0.651790 0.856106
vt 0.891718 0.974758
vt 0.833000 0.985711
vt 0.774282 0.974758
vt 0.725030 0.940970
vt 0.691017 0.891811
vt 0.833000 0.680028
vt 0.891718 0.691242
vt 0.940970 0.725030
vt 0.974758 0.774282
vt 0.974983 0.891811
vt 0.678000 0.833000
vt 0.774668 0.973826
vt 0.833000 0.985913
vt 0.891233 0.973588
vt 0.941669 0.941669
vt 0.986438 0.833000
vt 0.973430 0.774832
vt 0.941300 0.724700
vt 0.724700 0.724700
vt 0.679318 0.833000
vt 0.692570 0.891168
vt 0.724700 0.941300
vt 0.015204 0.230379
vt 0.224722 0.230510
vt 0.072866 0.230645
vt 0.281002 0.243331
vt 0.016398 0.243130
vt 0.016791 0.090945
vt 0.282123 0.230275
vt 0.148835 0.319066
vt 0.280619 0.242875
vt 0.280804 0.090363
vt 0.354722 0.318151
vt 0.645279 0.015849
vt 0.354722 0.015849
vt 0.347364 0.855625
vt 0.348264 0.680366
vt 0.652388 0.855680
vt 0.652188 0.681067
vt 0.833000 0.985000
vt 0.774189 0.974983
vt 0.724912 0.941089
vt 0.691242 0.891718
vt 0.680571 0.833000
vt 0.691017 0.774189
vt 0.774282 0.691242
vt 0.974758 0.891718
vt 0.892316 0.689799
vt 0.941497 0.724503
vt 0.774668 0.973826
vt 0.833000 0.985561
vt 0.891383 0.973948
vt 0.941300 0.941300
vt 0.974087 0.774560
vt 0.679562 0.833000
vt 0.015389 0.230424
vt 0.224722 0.230510
vt 0.072866 0.230645
vt 0.280804 0.243637
vt 0.016398 0.243130
vt 0.016868 0.090694
vt 0.281936 0.230563
vt 0.148647 0.319179
vt 0.280619 0.242875
vt 0.280804 0.090363
vt 0.345444 0.319738
vt 0.462730 0.319738
vt 0.345766 0.160776
vt 0.475961 0.319738
vt 0.345324 0.012819
vt 0.591430 0.174060
vt 0.593340 0.173362
vt 0.593367 0.012819
vt 0.012500 0.987604
vt 0.046810 0.987564
vt 0.012509 0.829330
vt 0.053886 0.987564
vt 0.088196 0.987605
vt 0.088261 0.829470
vt 0.593247 0.319738
vt 0.345415 0.321585
vt 0.463105 0.012324
vt 0.462286 0.319738
vt 0.475681 0.321654
vt 0.476099 0.012895
vt 0.345819 0.173736
vt 0.476081 0.012819
vt 0.593367 0.012819
vt 0.012500 0.987605
vt 0.012509 0.829330
vt 0.088196 0.987604
vt 0.088261 0.829470
vt 0.431351 0.013132
vt 0.431375 0.174827
vt 0.568093 0.158572
vt 0.345401 0.171329
vt 0.654599 0.171329
vt 0.345739 0.160923
vt 0.345000 0.171329
vt 0.654261 0.173077
vt 0.655000 0.162671
vt 0.654346 0.160942
vt 0.345654 0.173058
vt 0.490262 0.321679
vt 0.345630 0.012301
vt 0.488576 0.321288
vt 0.643158 0.012282
vt 0.012940 0.070969
vt 0.148530 0.071055
vt 0.012991 0.023573
vt 0.185470 0.071055
vt 0.320861 0.071147
vt 0.320841 0.023255
vt 0.012940 0.070969
vt 0.012991 0.023573
vt 0.320861 0.071147
vt 0.320841 0.023255
vt 0.163707 0.215807
vt 0.012334 0.215806
vt 0.163737 0.012433
vt 0.321666 0.215806
vt 0.170293 0.215807
vt 0.170266 0.012461
vt 0.348730 0.864540
vt 0.557542 0.864287
vt 0.406451 0.864745
vt 0.613433 0.909063
vt 0.481762 0.984681
vt 0.349758 0.908948
vt 0.615256 0.864344
vt 0.482125 0.985355
vt 0.613974 0.756519
vt 0.482278 0.681140
vt 0.557496 0.864670
vt 0.613329 0.909198
vt 0.482042 0.984859
vt 0.349989 0.909207
vt 0.615104 0.864380
vt 0.614072 0.756821
vt 0.482365 0.681188
vt 0.348730 0.864540
vt 0.557496 0.864670
vt 0.406451 0.864745
vt 0.613433 0.909063
vt 0.481895 0.984859
vt 0.350027 0.908970
vt 0.615256 0.864344
vt 0.482120 0.985492
vt 0.613957 0.756624
vt 0.481825 0.681275
vt 0.557496 0.864669
vt 0.481825 0.984725
vt 0.349989 0.909206
vt 0.482048 0.985493
vt 0.613848 0.756476
vt 0.482043 0.681141
vt 0.420228 0.321545
vt 0.345575 0.321499
vt 0.420238 0.088129
vt 0.503015 0.321499
vt 0.428361 0.321545
vt 0.428436 0.088290
vt 0.828182 0.847305
vt 0.678520 0.847079
vt 0.828194 0.678502
vt 0.987318 0.847249
vt 0.837937 0.847198
vt 0.837806 0.678502
vt 0.828632 0.847058
vt 0.678502 0.847147
vt 0.828768 0.678442
vt 0.987498 0.847147
vt 0.837947 0.847148
vt 0.837232 0.678442
vt 0.828182 0.847305
vt 0.678681 0.847249
vt 0.987319 0.847249
vt 0.837818 0.847305
vt 0.837806 0.678502
vt 0.345575 0.321499
vt 0.420238 0.088129
vt 0.503015 0.321499
vt 0.428361 0.321545
vt 0.828063 0.847198
vt 0.678682 0.847249
vt 0.828067 0.678693
vt 0.987480 0.847079
vt 0.837818 0.847305
vt 0.837933 0.678693
vt 0.828053 0.847148
vt 0.678502 0.847147
vt 0.828098 0.678651
vt 0.987498 0.847147
vt 0.837368 0.847058
vt 0.837907 0.678693
vt 0.828345 0.847281
vt 0.828132 0.678550
vt 0.345635 0.107100
vt 0.412386 0.107100
vt 0.346094 0.013193
vt 0.587614 0.107100
vt 0.654365 0.107100
vt 0.412785 0.090662
vt 0.345463 0.091338
vt 0.654115 0.015229
vt 0.653831 0.012463
vt 0.678392 0.758649
vt 0.756115 0.758648
vt 0.678423 0.678462
vt 0.909848 0.758656
vt 0.987608 0.758649
vt 0.987580 0.678491
vt 0.352781 0.987537
vt 0.361629 0.987611
vt 0.372039 0.987589
vt 0.352807 0.987622
vt 0.377333 0.858691
vt 0.361843 0.857615
vt 0.350383 0.847630
vt 0.345348 0.833000
vt 0.349929 0.818557
vt 0.362457 0.809473
vt 0.377009 0.807072
vt 0.357381 0.854671
vt 0.372039 0.859643
vt 0.386450 0.854841
vt 0.393895 0.818592
vt 0.346301 0.837941
vt 0.357614 0.811115
vt 0.391295 0.987544
vt 0.357069 0.987594
vt 0.361629 0.987611
vt 0.391297 0.987537
vt 0.377333 0.858691
vt 0.357639 0.854805
vt 0.346202 0.838372
vt 0.357220 0.811152
vt 0.376991 0.807342
vt 0.393764 0.818304
vt 0.376979 0.858660
vt 0.393837 0.847834
vt 0.393922 0.818581
vt 0.357598 0.811100
vt 0.346384 0.827745
vt 0.350161 0.847434
vt 0.361639 0.987675
vt 0.357069 0.987590
vt 0.377378 0.987651
vt 0.387028 0.987528
vt 0.377341 0.858652
vt 0.361821 0.857668
vt 0.350352 0.847683
vt 0.346308 0.828030
vt 0.377298 0.807298
vt 0.393747 0.818311
vt 0.357361 0.811283
vt 0.347058 0.822653
vt 0.347603 0.832298
vt 0.386458 0.854883
vt 0.349987 0.847513
vt 0.361629 0.987611
vt 0.357076 0.987614
vt 0.382442 0.987654
vt 0.387024 0.987551
vt 0.377333 0.858691
vt 0.361868 0.857556
vt 0.350314 0.847699
vt 0.367080 0.807340
vt 0.382305 0.808217
vt 0.393756 0.818302
vt 0.350147 0.818582
vt 0.345460 0.833000
vt 0.350141 0.847435
vt 0.361875 0.808461
vt 0.555333 0.180519
vt 0.569917 0.167000
vt 0.589866 0.257411
vt 0.582252 0.180519
vt 0.623027 0.167000
vt 0.553013 0.312652
vt 0.413016 0.167000
vt 0.401976 0.180519
vt 0.373247 0.255184
vt 0.381263 0.153481
vt 0.400368 0.180519
vt 0.446987 0.021348
vt 0.540415 0.017972
vt 0.590138 0.180519
vt 0.589866 0.153481
vt 0.622621 0.890631
vt 0.604186 0.842497
vt 0.563065 0.973965
vt 0.406967 0.833000
vt 0.390486 0.823503
vt 0.378250 0.833000
vt 0.395814 0.842497
vt 0.395814 0.823503
vt 0.415106 0.833000
vt 0.595805 0.842497
vt 0.601173 0.833000
vt 0.626753 0.744816
vt 0.618737 0.823503
vt 0.617784 0.764997
vt 0.412577 0.823503
vt 0.445641 0.833000
vt 0.630977 0.798329
vt 0.892880 0.247750
vt 0.895985 0.247750
vt 0.898167 0.250000
vt 0.896404 0.252250
vt 0.896404 0.247750
vt 0.890768 0.305199
vt 0.871932 0.316970
vt 0.857031 0.308686
vt 0.846119 0.255748
vt 0.871515 0.247750
vt 0.847630 0.226913
vt 0.858232 0.247750
vt 0.857462 0.252250
vt 0.867558 0.184775
vt 0.887772 0.247750
vt 0.894581 0.247750
vt 0.951865 0.844456
vt 0.733278 0.844522
vt 0.714158 0.844526
vt 0.910581 0.844468
vt 0.885891 0.978317
vt 0.859878 0.985433
vt 0.833000 0.987712
vt 0.806152 0.985262
vt 0.780128 0.978264
vt 0.755591 0.967077
vt 0.733549 0.951521
vt 0.714457 0.932469
vt 0.687518 0.885951
vt 0.680762 0.859844
vt 0.678215 0.833000
vt 0.680670 0.806140
vt 0.687550 0.780060
vt 0.699015 0.755644
vt 0.714561 0.733618
vt 0.733579 0.714515
vt 0.755591 0.698923
vt 0.780102 0.687663
vt 0.806152 0.680738
vt 0.833000 0.678244
vt 0.859848 0.680738
vt 0.885898 0.687663
vt 0.910409 0.698923
vt 0.951543 0.733531
vt 0.966985 0.755644
vt 0.978337 0.780102
vt 0.985400 0.806128
vt 0.987785 0.833000
vt 0.985393 0.859871
vt 0.978450 0.885939
vt 0.951572 0.932494
vt 0.932327 0.951374
vt 0.910392 0.967048
vt 0.806137 0.985347
vt 0.833000 0.987747
vt 0.859867 0.985370
vt 0.885927 0.978414
vt 0.910358 0.966989
vt 0.932416 0.951480
vt 0.951480 0.932416
vt 0.967048 0.910392
vt 0.985315 0.859857
vt 0.978313 0.780110
vt 0.987664 0.833000
vt 0.985433 0.806122
vt 0.967048 0.755608
vt 0.951439 0.733618
vt 0.932416 0.714520
vt 0.910359 0.699010
vt 0.885926 0.687586
vt 0.859867 0.680632
vt 0.833000 0.678215
vt 0.806134 0.680633
vt 0.780060 0.687550
vt 0.755644 0.699015
vt 0.733584 0.714520
vt 0.698952 0.755608
vt 0.687618 0.780085
vt 0.680685 0.806143
vt 0.678283 0.833000
vt 0.680738 0.859848
vt 0.687663 0.885898
vt 0.698952 0.910392
vt 0.733584 0.951480
vt 0.755644 0.966985
vt 0.780060 0.978450
vt 0.347140 0.149396
vt 0.427137 0.149396
vt 0.012506 0.987600
vt 0.050466 0.987559
vt 0.012515 0.829287
vt 0.057627 0.987559
vt 0.095587 0.987600
vt 0.095653 0.829428
vt 0.013667 0.470225
vt 0.159635 0.470356
vt 0.013869 0.400736
vt 0.174365 0.470356
vt 0.320333 0.470225
vt 0.320131 0.400737
vt 0.013859 0.320014
vt 0.013861 0.189264
vt 0.058419 0.319642
vt 0.058008 0.144540
vt 0.014302 0.198109
vt 0.224468 0.198150
vt 0.071809 0.198317
vt 0.280865 0.243632
vt 0.015264 0.243483
vt 0.147912 0.013804
vt 0.281696 0.197976
vt 0.147912 0.320196
vt 0.280937 0.090589
vt 0.015122 0.090518
vt 0.014580 0.198489
vt 0.224392 0.197976
vt 0.071679 0.198255
vt 0.280788 0.243643
vt 0.015247 0.243544
vt 0.015606 0.090551
vt 0.281491 0.198440
vt 0.147769 0.319908
vt 0.280321 0.243680
vt 0.280887 0.090409
vt 0.014415 0.198449
vt 0.224392 0.197976
vt 0.071679 0.198255
vt 0.280901 0.243531
vt 0.015246 0.243723
vt 0.015498 0.090654
vt 0.281654 0.198401
vt 0.147893 0.319823
vt 0.280321 0.243680
vt 0.280887 0.090409
vt 0.345848 0.150689
vt 0.347140 0.184604
vt 0.427137 0.184604
vt 0.012506 0.987600
vt 0.050466 0.987559
vt 0.012515 0.829286
vt 0.057627 0.987559
vt 0.095578 0.829286
vt 0.013667 0.470225
vt 0.159635 0.470356
vt 0.013869 0.400737
vt 0.174366 0.470356
vt 0.320333 0.470225
vt 0.320131 0.400737
vt 0.015543 0.320569
vt 0.013865 0.189190
vt 0.058528 0.319618
vt 0.057514 0.144684
vt 0.014303 0.198109
vt 0.224518 0.198385
vt 0.071673 0.198131
vt 0.280789 0.243643
vt 0.015416 0.243700
vt 0.147912 0.013804
vt 0.281491 0.198440
vt 0.147749 0.320307
vt 0.280865 0.090368
vt 0.015122 0.090518
vt 0.014288 0.198031
vt 0.224265 0.198189
vt 0.071679 0.198255
vt 0.280936 0.243412
vt 0.015123 0.243482
vt 0.015471 0.090631
vt 0.281651 0.198192
vt 0.147980 0.319940
vt 0.280321 0.243679
vt 0.280788 0.090357
vt 0.014288 0.198031
vt 0.224235 0.198440
vt 0.071679 0.198255
vt 0.280887 0.243591
vt 0.015299 0.243497
vt 0.015471 0.090631
vt 0.281509 0.198226
vt 0.148123 0.319852
vt 0.280321 0.243679
vt 0.280901 0.090469
vt 0.345737 0.842287
vt 0.654263 0.842287
vt 0.593896 0.842287
vt 0.405904 0.821319
vt 0.594096 0.821319
vt 0.593275 0.987462
vt 0.654462 0.821319
vt 0.406725 0.678538
vt 0.411976 0.173036
vt 0.345739 0.160923
vt 0.410228 0.172631
vt 0.410674 0.321707
vt 0.654261 0.160923
vt 0.413664 0.168927
vt 0.345447 0.168885
vt 0.413724 0.012251
vt 0.654553 0.168885
vt 0.586336 0.168927
vt 0.586276 0.012251
vt 0.844000 0.205871
vt 0.844000 0.252323
vt 0.875484 0.280194
vt 0.875484 0.178000
vt 0.844000 0.229066
vt 0.884339 0.229004
vt 0.884339 0.229190
vt 0.896145 0.229097
vt 0.016183 0.731155
vt 0.012608 0.730739
vt 0.012447 0.730410
vt 0.320482 0.733079
vt 0.321433 0.715334
vt 0.321397 0.732173
vt 0.354110 0.980004
vt 0.404653 0.980004
vt 0.346146 0.985105
vt 0.346146 0.680895
vt 0.412616 0.680895
vt 0.012577 0.654544
vt 0.038953 0.654497
vt 0.012587 0.495768
vt 0.047113 0.654497
vt 0.073489 0.654544
vt 0.072992 0.495717
vt 0.354110 0.980004
vt 0.404653 0.980004
vt 0.412191 0.980004
vt 0.346146 0.680895
vt 0.410867 0.807304
vt 0.012577 0.654544
vt 0.038953 0.654497
vt 0.012587 0.495768
vt 0.047113 0.654497
vt 0.073489 0.654544
vt 0.072992 0.495717
vt 0.012447 0.730410
vt 0.320482 0.733079
vt 0.321433 0.715334
vt 0.193325 0.680224
vt 0.321397 0.732174
vt 0.354110 0.980004
vt 0.346146 0.985105
vt 0.412616 0.680895
vt 0.012577 0.654544
vt 0.038953 0.654497
vt 0.012587 0.495768
vt 0.047113 0.654497
vt 0.072992 0.495717
vt 0.404653 0.980004
vt 0.412191 0.980004
vt 0.346146 0.680895
vt 0.012577 0.654544
vt 0.012587 0.495768
vt 0.073489 0.654544
vt 0.072992 0.495717
vt 0.346759 0.320609
vt 0.629104 0.320609
vt 0.475374 0.012652
vt 0.500680 0.012695
vt 0.627589 0.153935
vt 0.012479 0.321621
vt 0.150470 0.321582
vt 0.012487 0.163486
vt 0.157246 0.321582
vt 0.295237 0.321621
vt 0.294824 0.163443
vt 0.496250 0.992500
vt 0.391917 0.885119
vt 0.608199 0.885370
vt 0.447167 0.963752
vt 0.552779 0.963680
vt 0.392633 0.885809
vt 0.607890 0.885168
vt 0.446980 0.963654
vt 0.444950 0.962749
vt 0.391886 0.885111
vt 0.608114 0.885111
vt 0.630600 0.886097
vt 0.630755 0.780248
vt 0.392058 0.885168
vt 0.607943 0.885167
vt 0.629749 0.777949
vt 0.629704 0.888220
vt 0.346760 0.320609
vt 0.629104 0.320609
vt 0.475184 0.012695
vt 0.500490 0.012652
vt 0.629322 0.154476
vt 0.012479 0.321621
vt 0.150470 0.321582
vt 0.012487 0.163486
vt 0.157246 0.321582
vt 0.294824 0.163443
vt 0.392058 0.885168
vt 0.499769 0.885854
vt 0.391917 0.885119
vt 0.608113 0.885111
vt 0.555016 0.962686
vt 0.391720 0.941196
vt 0.445064 0.962901
vt 0.608279 0.941198
vt 0.607890 0.885168
vt 0.445105 0.885548
vt 0.608196 0.941280
vt 0.446903 0.963600
vt 0.444781 0.962704
vt 0.608492 0.940917
vt 0.391738 0.885075
vt 0.608113 0.885112
vt 0.630759 0.885695
vt 0.630651 0.779954
vt 0.392058 0.885168
vt 0.391739 0.885074
vt 0.607943 0.885168
vt 0.608054 0.724713
vt 0.630504 0.886151
vt 0.629748 0.888053
vt 0.689814 0.790081
vt 0.780814 0.791008
vt 0.691240 0.685323
vt 0.885186 0.791008
vt 0.689814 0.790081
vt 0.691240 0.685323
vt 0.780814 0.791007
vt 0.689813 0.790080
vt 0.780814 0.791008
vt 0.691240 0.685323
vt 0.885186 0.791008
vt 0.885186 0.791008
vt 0.780814 0.791008
vt 0.346457 0.107659
vt 0.653543 0.107659
vt 0.511223 0.013365
vt 0.345225 0.755694
vt 0.498067 0.755715
vt 0.345238 0.715048
vt 0.501984 0.755679
vt 0.654546 0.755639
vt 0.654722 0.714972
vt 0.710360 0.744670
vt 0.698260 0.740619
vt 0.711141 0.898244
vt 0.720389 0.983975
vt 0.720293 0.987504
vt 0.061196 0.017290
vt 0.060981 0.012373
vt 0.072685 0.157039
vt 0.084983 0.155856
vt 0.036214 0.240396
vt 0.033974 0.318593
vt 0.033949 0.319188
vt 0.045961 0.321405
vt 0.056137 0.237387
vt 0.056137 0.237387
vt 0.277553 0.238424
vt 0.056447 0.238424
vt 0.197607 0.314697
vt 0.025239 0.113480
vt 0.316293 0.195693
vt 0.108860 0.026637
vt 0.042128 0.082072
vt 0.380421 0.321277
vt 0.356849 0.321461
vt 0.349324 0.321602
vt 0.380440 0.321324
vt 0.387916 0.321465
vt 0.374499 0.188699
vt 0.346892 0.161260
vt 0.357046 0.146892
vt 0.390320 0.161124
vt 0.390310 0.172859
vt 0.388839 0.155367
vt 0.374439 0.145334
vt 0.380250 0.187070
vt 0.848507 0.321273
vt 0.865746 0.321478
vt 0.870883 0.321382
vt 0.851326 0.280017
vt 0.845402 0.263982
vt 0.844757 0.243210
vt 0.862773 0.285207
vt 0.856633 0.214821
vt 0.868067 0.219997
vt 0.856650 0.285119
vt 0.868079 0.279972
vt 0.859702 0.213547
vt 0.851318 0.219987
vt 0.874644 0.243231
vt 0.846979 0.269797
vt 0.107465 0.196794
vt 0.277082 0.196544
vt 0.252868 0.196761
vt 0.197816 0.314825
vt 0.108210 0.308931
vt 0.042156 0.251935
vt 0.195190 0.018746
vt 0.018645 0.138766
vt 0.315371 0.195208
vt 0.315196 0.138940
vt 0.251726 0.042423
vt 0.308886 0.225771
vt 0.013596 0.167000
vt 0.040724 0.249818
vt 0.249837 0.293246
vt 0.056918 0.196544
vt 0.277082 0.196544
vt 0.277028 0.196725
vt 0.197816 0.314825
vt 0.084267 0.293028
vt 0.108135 0.024886
vt 0.195190 0.018746
vt 0.019197 0.197768
vt 0.314803 0.136232
vt 0.315196 0.138940
vt 0.251726 0.042423
vt 0.308886 0.225771
vt 0.013596 0.167000
vt 0.040724 0.249818
vt 0.249837 0.293246
vt 0.358806 0.321694
vt 0.349255 0.321660
vt 0.349372 0.321704
vt 0.370405 0.171699
vt 0.358794 0.180580
vt 0.347284 0.171899
vt 0.349232 0.157392
vt 0.363525 0.155354
vt 0.358834 0.153430
vt 0.363440 0.178633
vt 0.349256 0.321660
vt 0.368492 0.321683
vt 0.354143 0.178647
vt 0.347202 0.162271
vt 0.370444 0.171701
vt 0.363529 0.155343
vt 0.363440 0.178633
vt 0.349238 0.321677
vt 0.368433 0.321673
vt 0.354118 0.178630
vt 0.358834 0.153430
vt 0.363440 0.178633
vt 0.349256 0.321665
vt 0.368463 0.321665
vt 0.354126 0.178638
vt 0.370413 0.270170
vt 0.349779 0.270170
vt 0.650221 0.270170
vt 0.629587 0.270170
vt 0.370096 0.290026
vt 0.370096 0.043974
vt 0.629904 0.043974
vt 0.629904 0.290026
vt 0.352789 0.043227
vt 0.345000 0.270170
vt 0.647211 0.290773
vt 0.655000 0.063830
vt 0.647211 0.043227
vt 0.352789 0.290773
vt 0.345000 0.063830
vt 0.016991 0.236972
vt 0.224766 0.237412
vt 0.075066 0.237021
vt 0.282717 0.236896
vt 0.019459 0.091447
vt 0.150220 0.317504
vt 0.280698 0.242009
vt 0.629587 0.270170
vt 0.647211 0.290773
vt 0.017196 0.237020
vt 0.224829 0.236896
vt 0.074641 0.236939
vt 0.282717 0.236896
vt 0.019600 0.091264
vt 0.149635 0.317763
vt 0.280420 0.242009
vt 0.345476 0.985576
vt 0.373373 0.985576
vt 0.345777 0.678370
vt 0.373073 0.987630
vt 0.350491 0.678878
vt 0.373502 0.678878
vt 0.345777 0.987630
vt 0.368359 0.678878
vt 0.016012 0.244557
vt 0.224553 0.244696
vt 0.073805 0.244777
vt 0.281514 0.241212
vt 0.149020 0.318480
vt 0.148935 0.319083
vt 0.149254 0.015376
vt 0.015960 0.244346
vt 0.224553 0.244695
vt 0.073758 0.244386
vt 0.282133 0.240995
vt 0.017919 0.091046
vt 0.149325 0.318649
vt 0.280437 0.242606
vt 0.073421 0.244319
vt 0.282035 0.241878
vt 0.149182 0.318570
vt 0.370413 0.270170
vt 0.646195 0.291001
vt 0.016990 0.236972
vt 0.224767 0.237412
vt 0.075066 0.237020
vt 0.282717 0.236896
vt 0.019459 0.091447
vt 0.150220 0.317504
vt 0.280698 0.242009
vt 0.352789 0.043227
vt 0.016909 0.236613
vt 0.224829 0.236896
vt 0.074641 0.236939
vt 0.282717 0.236895
vt 0.019341 0.091714
vt 0.150130 0.317775
vt 0.280420 0.242009
vt 0.345476 0.985576
vt 0.373073 0.987630
vt 0.345777 0.987630
vt 0.345000 0.680424
vt 0.016011 0.244557
vt 0.224603 0.244286
vt 0.073337 0.244685
vt 0.281514 0.241212
vt 0.148952 0.318433
vt 0.149367 0.319044
vt 0.149397 0.015567
vt 0.015896 0.244062
vt 0.224553 0.244696
vt 0.073759 0.244386
vt 0.282133 0.240995
vt 0.017824 0.091257
vt 0.149354 0.318414
vt 0.280445 0.242881
vt 0.015748 0.244027
vt 0.224603 0.244285
vt 0.073421 0.244319
vt 0.282034 0.241878
vt 0.017687 0.091354
vt 0.149397 0.318433
vt 0.491433 0.843117
vt 0.491433 0.822883
vt 0.654588 0.822883
vt 0.508567 0.822883
vt 0.448351 0.240741
vt 0.551649 0.240741
vt 0.652205 0.240741
vt 0.347610 0.252353
vt 0.347610 0.014610
vt 0.652390 0.014610
vt 0.655000 0.026221
vt 0.652390 0.252353
vt 0.450705 0.014039
vt 0.445557 0.240741
vt 0.549888 0.252790
vt 0.554443 0.026221
vt 0.549294 0.014039
vt 0.450706 0.252923
vt 0.445557 0.026221
vt 0.013114 0.896146
vt 0.157091 0.896045
vt 0.013175 0.778182
vt 0.176805 0.896069
vt 0.319757 0.895869
vt 0.320626 0.777805
vt 0.679612 0.291234
vt 0.738595 0.291103
vt 0.679640 0.223426
vt 0.761705 0.290890
vt 0.819322 0.290651
vt 0.820360 0.223426
vt 0.679330 0.290982
vt 0.679403 0.223876
vt 0.761705 0.290890
vt 0.819322 0.290652
vt 0.820597 0.223876
vt 0.679330 0.290982
vt 0.679403 0.223876
vt 0.761705 0.290890
vt 0.819322 0.290651
vt 0.820597 0.223877
vt 0.679331 0.290982
vt 0.738170 0.290861
vt 0.679403 0.223877
vt 0.761705 0.290890
vt 0.819322 0.290652
vt 0.820597 0.223876
s 0
usemtl factory
f 19/1/1 2/2/1 16/3/1
f 26/4/2 15/5/2 25/6/2
f 11/7/3 18/8/3 28/9/3
f 6/10/4 8/11/4 4/12/4
f 12/13/5 23/14/5 9/15/5
f 6/10/6 7/16/7 5/17/8
f 1/18/9 8/19/9 10/20/9
f 7/21/10 4/22/10 2/2/10
f 13/23/11 6/10/11 5/17/11
f 9/15/12 14/24/12 12/13/12
f 10/20/13 24/25/13 22/26/13
f 10/27/14 23/14/14 24/28/14
f 28/9/15 13/29/15 11/7/15
f 28/30/16 12/13/16 13/31/16
f 25/6/17 27/32/17 26/4/17
f 22/26/18 15/33/18 17/34/18
f 18/8/19 26/35/19 28/9/19
f 16/3/20 21/36/20 19/1/20
f 17/34/21 3/37/21 1/18/21
f 17/38/22 2/2/22 3/39/22
f 5/40/23 20/41/23 18/8/23
f 7/21/24 19/1/24 20/42/24
f 22/26/25 1/18/25 10/20/25
f 37/43/26 30/44/26 35/45/26
f 40/46/27 35/47/27 39/48/27
f 33/49/28 36/50/28 40/51/28
f 31/52/29 32/53/29 30/54/29
f 34/55/30 39/56/30 32/57/30
f 32/57/31 39/56/31 38/58/31
f 40/59/32 34/55/32 33/60/32
f 35/45/33 30/44/33 29/61/33
f 31/62/34 37/43/34 36/63/34
f 38/64/35 29/65/35 32/66/35
f 46/67/36 41/68/36 45/69/36
f 48/70/37 45/71/37 47/72/37
f 44/73/38 46/74/38 48/75/38
f 42/76/39 43/77/39 41/78/39
f 44/79/40 47/80/40 43/81/40
f 47/82/41 41/83/41 43/84/41
f 60/85/42 50/86/42 58/87/42
f 63/88/43 57/89/43 62/90/43
f 55/91/44 59/92/44 64/93/44
f 51/94/45 53/95/45 50/96/45
f 56/97/46 62/98/46 54/99/46
f 49/100/47 53/101/47 54/102/47
f 55/91/48 51/103/48 52/104/48
f 54/99/49 62/98/49 61/105/49
f 64/93/50 56/97/50 55/91/50
f 62/90/51 64/106/51 63/88/51
f 61/107/52 57/108/52 58/87/52
f 59/92/53 63/109/53 64/93/53
f 58/87/54 50/86/54 49/100/54
f 52/110/55 60/85/55 59/111/55
f 61/107/56 49/100/56 54/102/56
f 70/112/57 65/113/57 69/114/57
f 72/115/58 69/116/58 71/117/58
f 68/118/59 70/119/59 72/120/59
f 66/121/60 67/122/60 65/123/60
f 68/118/61 71/124/61 67/125/61
f 71/126/62 65/113/62 67/127/62
s 1
f 88/128/63 73/129/64 87/130/65
f 78/131/66 79/132/67 77/133/68
f 80/134/69 81/135/70 79/136/67
f 82/137/71 83/138/72 81/135/70
f 84/139/73 85/140/74 83/138/72
f 86/141/75 87/142/65 85/140/74
f 76/143/76 77/133/68 75/144/77
f 82/145/71 80/146/69 78/147/66
f 74/148/78 75/144/77 73/129/64
f 79/149/67 83/150/72 87/151/65
f 104/152/63 89/153/79 103/154/65
f 94/155/66 95/156/67 93/157/80
f 96/158/69 97/159/70 95/160/67
f 98/161/71 99/162/72 97/159/70
f 100/163/73 101/164/74 99/162/72
f 102/165/75 103/166/65 101/164/74
f 92/167/81 93/157/80 91/168/77
f 98/169/71 96/170/69 94/171/66
f 90/172/78 91/168/77 89/153/79
f 95/173/67 99/174/72 103/175/65
f 120/176/63 105/177/64 119/178/65
f 110/179/66 111/180/67 109/181/80
f 112/182/69 113/183/70 111/184/67
f 114/185/71 115/186/72 113/183/70
f 116/187/73 117/188/74 115/186/72
f 118/189/75 119/190/65 117/188/74
f 108/191/76 109/181/80 107/192/77
f 114/193/71 112/194/69 110/195/66
f 106/196/78 107/192/77 105/177/64
f 111/197/67 115/198/72 119/199/65
s 0
f 132/85/42 122/200/42 130/201/42
f 135/88/43 129/89/43 134/202/43
f 127/203/44 131/204/44 136/93/44
f 123/94/45 125/95/45 122/96/45
f 128/97/46 134/98/46 126/205/46
f 121/206/47 125/207/47 126/208/47
f 127/203/48 123/209/48 124/104/48
f 126/205/49 134/98/49 133/210/49
f 136/93/50 128/97/50 127/203/50
f 134/202/51 136/106/51 135/88/51
f 133/211/52 129/212/52 130/201/52
f 131/204/53 135/213/53 136/93/53
f 130/201/54 122/200/54 121/206/54
f 124/110/55 132/85/55 131/214/55
f 133/211/56 121/206/56 126/208/56
f 142/215/57 137/216/57 141/217/57
f 144/218/58 141/219/58 143/220/58
f 140/221/59 142/222/59 144/223/59
f 138/224/60 139/225/60 137/226/60
f 140/221/61 143/227/61 139/228/61
f 143/229/62 137/216/62 139/230/62
s 1
f 160/231/82 145/232/83 159/233/84
f 150/234/85 151/235/86 149/236/87
f 152/237/88 153/238/89 151/239/86
f 154/240/90 155/241/91 153/238/89
f 156/242/92 157/243/93 155/241/91
f 158/244/94 159/245/84 157/243/93
f 148/246/95 149/236/87 147/247/96
f 152/248/88 150/249/85 158/250/94
f 146/251/97 147/247/96 145/232/83
f 151/252/86 155/253/91 159/254/84
f 176/255/98 161/256/99 175/257/100
f 166/258/101 167/259/102 165/260/103
f 168/261/104 169/262/105 167/263/102
f 170/264/106 171/265/107 169/262/105
f 172/266/108 173/267/109 171/265/107
f 174/268/110 175/269/100 173/267/109
f 164/270/111 165/260/103 163/271/96
f 166/272/101 172/273/108 168/274/104
f 162/275/112 163/271/96 161/256/99
f 167/276/102 171/277/107 175/278/100
f 192/279/82 177/280/99 191/281/84
f 182/282/85 183/283/86 181/284/113
f 184/285/88 185/286/89 183/287/86
f 186/288/90 187/289/91 185/286/89
f 188/290/92 189/291/93 187/289/91
f 190/292/94 191/293/84 189/291/93
f 180/294/114 181/284/113 179/295/96
f 184/296/88 182/297/85 190/298/94
f 178/299/97 179/295/96 177/280/99
f 183/300/86 187/301/91 191/302/84
s 0
f 204/303/115 194/304/115 202/305/115
f 207/306/116 201/307/116 206/308/116
f 199/309/117 203/310/117 208/311/117
f 195/312/118 197/313/118 194/314/118
f 200/315/119 206/316/119 198/317/119
f 193/318/120 197/319/120 198/320/120
f 199/309/121 195/321/121 196/322/121
f 198/317/122 206/316/122 205/323/122
f 208/324/123 200/315/123 199/325/123
f 206/308/51 208/326/51 207/306/51
f 205/327/124 201/328/124 202/329/124
f 203/310/125 207/330/125 208/311/125
f 202/305/126 194/304/126 193/331/126
f 196/332/127 204/303/127 203/333/127
f 205/327/128 193/318/128 198/320/128
f 214/334/129 209/335/129 213/336/129
f 216/337/130 213/338/130 215/339/130
f 212/340/131 214/341/131 216/342/131
f 210/343/132 211/344/132 209/345/132
f 212/346/133 215/347/133 211/348/133
f 215/349/134 209/350/134 211/351/134
f 222/352/129 217/353/129 221/354/129
f 224/355/130 221/356/130 223/357/130
f 220/358/131 222/359/131 224/360/131
f 218/361/132 219/362/132 217/363/132
f 220/364/133 223/365/133 219/366/133
f 223/367/134 217/368/134 219/369/134
f 236/303/115 226/304/115 234/305/115
f 239/370/116 233/371/116 238/372/116
f 231/373/117 235/374/117 240/311/117
f 227/312/118 229/375/118 226/376/118
f 232/315/119 238/316/119 230/317/119
f 225/377/120 229/378/120 230/379/120
f 231/373/121 227/321/121 228/322/121
f 230/317/122 238/316/122 237/380/122
f 240/324/123 232/315/123 231/381/123
f 238/372/51 240/326/51 239/370/51
f 237/382/124 233/328/124 234/383/124
f 235/374/125 239/384/125 240/311/125
f 234/305/126 226/304/126 225/385/126
f 228/386/127 236/303/127 235/387/127
f 237/382/128 225/377/128 230/379/128
f 246/388/129 241/389/129 245/390/129
f 248/391/130 245/392/130 247/393/130
f 244/394/131 246/395/131 248/396/131
f 242/397/132 243/398/132 241/399/132
f 244/400/133 247/401/133 243/402/133
f 247/403/134 241/404/134 243/405/134
f 254/406/129 249/407/129 253/408/129
f 256/409/130 253/410/130 255/411/130
f 252/412/131 254/413/131 256/396/131
f 250/414/132 251/415/132 249/416/132
f 252/400/133 255/417/133 251/418/133
f 255/419/134 249/420/134 251/421/134
f 278/422/135 258/423/135 276/424/135
f 286/422/136 274/423/136 284/425/136
f 269/426/137 277/427/137 285/428/137
f 261/429/138 266/430/138 260/431/138
f 270/429/139 282/430/139 268/432/139
f 266/430/140 267/433/141 265/434/142
f 274/423/143 275/435/144 273/436/145
f 286/422/146 287/437/147 285/438/148
f 259/439/149 266/430/149 265/434/149
f 264/440/150 260/431/150 258/423/150
f 269/426/151 263/441/151 262/442/151
f 271/443/152 261/429/152 263/444/152
f 268/432/153 272/445/153 270/429/153
f 265/446/154 283/447/154 281/448/154
f 267/449/155 282/430/155 283/450/155
f 285/428/156 271/451/156 269/426/156
f 287/437/157 270/429/157 271/452/157
f 284/425/158 288/453/158 286/422/158
f 283/450/159 274/423/159 273/436/159
f 279/454/160 286/422/160 285/438/160
f 276/424/161 280/455/161 278/422/161
f 273/456/162 259/457/162 257/458/162
f 275/459/163 258/423/163 259/439/163
f 262/442/164 279/460/164 277/427/164
f 262/461/165 278/422/165 279/437/165
f 281/448/166 257/458/166 265/446/166
f 294/462/167 289/463/167 293/464/167
f 296/465/168 293/466/168 295/467/168
f 292/468/169 294/469/169 296/470/169
f 290/471/170 291/472/170 289/463/170
f 292/473/171 295/467/171 291/474/171
f 295/475/172 289/476/172 291/477/172
s 1
f 326/478/173 297/479/174 328/480/175
f 302/481/176 303/482/177 301/483/178
f 304/484/179 305/485/180 303/482/177
f 306/486/181 307/487/182 305/485/180
f 308/488/183 309/489/184 307/487/182
f 310/490/185 311/491/186 309/492/184
f 312/493/187 313/494/188 311/491/186
f 314/495/189 315/496/190 313/494/188
f 316/497/191 317/498/192 315/496/190
f 318/499/193 319/500/194 317/498/192
f 320/501/195 321/502/196 319/500/194
f 322/503/197 323/504/198 321/502/196
f 324/505/199 325/506/200 323/504/198
f 327/507/201 328/480/175 325/508/200
f 300/509/202 301/483/178 299/510/203
f 306/511/181 302/512/176 318/513/193
f 298/514/204 299/510/203 297/479/174
f 327/515/201 324/516/199 326/517/173
f 303/518/177 311/519/186 319/520/194
f 340/521/205 329/522/206 339/523/207
f 334/524/208 335/525/209 333/526/210
f 336/527/211 337/528/212 335/525/209
f 338/529/213 339/530/207 337/531/212
f 332/532/214 333/533/210 331/534/215
f 336/535/211 334/536/208 330/537/216
f 330/538/216 331/539/215 329/522/206
f 335/540/209 337/541/212 339/542/207
s 0
f 362/422/135 342/423/135 360/543/135
f 370/422/217 358/423/217 368/544/217
f 353/426/137 361/427/137 369/428/137
f 346/429/138 349/430/138 344/545/138
f 354/429/139 366/430/139 351/431/139
f 346/429/218 347/546/219 345/461/220
f 358/423/143 359/435/221 357/436/145
f 370/422/146 371/437/147 369/438/148
f 341/458/222 350/547/222 352/548/222
f 343/549/223 349/430/223 350/550/223
f 348/551/150 344/545/150 342/423/150
f 355/552/224 346/429/224 345/461/224
f 351/431/153 356/445/153 354/429/153
f 352/548/225 367/553/225 365/448/225
f 352/436/226 366/430/226 367/554/226
f 369/428/156 355/555/156 353/426/156
f 371/437/227 354/429/227 355/444/227
f 368/544/228 372/453/228 370/422/228
f 367/554/159 358/423/159 357/436/159
f 363/556/160 370/422/160 369/438/160
f 360/543/161 364/455/161 362/422/161
f 357/456/162 343/557/162 341/458/162
f 359/558/229 342/423/229 343/549/229
f 345/559/230 363/560/230 361/427/230
f 347/546/231 362/422/231 363/561/231
f 365/448/232 341/458/232 352/548/232
f 378/562/167 373/563/167 377/564/167
f 380/565/168 377/566/168 379/567/168
f 376/568/169 378/569/169 380/570/169
f 374/571/170 375/572/170 373/563/170
f 376/573/171 379/567/171 375/574/171
f 379/575/172 373/576/172 375/577/172
s 1
f 412/578/233 382/579/234 381/580/235
f 388/581/236 389/582/237 386/492/238
f 387/583/239 390/584/240 389/582/237
f 391/514/241 392/487/242 390/584/240
f 393/585/243 394/498/184 392/487/242
f 395/586/244 396/587/186 394/483/184
f 397/588/187 398/589/188 396/587/186
f 399/590/189 400/591/190 398/589/188
f 401/592/191 402/593/192 400/591/190
f 403/594/245 404/595/246 402/593/192
f 405/596/195 406/597/196 404/595/246
f 407/503/247 408/598/248 406/597/196
f 409/599/249 410/492/250 408/598/248
f 411/600/251 381/580/235 410/489/250
f 385/601/252 386/492/238 384/602/253
f 383/603/254 384/602/253 382/579/234
f 382/604/234 384/605/253 381/606/235
f 388/607/236 385/608/252 387/609/239
f 389/610/237 396/611/186 404/612/246
f 424/613/205 413/614/206 423/615/207
f 418/616/208 419/617/209 417/618/210
f 420/619/211 421/620/212 419/617/209
f 422/621/255 423/622/207 421/623/212
f 416/624/214 417/625/210 415/626/215
f 420/627/211 418/628/208 414/629/216
f 414/630/216 415/631/215 413/614/206
f 419/632/209 421/633/212 423/634/207
s 0
f 446/422/135 426/423/135 443/635/135
f 454/422/217 441/423/217 452/424/217
f 437/426/137 445/427/137 453/636/137
f 430/429/138 434/430/138 428/432/138
f 438/429/139 450/430/139 436/637/139
f 430/429/218 431/638/219 429/461/220
f 434/430/140 435/433/141 433/434/142
f 454/422/146 455/639/147 453/438/148
f 427/640/149 434/430/149 433/434/149
f 432/641/150 428/432/150 426/423/150
f 439/642/224 430/429/224 429/461/224
f 436/637/153 440/445/153 438/429/153
f 433/643/154 451/644/154 449/448/154
f 435/645/155 450/430/155 451/646/155
f 453/636/156 439/647/156 437/426/156
f 455/639/157 438/429/157 439/648/157
f 452/424/158 456/649/158 454/422/158
f 449/448/256 442/650/256 444/651/256
f 451/646/257 441/423/257 442/652/257
f 447/454/160 454/422/160 453/438/160
f 443/635/161 448/455/161 446/422/161
f 444/651/258 427/653/258 425/458/258
f 444/434/259 426/423/259 427/640/259
f 429/654/230 447/655/230 445/427/230
f 431/638/260 446/422/260 447/656/260
f 449/448/166 425/458/166 433/643/166
f 462/657/167 457/658/167 461/659/167
f 464/660/168 461/466/168 463/661/168
f 460/662/169 462/663/169 464/664/169
f 458/665/170 459/666/170 457/658/170
f 460/667/171 463/661/171 459/668/171
f 463/669/172 457/670/172 459/671/172
s 1
f 496/578/261 465/672/262 495/673/263
f 470/674/264 471/675/265 469/676/178
f 472/677/179 473/597/180 471/675/265
f 474/503/266 475/678/267 473/597/180
f 476/679/183 477/489/268 475/678/267
f 478/674/269 480/680/270 477/492/268
f 479/588/271 481/681/272 480/680/270
f 482/682/273 483/496/274 481/681/272
f 484/683/275 485/684/276 483/496/274
f 487/507/277 488/685/278 485/684/276
f 486/686/279 489/584/280 488/685/278
f 490/514/281 491/687/282 489/584/280
f 492/688/283 493/483/284 491/687/282
f 494/689/285 495/673/263 493/498/284
f 468/690/286 469/676/178 467/691/287
f 474/692/266 470/693/264 486/694/279
f 466/486/288 467/691/287 465/672/262
f 481/695/272 483/696/274 480/697/270
f 487/698/277 484/699/275 486/694/279
f 471/700/265 480/697/270 488/701/278
f 508/702/205 497/703/206 507/704/207
f 502/705/208 503/706/209 501/707/210
f 504/708/211 505/709/212 503/706/209
f 506/710/255 507/711/207 505/712/212
f 500/713/214 501/714/210 499/715/215
f 504/716/211 502/717/208 498/718/216
f 498/719/216 499/720/215 497/703/206
f 503/721/209 505/722/212 507/723/207
s 0
f 530/422/135 510/423/135 528/544/135
f 537/422/217 526/423/217 536/635/217
f 521/426/289 529/427/289 540/724/289
f 514/429/290 518/430/290 512/431/290
f 522/429/139 534/430/139 520/725/139
f 514/429/218 515/648/219 513/461/220
f 518/430/140 519/433/291 517/434/142
f 526/423/143 527/435/221 525/436/145
f 511/726/149 518/430/149 517/434/149
f 516/727/150 512/431/150 510/423/150
f 523/552/224 514/429/224 513/461/224
f 520/725/153 524/445/153 522/429/153
f 517/728/154 535/729/154 533/448/154
f 519/730/292 534/430/292 535/731/292
f 540/724/293 523/732/293 521/426/293
f 540/438/294 522/429/294 523/638/294
f 536/635/158 539/733/158 537/422/158
f 535/731/159 526/423/159 525/436/159
f 529/427/295 538/734/295 540/724/295
f 531/735/296 537/422/296 538/656/296
f 528/544/161 532/455/161 530/422/161
f 525/736/162 511/737/162 509/458/162
f 527/550/229 510/423/229 511/726/229
f 513/654/230 531/738/230 529/427/230
f 515/648/231 530/422/231 531/739/231
f 533/448/166 509/458/166 517/728/166
f 546/740/167 541/741/167 545/742/167
f 548/743/168 545/744/168 547/745/168
f 544/746/169 546/663/169 548/747/169
f 542/748/170 543/572/170 541/741/170
f 544/749/171 547/745/171 543/750/171
f 547/751/172 541/752/172 543/753/172
s 1
f 580/754/261 549/494/262 579/755/263
f 554/756/297 555/757/298 553/483/178
f 556/758/179 557/502/180 555/757/298
f 558/503/299 559/759/300 557/502/180
f 560/760/301 561/508/302 559/759/300
f 563/581/303 564/761/304 561/506/302
f 562/762/305 565/763/306 564/761/304
f 566/514/307 567/764/308 565/763/306
f 568/765/309 569/498/192 567/764/308
f 570/766/310 571/767/311 569/498/192
f 572/585/195 573/485/196 571/767/311
f 574/486/312 575/768/313 573/485/196
f 576/769/249 577/492/284 575/768/313
f 578/770/314 579/755/263 577/489/284
f 552/771/286 553/483/178 551/602/287
f 558/692/299 554/772/297 570/773/310
f 550/774/288 551/602/287 549/494/262
f 563/775/303 560/776/301 562/777/305
f 555/778/298 565/779/306 571/780/311
f 592/781/205 581/782/206 591/783/207
f 586/784/208 587/785/209 585/786/210
f 588/787/211 589/788/212 587/785/209
f 590/789/255 591/790/207 589/791/212
f 584/792/315 585/793/210 583/794/215
f 588/795/211 586/796/208 582/797/216
f 582/798/216 583/799/215 581/782/206
f 587/800/209 589/722/212 591/801/207
f 800/802/316 798/803/317 597/804/318
f 843/805/319 598/806/320 795/807/321
f 606/808/322 790/809/323 844/810/324
f 760/811/325 715/812/326 691/813/327
f 613/814/328 709/815/329 687/816/330
f 727/817/331 664/818/332 755/819/333
f 602/820/334 784/821/335 783/822/336
f 604/823/337 785/824/338 784/821/335
f 603/825/339 786/826/340 785/824/338
f 732/827/341 618/828/342 726/829/343
f 645/830/344 616/831/345 614/832/346
f 647/833/347 615/834/348 616/831/345
f 649/835/349 613/814/328 615/834/348
f 654/836/350 620/837/351 618/828/342
f 656/838/352 619/839/353 620/837/351
f 658/840/354 617/841/355 619/839/353
f 598/806/320 796/842/356 795/807/321
f 600/843/357 797/844/358 796/842/356
f 599/845/359 798/803/317 797/844/358
f 757/846/360 664/818/332 666/847/361
f 758/848/362 666/847/361 668/849/363
f 759/850/364 668/849/363 670/851/365
f 787/852/366 607/853/367 605/854/368
f 788/855/369 608/856/370 607/853/367
f 789/857/371 606/808/322 608/856/370
f 791/858/372 595/859/373 593/860/374
f 792/861/375 596/862/376 595/859/373
f 793/863/377 594/864/378 596/862/376
f 763/865/379 674/866/380 676/867/381
f 764/868/382 676/867/381 678/869/383
f 765/870/384 678/869/383 680/871/385
f 593/860/374 799/872/386 791/858/372
f 747/873/347 648/874/348 646/875/387
f 625/876/388 773/877/389 627/878/390
f 766/879/391 714/880/392 695/881/393
f 627/878/390 772/882/394 628/883/395
f 746/884/396 646/875/387 644/885/397
f 713/886/398 858/887/399 696/888/400
f 628/883/395 771/889/401 629/890/402
f 629/890/402 771/889/401 626/891/403
f 737/892/404 640/893/405 767/894/406
f 639/895/407 769/896/408 641/897/409
f 690/898/410 626/891/403 771/889/401
f 641/897/409 768/899/411 642/900/412
f 642/900/412 767/894/406 640/893/405
f 744/901/413 774/902/414 720/903/415
f 650/904/416 692/905/417 716/906/418
f 722/907/419 778/908/420 718/909/421
f 694/910/422 674/866/380 761/911/423
f 728/912/424 653/913/425 731/914/426
f 638/915/427 778/908/420 635/916/428
f 630/917/429 780/918/430 632/919/431
f 632/919/431 781/920/432 633/921/433
f 634/922/434 775/923/435 636/924/436
f 633/921/433 782/925/437 631/926/438
f 636/924/436 776/927/439 637/928/440
f 637/928/440 777/929/441 638/915/427
f 623/930/442 808/931/443 810/932/444
f 677/933/445 807/934/446 809/935/447
f 624/936/448 810/932/444 812/937/449
f 675/938/450 809/935/447 811/939/451
f 622/940/452 812/937/449 672/941/453
f 673/942/454 811/939/451 671/943/455
f 611/944/456 814/945/457 816/946/458
f 667/947/459 813/948/460 815/949/461
f 612/950/462 816/946/458 818/951/463
f 665/952/464 815/949/461 817/953/465
f 610/954/466 818/951/463 662/955/467
f 663/956/468 817/953/465 661/957/469
f 858/887/399 820/958/470 754/959/471
f 657/960/472 819/961/473 821/962/474
f 754/959/471 822/963/475 753/964/476
f 824/965/375 821/962/474 823/966/477
f 752/967/478 822/963/475 655/968/479
f 825/969/480 823/966/477 652/970/481
f 751/971/482 655/968/479 653/913/425
f 829/972/483 826/973/484 828/974/485
f 748/975/486 650/904/416 648/874/348
f 831/976/369 828/974/485 830/977/487
f 832/978/488 830/977/487 643/979/489
f 834/980/490 652/981/481 833/982/491
f 685/983/492 672/941/453 700/984/493
f 836/985/494 671/943/455 835/986/495
f 826/973/484 849/987/496 721/988/497
f 808/931/443 684/989/498 711/990/499
f 807/934/446 851/991/500 850/992/501
f 839/993/502 819/961/473 659/994/503
f 723/995/504 842/996/505 708/997/504
f 712/998/506 617/841/355 660/999/507
f 837/1000/508 813/948/460 669/1001/509
f 704/1002/510 852/1003/510 853/1004/510
f 701/1005/511 770/1006/512 639/895/407
f 848/1007/513 835/986/495 847/1008/514
f 643/979/489 847/1008/514 832/978/488
f 801/1009/515 836/985/494 848/1007/513
f 614/832/346 699/1010/516 645/830/344
f 661/957/469 845/1011/517 663/956/468
f 644/885/397 693/1012/518 746/884/396
f 602/1013/334 799/872/386 593/860/374
f 602/1013/334 783/1014/336 841/1015/519
f 662/955/467 725/1016/520 610/954/466
f 847/1008/514 806/1017/521 803/1018/521
f 840/1019/522 839/993/502 706/1020/504
f 688/1021/523 814/945/457 609/1022/524
f 855/1023/504 706/1020/504 854/1024/504
f 606/808/322 802/1025/525 601/1026/526
f 601/1026/526 802/1025/525 786/826/340
f 605/854/368 843/805/319 801/1027/515
f 787/852/366 605/854/368 801/1027/515
f 800/802/316 594/864/378 842/1028/505
f 794/1029/527 842/1028/505 594/864/378
f 702/1030/528 844/1031/324 721/988/529
f 702/1030/528 838/1032/530 837/1000/508
f 721/988/497 849/987/496 703/1033/531
f 704/1002/510 853/1004/510 838/1032/530
f 852/1003/510 703/1033/531 849/987/496
f 705/1034/504 850/992/501 851/991/500
f 702/1030/528 837/1000/508 802/1035/525
f 704/1036/532 717/1037/532 703/1038/532
f 705/1039/532 720/903/415 706/1040/532
f 721/1041/533 722/907/534 702/1042/535
f 708/1043/536 707/1044/536 723/1045/536
f 706/1040/521 724/1046/521 708/1043/521
f 723/1045/537 719/1047/537 705/1039/537
f 702/1042/521 718/909/521 704/1036/521
f 703/1038/538 701/1005/539 721/1041/540
f 707/1044/541 782/925/437 719/1047/542
f 639/895/407 722/907/419 701/1005/511
f 707/1044/541 625/876/388 631/926/438
f 734/1048/537 841/1049/519 733/1050/537
f 735/1051/537 805/1052/537 736/1053/537
f 735/1054/537 841/1049/519 845/1011/517
f 734/1048/537 805/1055/537 834/980/490
f 682/1056/536 733/1057/536 681/1058/536
f 689/1059/532 736/1060/532 690/1061/532
f 681/1062/504 735/1063/504 689/1064/504
f 690/1065/510 734/1066/510 682/1067/510
f 806/1017/543 737/1068/544 803/1018/545
f 860/1069/536 804/1070/536 861/1071/536
f 738/1072/546 640/893/405 737/892/404
f 689/1064/547 634/922/434 681/1062/548
f 740/1073/549 690/898/410 771/889/401
f 861/1074/550 804/1075/551 727/817/552
f 689/1064/547 739/1076/553 775/923/435
f 724/1046/554 774/902/414 625/876/388
f 854/1024/555 743/1077/556 855/1023/557
f 852/1003/558 741/1078/559 853/1004/560
f 744/901/413 719/1047/542 743/1079/561
f 742/1080/562 718/909/421 741/1081/563
f 860/1082/564 740/1083/565 728/912/566
f 768/1084/567 745/1085/568 767/1086/406
f 769/1087/567 856/1088/569 768/1084/567
f 769/1087/567 857/1089/570 856/1088/569
f 772/1090/571 750/1091/572 771/1092/401
f 773/1093/573 753/964/476 772/1090/571
f 773/1093/573 754/959/471 753/964/476
f 776/1094/574 756/1095/575 758/848/362
f 777/1096/576 759/850/364 778/1097/420
f 780/1098/577 762/1099/578 859/1100/579
f 780/1098/577 859/1100/579 781/1101/580
f 781/1101/580 765/870/384 782/1102/437
f 771/1092/401 728/912/581 740/1083/549
f 775/1103/435 727/817/582 756/1095/575
f 693/1012/583 767/1086/406 745/1085/568
f 694/910/584 779/1104/585 738/1105/546
f 778/1097/420 691/813/586 741/1106/563
f 770/1107/512 692/905/587 857/1089/570
f 782/1102/437 695/881/588 743/1108/561
f 774/1109/414 696/888/589 754/959/471
f 743/1108/561 695/881/588 855/1110/590
f 741/1106/563 691/813/586 853/1111/591
f 737/1112/404 693/1012/583 803/1113/592
f 630/917/429 738/1072/546 779/1114/585
f 612/950/593 783/1115/594 784/1116/595
f 612/950/593 785/1117/596 611/944/597
f 611/944/597 786/1118/598 609/1022/599
f 614/832/600 788/1119/601 787/1120/602
f 616/831/603 789/1121/604 788/1119/601
f 615/834/605 790/1122/606 789/1121/604
f 620/837/607 791/1123/608 618/828/609
f 620/837/607 793/1124/610 792/1125/611
f 619/839/612 794/1126/613 793/1124/610
f 622/940/614 796/1127/615 624/936/616
f 624/936/616 797/1128/617 623/930/618
f 623/930/618 798/1129/619 621/1130/620
f 726/829/621 791/1123/608 799/1131/622
f 684/989/623 798/1129/619 800/1132/624
f 686/1133/625 787/1120/602 801/1134/626
f 688/1021/627 786/1118/598 802/1135/628
f 678/869/629 807/1136/630 680/871/631
f 810/932/632 679/1137/633 677/1138/634
f 676/867/635 809/1139/636 678/869/629
f 812/937/637 677/1138/634 675/1140/638
f 674/866/639 811/1141/640 676/867/635
f 672/941/641 675/1140/638 673/1142/642
f 670/851/643 815/1143/644 813/1144/645
f 816/946/646 669/1145/647 667/1146/648
f 666/847/649 815/1143/644 668/849/650
f 818/951/651 667/1146/648 665/1147/652
f 666/847/649 661/1148/653 817/1149/654
f 818/951/651 663/1150/655 662/955/656
f 658/840/657 819/1151/658 660/999/659
f 822/963/660 659/1152/661 657/1153/610
f 656/838/662 821/1154/663 658/840/657
f 655/968/607 657/1153/610 824/1155/611
f 656/838/662 652/1156/664 823/1157/665
f 655/968/607 825/1158/608 653/913/666
f 649/835/667 826/1159/668 651/1160/669
f 648/874/605 827/1161/606 829/1162/604
f 647/833/670 828/1163/671 649/835/667
f 646/875/672 829/1162/604 831/1164/673
f 645/830/674 830/1165/675 647/833/670
f 644/885/600 831/1164/673 832/1166/602
f 732/827/676 652/1156/664 654/836/677
f 731/914/678 825/1158/608 834/1167/678
f 698/1168/679 671/1169/680 674/866/639
f 700/984/681 673/1142/642 836/1170/682
f 710/1171/683 669/1145/647 814/945/684
f 715/812/685 813/1144/645 838/1172/686
f 713/886/687 659/1152/661 820/958/688
f 712/998/689 819/1151/658 840/1173/690
f 725/1016/691 783/1115/594 610/954/692
f 683/1174/693 794/1126/613 617/841/694
f 685/983/695 795/1175/696 622/940/614
f 687/816/697 790/1122/606 613/814/698
f 730/1176/699 663/1150/655 845/1177/699
f 729/1178/700 661/1148/653 664/818/701
f 697/1179/625 832/1166/602 847/1180/626
f 699/1010/702 643/1181/703 645/830/674
f 709/815/704 826/1159/668 721/1182/705
f 716/906/706 827/1161/606 650/904/698
f 714/880/707 807/1136/630 850/1183/708
f 711/990/709 679/1137/633 808/931/710
f 712/998/711 842/1184/711 683/1174/711
f 684/989/712 851/1185/712 711/990/712
f 716/906/713 852/1186/558 849/1187/714
f 686/1133/715 848/1188/715 699/1010/715
f 700/984/716 843/1189/716 685/983/716
f 729/1178/717 804/1075/551 846/1190/718
f 731/914/719 805/1191/720 728/912/566
f 730/1176/718 841/1192/718 725/1016/718
f 726/829/621 833/1193/721 732/827/721
f 697/1179/722 803/1113/592 693/1012/583
f 698/1168/723 806/1194/543 835/1195/716
f 688/1021/724 837/1196/724 710/1171/724
f 709/815/725 844/1197/324 687/816/714
f 715/812/726 853/1111/591 691/813/586
f 713/886/727 854/1198/555 839/1199/711
f 714/880/728 855/1110/590 695/881/588
f 746/884/729 856/1088/730 747/873/731
f 747/873/731 856/1088/730 748/975/732
f 748/975/732 857/1089/570 749/1200/733
f 752/967/478 750/1091/572 753/964/476
f 757/846/360 756/1095/575 755/819/734
f 761/911/735 859/1100/736 762/1099/578
f 764/868/382 765/870/384 859/1100/736
f 728/912/581 750/1091/572 751/971/737
f 693/1012/583 745/1085/568 746/884/729
f 695/881/588 765/870/384 766/879/391
f 691/813/586 759/850/364 760/811/325
f 860/1201/564 690/898/738 740/1073/565
f 739/1076/739 689/1064/740 861/1202/550
f 690/1061/741 861/1071/741 689/1059/741
f 681/1058/548 863/1203/742 682/1056/743
f 682/1204/743 863/1205/742 626/891/403
f 681/1062/548 634/922/434 862/1206/744
f 805/1191/720 860/1082/564 728/912/566
f 742/1080/562 770/1006/512 717/1037/745
f 897/1207/746 915/1208/747 901/1209/748
f 896/1210/749 914/1211/750 906/1212/751
f 897/1207/746 911/1213/752 909/1214/753
f 898/1215/754 910/1216/755 912/1217/756
f 898/1215/754 917/1218/757 903/1219/758
f 903/1219/758 916/1220/759 902/1221/760
f 902/1221/760 918/1222/761 904/1223/762
f 904/1223/762 919/1224/763 905/1225/764
f 899/1226/765 919/1224/763 913/1227/766
f 898/1215/754 888/1228/767 896/1210/749
f 897/1207/746 891/1229/768 899/1226/765
f 898/1215/754 893/1230/769 890/1231/770
f 896/1210/749 887/1232/771 900/1233/772
f 902/1221/760 893/1230/769 903/1219/758
f 904/1223/762 892/1234/773 902/1221/760
f 904/1223/762 895/1235/774 894/1236/775
f 899/1226/765 895/1235/774 905/1225/764
f 881/1237/776 888/1238/767 890/1239/770
f 877/1240/777 889/1241/778 875/1242/779
f 881/1237/776 890/1239/770 879/1243/780
f 885/1244/781 890/1239/770 893/1245/769
f 882/1246/782 891/1247/768 874/1248/783
f 873/1249/784 888/1238/767 878/1250/785
f 901/1209/748 889/1251/778 897/1207/746
f 885/1244/781 892/1252/773 884/1253/786
f 884/1253/786 894/1254/775 883/1255/787
f 883/1255/787 895/1256/774 882/1246/782
f 914/1211/750 878/1250/785 906/1212/751
f 907/1257/788 872/1258/789 915/1208/747
f 916/1220/759 883/1255/787 918/1222/761
f 878/1250/785 888/1238/767 880/1259/790
f 900/1233/772 873/1249/784 914/1211/750
f 915/1208/747 886/1260/791 901/1209/748
f 913/1227/766 882/1246/782 874/1248/783
f 909/1214/753 875/1242/779 907/1257/788
f 911/1213/752 876/1261/792 909/1214/753
f 913/1227/766 876/1261/792 911/1213/752
f 918/1222/761 882/1246/782 919/1224/763
f 916/1220/759 885/1244/781 884/1253/786
f 912/1217/756 885/1244/781 917/1218/757
f 910/1216/755 879/1243/780 912/1217/756
f 908/1262/793 880/1259/790 910/1216/755
f 906/1212/751 880/1259/790 908/1262/793
f 872/1258/789 889/1241/778 886/1263/791
f 963/1264/794 934/1265/795 939/1266/796
f 960/1267/797 933/1265/798 953/1268/799
f 949/1269/800 925/1270/801 956/1271/802
f 948/1272/803 926/1270/804 922/1273/805
f 945/1274/806 928/1275/807 921/1276/808
f 944/1277/809 931/1275/810 966/1278/811
f 953/1268/799 932/1279/812 952/1280/813
f 955/1281/814 934/1265/795 954/1282/815
f 961/1283/816 936/1266/817 960/1267/797
f 962/1284/818 939/1266/796 938/1285/819
f 965/1286/820 924/1287/821 929/1288/822
f 967/1289/823 927/1287/824 959/1290/825
f 966/1278/811 930/1288/826 967/1289/823
f 955/1281/814 959/1290/825 958/1291/827
f 964/1292/828 929/1288/822 928/1275/807
f 959/1290/825 926/1270/804 958/1291/827
f 950/1293/829 932/1279/812 940/1294/830
f 956/1271/802 953/1268/799 952/1280/813
f 946/1295/831 938/1285/819 943/1296/832
f 947/1297/833 937/1285/834 961/1283/816
f 951/1298/835 935/1279/836 955/1281/814
f 956/1271/802 924/1287/821 957/1299/837
f 952/1280/813 949/1269/800 956/1271/802
f 954/1282/815 967/1289/823 959/1290/825
f 965/1286/820 961/1283/816 960/1267/797
f 962/1284/818 944/1277/809 966/1278/811
f 964/1292/828 947/1297/833 961/1283/816
f 958/1291/827 951/1298/835 955/1281/814
f 957/1299/837 960/1267/797 953/1268/799
f 963/1264/794 966/1278/811 967/1289/823
f 1011/1300/794 982/1301/838 987/1302/796
f 1008/1303/797 981/1301/798 1001/1304/799
f 997/1305/839 973/1306/801 1004/1307/802
f 996/1308/840 974/1306/841 970/1309/805
f 993/1310/842 976/1311/807 969/1312/808
f 992/1313/843 979/1311/810 1014/1314/811
f 1001/1304/799 980/1315/812 1000/1316/844
f 1003/1317/845 982/1301/838 1002/1318/846
f 1009/1319/816 984/1302/817 1008/1303/797
f 1010/1320/818 987/1302/796 986/1321/819
f 1013/1322/820 972/1323/821 977/1324/822
f 1015/1325/847 975/1323/848 1007/1326/849
f 1014/1314/811 978/1324/826 1015/1325/847
f 1006/1327/850 1002/1318/846 1007/1326/849
f 1012/1328/828 977/1324/822 976/1311/807
f 1007/1326/849 974/1306/841 1006/1327/850
f 998/1329/829 980/1315/812 988/1330/830
f 1004/1307/802 1001/1304/799 1000/1316/844
f 994/1331/831 986/1321/819 991/1332/832
f 995/1333/833 985/1321/834 1009/1319/816
f 999/1334/851 983/1315/852 1003/1317/845
f 1004/1307/802 972/1323/821 1005/1335/853
f 1000/1316/844 997/1305/839 1004/1307/802
f 1002/1318/846 1015/1325/847 1007/1326/849
f 1013/1322/820 1009/1319/816 1008/1303/797
f 1010/1320/818 992/1313/843 1014/1314/811
f 1012/1328/828 995/1333/833 1009/1319/816
f 1006/1327/850 999/1334/851 1003/1317/845
f 1005/1335/853 1008/1303/797 1001/1304/799
f 1011/1300/794 1014/1314/811 1015/1325/847
f 1018/1336/532 1017/1337/532 1016/1338/532
f 1024/1339/854 1026/1340/855 1025/1341/856
f 1026/1340/857 1023/1342/858 1025/1341/859
f 1016/1338/860 1024/1339/861 1018/1336/862
f 1029/1343/863 1022/1344/864 1023/1345/865
f 1024/1339/866 1019/1346/867 1018/1336/867
f 1016/1338/868 1023/1345/865 1022/1344/864
f 1021/1347/869 1031/1348/870 1028/1349/871
f 1031/1348/870 1027/1350/872 1028/1349/873
f 1030/1351/874 1020/1352/875 1026/1340/876
f 1022/1344/877 1027/1350/872 1024/1339/861
f 1033/1353/532 1034/1354/532 1032/1355/532
f 1040/1356/878 1042/1357/879 1043/1358/880
f 1039/1359/881 1042/1357/882 1041/1360/883
f 1040/1356/884 1032/1355/885 1034/1354/862
f 1038/1361/886 1045/1362/887 1039/1363/888
f 1035/1364/889 1040/1356/878 1034/1354/890
f 1039/1363/888 1032/1355/891 1038/1361/886
f 1044/1365/892 1047/1366/893 1037/1367/894
f 1043/1358/895 1047/1366/893 1044/1365/892
f 1042/1357/879 1036/1368/896 1046/1369/897
f 1038/1361/898 1043/1358/895 1044/1365/892
f 1055/1370/899 1052/1371/900 1054/1372/899
f 1053/1373/901 1048/1374/504 1052/1371/902
f 1050/1375/537 1052/1371/537 1048/1374/537
f 1051/1376/521 1053/1373/521 1055/1370/521
f 1060/1377/903 1056/1378/904 1059/1379/905
f 1058/1380/537 1059/1379/537 1056/1378/537
f 1057/1381/906 1060/1377/907 1061/1382/521
f 1058/1383/908 1061/1382/909 1059/1379/905
f 1066/1384/910 1069/1385/899 1068/1386/899
f 1062/1387/504 1067/1388/911 1066/1384/910
f 1064/1389/521 1066/1384/521 1068/1386/521
f 1067/1388/537 1065/1390/537 1069/1385/537
f 1070/1391/912 1074/1392/913 1073/1393/914
f 1074/1392/537 1071/1394/537 1075/1395/537
f 1075/1395/915 1072/1396/916 1073/1393/914
f 1076/1397/521 1081/1398/917 1080/1399/918
f 1076/1397/510 1082/1400/510 1078/1401/510
f 1083/1402/504 1077/1403/504 1079/1404/504
f 1092/1405/919 1088/1406/920 1087/1407/921
f 1089/1408/504 1093/1409/922 1091/1410/923
f 1091/1410/923 1086/1411/924 1090/1412/925
f 1093/1409/922 1085/1413/926 1091/1410/923
f 1084/1414/510 1090/1415/925 1086/1416/924
f 1084/1414/927 1093/1409/922 1092/1405/919
f 1083/1402/504 1095/1417/504 1097/1418/504
f 1083/1402/504 1097/1418/504 1081/1398/504
f 1081/1398/917 1096/1419/928 1080/1399/918
f 1094/1420/929 1097/1418/929 1095/1421/929
f 1094/1422/510 1082/1400/510 1096/1419/510
f 1102/1423/930 1105/1424/931 1104/1425/931
f 1098/1426/510 1103/1427/932 1102/1423/930
f 1100/1428/537 1102/1423/537 1104/1425/537
f 1103/1427/521 1101/1429/521 1105/1424/521
f 1106/1430/933 1110/1431/934 1109/1432/935
f 1110/1431/521 1107/1433/521 1111/1434/521
f 1111/1434/936 1108/1435/937 1109/1432/935
f 1119/1436/931 1116/1437/938 1118/1438/931
f 1117/1439/932 1112/1440/510 1116/1437/939
f 1114/1441/521 1116/1437/521 1112/1440/521
f 1115/1442/537 1117/1439/537 1119/1436/537
f 1124/1443/940 1120/1444/941 1123/1445/942
f 1122/1446/521 1123/1445/521 1120/1444/521
f 1121/1447/943 1124/1443/944 1125/1448/537
f 1122/1449/945 1125/1448/946 1123/1445/942
f 1132/1450/504 1146/1451/504 1130/1452/504
f 1131/1453/947 1126/1454/521 1130/1452/918
f 1132/1450/504 1126/1454/504 1128/1455/504
f 1133/1456/510 1127/1457/510 1131/1453/510
f 1138/1458/948 1142/1459/949 1137/1460/950
f 1141/1461/951 1138/1458/510 1139/1462/510
f 1136/1463/952 1141/1461/951 1140/1464/953
f 1135/1465/954 1143/1466/955 1141/1461/951
f 1140/1467/953 1134/1468/504 1136/1469/952
f 1143/1466/956 1134/1468/521 1142/1459/949
f 1133/1456/510 1147/1470/510 1145/1471/510
f 1147/1470/510 1133/1456/510 1131/1453/510
f 1146/1451/957 1131/1453/947 1130/1452/918
f 1144/1472/958 1147/1470/959 1146/1451/957
f 1144/1473/504 1146/1451/504 1132/1450/504
f 1153/1474/960 1157/1475/961 1152/1476/962
f 1160/1477/963 1151/1478/964 1155/1479/965
f 1155/1479/965 1157/1475/961 1156/1480/966
f 1153/1474/537 1148/1481/537 1150/1482/537
f 1152/1483/967 1154/1484/968 1158/1485/969
f 1155/1479/965 1153/1486/970 1160/1477/963
f 1151/1478/971 1154/1484/968 1155/1479/965
f 1148/1487/504 1152/1488/967 1158/1485/969
f 1150/1489/510 1160/1477/963 1153/1486/970
f 1166/1490/972 1170/1491/973 1169/1492/974
f 1173/1493/975 1164/1494/976 1172/1495/504
f 1170/1491/973 1168/1496/977 1169/1492/974
f 1161/1497/537 1166/1490/537 1163/1498/537
f 1171/1499/978 1162/1500/979 1167/1501/980
f 1165/1502/981 1167/1501/980 1170/1491/973
f 1166/1503/982 1168/1496/977 1173/1493/975
f 1167/1501/980 1164/1494/983 1168/1496/977
f 1161/1504/510 1171/1499/978 1165/1505/981
f 1163/1506/504 1166/1503/982 1173/1493/975
f 1179/1507/984 1183/1508/985 1175/1509/986
f 1177/1510/987 1180/1511/988 1184/1512/989
f 1178/1513/990 1179/1514/984 1185/1515/991
f 1181/1516/992 1187/1517/993 1182/1518/994
f 1182/1519/994 1186/1520/995 1181/1521/992
f 1197/1508/996 1193/1507/997 1189/1509/998
f 1194/1511/999 1188/1522/1000 1190/1523/1001
f 1199/1524/1002 1192/1525/1003 1191/1526/1004
f 1201/1517/1005 1195/1527/1006 1196/1518/1007
f 1200/1520/1008 1196/1528/1007 1195/1521/1006
f 1200/1520/1008 1190/1523/1001 1188/1522/1000
f 1176/1523/1009 1186/1520/995 1174/1522/1010
f 1211/1529/1011 1215/1530/1012 1217/1531/1013
f 1216/1532/1014 1213/1533/1015 1212/1534/1016
f 1207/1535/1017 1213/1533/1015 1203/1536/1018
f 1208/1537/1019 1202/1538/1020 1214/1539/1021
f 1205/1540/1022 1214/1539/1021 1215/1530/1012
f 1205/1540/1022 1216/1532/1014 1206/1541/1023
f 1206/1541/1023 1212/1534/1016 1207/1535/1017
f 1210/1542/1024 1217/1531/1025 1209/1543/1026
f 1204/1544/1027 1217/1531/1013 1202/1538/1020
f 1203/1536/1018 1211/1529/1011 1210/1542/1024
f 1221/1545/1028 1220/1546/1029 1225/1547/1030
f 1232/1548/1031 1229/1549/1032 1227/1550/1033
f 1229/1549/1032 1223/1551/1034 1219/1552/1035
f 1224/1553/1036 1218/1554/1037 1220/1555/1029
f 1221/1556/1028 1230/1557/1038 1224/1553/1036
f 1222/1558/1039 1231/1559/1040 1221/1556/1028
f 1228/1560/1041 1222/1558/1039 1223/1551/1034
f 1220/1555/1029 1233/1561/1042 1225/1562/1030
f 1227/1550/1033 1219/1552/1035 1226/1563/1043
f 1182/1519/994 1175/1509/986 1183/1508/985
f 1189/1509/998 1196/1528/1007 1197/1508/996
f 1188/1522/1000 1191/1572/1004 1200/1520/1008
f 1174/1522/1010 1184/1512/989 1180/1511/988
f 1182/1519/994 1184/1512/989 1186/1520/995
f 1204/1573/1027 1205/1574/1022 1209/1575/1026
f 1192/1525/1003 1189/1576/998 1193/1577/997
f 1176/1578/1009 1177/1579/987 1181/1516/992
f 1199/1524/1002 1201/1517/1005 1192/1525/1003
f 1218/1554/1037 1231/1559/1040 1233/1561/1042
f 1222/1590/1039 1219/1591/1035 1223/1592/1034
f 1222/1590/1039 1225/1547/1030 1226/1593/1043
f 1233/1561/1042 1232/1548/1031 1227/1550/1033
f 1202/1538/1020 1215/1530/1012 1214/1539/1021
f 1225/1562/1030 1227/1550/1033 1226/1563/1043
f 1203/1594/1018 1206/1595/1023 1207/1596/1017
f 1209/1575/1026 1206/1595/1023 1210/1597/1024
f 1183/1508/985 1178/1598/990 1182/1519/994
f 1181/1516/992 1185/1515/991 1187/1517/993
f 1175/1599/986 1185/1515/991 1179/1514/984
f 1197/1508/996 1198/1600/1045 1193/1507/997
f 1200/1520/1008 1198/1600/1045 1196/1528/1007
f 1199/1524/1002 1190/1601/1001 1195/1527/1006
f 760/811/325 670/851/365 715/812/326
f 613/814/328 651/1160/1046 709/815/329
f 727/817/331 729/1178/1047 664/818/332
f 602/820/334 604/823/337 784/821/335
f 604/823/337 603/825/339 785/824/338
f 603/825/339 601/1026/526 786/826/340
f 732/827/341 654/836/350 618/828/342
f 645/830/344 647/833/347 616/831/345
f 647/833/347 649/835/349 615/834/348
f 649/835/349 651/1160/1046 613/814/328
f 654/836/350 656/838/352 620/837/351
f 656/838/352 658/840/354 619/839/353
f 658/840/354 660/999/507 617/841/355
f 598/806/320 600/843/357 796/842/356
f 600/843/357 599/845/359 797/844/358
f 599/845/359 597/804/318 798/803/317
f 757/846/360 755/819/333 664/818/332
f 758/848/362 757/846/360 666/847/361
f 759/850/364 758/848/362 668/849/363
f 760/811/325 759/850/364 670/851/365
f 787/852/366 788/855/369 607/853/367
f 788/855/369 789/857/371 608/856/370
f 789/857/371 790/809/323 606/808/322
f 791/858/372 792/861/375 595/859/373
f 792/861/375 793/863/377 596/862/376
f 793/863/377 794/1029/527 594/864/378
f 763/865/379 761/911/423 674/866/380
f 764/868/382 763/865/379 676/867/381
f 765/870/384 764/868/382 678/869/383
f 766/879/391 765/870/384 680/871/385
f 747/873/347 748/975/486 648/874/348
f 625/876/388 774/902/414 773/877/389
f 766/879/391 680/871/385 714/880/392
f 627/878/390 773/877/389 772/882/394
f 746/884/396 747/873/347 646/875/387
f 713/886/398 820/958/470 858/887/399
f 628/883/395 772/882/394 771/889/401
f 639/895/407 770/1006/512 769/896/408
f 690/898/410 682/1204/743 626/891/403
f 641/897/409 769/896/408 768/899/411
f 642/900/412 768/899/411 767/894/406
f 743/1079/561 719/1047/542 782/925/437
f 650/904/416 749/1200/1048 692/905/417
f 722/907/419 635/916/428 778/908/420
f 694/910/422 698/1168/1049 674/866/380
f 728/912/424 751/971/482 653/913/425
f 638/915/427 777/929/441 778/908/420
f 630/917/429 779/1114/585 780/918/430
f 632/919/431 780/918/430 781/920/432
f 633/921/433 781/920/432 782/925/437
f 636/924/436 775/923/435 776/927/439
f 637/928/440 776/927/439 777/929/441
f 623/930/442 621/1130/1050 808/931/443
f 677/933/445 679/1602/1051 807/934/446
f 624/936/448 623/930/442 810/932/444
f 675/938/450 677/933/445 809/935/447
f 622/940/452 624/936/448 812/937/449
f 673/942/454 675/938/450 811/939/451
f 611/944/456 609/1022/524 814/945/457
f 667/947/459 669/1001/509 813/948/460
f 612/950/462 611/944/456 816/946/458
f 665/952/464 667/947/459 815/949/461
f 610/954/466 612/950/462 818/951/463
f 663/956/468 665/952/464 817/953/465
f 657/960/472 659/994/503 819/961/473
f 754/959/471 820/958/470 822/963/475
f 824/965/375 657/960/472 821/962/474
f 752/967/478 753/964/476 822/963/475
f 825/969/480 824/965/375 823/966/477
f 751/971/482 752/967/478 655/968/479
f 829/972/483 827/1603/1052 826/973/484
f 748/975/486 749/1200/1048 650/904/416
f 831/976/369 829/972/483 828/974/485
f 832/978/488 831/976/369 830/977/487
f 834/980/490 825/1604/480 652/981/481
f 685/983/492 622/940/452 672/941/453
f 836/985/494 673/942/454 671/943/455
f 826/973/484 827/1603/1052 849/987/496
f 808/931/443 621/1130/1050 684/989/498
f 807/934/446 679/1602/1051 851/991/500
f 839/993/502 840/1019/522 819/961/473
f 723/995/504 800/1605/316 842/996/505
f 712/998/506 683/1174/1053 617/841/355
f 837/1000/508 838/1032/530 813/948/460
f 704/1002/510 703/1033/531 852/1003/510
f 701/1005/511 717/1037/745 770/1006/512
f 848/1007/513 836/985/494 835/986/495
f 643/979/489 848/1007/513 847/1008/514
f 801/1009/515 843/1606/319 836/985/494
f 614/832/346 686/1133/1054 699/1010/516
f 661/957/469 846/1607/1055 845/1011/517
f 644/885/397 697/1179/1056 693/1012/518
f 602/1013/334 841/1015/519 799/872/386
f 662/955/467 730/1176/1057 725/1016/520
f 847/1008/514 835/986/495 806/1017/521
f 706/1020/504 708/997/504 842/996/505
f 706/1020/504 842/996/505 840/1019/522
f 839/993/502 854/1024/504 706/1020/504
f 688/1021/523 710/1171/1058 814/945/457
f 855/1023/504 705/1034/504 706/1020/504
f 606/808/322 844/810/324 802/1025/525
f 605/854/368 598/806/320 843/805/319
f 800/802/316 597/804/318 594/864/378
f 702/1030/528 802/1035/525 844/1031/324
f 702/1030/528 704/1002/510 838/1032/530
f 800/1605/316 723/995/504 705/1034/504
f 705/1034/504 855/1023/504 850/992/501
f 851/991/500 800/1605/316 705/1034/504
f 704/1036/532 718/909/532 717/1037/532
f 705/1039/532 719/1047/542 720/903/415
f 721/1041/533 701/1005/1059 722/907/534
f 708/1043/536 724/1046/536 707/1044/536
f 706/1040/521 720/903/521 724/1046/521
f 723/1045/537 707/1044/537 719/1047/537
f 702/1042/521 722/907/521 718/909/521
f 703/1038/538 717/1037/537 701/1005/539
f 741/1081/563 718/909/421 778/908/420
f 707/1044/541 631/926/438 782/925/437
f 639/895/407 635/916/428 722/907/419
f 707/1044/541 724/1046/554 625/876/388
f 734/1048/537 799/1608/386 841/1049/519
f 735/1051/537 804/1070/537 805/1052/537
f 846/1607/1055 804/1609/537 735/1054/537
f 735/1054/537 733/1050/537 841/1049/519
f 845/1011/517 846/1607/1055 735/1054/537
f 833/982/491 799/1608/386 734/1048/537
f 734/1048/537 736/1610/537 805/1055/537
f 834/980/490 833/982/491 734/1048/537
f 682/1056/536 734/1611/536 733/1057/536
f 689/1059/532 735/1612/532 736/1060/532
f 681/1062/504 733/1613/504 735/1063/504
f 690/1065/510 736/1614/510 734/1066/510
f 806/1017/543 738/1615/1060 737/1068/544
f 860/1069/536 805/1052/536 804/1070/536
f 738/1072/546 630/917/429 640/893/405
f 689/1064/547 775/923/435 634/922/434
f 724/1046/554 720/903/415 774/902/414
f 854/1024/555 744/1616/1061 743/1077/556
f 852/1003/558 742/1617/1062 741/1078/559
f 744/901/413 720/903/415 719/1047/542
f 742/1080/562 717/1037/745 718/909/421
f 806/1194/543 694/910/1063 738/1105/1060
f 768/1084/567 856/1088/569 745/1085/568
f 769/1087/567 770/1107/512 857/1089/570
f 772/1090/571 753/964/476 750/1091/572
f 773/1093/573 774/1109/414 754/959/471
f 776/1094/574 775/1103/435 756/1095/575
f 777/1096/576 776/1094/574 758/848/362
f 777/1096/576 758/848/362 759/850/364
f 780/1098/577 779/1104/585 762/1099/578
f 781/1101/580 859/1100/579 765/870/384
f 771/1092/401 750/1091/572 728/912/581
f 775/1103/435 739/1618/553 727/817/582
f 693/1012/583 737/1112/404 767/1086/406
f 694/910/584 762/1099/578 779/1104/585
f 778/1097/420 759/850/364 691/813/586
f 770/1107/512 742/1619/562 692/905/587
f 782/1102/437 765/870/384 695/881/588
f 774/1109/414 744/1620/413 696/888/589
f 854/1198/555 696/888/1064 744/1620/1061
f 852/1186/558 692/905/1065 742/1619/1062
f 612/950/593 610/954/692 783/1115/594
f 612/950/593 784/1116/595 785/1117/596
f 611/944/597 785/1117/596 786/1118/598
f 614/832/600 616/831/603 788/1119/601
f 616/831/603 615/834/605 789/1121/604
f 615/834/605 613/814/698 790/1122/606
f 620/837/607 792/1125/611 791/1123/608
f 620/837/607 619/839/612 793/1124/610
f 619/839/612 617/841/694 794/1126/613
f 622/940/614 795/1175/696 796/1127/615
f 624/936/616 796/1127/615 797/1128/617
f 623/930/618 797/1128/617 798/1129/619
f 726/829/621 618/828/609 791/1123/608
f 684/989/623 621/1130/620 798/1129/619
f 686/1133/625 614/832/600 787/1120/602
f 688/1021/627 609/1022/599 786/1118/598
f 678/869/629 809/1139/636 807/1136/630
f 810/932/632 808/931/710 679/1137/633
f 676/867/635 811/1141/640 809/1139/636
f 812/937/637 810/932/632 677/1138/634
f 674/866/639 671/1169/680 811/1141/640
f 672/941/641 812/937/637 675/1140/638
f 670/851/643 668/849/650 815/1143/644
f 816/946/646 814/945/684 669/1145/647
f 666/847/649 817/1149/654 815/1143/644
f 818/951/651 816/946/646 667/1146/648
f 666/847/649 664/818/701 661/1148/653
f 818/951/651 665/1147/652 663/1150/655
f 658/840/657 821/1154/663 819/1151/658
f 822/963/660 820/958/688 659/1152/661
f 656/838/662 823/1157/665 821/1154/663
f 655/968/607 822/963/660 657/1153/610
f 656/838/662 654/836/677 652/1156/664
f 655/968/607 824/1155/611 825/1158/608
f 649/835/667 828/1163/671 826/1159/668
f 648/874/605 650/904/698 827/1161/606
f 647/833/670 830/1165/675 828/1163/671
f 646/875/672 648/874/605 829/1162/604
f 645/830/674 643/1181/703 830/1165/675
f 644/885/600 646/875/672 831/1164/673
f 732/827/676 833/1193/1066 652/1156/664
f 731/914/678 653/913/666 825/1158/608
f 698/1168/679 835/1195/1067 671/1169/680
f 700/984/681 672/941/641 673/1142/642
f 710/1171/683 837/1196/1068 669/1145/647
f 715/812/685 670/851/643 813/1144/645
f 713/886/687 839/1199/1069 659/1152/661
f 712/998/689 660/999/659 819/1151/658
f 725/1016/691 841/1192/1070 783/1115/594
f 683/1174/693 842/1184/1071 794/1126/613
f 685/983/695 843/1189/1072 795/1175/696
f 687/816/697 844/1197/1073 790/1122/606
f 730/1176/699 662/955/656 663/1150/655
f 729/1178/700 846/1190/1074 661/1148/653
f 697/1179/625 644/885/600 832/1166/602
f 699/1010/702 848/1188/1075 643/1181/703
f 709/815/704 651/1160/669 826/1159/668
f 716/906/706 849/1187/1076 827/1161/606
f 714/880/707 680/871/631 807/1136/630
f 711/990/709 851/1185/1077 679/1137/633
f 712/998/711 840/1173/711 842/1184/711
f 684/989/712 800/1132/712 851/1185/712
f 716/906/713 692/905/1065 852/1186/558
f 686/1133/715 801/1134/715 848/1188/715
f 700/984/716 836/1170/716 843/1189/716
f 729/1178/717 727/817/552 804/1075/551
f 731/914/719 834/1167/721 805/1191/720
f 730/1176/718 845/1177/718 841/1192/718
f 726/829/621 799/1131/622 833/1193/721
f 697/1179/722 847/1180/715 803/1113/592
f 698/1168/723 694/910/1063 806/1194/543
f 688/1021/724 802/1135/724 837/1196/724
f 709/815/725 721/1182/529 844/1197/324
f 715/812/726 838/1172/724 853/1111/591
f 713/886/727 696/888/1064 854/1198/555
f 714/880/728 850/1183/712 855/1110/590
f 746/884/729 745/1085/568 856/1088/730
f 748/975/732 856/1088/730 857/1089/570
f 752/967/478 751/971/737 750/1091/572
f 757/846/360 758/848/362 756/1095/575
f 761/911/735 763/865/1078 859/1100/736
f 763/865/1078 764/868/382 859/1100/736
f 694/910/584 761/911/735 762/1099/578
f 727/817/582 755/819/734 756/1095/575
f 692/905/587 749/1200/733 857/1089/570
f 696/888/589 858/887/399 754/959/471
f 690/1061/741 860/1069/741 861/1071/741
f 681/1058/548 862/1621/744 863/1203/742
f 861/1074/550 727/817/552 739/1618/739
f 896/1210/749 906/1212/751 908/1262/793
f 897/1207/746 907/1257/788 915/1208/747
f 896/1210/749 900/1233/772 914/1211/750
f 898/1215/754 896/1210/749 908/1262/793
f 898/1215/754 908/1262/793 910/1216/755
f 897/1207/746 899/1226/765 911/1213/752
f 899/1226/765 913/1227/766 911/1213/752
f 898/1215/754 912/1217/756 917/1218/757
f 897/1207/746 909/1214/753 907/1257/788
f 903/1219/758 917/1218/757 916/1220/759
f 902/1221/760 916/1220/759 918/1222/761
f 904/1223/762 918/1222/761 919/1224/763
f 899/1226/765 905/1225/764 919/1224/763
f 898/1215/754 890/1231/770 888/1228/767
f 897/1207/746 889/1251/778 891/1229/768
f 898/1215/754 903/1219/758 893/1230/769
f 896/1210/749 888/1228/767 887/1232/771
f 902/1221/760 892/1234/773 893/1230/769
f 904/1223/762 894/1236/775 892/1234/773
f 904/1223/762 905/1225/764 895/1235/774
f 899/1226/765 891/1229/768 895/1235/774
f 876/1261/792 874/1248/783 891/1247/768
f 881/1237/776 880/1259/790 888/1238/767
f 877/1240/777 876/1261/792 889/1241/778
f 876/1261/792 891/1247/768 889/1241/778
f 885/1244/781 879/1243/780 890/1239/770
f 882/1246/782 895/1256/774 891/1247/768
f 873/1249/784 887/1622/771 888/1238/767
f 901/1209/748 886/1260/791 889/1251/778
f 885/1244/781 893/1245/769 892/1252/773
f 884/1253/786 892/1252/773 894/1254/775
f 883/1255/787 894/1254/775 895/1256/774
f 914/1211/750 873/1249/784 878/1250/785
f 907/1257/788 875/1242/779 872/1258/789
f 916/1220/759 884/1253/786 883/1255/787
f 900/1233/772 887/1232/771 873/1249/784
f 915/1208/747 872/1258/789 886/1260/791
f 913/1227/766 919/1224/763 882/1246/782
f 909/1214/753 877/1240/777 875/1242/779
f 909/1214/753 876/1261/792 877/1240/777
f 913/1227/766 874/1248/783 876/1261/792
f 918/1222/761 883/1255/787 882/1246/782
f 916/1220/759 917/1218/757 885/1244/781
f 912/1217/756 879/1243/780 885/1244/781
f 910/1216/755 881/1237/776 879/1243/780
f 910/1216/755 880/1259/790 881/1237/776
f 906/1212/751 878/1250/785 880/1259/790
f 872/1258/789 875/1242/779 889/1241/778
f 963/1264/794 954/1282/815 934/1265/795
f 960/1267/797 936/1266/817 933/1265/798
f 949/1269/800 923/1273/1079 925/1270/801
f 948/1272/803 958/1291/827 926/1270/804
f 945/1274/806 964/1292/828 928/1275/807
f 944/1277/809 920/1276/1080 931/1275/810
f 953/1268/799 933/1265/798 932/1279/812
f 955/1281/814 935/1279/836 934/1265/795
f 961/1283/816 937/1285/834 936/1266/817
f 962/1284/818 963/1264/794 939/1266/796
f 965/1286/820 957/1299/837 924/1287/821
f 967/1289/823 930/1288/826 927/1287/824
f 966/1278/811 931/1275/810 930/1288/826
f 955/1281/814 954/1282/815 959/1290/825
f 964/1292/828 965/1286/820 929/1288/822
f 959/1290/825 927/1287/824 926/1270/804
f 950/1293/829 952/1280/813 932/1279/812
f 956/1271/802 957/1299/837 953/1268/799
f 946/1295/831 962/1284/818 938/1285/819
f 947/1297/833 942/1296/1081 937/1285/834
f 951/1298/835 941/1294/1082 935/1279/836
f 956/1271/802 925/1270/801 924/1287/821
f 952/1280/813 950/1293/829 949/1269/800
f 954/1282/815 963/1264/794 967/1289/823
f 965/1286/820 964/1292/828 961/1283/816
f 962/1284/818 946/1295/831 944/1277/809
f 964/1292/828 945/1274/806 947/1297/833
f 958/1291/827 948/1272/803 951/1298/835
f 957/1299/837 965/1286/820 960/1267/797
f 963/1264/794 962/1284/818 966/1278/811
f 1011/1300/794 1002/1318/846 982/1301/838
f 1008/1303/797 984/1302/817 981/1301/798
f 997/1305/839 971/1309/1079 973/1306/801
f 996/1308/840 1006/1327/850 974/1306/841
f 993/1310/842 1012/1328/828 976/1311/807
f 992/1313/843 968/1312/1080 979/1311/810
f 1001/1304/799 981/1301/798 980/1315/812
f 1003/1317/845 983/1315/852 982/1301/838
f 1009/1319/816 985/1321/834 984/1302/817
f 1010/1320/818 1011/1300/794 987/1302/796
f 1013/1322/820 1005/1335/853 972/1323/821
f 1015/1325/847 978/1324/826 975/1323/848
f 1014/1314/811 979/1311/810 978/1324/826
f 1006/1327/850 1003/1317/845 1002/1318/846
f 1012/1328/828 1013/1322/820 977/1324/822
f 1007/1326/849 975/1323/848 974/1306/841
f 998/1329/829 1000/1316/844 980/1315/812
f 1004/1307/802 1005/1335/853 1001/1304/799
f 994/1331/831 1010/1320/818 986/1321/819
f 995/1333/833 990/1332/1081 985/1321/834
f 999/1334/851 989/1330/1082 983/1315/852
f 1004/1307/802 973/1306/801 972/1323/821
f 1000/1316/844 998/1329/829 997/1305/839
f 1002/1318/846 1011/1300/794 1015/1325/847
f 1013/1322/820 1012/1328/828 1009/1319/816
f 1010/1320/818 994/1331/831 992/1313/843
f 1012/1328/828 993/1310/842 995/1333/833
f 1006/1327/850 996/1308/840 999/1334/851
f 1005/1335/853 1013/1322/820 1008/1303/797
f 1011/1300/794 1010/1320/818 1014/1314/811
f 1018/1336/532 1019/1623/532 1017/1337/532
f 1024/1339/854 1027/1350/1083 1026/1340/855
f 1026/1340/857 1029/1624/1084 1023/1342/858
f 1016/1338/860 1022/1344/877 1024/1339/861
f 1029/1343/863 1028/1349/1085 1022/1344/864
f 1024/1339/854 1025/1341/856 1019/1346/1086
f 1016/1338/1087 1017/1625/1087 1023/1345/1088
f 1028/1349/1085 1029/1343/863 1021/1347/1089
f 1031/1348/870 1030/1351/874 1027/1350/872
f 1026/1340/855 1027/1350/1083 1030/1351/1090
f 1022/1344/877 1028/1349/873 1027/1350/872
f 1031/1348/870 1020/1626/875 1030/1351/874
f 1031/1348/870 1021/1627/869 1020/1626/875
f 1033/1353/532 1035/1628/532 1034/1354/532
f 1040/1356/878 1041/1360/1091 1042/1357/879
f 1039/1359/881 1045/1629/1092 1042/1357/882
f 1040/1356/884 1038/1361/898 1032/1355/885
f 1038/1361/886 1044/1365/892 1045/1362/887
f 1035/1364/889 1041/1360/1091 1040/1356/878
f 1039/1363/888 1033/1630/1093 1032/1355/891
f 1037/1367/894 1045/1362/887 1044/1365/892
f 1043/1358/895 1046/1369/1094 1047/1366/893
f 1046/1369/897 1043/1358/880 1042/1357/879
f 1038/1361/898 1040/1356/884 1043/1358/895
f 1046/1369/1094 1036/1368/1095 1047/1366/893
f 1036/1368/1095 1037/1631/1096 1047/1366/893
f 1055/1370/899 1053/1373/901 1052/1371/902
f 1053/1373/1097 1049/1632/504 1048/1374/504
f 1050/1375/537 1054/1372/537 1052/1371/537
f 1051/1376/521 1049/1632/521 1053/1373/521
f 1061/1382/909 1060/1377/903 1059/1379/905
f 1060/1377/907 1057/1381/906 1056/1378/1098
f 1058/1383/908 1057/1633/1099 1061/1382/909
f 1066/1384/910 1067/1388/911 1069/1385/899
f 1062/1387/504 1063/1634/504 1067/1388/911
f 1064/1389/521 1062/1387/521 1066/1384/521
f 1067/1388/537 1063/1634/537 1065/1390/537
f 1073/1393/914 1074/1392/913 1075/1395/915
f 1070/1391/912 1071/1394/1100 1074/1392/913
f 1072/1635/916 1070/1391/521 1073/1393/914
f 1075/1395/1101 1071/1636/1101 1072/1396/1101
f 1082/1400/510 1080/1399/510 1096/1419/510
f 1076/1397/521 1077/1403/521 1081/1398/917
f 1076/1397/510 1080/1399/510 1082/1400/510
f 1083/1402/504 1081/1398/504 1077/1403/504
f 1092/1405/919 1093/1409/922 1088/1406/920
f 1089/1408/504 1088/1406/504 1093/1409/922
f 1091/1410/923 1085/1413/926 1086/1411/924
f 1084/1414/510 1092/1405/919 1090/1415/1102
f 1087/1407/921 1090/1415/1102 1092/1405/919
f 1084/1414/927 1085/1413/926 1093/1409/922
f 1087/1407/921 1088/1406/920 1089/1408/1103
f 1081/1398/917 1097/1418/1104 1096/1419/928
f 1094/1420/1105 1096/1419/928 1097/1418/1104
f 1102/1423/930 1103/1427/932 1105/1424/931
f 1098/1426/510 1099/1637/510 1103/1427/932
f 1100/1428/537 1098/1426/537 1102/1423/537
f 1103/1427/521 1099/1637/521 1101/1429/521
f 1109/1432/935 1110/1431/934 1111/1434/936
f 1106/1430/933 1107/1433/1106 1110/1431/934
f 1108/1638/937 1106/1430/537 1109/1432/935
f 1111/1434/1107 1107/1639/1107 1108/1435/1107
f 1119/1436/931 1117/1439/932 1116/1437/939
f 1117/1439/1108 1113/1640/510 1112/1440/510
f 1114/1441/521 1118/1438/521 1116/1437/521
f 1115/1442/537 1113/1640/537 1117/1439/537
f 1125/1448/946 1124/1443/940 1123/1445/942
f 1124/1443/944 1121/1447/943 1120/1444/1109
f 1122/1449/945 1121/1641/1110 1125/1448/946
f 1131/1453/1111 1127/1457/521 1126/1454/521
f 1132/1450/504 1130/1452/504 1126/1454/504
f 1133/1456/510 1129/1642/510 1127/1457/510
f 1138/1458/948 1143/1466/956 1142/1459/949
f 1141/1461/951 1143/1466/955 1138/1458/510
f 1136/1463/952 1135/1465/954 1141/1461/951
f 1140/1467/953 1142/1459/504 1134/1468/504
f 1142/1459/504 1140/1467/953 1137/1460/504
f 1143/1466/955 1135/1465/954 1134/1468/1112
f 1139/1462/1113 1138/1458/948 1137/1460/950
f 1146/1451/957 1147/1470/959 1131/1453/947
f 1144/1472/958 1145/1643/929 1147/1470/959
f 1149/1644/532 1151/1478/532 1159/1645/532
f 1153/1474/960 1156/1480/966 1157/1475/961
f 1160/1477/963 1159/1645/510 1151/1478/964
f 1155/1479/965 1154/1484/968 1157/1475/961
f 1153/1474/537 1152/1476/537 1148/1481/537
f 1158/1485/969 1154/1484/968 1149/1644/501
f 1152/1483/967 1157/1475/961 1154/1484/968
f 1155/1479/965 1156/1480/966 1153/1486/970
f 1151/1478/971 1149/1644/1114 1154/1484/968
f 1172/1495/532 1164/1494/532 1162/1500/532
f 1166/1490/972 1165/1646/962 1170/1491/973
f 1173/1493/975 1168/1496/977 1164/1494/976
f 1170/1491/973 1167/1501/980 1168/1496/977
f 1161/1497/537 1165/1646/537 1166/1490/537
f 1165/1502/981 1171/1499/978 1167/1501/980
f 1166/1503/982 1169/1492/974 1168/1496/977
f 1167/1501/980 1162/1500/1115 1164/1494/983
f 1180/1511/988 1176/1523/1009 1174/1522/1010
f 1178/1598/990 1177/1510/987 1184/1512/989
f 1178/1513/990 1185/1515/991 1177/1579/987
f 1201/1517/1005 1196/1518/1007 1189/1576/998
f 1192/1647/1003 1198/1600/1045 1191/1572/1004
f 1193/1507/997 1198/1600/1045 1192/1647/1003
f 1194/1648/999 1199/1524/1002 1191/1526/1004
f 1200/1520/1008 1195/1521/1006 1190/1523/1001
f 1176/1523/1009 1181/1521/992 1186/1520/995
f 1211/1529/1011 1216/1532/1014 1215/1530/1012
f 1216/1532/1014 1211/1529/1011 1213/1533/1015
f 1207/1535/1017 1212/1534/1016 1213/1533/1015
f 1208/1537/1019 1204/1544/1027 1202/1538/1020
f 1205/1540/1022 1208/1537/1019 1214/1539/1021
f 1205/1540/1022 1215/1530/1012 1216/1532/1014
f 1206/1541/1023 1216/1532/1014 1212/1534/1016
f 1210/1542/1024 1211/1529/1116 1217/1531/1025
f 1204/1544/1027 1209/1543/1026 1217/1531/1013
f 1203/1536/1018 1213/1533/1015 1211/1529/1011
f 1221/1545/1028 1224/1649/1036 1220/1546/1029
f 1232/1548/1031 1228/1560/1041 1229/1549/1032
f 1229/1549/1032 1228/1560/1041 1223/1551/1034
f 1224/1553/1036 1230/1557/1038 1218/1554/1037
f 1221/1556/1028 1231/1559/1040 1230/1557/1038
f 1222/1558/1039 1232/1548/1031 1231/1559/1040
f 1228/1560/1041 1232/1548/1031 1222/1558/1039
f 1220/1555/1029 1218/1554/1037 1233/1561/1042
f 1227/1550/1033 1229/1549/1032 1219/1552/1035
f 1188/1522/1000 1194/1511/999 1191/1572/1004
f 1175/1599/986 1182/1518/994 1187/1517/993
f 1174/1522/1010 1186/1520/995 1184/1512/989
f 1182/1519/994 1178/1598/990 1184/1512/989
f 1204/1573/1027 1208/1650/1019 1205/1574/1022
f 1192/1525/1003 1201/1517/1005 1189/1576/998
f 1176/1578/1009 1180/1651/988 1177/1579/987
f 1199/1524/1002 1195/1527/1006 1201/1517/1005
f 1218/1554/1037 1230/1557/1038 1231/1559/1040
f 1222/1590/1039 1226/1593/1043 1219/1591/1035
f 1222/1590/1039 1221/1545/1028 1225/1547/1030
f 1233/1561/1042 1231/1559/1040 1232/1548/1031
f 1202/1538/1020 1217/1531/1013 1215/1530/1012
f 1225/1562/1030 1233/1561/1042 1227/1550/1033
f 1203/1594/1018 1210/1597/1024 1206/1595/1023
f 1209/1575/1026 1205/1574/1022 1206/1595/1023
f 1183/1508/985 1179/1507/984 1178/1598/990
f 1181/1516/992 1177/1579/987 1185/1515/991
f 1175/1599/986 1187/1517/993 1185/1515/991
f 1197/1508/996 1196/1528/1007 1198/1600/1045
f 1200/1520/1008 1191/1572/1004 1198/1600/1045
f 1199/1524/1002 1194/1648/999 1190/1601/1001
s 0
f 1293/1654/1117 1283/1655/1117 1290/1656/1117
f 1298/1657/1118 1291/1658/1118 1296/1659/1118
f 1288/1660/1119 1292/1661/1119 1297/1662/1119
f 1284/1663/1120 1287/1664/1120 1282/1665/1120
f 1289/1666/1121 1295/1667/1121 1286/1668/1121
f 1295/1667/1122 1296/1669/1123 1294/1670/1124
f 1299/1671/1125 1297/1672/1126 1298/1673/1127
f 1282/1674/1128 1287/1675/1128 1286/1676/1128
f 1284/1663/1129 1282/1665/1129 1283/1677/1129
f 1288/1678/1130 1284/1663/1130 1285/1679/1130
f 1286/1668/1131 1295/1667/1131 1294/1670/1131
f 1299/1671/1132 1289/1666/1132 1288/1680/1132
f 1298/1673/1133 1295/1667/1133 1299/1671/1133
f 1294/1681/1134 1291/1682/1134 1290/1683/1134
f 1292/1684/1135 1298/1657/1135 1297/1685/1135
f 1290/1683/1136 1283/1686/1136 1282/1674/1136
f 1285/1687/1137 1293/1654/1137 1292/1688/1137
f 1294/1681/1138 1282/1674/1138 1286/1676/1138
f 1305/1689/1139 1300/1690/1139 1304/1691/1139
f 1307/1692/1140 1304/1693/1140 1306/1694/1140
f 1303/1695/1141 1305/1696/1141 1307/1697/1141
f 1301/1698/1142 1302/1699/1142 1300/1700/1142
f 1303/1701/1143 1306/1702/1143 1302/1703/1143
f 1306/1704/1144 1300/1705/1144 1302/1706/1144
f 1320/1654/1145 1309/1707/1145 1317/1708/1145
f 1323/1709/1146 1318/1710/1146 1321/1711/1146
f 1315/1660/1147 1319/1712/1147 1325/1713/1147
f 1311/1714/1148 1313/1715/1148 1309/1716/1148
f 1316/1717/1149 1322/1718/1149 1314/1719/1149
f 1315/1660/1150 1311/1720/1150 1310/1721/1150
f 1313/1722/1151 1322/1723/1151 1321/1724/1151
f 1325/1725/1152 1316/1717/1152 1315/1680/1152
f 1321/1711/1153 1324/1726/1153 1323/1709/1153
f 1321/1724/1154 1318/1727/1154 1317/1683/1154
f 1319/1712/1155 1323/1728/1155 1325/1713/1155
f 1317/1708/1156 1309/1707/1156 1308/1729/1156
f 1310/1730/1157 1320/1654/1157 1319/1731/1157
f 1321/1724/1158 1308/1732/1158 1313/1722/1158
f 1331/1733/1139 1326/1734/1139 1330/1735/1139
f 1333/1736/1140 1330/1737/1140 1332/1738/1140
f 1329/1739/1141 1331/1740/1141 1333/1741/1141
f 1327/1742/1142 1328/1743/1142 1326/1744/1142
f 1329/1745/1143 1332/1746/1143 1328/1747/1143
f 1332/1748/1144 1326/1749/1144 1328/1750/1144
f 1351/1751/1159 1335/1752/1159 1349/1753/1159
f 1358/1754/1160 1348/1755/1160 1357/1756/1160
f 1343/1757/1161 1350/1758/1161 1359/1759/1161
f 1338/1760/1162 1340/1761/1162 1336/1762/1162
f 1344/1763/1163 1355/1764/1163 1341/1765/1163
f 1343/1757/1164 1346/1766/1165 1345/1767/1166
f 1350/1758/1167 1353/1768/1168 1352/1769/1169
f 1334/1770/1170 1342/1771/1170 1341/1772/1170
f 1336/1762/1171 1340/1761/1171 1342/1773/1171
f 1337/1774/1172 1336/1775/1172 1335/1752/1172
f 1343/1757/1173 1339/1776/1173 1337/1777/1173
f 1345/1778/1174 1338/1760/1174 1339/1779/1174
f 1341/1765/1175 1346/1780/1175 1344/1763/1175
f 1342/1773/1176 1345/1778/1176 1346/1781/1176
f 1341/1772/1177 1356/1782/1177 1354/1783/1177
f 1341/1765/1178 1355/1764/1178 1356/1784/1178
f 1359/1759/1179 1346/1766/1179 1343/1757/1179
f 1359/1785/1180 1344/1763/1180 1346/1780/1180
f 1357/1756/1181 1360/1786/1181 1358/1754/1181
f 1357/1787/1182 1359/1785/1182 1360/1788/1182
f 1356/1789/1183 1348/1755/1183 1347/1790/1183
f 1350/1758/1184 1360/1791/1184 1359/1759/1184
f 1352/1792/1185 1358/1754/1185 1360/1786/1185
f 1349/1753/1186 1353/1793/1186 1351/1751/1186
f 1349/1794/1187 1352/1792/1187 1353/1795/1187
f 1347/1796/1188 1335/1797/1188 1334/1770/1188
f 1337/1777/1189 1353/1768/1189 1350/1758/1189
f 1337/1774/1190 1351/1751/1190 1353/1793/1190
f 1354/1783/1191 1334/1770/1191 1341/1772/1191
f 1372/1798/1192 1362/1799/1192 1370/1800/1192
f 1375/1801/1193 1369/1802/1193 1374/1803/1193
f 1367/1804/1194 1371/1805/1194 1376/1806/1194
f 1363/1807/1195 1365/1808/1195 1362/1809/1195
f 1368/1810/1196 1374/1811/1196 1366/1812/1196
f 1361/1813/1197 1365/1814/1197 1366/1815/1197
f 1367/1804/1198 1363/1816/1198 1364/1817/1198
f 1366/1812/1199 1374/1811/1199 1373/1818/1199
f 1376/1819/1200 1368/1810/1200 1367/1820/1200
f 1374/1803/1201 1376/1821/1201 1375/1801/1201
f 1373/1822/1202 1369/1823/1202 1370/1824/1202
f 1371/1805/1203 1375/1825/1203 1376/1806/1203
f 1370/1800/1204 1362/1799/1204 1361/1826/1204
f 1364/1827/1205 1372/1798/1205 1371/1828/1205
f 1373/1822/1206 1361/1813/1206 1366/1815/1206
f 1388/1829/1207 1378/1830/1207 1386/1831/1207
f 1392/1832/1208 1385/1833/1208 1390/1834/1208
f 1383/1835/1209 1387/1836/1209 1391/1837/1209
f 1380/1838/1210 1381/1839/1210 1378/1840/1210
f 1384/1841/1211 1390/1842/1211 1382/1843/1211
f 1377/1844/1197 1381/1845/1197 1382/1846/1197
f 1383/1835/1212 1380/1847/1212 1379/1848/1212
f 1382/1849/1213 1383/1850/1213 1384/1851/1213
f 1382/1843/1214 1390/1842/1214 1389/1852/1214
f 1391/1837/1215 1384/1853/1215 1383/1835/1215
f 1390/1842/1216 1391/1854/1216 1392/1855/1216
f 1389/1856/1202 1385/1857/1202 1386/1858/1202
f 1387/1836/1217 1392/1859/1217 1391/1837/1217
f 1386/1860/1218 1387/1861/1218 1388/1862/1218
f 1386/1831/1219 1378/1830/1219 1377/1863/1219
f 1379/1848/1220 1388/1864/1220 1387/1836/1220
f 1389/1856/1221 1377/1844/1221 1382/1846/1221
f 1398/1865/1222 1393/1866/1222 1397/1867/1222
f 1400/1868/1223 1397/1869/1223 1399/1870/1223
f 1396/1871/1224 1398/1872/1224 1400/1873/1224
f 1394/1874/1225 1395/1875/1225 1393/1876/1225
f 1396/1877/1226 1399/1878/1226 1395/1879/1226
f 1399/1880/1227 1393/1881/1227 1395/1882/1227
f 1406/1883/1222 1401/1884/1222 1405/1885/1222
f 1408/1886/1223 1405/1887/1223 1407/1888/1223
f 1404/1889/1224 1406/1890/1224 1408/1891/1224
f 1402/1892/1225 1403/1893/1225 1401/1894/1225
f 1404/1895/1226 1407/1896/1226 1403/1897/1226
f 1407/1898/1227 1401/1899/1227 1403/1900/1227
f 1414/1901/1228 1409/1902/1228 1413/1903/1228
f 1416/1904/1229 1413/1905/1229 1415/1906/1229
f 1412/1907/1230 1414/1908/1230 1416/1909/1230
f 1410/1910/1231 1411/1911/1231 1409/1912/1231
f 1412/1913/1232 1415/1914/1232 1411/1915/1232
f 1415/1916/1233 1409/1917/1233 1411/1918/1233
f 1419/1919/1234 1420/1920/1234 1417/1921/1234
f 1418/1922/1235 1417/1921/1235 1420/1920/1235
s 1
f 1432/1923/1236 1421/1924/1237 1431/1925/1238
f 1426/1926/1239 1427/1927/1240 1425/1928/1241
f 1428/1929/1242 1429/1930/1243 1427/1927/1240
f 1430/1931/1244 1431/1932/1238 1429/1933/1243
f 1424/1934/1245 1425/1935/1241 1423/1936/1246
f 1430/1937/1244 1428/1938/1242 1426/1939/1239
f 1422/1940/1247 1423/1941/1246 1421/1924/1237
f 1429/1942/1243 1431/1943/1238 1423/1944/1246
f 1444/1945/1248 1433/1924/1237 1443/1925/1249
f 1438/1946/1239 1439/1947/1240 1437/1948/1241
f 1440/1949/1242 1441/1950/1243 1439/1947/1240
f 1442/1931/1244 1443/1932/1249 1441/1933/1243
f 1436/1951/1245 1437/1952/1241 1435/1936/1246
f 1442/1937/1244 1440/1953/1242 1438/1954/1239
f 1434/1955/1250 1435/1941/1246 1433/1924/1237
f 1441/1956/1243 1443/1943/1249 1435/1944/1246
f 1456/1957/1248 1445/1958/1237 1455/1959/1238
f 1450/1960/1239 1451/1961/1251 1449/1962/1241
f 1452/1963/1242 1453/1964/1243 1451/1961/1251
f 1454/1965/1244 1455/1966/1238 1453/1967/1243
f 1448/1968/1245 1449/1969/1241 1447/1970/1252
f 1454/1971/1244 1452/1972/1242 1450/1973/1239
f 1446/1974/1250 1447/1975/1252 1445/1958/1237
f 1453/1976/1243 1455/1977/1238 1447/1978/1252
f 1468/1979/1248 1457/1980/1237 1467/1981/1238
f 1462/1960/1239 1463/1982/1251 1461/1983/1241
f 1464/1963/1242 1465/1964/1243 1463/1982/1251
f 1466/1965/1244 1467/1984/1238 1465/1967/1243
f 1460/1968/1245 1461/1985/1241 1459/1986/1246
f 1466/1971/1244 1464/1972/1242 1462/1973/1239
f 1458/1987/1250 1459/1988/1246 1457/1980/1237
f 1465/1976/1243 1467/1989/1238 1459/1990/1246
s 0
f 1474/1991/1253 1469/1992/1253 1473/1993/1253
f 1476/1994/1254 1473/1995/1254 1475/1996/1254
f 1472/1997/1255 1474/1998/1255 1476/1999/1255
f 1470/2000/1256 1471/2001/1256 1469/2002/1256
f 1472/2003/1257 1475/2004/1257 1471/2005/1257
f 1475/2006/1258 1469/2007/1258 1471/2008/1258
f 1482/2009/1259 1477/2010/1259 1481/2011/1259
f 1484/2012/1260 1481/2013/1260 1483/2014/1260
f 1480/2015/1261 1482/2016/1261 1484/2017/1261
f 1478/2018/1262 1479/2019/1262 1477/2020/1262
f 1480/2021/1263 1483/2022/1263 1479/2023/1263
f 1483/2024/1264 1477/2025/1264 1479/2026/1264
f 1490/2027/1259 1485/2028/1259 1489/2029/1259
f 1492/2030/1260 1489/2031/1260 1491/2032/1260
f 1488/2033/1261 1490/2034/1261 1492/2035/1261
f 1486/2036/1262 1487/2037/1262 1485/2038/1262
f 1488/2039/1263 1491/2040/1263 1487/2041/1263
f 1491/2042/1264 1485/2043/1264 1487/2026/1264
f 1498/2027/1259 1493/2028/1259 1497/2029/1259
f 1500/2030/1260 1497/2031/1260 1499/2032/1260
f 1496/2033/1261 1498/2034/1261 1500/2035/1261
f 1494/2036/1262 1495/2037/1262 1493/2038/1262
f 1496/2039/1263 1499/2040/1263 1495/2041/1263
f 1499/2042/1264 1493/2043/1264 1495/2026/1264
f 1506/2044/1259 1501/2045/1259 1505/2046/1259
f 1508/2047/1260 1505/2048/1260 1507/2049/1260
f 1504/2050/1261 1506/2051/1261 1508/2052/1261
f 1502/2053/1262 1503/2054/1262 1501/2055/1262
f 1504/2056/1263 1507/2057/1263 1503/2058/1263
f 1507/2059/1264 1501/2060/1264 1503/2061/1264
f 1514/2044/1259 1509/2045/1259 1513/2046/1259
f 1516/2047/1260 1513/2048/1260 1515/2049/1260
f 1512/2050/1261 1514/2051/1261 1516/2052/1261
f 1510/2053/1262 1511/2054/1262 1509/2055/1262
f 1512/2056/1263 1515/2057/1263 1511/2058/1263
f 1515/2059/1264 1509/2060/1264 1511/2061/1264
f 1522/2062/1253 1517/2063/1253 1521/2064/1253
f 1524/2065/1254 1521/2066/1254 1523/1996/1254
f 1520/1997/1255 1522/2067/1255 1524/2068/1255
f 1518/2069/1256 1519/2070/1256 1517/2071/1256
f 1520/2072/1257 1523/2004/1257 1519/2073/1257
f 1523/2006/1258 1517/2074/1258 1519/2075/1258
f 1530/2076/1259 1525/2077/1259 1529/2078/1259
f 1532/2047/1260 1529/2079/1260 1531/2080/1260
f 1528/2081/1261 1530/2082/1261 1532/2052/1261
f 1526/2083/1262 1527/2054/1262 1525/2084/1262
f 1528/2085/1263 1531/2086/1263 1527/2087/1263
f 1531/2088/1264 1525/2089/1264 1527/2090/1264
f 1538/2091/1259 1533/2092/1259 1537/2093/1259
f 1540/2094/1260 1537/2095/1260 1539/2096/1260
f 1536/2097/1261 1538/2098/1261 1540/2099/1261
f 1534/2100/1262 1535/2101/1262 1533/2102/1262
f 1536/2103/1263 1539/2104/1263 1535/2105/1263
f 1539/2042/1264 1533/2106/1264 1535/2107/1264
f 1546/2091/1259 1541/2092/1259 1545/2093/1259
f 1548/2094/1260 1545/2095/1260 1547/2096/1260
f 1544/2097/1261 1546/2098/1261 1548/2099/1261
f 1542/2100/1262 1543/2101/1262 1541/2102/1262
f 1544/2103/1263 1547/2104/1263 1543/2105/1263
f 1547/2042/1264 1541/2106/1264 1543/2107/1264
f 1554/2108/1259 1549/2045/1259 1553/2109/1259
f 1556/2110/1260 1553/2048/1260 1555/2049/1260
f 1552/2111/1261 1554/2112/1261 1556/2052/1261
f 1550/2113/1262 1551/2114/1262 1549/2055/1262
f 1552/2115/1263 1555/2116/1263 1551/2117/1263
f 1555/2059/1264 1549/2060/1264 1551/2118/1264
f 1562/2108/1259 1557/2045/1259 1561/2109/1259
f 1564/2110/1260 1561/2048/1260 1563/2049/1260
f 1560/2111/1261 1562/2112/1261 1564/2052/1261
f 1558/2113/1262 1559/2114/1262 1557/2055/1262
f 1560/2115/1263 1563/2116/1263 1559/2117/1263
f 1563/2059/1264 1557/2060/1264 1559/2118/1264
f 1577/2119/1265 1566/2120/1265 1575/2121/1265
f 1580/2122/1266 1574/2123/1266 1579/2124/1266
f 1571/2125/1267 1576/2126/1267 1581/2127/1267
f 1567/2128/1268 1570/2129/1268 1566/2130/1268
f 1572/2131/1269 1579/2132/1269 1569/2133/1269
f 1574/2123/1270 1575/2134/1271 1573/2135/1272
f 1565/2136/1273 1570/2137/1273 1569/2138/1273
f 1571/2139/1274 1567/2128/1274 1568/2140/1274
f 1569/2133/1275 1579/2132/1275 1578/2141/1275
f 1581/2142/1276 1572/2131/1276 1571/2143/1276
f 1578/2144/1277 1574/2123/1277 1573/2135/1277
f 1576/2145/1278 1580/2122/1278 1581/2146/1278
f 1575/2121/1279 1566/2120/1279 1565/2147/1279
f 1568/2143/1280 1577/2119/1280 1576/2142/1280
f 1578/2148/1281 1565/2136/1281 1569/2138/1281
f 1587/2149/1282 1582/2150/1282 1586/2151/1282
f 1589/2152/1283 1586/2153/1283 1588/2154/1283
f 1585/2155/1284 1587/2156/1284 1589/2157/1284
f 1583/2158/1285 1584/2159/1285 1582/2160/1285
f 1585/2161/1286 1588/2162/1286 1584/2163/1286
f 1588/2164/1287 1582/2165/1287 1584/2166/1287
s 1
f 1608/2167/1288 1590/2168/1289 1607/2169/1290
f 1593/2170/1291 1594/2171/1292 1591/2172/1293
f 1595/2173/1294 1596/2174/1295 1594/2171/1292
f 1597/2175/1296 1598/2176/1297 1596/2177/1295
f 1599/2178/1298 1601/2179/1299 1598/2176/1297
f 1603/2180/1300 1602/2181/1301 1601/2179/1299
f 1603/2180/1300 1604/2182/1302 1602/2181/1301
f 1606/2183/1303 1607/2184/1290 1604/2182/1302
f 1597/2185/1296 1595/2186/1294 1593/2187/1291
f 1592/2188/1304 1591/2172/1293 1590/2168/1289
f 1594/2189/1292 1598/2190/1297 1602/2191/1301
f 1625/2192/1305 1609/2193/1306 1626/2194/1307
f 1613/2195/1308 1614/2196/1309 1611/2197/1310
f 1613/2195/1308 1615/2198/1311 1614/2196/1309
f 1616/2175/1312 1617/2199/1313 1615/2177/1311
f 1618/2200/1314 1619/2201/1315 1617/2199/1313
f 1620/2202/1316 1622/2203/1317 1619/2201/1315
f 1624/2204/1318 1623/2205/1319 1622/2203/1317
f 1625/2192/1305 1626/2194/1307 1623/2206/1319
f 1610/2207/1320 1611/2197/1310 1609/2193/1306
f 1613/2208/1308 1612/2209/1321 1621/2210/1322
f 1626/2211/1307 1614/2212/1309 1617/2213/1313
f 1630/2214/1323 1631/2215/1324 1628/2216/1325
f 1632/2217/1326 1633/2174/1327 1631/2215/1324
f 1634/2218/1328 1635/2219/1329 1633/2220/1327
f 1635/2219/1329 1638/2221/1330 1637/2222/1331
f 1638/2221/1330 1639/2194/1332 1637/2222/1331
f 1640/2223/1333 1641/2224/1334 1639/2194/1332
f 1640/2223/1333 1642/2225/1335 1641/2224/1334
f 1643/2226/1336 1627/2227/1337 1642/2228/1335
f 1632/2208/1326 1630/2229/1323 1638/2230/1330
f 1629/2231/1338 1628/2216/1325 1627/2227/1337
f 1627/2232/1337 1631/2233/1324 1635/2234/1329
f 1648/2235/1339 1649/2236/1340 1646/2237/1341
f 1650/2217/1342 1651/2238/1343 1649/2236/1340
f 1652/2239/1344 1653/2240/1345 1651/2220/1343
f 1655/2241/1346 1656/2242/1347 1653/2240/1345
f 1656/2242/1347 1658/2243/1348 1657/2244/1349
f 1659/2245/1350 1660/2246/1351 1657/2244/1349
f 1659/2245/1350 1661/2247/1352 1660/2246/1351
f 1662/2248/1353 1645/2249/1354 1661/2250/1352
f 1650/2208/1342 1648/2229/1339 1658/2251/1348
f 1647/2252/1355 1646/2237/1341 1645/2249/1354
f 1645/2253/1354 1649/2254/1340 1653/2255/1345
f 1664/2256/1356 1673/2257/1357 1665/2258/1358
f 1673/2259/1357 1666/2260/1359 1665/2261/1358
f 1674/2262/1360 1669/2263/1361 1668/2256/1362
f 1675/2264/1363 1670/2265/1364 1669/2266/1361
f 1670/2265/1364 1677/2259/1365 1671/2267/1366
f 1677/2268/1365 1664/2256/1356 1671/2269/1366
f 1672/2270/1367 1679/2271/1368 1673/2257/1357
f 1673/2259/1357 1680/2272/1369 1666/2260/1359
f 1666/2260/1359 1681/2273/1370 1667/2274/1371
f 1667/2275/1371 1682/2276/1372 1674/2262/1360
f 1682/2276/1372 1675/2277/1363 1674/2262/1360
f 1683/2278/1373 1672/2270/1367 1677/2268/1365
f 1684/2279/1374 1679/2271/1368 1678/2280/1375
f 1685/2281/1376 1680/2272/1369 1679/2282/1368
f 1682/2276/1372 1687/2283/1377 1675/2277/1363
f 1687/2284/1377 1676/2285/1378 1675/2264/1363
f 1688/2286/1379 1683/2282/1373 1676/2285/1378
f 1683/2278/1373 1684/2279/1374 1678/2280/1375
f 1690/2287/1380 1685/2288/1376 1684/2279/1374
f 1691/2289/1381 1681/2273/1370 1680/2272/1369
f 1693/2290/1382 1688/2286/1379 1687/2284/1377
f 1690/2287/1380 1695/2291/1383 1685/2288/1376
f 1695/2292/1383 1691/2289/1381 1685/2281/1376
f 1692/2293/1384 1697/2294/1385 1686/2295/1386
f 1697/2294/1385 1693/2296/1382 1686/2295/1386
f 1698/2297/1387 1689/2298/1388 1688/2286/1379
f 1699/2299/1389 1690/2287/1380 1689/2300/1388
f 1700/2279/1390 1695/2301/1383 1694/2302/1391
f 1701/2303/1392 1696/2304/1393 1695/2292/1383
f 1702/2305/1394 1697/2294/1385 1692/2293/1384
f 1697/2294/1385 1704/2306/1395 1693/2296/1382
f 1698/2297/1387 1705/2303/1396 1699/2292/1389
f 1705/2307/1396 1694/2302/1391 1699/2308/1389
f 1706/2280/1397 1701/2309/1392 1700/2279/1390
f 1701/2303/1392 1708/2310/1398 1696/2304/1393
f 1708/2310/1398 1702/2311/1394 1696/2304/1393
f 1704/2311/1395 1709/2312/1399 1698/2297/1387
f 1709/2312/1399 1705/2303/1396 1698/2297/1387
f 1705/2307/1396 1706/2280/1397 1700/2279/1390
f 1711/2270/1400 1707/2313/1401 1706/2280/1397
f 1702/2305/1394 1714/2262/1402 1703/2314/1403
f 1714/2262/1402 1704/2306/1395 1703/2314/1403
f 1712/2315/1404 1717/2316/1405 1708/2310/1398
f 1717/2316/1405 1713/2317/1406 1708/2310/1398
f 1713/2318/1406 1718/2256/1407 1714/2262/1402
f 1709/2312/1399 1720/2319/1408 1710/2320/1409
f 1720/2263/1408 1711/2270/1400 1710/2321/1409
f 1716/2256/1410 1722/2322/1411 1712/2323/1404
f 1722/2324/1411 1717/2316/1405 1712/2315/1404
f 1717/2316/1405 1724/2325/1412 1713/2317/1406
f 1724/2326/1412 1718/2256/1407 1713/2318/1406
f 1718/2256/1407 1726/2327/1413 1715/2328/1414
f 1726/2325/1413 1719/2329/1415 1715/2317/1414
f 1720/2263/1408 1721/2330/1416 1716/2256/1410
f 1721/2330/1416 1729/2331/1417 1722/2322/1411
f 1729/2332/1417 1723/2333/1418 1722/2324/1411
f 1730/2334/1419 1725/2335/1420 1724/2326/1412
f 1726/2325/1413 1732/2336/1421 1719/2329/1415
f 1733/2337/1422 1729/2331/1417 1728/2338/1423
f 1729/2332/1417 1735/2339/1424 1723/2333/1418
f 1735/2339/1424 1730/2340/1419 1723/2333/1418
f 1736/2341/1425 1731/2342/1426 1725/2335/1420
f 1731/2343/1426 1737/2344/1427 1732/2336/1421
f 1732/2336/1421 1738/2345/1428 1727/2346/1429
f 1727/2347/1429 1733/2337/1422 1728/2338/1423
f 1739/2348/1430 1734/2349/1431 1733/2337/1422
f 1735/2339/1424 1740/2350/1432 1730/2340/1419
f 1740/2351/1432 1736/2341/1425 1730/2334/1419
f 1736/2341/1425 1742/2352/1433 1731/2342/1426
f 1742/2353/1433 1737/2344/1427 1731/2343/1426
f 1738/2354/1428 1739/2348/1430 1733/2337/1422
f 1739/2348/1430 1745/2355/1434 1734/2349/1431
f 1734/2356/1431 1746/2357/1435 1735/2339/1424
f 1746/2357/1435 1740/2350/1432 1735/2339/1424
f 1748/2358/1436 1743/2359/1437 1737/2344/1427
f 1743/2360/1437 1744/2361/1438 1739/2348/1430
f 1750/2362/1439 1745/2301/1434 1744/2287/1438
f 1751/2363/1440 1746/2357/1435 1745/2364/1434
f 1752/2365/1441 1742/2366/1433 1741/2367/1442
f 1753/2368/1443 1748/2358/1436 1742/2353/1433
f 1749/2369/1444 1750/2362/1439 1744/2287/1438
f 1755/2370/1445 1751/2371/1440 1750/2362/1439
f 1751/2363/1440 1757/2372/1446 1746/2357/1435
f 1757/2372/1446 1747/2373/1447 1746/2357/1435
f 1758/2374/1448 1752/2365/1441 1747/2375/1447
f 1759/2376/1449 1753/2377/1443 1752/2365/1441
f 1760/2378/1450 1750/2362/1439 1749/2369/1444
f 1761/2379/1451 1756/2313/1452 1755/2370/1445
f 1759/2376/1449 1764/2380/1453 1753/2377/1443
f 1753/2368/1443 1765/2381/1454 1754/2382/1455
f 1765/2381/1454 1760/2383/1450 1754/2382/1455
f 1766/2384/1456 1755/2370/1445 1760/2378/1450
f 1767/2256/1457 1762/2385/1458 1761/2379/1451
f 1768/2386/1459 1758/2387/1448 1757/2372/1446
f 1769/2388/1460 1763/2389/1461 1758/2374/1448
f 1770/2390/1462 1766/2391/1456 1765/2381/1454
f 1766/2384/1456 1767/2256/1457 1761/2379/1451
f 1767/2256/1457 1773/2322/1463 1762/2385/1458
f 1773/2392/1463 1768/2386/1459 1762/2393/1458
f 1768/2386/1459 1775/2394/1464 1769/2395/1460
f 1769/2388/1460 1776/2396/1465 1763/2389/1461
f 1776/2396/1465 1764/2380/1453 1763/2389/1461
f 1777/2397/1466 1770/2390/1462 1764/2398/1453
f 1778/2338/1467 1773/2322/1463 1772/2330/1468
f 1779/2399/1469 1774/2400/1470 1773/2392/1463
f 1780/2401/1471 1777/2402/1466 1776/2396/1465
f 1777/2397/1466 1781/2403/1472 1770/2390/1462
f 1781/2403/1472 1771/2404/1473 1770/2390/1462
f 1782/2405/1474 1772/2330/1468 1771/2406/1473
f 1778/2338/1467 1784/2407/1475 1779/2331/1469
f 1784/2408/1475 1774/2400/1470 1779/2399/1469
f 1785/2409/1476 1775/2394/1464 1774/2400/1470
f 1786/2410/1477 1780/2401/1471 1775/2411/1464
f 1787/2341/1478 1777/2402/1466 1780/2401/1471
f 1788/2412/1479 1781/2403/1472 1777/2397/1466
f 1781/2403/1472 1790/2408/1480 1782/2399/1474
f 1790/2413/1480 1778/2338/1467 1782/2405/1474
f 1791/2348/1481 1784/2407/1475 1783/2337/1482
f 1793/2414/1483 1788/2415/1479 1787/2341/1478
f 1794/2360/1484 1783/2337/1482 1790/2413/1480
f 1795/2348/1485 1792/2416/1486 1791/2417/1481
f 1796/2418/1487 1786/2419/1477 1785/2409/1476
f 1797/2351/1488 1793/2420/1483 1786/2421/1477
f 1793/2420/1483 1799/2422/1489 1788/2423/1479
f 1788/2412/1479 1800/2424/1490 1789/2425/1491
f 1795/2348/1485 1802/2426/1492 1792/2416/1486
f 1802/2427/1492 1796/2418/1487 1792/2428/1486
f 1804/2429/1493 1800/2424/1490 1799/2430/1489
f 1800/2424/1490 1806/2427/1494 1794/2431/1484
f 1806/2354/1494 1795/2348/1485 1794/2432/1484
f 1807/2338/1495 1802/2426/1492 1801/2337/1496
f 1802/2427/1492 1809/2433/1497 1796/2418/1487
f 1803/2434/1498 1810/2401/1499 1798/2435/1500
f 1810/2401/1499 1804/2436/1493 1798/2435/1500
f 1811/2437/1501 1801/2337/1496 1806/2354/1494
f 1812/2330/1502 1808/2331/1503 1807/2338/1495
f 1809/2433/1497 1814/2438/1504 1803/2439/1498
f 1814/2326/1504 1810/2401/1499 1803/2434/1498
f 1810/2401/1499 1816/2327/1505 1804/2436/1493
f 1816/2438/1505 1805/2440/1506 1804/2429/1493
f 1817/2441/1507 1811/2442/1501 1805/2440/1506
f 1818/2256/1508 1813/2443/1509 1812/2330/1502
f 1819/2444/1510 1814/2438/1504 1809/2433/1497
f 1821/2445/1511 1817/2441/1507 1816/2438/1505
f 1817/2441/1507 1822/2446/1512 1811/2442/1501
f 1822/2263/1512 1812/2330/1502 1811/2437/1501
f 1823/2270/1513 1813/2443/1509 1818/2256/1508
f 1824/2447/1514 1819/2444/1510 1813/2448/1509
f 1825/2262/1515 1821/2449/1511 1815/2450/1516
f 1821/2445/1511 1826/2451/1517 1817/2441/1507
f 1826/2451/1517 1822/2446/1512 1817/2441/1507
f 1822/2263/1512 1823/2270/1513 1818/2256/1508
f 1828/2280/1518 1824/2452/1514 1823/2270/1513
f 1819/2444/1510 1830/2453/1519 1820/2454/1520
f 1830/2305/1519 1825/2262/1515 1820/2455/1520
f 1825/2262/1515 1832/2306/1521 1821/2449/1511
f 1832/2456/1521 1826/2451/1517 1821/2445/1511
f 1827/2457/1522 1828/2280/1518 1823/2270/1513
f 1828/2280/1518 1835/2309/1523 1824/2452/1514
f 1835/2458/1523 1829/2459/1524 1824/2447/1514
f 1836/2307/1525 1828/2280/1518 1827/2457/1522
f 1834/2279/1526 1838/2301/1527 1835/2309/1523
f 1835/2458/1523 1839/2460/1528 1829/2459/1524
f 1829/2459/1524 1840/2461/1529 1830/2453/1519
f 1830/2305/1519 1841/2294/1530 1831/2314/1531
f 1841/2294/1530 1832/2306/1521 1831/2314/1531
f 1842/2462/1532 1833/2463/1533 1832/2456/1521
f 1843/2464/1534 1836/2458/1525 1833/2463/1533
f 1836/2307/1525 1837/2302/1535 1834/2279/1526
f 1845/2465/1536 1838/2466/1527 1837/2467/1535
f 1846/2468/1537 1839/2460/1528 1838/2469/1527
f 1843/2464/1534 1848/2470/1538 1844/2469/1539
f 1844/2471/1539 1845/2465/1536 1837/2467/1535
f 1849/2472/1540 1846/2473/1537 1845/2465/1536
f 1850/2474/1541 1839/2460/1528 1846/2468/1537
f 1851/2475/1542 1840/2461/1529 1839/2460/1528
f 1852/2476/1543 1847/2477/1544 1840/2478/1529
f 1847/2477/1544 1854/2479/1545 1842/2480/1532
f 1854/2481/1545 1843/2464/1534 1842/2462/1532
f 1848/2482/1538 1849/2472/1540 1845/2465/1536
f 1856/2483/1546 1850/2484/1541 1849/2472/1540
f 1857/2485/1547 1851/2475/1542 1850/2474/1541
f 1859/2486/1548 1855/2475/1549 1854/2481/1545
f 1855/2475/1549 1861/2485/1550 1848/2470/1538
f 1861/2487/1550 1849/2472/1540 1848/2482/1538
f 1862/2488/1551 1857/2489/1547 1856/2483/1546
f 1858/2490/1552 1863/2491/1553 1852/2492/1543
f 1863/2493/1553 1853/2494/1554 1852/2476/1543
f 1864/2495/1555 1859/2496/1548 1853/2494/1554
f 1861/2487/1550 1862/2488/1551 1856/2483/1546
f 1664/2256/1356 1665/2258/1358 1862/2488/1551
f 1666/2260/1359 1863/2491/1553 1858/2490/1552
f 1863/2493/1553 1668/2256/1362 1864/2495/1555
f 1668/2256/1362 1859/2496/1548 1864/2495/1555
f 1669/2266/1361 1860/2497/1556 1859/2486/1548
f 1670/2265/1364 1671/2267/1366 1860/2497/1556
f 1873/2498/1557 1866/2499/1558 1865/2500/1559
f 1874/2501/1560 1867/2502/1561 1866/2503/1558
f 1875/2504/1562 1868/2505/1563 1867/2502/1561
f 1876/2506/1564 1869/2507/1565 1868/2499/1563
f 1877/2508/1566 1870/2509/1567 1869/2507/1565
f 1878/2510/1568 1874/2511/1560 1873/2498/1557
f 1870/2512/1567 1880/2513/1569 1871/2514/1570
f 1880/2513/1569 1872/2515/1571 1871/2514/1570
f 1872/2516/1571 1878/2510/1568 1873/2498/1557
f 1882/2517/1572 1874/2511/1560 1878/2510/1568
f 1874/2501/1560 1884/2518/1573 1875/2504/1562
f 1875/2504/1562 1885/2519/1574 1876/2520/1564
f 1885/2521/1574 1877/2508/1566 1876/2506/1564
f 1886/2522/1575 1879/2523/1576 1877/2508/1566
f 1887/2518/1577 1881/2524/1578 1880/2513/1569
f 1888/2525/1579 1883/2526/1580 1882/2517/1572
f 1886/2522/1575 1890/2527/1581 1879/2523/1576
f 1887/2518/1577 1891/2528/1582 1881/2524/1578
f 1881/2529/1578 1888/2525/1579 1882/2517/1572
f 1888/2530/1579 1893/2531/1583 1883/2532/1580
f 1893/2533/1583 1884/2518/1573 1883/2534/1580
f 1884/2518/1573 1895/2535/1584 1885/2519/1574
f 1896/2535/1585 1887/2518/1577 1890/2536/1581
f 1895/2537/1584 1899/2538/1586 1889/2539/1587
f 1899/2538/1586 1896/2540/1585 1889/2539/1587
f 1891/2541/1582 1898/2517/1588 1892/2525/1391
f 1898/2517/1588 1902/2542/1589 1893/2531/1583
f 1893/2533/1583 1903/2543/1590 1894/2544/1591
f 1903/2543/1590 1895/2535/1584 1894/2544/1591
f 1904/2545/1592 1899/2538/1586 1895/2537/1584
f 1899/2538/1586 1906/2546/1593 1896/2540/1585
f 1896/2535/1585 1907/2547/1594 1897/2548/1595
f 1900/2549/1596 1901/2510/1597 1898/2517/1588
f 1908/2498/1598 1902/2542/1589 1901/2510/1597
f 1909/2550/1599 1903/2543/1590 1902/2551/1589
f 1903/2543/1590 1910/2552/1600 1904/2553/1592
f 1911/2554/1601 1907/2547/1594 1906/2553/1593
f 1900/2549/1596 1908/2498/1598 1901/2510/1597
f 1913/2500/1602 1909/2555/1599 1908/2498/1598
f 1910/2556/1600 1915/2500/1603 1905/2557/1604
f 1915/2500/1603 1911/2558/1601 1905/2557/1604
f 1912/2559/1605 1913/2500/1602 1908/2498/1598
f 1913/2500/1602 1918/2560/1606 1909/2555/1599
f 1914/2561/1607 1919/2562/1608 1910/2552/1600
f 1919/2563/1608 1915/2500/1603 1910/2556/1600
f 1915/2500/1603 1921/2564/1609 1911/2558/1601
f 1916/2565/1610 1922/2566/1611 1912/2567/1605
f 1912/2559/1605 1917/2568/1612 1913/2500/1602
f 1923/2569/1613 1918/2560/1606 1917/2568/1612
f 1925/2570/1614 1920/2571/1615 1919/2563/1608
f 1920/2571/1615 1927/2572/1616 1921/2564/1609
f 1921/2562/1609 1928/2573/1617 1916/2565/1610
f 1928/2573/1617 1922/2566/1611 1916/2565/1610
f 1922/2574/1611 1923/2569/1613 1917/2568/1612
f 1930/2575/1618 1924/2576/1619 1923/2569/1613
f 1924/2577/1619 1931/2578/1620 1914/2561/1607
f 1931/2578/1620 1925/2579/1614 1914/2561/1607
f 1929/2580/1621 1930/2575/1618 1923/2569/1613
f 1930/2575/1618 1933/2581/1622 1924/2576/1619
f 1933/2582/1622 1931/2578/1620 1924/2577/1619
f 1934/2583/1623 1926/2584/1624 1925/2570/1614
f 1926/2584/1624 1936/2585/1625 1927/2572/1616
f 1936/2586/1625 1928/2573/1617 1927/2587/1616
f 1937/2588/1626 1929/2589/1621 1928/2573/1617
f 1929/2580/1621 1932/2590/1627 1930/2575/1618
f 1933/2582/1622 1940/2591/1628 1931/2578/1620
f 1931/2578/1620 1941/2592/1629 1934/2586/1623
f 1943/2517/1630 1933/2593/1622 1939/2525/1631
f 1944/2594/1632 1940/2591/1628 1933/2582/1622
f 1941/2595/1629 1945/2522/1633 1935/2596/1634
f 1945/2522/1633 1942/2597/1635 1935/2596/1634
f 1942/2598/1635 1946/2599/1636 1937/2588/1626
f 1946/2599/1636 1938/2600/1637 1937/2588/1626
f 1947/2601/1638 1939/2525/1631 1938/2602/1637
f 1948/2603/1639 1944/2604/1632 1943/2517/1630
f 1944/2594/1632 1949/2605/1640 1940/2591/1628
f 1940/2591/1628 1950/2606/1641 1941/2592/1629
f 1950/2607/1641 1945/2522/1633 1941/2595/1629
f 1945/2522/1633 1952/2608/1642 1942/2597/1635
f 1952/2606/1642 1946/2599/1636 1942/2598/1635
f 1948/2603/1639 1955/2609/1643 1944/2604/1632
f 1955/2610/1643 1949/2605/1640 1944/2594/1632
f 1953/2611/1644 1958/2612/1645 1947/2613/1638
f 1947/2601/1638 1954/2614/1646 1948/2603/1639
f 1955/2610/1643 1960/2615/1647 1949/2605/1640
f 1960/2615/1647 1956/2616/1648 1949/2605/1640
f 1961/2500/1649 1957/2617/1650 1951/2618/1651
f 1957/2619/1650 1962/2620/1652 1953/2611/1644
f 1962/2620/1652 1958/2612/1645 1953/2611/1644
f 1959/2500/1653 1964/2560/1654 1955/2609/1643
f 1964/2621/1654 1960/2615/1647 1955/2610/1643
f 1960/2615/1647 1966/2622/1655 1956/2616/1648
f 1966/2623/1655 1961/2500/1649 1956/2624/1648
f 1967/2625/1656 1957/2617/1650 1961/2500/1649
f 1968/2626/1657 1962/2620/1652 1957/2619/1650
f 1969/2574/1658 1959/2500/1653 1958/2627/1645
f 1970/2569/1659 1964/2560/1654 1963/2568/1660
f 1971/2628/1661 1965/2629/1662 1964/2621/1654
f 1968/2626/1657 1973/2630/1663 1962/2620/1652
f 1962/2620/1652 1974/2631/1664 1969/2621/1658
f 1969/2574/1658 1970/2569/1659 1963/2568/1660
f 1965/2629/1662 1977/2632/1665 1966/2622/1655
f 1977/2633/1665 1967/2625/1656 1966/2623/1655
f 1978/2634/1666 1972/2635/1667 1967/2625/1656
f 1975/2575/1668 1980/2636/1669 1971/2637/1661
f 1978/2634/1666 1982/2585/1670 1972/2635/1667
f 1982/2638/1670 1973/2630/1663 1972/2639/1667
f 1983/2640/1671 1974/2631/1664 1973/2630/1663
f 1984/2641/1672 1975/2575/1668 1974/2642/1664
f 1979/2643/1673 1986/2644/1674 1980/2645/1669
f 1980/2646/1669 1987/2647/1675 1976/2648/1676
f 1987/2647/1675 1977/2632/1665 1976/2648/1676
f 1988/2583/1677 1981/2649/1678 1977/2650/1665
f 1981/2649/1678 1990/2651/1679 1982/2652/1670
f 1990/2653/1679 1983/2640/1671 1982/2638/1670
f 1987/2647/1675 1994/2654/1680 1988/2655/1677
f 1991/2656/1681 1995/2657/1682 1984/2658/1672
f 1995/2659/1682 1985/2590/1683 1984/2660/1672
f 1992/2575/1684 1997/2661/1685 1986/2644/1674
f 1997/2662/1685 1993/2663/1686 1986/2664/1674
f 1994/2665/1680 1998/2666/1687 1989/2667/1688
f 1998/2666/1687 1990/2651/1679 1989/2667/1688
f 1990/2653/1679 2000/2668/1689 1991/2656/1681
f 1993/2663/1686 2003/2669/1690 1994/2654/1680
f 1994/2665/1680 2004/2571/1691 1998/2666/1687
f 2004/2571/1691 1999/2670/1692 1998/2666/1687
f 2000/2668/1689 2006/2671/1693 1995/2657/1682
f 2006/2672/1693 1996/2569/1694 1995/2659/1682
f 2007/2500/1695 1997/2661/1685 2001/2568/1696
f 2008/2673/1697 2002/2674/1698 1997/2662/1685
f 2003/2563/1690 2010/2500/1699 2004/2571/1691
f 2004/2571/1691 2011/2675/1700 1999/2670/1692
f 2011/2676/1700 2005/2677/1701 1999/2678/1692
f 2012/2498/1702 2008/2679/1697 2007/2500/1695
f 2008/2673/1697 2013/2680/1703 2002/2674/1698
f 2013/2680/1703 2009/2681/1704 2002/2674/1698
f 2014/2682/1705 2011/2675/1700 2010/2500/1699
f 2015/2683/1706 2006/2671/1693 2005/2677/1701
f 2016/2684/1707 2007/2500/1695 2006/2672/1693
f 2012/2498/1702 2018/2542/1708 2008/2679/1697
f 2019/2685/1709 2014/2682/1705 2009/2556/1704
f 2014/2682/1705 2021/2546/1710 2011/2675/1700
f 2021/2686/1710 2015/2683/1706 2011/2676/1700
f 2022/2517/1711 2018/2542/1708 2017/2510/1712
f 2023/2687/1713 2013/2680/1703 2018/2688/1708
f 2025/2689/1714 2015/2683/1706 2021/2686/1710
f 2015/2683/1706 2027/2690/1715 2016/2691/1707
f 2027/2692/1715 2017/2510/1712 2016/2684/1707
f 2028/2525/1716 2023/2693/1713 2022/2517/1711
f 2024/2694/1717 2029/2695/1718 2019/2696/1709
f 2019/2685/1709 2030/2697/1719 2020/2698/1720
f 2031/2530/1721 2023/2693/1713 2028/2525/1716
f 2030/2697/1719 2034/2699/1722 2025/2540/1714
f 2025/2689/1714 2035/2700/1723 2026/2701/1724
f 2035/2700/1723 2027/2690/1715 2026/2701/1724
f 2027/2692/1715 2031/2530/1721 2028/2525/1716
f 2037/2702/1725 2032/2703/1726 2031/2704/1721
f 2038/2705/1727 2029/2695/1718 2024/2694/1717
f 2039/2706/1728 2033/2707/1729 2029/2708/1718
f 2040/2709/1730 2035/2700/1723 2034/2710/1722
f 2037/2702/1725 2043/2711/1731 2032/2703/1726
f 2043/2712/1731 2038/2705/1727 2032/2713/1726
f 2039/2706/1728 2045/2714/1732 2033/2707/1729
f 2045/2714/1732 2040/2715/1730 2033/2707/1729
f 2046/2716/1733 2037/2702/1725 2036/2717/1734
f 2045/2714/1732 2048/2718/1735 2040/2715/1730
f 2047/2719/1736 1866/2499/1558 2043/2711/1731
f 1868/2499/1563 1869/2507/1565 2044/2720/1737
f 2048/2721/1735 1871/2514/1570 2041/2722/1738
f 1871/2514/1570 2046/2723/1733 2041/2722/1738
f 1872/2516/1571 2047/2719/1736 2046/2716/1733
f 2279/2941/1898 2208/2942/1899 2278/2943/1900
f 2213/2944/1901 2214/2945/1902 2212/2946/1903
f 2215/2947/1904 2216/2948/1905 2214/2945/1902
f 2217/2949/1906 2218/2950/1907 2216/2948/1905
f 2219/2951/1908 2220/2952/1909 2218/2953/1907
f 2221/2954/1910 2222/2955/1911 2220/2952/1909
f 2223/2956/1912 2224/2957/1913 2222/2955/1911
f 2225/2958/1914 2226/2959/1915 2224/2957/1913
f 2227/2960/1916 2228/2961/1917 2226/2959/1915
f 2229/2962/1918 2230/2963/1919 2228/2961/1917
f 2231/2964/1920 2232/2965/1921 2230/2963/1919
f 2233/2966/1922 2234/2967/1923 2232/2965/1921
f 2235/2968/1924 2236/2969/1925 2234/2970/1923
f 2237/2971/1926 2238/2972/1927 2236/2969/1925
f 2239/2973/1928 2240/2946/1929 2238/2972/1927
f 2241/2974/1930 2242/2975/1931 2240/2946/1929
f 2243/2976/1932 2244/2977/1933 2242/2975/1931
f 2245/2978/1934 2246/2943/1935 2244/2977/1933
f 2247/2941/1936 2248/2979/1937 2246/2943/1935
f 2249/2980/1938 2250/2981/1939 2248/2979/1937
f 2251/2982/1940 2252/2983/1941 2250/2981/1939
f 2253/2984/1942 2254/2985/1943 2252/2983/1941
f 2255/2986/1944 2256/2987/1945 2254/2988/1943
f 2257/2989/1946 2258/2990/1947 2256/2987/1945
f 2259/2991/1948 2260/2992/1949 2258/2990/1947
f 2261/2993/1950 2262/2994/1951 2260/2992/1949
f 2263/2995/1952 2264/2996/1953 2262/2994/1951
f 2265/2997/1954 2266/2998/1955 2264/2996/1953
f 2267/2999/1956 2268/3000/1957 2266/2998/1955
f 2268/3000/1957 2271/3001/1958 2270/3002/1959
f 2271/3003/1958 2272/3004/1960 2270/3005/1959
f 2273/3006/1961 2274/2981/1962 2272/3004/1960
f 2275/2982/1963 2276/3007/1964 2274/2981/1962
f 2277/3008/1965 2278/2943/1900 2276/3007/1964
f 2211/3009/1966 2212/2946/1903 2210/3010/1967
f 2269/3011/1968 2237/3012/1926 2221/3013/1910
f 2209/3014/1969 2210/3010/1967 2208/2942/1899
f 2222/3015/1911 2254/3016/1943 2270/3017/1959
s 0
f 2311/3018/504 2281/3019/504 2306/3020/504
f 2323/3021/536 2305/3022/536 2318/3023/536
f 2298/3024/521 2310/3025/521 2322/3026/521
f 2288/3027/532 2293/3023/532 2282/3022/532
f 2299/3028/510 2317/3020/510 2294/3019/510
f 2280/3029/1970 2283/3030/1971 2285/3031/1972
f 2282/3022/1973 2283/3032/1974 2284/3033/1975
f 2286/3028/1976 2289/3034/1977 2291/3035/1978
f 2288/3027/1979 2289/3036/1980 2290/3037/1981
f 2292/3024/1982 2295/3038/1983 2297/3039/1984
f 2294/3019/1985 2295/3040/1986 2296/3041/1987
f 2299/3028/1988 2302/3042/1989 2301/3043/1990
f 2300/3021/1991 2302/3044/1992 2303/3045/1993
f 2305/3022/1994 2308/3032/1995 2307/3046/1996
f 2306/3020/1997 2308/3047/1998 2309/3048/1999
f 2310/3025/2000 2313/3049/2001 2315/3050/2002
f 2312/3027/2003 2313/3036/2004 2314/3051/2005
f 2316/3026/2006 2319/3052/2007 2321/3053/2008
f 2318/3023/2009 2319/3054/2010 2320/3055/2011
f 2322/3026/2012 2325/3056/2013 2327/3057/2014
f 2324/3018/2015 2325/3058/2016 2326/3059/2017
f 2280/3029/2018 2295/3038/2018 2292/3024/2018
f 2285/3046/2019 2293/3023/2019 2295/3060/2019
f 2286/3028/2020 2284/3041/2020 2281/3019/2020
f 2291/3051/2021 2282/3022/2021 2284/3033/2021
f 2298/3024/2022 2290/3031/2022 2287/3029/2022
f 2302/3044/2023 2288/3027/2023 2290/3037/2023
f 2294/3019/2024 2303/3035/2024 2299/3028/2024
f 2296/3055/2025 2300/3021/2025 2303/3045/2025
f 2292/3024/2026 2319/3052/2026 2316/3026/2026
f 2297/3061/2027 2317/3020/2027 2319/3062/2027
f 2322/3026/2028 2301/3039/2028 2298/3024/2028
f 2327/3063/2029 2299/3028/2029 2301/3043/2029
f 2318/3023/2030 2326/3045/2030 2323/3021/2030
f 2320/3048/2031 2324/3018/2031 2326/3059/2031
f 2316/3026/2032 2307/3050/2032 2304/3025/2032
f 2321/3064/2033 2305/3022/2033 2307/3046/2033
f 2310/3025/2034 2325/3056/2034 2322/3026/2034
f 2315/3037/2035 2323/3021/2035 2325/3044/2035
f 2306/3020/2036 2314/3059/2036 2311/3018/2036
f 2309/3033/2037 2312/3027/2037 2314/3051/2037
f 2304/3025/2038 2283/3030/2038 2280/3029/2038
f 2308/3047/2039 2281/3019/2039 2283/3065/2039
f 2287/3029/2040 2313/3049/2040 2310/3025/2040
f 2289/3034/2041 2311/3018/2041 2313/3066/2041
f 2316/3026/537 2280/3029/537 2292/3024/537
f 2333/3067/2042 2328/3068/2042 2332/3069/2042
f 2335/3070/1140 2332/3071/1140 2334/3072/1140
f 2331/3073/2043 2333/3074/2043 2335/3075/2043
f 2329/3076/1142 2330/3077/1142 2328/3078/1142
f 2331/3079/2044 2334/3080/2044 2330/3081/2044
f 2334/3082/2045 2328/3083/2045 2330/3084/2045
f 2341/3085/2046 2336/3086/2046 2340/3087/2046
f 2343/3088/2047 2340/3089/2047 2342/3090/2047
f 2339/3091/2048 2341/3092/2048 2343/3093/2048
f 2337/3094/2049 2338/3095/2049 2336/3096/2049
f 2339/3097/2050 2342/3098/2050 2338/3099/2050
f 2342/3100/2051 2336/3101/2051 2338/3102/2051
f 2349/3103/2052 2344/3104/2052 2348/3105/2052
f 2351/3106/2053 2348/3107/2053 2350/3108/2053
f 2351/3109/2054 2345/3110/2054 2349/3111/2054
f 2345/3112/2055 2346/3113/2055 2344/3104/2055
f 2347/3114/2056 2350/3108/2056 2346/3115/2056
f 2350/3116/2057 2344/3117/2057 2346/3118/2057
s 1
f 2363/3119/2058 2352/3120/2059 2362/3121/2060
f 2357/3122/2061 2358/3123/2062 2356/3124/2063
f 2359/3125/2064 2360/3126/2065 2358/3123/2062
f 2361/3127/2066 2362/3128/2060 2360/3129/2065
f 2355/3130/2067 2356/3131/2063 2354/3132/2068
f 2353/3133/2069 2361/3134/2066 2357/3135/2061
f 2353/3136/2069 2354/3137/2068 2352/3120/2059
f 2354/3138/2068 2358/3139/2062 2362/3140/2060
f 2375/3141/2070 2364/3142/2071 2374/3143/2072
f 2369/3144/2073 2370/3145/2074 2368/3146/2075
f 2371/3147/2076 2372/3148/2077 2370/3145/2074
f 2373/3149/2078 2374/3150/2072 2372/3151/2077
f 2367/3152/2079 2368/3153/2075 2366/3154/2080
f 2371/3155/2076 2369/3156/2073 2365/3157/2081
f 2365/3158/2081 2366/3159/2080 2364/3142/2071
f 2370/3160/2074 2372/3161/2077 2374/3162/2072
f 2387/3163/2070 2376/3164/2071 2386/3165/2072
f 2381/3166/2073 2382/3167/2074 2380/3168/2075
f 2383/3169/2076 2384/3170/2077 2382/3167/2074
f 2385/3171/2078 2386/3172/2072 2384/3173/2077
f 2379/3174/2079 2380/3175/2075 2378/3176/2080
f 2383/3177/2076 2381/3178/2073 2377/3179/2081
f 2377/3180/2081 2378/3181/2080 2376/3164/2071
f 2382/3182/2074 2384/3183/2077 2386/3184/2072
s 0
f 2419/3018/504 2389/3019/504 2414/3020/504
f 2431/3021/536 2413/3022/536 2426/3023/536
f 2406/3024/521 2418/3025/521 2430/3026/521
f 2396/3027/532 2401/3023/532 2390/3022/532
f 2407/3028/510 2425/3020/510 2402/3019/510
f 2389/3019/2082 2392/3040/2083 2391/3061/2084
f 2390/3022/2085 2392/3185/2086 2393/3033/2087
f 2394/3028/2088 2398/3042/2089 2399/3035/2090
f 2395/3029/2091 2398/3186/2092 2397/3187/2093
f 2401/3023/2094 2404/3054/2095 2403/3064/2096
f 2402/3019/2097 2404/3188/2098 2405/3041/2099
f 2406/3024/2100 2409/3189/2101 2411/3190/2102
f 2408/3021/2103 2409/3191/2104 2410/3045/2105
f 2412/3025/2106 2415/3192/2107 2417/3193/2108
f 2414/3020/2109 2415/3194/2110 2416/3048/2111
f 2418/3025/2000 2421/3049/2001 2423/3050/2002
f 2420/3027/2003 2421/3036/2004 2422/3051/2005
f 2424/3026/2006 2427/3195/2007 2429/3053/2008
f 2426/3023/2009 2427/3054/2010 2428/3055/2011
f 2431/3021/2112 2434/3191/2113 2433/3196/2114
f 2432/3018/2115 2434/3197/2116 2435/3059/2117
f 2388/3029/2118 2403/3190/2118 2400/3024/2118
f 2392/3185/2119 2401/3023/2119 2403/3064/2119
f 2394/3028/2020 2393/3041/2020 2389/3019/2020
f 2399/3051/2021 2390/3022/2021 2393/3033/2021
f 2406/3024/2120 2398/3186/2120 2395/3029/2120
f 2411/3196/2121 2396/3027/2121 2398/3198/2121
f 2402/3019/2024 2410/3035/2024 2407/3028/2024
f 2405/3055/2025 2408/3021/2025 2410/3045/2025
f 2400/3024/2026 2427/3195/2026 2424/3026/2026
f 2404/3188/2122 2425/3020/2122 2427/3199/2122
f 2430/3026/2123 2409/3189/2123 2406/3024/2123
f 2434/3197/2124 2407/3028/2124 2409/3034/2124
f 2426/3023/2030 2435/3045/2030 2431/3021/2030
f 2428/3048/2031 2432/3018/2031 2435/3059/2031
f 2424/3026/2125 2415/3192/2125 2412/3025/2125
f 2429/3064/2126 2413/3022/2126 2415/3200/2126
f 2418/3025/2127 2433/3053/2127 2430/3026/2127
f 2423/3037/2128 2431/3021/2128 2433/3196/2128
f 2414/3020/2036 2422/3059/2036 2419/3018/2036
f 2416/3033/2037 2420/3027/2037 2422/3051/2037
f 2412/3025/2129 2391/3187/2129 2388/3029/2129
f 2417/3201/2130 2389/3019/2130 2391/3061/2130
f 2395/3029/2040 2421/3049/2040 2418/3025/2040
f 2397/3043/2131 2419/3018/2131 2421/3197/2131
f 2424/3026/537 2388/3029/537 2400/3024/537
f 2441/3202/2042 2436/3203/2042 2440/3204/2042
f 2443/3205/1140 2440/3206/1140 2442/3207/1140
f 2439/3208/2043 2441/3209/2043 2443/3210/2043
f 2437/3211/1142 2438/3212/1142 2436/3213/1142
f 2439/3214/2044 2442/3215/2044 2438/3216/2044
f 2442/3217/2045 2436/3218/2045 2438/3219/2045
f 2449/3220/2046 2444/3221/2046 2448/3087/2046
f 2451/3222/2047 2448/3223/2047 2450/3224/2047
f 2447/3225/2048 2449/3226/2048 2451/3227/2048
f 2445/3228/2049 2446/3229/2049 2444/3230/2049
f 2447/3231/2132 2450/3232/2132 2446/3233/2132
f 2450/3234/2051 2444/3235/2051 2446/3236/2051
f 2457/3237/2052 2452/3238/2052 2456/3239/2052
f 2459/3240/2053 2456/3241/2053 2458/3242/2053
f 2459/3243/2054 2453/3244/2054 2457/3245/2054
f 2453/3246/2055 2454/3247/2055 2452/3238/2055
f 2455/3248/2056 2458/3242/2056 2454/3249/2056
f 2458/3250/2057 2452/3251/2057 2454/3252/2057
s 1
f 2471/3253/2133 2460/3254/2134 2470/3255/2060
f 2465/3256/2061 2466/3257/2062 2464/3258/2135
f 2467/3259/2064 2468/3260/2065 2466/3257/2062
f 2469/3261/2066 2470/3262/2060 2468/3263/2065
f 2463/3264/2136 2464/3265/2135 2462/3266/2137
f 2461/3267/2138 2469/3268/2066 2465/3269/2061
f 2461/3270/2138 2462/3271/2137 2460/3254/2134
f 2462/3272/2137 2466/3273/2062 2470/3274/2060
f 2483/3275/2070 2472/3276/2071 2482/3277/2139
f 2477/3278/2073 2478/3279/2074 2476/3280/2140
f 2479/3281/2076 2480/3282/2077 2478/3279/2074
f 2481/3283/2078 2482/3284/2139 2480/3285/2077
f 2475/3286/2079 2476/3287/2140 2474/3288/2080
f 2479/3289/2076 2477/3290/2073 2473/3291/2081
f 2473/3292/2081 2474/3293/2080 2472/3276/2071
f 2478/3294/2074 2480/3295/2077 2482/3296/2139
f 2495/3297/2141 2484/3298/2071 2494/3299/2142
f 2489/3300/2073 2490/3301/2074 2488/3302/2140
f 2491/3303/2076 2492/3304/2077 2490/3301/2074
f 2493/3305/2078 2494/3306/2142 2492/3307/2077
f 2487/3308/2079 2488/3309/2140 2486/3310/2080
f 2491/3311/2076 2489/3312/2073 2485/3313/2081
f 2485/3314/2081 2486/3315/2080 2484/3298/2071
f 2490/3316/2074 2492/3317/2077 2494/3318/2142
s 0
f 2517/3319/504 2497/3320/504 2513/3321/504
f 2525/3322/2143 2512/3323/2143 2522/3324/2143
f 2508/3325/2144 2516/3326/2144 2524/3327/2144
f 2501/3328/2145 2504/3329/2145 2498/3330/2145
f 2509/3331/510 2521/3321/510 2505/3320/510
f 2496/3332/2146 2499/3333/2147 2498/3334/2148
f 2501/3328/218 2502/3335/219 2500/3336/220
f 2520/3337/2149 2523/3338/2150 2522/3339/2151
f 2525/3322/146 2526/3340/147 2524/3341/148
f 2496/3332/2152 2506/3342/2152 2507/3343/2152
f 2498/3330/2153 2504/3329/2153 2506/3344/2153
f 2503/3345/2154 2499/3346/2154 2497/3320/2154
f 2503/3347/2155 2498/3330/2155 2499/3348/2155
f 2510/3349/2156 2501/3328/2156 2500/3336/2156
f 2505/3320/2157 2511/3350/2157 2509/3331/2157
f 2507/3343/2158 2523/3338/2158 2520/3337/2158
f 2507/3351/2159 2521/3321/2159 2523/3352/2159
f 2524/3327/2160 2510/3353/2160 2508/3325/2160
f 2526/3354/2161 2509/3331/2161 2510/3355/2161
f 2522/3324/2162 2527/3356/2162 2525/3322/2162
f 2520/3337/2163 2514/3357/2163 2515/3358/2163
f 2522/3324/2164 2512/3323/2164 2514/3359/2164
f 2518/3360/2165 2525/3322/2165 2524/3341/2165
f 2513/3321/2166 2519/3361/2166 2517/3319/2166
f 2515/3358/2167 2499/3333/2167 2496/3332/2167
f 2515/3362/2168 2497/3320/2168 2499/3346/2168
f 2500/3363/2169 2518/3364/2169 2516/3326/2169
f 2502/3365/2170 2517/3319/2170 2518/3366/2170
f 2520/3337/2171 2496/3332/2171 2507/3343/2171
f 2539/3367/2172 2529/3368/2172 2537/3369/2172
f 2543/3370/2173 2536/3371/2173 2541/1803/2173
f 2534/3372/2174 2538/3373/2174 2542/3374/2174
f 2531/3375/2175 2532/3376/2175 2529/3377/2175
f 2535/3378/2176 2541/3379/2176 2533/3380/2176
f 2534/3372/1212 2531/3381/1212 2530/3382/1212
f 2533/3383/2177 2534/3384/2177 2535/3385/2177
f 2533/3380/1199 2541/3379/1199 2540/3386/1199
f 2542/3374/2178 2535/3387/2178 2534/3372/2178
f 2541/3379/2179 2542/3388/2179 2543/3389/2179
f 2540/3390/2180 2536/3391/2180 2537/3392/2180
f 2538/3373/1217 2543/3393/1217 2542/3374/1217
f 2537/3394/2181 2538/3395/2181 2539/3396/2181
f 2537/3369/2182 2529/3368/2182 2528/3397/2182
f 2530/3382/2183 2539/3398/2183 2538/3373/2183
f 2540/3390/2184 2528/3399/2184 2532/3400/2184
f 2549/3401/1282 2544/3402/1282 2548/3403/1282
f 2551/3404/2185 2548/3405/2185 2550/3406/2185
f 2547/3407/2186 2549/3408/2186 2551/3409/2186
f 2545/3410/2187 2546/3411/2187 2544/3412/2187
f 2547/3413/1286 2550/3414/1286 2546/3415/1286
f 2550/3416/2188 2544/3417/2188 2546/3418/2188
f 2570/3428/2191 2568/3429/2191 2561/3430/2191
f 2561/3431/2192 2566/3432/2192 2563/3433/2192
f 2570/3434/2193 2573/3435/2193 2575/3436/2193
f 2565/3437/2194 2571/3438/2194 2564/3439/2194
f 2575/3436/2195 2566/3440/2195 2567/3441/2195
f 2563/3433/2196 2562/3442/2196 2561/3431/2196
f 2563/3433/2197 2565/3443/2197 2564/3444/2197
f 2572/3445/2198 2570/3434/2198 2569/3446/2198
f 2574/3447/2199 2572/3448/2199 2571/3438/2199
f 2569/3449/2200 2561/3430/2200 2562/3450/2200
f 2571/3451/2201 2563/3433/2201 2564/3444/2201
f 2576/3452/2202 2567/3453/2202 2568/3429/2202
f 2573/3454/2203 2565/3455/2203 2566/3440/2203
f 2563/3433/2204 2569/3456/2204 2562/3442/2204
f 2598/3457/504 2578/3458/504 2594/3459/504
f 2605/3460/2205 2593/3461/2205 2604/3462/2205
f 2589/3463/2206 2597/3464/2206 2608/3465/2206
f 2582/3466/2207 2585/3467/2207 2580/3468/2207
f 2590/3469/510 2602/3459/510 2586/3458/510
f 2577/3470/2208 2587/3471/2208 2588/3472/2208
f 2579/3473/2209 2585/3467/2209 2587/3474/2209
f 2581/3469/2210 2580/3475/2210 2578/3458/2210
f 2589/3463/2211 2584/3476/2211 2583/3477/2211
f 2591/3478/2212 2582/3466/2212 2584/3479/2212
f 2586/3458/2157 2592/3480/2157 2590/3469/2157
f 2588/3472/2213 2603/3481/2213 2601/3482/2213
f 2588/3483/2214 2602/3459/2214 2603/3484/2214
f 2608/3465/2215 2591/3485/2215 2589/3463/2215
f 2608/3486/2216 2590/3469/2216 2591/3487/2216
f 2604/3462/2217 2607/3488/2217 2605/3460/2217
f 2604/3489/2218 2606/3457/2218 2607/3490/2218
f 2601/3482/2219 2595/3491/2219 2596/3492/2219
f 2603/3493/2220 2593/3461/2220 2595/3494/2220
f 2597/3464/2221 2607/3495/2221 2608/3465/2221
f 2599/3496/2222 2605/3460/2222 2607/3488/2222
f 2594/3459/2166 2600/3497/2166 2598/3457/2166
f 2596/3492/2223 2579/3498/2223 2577/3470/2223
f 2596/3499/2224 2578/3458/2224 2579/3500/2224
f 2583/3477/2225 2599/3501/2225 2597/3464/2225
f 2583/3502/2226 2598/3457/2226 2599/3503/2226
f 2601/3482/2227 2577/3470/2227 2588/3472/2227
f 2614/3504/2228 2609/3505/2228 2613/3506/2228
f 2616/3507/2229 2613/3508/2229 2615/3509/2229
f 2612/3510/2230 2614/3511/2230 2616/3512/2230
f 2610/3513/2231 2611/3514/2231 2609/3515/2231
f 2612/3516/2232 2615/3517/2232 2611/3518/2232
f 2615/3519/2233 2609/3520/2233 2611/3521/2233
f 2637/3457/2234 2618/3458/2234 2635/3522/2234
f 2644/3460/2205 2634/3461/2205 2643/3523/2205
f 2629/3463/2235 2636/3464/2235 2645/3524/2235
f 2622/3466/2207 2625/3467/2207 2620/3525/2207
f 2630/3469/510 2641/3459/510 2626/3458/510
f 2634/3461/1270 2635/3526/1271 2633/3527/1272
f 2617/3470/2208 2627/3471/2208 2628/3472/2208
f 2619/3528/2209 2625/3467/2209 2627/3529/2209
f 2621/3469/2210 2620/3475/2210 2618/3458/2210
f 2629/3463/2211 2624/3530/2211 2623/3477/2211
f 2631/3531/2212 2622/3466/2212 2624/3532/2212
f 2626/3458/2157 2632/3480/2157 2630/3469/2157
f 2628/3472/2213 2642/3533/2213 2640/3482/2213
f 2628/3483/2214 2641/3459/2214 2642/3534/2214
f 2645/3524/2236 2631/3535/2236 2629/3463/2236
f 2645/3536/2237 2630/3469/2237 2631/3487/2237
f 2643/3523/2238 2646/3537/2238 2644/3460/2238
f 2642/3538/2239 2634/3461/2239 2633/3527/2239
f 2638/3539/2240 2644/3460/2240 2645/3540/2240
f 2635/3522/2241 2639/3497/2241 2637/3457/2241
f 2633/3541/2242 2619/3498/2242 2617/3470/2242
f 2635/3522/2243 2618/3458/2243 2619/3500/2243
f 2623/3477/2225 2638/3542/2225 2636/3464/2225
f 2623/3502/2226 2637/3457/2226 2638/3543/2226
f 2640/3482/2227 2617/3470/2227 2628/3472/2227
f 2652/3544/2228 2647/3505/2228 2651/3545/2228
f 2654/3546/2229 2651/3547/2229 2653/3548/2229
f 2650/3549/2230 2652/3550/2230 2654/3512/2230
f 2648/3551/2231 2649/3552/2231 2647/3553/2231
f 2650/3554/2232 2653/3555/2232 2649/3556/2232
f 2653/3557/2233 2647/3558/2233 2649/3559/2233
f 2664/3428/2244 2662/3560/2244 2655/3561/2244
f 2656/3562/2245 2660/3563/2245 2657/3564/2245
f 2664/3565/2193 2667/3566/2193 2669/3567/2193
f 2659/3568/2194 2665/3569/2194 2658/3570/2194
f 2669/3567/2195 2660/3571/2195 2661/3572/2195
f 2657/3564/2246 2655/3573/2246 2656/3562/2246
f 2655/3561/2247 2662/3560/2247 2656/3574/2247
f 2657/3564/2197 2659/3575/2197 2658/3576/2197
f 2666/3577/2198 2664/3565/2198 2663/3578/2198
f 2668/3579/2199 2666/3448/2199 2665/3569/2199
f 2665/3451/2201 2657/3564/2201 2658/3576/2201
f 2670/3580/2202 2661/3453/2202 2662/3560/2202
f 2667/3581/2203 2659/3582/2203 2660/3571/2203
f 2657/3564/2248 2663/3583/2248 2655/3573/2248
f 2692/3457/504 2672/3458/504 2688/3459/504
f 2699/3460/2205 2687/3461/2205 2698/3584/2205
f 2683/3463/2206 2691/3464/2206 2702/3465/2206
f 2676/3466/2207 2679/3467/2207 2674/3468/2207
f 2684/3469/510 2696/3459/510 2680/3458/510
f 2671/3470/2208 2681/3471/2208 2682/3585/2208
f 2673/3586/2209 2679/3467/2209 2681/3587/2209
f 2675/3469/2210 2674/3475/2210 2672/3458/2210
f 2683/3463/2211 2678/3588/2211 2677/3477/2211
f 2685/3478/2212 2676/3466/2212 2678/3589/2212
f 2680/3458/2157 2686/3480/2157 2684/3469/2157
f 2682/3585/2213 2697/3481/2213 2695/3482/2213
f 2682/3483/2214 2696/3459/2214 2697/3484/2214
f 2702/3465/2215 2685/3590/2215 2683/3463/2215
f 2702/3486/2216 2684/3469/2216 2685/3487/2216
f 2698/3584/2217 2701/3591/2217 2699/3460/2217
f 2698/3489/2218 2700/3457/2218 2701/3592/2218
f 2695/3482/2219 2689/3593/2219 2690/3492/2219
f 2697/3594/2220 2687/3461/2220 2689/3494/2220
f 2691/3464/2221 2701/3595/2221 2702/3465/2221
f 2693/3496/2222 2699/3460/2222 2701/3591/2222
f 2688/3459/2166 2694/3497/2166 2692/3457/2166
f 2690/3492/2223 2673/3596/2223 2671/3470/2223
f 2690/3499/2224 2672/3458/2224 2673/3597/2224
f 2677/3477/2225 2693/3598/2225 2691/3464/2225
f 2677/3502/2226 2692/3457/2226 2693/3599/2226
f 2695/3482/2227 2671/3470/2227 2682/3585/2227
f 2708/3600/2228 2703/3505/2228 2707/3601/2228
f 2710/3602/2229 2707/3603/2229 2709/3604/2229
f 2706/3605/2230 2708/3511/2230 2710/3512/2230
f 2704/3606/2231 2705/3607/2231 2703/3608/2231
f 2706/3609/2232 2709/3517/2232 2705/3610/2232
f 2709/3611/2233 2703/3612/2233 2705/3613/2233
f 2731/3457/2234 2712/3458/2234 2729/3614/2234
f 2738/3460/2205 2728/3461/2205 2737/3584/2205
f 2723/3463/2235 2730/3464/2235 2739/3615/2235
f 2716/3466/2207 2719/3467/2207 2714/3468/2207
f 2724/3469/510 2735/3459/510 2720/3458/510
f 2728/3461/1270 2729/3616/1271 2727/3527/1272
f 2711/3470/2208 2721/3471/2208 2722/3585/2208
f 2713/3528/2209 2719/3467/2209 2721/3474/2209
f 2715/3469/2210 2714/3475/2210 2712/3458/2210
f 2723/3463/2211 2718/3588/2211 2717/3477/2211
f 2725/3531/2212 2716/3466/2212 2718/3617/2212
f 2720/3458/2157 2726/3480/2157 2724/3469/2157
f 2722/3585/2213 2736/3618/2213 2734/3482/2213
f 2722/3483/2214 2735/3459/2214 2736/3619/2214
f 2739/3615/2236 2725/3535/2236 2723/3463/2236
f 2739/3536/2237 2724/3469/2237 2725/3487/2237
f 2737/3584/2238 2740/3537/2238 2738/3460/2238
f 2736/3620/2239 2728/3461/2239 2727/3527/2239
f 2732/3621/2240 2738/3460/2240 2739/3622/2240
f 2729/3614/2241 2733/3497/2241 2731/3457/2241
f 2727/3541/2242 2713/3498/2242 2711/3470/2242
f 2729/3614/2243 2712/3458/2243 2713/3500/2243
f 2717/3477/2225 2732/3623/2225 2730/3464/2225
f 2717/3502/2226 2731/3457/2226 2732/3536/2226
f 2734/3482/2227 2711/3470/2227 2722/3585/2227
f 2746/3544/2228 2741/3624/2228 2745/3625/2228
f 2748/3626/2229 2745/3627/2229 2747/3628/2229
f 2744/3629/2230 2746/3550/2230 2748/3630/2230
f 2742/3513/2231 2743/3631/2231 2741/3632/2231
f 2744/3633/2232 2747/3634/2232 2743/3635/2232
f 2747/3636/2233 2741/3637/2233 2743/3638/2233
f 2757/3639/2249 2750/3640/2249 2755/3641/2249
f 2760/3642/2250 2755/3643/2250 2759/3644/2250
f 2753/3645/2251 2756/3646/2251 2760/3647/2251
f 2751/3648/2252 2752/3649/2252 2750/3650/2252
f 2754/3651/2253 2759/3652/2253 2752/3653/2253
f 2752/3649/2254 2753/3654/2254 2754/3655/2254
f 2752/3653/2255 2759/3652/2255 2758/3656/2255
f 2760/3647/2256 2754/3657/2256 2753/3645/2256
f 2755/3643/2257 2756/3658/2257 2757/3659/2257
f 2755/3641/2258 2750/3640/2258 2749/3660/2258
f 2751/3661/2259 2757/3662/2259 2756/3646/2259
f 2758/3663/2260 2749/3664/2260 2752/3665/2260
f 2766/3666/2261 2761/3667/2261 2765/3668/2261
f 2768/3669/1140 2765/3670/1140 2767/3671/1140
f 2764/3672/2262 2766/3673/2262 2768/3674/2262
f 2762/3675/1142 2763/3676/1142 2761/3677/1142
f 2764/3678/2263 2767/3679/2263 2763/3680/2263
f 2767/3681/2264 2761/3682/2264 2763/3683/2264
s 1
f 2780/3687/2265 2773/3688/2266 2779/3689/2267
f 2776/3690/2268 2777/3691/2269 2775/3692/2270
f 2778/3693/2271 2779/3694/2267 2777/3691/2269
f 2774/3695/2272 2775/3696/2270 2773/3688/2266
f 2778/3697/2271 2776/3698/2268 2774/3699/2272
f 2779/3700/2267 2775/3701/2270 2777/3702/2269
f 2782/3703/2273 2785/3704/2274 2783/3705/2275
f 2784/3706/2276 2787/3707/2277 2785/3708/2274
f 2786/3709/2278 2781/3710/2279 2787/3707/2277
f 2786/3711/2278 2784/3712/2276 2782/3713/2273
f 2788/3714/2280 2783/3705/2275 2781/3715/2279
f 2787/3716/2277 2783/3717/2275 2785/3718/2274
f 2796/3719/2281 2789/3720/2282 2795/3721/2283
f 2792/3722/2284 2793/3723/2285 2791/3724/2286
f 2794/3725/2287 2795/3726/2283 2793/3723/2285
f 2790/3727/2288 2791/3728/2286 2789/3720/2282
f 2796/3729/2281 2794/3730/2287 2792/3731/2284
f 2793/3732/2285 2795/3733/2283 2789/3734/2282
f 2800/3735/2289 2801/3736/2290 2799/3737/2291
f 2802/3738/2292 2803/3739/2293 2801/3740/2290
f 2804/3741/2294 2797/3742/2295 2803/3739/2293
f 2798/3743/2296 2804/3744/2294 2802/3745/2292
f 2798/3746/2296 2799/3737/2291 2797/3747/2295
f 2801/3748/2290 2803/3749/2293 2797/3750/2295
s 0
f 2813/3751/2249 2806/3640/2249 2811/3752/2249
f 2816/3753/2250 2811/3754/2250 2815/3644/2250
f 2809/3755/2251 2812/3756/2251 2816/3757/2251
f 2807/3758/2252 2808/3759/2252 2806/3650/2252
f 2810/3760/2253 2815/3652/2253 2808/3761/2253
f 2808/3759/2254 2809/3654/2254 2810/3655/2254
f 2808/3761/2297 2815/3652/2297 2814/3762/2297
f 2816/3757/2256 2810/3657/2256 2809/3755/2256
f 2811/3754/2257 2812/3658/2257 2813/3763/2257
f 2811/3752/2258 2806/3640/2258 2805/3764/2258
f 2807/3765/2259 2813/3662/2259 2812/3756/2259
f 2814/3766/2260 2805/3767/2260 2808/3768/2260
f 2822/3666/2261 2817/3769/2261 2821/3770/2261
f 2824/3771/1140 2821/3772/1140 2823/3773/1140
f 2820/3774/2262 2822/3775/2262 2824/3776/2262
f 2818/3777/1142 2819/3778/1142 2817/3779/1142
f 2820/3780/2263 2823/3781/2263 2819/3782/2263
f 2823/3783/2264 2817/3784/2264 2819/3785/2264
s 1
f 2834/3786/2298 2835/3787/2299 2833/3788/2300
f 2836/3789/2301 2837/3790/2302 2835/3787/2299
f 2836/3789/2301 2829/3791/2303 2837/3790/2302
f 2830/3792/2304 2833/3793/2300 2831/3794/2305
f 2836/3795/2301 2834/3796/2298 2832/3797/2306
f 2830/3792/2304 2831/3794/2305 2829/3798/2303
f 2837/3799/2302 2833/3800/2300 2835/3801/2299
f 2842/3802/2307 2845/3803/2308 2843/3804/2309
f 2844/3805/2310 2846/3806/2311 2845/3803/2308
f 2847/3807/2312 2839/3808/2313 2846/3806/2311
f 2841/3809/2314 2843/3810/2309 2840/3811/2315
f 2847/3812/2312 2844/3813/2310 2842/3814/2307
f 2848/3815/2316 2840/3811/2315 2839/3816/2313
f 2846/3817/2311 2843/3818/2309 2845/3819/2308
f 2856/3820/2281 2849/3821/2282 2855/3822/2283
f 2852/3823/2317 2853/3824/2285 2851/3825/2318
f 2854/3826/2287 2855/3827/2283 2853/3824/2285
f 2850/3828/2319 2851/3829/2318 2849/3821/2282
f 2856/3830/2281 2854/3831/2287 2852/3832/2317
f 2853/3833/2285 2855/3834/2283 2849/3835/2282
f 2859/3836/2320 2862/3837/2321 2860/3838/2322
f 2863/3839/2323 2864/3840/2293 2862/3841/2321
f 2865/3842/2324 2857/3843/2325 2864/3840/2293
f 2858/3844/2326 2865/3845/2324 2863/3846/2323
f 2858/3847/2326 2860/3838/2322 2857/3848/2325
f 2862/3849/2321 2864/3850/2293 2857/3851/2325
s 0
f 2871/3852/2327 2866/3853/2327 2870/3854/2327
f 2873/3855/2328 2870/3856/2328 2872/3857/2328
f 2869/3858/2329 2871/3859/2329 2873/3860/2329
f 2867/3861/2330 2868/3862/2330 2866/3863/2330
f 2869/3858/2331 2872/3864/2331 2868/3865/2331
f 2872/3866/2332 2866/3853/2332 2868/3867/2332
f 2879/3852/2327 2874/3868/2327 2878/3854/2327
f 2881/3855/2328 2878/3856/2328 2880/3857/2328
f 2877/3869/2329 2879/3859/2329 2881/3860/2329
f 2875/3870/2330 2876/3871/2330 2874/3872/2330
f 2877/3869/2331 2880/3864/2331 2876/3873/2331
f 2880/3866/2332 2874/3868/2332 2876/3874/2332
f 2887/3875/2327 2882/3868/2327 2886/3876/2327
f 2889/3855/2328 2886/3877/2328 2888/3857/2328
f 2885/3869/2329 2887/3878/2329 2889/3879/2329
f 2883/3870/2330 2884/3880/2330 2882/3872/2330
f 2885/3869/2331 2888/3881/2331 2884/3873/2331
f 2888/3882/2332 2882/3868/2332 2884/3883/2332
f 2895/3852/2327 2890/3853/2327 2894/3854/2327
f 2897/3855/2328 2894/3856/2328 2896/3857/2328
f 2893/3858/2329 2895/3859/2329 2897/3860/2329
f 2891/3861/2330 2892/3862/2330 2890/3863/2330
f 2893/3858/2331 2896/3864/2331 2892/3865/2331
f 2896/3866/2332 2890/3853/2332 2892/3867/2332
f 2903/3852/2327 2898/3868/2327 2902/3854/2327
f 2905/3855/2328 2902/3856/2328 2904/3857/2328
f 2901/3869/2329 2903/3859/2329 2905/3860/2329
f 2899/3870/2330 2900/3871/2330 2898/3872/2330
f 2901/3869/2331 2904/3864/2331 2900/3873/2331
f 2904/3866/2332 2898/3868/2332 2900/3874/2332
f 2911/3875/2327 2906/3868/2327 2910/3876/2327
f 2913/3855/2328 2910/3877/2328 2912/3857/2328
f 2909/3869/2329 2911/3878/2329 2913/3879/2329
f 2907/3870/2330 2908/3880/2330 2906/3872/2330
f 2909/3869/2331 2912/3881/2331 2908/3873/2331
f 2912/3882/2332 2906/3868/2332 2908/3883/2332
f 2919/3884/2327 2914/3885/2327 2918/3886/2327
f 2921/3887/2328 2918/3888/2328 2920/3889/2328
f 2917/3890/2329 2919/3891/2329 2921/3892/2329
f 2915/3893/2330 2916/3894/2330 2914/3895/2330
f 2917/3890/2331 2920/3896/2331 2916/3897/2331
f 2920/3898/2332 2914/3885/2332 2916/3899/2332
f 2927/3884/2327 2922/3900/2327 2926/3886/2327
f 2929/3887/2328 2926/3888/2328 2928/3889/2328
f 2925/3901/2329 2927/3891/2329 2929/3892/2329
f 2923/3902/2330 2924/3871/2330 2922/3903/2330
f 2925/3901/2331 2928/3896/2331 2924/3904/2331
f 2928/3898/2332 2922/3900/2332 2924/3905/2332
f 2935/3906/2327 2930/3900/2327 2934/3907/2327
f 2937/3908/2328 2934/3909/2328 2936/3889/2328
f 2933/3901/2329 2935/3891/2329 2937/3910/2329
f 2931/3902/2330 2932/3871/2330 2930/3903/2330
f 2933/3901/2331 2936/3896/2331 2932/3904/2331
f 2936/3911/2332 2930/3900/2332 2932/3905/2332
f 2946/3912/2333 2939/3913/2333 2944/3914/2333
f 2949/3915/2334 2944/3916/2334 2947/3917/2334
f 2942/3918/2335 2945/3919/2335 2949/3920/2335
f 2940/3921/2336 2941/3922/2336 2938/3923/2336
f 2943/3924/2337 2948/3925/2337 2941/3926/2337
f 2940/3921/2338 2938/3923/2338 2939/3927/2338
f 2941/3922/2339 2942/3928/2339 2943/3929/2339
f 2941/3930/2340 2948/3931/2340 2947/3932/2340
f 2949/3920/2341 2943/3933/2341 2942/3918/2341
f 2944/3916/2342 2945/3934/2342 2946/3935/2342
f 2944/3936/2343 2939/3937/2343 2938/3938/2343
f 2940/3939/2344 2946/3940/2344 2945/3919/2344
f 2947/3932/2345 2938/3938/2345 2941/3930/2345
f 2955/3941/2346 2950/3942/2346 2954/3943/2346
f 2957/3944/2347 2954/3945/2347 2956/3946/2347
f 2953/3947/2348 2955/3948/2348 2957/3949/2348
f 2951/3950/2349 2952/3951/2349 2950/3952/2349
f 2953/3953/2350 2956/3954/2350 2952/3955/2350
f 2956/3956/2351 2950/3957/2351 2952/3958/2351
s 1
f 2963/3959/2352 2958/3960/2353 2959/3961/2354
f 2960/3962/2355 2964/3963/2356 2959/3964/2354
f 2961/3965/2357 2966/3966/2358 2960/3967/2355
f 2969/3968/2359 2961/3969/2357 2958/3970/2353
f 2970/3971/2360 2969/3972/2359 2962/3973/2361
f 2971/3974/2362 2962/3973/2361 2963/3959/2352
f 2964/3963/2356 2971/3975/2362 2963/3976/2352
f 2965/3977/2363 2972/3978/2364 2964/3963/2356
f 2966/3966/2358 2973/3979/2365 2965/3980/2363
f 2967/3981/2366 2974/3982/2367 2966/3966/2358
f 2975/3983/2368 2967/3984/2366 2968/3985/2369
f 2976/3986/2370 2968/3985/2369 2969/3968/2359
f 2970/3971/2360 2984/3987/2371 2976/3988/2370
f 2971/3974/2362 2977/3989/2372 2970/3971/2360
f 2979/3990/2373 2971/3975/2362 2972/3978/2364
f 2980/3991/2374 2972/3978/2364 2973/3992/2365
f 2981/3993/2375 2973/3979/2365 2974/3982/2367
f 2982/3994/2376 2974/3982/2367 2975/3995/2368
f 2976/3986/2370 2983/3996/2377 2975/3983/2368
f 2977/3997/2372 2985/3998/2378 2984/3999/2371
f 2978/4000/2379 2985/4001/2378 2977/3989/2372
f 2986/4002/2380 2978/4003/2379 2979/3990/2373
f 2987/4004/2381 2979/3990/2373 2980/3991/2374
f 2987/4004/2381 2980/3991/2374 2981/4005/2375
f 2988/4006/2382 2981/3993/2375 2982/3994/2376
f 2983/3996/2377 2988/4007/2382 2982/4008/2376
f 2984/3999/2371 2988/4007/2382 2983/3996/2377
f 2993/4009/2383 2989/4010/2384 2990/4011/2385
f 2991/4012/2386 2994/4013/2387 2990/4014/2385
f 2992/4015/2388 2995/4016/2389 2991/4012/2386
f 2997/4017/2390 2992/4018/2388 2989/4010/2384
f 2998/4019/2391 2997/4017/2390 2993/4009/2383
f 2994/4020/2387 2999/4021/2392 2993/4009/2383
f 2995/4016/2389 2999/4022/2392 2994/4013/2387
f 2996/4023/2393 3000/4024/2394 2995/4016/2389
f 3001/4025/2395 2996/4026/2393 2997/4027/2390
f 2999/4021/2392 3002/4028/2396 2998/4029/2391
f 3004/4030/2397 2999/4022/2392 3000/4024/2394
f 3005/4031/2398 3000/4032/2394 3001/4025/2395
f 2998/4019/2391 3006/4033/2399 3001/4034/2395
f 3002/4035/2396 3007/4036/2400 3006/4033/2399
f 3008/4037/2401 3002/4028/2396 3003/4038/2402
f 3009/4039/2403 3003/4040/2402 3004/4030/2397
f 3010/4041/2404 3004/4030/2397 3005/4042/2398
f 3006/4043/2399 3010/4044/2404 3005/4031/2398
f 3034/4045/2405 3011/4046/2406 3033/4047/2407
f 3015/4048/2408 3016/4049/2409 3014/4050/2410
f 3017/4051/2411 3018/4052/2412 3016/4049/2409
f 3017/4051/2411 3020/4053/2413 3018/4052/2412
f 3019/4054/2414 3021/4055/2415 3020/4053/2413
f 3022/4056/2416 3024/4057/2417 3021/4058/2415
f 3023/4059/2418 3025/4060/2419 3024/4057/2417
f 3027/4061/2420 3028/4062/2421 3025/4060/2419
f 3029/4063/2422 3030/4064/2423 3028/4062/2421
f 3032/4065/2424 3031/4066/2425 3030/4064/2423
f 3032/4065/2424 3033/4067/2407 3031/4066/2425
f 3013/4068/2426 3014/4050/2410 3012/4069/2427
f 3019/4070/2414 3015/4071/2408 3026/4072/2428
f 3013/4068/2426 3012/4069/2427 3011/4046/2406
f 3012/4073/2427 3014/4074/2410 3011/4075/2406
f 3016/4076/2409 3018/4077/2412 3014/4074/2410
f 3020/4078/2413 3021/4079/2415 3018/4077/2412
f 3022/4080/2416 3019/4070/2414 3023/4081/2418
f 3027/4082/2420 3023/4081/2418 3026/4072/2428
f 3031/4083/2425 3033/4084/2407 3030/4085/2423
f 3035/4086/2429 3032/4087/2424 3034/4088/2405
f 3030/4085/2423 3011/4075/2406 3024/4089/2417
f 3041/4090/2430 3042/4091/2431 3040/4092/2432
f 3041/4093/2430 3044/4094/2433 3042/4095/2431
f 3043/4096/2434 3046/4097/2435 3044/4094/2433
f 3047/4098/2436 3048/4099/2437 3046/4100/2435
f 3049/4101/2438 3036/4102/2439 3048/4103/2437
f 3037/4104/2440 3040/4105/2432 3038/4106/2441
f 3049/4107/2438 3043/4108/2434 3039/4109/2442
f 3037/4104/2440 3038/4106/2441 3036/4102/2439
f 3046/4110/2435 3048/4111/2437 3036/4112/2439
f 3071/4137/2460 3072/4138/2461 3069/4139/2462
f 3073/4140/2463 3074/4141/2464 3072/4138/2461
f 3075/4142/2465 3076/4143/2466 3074/4141/2464
f 3077/4144/2467 3078/4145/2468 3076/4146/2466
f 3079/4147/2469 3080/4148/2470 3078/4145/2468
f 3081/4149/2471 3082/4150/2472 3080/4148/2470
f 3081/4149/2471 3083/4151/2473 3082/4150/2472
f 3084/4152/2474 3068/4153/2475 3083/4154/2473
f 3079/4155/2469 3075/4156/2465 3071/4157/2460
f 3070/4158/2476 3069/4139/2462 3068/4153/2475
f 3078/4159/2468 3080/4160/2470 3068/4161/2475
f 3089/4162/2477 3090/4163/2478 3087/4164/2479
f 3089/4162/2477 3091/4165/2480 3090/4163/2478
f 3092/4166/2481 3093/4167/2482 3091/4165/2480
f 3095/4168/2483 3096/4169/2484 3093/4170/2482
f 3097/4171/2485 3098/4172/2486 3096/4169/2484
f 3099/4173/2487 3100/4174/2488 3098/4172/2486
f 3101/4175/2489 3102/4176/2490 3100/4174/2488
f 3103/4177/2491 3086/4178/2492 3102/4179/2490
f 3099/4180/2487 3094/4181/2493 3089/4182/2477
f 3088/4183/2494 3087/4164/2479 3086/4178/2492
f 3096/4184/2484 3098/4185/2486 3086/4186/2492
f 3112/4187/2495 3105/4188/2496 3113/4189/2497
f 3108/4190/2498 3109/4191/2499 3107/4192/2500
f 3108/4190/2498 3111/4193/2501 3109/4191/2499
f 3112/4194/2495 3113/4195/2497 3111/4193/2501
f 3106/4196/2502 3107/4197/2500 3105/4188/2496
f 3107/4198/2500 3111/4199/2501 3113/4200/2497
f 3122/4201/2503 3114/4202/2504 3121/4203/2505
f 3117/4204/2506 3118/4205/2499 3116/4206/2500
f 3117/4204/2506 3120/4207/2507 3118/4205/2499
f 3119/4208/2508 3121/4209/2505 3120/4207/2507
f 3115/4210/2509 3116/4211/2500 3114/4202/2504
f 3116/4212/2500 3120/4213/2507 3121/4214/2505
f 3131/4215/2510 3123/4202/2504 3130/4216/2505
f 3126/4217/2511 3127/4218/2512 3125/4219/2500
f 3126/4217/2511 3129/4220/2507 3127/4218/2512
f 3128/4221/2513 3130/4222/2505 3129/4220/2507
f 3124/4223/2514 3125/4224/2500 3123/4202/2504
f 3126/4225/2511 3124/4226/2514 3128/4227/2513
f 3125/4228/2500 3129/4229/2507 3130/4230/2505
f 3140/4231/2510 3132/4202/2504 3139/4232/2515
f 3135/4233/2511 3136/4218/2512 3134/4219/2500
f 3135/4233/2511 3138/4207/2507 3136/4218/2512
f 3137/4234/2513 3139/4209/2515 3138/4207/2507
f 3133/4235/2514 3134/4224/2500 3132/4202/2504
f 3135/4236/2511 3133/4237/2514 3137/4238/2513
f 3134/4228/2500 3138/4239/2507 3139/4214/2515
s 0
f 3155/4240/2516 3142/4241/2516 3152/4242/2516
f 3158/4243/2517 3151/4244/2517 3157/4245/2517
f 3149/4246/2518 3154/4247/2518 3160/4248/2518
f 3144/4249/2519 3146/4250/2519 3142/4251/2519
f 3150/4252/2520 3157/4253/2520 3147/4254/2520
f 3141/4255/2521 3146/4256/2521 3148/4257/2521
f 3149/4246/2522 3144/4258/2522 3143/4259/2522
f 3148/4260/2523 3157/4253/2523 3156/4261/2523
f 3160/4262/2524 3150/4252/2524 3149/4263/2524
f 3157/4245/2525 3159/4264/2525 3158/4243/2525
f 3156/4265/2526 3151/4266/2526 3153/4267/2526
f 3154/4247/2527 3158/4268/2527 3160/4248/2527
f 3153/4269/2528 3142/4241/2528 3141/4270/2528
f 3143/4271/2529 3155/4240/2529 3154/4272/2529
f 3156/4265/2530 3141/4255/2530 3148/4257/2530
s 1
f 3172/4273/2531 3161/4274/2532 3171/4275/2533
f 3166/4276/2534 3167/4277/2535 3165/4278/2536
f 3168/4279/2537 3169/4280/2538 3167/4277/2535
f 3170/4281/2539 3171/4282/2533 3169/4283/2538
f 3164/4284/2540 3165/4285/2536 3163/4286/2541
f 3168/4287/2537 3166/4288/2534 3162/4289/2542
f 3162/4290/2542 3163/4291/2541 3161/4274/2532
f 3167/4292/2535 3169/4280/2538 3171/4293/2533
s 0
f 3187/4294/2516 3174/4295/2516 3184/4242/2516
f 3190/4296/2517 3183/4297/2517 3189/4298/2517
f 3181/4299/2518 3186/4300/2518 3192/4248/2518
f 3176/4301/2519 3178/4302/2519 3174/4251/2519
f 3182/4303/2520 3189/4304/2520 3179/4305/2520
f 3173/4306/2521 3178/4307/2521 3180/4257/2521
f 3181/4299/2522 3176/4308/2522 3175/4259/2522
f 3180/4260/2523 3189/4304/2523 3188/4261/2523
f 3192/4262/2524 3182/4303/2524 3181/4263/2524
f 3189/4298/2525 3191/4264/2525 3190/4296/2525
f 3188/4309/2526 3183/4266/2526 3185/4267/2526
f 3186/4300/2527 3190/4310/2527 3192/4248/2527
f 3185/4269/2528 3174/4295/2528 3173/4311/2528
f 3175/4271/2529 3187/4294/2529 3186/4272/2529
f 3188/4309/2530 3173/4306/2530 3180/4257/2530
s 1
f 3204/4312/2543 3193/4313/2544 3203/4314/2545
f 3198/4315/2534 3199/4316/2546 3197/4317/2547
f 3200/4318/2548 3201/4319/2549 3199/4316/2546
f 3202/4320/2539 3203/4321/2545 3201/4322/2549
f 3196/4323/2540 3197/4324/2547 3195/4325/2541
f 3200/4326/2548 3198/4327/2534 3194/4328/2550
f 3194/4329/2550 3195/4330/2541 3193/4313/2544
f 3199/4331/2546 3201/4319/2549 3203/4332/2545
s 0
f 3216/4333/2551 3206/4334/2551 3213/4335/2551
f 3219/4336/2552 3214/4337/2552 3217/4338/2552
f 3211/4339/2553 3215/4340/2553 3220/4341/2553
f 3207/4342/2554 3210/4343/2554 3206/4344/2554
f 3212/4345/2555 3218/4346/2555 3209/4347/2555
f 3205/4348/2556 3210/4349/2556 3209/4350/2556
f 3211/4339/2557 3207/4351/2557 3208/4352/2557
f 3209/4350/2558 3218/4353/2558 3217/4354/2558
f 3220/4355/2559 3212/4345/2559 3211/4356/2559
f 3217/4338/2560 3220/4357/2560 3219/4336/2560
f 3217/4354/2561 3214/4358/2561 3213/4359/2561
f 3215/4340/2562 3219/4360/2562 3220/4341/2562
f 3213/4335/2563 3206/4334/2563 3205/4361/2563
f 3208/4362/2564 3216/4333/2564 3215/4363/2564
f 3217/4354/2565 3205/4348/2565 3209/4350/2565
s 1
f 3232/4364/2566 3221/4365/2567 3231/4366/2568
f 3226/4367/2569 3227/4368/2570 3225/4369/2571
f 3228/4370/2572 3229/4371/2573 3227/4368/2570
f 3230/4372/2574 3231/4373/2568 3229/4374/2573
f 3224/4375/2575 3225/4376/2571 3223/4377/2576
f 3230/4378/2574 3228/4379/2572 3226/4380/2569
f 3222/4381/2577 3223/4382/2576 3221/4365/2567
f 3229/4371/2573 3231/4383/2568 3223/4384/2576
f 3244/4385/2578 3233/4386/2579 3243/4387/2580
f 3238/4388/2581 3239/4389/2582 3237/4390/2583
f 3240/4391/2584 3241/4392/2585 3239/4389/2582
f 3242/4393/2586 3243/4394/2580 3241/4395/2585
f 3236/4396/2587 3237/4397/2583 3235/4398/2588
f 3240/4399/2584 3238/4400/2581 3234/4401/2589
f 3234/4402/2589 3235/4403/2588 3233/4386/2579
f 3239/4404/2582 3241/4392/2585 3243/4405/2580
f 3256/4406/2578 3245/4407/2579 3255/4408/2580
f 3250/4409/2581 3251/4410/2582 3249/4411/2583
f 3252/4412/2584 3253/4392/2585 3251/4410/2582
f 3254/4393/2586 3255/4413/2580 3253/4395/2585
f 3248/4414/2587 3249/4415/2583 3247/4416/2588
f 3252/4417/2584 3250/4418/2581 3246/4419/2590
f 3246/4420/2590 3247/4421/2588 3245/4407/2579
f 3251/4404/2582 3253/4392/2585 3255/4422/2580
s 0
f 3271/4294/2516 3258/4241/2516 3268/4423/2516
f 3274/4243/2517 3267/4244/2517 3273/4298/2517
f 3265/4424/2518 3270/4247/2518 3276/4248/2518
f 3260/4425/2519 3262/4426/2519 3258/4251/2519
f 3266/4427/2520 3273/4304/2520 3263/4305/2520
f 3257/4428/2521 3262/4429/2521 3264/4430/2521
f 3265/4424/2522 3260/4258/2522 3259/4259/2522
f 3264/4260/2523 3273/4304/2523 3272/4261/2523
f 3276/4262/2524 3266/4427/2524 3265/4431/2524
f 3273/4298/2525 3275/4264/2525 3274/4243/2525
f 3272/4432/2526 3267/4266/2526 3269/4433/2526
f 3270/4247/2527 3274/4268/2527 3276/4248/2527
f 3269/4269/2528 3258/4241/2528 3257/4270/2528
f 3259/4271/2529 3271/4294/2529 3270/4272/2529
f 3272/4432/2530 3257/4428/2530 3264/4430/2530
s 1
f 3288/4434/2531 3277/4435/2532 3287/4436/2533
f 3282/4437/2534 3283/4438/2535 3281/4439/2536
f 3284/4440/2537 3285/4441/2538 3283/4438/2535
f 3286/4442/2539 3287/4443/2533 3285/4444/2538
f 3280/4445/2540 3281/4446/2536 3279/4447/2541
f 3284/4448/2537 3282/4449/2534 3278/4450/2542
f 3278/4451/2542 3279/4452/2541 3277/4435/2532
f 3283/4453/2535 3285/4441/2538 3287/4454/2533
s 0
f 3303/4240/2516 3290/4295/2516 3300/4242/2516
f 3306/4243/2517 3299/4297/2517 3305/4298/2517
f 3297/4455/2518 3302/4247/2518 3308/4248/2518
f 3292/4301/2519 3294/4456/2519 3290/4251/2519
f 3298/4303/2520 3305/4253/2520 3295/4305/2520
f 3289/4457/2521 3294/4458/2521 3296/4430/2521
f 3297/4455/2522 3292/4308/2522 3291/4259/2522
f 3296/4260/2523 3305/4253/2523 3304/4261/2523
f 3308/4262/2524 3298/4303/2524 3297/4459/2524
f 3305/4298/2525 3307/4264/2525 3306/4243/2525
f 3304/4432/2526 3299/4266/2526 3301/4433/2526
f 3302/4247/2527 3306/4268/2527 3308/4248/2527
f 3301/4269/2528 3290/4295/2528 3289/4460/2528
f 3291/4271/2529 3303/4240/2529 3302/4272/2529
f 3304/4432/2530 3289/4457/2530 3296/4430/2530
s 1
f 3320/4461/2543 3309/4462/2591 3319/4463/2545
f 3314/4464/2534 3315/4465/2546 3313/4466/2547
f 3316/4467/2537 3317/4468/2549 3315/4465/2546
f 3318/4469/2539 3319/4470/2545 3317/4471/2549
f 3312/4472/2592 3313/4473/2547 3311/4474/2541
f 3316/4475/2537 3314/4476/2534 3310/4477/2550
f 3310/4478/2550 3311/4479/2541 3309/4462/2591
f 3315/4480/2546 3317/4468/2549 3319/4481/2545
s 0
f 3332/4482/2593 3322/4483/2593 3330/4484/2593
f 3335/4485/2594 3329/4486/2594 3333/4338/2594
f 3327/4487/2553 3331/4488/2553 3336/4489/2553
f 3323/4342/2595 3326/4490/2595 3321/4491/2595
f 3328/4345/2555 3334/4492/2555 3325/4493/2555
f 3321/4494/2596 3326/4495/2596 3325/4496/2596
f 3324/4497/2597 3321/4491/2597 3322/4498/2597
f 3327/4487/2557 3323/4351/2557 3324/4499/2557
f 3325/4496/2558 3334/4500/2558 3333/4501/2558
f 3336/4355/2559 3328/4345/2559 3327/4502/2559
f 3333/4338/2560 3336/4357/2560 3335/4485/2560
f 3333/4501/2598 3329/4503/2598 3330/4504/2598
f 3331/4488/2562 3335/4505/2562 3336/4489/2562
f 3330/4504/2599 3322/4506/2599 3321/4494/2599
f 3324/4507/2564 3332/4482/2564 3331/4363/2564
f 3333/4501/2600 3321/4494/2600 3325/4496/2600
s 1
f 3348/4508/2601 3337/4509/2567 3347/4510/2568
f 3342/4511/2569 3343/4512/2602 3341/4513/2603
f 3344/4514/2572 3345/4515/2573 3343/4512/2602
f 3346/4516/2574 3347/4517/2568 3345/4518/2573
f 3340/4519/2575 3341/4520/2603 3339/4521/2576
f 3346/4522/2574 3344/4523/2572 3342/4524/2569
f 3338/4525/2604 3339/4526/2576 3337/4509/2567
f 3345/4515/2573 3347/4527/2568 3339/4528/2576
f 3360/4529/2578 3349/4530/2579 3359/4531/2580
f 3354/4532/2581 3355/4533/2605 3353/4534/2583
f 3356/4535/2584 3357/4536/2585 3355/4533/2605
f 3358/4537/2606 3359/4538/2580 3357/4539/2585
f 3352/4540/2587 3353/4541/2583 3351/4542/2588
f 3356/4543/2584 3354/4544/2581 3350/4545/2589
f 3350/4546/2589 3351/4547/2588 3349/4530/2579
f 3355/4548/2605 3357/4536/2585 3359/4549/2580
f 3372/4550/2607 3361/4551/2579 3371/4552/2580
f 3366/4553/2581 3367/4554/2605 3365/4555/2583
f 3368/4556/2584 3369/4557/2585 3367/4554/2605
f 3370/4558/2606 3371/4559/2580 3369/4539/2585
f 3364/4560/2587 3365/4561/2583 3363/4562/2588
f 3368/4563/2584 3366/4564/2581 3362/4565/2608
f 3362/4566/2608 3363/4567/2588 3361/4551/2579
f 3367/4568/2605 3369/4557/2585 3371/4569/2580
s 0
f 3391/4570/2609 3374/4571/2609 3388/4572/2609
f 3398/4573/2610 3387/4574/2610 3396/4575/2610
f 3383/4576/2611 3390/4577/2611 3399/4578/2611
f 3378/4579/2612 3380/4580/2612 3375/4581/2612
f 3384/4582/2613 3395/4583/2613 3381/4584/2613
f 3373/4585/2146 3376/4586/2614 3375/4587/2148
f 3383/4576/1164 3386/4588/2615 3385/4589/1166
f 3390/4577/1167 3393/4590/2616 3392/4591/1169
f 3394/4592/2149 3397/4593/2617 3396/4594/2151
f 3373/4585/2618 3382/4595/2618 3381/4596/2618
f 3375/4581/2619 3380/4580/2619 3382/4597/2619
f 3377/4598/2620 3376/4599/2620 3374/4571/2620
f 3379/4600/2621 3375/4581/2621 3376/4601/2621
f 3383/4576/2622 3379/4602/2622 3377/4603/2622
f 3385/4604/2623 3378/4579/2623 3379/4600/2623
f 3381/4584/2624 3386/4605/2624 3384/4582/2624
f 3382/4597/2625 3385/4604/2625 3386/4606/2625
f 3381/4596/2626 3397/4593/2626 3394/4592/2626
f 3381/4584/2627 3395/4583/2627 3397/4607/2627
f 3399/4578/2628 3386/4588/2628 3383/4576/2628
f 3399/4608/2629 3384/4582/2629 3386/4605/2629
f 3396/4575/2630 3400/4609/2630 3398/4573/2630
f 3397/4607/2631 3399/4608/2631 3400/4610/2631
f 3394/4592/2632 3389/4611/2632 3388/4612/2632
f 3396/4575/2633 3387/4574/2633 3389/4613/2633
f 3390/4577/2634 3400/4614/2634 3399/4578/2634
f 3392/4615/2635 3398/4573/2635 3400/4609/2635
f 3388/4572/2636 3393/4616/2636 3391/4570/2636
f 3389/4613/2637 3392/4615/2637 3393/4617/2637
f 3388/4612/2638 3376/4586/2638 3373/4585/2638
f 3388/4572/2639 3374/4571/2639 3376/4599/2639
f 3377/4603/2640 3393/4590/2640 3390/4577/2640
f 3377/4598/2641 3391/4570/2641 3393/4616/2641
f 3394/4592/2642 3373/4585/2642 3381/4596/2642
f 3419/4618/2643 3402/4619/2643 3416/4620/2643
f 3426/4621/2644 3415/4622/2644 3425/4623/2644
f 3411/4624/2645 3418/4625/2645 3428/4626/2645
f 3406/4627/2646 3408/4628/2646 3404/4629/2646
f 3412/4630/2647 3423/4631/2647 3409/4632/2647
f 3401/4633/2648 3408/4634/2648 3410/4635/2648
f 3407/4636/2649 3404/4637/2649 3402/4619/2649
f 3411/4624/2650 3406/4638/2650 3405/4639/2650
f 3409/4632/2651 3414/4640/2651 3412/4630/2651
f 3410/4635/2652 3424/4641/2652 3422/4642/2652
f 3410/4643/2653 3423/4631/2653 3424/4644/2653
f 3428/4626/2654 3413/4645/2654 3411/4624/2654
f 3428/4646/2655 3412/4630/2655 3413/4647/2655
f 3425/4623/2656 3427/4648/2656 3426/4621/2656
f 3422/4642/2657 3415/4649/2657 3417/4650/2657
f 3418/4625/2658 3426/4651/2658 3428/4626/2658
f 3416/4620/2659 3421/4652/2659 3419/4618/2659
f 3417/4650/2660 3403/4653/2660 3401/4633/2660
f 3417/4654/2661 3402/4619/2661 3403/4655/2661
f 3405/4639/2662 3420/4656/2662 3418/4625/2662
f 3405/4657/2663 3419/4618/2663 3420/4658/2663
f 3422/4642/2664 3401/4633/2664 3410/4635/2664
f 3434/4659/2665 3429/4660/2665 3433/4661/2665
f 3436/4662/2666 3433/4663/2666 3435/4664/2666
f 3432/4665/2667 3434/4666/2667 3436/4667/2667
f 3430/4668/2668 3431/4669/2668 3429/4670/2668
f 3432/4671/2669 3435/4672/2669 3431/4673/2669
f 3435/4674/2670 3429/4675/2670 3431/4676/2670
f 19/1/2677 7/21/2677 2/2/2677
f 26/4/2678 21/4740/2678 15/5/2678
f 11/7/2679 5/40/2679 18/8/2679
f 6/10/2680 14/4741/2680 8/11/2680
f 12/13/2681 27/4742/2681 23/14/2681
f 2/2/2682 4/22/2683 3/39/2684
f 9/15/2685 10/27/2686 8/4743/2687
f 12/13/2688 14/24/2689 13/31/2690
f 16/3/2691 17/38/2692 15/4744/2693
f 19/1/2694 21/36/2695 20/42/2696
f 23/14/2697 25/4745/2698 24/28/2699
f 27/4742/2700 28/30/2701 26/4746/2702
f 1/18/2703 3/37/2703 8/19/2703
f 3/4747/2704 4/12/2704 8/11/2704
f 7/16/2705 6/10/2705 4/12/2705
f 11/7/2706 13/29/2706 5/40/2706
f 13/23/2707 14/4741/2707 6/10/2707
f 9/4748/2708 8/11/2708 14/4741/2708
f 10/27/2709 9/15/2709 23/14/2709
f 28/30/2710 27/4742/2710 12/13/2710
f 25/4745/2711 23/14/2711 27/4742/2711
f 22/26/2712 24/25/2712 15/33/2712
f 24/4749/2713 25/6/2713 15/5/2713
f 18/8/2714 20/41/2714 26/35/2714
f 20/4750/2715 21/4740/2715 26/4/2715
f 16/4751/2716 15/5/2716 21/4740/2716
f 17/38/2717 16/3/2717 2/2/2717
f 5/40/2718 7/4752/2718 20/41/2718
f 22/26/2719 17/34/2719 1/18/2719
f 37/43/2720 31/62/2720 30/44/2720
f 40/46/2721 37/4753/2721 35/47/2721
f 33/49/2722 31/4754/2722 36/50/2722
f 31/52/2723 34/4755/2723 32/53/2723
f 34/55/2724 40/59/2724 39/56/2724
f 29/4756/2725 30/54/2725 32/53/2725
f 33/4757/2726 34/4755/2726 31/52/2726
f 38/4758/2727 39/48/2727 35/47/2727
f 36/4759/2728 37/4753/2728 40/46/2728
f 38/64/2729 35/4760/2729 29/65/2729
f 46/67/2730 42/4761/2730 41/68/2730
f 48/70/2731 46/4762/2731 45/71/2731
f 44/73/2732 42/4763/2732 46/74/2732
f 42/76/2733 44/4764/2733 43/77/2733
f 44/79/2734 48/4765/2734 47/80/2734
f 47/82/2735 45/4766/2735 41/83/2735
f 60/85/2736 52/110/2736 50/86/2736
f 63/88/2737 60/4767/2737 57/89/2737
f 55/91/2738 52/104/2738 59/92/2738
f 51/94/2739 56/4768/2739 53/95/2739
f 56/97/2740 64/93/2740 62/98/2740
f 49/4769/2741 50/96/2741 53/95/2741
f 52/4770/2742 51/94/2742 50/96/2742
f 55/4771/2743 56/4768/2743 51/94/2743
f 54/4772/2744 53/95/2744 56/4768/2744
f 61/4773/2745 62/90/2745 57/89/2745
f 59/4774/2746 60/4767/2746 63/88/2746
f 58/4775/2747 57/89/2747 60/4767/2747
f 61/107/2748 58/87/2748 49/100/2748
f 70/112/2749 66/4776/2749 65/113/2749
f 72/115/2750 70/4777/2750 69/116/2750
f 68/118/2751 66/4778/2751 70/119/2751
f 66/121/2752 68/4779/2752 67/122/2752
f 68/118/2753 72/120/2753 71/124/2753
f 71/126/2754 69/114/2754 65/113/2754
s 1
f 88/128/63 74/148/78 73/129/64
f 78/131/66 80/4780/69 79/132/67
f 80/134/69 82/137/71 81/135/70
f 82/137/71 84/139/73 83/138/72
f 84/139/73 86/141/75 85/140/74
f 86/141/75 88/4781/63 87/142/65
f 76/143/76 78/131/66 77/133/68
f 78/147/66 76/4782/76 88/4783/63
f 76/4782/76 74/4784/78 88/4783/63
f 88/4783/63 86/4785/75 78/147/66
f 86/4785/75 84/4786/73 78/147/66
f 84/4786/73 82/145/71 78/147/66
f 74/148/78 76/143/76 75/144/77
f 87/151/65 73/4787/64 75/4788/77
f 75/4788/77 77/4789/68 79/149/67
f 79/149/67 81/4790/70 83/150/72
f 83/150/72 85/4791/74 87/151/65
f 87/151/65 75/4788/77 79/149/67
f 104/152/63 90/172/78 89/153/79
f 94/155/66 96/4792/69 95/156/67
f 96/158/69 98/161/71 97/159/70
f 98/161/71 100/163/73 99/162/72
f 100/163/73 102/165/75 101/164/74
f 102/165/75 104/4793/63 103/166/65
f 92/167/81 94/155/66 93/157/80
f 94/171/66 92/4794/81 104/4795/63
f 92/4794/81 90/4796/78 104/4795/63
f 104/4795/63 102/4797/75 94/171/66
f 102/4797/75 100/4798/73 94/171/66
f 100/4798/73 98/169/71 94/171/66
f 90/172/78 92/167/81 91/168/77
f 103/175/65 89/4799/79 91/4800/77
f 91/4800/77 93/4801/80 95/173/67
f 95/173/67 97/4802/70 99/174/72
f 99/174/72 101/4803/74 103/175/65
f 103/175/65 91/4800/77 95/173/67
f 120/176/63 106/196/78 105/177/64
f 110/179/66 112/4804/69 111/180/67
f 112/182/69 114/185/71 113/183/70
f 114/185/71 116/187/73 115/186/72
f 116/187/73 118/189/75 117/188/74
f 118/189/75 120/4805/63 119/190/65
f 108/191/76 110/179/66 109/181/80
f 110/195/66 108/4806/76 120/4807/63
f 108/4806/76 106/4808/78 120/4807/63
f 120/4807/63 118/4809/75 110/195/66
f 118/4809/75 116/4810/73 110/195/66
f 116/4810/73 114/193/71 110/195/66
f 106/196/78 108/191/76 107/192/77
f 119/199/65 105/4811/64 107/4812/77
f 107/4812/77 109/4813/80 111/197/67
f 111/197/67 113/4814/70 115/198/72
f 115/198/72 117/4815/74 119/199/65
f 119/199/65 107/4812/77 111/197/67
s 0
f 132/85/2736 124/110/2736 122/200/2736
f 135/88/2737 132/4816/2737 129/89/2737
f 127/203/2738 124/104/2738 131/204/2738
f 123/94/2739 128/4817/2739 125/95/2739
f 128/97/2740 136/93/2740 134/98/2740
f 121/4818/2741 122/96/2741 125/95/2741
f 124/4770/2742 123/94/2742 122/96/2742
f 127/4819/2743 128/4817/2743 123/94/2743
f 126/4772/2744 125/95/2744 128/4817/2744
f 133/4820/2745 134/202/2745 129/89/2745
f 131/4821/2746 132/4816/2746 135/88/2746
f 130/4775/2747 129/89/2747 132/4816/2747
f 133/211/2748 130/201/2748 121/206/2748
f 142/215/2749 138/4822/2749 137/216/2749
f 144/218/2750 142/4823/2750 141/219/2750
f 140/221/2751 138/4824/2751 142/222/2751
f 138/224/2752 140/4825/2752 139/225/2752
f 140/221/2753 144/223/2753 143/227/2753
f 143/229/2754 141/217/2754 137/216/2754
s 1
f 160/231/82 146/251/97 145/232/83
f 150/234/85 152/4826/88 151/235/86
f 152/237/88 154/240/90 153/238/89
f 154/240/90 156/242/92 155/241/91
f 156/242/92 158/244/94 157/243/93
f 158/244/94 160/4827/82 159/245/84
f 148/246/95 150/234/85 149/236/87
f 150/249/85 148/4828/95 146/4829/97
f 146/4829/97 160/4830/82 150/249/85
f 160/4830/82 158/250/94 150/249/85
f 158/250/94 156/4831/92 152/248/88
f 156/4831/92 154/4832/90 152/248/88
f 146/251/97 148/246/95 147/247/96
f 159/254/84 145/4833/83 147/4834/96
f 147/4834/96 149/4835/87 151/252/86
f 151/252/86 153/4836/89 155/253/91
f 155/253/91 157/4837/93 159/254/84
f 159/254/84 147/4834/96 151/252/86
f 176/255/98 162/275/112 161/256/99
f 166/258/101 168/4838/104 167/259/102
f 168/261/104 170/264/106 169/262/105
f 170/264/106 172/266/108 171/265/107
f 172/266/108 174/268/110 173/267/109
f 174/268/110 176/4839/98 175/269/100
f 164/270/111 166/258/101 165/260/103
f 166/272/101 164/4840/111 162/4841/112
f 162/4841/112 176/4842/98 166/272/101
f 176/4842/98 174/4843/110 166/272/101
f 174/4843/110 172/273/108 166/272/101
f 172/273/108 170/4844/106 168/274/104
f 162/275/112 164/270/111 163/271/96
f 175/278/100 161/4845/99 163/4846/96
f 163/4846/96 165/4847/103 167/276/102
f 167/276/102 169/4848/105 171/277/107
f 171/277/107 173/4849/109 175/278/100
f 175/278/100 163/4846/96 167/276/102
f 192/279/82 178/299/97 177/280/99
f 182/282/85 184/4850/88 183/283/86
f 184/285/88 186/288/90 185/286/89
f 186/288/90 188/290/92 187/289/91
f 188/290/92 190/292/94 189/291/93
f 190/292/94 192/4851/82 191/293/84
f 180/294/114 182/282/85 181/284/113
f 182/297/85 180/4852/114 178/4853/97
f 178/4853/97 192/4854/82 182/297/85
f 192/4854/82 190/298/94 182/297/85
f 190/298/94 188/4855/92 184/296/88
f 188/4855/92 186/4856/90 184/296/88
f 178/299/97 180/294/114 179/295/96
f 191/302/84 177/4857/99 179/4858/96
f 179/4858/96 181/4859/113 183/300/86
f 183/300/86 185/4860/89 187/301/91
f 187/301/91 189/4861/93 191/302/84
f 191/302/84 179/4858/96 183/300/86
s 0
f 204/303/2755 196/332/2755 194/304/2755
f 207/306/2756 204/4862/2756 201/307/2756
f 199/309/2757 196/322/2757 203/310/2757
f 195/312/2758 200/4863/2758 197/313/2758
f 200/315/2759 208/324/2759 206/316/2759
f 193/4864/2760 194/314/2760 197/313/2760
f 196/4865/2742 195/312/2742 194/314/2742
f 199/4866/2761 200/4863/2761 195/312/2761
f 198/4867/2744 197/313/2744 200/4863/2744
f 205/4868/2762 206/308/2762 201/307/2762
f 203/4869/2763 204/4862/2763 207/306/2763
f 202/4870/2747 201/307/2747 204/4862/2747
f 205/327/2764 202/329/2764 193/318/2764
f 214/334/2765 210/4871/2765 209/335/2765
f 216/337/2766 214/4872/2766 213/338/2766
f 212/340/2767 210/4873/2767 214/341/2767
f 210/343/2768 212/4874/2768 211/344/2768
f 212/346/2769 216/4875/2769 215/347/2769
f 215/349/2770 213/4876/2770 209/350/2770
f 222/352/2765 218/4877/2765 217/353/2765
f 224/355/2766 222/4878/2766 221/356/2766
f 220/358/2767 218/4879/2767 222/359/2767
f 218/361/2768 220/4880/2768 219/362/2768
f 220/364/2769 224/4881/2769 223/365/2769
f 223/367/2770 221/4882/2770 217/368/2770
f 236/303/2755 228/386/2755 226/304/2755
f 239/370/2756 236/4883/2756 233/371/2756
f 231/373/2757 228/322/2757 235/374/2757
f 227/312/2758 232/4884/2758 229/375/2758
f 232/315/2759 240/324/2759 238/316/2759
f 225/4885/2760 226/376/2760 229/375/2760
f 228/4865/2742 227/312/2742 226/376/2742
f 231/4886/2761 232/4884/2761 227/312/2761
f 230/4867/2744 229/375/2744 232/4884/2744
f 237/4887/2762 238/372/2762 233/371/2762
f 235/4888/2763 236/4883/2763 239/370/2763
f 234/4870/2747 233/371/2747 236/4883/2747
f 237/382/2764 234/383/2764 225/377/2764
f 246/388/2765 242/4889/2765 241/389/2765
f 248/391/2766 246/4890/2766 245/392/2766
f 244/394/2767 242/4891/2767 246/395/2767
f 242/397/2768 244/4892/2768 243/398/2768
f 244/400/2769 248/4893/2769 247/401/2769
f 247/403/2770 245/4894/2770 241/404/2770
f 254/406/2765 250/4895/2765 249/407/2765
f 256/409/2766 254/4896/2766 253/410/2766
f 252/412/2767 250/4897/2767 254/413/2767
f 250/414/2768 252/4892/2768 251/415/2768
f 252/400/2769 256/4898/2769 255/417/2769
f 255/419/2770 253/4899/2770 249/420/2770
f 278/422/2771 264/440/2771 258/423/2771
f 286/422/2772 280/551/2772 274/423/2772
f 269/426/2773 262/442/2773 277/427/2773
f 261/429/2774 272/453/2774 266/430/2774
f 270/429/2775 288/453/2775 282/430/2775
f 258/423/2682 260/431/2683 259/439/2776
f 264/440/2777 262/461/2778 263/444/2779
f 261/429/2780 264/440/2781 263/444/2782
f 266/430/2783 268/4900/2784 267/433/2785
f 270/429/2688 272/445/2689 271/452/2786
f 274/423/2787 276/4901/2788 275/435/2789
f 278/422/2694 280/455/2695 279/437/2790
f 282/430/2697 284/425/2698 283/450/2791
f 286/422/2792 288/453/2793 287/437/2794
f 257/458/2795 259/457/2795 265/446/2795
f 259/439/2796 260/431/2796 266/430/2796
f 264/440/2797 261/429/2797 260/431/2797
f 269/426/2798 271/451/2798 263/441/2798
f 271/443/2799 272/453/2799 261/429/2799
f 268/4900/2800 266/430/2800 272/453/2800
f 265/446/2801 267/4902/2801 283/447/2801
f 267/449/2802 268/432/2802 282/430/2802
f 285/428/2803 287/4903/2803 271/451/2803
f 287/437/2804 288/453/2804 270/429/2804
f 284/425/2805 282/430/2805 288/453/2805
f 281/448/2806 283/447/2806 273/456/2806
f 283/450/2807 284/425/2807 274/423/2807
f 277/427/2808 279/460/2808 285/428/2808
f 279/454/2809 280/551/2809 286/422/2809
f 276/4901/2810 274/423/2810 280/551/2810
f 273/456/2811 275/4904/2811 259/457/2811
f 275/459/2812 276/424/2812 258/423/2812
f 262/461/2813 264/440/2813 278/422/2813
f 281/448/2814 273/456/2814 257/458/2814
f 294/462/2815 290/471/2815 289/463/2815
f 296/465/2816 294/4905/2816 293/466/2816
f 292/468/2817 290/4906/2817 294/469/2817
f 290/471/2818 292/4907/2818 291/472/2818
f 292/473/2819 296/465/2819 295/467/2819
f 295/475/2820 293/4908/2820 289/476/2820
s 1
f 326/478/173 298/514/204 297/479/174
f 302/481/176 304/484/179 303/482/177
f 304/484/179 306/486/181 305/485/180
f 306/486/181 308/488/183 307/487/182
f 308/488/183 310/770/185 309/489/184
f 310/490/185 312/493/187 311/491/186
f 312/493/187 314/495/189 313/494/188
f 314/495/189 316/497/191 315/496/190
f 316/497/191 318/499/193 317/498/192
f 318/499/193 320/501/195 319/500/194
f 320/501/195 322/503/197 321/502/196
f 322/503/197 324/505/199 323/504/198
f 324/505/199 327/581/201 325/506/200
f 327/507/201 326/478/173 328/480/175
f 300/509/202 302/481/176 301/483/178
f 302/512/176 300/4909/202 326/517/173
f 326/517/173 324/516/199 322/4910/197
f 322/4910/197 320/4911/195 318/513/193
f 318/513/193 316/4912/191 314/4913/189
f 314/4913/189 312/4914/187 310/4915/185
f 310/4915/185 308/4916/183 306/511/181
f 306/511/181 304/4917/179 302/512/176
f 326/517/173 322/4910/197 302/512/176
f 322/4910/197 318/513/193 302/512/176
f 318/513/193 314/4913/189 310/4915/185
f 310/4915/185 306/511/181 318/513/193
f 298/514/204 300/509/202 299/510/203
f 298/604/204 326/517/173 300/4909/202
f 328/4918/175 297/4919/174 325/4920/200
f 297/4919/174 299/605/203 303/518/177
f 299/605/203 301/4921/178 303/518/177
f 303/518/177 305/4922/180 307/4923/182
f 307/4923/182 309/4924/184 311/519/186
f 311/519/186 313/4925/188 319/520/194
f 313/4925/188 315/4926/190 319/520/194
f 315/4926/190 317/4927/192 319/520/194
f 319/520/194 321/4928/196 323/4929/198
f 323/4929/198 325/4920/200 297/4919/174
f 303/518/177 307/4923/182 311/519/186
f 319/520/194 323/4929/198 297/4919/174
f 297/4919/174 303/518/177 319/520/194
f 340/521/205 330/538/216 329/522/206
f 334/524/208 336/527/211 335/525/209
f 336/527/211 338/4930/213 337/528/212
f 338/529/213 340/4931/205 339/530/207
f 332/532/214 334/4932/208 333/533/210
f 334/536/208 332/4933/214 330/537/216
f 330/537/216 340/4934/205 338/4935/213
f 338/4935/213 336/535/211 330/537/216
f 330/538/216 332/4936/214 331/539/215
f 339/542/207 329/4937/206 335/540/209
f 329/4937/206 331/4938/215 335/540/209
f 331/4938/215 333/4939/210 335/540/209
s 0
f 362/422/2771 348/551/2771 342/423/2771
f 370/422/2772 364/440/2772 358/423/2772
f 353/426/2821 345/559/2821 361/427/2821
f 346/429/2774 356/733/2774 349/430/2774
f 354/429/2775 372/453/2775 366/430/2775
f 342/423/2682 344/545/2683 343/549/2776
f 346/429/2822 348/551/2823 347/546/2824
f 349/430/2825 351/4900/2826 350/550/2827
f 351/431/2828 352/436/2829 350/435/2830
f 354/429/2688 356/445/2689 355/444/2786
f 358/423/2787 360/4901/2788 359/435/2789
f 362/422/2694 364/455/2695 363/561/2790
f 366/430/2697 368/544/2698 367/554/2791
f 370/422/2792 372/453/2793 371/437/2794
f 341/458/2831 343/557/2831 350/547/2831
f 343/549/2796 344/545/2796 349/430/2796
f 348/551/2797 346/429/2797 344/545/2797
f 353/426/2832 355/555/2832 345/559/2832
f 355/552/2799 356/733/2799 346/429/2799
f 351/4900/2833 349/430/2833 356/733/2833
f 352/436/2834 351/431/2834 366/430/2834
f 369/428/2803 371/4903/2803 355/555/2803
f 371/437/2804 372/453/2804 354/429/2804
f 368/544/2805 366/430/2805 372/453/2805
f 365/448/2806 367/553/2806 357/456/2806
f 367/554/2807 368/544/2807 358/423/2807
f 361/427/2808 363/560/2808 369/428/2808
f 363/556/2809 364/440/2809 370/422/2809
f 360/4901/2810 358/423/2810 364/440/2810
f 357/456/2811 359/4940/2811 343/557/2811
f 359/558/2812 360/543/2812 342/423/2812
f 345/559/2835 347/4941/2835 363/560/2835
f 347/546/2836 348/551/2836 362/422/2836
f 365/448/2814 357/456/2814 341/458/2814
f 378/562/2815 374/571/2815 373/563/2815
f 380/565/2816 378/4942/2816 377/566/2816
f 376/568/2817 374/4943/2817 378/569/2817
f 374/571/2818 376/4944/2818 375/572/2818
f 376/573/2819 380/565/2819 379/567/2819
f 379/575/2820 377/4945/2820 373/576/2820
s 1
f 412/578/233 383/603/254 382/579/234
f 388/581/236 387/583/239 389/582/237
f 387/583/239 391/514/241 390/584/240
f 391/514/241 393/585/243 392/487/242
f 393/585/243 395/689/244 394/498/184
f 395/586/244 397/588/187 396/587/186
f 397/588/187 399/590/189 398/589/188
f 399/590/189 401/592/191 400/591/190
f 401/592/191 403/594/245 402/593/192
f 403/594/245 405/596/195 404/595/246
f 405/596/195 407/503/247 406/597/196
f 407/503/247 409/599/249 408/598/248
f 409/599/249 411/674/251 410/492/250
f 411/600/251 412/578/233 381/580/235
f 385/601/252 388/581/236 386/492/238
f 387/609/239 385/608/252 383/4946/254
f 383/4946/254 412/4947/233 411/4948/251
f 411/4948/251 409/4949/249 407/4950/247
f 407/4950/247 405/4951/195 403/4952/245
f 403/4952/245 401/4953/191 399/4954/189
f 399/4954/189 397/4955/187 395/4956/244
f 395/4956/244 393/4957/243 387/609/239
f 387/609/239 383/4946/254 411/4948/251
f 411/4948/251 407/4950/247 387/609/239
f 407/4950/247 403/4952/245 387/609/239
f 403/4952/245 399/4954/189 395/4956/244
f 395/4956/244 387/609/239 403/4952/245
f 383/603/254 385/601/252 384/602/253
f 391/4958/241 387/609/239 393/4957/243
f 381/606/235 384/605/253 389/610/237
f 384/605/253 386/4921/238 389/610/237
f 389/610/237 390/4959/240 392/4960/242
f 392/4960/242 394/4924/184 396/611/186
f 396/611/186 398/4961/188 404/612/246
f 398/4961/188 400/4962/190 404/612/246
f 400/4962/190 402/4963/192 404/612/246
f 404/612/246 406/4928/196 408/4964/248
f 408/4964/248 410/4965/250 381/606/235
f 389/610/237 392/4960/242 396/611/186
f 404/612/246 408/4964/248 381/606/235
f 381/606/235 389/610/237 404/612/246
f 424/613/205 414/630/216 413/614/206
f 418/616/208 420/619/211 419/617/209
f 420/619/211 422/4966/255 421/620/212
f 422/621/255 424/4967/205 423/622/207
f 416/624/214 418/4968/208 417/625/210
f 418/628/208 416/4969/214 414/629/216
f 414/629/216 424/4970/205 422/4971/255
f 422/4971/255 420/627/211 414/629/216
f 414/630/216 416/4972/214 415/631/215
f 423/634/207 413/4973/206 419/632/209
f 413/4973/206 415/4938/215 419/632/209
f 415/4938/215 417/4974/210 419/632/209
s 0
f 446/422/2771 432/641/2771 426/423/2771
f 454/422/2772 448/440/2772 441/423/2772
f 437/426/2821 429/654/2821 445/427/2821
f 430/429/2774 440/4975/2774 434/430/2774
f 438/429/2775 456/649/2775 450/430/2775
f 426/423/2682 428/432/2683 427/640/2776
f 430/429/2822 432/641/2823 431/638/2824
f 434/430/2783 436/4900/2784 435/433/2785
f 438/429/2688 440/445/2689 439/648/2786
f 441/423/2837 443/4901/2838 442/652/2839
f 443/635/2840 444/434/2841 442/433/2842
f 446/422/2694 448/455/2695 447/656/2790
f 450/430/2697 452/424/2698 451/646/2791
f 454/422/2792 456/649/2793 455/639/2794
f 425/458/2795 427/653/2795 433/643/2795
f 427/640/2796 428/432/2796 434/430/2796
f 432/641/2843 430/429/2843 428/432/2843
f 437/426/2832 439/647/2832 429/654/2832
f 439/642/2799 440/4975/2799 430/429/2799
f 436/4900/2800 434/430/2800 440/4975/2800
f 433/643/2801 435/4976/2801 451/644/2801
f 435/645/2802 436/637/2802 450/430/2802
f 453/636/2803 455/4977/2803 439/647/2803
f 455/639/2804 456/649/2804 438/429/2804
f 452/424/2805 450/430/2805 456/649/2805
f 449/448/2844 451/644/2844 442/650/2844
f 451/646/2807 452/424/2807 441/423/2807
f 445/427/2808 447/655/2808 453/636/2808
f 447/454/2809 448/440/2809 454/422/2809
f 443/4901/2845 441/423/2845 448/440/2845
f 444/434/2846 443/635/2846 426/423/2846
f 429/654/2835 431/4978/2835 447/655/2835
f 431/638/2836 432/641/2836 446/422/2836
f 449/448/2847 444/651/2847 425/458/2847
f 462/657/2815 458/665/2815 457/658/2815
f 464/660/2816 462/4979/2816 461/466/2816
f 460/662/2817 458/4906/2817 462/663/2817
f 458/665/2818 460/4980/2818 459/666/2818
f 460/667/2819 464/660/2819 463/661/2819
f 463/669/2820 461/4908/2820 457/670/2820
s 1
f 496/578/261 466/486/288 465/672/262
f 470/674/264 472/677/179 471/675/265
f 472/677/179 474/503/266 473/597/180
f 474/503/266 476/679/183 475/678/267
f 476/679/183 478/600/269 477/489/268
f 478/674/269 479/588/271 480/680/270
f 479/588/271 482/682/273 481/681/272
f 482/682/273 484/683/275 483/496/274
f 484/683/275 487/507/277 485/684/276
f 487/507/277 486/686/279 488/685/278
f 486/686/279 490/514/281 489/584/280
f 490/514/281 492/688/283 491/687/282
f 492/688/283 494/586/285 493/483/284
f 494/689/285 496/578/261 495/673/263
f 468/690/286 470/674/264 469/676/178
f 470/693/264 468/4981/286 466/4982/288
f 466/4982/288 496/4983/261 494/4984/285
f 494/4984/285 492/4985/283 486/694/279
f 486/694/279 484/699/275 482/4986/273
f 482/4986/273 479/4987/271 478/4988/269
f 478/4988/269 476/4989/183 474/692/266
f 474/692/266 472/4990/179 470/693/264
f 470/693/264 466/4982/288 494/4984/285
f 494/4984/285 486/694/279 470/693/264
f 486/694/279 482/4986/273 478/4988/269
f 478/4988/269 474/692/266 486/694/279
f 466/486/288 468/690/286 467/691/287
f 490/4991/281 486/694/279 492/4985/283
f 495/4992/263 465/4993/262 471/700/265
f 465/4993/262 467/4994/287 471/700/265
f 467/4994/287 469/4995/178 471/700/265
f 471/700/265 473/4996/180 475/4997/267
f 475/4997/267 477/4998/268 480/697/270
f 480/697/270 483/696/274 488/701/278
f 483/696/274 485/4999/276 488/701/278
f 488/701/278 489/5000/280 491/5001/282
f 491/5001/282 493/5002/284 495/4992/263
f 471/700/265 475/4997/267 480/697/270
f 488/701/278 491/5001/282 495/4992/263
f 495/4992/263 471/700/265 488/701/278
f 508/702/205 498/719/216 497/703/206
f 502/705/208 504/708/211 503/706/209
f 504/708/211 506/5003/255 505/709/212
f 506/710/255 508/5004/205 507/711/207
f 500/713/214 502/5005/208 501/714/210
f 502/717/208 500/5006/214 498/718/216
f 498/718/216 508/5007/205 506/5008/255
f 506/5008/255 504/716/211 498/718/216
f 498/719/216 500/5009/214 499/720/215
f 507/723/207 497/5010/206 503/721/209
f 497/5010/206 499/5011/215 503/721/209
f 499/5011/215 501/5012/210 503/721/209
s 0
f 530/422/2771 516/727/2771 510/423/2771
f 537/422/2772 532/727/2772 526/423/2772
f 521/426/2821 513/654/2821 529/427/2821
f 514/429/2774 524/649/2774 518/430/2774
f 522/429/2775 539/733/2775 534/430/2775
f 510/423/2682 512/431/2683 511/726/2776
f 514/429/2822 516/727/2823 515/648/2824
f 518/430/2783 520/4900/2784 519/433/2785
f 522/429/2688 524/445/2689 523/638/2786
f 526/423/2787 528/4901/2788 527/435/2789
f 530/422/2694 532/455/2695 531/739/2790
f 534/430/2697 536/635/2698 535/731/2791
f 537/422/2848 539/733/2849 538/656/2850
f 539/733/2851 540/438/2852 538/656/2853
f 509/458/2795 511/737/2795 517/728/2795
f 511/726/2796 512/431/2796 518/430/2796
f 516/727/2797 514/429/2797 512/431/2797
f 521/426/2832 523/732/2832 513/654/2832
f 523/552/2799 524/649/2799 514/429/2799
f 520/4900/2800 518/430/2800 524/649/2800
f 517/728/2801 519/5013/2801 535/729/2801
f 519/730/2802 520/725/2802 534/430/2802
f 540/438/2854 539/733/2854 522/429/2854
f 536/635/2805 534/430/2805 539/733/2805
f 533/448/2806 535/729/2806 525/736/2806
f 535/731/2807 536/635/2807 526/423/2807
f 529/427/2855 531/738/2855 538/734/2855
f 531/735/2809 532/727/2809 537/422/2809
f 528/4901/2810 526/423/2810 532/727/2810
f 525/736/2811 527/5014/2811 511/737/2811
f 527/550/2812 528/544/2812 510/423/2812
f 513/654/2835 515/5015/2835 531/738/2835
f 515/648/2836 516/727/2836 530/422/2836
f 533/448/2814 525/736/2814 509/458/2814
f 546/740/2815 542/748/2815 541/741/2815
f 548/743/2816 546/5016/2816 545/744/2816
f 544/746/2817 542/5017/2817 546/663/2817
f 542/748/2818 544/5018/2818 543/572/2818
f 544/749/2819 548/743/2819 547/745/2819
f 547/751/2820 545/5019/2820 541/752/2820
s 1
f 580/754/261 550/774/288 549/494/262
f 554/756/297 556/758/179 555/757/298
f 556/758/179 558/503/299 557/502/180
f 558/503/299 560/760/301 559/759/300
f 560/760/301 563/507/303 561/508/302
f 563/581/303 562/762/305 564/761/304
f 562/762/305 566/514/307 565/763/306
f 566/514/307 568/765/309 567/764/308
f 568/765/309 570/766/310 569/498/192
f 570/766/310 572/585/195 571/767/311
f 572/585/195 574/486/312 573/485/196
f 574/486/312 576/769/249 575/768/313
f 576/769/249 578/490/314 577/492/284
f 578/770/314 580/754/261 579/755/263
f 552/771/286 554/756/297 553/483/178
f 554/772/297 552/4981/286 550/5020/288
f 550/5020/288 580/5021/261 578/5022/314
f 578/5022/314 576/5023/249 574/5024/312
f 574/5024/312 572/5025/195 570/773/310
f 570/773/310 568/5026/309 562/777/305
f 562/777/305 560/776/301 558/692/299
f 558/692/299 556/5027/179 554/772/297
f 554/772/297 550/5020/288 578/5022/314
f 578/5022/314 574/5024/312 554/772/297
f 574/5024/312 570/773/310 554/772/297
f 562/777/305 558/692/299 570/773/310
f 550/774/288 552/771/286 551/602/287
f 564/5028/304 565/779/306 561/5029/302
f 566/695/307 562/777/305 568/5026/309
f 579/5030/263 549/5031/262 555/778/298
f 549/5031/262 551/5032/287 555/778/298
f 551/5032/287 553/5033/178 555/778/298
f 555/778/298 557/4996/180 559/5034/300
f 559/5034/300 561/5029/302 565/779/306
f 565/779/306 567/696/308 571/780/311
f 567/696/308 569/4999/192 571/780/311
f 571/780/311 573/5035/196 575/4964/313
f 575/4964/313 577/5002/284 579/5030/263
f 555/778/298 559/5034/300 565/779/306
f 571/780/311 575/4964/313 579/5030/263
f 579/5030/263 555/778/298 571/780/311
f 592/781/205 582/798/216 581/782/206
f 586/784/208 588/787/211 587/785/209
f 588/787/211 590/5036/255 589/788/212
f 590/789/255 592/5037/205 591/790/207
f 584/792/315 586/5038/208 585/793/210
f 586/796/208 584/5039/315 582/797/216
f 582/797/216 592/5040/205 590/5041/255
f 590/5041/255 588/795/211 582/797/216
f 582/798/216 584/5042/315 583/799/215
f 591/801/207 581/5043/206 587/800/209
f 581/5043/206 583/5044/215 587/800/209
f 583/5044/215 585/5045/210 587/800/209
s 0
f 1293/1654/2856 1284/5046/2856 1283/1655/2856
f 1298/1657/2857 1293/5047/2857 1291/1658/2857
f 1288/1660/2858 1285/5048/2858 1292/1661/2858
f 1284/1663/2859 1289/5049/2859 1287/1664/2859
f 1289/1666/2860 1299/1671/2860 1295/1667/2860
f 1288/1678/2861 1289/5049/2861 1284/1663/2861
f 1286/1668/2862 1287/5050/2862 1289/1666/2862
f 1297/1662/2863 1299/5051/2863 1288/1660/2863
f 1298/1673/2864 1296/1669/2864 1295/1667/2864
f 1294/1681/2865 1296/5052/2865 1291/1682/2865
f 1292/1684/2866 1293/5047/2866 1298/1657/2866
f 1290/1656/2867 1291/5053/2867 1293/1654/2867
f 1285/1687/2868 1284/5046/2868 1293/1654/2868
f 1294/1681/2869 1290/1683/2869 1282/1674/2869
f 1305/1689/2870 1301/5054/2870 1300/1690/2870
f 1307/1692/2871 1305/5055/2871 1304/1693/2871
f 1303/1695/2872 1301/5056/2872 1305/1696/2872
f 1301/1698/2873 1303/5057/2873 1302/1699/2873
f 1303/1701/2874 1307/5058/2874 1306/1702/2874
f 1306/1704/2875 1304/5059/2875 1300/1705/2875
f 1320/1654/2876 1312/5046/2876 1309/1707/2876
f 1323/1709/2877 1320/5047/2877 1318/1710/2877
f 1315/1660/2878 1310/1721/2878 1319/1712/2878
f 1311/1714/2879 1316/5049/2879 1313/1715/2879
f 1316/1717/2880 1324/5060/2880 1322/1718/2880
f 1312/5046/2881 1310/1730/2882 1311/5061/2883
f 1324/5060/2700 1325/1725/2884 1323/1672/2702
f 1308/5062/2885 1309/1716/2885 1313/1715/2885
f 1312/5063/2886 1311/1714/2886 1309/1716/2886
f 1315/5064/2887 1316/5049/2887 1311/1714/2887
f 1314/5065/2888 1313/1715/2888 1316/5049/2888
f 1313/1722/2889 1314/5066/2889 1322/1723/2889
f 1325/1725/2890 1324/5060/2890 1316/1717/2890
f 1321/1711/2891 1322/5067/2891 1324/1726/2891
f 1319/1684/2892 1320/5047/2892 1323/1709/2892
f 1317/1708/2867 1318/5068/2867 1320/1654/2867
f 1310/1730/2893 1312/5046/2893 1320/1654/2893
f 1321/1724/2894 1317/1683/2894 1308/1732/2894
f 1331/1733/2870 1327/5069/2870 1326/1734/2870
f 1333/1736/2871 1331/5055/2871 1330/1737/2871
f 1329/1739/2872 1327/5070/2872 1331/1740/2872
f 1327/1742/2873 1329/5057/2873 1328/1743/2873
f 1329/1745/2874 1333/5071/2874 1332/1746/2874
f 1332/1748/2875 1330/5072/2875 1326/1749/2875
f 1351/1751/2895 1337/1774/2895 1335/1752/2895
f 1358/1754/2896 1352/1792/2896 1348/1755/2896
f 1343/1757/2897 1337/1777/2897 1350/1758/2897
f 1338/1760/2898 1345/1778/2898 1340/1761/2898
f 1344/1763/2899 1359/1785/2899 1355/1764/2899
f 1334/1770/2900 1335/1797/2901 1336/5073/2902
f 1348/1755/2903 1349/1794/2904 1347/1790/2905
f 1355/1764/2697 1357/1787/2698 1356/1784/2791
f 1334/1770/2906 1336/5073/2906 1342/1771/2906
f 1337/1774/2907 1339/5074/2907 1336/1775/2907
f 1339/1779/2908 1338/1760/2908 1336/1762/2908
f 1343/1757/2909 1345/1767/2909 1339/1776/2909
f 1341/1765/2910 1342/1775/2910 1346/1780/2910
f 1342/1773/2911 1340/1761/2911 1345/1778/2911
f 1357/1787/2912 1355/1764/2912 1359/1785/2912
f 1354/1783/2913 1356/1782/2913 1347/1796/2913
f 1356/1789/2914 1357/1756/2914 1348/1755/2914
f 1350/1758/2915 1352/1769/2915 1360/1791/2915
f 1349/1794/2916 1348/1755/2916 1352/1792/2916
f 1335/1752/2917 1347/5075/2917 1349/1753/2917
f 1354/1783/2918 1347/1796/2918 1334/1770/2918
f 1372/1798/2919 1364/1827/2919 1362/1799/2919
f 1375/1801/2920 1372/5076/2920 1369/1802/2920
f 1367/1804/2921 1364/1817/2921 1371/1805/2921
f 1363/1807/2922 1368/5077/2922 1365/1808/2922
f 1368/1810/2923 1376/1819/2923 1374/1811/2923
f 1361/5078/2924 1362/1809/2924 1365/1808/2924
f 1364/5079/2925 1363/1807/2925 1362/1809/2925
f 1367/5080/2926 1368/5077/2926 1363/1807/2926
f 1366/5081/2927 1365/1808/2927 1368/5077/2927
f 1373/5082/2928 1374/1803/2928 1369/1802/2928
f 1371/5083/2929 1372/5076/2929 1375/1801/2929
f 1370/3394/2930 1369/1802/2930 1372/5076/2930
f 1373/1822/2931 1370/1824/2931 1361/1813/2931
f 1388/1829/2932 1379/5084/2932 1378/1830/2932
f 1392/1832/2933 1387/1861/2933 1385/1833/2933
f 1383/1835/2934 1379/1848/2934 1387/1836/2934
f 1380/1838/2935 1383/1850/2935 1381/1839/2935
f 1384/1841/2936 1391/1854/2936 1390/1842/2936
f 1377/5085/2924 1378/1840/2924 1381/1839/2924
f 1379/5084/2937 1380/5086/2937 1378/1830/2937
f 1382/1849/2938 1381/1839/2938 1383/1850/2938
f 1389/5087/2928 1390/1834/2928 1385/1833/2928
f 1386/1860/2939 1385/1833/2939 1387/1861/2939
f 1389/1856/2940 1386/1858/2940 1377/1844/2940
f 1398/1865/2941 1394/5088/2941 1393/1866/2941
f 1400/1868/2942 1398/5089/2942 1397/1869/2942
f 1396/1871/2943 1394/5090/2943 1398/1872/2943
f 1394/1874/2944 1396/5091/2944 1395/1875/2944
f 1396/1877/2945 1400/5092/2945 1399/1878/2945
f 1399/1880/2946 1397/5093/2946 1393/1881/2946
f 1406/1883/2941 1402/5094/2941 1401/1884/2941
f 1408/1886/2942 1406/5089/2942 1405/1887/2942
f 1404/1889/2943 1402/5095/2943 1406/1890/2943
f 1402/1892/2944 1404/5091/2944 1403/1893/2944
f 1404/1895/2945 1408/5096/2945 1407/1896/2945
f 1407/1898/2946 1405/5097/2946 1401/1899/2946
f 1414/1901/2947 1410/5098/2947 1409/1902/2947
f 1416/1904/2948 1414/5099/2948 1413/1905/2948
f 1412/1907/2949 1410/5100/2949 1414/1908/2949
f 1410/1910/2950 1412/5101/2950 1411/1911/2950
f 1412/1913/2951 1416/5102/2951 1415/1914/2951
f 1415/1916/2952 1413/5103/2952 1409/1917/2952
f 1419/1919/2953 1418/1922/2953 1420/1920/2953
f 1418/1922/2954 1419/1919/2954 1417/1921/2954
s 1
f 1432/1923/1236 1422/1940/1247 1421/1924/1237
f 1426/1926/1239 1428/1929/1242 1427/1927/1240
f 1428/1929/1242 1430/5104/1244 1429/1930/1243
f 1430/1931/1244 1432/5105/1236 1431/1932/1238
f 1424/1934/1245 1426/5106/1239 1425/1935/1241
f 1426/1939/1239 1424/5107/1245 1430/1937/1244
f 1424/5107/1245 1422/5108/1247 1430/1937/1244
f 1422/5108/1247 1432/5109/1236 1430/1937/1244
f 1422/1940/1247 1424/5110/1245 1423/1941/1246
f 1431/1943/1238 1421/5111/1237 1423/1944/1246
f 1423/1944/1246 1425/5112/1241 1427/5113/1240
f 1427/5113/1240 1429/1942/1243 1423/1944/1246
f 1444/1945/1248 1434/1955/1250 1433/1924/1237
f 1438/1946/1239 1440/1949/1242 1439/1947/1240
f 1440/1949/1242 1442/5104/1244 1441/1950/1243
f 1442/1931/1244 1444/5114/1248 1443/1932/1249
f 1436/1951/1245 1438/5106/1239 1437/1952/1241
f 1438/1954/1239 1436/5115/1245 1442/1937/1244
f 1436/5115/1245 1434/5116/1250 1442/1937/1244
f 1434/5116/1250 1444/5117/1248 1442/1937/1244
f 1434/1955/1250 1436/5118/1245 1435/1941/1246
f 1443/1943/1249 1433/5111/1237 1435/1944/1246
f 1435/1944/1246 1437/5119/1241 1439/5120/1240
f 1439/5120/1240 1441/1956/1243 1435/1944/1246
f 1456/1957/1248 1446/1974/1250 1445/1958/1237
f 1450/1960/1239 1452/1963/1242 1451/1961/1251
f 1452/1963/1242 1454/5121/1244 1453/1964/1243
f 1454/1965/1244 1456/5122/1248 1455/1966/1238
f 1448/1968/1245 1450/5123/1239 1449/1969/1241
f 1450/1973/1239 1448/5124/1245 1454/1971/1244
f 1448/5124/1245 1446/5125/1250 1454/1971/1244
f 1446/5125/1250 1456/5126/1248 1454/1971/1244
f 1446/1974/1250 1448/5127/1245 1447/1975/1252
f 1455/1977/1238 1445/5128/1237 1447/1978/1252
f 1447/1978/1252 1449/5129/1241 1451/5130/1251
f 1451/5130/1251 1453/1976/1243 1447/1978/1252
f 1468/1979/1248 1458/1987/1250 1457/1980/1237
f 1462/1960/1239 1464/1963/1242 1463/1982/1251
f 1464/1963/1242 1466/5121/1244 1465/1964/1243
f 1466/1965/1244 1468/5131/1248 1467/1984/1238
f 1460/1968/1245 1462/5123/1239 1461/1985/1241
f 1462/1973/1239 1460/5124/1245 1466/1971/1244
f 1460/5124/1245 1458/5132/1250 1466/1971/1244
f 1458/5132/1250 1468/5133/1248 1466/1971/1244
f 1458/1987/1250 1460/5127/1245 1459/1988/1246
f 1467/1989/1238 1457/5134/1237 1459/1990/1246
f 1459/1990/1246 1461/5135/1241 1463/5136/1251
f 1463/5136/1251 1465/1976/1243 1459/1990/1246
s 0
f 1474/1991/2955 1470/5137/2955 1469/1992/2955
f 1476/1994/2956 1474/5138/2956 1473/1995/2956
f 1472/1997/2957 1470/5139/2957 1474/1998/2957
f 1470/2000/2958 1472/5140/2958 1471/2001/2958
f 1472/2003/2959 1476/5141/2959 1475/2004/2959
f 1475/2006/2960 1473/5142/2960 1469/2007/2960
f 1482/2009/2961 1478/5143/2961 1477/2010/2961
f 1484/2012/2962 1482/5144/2962 1481/2013/2962
f 1480/2015/2963 1478/5145/2963 1482/2016/2963
f 1478/2018/2964 1480/5146/2964 1479/2019/2964
f 1480/2021/2965 1484/5147/2965 1483/2022/2965
f 1483/2024/2966 1481/5148/2966 1477/2025/2966
f 1490/2027/2961 1486/5149/2961 1485/2028/2961
f 1492/2030/2962 1490/5150/2962 1489/2031/2962
f 1488/2033/2963 1486/5151/2963 1490/2034/2963
f 1486/2036/2964 1488/5152/2964 1487/2037/2964
f 1488/2039/2965 1492/5153/2965 1491/2040/2965
f 1491/2042/2966 1489/5154/2966 1485/2043/2966
f 1498/2027/2961 1494/5149/2961 1493/2028/2961
f 1500/2030/2962 1498/5150/2962 1497/2031/2962
f 1496/2033/2963 1494/5151/2963 1498/2034/2963
f 1494/2036/2964 1496/5152/2964 1495/2037/2964
f 1496/2039/2965 1500/5153/2965 1499/2040/2965
f 1499/2042/2966 1497/5154/2966 1493/2043/2966
f 1506/2044/2961 1502/5155/2961 1501/2045/2961
f 1508/2047/2962 1506/5156/2962 1505/2048/2962
f 1504/2050/2963 1502/5145/2963 1506/2051/2963
f 1502/2053/2964 1504/5157/2964 1503/2054/2964
f 1504/2056/2965 1508/5158/2965 1507/2057/2965
f 1507/2059/2966 1505/5159/2966 1501/2060/2966
f 1514/2044/2961 1510/5155/2961 1509/2045/2961
f 1516/2047/2962 1514/5156/2962 1513/2048/2962
f 1512/2050/2963 1510/5145/2963 1514/2051/2963
f 1510/2053/2964 1512/5157/2964 1511/2054/2964
f 1512/2056/2965 1516/5158/2965 1515/2057/2965
f 1515/2059/2966 1513/5159/2966 1509/2060/2966
f 1522/2062/2955 1518/5137/2955 1517/2063/2955
f 1524/2065/2956 1522/5160/2956 1521/2066/2956
f 1520/1997/2957 1518/5161/2957 1522/2067/2957
f 1518/2069/2958 1520/5162/2958 1519/2070/2958
f 1520/2072/2959 1524/5163/2959 1523/2004/2959
f 1523/2006/2960 1521/5142/2960 1517/2074/2960
f 1530/2076/2961 1526/5164/2961 1525/2077/2961
f 1532/2047/2962 1530/5165/2962 1529/2079/2962
f 1528/2081/2963 1526/5166/2963 1530/2082/2963
f 1526/2083/2964 1528/5167/2964 1527/2054/2964
f 1528/2085/2965 1532/5168/2965 1531/2086/2965
f 1531/2088/2966 1529/5169/2966 1525/2089/2966
f 1538/2091/2961 1534/5170/2961 1533/2092/2961
f 1540/2094/2962 1538/5171/2962 1537/2095/2962
f 1536/2097/2963 1534/5172/2963 1538/2098/2963
f 1534/2100/2964 1536/5173/2964 1535/2101/2964
f 1536/2103/2965 1540/5174/2965 1539/2104/2965
f 1539/2042/2966 1537/5175/2966 1533/2106/2966
f 1546/2091/2961 1542/5170/2961 1541/2092/2961
f 1548/2094/2962 1546/5171/2962 1545/2095/2962
f 1544/2097/2963 1542/5172/2963 1546/2098/2963
f 1542/2100/2964 1544/5173/2964 1543/2101/2964
f 1544/2103/2965 1548/5174/2965 1547/2104/2965
f 1547/2042/2966 1545/5175/2966 1541/2106/2966
f 1554/2108/2961 1550/5176/2961 1549/2045/2961
f 1556/2110/2962 1554/5156/2962 1553/2048/2962
f 1552/2111/2963 1550/5177/2963 1554/2112/2963
f 1550/2113/2964 1552/5167/2964 1551/2114/2964
f 1552/2115/2965 1556/5158/2965 1555/2116/2965
f 1555/2059/2966 1553/5148/2966 1549/2060/2966
f 1562/2108/2961 1558/5176/2961 1557/2045/2961
f 1564/2110/2962 1562/5156/2962 1561/2048/2962
f 1560/2111/2963 1558/5177/2963 1562/2112/2963
f 1558/2113/2964 1560/5167/2964 1559/2114/2964
f 1560/2115/2965 1564/5158/2965 1563/2116/2965
f 1563/2059/2966 1561/5148/2966 1557/2060/2966
f 1577/2119/2967 1567/5178/2967 1566/2120/2967
f 1580/2122/2968 1577/5179/2968 1574/2123/2968
f 1571/2125/2969 1568/5180/2969 1576/2126/2969
f 1567/2128/2970 1572/5181/2970 1570/2129/2970
f 1572/2131/2971 1580/5182/2971 1579/2132/2971
f 1565/5183/2972 1566/2130/2972 1570/2129/2972
f 1571/2139/2973 1572/5181/2973 1567/2128/2973
f 1569/2133/2974 1570/5184/2974 1572/2131/2974
f 1581/2142/2975 1580/5182/2975 1572/2131/2975
f 1578/2144/2976 1579/2124/2976 1574/2123/2976
f 1576/2145/2977 1577/5179/2977 1580/2122/2977
f 1575/2134/2978 1574/2123/2978 1577/5179/2978
f 1573/5185/2979 1575/5186/2979 1565/2136/2979
f 1568/2143/2980 1567/5178/2980 1577/2119/2980
f 1578/2148/2981 1573/5185/2981 1565/2136/2981
f 1587/2149/2982 1583/5187/2982 1582/2150/2982
f 1589/2152/2983 1587/5188/2983 1586/2153/2983
f 1585/2155/2984 1583/5189/2984 1587/2156/2984
f 1583/2158/2985 1585/5190/2985 1584/2159/2985
f 1585/2161/2986 1589/5191/2986 1588/2162/2986
f 1588/2164/2987 1586/5192/2987 1582/2165/2987
s 1
f 1608/2167/1288 1592/2188/1304 1590/2168/1289
f 1593/2170/1291 1595/2173/1294 1594/2171/1292
f 1595/2173/1294 1597/5193/1296 1596/2174/1295
f 1597/2175/1296 1599/2178/1298 1598/2176/1297
f 1599/2178/1298 1600/5194/2988 1601/2179/1299
f 1600/5194/2988 1603/2180/1300 1601/2179/1299
f 1603/2180/1300 1605/5195/2989 1604/2182/1302
f 1605/5195/2989 1606/2183/1303 1604/2182/1302
f 1606/5196/1303 1608/2167/1288 1607/2169/1290
f 1592/2188/1304 1593/2170/1291 1591/2172/1293
f 1592/5197/1304 1608/5198/1288 1593/2187/1291
f 1608/5198/1288 1606/5199/1303 1593/2187/1291
f 1605/5200/2989 1603/5201/1300 1600/5202/2988
f 1600/5202/2988 1599/5203/1298 1597/2185/1296
f 1606/5199/1303 1605/5200/2989 1593/2187/1291
f 1605/5200/2989 1600/5202/2988 1593/2187/1291
f 1600/5202/2988 1597/2185/1296 1593/2187/1291
f 1607/5204/1290 1590/5205/1289 1594/2189/1292
f 1590/5205/1289 1591/5206/1293 1594/2189/1292
f 1594/2189/1292 1596/5207/1295 1598/2190/1297
f 1604/5208/1302 1607/5204/1290 1602/2191/1301
f 1598/2190/1297 1601/5209/1299 1602/2191/1301
f 1607/5204/1290 1594/2189/1292 1602/2191/1301
f 1625/2192/1305 1610/2207/1320 1609/2193/1306
f 1612/5210/1321 1613/2195/1308 1611/2197/1310
f 1613/2195/1308 1616/5211/1312 1615/2198/1311
f 1616/2175/1312 1618/2200/1314 1617/2199/1313
f 1618/2200/1314 1620/2202/1316 1619/2201/1315
f 1620/2202/1316 1621/5212/1322 1622/2203/1317
f 1621/5212/1322 1624/2204/1318 1622/2203/1317
f 1624/2204/1318 1625/5213/1305 1623/2205/1319
f 1610/2207/1320 1612/5210/1321 1611/2197/1310
f 1610/5214/1320 1625/5215/1305 1612/2209/1321
f 1625/5215/1305 1624/5216/1318 1621/2210/1322
f 1621/2210/1322 1620/5217/1316 1618/5218/1314
f 1625/5215/1305 1621/2210/1322 1612/2209/1321
f 1621/2210/1322 1618/5218/1314 1616/5219/1312
f 1616/5219/1312 1613/2208/1308 1621/2210/1322
f 1626/2211/1307 1609/5220/1306 1614/2212/1309
f 1609/5220/1306 1611/5221/1310 1614/2212/1309
f 1614/2212/1309 1615/5222/1311 1617/2213/1313
f 1617/2213/1313 1619/5223/1315 1622/5224/1317
f 1622/5224/1317 1623/5225/1319 1617/2213/1313
f 1623/5225/1319 1626/2211/1307 1617/2213/1313
f 1644/5226/2990 1629/2231/1338 1627/2227/1337
f 1630/2214/1323 1632/2217/1326 1631/2215/1324
f 1632/2217/1326 1634/5227/1328 1633/2174/1327
f 1634/2218/1328 1636/5228/2991 1635/2219/1329
f 1635/2219/1329 1636/5228/2991 1638/2221/1330
f 1638/2221/1330 1640/2223/1333 1639/2194/1332
f 1640/2223/1333 1643/5229/1336 1642/2225/1335
f 1643/2226/1336 1644/5226/2990 1627/2227/1337
f 1629/2231/1338 1630/2214/1323 1628/2216/1325
f 1629/5230/1338 1644/5231/2990 1630/2229/1323
f 1644/5231/2990 1643/5232/1336 1630/2229/1323
f 1643/5232/1336 1640/5233/1333 1630/2229/1323
f 1640/5233/1333 1638/2230/1330 1630/2229/1323
f 1638/2230/1330 1636/5234/2991 1634/5235/1328
f 1634/5235/1328 1632/2208/1326 1638/2230/1330
f 1637/5236/1331 1639/5237/1332 1641/5238/1334
f 1627/2232/1337 1628/5239/1325 1631/2233/1324
f 1631/2233/1324 1633/5207/1327 1635/2234/1329
f 1641/5238/1334 1642/5240/1335 1627/2232/1337
f 1635/2234/1329 1637/5236/1331 1641/5238/1334
f 1641/5238/1334 1627/2232/1337 1635/2234/1329
f 1663/5241/2992 1647/2252/1355 1645/2249/1354
f 1648/2235/1339 1650/2217/1342 1649/2236/1340
f 1650/2217/1342 1652/5242/1344 1651/2238/1343
f 1652/2239/1344 1654/5243/2993 1653/2240/1345
f 1654/5243/2993 1655/2241/1346 1653/2240/1345
f 1656/2242/1347 1655/2241/1346 1658/2243/1348
f 1658/2243/1348 1659/2245/1350 1657/2244/1349
f 1659/2245/1350 1662/5244/1353 1661/2247/1352
f 1662/2248/1353 1663/5241/2992 1645/2249/1354
f 1647/2252/1355 1648/2235/1339 1646/2237/1341
f 1647/5245/1355 1663/5246/2992 1648/2229/1339
f 1663/5246/2992 1662/5247/1353 1648/2229/1339
f 1655/5248/1346 1654/5249/2993 1652/5250/1344
f 1662/5247/1353 1659/5233/1350 1648/2229/1339
f 1659/5233/1350 1658/2251/1348 1648/2229/1339
f 1658/2251/1348 1655/5248/1346 1652/5250/1344
f 1652/5250/1344 1650/2208/1342 1658/2251/1348
f 1645/2253/1354 1646/5239/1341 1649/2254/1340
f 1649/2254/1340 1651/5207/1343 1653/2255/1345
f 1657/5251/1349 1660/5252/1351 1645/2253/1354
f 1660/5252/1351 1661/5253/1352 1645/2253/1354
f 1653/2255/1345 1656/5254/1347 1645/2253/1354
f 1656/5254/1347 1657/5251/1349 1645/2253/1354
f 1664/2256/1356 1672/2270/1367 1673/2257/1357
f 1667/2275/1371 1674/2262/1360 1668/2256/1362
f 1674/2262/1360 1675/2277/1363 1669/2263/1361
f 1675/2264/1363 1676/2285/1378 1670/2265/1364
f 1670/2265/1364 1676/2285/1378 1677/2259/1365
f 1677/2268/1365 1672/2270/1367 1664/2256/1356
f 1672/2270/1367 1678/2280/1375 1679/2271/1368
f 1673/2259/1357 1679/2282/1368 1680/2272/1369
f 1666/2260/1359 1680/2272/1369 1681/2273/1370
f 1667/2275/1371 1681/5255/1370 1682/2276/1372
f 1676/2285/1378 1683/2282/1373 1677/2259/1365
f 1683/2278/1373 1678/2280/1375 1672/2270/1367
f 1684/2279/1374 1685/2288/1376 1679/2271/1368
f 1681/5255/1370 1686/5256/1386 1682/2276/1372
f 1682/2276/1372 1686/5256/1386 1687/2283/1377
f 1687/2284/1377 1688/2286/1379 1676/2285/1378
f 1688/2286/1379 1689/2298/1388 1683/2282/1373
f 1683/2278/1373 1689/2300/1388 1684/2279/1374
f 1685/2281/1376 1691/2289/1381 1680/2272/1369
f 1691/2289/1381 1692/5257/1384 1681/2273/1370
f 1681/5255/1370 1692/5258/1384 1686/5256/1386
f 1686/5256/1386 1693/2366/1382 1687/2283/1377
f 1689/2300/1388 1690/2287/1380 1684/2279/1374
f 1690/2287/1380 1694/5259/1391 1695/2291/1383
f 1695/2292/1383 1696/2304/1393 1691/2289/1381
f 1691/2289/1381 1696/2304/1393 1692/5257/1384
f 1693/2290/1382 1698/2297/1387 1688/2286/1379
f 1698/2297/1387 1699/2292/1389 1689/2298/1388
f 1699/2299/1389 1694/5259/1391 1690/2287/1380
f 1700/2279/1390 1701/2309/1392 1695/2301/1383
f 1696/2304/1393 1702/2311/1394 1692/5257/1384
f 1702/2305/1394 1703/2314/1403 1697/2294/1385
f 1697/2294/1385 1703/2314/1403 1704/2306/1395
f 1693/2290/1382 1704/2311/1395 1698/2297/1387
f 1705/2307/1396 1700/2279/1390 1694/2302/1391
f 1706/2280/1397 1707/2313/1401 1701/2309/1392
f 1701/2303/1392 1707/5260/1401 1708/2310/1398
f 1709/2312/1399 1710/2320/1409 1705/2303/1396
f 1705/2307/1396 1710/2321/1409 1706/2280/1397
f 1711/2270/1400 1712/2323/1404 1707/2313/1401
f 1707/5260/1401 1712/2315/1404 1708/2310/1398
f 1708/2310/1398 1713/2317/1406 1702/2311/1394
f 1702/2305/1394 1713/2318/1406 1714/2262/1402
f 1714/2262/1402 1715/2328/1414 1704/2306/1395
f 1704/2311/1395 1715/2317/1414 1709/2312/1399
f 1710/2321/1409 1711/2270/1400 1706/2280/1397
f 1711/2270/1400 1716/2256/1410 1712/2323/1404
f 1714/2262/1402 1718/2256/1407 1715/2328/1414
f 1715/2317/1414 1719/2329/1415 1709/2312/1399
f 1709/2312/1399 1719/2329/1415 1720/2319/1408
f 1720/2263/1408 1716/2256/1410 1711/2270/1400
f 1716/2256/1410 1721/2330/1416 1722/2322/1411
f 1722/2324/1411 1723/2333/1418 1717/2316/1405
f 1717/2316/1405 1723/2333/1418 1724/2325/1412
f 1724/2326/1412 1725/2335/1420 1718/2256/1407
f 1718/2256/1407 1725/2335/1420 1726/2327/1413
f 1719/2329/1415 1727/2346/1429 1720/2319/1408
f 1720/2263/1408 1727/2347/1429 1721/2330/1416
f 1721/2330/1416 1728/2338/1423 1729/2331/1417
f 1723/2333/1418 1730/2340/1419 1724/2325/1412
f 1725/2335/1420 1731/2342/1426 1726/2327/1413
f 1726/2325/1413 1731/2343/1426 1732/2336/1421
f 1719/2329/1415 1732/2336/1421 1727/2346/1429
f 1727/2347/1429 1728/2338/1423 1721/2330/1416
f 1733/2337/1422 1734/2349/1431 1729/2331/1417
f 1729/2332/1417 1734/2356/1431 1735/2339/1424
f 1730/2334/1419 1736/2341/1425 1725/2335/1420
f 1732/2336/1421 1737/2344/1427 1738/2345/1428
f 1727/2347/1429 1738/2354/1428 1733/2337/1422
f 1740/2351/1432 1741/5261/1442 1736/2341/1425
f 1736/2341/1425 1741/5261/1442 1742/2352/1433
f 1737/2344/1427 1743/2359/1437 1738/2345/1428
f 1738/2354/1428 1743/2360/1437 1739/2348/1430
f 1739/2348/1430 1744/2361/1438 1745/2355/1434
f 1734/2356/1431 1745/2364/1434 1746/2357/1435
f 1746/2357/1435 1747/2373/1447 1740/2350/1432
f 1740/2351/1432 1747/5262/1447 1741/5261/1442
f 1742/2353/1433 1748/2358/1436 1737/2344/1427
f 1748/2358/1436 1749/5263/1444 1743/2359/1437
f 1743/2360/1437 1749/5264/1444 1744/2361/1438
f 1750/2362/1439 1751/2371/1440 1745/2301/1434
f 1747/2375/1447 1752/2365/1441 1741/2367/1442
f 1752/2365/1441 1753/2377/1443 1742/2366/1433
f 1753/2368/1443 1754/2382/1455 1748/2358/1436
f 1748/2358/1436 1754/2382/1455 1749/5263/1444
f 1755/2370/1445 1756/2313/1452 1751/2371/1440
f 1751/2363/1440 1756/2383/1452 1757/2372/1446
f 1757/2372/1446 1758/2387/1448 1747/2373/1447
f 1758/2374/1448 1759/2376/1449 1752/2365/1441
f 1754/2382/1455 1760/2383/1450 1749/5263/1444
f 1760/2378/1450 1755/2370/1445 1750/2362/1439
f 1761/2379/1451 1762/2385/1458 1756/2313/1452
f 1756/2383/1452 1762/2393/1458 1757/2372/1446
f 1758/2374/1448 1763/2389/1461 1759/2376/1449
f 1759/2376/1449 1763/2389/1461 1764/2380/1453
f 1753/2368/1443 1764/2398/1453 1765/2381/1454
f 1765/2381/1454 1766/2391/1456 1760/2383/1450
f 1766/2384/1456 1761/2379/1451 1755/2370/1445
f 1762/2393/1458 1768/2386/1459 1757/2372/1446
f 1768/2386/1459 1769/2395/1460 1758/2387/1448
f 1764/2398/1453 1770/2390/1462 1765/2381/1454
f 1770/2390/1462 1771/2404/1473 1766/2391/1456
f 1766/2384/1456 1771/2406/1473 1767/2256/1457
f 1767/2256/1457 1772/2330/1468 1773/2322/1463
f 1773/2392/1463 1774/2400/1470 1768/2386/1459
f 1768/2386/1459 1774/2400/1470 1775/2394/1464
f 1769/2388/1460 1775/2411/1464 1776/2396/1465
f 1776/2396/1465 1777/2402/1466 1764/2380/1453
f 1771/2406/1473 1772/2330/1468 1767/2256/1457
f 1778/2338/1467 1779/2331/1469 1773/2322/1463
f 1775/2411/1464 1780/2401/1471 1776/2396/1465
f 1781/2403/1472 1782/2399/1474 1771/2404/1473
f 1782/2405/1474 1778/2338/1467 1772/2330/1468
f 1778/2338/1467 1783/2337/1482 1784/2407/1475
f 1784/2408/1475 1785/2409/1476 1774/2400/1470
f 1785/2409/1476 1786/2419/1477 1775/2394/1464
f 1786/2410/1477 1787/2341/1478 1780/2401/1471
f 1787/2341/1478 1788/2415/1479 1777/2402/1466
f 1788/2412/1479 1789/2425/1491 1781/2403/1472
f 1781/2403/1472 1789/2425/1491 1790/2408/1480
f 1790/2413/1480 1783/2337/1482 1778/2338/1467
f 1791/2348/1481 1792/5265/1486 1784/2407/1475
f 1784/2408/1475 1792/2428/1486 1785/2409/1476
f 1786/2410/1477 1793/2414/1483 1787/2341/1478
f 1789/2425/1491 1794/2431/1484 1790/2408/1480
f 1794/2360/1484 1791/2348/1481 1783/2337/1482
f 1792/2428/1486 1796/2418/1487 1785/2409/1476
f 1796/2418/1487 1797/2430/1488 1786/2419/1477
f 1797/2351/1488 1798/2435/1500 1793/2420/1483
f 1793/2420/1483 1798/2435/1500 1799/2422/1489
f 1788/2412/1479 1799/2430/1489 1800/2424/1490
f 1789/2425/1491 1800/2424/1490 1794/2431/1484
f 1794/2432/1484 1795/2348/1485 1791/2417/1481
f 1795/2348/1485 1801/2337/1496 1802/2426/1492
f 1796/2418/1487 1803/2439/1498 1797/2430/1488
f 1797/2351/1488 1803/2434/1498 1798/2435/1500
f 1798/2435/1500 1804/2436/1493 1799/2422/1489
f 1804/2429/1493 1805/2440/1506 1800/2424/1490
f 1800/2424/1490 1805/2440/1506 1806/2427/1494
f 1806/2354/1494 1801/2337/1496 1795/2348/1485
f 1807/2338/1495 1808/2331/1503 1802/2426/1492
f 1802/2427/1492 1808/5266/1503 1809/2433/1497
f 1796/2418/1487 1809/2433/1497 1803/2439/1498
f 1805/2440/1506 1811/2442/1501 1806/2427/1494
f 1811/2437/1501 1807/2338/1495 1801/2337/1496
f 1812/2330/1502 1813/2443/1509 1808/2331/1503
f 1808/5266/1503 1813/2448/1509 1809/2433/1497
f 1814/2326/1504 1815/2450/1516 1810/2401/1499
f 1810/2401/1499 1815/2450/1516 1816/2327/1505
f 1816/2438/1505 1817/2441/1507 1805/2440/1506
f 1811/2437/1501 1812/2330/1502 1807/2338/1495
f 1813/2448/1509 1819/2444/1510 1809/2433/1497
f 1819/2444/1510 1820/2454/1520 1814/2438/1504
f 1814/2326/1504 1820/2455/1520 1815/2450/1516
f 1815/2450/1516 1821/2449/1511 1816/2327/1505
f 1822/2263/1512 1818/2256/1508 1812/2330/1502
f 1823/2270/1513 1824/2452/1514 1813/2443/1509
f 1820/2455/1520 1825/2262/1515 1815/2450/1516
f 1826/2451/1517 1827/5267/1522 1822/2446/1512
f 1822/2263/1512 1827/2457/1522 1823/2270/1513
f 1824/2447/1514 1829/2459/1524 1819/2444/1510
f 1819/2444/1510 1829/2459/1524 1830/2453/1519
f 1830/2305/1519 1831/2314/1531 1825/2262/1515
f 1825/2262/1515 1831/2314/1531 1832/2306/1521
f 1832/2456/1521 1833/2463/1533 1826/2451/1517
f 1826/2451/1517 1833/2463/1533 1827/5267/1522
f 1828/2280/1518 1834/2279/1526 1835/2309/1523
f 1833/2463/1533 1836/2458/1525 1827/5267/1522
f 1836/2307/1525 1834/2279/1526 1828/2280/1518
f 1834/2279/1526 1837/2302/1535 1838/2301/1527
f 1835/2458/1523 1838/2469/1527 1839/2460/1528
f 1829/2459/1524 1839/2460/1528 1840/2461/1529
f 1830/2305/1519 1840/5268/1529 1841/2294/1530
f 1841/2294/1530 1842/5269/1532 1832/2306/1521
f 1842/2462/1532 1843/2464/1534 1833/2463/1533
f 1843/2464/1534 1844/2469/1539 1836/2458/1525
f 1836/2307/1525 1844/2308/1539 1837/2302/1535
f 1845/2465/1536 1846/2473/1537 1838/2466/1527
f 1840/5268/1529 1847/2295/1544 1841/2294/1530
f 1841/2294/1530 1847/2295/1544 1842/5269/1532
f 1844/2471/1539 1848/2482/1538 1845/2465/1536
f 1849/2472/1540 1850/2484/1541 1846/2473/1537
f 1850/2474/1541 1851/2475/1542 1839/2460/1528
f 1851/2475/1542 1852/2492/1543 1840/2461/1529
f 1852/2476/1543 1853/2494/1554 1847/2477/1544
f 1847/2477/1544 1853/2494/1554 1854/2479/1545
f 1854/2481/1545 1855/2475/1549 1843/2464/1534
f 1843/2464/1534 1855/2475/1549 1848/2470/1538
f 1856/2483/1546 1857/2489/1547 1850/2484/1541
f 1857/2485/1547 1858/2490/1552 1851/2475/1542
f 1851/2475/1542 1858/2490/1552 1852/2492/1543
f 1853/2494/1554 1859/2496/1548 1854/2479/1545
f 1859/2486/1548 1860/2497/1556 1855/2475/1549
f 1855/2475/1549 1860/2497/1556 1861/2485/1550
f 1861/2487/1550 1856/2483/1546 1849/2472/1540
f 1862/2488/1551 1665/2258/1358 1857/2489/1547
f 1857/2485/1547 1665/2261/1358 1858/2490/1552
f 1863/2493/1553 1864/2495/1555 1853/2494/1554
f 1860/2497/1556 1671/2267/1366 1861/2485/1550
f 1861/2487/1550 1671/2269/1366 1862/2488/1551
f 1665/2261/1358 1666/2260/1359 1858/2490/1552
f 1666/2260/1359 1667/2274/1371 1863/2491/1553
f 1863/2493/1553 1667/2275/1371 1668/2256/1362
f 1668/2256/1362 1669/2263/1361 1859/2496/1548
f 1669/2266/1361 1670/2265/1364 1860/2497/1556
f 1671/2269/1366 1664/2256/1356 1862/2488/1551
f 1873/2498/1557 1874/2511/1560 1866/2499/1558
f 1874/2501/1560 1875/2504/1562 1867/2502/1561
f 1875/2504/1562 1876/2520/1564 1868/2505/1563
f 1876/2506/1564 1877/2508/1566 1869/2507/1565
f 1872/2516/1571 1873/2498/1557 1865/2500/1559
f 1877/2508/1566 1879/2523/1576 1870/2509/1567
f 1870/2512/1567 1879/5270/1576 1880/2513/1569
f 1880/2513/1569 1881/2524/1578 1872/2515/1571
f 1872/2516/1571 1881/2529/1578 1878/2510/1568
f 1882/2517/1572 1883/2526/1580 1874/2511/1560
f 1874/2501/1560 1883/2534/1580 1884/2518/1573
f 1875/2504/1562 1884/2518/1573 1885/2519/1574
f 1885/2521/1574 1886/2522/1575 1877/2508/1566
f 1879/5270/1576 1887/2518/1577 1880/2513/1569
f 1881/2529/1578 1882/2517/1572 1878/2510/1568
f 1885/2521/1574 1889/2697/1587 1886/2522/1575
f 1886/2522/1575 1889/2697/1587 1890/2527/1581
f 1879/5270/1576 1890/2536/1581 1887/2518/1577
f 1881/2529/1578 1891/2602/1582 1888/2525/1579
f 1888/2530/1579 1892/2525/1391 1893/2531/1583
f 1893/2533/1583 1894/2544/1591 1884/2518/1573
f 1884/2518/1573 1894/2544/1591 1895/2535/1584
f 1885/5271/1574 1895/2537/1584 1889/2539/1587
f 1889/2539/1587 1896/2540/1585 1890/2699/1581
f 1896/2535/1585 1897/2548/1595 1887/2518/1577
f 1887/2518/1577 1897/2548/1595 1891/2528/1582
f 1891/2541/1582 1892/2525/1391 1888/2530/1579
f 1892/2525/1391 1898/2517/1588 1893/2531/1583
f 1897/2548/1595 1900/5272/1596 1891/2528/1582
f 1891/2541/1582 1900/2549/1596 1898/2517/1588
f 1898/2517/1588 1901/2510/1597 1902/2542/1589
f 1893/2533/1583 1902/2551/1589 1903/2543/1590
f 1903/2543/1590 1904/2553/1592 1895/2535/1584
f 1904/2545/1592 1905/2557/1604 1899/2538/1586
f 1899/2538/1586 1905/2557/1604 1906/2546/1593
f 1896/2535/1585 1906/2553/1593 1907/2547/1594
f 1897/2548/1595 1907/2547/1594 1900/5272/1596
f 1908/2498/1598 1909/2555/1599 1902/2542/1589
f 1904/2545/1592 1910/2556/1600 1905/2557/1604
f 1905/2557/1604 1911/2558/1601 1906/2546/1593
f 1907/2547/1594 1912/2567/1605 1900/5272/1596
f 1900/2549/1596 1912/2559/1605 1908/2498/1598
f 1909/2550/1599 1914/2561/1607 1903/2543/1590
f 1903/2543/1590 1914/2561/1607 1910/2552/1600
f 1911/2554/1601 1916/2565/1610 1907/2547/1594
f 1907/2547/1594 1916/2565/1610 1912/2567/1605
f 1913/2500/1602 1917/2568/1612 1918/2560/1606
f 1909/2550/1599 1918/2566/1606 1914/2561/1607
f 1919/2563/1608 1920/2571/1615 1915/2500/1603
f 1915/2500/1603 1920/2571/1615 1921/2564/1609
f 1911/2554/1601 1921/2562/1609 1916/2565/1610
f 1912/2559/1605 1922/2574/1611 1917/2568/1612
f 1923/2569/1613 1924/2576/1619 1918/2560/1606
f 1918/2566/1606 1924/2577/1619 1914/2561/1607
f 1914/2561/1607 1925/2579/1614 1919/2562/1608
f 1925/2570/1614 1926/2584/1624 1920/2571/1615
f 1920/2571/1615 1926/2584/1624 1927/2572/1616
f 1921/2562/1609 1927/2587/1616 1928/2573/1617
f 1928/2573/1617 1929/2589/1621 1922/2566/1611
f 1922/2574/1611 1929/2580/1621 1923/2569/1613
f 1930/2575/1618 1932/2590/1627 1933/2581/1622
f 1931/2578/1620 1934/2586/1623 1925/2579/1614
f 1934/2583/1623 1935/5273/1634 1926/2584/1624
f 1926/2584/1624 1935/5273/1634 1936/2585/1625
f 1936/2586/1625 1937/2588/1626 1928/2573/1617
f 1937/2588/1626 1938/2600/1637 1929/2589/1621
f 1929/2580/1621 1938/5274/1637 1932/2590/1627
f 1932/2590/1627 1939/5275/1631 1933/2581/1622
f 1931/2578/1620 1940/2591/1628 1941/2592/1629
f 1934/2583/1623 1941/5276/1629 1935/5273/1634
f 1935/5273/1634 1942/5277/1635 1936/2585/1625
f 1936/2586/1625 1942/2598/1635 1937/2588/1626
f 1938/5274/1637 1939/5275/1631 1932/2590/1627
f 1943/2517/1630 1944/2604/1632 1933/2593/1622
f 1946/2599/1636 1947/2613/1638 1938/2600/1637
f 1947/2601/1638 1943/2517/1630 1939/2525/1631
f 1940/2591/1628 1949/2605/1640 1950/2606/1641
f 1950/2607/1641 1951/2618/1651 1945/2522/1633
f 1945/2522/1633 1951/2618/1651 1952/2608/1642
f 1952/2606/1642 1953/2611/1644 1946/2599/1636
f 1946/2599/1636 1953/2611/1644 1947/2613/1638
f 1947/2601/1638 1948/2603/1639 1943/2517/1630
f 1948/2603/1639 1954/2614/1646 1955/2609/1643
f 1949/2605/1640 1956/2616/1648 1950/2606/1641
f 1950/2607/1641 1956/2624/1648 1951/2618/1651
f 1951/2618/1651 1957/2617/1650 1952/2608/1642
f 1952/2606/1642 1957/2619/1650 1953/2611/1644
f 1947/2601/1638 1958/2627/1645 1954/2614/1646
f 1954/2614/1646 1959/2500/1653 1955/2609/1643
f 1956/2624/1648 1961/2500/1649 1951/2618/1651
f 1958/2627/1645 1959/2500/1653 1954/2614/1646
f 1959/2500/1653 1963/2568/1660 1964/2560/1654
f 1964/2621/1654 1965/2629/1662 1960/2615/1647
f 1960/2615/1647 1965/2629/1662 1966/2622/1655
f 1966/2623/1655 1967/2625/1656 1961/2500/1649
f 1967/2625/1656 1968/2564/1657 1957/2617/1650
f 1962/2620/1652 1969/2621/1658 1958/2612/1645
f 1969/2574/1658 1963/2568/1660 1959/2500/1653
f 1970/2569/1659 1971/2637/1661 1964/2560/1654
f 1967/2625/1656 1972/2635/1667 1968/2564/1657
f 1968/2626/1657 1972/2639/1667 1973/2630/1663
f 1962/2620/1652 1973/2630/1663 1974/2631/1664
f 1969/2574/1658 1974/2642/1664 1970/2569/1659
f 1970/2569/1659 1975/2575/1668 1971/2637/1661
f 1971/2628/1661 1976/2648/1676 1965/2629/1662
f 1965/2629/1662 1976/2648/1676 1977/2632/1665
f 1977/2633/1665 1978/2634/1666 1967/2625/1656
f 1974/2642/1664 1975/2575/1668 1970/2569/1659
f 1975/2575/1668 1979/2590/1673 1980/2636/1669
f 1971/2628/1661 1980/2646/1669 1976/2648/1676
f 1977/2633/1665 1981/5278/1678 1978/2634/1666
f 1978/2634/1666 1981/5278/1678 1982/2585/1670
f 1982/2638/1670 1983/2640/1671 1973/2630/1663
f 1983/2640/1671 1984/2658/1672 1974/2631/1664
f 1984/2641/1672 1979/2590/1673 1975/2575/1668
f 1979/2643/1673 1985/2590/1683 1986/2644/1674
f 1980/2646/1669 1986/2664/1674 1987/2647/1675
f 1987/2647/1675 1988/2655/1677 1977/2632/1665
f 1988/2583/1677 1989/2667/1688 1981/2649/1678
f 1981/2649/1678 1989/2667/1688 1990/2651/1679
f 1990/2653/1679 1991/2656/1681 1983/2640/1671
f 1983/2640/1671 1991/2656/1681 1984/2658/1672
f 1984/2660/1672 1985/2590/1683 1979/2643/1673
f 1985/2590/1683 1992/2575/1684 1986/2644/1674
f 1986/2664/1674 1993/2663/1686 1987/2647/1675
f 1987/2647/1675 1993/2663/1686 1994/2654/1680
f 1988/2583/1677 1994/2665/1680 1989/2667/1688
f 1995/2659/1682 1992/2575/1684 1985/2590/1683
f 1992/2575/1684 1996/2569/1694 1997/2661/1685
f 1998/2666/1687 1999/2670/1692 1990/2651/1679
f 1990/2653/1679 1999/2678/1692 2000/2668/1689
f 1991/2656/1681 2000/2668/1689 1995/2657/1682
f 1995/2659/1682 1996/2569/1694 1992/2575/1684
f 1996/2569/1694 2001/2568/1696 1997/2661/1685
f 1997/2662/1685 2002/2674/1698 1993/2663/1686
f 1993/2663/1686 2002/2674/1698 2003/2669/1690
f 1994/2665/1680 2003/2563/1690 2004/2571/1691
f 1999/2678/1692 2005/2677/1701 2000/2668/1689
f 2000/2668/1689 2005/2677/1701 2006/2671/1693
f 2006/2672/1693 2001/2568/1696 1996/2569/1694
f 2007/2500/1695 2008/2679/1697 1997/2661/1685
f 2002/2674/1698 2009/2681/1704 2003/2669/1690
f 2003/2563/1690 2009/2556/1704 2010/2500/1699
f 2004/2571/1691 2010/2500/1699 2011/2675/1700
f 2006/2672/1693 2007/2500/1695 2001/2568/1696
f 2009/2556/1704 2014/2682/1705 2010/2500/1699
f 2011/2676/1700 2015/2683/1706 2005/2677/1701
f 2015/2683/1706 2016/2691/1707 2006/2671/1693
f 2016/2684/1707 2012/2498/1702 2007/2500/1695
f 2012/2498/1702 2017/2510/1712 2018/2542/1708
f 2008/2673/1697 2018/2688/1708 2013/2680/1703
f 2013/2680/1703 2019/2696/1709 2009/2681/1704
f 2019/2685/1709 2020/2698/1720 2014/2682/1705
f 2014/2682/1705 2020/2698/1720 2021/2546/1710
f 2016/2684/1707 2017/2510/1712 2012/2498/1702
f 2022/2517/1711 2023/2693/1713 2018/2542/1708
f 2023/2687/1713 2024/2694/1717 2013/2680/1703
f 2013/2680/1703 2024/2694/1717 2019/2696/1709
f 2020/2698/1720 2025/2540/1714 2021/2546/1710
f 2025/2689/1714 2026/2701/1724 2015/2683/1706
f 2015/2683/1706 2026/2701/1724 2027/2690/1715
f 2027/2692/1715 2022/2517/1711 2017/2510/1712
f 2019/2685/1709 2029/5279/1718 2030/2697/1719
f 2020/2698/1720 2030/2697/1719 2025/2540/1714
f 2027/2692/1715 2028/2525/1716 2022/2517/1711
f 2031/2530/1721 2032/2532/1726 2023/2693/1713
f 2023/2687/1713 2032/2713/1726 2024/2694/1717
f 2029/5279/1718 2033/5280/1729 2030/2697/1719
f 2030/2697/1719 2033/5280/1729 2034/2699/1722
f 2025/2689/1714 2034/2710/1722 2035/2700/1723
f 2035/2700/1723 2036/5281/1734 2027/2690/1715
f 2027/2692/1715 2036/5282/1734 2031/2530/1721
f 2032/2713/1726 2038/2705/1727 2024/2694/1717
f 2038/2705/1727 2039/5283/1728 2029/2695/1718
f 2033/2707/1729 2040/2715/1730 2034/5284/1722
f 2040/2709/1730 2041/2722/1738 2035/2700/1723
f 2035/2700/1723 2041/2722/1738 2036/5281/1734
f 2036/2717/1734 2037/2702/1725 2031/2704/1721
f 2037/2702/1725 2042/5285/2994 2043/2711/1731
f 2038/2705/1727 2044/5286/1737 2039/5283/1728
f 2039/2706/1728 2044/2720/1737 2045/2714/1732
f 2041/2722/1738 2046/2723/1733 2036/5281/1734
f 2046/2716/1733 2042/5285/2994 2037/2702/1725
f 2042/5285/2994 2047/2719/1736 2043/2711/1731
f 2043/2712/1731 1867/2502/1561 2038/2705/1727
f 2038/2705/1727 1867/2502/1561 2044/5286/1737
f 2044/2720/1737 1869/2507/1565 2045/2714/1732
f 2045/2714/1732 1869/2507/1565 2048/2718/1735
f 2040/2709/1730 2048/2721/1735 2041/2722/1738
f 2046/2716/1733 2047/2719/1736 2042/5285/2994
f 2047/2719/1736 1865/2500/1559 1866/2499/1558
f 2043/2712/1731 1866/2503/1558 1867/2502/1561
f 1867/2502/1561 1868/2505/1563 2044/5286/1737
f 1869/2507/1565 1870/2509/1567 2048/2718/1735
f 2048/2721/1735 1870/2512/1567 1871/2514/1570
f 1871/2514/1570 1872/2515/1571 2046/2723/1733
f 1872/2516/1571 1865/2500/1559 2047/2719/1736
f 2279/2941/1898 2209/3014/1969 2208/2942/1899
f 2213/2944/1901 2215/2947/1904 2214/2945/1902
f 2215/2947/1904 2217/2949/1906 2216/2948/1905
f 2217/2949/1906 2219/5303/1908 2218/2950/1907
f 2219/2951/1908 2221/2954/1910 2220/2952/1909
f 2221/2954/1910 2223/2956/1912 2222/2955/1911
f 2223/2956/1912 2225/2958/1914 2224/2957/1913
f 2225/2958/1914 2227/2960/1916 2226/2959/1915
f 2227/2960/1916 2229/2962/1918 2228/2961/1917
f 2229/2962/1918 2231/2964/1920 2230/2963/1919
f 2231/2964/1920 2233/2966/1922 2232/2965/1921
f 2233/2966/1922 2235/5304/1924 2234/2967/1923
f 2235/2968/1924 2237/2971/1926 2236/2969/1925
f 2237/2971/1926 2239/2973/1928 2238/2972/1927
f 2239/2973/1928 2241/2974/1930 2240/2946/1929
f 2241/2974/1930 2243/2976/1932 2242/2975/1931
f 2243/2976/1932 2245/2978/1934 2244/2977/1933
f 2245/2978/1934 2247/2941/1936 2246/2943/1935
f 2247/2941/1936 2249/2980/1938 2248/2979/1937
f 2249/2980/1938 2251/2982/1940 2250/2981/1939
f 2251/2982/1940 2253/2984/1942 2252/2983/1941
f 2253/2984/1942 2255/5305/1944 2254/2985/1943
f 2255/2986/1944 2257/2989/1946 2256/2987/1945
f 2257/2989/1946 2259/2991/1948 2258/2990/1947
f 2259/2991/1948 2261/2993/1950 2260/2992/1949
f 2261/2993/1950 2263/2995/1952 2262/2994/1951
f 2263/2995/1952 2265/2997/1954 2264/2996/1953
f 2265/2997/1954 2267/2999/1956 2266/2998/1955
f 2267/2999/1956 2269/5306/1968 2268/3000/1957
f 2268/3000/1957 2269/5306/1968 2271/3001/1958
f 2271/3003/1958 2273/3006/1961 2272/3004/1960
f 2273/3006/1961 2275/2982/1963 2274/2981/1962
f 2275/2982/1963 2277/3008/1965 2276/3007/1964
f 2277/3008/1965 2279/2941/1898 2278/2943/1900
f 2211/3009/1966 2213/2944/1901 2212/2946/1903
f 2213/5307/1901 2211/5308/1966 2209/5309/1969
f 2209/5309/1969 2279/5310/1898 2213/5307/1901
f 2279/5310/1898 2277/5311/1965 2213/5307/1901
f 2277/5311/1965 2275/5312/1963 2273/5313/1961
f 2273/5313/1961 2271/5314/1958 2269/3011/1968
f 2269/3011/1968 2267/5315/1956 2265/5316/1954
f 2265/5316/1954 2263/5317/1952 2261/5318/1950
f 2261/5318/1950 2259/5319/1948 2257/5320/1946
f 2257/5320/1946 2255/5321/1944 2261/5318/1950
f 2255/5321/1944 2253/5322/1942 2261/5318/1950
f 2253/5322/1942 2251/5323/1940 2249/5324/1938
f 2249/5324/1938 2247/5325/1936 2253/5322/1942
f 2247/5325/1936 2245/5326/1934 2253/5322/1942
f 2245/5326/1934 2243/5327/1932 2237/3012/1926
f 2243/5327/1932 2241/5328/1930 2237/3012/1926
f 2241/5328/1930 2239/5329/1928 2237/3012/1926
f 2237/3012/1926 2235/5330/1924 2233/5331/1922
f 2233/5331/1922 2231/5332/1920 2237/3012/1926
f 2231/5332/1920 2229/5333/1918 2237/3012/1926
f 2229/5333/1918 2227/5334/1916 2225/5335/1914
f 2225/5335/1914 2223/5336/1912 2221/3013/1910
f 2221/3013/1910 2219/5337/1908 2217/5338/1906
f 2217/5338/1906 2215/5339/1904 2213/5307/1901
f 2277/5311/1965 2273/5313/1961 2213/5307/1901
f 2273/5313/1961 2269/3011/1968 2213/5307/1901
f 2269/3011/1968 2265/5316/1954 2261/5318/1950
f 2229/5333/1918 2225/5335/1914 2237/3012/1926
f 2225/5335/1914 2221/3013/1910 2237/3012/1926
f 2221/3013/1910 2217/5338/1906 2213/5307/1901
f 2269/3011/1968 2261/5318/1950 2237/3012/1926
f 2261/5318/1950 2253/5322/1942 2237/3012/1926
f 2253/5322/1942 2245/5326/1934 2237/3012/1926
f 2221/3013/1910 2213/5307/1901 2269/3011/1968
f 2209/3014/1969 2211/3009/1966 2210/3010/1967
f 2278/5340/1900 2208/5341/1899 2210/5342/1967
f 2210/5342/1967 2212/5343/1903 2214/5344/1902
f 2214/5344/1902 2216/5345/1905 2222/3015/1911
f 2216/5345/1905 2218/5346/1907 2222/3015/1911
f 2218/5346/1907 2220/5347/1909 2222/3015/1911
f 2222/3015/1911 2224/5348/1913 2230/5349/1919
f 2224/5348/1913 2226/5350/1915 2230/5349/1919
f 2226/5350/1915 2228/5351/1917 2230/5349/1919
f 2230/5349/1919 2232/5352/1921 2234/5353/1923
f 2234/5353/1923 2236/5354/1925 2230/5349/1919
f 2236/5354/1925 2238/5355/1927 2230/5349/1919
f 2238/5355/1927 2240/5356/1929 2242/5357/1931
f 2242/5357/1931 2244/5358/1933 2246/5359/1935
f 2246/5359/1935 2248/5360/1937 2250/5361/1939
f 2250/5361/1939 2252/5362/1941 2246/5359/1935
f 2252/5362/1941 2254/3016/1943 2246/5359/1935
f 2254/3016/1943 2256/5363/1945 2258/5364/1947
f 2258/5364/1947 2260/5365/1949 2254/3016/1943
f 2260/5365/1949 2262/5366/1951 2254/3016/1943
f 2262/5366/1951 2264/5367/1953 2270/3017/1959
f 2264/5367/1953 2266/5368/1955 2270/3017/1959
f 2266/5368/1955 2268/5369/1957 2270/3017/1959
f 2270/3017/1959 2272/5370/1960 2278/5340/1900
f 2272/5370/1960 2274/5371/1962 2278/5340/1900
f 2274/5371/1962 2276/5372/1964 2278/5340/1900
f 2278/5340/1900 2210/5342/1967 2222/3015/1911
f 2210/5342/1967 2214/5344/1902 2222/3015/1911
f 2238/5355/1927 2242/5357/1931 2254/3016/1943
f 2242/5357/1931 2246/5359/1935 2254/3016/1943
f 2222/3015/1911 2230/5349/1919 2254/3016/1943
f 2230/5349/1919 2238/5355/1927 2254/3016/1943
f 2254/3016/1943 2262/5366/1951 2270/3017/1959
f 2270/3017/1959 2278/5340/1900 2222/3015/1911
s 0
f 2311/3018/504 2286/3028/504 2281/3019/504
f 2323/3021/536 2312/3027/536 2305/3022/536
f 2298/3024/521 2287/3029/521 2310/3025/521
f 2288/3027/532 2300/3021/532 2293/3023/532
f 2299/3028/510 2324/3018/510 2317/3020/510
f 2281/3019/2995 2284/3041/2996 2283/3065/2997
f 2282/3022/2998 2285/3046/2999 2283/3032/3000
f 2287/3029/3001 2290/3031/3002 2289/5373/3003
f 2288/3027/3004 2291/3051/3005 2289/3036/3006
f 2293/3023/3007 2296/3055/3008 2295/3060/3009
f 2294/3019/3010 2297/3061/3011 2295/3040/3012
f 2298/3024/3013 2301/3039/3014 2302/3038/3015
f 2299/3028/3016 2303/3035/3017 2302/3042/3018
f 2304/3025/3019 2307/3050/3020 2308/5374/3021
f 2305/3022/3022 2309/3033/3023 2308/3032/3024
f 2311/3018/3025 2314/3059/3026 2313/3066/3027
f 2312/3027/3028 2315/3037/3029 2313/3036/3030
f 2317/3020/3031 2320/3048/3032 2319/3062/3033
f 2318/3023/3034 2321/3064/3035 2319/3054/3036
f 2323/3021/3037 2326/3045/3038 2325/3044/3039
f 2324/3018/3040 2327/3063/3041 2325/3058/3042
f 2280/3029/3043 2285/3031/3043 2295/3038/3043
f 2285/3046/3044 2282/3022/3044 2293/3023/3044
f 2286/3028/2020 2291/3035/2020 2284/3041/2020
f 2291/3051/2021 2288/3027/2021 2282/3022/2021
f 2298/3024/3045 2302/3038/3045 2290/3031/3045
f 2302/3044/3046 2300/3021/3046 2288/3027/3046
f 2294/3019/2024 2296/3041/2024 2303/3035/2024
f 2296/3055/2025 2293/3023/2025 2300/3021/2025
f 2292/3024/3047 2297/3039/3047 2319/3052/3047
f 2297/3061/3048 2294/3019/3048 2317/3020/3048
f 2322/3026/2028 2327/3057/2028 2301/3039/2028
f 2327/3063/2029 2324/3018/2029 2299/3028/2029
f 2318/3023/2030 2320/3055/2030 2326/3045/2030
f 2320/3048/2031 2317/3020/2031 2324/3018/2031
f 2316/3026/2032 2321/3053/2032 2307/3050/2032
f 2321/3064/2033 2318/3023/2033 2305/3022/2033
f 2310/3025/3049 2315/3050/3049 2325/3056/3049
f 2315/3037/2128 2312/3027/2128 2323/3021/2128
f 2306/3020/2036 2309/3048/2036 2314/3059/2036
f 2309/3033/2037 2305/3022/2037 2312/3027/2037
f 2304/3025/3050 2308/5374/3050 2283/3030/3050
f 2308/3047/3051 2306/3020/3051 2281/3019/3051
f 2287/3029/3052 2289/5373/3052 2313/3049/3052
f 2289/3034/3053 2286/3028/3053 2311/3018/3053
f 2316/3026/537 2304/3025/537 2280/3029/537
f 2333/3067/3054 2329/5375/3054 2328/3068/3054
f 2335/3070/2871 2333/5376/2871 2332/3071/2871
f 2331/3073/3055 2329/5377/3055 2333/3074/3055
f 2329/3076/2873 2331/5378/2873 2330/3077/2873
f 2331/3079/3056 2335/5379/3056 2334/3080/3056
f 2334/3082/3057 2332/5380/3057 2328/3083/3057
f 2341/3085/3058 2337/5381/3058 2336/3086/3058
f 2343/3088/3059 2341/5382/3059 2340/3089/3059
f 2339/3091/3060 2337/5383/3060 2341/3092/3060
f 2337/3094/3061 2339/5384/3061 2338/3095/3061
f 2339/3097/3062 2343/5385/3062 2342/3098/3062
f 2342/3100/3063 2340/5386/3063 2336/3101/3063
f 2349/3103/3064 2345/3112/3064 2344/3104/3064
f 2351/3106/3065 2349/5387/3065 2348/3107/3065
f 2351/3109/3066 2347/5388/3066 2345/3110/3066
f 2345/3112/3067 2347/5389/3067 2346/3113/3067
f 2347/3114/3068 2351/3106/3068 2350/3108/3068
f 2350/3116/3069 2348/5390/3069 2344/3117/3069
s 1
f 2363/3119/2058 2353/3136/2069 2352/3120/2059
f 2357/3122/2061 2359/3125/2064 2358/3123/2062
f 2359/3125/2064 2361/5391/2066 2360/3126/2065
f 2361/3127/2066 2363/5392/2058 2362/3128/2060
f 2355/3130/2067 2357/5393/2061 2356/3131/2063
f 2357/3135/2061 2355/5394/2067 2353/3133/2069
f 2353/3133/2069 2363/5395/2058 2361/3134/2066
f 2361/3134/2066 2359/5396/2064 2357/3135/2061
f 2353/3136/2069 2355/5397/2067 2354/3137/2068
f 2362/3140/2060 2352/5398/2059 2354/3138/2068
f 2354/3138/2068 2356/5399/2063 2358/3139/2062
f 2358/3139/2062 2360/5400/2065 2362/3140/2060
f 2375/3141/2070 2365/3158/2081 2364/3142/2071
f 2369/3144/2073 2371/3147/2076 2370/3145/2074
f 2371/3147/2076 2373/5401/2078 2372/3148/2077
f 2373/3149/2078 2375/5402/2070 2374/3150/2072
f 2367/3152/2079 2369/5403/2073 2368/3153/2075
f 2369/3156/2073 2367/5404/2079 2365/3157/2081
f 2365/3157/2081 2375/5405/2070 2373/5406/2078
f 2373/5406/2078 2371/3155/2076 2365/3157/2081
f 2365/3158/2081 2367/5407/2079 2366/3159/2080
f 2374/3162/2072 2364/5408/2071 2370/3160/2074
f 2364/5408/2071 2366/5409/2080 2370/3160/2074
f 2366/5409/2080 2368/5410/2075 2370/3160/2074
f 2387/3163/2070 2377/3180/2081 2376/3164/2071
f 2381/3166/2073 2383/3169/2076 2382/3167/2074
f 2383/3169/2076 2385/5411/2078 2384/3170/2077
f 2385/3171/2078 2387/5412/2070 2386/3172/2072
f 2379/3174/2079 2381/5413/2073 2380/3175/2075
f 2381/3178/2073 2379/5414/2079 2377/3179/2081
f 2377/3179/2081 2387/5415/2070 2385/5416/2078
f 2385/5416/2078 2383/3177/2076 2377/3179/2081
f 2377/3180/2081 2379/5417/2079 2378/3181/2080
f 2386/3184/2072 2376/5418/2071 2382/3182/2074
f 2376/5418/2071 2378/5419/2080 2382/3182/2074
f 2378/5419/2080 2380/5420/2075 2382/3182/2074
s 0
f 2419/3018/504 2394/3028/504 2389/3019/504
f 2431/3021/536 2420/3027/536 2413/3022/536
f 2406/3024/521 2395/3029/521 2418/3025/521
f 2396/3027/532 2408/3021/532 2401/3023/532
f 2407/3028/510 2432/3018/510 2425/3020/510
f 2388/3029/3070 2391/3187/3071 2392/5421/3072
f 2389/3019/3073 2393/3041/3074 2392/3040/3075
f 2394/3028/3076 2397/3043/3077 2398/3042/3078
f 2396/3027/3079 2399/3051/3080 2398/3198/3081
f 2400/3024/3082 2403/3190/3083 2404/5422/3084
f 2401/3023/3085 2405/3055/3086 2404/3054/3087
f 2407/3028/3088 2410/3035/3089 2409/3034/3090
f 2408/3021/3091 2411/3196/3092 2409/3191/3093
f 2413/3022/3094 2416/3033/3095 2415/3200/3096
f 2414/3020/3097 2417/3201/3098 2415/3194/3099
f 2419/3018/3025 2422/3059/3026 2421/3197/3027
f 2420/3027/3028 2423/3037/3029 2421/3036/3030
f 2425/3020/3031 2428/3048/3032 2427/3199/3033
f 2426/3023/3034 2429/3064/3035 2427/3054/3036
f 2430/3026/3100 2433/3053/3101 2434/5423/3102
f 2431/3021/3103 2435/3045/3104 2434/3191/3105
f 2388/3029/3106 2392/5421/3106 2403/3190/3106
f 2392/3185/3107 2390/3022/3107 2401/3023/3107
f 2394/3028/2020 2399/3035/2020 2393/3041/2020
f 2399/3051/2021 2396/3027/2021 2390/3022/2021
f 2406/3024/3108 2411/3190/3108 2398/3186/3108
f 2411/3196/3109 2408/3021/3109 2396/3027/3109
f 2402/3019/2024 2405/3041/2024 2410/3035/2024
f 2405/3055/2025 2401/3023/2025 2408/3021/2025
f 2400/3024/3110 2404/5422/3110 2427/3195/3110
f 2404/3188/3111 2402/3019/3111 2425/3020/3111
f 2430/3026/3112 2434/5423/3112 2409/3189/3112
f 2434/3197/3113 2432/3018/3113 2407/3028/3113
f 2426/3023/2030 2428/3055/2030 2435/3045/2030
f 2428/3048/2031 2425/3020/2031 2432/3018/2031
f 2424/3026/3114 2429/3053/3114 2415/3192/3114
f 2429/3064/2033 2426/3023/2033 2413/3022/2033
f 2418/3025/2127 2423/3050/2127 2433/3053/2127
f 2423/3037/2128 2420/3027/2128 2431/3021/2128
f 2414/3020/2036 2416/3048/2036 2422/3059/2036
f 2416/3033/2037 2413/3022/2037 2420/3027/2037
f 2412/3025/2129 2417/3193/2129 2391/3187/2129
f 2417/3201/2130 2414/3020/2130 2389/3019/2130
f 2395/3029/3115 2397/3187/3115 2421/3049/3115
f 2397/3043/3116 2394/3028/3116 2419/3018/3116
f 2424/3026/537 2412/3025/537 2388/3029/537
f 2441/3202/3054 2437/5424/3054 2436/3203/3054
f 2443/3205/2871 2441/5425/2871 2440/3206/2871
f 2439/3208/3055 2437/5426/3055 2441/3209/3055
f 2437/3211/2873 2439/5427/2873 2438/3212/2873
f 2439/3214/3056 2443/5379/3056 2442/3215/3056
f 2442/3217/3057 2440/5428/3057 2436/3218/3057
f 2449/3220/3058 2445/5429/3058 2444/3221/3058
f 2451/3222/3059 2449/5430/3059 2448/3223/3059
f 2447/3225/3060 2445/5431/3060 2449/3226/3060
f 2445/3228/3061 2447/5432/3061 2446/3229/3061
f 2447/3231/3062 2451/5433/3062 2450/3232/3062
f 2450/3234/3063 2448/5434/3063 2444/3235/3063
f 2457/3237/3064 2453/3246/3064 2452/3238/3064
f 2459/3240/3065 2457/5435/3065 2456/3241/3065
f 2459/3243/3066 2455/5436/3066 2453/3244/3066
f 2453/3246/3067 2455/5437/3067 2454/3247/3067
f 2455/3248/3068 2459/3240/3068 2458/3242/3068
f 2458/3250/3069 2456/5438/3069 2452/3251/3069
s 1
f 2471/3253/2133 2461/3270/2138 2460/3254/2134
f 2465/3256/2061 2467/3259/2064 2466/3257/2062
f 2467/3259/2064 2469/5439/2066 2468/3260/2065
f 2469/3261/2066 2471/5440/2133 2470/3262/2060
f 2463/3264/2136 2465/5441/2061 2464/3265/2135
f 2465/3269/2061 2463/5442/2136 2461/3267/2138
f 2461/3267/2138 2471/5443/2133 2469/3268/2066
f 2469/3268/2066 2467/5444/2064 2465/3269/2061
f 2461/3270/2138 2463/5445/2136 2462/3271/2137
f 2470/3274/2060 2460/5446/2134 2462/3272/2137
f 2462/3272/2137 2464/5447/2135 2466/3273/2062
f 2466/3273/2062 2468/5448/2065 2470/3274/2060
f 2483/3275/2070 2473/3292/2081 2472/3276/2071
f 2477/3278/2073 2479/3281/2076 2478/3279/2074
f 2479/3281/2076 2481/5449/2078 2480/3282/2077
f 2481/3283/2078 2483/5450/2070 2482/3284/2139
f 2475/3286/2079 2477/5451/2073 2476/3287/2140
f 2477/3290/2073 2475/5452/2079 2473/3291/2081
f 2473/3291/2081 2483/5453/2070 2481/5454/2078
f 2481/5454/2078 2479/3289/2076 2473/3291/2081
f 2473/3292/2081 2475/5455/2079 2474/3293/2080
f 2482/3296/2139 2472/5456/2071 2478/3294/2074
f 2472/5456/2071 2474/5457/2080 2478/3294/2074
f 2474/5457/2080 2476/5458/2140 2478/3294/2074
f 2495/3297/2141 2485/3314/2081 2484/3298/2071
f 2489/3300/2073 2491/3303/2076 2490/3301/2074
f 2491/3303/2076 2493/5459/2078 2492/3304/2077
f 2493/3305/2078 2495/5460/2141 2494/3306/2142
f 2487/3308/2079 2489/5461/2073 2488/3309/2140
f 2489/3312/2073 2487/5462/2079 2485/3313/2081
f 2485/3313/2081 2495/5463/2141 2493/5464/2078
f 2493/5464/2078 2491/3311/2076 2485/3313/2081
f 2485/3314/2081 2487/5465/2079 2486/3315/2080
f 2494/3318/2142 2484/5466/2071 2490/3316/2074
f 2484/5466/2071 2486/5467/2080 2490/3316/2074
f 2486/5467/2080 2488/5468/2140 2490/3316/2074
s 0
f 2517/3319/3117 2503/3345/3117 2497/3320/3117
f 2525/3322/3118 2519/5469/3118 2512/3323/3118
f 2508/3325/3119 2500/3363/3119 2516/3326/3119
f 2501/3328/3120 2511/5470/3120 2504/3329/3120
f 2509/3331/3121 2527/5471/3121 2521/3321/3121
f 2501/3328/2822 2503/3347/2823 2502/3335/2824
f 2505/3320/3122 2507/3351/3123 2506/5472/3124
f 2509/3331/2688 2511/3350/2689 2510/3355/2786
f 2513/3321/3125 2515/3362/3126 2514/5473/3127
f 2517/3319/2694 2519/3361/2695 2518/3366/2790
f 2525/3322/2792 2527/3356/2793 2526/3340/2794
f 2496/3332/3128 2498/3334/3128 2506/3342/3128
f 2503/3347/3129 2501/3328/3129 2498/3330/3129
f 2508/3325/3130 2510/3353/3130 2500/3363/3130
f 2510/3349/3131 2511/5470/3131 2501/3328/3131
f 2505/3320/3132 2506/5472/3132 2511/3350/3132
f 2506/3344/3133 2504/3329/3133 2511/5470/3133
f 2507/3351/3134 2505/3320/3134 2521/3321/3134
f 2524/3327/3135 2526/5474/3135 2510/3353/3135
f 2526/3354/3136 2527/5471/3136 2509/3331/3136
f 2522/3324/3137 2523/5475/3137 2527/3356/3137
f 2523/3352/3138 2521/3321/3138 2527/5471/3138
f 2520/3337/3139 2522/3339/3139 2514/3357/3139
f 2516/3326/3140 2518/3364/3140 2524/3327/3140
f 2518/3360/3141 2519/5469/3141 2525/3322/3141
f 2513/3321/3142 2514/5473/3142 2519/3361/3142
f 2514/3359/3143 2512/3323/3143 2519/5469/3143
f 2515/3362/3144 2513/3321/3144 2497/3320/3144
f 2500/3363/3145 2502/5476/3145 2518/3364/3145
f 2502/3365/3146 2503/3345/3146 2517/3319/3146
f 2520/3337/3147 2515/3358/3147 2496/3332/3147
f 2539/3367/3148 2530/5477/3148 2529/3368/3148
f 2543/3370/3149 2538/3395/3149 2536/3371/3149
f 2534/3372/3150 2530/3382/3150 2538/3373/3150
f 2531/3375/3151 2534/3384/3151 2532/3376/3151
f 2535/3378/3152 2542/3388/3152 2541/3379/3152
f 2528/5478/3153 2529/3377/3153 2532/3376/3153
f 2530/5477/3154 2531/5479/3154 2529/3368/3154
f 2533/3383/3155 2532/3376/3155 2534/3384/3155
f 2532/3400/3156 2533/5480/3156 2540/3390/3156
f 2540/5481/2928 2541/1803/2928 2536/3371/2928
f 2537/3394/3157 2536/3371/3157 2538/3395/3157
f 2540/3390/3158 2537/3392/3158 2528/3399/3158
f 2549/3401/2982 2545/5482/2982 2544/3402/2982
f 2551/3404/3159 2549/5483/3159 2548/3405/3159
f 2547/3407/3160 2545/5484/3160 2549/3408/3160
f 2545/3410/3161 2547/5485/3161 2546/3411/3161
f 2547/3413/2986 2551/5486/2986 2550/3414/2986
f 2550/3416/3162 2548/5487/3162 2544/3417/3162
f 2570/3428/3171 2576/3452/3171 2568/3429/3171
f 2561/3431/3172 2567/5496/3172 2566/3432/3172
f 2570/3434/3173 2572/3445/3173 2573/3435/3173
f 2565/3437/3174 2574/3447/3174 2571/3438/3174
f 2575/3436/3175 2573/3454/3175 2566/3440/3175
f 2561/3431/3176 2568/5497/3176 2567/5496/3176
f 2563/3433/3177 2566/3432/3177 2565/3443/3177
f 2575/3436/3178 2576/5498/3178 2570/3434/3178
f 2571/3451/3179 2572/5499/3179 2569/3456/3179
f 2574/5500/3180 2573/3435/3180 2572/3445/3180
f 2569/3449/3181 2570/3428/3181 2561/3430/3181
f 2576/5498/3182 2575/3436/3182 2567/3441/3182
f 2573/3454/3183 2574/5501/3183 2565/3455/3183
f 2563/3433/3184 2571/3451/3184 2569/3456/3184
f 2598/3457/504 2581/3469/504 2578/3458/504
f 2605/3460/3185 2600/5502/3185 2593/3461/3185
f 2589/3463/3186 2583/3477/3186 2597/3464/3186
f 2582/3466/3187 2592/5503/3187 2585/3467/3187
f 2590/3469/510 2606/3457/510 2602/3459/510
f 2578/3458/2682 2580/3475/2683 2579/3500/2776
f 2581/3469/3188 2583/3502/3189 2584/5504/3190
f 2586/3458/3122 2588/3483/3123 2587/5505/3124
f 2590/3469/2688 2592/3480/2689 2591/3487/2786
f 2594/3459/3125 2596/3499/3126 2595/5506/3127
f 2598/3457/2694 2600/3497/2695 2599/3503/2790
f 2602/3459/2697 2604/3489/2698 2603/3484/2791
f 2606/3457/3191 2608/3486/3192 2607/3490/3193
f 2577/3470/3194 2579/3498/3194 2587/3471/3194
f 2579/3473/3195 2580/3468/3195 2585/3467/3195
f 2581/3469/3196 2584/5504/3196 2580/3475/3196
f 2584/3479/3197 2582/3466/3197 2580/3468/3197
f 2589/3463/3198 2591/3485/3198 2584/3476/3198
f 2591/3478/3199 2592/5503/3199 2582/3466/3199
f 2586/3458/3200 2587/5505/3200 2592/3480/3200
f 2587/3474/3201 2585/3467/3201 2592/5503/3201
f 2588/3483/3134 2586/3458/3134 2602/3459/3134
f 2608/3486/3202 2606/3457/3202 2590/3469/3202
f 2604/3489/3203 2602/3459/3203 2606/3457/3203
f 2601/3482/3204 2603/3481/3204 2595/3491/3204
f 2603/3493/3205 2604/3462/3205 2593/3461/3205
f 2597/3464/3206 2599/3501/3206 2607/3495/3206
f 2599/3496/3207 2600/5502/3207 2605/3460/3207
f 2594/3459/3208 2595/5506/3208 2600/3497/3208
f 2595/3494/3209 2593/3461/3209 2600/5502/3209
f 2596/3499/3144 2594/3459/3144 2578/3458/3144
f 2583/3502/3210 2581/3469/3210 2598/3457/3210
f 2601/3482/3211 2596/3492/3211 2577/3470/3211
f 2614/3504/3212 2610/5507/3212 2609/3505/3212
f 2616/3507/3213 2614/5508/3213 2613/3508/3213
f 2612/3510/3214 2610/5509/3214 2614/3511/3214
f 2610/3513/3215 2612/5510/3215 2611/3514/3215
f 2612/3516/3216 2616/5511/3216 2615/3517/3216
f 2615/3519/3217 2613/5512/3217 2609/3520/3217
f 2637/3457/504 2621/3469/504 2618/3458/504
f 2644/3460/3185 2639/5513/3185 2634/3461/3185
f 2629/3463/3186 2623/3477/3186 2636/3464/3186
f 2622/3466/3187 2632/5514/3187 2625/3467/3187
f 2630/3469/3218 2646/5515/3218 2641/3459/3218
f 2618/3458/2682 2620/3475/2683 2619/3500/2776
f 2621/3469/3188 2623/3502/3189 2624/5504/3190
f 2626/3458/3122 2628/3483/3123 2627/5516/3124
f 2630/3469/2688 2632/3480/2689 2631/3487/2786
f 2637/3457/2694 2639/3497/2695 2638/3543/2790
f 2641/3459/2697 2643/3489/2698 2642/3534/2791
f 2644/3460/3219 2646/3537/3220 2645/3540/3221
f 2617/3470/3194 2619/3498/3194 2627/3471/3194
f 2619/3528/3195 2620/3525/3195 2625/3467/3195
f 2621/3469/3196 2624/5504/3196 2620/3475/3196
f 2624/3532/3197 2622/3466/3197 2620/3525/3197
f 2629/3463/3198 2631/3535/3198 2624/3530/3198
f 2631/3531/3199 2632/5514/3199 2622/3466/3199
f 2626/3458/3200 2627/5516/3200 2632/3480/3200
f 2627/3529/3201 2625/3467/3201 2632/5514/3201
f 2628/3483/3134 2626/3458/3134 2641/3459/3134
f 2645/3536/3222 2646/5515/3222 2630/3469/3222
f 2643/3489/3223 2641/3459/3223 2646/5515/3223
f 2640/3482/3224 2642/3533/3224 2633/3541/3224
f 2642/3538/3205 2643/3523/3205 2634/3461/3205
f 2636/3464/3225 2638/3542/3225 2645/3524/3225
f 2638/3539/3207 2639/5513/3207 2644/3460/3207
f 2635/3526/3226 2634/3461/3226 2639/5513/3226
f 2633/3541/3227 2635/5517/3227 2619/3498/3227
f 2623/3502/3210 2621/3469/3210 2637/3457/3210
f 2640/3482/3228 2633/3541/3228 2617/3470/3228
f 2652/3544/3212 2648/5518/3212 2647/3505/3212
f 2654/3546/3213 2652/5519/3213 2651/3547/3213
f 2650/3549/3214 2648/5520/3214 2652/3550/3214
f 2648/3551/3215 2650/5521/3215 2649/3552/3215
f 2650/3554/3216 2654/5522/3216 2653/3555/3216
f 2653/3557/3217 2651/5523/3217 2647/3558/3217
f 2664/3428/3171 2670/3580/3171 2662/3560/3171
f 2656/3562/3229 2661/5496/3229 2660/3563/3229
f 2664/3565/3173 2666/3577/3173 2667/3566/3173
f 2659/3568/3174 2668/3579/3174 2665/3569/3174
f 2669/3567/3175 2667/3581/3175 2660/3571/3175
f 2656/3562/3230 2662/5497/3230 2661/5496/3230
f 2657/3564/3177 2660/3563/3177 2659/3575/3177
f 2669/3567/3178 2670/5524/3178 2664/3565/3178
f 2665/3451/3179 2666/5525/3179 2663/3583/3179
f 2668/5526/3180 2667/3566/3180 2666/3577/3180
f 2663/5527/3231 2664/3428/3231 2655/3561/3231
f 2670/5524/3182 2669/3567/3182 2661/3572/3182
f 2667/3581/3183 2668/5528/3183 2659/3582/3183
f 2657/3564/3184 2665/3451/3184 2663/3583/3184
f 2692/3457/504 2675/3469/504 2672/3458/504
f 2699/3460/3185 2694/5529/3185 2687/3461/3185
f 2683/3463/3186 2677/3477/3186 2691/3464/3186
f 2676/3466/3187 2686/5503/3187 2679/3467/3187
f 2684/3469/510 2700/3457/510 2696/3459/510
f 2672/3458/2682 2674/3475/2683 2673/3597/2776
f 2675/3469/3188 2677/3502/3189 2678/5530/3190
f 2680/3458/3122 2682/3483/3123 2681/5516/3124
f 2684/3469/2688 2686/3480/2689 2685/3487/2786
f 2688/3459/3125 2690/3499/3126 2689/5531/3127
f 2692/3457/2694 2694/3497/2695 2693/3599/2790
f 2696/3459/2697 2698/3489/2698 2697/3484/2791
f 2700/3457/3191 2702/3486/3192 2701/3592/3193
f 2671/3470/3194 2673/3596/3194 2681/3471/3194
f 2673/3586/3195 2674/3468/3195 2679/3467/3195
f 2675/3469/3196 2678/5530/3196 2674/3475/3196
f 2678/3589/3197 2676/3466/3197 2674/3468/3197
f 2683/3463/3198 2685/3590/3198 2678/3588/3198
f 2685/3478/3199 2686/5503/3199 2676/3466/3199
f 2680/3458/3200 2681/5516/3200 2686/3480/3200
f 2681/3587/3201 2679/3467/3201 2686/5503/3201
f 2682/3483/3134 2680/3458/3134 2696/3459/3134
f 2702/3486/3202 2700/3457/3202 2684/3469/3202
f 2698/3489/3203 2696/3459/3203 2700/3457/3203
f 2695/3482/3204 2697/3481/3204 2689/3593/3204
f 2697/3594/3205 2698/3584/3205 2687/3461/3205
f 2691/3464/3206 2693/3598/3206 2701/3595/3206
f 2693/3496/3207 2694/5529/3207 2699/3460/3207
f 2688/3459/3208 2689/5531/3208 2694/3497/3208
f 2689/3494/3209 2687/3461/3209 2694/5529/3209
f 2690/3499/3144 2688/3459/3144 2672/3458/3144
f 2677/3502/3210 2675/3469/3210 2692/3457/3210
f 2695/3482/3211 2690/3492/3211 2671/3470/3211
f 2708/3600/3212 2704/5532/3212 2703/3505/3212
f 2710/3602/3213 2708/5533/3213 2707/3603/3213
f 2706/3605/3214 2704/5534/3214 2708/3511/3214
f 2704/3606/3215 2706/5535/3215 2705/3607/3215
f 2706/3609/3216 2710/5511/3216 2709/3517/3216
f 2709/3611/3217 2707/5536/3217 2703/3612/3217
f 2731/3457/504 2715/3469/504 2712/3458/504
f 2738/3460/3185 2733/5513/3185 2728/3461/3185
f 2723/3463/3186 2717/3477/3186 2730/3464/3186
f 2716/3466/3187 2726/5537/3187 2719/3467/3187
f 2724/3469/3218 2740/5538/3218 2735/3459/3218
f 2712/3458/2682 2714/3475/2683 2713/3500/2776
f 2715/3469/3188 2717/3502/3189 2718/5530/3190
f 2720/3458/3122 2722/3483/3123 2721/5539/3124
f 2724/3469/2688 2726/3480/2689 2725/3487/2786
f 2731/3457/2694 2733/3497/2695 2732/3536/2790
f 2735/3459/2697 2737/3489/2698 2736/3619/2791
f 2738/3460/3219 2740/3537/3220 2739/3622/3221
f 2711/3470/3194 2713/3498/3194 2721/3471/3194
f 2713/3528/3195 2714/3468/3195 2719/3467/3195
f 2715/3469/3196 2718/5530/3196 2714/3475/3196
f 2718/3617/3197 2716/3466/3197 2714/3468/3197
f 2723/3463/3198 2725/3535/3198 2718/3588/3198
f 2725/3531/3199 2726/5537/3199 2716/3466/3199
f 2720/3458/3200 2721/5539/3200 2726/3480/3200
f 2721/3474/3201 2719/3467/3201 2726/5537/3201
f 2722/3483/3134 2720/3458/3134 2735/3459/3134
f 2739/3536/3222 2740/5538/3222 2724/3469/3222
f 2737/3489/3223 2735/3459/3223 2740/5538/3223
f 2734/3482/3224 2736/3618/3224 2727/3541/3224
f 2736/3620/3205 2737/3584/3205 2728/3461/3205
f 2730/3464/3225 2732/3623/3225 2739/3615/3225
f 2732/3621/3207 2733/5513/3207 2738/3460/3207
f 2729/3616/3226 2728/3461/3226 2733/5513/3226
f 2727/3541/3227 2729/5517/3227 2713/3498/3227
f 2717/3502/3210 2715/3469/3210 2731/3457/3210
f 2734/3482/3228 2727/3541/3228 2711/3470/3228
f 2746/3544/3212 2742/5540/3212 2741/3624/3212
f 2748/3626/3213 2746/5519/3213 2745/3627/3213
f 2744/3629/3214 2742/5541/3214 2746/3550/3214
f 2742/3513/3215 2744/5521/3215 2743/3631/3215
f 2744/3633/3216 2748/5542/3216 2747/3634/3216
f 2747/3636/3217 2745/5543/3217 2741/3637/3217
f 2757/3639/3232 2751/5544/3232 2750/3640/3232
f 2760/3642/3233 2756/3658/3233 2755/3643/3233
f 2753/3645/3234 2751/3661/3234 2756/3646/3234
f 2751/3648/3235 2753/3654/3235 2752/3649/3235
f 2754/3651/3236 2760/5545/3236 2759/3652/3236
f 2749/5546/3237 2750/3650/3237 2752/3649/3237
f 2758/5547/3238 2759/3644/3238 2755/3643/3238
f 2758/3663/3239 2755/5548/3239 2749/3664/3239
f 2766/3666/3240 2762/5549/3240 2761/3667/3240
f 2768/3669/2871 2766/5550/2871 2765/3670/2871
f 2764/3672/3241 2762/5551/3241 2766/3673/3241
f 2762/3675/2873 2764/5552/2873 2763/3676/2873
f 2764/3678/3242 2768/5553/3242 2767/3679/3242
f 2767/3681/3243 2765/5554/3243 2761/3682/3243
s 1
f 2774/3695/2272 2776/5556/2268 2775/3696/2270
f 2776/3690/2268 2778/3693/2271 2777/3691/2269
f 2778/3693/2271 2780/5557/2265 2779/3694/2267
f 2774/3699/2272 2780/5558/2265 2778/3697/2271
f 2780/3687/2265 2774/3695/2272 2773/3688/2266
f 2773/5559/2266 2775/3701/2270 2779/3700/2267
f 2782/3703/2273 2784/5560/2276 2785/3704/2274
f 2784/3706/2276 2786/3709/2278 2787/3707/2277
f 2786/3709/2278 2788/5561/2280 2781/3710/2279
f 2782/3713/2273 2788/5562/2280 2786/3711/2278
f 2788/3714/2280 2782/3703/2273 2783/3705/2275
f 2781/5563/2279 2783/3717/2275 2787/3716/2277
f 2790/3727/2288 2792/5564/2284 2791/3728/2286
f 2792/3722/2284 2794/3725/2287 2793/3723/2285
f 2794/3725/2287 2796/5565/2281 2795/3726/2283
f 2790/5566/2288 2796/3729/2281 2792/3731/2284
f 2796/3719/2281 2790/3727/2288 2789/3720/2282
f 2789/3734/2282 2791/5567/2286 2793/3732/2285
f 2804/5568/2294 2798/3746/2296 2797/3747/2295
f 2800/5569/2289 2802/3738/2292 2801/3740/2290
f 2802/3738/2292 2804/3741/2294 2803/3739/2293
f 2798/3746/2296 2800/3735/2289 2799/3737/2291
f 2800/5570/2289 2798/3743/2296 2802/3745/2292
f 2797/3750/2295 2799/5571/2291 2801/3748/2290
s 0
f 2813/3751/3232 2807/5572/3232 2806/3640/3232
f 2816/3753/3233 2812/3658/3233 2811/3754/3233
f 2809/3755/3234 2807/3765/3234 2812/3756/3234
f 2807/3758/3235 2809/3654/3235 2808/3759/3235
f 2810/3760/3236 2816/5573/3236 2815/3652/3236
f 2805/5574/3237 2806/3650/3237 2808/3759/3237
f 2814/5575/3238 2815/3644/3238 2811/3754/3238
f 2814/3766/3239 2811/5576/3239 2805/3767/3239
f 2822/3666/3240 2818/5577/3240 2817/3769/3240
f 2824/3771/2871 2822/5578/2871 2821/3772/2871
f 2820/3774/3241 2818/5579/3241 2822/3775/3241
f 2818/3777/2873 2820/5580/2873 2819/3778/2873
f 2820/3780/3242 2824/5553/3242 2823/3781/3242
f 2823/3783/3243 2821/5581/3243 2817/3784/3243
s 1
f 2838/5582/3244 2830/3792/2304 2829/3798/2303
f 2832/5583/2306 2834/5584/2298 2833/3793/2300
f 2834/3786/2298 2836/3789/2301 2835/3787/2299
f 2836/3789/2301 2838/5585/3244 2829/3791/2303
f 2830/3792/2304 2832/5583/2306 2833/3793/2300
f 2830/5586/2304 2838/5587/3244 2836/3795/2301
f 2832/3797/2306 2830/5586/2304 2836/3795/2301
f 2829/5588/2303 2831/5589/2305 2833/3800/2300
f 2829/5588/2303 2833/3800/2300 2837/3799/2302
f 2842/3802/2307 2844/3805/2310 2845/3803/2308
f 2844/3805/2310 2847/3807/2312 2846/3806/2311
f 2847/3807/2312 2848/5590/2316 2839/3808/2313
f 2841/3809/2314 2842/5591/2307 2843/3810/2309
f 2842/3814/2307 2841/5592/2314 2848/5593/2316
f 2842/3814/2307 2848/5593/2316 2847/3812/2312
f 2848/3815/2316 2841/3809/2314 2840/3811/2315
f 2839/5594/2313 2840/5595/2315 2843/3818/2309
f 2839/5594/2313 2843/3818/2309 2846/3817/2311
f 2850/3828/2319 2852/5596/2317 2851/3829/2318
f 2852/3823/2317 2854/3826/2287 2853/3824/2285
f 2854/3826/2287 2856/5597/2281 2855/3827/2283
f 2850/5598/2319 2856/3830/2281 2852/3832/2317
f 2856/3820/2281 2850/3828/2319 2849/3821/2282
f 2849/3835/2282 2851/5599/2318 2853/3833/2285
f 2865/5600/2324 2858/3847/2326 2857/3848/2325
f 2859/3836/2320 2861/5601/3245 2862/3837/2321
f 2861/5602/3245 2863/3839/2323 2862/3841/2321
f 2863/3839/2323 2865/3842/2324 2864/3840/2293
f 2863/3846/2323 2861/5603/3245 2859/5604/2320
f 2859/5604/2320 2858/3844/2326 2863/3846/2323
f 2858/3847/2326 2859/3836/2320 2860/3838/2322
f 2857/3851/2325 2860/5605/2322 2862/3849/2321
s 0
f 2871/3852/3246 2867/5606/3246 2866/3853/3246
f 2873/3855/3247 2871/5607/3247 2870/3856/3247
f 2869/3858/3248 2867/5608/3248 2871/3859/3248
f 2867/3861/3249 2869/5609/3249 2868/3862/3249
f 2869/3858/3250 2873/3860/3250 2872/3864/3250
f 2872/3866/3251 2870/3854/3251 2866/3853/3251
f 2879/3852/3246 2875/5610/3246 2874/3868/3246
f 2881/3855/3247 2879/5607/3247 2878/3856/3247
f 2877/3869/3248 2875/5611/3248 2879/3859/3248
f 2875/3870/3249 2877/5609/3249 2876/3871/3249
f 2877/3869/3250 2881/3860/3250 2880/3864/3250
f 2880/3866/3251 2878/3854/3251 2874/3868/3251
f 2887/3875/3246 2883/5610/3246 2882/3868/3246
f 2889/3855/3247 2887/5612/3247 2886/3877/3247
f 2885/3869/3248 2883/5611/3248 2887/3878/3248
f 2883/3870/3249 2885/5609/3249 2884/3880/3249
f 2885/3869/3250 2889/3879/3250 2888/3881/3250
f 2888/3882/3251 2886/3876/3251 2882/3868/3251
f 2895/3852/3246 2891/5606/3246 2890/3853/3246
f 2897/3855/3247 2895/5607/3247 2894/3856/3247
f 2893/3858/3248 2891/5608/3248 2895/3859/3248
f 2891/3861/3249 2893/5609/3249 2892/3862/3249
f 2893/3858/3250 2897/3860/3250 2896/3864/3250
f 2896/3866/3251 2894/3854/3251 2890/3853/3251
f 2903/3852/3246 2899/5610/3246 2898/3868/3246
f 2905/3855/3247 2903/5607/3247 2902/3856/3247
f 2901/3869/3248 2899/5611/3248 2903/3859/3248
f 2899/3870/3249 2901/5609/3249 2900/3871/3249
f 2901/3869/3250 2905/3860/3250 2904/3864/3250
f 2904/3866/3251 2902/3854/3251 2898/3868/3251
f 2911/3875/3246 2907/5610/3246 2906/3868/3246
f 2913/3855/3247 2911/5612/3247 2910/3877/3247
f 2909/3869/3248 2907/5611/3248 2911/3878/3248
f 2907/3870/3249 2909/5609/3249 2908/3880/3249
f 2909/3869/3250 2913/3879/3250 2912/3881/3250
f 2912/3882/3251 2910/3876/3251 2906/3868/3251
f 2919/3884/3246 2915/5613/3246 2914/3885/3246
f 2921/3887/3247 2919/5614/3247 2918/3888/3247
f 2917/3890/3248 2915/5615/3248 2919/3891/3248
f 2915/3893/3249 2917/5616/3249 2916/3894/3249
f 2917/3890/3250 2921/3892/3250 2920/3896/3250
f 2920/3898/3251 2918/3886/3251 2914/3885/3251
f 2927/3884/3246 2923/5613/3246 2922/3900/3246
f 2929/3887/3247 2927/5614/3247 2926/3888/3247
f 2925/3901/3248 2923/5615/3248 2927/3891/3248
f 2923/3902/3249 2925/5617/3249 2924/3871/3249
f 2925/3901/3250 2929/3892/3250 2928/3896/3250
f 2928/3898/3251 2926/3886/3251 2922/3900/3251
f 2935/3906/3246 2931/5613/3246 2930/3900/3246
f 2937/3908/3247 2935/5618/3247 2934/3909/3247
f 2933/3901/3248 2931/5615/3248 2935/3891/3248
f 2931/3902/3249 2933/5617/3249 2932/3871/3249
f 2933/3901/3250 2937/3910/3250 2936/3896/3250
f 2936/3911/3251 2934/3907/3251 2930/3900/3251
f 2946/3912/3252 2940/5619/3252 2939/3913/3252
f 2949/3915/3253 2945/3934/3253 2944/3916/3253
f 2942/3918/3254 2940/3939/3254 2945/3919/3254
f 2940/3921/3255 2942/3928/3255 2941/3922/3255
f 2943/3924/3256 2949/5620/3256 2948/3925/3256
f 2947/3917/3257 2948/5621/3257 2949/3915/3257
f 2947/3932/3258 2944/3936/3258 2938/3938/3258
f 2955/3941/3259 2951/5622/3259 2950/3942/3259
f 2957/3944/3260 2955/5623/3260 2954/3945/3260
f 2953/3947/3261 2951/5624/3261 2955/3948/3261
f 2951/3950/3262 2953/5625/3262 2952/3951/3262
f 2953/3953/3263 2957/5626/3263 2956/3954/3263
f 2956/3956/3264 2954/5627/3264 2950/3957/3264
s 1
f 2962/5628/2361 2969/3968/2359 2958/3970/2353
f 2963/3959/2352 2962/3973/2361 2958/3960/2353
f 2959/3964/2354 2964/3963/2356 2963/3976/2352
f 2960/3962/2355 2965/3977/2363 2964/3963/2356
f 2960/3962/2355 2966/5629/2358 2965/3977/2363
f 2961/3965/2357 2967/3981/2366 2966/3966/2358
f 2968/3985/2369 2967/3984/2366 2961/3969/2357
f 2969/3968/2359 2968/3985/2369 2961/3969/2357
f 2970/3971/2360 2976/3988/2370 2969/3972/2359
f 2971/3974/2362 2970/3971/2360 2962/3973/2361
f 2964/3963/2356 2972/3978/2364 2971/3975/2362
f 2965/3977/2363 2973/3992/2365 2972/3978/2364
f 2966/3966/2358 2974/3982/2367 2973/3979/2365
f 2967/3981/2366 2975/3995/2368 2974/3982/2367
f 2976/3986/2370 2975/3983/2368 2968/3985/2369
f 2970/3971/2360 2977/3989/2372 2984/3987/2371
f 2971/3974/2362 2978/4000/2379 2977/3989/2372
f 2979/3990/2373 2978/4003/2379 2971/3975/2362
f 2980/3991/2374 2979/3990/2373 2972/3978/2364
f 2981/3993/2375 2980/5630/2374 2973/3979/2365
f 2982/3994/2376 2981/3993/2375 2974/3982/2367
f 2975/3983/2368 2983/3996/2377 2982/4008/2376
f 2976/3986/2370 2984/3999/2371 2983/3996/2377
f 2978/4000/2379 2986/5631/2380 2985/4001/2378
f 2987/4004/2381 2986/4002/2380 2979/3990/2373
f 2988/4006/2382 2987/5632/2381 2981/3993/2375
f 2984/3999/2371 2985/3998/2378 2988/4007/2382
f 2993/4009/2383 2997/4017/2390 2989/4010/2384
f 2990/5633/2385 2994/4020/2387 2993/4009/2383
f 2991/4012/2386 2995/4016/2389 2994/4013/2387
f 2992/4015/2388 2996/4023/2393 2995/4016/2389
f 2997/4027/2390 2996/4026/2393 2992/5634/2388
f 2999/5635/2392 2998/4019/2391 2993/4009/2383
f 2995/4016/2389 3000/4024/2394 2999/4022/2392
f 2996/4023/2393 3001/5636/2395 3000/4024/2394
f 2998/4019/2391 3001/4034/2395 2997/4017/2390
f 2998/4019/2391 3002/4035/2396 3006/4033/2399
f 3003/4038/2402 3002/4028/2396 2999/4021/2392
f 3004/4030/2397 3003/4040/2402 2999/4022/2392
f 3005/4031/2398 3004/5637/2397 3000/4032/2394
f 3001/4025/2395 3006/4043/2399 3005/4031/2398
f 3002/4035/2396 3008/5638/2401 3007/4036/2400
f 3009/4039/2403 3008/5639/2401 3003/4040/2402
f 3010/4041/2404 3009/4039/2403 3004/4030/2397
f 3006/4033/2399 3007/4036/2400 3010/5640/2404
f 3034/4045/2405 3013/4068/2426 3011/4046/2406
f 3015/4048/2408 3017/4051/2411 3016/4049/2409
f 3017/4051/2411 3019/4054/2414 3020/4053/2413
f 3019/4054/2414 3022/5641/2416 3021/4055/2415
f 3022/4056/2416 3023/4059/2418 3024/4057/2417
f 3023/4059/2418 3027/4061/2420 3025/4060/2419
f 3027/4061/2420 3026/5642/2428 3028/4062/2421
f 3026/5642/2428 3029/4063/2422 3028/4062/2421
f 3029/4063/2422 3032/4065/2424 3030/4064/2423
f 3032/4065/2424 3035/5643/2429 3033/4067/2407
f 3035/5644/2429 3034/4045/2405 3033/4047/2407
f 3013/4068/2426 3015/4048/2408 3014/4050/2410
f 3015/4071/2408 3013/5645/2426 3034/4088/2405
f 3034/4088/2405 3032/4087/2424 3029/5646/2422
f 3034/4088/2405 3029/5646/2422 3015/4071/2408
f 3029/5646/2422 3026/4072/2428 3015/4071/2408
f 3026/4072/2428 3023/4081/2418 3019/4070/2414
f 3017/5647/2411 3015/4071/2408 3019/4070/2414
f 3018/4077/2412 3021/4079/2415 3024/4089/2417
f 3024/4089/2417 3025/5648/2419 3030/4085/2423
f 3025/5648/2419 3028/5649/2421 3030/4085/2423
f 3030/4085/2423 3033/4084/2407 3011/4075/2406
f 3014/4074/2410 3018/4077/2412 3011/4075/2406
f 3018/4077/2412 3024/4089/2417 3011/4075/2406
f 3049/4101/2438 3037/4104/2440 3036/4102/2439
f 3039/5650/2442 3041/4090/2430 3040/4092/2432
f 3041/4093/2430 3043/4096/2434 3044/4094/2433
f 3043/4096/2434 3045/5651/3265 3046/4097/2435
f 3045/5651/3265 3047/5652/2436 3046/4097/2435
f 3047/4098/2436 3049/5653/2438 3048/4099/2437
f 3037/4104/2440 3039/5654/2442 3040/4105/2432
f 3039/4109/2442 3037/5655/2440 3049/4107/2438
f 3047/5656/2436 3045/5657/3265 3049/4107/2438
f 3045/5657/3265 3043/4108/2434 3049/4107/2438
f 3043/4108/2434 3041/5658/2430 3039/4109/2442
f 3040/5659/2432 3042/5660/2431 3044/5661/2433
f 3036/4112/2439 3038/5662/2441 3046/4110/2435
f 3038/5662/2441 3040/5659/2432 3046/4110/2435
f 3040/5659/2432 3044/5661/2433 3046/4110/2435
f 3085/5678/3267 3070/4158/2476 3068/4153/2475
f 3071/4137/2460 3073/4140/2463 3072/4138/2461
f 3073/4140/2463 3075/4142/2465 3074/4141/2464
f 3075/5679/2465 3077/4144/2467 3076/4146/2466
f 3077/4144/2467 3079/4147/2469 3078/4145/2468
f 3079/4147/2469 3081/4149/2471 3080/4148/2470
f 3081/4149/2471 3084/5680/2474 3083/4151/2473
f 3084/4152/2474 3085/5678/3267 3068/4153/2475
f 3070/4158/2476 3071/4137/2460 3069/4139/2462
f 3070/5681/2476 3085/5682/3267 3071/4157/2460
f 3085/5682/3267 3084/5683/2474 3071/4157/2460
f 3079/4155/2469 3077/5684/2467 3075/4156/2465
f 3084/5683/2474 3081/5685/2471 3079/4155/2469
f 3075/4156/2465 3073/5686/2463 3071/4157/2460
f 3071/4157/2460 3084/5683/2474 3079/4155/2469
f 3074/5687/2464 3076/5688/2466 3072/5689/2461
f 3080/4160/2470 3082/5690/2472 3068/4161/2475
f 3082/5690/2472 3083/5691/2473 3068/4161/2475
f 3068/4161/2475 3069/5692/2462 3076/5688/2466
f 3069/5692/2462 3072/5689/2461 3076/5688/2466
f 3076/5688/2466 3078/4159/2468 3068/4161/2475
f 3103/4177/2491 3088/4183/2494 3086/4178/2492
f 3089/4162/2477 3092/4166/2481 3091/4165/2480
f 3092/4166/2481 3094/5693/2493 3093/4167/2482
f 3094/5694/2493 3095/4168/2483 3093/4170/2482
f 3095/4168/2483 3097/4171/2485 3096/4169/2484
f 3097/4171/2485 3099/4173/2487 3098/4172/2486
f 3099/4173/2487 3101/4175/2489 3100/4174/2488
f 3101/4175/2489 3103/5695/2491 3102/4176/2490
f 3088/4183/2494 3089/4162/2477 3087/4164/2479
f 3088/5696/2494 3103/5697/2491 3089/4182/2477
f 3099/4180/2487 3097/5698/2485 3094/4181/2493
f 3097/5698/2485 3095/5699/2483 3094/4181/2493
f 3103/5697/2491 3101/5700/2489 3099/4180/2487
f 3094/4181/2493 3092/5701/2481 3089/4182/2477
f 3089/4182/2477 3103/5697/2491 3099/4180/2487
f 3091/5702/2480 3093/5703/2482 3090/5704/2478
f 3098/4185/2486 3100/5705/2488 3086/4186/2492
f 3100/5705/2488 3102/5706/2490 3086/4186/2492
f 3086/4186/2492 3087/5707/2479 3093/5703/2482
f 3087/5707/2479 3090/5704/2478 3093/5703/2482
f 3093/5703/2482 3096/4184/2484 3086/4186/2492
f 3112/4187/2495 3104/5708/3268 3105/4188/2496
f 3106/4196/2502 3108/5709/2498 3107/4197/2500
f 3108/4190/2498 3110/5710/3269 3111/4193/2501
f 3110/5710/3269 3112/4194/2495 3111/4193/2501
f 3106/5711/2502 3104/5712/3268 3112/5713/2495
f 3112/5713/2495 3110/5714/3269 3106/5711/2502
f 3110/5714/3269 3108/5715/2498 3106/5711/2502
f 3104/5708/3268 3106/4196/2502 3105/4188/2496
f 3107/4198/2500 3109/5716/2499 3111/4199/2501
f 3113/4200/2497 3105/5717/2496 3107/4198/2500
f 3115/4210/2509 3117/5718/2506 3116/4211/2500
f 3117/4204/2506 3119/4208/2508 3120/4207/2507
f 3119/4208/2508 3122/5719/2503 3121/4209/2505
f 3122/5720/2503 3119/5721/2508 3115/5722/2509
f 3119/5721/2508 3117/5723/2506 3115/5722/2509
f 3122/4201/2503 3115/4210/2509 3114/4202/2504
f 3116/4212/2500 3118/5716/2499 3120/4213/2507
f 3121/4214/2505 3114/5724/2504 3116/4212/2500
f 3124/4223/2514 3126/5725/2511 3125/4224/2500
f 3126/4217/2511 3128/4221/2513 3129/4220/2507
f 3128/4221/2513 3131/5726/2510 3130/4222/2505
f 3131/5727/2510 3128/4227/2513 3124/4226/2514
f 3131/4215/2510 3124/4223/2514 3123/4202/2504
f 3125/4228/2500 3127/5728/2512 3129/4229/2507
f 3130/4230/2505 3123/5729/2504 3125/4228/2500
f 3133/4235/2514 3135/5730/2511 3134/4224/2500
f 3135/4233/2511 3137/4234/2513 3138/4207/2507
f 3137/4234/2513 3140/5731/2510 3139/4209/2515
f 3140/5732/2510 3137/4238/2513 3133/4237/2514
f 3140/4231/2510 3133/4235/2514 3132/4202/2504
f 3134/4228/2500 3136/5728/2512 3138/4239/2507
f 3139/4214/2515 3132/5729/2504 3134/4228/2500
s 0
f 3155/4240/3270 3145/5733/3270 3142/4241/3270
f 3158/4243/3271 3155/5734/3271 3151/4244/3271
f 3149/4246/3272 3143/4259/3272 3154/4247/3272
f 3144/4249/3273 3150/5735/3273 3146/4250/3273
f 3150/4252/3274 3159/5736/3274 3157/4253/3274
f 3145/5733/2881 3143/4271/2882 3144/5737/2883
f 3147/4254/2685 3148/4260/3275 3146/5738/2687
f 3152/4242/2691 3153/4269/3276 3151/5739/2693
f 3159/5736/2700 3160/4262/2884 3158/5740/2702
f 3141/5741/3277 3142/4251/3277 3146/4250/3277
f 3145/5742/3278 3144/4249/3278 3142/4251/3278
f 3149/5743/3279 3150/5735/3279 3144/4249/3279
f 3147/5744/3280 3146/4250/3280 3150/5735/3280
f 3148/4260/3281 3147/4254/3281 3157/4253/3281
f 3160/4262/3282 3159/5736/3282 3150/4252/3282
f 3156/5745/3283 3157/4245/3283 3151/4244/3283
f 3154/5746/3284 3155/5734/3284 3158/4243/3284
f 3152/5747/3285 3151/4244/3285 3155/5734/3285
f 3153/4269/3286 3152/4242/3286 3142/4241/3286
f 3143/4271/3287 3145/5733/3287 3155/4240/3287
f 3156/4265/3288 3153/4267/3288 3141/4255/3288
s 1
f 3172/4273/2531 3162/4290/2542 3161/4274/2532
f 3166/4276/2534 3168/4279/2537 3167/4277/2535
f 3168/4279/2537 3170/5748/2539 3169/4280/2538
f 3170/4281/2539 3172/5749/2531 3171/4282/2533
f 3164/4284/2540 3166/5750/2534 3165/4285/2536
f 3166/4288/2534 3164/5751/2540 3162/4289/2542
f 3162/4289/2542 3172/4273/2531 3170/5752/2539
f 3170/5752/2539 3168/4287/2537 3162/4289/2542
f 3162/4290/2542 3164/5751/2540 3163/4291/2541
f 3171/4293/2533 3161/5753/2532 3167/4292/2535
f 3161/5753/2532 3163/5754/2541 3167/4292/2535
f 3163/5754/2541 3165/4278/2536 3167/4292/2535
s 0
f 3187/4294/3270 3177/5733/3270 3174/4295/3270
f 3190/4296/3271 3187/5734/3271 3183/4297/3271
f 3181/4299/3272 3175/4259/3272 3186/4300/3272
f 3176/4301/3273 3182/5735/3273 3178/4302/3273
f 3182/4303/3274 3191/5755/3274 3189/4304/3274
f 3177/5733/2881 3175/4271/2882 3176/5737/2883
f 3179/4305/2685 3180/4260/3275 3178/5738/2687
f 3184/4242/2691 3185/4269/3289 3183/5739/2693
f 3191/5755/2700 3192/4262/2884 3190/5740/2702
f 3173/5741/3277 3174/4251/3277 3178/4302/3277
f 3177/5742/3278 3176/4301/3278 3174/4251/3278
f 3181/5756/3279 3182/5735/3279 3176/4301/3279
f 3179/5744/3280 3178/4302/3280 3182/5735/3280
f 3180/4260/3281 3179/4305/3281 3189/4304/3281
f 3192/4262/3282 3191/5755/3282 3182/4303/3282
f 3188/5745/3290 3189/4298/3290 3183/4297/3290
f 3186/5746/3284 3187/5734/3284 3190/4296/3284
f 3184/5747/3285 3183/4297/3285 3187/5734/3285
f 3185/4269/3286 3184/4242/3286 3174/4295/3286
f 3175/4271/3287 3177/5733/3287 3187/4294/3287
f 3188/4309/3288 3185/4267/3288 3173/4306/3288
s 1
f 3204/4312/2543 3194/4329/2550 3193/4313/2544
f 3198/4315/2534 3200/4318/2548 3199/4316/2546
f 3200/4318/2548 3202/5757/2539 3201/4319/2549
f 3202/4320/2539 3204/5758/2543 3203/4321/2545
f 3196/4323/2540 3198/5759/2534 3197/4324/2547
f 3198/4327/2534 3196/5760/2540 3194/4328/2550
f 3194/4328/2550 3204/4312/2543 3202/5761/2539
f 3202/5761/2539 3200/4326/2548 3194/4328/2550
f 3194/4329/2550 3196/5760/2540 3195/4330/2541
f 3203/4332/2545 3193/5762/2544 3199/4331/2546
f 3193/5762/2544 3195/5763/2541 3199/4331/2546
f 3195/5763/2541 3197/4317/2547 3199/4331/2546
s 0
f 3216/4333/3291 3208/4362/3291 3206/4334/3291
f 3219/4336/3292 3216/5764/3292 3214/4337/3292
f 3211/4339/3293 3208/4352/3293 3215/4340/3293
f 3207/4342/3294 3212/5765/3294 3210/4343/3294
f 3212/4345/3295 3220/4355/3295 3218/4346/3295
f 3205/5766/3296 3206/4344/3296 3210/4343/3296
f 3208/4497/3297 3207/4342/3297 3206/4344/3297
f 3211/5767/3298 3212/5765/3298 3207/4342/3298
f 3209/4347/3299 3210/5768/3299 3212/4345/3299
f 3217/4338/3300 3218/5769/3300 3220/4357/3300
f 3215/5770/3301 3216/5764/3301 3219/4336/3301
f 3213/4335/3302 3214/5771/3302 3216/4333/3302
f 3217/4354/3303 3213/4359/3303 3205/4348/3303
s 1
f 3232/4364/2566 3222/4381/2577 3221/4365/2567
f 3226/4367/2569 3228/4370/2572 3227/4368/2570
f 3228/4370/2572 3230/5772/2574 3229/4371/2573
f 3230/4372/2574 3232/5773/2566 3231/4373/2568
f 3224/4375/2575 3226/5774/2569 3225/4376/2571
f 3226/4380/2569 3224/5775/2575 3230/4378/2574
f 3224/5775/2575 3222/5776/2577 3230/4378/2574
f 3222/5776/2577 3232/4364/2566 3230/4378/2574
f 3222/4381/2577 3224/5775/2575 3223/4382/2576
f 3231/4383/2568 3221/5777/2567 3223/4384/2576
f 3223/4384/2576 3225/4369/2571 3227/5778/2570
f 3227/5778/2570 3229/4371/2573 3223/4384/2576
f 3244/4385/2578 3234/4402/2589 3233/4386/2579
f 3238/4388/2581 3240/4391/2584 3239/4389/2582
f 3240/4391/2584 3242/5779/2586 3241/4392/2585
f 3242/4393/2586 3244/5780/2578 3243/4394/2580
f 3236/4396/2587 3238/5781/2581 3237/4397/2583
f 3238/4400/2581 3236/5782/2587 3234/4401/2589
f 3234/4401/2589 3244/4385/2578 3242/5783/2586
f 3242/5783/2586 3240/4399/2584 3234/4401/2589
f 3234/4402/2589 3236/5782/2587 3235/4403/2588
f 3243/4405/2580 3233/5784/2579 3239/4404/2582
f 3233/5784/2579 3235/5785/2588 3239/4404/2582
f 3235/5785/2588 3237/4390/2583 3239/4404/2582
f 3256/4406/2578 3246/4420/2590 3245/4407/2579
f 3250/4409/2581 3252/4412/2584 3251/4410/2582
f 3252/4412/2584 3254/5779/2586 3253/4392/2585
f 3254/4393/2586 3256/5780/2578 3255/4413/2580
f 3248/4414/2587 3250/5786/2581 3249/4415/2583
f 3250/4418/2581 3248/5787/2587 3246/4419/2590
f 3246/4419/2590 3256/4406/2578 3254/5783/2586
f 3254/5783/2586 3252/4417/2584 3246/4419/2590
f 3246/4420/2590 3248/5787/2587 3247/4421/2588
f 3255/4422/2580 3245/5788/2579 3251/4404/2582
f 3245/5788/2579 3247/5785/2588 3251/4404/2582
f 3247/5785/2588 3249/4411/2583 3251/4404/2582
s 0
f 3271/4294/3270 3261/5789/3270 3258/4241/3270
f 3274/4243/3271 3271/5734/3271 3267/4244/3271
f 3265/4424/3272 3259/4259/3272 3270/4247/3272
f 3260/4425/3273 3266/5735/3273 3262/4426/3273
f 3266/4427/3274 3275/5755/3274 3273/4304/3274
f 3261/5789/2881 3259/4271/3304 3260/5737/2883
f 3263/4305/2685 3264/4260/3275 3262/5738/2687
f 3268/4423/2691 3269/4269/3276 3267/5739/2693
f 3275/5755/2700 3276/4262/2884 3274/5740/2702
f 3257/5741/3277 3258/4251/3277 3262/4426/3277
f 3261/5742/3278 3260/4425/3278 3258/4251/3278
f 3265/5790/3279 3266/5735/3279 3260/4425/3279
f 3263/5744/3280 3262/4426/3280 3266/5735/3280
f 3264/4260/3281 3263/4305/3281 3273/4304/3281
f 3276/4262/3282 3275/5755/3282 3266/4427/3282
f 3272/5745/3283 3273/4298/3283 3267/4244/3283
f 3270/5746/3284 3271/5734/3284 3274/4243/3284
f 3268/5747/3285 3267/4244/3285 3271/5734/3285
f 3269/4269/3286 3268/4423/3286 3258/4241/3286
f 3259/4271/3287 3261/5789/3287 3271/4294/3287
f 3272/4432/3288 3269/4433/3288 3257/4428/3288
s 1
f 3288/4434/2531 3278/4451/2542 3277/4435/2532
f 3282/4437/2534 3284/4440/2537 3283/4438/2535
f 3284/4440/2537 3286/5791/2539 3285/4441/2538
f 3286/4442/2539 3288/5792/2531 3287/4443/2533
f 3280/4445/2540 3282/5793/2534 3281/4446/2536
f 3282/4449/2534 3280/5794/2540 3278/4450/2542
f 3278/4450/2542 3288/4434/2531 3286/5795/2539
f 3286/5795/2539 3284/4448/2537 3278/4450/2542
f 3278/4451/2542 3280/5794/2540 3279/4452/2541
f 3287/4454/2533 3277/5796/2532 3283/4453/2535
f 3277/5796/2532 3279/5797/2541 3283/4453/2535
f 3279/5797/2541 3281/4439/2536 3283/4453/2535
s 0
f 3303/4240/3270 3293/5733/3270 3290/4295/3270
f 3306/4243/3271 3303/5734/3271 3299/4297/3271
f 3297/4455/3272 3291/4259/3272 3302/4247/3272
f 3292/4301/3273 3298/5735/3273 3294/4456/3273
f 3298/4303/3274 3307/5755/3274 3305/4253/3274
f 3293/5733/2881 3291/4271/2882 3292/5737/2883
f 3295/4305/2685 3296/4260/3275 3294/5738/2687
f 3300/4242/2691 3301/4269/3289 3299/5739/2693
f 3307/5755/2700 3308/4262/2884 3306/5740/2702
f 3289/5798/3277 3290/4251/3277 3294/4456/3277
f 3293/5742/3278 3292/4301/3278 3290/4251/3278
f 3297/5743/3279 3298/5735/3279 3292/4301/3279
f 3295/5744/3280 3294/4456/3280 3298/5735/3280
f 3296/4260/3281 3295/4305/3281 3305/4253/3281
f 3308/4262/3282 3307/5755/3282 3298/4303/3282
f 3304/5745/3290 3305/4298/3290 3299/4297/3290
f 3302/5746/3284 3303/5734/3284 3306/4243/3284
f 3300/5747/3285 3299/4297/3285 3303/5734/3285
f 3301/4269/3286 3300/4242/3286 3290/4295/3286
f 3291/4271/3287 3293/5733/3287 3303/4240/3287
f 3304/4432/3288 3301/4433/3288 3289/4457/3288
s 1
f 3320/4461/2543 3310/4478/2550 3309/4462/2591
f 3314/4464/2534 3316/4467/2537 3315/4465/2546
f 3316/4467/2537 3318/5799/2539 3317/4468/2549
f 3318/4469/2539 3320/5800/2543 3319/4470/2545
f 3312/4472/2592 3314/5801/2534 3313/4473/2547
f 3314/4476/2534 3312/5802/2592 3310/4477/2550
f 3310/4477/2550 3320/4461/2543 3318/5803/2539
f 3318/5803/2539 3316/4475/2537 3310/4477/2550
f 3310/4478/2550 3312/5802/2592 3311/4479/2541
f 3319/4481/2545 3309/5804/2591 3315/4480/2546
f 3309/5804/2591 3311/5805/2541 3315/4480/2546
f 3311/5805/2541 3313/4466/2547 3315/4480/2546
s 0
f 3332/4482/3305 3324/4507/3305 3322/4483/3305
f 3335/4485/3306 3332/5806/3306 3329/4486/3306
f 3327/4487/3293 3324/4499/3293 3331/4488/3293
f 3323/4342/3294 3328/5765/3294 3326/4490/3294
f 3328/4345/3295 3336/4355/3295 3334/4492/3295
f 3324/4497/3307 3323/4342/3307 3321/4491/3307
f 3327/5807/3298 3328/5765/3298 3323/4342/3298
f 3325/4493/3299 3326/5768/3299 3328/4345/3299
f 3333/4338/3308 3334/5769/3308 3336/4357/3308
f 3331/5808/3301 3332/5806/3301 3335/4485/3301
f 3330/5809/3309 3329/4486/3309 3332/5806/3309
f 3333/4501/3310 3330/4504/3310 3321/4494/3310
s 1
f 3348/4508/2601 3338/4525/2604 3337/4509/2567
f 3342/4511/2569 3344/4514/2572 3343/4512/2602
f 3344/4514/2572 3346/5810/2574 3345/4515/2573
f 3346/4516/2574 3348/5811/2601 3347/4517/2568
f 3340/4519/2575 3342/5812/2569 3341/4520/2603
f 3342/4524/2569 3340/5813/2575 3346/4522/2574
f 3340/5813/2575 3338/5814/2604 3346/4522/2574
f 3338/5814/2604 3348/4508/2601 3346/4522/2574
f 3338/4525/2604 3340/5813/2575 3339/4526/2576
f 3347/4527/2568 3337/5815/2567 3339/4528/2576
f 3339/4528/2576 3341/4513/2603 3343/5816/2602
f 3343/5816/2602 3345/4515/2573 3339/4528/2576
f 3360/4529/2578 3350/4546/2589 3349/4530/2579
f 3354/4532/2581 3356/4535/2584 3355/4533/2605
f 3356/4535/2584 3358/5817/2606 3357/4536/2585
f 3358/4537/2606 3360/5818/2578 3359/4538/2580
f 3352/4540/2587 3354/5819/2581 3353/4541/2583
f 3354/4544/2581 3352/5820/2587 3350/4545/2589
f 3350/4545/2589 3360/4529/2578 3358/5821/2606
f 3358/5821/2606 3356/4543/2584 3350/4545/2589
f 3350/4546/2589 3352/5820/2587 3351/4547/2588
f 3359/4549/2580 3349/5822/2579 3355/4548/2605
f 3349/5822/2579 3351/5823/2588 3355/4548/2605
f 3351/5823/2588 3353/4534/2583 3355/4548/2605
f 3372/4550/2607 3362/4566/2608 3361/4551/2579
f 3366/4553/2581 3368/4556/2584 3367/4554/2605
f 3368/4556/2584 3370/5824/2606 3369/4557/2585
f 3370/4558/2606 3372/5825/2607 3371/4559/2580
f 3364/4560/2587 3366/5826/2581 3365/4561/2583
f 3366/4564/2581 3364/5827/2587 3362/4565/2608
f 3362/4565/2608 3372/4550/2607 3370/5828/2606
f 3370/5828/2606 3368/4563/2584 3362/4565/2608
f 3362/4566/2608 3364/5827/2587 3363/4567/2588
f 3371/4569/2580 3361/5829/2579 3367/4568/2605
f 3361/5829/2579 3363/5823/2588 3367/4568/2605
f 3363/5823/2588 3365/4555/2583 3367/4568/2605
s 0
f 3391/4570/3311 3377/4598/3311 3374/4571/3311
f 3398/4573/3312 3392/4615/3312 3387/4574/3312
f 3383/4576/3313 3377/4603/3313 3390/4577/3313
f 3378/4579/3314 3385/4604/3314 3380/4580/3314
f 3384/4582/3315 3399/4608/3315 3395/4583/3315
f 3373/4585/3316 3375/4587/3316 3382/4595/3316
f 3377/4598/3317 3379/5830/3317 3376/4599/3317
f 3379/4600/3318 3378/4579/3318 3375/4581/3318
f 3383/4576/2909 3385/4589/2909 3379/4602/2909
f 3381/4584/3319 3382/5831/3319 3386/4605/3319
f 3382/4597/3320 3380/4580/3320 3385/4604/3320
f 3396/4575/3321 3397/5832/3321 3400/4609/3321
f 3397/4607/3322 3395/4583/3322 3399/4608/3322
f 3394/4592/3323 3396/4594/3323 3389/4611/3323
f 3390/4577/2915 3392/4591/2915 3400/4614/2915
f 3388/4572/3324 3389/5833/3324 3393/4616/3324
f 3389/4613/3325 3387/4574/3325 3392/4615/3325
f 3394/4592/3326 3388/4612/3326 3373/4585/3326
f 3419/4618/3327 3407/4636/3327 3402/4619/3327
f 3426/4621/3328 3421/5834/3328 3415/4622/3328
f 3411/4624/3329 3405/4639/3329 3418/4625/3329
f 3406/4627/3330 3414/5835/3330 3408/4628/3330
f 3412/4630/3331 3427/5836/3331 3423/4631/3331
f 3402/4619/2682 3404/4637/2683 3403/4655/2776
f 3407/4636/2881 3405/4657/2882 3406/5837/2883
f 3409/4632/2685 3410/4643/3275 3408/5838/2687
f 3412/4630/2688 3414/4640/2689 3413/4647/2786
f 3416/4620/2691 3417/4654/3276 3415/5839/2693
f 3419/4618/2694 3421/4652/2695 3420/4658/2790
f 3423/4631/2697 3425/5840/2698 3424/4644/2791
f 3427/5836/2700 3428/4646/2884 3426/5841/2702
f 3401/4633/3332 3403/4653/3332 3408/4634/3332
f 3403/5842/3333 3404/4629/3333 3408/4628/3333
f 3407/5843/3334 3406/4627/3334 3404/4629/3334
f 3411/4624/3335 3413/4645/3335 3406/4638/3335
f 3413/5844/3336 3414/5835/3336 3406/4627/3336
f 3409/5845/3337 3408/4628/3337 3414/5835/3337
f 3410/4643/3338 3409/4632/3338 3423/4631/3338
f 3428/4646/3339 3427/5836/3339 3412/4630/3339
f 3425/5840/3340 3423/4631/3340 3427/5836/3340
f 3422/4642/3341 3424/4641/3341 3415/4649/3341
f 3424/5846/3342 3425/4623/3342 3415/4622/3342
f 3418/4625/3343 3420/4656/3343 3426/4651/3343
f 3420/5847/3344 3421/5834/3344 3426/4621/3344
f 3416/5848/3345 3415/4622/3345 3421/5834/3345
f 3417/4654/3346 3416/4620/3346 3402/4619/3346
f 3405/4657/3347 3407/4636/3347 3419/4618/3347
f 3422/4642/3348 3417/4650/3348 3401/4633/3348
f 3434/4659/3349 3430/5849/3349 3429/4660/3349
f 3436/4662/3350 3434/5850/3350 3433/4663/3350
f 3432/4665/3351 3430/5851/3351 3434/4666/3351
f 3430/4668/3352 3432/5852/3352 3431/4669/3352
f 3432/4671/3353 3436/5853/3353 3435/4672/3353
f 3435/4674/3354 3433/5854/3354 3429/4675/3354
s 1
usemtl signal
f 1242/1564/510 1237/1565/510 1243/1566/510
f 1248/1566/510 1241/1567/510 1240/1565/510
f 1246/1564/504 1239/1565/504 1238/1567/504
f 1244/1564/504 1235/1565/504 1234/1567/504
f 1246/1564/504 1259/1568/504 1258/1569/504
f 1249/1564/510 1257/1568/510 1241/1567/510
f 1247/1566/504 1261/1570/504 1239/1565/504
f 1244/1564/504 1263/1568/504 1262/1569/504
f 1245/1566/504 1265/1570/504 1235/1565/504
f 1243/1566/510 1251/1570/510 1250/1571/510
f 1242/1564/510 1253/1568/510 1236/1567/510
f 1248/1566/510 1255/1570/510 1254/1571/510
f 1273/1580/1044 1268/1581/1044 1272/1582/1044
f 1270/1582/521 1267/1583/521 1266/1581/521
f 1272/1582/1044 1275/1584/1044 1274/1585/1044
f 1273/1580/1044 1277/1586/1044 1269/1583/1044
f 1270/1582/521 1279/1587/521 1278/1588/521
f 1271/1580/521 1281/1589/521 1267/1583/521
f 1242/1564/510 1236/1567/510 1237/1565/510
f 1248/1566/510 1249/1564/510 1241/1567/510
f 1246/1564/504 1247/1566/504 1239/1565/504
f 1244/1564/504 1245/1566/504 1235/1565/504
f 1246/1564/504 1238/1567/504 1259/1568/504
f 1249/1564/510 1256/1569/510 1257/1568/510
f 1247/1566/504 1260/1571/504 1261/1570/504
f 1244/1564/504 1234/1567/504 1263/1568/504
f 1245/1566/504 1264/1571/504 1265/1570/504
f 1243/1566/510 1237/1565/510 1251/1570/510
f 1242/1564/510 1252/1569/510 1253/1568/510
f 1248/1566/510 1240/1565/510 1255/1570/510
f 1273/1580/1044 1269/1583/1044 1268/1581/1044
f 1270/1582/521 1271/1580/521 1267/1583/521
f 1272/1582/1044 1268/1581/1044 1275/1584/1044
f 1273/1580/1044 1276/1652/1044 1277/1586/1044
f 1270/1582/521 1266/1581/521 1279/1587/521
f 1271/1580/521 1280/1653/521 1281/1589/521
f 2057/2724/1739 2050/2725/1740 2049/2726/1741
f 2058/2727/1742 2052/2728/1743 2051/2729/1744
f 2052/2730/1743 2059/2731/1745 2053/2732/1746
f 2059/2731/1745 2054/2733/1747 2053/2732/1746
f 2055/2734/1748 2060/2735/1749 2056/2736/1750
f 2060/2737/1749 2049/2726/1741 2056/2738/1750
f 2057/2724/1739 2061/2739/1751 2050/2725/1740
f 2058/2727/1742 2062/2740/1752 2052/2728/1743
f 2062/2741/1752 2059/2731/1745 2052/2730/1743
f 2063/2742/1753 2054/2733/1747 2059/2731/1745
f 2065/2743/1754 2057/2724/1739 2060/2737/1749
f 2061/2744/1751 2068/2745/1755 2058/2727/1742
f 2068/2745/1755 2062/2740/1752 2058/2727/1742
f 2064/2746/1756 2070/2747/1757 2055/2734/1748
f 2070/2747/1757 2065/2748/1754 2055/2734/1748
f 2065/2743/1754 2066/2749/1758 2061/2739/1751
f 2069/2750/1759 2072/2751/1760 2063/2742/1753
f 2072/2751/1760 2064/2752/1756 2063/2742/1753
f 2073/2753/1761 2070/2747/1757 2064/2746/1756
f 2065/2743/1754 2071/2754/1762 2066/2749/1758
f 2071/2754/1762 2076/2755/1763 2067/2756/1764
f 2076/2757/1763 2068/2745/1755 2067/2758/1764
f 2077/2759/1765 2069/2760/1759 2068/2745/1755
f 2073/2753/1761 2080/2761/1766 2070/2747/1757
f 2080/2761/1766 2074/2762/1767 2070/2747/1757
f 2081/2763/1768 2077/2759/1765 2076/2757/1763
f 2078/2764/1769 2082/2765/1770 2072/2766/1760
f 2082/2765/1770 2079/2767/1771 2072/2766/1760
f 2080/2761/1766 2083/2768/1772 2074/2762/1767
f 2083/2769/1772 2075/2770/1773 2074/2771/1767
f 2085/2772/1774 2078/2773/1769 2077/2759/1765
f 2078/2764/1769 2087/2774/1775 2082/2765/1770
f 2082/2765/1770 2088/2775/1776 2079/2767/1771
f 2083/2769/1772 2084/2776/1777 2075/2770/1773
f 2084/2776/1777 2089/2777/1778 2081/2778/1768
f 2088/2779/1776 2090/2780/1779 2080/2761/1766
f 2080/2761/1766 2091/2781/1780 2083/2768/1772
f 2091/2737/1780 2084/2776/1777 2083/2769/1772
f 2089/2781/1778 2094/2782/1781 2085/2772/1774
f 2094/2782/1781 2086/2783/1782 2085/2772/1774
f 2095/2784/1783 2087/2774/1775 2086/2785/1782
f 2095/2784/1783 2088/2775/1776 2087/2774/1775
f 2091/2737/1780 2092/2726/1784 2089/2777/1778
f 2098/2786/1785 2093/2787/1786 2092/2726/1784
f 2094/2782/1781 2099/2788/1787 2095/2789/1783
f 2100/2790/1788 2096/2791/1789 2095/2784/1783
f 2101/2792/1790 2097/2793/1791 2090/2780/1779
f 2098/2786/1785 2103/2794/1792 2093/2787/1786
f 2093/2795/1786 2104/2796/1793 2094/2782/1781
f 2104/2796/1793 2099/2788/1787 2094/2782/1781
f 2100/2790/1788 2105/2797/1794 2096/2791/1789
f 2101/2792/1790 2106/2798/1795 2097/2793/1791
f 2106/2799/1795 2098/2786/1785 2097/2800/1791
f 2104/2796/1793 2107/2801/1796 2099/2788/1787
f 2107/2802/1796 2100/2790/1788 2099/2803/1787
f 2109/2804/1797 2106/2798/1795 2101/2792/1790
f 2110/2805/1798 2102/2806/1799 2106/2799/1795
f 2111/2807/1800 2103/2794/1792 2102/2806/1799
f 2112/2808/1801 2104/2796/1793 2103/2809/1792
f 2104/2796/1793 2113/2810/1802 2107/2801/1796
f 2108/2811/1803 2114/2812/1804 2105/2797/1794
f 2114/2813/1804 2109/2804/1797 2105/2814/1794
f 2110/2805/1798 2111/2807/1800 2102/2806/1799
f 2115/2815/1805 2112/2816/1801 2111/2807/1800
f 2116/2817/1806 2113/2810/1802 2104/2796/1793
f 2113/2818/1802 2117/2819/1807 2108/2811/1803
f 2117/2819/1807 2114/2812/1804 2108/2811/1803
f 2110/2805/1798 2115/2815/1805 2111/2807/1800
f 2115/2754/1805 2120/2820/1808 2112/2821/1801
f 2116/2817/1806 2121/2822/1809 2113/2810/1802
f 2121/2823/1809 2117/2824/1807 2113/2825/1802
f 2114/2813/1804 2123/2826/1810 2109/2804/1797
f 2123/2826/1810 2118/2827/1811 2109/2804/1797
f 2121/2823/1809 2126/2828/1812 2117/2824/1807
f 2126/2828/1812 2122/2829/1813 2117/2824/1807
f 2127/2830/1814 2119/2749/1815 2118/2831/1811
f 2124/2832/1816 2128/2833/1817 2120/2820/1808
f 2128/2834/1817 2116/2817/1806 2120/2835/1808
f 2126/2828/1812 2131/2836/1818 2122/2829/1813
f 2122/2837/1813 2132/2838/1819 2123/2826/1810
f 2133/2726/1820 2128/2833/1817 2124/2832/1816
f 2129/2839/1821 2135/2840/1822 2125/2841/1823
f 2135/2842/1822 2130/2843/1824 2125/2844/1823
f 2132/2838/1819 2137/2845/1825 2127/2846/1814
f 2127/2830/1814 2133/2726/1820 2124/2832/1816
f 2139/2847/1826 2131/2836/1818 2130/2843/1824
f 2138/2848/1827 2141/2849/1828 2134/2850/1829
f 2141/2851/1828 2129/2839/1821 2134/2852/1829
f 2142/2853/1830 2135/2840/1822 2129/2839/1821
f 2143/2854/1831 2139/2847/1826 2135/2842/1822
f 2136/2855/1832 2144/2856/1833 2137/2845/1825
f 2143/2854/1831 2147/2811/1834 2139/2847/1826
f 2147/2811/1834 2140/2857/1835 2139/2847/1826
f 2148/2858/1836 2136/2855/1832 2140/2859/1835
f 2145/2860/1837 2151/2861/1838 2141/2849/1828
f 2141/2851/1828 2152/2862/1839 2142/2853/1830
f 2149/2863/1840 2150/2864/1841 2144/2856/1833
f 2150/2865/1841 2145/2860/1837 2144/2866/1833
f 2153/2807/1842 2151/2867/1838 2150/2868/1841
f 2152/2862/1839 2155/2869/1843 2146/2870/1844
f 2155/2871/1843 2147/2819/1834 2146/2872/1844
f 2147/2819/1834 2157/2873/1845 2148/2874/1836
f 2157/2869/1845 2149/2863/1840 2148/2858/1836
f 2149/2863/1840 2159/2875/1846 2150/2864/1841
f 2154/2876/1847 2162/2877/1848 2152/2862/1839
f 2162/2877/1848 2155/2869/1843 2152/2862/1839
f 2155/2871/1843 2164/2878/1849 2156/2811/1850
f 2164/2878/1849 2157/2873/1845 2156/2811/1850
f 2166/2799/1851 2160/2879/1852 2159/2880/1846
f 2167/2786/1853 2161/2881/1854 2160/2879/1852
f 2163/2882/1855 2169/2883/1856 2164/2878/1849
f 2169/2883/1856 2165/2884/1857 2164/2878/1849
f 2170/2885/1858 2166/2886/1851 2158/2887/1859
f 2166/2799/1851 2167/2786/1853 2160/2879/1852
f 2172/2888/1860 2161/2881/1854 2167/2786/1853
f 2173/2889/1861 2168/2890/1862 2161/2891/1854
f 2169/2883/1856 2175/2892/1863 2165/2884/1857
f 2175/2893/1863 2170/2885/1858 2165/2894/1857
f 2174/2895/1864 2177/2731/1865 2169/2883/1856
f 2170/2885/1858 2179/2896/1866 2171/2897/1867
f 2179/2737/1866 2172/2888/1860 2171/2800/1867
f 2180/2776/1868 2173/2898/1861 2172/2888/1860
f 2181/2899/1869 2176/2900/1870 2173/2889/1861
f 2176/2900/1870 2182/2901/1871 2174/2902/1864
f 2182/2903/1871 2177/2731/1865 2174/2895/1864
f 2177/2731/1865 2184/2904/1872 2175/2892/1863
f 2184/2905/1872 2178/2906/1873 2175/2893/1863
f 2179/2737/1866 2180/2776/1868 2172/2888/1860
f 2186/2770/1874 2181/2907/1869 2180/2776/1868
f 2188/2908/1875 2185/2909/1876 2178/2906/1873
f 2187/2910/1877 2190/2911/1878 2182/2901/1871
f 2190/2825/1878 2183/2912/1879 2182/2903/1871
f 2191/2913/1880 2184/2904/1872 2183/2912/1879
f 2192/2914/1881 2188/2908/1875 2184/2905/1872
f 2194/2807/1882 2189/2816/1883 2186/2815/1874
f 2189/2915/1883 2195/2916/1884 2187/2910/1877
f 2195/2916/1884 2190/2911/1878 2187/2910/1877
f 2192/2914/1881 2197/2917/1885 2188/2908/1875
f 2197/2917/1885 2193/2918/1886 2188/2908/1875
f 2193/2919/1886 2194/2807/1882 2186/2815/1874
f 2194/2807/1882 2199/2920/1887 2189/2816/1883
f 2199/2921/1887 2195/2916/1884 2189/2915/1883
f 2191/2922/1880 2201/2923/1888 2192/2924/1881
f 2201/2925/1888 2197/2917/1885 2192/2914/1881
f 2198/2926/1889 2199/2920/1887 2194/2807/1882
f 2203/2927/1890 2195/2916/1884 2199/2921/1887
f 2195/2916/1884 2204/2928/1891 2196/2929/1892
f 2204/2930/1891 2200/2931/1893 2196/2871/1892
f 2197/2917/1885 2202/2932/1894 2198/2933/1889
f 2202/2934/1894 2199/2920/1887 2198/2926/1889
f 2206/2786/1895 2203/2935/1890 2202/2934/1894
f 2204/2930/1891 2053/2732/1746 2200/2931/1893
f 2200/2931/1893 2207/2936/1896 2201/2923/1888
f 2207/2937/1896 2205/2938/1897 2201/2925/1888
f 2205/2938/1897 2056/2736/1750 2202/2932/1894
f 2049/2726/1741 2203/2935/1890 2206/2786/1895
f 2050/2939/1740 2051/2729/1744 2203/2927/1890
f 2052/2730/1743 2053/2732/1746 2204/2930/1891
f 2054/2940/1747 2205/2938/1897 2207/2937/1896
s 0
f 2557/3419/2189 2555/3420/2189 2553/3421/2189
f 2559/3421/2190 2555/3420/2190 2560/3419/2190
f 2554/3422/532 2559/3423/532 2553/3424/532
f 2558/3425/510 2560/3426/510 2557/3427/510
s 1
f 3053/4113/2443 3054/4114/2444 3051/4115/2445
f 3053/4113/2443 3055/4116/2446 3054/4114/2444
f 3056/4117/2447 3057/4118/2448 3055/4116/2446
f 3058/4119/2449 3059/4120/2450 3057/4121/2448
f 3060/4122/2451 3061/4123/2452 3059/4120/2450
f 3062/4124/2453 3063/4125/2454 3061/4123/2452
f 3064/4126/2455 3065/4127/2456 3063/4125/2454
f 3067/4128/2457 3050/4129/2458 3065/4118/2456
f 3056/4130/2447 3053/4131/2443 3062/4132/2453
f 3052/4133/2459 3051/4115/2445 3050/4129/2458
f 3054/4134/2444 3057/4135/2448 3063/4136/2454
s 0
f 3442/4677/2671 3437/4678/2671 3441/4679/2671
f 3444/4680/2672 3441/4681/2672 3443/4682/2672
f 3440/4683/2673 3442/4684/2673 3444/4685/2673
f 3438/4686/2674 3439/4687/2674 3437/4688/2674
f 3440/4689/2675 3443/4690/2675 3439/4691/2675
f 3443/4692/2676 3437/4693/2676 3439/4694/2676
f 3450/4695/2671 3445/4696/2671 3449/4697/2671
f 3452/4698/2672 3449/4699/2672 3451/4700/2672
f 3448/4701/2673 3450/4702/2673 3452/4703/2673
f 3446/4704/2674 3447/4705/2674 3445/4706/2674
f 3448/4707/2675 3451/4708/2675 3447/4691/2675
f 3451/4709/2676 3445/4710/2676 3447/4711/2676
f 3458/4712/2671 3453/4713/2671 3457/4714/2671
f 3460/4715/2672 3457/4716/2672 3459/4682/2672
f 3456/4717/2673 3458/4718/2673 3460/4685/2673
f 3454/4719/2674 3455/4687/2674 3453/4720/2674
f 3456/4689/2675 3459/4690/2675 3455/4691/2675
f 3459/4692/2676 3453/4721/2676 3455/4722/2676
f 3466/4723/2671 3461/4724/2671 3465/4725/2671
f 3468/4726/2672 3465/4727/2672 3467/4728/2672
f 3464/4729/2673 3466/4730/2673 3468/4731/2673
f 3462/4732/2674 3463/4733/2674 3461/4734/2674
f 3464/4735/2675 3467/4708/2675 3463/4736/2675
f 3467/4737/2676 3461/4738/2676 3463/4739/2676
f 3474/4712/2671 3469/4713/2671 3473/4714/2671
f 3476/4715/2672 3473/4716/2672 3475/4682/2672
f 3472/4717/2673 3474/4718/2673 3476/4685/2673
f 3470/4719/2674 3471/4687/2674 3469/4720/2674
f 3472/4689/2675 3475/4690/2675 3471/4691/2675
f 3475/4692/2676 3469/4721/2676 3471/4722/2676
f 3482/4723/2671 3477/4724/2671 3481/4725/2671
f 3484/4726/2672 3481/4727/2672 3483/4728/2672
f 3480/4729/2673 3482/4730/2673 3484/4731/2673
f 3478/4732/2674 3479/4733/2674 3477/4734/2674
f 3480/4735/2675 3483/4708/2675 3479/4736/2675
f 3483/4737/2676 3477/4738/2676 3479/4739/2676
s 1
f 2050/2939/1740 2058/2727/1742 2051/2729/1744
f 2060/2737/1749 2057/2724/1739 2049/2726/1741
f 2050/2939/1740 2061/2744/1751 2058/2727/1742
f 2062/2741/1752 2063/2742/1753 2059/2731/1745
f 2063/2742/1753 2064/2752/1756 2054/2733/1747
f 2054/2940/1747 2064/2746/1756 2055/2734/1748
f 2055/2734/1748 2065/2748/1754 2060/2735/1749
f 2065/2743/1754 2061/2739/1751 2057/2724/1739
f 2066/2749/1758 2067/2756/1764 2061/2739/1751
f 2061/2744/1751 2067/2758/1764 2068/2745/1755
f 2068/2745/1755 2069/2760/1759 2062/2740/1752
f 2062/2741/1752 2069/2750/1759 2063/2742/1753
f 2066/2749/1758 2071/2754/1762 2067/2756/1764
f 2072/2751/1760 2073/5287/1761 2064/2752/1756
f 2070/2747/1757 2074/2762/1767 2065/2748/1754
f 2065/2743/1754 2074/5288/1767 2071/2754/1762
f 2071/2754/1762 2075/5289/1773 2076/2755/1763
f 2076/2757/1763 2077/2759/1765 2068/2745/1755
f 2077/2759/1765 2078/2773/1769 2069/2760/1759
f 2069/5290/1759 2078/2764/1769 2072/2766/1760
f 2072/2766/1760 2079/2767/1771 2073/5291/1761
f 2073/2753/1761 2079/5292/1771 2080/2761/1766
f 2074/5288/1767 2075/5289/1773 2071/2754/1762
f 2075/2770/1773 2081/2778/1768 2076/2821/1763
f 2075/2770/1773 2084/2776/1777 2081/2778/1768
f 2081/2763/1768 2085/2772/1774 2077/2759/1765
f 2085/2772/1774 2086/2783/1782 2078/2773/1769
f 2078/2764/1769 2086/2785/1782 2087/2774/1775
f 2082/2765/1770 2087/2774/1775 2088/2775/1776
f 2079/5292/1771 2088/2779/1776 2080/2761/1766
f 2081/2763/1768 2089/2781/1778 2085/2772/1774
f 2080/2761/1766 2090/2780/1779 2091/2781/1780
f 2091/2737/1780 2089/2777/1778 2084/2776/1777
f 2092/2726/1784 2093/2787/1786 2089/2777/1778
f 2089/2781/1778 2093/2795/1786 2094/2782/1781
f 2094/2782/1781 2095/2789/1783 2086/2783/1782
f 2095/2784/1783 2096/2791/1789 2088/2775/1776
f 2088/2779/1776 2096/5293/1789 2090/2780/1779
f 2090/2780/1779 2097/2793/1791 2091/2781/1780
f 2091/2737/1780 2097/2800/1791 2092/2726/1784
f 2099/2803/1787 2100/2790/1788 2095/2784/1783
f 2096/5293/1789 2101/2792/1790 2090/2780/1779
f 2097/2800/1791 2098/2786/1785 2092/2726/1784
f 2098/2786/1785 2102/2806/1799 2103/2794/1792
f 2093/2795/1786 2103/2809/1792 2104/2796/1793
f 2096/5293/1789 2105/2814/1794 2101/2792/1790
f 2106/2799/1795 2102/2806/1799 2098/2786/1785
f 2107/2802/1796 2108/2811/1803 2100/2790/1788
f 2100/2790/1788 2108/2811/1803 2105/2797/1794
f 2105/2814/1794 2109/2804/1797 2101/2792/1790
f 2109/2804/1797 2110/5294/1798 2106/2798/1795
f 2111/2807/1800 2112/2816/1801 2103/2794/1792
f 2107/2802/1796 2113/2818/1802 2108/2811/1803
f 2112/2808/1801 2116/2817/1806 2104/2796/1793
f 2109/2804/1797 2118/2827/1811 2110/5294/1798
f 2110/2805/1798 2118/2919/1811 2115/2815/1805
f 2115/2754/1805 2119/2749/1815 2120/2820/1808
f 2112/2808/1801 2120/2835/1808 2116/2817/1806
f 2117/2824/1807 2122/2829/1813 2114/5287/1804
f 2114/2813/1804 2122/2837/1813 2123/2826/1810
f 2118/2831/1811 2119/2749/1815 2115/2754/1805
f 2119/2749/1815 2124/2832/1816 2120/2820/1808
f 2116/2817/1806 2125/2841/1823 2121/2822/1809
f 2121/2823/1809 2125/2844/1823 2126/2828/1812
f 2123/2826/1810 2127/2846/1814 2118/2827/1811
f 2127/2830/1814 2124/2832/1816 2119/2749/1815
f 2128/2834/1817 2129/2839/1821 2116/2817/1806
f 2116/2817/1806 2129/2839/1821 2125/2841/1823
f 2125/2844/1823 2130/2843/1824 2126/2828/1812
f 2126/2828/1812 2130/2843/1824 2131/2836/1818
f 2122/2837/1813 2131/5295/1818 2132/2838/1819
f 2123/2826/1810 2132/2838/1819 2127/2846/1814
f 2133/2726/1820 2134/2850/1829 2128/2833/1817
f 2128/2834/1817 2134/2852/1829 2129/2839/1821
f 2131/5295/1818 2136/2855/1832 2132/2838/1819
f 2132/2838/1819 2136/2855/1832 2137/2845/1825
f 2127/2830/1814 2137/5296/1825 2133/2726/1820
f 2133/2726/1820 2138/2848/1827 2134/2850/1829
f 2135/2842/1822 2139/2847/1826 2130/2843/1824
f 2139/2847/1826 2140/2857/1835 2131/2836/1818
f 2131/5295/1818 2140/2859/1835 2136/2855/1832
f 2137/5296/1825 2138/2848/1827 2133/2726/1820
f 2141/2851/1828 2142/2853/1830 2129/2839/1821
f 2142/2853/1830 2143/5297/1831 2135/2840/1822
f 2137/5296/1825 2144/2866/1833 2138/2848/1827
f 2138/2848/1827 2145/2860/1837 2141/2849/1828
f 2142/2853/1830 2146/2870/1844 2143/5297/1831
f 2143/2854/1831 2146/2871/1844 2147/2811/1834
f 2147/2811/1834 2148/5298/1836 2140/2857/1835
f 2148/2858/1836 2149/2863/1840 2136/2855/1832
f 2136/2855/1832 2149/2863/1840 2144/2856/1833
f 2144/2866/1833 2145/2860/1837 2138/2848/1827
f 2145/2860/1837 2150/2865/1841 2151/2861/1838
f 2141/2851/1828 2151/2864/1838 2152/2862/1839
f 2142/2853/1830 2152/2862/1839 2146/2870/1844
f 2153/2807/1842 2154/5299/1847 2151/2867/1838
f 2151/2864/1838 2154/2876/1847 2152/2862/1839
f 2155/2871/1843 2156/2811/1850 2147/2819/1834
f 2147/2819/1834 2156/2811/1850 2157/2873/1845
f 2157/2869/1845 2158/2887/1859 2149/2863/1840
f 2149/2863/1840 2158/2887/1859 2159/2875/1846
f 2159/2880/1846 2153/2807/1842 2150/2868/1841
f 2153/2807/1842 2160/2879/1852 2154/5299/1847
f 2159/2880/1846 2160/2879/1852 2153/2807/1842
f 2160/2879/1852 2161/2881/1854 2154/5299/1847
f 2154/2876/1847 2161/2891/1854 2162/2877/1848
f 2162/2877/1848 2163/5300/1855 2155/2869/1843
f 2155/2871/1843 2163/2882/1855 2164/2878/1849
f 2164/2878/1849 2165/2884/1857 2157/2873/1845
f 2157/2869/1845 2165/2894/1857 2158/2887/1859
f 2158/2887/1859 2166/2886/1851 2159/2875/1846
f 2161/2891/1854 2168/2890/1862 2162/2877/1848
f 2162/2877/1848 2168/2890/1862 2163/5300/1855
f 2165/2894/1857 2170/2885/1858 2158/2887/1859
f 2170/2885/1858 2171/2897/1867 2166/2886/1851
f 2166/2799/1851 2171/2800/1867 2167/2786/1853
f 2172/2888/1860 2173/2898/1861 2161/2881/1854
f 2168/2890/1862 2174/2902/1864 2163/5300/1855
f 2163/2882/1855 2174/2895/1864 2169/2883/1856
f 2171/2800/1867 2172/2888/1860 2167/2786/1853
f 2173/2889/1861 2176/2900/1870 2168/2890/1862
f 2168/2890/1862 2176/2900/1870 2174/2902/1864
f 2169/2883/1856 2177/2731/1865 2175/2892/1863
f 2175/2893/1863 2178/2906/1873 2170/2885/1858
f 2170/2885/1858 2178/2906/1873 2179/2896/1866
f 2180/2776/1868 2181/2907/1869 2173/2898/1861
f 2182/2903/1871 2183/2912/1879 2177/2731/1865
f 2177/2731/1865 2183/2912/1879 2184/2904/1872
f 2178/2906/1873 2185/2909/1876 2179/2896/1866
f 2179/2737/1866 2185/5301/1876 2180/2776/1868
f 2181/2899/1869 2187/2910/1877 2176/2900/1870
f 2176/2900/1870 2187/2910/1877 2182/2901/1871
f 2184/2905/1872 2188/2908/1875 2178/2906/1873
f 2185/5301/1876 2186/2770/1874 2180/2776/1868
f 2186/2770/1874 2189/2821/1883 2181/2907/1869
f 2181/2899/1869 2189/2915/1883 2187/2910/1877
f 2190/2825/1878 2191/2913/1880 2183/2912/1879
f 2191/2913/1880 2192/5302/1881 2184/2904/1872
f 2188/2908/1875 2193/2918/1886 2185/2909/1876
f 2185/5301/1876 2193/2771/1886 2186/2770/1874
f 2195/2916/1884 2196/2929/1892 2190/2911/1878
f 2190/2825/1878 2196/5290/1892 2191/2913/1880
f 2197/2917/1885 2198/2933/1889 2193/2918/1886
f 2193/2919/1886 2198/2926/1889 2194/2807/1882
f 2196/2871/1892 2200/2931/1893 2191/2922/1880
f 2191/2922/1880 2200/2931/1893 2201/2923/1888
f 2199/2920/1887 2202/2934/1894 2203/2935/1890
f 2203/2927/1890 2051/2729/1744 2195/2916/1884
f 2195/2916/1884 2051/2729/1744 2204/2928/1891
f 2201/2925/1888 2205/2938/1897 2197/2917/1885
f 2197/2917/1885 2205/2938/1897 2202/2932/1894
f 2200/2931/1893 2053/2732/1746 2207/2936/1896
f 2202/2934/1894 2056/2738/1750 2206/2786/1895
f 2049/2726/1741 2050/2725/1740 2203/2935/1890
f 2051/2729/1744 2052/2728/1743 2204/2928/1891
f 2053/2732/1746 2054/2733/1747 2207/2936/1896
f 2054/2940/1747 2055/2734/1748 2205/2938/1897
f 2205/2938/1897 2055/2734/1748 2056/2736/1750
f 2056/2738/1750 2049/2726/1741 2206/2786/1895
s 0
f 2552/5488/3163 2558/5489/3163 2557/3419/3163
f 2557/3419/3164 2556/5490/3164 2555/3420/3164
f 2555/3420/3165 2554/5491/3165 2553/3421/3165
f 2553/3421/3166 2552/5488/3166 2557/3419/3166
f 2558/5489/3167 2552/5488/3167 2559/3421/3167
f 2559/3421/3168 2554/5491/3168 2555/3420/3168
f 2555/3420/3169 2556/5490/3169 2560/3419/3169
f 2560/3419/3170 2558/5489/3170 2559/3421/3170
f 2553/3427/504 2559/3426/504 2552/5492/504
f 2557/5493/532 2560/5494/532 2556/5495/532
s 1
f 3067/4128/2457 3052/4133/2459 3050/4129/2458
f 3053/4113/2443 3056/4117/2447 3055/4116/2446
f 3056/4117/2447 3058/5663/2449 3057/4118/2448
f 3058/4119/2449 3060/4122/2451 3059/4120/2450
f 3060/4122/2451 3062/4124/2453 3061/4123/2452
f 3062/4124/2453 3064/4126/2455 3063/4125/2454
f 3064/4126/2455 3066/5664/3266 3065/4127/2456
f 3066/5664/3266 3067/5665/2457 3065/4127/2456
f 3052/4133/2459 3053/4113/2443 3051/4115/2445
f 3067/5666/2457 3066/5667/3266 3062/4132/2453
f 3066/5667/3266 3064/5668/2455 3062/4132/2453
f 3053/4131/2443 3052/5669/2459 3062/4132/2453
f 3052/5669/2459 3067/5666/2457 3062/4132/2453
f 3062/4132/2453 3060/5670/2451 3058/5671/2449
f 3058/5671/2449 3056/4130/2447 3062/4132/2453
f 3050/5672/2458 3051/5673/2445 3054/4134/2444
f 3057/4135/2448 3059/5674/2450 3063/4136/2454
f 3059/5674/2450 3061/5675/2452 3063/4136/2454
f 3054/4134/2444 3055/5676/2446 3057/4135/2448
f 3063/4136/2454 3065/5677/2456 3050/5672/2458
f 3050/5672/2458 3054/4134/2444 3063/4136/2454
s 0
f 3442/4677/3355 3438/5855/3355 3437/4678/3355
f 3444/4680/3356 3442/5856/3356 3441/4681/3356
f 3440/4683/3357 3438/5857/3357 3442/4684/3357
f 3438/4686/3358 3440/5858/3358 3439/4687/3358
f 3440/4689/3359 3444/5859/3359 3443/4690/3359
f 3443/4692/3360 3441/5860/3360 3437/4693/3360
f 3450/4695/3355 3446/5861/3355 3445/4696/3355
f 3452/4698/3356 3450/5856/3356 3449/4699/3356
f 3448/4701/3357 3446/5862/3357 3450/4702/3357
f 3446/4704/3358 3448/5863/3358 3447/4705/3358
f 3448/4707/3359 3452/5864/3359 3451/4708/3359
f 3451/4709/3360 3449/5865/3360 3445/4710/3360
f 3458/4712/3355 3454/5866/3355 3453/4713/3355
f 3460/4715/3356 3458/5856/3356 3457/4716/3356
f 3456/4717/3357 3454/5867/3357 3458/4718/3357
f 3454/4719/3358 3456/5868/3358 3455/4687/3358
f 3456/4689/3359 3460/5869/3359 3459/4690/3359
f 3459/4692/3360 3457/5870/3360 3453/4721/3360
f 3466/4723/3355 3462/5871/3355 3461/4724/3355
f 3468/4726/3361 3466/5872/3361 3465/4727/3361
f 3464/4729/3357 3462/5873/3357 3466/4730/3357
f 3462/4732/3358 3464/5874/3358 3463/4733/3358
f 3464/4735/3359 3468/5875/3359 3467/4708/3359
f 3467/4737/3360 3465/5876/3360 3461/4738/3360
f 3474/4712/3355 3470/5866/3355 3469/4713/3355
f 3476/4715/3356 3474/5856/3356 3473/4716/3356
f 3472/4717/3357 3470/5867/3357 3474/4718/3357
f 3470/4719/3358 3472/5868/3358 3471/4687/3358
f 3472/4689/3359 3476/5869/3359 3475/4690/3359
f 3475/4692/3360 3473/5870/3360 3469/4721/3360
f 3482/4723/3355 3478/5871/3355 3477/4724/3355
f 3484/4726/3361 3482/5872/3361 3481/4727/3361
f 3480/4729/3357 3478/5873/3357 3482/4730/3357
f 3478/4732/3358 3480/5874/3358 3479/4733/3358
f 3480/4735/3359 3484/5875/3359 3483/4708/3359
f 3483/4737/3360 3481/5876/3360 3477/4738/3360
usemtl screen
f 2770/3684/504 2772/3685/504 2769/3686/504
f 2826/3684/510 2828/3685/510 2825/3686/510
f 2770/3684/504 2771/5555/504 2772/3685/504
f 2826/3684/510 2827/5555/510 2828/3685/510
l 866 869
l 866 870
l 869 870
l 864 869
l 865 869
l 864 865
l 864 866
l 864 867
l 866 867
l 866 871
l 870 871
l 868 870
l 868 869
