# Blender 4.3.2
# www.blender.org
mtllib SM_TeleporterHub_LOD2.mtl
o SM_TeleporterHub.001
v -158.706528 -298.561005 0.630521
v -159.175674 -299.418823 2.254269
v -157.417480 -298.859344 13.506460
v -159.401276 -298.293243 12.794134
v -158.859344 -299.506470 11.417440
v -159.401276 298.293274 1.205864
v -158.859360 299.506470 2.582545
v -157.417480 298.859375 0.493541
v -158.706528 298.561005 13.369478
v -159.175674 299.418823 11.745725
v 139.401276 -298.293274 1.205864
v 138.859360 -299.506470 2.582545
v 137.417480 -298.859375 0.493541
v 138.706528 -298.561005 13.369479
v 139.175674 -299.418823 11.745725
v 138.706528 298.561005 0.630521
v 139.175674 299.418823 2.254275
v 139.401276 298.293274 12.794136
v 138.859360 299.506470 11.417456
v 137.417480 298.859375 13.506458
v -151.396439 -291.473785 13.526242
v -151.490738 -291.415955 20.415909
v -151.490738 291.415924 13.584089
v -151.396439 291.473785 20.473757
v 131.490738 -291.415924 13.584089
v 131.396439 -291.473785 20.473757
v 131.396439 291.473785 13.526243
v 131.490738 291.415924 20.415911
v -137.773666 -277.802673 20.697338
v -137.809021 -277.781006 23.280968
v -137.809021 277.780945 20.719036
v -137.773666 277.802673 23.302662
v 117.809021 -277.780945 20.719036
v 117.773666 -277.802673 23.302662
v 117.773666 277.802673 20.697338
v 117.809021 277.780975 23.280962
v -141.576096 -296.472107 15.450370
v -141.911194 -297.084869 16.610229
v -142.072342 -296.280853 30.138662
v -141.626907 -296.909393 30.342524
v -142.072342 -283.719147 15.861340
v -141.626907 -283.090637 15.657480
v -141.576096 -283.527893 30.549627
v -141.911194 -282.915161 29.389780
v 122.072342 -296.280853 15.861340
v 121.626907 -296.909393 15.657478
v 121.576096 -296.472107 30.549631
v 121.911194 -297.084869 29.389772
v 121.576096 -283.527893 15.450374
v 121.911194 -282.915161 16.610222
v 121.015533 -283.001343 30.431143
v 122.049637 -283.527893 30.076092
v -118.924561 -298.134216 20.565779
v -118.936340 -298.126984 25.426994
v -118.936340 -297.273041 20.573009
v -118.924553 -297.265808 25.434219
v 98.936340 -298.126984 20.573006
v 98.924561 -298.134216 25.434223
v 98.924553 -297.265808 20.565781
v 98.936340 -297.273041 25.426992
v -90.010033 -287.659058 31.073339
v -89.989975 -287.659058 32.926662
v -88.355919 -288.340546 31.059767
v -88.339203 -288.354095 32.934143
v -87.659027 -289.989990 31.073334
v -87.664032 -290.010895 32.940239
v -88.341621 -291.642548 31.054705
v -88.355927 -291.659485 32.940231
v -89.989975 -292.340973 31.073341
v -90.010033 -292.340973 32.926659
v -91.644081 -291.659485 31.059771
v -91.660797 -291.645935 32.934143
v -92.340981 -290.010040 31.073334
v -92.335976 -289.989136 32.940239
v -91.658386 -288.357483 31.054705
v -91.644089 -288.340546 32.940231
v -0.010027 -287.659058 31.073338
v 0.010027 -287.659058 32.926662
v 1.644088 -288.340546 31.059769
v 1.660799 -288.354095 32.934143
v 2.340977 -289.989990 31.073338
v 2.335970 -290.010895 32.940235
v 1.658389 -291.642517 31.054707
v 1.644073 -291.659485 32.940231
v 0.010025 -292.340973 31.073339
v -0.010025 -292.340973 32.926662
v -1.644072 -291.659485 31.059771
v -1.660803 -291.645935 32.934139
v -2.340975 -290.010040 31.073338
v -2.335971 -289.989136 32.940235
v -1.658383 -288.357483 31.054707
v -1.644086 -288.340546 32.940231
v 89.989975 -287.659058 31.073339
v 90.010025 -287.659058 32.926662
v 91.644089 -288.340546 31.059769
v 91.660797 -288.354095 32.934143
v 92.340973 -289.989990 31.073334
v 92.335968 -290.010895 32.940239
v 91.658379 -291.642517 31.054707
v 91.644081 -291.659485 32.940231
v 90.010025 -292.340973 31.073341
v 89.989975 -292.340973 32.926659
v 88.355927 -291.659485 31.059769
v 88.339203 -291.645935 32.934143
v 87.659027 -290.010040 31.073334
v 87.664032 -289.989136 32.940239
v 88.341621 -288.357483 31.054705
v 88.355919 -288.340546 32.940235
v -141.576096 283.527893 15.450374
v -141.911194 282.915161 16.610222
v -141.015533 283.001343 30.431143
v -142.049637 283.527893 30.076092
v -142.072342 296.280853 15.861340
v -141.626907 296.909393 15.657478
v -141.576096 296.472107 30.549631
v -141.911194 297.084869 29.389772
v 122.072342 283.719147 15.861340
v 121.626907 283.090637 15.657480
v 121.576096 283.527893 30.549627
v 121.911194 282.915161 29.389780
v 121.576096 296.472107 15.450370
v 121.911194 297.084869 16.610229
v 122.072342 296.280853 30.138662
v 121.626907 296.909393 30.342524
v -118.924553 297.265808 20.565781
v -118.936340 297.273041 25.426992
v -118.936340 298.126984 20.573006
v -118.924561 298.134216 25.434223
v 98.936340 297.273041 20.573009
v 98.924553 297.265808 25.434219
v 98.924561 298.134216 20.565779
v 98.936340 298.126984 25.426994
v -90.010033 292.340973 31.073339
v -89.989975 292.340973 32.926659
v -88.355927 291.659485 31.059769
v -88.339211 291.645935 32.934143
v -87.659027 290.010040 31.073334
v -87.664032 289.989136 32.940239
v -88.341621 288.357483 31.054705
v -88.355919 288.340546 32.940235
v -89.989975 287.659058 31.073339
v -90.010033 287.659058 32.926662
v -91.644089 288.340546 31.059769
v -91.660797 288.354095 32.934143
v -92.340981 289.989990 31.073336
v -92.335976 290.010895 32.940239
v -91.658379 291.642548 31.054707
v -91.644081 291.659485 32.940231
v -0.010025 292.340973 31.073339
v 0.010025 292.340973 32.926662
v 1.644077 291.659485 31.059771
v 1.660804 291.645935 32.934139
v 2.340977 290.010040 31.073338
v 2.335972 289.989136 32.940235
v 1.658384 288.357483 31.054707
v 1.644088 288.340546 32.940231
v 0.010027 287.659058 31.073338
v -0.010027 287.659058 32.926662
v -1.644085 288.340546 31.059769
v -1.660798 288.354095 32.934143
v -2.340976 289.989990 31.073338
v -2.335970 290.010895 32.940235
v -1.658388 291.642517 31.054707
v -1.644072 291.659485 32.940231
v 89.989983 292.340973 31.073341
v 90.010033 292.340973 32.926659
v 91.644081 291.659485 31.059771
v 91.660789 291.645935 32.934143
v 92.340973 290.010040 31.073334
v 92.335968 289.989136 32.940239
v 91.658386 288.357483 31.054705
v 91.644089 288.340546 32.940231
v 90.010025 287.659058 31.073339
v 89.989975 287.659058 32.926662
v 88.355919 288.340546 31.059767
v 88.339211 288.354095 32.934143
v 87.659027 289.989990 31.073334
v 87.664032 290.010895 32.940239
v 88.341621 291.642517 31.054705
v 88.355927 291.659485 32.940231
v -156.576096 -286.972107 15.450370
v -156.911194 -287.584869 16.610229
v -157.072342 -286.780853 30.138662
v -156.626907 -287.409393 30.342524
v -157.072342 286.780853 15.861340
v -156.626907 287.409393 15.657478
v -156.576096 286.972107 30.549631
v -156.911194 287.584869 29.389772
v -142.927673 -286.780853 15.861340
v -143.373108 -287.409393 15.657479
v -143.423920 -286.972107 30.549633
v -143.088806 -287.584869 29.389765
v -143.423920 286.972107 15.450368
v -143.088806 287.584869 16.610237
v -142.927673 286.780853 30.138662
v -143.373108 287.409393 30.342524
v -157.349121 -174.868439 31.131559
v -157.372696 -174.853973 32.853981
v -157.372696 -149.146027 31.146023
v -157.349121 -149.131561 32.868439
v -142.627319 -174.853973 31.146023
v -142.650894 -174.868439 32.868439
v -142.650894 -149.131577 31.131563
v -142.627319 -149.146027 32.853977
v -157.349121 149.131561 31.131563
v -157.372696 149.146027 32.853977
v -157.372696 174.853973 31.146021
v -157.349121 174.868439 32.868439
v -142.627319 149.146027 31.146025
v -142.650894 149.131577 32.868439
v -142.650894 174.868439 31.131559
v -142.627319 174.853973 32.853977
v 123.423920 -286.972107 15.450368
v 123.088806 -287.584869 16.610237
v 122.927673 -286.780853 30.138662
v 123.373108 -287.409393 30.342524
v 122.927673 286.780853 15.861340
v 123.373108 287.409393 15.657479
v 123.423920 286.972107 30.549633
v 123.088806 287.584869 29.389765
v 137.072342 -286.780853 15.861340
v 136.626907 -287.409393 15.657478
v 136.576096 -286.972107 30.549631
v 136.911194 -287.584869 29.389772
v 136.576096 286.972107 15.450370
v 136.911194 287.584869 16.610229
v 137.072342 286.780853 30.138662
v 136.626907 287.409393 30.342524
v 122.650894 -174.868439 31.131559
v 122.627319 -174.853973 32.853977
v 122.627319 -149.146027 31.146025
v 122.650894 -149.131577 32.868439
v 137.372696 -174.853973 31.146021
v 137.349121 -174.868439 32.868439
v 137.349121 -149.131561 31.131563
v 137.372696 -149.146027 32.853977
v 122.650894 149.131577 31.131563
v 122.627319 149.146027 32.853977
v 122.627319 174.853973 31.146023
v 122.650894 174.868439 32.868439
v 137.372696 149.146027 31.146023
v 137.349121 149.131561 32.868439
v 137.349121 174.868439 31.131559
v 137.372696 174.853973 32.853981
v -151.500000 -291.500000 11.000000
v -151.500000 -295.500000 15.000000
v -153.875183 -293.726959 12.293720
v -154.794952 -293.870483 14.689331
v -153.634842 -292.191254 38.345299
v -155.500000 -291.500000 35.000000
v -153.376160 -294.147034 37.518505
v -153.870483 -294.794952 35.310677
v -155.500000 -264.500000 15.000000
v -154.018509 -262.623840 12.352972
v -153.870483 -261.205078 14.689350
v -151.810669 -262.129547 11.705053
v -151.500000 -264.500000 39.000000
v -151.500000 -260.500000 35.000000
v -153.875183 -262.273071 37.706284
v -154.794952 -262.129547 35.310654
v -120.500000 -291.500000 15.000000
v -124.500000 -295.500000 15.000000
v -121.793724 -293.726959 12.624819
v -124.189323 -293.870483 11.705061
v -124.500000 -291.500000 39.000000
v -124.500000 -295.500000 35.000000
v -122.124825 -293.726959 37.706280
v -121.205063 -293.870483 35.310669
v -124.500000 -264.500000 11.000000
v -124.500000 -260.500000 15.000000
v -122.124825 -262.273071 12.293716
v -121.205055 -262.129547 14.689352
v -120.500000 -264.500000 35.000000
v -121.981499 -262.623871 37.647030
v -122.129524 -261.205078 35.310646
v -124.189339 -262.129547 38.294945
v -151.122772 -291.171112 35.828903
v -151.181702 -291.134949 40.134945
v -151.181702 -264.865082 35.865055
v -151.122772 -264.828918 40.171097
v -124.818298 -291.134949 35.865059
v -124.877228 -291.171112 40.171101
v -124.877228 -264.828918 35.828903
v -124.818298 -264.865082 40.134949
v -138.106522 -268.190735 40.315197
v -137.868927 -268.234711 43.775185
v -134.307770 -268.864532 40.415417
v -134.147705 -268.978180 43.684799
v -131.014633 -271.231567 43.857117
v -131.243729 -271.025879 40.099464
v -128.917969 -274.165588 40.433743
v -128.896637 -274.344604 43.684803
v -128.190735 -277.893463 40.315201
v -128.216400 -278.120880 43.737556
v -128.864502 -281.692230 40.415413
v -129.130035 -282.000763 43.847404
v -130.874390 -284.652985 40.173702
v -131.100403 -285.041656 43.562996
v -134.138611 -286.944061 40.174725
v -134.344574 -287.103363 43.684803
v -137.893478 -287.809265 40.315205
v -138.131119 -287.765289 43.775181
v -141.632355 -287.085144 40.262447
v -141.852280 -287.021820 43.684803
v -144.906509 -284.846191 40.118946
v -144.990219 -284.785522 43.825275
v -147.070557 -281.849030 40.415424
v -147.122223 -281.438080 43.815502
v -147.809280 -278.106537 40.315201
v -147.857956 -277.899567 43.563004
v -147.135513 -274.307800 40.415424
v -147.021820 -274.147736 43.684795
v -144.776123 -271.012451 43.842793
v -144.975235 -271.239136 40.105843
v -141.834427 -268.917969 40.433743
v -141.655441 -268.896667 43.684803
v -138.017334 -273.643921 43.140732
v -137.981384 -273.654602 46.883785
v -134.236176 -275.806946 43.140724
v -134.213043 -275.832611 46.842686
v -134.213028 -280.167419 43.157318
v -134.236176 -280.193085 46.859272
v -137.981384 -282.345428 43.116219
v -138.017334 -282.356110 46.859268
v -141.770508 -280.195923 43.157322
v -141.781158 -280.163055 46.859280
v -141.781143 -275.836975 43.140720
v -141.770508 -275.804077 46.842686
v -151.500000 264.500000 11.000000
v -151.500000 260.500000 15.000000
v -153.875183 262.273071 12.293716
v -154.794952 262.129547 14.689351
v -155.500000 264.500000 35.000000
v -151.810669 262.129547 38.294945
v -154.018509 262.623840 37.647030
v -153.870483 261.205078 35.310654
v -153.634842 292.191254 11.654703
v -155.500000 291.500000 15.000000
v -153.376160 294.147034 12.481497
v -153.870483 294.794952 14.689326
v -151.500000 291.500000 39.000000
v -151.500000 295.500000 35.000000
v -153.875183 293.726959 37.706280
v -154.794937 293.870483 35.310669
v -120.500000 264.500000 15.000000
v -121.981499 262.623871 12.352972
v -122.129524 261.205078 14.689358
v -124.189346 262.129547 11.705053
v -124.500000 264.500000 39.000000
v -124.500000 260.500000 35.000000
v -122.124825 262.273071 37.706284
v -121.205055 262.129547 35.310654
v -124.500000 291.500000 11.000000
v -124.500000 295.500000 15.000000
v -122.124825 293.726959 12.293720
v -121.205063 293.870483 14.689331
v -122.365173 292.191254 38.345299
v -120.500000 291.500000 35.000000
v -122.623840 294.147034 37.518501
v -122.129532 294.794952 35.310669
v -151.122772 264.828918 35.828903
v -151.181702 264.865082 40.134945
v -151.181702 291.134949 35.865059
v -151.122772 291.171112 40.171101
v -124.818298 264.865082 35.865055
v -124.877228 264.828918 40.171097
v -124.877228 291.171112 35.828903
v -124.818298 291.134949 40.134945
v -138.106537 287.809296 40.315205
v -134.039139 286.867462 43.926533
v -137.915161 287.853058 43.584583
v -134.367645 287.085144 40.262447
v -131.167419 285.003540 40.262451
v -130.981888 284.923309 43.566254
v -129.065643 281.862549 40.157207
v -128.896637 281.655426 43.684803
v -128.190720 278.106537 40.315201
v -128.216400 277.879150 43.737556
v -128.914856 274.367676 40.262447
v -129.007385 274.144318 43.737556
v -130.996460 271.167450 40.262451
v -131.202728 271.006470 43.803368
v -134.138580 269.055969 40.174721
v -134.344574 268.896667 43.684803
v -137.893494 268.190735 40.315201
v -138.131088 268.234711 43.775185
v -141.632370 268.914886 40.262447
v -141.852264 268.978180 43.684803
v -144.832581 270.996460 40.262455
v -145.100647 271.354401 43.869423
v -146.934357 274.137482 40.157207
v -147.135513 274.307800 43.584579
v -147.809280 277.893463 40.315201
v -147.783615 278.120880 43.737553
v -147.085144 281.632355 40.262451
v -147.021820 281.852295 43.684795
v -144.844360 284.916138 40.128971
v -144.776154 284.987549 43.842793
v -141.848984 287.070557 40.415417
v -141.655426 287.103363 43.684799
v -138.017334 282.356110 43.140732
v -137.981384 282.345428 46.883781
v -134.236176 280.193085 43.140728
v -134.213028 280.167419 46.842682
v -134.213043 275.832611 43.157318
v -134.236176 275.806946 46.859276
v -137.981384 273.654602 43.116219
v -138.017334 273.643921 46.859272
v -141.770508 275.804077 43.157318
v -141.781143 275.836975 46.859280
v -141.781158 280.163055 43.140724
v -141.770508 280.195923 46.842682
v 104.500000 -291.500000 11.000000
v 104.500000 -295.500000 15.000000
v 102.124825 -293.726959 12.293720
v 101.205063 -293.870483 14.689331
v 102.365173 -292.191254 38.345299
v 100.500000 -291.500000 35.000000
v 102.623840 -294.147034 37.518501
v 102.129532 -294.794952 35.310669
v 100.500000 -264.500000 15.000000
v 101.981499 -262.623871 12.352972
v 102.129524 -261.205078 14.689358
v 104.189346 -262.129547 11.705053
v 104.500000 -264.500000 39.000000
v 104.500000 -260.500000 35.000000
v 102.124825 -262.273071 37.706284
v 101.205055 -262.129547 35.310654
v 133.634842 -292.191254 11.654703
v 135.500000 -291.500000 15.000000
v 133.376160 -294.147034 12.481497
v 133.870483 -294.794952 14.689326
v 131.500000 -291.500000 39.000000
v 131.500000 -295.500000 35.000000
v 133.875183 -293.726959 37.706280
v 134.794937 -293.870483 35.310669
v 131.500000 -264.500000 11.000000
v 131.500000 -260.500000 15.000000
v 133.875183 -262.273071 12.293716
v 134.794952 -262.129547 14.689351
v 135.500000 -264.500000 35.000000
v 134.018509 -262.623840 37.647030
v 133.870483 -261.205078 35.310654
v 131.810669 -262.129547 38.294945
v 104.877228 -291.171112 35.828903
v 104.818298 -291.134949 40.134945
v 104.818298 -264.865082 35.865055
v 104.877228 -264.828918 40.171097
v 131.181702 -291.134949 35.865059
v 131.122772 -291.171112 40.171101
v 131.122772 -264.828918 35.828903
v 131.181702 -264.865082 40.134945
v 117.893494 -268.190735 40.315201
v 118.131088 -268.234711 43.775185
v 121.632370 -268.914886 40.262447
v 121.852264 -268.978180 43.684803
v 124.832581 -270.996460 40.262455
v 125.100647 -271.354401 43.869423
v 126.934357 -274.137482 40.157207
v 127.135513 -274.307800 43.584579
v 127.809280 -277.893463 40.315201
v 127.783615 -278.120880 43.737553
v 127.085144 -281.632355 40.262451
v 127.021820 -281.852295 43.684795
v 124.844360 -284.916138 40.128971
v 124.776154 -284.987549 43.842793
v 121.848984 -287.070557 40.415417
v 121.655426 -287.103363 43.684799
v 118.106537 -287.809296 40.315205
v 117.868904 -287.765289 43.775177
v 114.367638 -287.085144 40.262447
v 114.147728 -287.021820 43.684799
v 111.167412 -285.003540 40.262451
v 109.022690 -281.747253 43.862411
v 110.981888 -284.923309 43.566254
v 109.065651 -281.862549 40.157207
v 108.190720 -278.106537 40.315201
v 108.216393 -277.879150 43.737556
v 108.914864 -274.367676 40.262447
v 108.978180 -274.147736 43.684803
v 110.996468 -271.167450 40.262451
v 111.223885 -271.012451 43.842793
v 114.138588 -269.055969 40.174721
v 114.344566 -268.896667 43.684803
v 117.982674 -273.643921 43.140732
v 118.018616 -273.654602 46.883785
v 121.763824 -275.806946 43.140724
v 121.786972 -275.832611 46.842690
v 121.786972 -280.167419 43.157314
v 121.763809 -280.193085 46.859276
v 118.018616 -282.345428 43.116219
v 117.982674 -282.356110 46.859268
v 114.229492 -280.195923 43.157322
v 114.218857 -280.163055 46.859276
v 114.218857 -275.836975 43.140724
v 114.229492 -275.804077 46.842686
v 104.500000 264.500000 11.000000
v 104.500000 260.500000 15.000000
v 102.124825 262.273071 12.293716
v 101.205055 262.129547 14.689352
v 100.500000 264.500000 35.000000
v 104.189339 262.129547 38.294945
v 101.981499 262.623871 37.647030
v 102.129524 261.205078 35.310646
v 100.500000 291.500000 15.000000
v 104.500000 295.500000 15.000000
v 101.793724 293.726959 12.624819
v 104.189323 293.870483 11.705061
v 104.500000 291.500000 39.000000
v 104.500000 295.500000 35.000000
v 102.124825 293.726959 37.706280
v 101.205063 293.870483 35.310669
v 135.500000 264.500000 15.000000
v 134.018509 262.623840 12.352972
v 133.870483 261.205078 14.689350
v 131.810669 262.129547 11.705053
v 131.500000 264.500000 39.000000
v 131.500000 260.500000 35.000000
v 133.875183 262.273071 37.706284
v 134.794952 262.129547 35.310654
v 131.500000 291.500000 11.000000
v 131.500000 295.500000 15.000000
v 133.875183 293.726959 12.293720
v 134.794952 293.870483 14.689331
v 133.634842 292.191254 38.345299
v 135.500000 291.500000 35.000000
v 133.376160 294.147034 37.518505
v 133.870483 294.794952 35.310677
v 104.877228 264.828918 35.828903
v 104.818298 264.865082 40.134949
v 104.818298 291.134949 35.865059
v 104.877228 291.171112 40.171101
v 131.181702 264.865082 35.865055
v 131.122772 264.828918 40.171097
v 131.122772 291.171112 35.828903
v 131.181702 291.134949 40.134945
v 117.893478 287.809265 40.315205
v 118.131119 287.765289 43.775181
v 121.632355 287.085144 40.262447
v 121.852280 287.021820 43.684803
v 124.906509 284.846191 40.118946
v 124.990219 284.785522 43.825275
v 127.070557 281.849030 40.415424
v 127.122223 281.438080 43.815502
v 127.809280 278.106537 40.315201
v 127.857956 277.899567 43.563004
v 127.135513 274.307800 40.415424
v 127.021820 274.147736 43.684795
v 124.776123 271.012451 43.842793
v 124.975235 271.239136 40.105843
v 121.834427 268.917969 40.433743
v 121.655441 268.896667 43.684803
v 118.106522 268.190735 40.315197
v 117.868927 268.234711 43.775185
v 114.307777 268.864532 40.415417
v 114.147713 268.978180 43.684799
v 111.009796 271.214478 43.825275
v 111.243729 271.025879 40.099464
v 108.917976 274.165588 40.433743
v 108.914864 274.367676 43.737556
v 108.190727 277.893463 40.315201
v 108.216393 278.120880 43.737556
v 108.864510 281.692230 40.415413
v 108.978180 281.852295 43.684803
v 110.874397 284.652985 40.173702
v 111.223854 284.987549 43.842793
v 114.138611 286.944061 40.174725
v 114.344566 287.103363 43.684803
v 117.982674 282.356110 43.140732
v 118.018616 282.345428 46.883785
v 121.763824 280.193085 43.140728
v 121.786972 280.167419 46.842686
v 121.786972 275.832611 43.157314
v 121.763824 275.806946 46.859276
v 118.018616 273.654602 43.116215
v 117.982674 273.643921 46.859268
v 114.229492 275.804077 43.157318
v 114.218857 275.836975 46.859276
v 114.218857 280.163055 43.140724
v 114.229492 280.195923 46.842682
v -67.716095 -132.472137 32.450371
v -68.051193 -133.084869 33.610199
v -68.212341 -132.280884 233.138672
v -67.766899 -132.909393 233.342529
v -68.212341 -116.719116 32.861336
v -67.766907 -116.090614 32.657475
v -67.716095 -116.527870 233.549637
v -68.051193 -115.915146 232.389801
v -52.124458 -132.998688 32.568855
v -51.090374 -132.472137 32.923908
v -51.563911 -132.472137 233.549637
v -51.228809 -133.084869 232.389801
v -51.563908 -116.527863 32.450371
v -51.228809 -115.915146 33.610199
v -51.067665 -116.719124 233.138672
v -51.513096 -116.090614 233.342529
v -50.262772 -134.171097 64.328911
v -50.321705 -134.134933 225.634933
v -50.321705 -114.865067 64.365067
v -50.262772 -114.828911 225.671097
v -44.958298 -134.134933 64.365067
v -45.017231 -134.171097 225.671097
v -45.017231 -114.828911 64.328903
v -44.958298 -114.865067 225.634933
v -127.716095 -129.472137 33.450371
v -128.051193 -130.084869 34.610199
v -128.212341 -129.280884 234.138672
v -127.766907 -129.909393 234.342529
v -128.212341 -119.719116 33.861336
v -127.766914 -119.090614 33.657475
v -127.716095 -119.527870 234.549637
v -128.051193 -118.915146 233.389801
v -118.124458 -129.998688 33.568855
v -117.090370 -129.472137 33.923908
v -117.563911 -129.472137 234.549637
v -117.228806 -130.084869 233.389786
v -117.563904 -119.527863 33.450371
v -117.228806 -118.915146 34.610207
v -117.067665 -119.719124 234.138672
v -117.513100 -119.090614 234.342529
v -44.522015 -121.802513 65.012344
v -42.745541 -121.807938 64.987000
v -44.552841 -123.145882 62.682522
v -42.745544 -123.165230 62.662106
v -44.522015 -125.838051 62.657738
v -42.745544 -125.857292 62.675106
v -44.534458 -127.192070 64.987007
v -42.757988 -127.197487 65.012344
v -44.534454 -125.857292 67.324898
v -42.727158 -125.829933 67.331444
v -44.534454 -123.165230 67.337898
v -42.757988 -123.140572 67.329918
v -44.534458 -121.807938 145.013000
v -42.727158 -121.815948 144.986038
v -44.534454 -123.142715 142.675110
v -42.757992 -123.161949 142.657745
v -44.522011 -125.838058 142.657745
v -42.745548 -125.857292 142.675110
v -44.552841 -127.184059 144.986038
v -42.745544 -127.192070 145.013000
v -44.522007 -125.859436 147.329926
v -42.745544 -125.834778 147.337906
v -44.534454 -123.165230 147.337891
v -42.757992 -123.140572 147.329926
v -44.534458 -121.807938 225.013000
v -42.727158 -121.815948 224.986038
v -44.534454 -123.142708 222.675110
v -42.757992 -123.161949 222.657745
v -44.522007 -125.838058 222.657745
v -42.745548 -125.857292 222.675110
v -44.552841 -127.184059 224.986038
v -42.745544 -127.192070 225.013000
v -44.522007 -125.859444 227.329926
v -42.745544 -125.834778 227.337906
v -44.534454 -123.165222 227.337891
v -42.757992 -123.140564 227.329926
v -67.716095 11.527861 32.450371
v -68.051193 10.915142 33.610191
v -68.212341 11.719118 233.138672
v -67.766907 11.090611 233.342529
v -68.212341 27.280890 32.861336
v -67.766907 27.909391 32.657475
v -67.716095 27.472137 233.549637
v -68.051193 28.084860 232.389801
v -51.067665 11.719114 32.861336
v -51.513092 11.090611 32.657475
v -51.563908 11.527864 233.549637
v -51.228809 10.915141 232.389801
v -51.563908 27.472141 32.450371
v -51.228809 28.084860 33.610191
v -51.067665 27.280882 233.138672
v -51.513096 27.909391 233.342529
v -50.262772 9.828906 64.328903
v -50.321705 9.865059 225.634933
v -50.321705 29.134943 64.365067
v -50.262772 29.171095 225.671097
v -44.958298 9.865059 64.365067
v -45.017231 9.828906 225.671097
v -45.017231 29.171095 64.328903
v -44.958298 29.134941 225.634933
v -127.716095 14.527861 33.450371
v -128.051193 13.915141 34.610191
v -128.224854 14.088811 233.389801
v -127.658752 14.381922 234.478577
v -128.224854 24.911190 34.610199
v -127.658752 24.618082 33.521423
v -127.716095 24.472137 234.549637
v -128.051193 25.084860 233.389801
v -118.124451 14.001323 33.568855
v -117.090370 14.527860 33.923904
v -117.563904 14.527864 234.549637
v -117.228813 13.915141 233.389801
v -117.563904 24.472139 33.450371
v -117.228806 25.084860 34.610195
v -117.067665 24.280882 234.138672
v -117.513100 24.909391 234.342529
v -44.522011 22.197489 65.012344
v -42.745544 22.192066 64.987000
v -44.552841 20.854120 62.682522
v -42.745544 20.834776 62.662106
v -44.522015 18.161949 62.657738
v -42.745544 18.142712 62.675106
v -44.534454 16.807934 64.987000
v -42.757988 16.802513 65.012344
v -44.534454 18.142712 67.324898
v -42.727158 18.170065 67.331444
v -44.534454 20.834776 67.337898
v -42.757988 20.859436 67.329926
v -44.534454 22.192068 145.013000
v -42.727161 22.184059 144.986038
v -44.534454 20.857290 142.675110
v -42.757992 20.838057 142.657745
v -44.522007 18.161945 142.657745
v -42.745548 18.142712 142.675110
v -44.552841 16.815943 144.986038
v -42.745544 16.807934 145.013000
v -44.522007 18.140566 147.329926
v -42.745544 18.165222 147.337906
v -44.534454 20.834780 147.337906
v -42.757992 20.859436 147.329926
v -44.534454 22.192068 225.013000
v -42.727161 22.184059 224.986038
v -44.534451 20.857292 222.675110
v -42.757996 20.838057 222.657730
v -44.522007 18.161945 222.657730
v -42.745548 18.142710 222.675110
v -44.552841 16.815943 224.986038
v -42.745544 16.807934 225.013000
v -44.522007 18.140562 227.329926
v -42.745548 18.165220 227.337906
v -44.534451 20.834782 227.337906
v -42.757992 20.859440 227.329926
v -83.977760 -18.789656 41.830822
v -83.302246 -18.789656 220.169174
v -86.834549 -20.065022 40.993843
v -77.323128 -19.375639 41.867481
v -69.038834 -23.228182 221.007858
v -76.669342 -19.505915 220.126007
v -71.164429 -21.273113 41.630394
v -70.436523 -21.451942 220.059311
v -65.192383 -24.283222 41.830822
v -64.630707 -24.658522 220.169174
v -60.445683 -28.336294 41.356449
v -59.513584 -28.939106 220.126007
v -55.824989 -33.433670 41.873989
v -55.457352 -34.247658 220.475113
v -52.639786 -39.226471 41.873989
v -52.439564 -40.318291 220.643555
v -53.812275 -40.144932 40.997459
v -50.643291 -45.592152 41.830822
v -50.511501 -46.254707 220.169174
v -49.902584 -52.183163 41.940701
v -50.066528 -52.981163 220.475113
v -50.489887 -58.686260 41.873993
v -53.812275 -64.855064 221.002548
v -50.643291 -59.407848 220.169174
v -52.333725 -65.034637 41.873989
v -52.639786 -65.773529 220.126007
v -52.085217 -61.109097 40.990833
v -55.423229 -70.947639 41.830822
v -55.824993 -71.566345 220.126007
v -59.564308 -75.975929 41.630394
v -60.594311 -76.872086 220.571304
v -64.573685 -80.315025 41.873989
v -65.127838 -80.685562 220.132523
v -70.218788 -83.210503 41.412994
v -71.549927 -83.703896 220.709076
v -76.669342 -85.494087 41.873993
v -77.323128 -85.624359 220.132523
v -83.302231 -86.210342 41.830822
v -89.938744 -84.165970 221.002121
v -83.977768 -86.210342 220.169174
v -83.640007 -84.785309 40.997459
v -89.956871 -85.624359 41.867477
v -90.610664 -85.494087 220.126007
v -96.043465 -83.701988 41.524891
v -96.913544 -83.500214 220.126007
v -101.926468 -80.541306 41.315430
v -102.794632 -80.002075 220.587006
v -107.237953 -76.575668 41.830818
v -107.766403 -76.060905 220.126022
v -111.288002 -71.552498 41.524891
v -111.833000 -70.827942 220.369614
v -114.655045 -65.712433 41.830826
v -115.304276 -58.798412 221.002823
v -114.913551 -65.088341 220.169174
v -116.302238 -59.626865 41.238029
v -116.790115 -58.686260 220.126007
v -117.264076 -52.924095 41.630398
v -117.360023 -52.100113 220.126007
v -116.560371 -46.216709 41.386906
v -112.908920 -37.900303 221.009171
v -116.667343 -45.607384 220.059296
v -114.913567 -39.911674 41.830826
v -114.655045 -39.287567 220.169174
v -111.867661 -34.019928 41.940701
v -111.515610 -33.493046 220.059311
v -107.715637 -28.902012 41.830822
v -107.237968 -28.424343 220.169174
v -106.596382 -29.543640 40.994862
v -102.646973 -24.624403 41.940704
v -94.010307 -21.487392 221.012222
v -102.120079 -24.272343 220.059296
v -96.913536 -21.499784 41.873989
v -96.297722 -21.244469 220.132523
v -90.610664 -19.505913 41.873993
v -89.956871 -19.375639 220.132523
v -83.852043 -11.687961 42.815197
v -83.379059 -11.731307 53.275185
v -75.942360 -12.463759 42.724819
v -75.469994 -12.513524 53.184803
v -68.217812 -14.713451 42.815197
v -67.771492 -14.987777 53.357121
v -61.105644 -18.415060 42.936993
v -60.780071 -18.720726 53.237556
v -54.629292 -23.829557 53.237556
v -54.967976 -23.580351 42.604759
v -49.763981 -29.661682 42.915409
v -49.588226 -30.002352 53.184807
v -46.015751 -36.685989 42.815197
v -45.890751 -37.185776 53.342796
v -43.744518 -44.260941 42.657204
v -43.570786 -44.745949 53.184803
v -42.827961 -52.287968 42.815197
v -42.871307 -52.760933 53.275185
v -43.603760 -60.197636 42.724819
v -43.653522 -60.670006 53.184803
v -45.853455 -67.922195 42.815197
v -49.678448 -74.998039 53.371891
v -45.959381 -68.290642 53.084591
v -49.602016 -74.897018 42.674721
v -54.631580 -81.208519 42.815201
v -54.969547 -81.510704 53.237553
v -60.773182 -86.252975 42.724819
v -61.142380 -86.551796 53.184803
v -67.825958 -90.124237 42.815201
v -75.550812 -92.420769 53.381882
v -68.161392 -90.309868 53.084591
v -75.385078 -92.374550 42.620857
v -83.427956 -93.312035 42.815197
v -83.880592 -93.286736 53.237556
v -91.337646 -92.536240 42.724819
v -91.809982 -92.486481 53.184807
v -99.062233 -90.286537 42.815201
v -99.512329 -90.004448 53.369053
v -106.174332 -86.584969 42.936993
v -106.499908 -86.279297 53.237556
v -112.650711 -81.170448 53.237553
v -112.312035 -81.419647 42.604763
v -117.516014 -75.338341 42.915413
v -117.691780 -74.997650 53.184803
v -121.264252 -68.314011 42.815201
v -121.385880 -67.804420 53.357121
v -123.520355 -60.750546 42.630951
v -123.709213 -60.254059 53.184803
v -124.452042 -52.712044 42.815201
v -124.426735 -52.259418 53.237556
v -123.689972 -44.778873 42.762447
v -123.596092 -44.306923 53.237556
v -121.211548 -36.717300 42.654186
v -121.161537 -36.636021 53.342796
v -117.703659 -29.942497 42.915409
v -117.456169 -29.649740 53.184803
v -112.648415 -23.791477 42.815201
v -112.310463 -23.489309 53.237556
v -106.512001 -18.766754 42.696629
v -106.099846 -18.453398 53.237556
v -99.454002 -14.875744 42.815197
v -98.966187 -14.746611 53.325283
v -91.890541 -12.619640 42.630951
v -91.394058 -12.430786 53.184803
v -43.597504 -49.264069 54.000000
v -44.302391 -48.001484 55.391468
v -45.654102 -48.758713 56.026413
v -47.054214 -52.500000 55.414215
v -47.601753 -49.587654 54.000000
v -47.125328 -48.324299 52.564671
v -45.599628 -55.574127 52.000000
v -44.302391 -48.001480 52.608536
v -48.641582 -41.280884 55.435333
v -47.258968 -41.054413 52.012730
v -46.573811 -37.641521 53.113621
v -48.735794 -33.994659 55.454918
v -51.644943 -31.121584 56.000004
v -50.549549 -38.142891 53.188824
v -50.381214 -30.277191 54.000000
v -55.581100 -28.799873 55.375980
v -55.293297 -30.056709 54.000000
v -55.534733 -28.840975 52.605488
v -54.285732 -28.049749 51.987095
v -53.089756 -27.428070 52.580784
v -58.703018 -21.003654 54.000000
v -57.997253 -22.348351 55.419136
v -65.641937 -18.828012 56.000004
v -65.795319 -20.918497 54.956245
v -66.786598 -19.866264 52.624023
v -68.961105 -17.062021 52.000000
v -64.372238 -17.925062 52.580872
v -68.590759 -15.504213 54.813274
v -72.796814 -18.033760 54.070286
v -75.401505 -13.425659 53.113621
v -79.634895 -13.197197 55.454918
v -83.094826 -14.089921 55.977901
v -76.502464 -16.617203 55.414215
v -80.680542 -15.878587 52.590351
v -83.639999 -12.500000 54.000000
v -87.881874 -16.004892 55.409653
v -86.552345 -16.461754 54.000000
v -86.714119 -14.459627 52.000000
v -87.645096 -13.197194 52.545086
v -95.688011 -14.204182 53.921913
v -95.083176 -14.522040 55.391117
v -94.289124 -17.394632 52.590431
v -107.369499 -21.141371 55.764793
v -101.035866 -20.217369 55.376438
v -97.416603 -19.240337 54.000000
v -104.205978 -19.998867 52.000000
v -101.859428 -17.365152 52.564564
v -109.377121 -21.600782 54.079185
v -110.414543 -24.954493 55.977901
v -106.542160 -24.593630 54.000000
v -103.965958 -22.080027 52.585785
v -112.144318 -29.195995 55.435658
v -112.445404 -29.693525 52.590351
v -114.347961 -27.394367 52.608883
v -116.880867 -30.489243 54.891827
v -115.433891 -35.206974 53.928738
v -116.977310 -33.921947 52.000000
v -122.152641 -40.817318 53.999996
v -121.483749 -41.159725 55.454922
v -119.961143 -40.782700 56.000004
v -118.768013 -41.973492 55.376438
v -118.585861 -42.773872 53.049137
v -121.483757 -41.159725 52.545086
v -121.689217 -48.752499 52.000000
v -123.523582 -52.500004 53.217670
v -123.106171 -56.461464 55.391121
v -121.503716 -59.607857 55.976486
v -120.294983 -56.110191 55.469696
v -119.567062 -56.038494 54.000000
v -120.269783 -56.107704 52.590557
v -122.892723 -59.841740 53.113621
v -120.021019 -63.945633 52.012730
v -119.396095 -70.813232 54.000008
v -118.261703 -71.709961 55.391468
v -116.039444 -69.677338 55.376438
v -115.584114 -69.574486 54.000004
v -115.993317 -69.793175 52.590431
v -118.214928 -71.767776 52.580868
v -111.185509 -79.274544 56.022099
v -112.573799 -76.283882 52.000435
v -109.171547 -83.610268 54.000000
v -108.694641 -83.029152 55.484131
v -106.990150 -80.952194 55.409447
v -106.542183 -80.406364 54.000000
v -108.599251 -83.123322 52.545090
v -100.933189 -84.853302 52.590431
v -101.663086 -86.218773 52.000004
v -98.902779 -89.347641 53.217678
v -98.216614 -88.543739 55.935745
v -94.166512 -87.628021 55.376438
v -97.416603 -85.759659 54.000000
v -91.878517 -91.574341 53.113621
v -87.645111 -91.802811 55.454918
v -87.382339 -90.496422 56.000000
v -86.811890 -88.492165 53.929718
v -87.340874 -89.771187 52.000435
v -83.639999 -92.500000 54.000000
v -80.611839 -89.127693 55.435329
v -79.252586 -88.507790 53.049137
v -79.766251 -91.830826 52.580788
v -75.599228 -91.621788 54.813278
v -68.914299 -88.051010 56.000004
v -69.444763 -88.194916 52.022102
v -64.352356 -87.709534 54.078094
v -65.596565 -87.729362 55.419132
v -66.289307 -84.960907 55.409451
v -66.281113 -84.188568 54.070282
v -66.786621 -85.133751 52.624023
v -64.947922 -87.470444 52.580650
v -55.362869 -80.777168 54.825954
v -54.408356 -76.996780 55.987274
v -55.214268 -75.668137 55.376438
v -55.687359 -75.440163 53.854160
v -55.293255 -76.899963 51.999176
v -53.016666 -77.459229 52.545086
v -50.381214 -74.722809 54.000000
v -48.432728 -70.614418 55.391468
v -51.263092 -68.856850 53.049137
v -46.792374 -67.762802 53.217670
v -47.163486 -63.855705 55.987099
v -48.393650 -63.191879 55.469696
v -44.548977 -60.275684 54.961922
v -48.191345 -59.551178 53.038082
v -45.472004 -60.433002 52.103767
v -83.852043 -11.687961 80.815201
v -83.379059 -11.731307 91.275185
v -75.942360 -12.463759 80.724823
v -75.469994 -12.513524 91.184807
v -68.217812 -14.713450 80.815201
v -67.771492 -14.987776 91.357124
v -61.105644 -18.415058 80.936996
v -60.780071 -18.720728 91.237556
v -54.629292 -23.829557 91.237556
v -54.967976 -23.580351 80.604759
v -49.763977 -29.661682 80.915413
v -49.588226 -30.002352 91.184807
v -46.015747 -36.685993 80.815201
v -45.890747 -37.185776 91.342796
v -43.744518 -44.260941 80.657204
v -43.570786 -44.745949 91.184807
v -42.827961 -52.287971 80.815201
v -42.871307 -52.760933 91.275185
v -43.603760 -60.197636 80.724823
v -43.653522 -60.670006 91.184807
v -45.853455 -67.922195 80.815201
v -49.678448 -74.998039 91.371895
v -45.959381 -68.290642 91.084595
v -49.602016 -74.897018 80.674721
v -54.631580 -81.208519 80.815201
v -54.969547 -81.510704 91.237556
v -60.773182 -86.252975 80.724823
v -61.142380 -86.551796 91.184807
v -67.825958 -90.124237 80.815201
v -75.550812 -92.420769 91.381882
v -68.161392 -90.309868 91.084595
v -75.385078 -92.374550 80.620857
v -83.427956 -93.312035 80.815201
v -83.880592 -93.286736 91.237556
v -91.337646 -92.536240 80.724823
v -91.809982 -92.486481 91.184807
v -99.062233 -90.286537 80.815201
v -99.512329 -90.004448 91.369057
v -106.174332 -86.584969 80.936996
v -106.499908 -86.279297 91.237556
v -112.650711 -81.170448 91.237556
v -112.312027 -81.419647 80.604759
v -117.516014 -75.338341 80.915413
v -117.691780 -74.997650 91.184807
v -121.264252 -68.314003 80.815201
v -121.385880 -67.804420 91.357124
v -123.520355 -60.750546 80.630951
v -123.709213 -60.254055 91.184807
v -124.452042 -52.712044 80.815201
v -124.426735 -52.259415 91.237556
v -123.689972 -44.778873 80.762451
v -123.596092 -44.306923 91.237556
v -121.211548 -36.717300 80.654190
v -121.161537 -36.636024 91.342796
v -117.703659 -29.942497 80.915413
v -117.456169 -29.649740 91.184807
v -112.648415 -23.791477 80.815201
v -112.310463 -23.489309 91.237556
v -106.512001 -18.766754 80.696632
v -106.099846 -18.453398 91.237556
v -99.454002 -14.875744 80.815201
v -98.966187 -14.746610 91.325279
v -91.890541 -12.619640 80.630951
v -91.394058 -12.430786 91.184807
v -43.592060 -48.849819 91.920822
v -44.302395 -48.001484 93.391472
v -45.654099 -48.758713 94.026413
v -47.156822 -48.906723 93.349319
v -47.596859 -49.214832 91.928741
v -47.040840 -55.582115 90.624023
v -44.309181 -48.626266 90.580788
v -48.641582 -41.280884 90.564674
v -46.743748 -37.397175 92.891823
v -51.840302 -30.752321 93.976486
v -50.472935 -38.356678 92.699379
v -47.780193 -37.646385 90.058311
v -52.529724 -26.968472 92.000000
v -53.016678 -27.540770 93.454918
v -55.534729 -28.840973 93.394516
v -55.293297 -30.056709 92.000000
v -55.534733 -28.840975 90.605492
v -53.089756 -27.428070 90.580788
v -59.619770 -22.792820 89.987099
v -61.662418 -19.151026 92.813278
v -66.007980 -18.681473 94.012733
v -66.358734 -20.169029 93.349319
v -66.565514 -20.555901 92.000000
v -66.358734 -20.169033 90.650688
v -64.372238 -17.925062 90.580872
v -68.332657 -15.544823 92.000000
v -72.625122 -14.485830 93.435448
v -72.578278 -16.034351 90.000008
v -75.401505 -13.425659 91.113625
v -83.094833 -14.089921 93.977905
v -76.427658 -17.094036 92.891823
v -80.099579 -15.852524 90.564346
v -83.639999 -12.500000 92.000000
v -87.511055 -13.196330 93.484138
v -87.357689 -16.017628 93.376442
v -86.925163 -16.456858 91.928741
v -86.714119 -14.459627 90.000008
v -87.645096 -13.197193 90.545090
v -95.688011 -14.204182 91.921913
v -94.967911 -18.040043 91.049141
v -101.859421 -17.365152 93.435448
v -98.181976 -17.392578 94.000000
v -100.551933 -19.886473 93.394516
v -104.205978 -19.998869 90.000008
v -101.859421 -17.365150 90.564568
v -105.862793 -19.241211 92.000000
v -110.414551 -24.954494 93.977905
v -106.542160 -24.593630 92.000000
v -103.965958 -22.080027 90.585785
v -114.647064 -27.053135 92.000000
v -114.347954 -27.394367 93.391121
v -109.510063 -26.629950 93.414215
v -112.358757 -29.603909 90.624023
v -114.347961 -27.394369 90.608887
v -115.221497 -34.655293 92.956245
v -116.977310 -33.921947 90.000000
v -122.152641 -40.817318 92.000000
v -121.483749 -41.159721 93.454926
v -119.961143 -40.782700 94.000008
v -118.349693 -42.246323 92.071266
v -118.745369 -41.850883 90.590431
v -121.483757 -41.159721 90.545090
v -120.294983 -48.889801 93.469696
v -121.689217 -48.752499 90.000000
v -123.523582 -52.500004 91.217667
v -123.106171 -56.461464 93.391121
v -119.567062 -56.038494 92.000000
v -120.269783 -56.107704 90.590561
v -122.892723 -59.841743 91.113625
v -121.244537 -55.184635 93.971985
v -120.021019 -63.945625 90.012733
v -119.396095 -70.813232 92.000008
v -118.261696 -71.709961 93.391472
v -117.358788 -70.523056 94.000008
v -115.993324 -69.793175 93.409576
v -115.584114 -69.574486 92.000000
v -115.993317 -69.793175 90.590431
v -118.214928 -71.767776 90.580872
v -112.573799 -76.283882 90.000435
v -109.171547 -83.610268 92.000000
v -108.694641 -83.029152 93.484131
v -104.526230 -84.739685 94.022102
v -106.990150 -80.952194 93.409447
v -106.542183 -80.406364 92.000000
v -108.599258 -83.123314 90.545090
v -100.933189 -84.853302 90.590431
v -101.663086 -86.218773 90.000008
v -98.902779 -89.347641 91.217682
v -98.723167 -88.913986 93.414215
v -94.166512 -87.628021 93.376442
v -97.416603 -85.759659 92.000000
v -87.584770 -92.551811 92.000000
v -87.645111 -91.802811 93.454918
v -87.382324 -90.496429 94.000000
v -86.811890 -88.492165 91.929718
v -87.340874 -89.771187 90.000435
v -87.645126 -91.802803 90.545090
v -80.611839 -89.127693 93.435333
v -79.252579 -88.507790 91.049141
v -75.599228 -91.621788 92.813278
v -68.914291 -88.051010 94.000008
v -69.444763 -88.194916 90.022102
v -72.691284 -90.523254 90.544594
v -64.352356 -87.709534 91.921913
v -65.007599 -87.515793 93.391121
v -69.808594 -85.891891 92.961922
v -66.708237 -84.657372 91.059731
v -60.690407 -81.187485 93.394516
v -59.837399 -80.487900 90.590355
v -58.916210 -83.405327 90.564568
v -52.369286 -77.784454 92.079178
v -53.110836 -77.554611 93.484138
v -54.408352 -76.996773 93.987274
v -55.475807 -75.133492 91.929718
v -54.567657 -77.224869 90.000008
v -51.459114 -70.221359 93.394516
v -51.263092 -68.856850 91.049141
v -49.018295 -71.709946 90.608536
v -45.255116 -64.143944 92.000000
v -45.662041 -63.943172 93.391121
v -47.163490 -63.855713 93.987099
v -48.204979 -59.166885 92.699371
v -45.604092 -60.256470 90.019966
v -83.852043 -11.687962 118.815201
v -83.379059 -11.731307 129.275177
v -75.942360 -12.463759 118.724823
v -75.469994 -12.513523 129.184814
v -68.217812 -14.713451 118.815201
v -67.771484 -14.987778 129.357117
v -61.105640 -18.415062 118.936996
v -60.780071 -18.720726 129.237549
v -54.629292 -23.829557 129.237549
v -54.967976 -23.580353 118.604767
v -49.763981 -29.661680 118.915413
v -49.588226 -30.002352 129.184814
v -46.015751 -36.685989 118.815201
v -45.890751 -37.185772 129.342804
v -43.744522 -44.260937 118.657204
v -43.570786 -44.745945 129.184799
v -42.827961 -52.287968 118.815201
v -42.871307 -52.760933 129.275177
v -43.603760 -60.197636 118.724823
v -43.653522 -60.670006 129.184799
v -45.853455 -67.922195 118.815201
v -49.678452 -74.998047 129.371887
v -45.959381 -68.290642 129.084595
v -49.602013 -74.897011 118.674721
v -54.631577 -81.208511 118.815208
v -54.969543 -81.510704 129.237549
v -60.773182 -86.252975 118.724823
v -61.142380 -86.551796 129.184799
v -67.825958 -90.124237 118.815201
v -75.550819 -92.420769 129.381882
v -68.161392 -90.309868 129.084595
v -75.385078 -92.374550 118.620857
v -83.427963 -93.312035 118.815201
v -83.880592 -93.286736 129.237549
v -91.337639 -92.536240 118.724823
v -91.809982 -92.486481 129.184814
v -99.062233 -90.286537 118.815201
v -99.512337 -90.004448 129.369049
v -106.052681 -86.540161 118.696632
v -106.499908 -86.279297 129.237549
v -112.348541 -81.508400 118.815208
v -112.650711 -81.170448 129.237549
v -117.373245 -75.372017 118.696632
v -117.691780 -74.997650 129.184799
v -121.264259 -68.314003 118.815208
v -121.385872 -67.804420 129.357117
v -123.520355 -60.750549 118.630951
v -123.709213 -60.254059 129.184799
v -124.452042 -52.712048 118.815201
v -124.426735 -52.259418 129.237549
v -123.689972 -44.778873 118.762451
v -123.596092 -44.306923 129.237549
v -121.211548 -36.717304 118.654190
v -121.161537 -36.636021 129.342804
v -117.703659 -29.942497 118.915413
v -117.456169 -29.649740 129.184799
v -112.648415 -23.791479 118.815201
v -112.310471 -23.489311 129.237549
v -106.512001 -18.766756 118.696632
v -106.099846 -18.453400 129.237549
v -99.454002 -14.875746 118.815201
v -98.966187 -14.746612 129.325287
v -91.890541 -12.619641 118.630951
v -91.394066 -12.430786 129.184799
v -43.592060 -48.849819 129.920822
v -44.302395 -48.001484 131.391479
v -45.938431 -60.423019 132.023529
v -47.157627 -48.782299 131.376434
v -47.720619 -56.410805 130.070282
v -47.037117 -55.643967 128.605499
v -45.599628 -55.574127 128.000000
v -44.309181 -48.626266 128.580780
v -47.163486 -41.144314 131.987091
v -48.331730 -45.476746 130.000000
v -48.620201 -41.397343 128.605499
v -47.258968 -41.054420 128.012726
v -46.573807 -37.641529 129.113617
v -48.809544 -33.882725 131.484131
v -50.472935 -38.356678 130.699371
v -50.381214 -30.277191 130.000000
v -54.408352 -28.003231 132.012726
v -55.581100 -28.799871 131.375977
v -55.293297 -30.056709 130.000000
v -55.534733 -28.840975 128.605499
v -54.285728 -28.049751 127.987099
v -53.089756 -27.428070 128.580780
v -55.659119 -23.989830 130.699371
v -64.694664 -17.055803 130.000000
v -65.420570 -17.365158 131.435455
v -65.641945 -18.828007 132.000000
v -66.462631 -20.100573 131.376434
v -66.565514 -20.555901 130.000000
v -66.358734 -20.169033 128.650696
v -68.961105 -17.062021 128.000000
v -64.372238 -17.925062 128.580872
v -75.401505 -13.425659 129.113617
v -79.634895 -13.197198 131.454926
v -83.094833 -14.089921 131.977905
v -76.427658 -17.094036 130.891815
v -80.099579 -15.852524 128.564346
v -83.639999 -12.500000 130.000000
v -87.881882 -16.004890 131.409653
v -86.552345 -16.461754 130.000000
v -86.714119 -14.459627 128.000000
v -87.645096 -13.197193 128.545090
v -95.688011 -14.204182 129.921906
v -94.289124 -17.394632 128.590424
v -101.859421 -17.365152 131.435455
v -91.297043 -14.328875 131.911545
v -101.525040 -20.406202 131.409653
v -104.205978 -19.998867 128.000000
v -101.859421 -17.365150 128.564575
v -105.862793 -19.241211 130.000000
v -110.414551 -24.954494 131.977905
v -106.542160 -24.593630 130.000000
v -99.708527 -20.141739 129.253036
v -114.647064 -27.053135 130.000000
v -114.347954 -27.394367 131.391113
v -112.065750 -29.331881 131.376434
v -112.144318 -29.195999 128.564346
v -114.347961 -27.394367 128.608887
v -113.572906 -32.499466 130.000000
v -116.977310 -33.921947 128.000000
v -122.152641 -40.817318 130.000000
v -121.483749 -41.159721 131.454926
v -119.961143 -40.782700 132.000000
v -117.053444 -38.934605 130.813278
v -118.585861 -42.773872 129.049133
v -121.483757 -41.159721 128.545090
v -120.154678 -48.324310 131.435333
v -121.689217 -48.752499 128.000000
v -123.550423 -56.845390 129.921906
v -123.106171 -56.461464 131.391113
v -121.503716 -59.607857 131.976486
v -119.567062 -56.038494 130.000000
v -120.269783 -56.107704 128.590561
v -123.072639 -55.887043 128.564560
v -119.522797 -59.637531 131.414215
v -120.021019 -63.945625 128.012726
v -119.238434 -71.060051 130.078094
v -118.261696 -71.709961 131.391479
v -115.993324 -69.793175 131.409576
v -115.584114 -69.574486 130.000000
v -115.993317 -69.793175 128.590424
v -118.585999 -71.262970 128.608887
v -111.185516 -79.274544 132.022095
v -112.573799 -76.283882 128.000427
v -109.171547 -83.610268 130.000000
v -108.694641 -83.029152 131.484131
v -106.990150 -80.952194 131.409454
v -106.542183 -80.406364 130.000000
v -108.599258 -83.123314 128.545090
v -100.933189 -84.853302 128.590424
v -101.663086 -86.218773 128.000000
v -98.902779 -89.347641 129.217682
v -98.216614 -88.543739 131.935745
v -94.166512 -87.628021 131.376434
v -97.416603 -85.759659 130.000000
v -91.441673 -91.721535 129.174042
v -87.645111 -91.802803 131.454926
v -87.382324 -90.496429 132.000000
v -86.811890 -88.492165 129.929718
v -87.340874 -89.771187 128.000427
v -81.291405 -92.355034 129.016571
v -80.611839 -89.127693 131.435333
v -79.252579 -88.507790 129.049133
v -75.599228 -91.621788 130.813278
v -68.914291 -88.051010 132.000000
v -69.444763 -88.194916 128.022095
v -68.387451 -89.322945 129.038086
v -65.007599 -87.515793 131.391113
v -69.808594 -85.891891 130.961914
v -66.708237 -84.657372 129.059723
v -58.143906 -83.567123 130.000000
v -60.690407 -81.187485 131.394516
v -59.837399 -80.487900 128.590363
v -58.916210 -83.405327 128.564575
v -53.110836 -77.554611 131.484131
v -54.408352 -76.996773 131.987274
v -55.475807 -75.133492 129.929718
v -54.567657 -77.224869 128.000000
v -50.381214 -74.722809 130.000000
v -51.459114 -70.221359 131.394516
v -50.959267 -69.314507 128.564667
v -49.018295 -71.709946 128.608536
v -45.255116 -64.143944 130.000000
v -45.662041 -63.943172 131.391113
v -48.682549 -62.317986 130.920502
v -45.472004 -60.433002 128.103760
v -83.852043 -11.687963 156.815201
v -83.379051 -11.731307 167.275177
v -75.942375 -12.463760 156.724823
v -75.469986 -12.513527 167.184799
v -68.217819 -14.713450 156.815216
v -67.771484 -14.987777 167.357117
v -61.105648 -18.415058 156.937012
v -60.780075 -18.720724 167.237564
v -54.629280 -23.829567 167.237564
v -54.967983 -23.580353 156.604767
v -49.763977 -29.661688 156.915421
v -49.588230 -30.002348 167.184814
v -46.015755 -36.685986 156.815201
v -45.890747 -37.185780 167.342789
v -43.744526 -44.260937 156.657211
v -43.570786 -44.745953 167.184799
v -42.827965 -52.287956 156.815201
v -42.871307 -52.760944 167.275177
v -43.603760 -60.197628 156.724823
v -43.653526 -60.670010 167.184814
v -45.853455 -67.922188 156.815216
v -49.678448 -74.998039 167.371887
v -45.959377 -68.290634 167.084595
v -49.602013 -74.897003 156.674728
v -54.631584 -81.208519 156.815216
v -54.969551 -81.510704 167.237549
v -60.773170 -86.252968 156.724823
v -61.142391 -86.551804 167.184799
v -67.825951 -90.124229 156.815216
v -75.550819 -92.420769 167.381882
v -68.161385 -90.309868 167.084595
v -75.385071 -92.374542 156.620865
v -83.427963 -93.312035 156.815201
v -83.880585 -93.286736 167.237564
v -91.337631 -92.536240 156.724823
v -91.809998 -92.486473 167.184814
v -99.062225 -90.286537 156.815216
v -99.512337 -90.004448 167.369049
v -106.052666 -86.540169 156.696640
v -106.499916 -86.279297 167.237564
v -112.348526 -81.508408 156.815216
v -112.650703 -81.170448 167.237549
v -117.373238 -75.372017 156.696640
v -117.691780 -74.997650 167.184799
v -121.264252 -68.314003 156.815201
v -121.385880 -67.804420 167.357117
v -123.520355 -60.750549 156.630951
v -123.709213 -60.254055 167.184799
v -124.452034 -52.712059 156.815201
v -124.426735 -52.259403 167.237564
v -123.689964 -44.778870 156.762451
v -123.596092 -44.306923 167.237564
v -121.211555 -36.717319 156.654190
v -121.161537 -36.636021 167.342804
v -117.703659 -29.942495 156.915421
v -117.456169 -29.649744 167.184814
v -112.648422 -23.791489 156.815201
v -112.310463 -23.489307 167.237549
v -106.512009 -18.766762 156.696640
v -106.099846 -18.453396 167.237549
v -99.453995 -14.875745 156.815201
v -98.966187 -14.746609 167.325287
v -91.890556 -12.619648 156.630951
v -91.394058 -12.430785 167.184799
v -43.597504 -49.264069 168.000000
v -44.302395 -48.001484 169.391479
v -47.157627 -48.782303 169.376450
v -47.720619 -56.410805 168.070282
v -47.784676 -48.341415 167.302185
v -45.599628 -55.574127 166.000000
v -44.302387 -48.001480 166.608551
v -47.163483 -41.144321 169.987106
v -48.620201 -41.397339 166.605499
v -46.515602 -37.773193 168.811188
v -51.156780 -35.137352 169.469696
v -51.601398 -35.795975 168.070282
v -47.878979 -37.629299 166.023300
v -52.529724 -26.968472 168.000000
v -53.016674 -27.540775 169.454926
v -54.408344 -28.003241 170.012741
v -55.534737 -28.840975 166.605499
v -54.285736 -28.049746 165.987106
v -53.089752 -27.428068 166.580795
v -60.383339 -24.161659 169.349319
v -60.476620 -24.690680 167.928741
v -65.079964 -16.901556 167.921906
v -64.877045 -17.554003 169.391129
v -65.641922 -18.828018 170.000015
v -66.786598 -19.866268 166.624023
v -68.961105 -17.062021 166.000000
v -64.372238 -17.925060 166.580872
v -73.018021 -17.247396 169.435669
v -72.796814 -18.033760 168.070282
v -75.401505 -13.425658 167.113632
v -79.634888 -13.197199 169.454926
v -83.094826 -14.089920 169.977905
v -80.680542 -15.878590 166.590363
v -83.639999 -12.500000 168.000000
v -87.357689 -16.017628 169.376450
v -86.925163 -16.456858 167.928741
v -86.714119 -14.459627 166.000000
v -87.645103 -13.197191 166.545090
v -95.688011 -14.204182 167.921906
v -94.967918 -18.040045 167.049149
v -101.859421 -17.365154 169.435440
v -91.297043 -14.328876 169.911545
v -100.551933 -19.886469 169.394516
v -104.205978 -19.998867 166.000000
v -101.859428 -17.365150 166.564575
v -105.862793 -19.241211 168.000000
v -110.414543 -24.954489 169.977905
v -106.542160 -24.593630 168.000000
v -103.965958 -22.080027 166.585785
v -114.647064 -27.053135 168.000000
v -114.347954 -27.394369 169.391129
v -109.510063 -26.629950 169.414215
v -112.445404 -29.693527 166.590363
v -114.347969 -27.394367 166.608887
v -115.221497 -34.655293 168.956253
v -116.977310 -33.921947 166.000000
v -122.152641 -40.817318 168.000000
v -121.483749 -41.159729 169.454926
v -119.961143 -40.782700 170.000015
v -118.349693 -42.246323 168.071259
v -118.745369 -41.850883 166.590439
v -121.483757 -41.159725 166.545090
v -120.154678 -48.324310 169.435333
v -121.689217 -48.752499 166.000000
v -123.550423 -56.845390 167.921906
v -123.106163 -56.461464 169.391129
v -121.680374 -55.574100 170.000015
v -119.567062 -56.038494 168.000000
v -120.269775 -56.107704 166.590561
v -123.072639 -55.887047 166.564575
v -119.522797 -59.637531 169.414215
v -120.021019 -63.945637 166.012741
v -119.238434 -71.060051 168.078110
v -118.261696 -71.709961 169.391479
v -117.358788 -70.523056 170.000015
v -115.993324 -69.793175 169.409576
v -115.584114 -69.574486 168.000000
v -115.993317 -69.793175 166.590439
v -118.585999 -71.262970 166.608887
v -112.573799 -76.283882 166.000443
v -109.171547 -83.610268 168.000000
v -108.694641 -83.029152 169.484131
v -104.526230 -84.739685 170.022110
v -106.990158 -80.952194 169.409454
v -106.542183 -80.406364 168.000000
v -108.599251 -83.123322 166.545090
v -100.933189 -84.853294 166.590439
v -101.663086 -86.218773 166.000015
v -98.902779 -89.347641 167.217682
v -98.723167 -88.913986 169.414215
v -94.166512 -87.628021 169.376450
v -97.416603 -85.759659 168.000000
v -87.584770 -92.551811 168.000000
v -87.645119 -91.802803 169.454926
v -87.382347 -90.496422 170.000015
v -86.811890 -88.492165 167.929718
v -87.340874 -89.771187 166.000443
v -87.645134 -91.802811 166.545090
v -80.611839 -89.127701 169.435333
v -79.252579 -88.507790 167.049149
v -75.599228 -91.621788 168.813278
v -68.914307 -88.051010 170.000015
v -69.444771 -88.194916 166.022110
v -72.691284 -90.523254 166.544601
v -64.352356 -87.709534 167.921906
v -65.007599 -87.515793 169.391129
v -69.808594 -85.891891 168.961929
v -69.639221 -86.300858 166.585785
v -60.690407 -81.187492 169.394516
v -60.476604 -80.309311 168.071259
v -60.280327 -80.768532 166.623581
v -58.916206 -83.405327 166.564575
v -52.369286 -77.784454 168.079178
v -53.110840 -77.554611 169.484146
v -54.408360 -76.996780 169.987274
v -54.567657 -77.224869 166.000000
v -51.502808 -70.331413 169.435333
v -51.601387 -69.204018 167.929718
v -53.220032 -72.825974 166.585785
v -49.018291 -71.709946 166.608551
v -45.255116 -64.143944 168.000000
v -45.662041 -63.943169 169.391129
v -45.938431 -60.423027 170.023529
v -48.306873 -62.615726 166.564682
v -47.757198 -59.637527 169.414215
v -45.472004 -60.432999 166.103775
v -83.852051 -11.687963 194.815201
v -83.379051 -11.731307 205.275177
v -75.942360 -12.463762 194.724823
v -75.469994 -12.513523 205.184799
v -68.217819 -14.713450 194.815216
v -67.771500 -14.987775 205.357117
v -61.105648 -18.415058 194.937012
v -60.780071 -18.720726 205.237564
v -54.629292 -23.829557 205.237549
v -54.967983 -23.580353 194.604767
v -49.763981 -29.661682 194.915421
v -49.588226 -30.002352 205.184799
v -46.015751 -36.685993 194.815216
v -45.890747 -37.185780 205.342789
v -43.744522 -44.260941 194.657211
v -43.570786 -44.745953 205.184799
v -42.827961 -52.287968 194.815216
v -42.871307 -52.760933 205.275177
v -43.603760 -60.197628 194.724823
v -43.653522 -60.670002 205.184799
v -45.853455 -67.922188 194.815216
v -49.678448 -74.998039 205.371887
v -45.959381 -68.290642 205.084595
v -49.602013 -74.897003 194.674728
v -54.631580 -81.208519 194.815216
v -54.969551 -81.510704 205.237549
v -60.773182 -86.252975 194.724823
v -61.142380 -86.551796 205.184799
v -67.825951 -90.124229 194.815216
v -68.325745 -90.249237 205.342789
v -75.385071 -92.374542 194.620865
v -75.918861 -92.549965 205.237549
v -83.427956 -93.312035 194.815201
v -83.880592 -93.286736 205.237564
v -91.337646 -92.536240 194.724823
v -91.809982 -92.486481 205.184799
v -99.062225 -90.286537 194.815216
v -99.512329 -90.004448 205.369049
v -106.174332 -86.584969 194.937012
v -106.499908 -86.279297 205.237549
v -112.650711 -81.170448 205.237549
v -112.312027 -81.419647 194.604767
v -117.516014 -75.338341 194.915421
v -117.691780 -74.997650 205.184799
v -121.264252 -68.314003 194.815216
v -121.385880 -67.804420 205.357117
v -123.520355 -60.750546 194.630951
v -123.709213 -60.254055 205.184799
v -124.452034 -52.712044 194.815216
v -124.426735 -52.259418 205.237549
v -123.689964 -44.778877 194.762451
v -123.596092 -44.306927 205.237549
v -121.414093 -37.113861 194.762451
v -121.161537 -36.636024 205.342789
v -117.682907 -30.067101 194.724823
v -117.456169 -29.649740 205.184799
v -112.648415 -23.791483 194.815216
v -112.310463 -23.489307 205.237549
v -106.512009 -18.766762 194.696640
v -106.099846 -18.453396 205.237549
v -99.454002 -14.875747 194.815201
v -98.966187 -14.746609 205.325287
v -91.890541 -12.619646 194.630951
v -91.394058 -12.430785 205.184799
v -43.597504 -49.264072 206.000000
v -44.302391 -48.001484 207.391464
v -47.157631 -48.782291 207.376434
v -47.720615 -56.410801 206.070282
v -47.125332 -48.324291 204.564682
v -44.302387 -48.001488 204.608551
v -47.163490 -41.144306 207.987091
v -48.331730 -45.476746 206.000000
v -46.515606 -37.773190 206.811188
v -51.156780 -35.137352 207.469696
v -50.321404 -38.518902 205.108185
v -47.878975 -37.629307 204.023300
v -52.529728 -26.968472 206.000000
v -53.016678 -27.540766 207.454910
v -54.567657 -27.775133 208.000000
v -55.293297 -30.056705 206.000000
v -55.534737 -28.840975 204.605499
v -54.285721 -28.049759 203.987106
v -53.089752 -27.428068 204.580795
v -60.383339 -24.161661 207.349319
v -65.079971 -16.901556 205.921906
v -64.877045 -17.553997 207.391113
v -66.007988 -18.681467 208.012726
v -63.639473 -22.567091 206.000000
v -66.786606 -19.866266 204.624039
v -66.007988 -18.681467 203.987289
v -64.372253 -17.925055 204.580887
v -73.018028 -17.247398 207.435654
v -72.796814 -18.033756 206.070297
v -75.259697 -13.450414 205.188828
v -79.634895 -13.197196 207.454926
v -83.094841 -14.089922 207.977905
v -80.680557 -15.878589 204.590363
v -83.094833 -14.089922 204.022110
v -87.584755 -12.448195 206.000000
v -86.348427 -16.326963 206.956253
v -87.511055 -13.196322 204.515884
v -94.463837 -14.427475 207.419128
v -94.398033 -17.943300 206.071274
v -94.289124 -17.394636 204.590439
v -103.195824 -17.408087 206.000000
v -104.545303 -19.598335 207.840439
v -100.551933 -19.886475 207.394516
v -104.205978 -19.998869 204.000015
v -101.859428 -17.365150 204.564575
v -110.414551 -24.954500 207.977905
v -106.542160 -24.593628 206.000000
v -103.965958 -22.080027 204.585785
v -114.933548 -27.351681 205.921906
v -114.347954 -27.394363 207.391129
v -109.510063 -26.629950 207.414215
v -112.358757 -29.603916 204.624039
v -113.918091 -27.011913 204.564575
v -115.221497 -34.655296 206.956253
v -116.977310 -33.921947 204.000015
v -120.441399 -36.981464 205.186737
v -121.483749 -41.159718 207.454926
v -121.477859 -44.973587 208.000000
v -118.253296 -42.000217 206.000015
v -118.973137 -42.384293 204.564682
v -122.871414 -44.696388 206.000000
v -120.154678 -48.324310 207.435333
v -121.689217 -48.752499 204.000015
v -122.977608 -48.001472 204.608551
v -123.558945 -56.431725 206.000000
v -123.106171 -56.461460 207.391113
v -119.632172 -55.671848 206.070282
v -120.137207 -56.617226 204.624039
v -118.796646 -68.097862 208.000000
v -119.522797 -59.637531 207.414215
v -121.682106 -60.376595 204.070312
v -119.396095 -70.813225 206.000015
v -118.261696 -71.709961 207.391464
v -115.993324 -69.793175 207.409576
v -115.584114 -69.574486 206.000000
v -115.993317 -69.793175 204.590439
v -118.214935 -71.767769 204.580887
v -112.573807 -76.283875 204.000458
v -109.171547 -83.610268 206.000000
v -108.694641 -83.029152 207.484131
v -104.526222 -84.739693 208.022095
v -106.990150 -80.952187 207.409439
v -106.542183 -80.406364 206.000000
v -108.599258 -83.123314 204.545105
v -100.933189 -84.853294 204.590439
v -101.663086 -86.218773 204.000015
v -98.902779 -89.347641 205.217682
v -98.723167 -88.913986 207.414215
v -94.166504 -87.628021 207.376434
v -97.416603 -85.759659 206.000000
v -91.878517 -91.574341 205.113632
v -87.645103 -91.802811 207.454910
v -87.382301 -90.496429 208.000000
v -86.811890 -88.492165 205.929718
v -90.777550 -88.382797 204.585785
v -86.714149 -90.540375 204.000015
v -83.639999 -92.500000 206.000000
v -80.611839 -89.127693 207.435333
v -80.044250 -89.008369 204.590439
v -79.766251 -91.830833 204.580795
v -75.599220 -91.621788 206.813278
v -72.944427 -89.108551 207.987274
v -73.500122 -87.153030 206.821426
v -71.949921 -88.012352 204.035492
v -68.387451 -89.322945 205.038086
v -65.007599 -87.515793 207.391113
v -66.039734 -84.082710 206.000000
v -58.143906 -83.567123 206.000000
v -57.128532 -80.364403 208.000000
v -60.690403 -81.187485 207.394516
v -60.690414 -81.187485 204.605499
v -59.949860 -82.421524 204.000015
v -58.916206 -83.405327 204.564575
v -53.110836 -77.554619 207.484131
v -50.381214 -74.722809 206.000000
v -51.502808 -70.331406 207.435333
v -51.601387 -69.204018 205.929718
v -55.388309 -75.098000 205.251923
v -49.921223 -70.523071 204.000015
v -49.018288 -71.709938 204.608551
v -45.255116 -64.143944 206.000000
v -45.662041 -63.943172 207.391113
v -45.938427 -60.423016 208.023514
v -48.299622 -62.547081 204.590363
v -47.757198 -59.637527 207.414215
v -45.420856 -59.467117 204.051529
v -83.852051 -11.687963 215.815201
v -83.379051 -11.731307 226.275177
v -75.942360 -12.463762 215.724823
v -75.469994 -12.513523 226.184799
v -68.217819 -14.713450 215.815216
v -67.771500 -14.987775 226.357117
v -61.105648 -18.415058 215.937012
v -60.780071 -18.720726 226.237564
v -54.629292 -23.829557 226.237549
v -54.967983 -23.580353 215.604767
v -49.763981 -29.661682 215.915421
v -49.588226 -30.002352 226.184799
v -46.015751 -36.685993 215.815216
v -45.890747 -37.185780 226.342789
v -43.744522 -44.260941 215.657211
v -43.570786 -44.745953 226.184799
v -42.827961 -52.287968 215.815216
v -42.871307 -52.760933 226.275177
v -43.603760 -60.197628 215.724823
v -43.653522 -60.670002 226.184799
v -45.853455 -67.922188 215.815216
v -49.678448 -74.998039 226.371887
v -45.959381 -68.290642 226.084595
v -49.602013 -74.897003 215.674728
v -54.631580 -81.208519 215.815216
v -54.969551 -81.510704 226.237549
v -60.773182 -86.252975 215.724823
v -61.142380 -86.551796 226.184799
v -67.825951 -90.124229 215.815216
v -75.550804 -92.420769 226.381882
v -68.161392 -90.309868 226.084595
v -75.385071 -92.374542 215.620865
v -83.427956 -93.312035 215.815201
v -83.880592 -93.286736 226.237564
v -91.337646 -92.536240 215.724823
v -91.809982 -92.486481 226.184799
v -99.062225 -90.286537 215.815216
v -99.512329 -90.004448 226.369049
v -106.174332 -86.584969 215.937012
v -106.499908 -86.279297 226.237549
v -112.650711 -81.170448 226.237549
v -112.312019 -81.419655 215.604767
v -117.516014 -75.338333 215.915421
v -117.691780 -74.997650 226.184799
v -121.264252 -68.314003 215.815216
v -121.385880 -67.804420 226.357117
v -123.520355 -60.750546 215.630951
v -123.709213 -60.254055 226.184799
v -124.452034 -52.712044 215.815216
v -124.426735 -52.259418 226.237549
v -123.689964 -44.778881 215.762451
v -123.596092 -44.306927 226.237549
v -121.211548 -36.717308 215.654190
v -121.161537 -36.636024 226.342789
v -117.703659 -29.942499 215.915421
v -117.456169 -29.649738 226.184799
v -112.648415 -23.791479 215.815216
v -112.310463 -23.489305 226.237549
v -106.512009 -18.766762 215.696640
v -106.099846 -18.453396 226.237549
v -99.454002 -14.875747 215.815201
v -98.966187 -14.746609 226.325287
v -91.890541 -12.619646 215.630951
v -91.394058 -12.430785 226.184799
v -43.592064 -48.849819 226.920822
v -44.302391 -48.001484 228.391464
v -45.938427 -60.423016 229.023514
v -47.157631 -48.782291 228.376434
v -47.596855 -49.214828 226.928741
v -47.125332 -48.324291 225.564682
v -45.599628 -55.574127 225.000015
v -44.309181 -48.626266 225.580795
v -47.163490 -41.144306 228.987091
v -46.743752 -37.397175 227.891830
v -50.472931 -38.356674 227.699371
v -49.839142 -38.499229 225.585785
v -47.906925 -37.358692 225.030792
v -52.529728 -26.968472 227.000000
v -53.016678 -27.540766 228.454910
v -54.567657 -27.775133 229.000000
v -55.534729 -28.840977 228.394516
v -55.293297 -30.056705 227.000000
v -55.534737 -28.840975 225.605499
v -53.016674 -27.540762 225.545105
v -62.268414 -20.515175 224.953506
v -65.079971 -16.901556 226.921906
v -64.877045 -17.553997 228.391113
v -66.007988 -18.681467 229.012726
v -65.866631 -20.869022 227.981674
v -66.786606 -19.866266 225.624039
v -64.372253 -17.925055 225.580887
v -72.796814 -18.033756 227.070282
v -75.259697 -13.450414 226.188828
v -79.634895 -13.197196 228.454926
v -83.094841 -14.089922 228.977905
v -76.502464 -16.617203 228.414215
v -80.680557 -15.878589 225.590363
v -83.094833 -14.089922 225.022110
v -87.584755 -12.448195 227.000000
v -86.348427 -16.326963 227.956253
v -87.511055 -13.196322 225.515884
v -94.463837 -14.427475 228.419128
v -94.398033 -17.943300 227.071274
v -94.289124 -17.394636 225.590439
v -103.195824 -17.408087 227.000000
v -104.545303 -19.598335 228.840439
v -100.551933 -19.886475 228.394516
v -104.205978 -19.998869 225.000015
v -101.859428 -17.365150 225.564575
v -110.414551 -24.954500 228.977905
v -106.542160 -24.593628 227.000000
v -103.965958 -22.080027 225.585785
v -114.647064 -27.053135 227.000000
v -114.347954 -27.394363 228.391129
v -109.510063 -26.629950 228.414215
v -112.358757 -29.603916 225.624039
v -114.347961 -27.394363 225.608902
v -115.221497 -34.655296 227.956253
v -116.977310 -33.921947 225.000015
v -122.152641 -40.817318 227.000000
v -121.483749 -41.159718 228.454926
v -119.961143 -40.782700 229.000000
v -118.349693 -42.246323 227.071274
v -118.745369 -41.850883 225.590439
v -121.483757 -41.159718 225.545105
v -120.154678 -48.324310 228.435333
v -121.689217 -48.752499 225.000015
v -123.550423 -56.845394 226.921921
v -123.106171 -56.461460 228.391113
v -121.503716 -59.607853 228.976486
v -119.567062 -56.038498 227.000000
v -120.269775 -56.107704 225.590576
v -123.072639 -55.887047 225.564575
v -119.522797 -59.637531 228.414215
v -120.021027 -63.945614 225.012741
v -119.238434 -71.060051 227.078110
v -118.261696 -71.709961 228.391464
v -115.993324 -69.793175 228.409576
v -115.584114 -69.574486 227.000000
v -115.993317 -69.793175 225.590439
v -118.585999 -71.262970 225.608902
v -111.185516 -79.274544 229.022095
v -112.573807 -76.283875 225.000458
v -109.171547 -83.610268 227.000000
v -108.694641 -83.029152 228.484131
v -106.990150 -80.952187 228.409439
v -106.542183 -80.406364 227.000000
v -108.599258 -83.123314 225.545105
v -100.933189 -84.853294 225.590439
v -101.663086 -86.218773 225.000015
v -98.902779 -89.347641 226.217682
v -98.216614 -88.543739 228.935745
v -94.166504 -87.628021 228.376434
v -97.416603 -85.759659 227.000000
v -91.878517 -91.574341 226.113632
v -87.645103 -91.802811 228.454910
v -87.382301 -90.496429 229.000000
v -86.811890 -88.492165 226.929718
v -87.884392 -89.628403 225.038971
v -83.639999 -92.500000 227.000000
v -80.611839 -89.127693 228.435333
v -79.252579 -88.507790 226.049149
v -79.766251 -91.830833 225.580795
v -75.599220 -91.621788 227.813278
v -72.944427 -89.108551 228.987274
v -69.809853 -88.388863 225.000015
v -68.387451 -89.322945 226.038086
v -65.007599 -87.515793 228.391113
v -69.808594 -85.891891 227.961914
v -66.708237 -84.657372 226.059738
v -58.143906 -83.567123 227.000000
v -57.128532 -80.364403 229.000000
v -60.690403 -81.187485 228.394516
v -59.837395 -80.487892 225.590363
v -58.916206 -83.405327 225.564575
v -53.110836 -77.554619 228.484131
v -55.475807 -75.133492 226.929718
v -54.567657 -77.224869 225.000015
v -50.381214 -74.722809 227.000000
v -51.459114 -70.221359 228.394516
v -50.959263 -69.314499 225.564682
v -49.018288 -71.709938 225.608551
v -45.255116 -64.143944 227.000000
v -45.662041 -63.943172 228.391113
v -48.682549 -62.317989 227.920517
v -48.191345 -59.551170 226.038101
v -45.472004 -60.432999 225.103775
v -47.288445 -52.179989 72.379539
v -48.047604 -52.934776 74.353569
v -49.909023 -50.099541 73.665825
v -49.000710 -58.968407 71.594833
v -48.053246 -45.302605 72.375725
v -49.091503 -41.090153 73.715309
v -50.608879 -46.110981 72.430710
v -50.424938 -39.667862 71.608521
v -53.715492 -33.272503 74.378365
v -53.602856 -36.743893 73.725410
v -53.851532 -36.278656 72.274590
v -53.260849 -32.516384 72.510445
v -57.636372 -27.091415 73.567825
v -63.459782 -23.192150 74.341278
v -61.976284 -26.426044 73.699814
v -62.983818 -25.697279 72.308891
v -57.866451 -27.953011 71.638474
v -63.092991 -22.506577 72.432182
v -67.279243 -21.347719 71.611893
v -69.339218 -19.074373 72.432182
v -73.293289 -18.391478 74.372589
v -73.740616 -19.866138 73.985641
v -73.826546 -20.149389 73.000000
v -73.634148 -19.911964 72.045174
v -76.540085 -16.806328 72.421837
v -80.556252 -17.507620 71.611725
v -83.756477 -16.192892 72.375732
v -84.169395 -16.901068 74.373787
v -86.505119 -18.477516 73.954414
v -83.462212 -18.857128 72.430710
v -90.721733 -16.897686 73.673347
v -89.890610 -19.435669 72.379539
v -91.222710 -17.703466 71.656929
v -97.641739 -19.001179 72.375732
v -97.254265 -19.632248 74.392982
v -99.376808 -22.455402 73.717880
v -99.860840 -22.711300 72.274818
v -103.807091 -22.317814 73.673347
v -103.768883 -23.141464 71.641632
v -109.222664 -26.665922 72.430710
v -108.564201 -27.125031 74.372917
v -110.064499 -30.962973 73.954834
v -109.772636 -31.053518 73.000000
v -110.001434 -30.865728 72.014366
v -113.900970 -32.280251 73.445236
v -114.329956 -36.332672 74.412804
v -114.016701 -34.163246 71.617889
v -117.334038 -38.827034 72.510445
v -118.288513 -41.989540 73.994652
v -114.812744 -39.713882 72.375725
v -119.242340 -45.418304 72.326668
v -118.561630 -48.697842 74.388283
v -116.671127 -46.110996 73.569290
v -117.927086 -48.051907 71.617523
v -120.033607 -52.619930 72.475220
v -119.540749 -56.672832 73.994446
v -117.910400 -56.311016 74.294098
v -117.340195 -52.500023 72.326660
v -119.226761 -59.697395 72.375732
v -115.908089 -62.480492 72.532349
v -117.547913 -58.957611 71.635971
v -117.264206 -66.427605 73.445236
v -114.329964 -68.667305 74.412804
v -115.833740 -67.464981 71.630028
v -113.728050 -72.919289 72.510437
v -111.891037 -75.023216 74.027565
v -110.064507 -74.037010 73.954834
v -109.772629 -73.946487 73.000000
v -110.064507 -74.037010 72.045174
v -109.118149 -78.430717 72.379532
v -102.582359 -82.435249 71.600006
v -103.714340 -82.752945 72.375725
v -103.857895 -81.805313 74.373787
v -99.830338 -82.654480 74.009888
v -102.362846 -80.520676 72.326660
v -97.797035 -85.993523 72.510445
v -96.606598 -85.563858 74.393799
v -96.270821 -83.678032 72.510437
v -91.045731 -88.090630 72.379532
v -89.169739 -87.590500 74.381401
v -89.791367 -85.581650 72.432182
v -84.817307 -88.010262 71.618607
v -83.378036 -88.861649 73.489555
v -85.764717 -86.184967 73.611732
v -79.812645 -86.427711 72.045601
v -76.135025 -88.073318 72.432182
v -73.191467 -86.735497 74.356331
v -76.820526 -85.440895 73.489563
v -74.027534 -86.311569 71.600006
v -69.638245 -85.998810 72.375732
v -67.562332 -82.714706 74.009888
v -71.152931 -83.745934 72.432175
v -63.462524 -82.697754 73.547630
v -61.299900 -79.721489 74.400009
v -64.927559 -80.505127 72.452377
v -59.802502 -80.155914 72.495689
v -55.763210 -75.377937 74.053795
v -59.733192 -76.242149 73.624275
v -57.150295 -74.764267 71.647430
v -59.386246 -78.571838 71.662979
v -53.179047 -72.347305 72.432182
v -53.156429 -69.112183 74.376442
v -55.765751 -71.338814 72.430717
v -49.892338 -66.023323 72.432182
v -49.211571 -63.536423 73.969185
v -50.869274 -62.374176 74.009888
v -52.505089 -65.396515 72.326668
v -47.925919 -59.336849 72.510445
v -50.608883 -58.889023 72.430717
v -47.340199 -52.500015 187.326675
v -48.032764 -53.148544 189.343063
v -49.697674 -56.271648 188.971634
v -50.034569 -52.499992 187.554779
v -48.648277 -56.203796 186.611893
v -47.969097 -45.282310 187.475220
v -48.878582 -45.585529 189.394592
v -50.699104 -45.680534 188.489563
v -51.028656 -42.607445 187.070389
v -50.424942 -39.667866 186.608536
v -50.086067 -38.601517 188.547623
v -52.634911 -35.927429 189.424316
v -52.591129 -39.639149 188.578156
v -53.260853 -32.516376 187.510468
v -55.992474 -29.226269 189.009323
v -55.560684 -33.878063 188.624268
v -56.459835 -31.002108 186.567230
v -57.636379 -27.091413 187.432190
v -61.350155 -25.988562 189.407410
v -59.733170 -28.757885 187.375748
v -63.372013 -22.376450 188.624268
v -67.564285 -22.424452 188.985626
v -67.703812 -22.685503 188.000000
v -67.564285 -22.424452 187.014374
v -63.875149 -22.919804 186.607040
v -69.339233 -19.074371 188.567825
v -73.671127 -18.754477 189.388107
v -73.239502 -18.399504 186.633820
v -76.422318 -16.829094 188.524780
v -76.902229 -19.538246 188.569290
v -80.221718 -18.445114 186.990128
v -83.523537 -16.192894 188.624268
v -90.377998 -17.584887 189.358994
v -83.640007 -18.799805 188.673340
v -84.065857 -16.906267 186.641647
v -90.558548 -16.806786 187.430725
v -90.078644 -19.515938 188.524780
v -93.425407 -19.845085 187.045181
v -101.219002 -20.507984 188.521027
v -96.270821 -21.321964 188.489563
v -96.606598 -19.436150 186.606216
v -101.043945 -21.390278 189.384735
v -102.362801 -24.479300 188.673340
v -105.287422 -26.409304 187.292130
v -103.768898 -23.141479 186.641647
v -109.222664 -26.665930 188.569290
v -110.137543 -30.836670 189.009872
v -111.976280 -30.064955 187.005569
v -113.728058 -32.080730 188.489563
v -114.550766 -35.687393 189.411880
v -111.645119 -33.787537 187.452393
v -114.696777 -35.899818 186.600021
v -117.133522 -38.342968 187.510452
v -118.149818 -42.031593 189.053787
v -116.294922 -42.714615 188.954834
v -115.990623 -42.686554 188.000000
v -116.228058 -42.494179 187.045181
v -119.333672 -45.400082 187.421844
v -119.265991 -52.443329 189.350555
v -118.138283 -50.133865 186.623611
v -119.947105 -52.616467 187.375748
v -117.286079 -52.079216 188.567810
v -119.226753 -59.697411 188.624268
v -116.674309 -59.070946 188.547623
v -116.865845 -61.856194 186.676865
v -118.279251 -63.078300 187.031158
v -117.334038 -66.172958 188.489548
v -113.599640 -71.625397 189.396255
v -114.563927 -65.764488 188.567825
v -114.550735 -69.312645 186.588120
v -114.019127 -72.483650 187.510452
v -111.516037 -71.270485 188.524780
v -110.064507 -74.037018 187.045181
v -109.570724 -77.978127 188.620468
v -105.905998 -79.631195 189.399994
v -107.554832 -76.163383 188.569290
v -104.881203 -79.774429 186.625320
v -106.163208 -80.751038 186.972443
v -103.986786 -82.631050 188.569290
v -102.362846 -80.520676 188.673340
v -97.797035 -85.993523 187.510452
v -96.606590 -85.563858 189.393784
v -96.270836 -83.678032 188.489563
v -93.804413 -85.576393 186.641510
v -90.739906 -88.193665 188.578171
v -85.894844 -87.014488 189.410095
v -89.890640 -85.564331 188.620453
v -87.297211 -88.388206 186.972900
v -83.378044 -88.861649 188.489548
v -83.640007 -86.200195 187.326675
v -76.234299 -88.090645 188.620453
v -76.820541 -85.440903 188.489563
v -73.634140 -85.088043 187.045181
v -78.110306 -87.590500 186.618607
v -69.638245 -85.998810 187.375748
v -70.707024 -85.689644 189.358383
v -68.735489 -82.770264 188.604004
v -63.992638 -82.217369 186.622757
v -63.220718 -82.588058 188.489563
v -59.259632 -78.431480 189.379730
v -65.169357 -80.614822 187.510452
v -57.958958 -78.181091 187.452393
v -59.733185 -76.242142 188.624268
v -57.305771 -73.846581 187.300201
v -53.311382 -72.551109 188.569290
v -52.906017 -68.790665 189.400970
v -53.961155 -72.086510 186.641006
v -49.892342 -66.023323 187.432190
v -49.243153 -63.596523 188.994431
v -52.490009 -65.210335 188.569275
v -50.989113 -61.401020 187.301605
v -47.925922 -59.336861 187.510452
v -47.340199 -52.500015 219.326675
v -48.043858 -52.742878 221.358047
v -50.184856 -48.004986 220.616364
v -50.034569 -52.499992 219.554779
v -48.648277 -56.203796 218.611893
v -48.066696 -44.995026 220.567825
v -50.465652 -42.699192 218.643036
v -49.000763 -41.921677 219.031158
v -50.086067 -38.601517 220.547623
v -53.504436 -33.225479 221.283035
v -52.545830 -39.750217 220.524780
v -53.260853 -32.516376 219.510468
v -58.821392 -27.140091 221.378326
v -57.242809 -31.204147 220.717865
v -57.588215 -30.779345 219.274841
v -57.821026 -26.850655 220.524780
v -57.594326 -28.086889 218.706863
v -63.372013 -22.376450 220.624268
v -65.169365 -24.385176 220.489563
v -68.513977 -22.255255 219.334198
v -63.318420 -23.253988 218.656937
v -69.339233 -19.074371 220.567825
v -73.668610 -19.200861 221.357803
v -73.293289 -18.391481 218.627426
v -76.540085 -16.806332 220.578156
v -76.902229 -19.538246 220.569290
v -80.221718 -18.445114 218.990128
v -83.640007 -16.181490 220.547623
v -89.952286 -17.495312 221.378357
v -83.640007 -18.799805 220.673340
v -84.065857 -16.906267 218.641647
v -94.066452 -17.391497 219.618958
v -90.078644 -19.515938 220.524780
v -93.425407 -19.845085 219.045181
v -97.203232 -19.755466 221.394592
v -96.270821 -21.321964 220.489563
v -96.606598 -19.436150 218.606216
v -103.907982 -22.376450 219.375748
v -103.768883 -23.141464 221.358353
v -102.362801 -24.479300 220.673340
v -104.729858 -25.077339 218.596741
v -109.222664 -26.665930 220.569290
v -110.137543 -30.836670 221.009872
v -107.133850 -28.411114 219.432190
v -111.602798 -29.709198 218.972900
v -113.900978 -32.280258 220.445236
v -114.550766 -35.687393 221.411880
v -111.645119 -33.787537 219.452393
v -114.696777 -35.899818 218.600021
v -117.133522 -38.342968 219.510452
v -118.149818 -42.031593 221.053787
v -116.294922 -42.714615 220.954834
v -115.990623 -42.686554 220.000000
v -116.228058 -42.494179 219.045181
v -119.333672 -45.400082 219.421844
v -119.265991 -52.443329 221.350555
v -118.138283 -50.133865 218.623611
v -119.947105 -52.616459 219.375748
v -117.286079 -52.079216 220.567810
v -119.333221 -59.418560 220.569275
v -116.674309 -59.070946 220.547623
v -116.404922 -62.439129 218.958496
v -118.335442 -60.087967 218.606216
v -117.334038 -66.172958 220.489548
v -113.599640 -71.625397 221.396255
v -114.563927 -65.764488 220.567825
v -115.829781 -67.558701 218.630554
v -114.019127 -72.483650 219.510452
v -111.516037 -71.270485 220.524780
v -110.064507 -74.037018 219.045181
v -109.570724 -77.978127 220.620468
v -105.905998 -79.631195 221.399994
v -107.554832 -76.163383 220.569290
v -107.983383 -78.367851 218.633820
v -103.986786 -82.631050 220.569290
v -102.362846 -80.520676 220.673340
v -102.534988 -80.778313 219.010056
v -102.431946 -82.791351 218.655411
v -97.797035 -85.993523 219.510452
v -96.606590 -85.563858 221.393784
v -96.270836 -83.678032 220.489563
v -93.043564 -85.345589 218.990433
v -90.739906 -88.193665 220.578171
v -89.791374 -85.581657 220.567810
v -87.135376 -87.988579 218.641113
v -83.378044 -88.861649 220.489548
v -85.940361 -87.018013 221.403259
v -83.640007 -86.200195 219.326675
v -76.289261 -88.111862 219.510452
v -73.191467 -86.735497 221.356323
v -76.820541 -85.440903 220.489563
v -73.839188 -85.674347 218.643036
v -69.748650 -86.036636 219.326675
v -68.735489 -82.770264 220.604004
v -63.220718 -82.588058 220.489563
v -59.259632 -78.431480 221.379730
v -65.169357 -80.614822 219.510452
v -62.980644 -81.469620 218.606644
v -58.049381 -78.255386 219.375748
v -59.733185 -76.242142 220.624268
v -57.305771 -73.846581 219.300201
v -53.311382 -72.551109 220.569290
v -52.906017 -68.790665 221.400970
v -53.961155 -72.086510 218.641006
v -49.892342 -66.023323 219.432190
v -49.243153 -63.596523 220.994431
v -51.260468 -62.536621 220.699799
v -50.989113 -61.401020 219.301605
v -47.925922 -59.336861 219.510452
v -135.639999 -139.000000 227.500000
v -135.639999 -142.000000 230.500000
v -137.421387 -140.670227 228.470291
v -138.111206 -140.777878 230.266998
v -136.413330 -141.248032 241.646729
v -137.964447 -140.458237 241.114151
v -136.413330 36.248016 228.353287
v -137.964447 35.458214 228.885864
v -137.254150 35.458214 241.824448
v -135.639999 37.000000 239.500000
v -138.111206 35.777859 239.733032
v -30.866669 -141.248032 228.353287
v -29.315561 -140.458221 228.885864
v -30.025860 -140.458237 241.824448
v -31.639999 -142.000000 239.500000
v -29.168793 -140.777863 239.733017
v -30.025864 35.458210 228.175552
v -31.639999 37.000000 230.500000
v -29.168795 35.777855 230.266983
v -30.866676 36.248016 241.646729
v -29.315559 35.458210 241.114151
v -127.262772 -129.671082 241.828918
v -127.321709 -129.634933 246.134933
v -127.321709 24.634939 241.865067
v -127.262772 24.671093 246.171097
v -39.958298 -129.634933 241.865067
v -40.017227 -129.671097 246.171082
v -40.017227 24.671093 241.828918
v -39.958298 24.634941 246.134933
v -135.716095 -137.472137 229.950378
v -136.051193 -138.084869 231.110214
v -136.212341 -137.280884 247.638672
v -135.766907 -137.909393 247.842529
v -136.212341 -119.719124 230.361343
v -135.766907 -119.090614 230.157486
v -135.716095 -119.527870 248.049637
v -136.051193 -118.915146 246.889801
v -120.124474 -137.998688 230.068863
v -119.090370 -137.472137 230.423920
v -119.563911 -137.472137 248.049637
v -119.228806 -138.084869 246.889786
v -119.563911 -119.527870 229.950378
v -119.228806 -118.915146 231.110214
v -119.067665 -119.719124 247.638672
v -119.513100 -119.090614 247.842529
v -127.648674 -126.071960 248.570374
v -127.630692 -126.077301 251.441895
v -125.541588 -127.278473 248.570374
v -125.530006 -127.291306 251.421341
v -125.530014 -129.708710 248.578659
v -125.541595 -129.721542 251.429642
v -127.630692 -130.922714 248.558121
v -127.648666 -130.928055 251.429626
v -129.741760 -129.722961 248.578674
v -129.747086 -129.706528 251.429642
v -129.747086 -127.293488 248.570374
v -129.741760 -127.277046 251.421341
v -135.716095 14.527865 229.950378
v -136.051193 13.915140 231.110214
v -136.212341 14.719119 247.638672
v -135.766907 14.090611 247.842529
v -136.212341 32.280884 230.361343
v -135.766907 32.909389 230.157486
v -135.716095 32.472137 248.049637
v -136.051193 33.084862 246.889801
v -120.124466 14.001321 230.068863
v -119.090370 14.527864 230.423920
v -119.563904 14.527865 248.049637
v -119.228806 13.915141 246.889801
v -119.563911 32.472137 229.950378
v -119.228806 33.084862 231.110214
v -119.067665 32.280880 247.638672
v -119.513100 32.909393 247.842529
v -127.648674 25.928045 248.570374
v -127.630692 25.922705 251.441895
v -125.541588 24.721533 248.570374
v -125.530014 24.708704 251.421341
v -125.530014 22.291300 248.578659
v -125.541588 22.278471 251.429642
v -127.630692 21.077297 248.558105
v -127.648666 21.071957 251.429626
v -129.741760 22.277042 248.578674
v -129.747086 22.293486 251.429642
v -129.747086 24.706514 248.570374
v -129.741760 24.722958 251.421341
v -47.716091 -137.472137 229.950378
v -48.051189 -138.084869 231.110214
v -48.212334 -137.280884 247.638672
v -47.766899 -137.909393 247.842529
v -48.212337 -119.719124 230.361343
v -47.766903 -119.090614 230.157486
v -47.716091 -119.527870 248.049637
v -48.051193 -118.915146 246.889786
v -32.124466 -137.998688 230.068863
v -31.090370 -137.472137 230.423920
v -31.563910 -137.472137 248.049637
v -31.228811 -138.084869 246.889801
v -31.563910 -119.527870 229.950378
v -31.228809 -118.915146 231.110214
v -31.067665 -119.719124 247.638672
v -31.513098 -119.090614 247.842529
v -39.648666 -126.071960 248.570374
v -39.630692 -126.077301 251.441895
v -37.541588 -127.278473 248.570374
v -37.530006 -127.291306 251.421341
v -37.530006 -129.708710 248.578674
v -37.541588 -129.721542 251.429626
v -39.630692 -130.922714 248.558121
v -39.648666 -130.928055 251.429626
v -41.741760 -129.722977 248.578674
v -41.747078 -129.706528 251.429642
v -41.747086 -127.293488 248.570374
v -41.741764 -127.277046 251.421341
v -47.716091 14.527864 229.950378
v -48.051189 13.915140 231.110214
v -48.212334 14.719119 247.638672
v -47.766903 14.090611 247.842529
v -48.212337 32.280884 230.361343
v -47.766903 32.909393 230.157486
v -47.716091 32.472137 248.049637
v -48.051189 33.084862 246.889801
v -31.067663 14.719118 230.361343
v -31.513098 14.090610 230.157486
v -31.563908 14.527864 248.049637
v -31.228811 13.915141 246.889801
v -31.563910 32.472137 229.950378
v -31.228809 33.084862 231.110214
v -31.067665 32.280884 247.638672
v -31.513098 32.909393 247.842529
v -39.648232 25.931660 248.578674
v -39.631332 25.928045 251.429626
v -37.546532 24.719416 248.558121
v -37.532921 24.706516 251.429626
v -37.530006 22.291302 248.578674
v -37.541588 22.278473 251.429626
v -39.631332 21.071957 248.570374
v -39.648232 21.068342 251.421341
v -41.738411 22.278473 248.570374
v -41.742779 22.296713 251.441895
v -41.747082 24.706514 248.570374
v -41.741760 24.722958 251.421341
v -86.055016 -35.666599 245.462769
v -79.675293 -36.221439 245.193756
v -81.177055 -35.709667 252.637482
v -75.266602 -38.005505 245.148010
v -74.945824 -38.213196 252.872498
v -70.295753 -41.971916 245.429703
v -70.054749 -42.286449 252.575836
v -67.478775 -48.204365 252.892410
v -67.608597 -47.628532 245.178284
v -66.784332 -54.466618 245.362534
v -66.848969 -54.936039 252.652267
v -69.100662 -60.729359 245.099930
v -71.931061 -64.412575 252.905182
v -69.106873 -61.037140 252.584595
v -71.632309 -64.328346 245.415421
v -76.915321 -68.080757 245.362534
v -77.377831 -68.272339 252.637482
v -83.835953 -69.267822 252.775177
v -83.464905 -69.221016 245.134003
v -89.965225 -68.285667 245.462769
v -90.285217 -68.113564 252.644821
v -95.485214 -64.338013 252.828400
v -95.105438 -64.676178 245.126999
v -99.191727 -59.177727 245.258591
v -98.338272 -60.521530 252.834457
v -100.509193 -54.521839 252.600739
v -100.430328 -50.516884 245.221588
v -99.800575 -48.213223 252.897903
v -97.223160 -42.362103 245.308563
v -96.949379 -41.971855 252.637482
v -87.984627 -36.348080 252.877151
v -91.971077 -37.832211 252.529648
v -92.033554 -38.041534 245.101227
v -82.667198 -48.346916 293.723297
v -83.718872 -48.329708 250.047409
v -81.298195 -48.884254 250.174011
v -79.449554 -51.573093 250.139786
v -80.006348 -50.184765 293.621857
v -79.458138 -53.415504 293.683289
v -79.713684 -53.976795 250.094925
v -81.197433 -56.002621 250.094772
v -80.826462 -55.605560 293.727448
v -82.870888 -56.748768 293.606903
v -84.397934 -56.739487 250.169922
v -85.281349 -56.338562 293.746277
v -86.594055 -55.458427 250.053787
v -87.865303 -53.405682 250.206055
v -87.273651 -54.815239 293.621857
v -87.791199 -51.528240 293.727203
v -87.569626 -51.031902 250.089813
v -86.101837 -48.966293 250.169922
v -85.955238 -48.866348 293.621857
v -84.171822 -50.590172 254.591751
v -82.727333 -50.814987 291.431427
v -82.250603 -51.083366 254.596420
v -81.717682 -52.048141 291.439270
v -81.726746 -52.479652 254.572449
v -82.223366 -53.889397 254.596420
v -82.247292 -53.923153 291.385223
v -84.131927 -54.430573 254.619217
v -84.171013 -54.405495 291.419830
v -85.340767 -53.382488 291.430878
v -85.284676 -53.464340 254.541641
v -85.567436 -52.000637 254.613968
v -85.549431 -51.966934 291.410034
v -84.139359 -50.572559 291.386047
v -60.930626 -54.736671 295.200043
v -61.744518 -54.656521 296.984711
v -63.202621 -52.720520 297.707520
v -65.497787 -48.419693 296.973755
v -65.977158 -50.760357 295.200043
v -65.497787 -48.419693 293.426300
v -63.740631 -47.070835 292.680054
v -61.445507 -51.947773 293.408356
v -61.962017 -45.506618 295.200043
v -63.066879 -43.978333 296.993256
v -67.826973 -39.185593 297.737732
v -69.046097 -42.214542 295.200012
v -64.278854 -42.067028 293.395447
v -66.288399 -37.743164 295.200043
v -69.439919 -40.765759 296.962952
v -69.439919 -40.765759 293.437103
v -71.710381 -33.761627 296.964478
v -70.668488 -36.926804 292.686890
v -69.450760 -35.644180 293.406311
v -75.167679 -31.195776 295.123169
v -74.952080 -36.172813 296.992706
v -75.301270 -36.899303 295.200043
v -74.952080 -36.172813 293.407349
v -78.103226 -33.024551 297.720001
v -79.657227 -32.477547 292.680054
v -78.923218 -30.809584 293.395264
v -81.754456 -30.547829 296.993744
v -81.896400 -34.161659 296.962952
v -81.773277 -34.864174 295.165100
v -82.118851 -34.100861 293.407501
v -85.873573 -29.822134 295.200012
v -87.899162 -32.570435 297.731720
v -92.102997 -32.068462 297.054199
v -89.041779 -34.811646 296.992706
v -88.604988 -35.505928 295.234467
v -89.245178 -34.922176 293.437317
v -93.368034 -34.300106 292.680054
v -89.706795 -31.309351 293.430786
v -94.534569 -32.469830 295.244934
v -96.486443 -36.846516 297.705994
v -97.083954 -39.638069 296.996582
v -95.946907 -39.565048 295.200012
v -95.330574 -38.255024 293.420441
v -97.371651 -35.276237 293.395172
v -101.221016 -38.071636 295.200012
v -100.715652 -38.486412 296.948669
v -102.500717 -44.687611 297.720001
v -99.761612 -43.515797 293.420410
v -102.606071 -44.882633 292.667572
v -103.969597 -43.547352 293.435577
v -105.476669 -45.875946 295.200043
v -105.484367 -48.557178 297.004791
v -101.936386 -49.197552 296.962799
v -101.059090 -48.582317 295.200043
v -102.229652 -52.037460 293.426300
v -106.035973 -57.536991 295.200043
v -103.795212 -54.633385 297.726868
v -103.569626 -56.759045 292.691772
v -105.618912 -54.623325 293.430969
v -104.679527 -58.882263 297.020844
v -100.660042 -59.960320 296.943848
v -100.299988 -58.920101 295.200043
v -100.422600 -64.061699 297.731720
v -99.353683 -62.443295 293.426300
v -103.071182 -62.801960 293.395447
v -100.991615 -67.256828 295.200012
v -100.895988 -66.214249 296.969269
v -99.213211 -65.471542 292.673218
v -95.096367 -66.969757 296.979645
v -95.117561 -65.995674 295.200043
v -97.680016 -69.542854 293.430969
v -92.112305 -73.804230 295.123138
v -94.085327 -71.954468 296.969086
v -93.063828 -70.443695 297.713165
v -90.829895 -69.721336 293.403107
v -89.605034 -72.163895 292.680054
v -88.721443 -70.248840 296.992554
v -89.079308 -69.360649 295.200043
v -90.022301 -73.539520 293.379181
v -83.187355 -74.682281 297.027405
v -83.639938 -72.849808 297.720001
v -81.406418 -75.177872 295.200043
v -81.834969 -70.826546 296.949341
v -81.900352 -70.162849 295.200043
v -81.896400 -70.838348 293.437103
v -81.754494 -74.452179 293.406311
v -74.125870 -70.852303 292.697784
v -72.897995 -72.596863 295.200043
v -70.850258 -70.647270 296.991699
v -72.729233 -69.742722 297.720001
v -74.891212 -68.794655 296.992706
v -75.301254 -68.100693 295.200043
v -74.924255 -68.806038 293.420532
v -71.637817 -71.172707 293.395264
v -64.759537 -65.506866 295.276917
v -69.170227 -63.956345 296.979645
v -70.144333 -63.977570 295.200012
v -69.186783 -63.986809 293.407501
v -64.027794 -62.544773 296.984680
v -65.953682 -62.356144 297.720001
v -64.924271 -60.565376 292.668335
v -64.146698 -62.872673 293.430969
v -65.887512 -57.546947 296.979645
v -66.779350 -57.939308 295.200043
v -65.910500 -57.605198 293.437317
v -68.241447 -50.983387 295.200012
v -68.975372 -51.055664 296.224884
v -70.063469 -52.500004 295.627960
v -68.889603 -54.021423 294.225586
v -69.565155 -46.338573 295.817566
v -70.716354 -48.618961 294.782440
v -69.444550 -47.980270 294.224945
v -71.997276 -45.694332 295.638916
v -71.786346 -42.602352 294.792419
v -75.025169 -41.452332 294.484192
v -73.904427 -41.289909 296.170929
v -75.108757 -42.045288 295.617615
v -76.589424 -38.733898 295.200012
v -80.774765 -37.720673 296.157043
v -79.752663 -39.580883 295.584869
v -77.709023 -38.700066 294.227509
v -82.128761 -37.155930 294.794128
v -82.568291 -39.018326 294.717468
v -87.861626 -38.233570 296.162567
v -84.747612 -38.793770 295.905426
v -88.242050 -37.717415 295.230499
v -87.521027 -39.576347 294.782440
v -89.027206 -38.515938 294.228027
v -91.989281 -40.298065 296.193604
v -91.048409 -40.792263 295.901031
v -94.486481 -41.429367 295.640472
v -92.175377 -42.051914 294.815186
v -94.135864 -42.074928 294.214447
v -97.831367 -46.120037 294.882812
v -97.365273 -47.077744 296.189880
v -96.924240 -48.128563 295.860382
v -95.559822 -46.167488 294.791748
v -98.113197 -49.500984 294.203217
v -99.013733 -51.881954 295.674438
v -98.382591 -54.406040 296.202911
v -97.063515 -51.177910 294.788177
v -98.713112 -55.917645 294.754425
v -96.554367 -56.417553 295.590057
v -96.831589 -56.501648 294.472168
v -96.976753 -59.112377 294.232056
v -96.766167 -60.527283 295.674438
v -93.629677 -61.644588 295.605469
v -93.228668 -62.488140 294.521332
v -94.250381 -62.735210 294.206146
v -92.534424 -65.146393 294.791412
v -94.093750 -62.953751 296.200806
v -89.958672 -64.400475 295.503967
v -88.916679 -67.070312 295.662384
v -85.615288 -67.216515 296.176147
v -87.426010 -65.724060 294.485016
v -84.959747 -65.927490 295.602539
v -86.649117 -66.948021 294.212921
v -82.128754 -67.844078 294.794128
v -80.524094 -65.668228 294.825226
v -80.579865 -66.979576 296.198730
v -76.575401 -64.787880 296.098145
v -76.245064 -66.056831 295.607666
v -76.175743 -63.809669 294.739471
v -75.802597 -65.300049 294.234497
v -71.583817 -62.146580 295.633667
v -72.445358 -60.092510 295.593292
v -71.482574 -58.998295 294.472168
v -70.581261 -59.670738 294.221832
v -68.450974 -55.627117 295.614532
v -70.035645 -58.326172 296.198730
v -70.437027 -55.546707 294.796753
v -83.541328 -53.611828 294.073669
v -65.749519 -53.629509 294.084534
v -83.530487 -53.629509 296.315521
v -65.738678 -53.611832 296.326355
v -83.530479 -51.370495 294.084534
v -65.738678 -51.388172 294.073669
v -83.541328 -51.388172 296.326355
v -65.749519 -51.370491 296.315521
v -82.528175 -52.401329 294.073669
v -82.510498 -34.609520 294.084534
v -82.510498 -52.390484 296.315521
v -82.528175 -34.598671 296.326355
v -84.769508 -52.390480 294.084534
v -84.751831 -34.598675 294.073669
v -84.751831 -52.401329 296.326355
v -84.769508 -34.609520 296.315521
v -83.738670 -51.388172 294.073669
v -101.530479 -51.370495 294.084534
v -83.749519 -51.370491 296.315521
v -101.541328 -51.388172 296.326355
v -83.749519 -53.629509 294.084534
v -101.541328 -53.611828 294.073669
v -83.738670 -53.611832 296.326355
v -101.530487 -53.629509 296.315521
v -84.751839 -52.598667 294.073700
v -84.769508 -70.390488 294.084534
v -84.769508 -52.609520 296.315521
v -84.751839 -70.401337 296.326355
v -82.510490 -52.609520 294.084534
v -82.528175 -70.401337 294.073669
v -82.528175 -52.598671 296.326355
v -82.510490 -70.390488 296.315521
v -83.691986 -46.833050 293.512878
v -80.511566 -47.651318 293.515869
v -80.363518 -47.771671 298.360413
v -78.015045 -51.282558 293.484924
v -77.963188 -51.465214 298.324188
v -78.794556 -55.624733 293.506195
v -78.424301 -54.716671 298.327148
v -80.515274 -57.345451 298.333832
v -81.420868 -57.694798 293.475159
v -84.670753 -58.168652 293.498016
v -84.857002 -58.131615 298.342010
v -88.377205 -55.779488 293.498016
v -88.478310 -55.616592 298.355103
v -89.312393 -51.467403 293.506195
v -89.280685 -51.283596 298.324188
v -86.917351 -47.769115 293.484924
v -87.590164 -48.461838 298.364868
v -84.670753 -46.831341 298.342010
v -83.875694 16.214430 244.135681
v -80.576897 15.576684 251.875839
v -83.572990 16.358070 251.566254
v -79.376022 15.163245 244.234116
v -78.012558 13.985382 251.563004
v -76.402496 11.584019 244.470367
v -76.396935 11.228406 251.825806
v -75.920944 8.727615 244.128922
v -76.354446 5.554757 244.433762
v -75.863571 6.772483 251.643829
v -79.068077 1.976612 244.356186
v -79.376015 1.836754 251.765900
v -86.768219 1.460737 251.909836
v -83.724854 0.646955 251.584595
v -83.635757 0.797182 244.095779
v -87.967361 1.769396 244.452988
v -90.357498 4.222799 251.655045
v -90.697456 5.297068 244.192413
v -91.436714 9.893891 244.253647
v -90.679382 11.661789 251.879333
v -91.498070 8.567009 251.566254
v -88.211929 15.023390 244.356186
v -87.917198 15.217503 251.655045
v -82.762131 11.895892 248.612885
v -81.141182 10.954500 282.919983
v -80.264938 9.436799 248.600067
v -80.235565 8.477607 282.888824
v -80.684708 6.821148 248.615845
v -81.185509 6.001173 282.919983
v -82.702309 5.120139 248.612885
v -83.665695 5.109648 282.927124
v -85.308708 5.555513 248.576599
v -86.140327 6.043742 282.913879
v -87.019867 7.562313 248.612885
v -87.011116 9.436061 282.930542
v -86.135071 10.950109 248.584885
v -84.517021 11.893475 282.913879
v -82.665131 13.893824 278.355316
v -82.476547 13.856324 294.444672
v -79.132004 11.626237 278.364929
v -79.792679 12.241627 294.481384
v -78.241768 9.477059 294.435059
v -78.248207 8.560439 278.371216
v -79.022774 5.527161 278.376312
v -79.136635 5.375334 294.444672
v -81.516930 3.574864 278.311432
v -82.665123 3.106166 294.444672
v -84.614876 3.106176 278.355316
v -85.757484 3.527147 294.402405
v -88.148003 5.373764 278.364929
v -88.245018 5.541093 294.460083
v -89.031799 8.439555 278.371216
v -89.001221 9.663142 294.435059
v -88.257233 11.472845 278.376312
v -86.604813 13.110179 294.444672
v -85.763069 13.425139 278.311432
v -85.117310 15.369614 275.862854
v -79.818398 14.409767 275.885498
v -79.647949 14.276361 278.707520
v -76.775658 9.977658 275.852478
v -76.717621 9.769135 278.674530
v -77.733192 4.681766 275.876678
v -77.271317 5.809663 278.675018
v -79.824615 2.595685 278.690765
v -82.162682 1.630388 275.862854
v -85.116852 1.623351 278.683319
v -87.461601 2.590231 275.885498
v -88.555458 3.671285 278.722839
v -90.504341 7.022342 275.852478
v -90.562386 7.230868 278.674530
v -89.546806 12.318235 275.876678
v -89.421364 12.493745 278.697144
v -84.907158 15.418360 278.683319
v -85.117317 15.369614 294.102844
v -79.818398 14.409767 294.125488
v -79.647949 14.276361 296.947510
v -76.775658 9.977658 294.092468
v -76.717621 9.769136 296.914520
v -77.733192 4.681766 294.116669
v -77.271317 5.809663 296.915009
v -79.824615 2.595685 296.930756
v -82.162682 1.630388 294.102844
v -85.116852 1.623351 296.923309
v -87.461601 2.590231 294.125488
v -88.555458 3.671285 296.962830
v -90.504341 7.022342 294.092468
v -90.562386 7.230868 296.914520
v -89.546806 12.318233 294.116669
v -89.421364 12.493745 296.937134
v -84.907158 15.418360 296.923309
v -77.757622 9.455894 278.020142
v -77.184105 8.882374 294.779846
v -77.184448 8.117788 278.019165
v -77.757790 7.544454 294.780823
v -78.522377 7.544108 278.020142
v -79.095901 8.117626 294.779846
v -79.095551 8.882213 278.019165
v -78.522217 9.455547 294.780823
v -88.757622 9.455893 278.020142
v -88.184105 8.882374 294.779846
v -88.184448 8.117788 278.019165
v -88.757790 7.544454 294.780823
v -89.522377 7.544108 278.020142
v -90.095901 8.117625 294.779846
v -90.095551 8.882213 278.019165
v -89.522217 9.455547 294.780823
v -83.257622 14.955894 278.020142
v -82.684105 14.382375 294.779846
v -82.684448 13.617787 278.019165
v -83.257790 13.044454 294.780823
v -84.022377 13.044107 278.020142
v -84.595901 13.617625 294.779846
v -84.595551 14.382215 278.019165
v -84.022217 14.955547 294.780823
v -83.257622 3.955893 278.020142
v -82.684105 3.382375 294.779846
v -82.684448 2.617788 278.019165
v -83.257790 2.044453 294.780823
v -84.022377 2.044108 278.020142
v -84.595901 2.617625 294.779846
v -84.595551 3.382213 278.019165
v -84.022217 3.955547 294.780823
v -91.115829 -185.421158 158.475510
v -90.612137 -186.549637 158.923920
v -91.164490 -185.421173 171.475830
v -90.758080 -186.478577 171.018753
v -90.155533 -123.501328 158.568863
v -91.189629 -124.027870 158.923920
v -90.716095 -124.027870 171.549637
v -91.051193 -123.415146 170.389801
v -76.115509 -185.421158 158.524185
v -76.521927 -186.478577 158.981262
v -76.164177 -185.421173 171.524490
v -76.667870 -186.549637 171.076096
v -76.563911 -124.027870 158.450378
v -76.228813 -123.415138 159.610214
v -76.067665 -124.219124 171.138672
v -76.513100 -123.590614 171.342529
v -121.536438 -193.473755 116.526245
v -121.630730 -193.415909 209.415909
v -121.630730 -186.584106 116.584091
v -121.536438 -186.526260 209.473755
v -45.649269 -193.415909 116.584091
v -45.743561 -193.473755 209.473755
v -45.743565 -186.526260 116.526253
v -45.649269 -186.584106 209.415909
v -118.489113 -194.868439 119.631561
v -118.512688 -194.853973 206.353973
v -118.512688 -193.146042 119.646027
v -118.489113 -193.131577 206.368439
v -48.767315 -194.853973 119.646027
v -48.790890 -194.868439 206.368439
v -48.790890 -193.131577 119.631569
v -48.767319 -193.146042 206.353973
v -116.139999 -195.199997 122.000000
v -51.139999 -195.199997 122.000000
v -51.139999 -195.199997 204.000000
v -116.139999 -195.199997 204.000000
v -117.526558 -194.730438 121.532951
v -116.608093 -195.872513 120.612953
v -116.608551 -194.726227 119.387260
v -117.526810 -195.871109 118.467598
v -118.753448 -194.730438 118.467056
v -119.671906 -195.872513 119.387047
v -119.671455 -194.726227 120.612747
v -118.753189 -195.871109 121.532402
v -117.526817 -194.728897 207.532410
v -116.608093 -195.872513 206.612946
v -116.608093 -194.727493 205.387054
v -117.526817 -195.871109 204.467590
v -118.753181 -194.728897 204.467606
v -119.671913 -195.872513 205.387054
v -119.671906 -194.727493 206.612961
v -118.753189 -195.871109 207.532410
v -49.789600 -194.726227 121.516190
v -49.131603 -195.858978 121.550583
v -47.607605 -195.871109 120.613205
v -47.622265 -194.730438 120.650169
v -48.527042 -195.872513 118.468094
v -48.490402 -194.726227 118.483818
v -50.245392 -195.845001 118.905251
v -50.657738 -194.730438 119.349831
v -50.657169 -195.871109 120.649971
v -49.131607 -195.858978 207.550583
v -48.527042 -194.727493 207.531906
v -47.607601 -195.871109 206.613205
v -47.607605 -194.728897 205.386810
v -48.527046 -195.872513 204.468094
v -49.752956 -194.727493 204.468094
v -50.245384 -195.845001 204.905258
v -50.657169 -195.871109 206.649963
v -50.672398 -194.728897 206.613205
v -124.139999 -255.000000 30.500000
v -124.139999 -259.000000 34.500000
v -126.515182 -257.226959 31.793720
v -127.434937 -257.370483 34.189316
v -124.139999 -259.000000 119.500000
v -128.139999 -255.000000 119.500000
v -124.450676 -257.370483 122.794945
v -126.846275 -257.226959 121.875191
v -128.139999 -181.000000 34.500000
v -126.658501 -179.123840 31.852970
v -126.510475 -177.705063 34.189339
v -124.450676 -178.629532 31.205055
v -124.139999 -181.000000 123.500000
v -124.139999 -177.000000 119.500000
v -126.515182 -178.773056 122.206291
v -127.434944 -178.629532 119.810669
v -39.139999 -255.000000 34.500000
v -40.621494 -256.876190 31.852974
v -40.769531 -258.294952 34.189323
v -42.829311 -257.370483 31.205063
v -43.139999 -255.000000 123.500000
v -43.139999 -259.000000 119.500000
v -40.764816 -257.226959 122.206284
v -39.845062 -257.370483 119.810684
v -43.139999 -181.000000 30.500000
v -43.139999 -177.000000 34.500000
v -40.764816 -178.773056 31.793716
v -39.845055 -178.629532 34.189323
v -39.139999 -181.000000 119.500000
v -40.621490 -179.123840 122.147034
v -40.769524 -177.705063 119.810654
v -42.829338 -178.629532 122.794952
v -117.762779 -263.171112 41.828903
v -117.821709 -263.134949 114.134949
v -117.821709 -258.865082 41.865055
v -117.762779 -258.828918 114.171097
v -49.458290 -263.134949 41.865055
v -49.517227 -263.171112 114.171097
v -49.517223 -258.828918 41.828907
v -49.458294 -258.865082 114.134949
v -106.458931 -265.042145 58.907875
v -106.487221 -265.024780 61.074772
v -106.487221 -262.975220 58.925228
v -106.458939 -262.957886 61.092125
v -100.792786 -265.024780 58.925228
v -100.821075 -265.042145 61.092125
v -100.821068 -262.957886 58.907879
v -100.792786 -262.975220 61.074776
v -96.458931 -265.042145 58.907875
v -96.487221 -265.024780 61.074772
v -96.487221 -262.975220 58.925228
v -96.458939 -262.957886 61.092125
v -90.792778 -265.024780 58.925228
v -90.821068 -265.042145 61.092125
v -90.821068 -262.957886 58.907879
v -90.792786 -262.975220 61.074776
v -86.458931 -265.042145 58.907875
v -86.487221 -265.024780 61.074772
v -86.487221 -262.975220 58.925228
v -86.458939 -262.957886 61.092125
v -80.792778 -265.024780 58.925228
v -80.821068 -265.042145 61.092125
v -80.821068 -262.957886 58.907879
v -80.792786 -262.975220 61.074776
v -76.458931 -265.042145 58.907875
v -76.487221 -265.024780 61.074772
v -76.487221 -262.975220 58.925228
v -76.458939 -262.957886 61.092125
v -70.792778 -265.024780 58.925232
v -70.821068 -265.042145 61.092125
v -70.821060 -262.957886 58.907879
v -70.792786 -262.975220 61.074776
v -66.458931 -265.042145 58.907875
v -66.487221 -265.024780 61.074772
v -66.487213 -262.975220 58.925224
v -66.458939 -262.957886 61.092125
v -60.792778 -265.024780 58.925232
v -60.821068 -265.042145 61.092125
v -60.821064 -262.957886 58.907879
v -60.792782 -262.975220 61.074776
v -106.458931 -265.042145 68.907875
v -106.487221 -265.024780 71.074768
v -106.487221 -262.975220 68.925232
v -106.458939 -262.957886 71.092125
v -100.792786 -265.024780 68.925232
v -100.821075 -265.042145 71.092125
v -100.821068 -262.957886 68.907883
v -100.792786 -262.975220 71.074776
v -96.458931 -265.042145 68.907875
v -96.487221 -265.024780 71.074768
v -96.487221 -262.975220 68.925232
v -96.458939 -262.957886 71.092125
v -90.792778 -265.024780 68.925232
v -90.821068 -265.042145 71.092125
v -90.821068 -262.957886 68.907883
v -90.792786 -262.975220 71.074776
v -86.458931 -265.042145 68.907875
v -86.487221 -265.024780 71.074768
v -86.487221 -262.975220 68.925232
v -86.458939 -262.957886 71.092125
v -80.792778 -265.024780 68.925232
v -80.821068 -265.042145 71.092125
v -80.821068 -262.957886 68.907883
v -80.792786 -262.975220 71.074776
v -76.458931 -265.042145 68.907875
v -76.487221 -265.024780 71.074768
v -76.487221 -262.975220 68.925232
v -76.458939 -262.957886 71.092125
v -70.792778 -265.024780 68.925232
v -70.821068 -265.042145 71.092125
v -70.821060 -262.957886 68.907883
v -70.792786 -262.975220 71.074776
v -66.458931 -265.042145 68.907875
v -66.487221 -265.024780 71.074776
v -66.487213 -262.975220 68.925224
v -66.458939 -262.957886 71.092125
v -60.792778 -265.024780 68.925232
v -60.821068 -265.042145 71.092125
v -60.821064 -262.957886 68.907883
v -60.792782 -262.975220 71.074776
v -106.458931 -265.042145 78.907883
v -106.487221 -265.024780 81.074768
v -106.487221 -262.975220 78.925232
v -106.458939 -262.957886 81.092125
v -100.792786 -265.024780 78.925232
v -100.821068 -265.042145 81.092125
v -100.821068 -262.957886 78.907883
v -100.792786 -262.975220 81.074776
v -96.458931 -265.042145 78.907883
v -96.487221 -265.024780 81.074768
v -96.487221 -262.975220 78.925232
v -96.458939 -262.957886 81.092125
v -90.792778 -265.024780 78.925232
v -90.821068 -265.042145 81.092125
v -90.821068 -262.957886 78.907883
v -90.792786 -262.975220 81.074776
v -86.458931 -265.042145 78.907883
v -86.487221 -265.024780 81.074768
v -86.487221 -262.975220 78.925232
v -86.458939 -262.957886 81.092125
v -80.792778 -265.024780 78.925232
v -80.821068 -265.042145 81.092125
v -80.821068 -262.957886 78.907883
v -80.792786 -262.975220 81.074776
v -76.458931 -265.042145 78.907883
v -76.487221 -265.024780 81.074768
v -76.487221 -262.975220 78.925232
v -76.458939 -262.957886 81.092125
v -70.792778 -265.024780 78.925232
v -70.821068 -265.042145 81.092125
v -70.821060 -262.957886 78.907883
v -70.792786 -262.975220 81.074776
v -66.458931 -265.042145 78.907883
v -66.487221 -265.024780 81.074776
v -66.487221 -262.975220 78.925232
v -66.458939 -262.957886 81.092125
v -60.792778 -265.024780 78.925232
v -60.821068 -265.042145 81.092125
v -60.821064 -262.957886 78.907883
v -60.792782 -262.975220 81.074776
v -106.458931 -265.042145 88.907883
v -106.487221 -265.024780 91.074768
v -106.487221 -262.975220 88.925232
v -106.458939 -262.957886 91.092125
v -100.792786 -265.024780 88.925232
v -100.821068 -265.042145 91.092125
v -100.821068 -262.957886 88.907883
v -100.792786 -262.975220 91.074776
v -96.458931 -265.042145 88.907883
v -96.487221 -265.024780 91.074768
v -96.487221 -262.975220 88.925232
v -96.458939 -262.957886 91.092125
v -90.792778 -265.024780 88.925232
v -90.821068 -265.042145 91.092125
v -90.821068 -262.957886 88.907883
v -90.792786 -262.975220 91.074776
v -86.458931 -265.042145 88.907883
v -86.487221 -265.024780 91.074768
v -86.487221 -262.975220 88.925232
v -86.458939 -262.957886 91.092125
v -80.792778 -265.024780 88.925232
v -80.821068 -265.042145 91.092125
v -80.821068 -262.957886 88.907883
v -80.792786 -262.975220 91.074776
v -76.458931 -265.042145 88.907883
v -76.487221 -265.024780 91.074768
v -76.487221 -262.975220 88.925232
v -76.458939 -262.957886 91.092125
v -70.792778 -265.024780 88.925232
v -70.821068 -265.042145 91.092125
v -70.821060 -262.957886 88.907883
v -70.792786 -262.975220 91.074776
v -66.458931 -265.042145 88.907883
v -66.487221 -265.024780 91.074776
v -66.487221 -262.975220 88.925232
v -66.458939 -262.957886 91.092125
v -60.792778 -265.024780 88.925232
v -60.821068 -265.042145 91.092125
v -60.821064 -262.957886 88.907883
v -60.792782 -262.975220 91.074776
v -106.458931 -265.042145 98.907883
v -106.487221 -265.024780 101.074768
v -106.487221 -262.975220 98.925232
v -106.458939 -262.957886 101.092125
v -100.792786 -265.024780 98.925232
v -100.821068 -265.042145 101.092125
v -100.821068 -262.957886 98.907883
v -100.792786 -262.975220 101.074776
v -96.458931 -265.042145 98.907883
v -96.487221 -265.024780 101.074768
v -96.487221 -262.975220 98.925232
v -96.458939 -262.957886 101.092125
v -90.792778 -265.024780 98.925232
v -90.821068 -265.042145 101.092125
v -90.821068 -262.957886 98.907883
v -90.792786 -262.975220 101.074776
v -86.458931 -265.042145 98.907883
v -86.487221 -265.024780 101.074768
v -86.487221 -262.975220 98.925232
v -86.458939 -262.957886 101.092125
v -80.792778 -265.024780 98.925232
v -80.821068 -265.042145 101.092125
v -80.821068 -262.957886 98.907883
v -80.792786 -262.975220 101.074776
v -76.458931 -265.042145 98.907883
v -76.487221 -265.024780 101.074768
v -76.487221 -262.975220 98.925232
v -76.458939 -262.957886 101.092125
v -70.792778 -265.024780 98.925232
v -70.821068 -265.042145 101.092125
v -70.821060 -262.957886 98.907883
v -70.792786 -262.975220 101.074776
v -66.458931 -265.042145 98.907883
v -66.487221 -265.024780 101.074776
v -66.487221 -262.975220 98.925232
v -66.458939 -262.957886 101.092125
v -60.792778 -265.024780 98.925232
v -60.821068 -265.042145 101.092125
v -60.821064 -262.957886 98.907883
v -60.792782 -262.975220 101.074776
v -38.762772 -249.671097 38.328907
v -38.821701 -249.634933 115.634941
v -38.821705 -184.365067 38.365059
v -38.762772 -184.328918 115.671097
v -34.458298 -249.634933 38.365059
v -34.517227 -249.671097 115.671097
v -34.517227 -184.328918 38.328907
v -34.458298 -184.365067 115.634941
v -11.820678 -150.290390 32.378960
v -8.500000 -152.000000 33.000000
v -11.018506 -149.876175 30.352972
v -8.810684 -150.370483 29.705059
v 108.500000 -148.000000 29.000000
v 109.113472 -151.322906 30.706757
v 111.147034 -149.876175 30.481493
v 111.817520 -150.231461 32.595062
v 110.625435 -148.322327 87.924507
v 112.500000 -148.000000 83.879997
v 108.500000 -152.000000 84.801811
v 110.763229 -150.769196 86.545044
v -12.500000 -148.000000 117.000000
v -11.022881 -148.281860 119.862099
v -11.147348 -150.450363 118.533447
v -8.941005 -151.324051 118.278145
v -8.500000 48.000000 29.000000
v -8.500000 52.000000 33.000000
v -10.875185 50.226952 30.293718
v -11.966191 50.262379 32.995056
v 112.500000 48.000000 33.000000
v 111.018509 49.876175 30.352972
v 110.867348 51.294357 32.684536
v 108.810684 50.370476 29.705057
v 111.912346 48.606983 86.191566
v 108.633423 48.000000 88.904488
v 108.500000 52.000000 84.801811
v 110.763229 50.769188 86.545044
v -8.941007 51.324047 118.278145
v -8.633423 48.000000 119.975510
v -11.147349 50.450352 118.533455
v -11.778372 48.281860 119.280716
v -4.490477 -143.717773 42.034130
v -2.000000 -145.000000 42.500000
v -3.528135 -143.677139 40.282139
v 104.000000 -142.000000 39.500000
v 104.460114 -144.492172 40.780045
v 106.230347 -143.570496 40.930931
v 105.595261 -142.241318 92.655800
v 107.000000 -142.000000 89.620003
v 105.502167 -144.345123 91.470253
v -3.893406 -142.211121 121.644737
v -4.353221 -143.568329 120.597862
v -2.331051 -144.493011 120.452965
v -3.614136 43.458210 40.175556
v -2.000000 45.000000 42.500000
v -4.599635 43.696747 42.496281
v 106.358505 43.171333 40.792004
v 105.775475 44.470760 42.263332
v 104.233017 43.777855 40.028793
v 106.256493 42.865643 92.046799
v 105.502159 44.345104 91.470253
v -2.331061 44.493011 120.452965
v -2.101379 42.000000 121.726685
v -4.218617 43.458103 121.024658
v 1.436313 -117.539536 120.741974
v 2.910553 -117.488922 126.587967
v 1.388388 -14.460466 120.824776
v 2.990685 -14.511082 126.634354
v 82.636070 -117.488922 99.131424
v 84.110313 -117.539536 104.977417
v 82.555939 -14.511082 99.085045
v 84.158234 -14.460465 104.894615
v 7.468544 -113.000000 126.004410
v 79.934021 -113.000000 106.671661
v 79.934021 -19.000000 106.671661
v 7.468544 -19.000000 126.004410
v 111.603561 -141.473755 40.026249
v 111.509270 -141.415909 95.915909
v 111.509270 41.415901 40.084095
v 111.603569 41.473747 95.973755
v 118.490738 -141.415909 40.084095
v 118.396439 -141.473755 95.973755
v 118.396439 41.473747 40.026249
v 118.490738 41.415901 95.915909
v 118.726334 -132.302643 46.697342
v 118.690979 -132.280960 89.280968
v 118.690979 32.280968 46.719032
v 118.726334 32.302654 89.302658
v 121.309036 -132.280975 46.719032
v 121.273682 -132.302643 89.302658
v 121.273682 32.302650 46.697342
v 121.309036 32.280972 89.280968
v 121.688629 -117.335548 53.664455
v 121.659149 -117.317467 56.317471
v 121.659149 17.317472 53.682533
v 121.688629 17.335548 56.335548
v 124.340851 -117.317467 53.682529
v 124.311386 -117.335548 56.335548
v 124.311386 17.335550 53.664455
v 124.340851 17.317472 56.317474
v 121.688629 -117.335548 63.664455
v 121.659149 -117.317467 66.317474
v 121.659149 17.317472 63.682533
v 121.688629 17.335548 66.335548
v 124.340851 -117.317467 63.682529
v 124.311386 -117.335548 66.335548
v 124.311386 17.335550 63.664455
v 124.340851 17.317472 66.317474
v 121.688629 -117.335548 73.664459
v 121.659149 -117.317467 76.317467
v 121.659149 17.317472 73.682533
v 121.688629 17.335548 76.335548
v 124.340851 -117.317467 73.682533
v 124.311386 -117.335548 76.335548
v 124.311386 17.335550 73.664459
v 124.340851 17.317472 76.317474
v 121.688629 -117.335548 83.664459
v 121.659149 -117.317467 86.317467
v 121.659149 17.317472 83.682533
v 121.688629 17.335548 86.335548
v 124.340851 -117.317467 83.682533
v 124.311386 -117.335548 86.335548
v 124.311386 17.335550 83.664459
v 124.340851 17.317472 86.317474
v 120.117996 -130.102524 70.012344
v 121.894455 -130.107941 69.987000
v 120.087173 -131.545883 67.509323
v 121.894455 -131.565216 67.488907
v 120.117996 -134.438065 67.484528
v 121.894440 -134.457291 67.501892
v 120.105545 -135.892075 69.987000
v 121.882004 -135.897491 70.012344
v 120.105560 -134.457291 72.498108
v 121.912827 -134.429947 72.504646
v 120.105560 -131.565231 72.511101
v 121.882004 -131.540558 72.503128
v 120.117996 34.897488 70.012344
v 121.894455 34.892067 69.987007
v 120.105560 33.457291 67.501900
v 121.894455 33.434780 67.488899
v 120.105560 30.565226 67.488907
v 121.894440 30.542711 67.501892
v 120.105560 29.107937 69.987000
v 121.882004 29.102512 70.012344
v 120.117996 30.540564 72.503128
v 121.912827 30.570061 72.504646
v 120.087173 33.429939 72.504646
v 121.882004 33.459438 72.503128
v -0.894380 -154.607910 75.092094
v -0.910878 -154.597794 96.897789
v -0.910879 -153.402222 75.102219
v -0.894379 -153.392090 96.907913
v 84.910881 -154.597794 75.102219
v 84.894386 -154.607910 96.907913
v 84.894386 -153.392090 75.092094
v 84.910881 -153.402222 96.897789
v 24.482803 21.182528 111.817375
v 25.149006 21.164455 114.384651
v 24.466240 34.817474 111.846001
v 25.178577 34.835548 114.401764
v 32.850998 21.164454 109.615356
v 33.517197 21.182529 112.182625
v 32.821426 34.835548 109.598244
v 33.533760 34.817474 112.154007
v 39.482803 21.182528 107.817375
v 40.149006 21.164454 110.384644
v 39.466240 34.817474 107.846001
v 40.178577 34.835548 110.401764
v 47.850998 21.164454 105.615356
v 48.517197 21.182529 108.182625
v 47.821426 34.835548 105.598244
v 48.533760 34.817474 108.154007
v 54.482803 21.182529 103.817375
v 55.149002 21.164455 106.384644
v 54.466240 34.817474 103.845993
v 55.178581 34.835545 106.401764
v 62.850998 21.164455 101.615356
v 63.517204 21.182529 104.182625
v 62.821426 34.835548 101.598244
v 63.533768 34.817474 104.154007
v -122.500000 125.000000 31.000000
v -122.500000 120.000000 36.000000
v -126.681625 124.135948 33.331451
v -122.500000 121.464462 32.464462
v -125.648140 121.691216 33.654793
v -122.500000 120.000000 188.000000
v -127.500000 125.000000 188.000000
v -122.888344 122.036903 192.118683
v -125.808792 121.851868 190.345215
v -126.035538 125.000000 191.535538
v -127.500000 221.000000 36.000000
v -122.500000 226.000000 36.000000
v -126.035538 221.000000 32.464462
v -125.808784 224.148132 33.654785
v -122.888336 223.963089 31.881317
v -122.500000 221.000000 193.000000
v -122.500000 226.000000 188.000000
v -126.681625 221.864059 190.668549
v -122.500000 224.535538 191.535538
v -125.648140 224.308777 190.345200
v 7.168547 124.135956 31.818377
v 9.500000 125.000000 36.000000
v 6.845211 121.691216 32.851868
v 7.463099 120.881325 35.611656
v 4.500000 125.000000 193.000000
v 4.500000 120.000000 188.000000
v 6.845209 121.851860 191.308777
v 8.618681 122.036903 188.388336
v 8.035538 125.000000 191.535538
v 4.500000 221.000000 31.000000
v 4.500000 226.000000 36.000000
v 8.681625 221.864044 33.331459
v 4.500000 224.535538 32.464462
v 7.648142 224.308777 33.654793
v 9.500000 221.000000 188.000000
v 7.648140 223.345200 191.308777
v 7.463099 225.118683 188.388336
v 4.888338 223.963089 192.118683
v -117.576096 125.027870 185.450378
v -117.911194 124.415138 186.610214
v -118.072334 125.219124 198.138672
v -117.626907 124.590614 198.342529
v -118.024490 218.421158 185.524185
v -117.618080 219.478577 185.981262
v -117.576088 218.972137 198.549637
v -117.911194 219.584869 197.389786
v 0.072337 125.219124 185.861343
v -0.373096 124.590614 185.657486
v -0.423909 125.027870 198.549637
v -0.088808 124.415146 197.389786
v -0.024176 218.421158 185.475525
v -0.527865 219.549637 185.923920
v 0.084862 219.411194 197.389786
v -0.481251 219.118088 198.478577
v -114.028244 117.920952 42.927959
v -113.574921 116.905334 43.331520
v -114.072044 117.920944 187.028244
v -113.706276 116.969284 186.616882
v -113.163986 125.048813 43.011971
v -114.094666 124.574921 43.331520
v -114.028244 124.079056 187.072037
v -113.574928 125.094666 186.668488
v -1.927962 117.920944 42.971760
v -2.293732 116.969284 43.383125
v -1.971762 117.920937 187.072037
v -2.425079 116.905334 186.668488
v -1.971762 124.079056 42.927963
v -2.425081 125.094666 43.331520
v -1.927962 124.079063 187.028244
v -2.293731 125.030724 186.616882
v -114.028244 221.920959 42.927963
v -113.574921 220.905334 43.331520
v -114.072037 221.920944 187.028244
v -113.706276 220.969284 186.616882
v -113.163986 229.048813 43.011971
v -114.094666 228.574921 43.331520
v -113.668488 228.574921 187.094666
v -113.970078 229.126373 186.050827
v -1.927962 221.920944 42.971760
v -2.293732 220.969284 43.383125
v -1.971762 221.920944 187.072037
v -2.425079 220.905334 186.668488
v -1.971762 228.079056 42.927963
v -2.425080 229.094666 43.331520
v -1.884899 228.402802 186.724792
v -2.285789 228.968460 186.908279
v 8.629011 125.894585 42.570610
v 9.233431 124.540451 43.108681
v 8.513203 125.462921 186.966400
v 9.047705 124.708733 187.211044
v 8.570612 218.105423 42.629009
v 9.058304 219.374298 43.177483
v 9.108685 218.766586 187.459549
v 8.706573 219.501831 186.067795
v 19.501831 124.706573 43.932232
v 18.822512 125.058296 42.625710
v 18.891314 125.233421 187.459564
v 19.293428 124.498169 186.067780
v 19.370989 218.105423 42.570610
v 18.766569 219.459564 43.108681
v 19.501829 219.293427 186.067795
v 18.822515 218.941711 187.374298
v 19.726336 134.697342 58.697342
v 19.690977 134.719040 171.280975
v 19.690977 209.280975 58.719036
v 19.726336 209.302673 171.302673
v 22.309025 134.719040 58.719036
v 22.273663 134.697342 171.302673
v 22.273666 209.302673 58.697342
v 22.309025 209.280975 171.280975
v 23.000000 145.000000 89.000000
v 22.999996 199.000000 89.000000
v 23.000000 199.000000 163.000000
v 23.000004 145.000000 163.000000
v 23.113171 144.598679 51.598675
v 23.095490 144.609528 54.390480
v 23.095490 199.390488 51.609520
v 23.113171 199.401337 54.401329
v 24.904510 144.609528 51.609520
v 24.886829 144.598679 54.401329
v 24.886833 199.401337 51.598671
v 24.904514 199.390488 54.390484
v 23.113171 144.598679 63.598675
v 23.095490 144.609528 66.390480
v 23.095490 199.390488 63.609520
v 23.113171 199.401337 66.401329
v 24.904510 144.609528 63.609520
v 24.886829 144.598679 66.401329
v 24.886833 199.401337 63.598671
v 24.904514 199.390488 66.390488
v 23.113171 144.598679 75.598671
v 23.095490 144.609528 78.390488
v 23.095490 199.390488 75.609520
v 23.113171 199.401337 78.401337
v 24.904510 144.609528 75.609520
v 24.886829 144.598679 78.401337
v 24.886833 199.401337 75.598671
v 24.904514 199.390488 78.390488
v 22.117981 136.897491 62.012348
v 23.894463 136.892075 61.987000
v 22.087162 135.454132 59.509315
v 23.894455 135.434784 59.488899
v 22.117989 132.561951 59.484531
v 23.894455 132.542709 59.501900
v 22.105537 131.107941 61.987000
v 23.882019 131.102524 62.012348
v 22.105545 132.542709 64.498108
v 23.912842 132.570068 64.504654
v 22.105545 135.434784 64.511101
v 23.882011 135.459442 64.503128
v 22.117981 136.897491 173.012344
v 23.904533 136.887680 172.986481
v 22.095474 135.455566 170.505966
v 23.882008 135.438065 170.484528
v 22.117989 132.561951 170.484528
v 23.904526 132.544449 170.505966
v 22.095470 131.112320 172.986481
v 23.882019 131.102509 173.012344
v 22.117989 132.540573 175.503143
v 23.904526 132.567871 175.507584
v 22.095478 135.432144 175.507584
v 23.882011 135.459442 175.503143
v 22.117981 212.897491 62.012352
v 23.894466 212.892059 61.987000
v 22.087162 211.454132 59.509315
v 23.894455 211.434784 59.488899
v 22.117989 208.561951 59.484531
v 23.894455 208.542709 59.501900
v 22.105537 207.107941 61.987000
v 23.882019 207.102524 62.012348
v 22.105545 208.542709 64.498108
v 23.912842 208.570053 64.504646
v 22.105545 211.434784 64.511101
v 23.882011 211.459442 64.503128
v 22.117981 212.897491 173.012360
v 23.904533 212.887680 172.986481
v 22.095478 211.455566 170.505966
v 23.882008 211.438065 170.484528
v 22.117992 208.561935 170.484528
v 23.904526 208.544434 170.505966
v 22.095470 207.112320 172.986465
v 23.882019 207.102524 173.012344
v 22.117992 208.540573 175.503143
v 23.904522 208.567871 175.507584
v 22.095478 211.432144 175.507584
v 23.882011 211.459442 175.503143
v -60.076092 126.527870 199.950378
v -60.411194 125.915146 201.110214
v -60.572334 126.719124 209.638672
v -60.126904 126.090614 209.842529
v -60.572338 153.280884 200.361343
v -60.126900 153.909393 200.157486
v -60.076092 153.472137 210.049637
v -60.411190 154.084869 208.889786
v -23.427662 126.719124 200.361343
v -23.873096 126.090614 200.157486
v -23.923910 126.527870 210.049637
v -23.588810 125.915146 208.889801
v -23.923912 153.472137 199.950378
v -23.588810 154.084869 201.110214
v -23.427666 153.280884 209.638672
v -23.873102 153.909393 209.842529
v -50.909466 133.078949 210.478943
v -50.923607 133.087631 211.512405
v -50.923615 146.912384 210.487610
v -50.909466 146.921051 211.521072
v -31.076389 133.087616 210.487610
v -31.090538 133.078949 211.521072
v -31.090532 146.921051 210.478943
v -31.076389 146.912369 211.512405
v -60.475826 188.078857 199.975525
v -59.972134 186.950378 200.423920
v -60.572334 187.719131 209.638672
v -60.126904 187.090622 209.842529
v -60.524490 213.921158 200.024185
v -60.118080 214.978577 200.481262
v -60.076088 214.472137 210.049637
v -60.411190 215.084869 208.889801
v -23.427662 187.719131 200.361343
v -23.873100 187.090622 200.157486
v -23.923912 187.527878 210.049637
v -23.588810 186.915146 208.889786
v -23.524178 213.921158 199.975525
v -24.027866 215.049637 200.423920
v -23.415140 214.911194 208.889801
v -23.981251 214.618088 209.978577
v -50.909466 194.078949 210.478943
v -50.923607 194.087631 211.512405
v -50.923615 207.912384 210.487610
v -50.909466 207.921051 211.521072
v -31.076389 194.087616 210.487610
v -31.090538 194.078949 211.521072
v -31.090532 207.921051 210.478943
v -31.076389 207.912369 211.512405
v -78.662323 -26.150578 67.242638
v -74.639999 -27.500000 69.000000
v -70.617683 -28.849422 67.242645
v -68.951584 -29.408373 63.000000
v -70.617676 -28.849422 58.757359
v -74.639999 -27.500000 57.000000
v -78.662323 -26.150578 58.757359
v -80.328415 -25.591627 63.000000
v -66.499962 12.915844 67.242638
v -49.940468 48.023232 69.078972
v -46.702480 44.299564 67.227325
v -56.789280 9.657874 63.000000
v -45.999462 46.079666 58.892612
v -50.136246 47.428261 57.008083
v -66.499962 12.915845 58.757359
v -68.166046 13.474824 63.000000
v -52.398880 51.992310 67.231018
v -43.248055 47.368118 63.013077
v -52.506477 51.729733 58.750484
v -54.031940 52.631882 62.986923
v -39.704315 72.091698 65.647041
v -35.928165 70.167038 67.414719
v -32.140976 68.245209 65.667702
v -30.561230 67.451988 61.429367
v -32.114326 68.252029 57.182468
v -35.890476 70.176682 55.414783
v -39.677666 72.098511 57.161804
v -41.257412 72.891731 61.400143
v -32.150593 90.368607 66.905876
v -28.046925 89.611610 68.822952
v -23.704885 89.667908 67.329018
v -21.667982 90.504532 63.299206
v -23.129406 91.631393 59.094120
v -27.233076 92.388390 57.177048
v -31.575115 92.332092 58.670982
v -33.612015 91.495468 62.700794
v -35.379185 101.409851 71.645050
v -31.465723 101.872940 74.002731
v -27.436926 103.938560 73.234413
v -25.652807 106.396698 69.790176
v -27.158482 107.807404 65.687592
v -31.071945 107.344315 63.329910
v -35.100742 105.278687 64.098228
v -36.884857 102.820557 67.542465
v -42.741638 113.780495 78.968391
v -38.832230 114.253235 81.330879
v -34.810215 116.334984 80.570610
v -33.031639 118.806297 77.132942
v -34.538361 120.219505 73.031609
v -38.447773 119.746765 70.669113
v -42.469784 117.665009 71.429390
v -44.248360 115.193703 74.867058
v -77.991936 -26.375481 98.535530
v -74.639999 -27.500000 100.000000
v -71.288071 -28.624519 98.535538
v -69.899651 -29.090309 95.000000
v -71.288063 -28.624519 91.464470
v -74.639999 -27.500000 90.000000
v -77.991936 -26.375481 91.464462
v -79.380348 -25.909689 95.000000
v -65.829582 12.690928 98.535530
v -49.950302 47.996696 100.079193
v -47.354454 44.570747 98.519196
v -57.737343 9.975953 95.000000
v -46.634178 46.396194 91.599335
v -50.123516 47.459629 90.007393
v -65.829575 12.690929 91.464462
v -67.217987 13.156745 95.000000
v -51.772400 51.660255 98.525848
v -44.146713 47.806767 95.010895
v -51.862064 51.441444 91.458740
v -53.133286 52.193233 94.989105
v -39.071819 71.771721 96.941650
v -35.925026 70.167847 98.414726
v -32.769035 68.566315 96.958878
v -31.452579 67.905296 93.426926
v -32.746826 68.571999 89.887848
v -35.893616 70.175873 88.414772
v -39.049610 71.777405 89.870621
v -40.366062 72.438423 93.402573
v -31.398827 90.473839 98.254898
v -27.979105 89.843010 99.852463
v -24.360737 89.889923 98.607513
v -22.663319 90.587112 95.249336
v -23.881172 91.526161 91.745102
v -27.300896 92.156990 90.147537
v -30.919262 92.110077 91.392487
v -32.616680 91.412888 94.750664
v -34.694126 101.942978 103.148590
v -31.432909 102.328888 105.113327
v -28.075577 104.050240 104.473068
v -26.588812 106.098686 101.602867
v -27.843540 107.274277 98.184052
v -31.104759 106.888367 96.219315
v -34.462090 105.167015 96.859573
v -35.948856 103.118568 99.729774
v -42.058029 114.317078 110.473663
v -38.800190 114.711021 112.442398
v -35.448513 116.445824 111.808846
v -33.966362 118.505249 108.944115
v -35.221970 119.682922 105.526337
v -38.479809 119.288971 103.557602
v -41.831486 117.554176 104.191154
v -43.313637 115.494751 107.055885
v -77.321548 -26.600386 155.828430
v -72.811111 -28.111879 156.714020
v -71.065582 -28.701220 151.456726
v -75.858398 -27.089233 149.016174
v -78.432281 -26.227753 153.000000
v -65.159195 12.466012 155.828430
v -49.960152 47.970089 157.079407
v -48.006462 44.841866 155.811066
v -58.685410 10.294033 153.000000
v -47.268902 46.712723 150.306046
v -50.110786 47.491013 149.006714
v -65.159195 12.466013 150.171570
v -66.269920 12.838665 153.000000
v -51.145920 51.328205 155.820679
v -45.045372 48.245415 153.008713
v -51.217651 51.153156 150.166992
v -52.234627 51.754585 152.991287
v -38.439320 71.451752 154.236267
v -35.921886 70.168648 155.414734
v -33.397091 68.887428 154.250046
v -32.343929 68.358612 151.424484
v -33.379322 68.891968 148.593231
v -35.896759 70.175072 147.414764
v -38.421551 71.456291 148.579453
v -39.474712 71.985107 151.405014
v -30.647062 90.579071 155.603912
v -27.911283 90.074402 156.881973
v -25.016590 90.111938 155.886017
v -23.658655 90.669685 153.199463
v -24.632938 91.420929 150.396088
v -27.368717 91.925598 149.118027
v -30.263409 91.888062 150.113983
v -31.621344 91.330315 152.800537
v -34.009068 102.476105 160.652145
v -31.400093 102.784836 162.223923
v -28.714228 104.161919 161.711716
v -27.524817 105.800674 159.415558
v -28.528599 106.741150 156.680496
v -31.137573 106.432419 155.108719
v -33.823441 105.055336 155.620926
v -35.012852 103.416580 157.917084
v -41.374424 114.853661 167.978928
v -38.768154 115.168823 169.553925
v -36.086811 116.556656 169.047073
v -34.901093 118.204201 166.755295
v -35.905575 119.146339 164.021072
v -38.511848 118.831177 162.446075
v -41.193192 117.443344 162.952927
v -42.378906 115.795799 165.244705
v 6.120813 198.552704 70.516205
v 6.520872 195.036560 71.972664
v 6.615810 191.498993 70.516205
v 6.350016 190.012268 67.000000
v 5.879187 191.447296 63.483799
v 5.479128 194.963440 62.027340
v 5.384190 198.501007 63.483799
v 5.649984 199.987732 67.000000
v 36.491280 206.157669 68.346954
v 36.847870 202.638763 69.808044
v 36.891727 199.097946 68.357033
v 36.597153 197.609406 64.843895
v 36.136711 199.045090 61.326584
v 35.780121 202.563995 59.865494
v 35.736263 206.104813 61.316509
v 36.030838 207.593353 64.829643
v 65.729828 201.851837 64.068398
v 64.142944 198.869293 65.865860
v 61.886536 195.963318 64.812965
v 60.282379 194.836182 61.526489
v 60.270172 196.148163 57.931599
v 61.857056 199.130707 56.134140
v 64.113464 202.036697 57.187035
v 65.717621 203.163818 60.473511
v 83.457451 169.631821 55.595093
v 80.598106 168.587509 57.914196
v 76.850029 167.953674 57.472813
v 74.408783 168.101639 54.529499
v 74.704414 168.944687 50.808411
v 77.563759 169.988998 48.489307
v 81.311844 170.622833 48.930691
v 83.753082 170.474869 51.874004
v 79.266800 130.422928 49.075405
v 76.498772 130.977112 51.659119
v 72.852783 132.130493 51.513584
v 70.464607 133.207428 48.724056
v 70.733200 133.577072 44.924595
v 73.501228 133.022888 42.340881
v 77.147217 131.869507 42.486416
v 79.535393 130.792572 45.275948
v 63.209686 100.419373 47.053005
v 60.897034 101.910156 49.712677
v 57.744743 104.078972 49.649490
v 55.599396 105.655350 46.900463
v 55.717697 105.715881 43.075939
v 58.030350 104.225098 40.416267
v 61.182640 102.056282 40.479454
v 63.327988 100.479897 43.228481
v 40.740307 74.343491 46.988232
v 38.432472 75.841270 49.648159
v 35.285515 78.017815 49.585258
v 33.142879 79.598145 46.836376
v 33.259693 79.656509 43.011768
v 35.567532 78.158730 40.351841
v 38.714485 75.982178 40.414742
v 40.857121 74.401855 43.163628
v -130.698212 132.263138 49.763126
v -130.745361 132.292053 176.207962
v -130.745361 213.707962 49.792046
v -130.698227 213.736877 176.236877
v -127.254639 132.292053 49.792049
v -127.301781 132.263138 176.236877
v -127.301788 213.736877 49.763123
v -127.254639 213.707962 176.207962
v -141.338226 -112.236877 223.263138
v -141.385361 -112.207954 246.707962
v -141.385361 7.207951 223.292053
v -141.338226 7.236875 246.736877
v -137.894623 -112.207954 223.292053
v -137.941772 -112.236877 246.736877
v -137.941772 7.236872 223.263138
v -137.894623 7.207951 246.707962
v -141.773331 -106.500000 228.000000
v -141.773331 1.500000 242.000000
v -141.906677 -106.500000 242.000000
v -141.906677 1.500000 228.000000
v -142.661346 -105.568344 228.008240
v -141.810379 -105.571960 227.991333
v -142.681900 -106.530594 226.339539
v -141.810379 -106.543488 226.325928
v -142.661346 -108.458702 226.323013
v -141.810379 -108.471527 226.334595
v -142.669647 -109.428047 227.991333
v -141.818665 -109.431664 228.008240
v -142.669647 -108.471527 229.665405
v -141.798126 -108.453293 229.669769
v -142.669647 -106.543480 229.674072
v -141.818680 -106.527046 229.668762
v -142.661346 -105.568344 242.008240
v -141.810379 -105.571960 241.991333
v -142.681900 -106.530594 240.339539
v -141.810379 -106.543488 240.325928
v -142.661346 -108.458702 240.323013
v -141.810379 -108.471527 240.334595
v -142.669647 -109.428047 241.991333
v -141.818665 -109.431656 242.008240
v -142.669647 -108.471527 243.665405
v -141.798126 -108.453293 243.669769
v -142.669647 -106.543480 243.674072
v -141.818680 -106.527046 243.668762
v -142.661346 4.431656 228.008240
v -141.810379 4.428042 227.991333
v -142.681900 3.469407 226.339539
v -141.810379 3.456514 226.325928
v -142.661346 1.541301 226.323013
v -141.810379 1.528477 226.334595
v -142.669647 0.571959 227.991348
v -141.818665 0.568344 228.008240
v -142.669647 1.528476 229.665405
v -141.798111 1.546708 229.669769
v -142.669647 3.456520 229.674072
v -141.818665 3.472955 229.668762
v -142.661346 4.431656 242.008240
v -141.810379 4.428042 241.991333
v -142.681900 3.469407 240.339539
v -141.810379 3.456514 240.325928
v -142.661346 1.541301 240.323013
v -141.810379 1.528477 240.334595
v -142.669647 0.571960 241.991348
v -141.818665 0.568344 242.008240
v -142.669647 1.528477 243.665405
v -141.798126 1.546709 243.669769
v -142.669647 3.456520 243.674072
v -141.818665 3.472955 243.668762
vn -0.0003 -1.0000 0.0096
vn 0.9998 0.0004 -0.0214
vn -0.0005 -0.0002 1.0000
vn -0.9998 -0.0004 -0.0214
vn 0.0003 1.0000 0.0096
vn -0.3381 0.0005 -0.9411
vn -0.3381 -0.0005 0.9411
vn 0.0011 0.8841 -0.4673
vn -0.0011 0.8841 0.4673
vn 0.9010 0.4330 0.0270
vn 0.3381 -0.0005 -0.9411
vn 0.3381 0.0005 0.9411
vn -0.0011 -0.8841 -0.4673
vn 0.0011 -0.8841 0.4673
vn 0.0005 -0.0002 -1.0000
vn 0.0002 -1.0000 -0.0084
vn 0.9999 0.0002 -0.0137
vn 0.0002 0.0001 1.0000
vn -0.9999 -0.0002 -0.0137
vn -0.0002 1.0000 -0.0084
vn -0.0002 0.0001 -1.0000
vn 0.0001 -1.0000 -0.0084
vn 0.9999 0.0001 -0.0137
vn 0.0001 -0.0000 1.0000
vn -0.9999 -0.0001 -0.0137
vn -0.0001 1.0000 -0.0084
vn -0.0001 -0.0000 -1.0000
vn 0.0006 -0.9999 -0.0128
vn 0.9999 0.0126 -0.0097
vn 0.0004 0.0088 1.0000
vn -0.9999 -0.0127 -0.0112
vn -0.0006 0.9999 -0.0128
vn -0.4305 0.0123 -0.9025
vn -0.4305 -0.0123 0.9025
vn 0.0011 0.8840 -0.4674
vn -0.0016 0.8840 0.4674
vn 0.4631 0.8856 0.0355
vn 0.4305 -0.0123 -0.9025
vn 0.3348 0.0222 0.9420
vn -0.0011 -0.8841 -0.4674
vn 0.0011 -0.8841 0.4674
vn -0.0008 0.0155 -0.9999
vn -0.0000 -1.0000 -0.0015
vn 0.9999 0.0137 -0.0024
vn -0.0000 0.0084 1.0000
vn -0.9999 -0.0136 -0.0024
vn -0.0000 1.0000 -0.0015
vn -0.0000 0.0084 -1.0000
vn -0.5457 0.5511 0.6313
vn -0.0034 0.7837 -0.6212
vn -0.5509 0.5444 -0.6326
vn 0.7749 -0.0045 0.6320
vn 0.5509 -0.5444 -0.6326
vn 0.7842 0.0035 -0.6204
vn 0.5457 -0.5511 0.6313
vn 0.0034 -0.7836 -0.6212
vn -0.0044 -0.7811 0.6244
vn -0.5454 -0.5513 -0.6313
vn -0.5517 -0.5474 0.6292
vn -0.7842 -0.0035 -0.6204
vn -0.7749 0.0045 0.6320
vn 0.5517 0.5474 0.6292
vn 0.5454 0.5513 -0.6313
vn 0.0044 0.7811 0.6244
vn -0.0034 0.7836 -0.6212
vn -0.7843 -0.0035 -0.6204
vn 0.0034 -0.7837 -0.6212
vn 0.9999 0.0127 -0.0112
vn 0.0008 0.0155 0.9999
vn -0.9999 -0.0126 -0.0097
vn -0.3348 -0.0222 0.9420
vn 0.0011 0.8841 -0.4674
vn -0.0011 0.8841 0.4674
vn 0.8193 0.5728 0.0243
vn 0.4305 0.0123 0.9025
vn -0.0011 -0.8840 -0.4674
vn 0.0016 -0.8840 0.4674
vn 0.9999 0.0136 -0.0024
vn -0.9999 -0.0137 -0.0024
vn 0.0120 -0.9998 -0.0130
vn 0.9999 0.0003 -0.0119
vn 0.0157 0.0004 0.9999
vn -0.9999 -0.0003 -0.0119
vn -0.0120 0.9998 -0.0130
vn -0.4165 0.0003 -0.9091
vn -0.4165 -0.0003 0.9091
vn 0.0218 0.8814 -0.4720
vn -0.0218 0.8814 0.4720
vn 0.4165 -0.0003 -0.9091
vn 0.4165 0.0003 0.9091
vn -0.0218 -0.8814 -0.4720
vn 0.0218 -0.8814 0.4720
vn -0.0157 0.0004 -0.9999
vn 0.0010 -1.0000 -0.0084
vn 0.9999 0.0009 -0.0137
vn 0.0010 0.0006 1.0000
vn -0.9999 -0.0009 -0.0137
vn -0.0010 1.0000 -0.0084
vn -0.0010 0.0006 -1.0000
vn 0.8194 0.5728 0.0243
vn -0.0000 -1.0000 -0.0000
vn 0.9992 0.0236 -0.0319
vn 0.0237 0.0237 0.9994
vn -0.9992 -0.0236 -0.0319
vn -0.0236 0.9992 -0.0319
vn -0.8599 -0.2910 0.4193
vn -0.2856 0.0200 -0.9581
vn -0.8717 -0.0031 -0.4901
vn -0.4417 -0.8970 -0.0204
vn -0.8731 0.0034 0.4875
vn -0.4417 0.8969 0.0204
vn 0.0197 0.4865 -0.8735
vn 0.0148 0.8423 -0.5389
vn -0.0197 0.4865 0.8735
vn -0.0148 0.8423 0.5389
vn 0.8969 0.4417 0.0204
vn 0.3593 -0.0186 -0.9330
vn 0.8765 0.0042 -0.4813
vn 0.2856 0.0200 0.9581
vn 0.8717 -0.0031 0.4901
vn 0.4433 -0.8964 -0.0000
vn -0.0197 -0.4865 -0.8735
vn -0.0148 -0.8423 -0.5389
vn -0.0073 -0.5081 0.8613
vn 0.0080 -0.8397 0.5431
vn -0.0237 0.0237 -0.9994
vn 0.0014 -1.0000 -0.0084
vn 0.9999 0.0022 -0.0137
vn 0.0014 0.0014 1.0000
vn -0.9999 -0.0022 -0.0137
vn -0.0014 1.0000 -0.0084
vn -0.0014 0.0014 -1.0000
vn -0.2914 0.7368 0.6101
vn -0.0092 0.7701 -0.6379
vn -0.3204 0.7668 -0.5562
vn 0.5287 0.5168 0.6733
vn 0.7676 0.3210 -0.5548
vn 0.5113 0.5277 -0.6783
vn 0.7340 0.2881 0.6150
vn 0.7656 0.0076 -0.6432
vn 0.7643 -0.0068 0.6448
vn 0.7670 -0.3016 -0.5663
vn 0.6654 -0.3027 0.6823
vn 0.5392 -0.5017 -0.6765
vn 0.5772 -0.6018 0.5519
vn 0.2947 -0.6761 -0.6753
vn 0.2895 -0.7173 0.6338
vn 0.0035 -0.7874 -0.6165
vn -0.0119 -0.7442 0.6678
vn -0.2810 -0.7169 -0.6380
vn -0.3149 -0.7307 0.6057
vn -0.5179 -0.5247 -0.6756
vn -0.5304 -0.5194 0.6700
vn -0.7671 -0.3180 -0.5571
vn -0.6886 -0.2603 0.6768
vn -0.7635 -0.0147 -0.6456
vn -0.8236 0.0124 0.5671
vn -0.7670 0.3078 -0.5630
vn -0.7107 0.3071 0.6329
vn -0.5290 0.5110 -0.6775
vn -0.5186 0.5283 0.6723
vn 0.3162 0.7305 0.6053
vn 0.3048 0.7711 -0.5590
vn 0.0099 0.7469 0.6649
vn -0.6886 0.4006 0.6044
vn -0.0031 0.7931 -0.6091
vn -0.6880 0.3926 -0.6104
vn 0.6836 -0.4002 0.6103
vn 0.0046 -0.7892 -0.6141
vn 0.6917 -0.3954 -0.6044
vn -0.0031 -0.7931 0.6091
vn -0.6886 -0.4006 -0.6044
vn -0.6880 -0.3926 0.6104
vn 0.6917 0.3954 0.6044
vn 0.6836 0.4002 -0.6103
vn 0.0046 0.7892 0.6141
vn 0.0236 -0.9992 -0.0319
vn 0.0219 0.0219 0.9995
vn -0.8599 0.2910 -0.4193
vn 0.8599 0.2910 0.4193
vn -0.8731 -0.0034 -0.4875
vn -0.4417 -0.8969 -0.0204
vn -0.2856 -0.0200 0.9581
vn -0.8717 0.0031 0.4901
vn -0.0073 0.5081 -0.8613
vn 0.0080 0.8397 -0.5431
vn 0.0073 0.5081 0.8613
vn -0.0080 0.8397 0.5431
vn 0.2856 -0.0200 -0.9581
vn 0.8717 0.0031 -0.4901
vn 0.8731 -0.0034 0.4875
vn 0.4417 -0.8969 0.0204
vn 0.0197 -0.4865 0.8735
vn 0.0148 -0.8423 0.5389
vn -0.0219 0.0219 -0.9995
vn -0.2854 0.7268 0.6248
vn -0.0096 0.7636 -0.6456
vn -0.3169 0.7626 -0.5640
vn 0.6079 0.5849 0.5369
vn 0.6720 0.2932 -0.6801
vn 0.5163 0.5483 -0.6578
vn 0.7198 0.2870 0.6320
vn 0.7893 0.0037 -0.6140
vn 0.7500 -0.0144 0.6613
vn 0.6981 -0.2809 -0.6586
vn 0.6949 -0.2951 0.6558
vn 0.5476 -0.5281 -0.6490
vn 0.5164 -0.5345 0.6690
vn 0.2982 -0.6744 -0.6754
vn 0.2973 -0.7348 0.6097
vn -0.0116 -0.7466 0.6652
vn -0.2776 -0.6964 -0.6618
vn -0.3124 -0.7356 0.6010
vn -0.5289 -0.5499 -0.6464
vn -0.5372 -0.5032 0.6769
vn -0.6684 -0.3001 -0.6806
vn -0.7779 -0.3117 0.5456
vn -0.7885 -0.0015 -0.6151
vn -0.7548 0.0157 0.6557
vn -0.7158 0.2824 -0.6387
vn -0.7278 0.3114 0.6111
vn -0.5234 0.5197 -0.6752
vn -0.5211 0.5283 0.6703
vn 0.2998 0.6657 0.6834
vn 0.2845 0.6975 -0.6577
vn 0.0010 0.8272 0.5619
vn 0.8599 -0.2910 -0.4193
vn 0.8731 0.0034 -0.4875
vn 0.0073 -0.5081 -0.8613
vn -0.0080 -0.8397 -0.5431
vn -0.2991 0.7421 0.5999
vn -0.0035 0.7874 -0.6165
vn -0.2992 0.6744 -0.6750
vn 0.5375 0.5026 0.6771
vn 0.6684 0.3001 -0.6806
vn 0.5289 0.5499 -0.6464
vn 0.7779 0.3117 0.5456
vn 0.7885 0.0015 -0.6151
vn 0.7548 -0.0157 0.6557
vn 0.7158 -0.2824 -0.6387
vn 0.7278 -0.3114 0.6111
vn 0.5234 -0.5197 -0.6752
vn 0.5188 -0.5280 0.6724
vn 0.3169 -0.7626 -0.5640
vn 0.2915 -0.7371 0.6097
vn 0.0055 -0.7699 -0.6382
vn -0.0157 -0.7455 0.6663
vn -0.2761 -0.6957 -0.6631
vn -0.3048 -0.7111 0.6335
vn -0.5179 -0.5444 -0.6598
vn -0.5878 -0.5880 0.5556
vn -0.6798 -0.2905 -0.6734
vn -0.6836 -0.2788 0.6745
vn -0.7915 -0.0091 -0.6111
vn -0.7683 0.0126 0.6399
vn -0.6968 0.2791 -0.6607
vn -0.7278 0.3068 0.6134
vn -0.5467 0.5301 -0.6481
vn -0.5109 0.5339 0.6737
vn 0.3124 0.7356 0.6010
vn 0.2776 0.6964 -0.6618
vn 0.0129 0.7488 0.6627
vn -0.0000 1.0000 -0.0000
vn -0.3593 0.0186 -0.9330
vn -0.8765 -0.0042 -0.4813
vn -0.4433 0.8964 -0.0000
vn 0.8970 0.4417 0.0204
vn -0.3018 0.6761 -0.6722
vn 0.5304 0.5191 0.6702
vn 0.7671 0.3180 -0.5571
vn 0.5179 0.5247 -0.6756
vn 0.6886 0.2603 0.6768
vn 0.7635 0.0147 -0.6456
vn 0.8236 -0.0124 0.5671
vn 0.7670 -0.3078 -0.5630
vn 0.7107 -0.3071 0.6329
vn 0.5290 -0.5110 -0.6775
vn 0.5180 -0.5282 0.6728
vn 0.3204 -0.7668 -0.5562
vn 0.2914 -0.7368 0.6101
vn 0.0092 -0.7701 -0.6379
vn -0.0110 -0.7451 0.6669
vn -0.3048 -0.7711 -0.5590
vn -0.3151 -0.7250 0.6124
vn -0.5101 -0.5274 -0.6794
vn -0.5311 -0.5182 0.6704
vn -0.7695 -0.3198 -0.5529
vn -0.7018 -0.2719 0.6584
vn -0.7661 -0.0087 -0.6426
vn -0.7492 0.0056 0.6623
vn -0.7633 0.2987 -0.5729
vn -0.7220 0.3081 0.6194
vn -0.5385 0.5135 -0.6680
vn -0.5117 0.5343 0.6729
vn 0.3149 0.7307 0.6057
vn 0.2810 0.7169 -0.6380
vn 0.0142 0.7465 0.6653
vn 0.0054 -1.0000 -0.0005
vn 1.0000 0.0084 -0.0008
vn 0.0124 0.0126 0.9998
vn -1.0000 -0.0099 -0.0008
vn -0.0106 0.9999 -0.0009
vn -0.4279 0.0101 -0.9038
vn -0.4279 -0.0101 0.9038
vn 0.0178 0.8819 -0.4710
vn -0.0178 0.8819 0.4710
vn 0.8161 0.5779 0.0017
vn 0.3329 -0.0181 -0.9428
vn 0.4279 0.0101 0.9038
vn -0.0262 -0.8807 -0.4729
vn 0.0178 -0.8819 0.4711
vn -0.0124 0.0126 -0.9998
vn 0.0068 -1.0000 -0.0002
vn 1.0000 0.0031 -0.0004
vn 0.0068 0.0019 1.0000
vn -1.0000 -0.0031 -0.0004
vn -0.0068 1.0000 -0.0002
vn -0.0068 0.0019 -1.0000
vn 0.0086 -1.0000 -0.0005
vn 0.9999 0.0132 -0.0008
vn 0.0194 0.0198 0.9996
vn -0.9999 -0.0156 -0.0007
vn -0.0166 0.9999 -0.0009
vn -0.4345 0.0158 -0.9005
vn -0.4345 -0.0158 0.9005
vn 0.0281 0.8805 -0.4733
vn -0.0281 0.8805 0.4733
vn 0.3377 -0.0287 -0.9408
vn 0.4345 0.0158 0.9006
vn -0.0423 -0.8783 -0.4762
vn 0.0281 -0.8805 0.4733
vn -0.0194 0.0198 -0.9996
vn 0.6029 0.4029 0.6886
vn -0.6029 0.7978 0.0046
vn -0.6107 0.3904 0.6890
vn 0.6108 -0.4006 -0.6830
vn -0.6108 -0.7918 -0.0054
vn -0.6030 -0.3958 -0.6926
vn 0.6030 -0.7977 0.0035
vn -0.6086 -0.4003 0.6851
vn 0.6153 -0.3887 0.6857
vn 0.6086 0.3932 -0.6892
vn -0.6153 0.3995 -0.6795
vn 0.6107 0.7919 -0.0064
vn 0.6030 0.4019 0.6891
vn -0.6086 0.7935 0.0041
vn -0.6108 0.3912 0.6884
vn 0.6107 -0.4015 -0.6826
vn -0.6153 -0.7882 -0.0062
vn -0.6029 -0.3949 -0.6932
vn 0.6086 -0.7935 0.0041
vn -0.6030 -0.4019 0.6891
vn 0.6108 -0.3912 0.6884
vn 0.6029 0.3949 -0.6932
vn -0.6107 0.4015 -0.6826
vn 0.6153 0.7882 -0.0062
vn 0.0106 -0.9999 -0.0009
vn 1.0000 0.0099 -0.0008
vn 0.4279 -0.0101 -0.9038
vn -0.0178 -0.8819 -0.4710
vn 0.0178 -0.8819 0.4710
vn -0.9999 -0.0158 -0.0009
vn -0.0158 0.9999 -0.0009
vn -0.8863 0.0083 -0.4631
vn -0.8863 -0.0083 0.4631
vn 0.0095 0.8830 -0.4692
vn 0.0095 -0.8830 0.4692
vn -0.0069 0.0071 -1.0000
vn -0.1446 0.8569 0.4948
vn 0.0110 0.8728 -0.4880
vn -0.1977 0.8480 -0.4917
vn 0.3406 0.8413 0.4197
vn 0.4658 0.7199 -0.5146
vn 0.2865 0.7102 -0.6431
vn 0.5022 0.6966 0.5124
vn 0.5091 0.5345 -0.6746
vn 0.5977 0.5827 0.5506
vn 0.7066 0.4891 -0.5114
vn 0.6478 0.4155 0.6385
vn 0.8065 0.3496 -0.4769
vn 0.6815 0.2750 0.6782
vn 0.8067 0.1526 -0.5709
vn 0.8536 0.1573 0.4966
vn 0.8317 0.0171 -0.5549
vn 0.7615 -0.0051 0.6481
vn 0.8763 -0.1416 -0.4605
vn 0.8324 -0.1695 0.5276
vn 0.8084 -0.3439 -0.4777
vn 0.8062 -0.3496 0.4773
vn 0.6868 -0.4545 -0.5672
vn 0.7006 -0.4878 0.5207
vn 0.5437 -0.5334 -0.6480
vn 0.5194 -0.5416 0.6610
vn 0.4886 -0.7085 -0.5092
vn 0.4805 -0.7478 0.4582
vn 0.3007 -0.6777 -0.6710
vn 0.2710 -0.6793 0.6820
vn 0.1815 -0.8369 -0.5164
vn 0.1526 -0.8408 0.5194
vn 0.0123 -0.8732 -0.4872
vn 0.0035 -0.8289 0.5594
vn -0.1630 -0.8394 -0.5185
vn -0.1857 -0.8590 0.4771
vn -0.2953 -0.7280 -0.6187
vn -0.3417 -0.7851 0.5166
vn -0.3983 -0.6140 -0.6815
vn -0.4275 -0.6085 0.6686
vn -0.6086 -0.6219 -0.4928
vn -0.6174 -0.5996 0.5093
vn -0.6219 -0.4285 -0.6554
vn -0.6429 -0.4243 0.6377
vn -0.8071 -0.3466 -0.4779
vn -0.7784 -0.3209 0.5395
vn -0.7066 -0.1488 -0.6918
vn -0.8648 -0.1575 0.4768
vn -0.8439 -0.0105 -0.5364
vn -0.8224 0.0232 0.5685
vn -0.7294 0.1360 -0.6705
vn -0.8185 0.1598 0.5519
vn -0.7635 0.3127 -0.5651
vn -0.8281 0.3287 0.4542
vn -0.7128 0.4540 -0.5346
vn -0.7184 0.5089 0.4743
vn -0.6356 0.6168 -0.4643
vn -0.5576 0.5791 0.5948
vn -0.4676 0.7072 -0.5302
vn -0.4670 0.6953 0.5463
vn -0.3257 0.7480 -0.5782
vn -0.3548 0.8219 0.4457
vn 0.1573 0.8106 0.5641
vn 0.1592 0.8181 -0.5525
vn -0.0543 -0.2792 0.9587
vn 0.2629 -0.1079 0.9588
vn 0.1777 0.3493 0.9200
vn 0.0153 0.8044 0.5939
vn -0.0380 0.3529 -0.9349
vn 0.2637 0.1078 -0.9586
vn 0.3748 -0.1057 -0.9211
vn -0.0020 -0.2761 -0.9611
vn -0.2790 -0.0563 0.9586
vn -0.3388 0.1793 0.9236
vn -0.2152 0.2177 -0.9520
vn -0.1167 0.3648 0.9237
vn -0.1479 0.7610 0.6316
vn -0.0015 0.7811 -0.6244
vn -0.1486 0.7079 -0.6905
vn 0.2822 0.6653 0.6912
vn 0.4453 0.6791 -0.5836
vn 0.2856 0.6993 -0.6553
vn 0.4221 0.6116 0.6692
vn 0.5067 0.5139 -0.6923
vn 0.5202 0.5199 0.6776
vn 0.6692 0.4461 -0.5942
vn 0.6401 0.4246 0.6402
vn 0.7053 0.2969 -0.6437
vn 0.6722 0.2706 0.6892
vn 0.7091 0.1483 -0.6894
vn 0.7640 0.1480 0.6280
vn 0.7768 0.0019 -0.6298
vn 0.7314 -0.0068 0.6819
vn 0.7189 -0.1372 -0.6814
vn 0.7396 -0.1502 0.6561
vn 0.7159 -0.2905 -0.6349
vn 0.7436 -0.3067 0.5942
vn 0.6059 -0.4009 -0.6872
vn 0.6015 -0.4042 0.6891
vn 0.5508 -0.5444 -0.6326
vn 0.5225 -0.5327 0.6657
vn 0.4132 -0.6063 -0.6794
vn 0.4153 -0.6246 0.6613
vn 0.3053 -0.7203 -0.6229
vn 0.3092 -0.7442 0.5921
vn 0.1450 -0.7094 -0.6897
vn 0.1397 -0.7113 0.6889
vn 0.0036 -0.7834 -0.6215
vn -0.0060 -0.7551 0.6556
vn -0.1388 -0.7200 -0.6799
vn -0.1518 -0.7594 0.6326
vn -0.2857 -0.6994 -0.6552
vn -0.2827 -0.6648 0.6915
vn -0.4452 -0.6792 -0.5835
vn -0.4233 -0.6129 0.6672
vn -0.5069 -0.5145 -0.6916
vn -0.5208 -0.5207 0.6765
vn -0.6692 -0.4461 -0.5942
vn -0.6421 -0.4262 0.6373
vn -0.7083 -0.2988 -0.6395
vn -0.6717 -0.2697 0.6900
vn -0.7082 -0.1485 -0.6902
vn -0.7607 -0.1465 0.6324
vn -0.7741 -0.0010 -0.6331
vn -0.7350 0.0073 0.6780
vn -0.7372 0.1424 -0.6605
vn -0.7285 0.1474 0.6690
vn -0.6705 0.2768 -0.6883
vn -0.6687 0.2800 0.6888
vn -0.6653 0.4456 -0.5991
vn -0.6359 0.4329 0.6389
vn -0.5380 0.5318 -0.6540
vn -0.5138 0.5246 0.6789
vn -0.4103 0.6009 -0.6860
vn -0.4110 0.6163 0.6718
vn -0.3054 0.7258 -0.6164
vn -0.2719 0.6724 0.6885
vn 0.1537 0.7639 0.6268
vn 0.1382 0.7199 -0.6802
vn 0.0054 0.7326 0.6806
vn 0.8733 0.3364 -0.3523
vn 0.7429 0.1338 0.6559
vn 0.9995 0.0293 -0.0107
vn 0.6890 0.3267 0.6470
vn 0.0890 -0.0076 0.9960
vn 0.2224 0.1936 0.9555
vn -0.8065 -0.2473 0.5371
vn -0.8107 -0.4320 -0.3952
vn -0.9957 -0.0645 -0.0667
vn -0.7399 -0.1109 -0.6635
vn 0.0892 0.0423 -0.9951
vn 0.7032 0.1022 -0.7036
vn 0.8222 0.5679 0.0384
vn -0.5104 -0.5203 0.6847
vn -0.8219 -0.5696 -0.0079
vn -0.5124 -0.4537 -0.7291
vn 0.0466 0.0427 -0.9980
vn 0.4843 0.5128 0.7089
vn 0.0739 0.1121 0.9909
vn -0.4785 -0.7516 0.4539
vn -0.3913 -0.6945 -0.6038
vn 0.3916 0.6824 -0.6172
vn 0.6139 0.5161 -0.5973
vn 0.6070 0.7872 -0.1088
vn 0.3351 0.8629 0.3782
vn -0.3103 -0.9506 0.0062
vn 0.1052 0.7538 0.6487
vn -0.0319 0.2385 0.9706
vn -0.2711 -0.9541 0.1273
vn 0.0695 0.1965 -0.9780
vn 0.1810 0.8870 -0.4248
vn -0.0168 0.9991 0.0396
vn 0.0635 -0.9870 0.1476
vn -0.0890 -0.7438 -0.6624
vn 0.0118 0.0915 -0.9957
vn -0.1945 0.6626 0.7233
vn -0.2965 0.5068 0.8095
vn 0.1645 -0.7802 0.6035
vn 0.3720 -0.9273 -0.0419
vn 0.2212 -0.7512 -0.6219
vn -0.1646 0.1884 -0.9682
vn -0.1038 0.7787 -0.6187
vn -0.3708 0.7452 -0.5542
vn -0.3138 0.9353 -0.1638
vn -0.6490 0.7578 -0.0668
vn -0.1918 0.1517 0.9696
vn 0.2690 -0.5441 0.7947
vn 0.3418 -0.5257 -0.7789
vn 0.5439 -0.4011 0.7371
vn 0.6417 -0.7635 -0.0721
vn -0.6157 0.5063 -0.6037
vn -0.7794 0.4673 0.4174
vn 0.8875 -0.4494 0.1020
vn 0.5735 -0.4924 -0.6547
vn -0.1750 0.0851 -0.9809
vn -0.0516 0.0285 0.9983
vn -0.9554 0.2954 -0.0018
vn 0.8947 -0.2362 -0.3791
vn -0.1838 0.0224 -0.9827
vn -0.6300 0.1987 -0.7508
vn -0.7936 -0.0548 0.6059
vn -0.6663 0.1722 0.7256
vn -0.2656 -0.0847 0.9604
vn 0.7440 -0.2054 0.6359
vn 0.6949 0.0354 0.7182
vn 0.7661 0.0765 -0.6382
vn -0.9404 0.0294 -0.3388
vn -0.8954 -0.1954 -0.4001
vn -0.9110 -0.4122 0.0146
vn 0.8349 0.4368 0.3348
vn 0.8954 0.4444 -0.0268
vn 0.9942 0.1072 0.0095
vn -0.5998 -0.3781 0.7052
vn -0.2101 -0.1769 0.9615
vn 0.1489 0.1278 -0.9805
vn -0.5949 -0.3918 -0.7019
vn -0.1841 -0.0567 -0.9813
vn -0.6442 -0.7648 0.0041
vn -0.4282 -0.5357 0.7278
vn 0.4312 0.5311 0.7294
vn 0.7805 0.3940 -0.4853
vn -0.0921 -0.1792 -0.9795
vn -0.4197 -0.4954 -0.7606
vn -0.1862 -0.4756 0.8598
vn 0.3953 0.9170 -0.0525
vn 0.6236 0.7742 0.1081
vn 0.3060 0.5544 -0.7740
vn -0.3590 -0.8798 -0.3114
vn -0.2231 -0.8919 -0.3933
vn 0.0097 -0.0811 0.9967
vn 0.1512 0.5820 0.7990
vn 0.0186 0.2111 -0.9773
vn -0.0004 -1.0000 0.0031
vn -0.0847 -0.7781 0.6224
vn -0.0817 0.8717 0.4833
vn 0.0909 0.9586 -0.2697
vn 0.2087 -0.9091 0.3605
vn 0.0709 -0.2119 0.9747
vn -0.1395 0.9663 -0.2161
vn 0.0562 -0.2266 -0.9724
vn 0.3251 -0.6199 0.7142
vn -0.3718 0.6152 0.6952
vn -0.3701 0.6602 -0.6535
vn 0.3422 -0.6327 -0.6947
vn 0.0886 -0.7282 -0.6797
vn 0.5088 -0.8600 0.0392
vn 0.6214 -0.7047 0.3425
vn 0.1165 -0.0907 0.9890
vn -0.7703 0.6224 -0.1388
vn -0.5112 0.8582 0.0462
vn -0.2152 0.1922 -0.9575
vn 0.6885 -0.3481 0.6362
vn 0.1487 -0.0376 0.9882
vn -0.5570 0.4388 0.7051
vn -0.6800 0.2064 0.7036
vn -0.7867 0.4655 -0.4056
vn 0.4819 -0.0934 -0.8713
vn 0.5581 -0.4710 -0.6832
vn 0.8479 -0.3484 -0.3997
vn 0.8343 -0.5513 -0.0016
vn 0.9072 -0.1483 0.3936
vn -0.8169 0.0880 -0.5701
vn -0.6872 0.0544 0.7244
vn -0.4453 -0.6792 -0.5835
vn -0.5208 -0.5208 0.6765
vn -0.7235 0.0086 -0.6902
vn 0.4729 0.1915 -0.8601
vn 0.4532 -0.0590 -0.8894
vn 0.8617 0.3409 0.3758
vn 0.7238 0.1049 0.6820
vn 0.9982 0.0534 -0.0264
vn 0.0576 -0.0052 0.9983
vn 0.1926 0.0913 0.9770
vn -0.7164 -0.0859 0.6924
vn -0.8985 -0.3697 0.2368
vn -0.9829 -0.0926 0.1592
vn -0.6382 -0.1590 -0.7533
vn 0.6475 0.0783 -0.7580
vn 0.4834 0.4307 0.7621
vn -0.5036 -0.5250 0.6861
vn -0.8184 -0.5746 0.0005
vn -0.5929 -0.5219 -0.6133
vn 0.7719 0.6357 -0.0120
vn 0.1436 0.1678 -0.9753
vn 0.5140 0.4180 -0.7491
vn 0.5584 0.7356 0.3835
vn -0.3506 -0.6359 0.6875
vn -0.4734 -0.8809 0.0013
vn -0.3713 -0.7017 -0.6082
vn 0.3803 0.6622 -0.6456
vn 0.1957 0.7260 0.6593
vn 0.0780 0.1272 0.9888
vn 0.1515 0.9004 -0.4078
vn 0.3855 0.9227 0.0009
vn 0.0338 0.2292 0.9728
vn -0.2754 -0.9130 0.3010
vn -0.0655 -0.7792 -0.6234
vn 0.0494 0.1594 -0.9860
vn 0.0426 0.9986 0.0324
vn -0.1023 0.7579 0.6443
vn 0.1040 -0.9590 0.2637
vn 0.0078 0.0704 -0.9975
vn -0.2859 0.9579 -0.0257
vn -0.3589 0.6901 0.6284
vn -0.0208 0.0715 0.9972
vn 0.1174 -0.7378 0.6647
vn 0.3631 -0.6306 0.6859
vn 0.2436 -0.8506 -0.4660
vn -0.1530 0.1843 -0.9709
vn -0.3370 0.7050 -0.6240
vn -0.6083 0.7937 -0.0000
vn -0.1597 0.2005 0.9666
vn 0.3022 -0.4903 -0.8175
vn -0.5790 0.4411 0.6857
vn 0.4201 -0.3805 0.8238
vn 0.6348 -0.7726 0.0019
vn 0.6182 -0.5465 -0.5649
vn -0.5589 0.4496 -0.6968
vn 0.7831 -0.4167 0.4616
vn -0.1897 0.1008 -0.9767
vn -0.9519 0.3064 0.0055
vn -0.7792 0.6267 -0.0000
vn -0.0569 0.0382 0.9976
vn 0.9202 -0.2884 -0.2648
vn 0.7595 -0.0784 0.6457
vn 0.7521 -0.2404 -0.6136
vn -0.2234 0.0180 -0.9746
vn -0.7787 -0.0791 0.6223
vn -0.6681 0.1839 0.7210
vn 0.2259 0.0245 0.9738
vn 0.7679 0.0796 -0.6356
vn -0.0768 -0.0307 0.9966
vn 0.8944 0.4467 -0.0206
vn 0.9868 0.1238 0.1048
vn -0.6490 -0.7608 0.0005
vn -0.6404 -0.4094 0.6499
vn -0.4412 -0.5000 0.7452
vn 0.5147 0.5532 0.6550
vn 0.6190 0.3325 0.7115
vn -0.0925 -0.1792 -0.9795
vn -0.2701 -0.6871 0.6746
vn -0.3414 -0.8596 -0.3803
vn -0.0859 -0.9963 -0.0048
vn -0.0762 -0.6846 0.7249
vn -0.1141 -0.1917 0.9748
vn -0.0032 -0.0866 0.9962
vn 0.2291 0.7464 0.6249
vn 0.0380 0.2900 -0.9563
vn -0.0578 -0.6503 -0.7574
vn -0.0812 0.8716 0.4835
vn 0.1377 -0.9097 0.3918
vn 0.0443 -0.1710 0.9843
vn -0.1392 0.9660 -0.2177
vn 0.1032 -0.1535 -0.9827
vn 0.2041 -0.7517 -0.6271
vn 0.3611 -0.6349 0.6830
vn -0.2731 0.7634 0.5853
vn -0.4214 0.7521 -0.5067
vn 0.5122 -0.6336 -0.5798
vn 0.4915 -0.8539 -0.1713
vn 0.7755 -0.6259 -0.0827
vn 0.5243 -0.4441 0.7265
vn 0.0443 -0.0526 0.9976
vn -0.5153 0.6265 0.5848
vn -0.4113 0.5425 -0.7325
vn 0.1523 -0.1231 -0.9806
vn -0.7253 0.4090 0.5537
vn -0.7767 0.6195 0.1139
vn 0.7272 -0.3863 -0.5674
vn 0.7241 -0.2105 0.6568
vn 0.0129 0.0004 0.9999
vn -0.8476 0.3978 -0.3510
vn -0.9121 0.1733 0.3716
vn 0.9477 -0.2910 -0.1312
vn 0.7314 -0.0068 0.6820
vn 0.1448 -0.7094 -0.6898
vn -0.1387 -0.7193 -0.6808
vn -0.2923 -0.7137 -0.6366
vn -0.2848 -0.6650 0.6904
vn -0.3987 -0.6082 -0.6864
vn -0.4211 -0.6161 0.6657
vn -0.5453 -0.5508 -0.6319
vn -0.5224 -0.5175 0.6777
vn -0.6004 -0.4102 -0.6865
vn -0.6429 -0.4287 0.6348
vn -0.7262 -0.3048 -0.6162
vn -0.7080 -0.1487 -0.6903
vn 0.1338 0.0534 0.9896
vn -0.7972 -0.0551 0.6012
vn 0.2279 -0.0194 0.9735
vn -0.9808 -0.1949 -0.0092
vn -0.9557 0.1344 -0.2620
vn -0.6669 0.0139 -0.7451
vn -0.6652 -0.2005 -0.7192
vn 0.0336 -0.0215 -0.9992
vn 0.8743 0.3368 -0.3496
vn 0.6936 0.1034 0.7129
vn 0.9986 0.0494 -0.0166
vn 0.6660 0.3355 0.6663
vn -0.8158 -0.4360 0.3800
vn 0.1244 0.0400 -0.9914
vn 0.6586 0.0652 -0.7497
vn 0.8301 0.5576 0.0059
vn -0.4996 -0.4598 0.7341
vn -0.8198 -0.5727 -0.0025
vn -0.4949 -0.4527 -0.7417
vn 0.0461 0.0428 -0.9980
vn 0.6355 0.7108 0.3014
vn 0.3038 0.6547 0.6921
vn 0.1210 0.1089 0.9867
vn 0.0321 0.0366 0.9988
vn -0.4772 -0.8788 0.0018
vn -0.3931 -0.6601 -0.6401
vn 0.3809 0.5896 -0.7122
vn 0.6020 0.5040 -0.6193
vn 0.2114 0.9007 -0.3796
vn 0.4674 0.8841 -0.0014
vn 0.1125 0.7533 0.6479
vn -0.0076 0.1456 0.9893
vn -0.3251 -0.6328 0.7028
vn -0.2749 -0.9124 0.3032
vn -0.0865 -0.8424 -0.5318
vn 0.0697 0.1987 -0.9776
vn -0.0120 0.9997 0.0232
vn 0.0580 -0.9884 0.1405
vn 0.0108 0.0958 -0.9953
vn -0.0701 0.4882 0.8699
vn -0.2885 0.9556 -0.0605
vn -0.3450 0.6708 0.6565
vn 0.0803 -0.6127 0.7862
vn 0.3535 -0.8530 -0.3839
vn 0.2126 -0.6671 -0.7140
vn -0.1256 0.1607 -0.9790
vn -0.1685 0.2108 0.9629
vn 0.4403 -0.7684 0.4643
vn 0.6107 -0.7746 0.1647
vn 0.6084 -0.5362 -0.5851
vn 0.5633 -0.4243 0.7090
vn 0.8565 -0.5071 -0.0964
vn -0.1778 0.0861 -0.9803
vn -0.9548 0.2973 0.0004
vn -0.0050 0.0234 0.9997
vn 0.7812 -0.3761 0.4982
vn 0.8462 -0.2649 -0.4624
vn -0.1952 0.0292 -0.9803
vn -0.6382 0.1886 -0.7464
vn -0.7381 -0.0392 0.6735
vn -0.6679 0.1833 0.7214
vn -0.2520 -0.0886 0.9637
vn 0.8271 -0.0613 0.5587
vn -0.7075 -0.0313 -0.7060
vn 0.5759 0.1431 0.8049
vn 0.9892 0.0831 -0.1210
vn -0.9042 -0.4236 0.0549
vn -0.9884 -0.1423 -0.0523
vn 0.8943 0.4469 -0.0205
vn -0.6219 -0.3608 -0.6951
vn -0.5946 -0.3687 0.7145
vn -0.2107 -0.1782 0.9612
vn 0.1429 0.1245 -0.9819
vn -0.2104 -0.0604 -0.9757
vn -0.6448 -0.7644 0.0035
vn 0.4313 0.5310 0.7293
vn 0.8314 0.4490 0.3275
vn -0.0917 -0.1795 -0.9795
vn -0.4207 -0.4949 -0.7603
vn -0.1871 -0.4745 0.8601
vn -0.3565 -0.8790 -0.3168
vn -0.2152 -0.9000 -0.3791
vn 0.0240 0.2016 -0.9792
vn 0.0428 -0.8865 -0.4607
vn 0.1818 -0.8961 0.4048
vn -0.0609 -0.8003 0.5966
vn 0.0465 -0.1410 -0.9889
vn 0.4062 -0.7047 0.5817
vn 0.3444 -0.8566 -0.3842
vn 0.6498 -0.7492 0.1279
vn 0.5908 -0.4925 0.6390
vn 0.0462 -0.0517 0.9976
vn -0.4115 0.5425 -0.7324
vn 0.1684 -0.1450 -0.9750
vn 0.4197 -0.5323 -0.7352
vn 0.8238 -0.5668 0.0046
vn -0.6482 0.3214 0.6903
vn -0.7754 0.6314 -0.0001
vn 0.6823 -0.3562 -0.6384
vn 0.7089 -0.2251 0.6684
vn -0.7608 0.2145 0.6126
vn -0.6524 0.3615 -0.6661
vn 0.5145 -0.0651 -0.8550
vn 0.9505 -0.2863 -0.1210
vn 0.6401 0.4246 0.6403
vn -0.7741 -0.0010 -0.6330
vn -0.5381 0.5318 -0.6540
vn 0.1831 0.0608 0.9812
vn -0.8692 -0.0779 0.4882
vn 0.2755 -0.0141 0.9612
vn -0.9670 -0.1565 -0.2012
vn -0.9782 0.0622 0.1980
vn -0.5433 -0.1230 -0.8305
vn 0.0574 0.0176 -0.9982
vn 0.8796 0.3696 0.2996
vn 0.6947 0.0941 0.7131
vn 0.9999 0.0138 0.0039
vn -0.6621 -0.3721 0.6506
vn -0.8661 -0.4534 0.2102
vn 0.7084 0.1214 -0.6953
vn 0.5359 0.4382 0.7216
vn -0.4468 -0.3876 -0.8063
vn 0.4375 0.1841 -0.8802
vn 0.7658 0.6430 -0.0055
vn 0.0537 0.0609 0.9967
vn -0.4930 -0.6157 0.6147
vn -0.6308 -0.7590 0.1614
vn 0.3742 0.6586 0.6529
vn 0.0376 0.0718 0.9967
vn -0.3364 -0.5587 -0.7581
vn 0.0350 0.0378 -0.9987
vn 0.4016 0.5975 -0.6941
vn 0.5505 0.4540 -0.7006
vn -0.2194 -0.7919 0.5699
vn -0.3004 -0.9310 0.2076
vn 0.2128 0.9013 -0.3774
vn 0.4380 0.8982 -0.0373
vn 0.1128 0.7533 0.6479
vn -0.0177 0.1790 0.9837
vn 0.1008 -0.9625 0.2517
vn -0.0865 -0.7366 -0.6707
vn 0.0087 0.0675 -0.9977
vn -0.0701 0.4858 0.8712
vn 0.0673 -0.6530 0.7544
vn 0.4158 -0.7369 0.5330
vn 0.2437 -0.8506 -0.4660
vn -0.1528 0.1847 -0.9709
vn -0.1595 0.2006 0.9666
vn 0.3038 -0.4903 -0.8169
vn 0.6352 -0.7723 0.0033
vn 0.7863 -0.4184 0.4546
vn 0.6151 -0.5426 -0.5720
vn -0.1925 0.1016 -0.9760
vn -0.0529 0.0385 0.9979
vn 0.9229 -0.2896 -0.2538
vn 0.6869 -0.0748 0.7229
vn 0.7525 -0.2401 -0.6133
vn -0.2348 0.0246 -0.9717
vn -0.7492 -0.0686 0.6588
vn -0.6696 0.1874 0.7187
vn -0.0773 0.0035 0.9970
vn 0.7679 0.0796 -0.6357
vn 0.6651 0.1763 0.7256
vn 0.9884 0.0863 -0.1247
vn -0.0754 -0.0237 0.9969
vn -0.6218 -0.3608 -0.6951
vn -0.2104 -0.0604 -0.9758
vn -0.6496 -0.7603 -0.0001
vn -0.6358 -0.4005 0.6599
vn 0.6115 0.3394 0.7147
vn 0.3953 0.9170 -0.0526
vn -0.1376 0.9663 -0.2174
vn 0.1059 -0.1976 -0.9745
vn -0.3331 0.8055 0.4901
vn -0.2885 0.6578 -0.6957
vn -0.6616 0.7497 0.0137
vn 0.4914 -0.8539 -0.1713
vn 0.5246 -0.4416 0.7279
vn 0.0483 -0.0544 0.9973
vn -0.4964 0.6611 0.5626
vn -0.5191 0.6645 -0.5376
vn 0.1586 -0.1315 -0.9785
vn -0.7172 0.4113 0.5625
vn -0.5626 0.3802 -0.7341
vn 0.7261 -0.3852 -0.5696
vn 0.7083 -0.2337 0.6660
vn 0.5263 -0.0892 -0.8456
vn -0.5947 0.1428 0.7912
vn -0.8946 0.4373 0.0914
vn -0.5112 0.1639 -0.8437
vn 0.9482 -0.2954 -0.1173
vn 0.4453 0.6791 -0.5835
vn 0.6011 -0.4042 0.6894
vn 0.5276 -0.5361 0.6590
vn 0.4268 -0.6408 0.6381
vn 0.3045 -0.7232 -0.6199
vn 0.2694 -0.6727 0.6891
vn 0.1486 -0.7082 -0.6902
vn 0.1391 -0.7315 0.6675
vn 0.0020 -0.7826 -0.6225
vn -0.0031 -0.7361 0.6769
vn -0.1518 -0.7595 0.6326
vn -0.2821 -0.6649 0.6917
vn -0.7082 -0.1482 -0.6903
vn -0.7228 0.1413 -0.6765
vn -0.7281 0.1459 0.6698
vn -0.6828 0.2780 -0.6757
vn -0.6672 0.2826 0.6892
vn -0.6100 0.3986 -0.6849
vn -0.6382 0.4327 0.6367
vn -0.5473 0.5416 -0.6381
vn -0.4103 0.6008 -0.6860
vn -0.7971 -0.0582 0.6010
vn 0.2756 -0.0139 0.9612
vn -0.9652 -0.2594 -0.0318
vn -0.9935 0.0846 0.0759
vn -0.7814 -0.0784 -0.6191
vn 0.6947 0.0942 0.7131
vn 0.9999 0.0140 0.0043
vn -0.6916 -0.3911 0.6073
vn -0.8022 -0.2947 -0.5192
vn 0.3857 0.1703 -0.9068
vn 0.6993 0.1185 -0.7049
vn 0.5357 0.4348 0.7239
vn -0.7851 -0.5998 -0.1549
vn -0.4954 -0.4598 -0.7370
vn 0.0559 0.0698 0.9960
vn -0.4640 -0.5589 0.6873
vn 0.3776 0.6551 0.6545
vn -0.5561 -0.8311 0.0055
vn -0.2927 -0.5799 -0.7603
vn 0.0350 0.0377 -0.9987
vn 0.4045 0.6198 -0.6724
vn -0.2072 -0.7865 0.5817
vn -0.2860 -0.9343 0.2129
vn 0.2328 0.9044 -0.3576
vn 0.4389 0.8977 -0.0387
vn 0.0999 0.7801 0.6176
vn 0.0283 0.0715 0.9970
vn -0.0394 0.1872 0.9815
vn 0.0336 0.2373 -0.9708
vn 0.0025 0.0550 -0.9985
vn -0.1042 0.9886 0.1083
vn 0.1279 -0.8252 0.5502
vn -0.1098 -0.6837 -0.7215
vn -0.0905 0.6485 -0.7558
vn -0.2379 0.7783 0.5810
vn 0.2639 -0.9254 -0.2719
vn -0.2840 0.4002 0.8713
vn 0.2334 -0.4599 0.8567
vn 0.2496 -0.9044 -0.3460
vn -0.1594 0.1837 -0.9700
vn -0.2831 0.6735 -0.6828
vn -0.5070 0.8598 0.0600
vn -0.1276 0.1428 0.9815
vn 0.3238 -0.5147 -0.7938
vn -0.5634 0.4536 0.6905
vn 0.6347 -0.7727 0.0015
vn 0.6183 -0.5465 -0.5649
vn -0.5040 0.4816 -0.7170
vn 0.8365 -0.4353 0.3330
vn -0.1702 0.0934 -0.9810
vn -0.8599 0.3820 -0.3386
vn -0.7914 0.6102 -0.0366
vn -0.3315 0.0275 0.9431
vn 0.9092 -0.3179 -0.2688
vn -0.9815 0.1800 0.0655
vn -0.7140 0.2559 0.6517
vn 0.6012 -0.0356 0.7983
vn 0.7448 -0.2084 -0.6339
vn -0.0995 0.0135 -0.9949
vn -0.6993 -0.0816 0.7102
vn 0.9951 0.0535 -0.0826
vn 0.6377 0.0764 -0.7664
vn 0.8513 0.1569 0.5007
vn -0.4728 -0.1229 -0.8726
vn -0.7999 0.0882 -0.5936
vn -0.9845 -0.1005 -0.1439
vn -0.9155 -0.4023 0.0025
vn 0.8941 0.4473 -0.0209
vn 0.1488 0.1280 -0.9806
vn -0.5929 -0.3828 -0.7085
vn -0.6163 -0.4122 0.6710
vn -0.4394 -0.4949 0.7496
vn -0.2545 -0.0781 0.9639
vn 0.5419 0.5658 0.6215
vn 0.6208 0.3803 0.6856
vn 0.8220 0.4109 -0.3943
vn -0.0844 -0.1777 -0.9804
vn -0.2716 -0.6850 0.6760
vn 0.3938 0.9179 -0.0479
vn 0.3126 0.5460 -0.7773
vn -0.3503 -0.8575 -0.3768
vn -0.2202 -0.8962 -0.3851
vn -0.0933 -0.7717 0.6291
vn -0.1141 -0.1918 0.9748
vn -0.0033 -0.0866 0.9962
vn 0.1693 0.6786 -0.7148
vn -0.0735 0.6325 0.7710
vn 0.0853 0.9944 -0.0620
vn 0.1796 -0.9095 0.3750
vn 0.0130 -0.0852 0.9963
vn -0.2581 0.9094 0.3260
vn -0.0906 0.8257 -0.5569
vn 0.3811 -0.7033 0.6002
vn -0.1049 0.2916 -0.9508
vn 0.3289 -0.8138 -0.4791
vn 0.0948 -0.7338 -0.6728
vn 0.1935 -0.2544 0.9475
vn -0.3910 0.5526 0.7360
vn -0.4597 0.8548 -0.2409
vn -0.3612 0.4171 -0.8340
vn 0.0243 -0.0338 -0.9991
vn 0.5816 -0.4677 0.6655
vn -0.8565 0.4673 0.2191
vn -0.7173 0.6292 -0.2992
vn 0.0420 -0.0328 -0.9986
vn 0.4465 -0.5591 -0.6986
vn 0.7082 -0.3884 -0.5896
vn 0.7082 -0.2262 0.6688
vn -0.8489 0.4168 0.3251
vn -0.5394 0.1761 -0.8235
vn 0.4920 -0.0677 -0.8680
vn 0.9475 -0.2840 -0.1468
vn 0.4154 -0.6246 0.6613
vn -0.2857 -0.6994 -0.6551
vn -0.7084 -0.2988 -0.6395
vn 0.1018 0.0468 0.9937
vn -0.8495 -0.0789 0.5217
vn 0.2280 -0.0192 0.9735
vn 0.8676 0.3673 0.3352
vn 0.6863 0.0859 0.7222
vn 0.9981 0.0559 -0.0252
vn -0.8519 -0.4157 0.3185
vn -0.9988 -0.0378 -0.0300
vn -0.7839 -0.0980 -0.6132
vn -0.6318 -0.2585 -0.7307
vn 0.4602 0.1936 -0.8665
vn 0.6604 0.0853 -0.7460
vn 0.5348 0.4353 0.7242
vn -0.4927 -0.4439 0.7485
vn -0.8153 -0.5788 -0.0148
vn -0.6704 -0.5899 -0.4501
vn 0.7621 0.6474 -0.0044
vn 0.1607 0.1954 -0.9675
vn 0.5075 0.4091 -0.7583
vn 0.0224 0.0409 0.9989
vn -0.4744 -0.7545 0.4534
vn -0.3331 -0.7757 -0.5361
vn 0.3630 0.6235 -0.6925
vn -0.3093 -0.9509 0.0088
vn 0.2376 0.8970 -0.3728
vn 0.0081 0.0020 1.0000
vn -0.0393 0.1851 0.9819
vn -0.2578 -0.9462 0.1954
vn 0.0343 0.2373 -0.9708
vn 0.1289 -0.8251 0.5501
vn -0.2841 0.4002 0.8713
vn -0.1651 0.1879 -0.9682
vn -0.2838 0.6733 -0.6827
vn -0.5079 0.8594 0.0589
vn -0.1273 0.1430 0.9815
vn -0.5772 0.4475 0.6831
vn 0.4202 -0.3805 0.8238
vn 0.6182 -0.5466 -0.5649
vn -0.5563 0.4566 -0.6943
vn 0.7830 -0.4169 0.4616
vn -0.7708 0.6371 -0.0000
vn -0.0543 0.0363 0.9979
vn 0.9228 -0.2901 -0.2536
vn 0.7646 -0.0720 0.6405
vn 0.5760 0.1431 0.8049
vn -0.6219 -0.3607 -0.6951
vn 0.4313 0.5310 0.7294
vn 0.7805 0.3941 -0.4853
vn -0.0914 -0.1792 -0.9796
vn 0.3965 0.9163 -0.0569
vn 0.3067 0.5537 -0.7742
vn -0.2212 -0.8904 -0.3979
vn 0.0096 -0.0810 0.9967
vn 0.0314 0.2322 -0.9722
vn -0.0618 0.8160 0.5748
vn 0.0822 0.9641 -0.2525
vn 0.0406 -0.1234 0.9915
vn -0.1317 0.9684 -0.2117
vn 0.0545 -0.1534 -0.9867
vn 0.0799 -0.7265 -0.6825
vn -0.3222 0.8037 0.5002
vn -0.4251 0.7570 -0.4962
vn 0.3539 -0.8568 -0.3751
vn 0.1921 -0.2534 0.9481
vn -0.4159 0.5511 -0.7234
vn 0.1685 -0.1449 -0.9750
vn 0.4201 -0.5326 -0.7347
vn -0.7950 0.4181 0.4395
vn -0.4176 0.5206 0.7447
vn -0.8061 0.2382 0.5417
vn -0.6510 0.3649 -0.6656
vn 0.4712 -0.0618 -0.8799
vn -0.7713 0.0930 -0.6296
vn 0.9205 0.0372 -0.3890
vn 0.8417 0.2931 0.4534
vn 0.4727 0.0072 0.8812
vn -0.8684 -0.1596 -0.4694
vn 0.1156 0.0024 -0.9933
vn -0.8383 -0.1344 0.5284
vn 0.4229 0.1839 -0.8873
vn 0.3952 0.2223 0.8913
vn -0.7930 -0.3437 0.5030
vn -0.7149 -0.4331 -0.5489
vn 0.3250 0.3212 -0.8895
vn 0.8059 0.5159 -0.2907
vn 0.6726 0.6606 0.3337
vn 0.2548 0.3841 0.8875
vn -0.5912 -0.5848 0.5554
vn -0.4656 -0.6894 -0.5549
vn 0.0947 0.1627 -0.9821
vn 0.5261 0.7900 -0.3147
vn 0.3770 0.8846 -0.2744
vn 0.1559 0.4922 0.8564
vn -0.2939 -0.9558 -0.0012
vn -0.2509 -0.8050 -0.5376
vn 0.1816 0.9351 -0.3044
vn 0.0008 0.5004 0.8658
vn 0.0738 -0.6914 0.7187
vn -0.1909 -0.6245 0.7573
vn -0.0345 -0.8927 -0.4493
vn 0.0017 0.1238 -0.9923
vn -0.1823 0.9156 0.3584
vn 0.0079 0.9408 -0.3389
vn 0.1874 -0.7958 -0.5759
vn -0.0923 0.4486 -0.8890
vn -0.1901 0.4194 0.8877
vn 0.3894 -0.7309 0.5604
vn -0.3632 0.8636 -0.3496
vn -0.5144 0.7766 0.3637
vn -0.2540 0.4053 -0.8782
vn 0.7392 -0.6733 0.0138
vn 0.4033 -0.7121 -0.5747
vn -0.6687 0.6596 -0.3431
vn -0.7972 0.5327 0.2840
vn -0.3335 0.3311 0.8827
vn 0.1739 -0.0968 0.9800
vn 0.5825 -0.4882 0.6499
vn 0.5601 -0.4850 -0.6717
vn -0.3515 0.2137 -0.9115
vn -0.7532 0.2221 0.6191
vn 0.9109 -0.2860 -0.2973
vn -0.8574 0.3616 -0.3661
vn 0.9220 -0.2501 0.2956
vn 0.2480 -0.0110 -0.9687
vn -0.8861 0.1461 -0.4399
vn -0.9374 0.0336 -0.3467
vn 0.9692 -0.0188 -0.2457
vn -0.7545 -0.0931 0.6496
vn 0.4093 0.0436 0.9113
vn -0.2698 0.0365 0.9622
vn 0.9098 0.2457 -0.3346
vn 0.1080 0.0120 -0.9941
vn -0.8836 -0.3516 0.3092
vn -0.8742 -0.1861 -0.4485
vn 0.1146 0.0855 0.9897
vn -0.3706 -0.1463 -0.9172
vn -0.5848 -0.4793 0.6544
vn 0.7488 0.6625 0.0205
vn 0.7593 0.6305 -0.1609
vn -0.7710 -0.5131 -0.3772
vn -0.6323 -0.6664 -0.3952
vn -0.2929 -0.4295 0.8542
vn 0.3081 0.5900 0.7463
vn 0.7468 0.6454 0.1603
vn 0.5274 0.6450 -0.5531
vn -0.0914 -0.1779 -0.9798
vn -0.3648 -0.8808 -0.3019
vn -0.5385 -0.8037 -0.2531
vn -0.1629 -0.4394 0.8834
vn 0.2859 0.9224 -0.2597
vn -0.2257 -0.9057 -0.3589
vn 0.0461 0.8219 0.5677
vn 0.2120 0.8286 -0.5182
vn 0.0234 -0.9544 0.2975
vn -0.0693 -0.4218 0.9040
vn -0.0883 0.7154 -0.6931
vn -0.0137 -0.4257 -0.9048
vn 0.1429 -0.4996 0.8544
vn -0.1891 0.8547 0.4834
vn 0.0485 -0.1241 -0.9911
vn 0.1740 -0.9337 -0.3130
vn -0.3584 0.6471 0.6729
vn -0.3299 0.8530 -0.4044
vn 0.4832 -0.7907 0.3759
vn 0.3839 -0.8403 -0.3827
vn 0.1471 -0.1581 0.9764
vn 0.2285 -0.2421 -0.9429
vn 0.5965 -0.4855 0.6391
vn -0.6662 0.6695 0.3286
vn -0.5158 0.7637 -0.3883
vn -0.2188 0.1734 -0.9602
vn -0.1867 0.0745 0.9796
vn -0.8287 0.5456 -0.1247
vn 0.7993 -0.4615 -0.3848
vn 0.6209 -0.7504 -0.2266
vn 0.7266 -0.2287 0.6478
vn -0.9579 0.2869 0.0126
vn -0.8848 0.4493 -0.1234
vn -0.8431 0.1561 -0.5145
vn 0.9620 -0.1588 -0.2222
vn 0.9401 0.1592 -0.3016
vn 0.5311 -0.0202 0.8471
vn 0.9218 0.0302 -0.3865
vn 0.3519 0.0631 0.9339
vn -0.6559 0.0702 0.7515
vn -0.8487 -0.1235 0.5142
vn -0.9275 -0.0837 -0.3644
vn -0.7074 -0.1795 -0.6836
vn 0.1268 -0.0138 -0.9918
vn 0.4677 0.1702 -0.8673
vn 0.8767 0.3624 0.3164
vn -0.8237 -0.3595 0.4384
vn 0.5875 0.4921 0.6425
vn 0.1429 0.0800 0.9865
vn -0.1266 -0.1464 -0.9811
vn 0.7936 0.5072 -0.3360
vn 0.6422 0.6526 -0.4022
vn -0.1580 -0.1927 0.9684
vn -0.7904 -0.5396 0.2901
vn -0.7016 -0.6319 -0.3293
vn 0.4846 0.7693 0.4163
vn -0.4416 -0.8970 0.0219
vn 0.2563 0.4033 -0.8784
vn 0.4118 0.8530 0.3208
vn 0.0364 0.1548 0.9873
vn -0.4452 -0.8554 0.2646
vn 0.1510 0.9522 0.2655
vn -0.2072 -0.8661 0.4550
vn -0.0778 -0.6688 -0.7394
vn -0.3128 -0.6034 -0.7335
vn 0.1601 0.5123 -0.8438
vn 0.0322 0.9195 0.3917
vn 0.0172 -0.9133 0.4068
vn 0.0180 0.5093 -0.8604
vn 0.1283 -0.8383 0.5299
vn 0.1891 -0.6752 -0.7129
vn -0.2002 0.9324 -0.3010
vn -0.4611 0.8751 0.1466
vn -0.0973 0.4012 0.9108
vn -0.1235 0.2235 0.9669
vn -0.1711 0.4448 -0.8791
vn 0.4272 -0.6569 0.6213
vn 0.3504 -0.8013 0.4849
vn 0.5448 -0.6137 -0.5715
vn -0.3061 0.3851 -0.8706
vn -0.6309 0.6768 0.3795
vn -0.2418 0.1277 0.9619
vn 0.7505 -0.6562 0.0784
vn -0.1590 0.0945 -0.9827
vn -0.5941 0.4903 -0.6377
vn -0.7741 0.5174 0.3649
vn -0.7144 0.2129 0.6666
vn 0.9470 -0.3204 -0.0227
vn 0.7668 -0.4960 -0.4075
vn 0.9254 -0.2830 -0.2519
vn -0.8745 0.3701 -0.3134
vn -0.9111 0.1507 -0.3836
vn -0.4496 0.0090 0.8932
vn 0.8685 -0.2533 0.4262
vn 0.9096 -0.0003 0.4156
vn 0.2684 -0.0341 -0.9627
vn -0.8732 -0.1664 0.4580
vn -0.9079 -0.0081 -0.4190
vn 0.3719 0.1391 -0.9178
vn -0.3230 -0.2092 0.9230
vn 0.8672 0.3710 0.3322
vn 0.9667 0.2049 0.1533
vn -0.2478 -0.1442 -0.9580
vn -0.7551 -0.2099 -0.6211
vn -0.8498 -0.3570 0.3878
vn 0.7301 0.4567 0.5083
vn 0.7308 0.6174 -0.2911
vn -0.7839 -0.5420 -0.3027
vn -0.6800 -0.6429 0.3527
vn 0.6760 0.6465 0.3536
vn -0.4819 -0.5928 -0.6452
vn -0.0631 -0.0740 0.9953
vn 0.4767 0.7896 0.3863
vn 0.2554 0.3095 -0.9160
vn -0.4981 -0.7819 0.3749
vn -0.1427 -0.3412 0.9291
vn 0.3884 0.8346 0.3908
vn 0.0672 0.2556 -0.9644
vn -0.3703 -0.8588 -0.3540
vn -0.1879 -0.9089 0.3722
vn 0.1202 0.9289 0.3502
vn -0.0750 -0.7378 -0.6708
vn 0.0071 0.9595 -0.2817
vn 0.0591 -0.4613 -0.8853
vn 0.1654 -0.9136 0.3715
vn 0.0536 0.2282 0.9721
vn 0.0447 -0.9400 0.3381
vn -0.1158 0.9282 0.3535
vn 0.1699 -0.4038 0.8989
vn -0.3914 0.7064 0.5897
vn -0.2319 0.7007 -0.6748
vn 0.2297 -0.3424 -0.9110
vn 0.3572 -0.8591 -0.3665
vn 0.5297 -0.7945 0.2971
vn 0.3045 -0.3072 0.9016
vn -0.4313 0.6284 -0.6474
vn -0.5509 0.5726 0.6071
vn -0.6204 0.5622 -0.5468
vn 0.6748 -0.6622 -0.3257
vn 0.7810 -0.5184 0.3483
vn -0.1112 0.0163 0.9937
vn 0.3615 -0.2534 -0.8973
vn 0.7272 -0.2238 0.6489
vn -0.8165 0.3329 0.4717
vn -0.8560 0.2751 -0.4378
vn 0.8315 -0.3468 -0.4339
vn 0.9438 -0.1706 -0.2829
vn 0.8804 0.1699 0.4427
vn 0.4785 -0.0049 0.8781
vn 0.9144 0.0188 -0.4045
vn -0.3383 -0.1160 -0.9339
vn 0.1268 -0.0123 -0.9919
vn -0.8323 -0.0063 -0.5543
vn 0.4474 0.2664 0.8537
vn -0.8994 -0.1217 0.4199
vn -0.8677 -0.3753 0.3258
vn 0.1501 0.1674 0.9744
vn -0.6386 -0.4994 -0.5855
vn 0.3433 0.3280 -0.8801
vn 0.7491 0.2305 -0.6211
vn 0.7840 0.5019 -0.3652
vn 0.8374 0.3508 0.4193
vn 0.6835 0.6983 0.2129
vn 0.2701 0.4050 -0.8735
vn 0.4844 0.7747 0.4064
vn -0.7399 -0.5058 0.4434
vn -0.4985 -0.7538 0.4281
vn 0.4020 0.8508 0.3384
vn 0.0023 -0.1184 0.9930
vn -0.4035 -0.7313 -0.5499
vn 0.1600 0.4816 -0.8617
vn 0.1476 0.9304 0.3355
vn -0.1901 -0.9225 0.3360
vn -0.0761 -0.6700 -0.7385
vn -0.0662 0.3866 0.9199
vn 0.0037 -0.9277 0.3734
vn 0.0020 0.5119 -0.8590
vn 0.1274 -0.8392 0.5286
vn 0.1882 -0.6765 -0.7120
vn -0.2681 0.9487 -0.1677
vn 0.0240 0.9347 0.3546
vn -0.1803 0.3415 0.9224
vn -0.1434 0.3405 -0.9293
vn -0.2302 0.3965 0.8887
vn 0.4731 -0.7510 0.4606
vn 0.3514 -0.8096 0.4701
vn 0.1798 -0.1800 -0.9671
vn -0.4995 0.7821 -0.3725
vn -0.6494 0.6567 0.3834
vn 0.6716 -0.6952 -0.2562
vn -0.2377 0.1260 0.9631
vn 0.6907 -0.5756 0.4377
vn -0.1675 0.1055 -0.9802
vn -0.5717 0.4812 -0.6646
vn -0.7917 0.5275 0.3083
vn -0.7145 0.2125 0.6666
vn 0.7643 -0.4800 -0.4307
vn 0.9255 -0.2830 -0.2519
vn -0.8735 0.3676 -0.3192
vn -0.4483 0.0117 0.8938
vn 0.9040 0.0115 0.4275
vn 0.2687 -0.0228 -0.9630
vn -0.9056 -0.2016 0.3731
vn -0.9202 0.0164 -0.3910
vn 0.6253 0.1915 -0.7565
vn -0.4785 -0.1367 -0.8674
vn -0.3231 -0.2090 0.9230
vn 0.8572 0.3664 0.3618
vn 0.9472 0.1932 0.2559
vn -0.8941 -0.3235 0.3099
vn 0.7285 0.4512 0.5155
vn 0.5712 0.4458 -0.6892
vn -0.4378 -0.1838 -0.8801
vn -0.7923 -0.5365 -0.2907
vn -0.6739 -0.6645 0.3229
vn 0.6216 0.6466 0.4421
vn -0.3285 -0.3630 -0.8720
vn 0.4967 0.7511 0.4349
vn 0.3912 0.5799 -0.7146
vn -0.5444 -0.7775 0.3147
vn -0.1407 -0.3407 0.9296
vn 0.3607 0.7963 0.4857
vn -0.2805 -0.4164 -0.8648
vn -0.3566 -0.8837 -0.3031
vn -0.1798 -0.9283 0.3255
vn 0.1268 0.9141 0.3852
vn 0.2163 0.7050 -0.6754
vn -0.0390 -0.4970 -0.8669
vn -0.0777 0.9098 -0.4078
vn 0.1532 -0.4809 0.8633
vn 0.0510 0.2284 0.9722
vn 0.0166 -0.9500 0.3117
vn -0.0941 0.9214 0.3772
vn -0.0848 0.2533 -0.9637
vn 0.1719 -0.9183 -0.3565
vn -0.4347 0.7557 0.4899
vn 0.3536 -0.8429 -0.4055
vn 0.5149 -0.7995 0.3091
vn 0.3099 -0.3115 0.8983
vn -0.4257 0.6534 -0.6260
vn 0.2208 -0.3320 -0.9171
vn -0.6193 0.5567 -0.5537
vn 0.6741 -0.6582 -0.3351
vn 0.7808 -0.5186 0.3483
vn -0.1134 0.0203 0.9933
vn 0.3616 -0.2530 -0.8973
vn 0.7269 -0.2230 0.6495
vn -0.9094 0.3102 0.2770
vn -0.8835 0.2326 -0.4067
vn 0.9457 -0.1690 -0.2776
vn 0.0058 -0.9977 -0.0669
vn 0.9999 -0.0009 0.0135
vn 0.0017 0.0010 1.0000
vn -0.9999 0.0009 0.0135
vn -0.0058 0.9977 -0.0669
vn -0.3262 0.0032 -0.9453
vn -0.4453 -0.8949 0.0295
vn -0.3259 -0.0025 0.9454
vn -0.4453 0.8949 -0.0295
vn 0.0053 0.8350 -0.5502
vn -0.0053 0.8350 0.5502
vn 0.4623 0.8861 0.0324
vn 0.3259 -0.0025 -0.9454
vn 0.3259 0.0025 0.9454
vn 0.4453 -0.8949 -0.0295
vn -0.0037 -0.4994 -0.8664
vn -0.0051 -0.8385 -0.5448
vn 0.0053 -0.8350 0.5502
vn -0.0016 0.0049 -1.0000
vn 0.0004 -1.0000 -0.0084
vn 0.9999 0.0004 -0.0137
vn 0.0004 0.0002 1.0000
vn -0.9999 -0.0004 -0.0137
vn -0.0004 1.0000 -0.0084
vn -0.0004 0.0002 -1.0000
vn 0.0051 -1.0000 -0.0054
vn 0.9999 0.0078 -0.0094
vn 0.0125 0.0112 0.9999
vn -0.9999 -0.0092 -0.0093
vn -0.0100 0.9999 -0.0107
vn -0.4266 0.0090 -0.9044
vn -0.4266 -0.0090 0.9044
vn 0.8187 0.5738 0.0199
vn 0.3320 -0.0161 -0.9431
vn 0.4266 0.0090 0.9044
vn -0.0125 0.0112 -0.9999
vn -0.6884 0.4000 0.6051
vn -0.0026 0.7929 -0.6094
vn -0.6877 0.3934 -0.6102
vn 0.6842 -0.3995 0.6101
vn 0.0037 -0.7898 -0.6134
vn 0.6910 -0.3956 -0.6051
vn -0.0026 -0.7929 0.6094
vn -0.6884 -0.4000 -0.6051
vn -0.6877 -0.3934 0.6102
vn 0.6910 0.3956 0.6051
vn 0.6842 0.3995 -0.6101
vn 0.0037 0.7898 0.6134
vn 0.8188 0.5738 0.0199
vn 0.3321 -0.0161 -0.9431
vn -0.0262 -0.8808 -0.4728
vn 0.0100 -0.9999 -0.0107
vn 0.9999 0.0092 -0.0093
vn 0.4266 -0.0090 -0.9044
vn -0.6881 0.4006 0.6051
vn -0.0029 0.7962 -0.6051
vn -0.6881 0.3928 -0.6101
vn 0.6845 -0.3989 0.6102
vn 0.0032 -0.7923 -0.6102
vn 0.6906 -0.3962 -0.6051
vn -0.0022 -0.7961 0.6051
vn -0.6853 -0.3987 -0.6094
vn -0.6858 -0.3917 0.6134
vn 0.6879 0.3942 0.6094
vn 0.6821 0.3981 -0.6134
vn 0.0039 0.7923 0.6101
vn 0.3781 0.6325 0.6760
vn 0.6330 0.5033 -0.5882
vn 0.3716 0.6386 -0.6739
vn 0.6513 0.4887 0.5805
vn 0.7126 0.2080 -0.6700
vn 0.7126 0.1830 0.6773
vn 0.7914 -0.0876 -0.6050
vn 0.7751 -0.1160 0.6211
vn 0.6428 -0.3387 -0.6871
vn 0.7192 -0.3899 0.5751
vn 0.5610 -0.5922 -0.5785
vn 0.4927 -0.5333 0.6876
vn 0.3141 -0.7180 -0.6211
vn 0.2896 -0.7388 0.6086
vn 0.0109 -0.7363 -0.6765
vn -0.0083 -0.7461 0.6657
vn -0.3021 -0.7625 -0.5721
vn -0.3072 -0.7209 0.6213
vn -0.5121 -0.5304 -0.6757
vn -0.5221 -0.5258 0.6716
vn -0.7027 -0.3000 -0.6451
vn -0.8031 -0.0992 0.5875
vn -0.7459 0.0978 -0.6589
vn -0.7055 0.2048 0.6785
vn -0.6322 0.4525 -0.6289
vn -0.6149 0.4891 0.6186
vn -0.3742 0.6286 -0.6819
vn -0.4334 0.7125 0.5518
vn -0.1195 0.8083 -0.5765
vn 0.1250 0.7870 0.6042
vn 0.1818 0.7206 -0.6690
vn -0.1804 0.7026 0.6883
vn -0.4276 0.6790 0.5968
vn -0.0112 0.7489 -0.6626
vn -0.4649 0.6604 -0.5897
vn 0.6725 0.4249 0.6060
vn 0.7531 0.1893 -0.6300
vn 0.4560 0.6555 -0.6020
vn 0.7608 -0.1486 0.6318
vn 0.6955 -0.2667 -0.6672
vn 0.4279 -0.6423 -0.6359
vn 0.1406 -0.8056 0.5756
vn -0.1168 -0.7935 -0.5972
vn -0.2994 -0.6868 0.6623
vn -0.5228 -0.5378 -0.6614
vn -0.6950 -0.4109 0.5900
vn -0.8011 -0.1714 -0.5735
vn -0.7526 0.1746 0.6349
vn -0.7071 0.2747 -0.6516
vn 0.1720 0.7520 0.6364
vn 0.5202 -0.5403 0.6615
vn 0.7675 0.1560 0.6218
vn 0.7694 0.0069 -0.6387
vn 0.5269 0.5927 -0.6092
vn 0.5429 -0.5815 -0.6059
vn 0.5605 -0.5800 0.5911
vn -0.1613 -0.7930 -0.5874
vn -0.1834 -0.7658 0.6163
vn -0.6557 -0.3866 -0.6485
vn -0.6684 -0.3624 0.6495
vn -0.7708 0.2422 -0.5892
vn -0.7469 0.2514 0.6156
vn -0.2114 0.7671 -0.6057
vn -0.2436 0.7648 0.5964
vn 0.9912 -0.1294 -0.0264
vn 0.6898 0.3016 0.6582
vn 0.7118 -0.0727 0.6986
vn 0.1305 0.0169 0.9913
vn 0.2487 0.2126 0.9450
vn -0.5595 -0.4744 -0.6797
vn 0.0326 0.0499 -0.9982
vn 0.1938 0.0545 -0.9795
vn 0.6467 0.3628 -0.6709
vn 0.4854 0.6170 -0.6194
vn 0.7608 0.6446 0.0750
vn -0.3551 -0.6342 0.6868
vn -0.8363 -0.5483 -0.0000
vn -0.4935 -0.4392 0.7507
vn -0.3295 -0.6224 -0.7100
vn -0.0046 0.0829 -0.9965
vn 0.1357 0.7814 -0.6091
vn 0.3759 0.9266 -0.0133
vn 0.0781 0.7698 0.6335
vn 0.0339 0.0990 0.9945
vn 0.4488 0.6576 0.6050
vn -0.1169 -0.9931 -0.0126
vn -0.4861 -0.8739 0.0007
vn -0.0932 0.9956 -0.0028
vn -0.2703 0.6932 0.6682
vn -0.0131 0.1215 0.9925
vn 0.2240 -0.6383 0.7365
vn -0.0556 -0.7210 0.6907
vn 0.2783 -0.9604 0.0151
vn -0.0224 -0.7021 -0.7117
vn 0.1953 -0.7001 -0.6869
vn -0.0803 0.1650 -0.9830
vn -0.1862 0.7155 -0.6733
vn -0.5031 0.8642 0.0001
vn -0.0734 0.0801 0.9941
vn 0.6826 -0.7305 0.0215
vn -0.4863 0.5657 -0.6660
vn -0.5636 0.4588 0.6869
vn -0.1527 0.0720 0.9856
vn 0.5604 -0.3541 -0.7487
vn 0.4852 -0.5696 -0.6634
vn -0.0906 0.0253 -0.9956
vn -0.7052 0.3411 -0.6215
vn -0.7732 0.6293 -0.0783
vn -0.9587 0.2845 -0.0033
vn -0.7748 0.0973 0.6247
vn 0.7019 -0.0983 0.7054
vn 0.5238 -0.4479 0.7246
vn 0.9636 -0.2607 0.0596
vn 0.6963 -0.0100 -0.7177
vn -0.1170 -0.0069 0.9931
vn -0.7628 -0.0067 -0.6466
vn -0.6656 -0.2485 0.7037
vn 0.6571 0.2856 0.6976
vn 0.9500 0.2967 0.0970
vn 0.5634 0.3577 -0.7447
vn -0.1120 -0.0290 -0.9933
vn -0.6836 -0.3577 -0.6362
vn -0.9765 -0.2155 0.0015
vn -0.5854 -0.4511 0.6736
vn -0.0826 -0.0503 -0.9953
vn 0.6618 0.7406 0.1166
vn -0.4772 -0.6192 -0.6236
vn -0.7596 -0.6495 -0.0344
vn -0.3974 -0.6544 0.6433
vn -0.0852 -0.0438 0.9954
vn -0.0263 -0.0575 0.9980
vn 0.4436 0.5520 0.7061
vn 0.2918 0.5986 -0.7460
vn 0.2729 0.9620 0.0029
vn -0.0377 -0.1005 -0.9942
vn -0.1697 -0.7356 -0.6559
vn -0.0081 -0.7672 0.6414
vn 0.1423 -0.9898 0.0033
vn -0.3556 -0.9346 0.0014
vn -0.0055 -0.0511 0.9987
vn -0.0955 0.7056 0.7022
vn 0.1819 0.6861 0.7044
vn -0.0924 0.9957 0.0056
vn -0.0649 0.8171 -0.5729
vn 0.0535 -0.6923 -0.7196
vn 0.0471 -0.1454 -0.9882
vn 0.3958 -0.9176 0.0377
vn 0.0224 -0.0837 0.9962
vn -0.3014 0.6057 0.7364
vn -0.3071 0.5659 -0.7652
vn 0.4587 -0.6205 -0.6360
vn 0.7989 -0.6010 0.0235
vn 0.4802 -0.6288 0.6115
vn -0.7455 0.6665 -0.0005
vn -0.4684 0.8835 -0.0001
vn 0.0487 -0.0398 0.9980
vn -0.5550 0.4438 0.7036
vn 0.1067 -0.0246 -0.9940
vn 0.6866 -0.3341 -0.6458
vn -0.9450 0.3271 -0.0009
vn -0.5943 0.4811 -0.6445
vn -0.7046 0.1545 -0.6926
vn 0.7007 -0.3036 0.6456
vn -0.6881 0.1845 0.7018
vn -0.9994 -0.0334 0.0012
vn 0.7588 0.0304 -0.6507
vn 0.8057 0.3670 0.4649
vn 0.5819 0.0502 0.8117
vn 0.9423 -0.2090 0.2616
vn -0.7283 0.0079 0.6853
vn -0.6638 -0.2043 -0.7195
vn -0.6489 0.1754 -0.7404
vn 0.4145 -0.0654 -0.9077
vn 0.4697 0.1508 -0.8699
vn 0.9897 0.0948 0.1071
vn 0.3067 0.3634 0.8797
vn -0.7983 -0.4288 0.4228
vn 0.7136 0.6037 -0.3554
vn -0.5782 -0.7108 0.4006
vn -0.6740 -0.7382 0.0272
vn 0.4896 0.8650 0.1095
vn 0.1285 0.5434 0.8295
vn -0.2435 -0.7127 0.6578
vn -0.0224 -0.9822 0.1863
vn 0.1856 0.4860 -0.8540
vn 0.0271 0.9310 -0.3641
vn 0.0658 -0.6739 0.7359
vn -0.2703 0.9625 0.0228
vn 0.1959 -0.8123 -0.5494
vn -0.2350 0.4299 -0.8718
vn -0.1003 0.4384 0.8932
vn 0.3462 -0.5394 0.7676
vn -0.1998 0.3968 0.8959
vn 0.5792 -0.5976 -0.5544
vn -0.2637 0.2995 -0.9170
vn -0.6661 0.6799 0.3066
vn 0.6414 -0.1886 0.7436
vn 0.7263 -0.4714 -0.5004
vn -0.8760 0.4191 -0.2387
vn -0.4202 0.0508 -0.9060
vn 0.8115 0.0202 -0.5840
vn -0.9548 0.0718 0.2884
vn 0.8847 0.3279 0.3314
vn -0.4676 -0.2534 -0.8468
vn -0.9149 -0.2109 -0.3441
vn -0.4297 -0.1031 0.8971
vn 0.7026 0.5409 0.4624
vn 0.6537 0.1869 -0.7333
vn 0.4560 0.5367 -0.7099
vn -0.7894 -0.4978 0.3592
vn -0.3507 -0.2769 -0.8946
vn -0.3314 -0.8893 0.3153
vn -0.0205 -0.4687 0.8831
vn -0.3155 -0.3106 0.8966
vn -0.0840 -0.4807 -0.8728
vn -0.5460 -0.7862 -0.2895
vn 0.0191 0.7796 0.6260
vn 0.2167 0.6335 -0.7428
vn 0.5185 0.8375 -0.1722
vn -0.1331 0.9026 -0.4093
vn 0.0897 -0.9358 -0.3408
vn 0.0921 -0.4953 0.8638
vn 0.4416 -0.8127 0.3801
vn 0.7080 -0.6269 0.3252
vn -0.1169 0.2722 0.9551
vn 0.3595 -0.1880 0.9140
vn -0.7076 0.6053 0.3645
vn -0.5331 0.2825 -0.7975
vn -0.5647 0.6816 -0.4654
vn 0.5212 -0.2525 -0.8152
vn 0.2922 -0.4322 -0.8531
vn -0.0006 0.0049 -1.0000
vn -0.0010 1.0000 0.0079
vn 1.0000 0.0049 0.0048
vn -0.0010 -1.0000 -0.0079
vn -0.0006 -0.0048 1.0000
vn -1.0000 -0.0049 0.0048
vn -0.0048 -0.0006 -1.0000
vn -1.0000 -0.0010 0.0079
vn -0.0049 1.0000 0.0048
vn 1.0000 -0.0010 -0.0079
vn 0.0048 -0.0006 1.0000
vn 0.0049 -1.0000 0.0048
vn 0.0006 -0.0049 -1.0000
vn 0.0010 -1.0000 0.0079
vn 0.0010 1.0000 -0.0079
vn 0.0006 0.0048 1.0000
vn 0.0048 0.0006 -1.0000
vn 1.0000 0.0010 0.0079
vn -1.0000 0.0010 -0.0079
vn -0.0048 0.0006 1.0000
vn -0.1063 0.7601 0.6411
vn 0.0164 0.7632 -0.6460
vn -0.4618 0.6102 -0.6437
vn 0.4416 0.6336 0.6353
vn 0.7553 0.1663 -0.6340
vn 0.4340 0.6471 -0.6269
vn 0.7643 0.1533 0.6264
vn 0.6666 -0.3904 -0.6350
vn 0.3882 -0.6621 0.6410
vn 0.2755 -0.7037 -0.6549
vn -0.1537 -0.7603 -0.6311
vn -0.1644 -0.7572 0.6321
vn -0.6364 -0.4422 -0.6320
vn -0.6504 -0.4183 0.6340
vn -0.7649 0.1372 -0.6293
vn -0.7691 0.1507 0.6211
vn -0.4246 0.6735 0.6050
vn -0.0192 0.7447 -0.6671
vn -0.4773 0.6381 -0.6041
vn 0.6203 0.5933 0.5130
vn 0.7699 0.3579 -0.5285
vn 0.4057 0.6494 -0.6432
vn 0.7044 0.2340 0.6702
vn 0.7290 0.0242 -0.6841
vn 0.7688 -0.2000 0.6073
vn 0.7472 -0.3522 -0.5636
vn 0.4653 -0.6554 -0.5949
vn 0.4384 -0.6383 0.6328
vn 0.0134 -0.7428 -0.6694
vn 0.0202 -0.8422 0.5388
vn -0.4433 -0.6995 -0.5605
vn -0.6852 -0.4101 0.6020
vn -0.6979 -0.2848 -0.6572
vn -0.7612 0.1467 -0.6317
vn -0.6643 0.3297 0.6709
vn 0.2769 0.6779 0.6810
vn -0.3076 -0.6640 0.6815
vn -0.0180 0.8318 0.5548
vn -0.8296 -0.0388 0.5570
vn -0.1976 0.7654 0.6125
vn 0.1986 0.7669 -0.6103
vn -0.5611 0.5522 -0.6166
vn 0.7803 -0.0071 0.6253
vn 0.6731 -0.3807 -0.6341
vn 0.7462 0.2421 -0.6201
vn 0.5471 -0.5550 0.6267
vn 0.2096 -0.7559 -0.6203
vn -0.0069 -0.7681 0.6403
vn -0.3758 -0.6677 -0.6426
vn -0.5853 -0.5274 0.6159
vn -0.7716 -0.1767 -0.6110
vn -0.7585 0.2109 0.6166
vn 0.5333 0.5739 0.6215
vn -0.4131 0.6528 0.6349
vn 0.1624 0.7588 -0.6307
vn -0.2920 0.6941 -0.6580
vn 0.7693 0.1089 0.6295
vn 0.7623 0.0050 -0.6472
vn 0.6171 0.4628 -0.6364
vn 0.6579 -0.4190 -0.6258
vn 0.6377 -0.4409 0.6316
vn 0.3005 -0.6881 -0.6605
vn 0.1659 -0.7498 0.6405
vn -0.1654 -0.7522 -0.6378
vn -0.3092 -0.7110 0.6316
vn -0.6208 -0.4580 -0.6362
vn -0.6584 -0.3949 0.6408
vn -0.7598 -0.0155 -0.6500
vn -0.7570 0.1620 0.6330
vn -0.6510 0.4193 -0.6327
vn 0.1404 0.7625 0.6316
vn 0.5358 0.5301 0.6573
vn 0.4451 0.6314 0.6350
vn 0.7537 0.1692 -0.6351
vn 0.4196 0.6582 -0.6251
vn 0.7663 0.1438 0.6261
vn 0.6586 -0.4061 -0.6335
vn 0.4167 -0.6597 0.6254
vn 0.1601 -0.7627 -0.6266
vn -0.1437 -0.7714 0.6199
vn -0.4296 -0.6432 -0.6338
vn -0.5623 -0.5057 0.6543
vn -0.7513 -0.1537 -0.6418
vn -0.7719 -0.1111 0.6259
vn -0.6560 0.4185 -0.6281
vn -0.6334 0.4458 0.6325
vn -0.1689 0.7554 -0.6331
vn -0.1356 0.7662 0.6281
vn -0.3009 0.7523 0.5861
vn 0.3011 0.7527 -0.5854
vn -0.7523 0.3009 -0.5861
vn 0.3009 -0.7523 0.5861
vn -0.3011 -0.7527 -0.5854
vn 0.7523 -0.3009 -0.5861
vn -0.7527 -0.3011 0.5854
vn 0.7527 0.3011 0.5854
vn 0.7527 0.3011 0.5855
vn 0.0051 -1.0000 -0.0058
vn 0.9999 0.0021 -0.0138
vn 0.0145 0.0030 0.9999
vn -1.0000 -0.0012 -0.0037
vn -0.0056 1.0000 -0.0077
vn -0.3277 0.0065 -0.9448
vn -0.9119 -0.4104 -0.0086
vn 0.0300 0.8802 -0.4737
vn -0.0203 0.8816 0.4716
vn 0.8199 0.5718 0.0284
vn 0.4221 0.0050 0.9066
vn 0.9119 -0.4104 0.0086
vn 0.0030 -0.3681 -0.9298
vn -0.0030 -0.3681 0.9298
vn -0.0087 0.0016 -1.0000
vn 0.0008 -1.0000 -0.0006
vn 0.9999 0.0137 -0.0010
vn 0.0008 0.0084 1.0000
vn -0.9999 -0.0137 -0.0010
vn -0.0008 1.0000 -0.0006
vn -0.0008 0.0084 -1.0000
vn 0.0002 -1.0000 -0.0002
vn 0.9999 0.0137 -0.0003
vn 0.0002 0.0084 1.0000
vn -0.9999 -0.0137 -0.0003
vn -0.0002 1.0000 -0.0002
vn -0.0002 0.0084 -1.0000
vn -0.3141 -0.5504 0.7736
vn 0.3141 0.5493 0.7743
vn -0.7729 0.5518 0.3133
vn 0.3141 -0.5504 -0.7736
vn -0.3141 0.5493 -0.7743
vn 0.7729 0.5518 -0.3133
vn -0.7733 -0.5512 -0.3132
vn 0.7733 -0.5512 0.3132
vn -0.3139 -0.5504 0.7737
vn 0.3139 0.5504 0.7737
vn -0.7733 0.5512 0.3134
vn 0.3139 -0.5504 -0.7737
vn -0.3139 0.5504 -0.7737
vn 0.7733 0.5512 -0.3134
vn -0.7733 -0.5512 -0.3134
vn 0.7733 -0.5512 0.3134
vn 0.7716 -0.5887 0.2411
vn 0.3261 0.5800 -0.7465
vn 0.7526 0.5927 0.2868
vn 0.3154 -0.5756 -0.7544
vn -0.7280 0.5864 -0.3553
vn -0.7722 -0.5465 0.3241
vn -0.3001 0.5925 0.7476
vn 0.0828 -0.5897 0.8034
vn -0.7267 -0.5843 0.3614
vn 0.2625 0.5875 0.7655
vn -0.7340 0.5938 0.3297
vn 0.3413 -0.5494 -0.7627
vn -0.3149 0.5926 -0.7414
vn 0.7737 0.5504 -0.3139
vn -0.6324 -0.5783 -0.5153
vn 0.7843 -0.5492 0.2887
vn -0.1220 -0.5653 0.8158
vn 0.0084 -0.9999 -0.0080
vn 0.9999 0.0092 -0.0080
vn 0.0084 0.0092 0.9999
vn -0.9999 -0.0092 -0.0080
vn -0.0084 0.9999 -0.0080
vn -0.2832 0.0077 -0.9590
vn -0.8723 -0.0012 -0.4891
vn -0.4433 -0.8964 -0.0000
vn -0.3588 -0.0072 0.9334
vn -0.8775 0.0017 0.4795
vn -0.4429 0.8965 0.0049
vn 0.0070 0.4968 -0.8679
vn 0.0053 0.8386 -0.5448
vn -0.0070 0.4968 0.8679
vn -0.0053 0.8386 0.5448
vn 0.8965 0.4429 0.0049
vn 0.2832 -0.0077 -0.9590
vn 0.8723 0.0012 -0.4891
vn 0.2832 0.0077 0.9590
vn 0.8723 -0.0012 0.4891
vn 0.4429 -0.8965 0.0049
vn -0.0070 -0.4968 -0.8679
vn -0.0053 -0.8386 -0.5448
vn 0.0070 -0.4968 0.8679
vn 0.0053 -0.8386 0.5448
vn -0.0084 0.0092 -0.9999
vn 0.0005 -1.0000 -0.0005
vn 0.9999 0.0137 -0.0008
vn 0.0005 0.0084 1.0000
vn -0.9999 -0.0137 -0.0008
vn -0.0005 1.0000 -0.0005
vn -0.0005 0.0084 -1.0000
vn 0.0031 -1.0000 -0.0080
vn 0.9998 0.0136 -0.0129
vn 0.0031 0.0084 1.0000
vn -0.9998 -0.0136 -0.0129
vn -0.0031 1.0000 -0.0080
vn -0.0031 0.0084 -1.0000
vn 0.0084 -1.0000 -0.0005
vn 1.0000 0.0009 -0.0008
vn 0.0084 0.0005 1.0000
vn -1.0000 -0.0009 -0.0008
vn -0.0084 1.0000 -0.0005
vn -0.0084 0.0005 -1.0000
vn 1.0000 0.0007 0.0080
vn -0.0055 0.9999 0.0125
vn 0.0035 -1.0000 -0.0079
vn -0.9999 0.0034 0.0132
vn -0.2539 0.0037 -0.9672
vn 0.3831 0.8634 0.3282
vn -0.8984 0.1762 -0.4023
vn -0.6037 -0.1944 -0.7731
vn 0.0743 -0.4481 -0.8909
vn 0.0035 0.8965 0.4430
vn 0.4584 0.8887 -0.0047
vn -0.1256 0.8799 -0.4582
vn -0.2284 0.4683 -0.8535
vn -0.3754 0.9268 0.0019
vn 0.4481 -0.8939 -0.0048
vn 0.0049 -0.4984 0.8669
vn 0.0037 -0.8379 0.5457
vn -0.8958 -0.4444 -0.0048
vn -0.2197 -0.5293 -0.8195
vn -0.1256 -0.8799 -0.4583
vn 0.2822 0.0030 0.9594
vn 0.9298 -0.0006 0.3680
vn -0.9531 0.0027 0.3028
vn -0.4883 0.0002 0.8727
vn 0.8887 0.0021 -0.4585
vn -0.9074 0.0022 -0.4204
vn 0.0059 0.0035 1.0000
vn 1.0000 0.0006 -0.0017
vn -0.0048 1.0000 -0.0028
vn -0.0031 -1.0000 -0.0065
vn -0.9999 0.0007 0.0158
vn -0.2559 0.0029 -0.9667
vn 0.4074 0.8800 0.2442
vn -0.8844 0.2582 -0.3887
vn -0.0193 -0.4563 -0.8896
vn 0.0041 0.8601 0.5101
vn 0.4583 0.8888 -0.0038
vn -0.2275 0.4857 -0.8440
vn -0.4623 0.8867 0.0069
vn 0.4482 -0.8939 -0.0039
vn 0.0032 -0.8344 0.5512
vn -0.9141 -0.4054 -0.0042
vn -0.2319 -0.4536 -0.8605
vn 0.8765 0.0007 0.4814
vn -0.5395 0.0010 0.8420
vn 0.9155 0.0003 -0.4024
vn -0.9076 0.0019 -0.4198
vn 0.0073 0.0006 1.0000
vn -0.0016 -1.0000 -0.0083
vn 0.9640 0.0006 -0.2659
vn 0.2587 0.0007 0.9660
vn -0.9696 -0.0006 0.2445
vn -0.0016 1.0000 -0.0083
vn -0.2587 0.0007 -0.9660
vn 0.2578 -0.0000 0.9662
vn 0.0084 -1.0000 -0.0010
vn 1.0000 0.0005 -0.0017
vn 0.0084 0.0003 1.0000
vn -1.0000 -0.0005 -0.0017
vn -0.0084 1.0000 -0.0010
vn -0.0084 0.0003 -1.0000
vn 1.0000 0.0002 -0.0008
vn 0.0084 0.0001 1.0000
vn -1.0000 -0.0002 -0.0008
vn -0.0084 0.0001 -1.0000
vn 0.0069 -1.0000 -0.0067
vn 0.9999 0.0002 -0.0111
vn 0.0068 0.0001 1.0000
vn -0.9999 -0.0002 -0.0111
vn -0.0069 1.0000 -0.0067
vn -0.0068 0.0001 -1.0000
vn 0.6033 0.4026 0.6884
vn -0.6033 0.7975 0.0044
vn -0.6107 0.3905 0.6888
vn 0.6108 -0.4005 -0.6831
vn -0.6108 -0.7918 -0.0053
vn -0.6034 -0.3957 -0.6923
vn 0.6034 -0.7974 0.0034
vn -0.6086 -0.4002 0.6852
vn 0.6151 -0.3890 0.6858
vn 0.6086 0.3933 -0.6892
vn -0.6151 0.3994 -0.6798
vn 0.6107 0.7918 -0.0062
vn 0.6019 0.4026 0.6897
vn -0.6035 0.7973 0.0030
vn -0.6158 0.3879 0.6858
vn 0.6098 -0.4005 -0.6839
vn -0.6109 -0.7917 -0.0056
vn -0.6098 -0.3920 -0.6888
vn 0.6035 -0.7973 0.0030
vn -0.6019 -0.4026 0.6897
vn 0.6158 -0.3879 0.6858
vn 0.6099 0.3920 -0.6888
vn -0.6098 0.4005 -0.6839
vn 0.6109 0.7917 -0.0056
vn 0.0001 -1.0000 -0.0005
vn 0.0001 0.0084 1.0000
vn -0.0001 1.0000 -0.0005
vn -0.0001 0.0084 -1.0000
vn -0.0038 -1.0000 -0.0061
vn 0.9633 0.0017 -0.2685
vn 0.2598 0.0017 0.9657
vn -0.9679 -0.0017 0.2512
vn -0.0038 1.0000 -0.0060
vn -0.2598 0.0017 -0.9657
vn 0.0068 -1.0000 -0.0057
vn 1.0000 0.0083 -0.0052
vn 0.0067 0.0089 0.9999
vn -1.0000 -0.0083 -0.0052
vn -0.4193 -0.2910 -0.8599
vn -0.2067 -0.9039 -0.3744
vn -0.9039 -0.2067 0.3744
vn -0.9039 0.2067 -0.3744
vn -0.4193 0.2910 0.8599
vn -0.2067 0.9039 0.3744
vn 0.3744 -0.2067 0.9039
vn 0.4193 0.2910 -0.8599
vn 0.2067 0.9039 -0.3744
vn -0.1895 0.0080 -0.9819
vn -0.9239 0.0027 -0.3827
vn -0.4732 -0.8809 -0.0000
vn -0.9211 -0.3894 -0.0005
vn -0.1895 -0.0080 0.9819
vn -0.9239 -0.0027 0.3827
vn -0.4732 0.8809 -0.0000
vn -0.9211 0.3894 0.0005
vn 0.0025 0.3827 -0.9239
vn -0.0024 0.9239 -0.3827
vn -0.0025 0.3827 0.9239
vn 0.0024 0.9239 0.3827
vn 0.8963 0.4435 -0.0023
vn 0.8739 -0.0060 -0.4860
vn 0.2831 0.0074 0.9591
vn 0.8740 0.0046 0.4859
vn 0.4430 -0.8965 0.0034
vn 0.0033 -0.3827 -0.9239
vn 0.0028 -0.9239 -0.3827
vn 0.0048 -0.4704 0.8824
vn 0.0018 -0.8732 0.4874
vn -0.0067 0.0089 -0.9999
vn 0.0014 -0.9999 -0.0150
vn 1.0000 0.0010 -0.0092
vn 0.0006 0.0008 1.0000
vn -0.9999 -0.0014 -0.0139
vn -0.0006 1.0000 -0.0093
vn -0.4183 -0.0018 0.9083
vn -0.0004 0.3691 -0.9294
vn -0.0008 0.8841 0.4673
vn 0.4200 -0.0033 -0.9075
vn 0.8871 0.0009 0.4615
vn -0.0025 -0.8839 -0.4677
vn 0.0025 -0.8839 0.4676
vn -0.0004 0.0008 -1.0000
vn 0.0006 -1.0000 -0.0004
vn 1.0000 0.0071 -0.0003
vn 0.0004 0.0071 1.0000
vn -1.0000 -0.0100 -0.0003
vn -0.0004 1.0000 -0.0003
vn -0.3484 0.0533 -0.9358
vn -0.9131 -0.4078 -0.0007
vn -0.9129 0.4082 0.0018
vn 0.0025 0.3702 -0.9289
vn 0.0004 0.3691 0.9294
vn 0.9335 0.3587 -0.0003
vn 0.9131 -0.4078 0.0007
vn 0.0004 -0.3691 -0.9294
vn -0.0004 -0.3691 0.9294
vn -0.0007 0.0119 -0.9999
vn 1.0000 0.0071 -0.0006
vn 0.0016 0.0233 0.9997
vn -0.0004 1.0000 -0.0005
vn -0.0023 0.8839 0.4676
vn 0.8156 0.5786 -0.0018
vn 0.4634 0.0412 0.8852
vn 0.0163 -0.9999 -0.0014
vn 1.0000 0.0014 -0.0009
vn 0.0088 0.0009 1.0000
vn -1.0000 -0.0006 -0.0008
vn -0.0088 1.0000 -0.0009
vn -0.4187 -0.0021 0.9081
vn -0.0050 0.3673 -0.9301
vn -0.0118 0.8827 0.4697
vn 0.8866 -0.0055 -0.4625
vn 0.8871 0.0011 0.4615
vn -0.0261 -0.3792 -0.9250
vn 0.0349 -0.8795 0.4747
vn -0.0054 0.0006 -1.0000
vn 0.0084 -1.0000 -0.0002
vn 1.0000 0.0005 -0.0003
vn -1.0000 -0.0005 -0.0003
vn -0.0084 1.0000 -0.0002
vn 1.0000 -0.0000 -0.0000
vn 0.0061 -1.0000 -0.0038
vn 1.0000 0.0003 -0.0063
vn 0.0061 0.0002 1.0000
vn -1.0000 -0.0003 -0.0063
vn -0.0061 1.0000 -0.0039
vn -0.0061 0.0002 -1.0000
vn -0.6107 0.3906 0.6888
vn 0.6108 -0.4004 -0.6831
vn 0.6024 0.4020 0.6896
vn -0.6024 0.7982 0.0034
vn -0.6135 0.3894 0.6871
vn 0.6135 -0.4003 -0.6807
vn -0.6135 -0.7897 -0.0063
vn -0.6024 -0.3962 -0.6930
vn 0.6024 -0.7982 0.0034
vn -0.6024 -0.4020 0.6896
vn 0.6135 -0.3894 0.6871
vn 0.6024 0.3962 -0.6930
vn -0.6135 0.4003 -0.6807
vn 0.6135 0.7897 -0.0063
vn 0.0043 -0.9998 -0.0202
vn 0.9998 0.0064 -0.0183
vn 0.0056 0.0076 1.0000
vn -0.9998 -0.0064 -0.0183
vn -0.0043 0.9998 -0.0202
vn -0.4232 0.0061 -0.9060
vn -0.4232 -0.0061 0.9060
vn 0.0080 0.8832 -0.4689
vn -0.0080 0.8832 0.4689
vn 0.8211 0.5695 0.0382
vn 0.4232 -0.0061 -0.9060
vn 0.4232 0.0061 0.9060
vn -0.0080 -0.8832 -0.4689
vn 0.0080 -0.8832 0.4689
vn -0.0056 0.0076 -1.0000
vn 0.9999 0.0010 -0.0137
vn 0.0004 0.0006 1.0000
vn -0.9999 -0.0010 -0.0137
vn -0.0004 0.0006 -1.0000
vn 0.0037 -0.9998 -0.0202
vn 0.9999 0.0035 -0.0126
vn 0.0020 0.0026 1.0000
vn -0.9999 -0.0019 -0.0101
vn -0.0020 0.9999 -0.0127
vn -0.9118 -0.4105 -0.0089
vn -0.0012 0.3688 -0.9295
vn -0.0027 0.8839 0.4677
vn 0.4297 -0.0117 -0.9029
vn 0.8869 0.0031 0.4620
vn -0.0054 -0.3713 -0.9285
vn -0.0013 0.0019 -1.0000
vn -0.6543 0.2160 0.7247
vn -0.9548 0.2973 -0.0000
vn -0.6709 0.2114 0.7107
vn -0.0359 0.0363 0.9987
vn 0.0020 -0.0011 1.0000
vn 0.6298 -0.2501 0.7354
vn 0.6778 -0.2145 0.7032
vn 0.9502 -0.3117 0.0047
vn 0.9548 -0.2973 -0.0000
vn 0.6778 -0.2141 -0.7034
vn 0.0023 -0.0001 -1.0000
vn 0.6169 -0.3064 -0.7250
vn -0.6706 0.2118 -0.7110
vn -0.0476 -0.0098 -0.9988
vn -0.6494 0.2144 -0.7296
vn -0.6323 0.3484 0.6920
vn -0.9480 0.3184 0.0001
vn 0.8809 -0.4732 -0.0091
vn -0.6680 0.3036 -0.6794
vn -0.6269 0.3249 0.7081
vn -0.8984 0.4392 0.0057
vn 0.0165 -0.0094 0.9998
vn 0.6451 -0.3296 0.6893
vn 0.8934 -0.4491 -0.0145
vn 0.0255 -0.0064 -0.9997
vn -0.6103 0.3155 -0.7266
vn -0.8884 0.4588 -0.0186
vn -0.7336 -0.1144 0.6699
vn 0.0118 -0.2377 0.9713
vn 0.7110 -0.2140 0.6698
vn 0.6381 -0.3160 -0.7022
vn 0.9970 -0.0757 0.0143
vn 0.1323 0.2243 -0.9655
vn -0.5902 0.2297 -0.7739
vn -0.9906 0.0923 -0.1010
vn -0.9319 -0.2989 -0.2053
vn -0.0073 -0.4519 0.8921
vn 0.6602 -0.0959 0.7449
vn 0.9383 0.3017 0.1692
vn 0.6926 0.5269 -0.4927
vn 0.7634 0.0993 -0.6383
vn 0.0599 0.4623 -0.8847
vn -0.6172 0.1256 -0.7767
vn -0.6763 -0.5438 0.4970
vn -0.8900 -0.3993 -0.2203
vn -0.0316 -0.5230 0.8518
vn 0.6073 -0.1049 0.7875
vn 0.8900 0.3825 0.2481
vn 0.6293 0.6373 -0.4447
vn -0.0163 0.5020 -0.8647
vn -0.6460 0.0657 -0.7605
vn -0.6509 0.2149 0.7281
vn -0.0426 0.0359 0.9984
vn 0.6267 -0.2459 0.7394
vn 0.6779 -0.2144 0.7032
vn 0.9502 -0.3117 0.0062
vn 0.6778 -0.2140 -0.7034
vn 0.0022 -0.0001 -1.0000
vn 0.6148 -0.3032 -0.7280
vn -0.0509 -0.0086 -0.9987
vn -0.6451 0.2130 -0.7338
vn -0.6313 0.3501 0.6920
vn -0.9480 0.3183 0.0001
vn 0.8779 -0.4786 -0.0156
vn -0.6696 0.3051 -0.6772
vn -0.6275 0.3236 0.7082
vn 0.0165 -0.0100 0.9998
vn 0.6450 -0.3297 0.6894
vn 0.8931 -0.4496 -0.0143
vn 0.0253 -0.0067 -0.9997
vn -0.6102 0.3153 -0.7268
vn -0.8889 0.4578 -0.0188
vn -0.7340 -0.1135 0.6695
vn 0.0113 -0.2376 0.9713
vn 0.7113 -0.2139 0.6696
vn 0.6376 -0.3166 -0.7023
vn 0.9970 -0.0755 0.0141
vn 0.1327 0.2244 -0.9654
vn -0.5903 0.2298 -0.7738
vn -0.9907 0.0926 -0.0998
vn -0.9326 -0.2972 -0.2048
vn -0.0071 -0.4511 0.8925
vn 0.6601 -0.0958 0.7450
vn 0.9380 0.3023 0.1697
vn 0.6922 0.5277 -0.4924
vn 0.7635 0.0995 -0.6381
vn 0.0596 0.4625 -0.8846
vn -0.6170 0.1261 -0.7768
vn -0.6770 -0.5419 0.4981
vn -0.8900 -0.3992 -0.2203
vn 0.6293 0.6374 -0.4447
vn -0.6463 0.2134 0.7327
vn -0.9526 0.2879 -0.0982
vn -0.6000 0.1831 0.7787
vn -0.0537 0.0372 0.9979
vn 0.4771 -0.1651 0.8632
vn 0.9420 -0.3076 0.1342
vn 0.8767 -0.2954 -0.3797
vn -0.2444 0.0564 -0.9680
vn 0.6098 -0.3000 -0.7336
vn -0.6745 0.2278 -0.7022
vn -0.6297 0.3522 0.6924
vn -0.9480 0.3183 -0.0000
vn 0.8739 -0.4854 -0.0259
vn 0.6243 -0.2387 0.7438
vn -0.6720 0.3072 -0.6739
vn -0.6280 0.3223 0.7083
vn -0.8984 0.4391 0.0057
vn 0.0166 -0.0106 0.9998
vn 0.6449 -0.3298 0.6894
vn 0.8928 -0.4502 -0.0141
vn 0.0250 -0.0069 -0.9997
vn -0.0559 -0.0087 -0.9984
vn -0.6102 0.3150 -0.7270
vn -0.8894 0.4568 -0.0190
vn -0.7345 -0.1128 0.6692
vn 0.0108 -0.2374 0.9713
vn 0.7116 -0.2138 0.6693
vn 0.6372 -0.3172 -0.7023
vn 0.9971 -0.0752 0.0139
vn 0.1332 0.2245 -0.9653
vn -0.5903 0.2298 -0.7737
vn -0.9908 0.0928 -0.0988
vn -0.9332 -0.2956 -0.2044
vn -0.0069 -0.4503 0.8929
vn 0.6600 -0.0956 0.7451
vn 0.9377 0.3028 0.1703
vn 0.6917 0.5286 -0.4921
vn 0.7636 0.0998 -0.6380
vn 0.0593 0.4628 -0.8845
vn -0.6169 0.1266 -0.7768
vn -0.6777 -0.5401 0.4991
vn 0.6293 0.6374 -0.4446
vn 0.0366 0.7295 0.6830
vn -0.2423 0.9702 0.0096
vn -0.1171 0.6750 0.7284
vn 0.1051 0.0527 0.9931
vn 0.0805 -0.0376 0.9960
vn 0.1206 -0.6728 0.7299
vn 0.2264 -0.7131 0.6635
vn 0.0667 -0.9977 0.0094
vn 0.2418 -0.9700 -0.0259
vn 0.1282 -0.7078 -0.6947
vn -0.0594 -0.0464 -0.9972
vn -0.0315 -0.6923 -0.7209
vn -0.2174 0.6637 -0.7157
vn -0.1077 0.0376 -0.9935
vn -0.1119 0.7276 -0.6769
vn 0.5588 0.5997 0.5728
vn -0.0504 0.9987 0.0070
vn 0.2847 0.0599 0.9567
vn -0.1642 -0.5449 0.8223
vn -0.5343 -0.8349 0.1323
vn -0.5266 -0.5250 -0.6686
vn -0.1652 0.1199 -0.9789
vn 0.2688 0.6512 -0.7097
vn 0.9370 0.2397 -0.2542
vn 0.5500 0.8306 -0.0877
vn 0.8913 0.0825 0.4458
vn 0.3677 -0.1222 0.9219
vn -0.3917 -0.2601 0.8825
vn -0.8551 -0.0520 -0.5158
vn -0.2357 0.1577 -0.9589
vn 0.4937 0.2723 -0.8259
vn 0.9088 -0.2404 -0.3410
vn 0.8661 -0.3146 0.3884
vn 0.3426 -0.2155 0.9144
vn -0.9315 -0.2331 0.2792
vn -0.3963 0.0149 0.9180
vn -0.8383 0.3161 -0.4441
vn -0.2559 0.1933 -0.9472
vn 0.4594 -0.0361 -0.8875
vn 0.7742 -0.5177 -0.3642
vn 0.7551 -0.5326 0.3824
vn 0.3076 -0.2453 0.9194
vn -0.9051 0.2430 0.3490
vn -0.3269 0.1911 0.9255
vn -0.7428 0.5267 -0.4135
vn -0.2654 0.2174 -0.9393
vn 0.3598 -0.2132 -0.9083
vn 0.7038 -0.6055 -0.3714
vn 0.6907 -0.5962 0.4092
vn 0.2598 -0.2262 0.9388
vn -0.7713 0.5176 0.3704
vn -0.3176 0.2715 0.9085
vn -0.7006 0.6047 -0.3788
vn -0.2976 0.2587 -0.9190
vn 0.2883 -0.2461 -0.9254
vn 1.0000 0.0006 -0.0004
vn 0.0084 0.0004 1.0000
vn -1.0000 -0.0006 -0.0004
vn -0.0084 0.0004 -1.0000
vn 0.0084 -1.0000 -0.0012
vn 1.0000 0.0004 -0.0020
vn 0.0084 0.0002 1.0000
vn -1.0000 -0.0004 -0.0020
vn -0.0084 1.0000 -0.0012
vn -0.0084 0.0002 -1.0000
vn -1.0000 -0.0012 -0.0095
vn 1.0000 0.0012 -0.0095
vn 0.6028 0.4036 0.6883
vn -0.6028 0.7978 0.0054
vn -0.6111 0.3893 0.6892
vn 0.6112 -0.4013 -0.6822
vn -0.6112 -0.7914 -0.0065
vn -0.6029 -0.3951 -0.6931
vn 0.6029 -0.7978 0.0044
vn -0.6079 -0.4013 0.6852
vn 0.6157 -0.3877 0.6860
vn 0.6079 0.3927 -0.6901
vn -0.6157 0.4002 -0.6788
vn 0.6111 0.7915 -0.0074
vn -0.6112 -0.7915 -0.0065
vn -0.6111 0.3893 0.6891
vn 0.0003 -1.0000 -0.0096
vn 0.9998 -0.0004 0.0214
vn 0.0005 0.0002 1.0000
vn -0.9998 0.0004 0.0214
vn -0.0003 1.0000 -0.0096
vn -0.4007 -0.7599 0.5119
vn -0.4007 0.7599 -0.5119
vn 0.4007 -0.7599 -0.5119
vn 0.4007 0.7599 0.5119
vn -0.9606 -0.0009 -0.2780
vn -0.9010 -0.4330 0.0270
vn -0.9606 0.0009 0.2780
vn -0.9010 0.4330 -0.0270
vn -0.0000 0.9552 -0.2959
vn -0.0000 0.9552 0.2959
vn 0.9606 0.0009 -0.2780
vn 0.9606 -0.0009 0.2780
vn 0.9010 -0.4330 -0.0270
vn -0.0000 -0.9552 -0.2959
vn -0.0000 -0.9552 0.2959
vn -0.0005 0.0002 -1.0000
vn -0.0002 -1.0000 0.0084
vn 0.9999 -0.0002 0.0137
vn -0.0002 -0.0001 1.0000
vn -0.9999 0.0002 0.0137
vn 0.0002 1.0000 0.0084
vn 0.0002 -0.0001 -1.0000
vn -0.0001 -1.0000 0.0084
vn 0.9999 -0.0001 0.0137
vn -0.0001 -0.0000 1.0000
vn -0.9999 0.0001 0.0137
vn 0.0001 1.0000 0.0084
vn 0.0001 -0.0000 -1.0000
vn -0.0006 -0.9999 0.0128
vn 0.9999 -0.0108 0.0113
vn -0.0008 -0.0155 0.9999
vn -0.9999 0.0127 0.0112
vn 0.0003 1.0000 0.0063
vn -0.9563 -0.0278 -0.2910
vn -0.8193 -0.5728 0.0243
vn -0.9563 0.0278 0.2910
vn -0.8193 0.5728 -0.0243
vn 0.9563 0.0278 -0.2910
vn 0.9569 -0.0244 0.2894
vn 0.8193 -0.5728 -0.0243
vn 0.0008 -0.0155 -0.9999
vn -0.0000 -1.0000 0.0015
vn 0.9999 -0.0137 0.0024
vn -0.0000 -0.0084 1.0000
vn -0.9999 0.0137 0.0024
vn -0.0000 1.0000 0.0015
vn -0.0000 -0.0084 -1.0000
vn -0.0003 -1.0000 0.0063
vn 0.9999 -0.0127 0.0112
vn -0.0004 -0.0088 1.0000
vn -0.9999 0.0108 0.0113
vn 0.0006 0.9999 0.0128
vn -0.4631 -0.8856 0.0355
vn -0.9569 0.0244 0.2894
vn 0.9563 -0.0278 0.2910
vn -0.0120 -0.9998 0.0130
vn 0.9999 -0.0003 0.0119
vn -0.0157 -0.0004 0.9999
vn -0.9999 0.0003 0.0119
vn 0.0120 0.9998 0.0130
vn -0.9606 -0.0006 -0.2779
vn -0.8194 -0.5728 0.0243
vn -0.9606 0.0006 0.2779
vn -0.8194 0.5728 -0.0243
vn 0.9606 0.0006 -0.2779
vn 0.9606 -0.0006 0.2779
vn 0.0157 -0.0004 -0.9999
vn -0.0010 -1.0000 0.0084
vn 0.9999 -0.0009 0.0137
vn -0.0010 -0.0006 1.0000
vn -0.9999 0.0009 0.0137
vn 0.0010 1.0000 0.0084
vn 0.0010 -0.0006 -1.0000
vn 0.8194 -0.5728 -0.0243
vn -0.0236 -0.9992 0.0319
vn 0.9992 -0.0236 0.0319
vn -0.0219 -0.0219 0.9995
vn -0.9992 0.0236 0.0319
vn 0.0236 0.9992 0.0319
vn -0.4169 -0.8836 -0.2130
vn -0.8635 -0.3978 0.3101
vn -0.8858 0.4194 -0.1985
vn -0.3229 0.8179 -0.4762
vn -0.4169 0.8836 0.2130
vn 0.2130 -0.8836 -0.4169
vn 0.4169 -0.8836 0.2130
vn 0.4169 0.8836 -0.2130
vn 0.8858 0.4194 0.1986
vn 0.3229 0.8179 0.4762
vn -0.4779 -0.0005 -0.8784
vn -0.9330 -0.0186 -0.3593
vn -0.8970 -0.4417 0.0204
vn -0.4673 0.0151 0.8840
vn -0.9330 0.0186 0.3593
vn -0.8970 0.4417 -0.0204
vn -0.0196 0.9511 -0.3081
vn 0.0196 0.9511 0.3081
vn 0.4417 0.8969 -0.0204
vn 0.4813 -0.0042 -0.8765
vn 0.9330 0.0186 -0.3593
vn 0.4779 -0.0005 0.8784
vn 0.9330 -0.0186 0.3593
vn 0.5360 -0.8440 -0.0192
vn 0.8761 -0.4815 -0.0258
vn -0.0000 -0.8964 -0.4433
vn -0.0003 -0.3894 0.9211
vn -0.0200 -0.9581 0.2856
vn 0.0237 -0.0237 -0.9994
vn -0.0014 -1.0000 0.0084
vn 0.9999 -0.0022 0.0137
vn -0.0014 -0.0014 1.0000
vn -0.9999 0.0022 0.0137
vn 0.0014 1.0000 0.0084
vn 0.0014 -0.0014 -1.0000
vn -0.0237 -0.0237 0.9994
vn -0.3229 -0.8179 0.4762
vn -0.8858 -0.4194 0.1985
vn -0.8635 0.3978 -0.3101
vn 0.8858 -0.4194 -0.1986
vn 0.3229 -0.8179 -0.4762
vn 0.8635 0.3978 0.3101
vn -0.4673 -0.0151 -0.8840
vn -0.8969 -0.4417 0.0204
vn -0.4779 0.0005 0.8784
vn -0.0003 0.3894 -0.9211
vn -0.0200 0.9581 -0.2856
vn 0.0003 0.3894 0.9211
vn 0.0200 0.9581 0.2856
vn 0.4779 0.0005 -0.8784
vn 0.4673 -0.0151 0.8840
vn 0.8969 -0.4417 -0.0204
vn 0.0196 -0.9511 -0.3081
vn -0.0196 -0.9511 0.3081
vn -0.8858 0.4194 -0.1986
vn 0.8635 -0.3978 -0.3101
vn 0.8858 0.4194 0.1985
vn -0.8969 0.4417 -0.0204
vn 0.4673 0.0151 -0.8840
vn 0.8970 -0.4417 -0.0204
vn 0.0003 -0.3894 -0.9211
vn 0.0200 -0.9581 -0.2856
vn 0.0219 -0.0219 -0.9995
vn -0.8858 -0.4194 0.1986
vn -0.2130 0.8836 -0.4169
vn 0.8858 -0.4194 -0.1985
vn -0.4813 0.0042 -0.8765
vn -0.5360 0.8440 -0.0192
vn -0.8761 0.4815 -0.0258
vn -0.0000 0.8964 -0.4433
vn 0.4417 0.8970 -0.0204
vn -0.0106 -0.9999 0.0009
vn 1.0000 -0.0099 0.0007
vn -0.0124 -0.0126 0.9998
vn -1.0000 0.0099 0.0008
vn 0.0106 0.9999 0.0009
vn -0.9572 -0.0226 -0.2885
vn -0.8161 -0.5779 0.0017
vn -0.9572 0.0226 0.2885
vn -0.8161 0.5779 -0.0017
vn 0.9577 0.0199 -0.2872
vn 0.9572 -0.0226 0.2885
vn 0.4544 -0.8908 -0.0024
vn 0.0073 -0.0074 -0.9999
vn -0.0068 -1.0000 0.0002
vn 1.0000 -0.0031 0.0004
vn -0.0068 -0.0019 1.0000
vn -1.0000 0.0031 0.0004
vn 0.0068 1.0000 0.0002
vn 0.0068 -0.0019 -1.0000
vn -0.0166 -0.9999 0.0009
vn 0.9999 -0.0156 0.0006
vn -0.0194 -0.0198 0.9996
vn -0.9999 0.0156 0.0007
vn 0.0166 0.9999 0.0009
vn -0.9548 -0.0362 -0.2950
vn -0.8161 -0.5778 0.0017
vn -0.9548 0.0362 0.2950
vn 0.9557 0.0316 -0.2928
vn 0.9548 -0.0362 0.2950
vn 0.0117 -0.0119 -0.9999
vn 1.0000 -0.0099 0.0008
vn 0.9572 0.0226 -0.2885
vn 0.8161 -0.5779 -0.0017
vn 0.0124 -0.0126 -0.9998
vn -0.0158 -0.9999 0.0009
vn -0.0069 -0.0071 1.0000
vn -0.9999 0.0158 0.0009
vn -0.9584 -0.0151 -0.2849
vn -0.9584 0.0151 0.2849
vn -0.0152 0.9635 -0.2673
vn -0.0152 -0.9635 0.2673
vn 0.0501 -0.0084 -0.9987
vn -0.0196 -0.1815 -0.9832
vn 0.0423 -0.0085 -0.9991
vn 0.9209 0.1252 -0.3692
vn 0.8121 -0.3894 -0.4347
vn -0.0058 -0.9977 0.0669
vn 0.9999 0.0009 -0.0135
vn -0.0017 -0.0010 1.0000
vn -0.9999 -0.0009 -0.0135
vn 0.0058 0.9977 0.0669
vn -0.4007 0.8668 0.2967
vn 0.4007 -0.8668 0.2967
vn 0.4007 0.8668 -0.2967
vn -0.4788 0.0006 -0.8779
vn -0.9335 -0.0020 -0.3585
vn -0.4623 -0.8861 0.0324
vn -0.9252 0.0022 0.3795
vn -0.4623 0.8861 -0.0324
vn 0.4453 0.8949 0.0295
vn 0.9252 0.0022 -0.3795
vn 0.9252 -0.0022 0.3795
vn 0.4623 -0.8861 -0.0324
vn 0.0081 -0.0010 -1.0000
vn -0.0004 -1.0000 0.0084
vn 0.9999 -0.0004 0.0137
vn -0.0004 -0.0002 1.0000
vn -0.9999 0.0004 0.0137
vn 0.0004 1.0000 0.0084
vn 0.0004 -0.0002 -1.0000
vn -0.0100 -0.9999 0.0107
vn 0.9999 -0.0091 0.0081
vn -0.0125 -0.0112 0.9999
vn -0.9999 0.0092 0.0093
vn 0.0100 0.9999 0.0107
vn -0.9576 -0.0201 -0.2873
vn -0.8188 -0.5738 0.0199
vn -0.9576 0.0201 0.2873
vn -0.8188 0.5738 -0.0199
vn 0.9580 0.0177 -0.2862
vn 0.9576 -0.0201 0.2873
vn 0.4615 -0.8867 -0.0291
vn 0.0074 -0.0066 -1.0000
vn 0.9999 -0.0092 0.0093
vn 0.9576 0.0201 -0.2873
vn 0.8188 -0.5738 -0.0199
vn 0.0125 -0.0112 -0.9999
vn -0.6411 -0.3607 0.6774
vn 0.3797 0.6693 0.6386
vn 0.9654 0.2541 -0.0590
vn -0.7186 -0.2094 0.6632
vn -0.6142 -0.1342 -0.7777
vn -0.3774 0.1163 0.9187
vn 1.0000 -0.0049 -0.0048
vn -1.0000 0.0049 -0.0048
vn 0.0049 1.0000 -0.0048
vn -0.0049 0.0006 1.0000
vn -0.0049 -1.0000 -0.0048
vn 0.7089 -0.2772 0.6485
vn -0.5413 0.5251 0.6567
vn 0.7253 -0.2530 0.6403
vn -0.0051 -1.0000 0.0058
vn 1.0000 -0.0016 0.0037
vn -0.0032 -0.0012 1.0000
vn -0.9999 0.0020 0.0120
vn 0.0111 0.9998 0.0152
vn -0.9339 -0.3574 -0.0035
vn -0.9597 0.0067 0.2808
vn -0.4647 0.8845 -0.0417
vn 0.9597 0.0067 -0.2808
vn 0.9339 -0.3574 0.0035
vn 0.0057 -0.3986 -0.9171
vn -0.0057 -0.3986 0.9171
vn 0.0032 -0.0012 -1.0000
vn -0.0008 -1.0000 0.0006
vn 0.9999 -0.0137 0.0010
vn -0.0008 -0.0084 1.0000
vn -0.9999 0.0137 0.0010
vn 0.0008 1.0000 0.0006
vn 0.0008 -0.0084 -1.0000
vn -0.0002 -1.0000 0.0002
vn 0.9999 -0.0137 0.0003
vn -0.0002 -0.0084 1.0000
vn -0.9999 0.0137 0.0003
vn 0.0002 1.0000 0.0002
vn 0.0002 -0.0084 -1.0000
vn -0.4948 -0.5523 -0.6709
vn 0.9999 -0.0092 0.0080
vn -0.0084 -0.0092 0.9999
vn -0.9999 0.0092 0.0080
vn 0.0084 0.9999 0.0080
vn -0.2130 -0.8836 0.4169
vn -0.4782 -0.0002 -0.8783
vn -0.9334 -0.0072 -0.3588
vn -0.5449 -0.8385 0.0050
vn -0.8677 -0.4970 0.0066
vn -0.4795 -0.0017 0.8775
vn -0.9334 0.0072 0.3588
vn -0.8965 0.4429 -0.0049
vn -0.0069 0.9538 -0.3003
vn 0.0069 0.9538 0.3003
vn 0.4429 0.8965 -0.0049
vn 0.4782 0.0002 -0.8783
vn 0.9334 0.0072 -0.3588
vn 0.4782 -0.0002 0.8783
vn 0.9334 -0.0072 0.3588
vn 0.8965 -0.4429 -0.0049
vn 0.0069 -0.9538 -0.3003
vn -0.0000 -0.8964 0.4433
vn 0.0084 -0.0092 -0.9999
vn -0.0005 -1.0000 0.0005
vn 0.9999 -0.0137 0.0008
vn -0.0005 -0.0084 1.0000
vn -0.9999 0.0137 0.0008
vn 0.0005 1.0000 0.0005
vn 0.0005 -0.0084 -1.0000
vn -0.0031 -1.0000 0.0080
vn 0.9998 -0.0136 0.0129
vn -0.0031 -0.0084 1.0000
vn -0.9998 0.0136 0.0129
vn 0.0031 1.0000 0.0080
vn 0.0031 -0.0084 -1.0000
vn -0.0084 -1.0000 0.0005
vn 1.0000 -0.0009 0.0008
vn -0.0084 -0.0005 1.0000
vn -1.0000 0.0009 0.0008
vn 0.0084 1.0000 0.0005
vn 0.0084 -0.0005 -1.0000
vn 1.0000 -0.0037 -0.0023
vn 0.0035 1.0000 -0.0079
vn -0.0059 -0.9999 0.0133
vn -0.9999 -0.0029 -0.0110
vn -0.2561 0.0022 -0.9666
vn 0.3101 0.8635 0.3978
vn -0.1994 0.4183 0.8861
vn -0.5303 0.7924 0.3014
vn 0.8765 0.2139 -0.4313
vn 0.1056 0.5151 -0.8506
vn 0.4398 -0.8779 0.1892
vn -0.8857 -0.4200 0.1980
vn -0.3229 -0.8177 0.4765
vn 0.1696 -0.3648 -0.9155
vn -0.0039 0.4563 0.8898
vn 0.8770 0.4804 -0.0060
vn 0.3681 0.9298 -0.0012
vn -0.2411 0.3133 -0.9186
vn -0.4810 0.8767 0.0055
vn -0.8520 0.5234 -0.0114
vn 0.3680 -0.9298 -0.0015
vn 0.9593 -0.2821 -0.0086
vn -0.0048 -0.9542 0.2992
vn -0.8834 -0.4685 -0.0063
vn -0.4721 -0.8815 -0.0095
vn -0.2275 -0.4595 -0.8586
vn 0.4783 -0.0001 0.8782
vn 0.9272 -0.0005 0.3745
vn -0.8727 -0.0002 0.4883
vn -0.2822 -0.0030 0.9594
vn 0.2155 -0.0021 -0.9765
vn -0.6372 -0.0026 -0.7707
vn -0.0059 -0.0035 1.0000
vn 1.0000 -0.0007 -0.0049
vn -0.0031 1.0000 -0.0065
vn -0.0049 -1.0000 -0.0026
vn -1.0000 -0.0040 -0.0020
vn -0.2642 -0.0022 -0.9645
vn -0.2811 0.3969 0.8738
vn 0.1965 0.5562 -0.8074
vn 0.4310 -0.8605 0.2715
vn -0.4007 -0.7597 0.5122
vn -0.0007 0.4568 0.8896
vn 0.4157 0.9095 -0.0025
vn -0.2430 0.3131 -0.9181
vn -0.8442 0.5361 -0.0039
vn 0.4796 -0.8775 -0.0050
vn -0.0040 -0.9543 0.2987
vn -0.8899 -0.4561 -0.0061
vn -0.2312 -0.4595 -0.8576
vn 0.9204 -0.0004 0.3909
vn -0.3385 -0.0023 0.9410
vn 0.3131 -0.0026 -0.9497
vn 0.0014 -0.0028 1.0000
vn 0.0016 -1.0000 0.0083
vn 0.9696 -0.0006 -0.2445
vn 0.2572 -0.0006 0.9664
vn -0.9640 0.0006 0.2659
vn 0.0016 1.0000 0.0083
vn -0.2572 -0.0006 -0.9664
vn -0.0084 -1.0000 0.0010
vn 1.0000 -0.0005 0.0017
vn -0.0084 -0.0003 1.0000
vn -1.0000 0.0005 0.0017
vn 0.0084 1.0000 0.0010
vn 0.0084 -0.0003 -1.0000
vn 1.0000 -0.0002 0.0008
vn -0.0084 -0.0001 1.0000
vn -1.0000 0.0002 0.0008
vn 0.0084 -0.0001 -1.0000
vn -0.0069 -1.0000 0.0067
vn 0.9999 -0.0002 0.0111
vn -0.0068 -0.0001 1.0000
vn -0.9999 0.0002 0.0111
vn 0.0069 1.0000 0.0067
vn 0.0068 -0.0001 -1.0000
vn -0.0001 -1.0000 0.0005
vn -0.0001 -0.0084 1.0000
vn 0.0001 1.0000 0.0005
vn 0.0001 -0.0084 -1.0000
vn 0.0038 -1.0000 0.0061
vn 0.9679 -0.0017 -0.2512
vn 0.2545 -0.0018 0.9671
vn -0.9633 0.0017 0.2685
vn 0.0038 1.0000 0.0060
vn -0.2545 -0.0018 -0.9671
vn 0.9999 -0.0089 0.0056
vn -0.0067 -0.0089 0.9999
vn -1.0000 0.0083 0.0052
vn 0.0068 1.0000 0.0057
vn -0.3527 -0.3581 -0.8645
vn -0.1985 -0.8858 0.4194
vn -0.4720 -0.3413 0.8128
vn -0.4720 0.3413 -0.8129
vn -0.1985 0.8858 -0.4194
vn -0.3527 0.3581 0.8645
vn 0.4194 -0.8858 0.1985
vn 0.8128 -0.3413 0.4720
vn 0.3527 0.3581 -0.8645
vn -0.4862 -0.0046 -0.8738
vn -0.4882 -0.8727 0.0004
vn -0.8803 -0.4744 -0.0020
vn -0.4862 0.0046 0.8738
vn -0.4882 0.8727 -0.0004
vn -0.8803 0.4744 0.0020
vn 0.0056 0.9541 0.2994
vn 0.9210 0.3895 -0.0009
vn 0.4709 0.8822 -0.0041
vn 0.4860 0.0060 -0.8739
vn 0.3827 0.0036 0.9239
vn 0.9819 -0.0080 0.1895
vn 0.8965 -0.4430 -0.0034
vn 0.0034 -0.3898 -0.9209
vn 0.0057 -0.9592 -0.2828
vn 0.0063 -0.0083 -0.9999
vn -0.0014 -0.9999 0.0150
vn 0.9999 -0.0018 0.0138
vn -0.0018 -0.0022 1.0000
vn -1.0000 0.0018 0.0094
vn 0.0015 0.9999 0.0120
vn -0.9601 -0.0044 -0.2797
vn -0.8199 -0.5718 0.0284
vn -0.9602 0.0039 0.2794
vn -0.9291 0.3689 -0.0273
vn -0.0007 0.3970 -0.9178
vn 0.0014 0.9654 0.2606
vn 0.9058 0.4215 -0.0433
vn 0.9605 -0.0018 0.2784
vn 0.8199 -0.5718 -0.0284
vn 0.0018 -0.0019 -1.0000
vn -0.0006 -1.0000 0.0004
vn 1.0000 -0.0071 0.0003
vn -0.0004 -0.0071 1.0000
vn -1.0000 0.0071 0.0005
vn 0.0006 1.0000 0.0004
vn -0.9335 -0.3586 -0.0003
vn -0.4542 0.8909 -0.0016
vn 0.0007 0.3970 0.9178
vn 0.9131 0.4078 -0.0007
vn 0.9335 -0.3587 0.0003
vn 0.0007 -0.3970 -0.9178
vn -0.0007 -0.3970 0.9178
vn 0.0004 -0.0071 -1.0000
vn 0.9999 -0.0134 0.0003
vn -0.0004 -0.0100 1.0000
vn -0.9999 0.0143 0.0008
vn 0.0014 1.0000 0.0009
vn -0.9512 0.0547 0.3037
vn -0.4546 0.8907 -0.0030
vn 0.9131 0.4078 -0.0005
vn -0.0204 -0.9998 0.0011
vn 1.0000 -0.0022 0.0015
vn -0.0251 -0.0026 0.9997
vn -1.0000 0.0021 0.0009
vn 0.0193 0.9998 0.0011
vn -0.8155 -0.5787 -0.0024
vn -0.9600 0.0046 0.2798
vn -0.9330 0.3598 -0.0026
vn -0.0100 0.4000 -0.9165
vn 0.0186 0.9630 0.2689
vn 0.9125 0.4090 -0.0042
vn 0.9604 -0.0021 0.2786
vn 0.0378 -0.9598 -0.2781
vn 0.0054 -0.0006 -1.0000
vn -0.0084 -1.0000 0.0002
vn 1.0000 -0.0005 0.0003
vn -1.0000 0.0005 0.0003
vn 0.0084 1.0000 0.0002
vn -0.0061 -1.0000 0.0038
vn 1.0000 -0.0003 0.0063
vn -0.0061 -0.0002 1.0000
vn -1.0000 0.0003 0.0063
vn 0.0061 1.0000 0.0039
vn 0.0061 -0.0002 -1.0000
vn -0.0043 -0.9998 0.0202
vn 0.9998 -0.0064 0.0183
vn -0.0056 -0.0076 1.0000
vn -0.9998 0.0064 0.0183
vn 0.0043 0.9998 0.0202
vn -0.9587 -0.0134 -0.2841
vn -0.8211 -0.5695 0.0382
vn -0.9587 0.0134 0.2841
vn -0.8211 0.5695 -0.0382
vn 0.9587 0.0134 -0.2841
vn 0.9587 -0.0134 0.2841
vn 0.8211 -0.5695 -0.0382
vn 0.0056 -0.0076 -1.0000
vn 0.9999 -0.0010 0.0137
vn -0.0004 -0.0006 1.0000
vn -0.9999 0.0010 0.0137
vn 0.0004 -0.0006 -1.0000
vn -0.0044 -0.9999 0.0148
vn 0.9998 -0.0062 0.0183
vn -0.9999 0.0062 0.0120
vn 0.0047 0.9999 0.0160
vn -0.8109 -0.5844 -0.0299
vn -0.9273 0.3724 -0.0370
vn -0.0022 0.3975 -0.9176
vn 0.0045 0.9650 0.2622
vn 0.9028 0.4261 -0.0584
vn 0.9598 -0.0060 0.2805
vn 0.0048 -0.0068 -1.0000
vn -0.6384 -0.6363 0.4331
vn -0.7055 0.6072 0.3655
vn 1.0000 -0.0006 0.0004
vn -0.0084 -0.0004 1.0000
vn -1.0000 0.0006 0.0004
vn 0.0084 -0.0004 -1.0000
vn -0.0084 -1.0000 0.0012
vn 1.0000 -0.0004 0.0020
vn -0.0084 -0.0002 1.0000
vn -1.0000 0.0004 0.0020
vn 0.0084 1.0000 0.0012
vn 0.0084 -0.0002 -1.0000
vn -1.0000 0.0012 0.0095
vn 1.0000 -0.0012 0.0095
vt 0.577083 0.169176
vt 0.422917 0.164824
vt 0.577086 0.164824
vt 0.654500 0.169882
vt 0.345500 0.164118
vt 0.654798 0.164824
vt 0.423084 0.321584
vt 0.576916 0.012416
vt 0.576262 0.321798
vt 0.345500 0.169882
vt 0.654500 0.164118
vt 0.345202 0.164824
vt 0.422917 0.169176
vt 0.577083 0.164824
vt 0.422914 0.164824
vt 0.423084 0.012416
vt 0.422859 0.321629
vt 0.423738 0.321798
vt 0.422859 0.012371
vt 0.423738 0.012202
vt 0.423738 0.163798
vt 0.576983 0.163960
vt 0.576262 0.170202
vt 0.423017 0.170040
vt 0.655000 0.169176
vt 0.576916 0.321584
vt 0.577140 0.012371
vt 0.576262 0.012202
vt 0.577140 0.321629
vt 0.576262 0.163798
vt 0.423017 0.163960
vt 0.423738 0.170202
vt 0.576983 0.170040
vt 0.242059 0.168644
vt 0.091941 0.165356
vt 0.241862 0.165390
vt 0.321904 0.168412
vt 0.012096 0.165588
vt 0.321829 0.165360
vt 0.091990 0.321769
vt 0.242010 0.012231
vt 0.241816 0.321849
vt 0.012231 0.168639
vt 0.321904 0.165588
vt 0.012171 0.165360
vt 0.091941 0.168644
vt 0.242059 0.165356
vt 0.092138 0.165390
vt 0.242010 0.321769
vt 0.091990 0.012231
vt 0.092184 0.321849
vt 0.904245 0.833646
vt 0.761755 0.832354
vt 0.904158 0.832327
vt 0.987909 0.833645
vt 0.678170 0.832306
vt 0.987933 0.832355
vt 0.761780 0.987914
vt 0.904222 0.678095
vt 0.904221 0.987932
vt 0.678183 0.833703
vt 0.987830 0.832306
vt 0.678067 0.832355
vt 0.761757 0.833637
vt 0.904245 0.832354
vt 0.761842 0.832327
vt 0.904222 0.987905
vt 0.761778 0.678095
vt 0.761856 0.987912
vt 0.654669 0.693762
vt 0.345331 0.679662
vt 0.653933 0.679247
vt 0.507486 0.694765
vt 0.492685 0.678517
vt 0.507798 0.679662
vt 0.345659 0.694621
vt 0.654398 0.679261
vt 0.653338 0.694387
vt 0.492685 0.694906
vt 0.507315 0.678518
vt 0.492202 0.679662
vt 0.345331 0.693762
vt 0.654669 0.679662
vt 0.346067 0.678740
vt 0.345602 0.679191
vt 0.345238 0.694234
vt 0.346662 0.694509
vt 0.345238 0.679189
vt 0.346662 0.678914
vt 0.654398 0.678238
vt 0.654802 0.694546
vt 0.654341 0.694198
vt 0.654762 0.679189
vt 0.346067 0.694683
vt 0.654507 0.695161
vt 0.321936 0.018869
vt 0.012068 0.012683
vt 0.321938 0.014432
vt 0.167551 0.018868
vt 0.166450 0.012068
vt 0.167565 0.012078
vt 0.012064 0.017043
vt 0.321920 0.014923
vt 0.321926 0.017843
vt 0.166450 0.018879
vt 0.167596 0.012156
vt 0.166429 0.012079
vt 0.321946 0.012080
vt 0.012129 0.012090
vt 0.321927 0.016020
vt 0.012145 0.016051
vt 0.058744 0.226809
vt 0.166745 0.107232
vt 0.059110 0.107159
vt 0.167072 0.226977
vt 0.058804 0.106973
vt 0.167346 0.106993
vt 0.274853 0.227075
vt 0.166948 0.107232
vt 0.274858 0.106885
vt 0.167051 0.226768
vt 0.060251 0.106717
vt 0.060322 0.227264
vt 0.167060 0.107101
vt 0.167348 0.227088
vt 0.275369 0.107294
vt 0.273794 0.226933
vt 0.273867 0.106933
vt 0.274658 0.059153
vt 0.319497 0.167276
vt 0.014519 0.167325
vt 0.166948 0.226769
vt 0.274638 0.059363
vt 0.059341 0.059153
vt 0.059544 0.274833
vt 0.058540 0.226524
vt 0.166730 0.106708
vt 0.058919 0.107337
vt 0.166757 0.227284
vt 0.058675 0.107388
vt 0.167030 0.107118
vt 0.275124 0.226610
vt 0.167270 0.106709
vt 0.275082 0.107337
vt 0.166730 0.227291
vt 0.059994 0.107214
vt 0.059997 0.226730
vt 0.166730 0.106708
vt 0.167265 0.227356
vt 0.275459 0.107422
vt 0.273903 0.226756
vt 0.273778 0.107019
vt 0.274863 0.059201
vt 0.319386 0.166867
vt 0.014506 0.167160
vt 0.166952 0.227292
vt 0.274672 0.059394
vt 0.059323 0.059135
vt 0.059510 0.274669
vt 0.058914 0.226734
vt 0.167052 0.107232
vt 0.059110 0.107159
vt 0.166936 0.227043
vt 0.058859 0.107117
vt 0.167346 0.106993
vt 0.274854 0.227075
vt 0.167270 0.106709
vt 0.275073 0.107118
vt 0.166840 0.227068
vt 0.060141 0.107040
vt 0.060133 0.227020
vt 0.167060 0.107101
vt 0.167250 0.226874
vt 0.275369 0.107294
vt 0.273860 0.226916
vt 0.273867 0.106934
vt 0.274659 0.059153
vt 0.319490 0.167137
vt 0.014500 0.167163
vt 0.167076 0.226964
vt 0.274858 0.059587
vt 0.059115 0.059365
vt 0.059544 0.274834
vt 0.654669 0.693762
vt 0.345331 0.679662
vt 0.653933 0.679247
vt 0.507315 0.694906
vt 0.492685 0.678518
vt 0.507798 0.679662
vt 0.345602 0.694233
vt 0.654341 0.679225
vt 0.653933 0.694176
vt 0.492513 0.694765
vt 0.507315 0.678517
vt 0.492202 0.679662
vt 0.654669 0.679662
vt 0.346067 0.678740
vt 0.345659 0.678803
vt 0.345238 0.694234
vt 0.346662 0.694510
vt 0.345254 0.679120
vt 0.654507 0.678263
vt 0.508124 0.693762
vt 0.654398 0.694162
vt 0.654762 0.694234
vt 0.346662 0.695152
vt 0.654398 0.695185
vt 0.321946 0.018867
vt 0.012064 0.013904
vt 0.321904 0.014092
vt 0.167550 0.018879
vt 0.166404 0.012156
vt 0.167571 0.012079
vt 0.012068 0.018264
vt 0.321927 0.014927
vt 0.321938 0.016515
vt 0.166449 0.018868
vt 0.167550 0.012068
vt 0.166435 0.012078
vt 0.321936 0.012078
vt 0.012064 0.012074
vt 0.321920 0.016024
vt 0.012068 0.016023
vt 0.059146 0.227075
vt 0.167051 0.107232
vt 0.059142 0.106885
vt 0.166652 0.227088
vt 0.058631 0.107294
vt 0.166940 0.107101
vt 0.275256 0.226809
vt 0.166948 0.107232
vt 0.274890 0.107159
vt 0.166745 0.226769
vt 0.060133 0.106934
vt 0.060206 0.226933
vt 0.166654 0.106993
vt 0.166928 0.226977
vt 0.275196 0.106973
vt 0.273678 0.227264
vt 0.273749 0.106717
vt 0.274636 0.059115
vt 0.319481 0.166675
vt 0.014503 0.166724
vt 0.166948 0.226768
vt 0.274456 0.059167
vt 0.059364 0.059115
vt 0.059362 0.274637
vt 0.058876 0.226609
vt 0.166730 0.106709
vt 0.058583 0.107422
vt 0.166981 0.226960
vt 0.058675 0.107389
vt 0.167032 0.107117
vt 0.275087 0.226733
vt 0.166952 0.106708
vt 0.275081 0.107337
vt 0.166730 0.227292
vt 0.059994 0.107214
vt 0.059996 0.226730
vt 0.166731 0.106709
vt 0.167267 0.227357
vt 0.275121 0.107337
vt 0.273903 0.226756
vt 0.273776 0.107019
vt 0.275051 0.059410
vt 0.319396 0.167178
vt 0.014507 0.167162
vt 0.167270 0.227291
vt 0.274670 0.059393
vt 0.059136 0.059322
vt 0.059330 0.274489
vt 0.058915 0.226734
vt 0.166731 0.106709
vt 0.058928 0.107118
vt 0.166652 0.227088
vt 0.058916 0.107222
vt 0.167075 0.107036
vt 0.275256 0.226809
vt 0.167076 0.107036
vt 0.275245 0.107249
vt 0.167052 0.226769
vt 0.060141 0.107040
vt 0.060206 0.226933
vt 0.166747 0.107232
vt 0.166928 0.226977
vt 0.275252 0.107145
vt 0.273679 0.227264
vt 0.273859 0.107040
vt 0.274636 0.059115
vt 0.319481 0.166675
vt 0.014503 0.166724
vt 0.167076 0.226964
vt 0.274455 0.059306
vt 0.059114 0.059366
vt 0.059303 0.274454
vt 0.503577 0.836236
vt 0.496423 0.829764
vt 0.503239 0.829341
vt 0.654628 0.836761
vt 0.345372 0.829239
vt 0.654850 0.829764
vt 0.496548 0.987691
vt 0.503452 0.678309
vt 0.502966 0.987850
vt 0.345372 0.836761
vt 0.654628 0.829239
vt 0.345150 0.829764
vt 0.496423 0.836236
vt 0.503577 0.829764
vt 0.496761 0.829341
vt 0.496548 0.678309
vt 0.496381 0.987724
vt 0.497034 0.987850
vt 0.496381 0.678276
vt 0.497034 0.678150
vt 0.503502 0.829122
vt 0.503239 0.836659
vt 0.496498 0.836878
vt 0.655000 0.836236
vt 0.503452 0.987691
vt 0.503619 0.678276
vt 0.502966 0.678150
vt 0.503619 0.987724
vt 0.496498 0.829122
vt 0.496761 0.836659
vt 0.503502 0.836878
vt 0.254911 0.842265
vt 0.079089 0.823735
vt 0.253641 0.823894
vt 0.320694 0.842273
vt 0.012543 0.825014
vt 0.320929 0.823699
vt 0.079407 0.986621
vt 0.254593 0.679379
vt 0.254488 0.987030
vt 0.012543 0.840986
vt 0.321457 0.825014
vt 0.013071 0.823700
vt 0.079089 0.842265
vt 0.254911 0.823735
vt 0.080358 0.823894
vt 0.254593 0.986621
vt 0.079407 0.679379
vt 0.080622 0.987147
vt 0.254911 0.842265
vt 0.254511 0.823418
vt 0.321457 0.840986
vt 0.013306 0.823727
vt 0.320929 0.823700
vt 0.079407 0.986621
vt 0.254593 0.679379
vt 0.253378 0.987147
vt 0.012543 0.840986
vt 0.321457 0.825014
vt 0.013071 0.823700
vt 0.079089 0.842265
vt 0.254911 0.823735
vt 0.080358 0.823894
vt 0.254593 0.986621
vt 0.080622 0.987147
vt 0.496548 0.987691
vt 0.503452 0.678309
vt 0.345372 0.836761
vt 0.654628 0.829239
vt 0.496548 0.678309
vt 0.503452 0.987691
vt 0.503619 0.678276
vt 0.503619 0.987724
vt 0.254911 0.842265
vt 0.079089 0.823735
vt 0.253641 0.823894
vt 0.321457 0.840986
vt 0.012543 0.825014
vt 0.320929 0.823700
vt 0.079407 0.986621
vt 0.254593 0.679379
vt 0.253378 0.987147
vt 0.012543 0.840986
vt 0.320694 0.823727
vt 0.013071 0.823700
vt 0.079089 0.842265
vt 0.254911 0.823735
vt 0.079489 0.823418
vt 0.254593 0.986621
vt 0.079407 0.679379
vt 0.079512 0.987030
vt 0.254911 0.842265
vt 0.079089 0.823735
vt 0.253641 0.823894
vt 0.321457 0.840986
vt 0.012543 0.825014
vt 0.320929 0.823700
vt 0.079407 0.986621
vt 0.253378 0.987147
vt 0.013306 0.842273
vt 0.321457 0.825014
vt 0.013071 0.823699
vt 0.079089 0.842265
vt 0.080359 0.823894
vt 0.254593 0.986621
vt 0.079407 0.679379
vt 0.080622 0.987147
vt 0.628151 0.261926
vt 0.371849 0.072074
vt 0.628151 0.072074
vt 0.649724 0.072074
vt 0.371849 0.295151
vt 0.628151 0.038849
vt 0.628151 0.316724
vt 0.371849 0.261926
vt 0.350276 0.072074
vt 0.350276 0.072074
vt 0.354722 0.284926
vt 0.371849 0.288776
vt 0.371849 0.038849
vt 0.348849 0.312279
vt 0.371849 0.316724
vt 0.357592 0.048429
vt 0.645278 0.049074
vt 0.350276 0.261926
vt 0.646400 0.284674
vt 0.345000 0.261926
vt 0.647958 0.313628
vt 0.628151 0.295151
vt 0.371849 0.045224
vt 0.642901 0.048539
vt 0.353093 0.314297
vt 0.628151 0.288776
vt 0.354722 0.284926
vt 0.649724 0.261926
vt 0.650899 0.020600
vt 0.628151 0.017276
vt 0.352703 0.053317
vt 0.651151 0.312278
vt 0.353600 0.284674
vt 0.645278 0.284926
vt 0.655000 0.261926
vt 0.353093 0.019703
vt 0.628151 0.045224
vt 0.352354 0.038849
vt 0.646907 0.019703
vt 0.645278 0.284926
vt 0.652381 0.855680
vt 0.348625 0.810178
vt 0.651792 0.809634
vt 0.650705 0.856284
vt 0.348185 0.810386
vt 0.650362 0.810097
vt 0.347357 0.984734
vt 0.651711 0.681185
vt 0.652209 0.984737
vt 0.349295 0.856284
vt 0.652174 0.810323
vt 0.348185 0.855614
vt 0.347602 0.810372
vt 0.652643 0.984734
vt 0.348289 0.681185
vt 0.347812 0.984933
vt 0.773297 0.857879
vt 0.833000 0.807854
vt 0.773230 0.808532
vt 0.943453 0.857424
vt 0.892770 0.808532
vt 0.943440 0.808533
vt 0.892708 0.857847
vt 0.833000 0.808153
vt 0.833000 0.857867
vt 0.773275 0.808255
vt 0.773275 0.857745
vt 0.722560 0.808533
vt 0.943453 0.857424
vt 0.892858 0.809079
vt 0.943440 0.808533
vt 0.892674 0.858057
vt 0.833000 0.808121
vt 0.833000 0.858233
vt 0.773295 0.808133
vt 0.773326 0.858057
vt 0.722329 0.809305
vt 0.722397 0.856921
vt 0.773275 0.808255
vt 0.773275 0.857745
vt 0.833000 0.808121
vt 0.833000 0.857424
vt 0.892725 0.808255
vt 0.892703 0.857879
vt 0.943440 0.808532
vt 0.722547 0.857424
vt 0.722560 0.808532
vt 0.892674 0.858057
vt 0.892725 0.808255
vt 0.725372 0.725372
vt 0.972225 0.770820
vt 0.940593 0.940593
vt 0.833000 0.857424
vt 0.976201 0.892316
vt 0.986159 0.833000
vt 0.936933 0.937231
vt 0.689799 0.773684
vt 0.679562 0.833000
vt 0.721749 0.733104
vt 0.773684 0.976201
vt 0.833000 0.986681
vt 0.728627 0.937087
vt 0.891248 0.692377
vt 0.015249 0.230850
vt 0.148514 0.103455
vt 0.015476 0.103033
vt 0.282245 0.230554
vt 0.148669 0.103039
vt 0.282068 0.103469
vt 0.148617 0.230783
vt 0.015030 0.103748
vt 0.072911 0.230642
vt 0.224661 0.103084
vt 0.072685 0.103725
vt 0.224401 0.230560
vt 0.072903 0.103440
vt 0.224400 0.103033
vt 0.148835 0.014933
vt 0.280619 0.091125
vt 0.148538 0.318386
vt 0.148615 0.230728
vt 0.282040 0.103084
vt 0.148487 0.015626
vt 0.016373 0.090547
vt 0.016858 0.243084
vt 0.649724 0.072074
vt 0.649724 0.072074
vt 0.647645 0.295151
vt 0.350276 0.072074
vt 0.650073 0.050151
vt 0.645278 0.284926
vt 0.357592 0.048429
vt 0.350276 0.261926
vt 0.348849 0.021722
vt 0.371849 0.017276
vt 0.646400 0.284674
vt 0.354721 0.284926
vt 0.352354 0.295151
vt 0.646907 0.314297
vt 0.354722 0.049074
vt 0.642408 0.048429
vt 0.353093 0.314297
vt 0.354722 0.284926
vt 0.649724 0.261926
vt 0.651151 0.021722
vt 0.628151 0.017276
vt 0.354722 0.049074
vt 0.354722 0.284926
vt 0.353093 0.019703
vt 0.647958 0.020372
vt 0.647030 0.284533
vt 0.651815 0.855614
vt 0.349638 0.810097
vt 0.652353 0.810136
vt 0.650363 0.856163
vt 0.348218 0.809891
vt 0.651375 0.810178
vt 0.348289 0.984815
vt 0.652643 0.681266
vt 0.651736 0.985634
vt 0.348980 0.855850
vt 0.651782 0.809891
vt 0.347619 0.855680
vt 0.347647 0.810136
vt 0.651711 0.984815
vt 0.347357 0.681266
vt 0.347791 0.984737
vt 0.833000 0.807854
vt 0.773275 0.808255
vt 0.943440 0.857467
vt 0.892777 0.808576
vt 0.943238 0.807858
vt 0.892703 0.857879
vt 0.833000 0.808121
vt 0.833000 0.857867
vt 0.773297 0.808122
vt 0.773295 0.857867
vt 0.722761 0.807858
vt 0.943440 0.857468
vt 0.892777 0.808576
vt 0.943239 0.807858
vt 0.892703 0.857879
vt 0.833000 0.856921
vt 0.773295 0.808133
vt 0.773292 0.857847
vt 0.722680 0.808133
vt 0.722560 0.857468
vt 0.773223 0.808576
vt 0.833000 0.808153
vt 0.892661 0.807858
vt 0.943308 0.808090
vt 0.722397 0.856921
vt 0.722692 0.808090
vt 0.892708 0.857847
vt 0.892703 0.808123
vt 0.722111 0.728861
vt 0.940982 0.725018
vt 0.889985 0.959550
vt 0.833000 0.857745
vt 0.833000 0.986682
vt 0.731148 0.943685
vt 0.833000 0.988000
vt 0.774282 0.974758
vt 0.973708 0.891283
vt 0.891350 0.692132
vt 0.692292 0.774717
vt 0.015045 0.230474
vt 0.148617 0.103217
vt 0.015255 0.103087
vt 0.282245 0.230554
vt 0.148615 0.103272
vt 0.282068 0.103469
vt 0.148691 0.230796
vt 0.015236 0.103413
vt 0.072463 0.230555
vt 0.224186 0.102991
vt 0.072698 0.103433
vt 0.224401 0.230560
vt 0.072903 0.103440
vt 0.224438 0.103355
vt 0.148925 0.014776
vt 0.280619 0.091125
vt 0.148487 0.318374
vt 0.148669 0.230961
vt 0.282245 0.103446
vt 0.148538 0.015614
vt 0.016583 0.090314
vt 0.016713 0.242946
vt 0.649723 0.072074
vt 0.350276 0.072074
vt 0.349927 0.050151
vt 0.348849 0.312278
vt 0.371849 0.316724
vt 0.357591 0.048429
vt 0.645278 0.049074
vt 0.350276 0.261926
vt 0.646907 0.314297
vt 0.642408 0.048429
vt 0.352042 0.313628
vt 0.352970 0.284533
vt 0.649724 0.261926
vt 0.651151 0.312279
vt 0.353600 0.284674
vt 0.645279 0.284926
vt 0.647645 0.038849
vt 0.353093 0.019703
vt 0.645278 0.049074
vt 0.352355 0.038849
vt 0.646907 0.019703
vt 0.645279 0.284926
vt 0.652381 0.855680
vt 0.348625 0.810178
vt 0.652353 0.810136
vt 0.651020 0.855850
vt 0.348218 0.809891
vt 0.347357 0.984734
vt 0.651711 0.681185
vt 0.652188 0.984933
vt 0.349637 0.856163
vt 0.348185 0.855614
vt 0.347647 0.810136
vt 0.652643 0.984734
vt 0.348289 0.681185
vt 0.347791 0.984737
vt 0.773297 0.857879
vt 0.833000 0.807854
vt 0.773223 0.808576
vt 0.943440 0.857468
vt 0.892777 0.808576
vt 0.943320 0.808133
vt 0.892725 0.857745
vt 0.773339 0.807858
vt 0.943603 0.856921
vt 0.892725 0.808255
vt 0.833000 0.857745
vt 0.773297 0.808123
vt 0.722761 0.807858
vt 0.722560 0.857467
vt 0.773223 0.808576
vt 0.773094 0.856625
vt 0.892703 0.808122
vt 0.892703 0.857879
vt 0.722560 0.857468
vt 0.892708 0.857847
vt 0.892705 0.808133
vt 0.696958 0.769266
vt 0.940505 0.725495
vt 0.943889 0.937139
vt 0.833000 0.856921
vt 0.892316 0.689799
vt 0.833000 0.679318
vt 0.934852 0.722315
vt 0.723398 0.723398
vt 0.774388 0.691499
vt 0.973708 0.891283
vt 0.692292 0.774717
vt 0.015045 0.230473
vt 0.148680 0.103480
vt 0.015257 0.103387
vt 0.282245 0.230555
vt 0.148669 0.103039
vt 0.282066 0.103152
vt 0.148617 0.230783
vt 0.015045 0.103526
vt 0.072911 0.230642
vt 0.224394 0.103358
vt 0.072857 0.103437
vt 0.224844 0.230474
vt 0.073109 0.103058
vt 0.224603 0.103349
vt 0.148835 0.014933
vt 0.280619 0.091124
vt 0.148406 0.318521
vt 0.148593 0.230974
vt 0.282047 0.103328
vt 0.148488 0.015626
vt 0.016207 0.090872
vt 0.016867 0.243230
vt 0.649724 0.072074
vt 0.647646 0.295151
vt 0.350276 0.072074
vt 0.349101 0.313400
vt 0.371849 0.316724
vt 0.357099 0.048539
vt 0.647297 0.053317
vt 0.350276 0.261926
vt 0.348849 0.021722
vt 0.646400 0.284674
vt 0.354722 0.284926
vt 0.646907 0.314297
vt 0.353093 0.314297
vt 0.354722 0.284926
vt 0.651151 0.021721
vt 0.628151 0.017276
vt 0.354721 0.049074
vt 0.353600 0.284674
vt 0.352042 0.020372
vt 0.646907 0.019703
vt 0.645278 0.284926
vt 0.651815 0.855614
vt 0.349638 0.810097
vt 0.652398 0.810372
vt 0.650705 0.856284
vt 0.347826 0.810323
vt 0.651375 0.810178
vt 0.348289 0.984815
vt 0.652643 0.681266
vt 0.652209 0.984737
vt 0.349295 0.856284
vt 0.651815 0.810386
vt 0.347619 0.855680
vt 0.348208 0.809634
vt 0.651711 0.984815
vt 0.347357 0.681266
vt 0.348264 0.985634
vt 0.773326 0.858057
vt 0.773142 0.809079
vt 0.943603 0.856921
vt 0.892725 0.808255
vt 0.943671 0.809305
vt 0.773275 0.808255
vt 0.943453 0.857424
vt 0.892770 0.808532
vt 0.833000 0.807854
vt 0.833000 0.857424
vt 0.773275 0.808255
vt 0.722560 0.808533
vt 0.722547 0.857424
vt 0.773230 0.808532
vt 0.773297 0.857878
vt 0.892660 0.858146
vt 0.722547 0.857424
vt 0.892674 0.858057
vt 0.892705 0.808133
vt 0.725184 0.725184
vt 0.940693 0.725307
vt 0.940629 0.940629
vt 0.833000 0.858233
vt 0.986438 0.833000
vt 0.944251 0.932896
vt 0.833000 0.679319
vt 0.937373 0.728913
vt 0.679841 0.833000
vt 0.729067 0.728769
vt 0.015045 0.230474
vt 0.148617 0.103217
vt 0.015257 0.103387
vt 0.282040 0.230916
vt 0.148786 0.103247
vt 0.281846 0.103100
vt 0.148680 0.230520
vt 0.015250 0.103150
vt 0.072911 0.230642
vt 0.224394 0.103358
vt 0.072897 0.103100
vt 0.224402 0.230560
vt 0.072638 0.103150
vt 0.224615 0.103621
vt 0.148780 0.014895
vt 0.280441 0.090905
vt 0.148488 0.318374
vt 0.148669 0.230961
vt 0.282253 0.103644
vt 0.148712 0.015501
vt 0.016412 0.090644
vt 0.016868 0.243230
vt 0.037541 0.319817
vt 0.012779 0.014183
vt 0.035793 0.012357
vt 0.036913 0.321320
vt 0.012838 0.012865
vt 0.037198 0.014183
vt 0.012791 0.179103
vt 0.037111 0.154850
vt 0.035793 0.179559
vt 0.013064 0.321320
vt 0.036913 0.012680
vt 0.012435 0.319817
vt 0.013402 0.012972
vt 0.012791 0.154897
vt 0.012313 0.179198
vt 0.014183 0.179559
vt 0.012313 0.154802
vt 0.014183 0.154441
vt 0.036993 0.012270
vt 0.036575 0.321028
vt 0.012648 0.321655
vt 0.037185 0.179103
vt 0.037643 0.154711
vt 0.035793 0.154441
vt 0.037663 0.179198
vt 0.012984 0.012270
vt 0.013402 0.321028
vt 0.037186 0.321687
vt 0.035477 0.987458
vt 0.025809 0.678542
vt 0.034970 0.678605
vt 0.048764 0.987462
vt 0.012217 0.679052
vt 0.048760 0.678458
vt 0.025829 0.851108
vt 0.035350 0.814908
vt 0.035308 0.851255
vt 0.012521 0.987462
vt 0.048764 0.678538
vt 0.012427 0.678527
vt 0.025965 0.987462
vt 0.035321 0.678538
vt 0.025969 0.678415
vt 0.035456 0.851108
vt 0.025936 0.814908
vt 0.025978 0.851256
vt 0.361279 0.319817
vt 0.345779 0.014183
vt 0.359532 0.012357
vt 0.360651 0.321320
vt 0.345838 0.012865
vt 0.360936 0.014183
vt 0.345865 0.174520
vt 0.360850 0.159480
vt 0.359532 0.174928
vt 0.346064 0.321320
vt 0.360651 0.012680
vt 0.345435 0.319817
vt 0.346402 0.012972
vt 0.345865 0.159480
vt 0.345313 0.174567
vt 0.347183 0.174928
vt 0.345313 0.159433
vt 0.347183 0.159072
vt 0.360731 0.012270
vt 0.360313 0.321028
vt 0.345790 0.321687
vt 0.360923 0.174473
vt 0.361381 0.159342
vt 0.359532 0.159072
vt 0.361402 0.174567
vt 0.346024 0.012261
vt 0.346402 0.321028
vt 0.360924 0.321687
vt 0.015702 0.215079
vt 0.149205 0.118194
vt 0.015748 0.119072
vt 0.282628 0.215177
vt 0.149089 0.118047
vt 0.282480 0.119163
vt 0.149210 0.215368
vt 0.015929 0.118773
vt 0.073273 0.215386
vt 0.224621 0.118982
vt 0.073422 0.118779
vt 0.225043 0.214936
vt 0.073300 0.119191
vt 0.224565 0.118502
vt 0.018754 0.091355
vt 0.149532 0.014717
vt 0.280651 0.091476
vt 0.149311 0.215913
vt 0.282589 0.118615
vt 0.017919 0.091476
vt 0.017687 0.242647
vt 0.279895 0.242125
vt 0.015951 0.215537
vt 0.149051 0.118087
vt 0.015748 0.119072
vt 0.282379 0.215617
vt 0.149075 0.117855
vt 0.282480 0.119163
vt 0.149208 0.215135
vt 0.015907 0.118872
vt 0.073813 0.215284
vt 0.224620 0.118982
vt 0.073414 0.118878
vt 0.225050 0.214809
vt 0.073299 0.119191
vt 0.224928 0.118779
vt 0.149329 0.015520
vt 0.280434 0.091209
vt 0.149560 0.317725
vt 0.149570 0.215774
vt 0.282421 0.118773
vt 0.148955 0.016190
vt 0.017348 0.091166
vt 0.017687 0.242647
vt 0.015702 0.215079
vt 0.149260 0.118047
vt 0.015896 0.119036
vt 0.282379 0.215617
vt 0.149075 0.117855
vt 0.282480 0.119163
vt 0.015907 0.118872
vt 0.073813 0.215284
vt 0.225043 0.119064
vt 0.073414 0.118878
vt 0.224546 0.215184
vt 0.073300 0.119191
vt 0.224928 0.118779
vt 0.148974 0.317591
vt 0.149195 0.215671
vt 0.282421 0.118773
vt 0.017825 0.242743
vt 0.037541 0.319817
vt 0.012779 0.014183
vt 0.036575 0.012972
vt 0.036913 0.321320
vt 0.013064 0.012680
vt 0.037198 0.014183
vt 0.012865 0.179150
vt 0.037111 0.154850
vt 0.035793 0.179559
vt 0.013064 0.321320
vt 0.036913 0.012680
vt 0.012435 0.319817
vt 0.013402 0.012972
vt 0.012791 0.154897
vt 0.012313 0.179198
vt 0.012313 0.154802
vt 0.014183 0.154441
vt 0.036993 0.012270
vt 0.036575 0.321028
vt 0.012790 0.321687
vt 0.037185 0.179103
vt 0.037663 0.154802
vt 0.037663 0.179198
vt 0.012984 0.012270
vt 0.013402 0.321028
vt 0.037186 0.321687
vt 0.035321 0.987462
vt 0.025965 0.678538
vt 0.035317 0.678415
vt 0.048764 0.987462
vt 0.012521 0.678538
vt 0.048760 0.678458
vt 0.025829 0.851108
vt 0.035456 0.814892
vt 0.035308 0.851255
vt 0.012521 0.987462
vt 0.048764 0.678538
vt 0.012525 0.678458
vt 0.025965 0.987462
vt 0.035321 0.678538
vt 0.025969 0.678415
vt 0.025829 0.814892
vt 0.025978 0.851255
vt 0.345779 0.014183
vt 0.359532 0.012357
vt 0.360651 0.321320
vt 0.345838 0.012865
vt 0.360936 0.014183
vt 0.345865 0.174520
vt 0.360850 0.159480
vt 0.359532 0.174928
vt 0.345779 0.319817
vt 0.361279 0.014183
vt 0.345429 0.014183
vt 0.346024 0.012261
vt 0.360844 0.012295
vt 0.361016 0.321667
vt 0.346158 0.321770
vt 0.345790 0.012313
vt 0.360731 0.012270
vt 0.345790 0.321687
vt 0.360923 0.174473
vt 0.361402 0.174567
vt 0.345865 0.159480
vt 0.345740 0.174551
vt 0.015702 0.215079
vt 0.148876 0.118194
vt 0.015748 0.119072
vt 0.282421 0.215227
vt 0.149521 0.118047
vt 0.282480 0.119163
vt 0.149047 0.215830
vt 0.015928 0.118773
vt 0.073756 0.215267
vt 0.224621 0.118982
vt 0.073421 0.118779
vt 0.225081 0.214928
vt 0.073300 0.119191
vt 0.224566 0.118502
vt 0.018462 0.091774
vt 0.149182 0.014794
vt 0.280430 0.091476
vt 0.149471 0.215889
vt 0.282589 0.118614
vt 0.017919 0.091476
vt 0.017687 0.242647
vt 0.279895 0.242125
vt 0.015702 0.215079
vt 0.149265 0.118795
vt 0.016123 0.118713
vt 0.282505 0.215587
vt 0.149390 0.118253
vt 0.282625 0.119198
vt 0.148872 0.215540
vt 0.015951 0.118463
vt 0.073728 0.215018
vt 0.225081 0.118823
vt 0.073796 0.118403
vt 0.224636 0.214890
vt 0.073714 0.119110
vt 0.224544 0.118322
vt 0.148842 0.015376
vt 0.280392 0.091448
vt 0.149013 0.317593
vt 0.149126 0.216080
vt 0.282505 0.118413
vt 0.149375 0.016410
vt 0.017365 0.090891
vt 0.018031 0.243100
vt 0.015702 0.215079
vt 0.149141 0.118835
vt 0.015960 0.118752
vt 0.282379 0.215617
vt 0.149406 0.118612
vt 0.282414 0.118852
vt 0.149208 0.215135
vt 0.015951 0.118463
vt 0.073813 0.215283
vt 0.224537 0.118717
vt 0.073796 0.118403
vt 0.224546 0.215184
vt 0.073803 0.118817
vt 0.224544 0.118322
vt 0.149330 0.015520
vt 0.280435 0.091208
vt 0.148974 0.317591
vt 0.149195 0.215671
vt 0.282505 0.118413
vt 0.149314 0.016394
vt 0.017919 0.242955
vt 0.724570 0.987394
vt 0.735919 0.678546
vt 0.724569 0.678616
vt 0.758199 0.987275
vt 0.768223 0.678546
vt 0.758154 0.678445
vt 0.768223 0.987454
vt 0.777087 0.678725
vt 0.777055 0.987384
vt 0.768239 0.678616
vt 0.768195 0.987576
vt 0.758181 0.678616
vt 0.758180 0.987394
vt 0.747262 0.678546
vt 0.747262 0.987454
vt 0.735919 0.678725
vt 0.735919 0.987345
vt 0.724569 0.678616
vt 0.724575 0.987454
vt 0.713656 0.678616
vt 0.713656 0.987384
vt 0.703615 0.678546
vt 0.703598 0.987384
vt 0.694788 0.678597
vt 0.777087 0.987275
vt 0.777049 0.678597
vt 0.768237 0.987394
vt 0.758181 0.678616
vt 0.758180 0.987394
vt 0.747268 0.678616
vt 0.747267 0.987394
vt 0.735919 0.987454
vt 0.724570 0.678606
vt 0.724569 0.987384
vt 0.713687 0.678424
vt 0.713656 0.987384
vt 0.703598 0.678616
vt 0.703598 0.987384
vt 0.694803 0.678546
vt 0.694783 0.987384
vt 0.703589 0.678655
vt 0.703638 0.987555
vt 0.713667 0.678546
vt 0.713667 0.987454
vt 0.724569 0.987384
vt 0.735919 0.678597
vt 0.735919 0.987384
vt 0.747277 0.987275
vt 0.758170 0.678546
vt 0.758170 0.987454
vt 0.768264 0.678725
vt 0.768264 0.987275
vt 0.777034 0.678546
vt 0.694803 0.987454
vt 0.703573 0.678725
vt 0.694803 0.678546
vt 0.703573 0.987275
vt 0.713658 0.987394
vt 0.747268 0.987384
vt 0.747267 0.678606
vt 0.725266 0.779301
vt 0.786508 0.812075
vt 0.760039 0.881482
vt 0.735919 0.987454
vt 0.735919 0.890919
vt 0.747218 0.889806
vt 0.757955 0.886200
vt 0.730592 0.886966
vt 0.758083 0.886510
vt 0.768097 0.881158
vt 0.776874 0.873955
vt 0.789429 0.855165
vt 0.786508 0.853925
vt 0.784077 0.865178
vt 0.792725 0.844299
vt 0.788175 0.818801
vt 0.792725 0.821701
vt 0.793838 0.833000
vt 0.793314 0.833000
vt 0.789429 0.810835
vt 0.784077 0.800822
vt 0.776636 0.792283
vt 0.735919 0.775081
vt 0.735891 0.778254
vt 0.747218 0.776194
vt 0.756872 0.779561
vt 0.724619 0.776194
vt 0.713955 0.779974
vt 0.713754 0.779490
vt 0.694964 0.792045
vt 0.688197 0.801113
vt 0.703566 0.785181
vt 0.682409 0.810835
vt 0.688040 0.801008
vt 0.682230 0.822293
vt 0.679113 0.821701
vt 0.678000 0.833000
vt 0.687458 0.857139
vt 0.679113 0.844299
vt 0.682409 0.855165
vt 0.697236 0.871626
vt 0.679425 0.844668
vt 0.687761 0.865178
vt 0.694964 0.873955
vt 0.718693 0.884338
vt 0.703741 0.881158
vt 0.713754 0.886510
vt 0.724619 0.889806
vt 0.679793 0.820897
vt 0.136708 0.186172
vt 0.167000 0.147676
vt 0.136696 0.147968
vt 0.226422 0.186162
vt 0.253270 0.147848
vt 0.226407 0.147746
vt 0.253280 0.186108
vt 0.276750 0.147676
vt 0.276813 0.186108
vt 0.253252 0.147772
vt 0.253230 0.186324
vt 0.226424 0.186152
vt 0.197293 0.147838
vt 0.197292 0.186172
vt 0.167000 0.147828
vt 0.167000 0.186032
vt 0.136706 0.147848
vt 0.136720 0.186324
vt 0.107580 0.147828
vt 0.107589 0.186228
vt 0.080748 0.147772
vt 0.080531 0.185288
vt 0.057205 0.147828
vt 0.276741 0.186355
vt 0.253298 0.147968
vt 0.276795 0.147828
vt 0.253226 0.186339
vt 0.226407 0.147746
vt 0.226411 0.186228
vt 0.197294 0.147848
vt 0.197364 0.185283
vt 0.167000 0.147676
vt 0.167000 0.186355
vt 0.136721 0.186339
vt 0.107593 0.147746
vt 0.107578 0.186162
vt 0.080730 0.147848
vt 0.080720 0.186108
vt 0.057250 0.147676
vt 0.057187 0.186108
vt 0.080748 0.147772
vt 0.080735 0.186172
vt 0.107593 0.147746
vt 0.107576 0.186152
vt 0.136707 0.147838
vt 0.167000 0.186108
vt 0.197297 0.147892
vt 0.197297 0.186108
vt 0.226559 0.148701
vt 0.226422 0.186162
vt 0.253265 0.186172
vt 0.276795 0.147828
vt 0.057259 0.186355
vt 0.057205 0.147828
vt 0.080756 0.186262
vt 0.107580 0.147828
vt 0.107576 0.186152
vt 0.197279 0.186339
vt 0.197304 0.147968
vt 0.297099 0.085008
vt 0.309666 0.226094
vt 0.226081 0.309635
vt 0.167000 0.186152
vt 0.295878 0.253113
vt 0.309800 0.226150
vt 0.275634 0.275217
vt 0.310201 0.107684
vt 0.318716 0.136822
vt 0.226316 0.023799
vt 0.252909 0.038429
vt 0.201007 0.017025
vt 0.038122 0.080887
vt 0.024200 0.107850
vt 0.058366 0.058783
vt 0.038122 0.253113
vt 0.057659 0.276341
vt 0.026936 0.230098
vt 0.197111 0.015620
vt 0.015606 0.136886
vt 0.136898 0.318333
vt 0.226711 0.496928
vt 0.184550 0.505562
vt 0.179587 0.500000
vt 0.303287 0.572252
vt 0.315003 0.514577
vt 0.320271 0.517550
vt 0.289504 0.581968
vt 0.303361 0.543734
vt 0.210734 0.505562
vt 0.221624 0.497186
vt 0.178328 0.500000
vt 0.183291 0.494438
vt 0.299925 0.555059
vt 0.308868 0.544646
vt 0.309272 0.516291
vt 0.310201 0.559316
vt 0.320271 0.517550
vt 0.184550 0.494438
vt 0.254393 0.500000
vt 0.239252 0.505562
vt 0.276385 0.592416
vt 0.254453 0.500000
vt 0.276538 0.592230
vt 0.281267 0.595192
vt 0.266967 0.505562
vt 0.266967 0.617508
vt 0.237106 0.631158
vt 0.259416 0.505562
vt 0.237321 0.503999
vt 0.259230 0.494438
vt 0.232693 0.627241
vt 0.242122 0.634753
vt 0.286240 0.597857
vt 0.242122 0.494438
vt 0.264170 0.500000
vt 0.264857 0.494438
vt 0.226751 0.502815
vt 0.226316 0.643201
vt 0.209296 0.500000
vt 0.232693 0.494438
vt 0.182642 0.653459
vt 0.169045 0.647587
vt 0.234067 0.626507
vt 0.195069 0.505562
vt 0.223386 0.636326
vt 0.197239 0.652022
vt 0.197440 0.496928
vt 0.167000 0.500000
vt 0.182642 0.505562
vt 0.155672 0.500000
vt 0.178513 0.494438
vt 0.178513 0.642743
vt 0.155042 0.648261
vt 0.122501 0.505562
vt 0.122501 0.647696
vt 0.074660 0.621793
vt 0.150444 0.642246
vt 0.150444 0.505562
vt 0.112822 0.500000
vt 0.125436 0.494438
vt 0.125436 0.637019
vt 0.088136 0.624586
vt 0.151358 0.653459
vt 0.096000 0.494438
vt 0.120005 0.500000
vt 0.151358 0.494438
vt 0.066798 0.500000
vt 0.064295 0.605831
vt 0.099074 0.626047
vt 0.087066 0.494438
vt 0.087066 0.619629
vt 0.065264 0.505562
vt 0.077619 0.500000
vt 0.099074 0.505562
vt 0.057398 0.494438
vt 0.278230 0.500000
vt 0.253662 0.503178
vt 0.276602 0.505562
vt 0.257626 0.505562
vt 0.234330 0.500000
vt 0.267107 0.500000
vt 0.255876 0.494438
vt 0.054710 0.588876
vt 0.037082 0.572427
vt 0.047576 0.597632
vt 0.038122 0.586113
vt 0.025449 0.545690
vt 0.056146 0.590626
vt 0.264632 0.494438
vt 0.212443 0.500000
vt 0.029981 0.541564
vt 0.018997 0.514577
vt 0.019236 0.544275
vt 0.151591 0.505562
vt 0.211275 0.505562
vt 0.019236 0.544275
vt 0.022183 0.472745
vt 0.029840 0.541098
vt 0.152966 0.505562
vt 0.204924 0.495890
vt 0.208098 0.505562
vt 0.024505 0.485966
vt 0.167000 0.497212
vt 0.211275 0.494438
vt 0.136560 0.496928
vt 0.014978 0.469761
vt 0.012000 0.500000
vt 0.095648 0.500000
vt 0.040493 0.432933
vt 0.024505 0.485966
vt 0.100584 0.500000
vt 0.153190 0.500000
vt 0.152966 0.494438
vt 0.032112 0.425131
vt 0.061287 0.397177
vt 0.053184 0.405563
vt 0.032247 0.424878
vt 0.025132 0.455354
vt 0.067688 0.500000
vt 0.092131 0.505562
vt 0.069142 0.380760
vt 0.076165 0.389317
vt 0.076165 0.505562
vt 0.099933 0.505562
vt 0.065264 0.494438
vt 0.099504 0.494438
vt 0.091878 0.494438
vt 0.096894 0.368842
vt 0.069548 0.380427
vt 0.107684 0.505562
vt 0.069142 0.505562
vt 0.108650 0.359131
vt 0.077619 0.500000
vt 0.099504 0.494438
vt 0.107244 0.497212
vt 0.069548 0.494438
vt 0.136560 0.496928
vt 0.152423 0.351997
vt 0.125902 0.362840
vt 0.138931 0.494438
vt 0.151711 0.352899
vt 0.099504 0.373723
vt 0.136761 0.347978
vt 0.107684 0.356799
vt 0.151358 0.505561
vt 0.178778 0.505562
vt 0.154643 0.500000
vt 0.125902 0.505562
vt 0.197461 0.502815
vt 0.197239 0.347978
vt 0.151358 0.346541
vt 0.223494 0.363859
vt 0.178778 0.357283
vt 0.181034 0.357505
vt 0.221541 0.362985
vt 0.237307 0.362674
vt 0.234496 0.373723
vt 0.234496 0.505562
vt 0.184580 0.495890
vt 0.232693 0.372759
vt 0.239715 0.363960
vt 0.182120 0.346489
vt 0.239715 0.494438
vt 0.182120 0.494438
vt 0.242226 0.500000
vt 0.277414 0.502786
vt 0.237307 0.505562
vt 0.276601 0.390398
vt 0.280984 0.404462
vt 0.267107 0.500000
vt 0.234704 0.500000
vt 0.268736 0.494438
vt 0.232693 0.494438
vt 0.278399 0.402742
vt 0.304191 0.429439
vt 0.308998 0.455782
vt 0.277992 0.409542
vt 0.125436 0.505562
vt 0.077619 0.500000
vt 0.076542 0.505562
vt 0.294346 0.434503
vt 0.318162 0.468102
vt 0.286573 0.402548
vt 0.107244 0.497212
vt 0.079607 0.500000
vt 0.069548 0.494438
vt 0.136589 0.503428
vt 0.096439 0.505562
vt 0.319022 0.469761
vt 0.308112 0.471931
vt 0.310877 0.500000
vt 0.304019 0.458436
vt 0.139103 0.496572
vt 0.136761 0.494438
vt 0.136708 0.186172
vt 0.167000 0.147676
vt 0.136696 0.147968
vt 0.226422 0.186162
vt 0.253270 0.147848
vt 0.226407 0.147746
vt 0.253280 0.186108
vt 0.276750 0.147676
vt 0.276813 0.186108
vt 0.253252 0.147772
vt 0.226407 0.147746
vt 0.226424 0.186152
vt 0.197293 0.147838
vt 0.197292 0.186172
vt 0.136720 0.186324
vt 0.107589 0.186228
vt 0.080748 0.147772
vt 0.080531 0.185288
vt 0.276741 0.186355
vt 0.253226 0.186339
vt 0.226411 0.186228
vt 0.167000 0.186355
vt 0.136696 0.147968
vt 0.136721 0.186339
vt 0.107578 0.186162
vt 0.080730 0.147848
vt 0.080720 0.186108
vt 0.057187 0.186108
vt 0.080735 0.186172
vt 0.107593 0.147746
vt 0.136707 0.147838
vt 0.197297 0.147892
vt 0.197297 0.186108
vt 0.226559 0.148701
vt 0.226422 0.186162
vt 0.253265 0.186172
vt 0.276795 0.147828
vt 0.057259 0.186355
vt 0.080730 0.147848
vt 0.057205 0.147828
vt 0.080756 0.186262
vt 0.107580 0.147828
vt 0.107576 0.186152
vt 0.197279 0.186339
vt 0.297099 0.085008
vt 0.309666 0.226094
vt 0.275634 0.275217
vt 0.318716 0.136822
vt 0.201007 0.017025
vt 0.024200 0.107850
vt 0.058366 0.058783
vt 0.057659 0.276341
vt 0.026936 0.230098
vt 0.197111 0.015620
vt 0.015606 0.136886
vt 0.136898 0.318333
vt 0.309695 0.488001
vt 0.310322 0.558942
vt 0.318042 0.468856
vt 0.226694 0.503178
vt 0.181198 0.500000
vt 0.288561 0.583296
vt 0.309495 0.514035
vt 0.221562 0.502424
vt 0.179779 0.500000
vt 0.181034 0.505561
vt 0.210734 0.494438
vt 0.226316 0.494438
vt 0.182119 0.494438
vt 0.286573 0.597452
vt 0.276538 0.592230
vt 0.266312 0.500000
vt 0.260501 0.615655
vt 0.253745 0.502815
vt 0.264452 0.505562
vt 0.253113 0.628878
vt 0.234497 0.626277
vt 0.259230 0.505562
vt 0.233416 0.500000
vt 0.209917 0.648176
vt 0.235746 0.631885
vt 0.209917 0.505562
vt 0.227198 0.500000
vt 0.169045 0.647587
vt 0.194876 0.503178
vt 0.234497 0.505562
vt 0.180766 0.494438
vt 0.234497 0.494438
vt 0.210171 0.642315
vt 0.151881 0.653511
vt 0.154221 0.500000
vt 0.180766 0.642521
vt 0.096000 0.505562
vt 0.151881 0.505562
vt 0.109812 0.638063
vt 0.152481 0.642447
vt 0.101095 0.505562
vt 0.152481 0.505562
vt 0.088136 0.624587
vt 0.096000 0.494438
vt 0.079607 0.500000
vt 0.064295 0.605831
vt 0.101095 0.627128
vt 0.057398 0.505562
vt 0.055020 0.589254
vt 0.268736 0.505562
vt 0.237322 0.503999
vt 0.256254 0.494438
vt 0.264633 0.505562
vt 0.266312 0.500000
vt 0.047576 0.597633
vt 0.040493 0.567067
vt 0.206907 0.500000
vt 0.181035 0.505562
vt 0.019236 0.544275
vt 0.019236 0.544275
vt 0.018531 0.488511
vt 0.024505 0.514035
vt 0.208564 0.494438
vt 0.211275 0.494438
vt 0.136560 0.496929
vt 0.013518 0.484591
vt 0.035842 0.429894
vt 0.138931 0.505562
vt 0.053184 0.405563
vt 0.025132 0.455354
vt 0.092131 0.505562
vt 0.032112 0.425131
vt 0.040723 0.432504
vt 0.099504 0.505562
vt 0.069548 0.380427
vt 0.107244 0.497212
vt 0.069548 0.494438
vt 0.151656 0.500000
vt 0.086776 0.376259
vt 0.152423 0.351997
vt 0.151358 0.346541
vt 0.223494 0.363859
vt 0.209669 0.351749
vt 0.209669 0.494438
vt 0.151358 0.494438
vt 0.239458 0.363823
vt 0.222059 0.367075
vt 0.221721 0.503428
vt 0.184580 0.495890
vt 0.263355 0.494438
vt 0.242226 0.500000
vt 0.278230 0.500000
vt 0.239458 0.505562
vt 0.286240 0.402143
vt 0.280984 0.404462
vt 0.256440 0.388172
vt 0.259794 0.390925
vt 0.280292 0.403619
vt 0.263355 0.379527
vt 0.097912 0.505562
vt 0.078748 0.500000
vt 0.065264 0.505562
vt 0.092131 0.494438
vt 0.068578 0.500000
vt 0.057398 0.494438
vt 0.122501 0.505562
vt 0.069143 0.505562
vt 0.308998 0.455782
vt 0.292426 0.430912
vt 0.294346 0.434503
vt 0.301888 0.425131
vt 0.139185 0.502424
vt 0.103363 0.495352
vt 0.121557 0.500000
vt 0.314696 0.455501
vt 0.155001 0.494438
vt 0.136708 0.186172
vt 0.197293 0.147838
vt 0.167000 0.147828
vt 0.136706 0.147848
vt 0.080748 0.147772
vt 0.057205 0.147828
vt 0.253297 0.147968
vt 0.226407 0.147746
vt 0.136706 0.147848
vt 0.107593 0.147746
vt 0.107578 0.186162
vt 0.080720 0.186108
vt 0.057250 0.147676
vt 0.057187 0.186108
vt 0.080730 0.147848
vt 0.107593 0.147746
vt 0.253265 0.186172
vt 0.057259 0.186355
vt 0.107580 0.147828
vt 0.197304 0.147968
vt 0.297099 0.085008
vt 0.309666 0.226094
vt 0.226081 0.309635
vt 0.275634 0.275217
vt 0.201007 0.017025
vt 0.057659 0.276341
vt 0.026936 0.230098
vt 0.197111 0.015620
vt 0.015606 0.136886
vt 0.308998 0.544218
vt 0.309447 0.514519
vt 0.311184 0.469564
vt 0.181519 0.505562
vt 0.194620 0.500000
vt 0.151737 0.500000
vt 0.154761 0.494438
vt 0.303495 0.543291
vt 0.315261 0.488042
vt 0.309672 0.487761
vt 0.303040 0.572715
vt 0.210291 0.494438
vt 0.308868 0.544646
vt 0.320511 0.515119
vt 0.239715 0.505562
vt 0.276385 0.592416
vt 0.277521 0.502424
vt 0.238000 0.636956
vt 0.280984 0.595538
vt 0.276602 0.609602
vt 0.237106 0.631158
vt 0.238000 0.505562
vt 0.240795 0.500000
vt 0.182642 0.653459
vt 0.169045 0.647586
vt 0.234067 0.505562
vt 0.182642 0.505562
vt 0.136761 0.505562
vt 0.135954 0.651604
vt 0.150444 0.642246
vt 0.150444 0.505562
vt 0.103763 0.498044
vt 0.097269 0.625083
vt 0.065264 0.494438
vt 0.257458 0.505562
vt 0.245654 0.500000
vt 0.257626 0.494438
vt 0.056146 0.590626
vt 0.056008 0.590458
vt 0.221624 0.502815
vt 0.022183 0.472745
vt 0.024728 0.516291
vt 0.153815 0.494438
vt 0.025888 0.471931
vt 0.183291 0.505562
vt 0.094635 0.500000
vt 0.150041 0.500000
vt 0.094029 0.494438
vt 0.061287 0.397177
vt 0.031098 0.427029
vt 0.136537 0.497214
vt 0.176167 0.496628
vt 0.151358 0.505562
vt 0.226316 0.356799
vt 0.226654 0.496572
vt 0.266312 0.500000
vt 0.055769 0.500000
vt 0.128617 0.503364
vt 0.101503 0.494438
vt 0.136696 0.147969
vt 0.253270 0.147848
vt 0.276750 0.147676
vt 0.276813 0.186108
vt 0.253252 0.147772
vt 0.253230 0.186324
vt 0.167000 0.147828
vt 0.167000 0.186032
vt 0.136706 0.147848
vt 0.136720 0.186324
vt 0.107580 0.147828
vt 0.080730 0.147848
vt 0.057205 0.147828
vt 0.253298 0.147969
vt 0.276795 0.147828
vt 0.226411 0.186228
vt 0.197294 0.147848
vt 0.197364 0.185283
vt 0.136721 0.186339
vt 0.107593 0.147746
vt 0.080730 0.147848
vt 0.080720 0.186108
vt 0.057255 0.147661
vt 0.057187 0.186108
vt 0.080730 0.147849
vt 0.107593 0.147746
vt 0.167000 0.147828
vt 0.167000 0.186108
vt 0.197297 0.147892
vt 0.197297 0.186108
vt 0.276795 0.147828
vt 0.057259 0.186355
vt 0.057205 0.147828
vt 0.080756 0.186262
vt 0.197304 0.147969
vt 0.297099 0.085008
vt 0.226081 0.309635
vt 0.167000 0.186152
vt 0.309800 0.226150
vt 0.275634 0.275217
vt 0.252909 0.038429
vt 0.201007 0.017025
vt 0.026936 0.230098
vt 0.197111 0.015620
vt 0.136898 0.318333
vt 0.308998 0.544217
vt 0.309447 0.514519
vt 0.311223 0.469762
vt 0.181519 0.505562
vt 0.183247 0.497710
vt 0.303495 0.543291
vt 0.226751 0.502814
vt 0.232128 0.500000
vt 0.210291 0.494438
vt 0.310092 0.558108
vt 0.280984 0.595538
vt 0.257835 0.610683
vt 0.293277 0.567497
vt 0.257182 0.500000
vt 0.239971 0.505562
vt 0.239971 0.635902
vt 0.237106 0.631158
vt 0.281267 0.595192
vt 0.242122 0.634753
vt 0.242122 0.494438
vt 0.208306 0.505562
vt 0.257835 0.505562
vt 0.197440 0.496929
vt 0.239365 0.500000
vt 0.182642 0.653459
vt 0.169045 0.647586
vt 0.208306 0.637097
vt 0.182642 0.505562
vt 0.178513 0.642743
vt 0.135954 0.651604
vt 0.101095 0.505562
vt 0.151358 0.653459
vt 0.096000 0.494438
vt 0.151358 0.494438
vt 0.064295 0.605831
vt 0.101095 0.627128
vt 0.255876 0.494438
vt 0.054710 0.588876
vt 0.047576 0.597632
vt 0.047576 0.597633
vt 0.040493 0.567067
vt 0.264632 0.494438
vt 0.211275 0.505562
vt 0.019236 0.544275
vt 0.018739 0.488042
vt 0.024505 0.485966
vt 0.153815 0.494438
vt 0.025132 0.455354
vt 0.076165 0.389317
vt 0.076165 0.505562
vt 0.099503 0.494438
vt 0.151358 0.346541
vt 0.152423 0.351997
vt 0.099503 0.373723
vt 0.151358 0.346541
vt 0.178778 0.505562
vt 0.151358 0.505562
vt 0.223494 0.363859
vt 0.178778 0.357283
vt 0.181034 0.357505
vt 0.221541 0.362985
vt 0.151358 0.494438
vt 0.221721 0.503428
vt 0.257182 0.500000
vt 0.222059 0.494438
vt 0.263355 0.494438
vt 0.286240 0.402143
vt 0.256440 0.388172
vt 0.258212 0.389626
vt 0.097504 0.505562
vt 0.066893 0.500000
vt 0.087066 0.494438
vt 0.065264 0.494438
vt 0.092131 0.494438
vt 0.122501 0.505562
vt 0.292208 0.430504
vt 0.286629 0.420066
vt 0.318162 0.468102
vt 0.138931 0.505562
vt 0.101872 0.500000
vt 0.127605 0.494438
vt 0.304677 0.460605
vt 0.226422 0.186162
vt 0.276813 0.186108
vt 0.253230 0.186324
vt 0.226407 0.147746
vt 0.197293 0.147838
vt 0.167000 0.147828
vt 0.136720 0.186324
vt 0.057205 0.147828
vt 0.276795 0.147828
vt 0.253226 0.186339
vt 0.197297 0.186108
vt 0.167000 0.147676
vt 0.167000 0.186355
vt 0.080720 0.186108
vt 0.057250 0.147676
vt 0.057187 0.186108
vt 0.080748 0.147772
vt 0.136707 0.147838
vt 0.167000 0.186108
vt 0.197297 0.147892
vt 0.226406 0.147738
vt 0.226422 0.186162
vt 0.276795 0.147828
vt 0.057205 0.147828
vt 0.197279 0.186339
vt 0.197304 0.147969
vt 0.024200 0.107850
vt 0.058366 0.058783
vt 0.015606 0.136886
vt 0.311223 0.469762
vt 0.181519 0.505562
vt 0.183291 0.494438
vt 0.221682 0.496822
vt 0.310091 0.558108
vt 0.309272 0.516291
vt 0.184550 0.494438
vt 0.286573 0.597452
vt 0.280291 0.596381
vt 0.239971 0.635902
vt 0.245654 0.500000
vt 0.232693 0.627241
vt 0.281267 0.595192
vt 0.242122 0.634753
vt 0.242122 0.494438
vt 0.208306 0.505562
vt 0.232693 0.494438
vt 0.197461 0.497186
vt 0.239365 0.500000
vt 0.235746 0.631885
vt 0.169045 0.647586
vt 0.208306 0.637097
vt 0.169045 0.647586
vt 0.151656 0.500000
vt 0.156559 0.503999
vt 0.178513 0.494438
vt 0.124835 0.505562
vt 0.124835 0.648404
vt 0.125110 0.500000
vt 0.084677 0.630082
vt 0.152481 0.642447
vt 0.151881 0.494438
vt 0.090761 0.500000
vt 0.080887 0.505562
vt 0.064295 0.605831
vt 0.077619 0.500000
vt 0.055020 0.589254
vt 0.237322 0.503999
vt 0.048994 0.599360
vt 0.226751 0.497185
vt 0.265058 0.500000
vt 0.047576 0.597633
vt 0.022541 0.528846
vt 0.040493 0.567067
vt 0.207898 0.500000
vt 0.266360 0.494438
vt 0.197688 0.500000
vt 0.211275 0.505562
vt 0.029323 0.539394
vt 0.023799 0.559316
vt 0.151591 0.505562
vt 0.154643 0.500000
vt 0.206394 0.494438
vt 0.024706 0.483930
vt 0.016219 0.468000
vt 0.013729 0.517550
vt 0.136761 0.494438
vt 0.151656 0.500000
vt 0.184550 0.494438
vt 0.095648 0.500000
vt 0.150930 0.494438
vt 0.053183 0.405563
vt 0.032247 0.424878
vt 0.032210 0.440225
vt 0.091878 0.494438
vt 0.136560 0.496929
vt 0.151358 0.346541
vt 0.086776 0.376259
vt 0.152423 0.351997
vt 0.125902 0.362840
vt 0.138931 0.358888
vt 0.151358 0.505562
vt 0.125902 0.505562
vt 0.208696 0.357238
vt 0.207001 0.502509
vt 0.181034 0.494438
vt 0.239458 0.363823
vt 0.213429 0.360259
vt 0.226654 0.496572
vt 0.239458 0.505562
vt 0.268743 0.393109
vt 0.256440 0.505561
vt 0.235615 0.500000
vt 0.256440 0.494438
vt 0.259312 0.383369
vt 0.286240 0.402143
vt 0.069143 0.505562
vt 0.097504 0.505562
vt 0.078167 0.496892
vt 0.298158 0.429894
vt 0.092131 0.494438
vt 0.292208 0.430504
vt 0.127861 0.494438
vt 0.318353 0.473012
vt 0.301888 0.425131
vt 0.080748 0.147772
vt 0.197297 0.147892
vt 0.253230 0.186324
vt 0.057261 0.186362
vt 0.057205 0.147828
vt 0.252909 0.038429
vt 0.201007 0.017025
vt 0.058397 0.058813
vt 0.026936 0.230098
vt 0.311184 0.469564
vt 0.181198 0.500000
vt 0.179779 0.500000
vt 0.304937 0.558747
vt 0.222059 0.494438
vt 0.248813 0.622607
vt 0.259230 0.505562
vt 0.237115 0.504256
vt 0.264452 0.494438
vt 0.047576 0.597633
vt 0.264633 0.494438
vt 0.019236 0.544275
vt 0.022183 0.472745
vt 0.211275 0.494438
vt 0.153190 0.500000
vt 0.025132 0.455354
vt 0.149590 0.353444
vt 0.220043 0.362422
vt 0.221721 0.503428
vt 0.128617 0.503364
vt 0.101503 0.494438
vt 0.294346 0.434503
vt 0.139103 0.496572
vt 0.750000 0.248906
vt 0.772593 0.251363
vt 0.750000 0.251980
vt 0.763195 0.248998
vt 0.750000 0.248020
vt 0.754723 0.251409
vt 0.816610 0.275601
vt 0.822000 0.250000
vt 0.817562 0.237737
vt 0.818054 0.272495
vt 0.810206 0.288471
vt 0.821388 0.249262
vt 0.809974 0.281436
vt 0.817385 0.256637
vt 0.781371 0.251569
vt 0.809398 0.282514
vt 0.816732 0.263274
vt 0.801743 0.299111
vt 0.777553 0.248020
vt 0.790258 0.249137
vt 0.801198 0.251002
vt 0.790001 0.251980
vt 0.790731 0.308824
vt 0.793282 0.251446
vt 0.782406 0.248487
vt 0.791335 0.303672
vt 0.782396 0.311696
vt 0.800912 0.248020
vt 0.790226 0.248998
vt 0.777708 0.248998
vt 0.770358 0.317629
vt 0.793439 0.301945
vt 0.769419 0.250000
vt 0.791185 0.248669
vt 0.769876 0.314729
vt 0.777553 0.316519
vt 0.790001 0.309866
vt 0.764126 0.249008
vt 0.771033 0.251980
vt 0.764046 0.320617
vt 0.744326 0.317480
vt 0.769656 0.314796
vt 0.744326 0.251980
vt 0.769656 0.251980
vt 0.750000 0.248998
vt 0.769876 0.248020
vt 0.750000 0.318039
vt 0.756111 0.319418
vt 0.735892 0.251221
vt 0.750000 0.248868
vt 0.736726 0.316732
vt 0.734645 0.319783
vt 0.750000 0.322000
vt 0.735954 0.320617
vt 0.722826 0.315603
vt 0.748755 0.321516
vt 0.718681 0.251443
vt 0.736798 0.248906
vt 0.735954 0.248020
vt 0.722312 0.248868
vt 0.709824 0.251221
vt 0.722447 0.251980
vt 0.709363 0.308899
vt 0.722447 0.316519
vt 0.702469 0.250000
vt 0.717694 0.248431
vt 0.709999 0.248020
vt 0.698802 0.248998
vt 0.790281 0.250764
vt 0.800912 0.251980
vt 0.801198 0.248998
vt 0.688528 0.282158
vt 0.697512 0.292778
vt 0.699958 0.301295
vt 0.697658 0.292956
vt 0.689363 0.286527
vt 0.699088 0.300912
vt 0.681432 0.270800
vt 0.690134 0.290001
vt 0.776037 0.251980
vt 0.792438 0.250000
vt 0.792778 0.251980
vt 0.775903 0.248868
vt 0.792956 0.248020
vt 0.687140 0.276037
vt 0.777730 0.249137
vt 0.790001 0.248020
vt 0.763195 0.251002
vt 0.681516 0.258955
vt 0.679383 0.264046
vt 0.683481 0.277553
vt 0.750000 0.249099
vt 0.770800 0.251980
vt 0.764108 0.248779
vt 0.750000 0.248779
vt 0.763274 0.248020
vt 0.678816 0.241715
vt 0.682079 0.242037
vt 0.680724 0.257549
vt 0.742167 0.251980
vt 0.730228 0.249411
vt 0.681961 0.250000
vt 0.682161 0.236506
vt 0.678000 0.250000
vt 0.722254 0.250764
vt 0.741715 0.251980
vt 0.735885 0.248868
vt 0.688528 0.217842
vt 0.723963 0.251980
vt 0.685710 0.220032
vt 0.679383 0.235953
vt 0.693962 0.205335
vt 0.683481 0.222447
vt 0.707562 0.250000
vt 0.697512 0.207222
vt 0.687140 0.223963
vt 0.709742 0.249137
vt 0.722447 0.248020
vt 0.699088 0.199088
vt 0.690134 0.209999
vt 0.698829 0.248906
vt 0.709999 0.251980
vt 0.705335 0.251980
vt 0.709232 0.191228
vt 0.717968 0.190344
vt 0.717968 0.251980
vt 0.707222 0.251980
vt 0.712374 0.248779
vt 0.707222 0.248020
vt 0.712199 0.193428
vt 0.713048 0.191625
vt 0.722270 0.249137
vt 0.709804 0.248868
vt 0.722870 0.184503
vt 0.724140 0.249137
vt 0.735882 0.248906
vt 0.743363 0.182615
vt 0.736805 0.248998
vt 0.736726 0.183268
vt 0.723963 0.187140
vt 0.735953 0.179383
vt 0.722447 0.183481
vt 0.750000 0.250863
vt 0.735953 0.251980
vt 0.757599 0.182709
vt 0.747545 0.178954
vt 0.770307 0.182086
vt 0.739023 0.179847
vt 0.750000 0.178000
vt 0.763183 0.250863
vt 0.757599 0.248020
vt 0.745788 0.251257
vt 0.769048 0.182960
vt 0.764126 0.248998
vt 0.781806 0.190224
vt 0.763274 0.183268
vt 0.775882 0.248998
vt 0.790228 0.250993
vt 0.770800 0.251980
vt 0.777688 0.248868
vt 0.794206 0.196135
vt 0.776037 0.187140
vt 0.798587 0.197674
vt 0.777553 0.183481
vt 0.805389 0.204544
vt 0.790001 0.190134
vt 0.798111 0.201889
vt 0.781806 0.251980
vt 0.797862 0.251132
vt 0.787573 0.249007
vt 0.802908 0.205336
vt 0.787800 0.193428
vt 0.810913 0.216603
vt 0.712425 0.248998
vt 0.701889 0.248020
vt 0.702138 0.251132
vt 0.709774 0.248998
vt 0.698508 0.250000
vt 0.699088 0.248020
vt 0.728114 0.251980
vt 0.704544 0.251980
vt 0.730467 0.251980
vt 0.712200 0.251980
vt 0.812860 0.223963
vt 0.806572 0.212200
vt 0.809866 0.209999
vt 0.818239 0.228114
vt 0.814833 0.230467
vt 0.736805 0.248998
vt 0.724083 0.248779
vt 0.735863 0.249137
vt 0.820617 0.235954
vt 0.764134 0.249099
vt 0.750000 0.248779
vt 0.819419 0.263808
vt 0.817302 0.242514
vt 0.821479 0.248555
vt 0.763183 0.250863
vt 0.750000 0.249236
vt 0.742514 0.251980
vt 0.814796 0.269656
vt 0.819297 0.242660
vt 0.818039 0.250000
vt 0.816610 0.275601
vt 0.777710 0.250993
vt 0.764046 0.251980
vt 0.812860 0.276037
vt 0.775881 0.250992
vt 0.769656 0.248020
vt 0.804816 0.296154
vt 0.811454 0.282848
vt 0.816519 0.277553
vt 0.787800 0.248020
vt 0.804575 0.292840
vt 0.790258 0.249137
vt 0.801198 0.248998
vt 0.796154 0.251980
vt 0.794827 0.302950
vt 0.806572 0.287800
vt 0.797862 0.248868
vt 0.787605 0.251132
vt 0.800912 0.300912
vt 0.809866 0.290001
vt 0.790196 0.251132
vt 0.798111 0.251980
vt 0.781534 0.250000
vt 0.798111 0.298111
vt 0.789450 0.309041
vt 0.769737 0.316831
vt 0.781919 0.309716
vt 0.777708 0.251002
vt 0.763274 0.316732
vt 0.781919 0.251980
vt 0.756764 0.248020
vt 0.781919 0.248020
vt 0.756764 0.317373
vt 0.770269 0.317863
vt 0.770800 0.248020
vt 0.764134 0.250901
vt 0.736813 0.250901
vt 0.750000 0.251221
vt 0.730565 0.314863
vt 0.748934 0.321549
vt 0.735874 0.248998
vt 0.750000 0.251132
vt 0.715322 0.250625
vt 0.735954 0.251980
vt 0.716094 0.310833
vt 0.736672 0.320490
vt 0.722870 0.315497
vt 0.712200 0.306572
vt 0.723963 0.312860
vt 0.724140 0.250863
vt 0.706542 0.248572
vt 0.730565 0.248020
vt 0.706381 0.301797
vt 0.698802 0.251002
vt 0.688787 0.283300
vt 0.697577 0.292857
vt 0.688546 0.282848
vt 0.709363 0.308899
vt 0.693807 0.294476
vt 0.794476 0.248020
vt 0.790258 0.250863
vt 0.801198 0.251002
vt 0.681432 0.270800
vt 0.792857 0.251980
vt 0.787573 0.249007
vt 0.685271 0.269876
vt 0.693428 0.287801
vt 0.678412 0.250008
vt 0.685137 0.269435
vt 0.750000 0.251002
vt 0.769435 0.251980
vt 0.769876 0.248020
vt 0.735885 0.251132
vt 0.750000 0.248868
vt 0.731429 0.248020
vt 0.684359 0.231327
vt 0.681071 0.254650
vt 0.689779 0.211766
vt 0.683268 0.236726
vt 0.724118 0.251002
vt 0.736806 0.250993
vt 0.688787 0.216700
vt 0.681471 0.229071
vt 0.729071 0.248020
vt 0.722270 0.250863
vt 0.693428 0.212199
vt 0.712448 0.250901
vt 0.697512 0.207222
vt 0.698829 0.251094
vt 0.709999 0.251980
vt 0.701889 0.201889
vt 0.705335 0.193962
vt 0.705794 0.196135
vt 0.702175 0.251002
vt 0.712199 0.248020
vt 0.707222 0.248020
vt 0.705335 0.248020
vt 0.709774 0.251002
vt 0.709999 0.190134
vt 0.722870 0.184503
vt 0.712374 0.251221
vt 0.730099 0.184025
vt 0.707603 0.195370
vt 0.722270 0.249137
vt 0.735874 0.250992
vt 0.736798 0.251094
vt 0.731370 0.248020
vt 0.742734 0.178716
vt 0.760977 0.179847
vt 0.764046 0.179383
vt 0.745625 0.180974
vt 0.764046 0.248020
vt 0.742734 0.248020
vt 0.775818 0.183400
vt 0.781716 0.190175
vt 0.779734 0.251325
vt 0.769876 0.185271
vt 0.789297 0.190665
vt 0.777688 0.248868
vt 0.764118 0.251094
vt 0.790258 0.250863
vt 0.777553 0.251980
vt 0.798670 0.198101
vt 0.787543 0.249137
vt 0.802738 0.207527
vt 0.801201 0.249007
vt 0.709774 0.251002
vt 0.699088 0.251980
vt 0.698799 0.249007
vt 0.811346 0.217308
vt 0.810024 0.210711
vt 0.800912 0.199088
vt 0.818200 0.227987
vt 0.724118 0.251002
vt 0.707650 0.248554
vt 0.815406 0.232357
vt 0.722292 0.248998
vt 0.816519 0.222447
vt 0.735863 0.249137
vt 0.727987 0.251980
vt 0.732402 0.248578
vt 0.764126 0.251002
vt 0.815992 0.269588
vt 0.820617 0.264047
vt 0.810390 0.288566
vt 0.821660 0.249509
vt 0.817363 0.256866
vt 0.775866 0.250901
vt 0.759042 0.251291
vt 0.798357 0.299364
vt 0.793339 0.248487
vt 0.802168 0.298846
vt 0.818529 0.270929
vt 0.770929 0.248020
vt 0.801228 0.250901
vt 0.801915 0.293476
vt 0.790891 0.308595
vt 0.792494 0.251527
vt 0.787543 0.250863
vt 0.770107 0.316538
vt 0.787800 0.306572
vt 0.779971 0.310758
vt 0.770501 0.317584
vt 0.779853 0.248763
vt 0.764126 0.250992
vt 0.737497 0.320345
vt 0.729250 0.249481
vt 0.750000 0.250993
vt 0.722914 0.315391
vt 0.712200 0.248020
vt 0.707936 0.304933
vt 0.709804 0.248868
vt 0.702176 0.248998
vt 0.712374 0.251221
vt 0.709347 0.308935
vt 0.701889 0.298111
vt 0.694457 0.295268
vt 0.795268 0.248020
vt 0.790281 0.250764
vt 0.735874 0.251002
vt 0.730344 0.248020
vt 0.680469 0.236169
vt 0.685815 0.219919
vt 0.685204 0.230344
vt 0.701324 0.198104
vt 0.699088 0.248020
vt 0.712389 0.189261
vt 0.709999 0.248020
vt 0.736805 0.251002
vt 0.743068 0.179614
vt 0.750000 0.181961
vt 0.731370 0.184893
vt 0.770307 0.182086
vt 0.745544 0.180956
vt 0.769439 0.184051
vt 0.764137 0.249137
vt 0.742977 0.248020
vt 0.777674 0.248779
vt 0.791396 0.192125
vt 0.801160 0.248868
vt 0.698840 0.248868
vt 0.729831 0.251446
vt 0.814614 0.229746
vt 0.590949 0.840871
vt 0.409051 0.825129
vt 0.590949 0.822025
vt 0.653576 0.843110
vt 0.346424 0.822890
vt 0.654271 0.825129
vt 0.406686 0.986496
vt 0.593314 0.679504
vt 0.590949 0.987271
vt 0.346424 0.843110
vt 0.653576 0.822890
vt 0.345729 0.825129
vt 0.409051 0.840871
vt 0.590949 0.825129
vt 0.409051 0.822025
vt 0.409051 0.681710
vt 0.405908 0.986812
vt 0.409051 0.987271
vt 0.409051 0.843975
vt 0.405341 0.825129
vt 0.405908 0.679188
vt 0.409051 0.678729
vt 0.405341 0.840871
vt 0.593558 0.822006
vt 0.590949 0.843975
vt 0.406442 0.843994
vt 0.594659 0.825129
vt 0.594127 0.843237
vt 0.593314 0.986496
vt 0.594092 0.679188
vt 0.590949 0.678729
vt 0.594092 0.986812
vt 0.594659 0.840871
vt 0.406314 0.679157
vt 0.406442 0.822006
vt 0.593558 0.843994
vt 0.254364 0.836865
vt 0.079636 0.829135
vt 0.253834 0.829201
vt 0.321455 0.836868
vt 0.012226 0.829669
vt 0.321553 0.829120
vt 0.079657 0.987441
vt 0.254231 0.678575
vt 0.254187 0.987595
vt 0.012545 0.836868
vt 0.321449 0.829047
vt 0.012447 0.829120
vt 0.079799 0.836868
vt 0.254364 0.829135
vt 0.079707 0.829089
vt 0.254231 0.987425
vt 0.079769 0.678575
vt 0.079732 0.987442
vt 0.633892 0.290484
vt 0.366108 0.043517
vt 0.615251 0.024036
vt 0.643655 0.306516
vt 0.353936 0.029460
vt 0.650424 0.043517
vt 0.370692 0.313064
vt 0.629308 0.020936
vt 0.615251 0.317424
vt 0.356345 0.306516
vt 0.643655 0.027484
vt 0.349576 0.043517
vt 0.366108 0.290484
vt 0.633892 0.043517
vt 0.376416 0.030603
vt 0.370692 0.020936
vt 0.364803 0.313569
vt 0.384749 0.317424
vt 0.364803 0.020431
vt 0.384749 0.016576
vt 0.631624 0.023912
vt 0.623584 0.303397
vt 0.369895 0.310430
vt 0.655000 0.290484
vt 0.630095 0.312562
vt 0.634979 0.019458
vt 0.615251 0.016576
vt 0.635197 0.313569
vt 0.369895 0.023570
vt 0.376416 0.303397
vt 0.630105 0.310430
vt 0.014715 0.255860
vt 0.148182 0.077344
vt 0.014785 0.078047
vt 0.281688 0.256500
vt 0.148522 0.077691
vt 0.281702 0.077559
vt 0.148186 0.256150
vt 0.014901 0.077607
vt 0.072238 0.256455
vt 0.224592 0.078026
vt 0.072657 0.077522
vt 0.224838 0.255833
vt 0.072233 0.077604
vt 0.224524 0.078027
vt 0.148231 0.014436
vt 0.280448 0.090768
vt 0.148406 0.318861
vt 0.148496 0.256814
vt 0.282068 0.078047
vt 0.148455 0.015137
vt 0.015812 0.090670
vt 0.016352 0.243306
vt 0.366108 0.043517
vt 0.615251 0.024036
vt 0.643655 0.306516
vt 0.353936 0.029460
vt 0.650424 0.043517
vt 0.370692 0.313064
vt 0.629308 0.020936
vt 0.615251 0.317424
vt 0.356345 0.306516
vt 0.643655 0.027484
vt 0.349576 0.043517
vt 0.366108 0.290484
vt 0.376416 0.030603
vt 0.370692 0.020936
vt 0.364803 0.313569
vt 0.384749 0.317424
vt 0.364803 0.020431
vt 0.384749 0.016576
vt 0.631624 0.023912
vt 0.623584 0.303397
vt 0.369895 0.310430
vt 0.630095 0.312563
vt 0.634979 0.019458
vt 0.615251 0.016576
vt 0.635197 0.313569
vt 0.369895 0.023570
vt 0.630105 0.310430
vt 0.014729 0.256058
vt 0.148436 0.077654
vt 0.015039 0.077788
vt 0.282061 0.256131
vt 0.148348 0.077494
vt 0.281783 0.077862
vt 0.148300 0.256673
vt 0.014729 0.077942
vt 0.072104 0.255953
vt 0.224727 0.077869
vt 0.072429 0.077862
vt 0.224728 0.256058
vt 0.072075 0.077941
vt 0.224366 0.077789
vt 0.148396 0.014528
vt 0.280603 0.090956
vt 0.148180 0.318882
vt 0.148348 0.256506
vt 0.282060 0.077869
vt 0.148180 0.015119
vt 0.015771 0.090729
vt 0.016445 0.243468
vt 0.633892 0.290484
vt 0.366108 0.043517
vt 0.615251 0.024036
vt 0.643655 0.306516
vt 0.353936 0.029460
vt 0.370692 0.313064
vt 0.629307 0.020936
vt 0.356345 0.306516
vt 0.643655 0.027484
vt 0.349576 0.043517
vt 0.366108 0.290484
vt 0.376416 0.030603
vt 0.370693 0.020936
vt 0.364803 0.313569
vt 0.364803 0.020431
vt 0.631624 0.023912
vt 0.630095 0.312562
vt 0.634979 0.019458
vt 0.635197 0.313569
vt 0.376416 0.303397
vt 0.630105 0.310430
vt 0.014715 0.255860
vt 0.148310 0.077327
vt 0.014786 0.078047
vt 0.281531 0.256537
vt 0.148416 0.077505
vt 0.281900 0.077607
vt 0.148277 0.256121
vt 0.015050 0.077865
vt 0.072237 0.256454
vt 0.224592 0.078027
vt 0.072283 0.077891
vt 0.224599 0.255880
vt 0.072654 0.077522
vt 0.224767 0.078074
vt 0.148342 0.014488
vt 0.280400 0.090584
vt 0.148406 0.318861
vt 0.148496 0.256814
vt 0.281982 0.078027
vt 0.148253 0.015250
vt 0.015830 0.090598
vt 0.016352 0.243306
vt 0.623584 0.030603
vt 0.356345 0.027484
vt 0.650424 0.043517
vt 0.370692 0.313064
vt 0.629308 0.020936
vt 0.356345 0.306516
vt 0.643655 0.027484
vt 0.376416 0.030603
vt 0.370692 0.020936
vt 0.631624 0.023912
vt 0.623584 0.303397
vt 0.369895 0.310429
vt 0.630095 0.312563
vt 0.635197 0.020431
vt 0.615251 0.016576
vt 0.369895 0.023570
vt 0.630105 0.310430
vt 0.014728 0.256058
vt 0.148186 0.077946
vt 0.015039 0.077788
vt 0.281907 0.256167
vt 0.148503 0.077327
vt 0.281951 0.078121
vt 0.148145 0.256641
vt 0.014742 0.077869
vt 0.072114 0.256134
vt 0.224727 0.077869
vt 0.072437 0.077788
vt 0.224727 0.256130
vt 0.072099 0.078141
vt 0.224668 0.077433
vt 0.016858 0.091114
vt 0.148210 0.014009
vt 0.280440 0.090956
vt 0.148366 0.256346
vt 0.281653 0.077364
vt 0.016200 0.090956
vt 0.016445 0.243468
vt 0.279762 0.242979
vt 0.244839 0.199773
vt 0.261737 0.134293
vt 0.244906 0.134544
vt 0.260655 0.199691
vt 0.207295 0.134252
vt 0.207293 0.199773
vt 0.147720 0.134122
vt 0.146135 0.199929
vt 0.089155 0.134252
vt 0.089194 0.199935
vt 0.056966 0.134065
vt 0.277089 0.199748
vt 0.226859 0.134161
vt 0.277034 0.134065
vt 0.225252 0.199839
vt 0.167000 0.134065
vt 0.167000 0.199828
vt 0.108644 0.134379
vt 0.107657 0.199847
vt 0.056911 0.134252
vt 0.056919 0.199773
vt 0.108423 0.134252
vt 0.147387 0.199839
vt 0.187515 0.134157
vt 0.207276 0.199923
vt 0.260387 0.134024
vt 0.056963 0.199923
vt 0.089161 0.134227
vt 0.089094 0.199456
vt 0.146269 0.134402
vt 0.188005 0.199839
vt 0.207275 0.134065
vt 0.021012 0.204258
vt 0.273703 0.060398
vt 0.246494 0.298336
vt 0.288329 0.261318
vt 0.313791 0.210549
vt 0.245542 0.299504
vt 0.301234 0.089500
vt 0.318813 0.146339
vt 0.276602 0.057398
vt 0.226378 0.025764
vt 0.297649 0.091489
vt 0.108930 0.024718
vt 0.061404 0.055977
vt 0.166942 0.015406
vt 0.045945 0.260910
vt 0.126259 0.313263
vt 0.089500 0.301234
vt 0.092164 0.299384
vt 0.025636 0.321449
vt 0.041717 0.012626
vt 0.025198 0.012528
vt 0.057800 0.321438
vt 0.047704 0.012694
vt 0.057940 0.012581
vt 0.035853 0.321417
vt 0.030242 0.012636
vt 0.020514 0.012636
vt 0.047205 0.321406
vt 0.036231 0.012517
vt 0.058465 0.012603
vt 0.030242 0.321364
vt 0.020517 0.012626
vt 0.025630 0.321414
vt 0.035819 0.012658
vt 0.048174 0.321396
vt 0.053210 0.012748
vt 0.062878 0.012494
vt 0.069833 0.161261
vt 0.047777 0.194667
vt 0.030974 0.140963
vt 0.048178 0.321396
vt 0.047157 0.138365
vt 0.061197 0.145709
vt 0.687314 0.321752
vt 0.685499 0.178257
vt 0.689209 0.178243
vt 0.681763 0.178247
vt 0.690324 0.321785
vt 0.683648 0.178265
vt 0.690345 0.178202
vt 0.683614 0.321737
vt 0.681735 0.178237
vt 0.681753 0.321726
vt 0.687346 0.178247
vt 0.679492 0.321794
vt 0.683600 0.178255
vt 0.679489 0.178171
vt 0.678627 0.251845
vt 0.683652 0.243191
vt 0.692236 0.251660
vt 0.683632 0.321757
vt 0.679881 0.246800
vt 0.683651 0.256829
vt 0.692754 0.249997
vt 0.484372 0.833000
vt 0.558369 0.845588
vt 0.484880 0.845588
vt 0.641205 0.891369
vt 0.640541 0.831553
vt 0.653511 0.817880
vt 0.606180 0.922527
vt 0.599594 0.915303
vt 0.590716 0.941895
vt 0.634204 0.869498
vt 0.635792 0.906177
vt 0.599360 0.820412
vt 0.603330 0.833000
vt 0.573177 0.820412
vt 0.560689 0.845588
vt 0.570814 0.833000
vt 0.582303 0.845588
vt 0.560689 0.820412
vt 0.582303 0.820412
vt 0.527341 0.970907
vt 0.599360 0.951006
vt 0.532454 0.820412
vt 0.558474 0.833000
vt 0.513185 0.986701
vt 0.538741 0.969352
vt 0.582166 0.961995
vt 0.513063 0.833000
vt 0.558458 0.833000
vt 0.484372 0.833000
vt 0.513185 0.845588
vt 0.441524 0.974354
vt 0.470650 0.970565
vt 0.462262 0.845588
vt 0.512226 0.845588
vt 0.465231 0.833000
vt 0.510628 0.820412
vt 0.460729 0.956101
vt 0.510628 0.961778
vt 0.434474 0.955590
vt 0.532454 0.982467
vt 0.457560 0.820412
vt 0.423805 0.833000
vt 0.441524 0.845588
vt 0.410090 0.942556
vt 0.462262 0.956566
vt 0.419754 0.833000
vt 0.460729 0.820412
vt 0.403846 0.953638
vt 0.457560 0.981321
vt 0.403846 0.820412
vt 0.390398 0.845588
vt 0.380760 0.930857
vt 0.370191 0.886671
vt 0.578671 0.833000
vt 0.562921 0.820412
vt 0.591800 0.820412
vt 0.387134 0.895921
vt 0.418037 0.932873
vt 0.369637 0.885221
vt 0.561620 0.820412
vt 0.601149 0.833000
vt 0.609602 0.820412
vt 0.546283 0.833000
vt 0.597857 0.845588
vt 0.349491 0.860215
vt 0.373970 0.855786
vt 0.407459 0.921576
vt 0.583790 0.845588
vt 0.526959 0.833000
vt 0.503163 0.820412
vt 0.371908 0.836163
vt 0.359058 0.818071
vt 0.346461 0.818170
vt 0.359976 0.894620
vt 0.485170 0.820412
vt 0.352388 0.788223
vt 0.382660 0.781602
vt 0.522786 0.845588
vt 0.455769 0.833000
vt 0.431466 0.820412
vt 0.391738 0.764466
vt 0.362587 0.803519
vt 0.363713 0.760748
vt 0.465338 0.833000
vt 0.404031 0.845588
vt 0.455223 0.845588
vt 0.391105 0.742284
vt 0.448602 0.845588
vt 0.419632 0.833000
vt 0.401918 0.713945
vt 0.401918 0.820412
vt 0.396670 0.833000
vt 0.427748 0.820412
vt 0.427029 0.845588
vt 0.427029 0.697098
vt 0.384241 0.753309
vt 0.379211 0.737031
vt 0.434110 0.707517
vt 0.419804 0.731677
vt 0.450773 0.820412
vt 0.450773 0.714860
vt 0.419804 0.845588
vt 0.461901 0.833000
vt 0.459546 0.699746
vt 0.455222 0.685389
vt 0.503088 0.679928
vt 0.515628 0.833000
vt 0.503088 0.845588
vt 0.441526 0.833000
vt 0.500072 0.692410
vt 0.512664 0.704422
vt 0.464453 0.708770
vt 0.464453 0.845588
vt 0.512155 0.833000
vt 0.512226 0.704379
vt 0.513184 0.820412
vt 0.455222 0.820412
vt 0.563898 0.709702
vt 0.513184 0.679299
vt 0.575161 0.833000
vt 0.575223 0.714176
vt 0.561119 0.845588
vt 0.512664 0.845588
vt 0.560904 0.820412
vt 0.512226 0.820412
vt 0.560904 0.719056
vt 0.582568 0.820412
vt 0.613288 0.833000
vt 0.588195 0.845588
vt 0.588113 0.833000
vt 0.558458 0.833000
vt 0.588195 0.707814
vt 0.623809 0.763978
vt 0.601323 0.752804
vt 0.629021 0.777277
vt 0.582568 0.704295
vt 0.427542 0.820412
vt 0.410272 0.833000
vt 0.390398 0.820412
vt 0.419804 0.845588
vt 0.461901 0.833000
vt 0.419632 0.833000
vt 0.419618 0.820412
vt 0.624172 0.797261
vt 0.601171 0.752618
vt 0.429693 0.845588
vt 0.637326 0.762693
vt 0.624300 0.797683
vt 0.464683 0.845588
vt 0.464261 0.820412
vt 0.652890 0.836780
vt 0.812857 0.283375
vt 0.816665 0.256566
vt 0.821419 0.244106
vt 0.749941 0.252371
vt 0.768962 0.248250
vt 0.735806 0.248611
vt 0.812149 0.268853
vt 0.819883 0.243513
vt 0.814611 0.243414
vt 0.769586 0.246630
vt 0.757159 0.250000
vt 0.742734 0.246630
vt 0.796288 0.302815
vt 0.807277 0.280615
vt 0.796129 0.248578
vt 0.778907 0.252106
vt 0.791201 0.300204
vt 0.791022 0.251750
vt 0.785629 0.246630
vt 0.782585 0.252006
vt 0.783292 0.250000
vt 0.763652 0.253370
vt 0.795456 0.253370
vt 0.763352 0.319725
vt 0.768874 0.251755
vt 0.756586 0.314611
vt 0.778006 0.313506
vt 0.789160 0.300267
vt 0.757236 0.248399
vt 0.784680 0.246630
vt 0.744778 0.314746
vt 0.768853 0.312149
vt 0.728283 0.250000
vt 0.731147 0.312149
vt 0.724040 0.315079
vt 0.758152 0.321197
vt 0.730191 0.318592
vt 0.715515 0.304476
vt 0.715515 0.253370
vt 0.731038 0.248250
vt 0.744778 0.253370
vt 0.709999 0.253370
vt 0.729433 0.253370
vt 0.708799 0.300204
vt 0.698817 0.299822
vt 0.699088 0.246630
vt 0.701708 0.251440
vt 0.724410 0.246630
vt 0.710606 0.307072
vt 0.689505 0.269960
vt 0.769960 0.253370
vt 0.795673 0.248245
vt 0.796146 0.253370
vt 0.692781 0.280723
vt 0.800912 0.246630
vt 0.779528 0.249187
vt 0.798849 0.251440
vt 0.682266 0.264112
vt 0.686692 0.283562
vt 0.756303 0.248179
vt 0.780338 0.248331
vt 0.685367 0.256366
vt 0.764046 0.246630
vt 0.753127 0.251554
vt 0.731507 0.251632
vt 0.686485 0.218727
vt 0.678816 0.241715
vt 0.679958 0.240320
vt 0.703558 0.205393
vt 0.687552 0.232131
vt 0.710361 0.252080
vt 0.731147 0.246630
vt 0.705393 0.203558
vt 0.687851 0.231147
vt 0.716008 0.246630
vt 0.712353 0.251554
vt 0.734112 0.248613
vt 0.699088 0.246630
vt 0.717019 0.186382
vt 0.740396 0.180481
vt 0.701016 0.201046
vt 0.735531 0.179312
vt 0.701210 0.201245
vt 0.715222 0.187342
vt 0.743722 0.251697
vt 0.732131 0.246630
vt 0.720480 0.250618
vt 0.735953 0.246630
vt 0.725327 0.251219
vt 0.708482 0.248781
vt 0.757289 0.185458
vt 0.732131 0.187552
vt 0.756954 0.248399
vt 0.764046 0.253370
vt 0.742734 0.253370
vt 0.765278 0.180446
vt 0.744778 0.185254
vt 0.784504 0.251715
vt 0.805389 0.204544
vt 0.782733 0.193923
vt 0.784574 0.187233
vt 0.815237 0.221446
vt 0.714101 0.251693
vt 0.719385 0.246630
vt 0.703854 0.246630
vt 0.716104 0.246630
vt 0.704293 0.251558
vt 0.814244 0.246168
vt 0.806792 0.218478
vt 0.811554 0.215471
vt 0.807277 0.219385
vt 0.050562 0.320529
vt 0.013563 0.013380
vt 0.049185 0.013643
vt 0.049493 0.320782
vt 0.012588 0.014858
vt 0.049942 0.013369
vt 0.013462 0.185361
vt 0.050217 0.148718
vt 0.050103 0.185725
vt 0.014182 0.320519
vt 0.050123 0.013242
vt 0.013164 0.320568
vt 0.013177 0.013351
vt 0.050092 0.185361
vt 0.013337 0.148718
vt 0.013241 0.185326
vt 0.050562 0.320529
vt 0.013563 0.013380
vt 0.049185 0.013643
vt 0.049493 0.320782
vt 0.012588 0.014858
vt 0.049942 0.013369
vt 0.013048 0.185325
vt 0.050217 0.148718
vt 0.050103 0.185725
vt 0.014182 0.320519
vt 0.050138 0.013462
vt 0.013416 0.320538
vt 0.013426 0.013128
vt 0.050092 0.185361
vt 0.013337 0.148718
vt 0.013451 0.185725
vt 0.050562 0.320529
vt 0.013563 0.013380
vt 0.049185 0.013643
vt 0.049644 0.320836
vt 0.012588 0.014858
vt 0.049942 0.013369
vt 0.013462 0.185361
vt 0.050217 0.148718
vt 0.050313 0.185326
vt 0.014182 0.320519
vt 0.050138 0.013462
vt 0.013164 0.320568
vt 0.013426 0.013128
vt 0.050092 0.185361
vt 0.013337 0.148718
vt 0.013451 0.185725
vt 0.050562 0.320529
vt 0.014036 0.013155
vt 0.050470 0.013637
vt 0.050047 0.320418
vt 0.012971 0.013649
vt 0.049492 0.013334
vt 0.013627 0.185683
vt 0.050217 0.148718
vt 0.050274 0.185495
vt 0.014182 0.320519
vt 0.050123 0.013242
vt 0.013614 0.320959
vt 0.013177 0.013351
vt 0.050506 0.185325
vt 0.013422 0.148487
vt 0.013241 0.185326
vt 0.138315 0.230932
vt 0.167000 0.102883
vt 0.081186 0.103045
vt 0.252859 0.230943
vt 0.197970 0.103251
vt 0.250843 0.102686
vt 0.195646 0.231270
vt 0.083032 0.103251
vt 0.250877 0.231232
vt 0.226717 0.103592
vt 0.277132 0.102883
vt 0.138281 0.102942
vt 0.136089 0.231058
vt 0.081198 0.102942
vt 0.082994 0.231122
vt 0.195674 0.102876
vt 0.197938 0.231220
vt 0.277132 0.102883
vt 0.136510 0.019535
vt 0.249482 0.041373
vt 0.251409 0.291490
vt 0.082418 0.291475
vt 0.314271 0.197326
vt 0.225525 0.025708
vt 0.083051 0.238001
vt 0.167000 0.095981
vt 0.080630 0.095563
vt 0.277674 0.238020
vt 0.226999 0.096614
vt 0.252743 0.095774
vt 0.226788 0.238692
vt 0.167000 0.095577
vt 0.135670 0.238298
vt 0.107113 0.095926
vt 0.056485 0.095448
vt 0.250114 0.238074
vt 0.167000 0.095577
vt 0.253412 0.095702
vt 0.167000 0.238424
vt 0.082488 0.096308
vt 0.083054 0.238022
vt 0.107104 0.095981
vt 0.197627 0.095774
vt 0.226831 0.238424
vt 0.277436 0.095183
vt 0.307984 0.217747
vt 0.223293 0.303343
vt 0.108646 0.033868
vt 0.167000 0.238074
vt 0.310201 0.107684
vt 0.251798 0.042258
vt 0.313468 0.169625
vt 0.167000 0.012000
vt 0.250180 0.040882
vt 0.012000 0.167000
vt 0.040644 0.084305
vt 0.032999 0.225444
vt 0.167000 0.322000
vt 0.084375 0.293185
vt 0.164603 0.019808
vt 0.028523 0.105313
vt 0.162678 0.318262
vt 0.368051 0.321277
vt 0.383085 0.012745
vt 0.355406 0.012634
vt 0.375517 0.321217
vt 0.360326 0.012697
vt 0.383279 0.012746
vt 0.395552 0.320350
vt 0.383285 0.012726
vt 0.400538 0.012433
vt 0.375491 0.321164
vt 0.360303 0.012936
vt 0.355409 0.321368
vt 0.350743 0.014554
vt 0.383312 0.321249
vt 0.390799 0.012687
vt 0.367833 0.012726
vt 0.395731 0.321347
vt 0.400383 0.014554
vt 0.396087 0.146423
vt 0.396156 0.187502
vt 0.347560 0.174585
vt 0.403533 0.174567
vt 0.360590 0.141130
vt 0.355109 0.187443
vt 0.853300 0.321260
vt 0.868164 0.178736
vt 0.856518 0.178789
vt 0.868154 0.321361
vt 0.864365 0.178674
vt 0.875645 0.178804
vt 0.853320 0.178611
vt 0.878865 0.321211
vt 0.872213 0.178802
vt 0.878844 0.178624
vt 0.868158 0.321260
vt 0.860566 0.178736
vt 0.856525 0.321326
vt 0.853085 0.178804
vt 0.853305 0.321334
vt 0.864365 0.178674
vt 0.868412 0.321336
vt 0.875411 0.178616
vt 0.849880 0.178674
vt 0.868409 0.321264
vt 0.880718 0.223868
vt 0.883685 0.258815
vt 0.878538 0.283457
vt 0.860643 0.204214
vt 0.848019 0.223830
vt 0.856701 0.293679
vt 0.252859 0.196761
vt 0.198060 0.137333
vt 0.250660 0.137212
vt 0.195455 0.196917
vt 0.083305 0.137333
vt 0.250698 0.196765
vt 0.198024 0.137226
vt 0.277005 0.137200
vt 0.135942 0.196806
vt 0.083357 0.137152
vt 0.056926 0.196569
vt 0.135916 0.137481
vt 0.138545 0.196797
vt 0.250719 0.137482
vt 0.056973 0.196725
vt 0.135978 0.137324
vt 0.056995 0.137200
vt 0.058528 0.058528
vt 0.249796 0.040710
vt 0.251815 0.291738
vt 0.138534 0.196567
vt 0.314655 0.197605
vt 0.197629 0.019335
vt 0.019418 0.136425
vt 0.252887 0.196667
vt 0.195444 0.196950
vt 0.250705 0.137433
vt 0.135978 0.137324
vt 0.057025 0.137100
vt 0.251781 0.291704
vt 0.356738 0.321618
vt 0.368860 0.012367
vt 0.350441 0.012418
vt 0.368962 0.321615
vt 0.356864 0.012353
vt 0.375267 0.012387
vt 0.356845 0.321634
vt 0.368971 0.012405
vt 0.368829 0.321635
vt 0.356760 0.012376
vt 0.356732 0.182001
vt 0.347827 0.160878
vt 0.368970 0.151993
vt 0.377888 0.160958
vt 0.356788 0.151971
vt 0.347822 0.173084
vt 0.356755 0.321625
vt 0.368852 0.012356
vt 0.350394 0.012430
vt 0.368952 0.321616
vt 0.356858 0.012356
vt 0.375269 0.012418
vt 0.356846 0.321610
vt 0.368948 0.012396
vt 0.368872 0.321632
vt 0.356739 0.012405
vt 0.356733 0.181995
vt 0.347836 0.160879
vt 0.368961 0.151986
vt 0.377888 0.160916
vt 0.356766 0.151972
vt 0.347823 0.173066
vt 0.356746 0.321596
vt 0.368860 0.012367
vt 0.350394 0.012430
vt 0.368952 0.321616
vt 0.356850 0.012367
vt 0.375268 0.012418
vt 0.356838 0.321633
vt 0.368934 0.012373
vt 0.368846 0.321643
vt 0.356751 0.012381
vt 0.356734 0.182001
vt 0.347835 0.160877
vt 0.368961 0.151986
vt 0.377885 0.160937
vt 0.356781 0.151956
vt 0.347824 0.173042
vt 0.356742 0.321602
vt 0.368852 0.012356
vt 0.350394 0.012430
vt 0.368954 0.321625
vt 0.356858 0.012356
vt 0.356846 0.321610
vt 0.368948 0.012396
vt 0.368854 0.321624
vt 0.356739 0.012402
vt 0.356714 0.181996
vt 0.347836 0.160879
vt 0.368977 0.152005
vt 0.377874 0.160922
vt 0.356766 0.151972
vt 0.347823 0.173066
vt 0.200904 0.195883
vt 0.133096 0.138117
vt 0.201356 0.137907
vt 0.318600 0.196475
vt 0.018978 0.136696
vt 0.320629 0.142330
vt 0.132947 0.319172
vt 0.202238 0.018978
vt 0.196604 0.320629
vt 0.018978 0.197304
vt 0.319322 0.138117
vt 0.018978 0.137263
vt 0.131809 0.191670
vt 0.202191 0.142330
vt 0.137396 0.136492
vt 0.131762 0.018978
vt 0.131484 0.319765
vt 0.137396 0.320629
vt 0.012947 0.195886
vt 0.013000 0.137878
vt 0.201511 0.136455
vt 0.199102 0.195540
vt 0.132489 0.197545
vt 0.322000 0.191670
vt 0.202582 0.319473
vt 0.012947 0.138114
vt 0.018978 0.196737
vt 0.013000 0.196122
vt 0.201671 0.018978
vt 0.132653 0.013066
vt 0.132329 0.018978
vt 0.201347 0.013066
vt 0.201053 0.319172
vt 0.597358 0.320497
vt 0.346014 0.013503
vt 0.595952 0.013679
vt 0.482003 0.320506
vt 0.460524 0.014919
vt 0.482263 0.013463
vt 0.346366 0.177236
vt 0.597005 0.156764
vt 0.596889 0.177689
vt 0.461369 0.320506
vt 0.482848 0.014919
vt 0.461109 0.013463
vt 0.346014 0.320497
vt 0.597358 0.013503
vt 0.347420 0.013679
vt 0.597005 0.177236
vt 0.346366 0.156764
vt 0.347712 0.177818
vt 0.260874 0.321599
vt 0.012272 0.012403
vt 0.260613 0.012450
vt 0.139624 0.321217
vt 0.133638 0.012783
vt 0.139467 0.012392
vt 0.012287 0.169757
vt 0.260975 0.164243
vt 0.260534 0.169901
vt 0.133638 0.321217
vt 0.139624 0.012783
vt 0.133795 0.012392
vt 0.012388 0.321599
vt 0.260990 0.012403
vt 0.012649 0.012450
vt 0.260895 0.169745
vt 0.012366 0.164255
vt 0.012727 0.169901
vt 0.246250 0.007500
vt 0.003750 0.492500
vt 0.003750 0.007500
vt 0.447201 0.885726
vt 0.551799 0.780095
vt 0.392127 0.780408
vt 0.552817 0.885722
vt 0.447875 0.780308
vt 0.607908 0.780515
vt 0.447965 0.885671
vt 0.552884 0.780480
vt 0.552128 0.885609
vt 0.447239 0.780406
vt 0.369517 0.779960
vt 0.552914 0.702439
vt 0.630419 0.886266
vt 0.446999 0.885503
vt 0.552064 0.780187
vt 0.391739 0.780926
vt 0.552715 0.885623
vt 0.447875 0.780216
vt 0.607684 0.780592
vt 0.448048 0.885902
vt 0.552970 0.780533
vt 0.552147 0.885672
vt 0.446954 0.780317
vt 0.369588 0.779917
vt 0.553042 0.702382
vt 0.630306 0.886250
vt 0.369493 0.886131
vt 0.630303 0.779775
vt 0.446888 0.702380
vt 0.551993 0.885763
vt 0.392087 0.780398
vt 0.554252 0.780488
vt 0.552814 0.885733
vt 0.445690 0.780389
vt 0.554797 0.780165
vt 0.554926 0.885518
vt 0.607913 0.780397
vt 0.499808 0.984764
vt 0.370193 0.888171
vt 0.553166 0.702673
vt 0.500016 0.885732
vt 0.445128 0.780155
vt 0.392106 0.885338
vt 0.552130 0.780350
vt 0.392043 0.780660
vt 0.552816 0.885745
vt 0.447769 0.780323
vt 0.607646 0.780261
vt 0.393452 0.885394
vt 0.552906 0.780259
vt 0.551893 0.885778
vt 0.447183 0.780277
vt 0.499645 0.984860
vt 0.370091 0.887803
vt 0.552883 0.702629
vt 0.446995 0.702484
vt 0.369517 0.886260
vt 0.552939 0.963598
vt 0.631650 0.978328
vt 0.354672 0.687672
vt 0.639421 0.687672
vt 0.619682 0.978328
vt 0.366640 0.687672
vt 0.627453 0.687672
vt 0.354672 0.959521
vt 0.631650 0.706479
vt 0.631650 0.967292
vt 0.366640 0.978328
vt 0.619682 0.687672
vt 0.358869 0.687672
vt 0.354672 0.978328
vt 0.631650 0.687672
vt 0.346901 0.687672
vt 0.354672 0.706479
vt 0.346387 0.965691
vt 0.354672 0.967292
vt 0.360066 0.679477
vt 0.625852 0.679387
vt 0.345000 0.687672
vt 0.346477 0.699905
vt 0.354672 0.698708
vt 0.625852 0.986613
vt 0.359743 0.985085
vt 0.345000 0.978328
vt 0.638785 0.966177
vt 0.631650 0.959521
vt 0.354672 0.678000
vt 0.638451 0.679528
vt 0.347537 0.966177
vt 0.631650 0.988000
vt 0.347871 0.986472
vt 0.629354 0.978328
vt 0.639935 0.700309
vt 0.631650 0.698708
vt 0.625852 0.679387
vt 0.360470 0.679387
vt 0.639935 0.965691
vt 0.360470 0.986613
vt 0.625852 0.986613
vt 0.641322 0.978328
vt 0.347915 0.699582
vt 0.631650 0.678000
vt 0.348502 0.679387
vt 0.638785 0.699823
vt 0.354672 0.988000
vt 0.638451 0.986472
vt 0.636921 0.320824
vt 0.345955 0.013176
vt 0.636706 0.012925
vt 0.499856 0.320823
vt 0.483151 0.013200
vt 0.499716 0.013020
vt 0.345860 0.175257
vt 0.636677 0.158713
vt 0.636851 0.175330
vt 0.483164 0.320981
vt 0.499713 0.013019
vt 0.482852 0.013196
vt 0.346162 0.320800
vt 0.636715 0.013200
vt 0.345966 0.013109
vt 0.637017 0.175257
vt 0.346200 0.158713
vt 0.346018 0.175258
vt 0.983051 0.790938
vt 0.684255 0.690238
vt 0.981204 0.686860
vt 0.887493 0.784023
vt 0.782634 0.685291
vt 0.884636 0.685144
vt 0.684061 0.786775
vt 0.981331 0.688166
vt 0.979189 0.787335
vt 0.782634 0.790984
vt 0.887493 0.692252
vt 0.780815 0.685267
vt 0.983051 0.685337
vt 0.689814 0.686195
vt 0.981331 0.788108
vt 0.691240 0.790952
vt 0.983051 0.790938
vt 0.981204 0.686860
vt 0.887493 0.784023
vt 0.782634 0.685291
vt 0.884636 0.685144
vt 0.981331 0.688167
vt 0.983051 0.685337
vt 0.981331 0.788108
vt 0.982194 0.791131
vt 0.981204 0.686860
vt 0.887493 0.784023
vt 0.782634 0.685291
vt 0.884636 0.685144
vt 0.980709 0.687771
vt 0.979189 0.787335
vt 0.981331 0.788108
vt 0.684256 0.690238
vt 0.684062 0.786776
vt 0.782634 0.790984
vt 0.887493 0.692252
vt 0.780815 0.685267
vt 0.689814 0.686195
vt 0.691240 0.790952
vt 0.983051 0.790939
vt 0.683811 0.785754
vt 0.981331 0.688166
vt 0.979189 0.787335
vt 0.782634 0.790984
vt 0.983051 0.790939
vt 0.981331 0.688167
vt 0.982194 0.791131
vt 0.980709 0.687771
vt 0.979189 0.787335
vt 0.683811 0.785754
vt 0.782634 0.790984
vt 0.684255 0.690238
vt 0.981204 0.686860
vt 0.887493 0.784023
vt 0.884636 0.685144
vt 0.684061 0.786775
vt 0.979189 0.787335
vt 0.884163 0.685152
vt 0.780815 0.685268
vt 0.983051 0.685337
vt 0.683768 0.685260
vt 0.981331 0.788108
vt 0.684233 0.788767
vt 0.983051 0.790939
vt 0.981204 0.686861
vt 0.782634 0.685291
vt 0.883310 0.684201
vt 0.979189 0.787335
vt 0.980938 0.685292
vt 0.982774 0.788324
vt 0.982194 0.791131
vt 0.981204 0.686861
vt 0.887493 0.784023
vt 0.782634 0.685292
vt 0.883310 0.684201
vt 0.980709 0.687771
vt 0.979189 0.787335
vt 0.980939 0.685292
vt 0.982774 0.788324
vt 0.684256 0.690238
vt 0.884163 0.685152
vt 0.780815 0.685268
vt 0.683768 0.685260
vt 0.684233 0.788767
vt 0.151050 0.986871
vt 0.134897 0.679129
vt 0.149993 0.679261
vt 0.273495 0.985807
vt 0.012452 0.680193
vt 0.273140 0.679119
vt 0.135257 0.962887
vt 0.150785 0.703174
vt 0.149774 0.963264
vt 0.012452 0.985807
vt 0.272860 0.679122
vt 0.012891 0.679100
vt 0.135029 0.986900
vt 0.150918 0.679100
vt 0.135230 0.678865
vt 0.150689 0.962887
vt 0.135162 0.703174
vt 0.135249 0.963166
vt 0.653911 0.103222
vt 0.349348 0.232353
vt 0.345974 0.103222
vt 0.410070 0.103222
vt 0.589930 0.182855
vt 0.589930 0.099845
vt 0.409987 0.234159
vt 0.349348 0.181438
vt 0.650652 0.103222
vt 0.346049 0.103222
vt 0.409865 0.317652
vt 0.592931 0.016348
vt 0.406246 0.016348
vt 0.406520 0.099672
vt 0.405722 0.103222
vt 0.345615 0.184750
vt 0.349348 0.186280
vt 0.590135 0.317652
vt 0.592957 0.321332
vt 0.594381 0.317652
vt 0.406476 0.321202
vt 0.409967 0.322000
vt 0.410070 0.098874
vt 0.593093 0.185161
vt 0.409967 0.012000
vt 0.592957 0.012668
vt 0.594278 0.103222
vt 0.589930 0.321146
vt 0.406862 0.320644
vt 0.410070 0.317652
vt 0.589930 0.098874
vt 0.407013 0.099561
vt 0.650652 0.184885
vt 0.655000 0.103222
vt 0.406345 0.013574
vt 0.410070 0.012854
vt 0.653426 0.099498
vt 0.346574 0.099498
vt 0.593655 0.320426
vt 0.589930 0.016348
vt 0.593655 0.013574
vt 0.650652 0.235713
vt 0.349348 0.236295
vt 0.654125 0.104235
vt 0.346014 0.232561
vt 0.345782 0.104235
vt 0.412719 0.104235
vt 0.589460 0.184563
vt 0.587281 0.101521
vt 0.589460 0.184563
vt 0.412651 0.232481
vt 0.348493 0.181832
vt 0.653298 0.101829
vt 0.346165 0.101953
vt 0.412552 0.318507
vt 0.589694 0.015493
vt 0.409644 0.015493
vt 0.410609 0.101215
vt 0.409226 0.104235
vt 0.345494 0.184496
vt 0.348493 0.185725
vt 0.409628 0.320518
vt 0.412636 0.322000
vt 0.412651 0.232481
vt 0.412636 0.012000
vt 0.589713 0.012537
vt 0.590286 0.102060
vt 0.587281 0.100741
vt 0.410263 0.101293
vt 0.651507 0.184603
vt 0.655000 0.104235
vt 0.590213 0.318507
vt 0.589713 0.321463
vt 0.653735 0.101242
vt 0.346265 0.101242
vt 0.590273 0.320735
vt 0.587281 0.015493
vt 0.590273 0.013265
vt 0.653592 0.233115
vt 0.348493 0.234204
vt 0.410492 0.320584
vt 0.410505 0.013114
vt 0.625568 0.175114
vt 0.374676 0.159894
vt 0.625442 0.159016
vt 0.653830 0.175439
vt 0.345912 0.159023
vt 0.654152 0.158886
vt 0.374872 0.321217
vt 0.625302 0.013198
vt 0.625455 0.320850
vt 0.345474 0.173980
vt 0.654528 0.160023
vt 0.345785 0.159652
vt 0.375613 0.158921
vt 0.625279 0.175142
vt 0.625549 0.158866
vt 0.625279 0.320859
vt 0.375686 0.012594
vt 0.375687 0.321255
vt 0.505375 0.879725
vt 0.494535 0.786295
vt 0.505379 0.786287
vt 0.654257 0.879824
vt 0.345652 0.786276
vt 0.654454 0.786288
vt 0.494564 0.987246
vt 0.505221 0.678735
vt 0.505336 0.987247
vt 0.345306 0.878984
vt 0.654694 0.787016
vt 0.345603 0.786275
vt 0.494755 0.879709
vt 0.505375 0.786275
vt 0.495250 0.786385
vt 0.505221 0.987265
vt 0.494714 0.678777
vt 0.495399 0.987520
vt 0.502278 0.206831
vt 0.497830 0.127407
vt 0.502259 0.127205
vt 0.654693 0.206833
vt 0.345210 0.127208
vt 0.654749 0.127161
vt 0.497823 0.321693
vt 0.502204 0.012324
vt 0.502179 0.321772
vt 0.345127 0.206531
vt 0.654690 0.127120
vt 0.345200 0.127427
vt 0.497759 0.206839
vt 0.502278 0.127169
vt 0.497762 0.127143
vt 0.502204 0.321676
vt 0.498126 0.012127
vt 0.497775 0.321686
vt 0.169896 0.169790
vt 0.164104 0.164210
vt 0.169592 0.164247
vt 0.321870 0.169485
vt 0.012130 0.164515
vt 0.321685 0.164159
vt 0.164180 0.321670
vt 0.169820 0.012330
vt 0.169529 0.321796
vt 0.012312 0.169792
vt 0.321688 0.164208
vt 0.012256 0.164201
vt 0.164104 0.169790
vt 0.169803 0.164208
vt 0.164200 0.164134
vt 0.169884 0.321680
vt 0.164180 0.012330
vt 0.164205 0.321768
vt 0.169803 0.169792
vt 0.164104 0.164210
vt 0.169592 0.164247
vt 0.321688 0.169792
vt 0.012130 0.164515
vt 0.321744 0.164201
vt 0.169884 0.012320
vt 0.169795 0.321768
vt 0.012312 0.169792
vt 0.321688 0.164208
vt 0.012256 0.164201
vt 0.164104 0.169790
vt 0.169896 0.164210
vt 0.164200 0.164134
vt 0.169820 0.321670
vt 0.164180 0.012330
vt 0.015540 0.211820
vt 0.148810 0.122321
vt 0.015835 0.122086
vt 0.282246 0.212221
vt 0.149241 0.122162
vt 0.282027 0.121797
vt 0.148811 0.211679
vt 0.015576 0.121807
vt 0.073170 0.212392
vt 0.224987 0.122188
vt 0.073450 0.121722
vt 0.224481 0.211911
vt 0.073149 0.121853
vt 0.224708 0.121878
vt 0.018162 0.091485
vt 0.148890 0.014507
vt 0.280437 0.091089
vt 0.149000 0.211801
vt 0.282202 0.121854
vt 0.017541 0.091311
vt 0.017610 0.243198
vt 0.279580 0.242822
vt 0.015634 0.211766
vt 0.148697 0.122284
vt 0.015977 0.121550
vt 0.282487 0.211587
vt 0.149291 0.121467
vt 0.282315 0.122387
vt 0.148838 0.212419
vt 0.015533 0.122505
vt 0.072999 0.211816
vt 0.224769 0.121608
vt 0.072901 0.122563
vt 0.224800 0.212217
vt 0.072987 0.122413
vt 0.224488 0.121723
vt 0.018131 0.091537
vt 0.148962 0.014599
vt 0.280446 0.091006
vt 0.148848 0.212094
vt 0.282363 0.121808
vt 0.149194 0.015127
vt 0.017104 0.090688
vt 0.018162 0.242514
vt 0.654726 0.756578
vt 0.345274 0.678283
vt 0.654772 0.678262
vt 0.501958 0.756578
vt 0.498045 0.678241
vt 0.502028 0.678282
vt 0.345259 0.719373
vt 0.654797 0.715480
vt 0.654719 0.719459
vt 0.498043 0.756578
vt 0.501958 0.678283
vt 0.498045 0.678241
vt 0.345192 0.756576
vt 0.654774 0.678278
vt 0.345276 0.678219
vt 0.654717 0.719388
vt 0.345203 0.715480
vt 0.345281 0.719459
vt 0.595271 0.804539
vt 0.404599 0.860315
vt 0.405101 0.807523
vt 0.653392 0.857866
vt 0.348241 0.805287
vt 0.652335 0.805160
vt 0.405065 0.985486
vt 0.596007 0.681512
vt 0.593277 0.985885
vt 0.347746 0.861008
vt 0.652895 0.805963
vt 0.347005 0.808142
vt 0.405038 0.861294
vt 0.595017 0.805123
vt 0.403890 0.805937
vt 0.594999 0.985579
vt 0.407734 0.679275
vt 0.404315 0.985222
vt 0.404023 0.860151
vt 0.405101 0.807523
vt 0.653392 0.857866
vt 0.348241 0.805287
vt 0.403932 0.984855
vt 0.593277 0.985885
vt 0.347877 0.860169
vt 0.652826 0.805963
vt 0.347005 0.808142
vt 0.404647 0.860392
vt 0.404029 0.805937
vt 0.596142 0.805886
vt 0.404761 0.860582
vt 0.651488 0.861159
vt 0.347514 0.805913
vt 0.651841 0.804765
vt 0.404144 0.985254
vt 0.595352 0.680723
vt 0.595729 0.984506
vt 0.348519 0.861535
vt 0.653392 0.808134
vt 0.347005 0.808142
vt 0.404837 0.860553
vt 0.595353 0.805608
vt 0.406991 0.805740
vt 0.596068 0.984855
vt 0.407734 0.679275
vt 0.406723 0.985885
vt 0.599390 0.315110
vt 0.351890 0.018890
vt 0.604926 0.018890
vt 0.569183 0.315110
vt 0.382097 0.018890
vt 0.569183 0.013887
vt 0.351890 0.260543
vt 0.599390 0.073457
vt 0.599390 0.266079
vt 0.382097 0.315110
vt 0.569183 0.018890
vt 0.382097 0.013887
vt 0.351890 0.315110
vt 0.599390 0.018890
vt 0.351890 0.073457
vt 0.346264 0.067831
vt 0.345000 0.073457
vt 0.345988 0.014495
vt 0.351890 0.012000
vt 0.376194 0.319505
vt 0.382097 0.322000
vt 0.575085 0.014495
vt 0.569183 0.012000
vt 0.346264 0.266169
vt 0.345000 0.260543
vt 0.345988 0.319505
vt 0.351890 0.322000
vt 0.376471 0.013264
vt 0.382097 0.012000
vt 0.603785 0.067555
vt 0.606280 0.073457
vt 0.599390 0.260543
vt 0.605015 0.266169
vt 0.606280 0.260543
vt 0.605292 0.014495
vt 0.599390 0.012000
vt 0.351890 0.266079
vt 0.376194 0.014495
vt 0.351890 0.067921
vt 0.569183 0.320113
vt 0.575085 0.319505
vt 0.599390 0.267433
vt 0.351890 0.267433
vt 0.599390 0.322000
vt 0.576073 0.315110
vt 0.605292 0.264938
vt 0.573578 0.321012
vt 0.606280 0.315110
vt 0.604392 0.073457
vt 0.351890 0.066567
vt 0.603785 0.012988
vt 0.603785 0.321012
vt 0.654258 0.149899
vt 0.345742 0.123589
vt 0.652611 0.121526
vt 0.624002 0.149899
vt 0.377069 0.121028
vt 0.621023 0.120888
vt 0.346475 0.260060
vt 0.653651 0.013508
vt 0.653739 0.260113
vt 0.377069 0.152461
vt 0.621023 0.120585
vt 0.375987 0.123589
vt 0.345742 0.149899
vt 0.653572 0.121343
vt 0.346187 0.121231
vt 0.345533 0.013347
vt 0.348721 0.012731
vt 0.346019 0.257768
vt 0.653808 0.260920
vt 0.654283 0.257768
vt 0.653653 0.153086
vt 0.346347 0.153086
vt 0.654467 0.013347
vt 0.651279 0.012731
vt 0.376603 0.153086
vt 0.623259 0.153117
vt 0.346347 0.120402
vt 0.347389 0.151962
vt 0.653896 0.153032
vt 0.346475 0.013428
vt 0.585033 0.986914
vt 0.346052 0.679086
vt 0.585211 0.679004
vt 0.471357 0.987472
vt 0.459728 0.678528
vt 0.471357 0.678751
vt 0.345528 0.838815
vt 0.585557 0.827185
vt 0.585334 0.838815
vt 0.459728 0.987472
vt 0.473046 0.679086
vt 0.459728 0.678751
vt 0.346052 0.986914
vt 0.585033 0.679086
vt 0.347741 0.678448
vt 0.345528 0.827185
vt 0.345419 0.840678
vt 0.347741 0.841017
vt 0.457359 0.986915
vt 0.457380 0.678993
vt 0.471357 0.987249
vt 0.473705 0.987007
vt 0.585207 0.841137
vt 0.585557 0.838815
vt 0.345878 0.841137
vt 0.473726 0.986915
vt 0.457359 0.679085
vt 0.459728 0.987249
vt 0.457380 0.987007
vt 0.585334 0.827185
vt 0.345878 0.824863
vt 0.345751 0.827185
vt 0.585207 0.824863
vt 0.585033 0.986914
vt 0.472763 0.987146
vt 0.345994 0.840445
vt 0.585557 0.827185
vt 0.583344 0.841017
vt 0.473046 0.679086
vt 0.345547 0.985259
vt 0.585033 0.679086
vt 0.457359 0.986915
vt 0.457380 0.678992
vt 0.584325 0.986779
vt 0.345814 0.987567
vt 0.474098 0.985259
vt 0.585692 0.840563
vt 0.457359 0.679085
vt 0.585207 0.824863
vt 0.457033 0.984362
vt 0.436441 0.679442
vt 0.457043 0.681638
vt 0.547078 0.984362
vt 0.345726 0.681638
vt 0.544165 0.678997
vt 0.436487 0.933005
vt 0.456316 0.732995
vt 0.456526 0.933057
vt 0.346773 0.986867
vt 0.544165 0.678701
vt 0.348638 0.678997
vt 0.435771 0.984362
vt 0.456362 0.679442
vt 0.436206 0.679332
vt 0.345000 0.984362
vt 0.345522 0.679317
vt 0.435567 0.732916
vt 0.438684 0.732313
vt 0.436042 0.930763
vt 0.456593 0.933846
vt 0.457057 0.930763
vt 0.456441 0.987478
vt 0.436362 0.987478
vt 0.346452 0.678491
vt 0.346165 0.987444
vt 0.546351 0.987509
vt 0.456526 0.732943
vt 0.436211 0.732154
vt 0.435746 0.735237
vt 0.437381 0.986380
vt 0.451044 0.321534
vt 0.444517 0.012463
vt 0.450906 0.012357
vt 0.550029 0.321546
vt 0.345448 0.012463
vt 0.549975 0.012394
vt 0.444532 0.269265
vt 0.450935 0.064760
vt 0.450962 0.269282
vt 0.345186 0.321096
vt 0.549974 0.012393
vt 0.345452 0.012393
vt 0.444438 0.321547
vt 0.450910 0.012463
vt 0.444442 0.012428
vt 0.451026 0.269254
vt 0.444401 0.064746
vt 0.444462 0.269254
vt 0.496250 0.007500
vt 0.253750 0.492500
vt 0.253750 0.007500
vt 0.171835 0.174507
vt 0.162165 0.159494
vt 0.171387 0.159549
vt 0.321809 0.174056
vt 0.012191 0.159944
vt 0.321623 0.159481
vt 0.162277 0.321514
vt 0.171723 0.012486
vt 0.171294 0.321699
vt 0.012191 0.174056
vt 0.321809 0.159944
vt 0.012378 0.159481
vt 0.162165 0.174506
vt 0.171835 0.159494
vt 0.162613 0.159549
vt 0.171723 0.321514
vt 0.162277 0.012486
vt 0.162706 0.321699
vt 0.171835 0.174507
vt 0.162165 0.159493
vt 0.171387 0.159549
vt 0.321809 0.174056
vt 0.012191 0.159944
vt 0.321622 0.159481
vt 0.162277 0.321514
vt 0.171723 0.012486
vt 0.171294 0.321699
vt 0.012191 0.174056
vt 0.321809 0.159944
vt 0.012378 0.159481
vt 0.162165 0.174507
vt 0.171835 0.159494
vt 0.162613 0.159549
vt 0.171723 0.321514
vt 0.162277 0.012486
vt 0.162706 0.321699
vt 0.015675 0.212147
vt 0.148749 0.122348
vt 0.015683 0.122122
vt 0.282375 0.211916
vt 0.149073 0.121866
vt 0.282128 0.122178
vt 0.148933 0.211679
vt 0.015654 0.122141
vt 0.073476 0.212108
vt 0.224481 0.122089
vt 0.073094 0.122147
vt 0.224246 0.212326
vt 0.072950 0.122279
vt 0.224467 0.121549
vt 0.018183 0.091344
vt 0.149049 0.014507
vt 0.280226 0.090979
vt 0.149187 0.211773
vt 0.282205 0.121607
vt 0.017505 0.091338
vt 0.017505 0.243063
vt 0.279770 0.242526
vt 0.015633 0.211767
vt 0.148810 0.122320
vt 0.015861 0.121985
vt 0.282226 0.212307
vt 0.148995 0.122077
vt 0.282278 0.122215
vt 0.148775 0.212037
vt 0.015559 0.121882
vt 0.073392 0.211784
vt 0.224985 0.122089
vt 0.073442 0.121797
vt 0.224989 0.211720
vt 0.073449 0.122182
vt 0.224478 0.121635
vt 0.148836 0.318436
vt 0.017698 0.091445
vt 0.280060 0.091307
vt 0.149063 0.212238
vt 0.282225 0.121692
vt 0.280060 0.242694
vt 0.148899 0.015605
vt 0.017991 0.242959
vt 0.015675 0.212147
vt 0.148749 0.122348
vt 0.015683 0.122122
vt 0.282375 0.211916
vt 0.149187 0.122227
vt 0.282278 0.122214
vt 0.148697 0.211716
vt 0.015692 0.121779
vt 0.072956 0.212006
vt 0.224481 0.122089
vt 0.073451 0.121722
vt 0.224246 0.212326
vt 0.073449 0.122182
vt 0.224467 0.121549
vt 0.018282 0.091225
vt 0.148737 0.014440
vt 0.280226 0.090980
vt 0.149187 0.211773
vt 0.282206 0.121608
vt 0.017502 0.091089
vt 0.279771 0.242525
vt 0.015674 0.212146
vt 0.148810 0.122321
vt 0.015862 0.121986
vt 0.282226 0.212307
vt 0.148913 0.121813
vt 0.282128 0.122179
vt 0.148775 0.212037
vt 0.015443 0.122279
vt 0.073392 0.211784
vt 0.224985 0.122089
vt 0.073396 0.122179
vt 0.224989 0.211721
vt 0.072950 0.122279
vt 0.224478 0.121635
vt 0.149039 0.318395
vt 0.017697 0.091445
vt 0.280060 0.091307
vt 0.149122 0.211923
vt 0.282226 0.121693
vt 0.280060 0.242693
vt 0.148677 0.015590
vt 0.017991 0.242959
vt 0.319626 0.158583
vt 0.014374 0.099661
vt 0.314356 0.093059
vt 0.278321 0.166779
vt 0.055679 0.091464
vt 0.281782 0.099661
vt 0.016718 0.241675
vt 0.317685 0.016825
vt 0.310096 0.243904
vt 0.055679 0.166779
vt 0.278321 0.091464
vt 0.052218 0.099661
vt 0.014374 0.158583
vt 0.319626 0.099661
vt 0.019644 0.093059
vt 0.016315 0.016825
vt 0.013707 0.241933
vt 0.023904 0.243904
vt 0.013707 0.016310
vt 0.023904 0.014339
vt 0.317690 0.089463
vt 0.314356 0.165185
vt 0.016310 0.168780
vt 0.284122 0.158583
vt 0.317282 0.241675
vt 0.320293 0.016310
vt 0.310096 0.014339
vt 0.320293 0.241933
vt 0.015534 0.089638
vt 0.019644 0.165185
vt 0.318466 0.168605
vt 0.821669 0.231597
vt 0.678472 0.224894
vt 0.821524 0.224782
vt 0.800051 0.231135
vt 0.700225 0.224894
vt 0.799860 0.224884
vt 0.678446 0.277995
vt 0.821554 0.178499
vt 0.821115 0.278186
vt 0.700172 0.231610
vt 0.800051 0.225359
vt 0.700229 0.224821
vt 0.678331 0.231597
vt 0.821669 0.224897
vt 0.678790 0.224954
vt 0.821554 0.277995
vt 0.678349 0.178484
vt 0.678886 0.278186
vt 0.319626 0.158583
vt 0.016569 0.092475
vt 0.314356 0.093059
vt 0.281748 0.158583
vt 0.055679 0.091464
vt 0.272218 0.091018
vt 0.016718 0.241675
vt 0.317282 0.016569
vt 0.317967 0.241845
vt 0.055679 0.166779
vt 0.272218 0.090049
vt 0.061782 0.091017
vt 0.014374 0.158583
vt 0.317431 0.092475
vt 0.015798 0.092116
vt 0.049878 0.158583
vt 0.051585 0.092067
vt 0.013707 0.016310
vt 0.023904 0.014339
vt 0.015261 0.234339
vt 0.318187 0.244425
vt 0.319707 0.234339
vt 0.317690 0.168780
vt 0.320293 0.016310
vt 0.310096 0.014339
vt 0.053691 0.168668
vt 0.279371 0.168879
vt 0.015813 0.013818
vt 0.014293 0.023904
vt 0.019644 0.165185
vt 0.317690 0.168780
vt 0.799860 0.224884
vt 0.678446 0.277995
vt 0.821669 0.224897
vt 0.821554 0.277995
vt 0.099688 0.829500
vt 0.019908 0.820710
vt 0.018750 0.829500
vt 0.170287 0.836870
vt 0.109685 0.683591
vt 0.118019 0.680796
vt 0.176820 0.829220
vt 0.126352 0.678000
vt 0.092938 0.820710
vt 0.013158 0.829500
vt 0.012000 0.820710
vt 0.013158 0.811921
vt 0.178138 0.832958
vt 0.126352 0.678000
vt 0.169816 0.835662
vt 0.099688 0.811921
vt 0.018750 0.811921
vt 0.180646 0.829476
vt 0.100846 0.820710
vt 0.171066 0.820738
vt 0.164378 0.829513
vt 0.168116 0.811943
vt 0.180102 0.811906
vt 0.222289 0.826195
vt 0.181972 0.820683
vt 0.190399 0.887130
vt 0.164098 0.845488
vt 0.198222 0.883143
vt 0.214319 0.826237
vt 0.212676 0.817456
vt 0.198300 0.883163
vt 0.190454 0.887145
vt 0.163875 0.844944
vt 0.223946 0.817396
vt 0.260155 0.828803
vt 0.206049 0.924997
vt 0.206069 0.879161
vt 0.214551 0.923428
vt 0.258703 0.829679
vt 0.214333 0.808658
vt 0.260436 0.821330
vt 0.216237 0.929181
vt 0.206124 0.879175
vt 0.207241 0.929065
vt 0.262489 0.820091
vt 0.222303 0.808615
vt 0.285953 0.830122
vt 0.207468 0.948831
vt 0.215814 0.953111
vt 0.223546 0.923545
vt 0.293362 0.834778
vt 0.296285 0.826279
vt 0.262771 0.812618
vt 0.216391 0.961127
vt 0.224739 0.927613
vt 0.208283 0.960167
vt 0.291046 0.822986
vt 0.264223 0.811742
vt 0.283030 0.838621
vt 0.311588 0.845297
vt 0.192206 0.974481
vt 0.199360 0.947872
vt 0.200538 0.978794
vt 0.319072 0.849991
vt 0.288269 0.841914
vt 0.322000 0.841494
vt 0.201102 0.986842
vt 0.199936 0.955887
vt 0.193002 0.985863
vt 0.316708 0.838175
vt 0.765060 0.828085
vt 0.684627 0.820718
vt 0.683657 0.828085
vt 0.836333 0.837260
vt 0.776802 0.682686
vt 0.783787 0.680343
vt 0.841569 0.830184
vt 0.790771 0.678000
vt 0.759403 0.820718
vt 0.678971 0.828085
vt 0.678000 0.820718
vt 0.678971 0.813351
vt 0.842933 0.834037
vt 0.835908 0.836164
vt 0.765060 0.813351
vt 0.683657 0.813351
vt 0.846261 0.828065
vt 0.766031 0.820718
vt 0.838231 0.820741
vt 0.831155 0.828096
vt 0.835008 0.813370
vt 0.845805 0.813339
vt 0.888167 0.824764
vt 0.847371 0.820695
vt 0.857900 0.887196
vt 0.831436 0.845290
vt 0.864457 0.883855
vt 0.881488 0.824800
vt 0.880111 0.817440
vt 0.864523 0.883871
vt 0.857947 0.887208
vt 0.831249 0.844834
vt 0.889556 0.817389
vt 0.927137 0.827500
vt 0.873889 0.926166
vt 0.871033 0.880517
vt 0.881014 0.924852
vt 0.925920 0.828235
vt 0.881500 0.810066
vt 0.927373 0.821237
vt 0.882428 0.929673
vt 0.871080 0.880529
vt 0.874888 0.929576
vt 0.929093 0.820198
vt 0.888179 0.810030
vt 0.953485 0.830573
vt 0.873818 0.950869
vt 0.880813 0.954455
vt 0.888554 0.924950
vt 0.959694 0.834476
vt 0.962144 0.827352
vt 0.929330 0.813936
vt 0.881297 0.961173
vt 0.889553 0.928359
vt 0.874501 0.960369
vt 0.957753 0.824593
vt 0.930546 0.813201
vt 0.951035 0.837697
vt 0.979273 0.845839
vt 0.858466 0.976669
vt 0.867022 0.950065
vt 0.865450 0.980284
vt 0.985546 0.849773
vt 0.955426 0.840457
vt 0.988000 0.842652
vt 0.865922 0.987029
vt 0.867506 0.956783
vt 0.859134 0.986209
vt 0.983564 0.839869
vt 0.098425 0.160653
vt 0.017333 0.154725
vt 0.016552 0.160653
vt 0.170379 0.171654
vt 0.111932 0.015771
vt 0.121023 0.012721
vt 0.093873 0.154725
vt 0.012781 0.160653
vt 0.012386 0.151795
vt 0.115360 0.014621
vt 0.175714 0.169129
vt 0.123172 0.012000
vt 0.098425 0.148798
vt 0.016552 0.148798
vt 0.179870 0.160637
vt 0.099206 0.154725
vt 0.173410 0.154744
vt 0.165941 0.160661
vt 0.169910 0.148813
vt 0.179503 0.148788
vt 0.222044 0.157316
vt 0.180764 0.154707
vt 0.193419 0.221263
vt 0.166789 0.179089
vt 0.174303 0.165160
vt 0.198695 0.218574
vt 0.216670 0.157345
vt 0.215562 0.151423
vt 0.198748 0.218588
vt 0.170001 0.170673
vt 0.193457 0.221273
vt 0.166639 0.178723
vt 0.223162 0.151383
vt 0.262130 0.160182
vt 0.209750 0.261349
vt 0.203987 0.215889
vt 0.215483 0.260292
vt 0.261151 0.160774
vt 0.216680 0.145490
vt 0.262320 0.155143
vt 0.216620 0.264171
vt 0.204024 0.215899
vt 0.210554 0.264093
vt 0.263705 0.154307
vt 0.222054 0.145461
vt 0.289034 0.165030
vt 0.208172 0.286929
vt 0.213801 0.289816
vt 0.221550 0.260370
vt 0.294031 0.168171
vt 0.296002 0.162439
vt 0.263895 0.149268
vt 0.214190 0.295221
vt 0.222354 0.263114
vt 0.208722 0.294574
vt 0.292469 0.160218
vt 0.264874 0.148677
vt 0.287063 0.170762
vt 0.314978 0.180387
vt 0.192730 0.312883
vt 0.202704 0.286282
vt 0.198350 0.315792
vt 0.320026 0.183553
vt 0.290596 0.172983
vt 0.322000 0.177823
vt 0.198729 0.321219
vt 0.203093 0.291688
vt 0.193267 0.320559
vt 0.318431 0.175584
vt 0.149692 0.863344
vt 0.077160 0.860176
vt 0.078267 0.868446
vt 0.150531 0.979724
vt 0.078267 0.970115
vt 0.079208 0.961845
vt 0.150634 0.971397
vt 0.079431 0.953526
vt 0.149941 0.855106
vt 0.079431 0.868446
vt 0.078806 0.860176
vt 0.077699 0.851907
vt 0.076758 0.961673
vt 0.148858 0.971273
vt 0.077699 0.953404
vt 0.076534 0.969993
vt 0.148019 0.979548
vt 0.147916 0.846810
vt 0.076534 0.851907
vt 0.218455 0.853282
vt 0.148609 0.855072
vt 0.214723 0.970859
vt 0.149692 0.988000
vt 0.209416 0.964025
vt 0.205644 0.847304
vt 0.150634 0.863368
vt 0.148858 0.846834
vt 0.205615 0.964460
vt 0.147916 0.987876
vt 0.209347 0.971474
vt 0.214654 0.837098
vt 0.311874 0.853282
vt 0.238081 0.824603
vt 0.314959 0.844827
vt 0.260147 0.902099
vt 0.218455 0.977874
vt 0.253422 0.899643
vt 0.295374 0.847304
vt 0.232152 0.837770
vt 0.298025 0.855033
vt 0.234483 0.822097
vt 0.298460 0.838849
vt 0.246286 0.902939
vt 0.255101 0.904429
vt 0.214654 0.978308
vt 0.312308 0.837098
vt 0.236099 0.833354
vt 0.144757 0.809086
vt 0.250291 0.809887
vt 0.244607 0.898152
vt 0.243781 0.811191
vt 0.232500 0.830848
vt 0.147903 0.823756
vt 0.151305 0.808260
vt 0.236732 0.816002
vt 0.239561 0.900483
vt 0.245306 0.813289
vt 0.238429 0.817681
vt 0.143887 0.818021
vt 0.073467 0.804271
vt 0.212528 0.739325
vt 0.235207 0.813903
vt 0.207089 0.742831
vt 0.229590 0.816436
vt 0.199676 0.747932
vt 0.085781 0.803912
vt 0.150436 0.817195
vt 0.200347 0.748275
vt 0.230222 0.817305
vt 0.207761 0.743175
vt 0.212806 0.739468
vt 0.250923 0.810757
vt 0.073325 0.813265
vt 0.012137 0.804118
vt 0.159685 0.678000
vt 0.154257 0.681522
vt 0.194630 0.751639
vt 0.146856 0.686641
vt 0.024495 0.803761
vt 0.085639 0.812906
vt 0.147519 0.686973
vt 0.194909 0.751781
vt 0.154920 0.681854
vt 0.159959 0.678137
vt 0.448828 0.321447
vt 0.440922 0.012553
vt 0.448311 0.012617
vt 0.544219 0.321451
vt 0.345221 0.013074
vt 0.544315 0.012538
vt 0.441052 0.266314
vt 0.448699 0.067686
vt 0.448656 0.266480
vt 0.345532 0.321451
vt 0.544530 0.013074
vt 0.345436 0.012538
vt 0.440922 0.321447
vt 0.448828 0.012553
vt 0.441439 0.012617
vt 0.448699 0.266314
vt 0.441052 0.067686
vt 0.441547 0.266528
vt 0.171016 0.196932
vt 0.162984 0.137068
vt 0.171012 0.136935
vt 0.321437 0.196932
vt 0.012563 0.137068
vt 0.321433 0.136981
vt 0.162837 0.321423
vt 0.171163 0.012577
vt 0.171002 0.321582
vt 0.012563 0.196932
vt 0.321437 0.137068
vt 0.012567 0.136981
vt 0.162984 0.196932
vt 0.171016 0.137068
vt 0.162988 0.136935
vt 0.171163 0.321423
vt 0.162837 0.012577
vt 0.162998 0.321582
vt 0.345000 0.187093
vt 0.655000 0.146907
vt 0.345000 0.146907
vt 0.655000 0.187093
vt 0.348908 0.864669
vt 0.481697 0.801817
vt 0.348834 0.801619
vt 0.615478 0.864279
vt 0.482125 0.801733
vt 0.615129 0.801712
vt 0.482002 0.864456
vt 0.348693 0.801312
vt 0.405955 0.864472
vt 0.557987 0.801721
vt 0.406451 0.801255
vt 0.557987 0.864279
vt 0.405949 0.801813
vt 0.557466 0.801083
vt 0.351282 0.757226
vt 0.482301 0.680528
vt 0.613638 0.757338
vt 0.482241 0.864305
vt 0.615325 0.801170
vt 0.350502 0.757090
vt 0.350609 0.909197
vt 0.612728 0.908319
vt 0.481933 0.801854
vt 0.348683 0.801655
vt 0.615246 0.864687
vt 0.481750 0.864119
vt 0.406476 0.864574
vt 0.557481 0.801622
vt 0.351183 0.757344
vt 0.481814 0.680646
vt 0.613437 0.757089
vt 0.350505 0.909062
vt 0.348661 0.864610
vt 0.481994 0.801881
vt 0.348683 0.801656
vt 0.615246 0.864687
vt 0.481938 0.801760
vt 0.615260 0.801744
vt 0.481749 0.864119
vt 0.348693 0.801312
vt 0.406200 0.864521
vt 0.557481 0.801622
vt 0.406451 0.801255
vt 0.557480 0.864378
vt 0.406185 0.801767
vt 0.557215 0.801034
vt 0.351357 0.757178
vt 0.481814 0.680646
vt 0.613437 0.757090
vt 0.482188 0.864239
vt 0.615220 0.801145
vt 0.350502 0.757090
vt 0.350505 0.909063
vt 0.612930 0.908374
vt 0.482000 0.801733
vt 0.481810 0.864147
vt 0.348576 0.801340
vt 0.406200 0.864520
vt 0.406451 0.801255
vt 0.351380 0.757390
vt 0.481889 0.680507
vt 0.350541 0.757313
vt 0.422914 0.169176
vt 0.345202 0.169176
vt 0.654798 0.169176
vt 0.577086 0.169176
vt 0.422901 0.170013
vt 0.422901 0.163987
vt 0.577099 0.163987
vt 0.577099 0.170013
vt 0.345371 0.163945
vt 0.345000 0.169176
vt 0.654629 0.170055
vt 0.655000 0.164824
vt 0.654629 0.163945
vt 0.345371 0.170055
vt 0.345000 0.164824
vt 0.091984 0.168694
vt 0.012171 0.168640
vt 0.091988 0.012172
vt 0.321829 0.168640
vt 0.241862 0.168610
vt 0.241816 0.012151
vt 0.761857 0.833675
vt 0.678067 0.833645
vt 0.761847 0.678094
vt 0.987934 0.833635
vt 0.904222 0.833666
vt 0.904144 0.678088
vt 0.492202 0.693762
vt 0.507798 0.693762
vt 0.492477 0.678238
vt 0.491876 0.693762
vt 0.507592 0.695170
vt 0.508124 0.679662
vt 0.507592 0.678254
vt 0.492477 0.695185
vt 0.491876 0.679662
vt 0.012064 0.018874
vt 0.166429 0.018868
vt 0.012068 0.014925
vt 0.167565 0.018869
vt 0.058692 0.226963
vt 0.275073 0.226837
vt 0.274863 0.275273
vt 0.059364 0.274885
vt 0.166817 0.320293
vt 0.058950 0.058952
vt 0.167183 0.013708
vt 0.166817 0.320293
vt 0.274636 0.274885
vt 0.320250 0.167360
vt 0.166817 0.013708
vt 0.013730 0.167306
vt 0.058716 0.226558
vt 0.275082 0.226609
vt 0.275109 0.275041
vt 0.059136 0.274678
vt 0.166821 0.320240
vt 0.058887 0.059084
vt 0.166822 0.013760
vt 0.166821 0.320240
vt 0.275051 0.274590
vt 0.320164 0.166802
vt 0.167178 0.013760
vt 0.013761 0.166822
vt 0.058692 0.226962
vt 0.275247 0.226707
vt 0.274865 0.275126
vt 0.059114 0.274635
vt 0.166850 0.320257
vt 0.058872 0.059136
vt 0.166850 0.013745
vt 0.167183 0.320293
vt 0.320250 0.167360
vt 0.167178 0.013760
vt 0.013730 0.167306
vt 0.492202 0.693762
vt 0.507798 0.693762
vt 0.492408 0.678254
vt 0.345238 0.694822
vt 0.507523 0.695185
vt 0.507523 0.678238
vt 0.492408 0.695170
vt 0.012078 0.018886
vt 0.166435 0.018869
vt 0.012079 0.014903
vt 0.167571 0.018868
vt 0.058928 0.226837
vt 0.275308 0.226962
vt 0.275050 0.275048
vt 0.059341 0.274847
vt 0.166817 0.320292
vt 0.059137 0.058727
vt 0.166817 0.013707
vt 0.167183 0.320292
vt 0.274658 0.274847
vt 0.320270 0.166694
vt 0.166817 0.013707
vt 0.013750 0.166640
vt 0.058861 0.226734
vt 0.275416 0.226524
vt 0.275112 0.275040
vt 0.059323 0.274865
vt 0.167178 0.320240
vt 0.059082 0.058887
vt 0.166821 0.013760
vt 0.166822 0.320240
vt 0.275050 0.274590
vt 0.320164 0.166804
vt 0.166821 0.013760
vt 0.013760 0.166823
vt 0.058928 0.226837
vt 0.275247 0.226707
vt 0.275050 0.275048
vt 0.059115 0.274636
vt 0.166850 0.320255
vt 0.059137 0.058727
vt 0.167184 0.013707
vt 0.166822 0.320240
vt 0.274886 0.274635
vt 0.320255 0.166849
vt 0.166850 0.013743
vt 0.013708 0.166819
vt 0.345150 0.836236
vt 0.654850 0.836236
vt 0.345276 0.829111
vt 0.345000 0.836236
vt 0.654724 0.836889
vt 0.655000 0.829764
vt 0.654724 0.829111
vt 0.345276 0.836889
vt 0.345000 0.829764
vt 0.080358 0.842106
vt 0.013071 0.842300
vt 0.080622 0.678853
vt 0.320929 0.842300
vt 0.254511 0.842582
vt 0.253378 0.678853
vt 0.080358 0.842106
vt 0.013071 0.842301
vt 0.080622 0.678853
vt 0.320929 0.842300
vt 0.253641 0.842106
vt 0.254488 0.678970
vt 0.345276 0.829111
vt 0.654724 0.836889
vt 0.013071 0.842300
vt 0.080622 0.678853
vt 0.320929 0.842301
vt 0.253378 0.678853
vt 0.079489 0.842582
vt 0.013071 0.842300
vt 0.079512 0.678970
vt 0.320929 0.842300
vt 0.253642 0.842106
vt 0.253378 0.678853
vt 0.649723 0.261926
vt 0.655000 0.072074
vt 0.651151 0.054946
vt 0.354722 0.015849
vt 0.347364 0.855625
vt 0.347791 0.681263
vt 0.651790 0.856106
vt 0.651736 0.680366
vt 0.891718 0.974758
vt 0.833000 0.985972
vt 0.774282 0.974758
vt 0.725307 0.940693
vt 0.691242 0.891718
vt 0.690573 0.778445
vt 0.774282 0.691242
vt 0.833000 0.681000
vt 0.891718 0.691242
vt 0.985561 0.833000
vt 0.974501 0.891612
vt 0.892316 0.976201
vt 0.976201 0.773684
vt 0.943851 0.728700
vt 0.942602 0.723398
vt 0.689799 0.892316
vt 0.833000 0.679562
vt 0.774617 0.692052
vt 0.015257 0.230613
vt 0.224408 0.230900
vt 0.072867 0.230645
vt 0.280899 0.243507
vt 0.016412 0.243357
vt 0.016868 0.090770
vt 0.282068 0.230531
vt 0.148587 0.319224
vt 0.280441 0.243095
vt 0.280899 0.090493
vt 0.350276 0.261926
vt 0.649724 0.261926
vt 0.345000 0.072074
vt 0.354722 0.318151
vt 0.645278 0.318151
vt 0.348210 0.856106
vt 0.347812 0.681067
vt 0.652636 0.855624
vt 0.652209 0.681263
vt 0.725495 0.940505
vt 0.691242 0.891718
vt 0.680439 0.833000
vt 0.774389 0.691499
vt 0.833000 0.680289
vt 0.891718 0.691242
vt 0.973948 0.774617
vt 0.974758 0.891718
vt 0.942602 0.942602
vt 0.891233 0.973588
vt 0.940877 0.940877
vt 0.986438 0.833000
vt 0.973588 0.774767
vt 0.940877 0.725123
vt 0.774617 0.692052
vt 0.725123 0.725123
vt 0.679841 0.833000
vt 0.692052 0.891383
vt 0.015391 0.230645
vt 0.224449 0.230563
vt 0.072867 0.230645
vt 0.280898 0.243507
vt 0.016208 0.243129
vt 0.016960 0.090651
vt 0.282068 0.230531
vt 0.148835 0.319067
vt 0.280619 0.242875
vt 0.280899 0.090493
vt 0.649724 0.261926
vt 0.645278 0.015849
vt 0.347364 0.855624
vt 0.348264 0.680366
vt 0.651790 0.856106
vt 0.652209 0.681263
vt 0.891611 0.974501
vt 0.833000 0.985711
vt 0.774282 0.974758
vt 0.725299 0.940701
vt 0.833000 0.679858
vt 0.891718 0.691242
vt 0.974758 0.774282
vt 0.774650 0.973868
vt 0.891383 0.973948
vt 0.940877 0.940877
vt 0.986159 0.833000
vt 0.973948 0.774617
vt 0.774767 0.692412
vt 0.725123 0.725123
vt 0.679562 0.833000
vt 0.692412 0.891233
vt 0.725123 0.940877
vt 0.015257 0.230613
vt 0.224448 0.230563
vt 0.072866 0.230645
vt 0.280804 0.243638
vt 0.016207 0.243128
vt 0.016868 0.090771
vt 0.281936 0.230563
vt 0.148780 0.319105
vt 0.280270 0.243394
vt 0.281052 0.090805
vt 0.350276 0.261926
vt 0.348849 0.054946
vt 0.348210 0.856106
vt 0.347791 0.681263
vt 0.652636 0.855625
vt 0.652188 0.681067
vt 0.891718 0.974758
vt 0.833000 0.985000
vt 0.774282 0.974758
vt 0.725307 0.940693
vt 0.691017 0.891811
vt 0.692412 0.774767
vt 0.774282 0.691242
vt 0.833000 0.680028
vt 0.891718 0.691242
vt 0.974758 0.774282
vt 0.975427 0.887555
vt 0.988000 0.833000
vt 0.773684 0.689799
vt 0.722149 0.937300
vt 0.774752 0.973624
vt 0.833000 0.986438
vt 0.891383 0.973948
vt 0.015257 0.230613
vt 0.224448 0.230563
vt 0.072905 0.230966
vt 0.280899 0.243507
vt 0.016207 0.243128
vt 0.016868 0.090771
vt 0.282068 0.230531
vt 0.148835 0.319067
vt 0.280449 0.243169
vt 0.280900 0.090655
vt 0.012429 0.319817
vt 0.037547 0.319817
vt 0.037976 0.014183
vt 0.012699 0.321667
vt 0.037663 0.012790
vt 0.025969 0.987585
vt 0.012427 0.987473
vt 0.025978 0.814745
vt 0.048760 0.987542
vt 0.035317 0.987585
vt 0.034865 0.814698
vt 0.345429 0.319817
vt 0.361286 0.319817
vt 0.361016 0.321667
vt 0.361715 0.014183
vt 0.345699 0.321667
vt 0.361402 0.012790
vt 0.016179 0.215499
vt 0.224602 0.215187
vt 0.073759 0.215287
vt 0.280524 0.242743
vt 0.149182 0.318570
vt 0.017115 0.242832
vt 0.282453 0.214964
vt 0.149367 0.319044
vt 0.281117 0.090921
vt 0.148932 0.015361
vt 0.015960 0.215248
vt 0.224553 0.215597
vt 0.073806 0.215678
vt 0.281117 0.243078
vt 0.017365 0.243109
vt 0.017919 0.091045
vt 0.282480 0.214837
vt 0.149182 0.318571
vt 0.280431 0.242524
vt 0.281117 0.090922
vt 0.015960 0.215248
vt 0.224602 0.215187
vt 0.073805 0.215678
vt 0.280992 0.243292
vt 0.017115 0.242831
vt 0.282414 0.215149
vt 0.149417 0.318639
vt 0.012429 0.319817
vt 0.037547 0.319817
vt 0.037277 0.321667
vt 0.012699 0.321667
vt 0.012000 0.014183
vt 0.025969 0.987585
vt 0.012525 0.987542
vt 0.025978 0.814745
vt 0.048760 0.987542
vt 0.035317 0.987585
vt 0.035308 0.814745
vt 0.345740 0.159449
vt 0.361286 0.319817
vt 0.345699 0.321667
vt 0.361402 0.012790
vt 0.015795 0.215174
vt 0.224603 0.215187
vt 0.073422 0.215221
vt 0.280431 0.243048
vt 0.149354 0.318414
vt 0.017115 0.242832
vt 0.282228 0.215018
vt 0.148982 0.319044
vt 0.281117 0.090922
vt 0.149417 0.015361
vt 0.015748 0.214928
vt 0.224603 0.215187
vt 0.073805 0.215678
vt 0.281261 0.242973
vt 0.017115 0.242832
vt 0.017687 0.091353
vt 0.282625 0.214802
vt 0.149406 0.318695
vt 0.280392 0.242552
vt 0.281262 0.091027
vt 0.015960 0.215248
vt 0.224603 0.215187
vt 0.073805 0.215678
vt 0.280992 0.243292
vt 0.017919 0.091045
vt 0.282414 0.215148
vt 0.149254 0.318624
vt 0.280992 0.090708
vt 0.694751 0.987275
vt 0.777034 0.987454
vt 0.703420 0.785595
vt 0.775571 0.791671
vt 0.789311 0.854129
vt 0.783641 0.864887
vt 0.775825 0.874174
vt 0.768097 0.784842
vt 0.758545 0.780166
vt 0.678336 0.833000
vt 0.057259 0.186355
vt 0.197167 0.318660
vt 0.167000 0.321559
vt 0.136833 0.318660
vt 0.107892 0.309699
vt 0.081257 0.295323
vt 0.024336 0.226093
vt 0.057747 0.276253
vt 0.038429 0.252909
vt 0.015543 0.197127
vt 0.024362 0.107917
vt 0.012575 0.167000
vt 0.015340 0.136833
vt 0.038429 0.081091
vt 0.057805 0.057805
vt 0.081206 0.038601
vt 0.107929 0.024390
vt 0.136833 0.015340
vt 0.167000 0.012493
vt 0.276253 0.057747
vt 0.321500 0.167000
vt 0.318660 0.197167
vt 0.295619 0.252940
vt 0.276195 0.276195
vt 0.252794 0.295399
vt 0.253113 0.295878
vt 0.226150 0.309800
vt 0.080887 0.038122
vt 0.107850 0.024200
vt 0.167000 0.321689
vt 0.197141 0.318531
vt 0.318451 0.197126
vt 0.321631 0.167000
vt 0.318589 0.136847
vt 0.309861 0.107825
vt 0.295460 0.081166
vt 0.276341 0.057659
vt 0.252835 0.038538
vt 0.226150 0.024200
vt 0.167000 0.012311
vt 0.136859 0.015469
vt 0.012369 0.167000
vt 0.015543 0.197127
vt 0.081164 0.295463
vt 0.107825 0.309861
vt 0.167000 0.505562
vt 0.195069 0.641112
vt 0.096000 0.636956
vt 0.069143 0.505561
vt 0.040723 0.432504
vt 0.268736 0.505562
vt 0.276601 0.494438
vt 0.056586 0.502786
vt 0.103363 0.495352
vt 0.310201 0.440684
vt 0.197167 0.318660
vt 0.107892 0.309699
vt 0.081257 0.295323
vt 0.024336 0.226093
vt 0.057747 0.276253
vt 0.038429 0.252909
vt 0.015543 0.197127
vt 0.024362 0.107917
vt 0.015340 0.136833
vt 0.038429 0.081091
vt 0.081206 0.038601
vt 0.107929 0.024390
vt 0.136833 0.015340
vt 0.167000 0.012493
vt 0.276253 0.057747
vt 0.318660 0.197167
vt 0.252794 0.295399
vt 0.226150 0.309800
vt 0.197141 0.318531
vt 0.318451 0.197125
vt 0.309861 0.107825
vt 0.295460 0.081166
vt 0.276341 0.057659
vt 0.252835 0.038538
vt 0.226150 0.024200
vt 0.167000 0.012311
vt 0.136859 0.015469
vt 0.015543 0.197127
vt 0.081164 0.295463
vt 0.122144 0.495890
vt 0.096000 0.636956
vt 0.096000 0.636956
vt 0.055769 0.500000
vt 0.065264 0.601736
vt 0.233025 0.497023
vt 0.256440 0.505562
vt 0.276601 0.505562
vt 0.259794 0.494438
vt 0.057259 0.186355
vt 0.024362 0.107917
vt 0.015340 0.136833
vt 0.038429 0.081091
vt 0.057805 0.057805
vt 0.107929 0.024390
vt 0.136833 0.015340
vt 0.167000 0.012493
vt 0.318451 0.197125
vt 0.321631 0.167000
vt 0.318589 0.136847
vt 0.309861 0.107825
vt 0.295460 0.081166
vt 0.226150 0.024200
vt 0.167000 0.012311
vt 0.136847 0.015411
vt 0.107850 0.024200
vt 0.081164 0.038537
vt 0.057619 0.057619
vt 0.038537 0.081164
vt 0.015543 0.197127
vt 0.107825 0.309861
vt 0.097269 0.505562
vt 0.034075 0.555059
vt 0.013299 0.486815
vt 0.276741 0.186355
vt 0.167000 0.321559
vt 0.024336 0.226093
vt 0.057747 0.276253
vt 0.038429 0.252909
vt 0.015543 0.197127
vt 0.024362 0.107917
vt 0.015340 0.136833
vt 0.081206 0.038601
vt 0.107929 0.024390
vt 0.136833 0.015340
vt 0.321500 0.167000
vt 0.295619 0.252940
vt 0.197141 0.318531
vt 0.321631 0.167000
vt 0.295426 0.081189
vt 0.276341 0.057659
vt 0.252835 0.038538
vt 0.226150 0.024200
vt 0.167000 0.012311
vt 0.136859 0.015469
vt 0.107850 0.024200
vt 0.081164 0.038537
vt 0.057659 0.057659
vt 0.038537 0.081164
vt 0.024200 0.107850
vt 0.015543 0.197127
vt 0.081164 0.295463
vt 0.107825 0.309861
vt 0.122144 0.495890
vt 0.096000 0.636956
vt 0.013299 0.486815
vt 0.258212 0.494438
vt 0.314696 0.455501
vt 0.024336 0.226093
vt 0.015543 0.197127
vt 0.107929 0.024390
vt 0.197127 0.015543
vt 0.226093 0.024336
vt 0.295619 0.252940
vt 0.197141 0.318531
vt 0.318451 0.197125
vt 0.276341 0.057659
vt 0.252835 0.038538
vt 0.136859 0.015469
vt 0.012369 0.167000
vt 0.015543 0.197127
vt 0.024415 0.226061
vt 0.038489 0.252868
vt 0.057659 0.276341
vt 0.178513 0.642743
vt 0.013518 0.484591
vt 0.155042 0.351739
vt 0.304754 0.460861
vt 0.276739 0.186362
vt 0.057805 0.276195
vt 0.038381 0.252940
vt 0.015543 0.197127
vt 0.233025 0.497023
vt 0.764115 0.248868
vt 0.718596 0.309991
vt 0.717599 0.309459
vt 0.709999 0.309866
vt 0.701889 0.251980
vt 0.701889 0.248020
vt 0.683268 0.263274
vt 0.736726 0.248020
vt 0.797153 0.249252
vt 0.798111 0.248020
vt 0.816732 0.236726
vt 0.797824 0.248998
vt 0.802635 0.292598
vt 0.345729 0.840871
vt 0.654271 0.840870
vt 0.346343 0.821951
vt 0.405873 0.843237
vt 0.653657 0.844049
vt 0.405873 0.822763
vt 0.653657 0.821951
vt 0.346343 0.844049
vt 0.594127 0.822763
vt 0.079803 0.836997
vt 0.012447 0.836880
vt 0.079813 0.678405
vt 0.321451 0.836953
vt 0.254197 0.836997
vt 0.253724 0.678356
vt 0.349576 0.290484
vt 0.650424 0.290484
vt 0.352458 0.023789
vt 0.345000 0.290484
vt 0.647542 0.310211
vt 0.655000 0.043517
vt 0.646569 0.023570
vt 0.352458 0.310211
vt 0.635197 0.028663
vt 0.015116 0.256500
vt 0.224528 0.255880
vt 0.072241 0.256455
vt 0.280758 0.243558
vt 0.015920 0.243561
vt 0.016354 0.090769
vt 0.281951 0.255880
vt 0.148269 0.319356
vt 0.280450 0.243306
vt 0.280854 0.090534
vt 0.349576 0.290484
vt 0.650424 0.290484
vt 0.352458 0.023789
vt 0.647542 0.310211
vt 0.646569 0.023570
vt 0.352458 0.310211
vt 0.635197 0.028663
vt 0.014871 0.255974
vt 0.224374 0.256138
vt 0.072437 0.256212
vt 0.280769 0.243727
vt 0.015770 0.243270
vt 0.016293 0.090795
vt 0.281783 0.256138
vt 0.148646 0.319511
vt 0.280602 0.243044
vt 0.280769 0.090273
vt 0.349576 0.290484
vt 0.352458 0.310211
vt 0.635197 0.028663
vt 0.015116 0.256500
vt 0.224528 0.255880
vt 0.072227 0.256451
vt 0.280882 0.243345
vt 0.015919 0.243561
vt 0.016355 0.090768
vt 0.282145 0.255833
vt 0.148407 0.319471
vt 0.280331 0.243301
vt 0.280991 0.090670
vt 0.349576 0.290484
vt 0.650424 0.290484
vt 0.352458 0.023789
vt 0.647542 0.310211
vt 0.646569 0.023570
vt 0.352458 0.310211
vt 0.345000 0.043517
vt 0.014910 0.256156
vt 0.224374 0.256138
vt 0.072189 0.256163
vt 0.280358 0.243468
vt 0.148156 0.319512
vt 0.015770 0.243270
vt 0.281764 0.256211
vt 0.148218 0.320066
vt 0.280946 0.090548
vt 0.148407 0.014528
vt 0.126725 0.199935
vt 0.056911 0.199748
vt 0.089161 0.199774
vt 0.261634 0.199839
vt 0.187800 0.318792
vt 0.058959 0.056949
vt 0.108023 0.025570
vt 0.167000 0.013729
vt 0.224882 0.025144
vt 0.313542 0.207690
vt 0.032489 0.092995
vt 0.289159 0.260236
vt 0.014572 0.147464
vt 0.146377 0.319285
vt 0.204158 0.316172
vt 0.318920 0.147805
vt 0.025890 0.107572
vt 0.014965 0.185945
vt 0.045411 0.259608
vt 0.020481 0.321252
vt 0.062954 0.321252
vt 0.062920 0.321364
vt 0.025825 0.191253
vt 0.014071 0.173046
vt 0.017521 0.151132
vt 0.065944 0.182881
vt 0.013161 0.161164
vt 0.014589 0.177267
vt 0.021343 0.147243
vt 0.041679 0.195123
vt 0.057690 0.191180
vt 0.070011 0.172822
vt 0.068892 0.156575
vt 0.057923 0.142968
vt 0.036274 0.138519
vt 0.025447 0.190968
vt 0.681751 0.321750
vt 0.687380 0.321737
vt 0.689220 0.321696
vt 0.688858 0.256383
vt 0.683648 0.256883
vt 0.679110 0.246624
vt 0.690511 0.244947
vt 0.690477 0.245007
vt 0.683644 0.243101
vt 0.678595 0.251851
vt 0.690491 0.254985
vt 0.548984 0.833000
vt 0.503780 0.820412
vt 0.624980 0.861088
vt 0.528088 0.845588
vt 0.528088 0.820412
vt 0.582166 0.845588
vt 0.560689 0.947059
vt 0.512226 0.961621
vt 0.418037 0.845588
vt 0.418037 0.820412
vt 0.386712 0.833000
vt 0.527215 0.845588
vt 0.561119 0.719171
vt 0.591800 0.845588
vt 0.390398 0.845588
vt 0.636177 0.760542
vt 0.735498 0.251381
vt 0.817139 0.271616
vt 0.806193 0.294476
vt 0.754901 0.247492
vt 0.709048 0.248245
vt 0.694038 0.294758
vt 0.683543 0.277595
vt 0.777553 0.253370
vt 0.678668 0.256780
vt 0.735954 0.253370
vt 0.686922 0.216008
vt 0.710783 0.246630
vt 0.699088 0.253370
vt 0.725026 0.189708
vt 0.764518 0.248813
vt 0.783642 0.253370
vt 0.787041 0.190369
vt 0.755894 0.178580
vt 0.788330 0.198253
vt 0.787060 0.246630
vt 0.785511 0.247521
vt 0.795159 0.250000
vt 0.801442 0.251558
vt 0.722447 0.253370
vt 0.013161 0.320567
vt 0.014655 0.148148
vt 0.050503 0.320543
vt 0.048899 0.148148
vt 0.013161 0.320567
vt 0.014655 0.148148
vt 0.050127 0.320756
vt 0.048899 0.148148
vt 0.013161 0.320567
vt 0.014655 0.148148
vt 0.050503 0.320543
vt 0.048899 0.148148
vt 0.013161 0.320567
vt 0.014655 0.148148
vt 0.050272 0.320720
vt 0.050273 0.148505
vt 0.107429 0.231312
vt 0.056947 0.231380
vt 0.277232 0.230781
vt 0.056768 0.230781
vt 0.019603 0.197612
vt 0.041387 0.084359
vt 0.058721 0.275279
vt 0.308532 0.108375
vt 0.315013 0.195296
vt 0.138706 0.314829
vt 0.167000 0.319904
vt 0.249793 0.292853
vt 0.292832 0.084226
vt 0.138760 0.018947
vt 0.042342 0.082279
vt 0.019264 0.195128
vt 0.056343 0.238074
vt 0.107104 0.238019
vt 0.167000 0.238074
vt 0.277863 0.237386
vt 0.226831 0.238424
vt 0.314697 0.136393
vt 0.249343 0.293453
vt 0.310201 0.226316
vt 0.276602 0.276602
vt 0.083360 0.040052
vt 0.018671 0.194823
vt 0.082072 0.291872
vt 0.390767 0.321212
vt 0.360282 0.321151
vt 0.360317 0.321262
vt 0.350743 0.319446
vt 0.405731 0.166981
vt 0.368123 0.195053
vt 0.355038 0.146464
vt 0.375530 0.137038
vt 0.383021 0.195089
vt 0.401543 0.151962
vt 0.383148 0.138940
vt 0.347492 0.159401
vt 0.878867 0.321198
vt 0.853087 0.321267
vt 0.878867 0.321198
vt 0.847881 0.224376
vt 0.856643 0.205991
vt 0.868101 0.204227
vt 0.868349 0.295663
vt 0.853511 0.288902
vt 0.845088 0.259412
vt 0.880711 0.276170
vt 0.884393 0.250000
vt 0.872029 0.206323
vt 0.880845 0.224354
vt 0.844337 0.250000
vt 0.847865 0.275666
vt 0.868087 0.295786
vt 0.107490 0.196949
vt 0.056973 0.196725
vt 0.252811 0.196869
vt 0.042261 0.251842
vt 0.018746 0.138810
vt 0.308931 0.108210
vt 0.315357 0.195190
vt 0.138791 0.315294
vt 0.136232 0.019389
vt 0.136369 0.314575
vt 0.249725 0.293128
vt 0.084266 0.040925
vt 0.293282 0.084160
vt 0.040789 0.249811
vt 0.315314 0.195215
vt 0.136369 0.314575
vt 0.040789 0.249811
vt 0.350440 0.321560
vt 0.375270 0.321560
vt 0.377900 0.173066
vt 0.368929 0.182044
vt 0.375244 0.321590
vt 0.377874 0.173123
vt 0.368944 0.182028
vt 0.375270 0.321560
vt 0.377869 0.173122
vt 0.350466 0.321590
vt 0.375244 0.321590
vt 0.377870 0.173121
vt 0.368944 0.182028
vt 0.132644 0.196093
vt 0.320629 0.191670
vt 0.319473 0.197648
vt 0.131418 0.137878
vt 0.319473 0.136352
vt 0.201056 0.013000
vt 0.132944 0.013000
vt 0.346457 0.320848
vt 0.461109 0.320537
vt 0.346482 0.156311
vt 0.482263 0.320537
vt 0.596915 0.320848
vt 0.595659 0.156182
vt 0.012649 0.321550
vt 0.133867 0.321659
vt 0.012727 0.164099
vt 0.139394 0.321659
vt 0.260613 0.321550
vt 0.260534 0.164099
vt 0.246250 0.492500
vt 0.392354 0.885739
vt 0.607368 0.885809
vt 0.447012 0.963495
vt 0.552740 0.963813
vt 0.630282 0.780152
vt 0.369484 0.885535
vt 0.447185 0.702082
vt 0.391971 0.885642
vt 0.607878 0.885452
vt 0.446992 0.963673
vt 0.552833 0.963751
vt 0.391864 0.885119
vt 0.392043 0.885339
vt 0.393857 0.885801
vt 0.391671 0.724913
vt 0.630503 0.886167
vt 0.445215 0.962465
vt 0.630105 0.887782
vt 0.554709 0.703588
vt 0.369975 0.777949
vt 0.499854 0.885754
vt 0.392356 0.885739
vt 0.554937 0.885518
vt 0.391803 0.724720
vt 0.630691 0.885924
vt 0.630561 0.780086
vt 0.358869 0.978328
vt 0.627453 0.978328
vt 0.639421 0.978328
vt 0.346387 0.984498
vt 0.629354 0.687672
vt 0.346775 0.679775
vt 0.356968 0.687672
vt 0.639547 0.679775
vt 0.641322 0.687672
vt 0.639547 0.986225
vt 0.345966 0.320891
vt 0.482852 0.320804
vt 0.346018 0.158742
vt 0.499716 0.320980
vt 0.636927 0.320805
vt 0.636686 0.158415
vt 0.685112 0.792651
vt 0.781363 0.791131
vt 0.685236 0.685957
vt 0.883310 0.792075
vt 0.781363 0.791131
vt 0.780815 0.791008
vt 0.685112 0.792651
vt 0.883310 0.792075
vt 0.781363 0.791131
vt 0.685236 0.685957
vt 0.884636 0.791131
vt 0.781363 0.791131
vt 0.780815 0.791008
vt 0.685113 0.792652
vt 0.685236 0.685957
vt 0.883310 0.792075
vt 0.780815 0.791008
vt 0.685113 0.792651
vt 0.685236 0.685957
vt 0.883310 0.792075
vt 0.135953 0.986739
vt 0.012891 0.986900
vt 0.136173 0.702736
vt 0.273140 0.986881
vt 0.149993 0.986739
vt 0.149774 0.702736
vt 0.593420 0.103222
vt 0.589930 0.012000
vt 0.593480 0.099672
vt 0.345666 0.234615
vt 0.406476 0.012798
vt 0.653426 0.099498
vt 0.405619 0.317652
vt 0.406359 0.234615
vt 0.406359 0.234616
vt 0.654334 0.234616
vt 0.654385 0.184750
vt 0.590085 0.104235
vt 0.587281 0.012000
vt 0.409831 0.012641
vt 0.590133 0.101382
vt 0.409737 0.232854
vt 0.409737 0.232854
vt 0.654506 0.184496
vt 0.587281 0.321313
vt 0.375452 0.174959
vt 0.345884 0.175109
vt 0.375683 0.012746
vt 0.653966 0.175251
vt 0.374862 0.175410
vt 0.625426 0.012991
vt 0.495250 0.879615
vt 0.345546 0.879712
vt 0.495399 0.678480
vt 0.654259 0.879823
vt 0.505369 0.879767
vt 0.505331 0.678708
vt 0.498020 0.206794
vt 0.345251 0.206839
vt 0.498082 0.012200
vt 0.654772 0.206834
vt 0.502185 0.206905
vt 0.502216 0.012278
vt 0.164200 0.169866
vt 0.012256 0.169799
vt 0.164205 0.012232
vt 0.321744 0.169799
vt 0.169592 0.169753
vt 0.169529 0.012204
vt 0.164200 0.169866
vt 0.012315 0.169841
vt 0.164205 0.012232
vt 0.169800 0.169866
vt 0.169529 0.012204
vt 0.015978 0.212451
vt 0.224721 0.211826
vt 0.073450 0.212278
vt 0.280433 0.243063
vt 0.148895 0.318860
vt 0.017197 0.243336
vt 0.282255 0.211878
vt 0.148889 0.319493
vt 0.280956 0.090805
vt 0.149184 0.015074
vt 0.015672 0.211843
vt 0.224852 0.211761
vt 0.073207 0.211613
vt 0.280382 0.243132
vt 0.148573 0.318812
vt 0.016974 0.242951
vt 0.281808 0.212326
vt 0.148737 0.319560
vt 0.280397 0.242688
vt 0.280520 0.091134
vt 0.345276 0.756643
vt 0.498045 0.756621
vt 0.345281 0.715403
vt 0.502007 0.756584
vt 0.654724 0.756643
vt 0.654759 0.715480
vt 0.595795 0.860840
vt 0.348494 0.860880
vt 0.403868 0.680822
vt 0.652221 0.860837
vt 0.593009 0.860260
vt 0.595355 0.680517
vt 0.404205 0.680773
vt 0.651841 0.861235
vt 0.593009 0.860260
vt 0.595355 0.680517
vt 0.595305 0.861105
vt 0.347955 0.860903
vt 0.404034 0.681469
vt 0.652178 0.861284
vt 0.595688 0.860947
vt 0.595685 0.680779
vt 0.376561 0.315110
vt 0.604926 0.315110
vt 0.345988 0.014495
vt 0.375207 0.018890
vt 0.376471 0.320736
vt 0.605015 0.320736
vt 0.575085 0.014495
vt 0.375987 0.149899
vt 0.624013 0.149899
vt 0.654269 0.149899
vt 0.376448 0.120437
vt 0.375256 0.149899
vt 0.623552 0.153051
vt 0.624239 0.121342
vt 0.346347 0.260955
vt 0.624211 0.121216
vt 0.375256 0.123589
vt 0.345874 0.986996
vt 0.585211 0.986996
vt 0.345393 0.678993
vt 0.585093 0.841163
vt 0.473705 0.678992
vt 0.585093 0.824837
vt 0.345992 0.824837
vt 0.473560 0.985259
vt 0.473106 0.987607
vt 0.585093 0.824837
vt 0.345992 0.824837
vt 0.345715 0.984362
vt 0.547088 0.984362
vt 0.457043 0.984362
vt 0.546638 0.987444
vt 0.547309 0.679440
vt 0.436362 0.933880
vt 0.547282 0.679317
vt 0.456441 0.678522
vt 0.444819 0.321480
vt 0.345367 0.321547
vt 0.444909 0.064579
vt 0.550094 0.321539
vt 0.450992 0.321539
vt 0.450899 0.064619
vt 0.496250 0.492500
vt 0.162613 0.174451
vt 0.012378 0.174519
vt 0.162706 0.012301
vt 0.321622 0.174519
vt 0.171387 0.174451
vt 0.171294 0.012301
vt 0.162613 0.174451
vt 0.012378 0.174519
vt 0.162706 0.012301
vt 0.321622 0.174519
vt 0.171387 0.174451
vt 0.171294 0.012301
vt 0.015731 0.212073
vt 0.224497 0.212203
vt 0.073222 0.211922
vt 0.280608 0.242742
vt 0.149113 0.318726
vt 0.016989 0.243207
vt 0.282258 0.212218
vt 0.148814 0.319355
vt 0.280848 0.090476
vt 0.148829 0.015117
vt 0.015508 0.211699
vt 0.224852 0.211761
vt 0.073460 0.212365
vt 0.280847 0.243525
vt 0.016974 0.242951
vt 0.148747 0.014713
vt 0.282128 0.211821
vt 0.148889 0.319493
vt 0.280956 0.090623
vt 0.017027 0.091030
vt 0.015887 0.212111
vt 0.224497 0.212203
vt 0.073221 0.211922
vt 0.280608 0.242742
vt 0.016989 0.243207
vt 0.282258 0.212218
vt 0.148814 0.319355
vt 0.280955 0.090623
vt 0.149113 0.015275
vt 0.015508 0.211699
vt 0.224497 0.212203
vt 0.073460 0.212365
vt 0.016989 0.243208
vt 0.282128 0.211821
vt 0.148889 0.319493
vt 0.280848 0.090476
vt 0.016758 0.091051
vt 0.052218 0.158583
vt 0.281782 0.158583
vt 0.054189 0.089463
vt 0.280309 0.168668
vt 0.284122 0.099661
vt 0.280309 0.089575
vt 0.054189 0.168780
vt 0.049878 0.099661
vt 0.678386 0.231602
vt 0.700140 0.231610
vt 0.678417 0.178455
vt 0.799860 0.231610
vt 0.821210 0.231540
vt 0.821516 0.178351
vt 0.052218 0.158583
vt 0.319661 0.158583
vt 0.280309 0.168668
vt 0.282506 0.092470
vt 0.016310 0.244537
vt 0.282415 0.092067
vt 0.799860 0.231610
vt 0.821210 0.231540
vt 0.134883 0.764530
vt 0.308660 0.853794
vt 0.184106 0.973502
vt 0.313952 0.857113
vt 0.184669 0.981550
vt 0.802145 0.764089
vt 0.802145 0.764089
vt 0.976819 0.852960
vt 0.851678 0.975849
vt 0.981255 0.855743
vt 0.852150 0.982594
vt 0.137421 0.097644
vt 0.137421 0.097644
vt 0.313004 0.186117
vt 0.187268 0.312223
vt 0.316573 0.188356
vt 0.187648 0.317650
vt 0.218426 0.844827
vt 0.209416 0.855033
vt 0.205615 0.838849
vt 0.147289 0.802525
vt 0.012000 0.813113
vt 0.141817 0.690358
vt 0.024358 0.812756
vt 0.142092 0.690495
vt 0.441085 0.321576
vt 0.345436 0.321462
vt 0.441095 0.067520
vt 0.544315 0.321462
vt 0.448665 0.321576
vt 0.448204 0.067472
vt 0.162988 0.197065
vt 0.012567 0.197019
vt 0.162998 0.012418
vt 0.321433 0.197019
vt 0.171012 0.197065
vt 0.171002 0.012418
vt 0.348886 0.864577
vt 0.557928 0.864585
vt 0.406407 0.864381
vt 0.613330 0.909198
vt 0.482185 0.984926
vt 0.350205 0.909279
vt 0.615104 0.864381
vt 0.481737 0.985559
vt 0.613848 0.756476
vt 0.482043 0.681141
vt 0.348731 0.864540
vt 0.406451 0.864744
vt 0.482048 0.985493
vt 0.348749 0.864545
vt 0.557253 0.864717
vt 0.406451 0.864744
vt 0.613434 0.909063
vt 0.482113 0.984726
vt 0.349810 0.909023
vt 0.615255 0.864345
vt 0.482125 0.985354
vt 0.613755 0.756422
vt 0.481825 0.681275
vt 0.348625 0.864514
vt 0.481895 0.681141
s 0
usemtl factory
f 15/1/1 2/2/1 12/3/1
f 18/4/2 11/5/2 17/6/2
f 9/7/3 14/8/3 20/9/3
f 4/10/4 6/11/4 2/12/4
f 10/13/5 17/14/5 7/15/5
f 1/16/6 6/17/6 8/18/6
f 9/7/7 4/19/7 3/20/7
f 8/21/8 17/14/8 16/22/8
f 20/23/9 10/13/9 9/24/9
f 17/6/10 19/25/10 18/4/10
f 16/26/11 11/27/11 13/28/11
f 14/8/12 18/29/12 20/9/12
f 13/30/13 2/2/13 1/31/13
f 3/32/14 15/1/14 14/33/14
f 16/26/15 1/16/15 8/18/15
f 26/34/16 21/35/16 25/36/16
f 28/37/17 25/38/17 27/39/17
f 24/40/18 26/41/18 28/42/18
f 22/43/19 23/44/19 21/45/19
f 24/46/20 27/47/20 23/48/20
f 27/49/21 21/50/21 23/51/21
f 34/52/22 29/53/22 33/54/22
f 36/55/23 33/56/23 35/57/23
f 32/58/24 34/59/24 36/60/24
f 30/61/25 31/62/25 29/63/25
f 32/64/26 35/65/26 31/66/26
f 35/67/27 29/68/27 31/69/27
f 48/70/28 38/71/28 46/72/28
f 52/73/29 45/74/29 50/75/29
f 43/76/30 47/77/30 51/78/30
f 39/79/31 41/80/31 38/81/31
f 44/82/32 50/83/32 42/84/32
f 37/85/33 41/86/33 42/87/33
f 43/76/34 39/88/34 40/89/34
f 42/84/35 50/83/35 49/90/35
f 51/78/36 44/82/36 43/76/36
f 50/83/37 51/78/37 52/91/37
f 49/92/38 45/93/38 46/72/38
f 47/77/39 52/91/39 51/78/39
f 46/72/40 38/71/40 37/85/40
f 40/94/41 48/70/41 47/95/41
f 49/92/42 37/85/42 42/87/42
f 58/96/43 53/97/43 57/98/43
f 60/99/44 57/100/44 59/101/44
f 56/102/45 58/103/45 60/104/45
f 54/105/46 55/106/46 53/107/46
f 56/102/47 59/108/47 55/109/47
f 59/110/48 53/97/48 55/111/48
s 1
f 76/112/49 61/113/50 75/114/51
f 66/115/52 67/116/53 65/117/54
f 68/118/55 69/119/56 67/120/53
f 70/121/57 71/122/58 69/119/56
f 72/123/59 73/124/60 71/122/58
f 74/125/61 75/126/51 73/124/60
f 64/127/62 65/117/54 63/128/63
f 68/129/55 66/130/52 74/131/61
f 62/132/64 63/128/63 61/113/50
f 67/133/53 71/134/58 75/135/51
f 92/136/49 77/137/65 91/138/51
f 82/139/52 83/140/53 81/141/54
f 84/142/55 85/143/56 83/144/53
f 86/145/57 87/146/58 85/143/56
f 88/147/59 89/148/66 87/146/58
f 90/149/61 91/150/51 89/148/66
f 80/151/62 81/141/54 79/152/63
f 84/153/55 82/154/52 90/155/61
f 78/156/64 79/152/63 77/137/65
f 83/157/53 87/158/58 91/159/51
f 108/160/49 93/161/50 107/162/51
f 98/163/52 99/164/53 97/165/54
f 100/166/55 101/167/67 99/168/53
f 102/169/57 103/170/58 101/167/67
f 104/171/59 105/172/60 103/170/58
f 106/173/61 107/174/51 105/172/60
f 96/175/62 97/165/54 95/176/63
f 100/177/55 98/178/52 106/179/61
f 94/180/64 95/176/63 93/161/50
f 99/181/53 103/182/58 107/183/51
s 0
f 120/184/28 110/185/28 118/186/28
f 123/187/68 117/188/68 122/189/68
f 115/190/69 119/191/69 124/192/69
f 112/193/70 113/194/70 110/195/70
f 116/82/32 122/196/32 114/197/32
f 109/198/33 113/199/33 114/200/33
f 115/190/71 112/201/71 111/89/71
f 114/197/72 122/196/72 121/202/72
f 124/192/73 116/82/73 115/190/73
f 122/189/74 124/203/74 123/187/74
f 121/204/38 117/93/38 118/186/38
f 119/191/75 123/205/75 124/192/75
f 118/186/76 110/185/76 109/198/76
f 111/206/77 120/184/77 119/207/77
f 121/204/42 109/198/42 114/200/42
f 130/208/43 125/209/43 129/210/43
f 132/211/78 129/212/78 131/213/78
f 128/214/45 130/215/45 132/216/45
f 126/217/79 127/218/79 125/219/79
f 128/214/47 131/220/47 127/221/47
f 131/222/48 125/209/48 127/223/48
s 1
f 148/224/49 133/225/65 147/226/51
f 138/227/52 139/228/53 137/229/54
f 140/230/55 141/231/67 139/232/53
f 142/233/57 143/234/58 141/231/67
f 144/235/59 145/236/66 143/234/58
f 146/237/61 147/238/51 145/236/66
f 136/239/62 137/229/54 135/240/63
f 140/241/55 138/242/52 146/243/61
f 134/244/64 135/240/63 133/225/65
f 139/245/53 143/246/58 147/247/51
f 164/248/49 149/249/65 163/250/51
f 154/251/52 155/252/53 153/253/54
f 156/254/55 157/255/56 155/256/53
f 158/257/57 159/258/58 157/255/56
f 160/259/59 161/260/66 159/258/58
f 162/261/61 163/262/51 161/260/66
f 152/263/62 153/253/54 151/264/63
f 156/265/55 154/266/52 162/267/61
f 150/268/64 151/264/63 149/249/65
f 155/269/53 159/270/58 163/271/51
f 180/272/49 165/273/50 179/274/51
f 170/275/52 171/276/53 169/277/54
f 172/278/55 173/279/67 171/280/53
f 174/281/57 175/282/58 173/279/67
f 176/283/59 177/284/66 175/282/58
f 178/285/61 179/286/51 177/284/66
f 168/287/62 169/277/54 167/288/63
f 172/289/55 170/290/52 178/291/61
f 166/292/64 167/288/63 165/273/50
f 171/293/53 175/294/58 179/295/51
s 0
f 192/296/80 182/297/80 190/298/80
f 195/299/81 189/300/81 194/301/81
f 187/302/82 191/303/82 196/304/82
f 183/305/83 185/306/83 182/307/83
f 188/308/84 194/309/84 186/310/84
f 181/311/85 185/312/85 186/313/85
f 187/302/86 183/314/86 184/315/86
f 186/310/87 194/309/87 193/316/87
f 196/317/88 188/308/88 187/318/88
f 194/301/74 196/319/74 195/299/74
f 193/320/89 189/321/89 190/322/89
f 191/303/90 195/323/90 196/304/90
f 190/298/91 182/297/91 181/324/91
f 184/325/92 192/296/92 191/326/92
f 193/320/93 181/311/93 186/313/93
f 202/327/94 197/328/94 201/329/94
f 204/330/95 201/331/95 203/332/95
f 200/333/96 202/334/96 204/335/96
f 198/336/97 199/337/97 197/338/97
f 200/339/98 203/340/98 199/341/98
f 203/342/99 197/343/99 199/344/99
f 210/345/94 205/328/94 209/346/94
f 212/347/95 209/348/95 211/349/95
f 208/350/96 210/351/96 212/352/96
f 206/353/97 207/354/97 205/355/97
f 208/356/98 211/357/98 207/358/98
f 211/359/99 205/343/99 207/360/99
f 224/296/80 214/297/80 222/298/80
f 227/299/81 221/300/81 226/301/81
f 219/361/82 223/362/82 228/304/82
f 215/363/83 217/364/83 214/307/83
f 220/308/84 226/309/84 218/310/84
f 213/365/85 217/312/85 218/313/85
f 219/361/86 215/314/86 216/315/86
f 218/310/87 226/309/87 225/316/87
f 228/317/88 220/308/88 219/318/88
f 226/301/100 228/319/100 227/299/100
f 225/366/89 221/367/89 222/322/89
f 223/362/90 227/368/90 228/304/90
f 222/298/91 214/297/91 213/324/91
f 216/325/92 224/296/92 223/326/92
f 225/366/93 213/365/93 218/313/93
f 234/369/94 229/370/94 233/371/94
f 236/372/95 233/373/95 235/374/95
f 232/375/96 234/376/96 236/377/96
f 230/378/97 231/379/97 229/380/97
f 232/381/98 235/382/98 231/383/98
f 235/384/99 229/385/99 231/386/99
f 242/387/94 237/388/94 241/389/94
f 244/390/95 241/391/95 243/392/95
f 240/393/96 242/376/96 244/394/96
f 238/395/97 239/396/97 237/397/97
f 240/398/98 243/382/98 239/399/98
f 243/400/99 237/401/99 239/402/99
f 266/403/101 246/404/101 262/405/101
f 273/403/102 261/404/102 272/406/102
f 257/407/103 265/408/103 276/409/103
f 250/410/104 253/405/104 248/411/104
f 258/410/105 270/405/105 255/412/105
f 250/410/106 251/413/106 249/414/106
f 245/415/107 254/416/107 256/417/107
f 247/418/108 253/405/108 254/419/108
f 252/420/109 248/411/109 246/404/109
f 259/421/110 250/410/110 249/414/110
f 255/412/111 260/422/111 258/410/111
f 256/417/112 271/423/112 269/424/112
f 256/425/113 270/405/113 271/426/113
f 276/409/114 259/427/114 257/407/114
f 276/428/115 258/410/115 259/429/115
f 272/406/116 275/430/116 273/403/116
f 269/424/117 263/431/117 264/432/117
f 271/426/118 261/404/118 263/433/118
f 265/408/119 274/434/119 276/409/119
f 267/435/120 273/403/120 274/436/120
f 262/405/121 268/437/121 266/403/121
f 264/432/122 247/438/122 245/415/122
f 264/439/123 246/404/123 247/418/123
f 249/440/124 267/441/124 265/408/124
f 251/413/125 266/403/125 267/442/125
f 269/424/126 245/415/126 256/417/126
f 282/443/127 277/444/127 281/445/127
f 284/446/128 281/447/128 283/448/128
f 280/449/129 282/450/129 284/451/129
f 278/452/130 279/453/130 277/444/130
f 280/454/131 283/448/131 279/455/131
f 283/456/132 277/457/132 279/458/132
s 1
f 316/459/133 285/460/134 315/461/135
f 289/462/136 291/463/137 290/464/138
f 292/465/139 293/466/140 291/463/137
f 294/467/141 295/468/142 293/466/140
f 296/469/143 297/470/144 295/468/142
f 298/471/145 299/472/146 297/473/144
f 300/474/147 301/475/148 299/472/146
f 302/476/149 303/477/150 301/475/148
f 304/478/151 305/479/152 303/477/150
f 306/480/153 307/481/154 305/479/152
f 308/482/155 309/483/156 307/481/154
f 310/484/157 311/485/158 309/483/156
f 312/486/159 314/487/160 311/485/158
f 313/488/161 315/461/135 314/489/160
f 288/490/162 290/464/138 287/491/163
f 306/492/153 296/493/143 289/494/136
f 286/495/164 287/491/163 285/460/134
f 291/496/137 293/497/140 290/498/138
f 307/499/154 309/500/156 305/501/152
f 315/502/135 285/503/134 314/504/160
f 290/498/138 299/505/146 305/501/152
f 328/506/165 317/507/166 327/508/167
f 322/509/168 323/510/169 321/511/170
f 324/512/171 325/513/172 323/510/169
f 326/514/173 327/515/167 325/516/172
f 320/517/174 321/518/170 319/519/175
f 324/520/171 322/521/168 318/522/176
f 318/523/176 319/524/175 317/507/166
f 323/525/169 325/526/172 327/527/167
s 0
f 350/403/177 330/404/177 347/528/177
f 358/403/102 345/404/102 356/529/102
f 341/407/178 349/408/178 357/530/178
f 333/410/104 338/405/104 332/531/104
f 342/410/105 354/405/105 340/411/105
f 338/405/179 339/532/179 337/439/179
f 358/403/180 359/533/180 357/428/180
f 331/534/181 338/405/181 337/439/181
f 336/535/182 332/531/182 330/404/182
f 341/407/183 335/536/183 334/537/183
f 343/538/184 333/410/184 335/539/184
f 340/411/111 344/422/111 342/410/111
f 337/540/185 355/541/185 353/424/185
f 339/542/186 354/405/186 355/543/186
f 357/530/187 343/544/187 341/407/187
f 359/533/188 342/410/188 343/545/188
f 356/529/116 360/546/116 358/403/116
f 353/424/189 346/547/189 348/548/189
f 355/543/190 345/404/190 346/549/190
f 351/550/191 358/403/191 357/428/191
f 347/528/192 352/437/192 350/403/192
f 348/548/122 331/551/122 329/415/122
f 348/439/123 330/404/123 331/534/123
f 334/537/193 351/552/193 349/408/193
f 334/414/194 350/403/194 351/553/194
f 353/424/195 329/415/195 337/540/195
f 366/554/127 361/555/127 365/556/127
f 368/557/128 365/558/128 367/559/128
f 364/560/129 366/561/129 368/562/129
f 362/563/130 363/564/130 361/555/130
f 364/565/131 367/559/131 363/566/131
f 367/567/132 361/568/132 363/569/132
s 1
f 400/459/196 369/570/197 399/571/198
f 374/572/199 375/573/200 373/574/201
f 376/575/202 377/576/203 375/573/200
f 378/577/204 379/578/205 377/576/203
f 380/579/206 381/580/207 379/578/205
f 382/581/208 383/582/209 381/583/207
f 384/584/210 385/460/148 383/582/209
f 386/585/211 387/586/212 385/460/148
f 388/587/213 389/588/214 387/586/212
f 390/589/215 391/590/216 389/588/214
f 392/482/217 393/591/218 391/590/216
f 394/577/219 395/592/220 393/591/218
f 396/486/221 397/593/222 395/592/220
f 398/594/223 399/571/198 397/595/222
f 370/596/224 373/574/201 372/597/225
f 390/598/215 382/599/208 370/600/224
f 371/601/226 372/597/225 369/570/197
f 399/502/198 369/602/197 397/603/222
f 371/604/226 400/605/196 370/600/224
f 375/606/200 383/607/209 391/608/216
f 412/609/165 401/610/166 411/611/167
f 406/612/168 407/613/169 405/614/170
f 408/615/171 409/616/172 407/613/169
f 410/617/173 411/618/167 409/619/172
f 404/620/174 405/621/170 403/622/175
f 408/623/171 406/624/168 402/625/176
f 402/626/176 403/627/175 401/610/166
f 407/628/169 409/629/172 411/630/167
s 0
f 434/403/177 414/404/177 432/528/177
f 441/403/102 430/404/102 440/631/102
f 425/407/103 433/408/103 444/409/103
f 418/410/104 421/405/104 416/632/104
f 426/410/105 438/405/105 423/632/105
f 418/410/106 419/413/106 417/414/106
f 430/404/227 431/633/227 429/425/227
f 413/415/107 422/634/107 424/635/107
f 415/636/108 421/405/108 422/637/108
f 420/638/182 416/632/182 414/404/182
f 427/436/110 418/410/110 417/414/110
f 423/632/111 428/422/111 426/410/111
f 424/635/112 439/639/112 437/424/112
f 424/425/113 438/405/113 439/640/113
f 444/409/114 427/641/114 425/407/114
f 444/428/115 426/410/115 427/642/115
f 440/631/116 443/643/116 441/403/116
f 439/640/228 430/404/228 429/425/228
f 433/408/119 442/644/119 444/409/119
f 435/645/120 441/403/120 442/646/120
f 432/528/192 436/437/192 434/403/192
f 429/647/229 415/648/229 413/415/229
f 431/649/230 414/404/230 415/636/230
f 417/650/124 435/651/124 433/408/124
f 419/413/125 434/403/125 435/652/125
f 437/424/126 413/415/126 424/635/126
f 450/653/127 445/654/127 449/655/127
f 452/656/128 449/657/128 451/448/128
f 448/658/129 450/659/129 452/660/129
f 446/661/130 447/564/130 445/654/130
f 448/662/131 451/448/131 447/663/131
f 451/664/132 445/665/132 447/666/132
s 1
f 484/667/231 453/668/232 483/669/233
f 458/670/234 459/671/235 457/672/236
f 460/673/237 461/591/238 459/671/235
f 462/577/239 463/674/240 461/591/238
f 464/459/241 465/595/242 463/674/240
f 466/675/243 467/676/244 465/593/242
f 468/486/245 469/570/246 467/676/244
f 470/677/247 471/678/248 469/570/246
f 472/587/249 473/679/250 471/678/248
f 475/680/251 476/681/252 473/679/250
f 474/682/253 477/576/254 476/681/252
f 478/577/255 479/683/256 477/576/254
f 480/684/257 481/583/258 479/683/256
f 482/685/259 483/669/233 481/580/258
f 456/686/260 457/672/236 455/687/261
f 474/688/253 466/689/243 458/690/234
f 454/691/262 455/687/261 453/668/232
f 467/692/244 469/693/246 465/694/242
f 475/695/251 472/696/249 474/688/253
f 459/697/235 465/694/242 476/698/252
f 496/699/165 485/700/166 495/701/167
f 490/702/168 491/703/169 489/704/170
f 492/705/171 493/706/172 491/703/169
f 494/707/173 495/708/167 493/709/172
f 488/710/174 489/711/170 487/712/175
f 492/713/171 490/714/168 486/715/176
f 486/716/176 487/717/175 485/700/166
f 491/718/169 493/719/172 495/720/167
s 0
f 518/403/177 498/404/177 515/721/177
f 526/403/102 513/404/102 524/528/102
f 509/407/178 517/408/178 525/722/178
f 501/410/104 505/405/104 500/723/104
f 510/410/263 522/405/263 506/404/263
f 526/403/180 527/442/180 525/428/180
f 497/415/264 507/724/264 508/725/264
f 499/726/265 505/405/265 507/727/265
f 504/728/182 500/723/182 498/404/182
f 509/407/183 503/729/183 502/537/183
f 511/730/184 501/410/184 503/731/184
f 506/404/266 512/422/266 510/410/266
f 508/725/112 523/732/112 521/424/112
f 508/425/113 522/405/113 523/543/113
f 525/722/187 511/733/187 509/407/187
f 527/442/188 510/410/188 511/734/188
f 524/528/267 528/430/267 526/403/267
f 521/424/189 514/735/189 516/736/189
f 523/543/190 513/404/190 514/737/190
f 519/738/191 526/403/191 525/428/191
f 515/721/192 520/437/192 518/403/192
f 516/736/122 499/739/122 497/415/122
f 516/439/123 498/404/123 499/726/123
f 502/537/193 519/740/193 517/408/193
f 502/414/194 518/403/194 519/741/194
f 521/424/126 497/415/126 508/725/126
f 534/742/127 529/743/127 533/744/127
f 536/745/128 533/746/128 535/747/128
f 532/748/129 534/749/129 536/750/129
f 530/751/130 531/752/130 529/743/130
f 532/753/131 535/747/131 531/754/131
f 535/755/132 529/756/132 531/757/132
s 1
f 568/758/231 537/475/232 567/759/268
f 542/760/269 543/761/270 541/762/271
f 544/673/272 545/483/273 543/761/270
f 546/484/274 547/763/275 545/483/273
f 548/459/276 550/489/277 547/763/275
f 549/764/278 551/765/279 550/487/277
f 552/486/280 553/766/281 551/765/279
f 554/767/282 555/768/283 553/766/281
f 556/478/284 558/769/285 555/768/283
f 557/770/286 559/771/287 558/769/285
f 560/772/288 561/466/289 559/771/287
f 562/467/290 563/491/291 561/466/289
f 564/773/292 565/473/293 563/491/291
f 566/774/294 567/759/268 565/470/293
f 540/775/295 541/762/271 539/776/296
f 557/777/286 549/778/278 542/779/269
f 538/780/297 539/776/296 537/475/232
f 543/496/270 545/781/273 541/782/271
f 551/692/279 553/783/281 550/784/277
f 559/499/287 561/785/289 558/786/285
f 541/782/271 550/784/277 558/786/285
f 580/787/165 569/788/166 579/789/167
f 574/790/168 575/791/169 573/792/170
f 576/793/171 577/794/172 575/791/169
f 578/795/173 579/796/167 577/797/172
f 572/798/174 573/799/170 571/800/175
f 576/801/171 574/802/168 570/803/176
f 570/804/176 571/805/175 569/788/166
f 575/806/169 577/807/172 579/808/167
s 0
f 592/809/298 582/810/298 589/811/298
f 595/812/299 590/813/299 594/814/299
f 587/815/300 591/816/300 596/817/300
f 583/818/301 585/819/301 582/810/301
f 588/820/302 594/814/302 586/821/302
f 581/822/303 585/823/303 586/824/303
f 587/815/304 583/825/304 584/826/304
f 586/821/305 594/814/305 593/827/305
f 596/828/306 588/820/306 587/829/306
f 594/814/307 596/828/307 595/812/307
f 593/830/308 590/831/308 589/832/308
f 591/816/309 595/833/309 596/817/309
f 589/811/310 582/810/310 581/834/310
f 584/835/311 592/809/311 591/836/311
f 593/830/312 581/822/312 586/824/312
f 602/837/313 597/838/313 601/839/313
f 604/840/314 601/841/314 603/842/314
f 600/843/315 602/844/315 604/845/315
f 598/846/316 599/847/316 597/848/316
f 600/849/317 603/850/317 599/851/317
f 603/852/318 597/853/318 599/854/318
f 616/855/319 606/856/319 613/857/319
f 619/858/320 614/859/320 618/860/320
f 611/861/321 615/862/321 620/863/321
f 607/864/322 609/865/322 606/856/322
f 612/866/323 618/860/323 610/867/323
f 605/868/324 609/869/324 610/870/324
f 611/861/325 607/871/325 608/872/325
f 610/867/326 618/860/326 617/873/326
f 620/874/327 612/866/327 611/875/327
f 618/860/307 620/874/307 619/858/307
f 617/876/328 614/877/328 613/878/328
f 615/862/329 619/879/329 620/863/329
f 613/857/330 606/856/330 605/880/330
f 608/881/331 616/855/331 615/882/331
f 617/876/332 605/868/332 610/870/332
s 1
f 632/883/333 621/884/334 631/885/335
f 626/886/336 627/887/337 625/888/338
f 628/889/339 629/890/340 627/887/337
f 630/891/341 631/892/335 629/893/340
f 624/894/342 625/895/338 623/896/343
f 630/897/341 628/898/339 626/899/336
f 622/900/344 623/901/343 621/884/334
f 629/902/340 631/903/335 623/904/343
f 644/905/345 633/906/346 643/907/347
f 638/908/348 639/909/349 637/910/350
f 640/911/351 641/912/352 639/909/349
f 642/913/353 643/914/347 641/915/352
f 636/916/354 637/917/350 635/918/355
f 640/919/351 638/920/348 634/921/356
f 634/922/356 635/923/355 633/906/346
f 639/924/349 641/925/352 643/926/347
f 656/927/345 645/928/346 655/929/347
f 650/930/348 651/931/349 649/932/350
f 652/911/351 653/933/352 651/931/349
f 654/934/353 655/935/347 653/936/352
f 648/937/354 649/938/350 647/939/355
f 652/919/351 650/920/348 646/940/356
f 646/941/356 647/942/355 645/928/346
f 651/924/349 653/925/352 655/943/347
s 0
f 668/944/357 658/945/357 666/946/357
f 671/947/358 665/948/358 670/949/358
f 663/950/300 667/951/300 672/952/300
f 659/953/301 661/954/301 658/945/301
f 664/955/302 670/949/302 662/956/302
f 657/957/303 661/958/303 662/824/303
f 663/950/304 659/959/304 660/960/304
f 662/956/305 670/949/305 669/961/305
f 672/962/306 664/955/306 663/963/306
f 670/949/307 672/962/307 671/947/307
f 669/964/359 665/965/359 666/832/359
f 667/951/309 671/966/309 672/952/309
f 666/946/360 658/945/360 657/967/360
f 660/968/361 668/944/361 667/969/361
f 669/964/312 657/957/312 662/824/312
f 678/970/313 673/971/313 677/972/313
f 680/973/314 677/974/314 679/975/314
f 676/976/315 678/977/315 680/978/315
f 674/979/316 675/980/316 673/981/316
f 676/982/317 679/983/317 675/984/317
f 679/852/318 673/985/318 675/986/318
f 692/855/319 682/987/319 689/988/319
f 695/989/320 690/990/320 694/991/320
f 687/992/321 691/993/321 696/994/321
f 683/995/362 685/996/362 682/987/362
f 688/866/363 694/991/363 685/997/363
f 681/998/364 685/996/364 686/999/364
f 687/1000/365 683/995/365 684/1001/365
f 686/1002/366 694/991/366 693/1003/366
f 696/874/327 688/866/327 687/1004/327
f 694/991/307 696/874/307 695/989/307
f 693/1005/328 690/877/328 689/878/328
f 691/993/329 695/1006/329 696/994/329
f 689/988/330 682/987/330 681/998/330
f 684/1001/367 692/855/367 691/882/367
f 693/1005/368 681/1007/368 686/1008/368
s 1
f 708/1009/333 697/1010/334 707/1011/335
f 702/1012/336 703/1013/337 701/1014/338
f 704/1015/339 705/1016/340 703/1013/337
f 706/1017/341 707/1018/335 705/1019/340
f 700/1020/342 701/1021/338 699/1022/343
f 706/1023/341 704/1024/339 702/1025/336
f 698/1026/344 699/1027/343 697/1010/334
f 705/1028/340 707/1029/335 699/1030/343
f 720/1031/345 709/1032/346 719/1033/347
f 714/1034/348 715/1035/349 713/1036/350
f 716/1037/351 717/1038/352 715/1035/349
f 718/1039/353 719/1040/347 717/1041/352
f 712/1042/354 713/1043/350 711/1044/355
f 716/1045/351 714/1046/348 710/1047/356
f 710/1048/356 711/1049/355 709/1032/346
f 715/1050/349 717/1051/352 719/1052/347
f 732/1053/345 721/1054/346 731/1055/347
f 726/1056/348 727/1057/349 725/1058/350
f 728/1059/351 729/1060/352 727/1057/349
f 730/1061/353 731/1062/347 729/1063/352
f 724/1064/354 725/1065/350 723/1066/355
f 728/1067/351 726/1068/348 722/1069/356
f 722/1070/356 723/1071/355 721/1054/346
f 727/1072/349 729/1051/352 731/1073/347
f 807/1074/369 733/1075/370 806/1076/371
f 740/1077/372 741/1078/373 739/1079/374
f 742/1080/375 743/1081/376 741/1078/373
f 744/1082/377 745/1083/378 743/1081/376
f 746/1084/379 747/1085/380 745/1083/378
f 748/1086/381 750/1087/382 747/1085/380
f 751/1088/383 752/1089/384 750/1087/382
f 753/1090/385 754/1091/386 752/1089/384
f 756/1092/387 757/1093/388 754/1091/386
f 758/1094/389 760/1095/390 757/1093/388
f 761/1096/391 762/1097/392 760/1095/390
f 763/1098/393 764/1083/394 762/1099/392
f 765/1100/395 766/1101/396 764/1083/394
f 767/1102/397 768/1103/398 766/1101/396
f 769/1104/399 770/1075/400 768/1103/398
f 772/1105/401 774/1106/402 770/1075/400
f 775/1107/403 776/1108/404 774/1106/402
f 777/1109/405 778/1110/406 776/1108/404
f 779/1111/407 780/1112/408 778/1110/406
f 781/1113/409 782/1114/410 780/1112/408
f 783/1115/411 784/1116/412 782/1114/410
f 786/1117/413 787/1106/414 784/1116/412
f 788/1118/415 789/1119/416 787/1106/414
f 790/1120/417 791/1103/418 789/1119/416
f 793/1121/419 794/1122/420 791/1103/418
f 795/1123/421 796/1124/422 794/1122/420
f 797/1125/423 798/1126/424 796/1124/422
f 799/1127/425 801/1128/426 798/1129/424
f 803/1130/427 804/1093/428 801/1128/426
f 805/1131/429 806/1076/371 804/1093/428
f 738/1132/430 739/1079/374 736/1133/431
f 771/1134/432 755/1135/433 737/1136/434
f 734/1137/435 736/1133/431 733/1075/370
f 734/1138/435 737/1136/434 738/1139/430
f 736/1139/431 739/1140/374 735/1141/436
f 738/1139/430 737/1136/434 740/1142/372
f 742/1143/375 737/1136/434 744/1144/377
f 747/1145/380 749/1146/437 745/1147/378
f 750/1148/382 749/1146/437 747/1145/380
f 750/1148/382 759/1149/438 749/1146/437
f 754/1150/386 759/1149/438 752/1151/384
f 756/1150/387 753/1152/385 755/1135/433
f 757/1153/388 759/1149/438 754/1150/386
f 756/1150/387 755/1135/433 758/1153/389
f 760/1154/390 759/1149/438 757/1153/388
f 758/1153/389 755/1135/433 761/1154/391
f 760/1154/390 762/1155/392 759/1149/438
f 770/1156/400 773/1157/439 768/1158/398
f 772/1156/401 767/1159/397 771/1134/432
f 772/1156/401 771/1134/432 775/1160/403
f 774/1160/402 776/1161/404 773/1157/439
f 775/1160/403 771/1134/432 777/1162/405
f 780/1163/408 782/1164/410 778/1165/406
f 786/1166/413 783/1167/411 785/1168/440
f 786/1166/413 785/1168/440 788/1169/415
f 788/1169/415 785/1168/440 790/1170/417
f 790/1170/417 792/1171/441 793/1172/419
f 794/1173/420 800/1174/442 791/1175/418
f 795/1173/421 792/1171/441 797/1176/423
f 798/1177/424 800/1174/442 796/1176/422
f 799/1177/425 802/1178/443 803/1179/427
f 804/1180/428 800/1174/442 801/1179/426
f 806/1181/371 735/1141/436 804/1180/428
f 733/1138/370 735/1141/436 806/1181/371
f 773/1157/439 787/1182/414 735/1141/436
f 871/1183/444 808/1184/445 870/1185/446
f 813/1186/447 814/1187/448 812/1188/449
f 815/1189/450 817/1190/451 814/1187/448
f 816/1191/452 818/1192/453 817/1190/451
f 819/1193/454 820/1188/455 818/1192/453
f 821/1194/456 822/1195/457 820/1188/455
f 823/1196/458 824/1197/459 822/1195/457
f 825/1198/460 826/1199/461 824/1197/459
f 827/1200/462 828/1201/463 826/1199/461
f 830/1202/464 831/1203/465 828/1201/463
f 829/1204/466 832/1205/467 831/1203/465
f 833/1206/468 834/1207/469 832/1208/467
f 835/1209/470 836/1210/471 834/1207/469
f 838/1211/472 839/1212/473 836/1210/471
f 837/1213/474 840/1214/475 839/1212/473
f 841/1215/476 842/1185/477 840/1214/475
f 843/1216/478 844/1217/479 842/1185/477
f 845/1218/480 846/1219/481 844/1217/479
f 847/1220/482 849/1221/483 846/1219/481
f 848/1222/484 850/1223/485 849/1221/483
f 851/1224/486 852/1225/487 850/1223/485
f 853/1226/488 854/1227/489 852/1225/487
f 855/1183/490 856/1197/491 854/1227/489
f 857/1228/492 858/1229/493 856/1197/491
f 859/1230/494 860/1231/495 858/1229/493
f 861/1232/496 862/1192/497 860/1231/495
f 863/1233/498 864/1234/499 862/1192/497
f 865/1235/500 866/1219/501 864/1236/499
f 867/1237/502 868/1238/503 866/1219/501
f 869/1239/504 870/1185/446 868/1238/503
f 811/1240/505 812/1188/449 810/1241/506
f 829/1242/466 821/1243/456 813/1244/447
f 809/1245/507 810/1241/506 808/1184/445
f 818/1246/453 820/1247/455 817/1248/451
f 830/1249/464 827/1250/462 829/1242/466
f 838/1251/472 835/1252/470 837/1253/474
f 850/1254/485 852/1255/487 849/1256/483
f 862/1257/497 864/1258/499 860/1259/495
f 839/1260/473 854/1261/489 870/1262/446
f 882/1263/508 873/1264/509 872/1265/510
f 883/1266/511 874/1267/512 873/1268/509
f 884/1269/513 880/1270/514 874/1267/512
f 880/1271/514 885/1272/515 876/1273/516
f 885/1272/515 877/1274/517 876/1273/516
f 885/1275/515 881/1276/518 877/1277/517
f 881/1276/518 882/1278/508 879/1279/519
f 879/1280/519 882/1263/508 872/1265/510
f 886/1281/520 883/1282/511 882/1263/508
f 884/1269/513 887/1283/521 880/1270/514
f 880/1271/514 888/1284/522 885/1272/515
f 889/1285/523 881/1276/518 885/1275/515
f 890/1286/524 882/1278/508 881/1276/518
f 886/1281/520 893/1287/525 883/1282/511
f 893/1288/525 884/1269/513 883/1266/511
f 894/1289/526 887/1283/521 884/1269/513
f 887/1290/521 895/1291/527 888/1284/522
f 895/1291/527 889/1292/523 888/1284/522
f 896/1293/528 890/1286/524 889/1285/523
f 890/1286/524 898/1294/529 891/1295/530
f 898/1296/529 892/1297/531 891/1298/530
f 892/1297/531 899/1299/532 893/1287/525
f 899/1300/532 894/1289/526 893/1288/525
f 900/1301/533 896/1302/528 895/1291/527
f 902/1303/534 894/1289/526 899/1300/532
f 903/1304/535 895/1305/527 894/1289/526
f 904/1306/536 900/1301/533 895/1291/527
f 897/1307/537 901/1308/538 898/1294/529
f 901/1309/538 899/1299/532 898/1296/529
f 906/1310/539 902/1311/534 901/1309/538
f 904/1306/536 908/1312/540 900/1301/533
f 908/1312/540 905/1313/541 900/1301/533
f 905/1314/541 909/1315/542 897/1307/537
f 909/1315/542 901/1308/538 897/1307/537
f 906/1310/539 912/1316/543 902/1311/534
f 912/1317/543 903/1304/535 902/1303/534
f 912/1317/543 914/1318/544 903/1304/535
f 914/1318/544 907/1319/545 903/1304/535
f 907/1320/545 916/1321/546 908/1312/540
f 916/1321/546 913/1322/547 908/1312/540
f 913/1323/547 917/1324/548 909/1315/542
f 917/1324/548 910/1325/549 909/1315/542
f 918/1326/550 911/1327/551 910/1328/549
f 919/1329/552 912/1316/543 911/1327/551
f 920/1330/553 915/1331/554 914/1318/544
f 916/1321/546 922/1332/555 913/1322/547
f 922/1333/555 917/1324/548 913/1323/547
f 923/1334/556 921/1335/557 915/1336/554
f 925/1337/558 919/1329/552 918/1326/550
f 919/1338/552 926/1339/559 914/1340/544
f 923/1341/556 927/1342/560 921/1343/557
f 927/1342/560 924/1344/561 921/1343/557
f 924/1345/561 928/1346/562 917/1324/548
f 928/1346/562 925/1347/558 917/1324/548
f 926/1348/559 931/1349/563 920/1330/553
f 931/1349/563 923/1350/556 920/1330/553
f 925/1351/558 929/1352/564 926/1339/559
f 933/1353/565 935/1354/566 928/1346/562
f 935/1354/566 934/1355/567 928/1346/562
f 929/1352/564 937/1356/568 930/1357/569
f 930/1358/569 938/1359/570 931/1349/563
f 938/1359/570 932/1360/571 931/1349/563
f 939/1361/572 933/1362/565 932/1363/571
f 941/1364/573 935/1354/566 933/1353/565
f 936/1365/574 929/1352/564 934/1366/567
f 942/1367/575 937/1356/568 936/1365/574
f 935/1354/566 942/1368/575 936/1369/574
f 944/1370/576 937/1356/568 942/1367/575
f 938/1359/570 946/1371/577 939/1372/572
f 939/1361/572 947/1373/578 940/1374/579
f 947/1373/578 941/1375/573 940/1374/579
f 945/1376/580 950/1377/581 938/1359/570
f 951/1378/582 949/1379/583 943/1380/584
f 952/1381/585 945/1382/580 944/1370/576
f 953/1383/586 950/1377/581 945/1376/580
f 950/1377/581 954/1384/587 946/1371/577
f 954/1385/587 947/1373/578 946/1386/577
f 947/1373/578 951/1387/582 948/1388/588
f 949/1389/583 952/1381/585 944/1370/576
f 958/1390/589 956/1391/590 951/1378/582
f 952/1381/585 960/1392/591 953/1393/586
f 953/1383/586 960/1394/591 950/1377/581
f 960/1394/591 954/1384/587 950/1377/581
f 954/1385/587 962/1321/592 955/1395/593
f 962/1321/592 957/1396/594 955/1395/593
f 959/1397/595 952/1381/585 956/1398/590
f 963/1399/596 960/1392/591 959/1397/595
f 965/1400/597 961/1401/598 960/1394/591
f 962/1321/592 967/1402/599 957/1396/594
f 967/1403/599 958/1390/589 957/1404/594
f 958/1390/589 963/1405/596 959/1406/595
f 968/1310/600 964/1407/601 963/1399/596
f 969/1408/602 966/1409/603 961/1410/598
f 968/1310/600 972/1411/604 964/1407/601
f 972/1412/604 965/1400/597 964/1413/601
f 973/1414/605 969/1415/602 965/1400/597
f 970/1416/606 974/1417/607 967/1403/599
f 976/1418/608 973/1414/605 972/1412/604
f 973/1414/605 977/1419/609 969/1415/602
f 977/1420/609 970/1421/606 969/1408/602
f 979/1422/610 974/1417/607 970/1416/606
f 974/1417/607 980/1423/611 971/1424/612
f 980/1425/611 972/1411/604 971/1426/612
f 975/1427/613 981/1428/614 976/1429/608
f 981/1430/614 973/1414/605 976/1418/608
f 982/1431/615 977/1419/609 973/1414/605
f 977/1420/609 984/1432/616 978/1433/617
f 978/1433/617 985/1434/618 979/1435/610
f 979/1422/610 985/1436/618 974/1417/607
f 985/1436/618 980/1423/611 974/1417/607
f 980/1425/611 981/1428/614 975/1427/613
f 988/1437/619 991/1438/620 982/1431/615
f 991/1438/620 983/1439/621 982/1431/615
f 992/1440/622 984/1441/616 983/1442/621
f 989/1443/623 995/1444/624 985/1436/618
f 995/1444/624 986/1445/625 985/1436/618
f 990/1446/626 987/1447/627 986/1448/625
f 993/1449/628 988/1450/619 990/1446/626
f 993/1451/628 991/1438/620 988/1437/619
f 994/1452/629 995/1444/624 989/1443/623
f 993/1451/628 874/1267/512 991/1438/620
f 991/1438/620 875/1453/630 992/1454/622
f 992/1440/622 876/1273/516 994/1455/629
f 995/1456/624 872/1265/510 993/1449/628
f 1059/1457/444 996/1458/445 1058/1459/446
f 1001/1460/447 1002/1461/448 1000/1462/449
f 1003/1463/450 1005/1464/451 1002/1461/448
f 1004/1465/452 1006/1466/453 1005/1464/451
f 1007/1193/454 1008/1467/455 1006/1466/453
f 1009/1468/456 1010/1469/457 1008/1467/455
f 1011/1470/458 1012/1197/459 1010/1469/457
f 1013/1198/460 1014/1199/461 1012/1197/459
f 1015/1471/462 1016/1201/463 1014/1199/461
f 1018/1472/464 1019/1473/465 1016/1201/463
f 1017/1474/466 1020/1205/467 1019/1473/465
f 1021/1475/468 1022/1207/469 1020/1208/467
f 1023/1476/470 1024/1210/471 1022/1207/469
f 1026/1477/472 1027/1212/473 1024/1210/471
f 1025/1213/474 1028/1184/475 1027/1212/473
f 1029/1478/476 1030/1479/477 1028/1184/475
f 1031/1480/478 1032/1217/479 1030/1479/477
f 1033/1481/480 1034/1482/631 1032/1217/479
f 1035/1483/482 1037/1221/483 1034/1482/631
f 1036/1484/632 1038/1223/485 1037/1221/483
f 1039/1485/486 1040/1486/487 1038/1223/485
f 1041/1226/488 1042/1487/489 1040/1486/487
f 1043/1457/490 1044/1197/491 1042/1487/489
f 1045/1228/492 1046/1488/493 1044/1197/491
f 1047/1489/494 1048/1490/495 1046/1488/493
f 1049/1491/496 1050/1192/497 1048/1490/495
f 1051/1492/498 1052/1493/499 1050/1192/497
f 1053/1494/500 1054/1495/501 1052/1496/499
f 1055/1497/502 1056/1498/503 1054/1495/501
f 1057/1499/504 1058/1459/446 1056/1498/503
f 999/1500/505 1000/1462/449 998/1241/506
f 1017/1501/466 1009/1502/456 1001/1244/447
f 997/1245/507 998/1241/506 996/1458/445
f 1006/1246/453 1008/1247/455 1005/1503/451
f 1018/1249/464 1015/1504/462 1017/1501/466
f 1026/1251/472 1023/1252/470 1025/1505/474
f 1038/1254/485 1040/1506/487 1037/1507/483
f 1050/1257/497 1052/1508/499 1048/1509/495
f 1027/1510/473 1042/1511/489 1058/1512/446
f 1065/1513/633 1071/1514/634 1182/1515/635
f 1068/1516/636 1061/1264/637 1060/1517/638
f 1068/1278/636 1062/1267/639 1061/1268/637
f 1069/1518/640 1063/1519/641 1062/1267/639
f 1070/1520/642 1064/1521/643 1063/1522/641
f 1070/1520/642 1067/1523/644 1064/1521/643
f 1071/1524/634 1060/1517/638 1066/1525/645
f 1073/1526/646 1069/1518/640 1068/1278/636
f 1069/1518/640 1074/1527/647 1070/1275/642
f 1075/1284/648 1067/1523/644 1070/1520/642
f 1076/1285/649 1071/1514/634 1067/1270/644
f 1071/1524/634 1072/1528/650 1068/1516/636
f 1078/1529/651 1077/1295/652 1071/1514/634
f 1072/1528/650 1079/1530/653 1073/1531/646
f 1079/1532/653 1069/1518/640 1073/1526/646
f 1069/1518/640 1081/1533/654 1074/1527/647
f 1074/1534/647 1082/1535/655 1075/1284/648
f 1082/1535/655 1076/1292/649 1075/1284/648
f 1083/1533/656 1078/1529/651 1076/1285/649
f 1078/1529/651 1084/1294/657 1077/1295/652
f 1084/1296/657 1072/1528/650 1077/1298/652
f 1086/1536/658 1080/1537/659 1079/1532/653
f 1088/1309/660 1086/1538/658 1085/1539/661
f 1089/1540/662 1081/1533/654 1080/1537/659
f 1090/1541/663 1082/1535/655 1081/1542/654
f 1082/1535/655 1091/1543/664 1083/1544/656
f 1087/1545/665 1088/1308/660 1084/1294/657
f 1088/1309/660 1085/1539/661 1084/1296/657
f 1092/1310/666 1086/1538/658 1088/1309/660
f 1093/1546/667 1089/1540/662 1086/1536/658
f 1095/1547/668 1091/1543/664 1090/1541/663
f 1091/1548/664 1096/1315/669 1087/1545/665
f 1096/1315/669 1088/1308/660 1087/1545/665
f 1098/1327/670 1100/1549/671 1093/1550/667
f 1093/1546/667 1101/1551/672 1089/1540/662
f 1101/1551/672 1094/1552/673 1089/1540/662
f 1102/1553/674 1095/1547/668 1094/1554/673
f 1099/1323/675 1103/1555/676 1096/1315/669
f 1103/1555/676 1097/1325/549 1096/1315/669
f 1104/1556/677 1098/1327/670 1097/1328/549
f 1105/1557/678 1100/1549/671 1098/1327/670
f 1106/1558/679 1102/1559/674 1101/1551/672
f 1108/1333/680 1103/1555/676 1099/1323/675
f 1105/1557/678 1110/1560/681 1100/1549/671
f 1111/1334/682 1107/1335/683 1102/1553/674
f 1112/1561/684 1103/1555/676 1108/1333/680
f 1113/1337/685 1105/1557/678 1104/1556/677
f 1111/1562/682 1114/1563/686 1107/1343/683
f 1114/1563/686 1112/1564/684 1107/1343/683
f 1112/1561/684 1115/1346/687 1103/1555/676
f 1115/1346/687 1113/1347/685 1103/1555/676
f 1116/1352/688 1110/1565/681 1109/1566/689
f 1110/1567/681 1118/1349/690 1106/1558/679
f 1118/1349/690 1114/1568/686 1106/1558/679
f 1119/1569/691 1112/1564/684 1114/1563/686
f 1113/1351/685 1116/1352/688 1109/1566/689
f 1122/1570/692 1119/1569/691 1114/1563/686
f 1120/1353/693 1123/1354/694 1115/1346/687
f 1123/1354/694 1121/1571/567 1115/1346/687
f 1116/1352/688 1125/1356/695 1117/1357/696
f 1117/1572/696 1129/1573/697 1118/1349/690
f 1129/1573/697 1122/1574/692 1118/1349/690
f 1119/1569/691 1127/1375/698 1120/1575/693
f 1127/1364/698 1123/1354/694 1120/1353/693
f 1124/1365/574 1116/1352/688 1121/1576/567
f 1128/1577/575 1125/1356/695 1124/1365/574
f 1123/1354/694 1128/1368/575 1124/1369/574
f 1131/1370/576 1125/1356/695 1128/1577/575
f 1125/1578/695 1133/1579/699 1129/1573/697
f 1129/1580/697 1135/1373/700 1126/1374/701
f 1135/1373/700 1127/1375/698 1126/1374/701
f 1138/1581/582 1137/1379/583 1130/1582/584
f 1139/1381/702 1132/1583/703 1131/1370/576
f 1140/1383/704 1133/1579/699 1132/1584/703
f 1133/1579/699 1142/1384/705 1134/1585/706
f 1142/1385/705 1135/1373/700 1134/1586/706
f 1135/1373/700 1138/1387/582 1136/1388/588
f 1137/1389/583 1139/1381/702 1131/1370/576
f 1146/1390/707 1144/1587/590 1138/1581/582
f 1139/1381/702 1148/1392/708 1140/1393/704
f 1142/1385/705 1150/1321/592 1143/1395/593
f 1150/1321/592 1145/1396/594 1143/1395/593
f 1147/1588/709 1139/1381/702 1144/1589/590
f 1151/1590/710 1148/1392/708 1147/1588/709
f 1152/1413/711 1141/1591/712 1148/1406/708
f 1153/1592/713 1149/1401/714 1141/1591/712
f 1150/1321/592 1155/1402/715 1145/1396/594
f 1155/1403/715 1146/1390/707 1145/1404/594
f 1146/1390/707 1156/1593/716 1147/1406/709
f 1157/1408/717 1154/1409/603 1149/1410/714
f 1151/1590/710 1159/1411/718 1152/1407/711
f 1159/1412/718 1153/1592/713 1152/1413/711
f 1160/1594/719 1157/1415/717 1153/1592/713
f 1158/1416/720 1161/1417/721 1155/1403/715
f 1155/1403/715 1162/1595/722 1156/1593/716
f 1162/1596/722 1151/1590/710 1156/1597/716
f 1164/1598/723 1160/1594/719 1159/1412/718
f 1160/1594/719 1165/1599/724 1157/1415/717
f 1165/1600/724 1158/1601/720 1157/1408/717
f 1166/1599/725 1161/1417/721 1158/1416/720
f 1169/1602/726 1163/1603/727 1162/1596/722
f 1170/1604/728 1164/1605/723 1163/1603/727
f 1171/1606/729 1160/1594/719 1164/1598/723
f 1172/1607/730 1167/1608/731 1160/1594/719
f 1168/1609/732 1174/1610/733 1161/1417/721
f 1174/1610/733 1169/1611/726 1161/1417/721
f 1175/1612/734 1173/1613/735 1167/1614/731
f 1177/1615/736 1170/1616/728 1169/1617/726
f 1170/1616/728 1179/1618/737 1171/1619/729
f 1171/1606/729 1180/1620/738 1172/1607/730
f 1180/1620/738 1175/1621/734 1172/1607/730
f 1176/1622/739 1182/1515/635 1174/1610/733
f 1182/1515/635 1177/1623/736 1174/1610/733
f 1181/1624/740 1176/1625/739 1175/1612/734
f 1065/1513/633 1182/1515/635 1176/1622/739
f 1182/1456/635 1178/1626/741 1177/1615/736
f 1060/1517/638 1179/1618/737 1178/1626/741
f 1179/1627/737 1062/1267/639 1180/1620/738
f 1180/1620/738 1063/1519/641 1181/1452/740
f 1064/1521/643 1065/1628/633 1181/1624/740
f 1182/1456/635 1060/1517/638 1178/1626/741
f 1246/1629/444 1183/1184/445 1245/1459/446
f 1188/1491/447 1189/1461/448 1187/1188/449
f 1190/1463/450 1192/1464/451 1189/1461/448
f 1191/1191/452 1193/1192/453 1192/1464/451
f 1194/1193/454 1195/1210/455 1193/1192/453
f 1196/1194/456 1197/1630/457 1195/1210/455
f 1198/1196/458 1199/1631/459 1197/1630/457
f 1200/1198/742 1201/1632/461 1199/1631/459
f 1202/1471/462 1203/1498/463 1201/1632/461
f 1205/1202/464 1206/1633/465 1203/1498/463
f 1204/1204/466 1207/1634/467 1206/1633/465
f 1208/1206/468 1209/1635/469 1207/1208/467
f 1210/1209/470 1211/1636/471 1209/1635/469
f 1213/1211/472 1214/1212/743 1211/1636/471
f 1212/1213/474 1215/1184/475 1214/1212/743
f 1216/1215/476 1217/1637/744 1215/1184/475
f 1218/1216/478 1219/1638/745 1217/1637/744
f 1220/1639/746 1221/1495/747 1219/1638/745
f 1222/1640/748 1223/1641/749 1221/1495/747
f 1224/1642/750 1225/1643/751 1223/1641/749
f 1226/1485/752 1227/1644/753 1225/1643/751
f 1228/1226/488 1229/1487/754 1227/1644/753
f 1230/1629/490 1231/1197/491 1229/1487/754
f 1232/1228/492 1233/1488/493 1231/1197/491
f 1234/1230/494 1235/1490/495 1233/1488/493
f 1236/1232/496 1237/1192/497 1235/1490/495
f 1238/1645/498 1239/1208/499 1237/1192/497
f 1240/1646/500 1241/1495/501 1239/1205/499
f 1242/1237/502 1243/1647/503 1241/1495/501
f 1244/1226/504 1245/1459/446 1243/1647/503
f 1186/1500/505 1187/1188/449 1185/1648/506
f 1204/1649/466 1196/1650/456 1188/1651/447
f 1184/1245/507 1185/1648/506 1183/1184/445
f 1193/1246/453 1195/1247/455 1192/1652/451
f 1205/1249/464 1202/1250/462 1204/1649/466
f 1213/1251/472 1210/1252/470 1212/1653/474
f 1237/1257/497 1239/1654/499 1235/1655/495
f 1214/1656/743 1229/1657/754 1245/1512/446
f 1255/1658/755 1250/1659/756 1249/1660/757
f 1250/1661/756 1256/1662/758 1251/1663/759
f 1256/1662/758 1252/1664/760 1251/1663/759
f 1257/1665/761 1253/1666/762 1252/1667/760
f 1259/1263/763 1248/1264/764 1247/1517/765
f 1260/1668/766 1255/1658/755 1248/1268/764
f 1261/1520/767 1256/1662/758 1250/1661/756
f 1261/1520/767 1257/1669/761 1256/1662/758
f 1258/1670/768 1259/1278/763 1254/1671/769
f 1259/1263/763 1247/1517/765 1254/1525/769
f 1262/1281/770 1260/1672/766 1259/1263/763
f 1255/1658/755 1264/1673/771 1261/1275/767
f 1265/1284/772 1257/1669/761 1261/1520/767
f 1266/1285/773 1258/1670/768 1257/1665/761
f 1267/1286/774 1259/1278/763 1258/1670/768
f 1262/1281/770 1269/1674/775 1260/1672/766
f 1271/1675/776 1263/1676/777 1269/1677/775
f 1272/1678/778 1264/1673/771 1263/1676/777
f 1264/1290/771 1274/1535/779 1265/1284/772
f 1274/1535/779 1266/1292/773 1265/1284/772
f 1275/1533/780 1267/1286/774 1266/1285/773
f 1267/1286/774 1277/1294/781 1268/1295/782
f 1277/1296/781 1269/1674/775 1268/1298/782
f 1278/1309/783 1271/1679/776 1270/1680/784
f 1279/1681/785 1272/1678/778 1271/1675/776
f 1280/1682/786 1273/1305/787 1272/1678/778
f 1281/1541/788 1274/1535/779 1273/1683/787
f 1274/1535/779 1282/1543/789 1275/1544/780
f 1276/1307/790 1278/1308/783 1277/1294/781
f 1278/1309/783 1270/1680/784 1277/1296/781
f 1283/1310/791 1279/1684/785 1278/1309/783
f 1285/1312/792 1282/1543/789 1281/1541/788
f 1282/1548/789 1286/1315/793 1276/1307/790
f 1286/1315/793 1278/1308/783 1276/1307/790
f 1283/1310/791 1291/1685/794 1279/1684/785
f 1291/1686/794 1280/1682/786 1279/1681/785
f 1288/1327/795 1290/1549/796 1291/1685/794
f 1291/1686/794 1284/1687/797 1280/1682/786
f 1284/1688/797 1298/1689/798 1285/1312/792
f 1298/1689/798 1289/1322/799 1285/1312/792
f 1289/1323/799 1293/1324/800 1286/1315/793
f 1293/1324/800 1287/1325/549 1286/1315/793
f 1294/1556/677 1288/1327/795 1287/1328/549
f 1295/1557/678 1290/1549/796 1288/1327/795
f 1296/1558/801 1292/1690/802 1291/1686/794
f 1298/1333/798 1293/1324/800 1289/1323/799
f 1295/1557/678 1300/1560/681 1290/1549/796
f 1297/1335/803 1302/1691/804 1298/1689/798
f 1303/1337/685 1295/1557/678 1294/1556/677
f 1301/1692/805 1304/1693/806 1297/1343/803
f 1304/1693/806 1302/1694/804 1297/1343/803
f 1302/1695/804 1305/1346/807 1293/1324/800
f 1305/1346/807 1303/1347/685 1293/1324/800
f 1306/1352/808 1300/1565/681 1299/1566/689
f 1300/1567/681 1308/1349/809 1296/1558/801
f 1308/1349/809 1301/1696/805 1296/1558/801
f 1309/1697/810 1304/1693/806 1301/1692/805
f 1309/1697/810 1302/1694/804 1304/1693/806
f 1303/1351/685 1306/1352/808 1299/1566/689
f 1310/1353/811 1313/1354/812 1305/1346/807
f 1313/1354/812 1311/1571/813 1305/1346/807
f 1306/1352/808 1315/1356/814 1307/1357/815
f 1307/1572/815 1316/1698/816 1308/1349/809
f 1316/1698/816 1312/1699/817 1308/1349/809
f 1318/1364/573 1313/1354/812 1310/1353/811
f 1319/1700/818 1306/1352/808 1311/1576/813
f 1316/1698/816 1320/1701/819 1312/1699/817
f 1320/1580/819 1317/1374/820 1312/1702/817
f 1322/1703/821 1315/1356/814 1314/1704/822
f 1320/1580/819 1325/1373/823 1317/1374/820
f 1325/1373/823 1318/1375/573 1317/1374/820
f 1327/1705/824 1314/1704/822 1319/1700/818
f 1323/1584/825 1328/1706/826 1316/1698/816
f 1329/1581/827 1327/1707/824 1321/1582/828
f 1330/1381/829 1323/1583/825 1322/1703/821
f 1331/1383/586 1328/1706/826 1323/1584/825
f 1328/1706/826 1332/1384/830 1324/1585/831
f 1332/1385/830 1325/1373/823 1324/1586/831
f 1325/1373/823 1329/1387/827 1326/1388/588
f 1327/1705/824 1330/1381/829 1322/1703/821
f 1336/1390/832 1334/1587/833 1329/1581/827
f 1330/1381/829 1338/1392/834 1331/1393/586
f 1331/1383/586 1338/1394/834 1328/1706/826
f 1338/1394/834 1332/1384/830 1328/1706/826
f 1332/1385/830 1340/1321/592 1333/1395/593
f 1340/1321/592 1335/1396/594 1333/1395/593
f 1337/1588/835 1330/1381/829 1334/1589/833
f 1341/1708/836 1338/1392/834 1337/1588/835
f 1343/1592/597 1339/1401/598 1338/1394/834
f 1340/1321/592 1345/1402/837 1335/1396/594
f 1345/1403/837 1336/1390/832 1335/1404/594
f 1336/1390/832 1341/1405/836 1337/1406/835
f 1347/1408/717 1344/1409/603 1339/1410/598
f 1346/1709/838 1349/1411/839 1342/1710/840
f 1349/1412/839 1343/1592/597 1342/1413/840
f 1350/1594/719 1347/1415/717 1343/1592/597
f 1348/1416/720 1351/1417/841 1345/1403/837
f 1353/1598/842 1350/1594/719 1349/1412/839
f 1350/1594/719 1354/1599/724 1347/1415/717
f 1354/1600/724 1348/1601/720 1347/1408/717
f 1355/1599/725 1351/1417/841 1348/1416/720
f 1351/1417/841 1352/1711/843 1346/1424/838
f 1352/1712/843 1349/1411/839 1346/1709/838
f 1356/1713/844 1353/1605/842 1352/1712/843
f 1360/1606/845 1350/1594/719 1353/1598/842
f 1361/1607/846 1357/1608/731 1350/1594/719
f 1358/1609/847 1363/1610/848 1351/1417/841
f 1363/1610/848 1359/1611/849 1351/1417/841
f 1364/1447/850 1360/1619/845 1356/1714/844
f 1365/1612/851 1362/1613/852 1357/1614/731
f 1367/1615/853 1356/1714/844 1359/1617/849
f 1364/1447/850 1369/1618/854 1360/1619/845
f 1360/1606/845 1249/1660/757 1361/1607/846
f 1249/1660/757 1365/1621/851 1361/1607/846
f 1370/1715/855 1366/1716/856 1362/1613/852
f 1366/1622/856 1371/1444/857 1363/1610/848
f 1371/1444/857 1367/1623/853 1363/1610/848
f 1251/1663/759 1366/1716/856 1370/1715/855
f 1252/1667/760 1371/1444/857 1366/1622/856
f 1371/1456/857 1368/1626/858 1367/1615/853
f 1247/1517/765 1369/1618/854 1368/1626/858
f 1371/1456/857 1247/1517/765 1368/1626/858
f 1435/1457/444 1372/1184/445 1434/1717/446
f 1377/1460/447 1378/1718/448 1376/1467/449
f 1379/1463/450 1381/1719/451 1378/1718/448
f 1380/1720/452 1382/1721/453 1381/1719/451
f 1383/1722/859 1384/1188/455 1382/1721/453
f 1385/1194/456 1386/1469/457 1384/1188/455
f 1387/1470/458 1388/1723/459 1386/1469/457
f 1389/1724/742 1390/1725/461 1388/1723/459
f 1391/1726/462 1392/1727/463 1390/1725/461
f 1394/1472/464 1395/1728/465 1392/1727/463
f 1393/1204/466 1396/1729/467 1395/1728/465
f 1397/1206/468 1398/1730/469 1396/1731/467
f 1399/1209/470 1400/1210/471 1398/1730/469
f 1402/1732/472 1403/1733/743 1400/1210/471
f 1401/1734/474 1404/1184/475 1403/1733/743
f 1405/1478/476 1406/1717/744 1404/1184/475
f 1407/1735/478 1408/1736/745 1406/1717/744
f 1409/1218/746 1410/1737/747 1408/1736/745
f 1411/1738/748 1412/1739/749 1410/1737/747
f 1413/1740/750 1414/1741/751 1412/1739/749
f 1415/1224/752 1416/1742/753 1414/1741/751
f 1417/1226/488 1418/1487/754 1416/1742/753
f 1419/1457/490 1420/1743/860 1418/1487/754
f 1421/1744/492 1422/1745/493 1420/1743/860
f 1423/1746/494 1424/1231/495 1422/1745/493
f 1425/1491/496 1426/1721/497 1424/1231/495
f 1427/1492/498 1428/1747/861 1426/1721/497
f 1429/1748/500 1430/1737/501 1428/1749/861
f 1431/1750/502 1432/1727/503 1430/1737/501
f 1433/1239/504 1434/1717/446 1432/1727/503
f 1375/1500/505 1376/1467/449 1374/1751/506
f 1393/1752/466 1385/1650/456 1377/1753/447
f 1373/1754/507 1374/1751/506 1372/1184/445
f 1382/1246/453 1384/1755/455 1381/1756/451
f 1394/1249/464 1391/1504/462 1393/1752/466
f 1402/1251/472 1399/1757/470 1401/1758/474
f 1426/1257/497 1428/1258/861 1424/1759/495
f 1403/1760/743 1418/1657/754 1434/1761/446
f 1443/1762/862 1438/1763/863 1558/1764/864
f 1438/1765/863 1440/1766/865 1439/1663/866
f 1444/1767/867 1441/1666/868 1440/1453/865
f 1445/1768/869 1437/1264/870 1436/1265/871
f 1445/1278/869 1443/1762/862 1437/1268/870
f 1446/1542/872 1440/1766/865 1438/1765/863
f 1447/1769/873 1444/1770/867 1440/1766/865
f 1442/1280/874 1445/1768/869 1436/1265/871
f 1450/1526/875 1443/1762/862 1445/1278/869
f 1452/1285/876 1448/1771/877 1444/1767/867
f 1448/1524/877 1449/1528/878 1445/1768/869
f 1451/1772/879 1455/1773/880 1446/1774/872
f 1446/1542/872 1456/1775/881 1447/1769/873
f 1456/1775/881 1452/1292/876 1447/1769/873
f 1449/1528/878 1458/1776/882 1450/1531/875
f 1458/1777/882 1451/1772/879 1450/1526/875
f 1459/1778/883 1455/1773/880 1451/1772/879
f 1460/1293/884 1453/1779/885 1452/1285/876
f 1453/1779/885 1462/1780/886 1454/1295/887
f 1462/1781/886 1449/1528/878 1454/1298/887
f 1463/1782/888 1456/1775/881 1455/1783/880
f 1464/1301/889 1460/1302/884 1456/1775/881
f 1465/1784/890 1458/1776/882 1457/1785/891
f 1466/1786/892 1459/1778/883 1458/1777/882
f 1467/1787/893 1463/1788/888 1459/1778/883
f 1461/1307/537 1465/1308/890 1462/1780/886
f 1465/1784/890 1457/1785/891 1462/1781/886
f 1469/1310/791 1466/1789/892 1465/1784/890
f 1463/1782/888 1471/1547/894 1464/1301/889
f 1471/1547/894 1468/1313/895 1464/1301/889
f 1468/1790/895 1472/1315/896 1461/1307/537
f 1472/1315/896 1465/1308/890 1461/1307/537
f 1469/1310/791 1477/1685/897 1466/1789/892
f 1477/1791/897 1467/1787/893 1466/1786/892
f 1474/1327/795 1476/1549/796 1477/1685/897
f 1477/1791/897 1470/1552/898 1467/1787/893
f 1478/1792/899 1471/1547/894 1470/1554/898
f 1475/1323/900 1479/1324/901 1472/1315/896
f 1479/1324/901 1473/1793/549 1472/1315/896
f 1480/1794/677 1474/1327/795 1473/1795/549
f 1481/1557/678 1476/1549/796 1474/1327/795
f 1482/1796/902 1478/1797/899 1477/1791/897
f 1484/1333/903 1479/1324/901 1475/1323/900
f 1481/1557/678 1486/1560/681 1476/1549/796
f 1487/1334/682 1483/1335/904 1478/1792/899
f 1489/1337/685 1481/1557/678 1480/1794/677
f 1487/1562/682 1490/1563/905 1483/1343/904
f 1490/1563/905 1488/1798/906 1483/1343/904
f 1488/1799/906 1491/1346/907 1479/1324/901
f 1491/1346/907 1489/1800/685 1479/1324/901
f 1492/1352/808 1486/1565/681 1485/1566/689
f 1486/1801/681 1494/1349/908 1482/1796/902
f 1494/1349/908 1490/1802/905 1482/1796/902
f 1495/1569/909 1488/1798/906 1490/1563/905
f 1489/1803/685 1492/1352/808 1485/1566/689
f 1498/1702/910 1495/1569/909 1490/1563/905
f 1496/1353/911 1499/1354/912 1491/1346/907
f 1499/1354/912 1497/1355/813 1491/1346/907
f 1492/1352/808 1501/1356/913 1493/1804/914
f 1493/1805/914 1502/1806/915 1494/1349/908
f 1502/1806/915 1498/1699/910 1494/1349/908
f 1495/1569/909 1504/1375/916 1496/1575/911
f 1504/1807/916 1499/1354/912 1496/1353/911
f 1505/1808/818 1492/1352/808 1497/1366/813
f 1502/1806/915 1506/1701/917 1498/1699/910
f 1506/1580/917 1503/1374/918 1498/1702/910
f 1508/1703/821 1501/1356/913 1500/1704/822
f 1501/1578/913 1510/1579/919 1502/1806/915
f 1510/1579/919 1506/1701/917 1502/1806/915
f 1506/1580/917 1512/1373/823 1503/1374/918
f 1512/1373/823 1504/1375/916 1503/1374/918
f 1514/1705/920 1500/1704/822 1505/1808/818
f 1515/1581/827 1514/1707/920 1507/1809/921
f 1516/1381/922 1509/1583/923 1508/1703/821
f 1517/1383/704 1510/1579/919 1509/1584/923
f 1510/1579/919 1519/1810/705 1511/1585/924
f 1519/1811/705 1512/1373/823 1511/1586/924
f 1512/1373/823 1515/1387/827 1513/1388/588
f 1514/1705/920 1516/1381/922 1508/1703/821
f 1523/1390/707 1521/1391/833 1515/1581/827
f 1516/1381/922 1525/1392/708 1517/1393/704
f 1519/1811/705 1527/1321/925 1520/1395/593
f 1527/1321/925 1522/1812/594 1520/1395/593
f 1524/1588/709 1516/1381/922 1521/1398/833
f 1528/1590/710 1525/1392/708 1524/1588/709
f 1529/1813/711 1518/1591/712 1525/1406/708
f 1530/1814/713 1526/1401/714 1518/1591/712
f 1527/1321/925 1532/1402/715 1522/1812/594
f 1532/1403/715 1523/1390/707 1522/1815/594
f 1523/1390/707 1533/1816/716 1524/1406/709
f 1534/1817/717 1531/1409/603 1526/1410/714
f 1528/1590/710 1536/1411/718 1529/1818/711
f 1536/1412/718 1530/1814/713 1529/1813/711
f 1537/1819/719 1534/1820/717 1530/1814/713
f 1535/1821/926 1538/1822/927 1532/1403/715
f 1532/1403/715 1539/1595/722 1533/1816/716
f 1539/1596/722 1528/1590/710 1533/1823/716
f 1541/1598/723 1537/1819/719 1536/1412/718
f 1537/1819/719 1542/1599/928 1534/1820/717
f 1542/1824/928 1535/1601/926 1534/1817/717
f 1543/1599/929 1538/1822/927 1535/1821/926
f 1545/1825/930 1543/1826/929 1542/1824/928
f 1547/1827/726 1540/1603/931 1539/1596/722
f 1548/1604/728 1541/1605/723 1540/1603/931
f 1549/1828/932 1537/1819/719 1541/1598/723
f 1550/1431/933 1544/1829/934 1537/1819/719
f 1546/1830/935 1551/1610/936 1538/1822/927
f 1551/1610/936 1547/1611/726 1538/1822/927
f 1552/1831/937 1545/1832/930 1544/1614/934
f 1545/1832/930 1554/1833/938 1546/1834/935
f 1555/1835/939 1548/1616/728 1547/1617/726
f 1548/1616/728 1557/1836/940 1549/1619/932
f 1549/1828/932 1558/1764/864 1550/1431/933
f 1558/1764/864 1552/1837/937 1550/1431/933
f 1554/1838/938 1561/1839/941 1551/1610/936
f 1561/1839/941 1555/1623/939 1551/1610/936
f 1558/1764/864 1560/1452/942 1552/1837/937
f 1560/1840/942 1553/1841/943 1552/1831/937
f 1439/1663/866 1559/1842/944 1553/1841/943
f 1561/1456/941 1556/1626/945 1555/1835/939
f 1436/1265/871 1557/1836/940 1556/1626/945
f 1440/1453/865 1441/1666/868 1559/1843/944
f 1561/1456/941 1436/1265/871 1556/1626/945
f 1625/1457/444 1562/1184/445 1624/1717/446
f 1567/1844/447 1568/1718/946 1566/1467/449
f 1569/1189/450 1571/1719/451 1568/1718/946
f 1570/1845/452 1572/1721/453 1571/1719/451
f 1573/1846/859 1574/1847/455 1572/1721/453
f 1575/1194/456 1576/1848/457 1574/1847/455
f 1577/1470/458 1578/1849/459 1576/1848/457
f 1579/1724/742 1580/1725/461 1578/1849/459
f 1581/1850/462 1582/1727/463 1580/1725/461
f 1584/1472/464 1585/1728/465 1582/1727/463
f 1583/1204/947 1586/1851/467 1585/1728/465
f 1587/1206/948 1588/1730/469 1586/1852/467
f 1589/1853/949 1590/1210/950 1588/1730/469
f 1591/1844/951 1592/1733/952 1590/1210/950
f 1593/1854/953 1594/1855/954 1592/1733/952
f 1595/1856/955 1596/1717/477 1594/1855/954
f 1597/1480/956 1598/1736/479 1596/1717/477
f 1599/1639/957 1600/1737/631 1598/1736/479
f 1601/1857/482 1603/1858/483 1600/1737/631
f 1602/1859/484 1604/1860/485 1603/1858/483
f 1605/1485/486 1606/1644/487 1604/1860/485
f 1607/1226/488 1608/1861/958 1606/1644/487
f 1609/1457/490 1610/1849/860 1608/1861/958
f 1611/1862/492 1612/1863/959 1610/1849/860
f 1613/1854/960 1614/1864/961 1612/1863/959
f 1615/1865/962 1616/1718/963 1614/1864/961
f 1617/1645/964 1618/1866/965 1616/1718/963
f 1619/1748/500 1620/1737/966 1618/1867/965
f 1621/1750/502 1622/1647/503 1620/1737/966
f 1623/1239/504 1624/1717/446 1622/1647/503
f 1565/1868/505 1566/1467/449 1564/1869/506
f 1583/1752/947 1575/1650/456 1567/1651/447
f 1563/1754/507 1564/1869/506 1562/1184/445
f 1572/1246/453 1574/1247/455 1571/1756/451
f 1584/1249/464 1581/1504/462 1583/1752/947
f 1604/1254/485 1606/1870/487 1603/1871/483
f 1592/1760/952 1608/1872/958 1624/1761/446
f 1632/1658/862 1628/1659/967 1748/1873/968
f 1628/1874/967 1633/1662/969 1629/1663/970
f 1633/1662/969 1630/1875/971 1629/1663/970
f 1634/1768/869 1627/1264/972 1626/1265/973
f 1634/1278/869 1632/1658/862 1627/1268/972
f 1635/1542/974 1633/1662/969 1628/1874/967
f 1636/1876/975 1630/1875/971 1633/1662/969
f 1636/1275/975 1637/1877/976 1630/1878/971
f 1631/1879/977 1634/1768/869 1626/1265/973
f 1639/1880/978 1632/1658/862 1634/1278/869
f 1635/1542/974 1641/1284/979 1636/1876/975
f 1642/1285/980 1637/1877/976 1636/1275/975
f 1637/1524/976 1638/1528/878 1634/1768/869
f 1640/1881/981 1645/1773/982 1635/1774/974
f 1638/1528/878 1647/1776/983 1639/1531/978
f 1647/1882/983 1640/1881/981 1639/1880/978
f 1645/1783/982 1649/1883/984 1641/1284/979
f 1649/1883/984 1642/1292/980 1641/1284/979
f 1650/1884/985 1643/1885/986 1642/1285/980
f 1643/1885/986 1652/1886/987 1644/1295/887
f 1652/1887/987 1638/1528/878 1644/1298/887
f 1653/1888/988 1649/1883/984 1645/1783/982
f 1654/1301/989 1650/1889/985 1649/1883/984
f 1655/1890/990 1647/1776/983 1646/1891/991
f 1656/1303/992 1648/1892/993 1647/1882/983
f 1657/1893/994 1653/1894/988 1648/1892/993
f 1650/1884/985 1659/1895/995 1651/1892/996
f 1651/1892/996 1655/1308/990 1652/1886/987
f 1655/1890/990 1646/1891/991 1652/1887/987
f 1660/1896/997 1656/1311/992 1655/1890/990
f 1653/1888/988 1661/1897/998 1654/1301/989
f 1661/1897/998 1658/1898/999 1654/1301/989
f 1659/1895/995 1662/1546/1000 1655/1308/990
f 1660/1896/997 1663/1899/1001 1656/1311/992
f 1663/1900/1001 1657/1893/994 1656/1303/992
f 1664/1901/1002 1658/1898/999 1661/1897/998
f 1663/1900/1001 1667/1902/1003 1657/1893/994
f 1667/1902/1003 1661/1903/998 1657/1893/994
f 1668/1553/1004 1664/1901/1002 1661/1897/998
f 1665/1323/1005 1669/1555/1006 1659/1895/995
f 1669/1555/1006 1662/1546/1000 1659/1895/995
f 1670/1794/1007 1660/1896/997 1662/1904/1000
f 1666/1905/1008 1667/1906/1003 1663/1899/1001
f 1671/1907/1009 1668/1559/1004 1667/1902/1003
f 1664/1901/1002 1673/1332/1010 1665/1322/1005
f 1673/1333/1010 1669/1555/1006 1665/1323/1005
f 1666/1905/1008 1675/1560/1011 1667/1906/1003
f 1676/1334/682 1672/1908/1012 1668/1553/1004
f 1677/1909/1013 1669/1555/1006 1673/1333/1010
f 1678/1337/1014 1666/1905/1008 1670/1794/1007
f 1676/1562/682 1679/1910/1015 1672/1343/1012
f 1679/1910/1015 1677/1564/1013 1672/1343/1012
f 1677/1909/1013 1680/1346/1016 1669/1555/1006
f 1680/1346/1016 1678/1911/1014 1669/1555/1006
f 1681/1912/1017 1675/1565/1011 1674/1913/1018
f 1675/1914/1011 1683/1915/1019 1671/1907/1009
f 1683/1915/1019 1679/1916/1015 1671/1907/1009
f 1684/1917/1020 1677/1564/1013 1679/1910/1015
f 1681/1912/1017 1674/1913/1018 1678/1918/1014
f 1686/1919/1021 1682/1920/1022 1681/1912/1017
f 1687/1702/1023 1684/1917/1020 1679/1910/1015
f 1685/1921/1024 1688/1354/1025 1680/1346/1016
f 1688/1354/1025 1681/1922/1017 1680/1346/1016
f 1686/1919/1021 1691/1923/1026 1682/1920/1022
f 1692/1924/1027 1685/1925/1024 1684/1917/1020
f 1693/1926/1028 1688/1354/1025 1685/1921/1024
f 1683/1915/1019 1695/1701/1029 1687/1699/1023
f 1695/1580/1029 1692/1924/1027 1687/1702/1023
f 1688/1354/1025 1696/1927/1030 1689/1928/1031
f 1696/1929/1030 1690/1930/1032 1689/1931/1031
f 1697/1932/1033 1691/1923/1026 1690/1930/1032
f 1695/1580/1029 1700/1373/1034 1692/1924/1027
f 1700/1373/1034 1693/1933/1028 1692/1924/1027
f 1696/1929/1030 1697/1932/1033 1690/1930/1032
f 1703/1934/1035 1702/1935/1036 1696/1927/1030
f 1704/1381/702 1698/1583/1037 1697/1932/1033
f 1705/1383/1038 1694/1936/1039 1698/1584/1037
f 1694/1936/1039 1707/1810/1040 1699/1585/1041
f 1707/1811/1040 1700/1373/1034 1699/1586/1041
f 1700/1373/1034 1703/1387/1035 1701/1388/1042
f 1702/1937/1036 1704/1381/702 1697/1932/1033
f 1711/1390/1043 1709/1587/590 1703/1934/1035
f 1704/1381/702 1713/1392/1044 1705/1393/1038
f 1707/1811/1040 1715/1321/1045 1708/1395/593
f 1715/1321/1045 1710/1812/1046 1708/1395/593
f 1712/1588/1047 1704/1381/702 1709/1589/590
f 1716/1938/1048 1713/1392/1044 1712/1588/1047
f 1717/1939/1049 1706/1940/1050 1713/1406/1044
f 1718/1941/1051 1714/1942/714 1706/1940/1050
f 1715/1321/1045 1720/1402/1052 1710/1812/1046
f 1720/1943/1052 1711/1390/1043 1710/1815/1046
f 1711/1390/1043 1716/1405/1048 1712/1406/1047
f 1722/1310/600 1717/1944/1049 1716/1938/1048
f 1723/1408/1053 1719/1409/1054 1714/1945/714
f 1722/1310/600 1726/1411/1055 1717/1944/1049
f 1726/1412/1055 1718/1941/1051 1717/1939/1049
f 1727/1946/1056 1723/1415/1053 1718/1941/1051
f 1728/1947/1057 1724/1948/1058 1719/1409/1054
f 1731/1949/1059 1727/1946/1056 1726/1412/1055
f 1727/1946/1056 1728/1599/1057 1723/1415/1053
f 1728/1947/1057 1729/1826/1060 1724/1948/1058
f 1729/1950/1060 1730/1711/1061 1725/1424/1062
f 1730/1951/1061 1726/1411/1055 1725/1426/1062
f 1733/1713/844 1731/1952/1059 1730/1951/1061
f 1731/1949/1059 1734/1953/1063 1727/1946/1056
f 1734/1953/1063 1728/1599/1057 1727/1946/1056
f 1735/1954/1064 1732/1955/1065 1728/1947/1057
f 1732/1955/1065 1736/1956/1066 1729/1826/1060
f 1737/1957/1067 1730/1711/1061 1729/1950/1060
f 1739/1958/1068 1734/1953/1063 1731/1949/1059
f 1740/1447/850 1739/1959/1068 1733/1714/844
f 1741/1960/1069 1743/1961/1070 1735/1614/1064
f 1736/1608/1066 1744/1962/1071 1737/1957/1067
f 1744/1962/1071 1738/1611/1072 1737/1957/1067
f 1745/1963/1073 1733/1714/844 1738/1617/1072
f 1740/1447/850 1747/1618/1074 1739/1959/1068
f 1739/1958/1068 1748/1873/968 1734/1953/1063
f 1748/1873/968 1741/1964/1069 1734/1953/1063
f 1748/1873/968 1750/1452/942 1741/1964/1069
f 1750/1840/942 1742/1841/1075 1741/1960/1069
f 1629/1663/970 1749/1965/1076 1742/1841/1075
f 1744/1962/1071 1751/1966/1077 1745/1967/1073
f 1751/1456/1077 1746/1626/1078 1745/1963/1073
f 1626/1265/973 1747/1618/1074 1746/1626/1078
f 1751/1456/1077 1626/1265/973 1746/1626/1078
f 1815/1457/444 1752/1184/445 1814/1717/446
f 1757/1844/447 1758/1718/448 1756/1467/449
f 1759/1189/450 1761/1719/451 1758/1718/448
f 1760/1845/452 1762/1721/453 1761/1719/451
f 1763/1846/859 1764/1847/455 1762/1721/453
f 1765/1194/456 1766/1848/457 1764/1847/455
f 1767/1470/458 1768/1849/459 1766/1848/457
f 1769/1724/742 1770/1725/461 1768/1849/459
f 1771/1850/462 1772/1727/463 1770/1725/461
f 1774/1472/464 1775/1728/465 1772/1727/463
f 1773/1204/466 1776/1851/467 1775/1728/465
f 1777/1206/468 1778/1730/469 1776/1852/467
f 1779/1853/1079 1780/1210/471 1778/1730/469
f 1782/1477/472 1783/1733/473 1780/1210/471
f 1781/1213/474 1784/1855/475 1783/1733/473
f 1785/1856/476 1786/1717/477 1784/1855/475
f 1787/1480/956 1788/1736/1080 1786/1717/477
f 1789/1639/480 1790/1737/631 1788/1736/1080
f 1791/1857/482 1793/1739/483 1790/1737/631
f 1792/1859/484 1794/1968/485 1793/1739/483
f 1795/1485/486 1796/1644/1081 1794/1968/485
f 1797/1226/488 1798/1861/489 1796/1644/1081
f 1799/1457/490 1800/1849/860 1798/1861/489
f 1801/1862/492 1802/1969/493 1800/1849/860
f 1803/1854/494 1804/1490/495 1802/1969/493
f 1805/1865/496 1806/1721/497 1804/1490/495
f 1807/1970/498 1808/1866/861 1806/1721/497
f 1809/1971/500 1810/1737/501 1808/1972/861
f 1811/1750/502 1812/1647/503 1810/1737/501
f 1813/1239/504 1814/1717/446 1812/1647/503
f 1755/1868/505 1756/1467/449 1754/1869/506
f 1773/1752/466 1765/1650/456 1757/1651/447
f 1753/1754/507 1754/1869/506 1752/1184/445
f 1762/1246/453 1764/1247/455 1761/1756/451
f 1774/1249/464 1771/1504/462 1773/1752/466
f 1782/1251/472 1779/1973/1079 1781/1974/474
f 1794/1254/485 1796/1870/1081 1793/1975/483
f 1806/1257/497 1808/1508/861 1804/1976/495
f 1783/1760/473 1798/1872/489 1814/1761/446
f 1824/1658/1082 1819/1659/1083 1818/1977/1084
f 1825/1516/1085 1817/1264/1086 1816/1978/1087
f 1825/1278/1085 1824/1658/1082 1817/1268/1086
f 1826/1520/1088 1820/1979/1089 1819/1874/1083
f 1826/1520/1088 1821/1875/1090 1820/1979/1089
f 1827/1275/1091 1828/1980/1092 1821/1878/1090
f 1828/1524/1092 1816/1978/1087 1823/1525/1093
f 1830/1880/1094 1824/1658/1082 1825/1278/1085
f 1824/1658/1082 1832/1527/1095 1826/1275/1088
f 1833/1284/1096 1827/1981/1091 1826/1520/1088
f 1834/1285/1097 1828/1980/1092 1827/1275/1091
f 1828/1524/1092 1829/1528/1098 1825/1516/1085
f 1836/1982/1099 1835/1526/1100 1828/1980/1092
f 1829/1528/1098 1838/1776/983 1830/1531/1094
f 1838/1882/983 1831/1881/1101 1830/1880/1094
f 1831/1881/1101 1840/1533/1102 1832/1527/1095
f 1832/1983/1095 1840/1984/1102 1833/1284/1096
f 1840/1984/1102 1834/1292/1097 1833/1284/1096
f 1841/1884/1103 1836/1982/1099 1834/1285/1097
f 1836/1982/1099 1842/1886/1104 1835/1526/1100
f 1842/1887/1104 1829/1528/1098 1835/1985/1100
f 1843/1301/1105 1841/1889/1103 1840/1984/1102
f 1844/1890/1106 1838/1776/983 1837/1891/991
f 1845/1303/992 1839/1892/1107 1838/1882/983
f 1846/1893/1108 1840/1533/1102 1839/1892/1107
f 1847/1306/1109 1843/1301/1105 1840/1984/1102
f 1841/1884/1103 1849/1895/1110 1836/1982/1099
f 1836/1982/1099 1844/1308/1106 1842/1886/1104
f 1844/1890/1106 1837/1891/991 1842/1887/1104
f 1850/1896/997 1845/1311/992 1844/1890/1106
f 1847/1306/1109 1851/1897/1111 1843/1301/1105
f 1851/1897/1111 1848/1898/999 1843/1301/1105
f 1849/1895/1110 1852/1546/1000 1844/1308/1106
f 1850/1896/997 1853/1899/1001 1845/1311/992
f 1853/1900/1001 1846/1893/1108 1845/1303/992
f 1854/1901/1002 1848/1898/999 1851/1897/1111
f 1853/1900/1001 1857/1902/1112 1846/1893/1108
f 1857/1902/1112 1851/1903/1111 1846/1893/1108
f 1858/1553/1004 1854/1901/1002 1851/1897/1111
f 1855/1323/1005 1859/1555/1113 1849/1895/1110
f 1859/1555/1113 1852/1546/1000 1849/1895/1110
f 1860/1794/1114 1850/1896/997 1852/1904/1000
f 1856/1905/1115 1857/1906/1112 1853/1899/1001
f 1861/1907/1116 1858/1559/1004 1857/1902/1112
f 1854/1901/1002 1863/1332/1010 1855/1322/1005
f 1863/1333/1010 1859/1555/1113 1855/1323/1005
f 1856/1905/1115 1865/1560/1117 1857/1906/1112
f 1866/1334/1118 1862/1908/1012 1858/1553/1004
f 1867/1909/1119 1859/1555/1113 1863/1333/1010
f 1868/1337/1120 1856/1905/1115 1860/1794/1114
f 1866/1562/1118 1869/1910/1121 1862/1343/1012
f 1869/1910/1121 1867/1564/1119 1862/1343/1012
f 1867/1909/1119 1870/1346/687 1859/1555/1113
f 1870/1346/687 1868/1986/1120 1859/1555/1113
f 1871/1352/808 1865/1565/1117 1864/1566/1122
f 1865/1914/1117 1873/1349/1123 1861/1907/1116
f 1873/1349/1123 1869/1916/1121 1861/1907/1116
f 1874/1569/1124 1867/1564/1119 1869/1910/1121
f 1868/1987/1120 1871/1352/808 1864/1566/1122
f 1877/1702/1125 1874/1569/1124 1869/1910/1121
f 1875/1353/693 1878/1354/912 1870/1346/687
f 1878/1354/912 1876/1572/813 1870/1346/687
f 1871/1352/808 1880/1923/814 1872/1920/815
f 1872/1988/815 1881/1989/816 1873/1349/1123
f 1881/1989/816 1877/1699/1125 1873/1349/1123
f 1874/1569/1124 1883/1375/916 1875/1575/693
f 1883/1807/916 1878/1354/912 1875/1353/693
f 1884/1808/818 1871/1352/808 1876/1990/813
f 1881/1989/816 1885/1701/1126 1877/1699/1125
f 1885/1580/1126 1882/1991/918 1877/1702/1125
f 1887/1703/821 1880/1923/814 1879/1704/822
f 1885/1580/1126 1890/1373/823 1882/1991/918
f 1890/1373/823 1883/1375/916 1882/1991/918
f 1892/1705/1127 1879/1704/822 1884/1808/818
f 1888/1584/825 1893/1706/826 1881/1989/816
f 1894/1934/827 1892/1707/1127 1886/1992/921
f 1895/1381/829 1888/1583/825 1887/1703/821
f 1896/1383/586 1893/1706/826 1888/1584/825
f 1893/1706/826 1897/1810/1128 1889/1585/831
f 1897/1811/1128 1890/1373/823 1889/1586/831
f 1890/1373/823 1894/1387/827 1891/1388/1129
f 1892/1705/1127 1895/1381/829 1887/1703/821
f 1901/1390/1130 1899/1587/833 1894/1934/827
f 1895/1381/829 1903/1392/591 1896/1393/586
f 1896/1383/586 1903/1394/591 1893/1706/826
f 1903/1394/591 1897/1810/1128 1893/1706/826
f 1897/1811/1128 1905/1321/1131 1898/1395/593
f 1905/1321/1131 1900/1812/1132 1898/1395/593
f 1902/1588/595 1895/1381/829 1899/1589/833
f 1906/1938/1133 1903/1392/591 1902/1588/595
f 1908/1941/1134 1904/1942/598 1903/1394/591
f 1905/1321/1131 1910/1402/1135 1900/1812/1132
f 1910/1993/1135 1901/1390/1130 1900/1815/1132
f 1901/1390/1130 1906/1405/1133 1902/1406/595
f 1911/1310/600 1907/1944/601 1906/1938/1133
f 1912/1408/1136 1909/1409/1137 1904/1945/598
f 1911/1310/600 1915/1411/1055 1907/1944/601
f 1915/1412/1055 1908/1941/1134 1907/1939/601
f 1916/1946/1138 1912/1415/1136 1908/1941/1134
f 1913/1821/1139 1917/1994/1140 1910/1993/1135
f 1917/1994/1140 1914/1424/1141 1910/1993/1135
f 1919/1949/1059 1916/1946/1138 1915/1412/1055
f 1916/1946/1138 1920/1599/1142 1912/1415/1136
f 1920/1995/1142 1913/1601/1139 1912/1408/1136
f 1921/1599/1143 1917/1994/1140 1913/1821/1139
f 1917/1994/1140 1918/1711/1144 1914/1424/1141
f 1918/1951/1144 1915/1411/1055 1914/1426/1141
f 1922/1713/844 1919/1952/1059 1918/1951/1144
f 1919/1949/1059 1923/1953/1145 1916/1946/1138
f 1923/1953/1145 1920/1599/1142 1916/1946/1138
f 1927/1958/1068 1923/1953/1145 1919/1949/1059
f 1925/1609/1146 1929/1610/1147 1917/1994/1140
f 1929/1610/1147 1926/1611/1148 1917/1994/1140
f 1930/1447/850 1927/1959/1068 1922/1714/844
f 1931/1612/1149 1928/1613/852 1924/1614/1150
f 1933/1963/853 1922/1714/844 1926/1617/1148
f 1930/1447/850 1935/1618/854 1927/1959/1068
f 1927/1958/1068 1818/1977/1084 1923/1953/1145
f 1818/1977/1084 1931/1621/1149 1923/1953/1145
f 1936/1996/1151 1932/1997/1152 1928/1613/852
f 1932/1998/1152 1938/1839/1153 1929/1610/1147
f 1938/1839/1153 1933/1967/853 1929/1610/1147
f 1937/1999/1154 1932/1997/1152 1936/1996/1151
f 1937/1452/1154 1938/1839/1153 1932/1998/1152
f 1938/1456/1153 1934/1626/858 1933/1963/853
f 1816/1978/1087 1935/1618/854 1934/1626/858
f 1936/1996/1151 1820/1979/1089 1937/1999/1154
f 1938/1456/1153 1816/1978/1087 1934/1626/858
s 0
f 2283/2406/1477 2270/2407/1477 2280/2408/1477
f 2289/2409/1478 2281/2410/1478 2287/2411/1478
f 2277/2412/1479 2282/2413/1479 2288/2414/1479
f 2274/2415/1480 2276/2416/1480 2272/2417/1480
f 2278/2418/1481 2286/2419/1481 2275/2420/1481
f 2269/2421/1482 2276/2422/1482 2275/2423/1482
f 2273/2424/1483 2272/2425/1483 2270/2407/1483
f 2277/2412/1484 2274/2426/1484 2273/2427/1484
f 2275/2420/1485 2279/2428/1485 2278/2418/1485
f 2275/2420/1486 2286/2419/1486 2285/2429/1486
f 2288/2430/1487 2278/2418/1487 2277/2431/1487
f 2287/2432/1488 2288/2430/1488 2289/2433/1488
f 2285/2434/1489 2281/2435/1489 2280/2436/1489
f 2282/2413/1490 2289/2437/1490 2288/2414/1490
f 2280/2408/1491 2284/2438/1491 2283/2406/1491
f 2280/2436/1492 2271/2439/1492 2269/2421/1492
f 2280/2408/1493 2270/2407/1493 2271/2440/1493
f 2273/2424/1494 2283/2406/1494 2282/2441/1494
f 2285/2434/1495 2269/2421/1495 2275/2423/1495
f 2295/2442/1496 2290/2443/1496 2294/2444/1496
f 2297/2445/1497 2294/2446/1497 2296/2447/1497
f 2293/2448/1498 2295/2449/1498 2297/2450/1498
f 2291/2451/1499 2292/2452/1499 2290/2453/1499
f 2293/2454/1500 2296/2455/1500 2292/2456/1500
f 2296/2457/1501 2290/2458/1501 2292/2459/1501
f 2309/2460/1502 2299/2461/1502 2306/2462/1502
f 2312/2463/1503 2307/2464/1503 2311/2465/1503
f 2304/2466/1504 2308/2467/1504 2313/2468/1504
f 2300/2469/1505 2302/2470/1505 2299/2471/1505
f 2305/2472/1506 2311/2473/1506 2303/2474/1506
f 2298/2475/1507 2302/2476/1507 2303/2477/1507
f 2304/2466/1508 2300/2478/1508 2301/2479/1508
f 2303/2474/305 2311/2473/305 2310/2480/305
f 2313/2481/306 2305/2472/306 2304/2482/306
f 2311/2465/1509 2313/2483/1509 2312/2463/1509
f 2310/2484/1510 2307/2485/1510 2306/2486/1510
f 2308/2467/1511 2312/2487/1511 2313/2468/1511
f 2306/2462/310 2299/2461/310 2298/2488/310
f 2301/2489/361 2309/2460/361 2308/2490/361
f 2310/2484/1512 2298/2475/1512 2303/2477/1512
s 1
f 2325/2491/1513 2314/2492/1514 2324/2493/1515
f 2319/2494/1516 2320/2495/1517 2318/2496/1518
f 2321/2497/1519 2322/2498/1520 2320/2495/1517
f 2323/2499/1521 2324/2500/1515 2322/2501/1520
f 2317/2502/1522 2318/2503/1518 2316/2504/1523
f 2321/2505/1519 2319/2506/1516 2315/2507/1524
f 2315/2508/1524 2316/2509/1523 2314/2492/1514
f 2320/2510/1517 2322/2511/1520 2324/2512/1515
s 0
f 2337/2460/1502 2327/2513/1502 2334/2514/1502
f 2340/2515/1503 2335/2516/1503 2339/2517/1503
f 2332/2518/1504 2336/2519/1504 2341/2520/1504
f 2328/2521/1505 2330/2522/1505 2327/2523/1505
f 2333/2524/1506 2339/2473/1506 2331/2525/1506
f 2326/2526/1507 2330/2527/1507 2331/2528/1507
f 2332/2518/1508 2328/2529/1508 2329/2530/1508
f 2331/2525/305 2339/2473/305 2338/2531/305
f 2341/2532/306 2333/2524/306 2332/2533/306
f 2339/2517/1525 2341/2483/1525 2340/2515/1525
f 2338/2534/1526 2335/2535/1526 2334/2536/1526
f 2336/2519/1511 2340/2537/1511 2341/2520/1511
f 2334/2514/1527 2327/2513/1527 2326/2538/1527
f 2329/2489/361 2337/2460/361 2336/2539/361
f 2338/2534/1512 2326/2526/1512 2331/2528/1512
s 1
f 2353/2540/1513 2342/2541/1514 2352/2542/1515
f 2347/2543/1516 2348/2544/1517 2346/2545/1518
f 2349/2546/1519 2350/2547/1520 2348/2544/1517
f 2351/2548/1521 2352/2549/1515 2350/2550/1520
f 2345/2551/1522 2346/2552/1518 2344/2553/1523
f 2349/2554/1519 2347/2555/1516 2343/2556/1524
f 2343/2557/1524 2344/2558/1523 2342/2541/1514
f 2348/2559/1517 2350/2560/1520 2352/2561/1515
s 0
f 2365/2562/1502 2355/2563/1502 2362/2564/1502
f 2368/2565/1503 2363/2566/1503 2367/2465/1503
f 2360/2567/1504 2364/2568/1504 2369/2468/1504
f 2356/2569/1505 2358/2570/1505 2355/2571/1505
f 2361/2572/1506 2367/2473/1506 2359/2573/1506
f 2354/2574/1507 2358/2575/1507 2359/2477/1507
f 2360/2567/1508 2356/2576/1508 2357/2479/1508
f 2359/2573/305 2367/2473/305 2366/2577/305
f 2369/2481/306 2361/2572/306 2360/2482/306
f 2367/2465/1525 2369/2483/1525 2368/2565/1525
f 2366/2578/1510 2363/2579/1510 2362/2486/1510
f 2364/2568/1511 2368/2580/1511 2369/2468/1511
f 2362/2564/310 2355/2563/310 2354/2488/310
f 2357/2581/311 2365/2562/311 2364/2582/311
f 2366/2578/1512 2354/2574/1512 2359/2477/1512
s 1
f 2381/2583/1513 2370/2584/1514 2380/2585/1515
f 2375/2586/1516 2376/2587/1517 2374/2588/1518
f 2377/2589/1519 2378/2590/1520 2376/2587/1517
f 2379/2591/1521 2380/2592/1515 2378/2593/1520
f 2373/2594/1522 2374/2595/1518 2372/2596/1523
f 2377/2597/1519 2375/2598/1516 2371/2599/1524
f 2371/2600/1524 2372/2601/1523 2370/2584/1514
f 2376/2602/1517 2378/2603/1520 2380/2604/1515
s 0
f 2393/2562/1528 2383/2513/1528 2391/2605/1528
f 2396/2515/1529 2390/2606/1529 2395/2607/1529
f 2388/2608/1504 2392/2609/1504 2397/2520/1504
f 2384/2610/1505 2386/2611/1505 2383/2523/1505
f 2389/2524/1506 2395/2473/1506 2387/2612/1506
f 2382/2613/1507 2386/2527/1507 2387/2528/1507
f 2388/2608/1508 2384/2529/1508 2385/2530/1508
f 2387/2612/305 2395/2473/305 2394/2614/305
f 2397/2615/306 2389/2524/306 2388/2616/306
f 2395/2607/1525 2397/2483/1525 2396/2515/1525
f 2394/2617/1530 2390/2618/1530 2391/2619/1530
f 2392/2609/1511 2396/2537/1511 2397/2520/1511
f 2391/2605/360 2383/2513/360 2382/2620/360
f 2385/2489/361 2393/2562/361 2392/2621/361
f 2394/2617/1512 2382/2613/1512 2387/2528/1512
s 1
f 2409/2622/1531 2398/2623/1532 2408/2624/1533
f 2403/2625/1534 2404/2626/1535 2402/2627/1536
f 2405/2628/1537 2406/2629/1538 2404/2626/1535
f 2407/2630/1539 2408/2631/1533 2406/2632/1538
f 2401/2633/1540 2402/2634/1536 2400/2635/1541
f 2407/2636/1539 2405/2637/1537 2403/2638/1534
f 2399/2639/1542 2400/2640/1541 2398/2623/1532
f 2406/2641/1538 2408/2642/1533 2400/2643/1541
f 2414/2644/1543 2415/2645/1544 2413/2646/1545
f 2416/2647/1546 2418/2648/1547 2415/2645/1544
f 2417/2649/1548 2419/2650/1549 2418/2648/1547
f 2420/2651/1550 2421/2652/1551 2419/2650/1549
f 2423/2653/1552 2424/2654/1553 2421/2652/1551
f 2422/2655/1554 2425/2656/1555 2424/2657/1553
f 2426/2658/1556 2428/2659/1557 2425/2656/1555
f 2427/2660/1558 2429/2661/1559 2428/2659/1557
f 2430/2662/1560 2432/2663/1561 2429/2661/1559
f 2431/2664/1562 2433/2665/1563 2432/2663/1561
f 2435/2666/1564 2436/2667/1565 2433/2665/1563
f 2437/2668/1566 2438/2669/1567 2436/2667/1565
f 2439/2670/1568 2442/2671/1569 2438/2654/1567
f 2441/2672/1570 2410/2673/1571 2442/2671/1569
f 2412/2674/1572 2413/2646/1545 2411/2675/1573
f 2437/2676/1566 2422/2677/1554 2414/2678/1543
f 2412/2674/1572 2411/2675/1573 2410/2673/1571
f 2415/2679/1544 2418/2680/1547 2413/2681/1545
f 2423/2682/1552 2420/2683/1550 2422/2677/1554
f 2424/2684/1553 2425/2685/1555 2421/2686/1551
f 2429/2687/1559 2432/2688/1561 2428/2689/1557
f 2439/2690/1568 2440/2691/1574 2441/2692/1570
f 2421/2686/1551 2432/2688/1561 2442/2693/1569
f 2461/2694/1575 2444/2695/1576 2460/2696/1577
f 2447/2697/1578 2446/2698/1579 2445/2699/1580
f 2448/2700/1581 2449/2701/1582 2446/2698/1579
f 2448/2700/1581 2450/2702/1583 2449/2701/1582
f 2452/2703/1584 2453/2704/1585 2450/2705/1583
f 2454/2706/1586 2455/2707/1587 2453/2704/1585
f 2457/2708/1588 2456/2709/1589 2455/2707/1587
f 2458/2710/1590 2459/2711/1591 2456/2709/1589
f 2458/2710/1590 2460/2712/1577 2459/2711/1591
f 2448/2713/1581 2443/2714/1592 2454/2715/1586
f 2443/2716/1592 2445/2699/1580 2444/2695/1576
f 2452/2717/1584 2451/2718/1593 2454/2715/1586
f 2476/2740/1607 2485/2741/1608 2477/2742/1609
f 2485/2743/1608 2478/2744/1610 2477/2745/1609
f 2485/2743/1608 2486/2746/1611 2478/2744/1610
f 2491/2747/1612 2493/2748/1613 2482/2749/1614
f 2493/2748/1613 2488/2750/1615 2482/2749/1614
f 2494/2751/1616 2489/2752/1617 2488/2753/1615
f 2496/2754/1618 2487/2755/1619 2490/2756/1620
f 2487/2755/1619 2498/2757/1621 2491/2758/1612
f 2500/2759/1622 2494/2760/1616 2493/2748/1613
f 2501/2761/1623 2495/2762/1624 2494/2751/1616
f 2502/2763/1625 2499/2764/1626 2492/2765/1627
f 2496/2754/1618 2504/2766/1628 2497/2767/1629
f 2504/2766/1628 2498/2757/1621 2497/2767/1629
f 2506/2768/1630 2502/2769/1625 2495/2762/1624
f 2508/2770/1631 2507/2771/1632 2502/2763/1625
f 2509/2772/1633 2504/2766/1628 2503/2773/1634
f 2510/2774/1635 2505/2775/1636 2504/2766/1628
f 2511/2776/1637 2500/2759/1622 2505/2777/1636
f 2512/2778/1638 2501/2779/1623 2500/2759/1622
f 2513/2780/1639 2506/2768/1630 2501/2761/1623
f 2514/2781/1640 2508/2782/1631 2506/2768/1630
f 2515/2783/1641 2509/2784/1633 2507/2771/1632
f 2509/2772/1633 2517/2785/1642 2510/2774/1635
f 2517/2785/1642 2511/2786/1637 2510/2774/1635
f 2512/2778/1638 2519/2787/1643 2513/2788/1639
f 2519/2789/1643 2514/2781/1640 2513/2780/1639
f 2514/2781/1640 2521/2790/1644 2508/2782/1631
f 2521/2791/1644 2522/2792/1645 2515/2783/1641
f 2517/2793/1642 2523/2794/1646 2518/2795/1647
f 2523/2796/1646 2512/2778/1638 2518/2797/1647
f 2524/2798/1648 2519/2787/1643 2512/2778/1638
f 2525/2799/1649 2520/2800/1650 2519/2801/1643
f 2526/2802/1651 2521/2803/1644 2520/2800/1650
f 2527/2804/1652 2522/2792/1645 2521/2791/1644
f 2522/2792/1645 2528/2805/1653 2516/2806/1654
f 2516/2807/1654 2529/2808/1655 2517/2793/1642
f 2529/2808/1655 2523/2794/1646 2517/2793/1642
f 2525/2799/1649 2526/2802/1651 2520/2800/1650
f 2529/2808/1655 2530/2809/1656 2523/2794/1646
f 2530/2810/1656 2524/2798/1648 2523/2796/1646
f 2527/2804/1652 2532/2811/1657 2522/2792/1645
f 2524/2798/1648 2534/2812/1658 2525/2813/1649
f 2534/2814/1658 2526/2802/1651 2525/2799/1649
f 2535/2815/1659 2532/2811/1657 2527/2804/1652
f 2532/2811/1657 2536/2816/1660 2528/2805/1653
f 2528/2817/1653 2537/2818/1661 2529/2808/1655
f 2537/2818/1661 2530/2809/1656 2529/2808/1655
f 2537/2818/1661 2539/2819/1662 2530/2809/1656
f 2539/2820/1662 2533/2821/1663 2530/2810/1656
f 2533/2821/1663 2540/2822/1664 2534/2812/1658
f 2531/2823/1665 2542/2824/1666 2535/2825/1659
f 2543/2826/1667 2540/2822/1664 2533/2821/1663
f 2536/2827/1660 2545/2828/1668 2537/2818/1661
f 2545/2828/1668 2539/2819/1662 2537/2818/1661
f 2543/2826/1667 2546/2829/1669 2540/2822/1664
f 2546/2830/1669 2541/2831/1670 2540/2832/1664
f 2541/2831/1670 2548/2833/1671 2542/2824/1666
f 2548/2834/1671 2538/2835/1672 2542/2836/1666
f 2549/2837/1673 2544/2838/1674 2538/2835/1672
f 2545/2828/1668 2550/2839/1675 2539/2819/1662
f 2550/2840/1675 2543/2826/1667 2539/2820/1662
f 2544/2841/1674 2553/2842/1676 2545/2828/1668
f 2553/2842/1676 2550/2839/1675 2545/2828/1668
f 2551/2843/1677 2554/2844/1678 2546/2829/1669
f 2555/2845/1679 2549/2837/1673 2548/2834/1671
f 2557/2846/1680 2555/2847/1679 2547/2848/1681
f 2556/2849/1682 2558/2850/1683 2552/2851/1684
f 2552/2852/1684 2559/2853/1685 2553/2842/1676
f 2559/2853/1685 2550/2839/1675 2553/2842/1676
f 2560/2854/1686 2551/2843/1677 2550/2840/1675
f 2561/2855/1687 2547/2848/1681 2554/2856/1678
f 2560/2854/1686 2562/2857/1688 2551/2843/1677
f 2562/2857/1688 2561/2858/1687 2551/2843/1677
f 2563/2859/1689 2555/2847/1679 2557/2846/1680
f 2555/2845/1679 2565/2860/1690 2556/2849/1682
f 2565/2860/1690 2558/2850/1683 2556/2849/1682
f 2566/2861/1691 2559/2853/1685 2558/2862/1683
f 2559/2853/1685 2568/2863/1692 2560/2864/1686
f 2568/2865/1692 2562/2857/1688 2560/2854/1686
f 2569/2866/1693 2557/2846/1680 2561/2855/1687
f 2570/2867/1694 2564/2868/1695 2563/2859/1689
f 2566/2861/1691 2572/2869/1696 2567/2870/1697
f 2572/2869/1696 2568/2863/1692 2567/2870/1697
f 2564/2871/1695 2575/2872/1698 2565/2860/1690
f 2575/2872/1698 2571/2873/1699 2565/2860/1690
f 2576/2874/1700 2569/2875/1693 2562/2857/1688
f 2577/2876/1701 2570/2877/1694 2569/2878/1693
f 2571/2879/1699 2579/2880/1702 2572/2881/1696
f 2579/2880/1702 2573/2882/1703 2572/2881/1696
f 2580/2883/1704 2576/2874/1700 2573/2884/1703
f 2476/2740/1607 2574/2885/1705 2570/2877/1694
f 2574/2886/1705 2478/2744/1610 2575/2872/1698
f 2478/2744/1610 2578/2887/1706 2575/2872/1698
f 2577/2876/1701 2476/2740/1607 2570/2877/1694
f 2578/2888/1706 2480/2853/1707 2579/2880/1702
f 2480/2853/1707 2580/2889/1704 2579/2880/1702
f 2580/2883/1704 2482/2749/1614 2576/2874/1700
f 2482/2749/1614 2483/2890/1708 2576/2874/1700
s 0
f 2652/3002/1774 2647/3003/1774 2651/3004/1774
f 2654/3005/1775 2651/3006/1775 2653/3007/1775
f 2650/3008/1776 2652/3009/1776 2654/3010/1776
f 2648/3011/1777 2649/3012/1777 2647/3003/1777
f 2650/3013/1778 2653/3007/1778 2649/3014/1778
f 2653/3015/1779 2647/3016/1779 2649/3017/1779
f 2660/3018/1780 2655/3019/1780 2659/3020/1780
f 2662/3021/1781 2659/3022/1781 2661/3023/1781
f 2658/3024/1782 2660/3025/1782 2662/3026/1782
f 2656/3027/1783 2657/3028/1783 2655/3019/1783
f 2658/3029/1784 2661/3023/1784 2657/3030/1784
f 2661/3031/1785 2655/3032/1785 2657/3033/1785
f 2668/3034/1786 2663/3035/1786 2667/3036/1786
f 2670/3037/1787 2667/3038/1787 2669/3039/1787
f 2666/3040/1779 2668/3041/1779 2670/3042/1779
f 2664/3043/1788 2665/3044/1788 2663/3035/1788
f 2666/3045/1789 2669/3039/1789 2665/3046/1789
f 2669/3047/1776 2663/3048/1776 2665/3049/1776
f 2676/3050/1790 2671/3051/1790 2675/3052/1790
f 2678/3053/1791 2675/3054/1791 2677/3055/1791
f 2674/3056/1785 2676/3057/1785 2678/3058/1785
f 2672/3059/1792 2673/3060/1792 2671/3051/1792
f 2674/3061/1793 2677/3055/1793 2673/3062/1793
f 2677/3063/1782 2671/3064/1782 2673/3065/1782
s 1
f 2696/3066/1794 2679/3067/1795 2694/3068/1796
f 2681/3069/1797 2682/3070/1798 2680/3071/1799
f 2683/3072/1800 2684/3073/1801 2682/3070/1798
f 2686/3074/1802 2687/3075/1803 2684/3076/1801
f 2686/3074/1802 2688/3077/1804 2687/3075/1803
f 2689/3078/1805 2690/3079/1806 2688/3077/1804
f 2691/3080/1807 2692/3081/1808 2690/3079/1806
f 2693/3082/1809 2694/3083/1796 2692/3081/1808
f 2689/3084/1805 2686/3085/1802 2681/3086/1797
f 2696/3066/1794 2680/3071/1799 2679/3067/1795
f 2694/3087/1796 2682/3088/1798 2687/3089/1803
f 2719/3090/1810 2697/3091/1811 2718/3092/1812
f 2701/3093/1813 2702/3094/1814 2700/3095/1815
f 2703/3096/1816 2704/3097/1817 2702/3094/1814
f 2706/3098/1818 2705/3099/1819 2704/3097/1817
f 2706/3098/1818 2707/3100/1820 2705/3099/1819
f 2708/3101/1821 2711/3102/1822 2707/3103/1820
f 2710/3104/1823 2712/3105/1824 2711/3102/1822
f 2713/3106/1825 2714/3107/1826 2712/3105/1824
f 2713/3106/1825 2715/3108/1827 2714/3107/1826
f 2716/3109/1828 2718/3110/1812 2715/3108/1827
f 2703/3111/1816 2698/3112/1829 2709/3113/1830
f 2699/3114/1831 2700/3095/1815 2697/3091/1811
f 2705/3115/1819 2707/3116/1820 2704/3117/1817
f 2710/3118/1823 2708/3119/1821 2709/3113/1830
f 2717/3120/1832 2713/3121/1825 2716/3122/1828
f 2699/3123/1831 2719/3124/1810 2698/3112/1829
f 2711/3125/1822 2714/3126/1826 2697/3127/1811
f 2733/3128/1833 2720/3129/1834 2732/3130/1835
f 2723/3131/1836 2724/3132/1837 2722/3133/1838
f 2725/3134/1839 2726/3135/1840 2724/3136/1837
f 2727/3137/1841 2728/3138/1842 2726/3135/1840
f 2729/3139/1843 2730/3140/1844 2728/3138/1842
f 2731/3141/1845 2732/3142/1835 2730/3143/1844
f 2721/3144/1846 2722/3145/1838 2720/3129/1834
f 2725/3146/1839 2721/3147/1846 2731/3148/1845
f 2722/3149/1838 2728/3150/1842 2732/3151/1835
f 2755/3178/1866 2756/3179/1867 2754/3180/1868
f 2757/3181/1869 2758/3182/1870 2756/3179/1867
f 2760/3183/1871 2761/3184/1872 2758/3185/1870
f 2762/3186/1873 2763/3187/1874 2761/3184/1872
f 2764/3188/1875 2765/3189/1876 2763/3187/1874
f 2766/3190/1877 2767/3191/1878 2765/3189/1876
f 2768/3192/1879 2753/3193/1880 2767/3194/1878
f 2764/3195/1875 2760/3196/1871 2755/3197/1866
f 2769/3198/1881 2754/3180/1868 2753/3193/1880
f 2756/3199/1867 2761/3200/1872 2765/3201/1876
f 2772/3202/1866 2773/3179/1867 2771/3180/1868
f 2774/3203/1869 2775/3182/1870 2773/3179/1867
f 2777/3183/1871 2778/3184/1872 2775/3185/1870
f 2779/3186/1873 2780/3187/1874 2778/3184/1872
f 2781/3188/1875 2782/3189/1876 2780/3187/1874
f 2783/3190/1877 2784/3204/1878 2782/3189/1876
f 2785/3192/1879 2770/3205/1880 2784/3206/1878
f 2781/3195/1875 2777/3196/1871 2772/3207/1866
f 2786/3198/1881 2771/3180/1868 2770/3205/1880
f 2773/3199/1867 2778/3200/1872 2782/3201/1876
f 2794/3208/1882 2787/3209/1883 2793/3210/1884
f 2790/3211/1885 2791/3212/1886 2789/3213/1887
f 2792/3214/1888 2793/3215/1884 2791/3212/1886
f 2788/3216/1889 2789/3217/1887 2787/3209/1883
f 2794/3218/1882 2792/3219/1888 2790/3220/1885
f 2789/3221/1887 2791/3222/1886 2793/3223/1884
f 2802/3224/1882 2795/3225/1883 2801/3226/1884
f 2798/3227/1885 2799/3228/1886 2797/3229/1887
f 2800/3230/1888 2801/3231/1884 2799/3228/1886
f 2796/3232/1890 2797/3233/1887 2795/3225/1883
f 2802/3234/1882 2800/3235/1888 2798/3236/1885
f 2797/3237/1887 2799/3238/1886 2801/3239/1884
f 2810/3240/1882 2803/3241/1883 2809/3242/1884
f 2806/3243/1885 2807/3244/1886 2805/3245/1887
f 2808/3246/1888 2809/3247/1884 2807/3244/1886
f 2804/3248/1889 2805/3249/1887 2803/3241/1883
f 2810/3250/1882 2808/3251/1888 2806/3252/1885
f 2805/3253/1887 2807/3254/1886 2809/3255/1884
f 2818/3256/1882 2811/3257/1883 2817/3258/1884
f 2814/3259/1885 2815/3260/1886 2813/3245/1887
f 2816/3261/1888 2817/3262/1884 2815/3260/1886
f 2812/3263/1889 2813/3264/1887 2811/3257/1883
f 2818/3265/1882 2816/3266/1888 2814/3267/1885
f 2813/3268/1887 2815/3269/1886 2817/3270/1884
s 0
f 2830/3271/1891 2820/3272/1891 2828/3273/1891
f 2833/3274/1892 2827/3275/1892 2832/3276/1892
f 2825/3277/1893 2829/3278/1893 2834/3279/1893
f 2821/3280/1894 2824/3281/1894 2819/3282/1894
f 2826/3283/1895 2832/3284/1895 2823/3285/1895
f 2819/3286/1896 2824/3287/1896 2823/3288/1896
f 2822/3289/1897 2819/3282/1897 2820/3290/1897
f 2823/3285/1898 2832/3284/1898 2831/3291/1898
f 2834/3292/1899 2826/3283/1899 2825/3293/1899
f 2832/3276/1900 2834/3294/1900 2833/3274/1900
f 2829/3278/1901 2833/3295/1901 2834/3279/1901
f 2828/3296/1902 2829/3297/1902 2830/3298/1902
f 2827/3299/1903 2820/3300/1903 2819/3286/1903
f 2821/3301/1904 2830/3302/1904 2829/3278/1904
f 2831/3303/1905 2819/3286/1905 2823/3288/1905
f 2840/3304/1906 2835/3305/1906 2839/3306/1906
f 2842/3307/1907 2839/3308/1907 2841/3309/1907
f 2838/3310/1908 2840/3311/1908 2842/3312/1908
f 2836/3313/1909 2837/3314/1909 2835/3315/1909
f 2838/3316/1910 2841/3317/1910 2837/3318/1910
f 2841/3319/1911 2835/3320/1911 2837/3321/1911
f 2848/3322/1912 2843/3323/1912 2847/3324/1912
f 2850/3325/1913 2847/3326/1913 2849/3327/1913
f 2846/3328/1914 2848/3329/1914 2850/3330/1914
f 2844/3331/1915 2845/3332/1915 2843/3333/1915
f 2846/3334/1916 2849/3335/1916 2845/3336/1916
f 2849/3337/1917 2843/3338/1917 2845/3339/1917
s 1
f 2862/3343/1918 2855/3344/1919 2861/3345/1920
f 2858/3346/1921 2859/3347/1922 2857/3348/1923
f 2860/3349/1924 2861/3350/1920 2859/3347/1922
f 2856/3351/1925 2857/3352/1923 2855/3344/1919
f 2860/3353/1924 2858/3354/1921 2856/3355/1925
f 2870/3356/1926 2863/3357/1927 2869/3358/1928
f 2866/3359/1929 2867/3360/1930 2865/3361/1931
f 2868/3362/1932 2869/3363/1928 2867/3360/1930
f 2864/3364/1933 2865/3365/1931 2863/3357/1927
f 2868/3366/1932 2866/3367/1929 2864/3368/1933
f 2869/3369/1928 2865/3370/1931 2867/3371/1930
f 2873/3372/1934 2876/3373/1935 2874/3374/1936
f 2875/3375/1937 2878/3376/1938 2876/3377/1935
f 2879/3378/1939 2871/3379/1940 2878/3376/1938
f 2872/3380/1941 2879/3381/1939 2875/3382/1937
f 2872/3383/1941 2874/3374/1936 2871/3384/1940
f 2887/3385/1942 2881/3386/1943 2888/3387/1944
f 2884/3388/1945 2885/3389/1946 2883/3390/1947
f 2886/3391/1948 2888/3392/1944 2885/3389/1946
f 2882/3393/1949 2883/3394/1947 2881/3386/1943
f 2880/3395/1950 2887/3396/1942 2884/3397/1945
f 2885/3398/1946 2888/3399/1944 2881/3400/1943
s 0
f 2910/3401/1951 2890/3402/1951 2907/3403/1951
f 2917/3404/1952 2905/3405/1952 2916/3406/1952
f 2901/3407/1953 2909/3408/1953 2920/3409/1953
f 2894/3410/1954 2897/3411/1954 2892/3412/1954
f 2902/3413/1955 2914/3414/1955 2899/3415/1955
f 2889/3416/1956 2898/3417/1956 2900/3418/1956
f 2891/3419/1957 2897/3411/1957 2898/3420/1957
f 2893/3413/1958 2892/3421/1958 2890/3402/1958
f 2901/3407/1959 2896/3422/1959 2895/3423/1959
f 2903/3424/1960 2894/3410/1960 2896/3425/1960
f 2899/3415/1961 2904/3426/1961 2902/3413/1961
f 2900/3418/1962 2915/3427/1962 2913/3428/1962
f 2900/3429/1963 2914/3414/1963 2915/3430/1963
f 2920/3409/1964 2903/3431/1964 2901/3407/1964
f 2920/3432/1965 2902/3413/1965 2903/3433/1965
f 2916/3406/1966 2919/3434/1966 2917/3404/1966
f 2913/3428/1967 2906/3435/1967 2908/3436/1967
f 2915/3437/1968 2905/3405/1968 2906/3438/1968
f 2909/3408/1969 2918/3439/1969 2920/3409/1969
f 2911/3440/1970 2917/3404/1970 2918/3441/1970
f 2907/3403/1971 2912/3442/1971 2910/3401/1971
f 2908/3436/1972 2891/3443/1972 2889/3416/1972
f 2908/3444/1973 2890/3402/1973 2891/3445/1973
f 2895/3423/1974 2911/3446/1974 2909/3408/1974
f 2895/3447/1975 2910/3401/1975 2911/3448/1975
f 2913/3428/1976 2889/3416/1976 2900/3418/1976
f 2926/3449/1977 2921/3450/1977 2925/3451/1977
f 2928/3452/1978 2925/3453/1978 2927/3454/1978
f 2924/3455/1979 2926/3456/1979 2928/3457/1979
f 2922/3458/1980 2923/3459/1980 2921/3460/1980
f 2924/3461/1981 2927/3462/1981 2923/3463/1981
f 2927/3464/1982 2921/3465/1982 2923/3466/1982
f 2934/3467/1983 2929/3468/1983 2933/3469/1983
f 2936/3470/1984 2933/3471/1984 2935/3472/1984
f 2932/3473/1985 2934/3474/1985 2936/3475/1985
f 2930/3476/1986 2931/3477/1986 2929/3478/1986
f 2932/3473/1987 2935/3479/1987 2931/3480/1987
f 2935/3481/1988 2929/3468/1988 2931/3482/1988
f 2942/3483/1983 2937/3468/1983 2941/3484/1983
f 2944/3485/1984 2941/3486/1984 2943/3487/1984
f 2940/3473/1985 2942/3488/1985 2944/3475/1985
f 2938/3476/1986 2939/3477/1986 2937/3478/1986
f 2940/3473/1987 2943/3489/1987 2939/3480/1987
f 2943/3490/1988 2937/3468/1988 2939/3482/1988
f 2950/3483/1983 2945/3468/1983 2949/3484/1983
f 2952/3485/1984 2949/3486/1984 2951/3487/1984
f 2948/3473/1985 2950/3488/1985 2952/3475/1985
f 2946/3476/1986 2947/3477/1986 2945/3478/1986
f 2948/3473/1987 2951/3489/1987 2947/3480/1987
f 2951/3490/1988 2945/3468/1988 2947/3482/1988
f 2958/3491/1983 2953/3468/1983 2957/3492/1983
f 2960/3493/1984 2957/3494/1984 2959/3495/1984
f 2956/3473/1985 2958/3496/1985 2960/3497/1985
f 2954/3476/1986 2955/3477/1986 2953/3478/1986
f 2956/3473/1987 2959/3479/1987 2955/3480/1987
f 2959/3498/1988 2953/3468/1988 2955/3482/1988
f 2966/3491/1983 2961/3499/1983 2965/3492/1983
f 2968/3493/1984 2965/3494/1984 2967/3495/1984
f 2964/3500/1985 2966/3496/1985 2968/3497/1985
f 2962/3501/1986 2963/3502/1986 2961/3503/1986
f 2964/3500/1987 2967/3479/1987 2963/3504/1987
f 2967/3498/1988 2961/3499/1988 2963/3505/1988
f 2974/3506/1983 2969/3468/1983 2973/3469/1983
f 2976/3485/1984 2973/3471/1984 2975/3472/1984
f 2972/3507/1985 2974/3508/1985 2976/3509/1985
f 2970/3510/1986 2971/3477/1986 2969/3478/1986
f 2972/3507/1987 2975/3479/1987 2971/3480/1987
f 2975/3481/1988 2969/3468/1988 2971/3482/1988
f 2982/3511/1983 2977/3468/1983 2981/3484/1983
f 2984/3485/1984 2981/3486/1984 2983/3487/1984
f 2980/3507/1985 2982/3512/1985 2984/3509/1985
f 2978/3510/1986 2979/3477/1986 2977/3478/1986
f 2980/3507/1987 2983/3489/1987 2979/3480/1987
f 2983/3490/1988 2977/3468/1988 2979/3482/1988
f 2990/3511/1983 2985/3468/1983 2989/3484/1983
f 2992/3485/1984 2989/3486/1984 2991/3487/1984
f 2988/3507/1985 2990/3512/1985 2992/3509/1985
f 2986/3510/1986 2987/3477/1986 2985/3478/1986
f 2988/3507/1987 2991/3489/1987 2987/3480/1987
f 2991/3490/1988 2985/3468/1988 2987/3482/1988
f 2998/3513/1983 2993/3468/1983 2997/3492/1983
f 3000/3493/1984 2997/3494/1984 2999/3495/1984
f 2996/3507/1985 2998/3514/1985 3000/3515/1985
f 2994/3510/1986 2995/3477/1986 2993/3478/1986
f 2996/3507/1987 2999/3479/1987 2995/3480/1987
f 2999/3498/1988 2993/3468/1988 2995/3482/1988
f 3006/3513/1983 3001/3499/1983 3005/3492/1983
f 3008/3493/1984 3005/3494/1984 3007/3495/1984
f 3004/3516/1985 3006/3514/1985 3008/3515/1985
f 3002/3517/1986 3003/3502/1986 3001/3503/1986
f 3004/3516/1987 3007/3479/1987 3003/3504/1987
f 3007/3498/1988 3001/3499/1988 3003/3505/1988
f 3014/3511/1983 3009/3518/1983 3013/3519/1983
f 3016/3520/1984 3013/3486/1984 3015/3521/1984
f 3012/3522/1985 3014/3512/1985 3016/3523/1985
f 3010/3510/1986 3011/3524/1986 3009/3525/1986
f 3012/3522/1987 3015/3526/1987 3011/3527/1987
f 3015/3528/1988 3009/3518/1988 3011/3529/1988
f 3022/3530/1983 3017/3518/1983 3021/3531/1983
f 3024/3520/1984 3021/3532/1984 3023/3533/1984
f 3020/3522/1985 3022/3512/1985 3024/3534/1985
f 3018/3510/1986 3019/3524/1986 3017/3525/1986
f 3020/3522/1987 3023/3535/1987 3019/3527/1987
f 3023/3536/1988 3017/3518/1988 3019/3529/1988
f 3030/3530/1983 3025/3518/1983 3029/3531/1983
f 3032/3520/1984 3029/3532/1984 3031/3533/1984
f 3028/3522/1985 3030/3512/1985 3032/3534/1985
f 3026/3510/1986 3027/3524/1986 3025/3525/1986
f 3028/3522/1987 3031/3535/1987 3027/3527/1987
f 3031/3536/1988 3025/3518/1988 3027/3529/1988
f 3038/3537/1983 3033/3518/1983 3037/3538/1983
f 3040/3539/1984 3037/3540/1984 3039/3541/1984
f 3036/3522/1985 3038/3542/1985 3040/3543/1985
f 3034/3510/1986 3035/3524/1986 3033/3525/1986
f 3036/3522/1987 3039/3544/1987 3035/3527/1987
f 3039/3545/1988 3033/3518/1988 3035/3529/1988
f 3046/3537/1983 3041/3546/1983 3045/3538/1983
f 3048/3539/1984 3045/3540/1984 3047/3541/1984
f 3044/3500/1985 3046/3542/1985 3048/3543/1985
f 3042/3510/1986 3043/3547/1986 3041/3548/1986
f 3044/3500/1987 3047/3544/1987 3043/3549/1987
f 3047/3545/1988 3041/3546/1988 3043/3550/1988
f 3054/3511/1983 3049/3518/1983 3053/3519/1983
f 3056/3520/1984 3053/3486/1984 3055/3521/1984
f 3052/3522/1985 3054/3512/1985 3056/3523/1985
f 3050/3510/1986 3051/3524/1986 3049/3525/1986
f 3052/3522/1987 3055/3526/1987 3051/3527/1987
f 3055/3528/1988 3049/3518/1988 3051/3529/1988
f 3062/3530/1983 3057/3518/1983 3061/3531/1983
f 3064/3520/1984 3061/3532/1984 3063/3533/1984
f 3060/3522/1985 3062/3512/1985 3064/3534/1985
f 3058/3510/1986 3059/3524/1986 3057/3525/1986
f 3060/3522/1987 3063/3535/1987 3059/3527/1987
f 3063/3536/1988 3057/3518/1988 3059/3529/1988
f 3070/3530/1983 3065/3518/1983 3069/3531/1983
f 3072/3520/1984 3069/3532/1984 3071/3533/1984
f 3068/3522/1985 3070/3512/1985 3072/3534/1985
f 3066/3510/1986 3067/3524/1986 3065/3525/1986
f 3068/3522/1987 3071/3535/1987 3067/3527/1987
f 3071/3536/1988 3065/3518/1988 3067/3529/1988
f 3078/3537/1983 3073/3518/1983 3077/3538/1983
f 3080/3539/1984 3077/3540/1984 3079/3541/1984
f 3076/3522/1985 3078/3542/1985 3080/3543/1985
f 3074/3510/1986 3075/3524/1986 3073/3525/1986
f 3076/3522/1987 3079/3544/1987 3075/3527/1987
f 3079/3545/1988 3073/3518/1988 3075/3529/1988
f 3086/3537/1983 3081/3546/1983 3085/3538/1983
f 3088/3539/1984 3085/3540/1984 3087/3541/1984
f 3084/3500/1985 3086/3542/1985 3088/3543/1985
f 3082/3510/1986 3083/3547/1986 3081/3548/1986
f 3084/3500/1987 3087/3544/1987 3083/3549/1987
f 3087/3545/1988 3081/3546/1988 3083/3550/1988
f 3094/3511/1983 3089/3518/1983 3093/3519/1983
f 3096/3520/1984 3093/3486/1984 3095/3521/1984
f 3092/3522/1985 3094/3512/1985 3096/3523/1985
f 3090/3510/1986 3091/3524/1986 3089/3525/1986
f 3092/3522/1987 3095/3526/1987 3091/3527/1987
f 3095/3528/1988 3089/3518/1988 3091/3529/1988
f 3102/3530/1983 3097/3518/1983 3101/3531/1983
f 3104/3520/1984 3101/3532/1984 3103/3533/1984
f 3100/3522/1985 3102/3512/1985 3104/3534/1985
f 3098/3510/1986 3099/3524/1986 3097/3525/1986
f 3100/3522/1987 3103/3535/1987 3099/3527/1987
f 3103/3536/1988 3097/3518/1988 3099/3529/1988
f 3110/3530/1983 3105/3518/1983 3109/3531/1983
f 3112/3520/1984 3109/3532/1984 3111/3533/1984
f 3108/3522/1985 3110/3512/1985 3112/3534/1985
f 3106/3510/1986 3107/3524/1986 3105/3525/1986
f 3108/3522/1987 3111/3535/1987 3107/3527/1987
f 3111/3536/1988 3105/3518/1988 3107/3529/1988
f 3118/3537/1983 3113/3518/1983 3117/3538/1983
f 3120/3539/1984 3117/3540/1984 3119/3541/1984
f 3116/3522/1985 3118/3542/1985 3120/3543/1985
f 3114/3510/1986 3115/3524/1986 3113/3525/1986
f 3116/3522/1987 3119/3544/1987 3115/3527/1987
f 3119/3545/1988 3113/3518/1988 3115/3529/1988
f 3126/3537/1983 3121/3546/1983 3125/3538/1983
f 3128/3539/1984 3125/3540/1984 3127/3541/1984
f 3124/3500/1985 3126/3542/1985 3128/3543/1985
f 3122/3510/1986 3123/3547/1986 3121/3548/1986
f 3124/3500/1987 3127/3544/1987 3123/3549/1987
f 3127/3545/1988 3121/3546/1988 3123/3550/1988
f 3134/3551/1989 3129/3552/1989 3133/3553/1989
f 3136/3554/1990 3133/3555/1990 3135/3556/1990
f 3132/3557/1991 3134/3558/1991 3136/3559/1991
f 3130/3560/1992 3131/3561/1992 3129/3562/1992
f 3132/3563/1993 3135/3564/1993 3131/3565/1993
f 3135/3566/1994 3129/3567/1994 3131/3568/1994
f 3156/3569/1995 3149/3570/1995 3137/3571/1995
f 3138/3572/1996 3147/3573/1996 3142/3574/1996
f 3154/3572/1997 3163/3573/1997 3165/3575/1997
f 3146/3576/1998 3157/3577/1998 3144/3578/1998
f 3166/3579/1999 3145/3580/1999 3150/3581/1999
f 3138/3572/2000 3139/3582/2000 3137/3583/2000
f 3146/3576/2001 3148/3584/2001 3145/3585/2001
f 3162/3586/2002 3164/3587/2002 3161/3588/2002
f 3166/3579/2003 3167/3589/2003 3165/3590/2003
f 3142/3574/2004 3140/3591/2004 3138/3572/2004
f 3137/3583/2005 3152/3575/2005 3138/3572/2005
f 3152/3575/2006 3148/3592/2006 3147/3573/2006
f 3152/3593/2007 3145/3580/2007 3148/3594/2007
f 3142/3574/2008 3148/3592/2008 3144/3595/2008
f 3165/3575/2009 3156/3583/2009 3154/3572/2009
f 3160/3596/2010 3155/3597/2010 3153/3598/2010
f 3160/3599/2011 3154/3572/2011 3155/3600/2011
f 3161/3601/2012 3159/3602/2012 3157/3577/2012
f 3162/3586/2013 3165/3590/2013 3164/3587/2013
f 3164/3592/2014 3165/3575/2014 3163/3573/2014
f 3153/3598/2015 3139/3603/2015 3140/3604/2015
f 3155/3605/2016 3137/3571/2016 3139/3606/2016
f 3157/3577/2017 3143/3606/2017 3144/3578/2017
f 3158/3607/2018 3141/3608/2018 3143/3609/2018
f 3168/3610/2019 3150/3611/2019 3149/3570/2019
f 3161/3601/2020 3146/3576/2020 3145/3585/2020
f 3141/3608/2021 3153/3598/2021 3140/3604/2021
f 3183/3612/2022 3179/3613/2022 3169/3614/2022
f 3170/3615/2023 3177/3616/2023 3173/3617/2023
f 3182/3615/2024 3188/3618/2024 3189/3619/2024
f 3176/3620/2025 3184/3621/2025 3174/3622/2025
f 3190/3623/2026 3175/3624/2026 3178/3625/2026
f 3170/3615/2027 3171/3626/2027 3169/3627/2027
f 3176/3620/2028 3177/3628/2028 3175/3629/2028
f 3190/3623/2029 3191/3630/2029 3189/3631/2029
f 3173/3617/2030 3171/3626/2030 3170/3615/2030
f 3169/3627/2031 3180/3632/2031 3170/3615/2031
f 3180/3633/2032 3175/3624/2032 3177/3634/2032
f 3173/3617/2033 3177/3616/2033 3174/3635/2033
f 3189/3619/2034 3183/3627/2034 3182/3615/2034
f 3186/3636/2035 3182/3615/2035 3181/3637/2035
f 3187/3638/2036 3185/3639/2036 3184/3621/2036
f 3187/3640/2037 3189/3631/2037 3188/3641/2037
f 3181/3642/2038 3169/3614/2038 3171/3643/2038
f 3184/3644/2039 3172/3645/2039 3174/3646/2039
f 3191/3647/2040 3178/3648/2040 3179/3613/2040
f 3187/3638/2041 3176/3620/2041 3175/3629/2041
f 3172/3645/2042 3181/3649/2042 3171/3650/2042
f 3197/3651/2043 3192/3652/2043 3196/3653/2043
f 3199/3654/2044 3196/3655/2044 3198/3656/2044
f 3195/3657/2045 3197/3658/2045 3199/3659/2045
f 3193/3660/2046 3194/3661/2046 3192/3662/2046
f 3194/3663/2047 3199/3664/2047 3198/3665/2047
f 3198/3666/2048 3192/3667/2048 3194/3668/2048
f 3209/3669/2050 3204/3670/2050 3208/3671/2050
f 3211/3672/2051 3208/3673/2051 3210/3674/2051
f 3207/3675/2052 3209/3676/2052 3211/3677/2052
f 3205/3678/2053 3206/3679/2053 3204/3680/2053
f 3207/3681/2054 3210/3682/2054 3206/3683/2054
f 3210/3684/2055 3204/3685/2055 3206/3686/2055
f 3217/3687/1989 3212/3688/1989 3216/3689/1989
f 3219/3690/2056 3216/3691/2056 3218/3692/2056
f 3215/3693/2057 3217/3694/2057 3219/3695/2057
f 3213/3696/2058 3214/3697/2058 3212/3698/2058
f 3215/3699/1993 3218/3700/1993 3214/3701/1993
f 3218/3702/2059 3212/3703/2059 3214/3704/2059
f 3225/3705/2060 3220/3706/2060 3224/3707/2060
f 3227/3708/2061 3224/3709/2061 3226/3710/2061
f 3223/3711/2062 3225/3712/2062 3227/3713/2062
f 3221/3714/2063 3222/3715/2063 3220/3716/2063
f 3223/3717/2064 3226/3718/2064 3222/3719/2064
f 3226/3720/2065 3220/3721/2065 3222/3722/2065
f 3233/3705/2060 3228/3706/2060 3232/3707/2060
f 3235/3708/2061 3232/3709/2061 3234/3710/2061
f 3231/3711/2062 3233/3712/2062 3235/3713/2062
f 3229/3714/2063 3230/3715/2063 3228/3716/2063
f 3231/3717/2064 3234/3718/2064 3230/3719/2064
f 3234/3720/2065 3228/3721/2065 3230/3722/2065
f 3241/3723/2060 3236/3724/2060 3240/3725/2060
f 3243/3726/2061 3240/3727/2061 3242/3728/2061
f 3239/3711/2062 3241/3729/2062 3243/3730/2062
f 3237/3731/2063 3238/3732/2063 3236/3733/2063
f 3239/3734/2064 3242/3735/2064 3238/3736/2064
f 3242/3737/2065 3236/3738/2065 3238/3722/2065
f 3249/3723/2060 3244/3724/2060 3248/3725/2060
f 3251/3726/2061 3248/3727/2061 3250/3728/2061
f 3247/3711/2062 3249/3729/2062 3251/3730/2062
f 3245/3731/2063 3246/3732/2063 3244/3733/2063
f 3247/3734/2064 3250/3735/2064 3246/3736/2064
f 3250/3737/2065 3244/3738/2065 3246/3722/2065
s 1
f 3263/3739/2066 3252/3740/2067 3262/3741/2068
f 3257/3742/2069 3258/3743/2070 3256/3744/2071
f 3259/3745/2072 3260/3746/2073 3258/3743/2070
f 3261/3747/2074 3262/3748/2068 3260/3749/2073
f 3255/3750/2075 3256/3751/2071 3254/3752/2076
f 3261/3753/2074 3259/3754/2072 3257/3755/2069
f 3253/3756/2077 3254/3757/2076 3252/3740/2067
f 3260/3758/2073 3262/3759/2068 3254/3760/2076
f 3275/3761/2078 3264/3762/2079 3274/3763/2080
f 3269/3764/2081 3270/3765/2082 3268/3766/2083
f 3271/3767/2084 3272/3768/2085 3270/3765/2082
f 3273/3769/2086 3274/3770/2080 3272/3771/2085
f 3267/3772/2087 3268/3773/2083 3266/3774/2088
f 3273/3775/2086 3271/3776/2084 3269/3777/2081
f 3265/3778/2089 3266/3779/2088 3264/3762/2079
f 3270/3780/2082 3272/3781/2085 3274/3782/2080
s 0
f 3281/3783/2090 3276/3784/2090 3280/3785/2090
f 3283/3786/1978 3280/3787/1978 3282/3788/1978
f 3279/3789/2091 3281/3790/2091 3283/3791/2091
f 3277/3792/1980 3278/3793/1980 3276/3794/1980
f 3279/3795/2092 3282/3796/2092 3278/3797/2092
f 3282/3798/2093 3276/3799/2093 3278/3800/2093
f 3288/3801/2094 3285/3802/2094 3284/3803/2094
f 3291/3804/2095 3288/3805/2095 3290/3806/2095
f 3287/3807/2096 3289/3808/2096 3291/3809/2096
f 3285/3810/2097 3286/3811/2097 3284/3812/2097
f 3287/3813/2098 3290/3814/2098 3286/3815/2098
f 3290/3816/2099 3284/3817/2099 3286/3818/2099
f 3296/3801/2094 3293/3819/2094 3292/3820/2094
f 3299/3821/2095 3296/3822/2095 3298/3806/2095
f 3295/3823/2096 3297/3808/2096 3299/3824/2096
f 3293/3825/2097 3294/3826/2097 3292/3827/2097
f 3295/3828/2098 3298/3814/2098 3294/3829/2098
f 3298/3816/2099 3292/3817/2099 3294/3818/2099
f 3304/3830/2094 3301/3831/2094 3300/3803/2094
f 3307/3832/2095 3304/3833/2095 3306/3834/2095
f 3303/3835/2096 3305/3836/2096 3307/3837/2096
f 3301/3838/2097 3302/3839/2097 3300/3840/2097
f 3303/3841/2098 3306/3842/2098 3302/3843/2098
f 3306/3844/2099 3300/3845/2099 3302/3846/2099
f 3333/3847/2100 3309/3848/2100 3331/3849/2100
f 3342/3850/2101 3329/3851/2101 3339/3852/2101
f 3323/3853/2102 3332/3854/2102 3345/3855/2102
f 3314/3856/2103 3318/3857/2103 3310/3858/2103
f 3324/3859/263 3338/3860/263 3319/3848/263
f 3308/3861/2104 3312/3862/2104 3310/3863/2104
f 3309/3848/2105 3312/3864/2105 3311/3865/2105
f 3314/3856/2106 3316/3866/2106 3317/3867/2106
f 3318/3857/2107 3321/3868/2107 3320/3869/2107
f 3323/3853/2108 3327/3870/2108 3325/3871/2108
f 3324/3859/2109 3327/3872/2109 3326/3873/2109
f 3329/3851/227 3330/3874/227 3328/3875/227
f 3332/3854/2110 3334/3876/2110 3336/3877/2110
f 3337/3878/2111 3341/3879/2111 3339/3880/2111
f 3338/3860/2112 3341/3881/2112 3340/3882/2112
f 3308/3861/2113 3320/3871/2113 3322/3883/2113
f 3310/3858/2114 3318/3857/2114 3320/3869/2114
f 3313/3859/2115 3312/3864/2115 3309/3848/2115
f 3316/3866/2116 3310/3858/2116 3312/3884/2116
f 3323/3853/2117 3317/3863/2117 3315/3885/2117
f 3325/3886/2118 3314/3856/2118 3317/3867/2118
f 3319/3848/2119 3327/3872/2119 3324/3859/2119
f 3321/3868/2120 3325/3886/2120 3327/3887/2120
f 3322/3883/2121 3340/3888/2121 3337/3878/2121
f 3322/3865/2122 3338/3860/2122 3340/3882/2122
f 3345/3855/2123 3326/3889/2123 3323/3853/2123
f 3345/3890/2124 3324/3859/2124 3326/3873/2124
f 3339/3852/2125 3344/3891/2125 3342/3850/2125
f 3339/3852/2126 3329/3851/2126 3328/3875/2126
f 3332/3854/2127 3343/3892/2127 3345/3855/2127
f 3336/3867/2128 3342/3850/2128 3343/3893/2128
f 3331/3849/2129 3335/3894/2129 3333/3847/2129
f 3328/3895/2130 3311/3896/2130 3308/3861/2130
f 3330/3897/2131 3309/3848/2131 3311/3865/2131
f 3315/3885/2132 3334/3876/2132 3332/3854/2132
f 3315/3873/2133 3333/3847/2133 3334/3898/2133
f 3337/3878/2134 3308/3861/2134 3322/3883/2134
f 3357/3899/2135 3347/3900/2135 3355/3901/2135
f 3360/3902/2136 3354/3903/2136 3358/3904/2136
f 3352/3905/2137 3356/3906/2137 3361/3907/2137
f 3348/3908/2138 3350/3909/2138 3347/3910/2138
f 3353/3911/2139 3359/3912/2139 3351/3913/2139
f 3352/3905/2140 3348/3914/2140 3349/3915/2140
f 3350/3916/2141 3359/3917/2141 3358/3918/2141
f 3361/3919/2142 3353/3911/2142 3352/3920/2142
f 3358/3918/2143 3354/3921/2143 3355/3922/2143
f 3356/3923/2144 3360/3902/2144 3361/3924/2144
f 3355/3901/2145 3347/3900/2145 3346/3925/2145
f 3349/3926/2146 3357/3899/2146 3356/3927/2146
f 3358/3918/2147 3346/3928/2147 3350/3916/2147
f 3373/3929/2148 3363/3930/2148 3371/3931/2148
f 3376/3932/2149 3370/3933/2149 3374/3934/2149
f 3368/3935/2150 3372/3936/2150 3376/3937/2150
f 3364/3938/2151 3367/3939/2151 3362/3940/2151
f 3369/3941/2152 3375/3942/2152 3366/3943/2152
f 3362/3944/2153 3367/3945/2153 3366/3946/2153
f 3365/3947/2154 3362/3940/2154 3363/3948/2154
f 3367/3939/2155 3368/3949/2155 3369/3950/2155
f 3366/3946/2156 3375/3951/2156 3374/3952/2156
f 3376/3937/2157 3369/3953/2157 3368/3935/2157
f 3374/3934/2158 3377/3954/2158 3376/3932/2158
f 3371/3955/2159 3372/3956/2159 3373/3957/2159
f 3370/3958/2160 3363/3959/2160 3362/3944/2160
f 3364/3960/2161 3373/3961/2161 3372/3936/2161
f 3374/3952/2162 3362/3944/2162 3366/3946/2162
f 3389/3962/2148 3379/3930/2148 3387/3931/2148
f 3392/3963/2163 3386/3933/2163 3390/3934/2163
f 3384/3964/2164 3388/3965/2164 3393/3966/2164
f 3380/3938/2151 3383/3967/2151 3378/3940/2151
f 3385/3968/2165 3391/3969/2165 3382/3943/2165
f 3378/3944/2153 3383/3945/2153 3382/3946/2153
f 3381/3970/2154 3378/3940/2154 3379/3971/2154
f 3382/3946/2156 3391/3951/2156 3390/3952/2156
f 3393/3972/2166 3385/3968/2166 3384/3973/2166
f 3390/3934/2167 3393/3974/2167 3392/3963/2167
f 3388/3965/2168 3392/3975/2168 3393/3966/2168
f 3387/3976/2159 3388/3956/2159 3389/3957/2159
f 3386/3958/2160 3379/3959/2160 3378/3944/2160
f 3380/3960/2161 3389/3977/2161 3388/3965/2161
f 3390/3952/2162 3378/3944/2162 3382/3946/2162
f 3405/3978/2169 3395/3979/2169 3402/3980/2169
f 3408/3981/2170 3402/3982/2170 3406/3983/2170
f 3400/3984/2171 3404/3985/2171 3409/3986/2171
f 3396/3987/2172 3398/3988/2172 3394/3989/2172
f 3401/3990/2173 3407/3991/2173 3399/3992/2173
f 3397/3993/2154 3394/3989/2154 3395/3994/2154
f 3400/3984/2174 3396/3995/2174 3397/3996/2174
f 3398/3997/2175 3407/3998/2175 3406/3999/2175
f 3409/4000/2176 3401/3990/2176 3400/4001/2176
f 3406/3983/2177 3402/3982/2177 3403/4002/2177
f 3404/4003/2178 3408/3981/2178 3409/4004/2178
f 3403/4005/2179 3395/4006/2179 3394/4007/2179
f 3397/4008/2180 3405/3978/2180 3404/4000/2180
f 3406/3999/2181 3394/4007/2181 3398/3997/2181
f 3415/4009/2182 3410/4010/2182 3414/4011/2182
f 3417/4012/2183 3414/4013/2183 3416/4014/2183
f 3413/4015/2052 3415/4016/2052 3417/4017/2052
f 3411/4018/2184 3412/4019/2184 3410/4020/2184
f 3413/4021/2185 3416/4022/2185 3412/4023/2185
f 3416/4024/2055 3410/4025/2055 3412/4026/2055
f 3427/4030/2187 3422/4031/2187 3426/4032/2187
f 3429/4033/2188 3426/4034/2188 3428/4035/2188
f 3425/4036/2189 3427/4037/2189 3429/4038/2189
f 3423/4039/2190 3424/4040/2190 3422/4041/2190
f 3425/4042/2191 3428/4043/2191 3424/4044/2191
f 3428/4045/2192 3422/4046/2192 3424/4047/2192
f 3435/4030/2187 3430/4031/2187 3434/4032/2187
f 3437/4033/2188 3434/4034/2188 3436/4035/2188
f 3433/4036/2189 3435/4037/2189 3437/4038/2189
f 3431/4039/2190 3432/4040/2190 3430/4041/2190
f 3433/4042/2191 3436/4043/2191 3432/4044/2191
f 3436/4045/2192 3430/4046/2192 3432/4047/2192
f 3443/4048/2187 3438/4049/2187 3442/4050/2187
f 3445/4051/2188 3442/4052/2188 3444/4053/2188
f 3441/4054/2189 3443/4055/2189 3445/4056/2189
f 3439/4057/2190 3440/4058/2190 3438/4059/2190
f 3441/4060/2191 3444/4061/2191 3440/4062/2191
f 3444/4063/2192 3438/4064/2192 3440/4065/2192
s 1
f 3457/4066/2066 3446/4067/2067 3456/4068/2193
f 3451/4069/2194 3452/4070/2070 3450/4071/2071
f 3453/4072/2072 3454/4073/2073 3452/4070/2070
f 3455/4074/2074 3456/4075/2193 3454/4076/2073
f 3449/4077/2075 3450/4078/2071 3448/4079/2076
f 3455/4080/2074 3453/4081/2072 3451/4082/2194
f 3447/4083/2077 3448/4084/2076 3446/4067/2067
f 3454/4085/2073 3456/4086/2193 3448/4087/2076
f 3469/4088/2195 3458/4089/2196 3468/4090/2197
f 3463/4091/2198 3464/4092/2199 3462/4093/2200
f 3465/4094/2201 3466/4095/2202 3464/4092/2199
f 3467/4096/2203 3468/4097/2197 3466/4098/2202
f 3461/4099/2204 3462/4100/2200 3460/4101/2205
f 3459/4102/2206 3467/4103/2203 3463/4104/2198
f 3459/4105/2206 3460/4106/2205 3458/4089/2196
f 3460/4107/2205 3464/4108/2199 3468/4109/2197
f 3481/4110/2066 3470/4111/2067 3480/4112/2193
f 3475/4113/2194 3476/4114/2070 3474/4115/2071
f 3477/4116/2072 3478/4117/2073 3476/4114/2070
f 3479/4118/2074 3480/4119/2193 3478/4120/2073
f 3473/4121/2075 3474/4122/2071 3472/4123/2076
f 3479/4124/2074 3477/4125/2072 3475/4126/2194
f 3471/4127/2077 3472/4128/2076 3470/4111/2067
f 3478/4129/2073 3480/4086/2193 3472/4130/2076
f 3493/4131/2195 3482/4132/2196 3492/4133/2197
f 3487/4134/2198 3488/4135/2199 3486/4136/2200
f 3489/4137/2201 3490/4138/2202 3488/4135/2199
f 3491/4139/2203 3492/4140/2197 3490/4141/2202
f 3485/4142/2204 3486/4143/2200 3484/4144/2205
f 3483/4145/2206 3491/4146/2203 3487/4147/2198
f 3483/4148/2206 3484/4149/2205 3482/4132/2196
f 3484/4150/2205 3488/4151/2199 3492/4152/2197
s 0
f 3505/4153/2207 3495/4154/2207 3503/4155/2207
f 3508/4156/2208 3502/4157/2208 3507/4158/2208
f 3500/4159/2209 3504/4160/2209 3509/4161/2209
f 3496/4162/2210 3498/4163/2210 3495/4164/2210
f 3501/4165/2211 3507/4166/2211 3499/4167/2211
f 3494/4168/2212 3498/4169/2212 3499/4170/2212
f 3500/4159/2213 3496/4171/2213 3497/4172/2213
f 3499/4167/2214 3507/4166/2214 3506/4173/2214
f 3509/4174/2215 3501/4165/2215 3500/4175/2215
f 3507/4158/2216 3509/4176/2216 3508/4156/2216
f 3506/4177/2217 3502/4178/2217 3503/4179/2217
f 3504/4160/2218 3508/4180/2218 3509/4161/2218
f 3503/4155/2219 3495/4154/2219 3494/4181/2219
f 3497/4182/2220 3505/4153/2220 3504/4183/2220
f 3506/4177/2221 3494/4168/2221 3499/4170/2221
f 3529/4202/2226 3519/4203/2226 3527/4204/2226
f 3532/4205/2227 3526/4206/2227 3530/4207/2227
f 3524/4208/2228 3528/4209/2228 3533/4210/2228
f 3520/4211/2229 3522/4212/2229 3518/4213/2229
f 3525/4214/2230 3531/4215/2230 3523/4216/2230
f 3521/4217/2231 3518/4213/2231 3519/4218/2231
f 3524/4208/2213 3520/4219/2213 3521/4220/2213
f 3522/4221/2232 3531/4222/2232 3530/4223/2232
f 3533/4224/2233 3525/4214/2233 3524/4175/2233
f 3530/4223/2234 3526/4225/2234 3527/4226/2234
f 3528/4227/2235 3532/4205/2235 3533/4228/2235
f 3527/4226/2236 3519/4229/2236 3518/4230/2236
f 3521/4231/2220 3529/4202/2220 3528/4232/2220
f 3530/4223/2237 3518/4230/2237 3522/4221/2237
s 1
f 3550/4237/2238 3549/4238/2239 3542/4239/2240
f 3551/4240/2241 3542/4241/2240 3543/4242/2242
f 3552/4243/2243 3543/4242/2242 3544/4244/2244
f 3553/4245/2245 3544/4246/2244 3545/4247/2246
f 3546/4248/2247 3553/4245/2245 3545/4247/2246
f 3547/4242/2248 3554/4249/2249 3546/4250/2247
f 3548/4241/2250 3555/4251/2251 3547/4242/2248
f 3549/4238/2239 3556/4252/2252 3548/4253/2250
f 3558/4254/2253 3557/4255/2254 3550/4237/2238
f 3559/4256/2255 3552/4257/2243 3553/4245/2245
f 3554/4258/2249 3559/4256/2255 3553/4245/2245
f 3557/4255/2254 3560/4259/2256 3556/4252/2252
f 3562/4260/2257 3561/4261/2258 3558/4254/2253
f 3551/4240/2241 3562/4262/2257 3558/4263/2253
f 3552/4243/2243 3563/4264/2259 3551/4240/2241
f 3559/4256/2255 3564/4265/2260 3552/4257/2243
f 3554/4258/2249 3565/4266/2261 3559/4256/2255
f 3567/4267/2262 3554/4249/2249 3555/4251/2251
f 3568/4268/2263 3555/4251/2251 3560/4269/2256
f 3569/4270/2264 3560/4259/2256 3561/4261/2258
f 3570/4271/2265 3569/4270/2264 3562/4260/2257
f 3563/4264/2259 3570/4272/2265 3562/4262/2257
f 3564/4273/2260 3571/4274/2266 3563/4264/2259
f 3565/4266/2261 3572/4275/2267 3564/4265/2260
f 3566/4276/2268 3573/4277/2269 3565/4266/2261
f 3575/4278/2270 3566/4279/2268 3567/4267/2262
f 3576/4280/2271 3567/4267/2262 3568/4268/2263
f 3577/4281/2272 3568/4282/2263 3569/4270/2264
f 3570/4271/2265 3585/4283/2273 3577/4281/2272
f 3579/4284/2274 3570/4272/2265 3571/4274/2266
f 3580/4285/2275 3571/4274/2266 3572/4286/2267
f 3581/4287/2276 3572/4275/2267 3573/4277/2269
f 3582/4288/2277 3573/4277/2269 3574/4289/2278
f 3575/4278/2270 3582/4290/2277 3574/4291/2278
f 3576/4280/2271 3583/4292/2279 3575/4278/2270
f 3577/4281/2272 3584/4293/2280 3576/4294/2271
f 3578/4295/2281 3593/4296/2282 3585/4283/2273
f 3587/4297/2283 3578/4298/2281 3579/4284/2274
f 3588/4299/2284 3579/4284/2274 3580/4285/2275
f 3589/4300/2285 3580/4301/2275 3581/4287/2276
f 3590/4302/2286 3581/4287/2276 3582/4288/2277
f 3583/4292/2279 3590/4303/2286 3582/4290/2277
f 3584/4304/2280 3591/4305/2287 3583/4292/2279
f 3585/4283/2273 3592/4306/2288 3584/4293/2280
f 3602/4307/2289 3601/4308/2239 3594/4309/2240
f 3603/4310/2290 3594/4311/2240 3595/4312/2242
f 3604/4313/2291 3595/4312/2242 3596/4314/2292
f 3605/4315/2293 3596/4316/2292 3597/4317/2246
f 3598/4318/2294 3605/4315/2293 3597/4317/2246
f 3599/4312/2295 3606/4319/2296 3598/4314/2294
f 3600/4311/2250 3607/4320/2297 3599/4312/2295
f 3601/4308/2239 3608/4321/2298 3600/4322/2250
f 3610/4323/2299 3609/4324/2300 3602/4307/2289
f 3611/4325/2301 3604/4326/2291 3605/4315/2293
f 3606/4327/2296 3611/4325/2301 3605/4315/2293
f 3609/4324/2300 3612/4328/2302 3608/4321/2298
f 3614/4329/2303 3613/4330/2258 3610/4323/2299
f 3603/4310/2290 3614/4331/2303 3610/4332/2299
f 3604/4313/2291 3615/4333/2304 3603/4310/2290
f 3611/4325/2301 3616/4334/2305 3604/4326/2291
f 3606/4327/2296 3617/4335/2306 3611/4325/2301
f 3619/4336/2307 3606/4319/2296 3607/4320/2297
f 3620/4337/2308 3607/4320/2297 3612/4338/2302
f 3621/4339/2309 3612/4328/2302 3613/4330/2258
f 3622/4340/2310 3621/4339/2309 3614/4329/2303
f 3615/4333/2304 3622/4341/2310 3614/4331/2303
f 3616/4342/2305 3623/4343/2311 3615/4333/2304
f 3617/4335/2306 3624/4344/2312 3616/4334/2305
f 3618/4345/2313 3625/4346/2314 3617/4335/2306
f 3627/4347/2315 3618/4348/2313 3619/4336/2307
f 3628/4349/2316 3619/4336/2307 3620/4337/2308
f 3629/4350/2317 3620/4351/2308 3621/4339/2309
f 3622/4340/2310 3637/4352/2318 3629/4350/2317
f 3631/4353/2319 3622/4341/2310 3623/4343/2311
f 3632/4354/2320 3623/4343/2311 3624/4355/2312
f 3633/4356/2321 3624/4344/2312 3625/4346/2314
f 3634/4357/2322 3625/4346/2314 3626/4358/2323
f 3627/4347/2315 3634/4359/2322 3626/4360/2323
f 3628/4349/2316 3635/4361/2324 3627/4347/2315
f 3629/4350/2317 3636/4362/2325 3628/4363/2316
f 3630/4364/2326 3645/4365/2327 3637/4352/2318
f 3639/4366/2283 3630/4367/2326 3631/4353/2319
f 3640/4368/2284 3631/4353/2319 3632/4354/2320
f 3641/4369/2285 3632/4370/2320 3633/4356/2321
f 3642/4371/2328 3633/4356/2321 3634/4357/2322
f 3635/4361/2324 3642/4372/2328 3634/4359/2322
f 3636/4373/2325 3643/4374/2287 3635/4361/2324
f 3637/4352/2318 3644/4375/2288 3636/4362/2325
f 3651/4376/2329 3650/4377/2330 3646/4378/2331
f 3652/4379/2332 3646/4380/2331 3647/4381/2333
f 3654/4382/2334 3647/4383/2333 3648/4384/2335
f 3649/4385/2336 3655/4386/2337 3648/4387/2335
f 3650/4377/2330 3657/4388/2338 3649/4389/2336
f 3659/4390/2339 3658/4391/2340 3651/4376/2329
f 3660/4392/2341 3653/4393/2342 3654/4382/2334
f 3655/4394/2337 3660/4392/2341 3654/4382/2334
f 3658/4391/2340 3661/4395/2343 3657/4388/2338
f 3663/4396/2344 3662/4397/2345 3659/4390/2339
f 3652/4379/2332 3663/4398/2344 3659/4399/2339
f 3653/4400/2342 3664/4401/2346 3652/4379/2332
f 3660/4392/2341 3665/4402/2347 3653/4393/2342
f 3655/4394/2337 3666/4403/2348 3660/4392/2341
f 3668/4404/2349 3655/4386/2337 3656/4405/2350
f 3669/4406/2351 3656/4405/2350 3661/4407/2343
f 3670/4408/2352 3661/4395/2343 3662/4397/2345
f 3671/4409/2353 3670/4408/2352 3663/4396/2344
f 3664/4401/2346 3671/4410/2353 3663/4398/2344
f 3665/4411/2347 3672/4412/2354 3664/4401/2346
f 3666/4403/2348 3673/4413/2355 3665/4402/2347
f 3667/4414/2356 3674/4415/2357 3666/4403/2348
f 3676/4416/2358 3667/4417/2356 3668/4404/2349
f 3677/4418/2359 3668/4404/2349 3669/4406/2351
f 3678/4419/2360 3669/4420/2351 3670/4408/2352
f 3671/4409/2353 3686/4421/2361 3678/4419/2360
f 3680/4422/2362 3671/4410/2353 3672/4412/2354
f 3681/4423/2363 3672/4412/2354 3673/4424/2355
f 3682/4425/2364 3673/4413/2355 3674/4415/2357
f 3683/4426/2365 3674/4415/2357 3675/4427/2366
f 3676/4416/2358 3683/4428/2365 3675/4429/2366
f 3677/4418/2359 3684/4430/2367 3676/4416/2358
f 3678/4419/2360 3685/4431/2368 3677/4432/2359
f 3679/4433/2369 3694/4434/2327 3686/4421/2361
f 3688/4435/2283 3679/4436/2369 3680/4422/2362
f 3689/4437/2284 3680/4422/2362 3681/4423/2363
f 3690/4438/2285 3681/4439/2363 3682/4425/2364
f 3691/4440/2370 3682/4425/2364 3683/4426/2365
f 3684/4430/2367 3691/4441/2370 3683/4428/2365
f 3685/4442/2368 3692/4443/2287 3684/4430/2367
f 3686/4421/2361 3693/4444/2288 3685/4431/2368
f 3703/4445/2371 3702/4446/2372 3695/4447/2373
f 3704/4448/2374 3695/4449/2373 3696/4450/2375
f 3705/4451/2376 3696/4450/2375 3697/4452/2377
f 3706/4453/2378 3697/4454/2377 3698/4455/2379
f 3699/4456/2380 3706/4453/2378 3698/4455/2379
f 3700/4457/2381 3707/4458/2382 3699/4459/2380
f 3701/4460/2383 3708/4461/2384 3700/4457/2381
f 3702/4446/2372 3709/4462/2385 3701/4463/2383
f 3711/4464/2386 3710/4465/2387 3703/4445/2371
f 3712/4466/2388 3703/4467/2371 3704/4448/2374
f 3713/4468/2389 3704/4448/2374 3705/4451/2376
f 3714/4469/2390 3705/4470/2376 3706/4453/2378
f 3707/4471/2382 3714/4469/2390 3706/4453/2378
f 3708/4461/2384 3715/4472/2391 3707/4458/2382
f 3709/4473/2385 3716/4474/2392 3708/4461/2384
f 3710/4465/2387 3717/4475/2393 3709/4462/2385
f 3711/4476/2386 3726/4477/2394 3718/4478/2395
f 3712/4466/2388 3719/4479/2396 3711/4480/2386
f 3713/4468/2389 3720/4481/2397 3712/4466/2388
f 3714/4482/2390 3721/4483/2398 3713/4484/2389
f 3723/4485/2399 3714/4482/2390 3715/4486/2391
f 3724/4487/2400 3715/4472/2391 3716/4474/2392
f 3725/4488/2401 3716/4474/2392 3717/4489/2393
f 3726/4477/2394 3717/4490/2393 3718/4478/2395
f 3719/4491/2396 3734/4492/2402 3726/4477/2394
f 3720/4481/2397 3727/4493/2403 3719/4479/2396
f 3721/4494/2398 3728/4495/2404 3720/4481/2397
f 3722/4496/2405 3729/4497/2406 3721/4483/2398
f 3731/4498/2407 3722/4496/2405 3723/4485/2399
f 3732/4499/2408 3723/4500/2399 3724/4487/2400
f 3733/4501/2409 3724/4487/2400 3725/4488/2401
f 3734/4492/2402 3725/4502/2401 3726/4477/2394
f 3727/4503/2403 3742/4504/2410 3734/4492/2402
f 3728/4495/2404 3735/4505/2411 3727/4493/2403
f 3729/4506/2406 3736/4507/2412 3728/4495/2404
f 3730/4508/2413 3737/4509/2414 3729/4506/2406
f 3739/4510/2415 3730/4511/2413 3731/4498/2407
f 3740/4512/2416 3731/4513/2407 3732/4499/2408
f 3741/4514/2417 3732/4499/2408 3733/4501/2409
f 3742/4515/2410 3733/4501/2409 3734/4516/2402
f 3735/4517/2411 3750/4518/2418 3742/4504/2410
f 3736/4507/2412 3743/4519/2419 3735/4505/2411
f 3737/4509/2414 3744/4520/2420 3736/4507/2412
f 3738/4521/2421 3745/4522/2422 3737/4509/2414
f 3747/4523/2423 3738/4524/2421 3739/4510/2415
f 3748/4525/2424 3739/4526/2415 3740/4512/2416
f 3749/4527/2425 3740/4512/2416 3741/4514/2417
f 3750/4528/2418 3741/4514/2417 3742/4515/2410
s 0
f 3756/4529/2182 3751/4530/2182 3755/4531/2182
f 3758/4532/2426 3755/4533/2426 3757/4534/2426
f 3754/4535/2427 3756/4536/2427 3758/4537/2427
f 3752/4538/2428 3753/4539/2428 3751/4540/2428
f 3754/4541/2185 3757/4542/2185 3753/4543/2185
f 3757/4544/2429 3751/4545/2429 3753/4546/2429
f 3764/4547/2430 3759/4548/2430 3763/4549/2430
f 3766/4550/2431 3763/4551/2431 3765/4552/2431
f 3762/4553/2432 3764/4554/2432 3766/4555/2432
f 3760/4556/2433 3761/4557/2433 3759/4558/2433
f 3762/4559/2434 3765/4560/2434 3761/4561/2434
f 3765/4562/2435 3759/4563/2435 3761/4564/2435
f 3769/4565/2436 3770/4566/2436 3767/4567/2436
f 3768/4568/2437 3767/4567/2437 3770/4566/2437
s 1
f 3782/4569/2438 3771/4570/2439 3781/4571/2440
f 3776/4572/2441 3777/4573/2442 3775/4574/2443
f 3778/4575/2444 3779/4576/2445 3777/4573/2442
f 3780/4577/2446 3781/4578/2440 3779/4579/2445
f 3774/4580/2447 3775/4581/2443 3773/4582/2448
f 3780/4583/2446 3778/4584/2444 3776/4585/2441
f 3772/4586/2449 3773/4587/2448 3771/4570/2439
f 3779/4588/2445 3781/4589/2440 3773/4590/2448
f 3794/4569/2438 3783/4591/2439 3793/4592/2440
f 3788/4593/2441 3789/4573/2442 3787/4574/2443
f 3790/4594/2444 3791/4576/2445 3789/4573/2442
f 3792/4595/2446 3793/4596/2440 3791/4579/2445
f 3786/4580/2447 3787/4581/2443 3785/4582/2448
f 3792/4597/2446 3790/4598/2444 3788/4599/2441
f 3784/4586/2449 3785/4587/2448 3783/4591/2439
f 3791/4588/2445 3793/4600/2440 3785/4590/2448
f 3806/4601/2438 3795/4602/2439 3805/4603/2440
f 3800/4604/2441 3801/4605/2450 3799/4606/2443
f 3802/4607/2444 3803/4608/2445 3801/4605/2450
f 3804/4609/2446 3805/4610/2440 3803/4611/2445
f 3798/4612/2447 3799/4613/2443 3797/4614/2448
f 3804/4615/2446 3802/4616/2444 3800/4617/2441
f 3796/4618/2449 3797/4619/2448 3795/4602/2439
f 3803/4620/2445 3805/4621/2440 3797/4622/2448
f 3818/4601/2438 3807/4602/2439 3817/4603/2451
f 3812/4604/2441 3813/4623/2442 3811/4606/2443
f 3814/4624/2444 3815/4625/2445 3813/4623/2442
f 3816/4626/2446 3817/4610/2451 3815/4627/2445
f 3810/4612/2447 3811/4613/2443 3809/4614/2448
f 3816/4628/2446 3814/4629/2444 3812/4617/2441
f 3808/4618/2449 3809/4619/2448 3807/4602/2439
f 3815/4630/2445 3817/4621/2451 3809/4622/2448
s 0
f 15/1/2452 5/4631/2452 2/2/2452
f 18/4/2453 15/4632/2453 11/5/2453
f 9/7/2454 3/20/2454 14/8/2454
f 4/10/2455 10/4633/2455 6/11/2455
f 10/13/2456 19/4634/2456 17/14/2456
f 5/4631/2457 3/32/2457 4/4635/2457
f 7/15/2458 8/21/2458 6/4636/2458
f 12/3/2459 13/30/2459 11/4637/2459
f 19/4634/2460 20/23/2460 18/4638/2460
f 1/4639/2461 2/12/2461 6/11/2461
f 5/4640/2462 4/10/2462 2/12/2462
f 9/4641/2463 10/4633/2463 4/10/2463
f 7/4642/2464 6/11/2464 10/4633/2464
f 8/21/2465 7/15/2465 17/14/2465
f 20/23/2466 19/4634/2466 10/13/2466
f 16/4643/2467 17/6/2467 11/5/2467
f 14/4644/2468 15/4632/2468 18/4/2468
f 12/4645/2469 11/5/2469 15/4632/2469
f 13/30/2470 12/3/2470 2/2/2470
f 3/32/2471 5/4631/2471 15/1/2471
f 16/26/2472 13/28/2472 1/16/2472
f 26/34/2473 22/4646/2473 21/35/2473
f 28/37/2474 26/4647/2474 25/38/2474
f 24/40/2475 22/4648/2475 26/41/2475
f 22/43/2476 24/4649/2476 23/44/2476
f 24/46/2477 28/4650/2477 27/47/2477
f 27/49/2478 25/4651/2478 21/50/2478
f 34/52/2479 30/4652/2479 29/53/2479
f 36/55/2480 34/4653/2480 33/56/2480
f 32/58/2481 30/4654/2481 34/59/2481
f 30/61/2482 32/4655/2482 31/62/2482
f 32/64/2483 36/4656/2483 35/65/2483
f 35/67/2484 33/4657/2484 29/68/2484
f 48/70/2485 40/94/2485 38/71/2485
f 52/73/2486 48/4658/2486 45/74/2486
f 43/76/2487 40/89/2487 47/77/2487
f 39/79/2488 44/4659/2488 41/80/2488
f 44/82/2489 51/78/2489 50/83/2489
f 37/4660/2490 38/81/2490 41/80/2490
f 40/4661/2491 39/79/2491 38/81/2491
f 43/4662/2492 44/4659/2492 39/79/2492
f 42/4663/2493 41/80/2493 44/4659/2493
f 49/4664/2494 50/75/2494 45/74/2494
f 47/4665/2495 48/4658/2495 52/73/2495
f 46/4666/2496 45/74/2496 48/4658/2496
f 49/92/2497 46/72/2497 37/85/2497
f 58/96/2498 54/4667/2498 53/97/2498
f 60/99/2499 58/4668/2499 57/100/2499
f 56/102/2500 54/4669/2500 58/103/2500
f 54/105/2501 56/4670/2501 55/106/2501
f 56/102/2502 60/104/2502 59/108/2502
f 59/110/2503 57/98/2503 53/97/2503
s 1
f 76/112/49 62/132/64 61/113/50
f 66/115/52 68/4671/55 67/116/53
f 68/118/55 70/121/57 69/119/56
f 70/121/57 72/123/59 71/122/58
f 72/123/59 74/125/61 73/124/60
f 74/125/61 76/4672/49 75/126/51
f 64/127/62 66/115/52 65/117/54
f 66/130/52 64/4673/62 76/4674/49
f 64/4673/62 62/4675/64 76/4674/49
f 76/4674/49 74/131/61 66/130/52
f 74/131/61 72/4676/59 68/129/55
f 72/4676/59 70/4677/57 68/129/55
f 62/132/64 64/127/62 63/128/63
f 75/135/51 61/4678/50 63/4679/63
f 63/4679/63 65/4680/54 67/133/53
f 67/133/53 69/4681/56 71/134/58
f 71/134/58 73/4682/60 75/135/51
f 75/135/51 63/4679/63 67/133/53
f 92/136/49 78/156/64 77/137/65
f 82/139/52 84/4683/55 83/140/53
f 84/142/55 86/145/57 85/143/56
f 86/145/57 88/147/59 87/146/58
f 88/147/59 90/149/61 89/148/66
f 90/149/61 92/4684/49 91/150/51
f 80/151/62 82/139/52 81/141/54
f 82/154/52 80/4685/62 92/4686/49
f 80/4685/62 78/4687/64 92/4686/49
f 92/4686/49 90/155/61 82/154/52
f 90/155/61 88/4688/59 84/153/55
f 88/4688/59 86/4689/57 84/153/55
f 78/156/64 80/151/62 79/152/63
f 91/159/51 77/4690/65 79/4691/63
f 79/4691/63 81/4692/54 83/157/53
f 83/157/53 85/4693/56 87/158/58
f 87/158/58 89/4694/66 91/159/51
f 91/159/51 79/4691/63 83/157/53
f 108/160/49 94/180/64 93/161/50
f 98/163/52 100/4695/55 99/164/53
f 100/166/55 102/169/57 101/167/67
f 102/169/57 104/171/59 103/170/58
f 104/171/59 106/173/61 105/172/60
f 106/173/61 108/4696/49 107/174/51
f 96/175/62 98/163/52 97/165/54
f 98/178/52 96/4697/62 108/4698/49
f 96/4697/62 94/4699/64 108/4698/49
f 108/4698/49 106/179/61 98/178/52
f 106/179/61 104/4700/59 100/177/55
f 104/4700/59 102/4701/57 100/177/55
f 94/180/64 96/175/62 95/176/63
f 107/183/51 93/4702/50 95/4679/63
f 95/4679/63 97/4703/54 99/181/53
f 99/181/53 101/4704/67 103/182/58
f 103/182/58 105/4705/60 107/183/51
f 107/183/51 95/4679/63 99/181/53
s 0
f 120/184/2504 111/206/2504 110/185/2504
f 123/187/2505 120/4706/2505 117/188/2505
f 115/190/2506 111/89/2506 119/191/2506
f 112/193/2507 116/4707/2507 113/194/2507
f 116/82/2508 124/192/2508 122/196/2508
f 109/4708/2490 110/195/2490 113/194/2490
f 111/206/2509 112/4709/2509 110/185/2509
f 115/4710/2510 116/4707/2510 112/193/2510
f 114/4663/2493 113/194/2493 116/4707/2493
f 121/4711/2494 122/189/2494 117/188/2494
f 119/4712/2511 120/4706/2511 123/187/2511
f 118/4666/2496 117/188/2496 120/4706/2496
f 121/204/2497 118/186/2497 109/198/2497
f 130/208/2498 126/4713/2498 125/209/2498
f 132/211/2499 130/4714/2499 129/212/2499
f 128/214/2500 126/4715/2500 130/215/2500
f 126/217/2501 128/4716/2501 127/218/2501
f 128/214/2502 132/216/2502 131/220/2502
f 131/222/2503 129/210/2503 125/209/2503
s 1
f 148/224/49 134/244/64 133/225/65
f 138/227/52 140/4717/55 139/228/53
f 140/230/55 142/233/57 141/231/67
f 142/233/57 144/235/59 143/234/58
f 144/235/59 146/237/61 145/236/66
f 146/237/61 148/4718/49 147/238/51
f 136/239/62 138/227/52 137/229/54
f 138/242/52 136/4719/62 148/4720/49
f 136/4719/62 134/4721/64 148/4720/49
f 148/4720/49 146/243/61 138/242/52
f 146/243/61 144/4722/59 140/241/55
f 144/4722/59 142/4723/57 140/241/55
f 134/244/64 136/239/62 135/240/63
f 147/247/51 133/4724/65 135/4725/63
f 135/4725/63 137/4726/54 139/245/53
f 139/245/53 141/4727/67 143/246/58
f 143/246/58 145/4728/66 147/247/51
f 147/247/51 135/4725/63 139/245/53
f 164/248/49 150/268/64 149/249/65
f 154/251/52 156/4729/55 155/252/53
f 156/254/55 158/257/57 157/255/56
f 158/257/57 160/259/59 159/258/58
f 160/259/59 162/261/61 161/260/66
f 162/261/61 164/4730/49 163/262/51
f 152/263/62 154/251/52 153/253/54
f 154/266/52 152/4731/62 164/4732/49
f 152/4731/62 150/4733/64 164/4732/49
f 164/4732/49 162/267/61 154/266/52
f 162/267/61 160/4734/59 156/265/55
f 160/4734/59 158/4735/57 156/265/55
f 150/268/64 152/263/62 151/264/63
f 163/271/51 149/4736/65 151/4737/63
f 151/4737/63 153/4738/54 155/269/53
f 155/269/53 157/4739/56 159/270/58
f 159/270/58 161/4740/66 163/271/51
f 163/271/51 151/4737/63 155/269/53
f 180/272/49 166/292/64 165/273/50
f 170/275/52 172/4741/55 171/276/53
f 172/278/55 174/281/57 173/279/67
f 174/281/57 176/283/59 175/282/58
f 176/283/59 178/285/61 177/284/66
f 178/285/61 180/4742/49 179/286/51
f 168/287/62 170/275/52 169/277/54
f 170/290/52 168/4743/62 180/4744/49
f 168/4743/62 166/4745/64 180/4744/49
f 180/4744/49 178/291/61 170/290/52
f 178/291/61 176/4746/59 172/289/55
f 176/4746/59 174/4747/57 172/289/55
f 166/292/64 168/287/62 167/288/63
f 179/295/51 165/4748/50 167/4749/63
f 167/4749/63 169/4750/54 171/293/53
f 171/293/53 173/4751/67 175/294/58
f 175/294/58 177/4752/66 179/295/51
f 179/295/51 167/4749/63 171/293/53
s 0
f 192/296/2512 184/325/2512 182/297/2512
f 195/299/2513 192/4753/2513 189/300/2513
f 187/302/2514 184/315/2514 191/303/2514
f 183/305/2515 188/4754/2515 185/306/2515
f 188/308/2516 196/317/2516 194/309/2516
f 181/4755/2517 182/307/2517 185/306/2517
f 184/4756/2518 183/305/2518 182/307/2518
f 187/4757/2519 188/4754/2519 183/305/2519
f 186/4758/2520 185/306/2520 188/4754/2520
f 193/4759/2521 194/301/2521 189/300/2521
f 191/4760/2522 192/4753/2522 195/299/2522
f 190/4761/2496 189/300/2496 192/4753/2496
f 193/320/2523 190/322/2523 181/311/2523
f 202/327/2524 198/4762/2524 197/328/2524
f 204/330/2525 202/4763/2525 201/331/2525
f 200/333/2526 198/4764/2526 202/334/2526
f 198/336/2527 200/4765/2527 199/337/2527
f 200/339/2528 204/4766/2528 203/340/2528
f 203/342/2529 201/4767/2529 197/343/2529
f 210/345/2524 206/4768/2524 205/328/2524
f 212/347/2525 210/4769/2525 209/348/2525
f 208/350/2526 206/4770/2526 210/351/2526
f 206/353/2527 208/4771/2527 207/354/2527
f 208/356/2528 212/4772/2528 211/357/2528
f 211/359/2529 209/4773/2529 205/343/2529
f 224/296/2512 216/325/2512 214/297/2512
f 227/299/2513 224/4753/2513 221/300/2513
f 219/361/2514 216/315/2514 223/362/2514
f 215/363/2515 220/4754/2515 217/364/2515
f 220/308/2516 228/317/2516 226/309/2516
f 213/4774/2517 214/307/2517 217/364/2517
f 216/4756/2491 215/363/2491 214/307/2491
f 219/4775/2519 220/4754/2519 215/363/2519
f 218/4758/2493 217/364/2493 220/4754/2493
f 225/4759/2521 226/301/2521 221/300/2521
f 223/4760/2522 224/4753/2522 227/299/2522
f 222/4761/2530 221/300/2530 224/4753/2530
f 225/366/2523 222/322/2523 213/365/2523
f 234/369/2524 230/4768/2524 229/370/2524
f 236/372/2525 234/4776/2525 233/373/2525
f 232/375/2526 230/4777/2526 234/376/2526
f 230/378/2527 232/4778/2527 231/379/2527
f 232/381/2528 236/4772/2528 235/382/2528
f 235/384/2529 233/4779/2529 229/385/2529
f 242/387/2524 238/4780/2524 237/388/2524
f 244/390/2525 242/4781/2525 241/391/2525
f 240/393/2526 238/4782/2526 242/376/2526
f 238/395/2527 240/4783/2527 239/396/2527
f 240/398/2528 244/4784/2528 243/382/2528
f 243/400/2529 241/4785/2529 237/401/2529
f 266/403/2531 252/420/2531 246/404/2531
f 273/403/2532 268/728/2532 261/404/2532
f 257/407/2533 249/440/2533 265/408/2533
f 250/410/2534 260/4786/2534 253/405/2534
f 258/410/2535 275/430/2535 270/405/2535
f 246/404/2536 248/411/2536 247/418/2536
f 250/410/2537 252/420/2537 251/413/2537
f 253/405/2538 255/4787/2538 254/419/2538
f 255/412/2539 256/425/2539 254/633/2539
f 258/410/2540 260/422/2540 259/429/2540
f 262/405/2541 264/439/2541 263/4788/2541
f 266/403/2542 268/437/2542 267/442/2542
f 270/405/2543 272/406/2543 271/426/2543
f 273/403/2544 275/430/2544 274/436/2544
f 275/430/2545 276/428/2545 274/436/2545
f 245/415/2546 247/438/2546 254/416/2546
f 247/418/2547 248/411/2547 253/405/2547
f 252/420/2548 250/410/2548 248/411/2548
f 257/407/2549 259/427/2549 249/440/2549
f 259/421/2550 260/4786/2550 250/410/2550
f 255/4787/2551 253/405/2551 260/4786/2551
f 256/425/2552 255/412/2552 270/405/2552
f 276/428/2553 275/430/2553 258/410/2553
f 272/406/2554 270/405/2554 275/430/2554
f 269/424/2555 271/423/2555 263/431/2555
f 271/426/2556 272/406/2556 261/404/2556
f 265/408/2557 267/441/2557 274/434/2557
f 267/435/2558 268/728/2558 273/403/2558
f 262/405/2559 263/4788/2559 268/437/2559
f 263/433/2560 261/404/2560 268/728/2560
f 264/439/2561 262/405/2561 246/404/2561
f 249/440/2562 251/4789/2562 267/441/2562
f 251/413/2563 252/420/2563 266/403/2563
f 269/424/2564 264/432/2564 245/415/2564
f 282/443/2565 278/452/2565 277/444/2565
f 284/446/2566 282/4790/2566 281/447/2566
f 280/449/2567 278/4791/2567 282/450/2567
f 278/452/2568 280/4792/2568 279/453/2568
f 280/454/2569 284/446/2569 283/448/2569
f 283/456/2570 281/4793/2570 277/457/2570
s 1
f 316/459/133 286/495/164 285/460/134
f 289/462/136 292/465/139 291/463/137
f 292/465/139 294/467/141 293/466/140
f 294/467/141 296/469/143 295/468/142
f 296/469/143 298/774/145 297/470/144
f 298/471/145 300/474/147 299/472/146
f 300/474/147 302/476/149 301/475/148
f 302/476/149 304/478/151 303/477/150
f 304/478/151 306/480/153 305/479/152
f 306/480/153 308/482/155 307/481/154
f 308/482/155 310/484/157 309/483/156
f 310/484/157 312/486/159 311/485/158
f 312/486/159 313/764/161 314/487/160
f 313/488/161 316/459/133 315/461/135
f 288/490/162 289/462/136 290/464/138
f 289/494/136 288/4794/162 286/4795/164
f 286/4795/164 316/4796/133 313/4797/161
f 313/4797/161 312/4798/159 308/4799/155
f 308/4799/155 306/492/153 313/4797/161
f 306/492/153 304/4800/151 302/4801/149
f 302/4801/149 300/4802/147 296/493/143
f 296/493/143 294/4803/141 289/494/136
f 294/4803/141 292/4804/139 289/494/136
f 289/494/136 286/4795/164 313/4797/161
f 306/492/153 302/4801/149 296/493/143
f 289/494/136 313/4797/161 306/492/153
f 286/495/164 288/490/162 287/491/163
f 287/4805/163 290/498/138 285/503/134
f 295/4806/142 297/4807/144 293/497/140
f 298/4808/145 296/493/143 300/4802/147
f 311/4809/158 314/504/160 309/500/156
f 310/1170/157 308/4799/155 312/4798/159
f 314/504/160 285/503/134 290/498/138
f 290/498/138 293/497/140 297/4807/144
f 297/4807/144 299/505/146 290/498/138
f 299/505/146 301/4810/148 303/4811/150
f 303/4811/150 305/501/152 299/505/146
f 305/501/152 309/500/156 314/504/160
f 314/504/160 290/498/138 305/501/152
f 328/506/165 318/523/176 317/507/166
f 322/509/168 324/512/171 323/510/169
f 324/512/171 326/4812/173 325/513/172
f 326/514/173 328/4813/165 327/515/167
f 320/517/174 322/4814/168 321/518/170
f 322/521/168 320/4815/174 318/522/176
f 318/522/176 328/4816/165 326/4817/173
f 326/4817/173 324/520/171 318/522/176
f 318/523/176 320/4818/174 319/524/175
f 327/527/167 317/4819/166 323/525/169
f 317/4819/166 319/4820/175 323/525/169
f 319/4820/175 321/4821/170 323/525/169
s 0
f 350/403/2531 336/535/2531 330/404/2531
f 358/403/2532 352/4822/2532 345/404/2532
f 341/407/2571 334/537/2571 349/408/2571
f 333/410/2534 344/4823/2534 338/405/2534
f 342/410/2535 360/546/2535 354/405/2535
f 330/404/2536 332/531/2536 331/534/2536
f 336/535/2572 334/414/2572 335/539/2572
f 333/410/2573 336/535/2573 335/539/2573
f 338/405/2574 340/4787/2574 339/532/2574
f 342/410/2540 344/422/2540 343/545/2540
f 345/404/2575 347/4824/2575 346/549/2575
f 347/528/2576 348/439/2576 346/532/2576
f 350/403/2542 352/437/2542 351/553/2542
f 354/405/2543 356/529/2543 355/543/2543
f 358/403/2577 360/546/2577 359/533/2577
f 329/415/2578 331/551/2578 337/540/2578
f 331/534/2547 332/531/2547 338/405/2547
f 336/535/2579 333/410/2579 332/531/2579
f 341/407/2580 343/544/2580 335/536/2580
f 343/538/2550 344/4823/2550 333/410/2550
f 340/4787/2551 338/405/2551 344/4823/2551
f 337/540/2581 339/4825/2581 355/541/2581
f 339/542/2582 340/411/2582 354/405/2582
f 357/530/2583 359/4826/2583 343/544/2583
f 359/533/2584 360/546/2584 342/410/2584
f 356/529/2554 354/405/2554 360/546/2554
f 353/424/2585 355/541/2585 346/547/2585
f 355/543/2556 356/529/2556 345/404/2556
f 349/408/2586 351/552/2586 357/530/2586
f 351/550/2558 352/4822/2558 358/403/2558
f 347/4824/2587 345/404/2587 352/4822/2587
f 348/439/2588 347/528/2588 330/404/2588
f 334/414/2589 336/535/2589 350/403/2589
f 353/424/2564 348/548/2564 329/415/2564
f 366/554/2565 362/563/2565 361/555/2565
f 368/557/2566 366/4827/2566 365/558/2566
f 364/560/2567 362/4828/2567 366/561/2567
f 362/563/2568 364/4829/2568 363/564/2568
f 364/565/2569 368/557/2569 367/559/2569
f 367/567/2570 365/4830/2570 361/568/2570
s 1
f 400/459/196 371/601/226 369/570/197
f 374/572/199 376/575/202 375/573/200
f 376/575/202 378/577/204 377/576/203
f 378/577/204 380/579/206 379/578/205
f 380/579/206 382/685/208 381/580/207
f 382/581/208 384/584/210 383/582/209
f 384/584/210 386/585/211 385/460/148
f 386/585/211 388/587/213 387/586/212
f 388/587/213 390/589/215 389/588/214
f 390/589/215 392/482/217 391/590/216
f 392/482/217 394/577/219 393/591/218
f 394/577/219 396/486/221 395/592/220
f 396/486/221 398/675/223 397/593/222
f 398/594/223 400/459/196 399/571/198
f 370/596/224 374/572/199 373/574/201
f 370/600/224 400/605/196 398/4831/223
f 398/4831/223 396/4832/221 394/4833/219
f 394/4833/219 390/598/215 398/4831/223
f 390/598/215 388/4834/213 386/4835/211
f 386/4835/211 384/4836/210 382/599/208
f 382/599/208 380/4837/206 370/600/224
f 380/4837/206 378/4803/204 370/600/224
f 378/4803/204 376/4838/202 370/600/224
f 390/598/215 386/4835/211 382/599/208
f 370/600/224 398/4831/223 390/598/215
f 371/601/226 370/596/224 372/597/225
f 376/4838/202 374/4839/199 370/600/224
f 392/499/217 390/598/215 394/4833/219
f 397/603/222 369/602/197 372/4840/225
f 372/4840/225 373/4841/201 397/603/222
f 373/4841/201 375/606/200 397/603/222
f 375/606/200 377/4842/203 379/4843/205
f 379/4843/205 381/4844/207 375/606/200
f 381/4844/207 383/607/209 375/606/200
f 383/607/209 385/783/148 387/4845/212
f 387/4845/212 389/4846/214 383/607/209
f 389/4846/214 391/608/216 383/607/209
f 391/608/216 393/4847/218 395/4848/220
f 395/4848/220 397/603/222 391/608/216
f 397/603/222 375/606/200 391/608/216
f 412/609/165 402/626/176 401/610/166
f 406/612/168 408/615/171 407/613/169
f 408/615/171 410/4849/173 409/616/172
f 410/617/173 412/4850/165 411/618/167
f 404/620/174 406/4851/168 405/621/170
f 406/624/168 404/4852/174 402/625/176
f 402/625/176 412/4853/165 410/4854/173
f 410/4854/173 408/623/171 402/625/176
f 402/626/176 404/4855/174 403/627/175
f 411/630/167 401/4856/166 407/628/169
f 401/4856/166 403/4857/175 407/628/169
f 403/4857/175 405/4858/170 407/628/169
s 0
f 434/403/2531 420/638/2531 414/404/2531
f 441/403/2532 436/728/2532 430/404/2532
f 425/407/2533 417/650/2533 433/408/2533
f 418/410/2534 428/4859/2534 421/405/2534
f 426/410/2535 443/643/2535 438/405/2535
f 414/404/2536 416/632/2536 415/636/2536
f 418/410/2537 420/638/2537 419/413/2537
f 421/405/2590 423/4787/2590 422/637/2590
f 423/632/2539 424/425/2539 422/633/2539
f 426/410/2540 428/422/2540 427/642/2540
f 430/404/2591 432/4824/2591 431/633/2591
f 434/403/2542 436/437/2542 435/652/2542
f 438/405/2543 440/631/2543 439/640/2543
f 441/403/2592 443/643/2592 442/646/2592
f 443/643/2545 444/428/2545 442/646/2545
f 413/415/2546 415/648/2546 422/634/2546
f 415/636/2547 416/632/2547 421/405/2547
f 420/638/2579 418/410/2579 416/632/2579
f 425/407/2549 427/641/2549 417/650/2549
f 427/436/2550 428/4859/2550 418/410/2550
f 423/4787/2593 421/405/2593 428/4859/2593
f 424/425/2552 423/632/2552 438/405/2552
f 444/428/2553 443/643/2553 426/410/2553
f 440/631/2554 438/405/2554 443/643/2554
f 437/424/2594 439/639/2594 429/647/2594
f 439/640/2556 440/631/2556 430/404/2556
f 433/408/2557 435/651/2557 442/644/2557
f 435/645/2558 436/728/2558 441/403/2558
f 432/4824/2595 430/404/2595 436/728/2595
f 429/647/2596 431/4860/2596 415/648/2596
f 431/649/2597 432/528/2597 414/404/2597
f 417/650/2562 419/4789/2562 435/651/2562
f 419/413/2563 420/638/2563 434/403/2563
f 437/424/2598 429/647/2598 413/415/2598
f 450/653/2565 446/661/2565 445/654/2565
f 452/656/2566 450/4861/2566 449/657/2566
f 448/658/2567 446/4862/2567 450/659/2567
f 446/661/2568 448/4863/2568 447/564/2568
f 448/662/2569 452/656/2569 451/448/2569
f 451/664/2570 449/4864/2570 445/665/2570
s 1
f 484/667/231 454/691/262 453/668/232
f 458/670/234 460/673/237 459/671/235
f 460/673/237 462/577/239 461/591/238
f 462/577/239 464/459/241 463/674/240
f 464/459/241 466/594/243 465/595/242
f 466/675/243 468/486/245 467/676/244
f 468/486/245 470/677/247 469/570/246
f 470/677/247 472/587/249 471/678/248
f 472/587/249 475/680/251 473/679/250
f 475/680/251 474/682/253 476/681/252
f 474/682/253 478/577/255 477/576/254
f 478/577/255 480/684/257 479/683/256
f 480/684/257 482/581/259 481/583/258
f 482/685/259 484/667/231 483/669/233
f 456/686/260 458/670/234 457/672/236
f 458/690/234 456/4865/260 454/4866/262
f 454/4866/262 484/4867/231 482/4868/259
f 482/4868/259 480/4798/257 478/4833/255
f 478/4833/255 474/688/253 482/4868/259
f 474/688/253 472/696/249 470/4869/247
f 470/4869/247 468/4870/245 466/689/243
f 466/689/243 464/4871/241 462/4803/239
f 462/4803/239 458/690/234 466/689/243
f 458/690/234 454/4866/262 482/4868/259
f 474/688/253 470/4869/247 466/689/243
f 458/690/234 482/4868/259 474/688/253
f 454/691/262 456/686/260 455/687/261
f 460/496/237 458/690/234 462/4803/239
f 483/4872/233 453/503/232 455/4873/261
f 455/4873/261 457/4874/236 483/4872/233
f 457/4874/236 459/697/235 483/4872/233
f 459/697/235 461/4875/238 463/4876/240
f 463/4876/240 465/694/242 459/697/235
f 465/694/242 469/693/246 471/4877/248
f 471/4877/248 473/4878/250 465/694/242
f 473/4878/250 476/698/252 465/694/242
f 476/698/252 477/4879/254 479/4880/256
f 479/4880/256 481/4881/258 476/698/252
f 481/4881/258 483/4872/233 476/698/252
f 483/4872/233 459/697/235 476/698/252
f 496/699/165 486/716/176 485/700/166
f 490/702/168 492/705/171 491/703/169
f 492/705/171 494/4882/173 493/706/172
f 494/707/173 496/4883/165 495/708/167
f 488/710/174 490/4884/168 489/711/170
f 490/714/168 488/4885/174 486/715/176
f 486/715/176 496/4886/165 494/4887/173
f 494/4887/173 492/713/171 486/715/176
f 486/716/176 488/4888/174 487/717/175
f 495/720/167 485/4889/166 491/718/169
f 485/4889/166 487/4890/175 491/718/169
f 487/4890/175 489/4891/170 491/718/169
s 0
f 518/403/2531 504/728/2531 498/404/2531
f 526/403/2532 520/4892/2532 513/404/2532
f 509/407/2571 502/537/2571 517/408/2571
f 501/410/2534 512/4823/2534 505/405/2534
f 510/410/2535 528/430/2535 522/405/2535
f 498/404/2536 500/723/2536 499/726/2536
f 504/728/2572 502/414/2572 503/731/2572
f 501/410/2599 504/728/2599 503/731/2599
f 506/404/2600 508/425/2600 507/4893/2600
f 510/410/2540 512/422/2540 511/734/2540
f 513/404/2601 515/4824/2601 514/737/2601
f 515/721/2576 516/439/2576 514/532/2576
f 518/403/2542 520/437/2542 519/741/2542
f 522/405/2543 524/528/2543 523/543/2543
f 526/403/2577 528/430/2577 527/442/2577
f 497/415/2602 499/739/2602 507/724/2602
f 499/726/2547 500/723/2547 505/405/2547
f 504/728/2579 501/410/2579 500/723/2579
f 509/407/2580 511/733/2580 503/729/2580
f 511/730/2550 512/4823/2550 501/410/2550
f 506/404/2603 507/4893/2603 512/422/2603
f 507/727/2604 505/405/2604 512/4823/2604
f 508/425/2605 506/404/2605 522/405/2605
f 525/722/2583 527/4826/2583 511/733/2583
f 527/442/2584 528/430/2584 510/410/2584
f 524/528/2606 522/405/2606 528/430/2606
f 521/424/2585 523/732/2585 514/735/2585
f 523/543/2556 524/528/2556 513/404/2556
f 517/408/2586 519/740/2586 525/722/2586
f 519/738/2558 520/4892/2558 526/403/2558
f 515/4824/2595 513/404/2595 520/4892/2595
f 516/439/2588 515/721/2588 498/404/2588
f 502/414/2589 504/728/2589 518/403/2589
f 521/424/2564 516/736/2564 497/415/2564
f 534/742/2565 530/751/2565 529/743/2565
f 536/745/2566 534/4894/2566 533/746/2566
f 532/748/2567 530/4895/2567 534/749/2567
f 530/751/2568 532/4896/2568 531/752/2568
f 532/753/2569 536/745/2569 535/747/2569
f 535/755/2570 533/4897/2570 529/756/2570
s 1
f 568/758/231 538/780/297 537/475/232
f 542/760/269 544/673/272 543/761/270
f 544/673/272 546/484/274 545/483/273
f 546/484/274 548/459/276 547/763/275
f 548/459/276 549/488/278 550/489/277
f 549/764/278 552/486/280 551/765/279
f 552/486/280 554/767/282 553/766/281
f 554/767/282 556/478/284 555/768/283
f 556/478/284 557/770/286 558/769/285
f 557/770/286 560/772/288 559/771/287
f 560/772/288 562/467/290 561/466/289
f 562/467/290 564/773/292 563/491/291
f 564/773/292 566/471/294 565/473/293
f 566/774/294 568/758/231 567/759/268
f 540/775/295 542/760/269 541/762/271
f 542/779/269 540/4898/295 538/4899/297
f 538/4899/297 568/4900/231 566/4901/294
f 566/4901/294 564/4902/292 562/4833/290
f 562/4833/290 560/4903/288 566/4901/294
f 560/4903/288 557/777/286 566/4901/294
f 557/777/286 556/4904/284 554/4905/282
f 554/4905/282 552/4906/280 549/778/278
f 549/778/278 548/4907/276 544/4908/272
f 544/4908/272 542/779/269 549/778/278
f 542/779/269 538/4899/297 566/4901/294
f 557/777/286 554/4905/282 549/778/278
f 542/779/269 566/4901/294 557/777/286
f 538/780/297 540/775/295 539/776/296
f 547/4806/275 550/784/277 545/781/273
f 546/4909/274 544/4908/272 548/4907/276
f 555/4910/283 558/786/285 553/783/281
f 563/4809/291 565/4911/293 561/785/289
f 567/4912/268 537/4913/232 539/4914/296
f 539/4914/296 541/782/271 567/4912/268
f 541/782/271 545/781/273 550/784/277
f 550/784/277 553/783/281 558/786/285
f 558/786/285 561/785/289 565/4911/293
f 565/4911/293 567/4912/268 558/786/285
f 567/4912/268 541/782/271 558/786/285
f 580/787/165 570/804/176 569/788/166
f 574/790/168 576/793/171 575/791/169
f 576/793/171 578/4915/173 577/794/172
f 578/795/173 580/4916/165 579/796/167
f 572/798/174 574/4917/168 573/799/170
f 574/802/168 572/4918/174 570/803/176
f 570/803/176 580/4919/165 578/4920/173
f 578/4920/173 576/801/171 570/803/176
f 570/804/176 572/4921/174 571/805/175
f 579/808/167 569/4922/166 575/806/169
f 569/4922/166 571/4923/175 575/806/169
f 571/4923/175 573/4924/170 575/806/169
s 0
f 592/809/2607 584/835/2607 582/810/2607
f 595/812/2608 592/4925/2608 590/813/2608
f 587/815/2609 584/826/2609 591/816/2609
f 583/818/2610 588/4926/2610 585/819/2610
f 588/820/2611 596/828/2611 594/814/2611
f 581/834/2612 582/810/2612 585/819/2612
f 584/835/2613 583/818/2613 582/810/2613
f 587/836/2614 588/4926/2614 583/818/2614
f 586/4927/2615 585/819/2615 588/4926/2615
f 593/827/2616 594/814/2616 590/813/2616
f 591/4928/2617 592/4925/2617 595/812/2617
f 589/811/2618 590/4929/2618 592/809/2618
f 593/830/2619 589/832/2619 581/822/2619
f 602/837/2620 598/4930/2620 597/838/2620
f 604/840/2621 602/4931/2621 601/841/2621
f 600/843/2622 598/4932/2622 602/844/2622
f 598/846/2623 600/4933/2623 599/847/2623
f 600/849/2624 604/4934/2624 603/850/2624
f 603/852/2625 601/4935/2625 597/853/2625
f 616/855/2626 608/881/2626 606/856/2626
f 619/858/2627 616/4936/2627 614/859/2627
f 611/861/2628 608/872/2628 615/862/2628
f 607/864/2629 612/4937/2629 609/865/2629
f 612/866/2630 620/874/2630 618/860/2630
f 605/880/2631 606/856/2631 609/865/2631
f 608/881/2632 607/864/2632 606/856/2632
f 611/4938/2633 612/4937/2633 607/864/2633
f 610/4939/2615 609/865/2615 612/4937/2615
f 617/873/2634 618/860/2634 614/859/2634
f 615/4940/2635 616/4936/2635 619/858/2635
f 613/857/2618 614/4941/2618 616/855/2618
f 617/876/2636 613/878/2636 605/868/2636
s 1
f 632/883/333 622/900/344 621/884/334
f 626/886/336 628/889/339 627/887/337
f 628/889/339 630/4942/341 629/890/340
f 630/891/341 632/4943/333 631/892/335
f 624/894/342 626/4944/336 625/895/338
f 626/899/336 624/4945/342 630/897/341
f 624/4945/342 622/4946/344 630/897/341
f 622/4946/344 632/4947/333 630/897/341
f 622/900/344 624/4948/342 623/901/343
f 631/903/335 621/4949/334 623/904/343
f 623/904/343 625/4950/338 627/4951/337
f 627/4951/337 629/902/340 623/904/343
f 644/905/345 634/922/356 633/906/346
f 638/908/348 640/911/351 639/909/349
f 640/911/351 642/4952/353 641/912/352
f 642/913/353 644/4953/345 643/914/347
f 636/916/354 638/4954/348 637/917/350
f 638/920/348 636/4955/354 634/921/356
f 634/921/356 644/4956/345 642/4957/353
f 642/4957/353 640/919/351 634/921/356
f 634/922/356 636/4958/354 635/923/355
f 643/926/347 633/4959/346 639/924/349
f 633/4959/346 635/4960/355 639/924/349
f 635/4960/355 637/4961/350 639/924/349
f 656/927/345 646/941/356 645/928/346
f 650/930/348 652/911/351 651/931/349
f 652/911/351 654/4962/353 653/933/352
f 654/934/353 656/4963/345 655/935/347
f 648/937/354 650/4964/348 649/938/350
f 650/920/348 648/4965/354 646/940/356
f 646/940/356 656/4966/345 654/4957/353
f 654/4957/353 652/919/351 646/940/356
f 646/941/356 648/4967/354 647/942/355
f 655/943/347 645/4968/346 651/924/349
f 645/4968/346 647/4960/355 651/924/349
f 647/4960/355 649/4961/350 651/924/349
s 0
f 668/944/2607 660/968/2607 658/945/2607
f 671/947/2637 668/4969/2637 665/948/2637
f 663/950/2609 660/960/2609 667/951/2609
f 659/953/2610 664/4970/2610 661/954/2610
f 664/955/2611 672/962/2611 670/949/2611
f 657/967/2612 658/945/2612 661/954/2612
f 660/968/2613 659/953/2613 658/945/2613
f 663/4971/2614 664/4970/2614 659/953/2614
f 662/4927/2615 661/954/2615 664/4970/2615
f 669/961/2638 670/949/2638 665/948/2638
f 667/4972/2617 668/4969/2617 671/947/2617
f 666/4973/2639 665/948/2639 668/4969/2639
f 669/964/2640 666/832/2640 657/957/2640
f 678/970/2620 674/4974/2620 673/971/2620
f 680/973/2621 678/4975/2621 677/974/2621
f 676/976/2622 674/4976/2622 678/977/2622
f 674/979/2623 676/4977/2623 675/980/2623
f 676/982/2624 680/4978/2624 679/983/2624
f 679/852/2625 677/4979/2625 673/985/2625
f 692/855/2641 683/995/2641 682/987/2641
f 695/989/2627 692/4936/2627 690/990/2627
f 687/992/2642 684/4980/2642 691/993/2642
f 683/995/2643 688/4981/2643 685/996/2643
f 688/866/2630 696/874/2630 694/991/2630
f 681/998/2644 682/987/2644 685/996/2644
f 687/1000/2645 688/4981/2645 683/995/2645
f 686/1002/2646 685/997/2646 694/991/2646
f 693/1003/2634 694/991/2634 690/990/2634
f 691/4982/2635 692/4936/2635 695/989/2635
f 689/988/2618 690/4983/2618 692/855/2618
f 684/1001/2647 683/995/2647 692/855/2647
f 693/1005/2636 689/878/2636 681/1007/2636
s 1
f 708/1009/333 698/1026/344 697/1010/334
f 702/1012/336 704/1015/339 703/1013/337
f 704/1015/339 706/4984/341 705/1016/340
f 706/1017/341 708/4985/333 707/1018/335
f 700/1020/342 702/4986/336 701/1021/338
f 702/1025/336 700/4987/342 706/1023/341
f 700/4987/342 698/4988/344 706/1023/341
f 698/4988/344 708/4989/333 706/1023/341
f 698/1026/344 700/4990/342 699/1027/343
f 707/1029/335 697/4991/334 699/1030/343
f 699/1030/343 701/4992/338 703/4993/337
f 703/4993/337 705/1028/340 699/1030/343
f 720/1031/345 710/1048/356 709/1032/346
f 714/1034/348 716/1037/351 715/1035/349
f 716/1037/351 718/4994/353 717/1038/352
f 718/1039/353 720/4995/345 719/1040/347
f 712/1042/354 714/4996/348 713/1043/350
f 714/1046/348 712/4997/354 710/1047/356
f 710/1047/356 720/4998/345 718/4999/353
f 718/4999/353 716/1045/351 710/1047/356
f 710/1048/356 712/5000/354 711/1049/355
f 719/1052/347 709/5001/346 715/1050/349
f 709/5001/346 711/5002/355 715/1050/349
f 711/5002/355 713/5003/350 715/1050/349
f 732/1053/345 722/1070/356 721/1054/346
f 726/1056/348 728/1059/351 727/1057/349
f 728/1059/351 730/5004/353 729/1060/352
f 730/1061/353 732/5005/345 731/1062/347
f 724/1064/354 726/5006/348 725/1065/350
f 726/1068/348 724/5007/354 722/1069/356
f 722/1069/356 732/4998/345 730/5008/353
f 730/5008/353 728/1067/351 722/1069/356
f 722/1070/356 724/5009/354 723/1071/355
f 731/1073/347 721/5010/346 727/1072/349
f 721/5010/346 723/5002/355 727/1072/349
f 723/5002/355 725/5011/350 727/1072/349
f 807/1074/369 734/1137/435 733/1075/370
f 740/1077/372 742/1080/375 741/1078/373
f 742/1080/375 744/1082/377 743/1081/376
f 744/1082/377 746/1084/379 745/1083/378
f 746/1084/379 748/1086/381 747/1085/380
f 748/1086/381 751/1088/383 750/1087/382
f 751/1088/383 753/1090/385 752/1089/384
f 753/1090/385 756/1092/387 754/1091/386
f 756/1092/387 758/1094/389 757/1093/388
f 758/1094/389 761/1096/391 760/1095/390
f 761/1096/391 763/5012/393 762/1097/392
f 763/1098/393 765/1100/395 764/1083/394
f 765/1100/395 767/1102/397 766/1101/396
f 767/1102/397 769/1104/399 768/1103/398
f 769/1104/399 772/1105/401 770/1075/400
f 772/1105/401 775/1107/403 774/1106/402
f 775/1107/403 777/1109/405 776/1108/404
f 777/1109/405 779/1111/407 778/1110/406
f 779/1111/407 781/1113/409 780/1112/408
f 781/1113/409 783/1115/411 782/1114/410
f 783/1115/411 786/1117/413 784/1116/412
f 786/1117/413 788/1118/415 787/1106/414
f 788/1118/415 790/1120/417 789/1119/416
f 790/1120/417 793/1121/419 791/1103/418
f 793/1121/419 795/1123/421 794/1122/420
f 795/1123/421 797/1125/423 796/1124/422
f 797/1125/423 799/5013/425 798/1126/424
f 799/1127/425 803/1130/427 801/1128/426
f 803/1130/427 805/1131/429 804/1093/428
f 805/1131/429 807/1074/369 806/1076/371
f 738/1132/430 740/1077/372 739/1079/374
f 785/1168/440 783/1167/411 779/5014/407
f 763/5015/393 755/1135/433 767/1159/397
f 753/1152/385 748/5016/381 755/1135/433
f 748/5016/381 746/5017/379 737/1136/434
f 802/1178/443 792/1171/441 737/1136/434
f 785/1168/440 779/5014/407 771/1134/432
f 792/1171/441 785/1168/440 771/1134/432
f 771/1134/432 767/1159/397 755/1135/433
f 755/1135/433 748/5016/381 737/1136/434
f 737/1136/434 792/1171/441 771/1134/432
f 734/1137/435 738/1132/430 736/1133/431
f 733/1138/370 736/1139/431 735/1141/436
f 734/1138/435 802/1178/443 737/1136/434
f 741/1143/373 743/5018/376 739/1140/374
f 742/1143/375 740/1142/372 737/1136/434
f 745/1147/378 749/1146/437 743/5018/376
f 744/1144/377 737/1136/434 746/5017/379
f 750/1148/382 752/1151/384 759/1149/438
f 751/1148/383 748/5016/381 753/1152/385
f 761/1154/391 755/1135/433 763/5015/393
f 764/5019/394 766/5020/396 762/1155/392
f 767/1159/397 765/5019/395 763/5015/393
f 768/1158/398 773/1157/439 766/5020/396
f 772/1156/401 769/1158/399 767/1159/397
f 770/1156/400 774/1160/402 773/1157/439
f 777/1162/405 771/1134/432 779/5014/407
f 781/1163/409 779/5014/407 783/1167/411
f 784/1166/412 787/1182/414 782/1164/410
f 790/1170/417 785/1168/440 792/1171/441
f 795/1173/421 793/1172/419 792/1171/441
f 794/1173/420 796/1176/422 800/1174/442
f 799/1177/425 797/1176/423 792/1171/441
f 798/1177/424 801/1179/426 800/1174/442
f 799/1177/425 792/1171/441 802/1178/443
f 804/1180/428 735/1141/436 800/1174/442
f 805/1180/429 803/1179/427 802/1178/443
f 807/1181/369 805/1180/429 802/1178/443
f 734/1138/435 807/1181/369 802/1178/443
f 735/1141/436 739/1140/374 743/5018/376
f 759/1149/438 762/1155/392 766/5020/396
f 766/5020/396 773/1157/439 759/1149/438
f 776/1161/404 778/1165/406 773/1157/439
f 782/1164/410 787/1182/414 778/1165/406
f 787/1182/414 789/5021/416 791/1175/418
f 791/1175/418 800/1174/442 787/1182/414
f 743/5018/376 749/1146/437 735/1141/436
f 800/1174/442 735/1141/436 787/1182/414
f 749/1146/437 759/1149/438 735/1141/436
f 759/1149/438 773/1157/439 735/1141/436
f 773/1157/439 778/1165/406 787/1182/414
f 871/1183/444 809/1245/507 808/1184/445
f 813/1186/447 815/1189/450 814/1187/448
f 815/1189/450 816/1191/452 817/1190/451
f 816/1191/452 819/1193/454 818/1192/453
f 819/1193/454 821/1194/456 820/1188/455
f 821/1194/456 823/1196/458 822/1195/457
f 823/1196/458 825/1198/460 824/1197/459
f 825/1198/460 827/1200/462 826/1199/461
f 827/1200/462 830/1202/464 828/1201/463
f 830/1202/464 829/1204/466 831/1203/465
f 829/1204/466 833/5022/468 832/1205/467
f 833/1206/468 835/1209/470 834/1207/469
f 835/1209/470 838/1211/472 836/1210/471
f 838/1211/472 837/1213/474 839/1212/473
f 837/1213/474 841/1215/476 840/1214/475
f 841/1215/476 843/1216/478 842/1185/477
f 843/1216/478 845/1218/480 844/1217/479
f 845/1218/480 847/1220/482 846/1219/481
f 847/1220/482 848/1222/484 849/1221/483
f 848/1222/484 851/1224/486 850/1223/485
f 851/1224/486 853/1226/488 852/1225/487
f 853/1226/488 855/1183/490 854/1227/489
f 855/1183/490 857/1228/492 856/1197/491
f 857/1228/492 859/1230/494 858/1229/493
f 859/1230/494 861/1232/496 860/1231/495
f 861/1232/496 863/1233/498 862/1192/497
f 863/1233/498 865/1475/500 864/1234/499
f 865/1235/500 867/1237/502 866/1219/501
f 867/1237/502 869/1239/504 868/1238/503
f 869/1239/504 871/1183/444 870/1185/446
f 811/1240/505 813/1186/447 812/1188/449
f 813/1244/447 811/5023/505 809/5024/507
f 809/5024/507 871/5025/444 869/5026/504
f 869/5026/504 867/5027/502 861/5028/496
f 867/5027/502 865/5029/500 861/5028/496
f 865/5029/500 863/5030/498 861/5028/496
f 861/5028/496 859/5031/494 853/5032/488
f 859/5031/494 857/5033/492 853/5032/488
f 857/5033/492 855/5034/490 853/5032/488
f 853/5032/488 851/5035/486 848/5036/484
f 848/5036/484 847/5037/482 853/5032/488
f 847/5037/482 845/5038/480 853/5032/488
f 845/5038/480 843/5039/478 841/5040/476
f 841/5040/476 837/1253/474 845/5038/480
f 837/1253/474 835/1252/470 833/5041/468
f 833/5041/468 829/1242/466 837/1253/474
f 829/1242/466 827/1250/462 825/5042/460
f 825/5042/460 823/5043/458 821/1243/456
f 821/1243/456 819/5044/454 816/5045/452
f 816/5045/452 815/5046/450 821/1243/456
f 815/5046/450 813/1244/447 821/1243/456
f 813/1244/447 809/5024/507 869/5026/504
f 829/1242/466 825/5042/460 821/1243/456
f 813/1244/447 869/5026/504 845/5038/480
f 869/5026/504 861/5028/496 845/5038/480
f 861/5028/496 853/5032/488 845/5038/480
f 845/5038/480 837/1253/474 813/1244/447
f 837/1253/474 829/1242/466 813/1244/447
f 809/1245/507 811/1240/505 810/1241/506
f 814/5047/448 817/1248/451 812/5048/449
f 846/5049/481 849/1256/483 844/5050/479
f 870/1262/446 808/5051/445 810/5052/506
f 810/5052/506 812/5048/449 817/1248/451
f 817/1248/451 820/1247/455 822/5053/457
f 822/5053/457 824/5054/459 826/5055/461
f 826/5055/461 828/5056/463 831/5057/465
f 831/5057/465 832/5058/467 834/5059/469
f 834/5059/469 836/5060/471 839/1260/473
f 839/1260/473 840/5061/475 842/5062/477
f 842/5062/477 844/5050/479 849/1256/483
f 849/1256/483 852/1255/487 854/1261/489
f 854/1261/489 856/5063/491 858/5064/493
f 858/5064/493 860/1259/495 854/1261/489
f 860/1259/495 864/1258/499 866/5065/501
f 866/5065/501 868/5066/503 870/1262/446
f 870/1262/446 810/5052/506 817/1248/451
f 817/1248/451 822/5053/457 870/1262/446
f 822/5053/457 826/5055/461 831/5057/465
f 831/5057/465 834/5059/469 839/1260/473
f 839/1260/473 842/5062/477 849/1256/483
f 849/1256/483 854/1261/489 839/1260/473
f 860/1259/495 866/5065/501 854/1261/489
f 866/5065/501 870/1262/446 854/1261/489
f 822/5053/457 831/5057/465 839/1260/473
f 870/1262/446 822/5053/457 839/1260/473
f 874/1267/512 880/1270/514 875/1453/630
f 875/5067/630 880/1271/514 876/1273/516
f 877/1277/517 881/1276/518 878/1666/2648
f 878/1666/2648 881/1276/518 879/1279/519
f 882/1263/508 883/1282/511 873/1264/509
f 883/1266/511 884/1269/513 874/1267/512
f 880/1271/514 887/1290/521 888/1284/522
f 888/1284/522 889/1292/523 885/1272/515
f 889/1285/523 890/1286/524 881/1276/518
f 890/1286/524 891/1295/530 882/1278/508
f 882/1263/508 891/1298/530 886/1281/520
f 886/1281/520 892/1297/531 893/1287/525
f 891/1298/530 892/1297/531 886/1281/520
f 893/1288/525 894/1289/526 884/1269/513
f 894/1289/526 895/1305/527 887/1283/521
f 895/1291/527 896/1302/528 889/1292/523
f 896/1293/528 897/1307/537 890/1286/524
f 890/1286/524 897/1307/537 898/1294/529
f 898/1296/529 899/1299/532 892/1297/531
f 901/1309/538 902/1311/534 899/1299/532
f 902/1303/534 903/1304/535 894/1289/526
f 903/1304/535 904/5068/536 895/1305/527
f 900/1301/533 905/1313/541 896/1302/528
f 896/1293/528 905/1314/541 897/1307/537
f 903/1304/535 907/1319/545 904/5068/536
f 904/1306/536 907/1320/545 908/1312/540
f 909/1315/542 910/1325/549 901/1308/538
f 901/1309/538 910/1328/549 906/1310/539
f 906/1310/539 911/1327/551 912/1316/543
f 908/1312/540 913/1322/547 905/1313/541
f 905/1314/541 913/1323/547 909/1315/542
f 910/1328/549 911/1327/551 906/1310/539
f 914/1318/544 915/1331/554 907/1319/545
f 907/1320/545 915/1336/554 916/1321/546
f 917/1324/548 918/5069/550 910/1325/549
f 919/1329/552 914/5070/544 912/1316/543
f 915/1336/554 921/1335/557 916/1321/546
f 916/1321/546 921/1335/557 922/1332/555
f 918/1326/550 919/1329/552 911/1327/551
f 920/1330/553 923/1350/556 915/1331/554
f 921/1335/557 924/1691/561 922/1332/555
f 922/1333/555 924/1345/561 917/1324/548
f 917/1324/548 925/1347/558 918/5069/550
f 914/1318/544 926/1348/559 920/1330/553
f 925/1351/558 926/1339/559 919/1338/552
f 929/1352/564 930/1357/569 926/1339/559
f 926/1348/559 930/1358/569 931/1349/563
f 931/1349/563 932/1360/571 923/1350/556
f 923/1341/556 932/1363/571 927/1342/560
f 927/1342/560 933/1362/565 924/1344/561
f 924/1345/561 933/1353/565 928/1346/562
f 928/1346/562 934/1355/567 925/1347/558
f 925/1351/558 934/1366/567 929/1352/564
f 932/1363/571 933/1362/565 927/1342/560
f 929/1352/564 936/1365/574 937/1356/568
f 930/1358/569 937/1578/568 938/1359/570
f 938/1359/570 939/1372/572 932/1360/571
f 939/1361/572 940/1374/579 933/1362/565
f 933/1362/565 940/1374/579 941/1375/573
f 935/1354/566 936/1369/574 934/1355/567
f 941/1364/573 943/1380/584 935/1354/566
f 935/1354/566 943/1380/584 942/1368/575
f 944/1370/576 945/1382/580 937/1356/568
f 937/1578/568 945/1376/580 938/1359/570
f 939/1361/572 946/1386/577 947/1373/578
f 947/1373/578 948/1388/588 941/1375/573
f 941/1364/573 948/5071/588 943/1380/584
f 943/1380/584 949/1379/583 942/1368/575
f 942/1367/575 949/1389/583 944/1370/576
f 938/1359/570 950/1377/581 946/1371/577
f 948/5071/588 951/1378/582 943/1380/584
f 952/1381/585 953/1393/586 945/1382/580
f 954/1385/587 955/1395/593 947/1373/578
f 947/1373/578 955/1395/593 951/1387/582
f 951/1378/582 956/1391/590 949/1379/583
f 949/1389/583 956/1398/590 952/1381/585
f 955/1395/593 957/1396/594 951/1387/582
f 951/1378/582 957/1404/594 958/1390/589
f 952/1381/585 959/1397/595 960/1392/591
f 960/1394/591 961/1401/598 954/1384/587
f 954/1385/587 961/1410/598 962/1321/592
f 958/1390/589 959/1406/595 956/1391/590
f 963/1399/596 964/1407/601 960/1392/591
f 964/1413/601 965/1400/597 960/1394/591
f 961/1410/598 966/1409/603 962/1321/592
f 962/1321/592 966/1409/603 967/1402/599
f 958/1390/589 967/1403/599 963/1405/596
f 965/1400/597 969/1415/602 961/1401/598
f 966/1409/603 970/1421/606 967/1402/599
f 967/1403/599 971/1424/612 963/1405/596
f 963/1399/596 971/1426/612 968/1310/600
f 972/1412/604 973/1414/605 965/1400/597
f 969/1408/602 970/1421/606 966/1409/603
f 967/1403/599 974/1417/607 971/1424/612
f 971/1426/612 972/1411/604 968/1310/600
f 972/1411/604 975/1427/613 976/1429/608
f 977/1420/609 978/1433/617 970/1421/606
f 970/1421/606 978/1433/617 979/1435/610
f 980/1425/611 975/1427/613 972/1411/604
f 981/1430/614 982/1431/615 973/1414/605
f 982/1431/615 983/1439/621 977/1419/609
f 977/1420/609 983/5072/621 984/1432/616
f 978/1433/617 984/1432/616 985/1434/618
f 985/1436/618 986/1445/625 980/1423/611
f 980/1425/611 986/5073/625 981/1428/614
f 987/1447/627 988/1450/619 981/5074/614
f 981/1430/614 988/1437/619 982/1431/615
f 984/1441/616 989/5075/623 985/1834/618
f 986/1448/625 987/1447/627 981/5074/614
f 987/1447/627 990/1446/626 988/1450/619
f 991/1438/620 992/1454/622 983/1439/621
f 992/1440/622 989/5075/623 984/1441/616
f 995/1444/624 990/5076/626 986/1445/625
f 992/1440/622 994/1455/629 989/5075/623
f 994/1452/629 878/1666/2648 995/1444/624
f 995/1456/624 993/1449/628 990/1446/626
f 872/1265/510 873/1264/509 993/1449/628
f 993/1451/628 873/1268/509 874/1267/512
f 991/1438/620 874/1267/512 875/1453/630
f 992/1440/622 875/5067/630 876/1273/516
f 876/1273/516 877/1274/517 994/1455/629
f 994/1452/629 877/1277/517 878/1666/2648
f 878/1666/2648 879/1279/519 995/1444/624
f 995/1456/624 879/1280/519 872/1265/510
f 1059/1457/444 997/1245/507 996/1458/445
f 1001/1460/447 1003/1463/450 1002/1461/448
f 1003/1463/450 1004/1465/452 1005/1464/451
f 1004/1465/452 1007/1193/454 1006/1466/453
f 1007/1193/454 1009/1468/456 1008/1467/455
f 1009/1468/456 1011/1470/458 1010/1469/457
f 1011/1470/458 1013/1198/460 1012/1197/459
f 1013/1198/460 1015/1471/462 1014/1199/461
f 1015/1471/462 1018/1472/464 1016/1201/463
f 1018/1472/464 1017/1474/466 1019/1473/465
f 1017/1474/466 1021/1494/468 1020/1205/467
f 1021/1475/468 1023/1476/470 1022/1207/469
f 1023/1476/470 1026/1477/472 1024/1210/471
f 1026/1477/472 1025/1213/474 1027/1212/473
f 1025/1213/474 1029/1478/476 1028/1184/475
f 1029/1478/476 1031/1480/478 1030/1479/477
f 1031/1480/478 1033/1481/480 1032/1217/479
f 1033/1481/480 1035/1483/482 1034/1482/631
f 1035/1483/482 1036/1484/632 1037/1221/483
f 1036/1484/632 1039/1485/486 1038/1223/485
f 1039/1485/486 1041/1226/488 1040/1486/487
f 1041/1226/488 1043/1457/490 1042/1487/489
f 1043/1457/490 1045/1228/492 1044/1197/491
f 1045/1228/492 1047/1489/494 1046/1488/493
f 1047/1489/494 1049/1491/496 1048/1490/495
f 1049/1491/496 1051/1492/498 1050/1192/497
f 1051/1492/498 1053/1475/500 1052/1493/499
f 1053/1494/500 1055/1497/502 1054/1495/501
f 1055/1497/502 1057/1499/504 1056/1498/503
f 1057/1499/504 1059/1457/444 1058/1459/446
f 999/1500/505 1001/1460/447 1000/1462/449
f 1001/1244/447 999/5077/505 997/5024/507
f 997/5024/507 1059/5025/444 1057/5078/504
f 1057/5078/504 1055/5079/502 1049/5080/496
f 1055/5079/502 1053/5081/500 1049/5080/496
f 1053/5081/500 1051/5082/498 1049/5080/496
f 1049/5080/496 1047/5083/494 1041/5084/488
f 1047/5083/494 1045/5033/492 1041/5084/488
f 1045/5033/492 1043/5085/490 1041/5084/488
f 1041/5084/488 1039/5086/486 1036/5036/632
f 1036/5036/632 1035/5087/482 1041/5084/488
f 1035/5087/482 1033/5088/480 1041/5084/488
f 1033/5088/480 1031/5089/478 1029/5090/476
f 1029/5090/476 1025/1505/474 1033/5088/480
f 1025/1505/474 1023/1252/470 1021/5091/468
f 1021/5091/468 1017/1501/466 1025/1505/474
f 1017/1501/466 1015/1504/462 1013/5042/460
f 1013/5042/460 1011/5092/458 1009/1502/456
f 1009/1502/456 1007/5044/454 1004/5045/452
f 1004/5045/452 1003/5093/450 1009/1502/456
f 1003/5093/450 1001/1244/447 1009/1502/456
f 1001/1244/447 997/5024/507 1057/5078/504
f 1017/1501/466 1013/5042/460 1009/1502/456
f 1001/1244/447 1057/5078/504 1033/5088/480
f 1057/5078/504 1049/5080/496 1033/5088/480
f 1049/5080/496 1041/5084/488 1033/5088/480
f 1033/5088/480 1025/1505/474 1001/1244/447
f 1025/1505/474 1017/1501/466 1001/1244/447
f 997/1245/507 999/1500/505 998/1241/506
f 1002/5047/448 1005/1503/451 1000/5094/449
f 1034/5049/631 1037/1507/483 1032/5050/479
f 1058/1512/446 996/5051/445 998/5095/506
f 998/5095/506 1000/5094/449 1005/1503/451
f 1005/1503/451 1008/1247/455 1010/5096/457
f 1010/5096/457 1012/5054/459 1014/5055/461
f 1014/5055/461 1016/5097/463 1019/5098/465
f 1019/5098/465 1020/5099/467 1022/5100/469
f 1022/5100/469 1024/5101/471 1027/1510/473
f 1027/1510/473 1028/5102/475 1030/5103/477
f 1030/5103/477 1032/5050/479 1037/1507/483
f 1037/1507/483 1040/1506/487 1042/1511/489
f 1042/1511/489 1044/5063/491 1046/5104/493
f 1046/5104/493 1048/1509/495 1042/1511/489
f 1048/1509/495 1052/1508/499 1054/5105/501
f 1054/5105/501 1056/5066/503 1058/1512/446
f 1058/1512/446 998/5095/506 1005/1503/451
f 1005/1503/451 1010/5096/457 1058/1512/446
f 1010/5096/457 1014/5055/461 1019/5098/465
f 1019/5098/465 1022/5100/469 1027/1510/473
f 1027/1510/473 1030/5103/477 1037/1507/483
f 1037/1507/483 1042/1511/489 1027/1510/473
f 1048/1509/495 1054/5105/501 1042/1511/489
f 1054/5105/501 1058/1512/446 1042/1511/489
f 1010/5096/457 1019/5098/465 1027/1510/473
f 1058/1512/446 1010/5096/457 1027/1510/473
f 1064/1521/643 1067/1523/644 1065/1628/633
f 1065/1513/633 1067/1270/644 1071/1514/634
f 1182/1515/635 1071/1514/634 1066/1671/645
f 1068/1278/636 1069/1518/640 1062/1267/639
f 1069/1518/640 1070/1275/642 1063/1519/641
f 1071/1524/634 1068/1516/636 1060/1517/638
f 1072/1528/650 1073/1531/646 1068/1516/636
f 1070/1520/642 1074/1534/647 1075/1284/648
f 1075/1284/648 1076/1292/649 1067/1523/644
f 1071/1524/634 1077/1298/652 1072/1528/650
f 1076/1285/649 1078/1529/651 1071/1514/634
f 1079/1532/653 1080/1537/659 1069/1518/640
f 1069/1518/640 1080/1537/659 1081/1533/654
f 1074/1534/647 1081/1542/654 1082/1535/655
f 1082/1535/655 1083/1544/656 1076/1292/649
f 1084/1296/657 1079/1530/653 1072/1528/650
f 1085/1539/661 1086/1538/658 1079/1530/653
f 1083/1533/656 1087/1545/665 1078/1529/651
f 1078/1529/651 1087/1545/665 1084/1294/657
f 1084/1296/657 1085/1539/661 1079/1530/653
f 1086/1536/658 1089/1540/662 1080/1537/659
f 1089/1540/662 1090/5068/663 1081/1533/654
f 1082/1535/655 1090/1541/663 1091/1543/664
f 1083/1533/656 1091/1548/664 1087/1545/665
f 1092/1310/666 1093/1550/667 1086/1538/658
f 1089/1540/662 1094/1552/673 1090/5068/663
f 1090/1541/663 1094/1554/673 1095/1547/668
f 1096/1315/669 1097/1325/549 1088/1308/660
f 1088/1309/660 1097/1328/549 1092/1310/666
f 1092/1310/666 1098/1327/670 1093/1550/667
f 1095/1547/668 1099/5106/675 1091/1543/664
f 1091/1548/664 1099/1323/675 1096/1315/669
f 1097/1328/549 1098/1327/670 1092/1310/666
f 1093/1546/667 1100/5107/671 1101/1551/672
f 1101/1551/672 1102/1559/674 1094/1552/673
f 1102/1553/674 1099/5106/675 1095/1547/668
f 1103/1555/676 1104/5108/677 1097/1325/549
f 1100/5107/671 1106/1558/679 1101/1551/672
f 1102/1553/674 1107/1335/683 1099/5106/675
f 1099/5106/675 1107/1335/683 1108/1332/680
f 1104/1556/677 1105/1557/678 1098/1327/670
f 1105/1557/678 1109/5109/689 1110/1560/681
f 1100/5107/671 1110/1567/681 1106/1558/679
f 1106/1558/679 1111/5110/682 1102/1559/674
f 1107/1335/683 1112/1691/684 1108/1332/680
f 1103/1555/676 1113/1347/685 1104/5108/677
f 1113/1337/685 1109/5109/689 1105/1557/678
f 1106/1558/679 1114/1568/686 1111/5110/682
f 1116/1352/688 1117/1357/696 1110/1565/681
f 1110/1567/681 1117/1572/696 1118/1349/690
f 1119/1569/691 1120/1575/693 1112/1564/684
f 1112/1561/684 1120/1353/693 1115/1346/687
f 1115/1346/687 1121/1571/567 1113/1347/685
f 1113/1351/685 1121/1576/567 1116/1352/688
f 1118/1349/690 1122/1574/692 1114/1568/686
f 1116/1352/688 1124/1365/574 1125/1356/695
f 1117/1572/696 1125/1578/695 1129/1573/697
f 1122/1570/692 1126/1374/701 1119/1569/691
f 1119/1569/691 1126/1374/701 1127/1375/698
f 1123/1354/694 1124/1369/574 1121/1571/567
f 1122/1570/692 1129/1580/697 1126/1374/701
f 1127/1364/698 1130/1582/584 1123/1354/694
f 1123/1354/694 1130/1582/584 1128/1368/575
f 1131/1370/576 1132/1583/703 1125/1356/695
f 1125/1578/695 1132/1584/703 1133/1579/699
f 1133/1579/699 1134/1585/706 1129/1573/697
f 1129/1580/697 1134/1586/706 1135/1373/700
f 1135/1373/700 1136/1388/588 1127/1375/698
f 1127/1364/698 1136/5071/588 1130/1582/584
f 1130/1582/584 1137/1379/583 1128/1368/575
f 1128/1577/575 1137/1389/583 1131/1370/576
f 1136/5071/588 1138/1581/582 1130/1582/584
f 1139/1381/702 1140/1393/704 1132/1583/703
f 1140/1383/704 1141/1591/712 1133/1579/699
f 1133/1579/699 1141/1591/712 1142/1384/705
f 1142/1385/705 1143/1395/593 1135/1373/700
f 1135/1373/700 1143/1395/593 1138/1387/582
f 1138/1581/582 1144/1587/590 1137/1379/583
f 1137/1389/583 1144/1589/590 1139/1381/702
f 1143/1395/593 1145/1396/594 1138/1387/582
f 1138/1581/582 1145/1404/594 1146/1390/707
f 1139/1381/702 1147/1588/709 1148/1392/708
f 1140/1383/704 1148/1406/708 1141/1591/712
f 1141/1591/712 1149/1401/714 1142/1384/705
f 1142/1385/705 1149/1410/714 1150/1321/592
f 1146/1390/707 1147/1406/709 1144/1587/590
f 1151/1590/710 1152/1407/711 1148/1392/708
f 1152/1413/711 1153/1592/713 1141/1591/712
f 1149/1410/714 1154/1409/603 1150/1321/592
f 1150/1321/592 1154/1409/603 1155/1402/715
f 1146/1390/707 1155/1403/715 1156/1593/716
f 1147/1588/709 1156/1597/716 1151/1590/710
f 1153/1592/713 1157/1415/717 1149/1401/714
f 1154/1409/603 1158/1601/720 1155/1402/715
f 1159/1412/718 1160/1594/719 1153/1592/713
f 1157/1408/717 1158/1601/720 1154/1409/603
f 1155/1403/715 1161/1417/721 1162/1595/722
f 1162/1596/722 1159/1411/718 1151/1590/710
f 1159/1411/718 1163/1603/727 1164/1605/723
f 1158/1601/720 1165/1600/724 1166/5111/725
f 1162/1596/722 1163/1603/727 1159/1411/718
f 1160/1594/719 1167/1608/731 1165/1599/724
f 1167/5112/731 1166/5111/725 1165/1600/724
f 1166/1599/725 1168/1609/732 1161/1417/721
f 1161/1417/721 1169/1611/726 1162/1595/722
f 1170/1604/728 1171/5113/729 1164/1605/723
f 1171/1606/729 1172/1607/730 1160/1594/719
f 1167/5112/731 1173/1432/735 1166/5111/725
f 1166/5111/725 1173/1432/735 1168/5114/732
f 1169/1602/726 1170/1604/728 1163/1603/727
f 1172/1607/730 1175/1621/734 1167/1608/731
f 1173/1613/735 1176/1625/739 1168/1834/732
f 1168/1609/732 1176/1622/739 1174/1610/733
f 1174/1610/733 1177/1623/736 1169/1611/726
f 1170/1616/728 1178/1626/741 1179/1618/737
f 1171/1606/729 1179/1627/737 1180/1620/738
f 1175/1612/734 1176/1625/739 1173/1613/735
f 1177/1615/736 1178/1626/741 1170/1616/728
f 1180/1620/738 1181/1452/740 1175/1621/734
f 1181/1624/740 1065/1628/633 1176/1625/739
f 1060/1517/638 1061/1264/637 1179/1618/737
f 1179/1627/737 1061/1268/637 1062/1267/639
f 1180/1620/738 1062/1267/639 1063/1519/641
f 1181/1624/740 1063/1522/641 1064/1521/643
f 1182/1456/635 1066/1525/645 1060/1517/638
f 1246/1629/444 1184/1245/507 1183/1184/445
f 1188/1491/447 1190/1463/450 1189/1461/448
f 1190/1463/450 1191/1191/452 1192/1464/451
f 1191/1191/452 1194/1193/454 1193/1192/453
f 1194/1193/454 1196/1194/456 1195/1210/455
f 1196/1194/456 1198/1196/458 1197/1630/457
f 1198/1196/458 1200/1198/742 1199/1631/459
f 1200/1198/742 1202/1471/462 1201/1632/461
f 1202/1471/462 1205/1202/464 1203/1498/463
f 1205/1202/464 1204/1204/466 1206/1633/465
f 1204/1204/466 1208/5115/468 1207/1634/467
f 1208/1206/468 1210/1209/470 1209/1635/469
f 1210/1209/470 1213/1211/472 1211/1636/471
f 1213/1211/472 1212/1213/474 1214/1212/743
f 1212/1213/474 1216/1215/476 1215/1184/475
f 1216/1215/476 1218/1216/478 1217/1637/744
f 1218/1216/478 1220/1639/746 1219/1638/745
f 1220/1639/746 1222/1640/748 1221/1495/747
f 1222/1640/748 1224/1642/750 1223/1641/749
f 1224/1642/750 1226/1485/752 1225/1643/751
f 1226/1485/752 1228/1226/488 1227/1644/753
f 1228/1226/488 1230/1629/490 1229/1487/754
f 1230/1629/490 1232/1228/492 1231/1197/491
f 1232/1228/492 1234/1230/494 1233/1488/493
f 1234/1230/494 1236/1232/496 1235/1490/495
f 1236/1232/496 1238/1645/498 1237/1192/497
f 1238/1645/498 1240/1475/500 1239/1208/499
f 1240/1646/500 1242/1237/502 1241/1495/501
f 1242/1237/502 1244/1226/504 1243/1647/503
f 1244/1226/504 1246/1629/444 1245/1459/446
f 1186/1500/505 1188/1491/447 1187/1188/449
f 1188/1651/447 1186/5023/505 1184/5024/507
f 1184/5024/507 1246/5025/444 1244/5026/504
f 1244/5026/504 1242/5079/502 1236/5028/496
f 1242/5079/502 1240/5081/500 1236/5028/496
f 1240/5081/500 1238/5030/498 1236/5028/496
f 1236/5028/496 1234/5031/494 1228/5116/488
f 1234/5031/494 1232/5033/492 1228/5116/488
f 1232/5033/492 1230/5117/490 1228/5116/488
f 1228/5116/488 1226/5118/752 1224/5119/750
f 1224/5119/750 1222/5037/748 1228/5116/488
f 1222/5037/748 1220/5120/746 1228/5116/488
f 1220/5120/746 1218/5121/478 1216/5122/476
f 1216/5122/476 1212/1653/474 1220/5120/746
f 1212/1653/474 1210/1252/470 1208/5041/468
f 1208/5041/468 1204/1649/466 1212/1653/474
f 1204/1649/466 1202/1250/462 1200/5042/742
f 1200/5042/742 1198/5043/458 1196/1650/456
f 1196/1650/456 1194/5044/454 1191/5045/452
f 1191/5045/452 1190/5093/450 1196/1650/456
f 1190/5093/450 1188/1651/447 1196/1650/456
f 1188/1651/447 1184/5024/507 1244/5026/504
f 1204/1649/466 1200/5042/742 1196/1650/456
f 1188/1651/447 1244/5026/504 1220/5120/746
f 1244/5026/504 1236/5028/496 1220/5120/746
f 1236/5028/496 1228/5116/488 1220/5120/746
f 1220/5120/746 1212/1653/474 1188/1651/447
f 1212/1653/474 1204/1649/466 1188/1651/447
f 1184/1245/507 1186/1500/505 1185/1648/506
f 1189/5047/448 1192/1652/451 1187/5094/449
f 1245/1512/446 1183/5051/445 1185/5095/506
f 1185/5095/506 1187/5094/449 1192/1652/451
f 1192/1652/451 1195/1247/455 1197/5123/457
f 1197/5123/457 1199/5124/459 1201/5125/461
f 1201/5125/461 1203/5126/463 1206/5127/465
f 1206/5127/465 1207/5099/467 1209/5059/469
f 1209/5059/469 1211/5128/471 1214/1656/743
f 1214/1656/743 1215/5129/475 1217/5130/744
f 1217/5130/744 1219/5131/745 1221/5132/747
f 1221/5132/747 1223/5133/749 1225/5134/751
f 1225/5134/751 1227/1506/753 1229/1657/754
f 1229/1657/754 1231/5063/491 1233/5135/493
f 1233/5135/493 1235/1655/495 1229/1657/754
f 1235/1655/495 1239/1654/499 1241/5105/501
f 1241/5105/501 1243/5136/503 1245/1512/446
f 1245/1512/446 1185/5095/506 1192/1652/451
f 1192/1652/451 1197/5123/457 1245/1512/446
f 1197/5123/457 1201/5125/461 1206/5127/465
f 1206/5127/465 1209/5059/469 1214/1656/743
f 1214/1656/743 1217/5130/744 1221/5132/747
f 1221/5132/747 1225/5134/751 1214/1656/743
f 1225/5134/751 1229/1657/754 1214/1656/743
f 1235/1655/495 1241/5105/501 1229/1657/754
f 1241/5105/501 1245/1512/446 1229/1657/754
f 1197/5123/457 1206/5127/465 1214/1656/743
f 1245/1512/446 1197/5123/457 1214/1656/743
f 1248/1268/764 1255/1658/755 1249/1660/757
f 1256/1662/758 1257/1669/761 1252/1664/760
f 1257/1665/761 1258/1670/768 1253/1666/762
f 1253/1666/762 1258/1670/768 1254/1671/769
f 1259/1263/763 1260/1672/766 1248/1264/764
f 1255/1658/755 1261/1275/767 1250/1659/756
f 1260/1668/766 1263/1676/777 1255/1658/755
f 1255/1658/755 1263/1676/777 1264/1673/771
f 1261/1520/767 1264/1290/771 1265/1284/772
f 1265/1284/772 1266/1292/773 1257/1669/761
f 1266/1285/773 1267/1286/774 1258/1670/768
f 1267/1286/774 1268/1295/782 1259/1278/763
f 1259/1263/763 1268/1298/782 1262/1281/770
f 1260/1668/766 1269/1677/775 1263/1676/777
f 1268/1298/782 1269/1674/775 1262/1281/770
f 1270/1680/784 1271/1679/776 1269/1674/775
f 1271/1675/776 1272/1678/778 1263/1676/777
f 1272/1678/778 1273/1305/787 1264/1673/771
f 1264/1290/771 1273/1683/787 1274/1535/779
f 1274/1535/779 1275/1544/780 1266/1292/773
f 1275/1533/780 1276/1307/790 1267/1286/774
f 1267/1286/774 1276/1307/790 1277/1294/781
f 1277/1296/781 1270/1680/784 1269/1674/775
f 1278/1309/783 1279/1684/785 1271/1679/776
f 1279/1681/785 1280/1682/786 1272/1678/778
f 1280/1682/786 1281/5068/788 1273/1305/787
f 1274/1535/779 1281/1541/788 1282/1543/789
f 1275/1533/780 1282/1548/789 1276/1307/790
f 1280/1682/786 1284/1687/797 1281/5068/788
f 1281/1541/788 1284/1688/797 1285/1312/792
f 1286/1315/793 1287/1325/549 1278/1308/783
f 1278/1309/783 1287/1328/549 1283/1310/791
f 1283/1310/791 1288/1327/795 1291/1685/794
f 1285/1312/792 1289/1322/799 1282/1543/789
f 1282/1548/789 1289/1323/799 1286/1315/793
f 1287/1328/549 1288/1327/795 1283/1310/791
f 1291/1686/794 1292/1690/802 1284/1687/797
f 1284/1688/797 1292/5137/802 1298/1689/798
f 1293/1324/800 1294/5108/677 1287/1325/549
f 1290/5107/796 1296/1558/801 1291/1686/794
f 1292/5137/802 1297/1335/803 1298/1689/798
f 1294/1556/677 1295/1557/678 1288/1327/795
f 1295/1557/678 1299/5109/689 1300/1560/681
f 1290/5107/796 1300/1567/681 1296/1558/801
f 1296/1558/801 1301/1696/805 1292/1690/802
f 1292/5137/802 1301/1334/805 1297/1335/803
f 1298/1333/798 1302/1695/804 1293/1324/800
f 1293/1324/800 1303/1347/685 1294/5108/677
f 1303/1337/685 1299/5109/689 1295/1557/678
f 1306/1352/808 1307/1357/815 1300/1565/681
f 1300/1567/681 1307/1572/815 1308/1349/809
f 1308/1349/809 1309/5138/810 1301/1696/805
f 1309/1697/810 1310/1362/811 1302/1694/804
f 1302/1695/804 1310/1353/811 1305/1346/807
f 1305/1346/807 1311/1571/813 1303/1347/685
f 1303/1351/685 1311/1576/813 1306/1352/808
f 1308/1349/809 1312/1699/817 1309/5138/810
f 1312/1702/817 1310/1362/811 1309/1697/810
f 1306/1352/808 1314/1704/822 1315/1356/814
f 1307/1572/815 1315/1578/814 1316/1698/816
f 1312/1702/817 1317/1374/820 1310/1362/811
f 1310/1362/811 1317/1374/820 1318/1375/573
f 1313/1354/812 1319/5139/818 1311/1571/813
f 1319/1700/818 1314/1704/822 1306/1352/808
f 1318/1364/573 1321/1582/828 1313/1354/812
f 1313/1354/812 1321/1582/828 1319/5139/818
f 1322/1703/821 1323/1583/825 1315/1356/814
f 1315/1578/814 1323/1584/825 1316/1698/816
f 1316/1698/816 1324/1585/831 1320/1701/819
f 1320/1580/819 1324/1586/831 1325/1373/823
f 1325/1373/823 1326/1388/588 1318/1375/573
f 1318/1364/573 1326/5071/588 1321/1582/828
f 1321/1582/828 1327/1707/824 1319/5139/818
f 1327/1705/824 1322/1703/821 1314/1704/822
f 1316/1698/816 1328/1706/826 1324/1585/831
f 1326/5071/588 1329/1581/827 1321/1582/828
f 1330/1381/829 1331/1393/586 1323/1583/825
f 1332/1385/830 1333/1395/593 1325/1373/823
f 1325/1373/823 1333/1395/593 1329/1387/827
f 1329/1581/827 1334/1587/833 1327/1707/824
f 1327/1705/824 1334/1589/833 1330/1381/829
f 1333/1395/593 1335/1396/594 1329/1387/827
f 1329/1581/827 1335/1404/594 1336/1390/832
f 1330/1381/829 1337/1588/835 1338/1392/834
f 1338/1394/834 1339/1401/598 1332/1384/830
f 1332/1385/830 1339/1410/598 1340/1321/592
f 1336/1390/832 1337/1406/835 1334/1587/833
f 1341/1708/836 1342/1710/840 1338/1392/834
f 1342/1413/840 1343/1592/597 1338/1394/834
f 1339/1410/598 1344/1409/603 1340/1321/592
f 1340/1321/592 1344/1409/603 1345/1402/837
f 1336/1390/832 1345/1403/837 1341/1405/836
f 1341/1708/836 1346/1709/838 1342/1710/840
f 1343/1592/597 1347/1415/717 1339/1401/598
f 1344/1409/603 1348/1601/720 1345/1402/837
f 1345/1403/837 1346/1424/838 1341/1405/836
f 1349/1412/839 1350/1594/719 1343/1592/597
f 1347/1408/717 1348/1601/720 1344/1409/603
f 1345/1403/837 1351/1417/841 1346/1424/838
f 1349/1411/839 1352/1712/843 1353/1605/842
f 1348/1601/720 1354/1600/724 1355/5111/725
f 1350/1594/719 1357/1608/731 1354/1599/724
f 1357/5112/731 1355/5111/725 1354/1600/724
f 1355/1599/725 1358/1609/847 1351/1417/841
f 1351/1417/841 1359/1611/849 1352/1711/843
f 1359/1602/849 1356/1713/844 1352/1712/843
f 1356/1713/844 1360/5113/845 1353/1605/842
f 1360/1606/845 1361/1607/846 1350/1594/719
f 1357/5112/731 1362/1432/852 1355/5111/725
f 1355/5111/725 1362/1432/852 1358/5114/847
f 1361/1607/846 1365/1621/851 1357/1608/731
f 1362/1613/852 1366/1716/856 1358/1834/847
f 1358/1609/847 1366/1622/856 1363/1610/848
f 1363/1610/848 1367/1623/853 1359/1611/849
f 1367/1615/853 1364/1447/850 1356/1714/844
f 1364/1447/850 1368/1626/858 1369/1618/854
f 1360/1606/845 1369/1627/854 1249/1660/757
f 1365/1612/851 1370/1715/855 1362/1613/852
f 1367/1615/853 1368/1626/858 1364/1447/850
f 1249/1660/757 1370/1452/855 1365/1621/851
f 1251/1663/759 1252/1664/760 1366/1716/856
f 1252/1667/760 1253/1666/762 1371/1444/857
f 1247/1517/765 1248/1264/764 1369/1618/854
f 1369/1627/854 1248/1268/764 1249/1660/757
f 1249/1660/757 1250/1659/756 1370/1452/855
f 1370/1715/855 1250/1661/756 1251/1663/759
f 1253/1666/762 1254/1671/769 1371/1444/857
f 1371/1456/857 1254/1525/769 1247/1517/765
f 1435/1457/444 1373/1754/507 1372/1184/445
f 1377/1460/447 1379/1463/450 1378/1718/448
f 1379/1463/450 1380/1720/452 1381/1719/451
f 1380/1720/452 1383/1722/859 1382/1721/453
f 1383/1722/859 1385/1194/456 1384/1188/455
f 1385/1194/456 1387/1470/458 1386/1469/457
f 1387/1470/458 1389/1724/742 1388/1723/459
f 1389/1724/742 1391/1726/462 1390/1725/461
f 1391/1726/462 1394/1472/464 1392/1727/463
f 1394/1472/464 1393/1204/466 1395/1728/465
f 1393/1204/466 1397/5115/468 1396/1729/467
f 1397/1206/468 1399/1209/470 1398/1730/469
f 1399/1209/470 1402/1732/472 1400/1210/471
f 1402/1732/472 1401/1734/474 1403/1733/743
f 1401/1734/474 1405/1478/476 1404/1184/475
f 1405/1478/476 1407/1735/478 1406/1717/744
f 1407/1735/478 1409/1218/746 1408/1736/745
f 1409/1218/746 1411/1738/748 1410/1737/747
f 1411/1738/748 1413/1740/750 1412/1739/749
f 1413/1740/750 1415/1224/752 1414/1741/751
f 1415/1224/752 1417/1226/488 1416/1742/753
f 1417/1226/488 1419/1457/490 1418/1487/754
f 1419/1457/490 1421/1744/492 1420/1743/860
f 1421/1744/492 1423/1746/494 1422/1745/493
f 1423/1746/494 1425/1491/496 1424/1231/495
f 1425/1491/496 1427/1492/498 1426/1721/497
f 1427/1492/498 1429/5140/500 1428/1747/861
f 1429/1748/500 1431/1750/502 1430/1737/501
f 1431/1750/502 1433/1239/504 1432/1727/503
f 1433/1239/504 1435/1457/444 1434/1717/446
f 1375/1500/505 1377/1460/447 1376/1467/449
f 1377/1753/447 1375/5023/505 1373/5141/507
f 1373/5141/507 1435/5025/444 1433/5026/504
f 1433/5026/504 1431/5079/502 1425/5142/496
f 1431/5079/502 1429/5143/500 1425/5142/496
f 1429/5143/500 1427/5144/498 1425/5142/496
f 1425/5142/496 1423/5145/494 1417/5146/488
f 1423/5145/494 1421/5033/492 1417/5146/488
f 1421/5033/492 1419/5147/490 1417/5146/488
f 1417/5146/488 1415/5086/752 1413/5036/750
f 1413/5036/750 1411/5148/748 1417/5146/488
f 1411/5148/748 1409/5149/746 1417/5146/488
f 1409/5149/746 1407/5150/478 1405/5090/476
f 1405/5090/476 1401/1758/474 1409/5149/746
f 1401/1758/474 1399/1757/470 1397/5041/468
f 1397/5041/468 1393/1752/466 1401/1758/474
f 1393/1752/466 1391/1504/462 1389/5151/742
f 1389/5151/742 1387/5043/458 1385/1650/456
f 1385/1650/456 1383/5152/859 1380/5045/452
f 1380/5045/452 1379/5093/450 1385/1650/456
f 1379/5093/450 1377/1753/447 1385/1650/456
f 1377/1753/447 1373/5141/507 1433/5026/504
f 1393/1752/466 1389/5151/742 1385/1650/456
f 1377/1753/447 1433/5026/504 1409/5149/746
f 1433/5026/504 1425/5142/496 1409/5149/746
f 1425/5142/496 1417/5146/488 1409/5149/746
f 1409/5149/746 1401/1758/474 1377/1753/447
f 1401/1758/474 1393/1752/466 1377/1753/447
f 1373/1754/507 1375/1500/505 1374/1751/506
f 1378/5047/448 1381/1756/451 1376/5094/449
f 1434/1761/446 1372/5051/445 1374/5153/506
f 1374/5153/506 1376/5094/449 1381/1756/451
f 1381/1756/451 1384/1755/455 1386/5096/457
f 1386/5096/457 1388/5154/459 1390/5125/461
f 1390/5125/461 1392/5097/463 1395/5155/465
f 1395/5155/465 1396/5156/467 1398/5157/469
f 1398/5157/469 1400/5158/471 1403/1760/743
f 1403/1760/743 1404/5159/475 1406/5160/744
f 1406/5160/744 1408/5161/745 1410/5162/747
f 1410/5162/747 1412/5163/749 1414/5164/751
f 1414/5164/751 1416/5165/753 1418/1657/754
f 1418/1657/754 1420/5063/860 1422/5166/493
f 1422/5166/493 1424/1759/495 1418/1657/754
f 1424/1759/495 1428/1258/861 1430/5167/501
f 1430/5167/501 1432/5168/503 1434/1761/446
f 1434/1761/446 1374/5153/506 1381/1756/451
f 1381/1756/451 1386/5096/457 1434/1761/446
f 1386/5096/457 1390/5125/461 1395/5155/465
f 1395/5155/465 1398/5157/469 1403/1760/743
f 1403/1760/743 1406/5160/744 1410/5162/747
f 1410/5162/747 1414/5164/751 1403/1760/743
f 1414/5164/751 1418/1657/754 1403/1760/743
f 1424/1759/495 1430/5167/501 1418/1657/754
f 1430/5167/501 1434/1761/446 1418/1657/754
f 1386/5096/457 1395/5155/465 1403/1760/743
f 1434/1761/446 1386/5096/457 1403/1760/743
f 1437/1268/870 1443/1762/862 1558/1764/864
f 1444/1767/867 1448/1771/877 1441/1666/868
f 1441/1666/868 1448/1771/877 1442/1268/874
f 1443/1762/862 1446/1774/872 1438/1763/863
f 1446/1542/872 1447/1769/873 1440/1766/865
f 1442/1280/874 1448/1524/877 1445/1768/869
f 1449/1528/878 1450/1531/875 1445/1768/869
f 1450/1526/875 1451/1772/879 1443/1762/862
f 1443/1762/862 1451/1772/879 1446/1774/872
f 1447/1769/873 1452/1292/876 1444/1770/867
f 1452/1285/876 1453/1779/885 1448/1771/877
f 1453/1779/885 1454/1295/887 1448/1771/877
f 1448/1524/877 1454/1298/887 1449/1528/878
f 1446/1542/872 1455/1783/880 1456/1775/881
f 1449/1528/878 1457/1785/891 1458/1776/882
f 1458/1777/882 1459/1778/883 1451/1772/879
f 1456/1775/881 1460/1302/884 1452/1292/876
f 1460/1293/884 1461/1307/537 1453/1779/885
f 1453/1779/885 1461/1307/537 1462/1780/886
f 1462/1781/886 1457/1785/891 1449/1528/878
f 1459/1778/883 1463/1788/888 1455/1773/880
f 1463/1782/888 1464/1301/889 1456/1775/881
f 1465/1784/890 1466/1789/892 1458/1776/882
f 1466/1786/892 1467/1787/893 1459/1778/883
f 1464/1301/889 1468/1313/895 1460/1302/884
f 1460/1293/884 1468/1790/895 1461/1307/537
f 1467/1787/893 1470/1552/898 1463/1788/888
f 1463/1782/888 1470/1554/898 1471/1547/894
f 1472/1315/896 1473/1793/549 1465/1308/890
f 1465/1784/890 1473/1795/549 1469/1310/791
f 1469/1310/791 1474/1327/795 1477/1685/897
f 1471/1547/894 1475/5169/900 1468/1313/895
f 1468/1790/895 1475/1323/900 1472/1315/896
f 1473/1795/549 1474/1327/795 1469/1310/791
f 1477/1791/897 1478/1797/899 1470/1552/898
f 1478/1792/899 1475/5169/900 1471/1547/894
f 1479/1324/901 1480/5069/677 1473/1793/549
f 1476/5170/796 1482/1796/902 1477/1791/897
f 1478/1792/899 1483/1335/904 1475/5169/900
f 1475/5169/900 1483/1335/904 1484/1332/903
f 1480/1794/677 1481/1557/678 1474/1327/795
f 1481/1557/678 1485/5109/689 1486/1560/681
f 1476/5170/796 1486/1801/681 1482/1796/902
f 1482/1796/902 1487/5110/682 1478/1797/899
f 1483/1335/904 1488/1691/906 1484/1332/903
f 1484/1333/903 1488/1799/906 1479/1324/901
f 1479/1324/901 1489/1800/685 1480/5069/677
f 1489/1337/685 1485/5109/689 1481/1557/678
f 1482/1796/902 1490/1802/905 1487/5110/682
f 1492/1352/808 1493/1804/914 1486/1565/681
f 1486/1801/681 1493/1805/914 1494/1349/908
f 1495/1569/909 1496/1575/911 1488/1798/906
f 1488/1799/906 1496/1353/911 1491/1346/907
f 1491/1346/907 1497/1355/813 1489/1800/685
f 1489/1803/685 1497/1366/813 1492/1352/808
f 1494/1349/908 1498/1699/910 1490/1802/905
f 1492/1352/808 1500/1704/822 1501/1356/913
f 1493/1805/914 1501/1578/913 1502/1806/915
f 1498/1702/910 1503/1374/918 1495/1569/909
f 1495/1569/909 1503/1374/918 1504/1375/916
f 1499/1354/912 1505/5171/818 1497/1355/813
f 1505/1808/818 1500/1704/822 1492/1352/808
f 1504/1807/916 1507/1809/921 1499/1354/912
f 1499/1354/912 1507/1809/921 1505/5171/818
f 1508/1703/821 1509/1583/923 1501/1356/913
f 1501/1578/913 1509/1584/923 1510/1579/919
f 1510/1579/919 1511/1585/924 1506/1701/917
f 1506/1580/917 1511/1586/924 1512/1373/823
f 1512/1373/823 1513/1388/588 1504/1375/916
f 1504/1807/916 1513/5071/588 1507/1809/921
f 1507/1809/921 1514/1707/920 1505/5171/818
f 1514/1705/920 1508/1703/821 1500/1704/822
f 1513/5071/588 1515/1581/827 1507/1809/921
f 1516/1381/922 1517/1393/704 1509/1583/923
f 1517/1383/704 1518/1591/712 1510/1579/919
f 1510/1579/919 1518/1591/712 1519/1810/705
f 1519/1811/705 1520/1395/593 1512/1373/823
f 1512/1373/823 1520/1395/593 1515/1387/827
f 1515/1581/827 1521/1391/833 1514/1707/920
f 1514/1705/920 1521/1398/833 1516/1381/922
f 1520/1395/593 1522/1812/594 1515/1387/827
f 1515/1581/827 1522/1815/594 1523/1390/707
f 1516/1381/922 1524/1588/709 1525/1392/708
f 1517/1383/704 1525/1406/708 1518/1591/712
f 1518/1591/712 1526/1401/714 1519/1810/705
f 1519/1811/705 1526/1410/714 1527/1321/925
f 1523/1390/707 1524/1406/709 1521/1391/833
f 1528/1590/710 1529/1818/711 1525/1392/708
f 1529/1813/711 1530/1814/713 1518/1591/712
f 1526/1410/714 1531/1409/603 1527/1321/925
f 1527/1321/925 1531/1409/603 1532/1402/715
f 1523/1390/707 1532/1403/715 1533/1816/716
f 1524/1588/709 1533/1823/716 1528/1590/710
f 1530/1814/713 1534/1820/717 1526/1401/714
f 1531/1409/603 1535/1601/926 1532/1402/715
f 1536/1412/718 1537/1819/719 1530/1814/713
f 1534/1817/717 1535/1601/926 1531/1409/603
f 1532/1403/715 1538/1822/927 1539/1595/722
f 1539/1596/722 1536/1411/718 1528/1590/710
f 1536/1411/718 1540/1603/931 1541/1605/723
f 1535/1601/926 1542/1824/928 1543/1826/929
f 1539/1596/722 1540/1603/931 1536/1411/718
f 1537/1819/719 1544/1829/934 1542/1599/928
f 1544/5112/934 1545/1825/930 1542/1824/928
f 1545/1825/930 1546/5172/935 1543/1826/929
f 1543/1599/929 1546/1830/935 1538/1822/927
f 1538/1822/927 1547/1611/726 1539/1595/722
f 1548/1604/728 1549/5113/932 1541/1605/723
f 1549/1828/932 1550/1431/933 1537/1819/719
f 1547/1827/726 1548/1604/728 1540/1603/931
f 1550/1431/933 1552/1837/937 1544/1829/934
f 1552/1831/937 1553/1841/943 1545/1832/930
f 1545/1832/930 1553/1841/943 1554/1833/938
f 1546/1830/935 1554/1838/938 1551/1610/936
f 1551/1610/936 1555/1623/939 1547/1611/726
f 1548/1616/728 1556/1626/945 1557/1836/940
f 1549/1828/932 1557/5173/940 1558/1764/864
f 1553/1841/943 1559/1842/944 1554/1833/938
f 1554/1838/938 1559/1843/944 1561/1839/941
f 1555/1835/939 1556/1626/945 1548/1616/728
f 1560/1840/942 1439/1663/866 1553/1841/943
f 1559/1843/944 1441/1666/868 1561/1839/941
f 1436/1265/871 1437/1264/870 1557/1836/940
f 1557/5173/940 1437/1268/870 1558/1764/864
f 1558/1764/864 1438/1763/863 1560/1452/942
f 1560/1840/942 1438/1765/863 1439/1663/866
f 1439/1663/866 1440/1766/865 1559/1842/944
f 1441/1666/868 1442/1268/874 1561/1839/941
f 1561/1456/941 1442/1280/874 1436/1265/871
f 1625/1457/444 1563/1754/507 1562/1184/445
f 1567/1844/447 1569/1189/450 1568/1718/946
f 1569/1189/450 1570/1845/452 1571/1719/451
f 1570/1845/452 1573/1846/859 1572/1721/453
f 1573/1846/859 1575/1194/456 1574/1847/455
f 1575/1194/456 1577/1470/458 1576/1848/457
f 1577/1470/458 1579/1724/742 1578/1849/459
f 1579/1724/742 1581/1850/462 1580/1725/461
f 1581/1850/462 1584/1472/464 1582/1727/463
f 1584/1472/464 1583/1204/947 1585/1728/465
f 1583/1204/947 1587/5115/948 1586/1851/467
f 1587/1206/948 1589/1853/949 1588/1730/469
f 1589/1853/949 1591/1844/951 1590/1210/950
f 1591/1844/951 1593/1854/953 1592/1733/952
f 1593/1854/953 1595/1856/955 1594/1855/954
f 1595/1856/955 1597/1480/956 1596/1717/477
f 1597/1480/956 1599/1639/957 1598/1736/479
f 1599/1639/957 1601/1857/482 1600/1737/631
f 1601/1857/482 1602/1859/484 1603/1858/483
f 1602/1859/484 1605/1485/486 1604/1860/485
f 1605/1485/486 1607/1226/488 1606/1644/487
f 1607/1226/488 1609/1457/490 1608/1861/958
f 1609/1457/490 1611/1862/492 1610/1849/860
f 1611/1862/492 1613/1854/960 1612/1863/959
f 1613/1854/960 1615/1865/962 1614/1864/961
f 1615/1865/962 1617/1645/964 1616/1718/963
f 1617/1645/964 1619/5140/500 1618/1866/965
f 1619/1748/500 1621/1750/502 1620/1737/966
f 1621/1750/502 1623/1239/504 1622/1647/503
f 1623/1239/504 1625/1457/444 1624/1717/446
f 1565/1868/505 1567/1844/447 1566/1467/449
f 1567/1651/447 1565/5023/505 1563/5141/507
f 1563/5141/507 1625/5025/444 1623/5026/504
f 1623/5026/504 1621/5079/502 1615/5174/962
f 1621/5079/502 1619/5143/500 1615/5174/962
f 1619/5143/500 1617/5030/964 1615/5174/962
f 1615/5174/962 1613/5175/960 1607/5146/488
f 1613/5175/960 1611/5033/492 1607/5146/488
f 1611/5033/492 1609/5147/490 1607/5146/488
f 1607/5146/488 1605/5118/486 1602/5036/484
f 1602/5036/484 1601/5148/482 1607/5146/488
f 1601/5148/482 1599/5176/957 1607/5146/488
f 1599/5176/957 1597/5121/956 1595/5090/955
f 1595/5090/955 1593/5177/953 1599/5176/957
f 1593/5177/953 1591/5178/951 1599/5176/957
f 1591/5178/951 1589/1973/949 1587/5041/948
f 1587/5041/948 1583/1752/947 1591/5178/951
f 1583/1752/947 1581/1504/462 1579/5042/742
f 1579/5042/742 1577/5043/458 1575/1650/456
f 1575/1650/456 1573/5179/859 1570/5045/452
f 1570/5045/452 1569/5093/450 1575/1650/456
f 1569/5093/450 1567/1651/447 1575/1650/456
f 1567/1651/447 1563/5141/507 1623/5026/504
f 1583/1752/947 1579/5042/742 1575/1650/456
f 1567/1651/447 1623/5026/504 1599/5176/957
f 1623/5026/504 1615/5174/962 1599/5176/957
f 1615/5174/962 1607/5146/488 1599/5176/957
f 1599/5176/957 1591/5178/951 1567/1651/447
f 1591/5178/951 1583/1752/947 1567/1651/447
f 1563/1754/507 1565/1868/505 1564/1869/506
f 1568/5047/946 1571/1756/451 1566/5094/449
f 1600/5049/631 1603/1871/483 1598/5161/479
f 1624/1761/446 1562/5051/445 1564/5180/506
f 1564/5180/506 1566/5094/449 1571/1756/451
f 1571/1756/451 1574/1247/455 1576/5181/457
f 1576/5181/457 1578/5154/459 1580/5125/461
f 1580/5125/461 1582/5097/463 1585/5155/465
f 1585/5155/465 1586/5182/467 1588/5183/469
f 1588/5183/469 1590/5158/950 1592/1760/952
f 1592/1760/952 1594/5159/954 1596/5184/477
f 1596/5184/477 1598/5161/479 1603/1871/483
f 1603/1871/483 1606/1870/487 1608/1872/958
f 1608/1872/958 1610/5185/860 1612/5186/959
f 1612/5186/959 1614/5187/961 1608/1872/958
f 1614/5187/961 1616/5188/963 1608/1872/958
f 1616/5188/963 1618/5189/965 1620/5167/966
f 1620/5167/966 1622/5066/503 1624/1761/446
f 1624/1761/446 1564/5180/506 1571/1756/451
f 1571/1756/451 1576/5181/457 1624/1761/446
f 1576/5181/457 1580/5125/461 1585/5155/465
f 1585/5155/465 1588/5183/469 1592/1760/952
f 1592/1760/952 1596/5184/477 1603/1871/483
f 1603/1871/483 1608/1872/958 1592/1760/952
f 1616/5188/963 1620/5167/966 1608/1872/958
f 1620/5167/966 1624/1761/446 1608/1872/958
f 1576/5181/457 1585/5155/465 1592/1760/952
f 1624/1761/446 1576/5181/457 1592/1760/952
f 1627/1268/972 1632/1658/862 1748/1873/968
f 1630/1878/971 1637/1877/976 1751/1966/1077
f 1751/1966/1077 1637/1877/976 1631/1268/977
f 1632/1658/862 1635/1774/974 1628/1659/967
f 1635/1542/974 1636/1876/975 1633/1662/969
f 1631/1879/977 1637/1524/976 1634/1768/869
f 1638/1528/878 1639/1531/978 1634/1768/869
f 1639/1880/978 1640/1881/981 1632/1658/862
f 1632/1658/862 1640/1881/981 1635/1774/974
f 1641/1284/979 1642/1292/980 1636/1876/975
f 1642/1285/980 1643/1885/986 1637/1877/976
f 1643/1885/986 1644/1295/887 1637/1877/976
f 1637/1524/976 1644/1298/887 1638/1528/878
f 1635/1542/974 1645/1783/982 1641/1284/979
f 1638/1528/878 1646/1891/991 1647/1776/983
f 1647/1882/983 1648/1892/993 1640/1881/981
f 1640/1881/981 1648/1892/993 1645/1773/982
f 1649/1883/984 1650/1889/985 1642/1292/980
f 1650/1884/985 1651/1892/996 1643/1885/986
f 1643/1885/986 1651/1892/996 1652/1886/987
f 1652/1887/987 1646/1891/991 1638/1528/878
f 1648/1892/993 1653/1894/988 1645/1773/982
f 1653/1888/988 1654/1301/989 1649/1883/984
f 1655/1890/990 1656/1311/992 1647/1776/983
f 1656/1303/992 1657/1893/994 1648/1892/993
f 1654/1301/989 1658/1898/999 1650/1889/985
f 1650/1884/985 1658/5190/999 1659/1895/995
f 1651/1892/996 1659/1895/995 1655/1308/990
f 1657/1893/994 1661/1903/998 1653/1894/988
f 1655/1890/990 1662/1904/1000 1660/1896/997
f 1664/1901/1002 1665/1322/1005 1658/1898/999
f 1658/5190/999 1665/1323/1005 1659/1895/995
f 1660/1896/997 1666/1905/1008 1663/1899/1001
f 1667/1902/1003 1668/1559/1004 1661/1903/998
f 1669/1555/1006 1670/5069/1007 1662/1546/1000
f 1670/1794/1007 1666/1905/1008 1660/1896/997
f 1668/1553/1004 1672/1908/1012 1664/1901/1002
f 1664/1901/1002 1672/1908/1012 1673/1332/1010
f 1666/1905/1008 1674/5109/1018 1675/1560/1011
f 1667/1902/1003 1675/1914/1011 1671/1907/1009
f 1671/1907/1009 1676/5110/682 1668/1559/1004
f 1672/1908/1012 1677/1691/1013 1673/1332/1010
f 1669/1555/1006 1678/1911/1014 1670/5069/1007
f 1678/1337/1014 1674/5109/1018 1666/1905/1008
f 1671/1907/1009 1679/1916/1015 1676/5110/682
f 1681/1912/1017 1682/1920/1022 1675/1565/1011
f 1675/1914/1011 1682/1988/1022 1683/1915/1019
f 1684/1917/1020 1685/1925/1024 1677/1564/1013
f 1677/1909/1013 1685/1921/1024 1680/1346/1016
f 1680/1346/1016 1681/1922/1017 1678/1911/1014
f 1683/1915/1019 1687/1699/1023 1679/1916/1015
f 1688/1354/1025 1689/1928/1031 1681/1922/1017
f 1689/1931/1031 1686/1919/1021 1681/1912/1017
f 1686/1919/1021 1690/1930/1032 1691/1923/1026
f 1682/1988/1022 1691/5191/1026 1683/1915/1019
f 1687/1702/1023 1692/1924/1027 1684/1917/1020
f 1692/1924/1027 1693/1933/1028 1685/1925/1024
f 1689/1931/1031 1690/1930/1032 1686/1919/1021
f 1691/5191/1026 1694/1936/1039 1683/1915/1019
f 1683/1915/1019 1694/1936/1039 1695/1701/1029
f 1693/1926/1028 1696/1927/1030 1688/1354/1025
f 1697/1932/1033 1698/1583/1037 1691/1923/1026
f 1691/5191/1026 1698/1584/1037 1694/1936/1039
f 1694/1936/1039 1699/1585/1041 1695/1701/1029
f 1695/1580/1029 1699/1586/1041 1700/1373/1034
f 1700/1373/1034 1701/1388/1042 1693/1933/1028
f 1693/1926/1028 1701/5071/1042 1696/1927/1030
f 1696/1929/1030 1702/1937/1036 1697/1932/1033
f 1701/5071/1042 1703/1934/1035 1696/1927/1030
f 1704/1381/702 1705/1393/1038 1698/1583/1037
f 1705/1383/1038 1706/1940/1050 1694/1936/1039
f 1694/1936/1039 1706/1940/1050 1707/1810/1040
f 1707/1811/1040 1708/1395/593 1700/1373/1034
f 1700/1373/1034 1708/1395/593 1703/1387/1035
f 1703/1934/1035 1709/1587/590 1702/1935/1036
f 1702/1937/1036 1709/1589/590 1704/1381/702
f 1708/1395/593 1710/1812/1046 1703/1387/1035
f 1703/1934/1035 1710/1815/1046 1711/1390/1043
f 1704/1381/702 1712/1588/1047 1713/1392/1044
f 1705/1383/1038 1713/1406/1044 1706/1940/1050
f 1706/1940/1050 1714/1942/714 1707/1810/1040
f 1707/1811/1040 1714/1945/714 1715/1321/1045
f 1711/1390/1043 1712/1406/1047 1709/1587/590
f 1716/1938/1048 1717/1944/1049 1713/1392/1044
f 1717/1939/1049 1718/1941/1051 1706/1940/1050
f 1714/1945/714 1719/1409/1054 1715/1321/1045
f 1715/1321/1045 1719/1409/1054 1720/1402/1052
f 1720/1943/1052 1721/5192/2649 1711/1390/1043
f 1711/1390/1043 1721/5192/2649 1716/1405/1048
f 1718/1941/1051 1723/1415/1053 1714/1942/714
f 1719/1409/1054 1724/1948/1058 1720/1402/1052
f 1720/1943/1052 1724/1416/1058 1721/5192/2649
f 1721/5192/2649 1725/1424/1062 1716/1405/1048
f 1716/1938/1048 1725/1426/1062 1722/1310/600
f 1726/1412/1055 1727/1946/1056 1718/1941/1051
f 1723/1408/1053 1728/1947/1057 1719/1409/1054
f 1724/1416/1058 1729/1950/1060 1721/5192/2649
f 1721/5192/2649 1729/1950/1060 1725/1424/1062
f 1725/1426/1062 1726/1411/1055 1722/1310/600
f 1726/1411/1055 1730/1951/1061 1731/1952/1059
f 1728/1947/1057 1732/1955/1065 1729/1826/1060
f 1734/1953/1063 1735/1829/1064 1728/1599/1057
f 1729/1950/1060 1736/1608/1066 1737/1957/1067
f 1737/1957/1067 1738/1611/1072 1730/1711/1061
f 1738/1827/1072 1733/1713/844 1730/1951/1061
f 1733/1713/844 1739/5113/1068 1731/1952/1059
f 1735/1954/1064 1743/1432/1070 1732/1955/1065
f 1732/1955/1065 1743/1432/1070 1736/1956/1066
f 1734/1953/1063 1741/1964/1069 1735/1829/1064
f 1741/1960/1069 1742/1841/1075 1743/1961/1070
f 1736/1608/1066 1743/1838/1070 1744/1962/1071
f 1744/1962/1071 1745/1967/1073 1738/1611/1072
f 1745/1963/1073 1740/1447/850 1733/1714/844
f 1740/1447/850 1746/1626/1078 1747/1618/1074
f 1739/1958/1068 1747/1627/1074 1748/1873/968
f 1742/1841/1075 1749/1965/1076 1743/1961/1070
f 1743/1838/1070 1749/5193/1076 1744/1962/1071
f 1745/1963/1073 1746/1626/1078 1740/1447/850
f 1750/1840/942 1629/1663/970 1742/1841/1075
f 1749/5193/1076 1751/1966/1077 1744/1962/1071
f 1626/1265/973 1627/1264/972 1747/1618/1074
f 1747/1627/1074 1627/1268/972 1748/1873/968
f 1748/1873/968 1628/1659/967 1750/1452/942
f 1750/1840/942 1628/1874/967 1629/1663/970
f 1629/1663/970 1630/1875/971 1749/1965/1076
f 1749/5193/1076 1630/1878/971 1751/1966/1077
f 1751/1456/1077 1631/1879/977 1626/1265/973
f 1815/1457/444 1753/1754/507 1752/1184/445
f 1757/1844/447 1759/1189/450 1758/1718/448
f 1759/1189/450 1760/1845/452 1761/1719/451
f 1760/1845/452 1763/1846/859 1762/1721/453
f 1763/1846/859 1765/1194/456 1764/1847/455
f 1765/1194/456 1767/1470/458 1766/1848/457
f 1767/1470/458 1769/1724/742 1768/1849/459
f 1769/1724/742 1771/1850/462 1770/1725/461
f 1771/1850/462 1774/1472/464 1772/1727/463
f 1774/1472/464 1773/1204/466 1775/1728/465
f 1773/1204/466 1777/5115/468 1776/1851/467
f 1777/1206/468 1779/1853/1079 1778/1730/469
f 1779/1853/1079 1782/1477/472 1780/1210/471
f 1782/1477/472 1781/1213/474 1783/1733/473
f 1781/1213/474 1785/1856/476 1784/1855/475
f 1785/1856/476 1787/1480/956 1786/1717/477
f 1787/1480/956 1789/1639/480 1788/1736/1080
f 1789/1639/480 1791/1857/482 1790/1737/631
f 1791/1857/482 1792/1859/484 1793/1739/483
f 1792/1859/484 1795/1485/486 1794/1968/485
f 1795/1485/486 1797/1226/488 1796/1644/1081
f 1797/1226/488 1799/1457/490 1798/1861/489
f 1799/1457/490 1801/1862/492 1800/1849/860
f 1801/1862/492 1803/1854/494 1802/1969/493
f 1803/1854/494 1805/1865/496 1804/1490/495
f 1805/1865/496 1807/1970/498 1806/1721/497
f 1807/1970/498 1809/5194/500 1808/1866/861
f 1809/1971/500 1811/1750/502 1810/1737/501
f 1811/1750/502 1813/1239/504 1812/1647/503
f 1813/1239/504 1815/1457/444 1814/1717/446
f 1755/1868/505 1757/1844/447 1756/1467/449
f 1757/1651/447 1755/5023/505 1753/5141/507
f 1753/5141/507 1815/5025/444 1813/5026/504
f 1813/5026/504 1811/5079/502 1805/5174/496
f 1811/5079/502 1809/5195/500 1805/5174/496
f 1809/5195/500 1807/5196/498 1805/5174/496
f 1805/5174/496 1803/5175/494 1797/5146/488
f 1803/5175/494 1801/5033/492 1797/5146/488
f 1801/5033/492 1799/5147/490 1797/5146/488
f 1797/5146/488 1795/5118/486 1792/5036/484
f 1792/5036/484 1791/5148/482 1797/5146/488
f 1791/5148/482 1789/5176/480 1797/5146/488
f 1789/5176/480 1787/5121/956 1785/5090/476
f 1785/5090/476 1781/1974/474 1789/5176/480
f 1781/1974/474 1779/1973/1079 1777/5041/468
f 1777/5041/468 1773/1752/466 1781/1974/474
f 1773/1752/466 1771/1504/462 1769/5042/742
f 1769/5042/742 1767/5043/458 1765/1650/456
f 1765/1650/456 1763/5179/859 1760/5045/452
f 1760/5045/452 1759/5093/450 1765/1650/456
f 1759/5093/450 1757/1651/447 1765/1650/456
f 1757/1651/447 1753/5141/507 1813/5026/504
f 1773/1752/466 1769/5042/742 1765/1650/456
f 1757/1651/447 1813/5026/504 1789/5176/480
f 1813/5026/504 1805/5174/496 1789/5176/480
f 1805/5174/496 1797/5146/488 1789/5176/480
f 1789/5176/480 1781/1974/474 1757/1651/447
f 1781/1974/474 1773/1752/466 1757/1651/447
f 1753/1754/507 1755/1868/505 1754/1869/506
f 1758/5047/448 1761/1756/451 1756/5094/449
f 1790/5049/631 1793/1975/483 1788/5161/1080
f 1814/1761/446 1752/5051/445 1754/5180/506
f 1754/5180/506 1756/5094/449 1761/1756/451
f 1761/1756/451 1764/1247/455 1766/5181/457
f 1766/5181/457 1768/5154/459 1770/5125/461
f 1770/5125/461 1772/5097/463 1775/5155/465
f 1775/5155/465 1776/5182/467 1778/5183/469
f 1778/5183/469 1780/5158/471 1783/1760/473
f 1783/1760/473 1784/5159/475 1786/5184/477
f 1786/5184/477 1788/5161/1080 1793/1975/483
f 1793/1975/483 1796/1870/1081 1798/1872/489
f 1798/1872/489 1800/5185/860 1802/5197/493
f 1802/5197/493 1804/1976/495 1798/1872/489
f 1804/1976/495 1808/1508/861 1810/5167/501
f 1810/5167/501 1812/5066/503 1814/1761/446
f 1814/1761/446 1754/5180/506 1761/1756/451
f 1761/1756/451 1766/5181/457 1814/1761/446
f 1766/5181/457 1770/5125/461 1775/5155/465
f 1775/5155/465 1778/5183/469 1783/1760/473
f 1783/1760/473 1786/5184/477 1793/1975/483
f 1793/1975/483 1798/1872/489 1783/1760/473
f 1804/1976/495 1810/5167/501 1798/1872/489
f 1810/5167/501 1814/1761/446 1798/1872/489
f 1766/5181/457 1775/5155/465 1783/1760/473
f 1814/1761/446 1766/5181/457 1783/1760/473
f 1817/1268/1086 1824/1658/1082 1818/1977/1084
f 1821/1878/1090 1828/1980/1092 1822/1666/2650
f 1822/1666/2650 1828/1980/1092 1823/1671/1093
f 1824/1658/1082 1826/1275/1088 1819/1659/1083
f 1826/1520/1088 1827/1981/1091 1821/1875/1090
f 1828/1524/1092 1825/1516/1085 1816/1978/1087
f 1829/1528/1098 1830/1531/1094 1825/1516/1085
f 1830/1880/1094 1831/1881/1101 1824/1658/1082
f 1824/1658/1082 1831/1881/1101 1832/1527/1095
f 1826/1520/1088 1832/1983/1095 1833/1284/1096
f 1833/1284/1096 1834/1292/1097 1827/1981/1091
f 1828/1524/1092 1835/1985/1100 1829/1528/1098
f 1834/1285/1097 1836/1982/1099 1828/1980/1092
f 1829/1528/1098 1837/1891/991 1838/1776/983
f 1838/1882/983 1839/1892/1107 1831/1881/1101
f 1831/1881/1101 1839/1892/1107 1840/1533/1102
f 1840/1984/1102 1841/1889/1103 1834/1292/1097
f 1842/1887/1104 1837/1891/991 1829/1528/1098
f 1844/1890/1106 1845/1311/992 1838/1776/983
f 1845/1303/992 1846/1893/1108 1839/1892/1107
f 1846/1893/1108 1847/5068/1109 1840/1533/1102
f 1843/1301/1105 1848/1898/999 1841/1889/1103
f 1841/1884/1103 1848/5190/999 1849/1895/1110
f 1836/1982/1099 1849/1895/1110 1844/1308/1106
f 1846/1893/1108 1851/1903/1111 1847/5068/1109
f 1844/1890/1106 1852/1904/1000 1850/1896/997
f 1854/1901/1002 1855/1322/1005 1848/1898/999
f 1848/5190/999 1855/1323/1005 1849/1895/1110
f 1850/1896/997 1856/1905/1115 1853/1899/1001
f 1857/1902/1112 1858/1559/1004 1851/1903/1111
f 1859/1555/1113 1860/5069/1114 1852/1546/1000
f 1860/1794/1114 1856/1905/1115 1850/1896/997
f 1858/1553/1004 1862/1908/1012 1854/1901/1002
f 1854/1901/1002 1862/1908/1012 1863/1332/1010
f 1856/1905/1115 1864/5109/1122 1865/1560/1117
f 1857/1902/1112 1865/1914/1117 1861/1907/1116
f 1861/1907/1116 1866/5110/1118 1858/1559/1004
f 1862/1908/1012 1867/1691/1119 1863/1332/1010
f 1859/1555/1113 1868/1986/1120 1860/5069/1114
f 1868/1337/1120 1864/5109/1122 1856/1905/1115
f 1861/1907/1116 1869/1916/1121 1866/5110/1118
f 1871/1352/808 1872/1920/815 1865/1565/1117
f 1865/1914/1117 1872/1988/815 1873/1349/1123
f 1874/1569/1124 1875/1575/693 1867/1564/1119
f 1867/1909/1119 1875/1353/693 1870/1346/687
f 1870/1346/687 1876/1572/813 1868/1986/1120
f 1868/1987/1120 1876/1990/813 1871/1352/808
f 1873/1349/1123 1877/1699/1125 1869/1916/1121
f 1871/1352/808 1879/1704/822 1880/1923/814
f 1872/1988/815 1880/5191/814 1881/1989/816
f 1877/1702/1125 1882/1991/918 1874/1569/1124
f 1874/1569/1124 1882/1991/918 1883/1375/916
f 1878/1354/912 1884/5171/818 1876/1572/813
f 1884/1808/818 1879/1704/822 1871/1352/808
f 1883/1807/916 1886/1992/921 1878/1354/912
f 1878/1354/912 1886/1992/921 1884/5171/818
f 1887/1703/821 1888/1583/825 1880/1923/814
f 1880/5191/814 1888/1584/825 1881/1989/816
f 1881/1989/816 1889/1585/831 1885/1701/1126
f 1885/1580/1126 1889/1586/831 1890/1373/823
f 1890/1373/823 1891/1388/1129 1883/1375/916
f 1883/1807/916 1891/5071/1129 1886/1992/921
f 1886/1992/921 1892/1707/1127 1884/5171/818
f 1892/1705/1127 1887/1703/821 1879/1704/822
f 1881/1989/816 1893/1706/826 1889/1585/831
f 1891/5071/1129 1894/1934/827 1886/1992/921
f 1895/1381/829 1896/1393/586 1888/1583/825
f 1897/1811/1128 1898/1395/593 1890/1373/823
f 1890/1373/823 1898/1395/593 1894/1387/827
f 1894/1934/827 1899/1587/833 1892/1707/1127
f 1892/1705/1127 1899/1589/833 1895/1381/829
f 1898/1395/593 1900/1812/1132 1894/1387/827
f 1894/1934/827 1900/1815/1132 1901/1390/1130
f 1895/1381/829 1902/1588/595 1903/1392/591
f 1903/1394/591 1904/1942/598 1897/1810/1128
f 1897/1811/1128 1904/1945/598 1905/1321/1131
f 1901/1390/1130 1902/1406/595 1899/1587/833
f 1906/1938/1133 1907/1944/601 1903/1392/591
f 1907/1939/601 1908/1941/1134 1903/1394/591
f 1904/1945/598 1909/1409/1137 1905/1321/1131
f 1905/1321/1131 1909/1409/1137 1910/1402/1135
f 1901/1390/1130 1910/1993/1135 1906/1405/1133
f 1908/1941/1134 1912/1415/1136 1904/1942/598
f 1909/1409/1137 1913/1601/1139 1910/1402/1135
f 1910/1993/1135 1914/1424/1141 1906/1405/1133
f 1906/1938/1133 1914/1426/1141 1911/1310/600
f 1915/1412/1055 1916/1946/1138 1908/1941/1134
f 1912/1408/1136 1913/1601/1139 1909/1409/1137
f 1914/1426/1141 1915/1411/1055 1911/1310/600
f 1915/1411/1055 1918/1951/1144 1919/1952/1059
f 1913/1601/1139 1920/1995/1142 1921/5198/1143
f 1923/1953/1145 1924/1829/1150 1920/1599/1142
f 1924/1954/1150 1921/5198/1143 1920/1995/1142
f 1921/1599/1143 1925/1609/1146 1917/1994/1140
f 1917/1994/1140 1926/1611/1148 1918/1711/1144
f 1926/1827/1148 1922/1713/844 1918/1951/1144
f 1922/1713/844 1927/5113/1068 1919/1952/1059
f 1924/1954/1150 1928/1432/852 1921/5198/1143
f 1921/5198/1143 1928/1432/852 1925/5114/1146
f 1923/1953/1145 1931/1621/1149 1924/1829/1150
f 1928/1613/852 1932/1997/1152 1925/1834/1146
f 1925/1609/1146 1932/1998/1152 1929/1610/1147
f 1929/1610/1147 1933/1967/853 1926/1611/1148
f 1933/1963/853 1930/1447/850 1922/1714/844
f 1930/1447/850 1934/1626/858 1935/1618/854
f 1927/1958/1068 1935/1627/854 1818/1977/1084
f 1931/1612/1149 1936/1996/1151 1928/1613/852
f 1933/1963/853 1934/1626/858 1930/1447/850
f 1818/1977/1084 1936/1452/1151 1931/1621/1149
f 1937/1452/1154 1822/1666/2650 1938/1839/1153
f 1816/1978/1087 1817/1264/1086 1935/1618/854
f 1935/1627/854 1817/1268/1086 1818/1977/1084
f 1818/1977/1084 1819/1659/1083 1936/1452/1151
f 1936/1996/1151 1819/1874/1083 1820/1979/1089
f 1820/1979/1089 1821/1875/1090 1937/1999/1154
f 1937/1452/1154 1821/1878/1090 1822/1666/2650
f 1822/1666/2650 1823/1671/1093 1938/1839/1153
f 1938/1456/1153 1823/1525/1093 1816/1978/1087
s 0
f 2283/2406/2653 2273/2424/2653 2270/2407/2653
f 2289/2409/2654 2284/5212/2654 2281/2410/2654
f 2277/2412/2655 2273/2427/2655 2282/2413/2655
f 2274/2415/2656 2279/5213/2656 2276/2416/2656
f 2278/2418/2657 2288/2430/2657 2286/2419/2657
f 2270/2407/2536 2272/2425/2536 2271/2440/2536
f 2278/2418/2658 2279/2428/2658 2277/2431/2658
f 2283/2406/2659 2284/2438/2659 2282/2441/2659
f 2286/2419/2660 2287/2432/2660 2285/2429/2660
f 2269/2421/2661 2271/2439/2661 2276/2422/2661
f 2271/5214/2662 2272/2417/2662 2276/2416/2662
f 2273/2424/2663 2274/5215/2663 2272/2425/2663
f 2277/5216/2664 2279/5213/2664 2274/2415/2664
f 2275/2420/2665 2276/5217/2665 2279/2428/2665
f 2287/2432/2666 2286/2419/2666 2288/2430/2666
f 2285/5218/2667 2287/2411/2667 2281/2410/2667
f 2282/5219/2668 2284/5212/2668 2289/2409/2668
f 2280/2408/2669 2281/5220/2669 2284/2438/2669
f 2285/2434/2670 2280/2436/2670 2269/2421/2670
f 2295/2442/2671 2291/5221/2671 2290/2443/2671
f 2297/2445/2672 2295/5222/2672 2294/2446/2672
f 2293/2448/2673 2291/5223/2673 2295/2449/2673
f 2291/2451/2674 2293/5224/2674 2292/2452/2674
f 2293/2454/2675 2297/5225/2675 2296/2455/2675
f 2296/2457/2676 2294/5226/2676 2290/2458/2676
f 2309/2460/2677 2301/2489/2677 2299/2461/2677
f 2312/2463/2678 2309/5227/2678 2307/2464/2678
f 2304/2466/2679 2301/2479/2679 2308/2467/2679
f 2300/2469/2680 2305/5228/2680 2302/2470/2680
f 2305/2472/2681 2313/2481/2681 2311/2473/2681
f 2298/5229/2682 2299/2471/2682 2302/2470/2682
f 2301/5230/2683 2300/2469/2683 2299/2471/2683
f 2304/5231/2684 2305/5228/2684 2300/2469/2684
f 2303/5232/2685 2302/2470/2685 2305/5228/2685
f 2310/5233/2686 2311/2465/2686 2307/2464/2686
f 2308/5234/2687 2309/5227/2687 2312/2463/2687
f 2306/2462/2688 2307/5235/2688 2309/2460/2688
f 2310/2484/2689 2306/2486/2689 2298/2475/2689
s 1
f 2325/2491/1513 2315/2508/1524 2314/2492/1514
f 2319/2494/1516 2321/2497/1519 2320/2495/1517
f 2321/2497/1519 2323/5236/1521 2322/2498/1520
f 2323/2499/1521 2325/5237/1513 2324/2500/1515
f 2317/2502/1522 2319/5238/1516 2318/2503/1518
f 2319/2506/1516 2317/5239/1522 2315/2507/1524
f 2315/2507/1524 2325/5240/1513 2323/5241/1521
f 2323/5241/1521 2321/2505/1519 2315/2507/1524
f 2315/2508/1524 2317/5242/1522 2316/2509/1523
f 2324/2512/1515 2314/5243/1514 2320/2510/1517
f 2314/5243/1514 2316/5244/1523 2320/2510/1517
f 2316/5244/1523 2318/5245/1518 2320/2510/1517
s 0
f 2337/2460/2677 2329/2489/2677 2327/2513/2677
f 2340/2515/2678 2337/5246/2678 2335/2516/2678
f 2332/2518/2679 2329/2530/2679 2336/2519/2679
f 2328/2521/2680 2333/5247/2680 2330/2522/2680
f 2333/2524/2681 2341/2532/2681 2339/2473/2681
f 2326/5248/2682 2327/2523/2682 2330/2522/2682
f 2329/5230/2683 2328/2521/2683 2327/2523/2683
f 2332/5249/2684 2333/5247/2684 2328/2521/2684
f 2331/5232/2685 2330/2522/2685 2333/5247/2685
f 2338/5250/2686 2339/2517/2686 2335/2516/2686
f 2336/5251/2687 2337/5246/2687 2340/2515/2687
f 2334/2514/2688 2335/5252/2688 2337/2460/2688
f 2338/2534/2689 2334/2536/2689 2326/2526/2689
s 1
f 2353/2540/1513 2343/2557/1524 2342/2541/1514
f 2347/2543/1516 2349/2546/1519 2348/2544/1517
f 2349/2546/1519 2351/5253/1521 2350/2547/1520
f 2351/2548/1521 2353/5254/1513 2352/2549/1515
f 2345/2551/1522 2347/5255/1516 2346/2552/1518
f 2347/2555/1516 2345/5256/1522 2343/2556/1524
f 2343/2556/1524 2353/5257/1513 2351/5258/1521
f 2351/5258/1521 2349/2554/1519 2343/2556/1524
f 2343/2557/1524 2345/5259/1522 2344/2558/1523
f 2352/2561/1515 2342/5260/1514 2348/2559/1517
f 2342/5260/1514 2344/5261/1523 2348/2559/1517
f 2344/5261/1523 2346/5262/1518 2348/2559/1517
s 0
f 2365/2562/2677 2357/2581/2677 2355/2563/2677
f 2368/2565/2678 2365/5263/2678 2363/2566/2678
f 2360/2567/2679 2357/2479/2679 2364/2568/2679
f 2356/2569/2680 2361/5228/2680 2358/2570/2680
f 2361/2572/2681 2369/2481/2681 2367/2473/2681
f 2354/5229/2682 2355/2571/2682 2358/2570/2682
f 2357/5230/2683 2356/2569/2683 2355/2571/2683
f 2360/5231/2684 2361/5228/2684 2356/2569/2684
f 2359/5232/2685 2358/2570/2685 2361/5228/2685
f 2366/5233/2686 2367/2465/2686 2363/2566/2686
f 2364/5264/2687 2365/5263/2687 2368/2565/2687
f 2362/2564/2688 2363/5265/2688 2365/2562/2688
f 2366/2578/2689 2362/2486/2689 2354/2574/2689
s 1
f 2381/2583/1513 2371/2600/1524 2370/2584/1514
f 2375/2586/1516 2377/2589/1519 2376/2587/1517
f 2377/2589/1519 2379/5266/1521 2378/2590/1520
f 2379/2591/1521 2381/5267/1513 2380/2592/1515
f 2373/2594/1522 2375/5268/1516 2374/2595/1518
f 2375/2598/1516 2373/5269/1522 2371/2599/1524
f 2371/2599/1524 2381/5270/1513 2379/5271/1521
f 2379/5271/1521 2377/2597/1519 2371/2599/1524
f 2371/2600/1524 2373/5272/1522 2372/2601/1523
f 2380/2604/1515 2370/5273/1514 2376/2602/1517
f 2370/5273/1514 2372/5274/1523 2376/2602/1517
f 2372/5274/1523 2374/5275/1518 2376/2602/1517
s 0
f 2393/2562/2677 2385/2489/2677 2383/2513/2677
f 2396/2515/2690 2393/5276/2690 2390/2606/2690
f 2388/2608/2679 2385/2530/2679 2392/2609/2679
f 2384/2610/2680 2389/5277/2680 2386/2611/2680
f 2389/2524/2681 2397/2615/2681 2395/2473/2681
f 2382/5278/2682 2383/2523/2682 2386/2611/2682
f 2385/5230/2683 2384/2610/2683 2383/2523/2683
f 2388/5279/2684 2389/5277/2684 2384/2610/2684
f 2387/5232/2685 2386/2611/2685 2389/5277/2685
f 2394/5280/2691 2395/2607/2691 2390/2606/2691
f 2392/5281/2687 2393/5276/2687 2396/2515/2687
f 2391/5282/2692 2390/2606/2692 2393/5276/2692
f 2394/2617/2693 2391/2619/2693 2382/2613/2693
s 1
f 2409/2622/1531 2399/2639/1542 2398/2623/1532
f 2403/2625/1534 2405/2628/1537 2404/2626/1535
f 2405/2628/1537 2407/5283/1539 2406/2629/1538
f 2407/2630/1539 2409/5284/1531 2408/2631/1533
f 2401/2633/1540 2403/5285/1534 2402/2634/1536
f 2403/2638/1534 2401/5286/1540 2407/2636/1539
f 2401/5286/1540 2399/5287/1542 2407/2636/1539
f 2399/5287/1542 2409/5288/1531 2407/2636/1539
f 2399/2639/1542 2401/5289/1540 2400/2640/1541
f 2408/2642/1533 2398/5290/1532 2400/2643/1541
f 2400/2643/1541 2402/5291/1536 2404/5292/1535
f 2404/5292/1535 2406/2641/1538 2400/2643/1541
f 2440/5293/1574 2412/2674/1572 2410/2673/1571
f 2414/2644/1543 2416/2647/1546 2415/2645/1544
f 2416/2647/1546 2417/2649/1548 2418/2648/1547
f 2417/2649/1548 2420/2651/1550 2419/2650/1549
f 2420/2651/1550 2423/2653/1552 2421/2652/1551
f 2423/2653/1552 2422/5294/1554 2424/2654/1553
f 2422/2655/1554 2426/2658/1556 2425/2656/1555
f 2426/2658/1556 2427/2660/1558 2428/2659/1557
f 2427/2660/1558 2430/2662/1560 2429/2661/1559
f 2430/2662/1560 2431/2664/1562 2432/2663/1561
f 2431/2664/1562 2434/5295/2694 2433/2665/1563
f 2434/5295/2694 2435/2666/1564 2433/2665/1563
f 2435/2666/1564 2437/2668/1566 2436/2667/1565
f 2437/2668/1566 2439/5296/1568 2438/2669/1567
f 2439/2670/1568 2441/2672/1570 2442/2671/1569
f 2441/2672/1570 2440/5293/1574 2410/2673/1571
f 2412/2674/1572 2414/2644/1543 2413/2646/1545
f 2414/2678/1543 2412/5297/1572 2440/2691/1574
f 2440/2691/1574 2439/2690/1568 2437/2676/1566
f 2431/5298/1562 2430/5299/1560 2427/5300/1558
f 2427/5300/1558 2426/5301/1556 2422/2677/1554
f 2422/2677/1554 2420/2683/1550 2417/5302/1548
f 2440/2691/1574 2437/2676/1566 2414/2678/1543
f 2437/2676/1566 2434/5303/2694 2422/2677/1554
f 2434/5303/2694 2431/5298/1562 2422/2677/1554
f 2431/5298/1562 2427/5300/1558 2422/2677/1554
f 2417/5302/1548 2414/2678/1543 2422/2677/1554
f 2416/5304/1546 2414/2678/1543 2417/5302/1548
f 2435/5305/1564 2434/5303/2694 2437/2676/1566
f 2410/5306/1571 2411/5307/1573 2442/2693/1569
f 2442/2693/1569 2411/5307/1573 2413/2681/1545
f 2413/2681/1545 2418/2680/1547 2421/2686/1551
f 2418/2680/1547 2419/5308/1549 2421/2686/1551
f 2421/2686/1551 2425/2685/1555 2428/2689/1557
f 2432/2688/1561 2433/5309/1563 2436/5310/1565
f 2436/5310/1565 2438/5311/1567 2442/2693/1569
f 2421/2686/1551 2428/2689/1557 2432/2688/1561
f 2442/2693/1569 2413/2681/1545 2421/2686/1551
f 2432/2688/1561 2436/5310/1565 2442/2693/1569
f 2461/2694/1575 2443/2716/1592 2444/2695/1576
f 2447/2697/1578 2448/2700/1581 2446/2698/1579
f 2448/2700/1581 2451/5312/1593 2450/2702/1583
f 2451/5313/1593 2452/2703/1584 2450/2705/1583
f 2452/2703/1584 2454/2706/1586 2453/2704/1585
f 2454/2706/1586 2457/2708/1588 2455/2707/1587
f 2457/2708/1588 2458/2710/1590 2456/2709/1589
f 2458/2710/1590 2461/5314/1575 2460/2712/1577
f 2443/2716/1592 2447/2697/1578 2445/2699/1580
f 2443/2714/1592 2461/5315/1575 2458/5316/1590
f 2458/5316/1590 2457/5317/1588 2454/2715/1586
f 2448/2713/1581 2447/5318/1578 2443/2714/1592
f 2458/5316/1590 2454/2715/1586 2443/2714/1592
f 2451/2718/1593 2448/2713/1581 2454/2715/1586
f 2456/5319/1589 2459/5320/1591 2455/5321/1587
f 2444/5322/1576 2445/5323/1580 2446/5324/1579
f 2446/5324/1579 2449/5325/1582 2450/5326/1583
f 2450/5326/1583 2453/5327/1585 2455/5321/1587
f 2455/5321/1587 2459/5320/1591 2444/5322/1576
f 2459/5320/1591 2460/5328/1577 2444/5322/1576
f 2444/5322/1576 2446/5324/1579 2450/5326/1583
f 2450/5326/1583 2455/5321/1587 2444/5322/1576
f 2476/2740/1607 2484/5340/2696 2485/2741/1608
f 2483/5341/1708 2484/5340/2696 2476/2740/1607
f 2478/2744/1610 2486/2746/1611 2479/5342/2697
f 2479/5343/2697 2487/2755/1619 2480/2853/1707
f 2480/2853/1707 2487/2755/1619 2481/5344/2698
f 2482/2749/1614 2488/2750/1615 2483/2890/1708
f 2483/5341/1708 2488/2753/1615 2484/5340/2696
f 2484/5340/2696 2489/2752/1617 2485/2741/1608
f 2486/2746/1611 2490/2747/1620 2479/5342/2697
f 2479/5343/2697 2490/2756/1620 2487/2755/1619
f 2487/2755/1619 2491/2758/1612 2481/5344/2698
f 2481/5342/2698 2491/2747/1612 2482/2749/1614
f 2488/2753/1615 2489/2752/1617 2484/5340/2696
f 2489/2752/1617 2492/5345/1627 2485/2741/1608
f 2485/2743/1608 2492/2765/1627 2486/2746/1611
f 2493/2748/1613 2494/2760/1616 2488/2750/1615
f 2489/2752/1617 2495/2762/1624 2492/5345/1627
f 2486/2746/1611 2496/5346/1618 2490/2747/1620
f 2496/2754/1618 2497/2767/1629 2487/2755/1619
f 2487/2755/1619 2497/2767/1629 2498/2757/1621
f 2491/2747/1612 2498/5346/1621 2493/2748/1613
f 2494/2751/1616 2495/2762/1624 2489/2752/1617
f 2492/2765/1627 2499/2764/1626 2486/2746/1611
f 2486/2746/1611 2499/2764/1626 2496/5346/1618
f 2498/5346/1621 2500/2759/1622 2493/2748/1613
f 2500/2759/1622 2501/2779/1623 2494/2760/1616
f 2495/2762/1624 2502/2769/1625 2492/5345/1627
f 2499/2764/1626 2503/5347/1634 2496/5346/1618
f 2496/2754/1618 2503/2773/1634 2504/2766/1628
f 2504/2766/1628 2505/2775/1636 2498/2757/1621
f 2498/5346/1621 2505/2777/1636 2500/2759/1622
f 2502/2763/1625 2507/2771/1632 2499/2764/1626
f 2499/2764/1626 2507/2771/1632 2503/5347/1634
f 2501/2761/1623 2506/2768/1630 2495/2762/1624
f 2506/2768/1630 2508/2782/1631 2502/2769/1625
f 2507/2771/1632 2509/2784/1633 2503/5347/1634
f 2509/2772/1633 2510/2774/1635 2504/2766/1628
f 2510/2774/1635 2511/2786/1637 2505/2775/1636
f 2511/2776/1637 2512/2778/1638 2500/2759/1622
f 2512/2778/1638 2513/2788/1639 2501/2779/1623
f 2513/2780/1639 2514/2781/1640 2506/2768/1630
f 2508/2770/1631 2515/2783/1641 2507/2771/1632
f 2515/2783/1641 2516/2806/1654 2509/2784/1633
f 2509/2772/1633 2516/5348/1654 2517/2785/1642
f 2517/2785/1642 2518/5349/1647 2511/2786/1637
f 2511/2776/1637 2518/2797/1647 2512/2778/1638
f 2514/2781/1640 2520/5350/1650 2521/2790/1644
f 2508/2770/1631 2521/2791/1644 2515/2783/1641
f 2519/2789/1643 2520/5350/1650 2514/2781/1640
f 2515/2783/1641 2522/2792/1645 2516/2806/1654
f 2523/2796/1646 2524/2798/1648 2512/2778/1638
f 2524/2798/1648 2525/2813/1649 2519/2787/1643
f 2526/2802/1651 2527/5351/1652 2521/2803/1644
f 2516/2807/1654 2528/2817/1653 2529/2808/1655
f 2526/2802/1651 2531/2823/1665 2527/5351/1652
f 2522/2792/1645 2532/2811/1657 2528/2805/1653
f 2530/2810/1656 2533/2821/1663 2524/2798/1648
f 2524/2798/1648 2533/2821/1663 2534/2812/1658
f 2534/2814/1658 2531/2823/1665 2526/2802/1651
f 2531/2823/1665 2535/2825/1659 2527/5351/1652
f 2528/2817/1653 2536/2827/1660 2537/2818/1661
f 2535/2815/1659 2538/2835/1672 2532/2811/1657
f 2532/2811/1657 2538/2835/1672 2536/2816/1660
f 2534/2814/1658 2540/2832/1664 2531/2823/1665
f 2531/2823/1665 2541/2831/1670 2542/2824/1666
f 2535/2815/1659 2542/2836/1666 2538/2835/1672
f 2539/2820/1662 2543/2826/1667 2533/2821/1663
f 2540/2832/1664 2541/2831/1670 2531/2823/1665
f 2538/2835/1672 2544/2838/1674 2536/2816/1660
f 2536/2827/1660 2544/2841/1674 2545/2828/1668
f 2541/2831/1670 2547/2848/1681 2548/2833/1671
f 2548/2834/1671 2549/2837/1673 2538/2835/1672
f 2550/2840/1675 2551/2843/1677 2543/2826/1667
f 2543/2826/1667 2551/2843/1677 2546/2829/1669
f 2546/2830/1669 2547/2848/1681 2541/2831/1670
f 2549/2837/1673 2552/2851/1684 2544/2838/1674
f 2544/2841/1674 2552/2852/1684 2553/2842/1676
f 2546/2830/1669 2554/2856/1678 2547/2848/1681
f 2547/2848/1681 2555/2847/1679 2548/2833/1671
f 2555/2845/1679 2556/2849/1682 2549/2837/1673
f 2549/2837/1673 2556/2849/1682 2552/2851/1684
f 2552/2852/1684 2558/2862/1683 2559/2853/1685
f 2559/2853/1685 2560/2864/1686 2550/2839/1675
f 2551/2843/1677 2561/2858/1687 2554/2844/1678
f 2561/2855/1687 2557/2846/1680 2547/2848/1681
f 2563/2859/1689 2564/2868/1695 2555/2847/1679
f 2555/2845/1679 2564/2871/1695 2565/2860/1690
f 2565/2860/1690 2566/5352/1691 2558/2850/1683
f 2566/2861/1691 2567/2870/1697 2559/2853/1685
f 2559/2853/1685 2567/2870/1697 2568/2863/1692
f 2562/2857/1688 2569/2875/1693 2561/2858/1687
f 2569/2866/1693 2563/2859/1689 2557/2846/1680
f 2565/2860/1690 2571/2873/1699 2566/5352/1691
f 2566/2861/1691 2571/5353/1699 2572/2869/1696
f 2572/2869/1696 2573/2795/1703 2568/2863/1692
f 2568/2865/1692 2573/2884/1703 2562/2857/1688
f 2569/2866/1693 2570/2867/1694 2563/2859/1689
f 2570/2877/1694 2574/2885/1705 2564/5354/1695
f 2564/2871/1695 2574/2886/1705 2575/2872/1698
f 2573/2884/1703 2576/2874/1700 2562/2857/1688
f 2576/2874/1700 2577/5355/1701 2569/2875/1693
f 2575/2872/1698 2578/2887/1706 2571/2873/1699
f 2571/2879/1699 2578/2888/1706 2579/2880/1702
f 2579/2880/1702 2580/2889/1704 2573/2882/1703
f 2476/2740/1607 2477/2742/1609 2574/2885/1705
f 2574/2886/1705 2477/2745/1609 2478/2744/1610
f 2576/2874/1700 2483/2890/1708 2577/5355/1701
f 2577/2876/1701 2483/5341/1708 2476/2740/1607
f 2478/2744/1610 2479/5342/2697 2578/2887/1706
f 2578/2888/1706 2479/5343/2697 2480/2853/1707
f 2480/2853/1707 2481/5344/2698 2580/2889/1704
f 2580/2883/1704 2481/5342/2698 2482/2749/1614
s 0
f 2652/3002/1786 2648/3011/1786 2647/3003/1786
f 2654/3005/1788 2652/5380/1788 2651/3006/1788
f 2650/3008/2700 2648/5381/2700 2652/3009/2700
f 2648/3011/1787 2650/5382/1787 2649/3012/1787
f 2650/3013/1789 2654/3005/1789 2653/3007/1789
f 2653/3015/2701 2651/5383/2701 2647/3016/2701
f 2660/3018/1790 2656/3027/1790 2655/3019/1790
f 2662/3021/1792 2660/5384/1792 2659/3022/1792
f 2658/3024/2702 2656/5385/2702 2660/3025/2702
f 2656/3027/1791 2658/5386/1791 2657/3028/1791
f 2658/3029/2703 2662/3021/2703 2661/3023/2703
f 2661/3031/2704 2659/5387/2704 2655/3032/2704
f 2668/3034/1774 2664/3043/1774 2663/3035/1774
f 2670/3037/1777 2668/5388/1777 2667/3038/1777
f 2666/3040/2701 2664/5389/2701 2668/3041/2701
f 2664/3043/1775 2666/5390/1775 2665/3044/1775
f 2666/3045/1778 2670/3037/1778 2669/3039/1778
f 2669/3047/2700 2667/5391/2700 2663/3048/2700
f 2676/3050/1780 2672/3059/1780 2671/3051/1780
f 2678/3053/1783 2676/5392/1783 2675/3054/1783
f 2674/3056/2704 2672/5393/2704 2676/3057/2704
f 2672/3059/1781 2674/5394/1781 2673/3060/1781
f 2674/3061/1784 2678/3053/1784 2677/3055/1784
f 2677/3063/2702 2675/5395/2702 2671/3064/2702
s 1
f 2681/3069/1797 2683/3072/1800 2682/3070/1798
f 2683/3072/1800 2685/5396/2705 2684/3073/1801
f 2685/5396/2705 2686/5397/1802 2684/3073/1801
f 2686/3074/1802 2689/3078/1805 2688/3077/1804
f 2689/3078/1805 2691/3080/1807 2690/3079/1806
f 2691/3080/1807 2693/3082/1809 2692/3081/1808
f 2693/3082/1809 2695/5398/2706 2694/3083/1796
f 2695/5399/2706 2696/3066/1794 2694/3068/1796
f 2693/5400/1809 2691/5401/1807 2695/5402/2706
f 2686/3085/1802 2685/5403/2705 2681/3086/1797
f 2685/5403/2705 2683/5404/1800 2681/3086/1797
f 2681/3086/1797 2696/5405/1794 2691/5401/1807
f 2696/5405/1794 2695/5402/2706 2691/5401/1807
f 2691/5401/1807 2689/3084/1805 2681/3086/1797
f 2696/3066/1794 2681/3069/1797 2680/3071/1799
f 2694/3087/1796 2679/5406/1795 2682/3088/1798
f 2679/5406/1795 2680/5407/1799 2682/3088/1798
f 2682/3088/1798 2684/5408/1801 2687/3089/1803
f 2687/3089/1803 2688/5409/1804 2694/3087/1796
f 2688/5409/1804 2690/5410/1806 2694/3087/1796
f 2690/5410/1806 2692/5411/1808 2694/3087/1796
f 2719/3090/1810 2699/3114/1831 2697/3091/1811
f 2701/3093/1813 2703/3096/1816 2702/3094/1814
f 2703/3096/1816 2706/3098/1818 2704/3097/1817
f 2706/3098/1818 2708/5412/1821 2707/3100/1820
f 2708/3101/1821 2710/3104/1823 2711/3102/1822
f 2710/3104/1823 2709/5413/1830 2712/3105/1824
f 2709/5413/1830 2713/3106/1825 2712/3105/1824
f 2713/3106/1825 2717/5414/1832 2715/3108/1827
f 2717/5414/1832 2716/3109/1828 2715/3108/1827
f 2716/3109/1828 2719/5415/1810 2718/3110/1812
f 2698/5416/1829 2701/3093/1813 2700/3095/1815
f 2698/3112/1829 2719/3124/1810 2716/3122/1828
f 2716/3122/1828 2713/3121/1825 2709/3113/1830
f 2708/3119/1821 2706/5417/1818 2703/3111/1816
f 2698/3112/1829 2716/3122/1828 2709/3113/1830
f 2708/3119/1821 2703/3111/1816 2709/3113/1830
f 2699/3114/1831 2698/5416/1829 2700/3095/1815
f 2700/5418/1815 2702/5419/1814 2704/3117/1817
f 2701/5420/1813 2698/3112/1829 2703/3111/1816
f 2712/5421/1824 2714/3126/1826 2711/3125/1822
f 2704/3117/1817 2707/3116/1820 2711/3125/1822
f 2714/3126/1826 2715/5422/1827 2697/3127/1811
f 2715/5422/1827 2718/5423/1812 2697/3127/1811
f 2697/3127/1811 2700/5418/1815 2711/3125/1822
f 2700/5418/1815 2704/3117/1817 2711/3125/1822
f 2721/5424/1846 2723/3131/1836 2722/3133/1838
f 2723/3131/1836 2725/5425/1839 2724/3132/1837
f 2725/3134/1839 2727/3137/1841 2726/3135/1840
f 2727/3137/1841 2729/3139/1843 2728/3138/1842
f 2729/5426/1843 2731/3141/1845 2730/3143/1844
f 2731/5427/1845 2733/3128/1833 2732/3130/1835
f 2725/3146/1839 2723/5428/1836 2721/3147/1846
f 2721/3147/1846 2733/5429/1833 2731/3148/1845
f 2731/3148/1845 2729/5430/1843 2727/5431/1841
f 2727/5431/1841 2725/3146/1839 2731/3148/1845
f 2733/3128/1833 2721/3144/1846 2720/3129/1834
f 2720/5432/1834 2722/3149/1838 2732/3151/1835
f 2722/3149/1838 2724/5433/1837 2728/3150/1842
f 2724/5433/1837 2726/5434/1840 2728/3150/1842
f 2728/3150/1842 2730/5435/1844 2732/3151/1835
f 2755/3178/1866 2757/3181/1869 2756/3179/1867
f 2757/3181/1869 2759/5452/2707 2758/3182/1870
f 2759/5452/2707 2760/5453/1871 2758/3182/1870
f 2760/3183/1871 2762/3186/1873 2761/3184/1872
f 2762/3186/1873 2764/3188/1875 2763/3187/1874
f 2764/3188/1875 2766/3190/1877 2765/3189/1876
f 2766/3190/1877 2768/5454/1879 2767/3191/1878
f 2768/3192/1879 2769/3198/1881 2753/3193/1880
f 2768/5455/1879 2766/5456/1877 2764/3195/1875
f 2760/3196/1871 2759/5457/2707 2755/3197/1866
f 2759/5457/2707 2757/5458/1869 2755/3197/1866
f 2755/3197/1866 2769/5459/1881 2768/5455/1879
f 2764/3195/1875 2762/5460/1873 2760/3196/1871
f 2755/3197/1866 2768/5455/1879 2764/3195/1875
f 2769/3198/1881 2755/3178/1866 2754/3180/1868
f 2753/5461/1880 2754/5462/1868 2756/3199/1867
f 2761/3200/1872 2763/5463/1874 2765/3201/1876
f 2756/3199/1867 2758/5464/1870 2761/3200/1872
f 2765/3201/1876 2767/5465/1878 2753/5461/1880
f 2753/5461/1880 2756/3199/1867 2765/3201/1876
f 2772/3202/1866 2774/3203/1869 2773/3179/1867
f 2774/3203/1869 2776/5452/2707 2775/3182/1870
f 2776/5452/2707 2777/5453/1871 2775/3182/1870
f 2777/3183/1871 2779/3186/1873 2778/3184/1872
f 2779/3186/1873 2781/3188/1875 2780/3187/1874
f 2781/3188/1875 2783/3190/1877 2782/3189/1876
f 2783/3190/1877 2785/5454/1879 2784/3204/1878
f 2785/3192/1879 2786/3198/1881 2770/3205/1880
f 2785/5455/1879 2783/5456/1877 2781/3195/1875
f 2777/3196/1871 2776/5457/2707 2772/3207/1866
f 2776/5457/2707 2774/5466/1869 2772/3207/1866
f 2772/3207/1866 2786/5459/1881 2785/5455/1879
f 2781/3195/1875 2779/5460/1873 2777/3196/1871
f 2772/3207/1866 2785/5455/1879 2781/3195/1875
f 2786/3198/1881 2772/3202/1866 2771/3180/1868
f 2770/5467/1880 2771/5462/1868 2773/3199/1867
f 2778/3200/1872 2780/5463/1874 2782/3201/1876
f 2773/3199/1867 2775/5464/1870 2778/3200/1872
f 2782/3201/1876 2784/5468/1878 2770/5467/1880
f 2770/5467/1880 2773/3199/1867 2782/3201/1876
f 2788/3216/1889 2790/5469/1885 2789/3217/1887
f 2790/3211/1885 2792/3214/1888 2791/3212/1886
f 2792/3214/1888 2794/5470/1882 2793/3215/1884
f 2788/5471/1889 2794/3218/1882 2790/3220/1885
f 2794/3208/1882 2788/3216/1889 2787/3209/1883
f 2793/3223/1884 2787/5472/1883 2789/3221/1887
f 2796/3232/1890 2798/5469/1885 2797/3233/1887
f 2798/3227/1885 2800/3230/1888 2799/3228/1886
f 2800/3230/1888 2802/5473/1882 2801/3231/1884
f 2796/5474/1890 2802/3234/1882 2798/3236/1885
f 2802/3224/1882 2796/3232/1890 2795/3225/1883
f 2801/3239/1884 2795/5475/1883 2797/3237/1887
f 2804/3248/1889 2806/5469/1885 2805/3249/1887
f 2806/3243/1885 2808/3246/1888 2807/3244/1886
f 2808/3246/1888 2810/5476/1882 2809/3247/1884
f 2804/5477/1889 2810/3250/1882 2806/3252/1885
f 2810/3240/1882 2804/3248/1889 2803/3241/1883
f 2809/3255/1884 2803/5472/1883 2805/3253/1887
f 2812/3263/1889 2814/5478/1885 2813/3264/1887
f 2814/3259/1885 2816/3261/1888 2815/3260/1886
f 2816/3261/1888 2818/5479/1882 2817/3262/1884
f 2812/5480/1889 2818/3265/1882 2814/3267/1885
f 2818/3256/1882 2812/3263/1889 2811/3257/1883
f 2817/3270/1884 2811/5481/1883 2813/3268/1887
s 0
f 2830/3271/2708 2822/5482/2708 2820/3272/2708
f 2833/3274/2709 2829/3297/2709 2827/3275/2709
f 2825/3277/2710 2821/3301/2710 2829/3278/2710
f 2821/3280/2711 2826/5483/2711 2824/3281/2711
f 2826/3283/2712 2834/3292/2712 2832/3284/2712
f 2822/3289/2713 2821/3280/2713 2819/3282/2713
f 2825/5484/2714 2826/5483/2714 2821/3280/2714
f 2823/3285/2715 2824/5485/2715 2826/3283/2715
f 2831/5486/2716 2832/3276/2716 2827/3275/2716
f 2828/3296/2717 2827/3275/2717 2829/3297/2717
f 2827/3299/2718 2828/5487/2718 2820/3300/2718
f 2821/3301/2719 2822/5488/2719 2830/3302/2719
f 2831/3303/2720 2827/3299/2720 2819/3286/2720
f 2840/3304/2721 2836/5489/2721 2835/3305/2721
f 2842/3307/2722 2840/5490/2722 2839/3308/2722
f 2838/3310/2723 2836/5491/2723 2840/3311/2723
f 2836/3313/2724 2838/5492/2724 2837/3314/2724
f 2838/3316/2725 2842/5493/2725 2841/3317/2725
f 2841/3319/2726 2839/5494/2726 2835/3320/2726
f 2848/3322/2727 2844/5495/2727 2843/3323/2727
f 2850/3325/2728 2848/5496/2728 2847/3326/2728
f 2846/3328/2729 2844/5497/2729 2848/3329/2729
f 2844/3331/2730 2846/5498/2730 2845/3332/2730
f 2846/3334/2731 2850/5499/2731 2849/3335/2731
f 2849/3337/2732 2847/5500/2732 2843/3338/2732
s 1
f 2856/3351/1925 2858/5502/1921 2857/3352/1923
f 2858/3346/1921 2860/3349/1924 2859/3347/1922
f 2860/3349/1924 2862/5503/1918 2861/3350/1920
f 2856/3355/1925 2862/5504/1918 2860/3353/1924
f 2862/3343/1918 2856/3351/1925 2855/3344/1919
f 2855/5505/1919 2857/5506/1923 2861/5507/1920
f 2859/5508/1922 2861/5507/1920 2857/5506/1923
f 2864/3364/1933 2866/5509/1929 2865/3365/1931
f 2866/3359/1929 2868/3362/1932 2867/3360/1930
f 2868/3362/1932 2870/5510/1926 2869/3363/1928
f 2864/3368/1933 2870/5511/1926 2868/3366/1932
f 2870/3356/1926 2864/3364/1933 2863/3357/1927
f 2863/5512/1927 2865/3370/1931 2869/3369/1928
f 2879/5513/1939 2872/3383/1941 2871/3384/1940
f 2873/3372/1934 2875/5514/1937 2876/3373/1935
f 2875/3375/1937 2877/5515/2733 2878/3376/1938
f 2877/5515/2733 2879/3378/1939 2878/3376/1938
f 2879/3381/1939 2877/5516/2733 2875/3382/1937
f 2873/5517/1934 2872/3380/1941 2875/3382/1937
f 2872/3383/1941 2873/3372/1934 2874/3374/1936
f 2871/5518/1940 2874/5519/1936 2876/5520/1935
f 2876/5520/1935 2878/5521/1938 2871/5518/1940
f 2887/3385/1942 2880/5522/1950 2881/3386/1943
f 2882/3393/1949 2884/5523/1945 2883/3394/1947
f 2884/3388/1945 2886/3391/1948 2885/3389/1946
f 2886/3391/1948 2887/5524/1942 2888/3392/1944
f 2887/3396/1942 2886/5525/1948 2884/3397/1945
f 2882/5526/1949 2880/3395/1950 2884/3397/1945
f 2880/5522/1950 2882/3393/1949 2881/3386/1943
f 2881/3400/1943 2883/5527/1947 2885/3398/1946
s 0
f 2910/3401/101 2893/3413/101 2890/3402/101
f 2917/3404/2734 2912/5528/2734 2905/3405/2734
f 2901/3407/2735 2895/3423/2735 2909/3408/2735
f 2894/3410/2736 2904/5529/2736 2897/3411/2736
f 2902/3413/2737 2919/5530/2737 2914/3414/2737
f 2890/3402/2536 2892/3421/2536 2891/3445/2536
f 2893/3413/2738 2895/3447/2738 2896/5531/2738
f 2897/3411/2538 2899/5532/2538 2898/3420/2538
f 2899/3415/2539 2900/3429/2539 2898/5533/2539
f 2902/3413/2540 2904/3426/2540 2903/3433/2540
f 2905/3405/2601 2907/5534/2601 2906/3438/2601
f 2907/3403/2576 2908/3444/2576 2906/5535/2576
f 2910/3401/2542 2912/3442/2542 2911/3448/2542
f 2914/3414/2543 2916/5536/2543 2915/3430/2543
f 2917/3404/2592 2919/3434/2592 2918/3441/2592
f 2919/5530/2545 2920/3432/2545 2918/5537/2545
f 2889/3416/2739 2891/3443/2739 2898/3417/2739
f 2891/3419/2740 2892/3412/2740 2897/3411/2740
f 2893/3413/2741 2896/5531/2741 2892/3421/2741
f 2896/3425/2742 2894/3410/2742 2892/3412/2742
f 2901/3407/2743 2903/3431/2743 2896/3422/2743
f 2903/3424/2744 2904/5529/2744 2894/3410/2744
f 2899/5532/2745 2897/3411/2745 2904/5529/2745
f 2900/3429/2746 2899/3415/2746 2914/3414/2746
f 2920/3432/2747 2919/5530/2747 2902/3413/2747
f 2916/5536/2748 2914/3414/2748 2919/5530/2748
f 2913/3428/2749 2915/3427/2749 2906/3435/2749
f 2915/3437/2750 2916/3406/2750 2905/3405/2750
f 2909/3408/2751 2911/3446/2751 2918/3439/2751
f 2911/3440/2752 2912/5528/2752 2917/3404/2752
f 2907/5534/2753 2905/3405/2753 2912/5528/2753
f 2908/3444/2754 2907/3403/2754 2890/3402/2754
f 2895/3447/2755 2893/3413/2755 2910/3401/2755
f 2913/3428/2756 2908/3436/2756 2889/3416/2756
f 2926/3449/2757 2922/5538/2757 2921/3450/2757
f 2928/3452/2758 2926/5539/2758 2925/3453/2758
f 2924/3455/2759 2922/5540/2759 2926/3456/2759
f 2922/3458/2760 2924/5541/2760 2923/3459/2760
f 2924/3461/2761 2928/5542/2761 2927/3462/2761
f 2927/3464/2762 2925/5543/2762 2921/3465/2762
f 2934/3467/2763 2930/5544/2763 2929/3468/2763
f 2936/3470/2764 2934/5545/2764 2933/3471/2764
f 2932/3473/2765 2930/5546/2765 2934/3474/2765
f 2930/3476/2766 2932/5547/2766 2931/3477/2766
f 2932/3473/2767 2936/3475/2767 2935/3479/2767
f 2935/3481/2768 2933/3469/2768 2929/3468/2768
f 2942/3483/2763 2938/5544/2763 2937/3468/2763
f 2944/3485/2764 2942/5548/2764 2941/3486/2764
f 2940/3473/2765 2938/5546/2765 2942/3488/2765
f 2938/3476/2766 2940/5547/2766 2939/3477/2766
f 2940/3473/2767 2944/3475/2767 2943/3489/2767
f 2943/3490/2768 2941/3484/2768 2937/3468/2768
f 2950/3483/2763 2946/5544/2763 2945/3468/2763
f 2952/3485/2764 2950/5548/2764 2949/3486/2764
f 2948/3473/2765 2946/5546/2765 2950/3488/2765
f 2946/3476/2766 2948/5547/2766 2947/3477/2766
f 2948/3473/2767 2952/3475/2767 2951/3489/2767
f 2951/3490/2768 2949/3484/2768 2945/3468/2768
f 2958/3491/2763 2954/5544/2763 2953/3468/2763
f 2960/3493/2764 2958/5549/2764 2957/3494/2764
f 2956/3473/2765 2954/5546/2765 2958/3496/2765
f 2954/3476/2766 2956/5547/2766 2955/3477/2766
f 2956/3473/2767 2960/3497/2767 2959/3479/2767
f 2959/3498/2768 2957/3492/2768 2953/3468/2768
f 2966/3491/2763 2962/5550/2763 2961/3499/2763
f 2968/3493/2764 2966/5549/2764 2965/3494/2764
f 2964/3500/2765 2962/5546/2765 2966/3496/2765
f 2962/3501/2766 2964/5551/2766 2963/3502/2766
f 2964/3500/2767 2968/3497/2767 2967/3479/2767
f 2967/3498/2768 2965/3492/2768 2961/3499/2768
f 2974/3506/2763 2970/5544/2763 2969/3468/2763
f 2976/3485/2764 2974/5552/2764 2973/3471/2764
f 2972/3507/2765 2970/5553/2765 2974/3508/2765
f 2970/3510/2766 2972/5554/2766 2971/3477/2766
f 2972/3507/2767 2976/3509/2767 2975/3479/2767
f 2975/3481/2768 2973/3469/2768 2969/3468/2768
f 2982/3511/2763 2978/5544/2763 2977/3468/2763
f 2984/3485/2764 2982/5555/2764 2981/3486/2764
f 2980/3507/2765 2978/5553/2765 2982/3512/2765
f 2978/3510/2766 2980/5554/2766 2979/3477/2766
f 2980/3507/2767 2984/3509/2767 2983/3489/2767
f 2983/3490/2768 2981/3484/2768 2977/3468/2768
f 2990/3511/2763 2986/5544/2763 2985/3468/2763
f 2992/3485/2764 2990/5555/2764 2989/3486/2764
f 2988/3507/2765 2986/5553/2765 2990/3512/2765
f 2986/3510/2766 2988/5554/2766 2987/3477/2766
f 2988/3507/2767 2992/3509/2767 2991/3489/2767
f 2991/3490/2768 2989/3484/2768 2985/3468/2768
f 2998/3513/2763 2994/5544/2763 2993/3468/2763
f 3000/3493/2764 2998/5556/2764 2997/3494/2764
f 2996/3507/2765 2994/5553/2765 2998/3514/2765
f 2994/3510/2766 2996/5554/2766 2995/3477/2766
f 2996/3507/2767 3000/3515/2767 2999/3479/2767
f 2999/3498/2768 2997/3492/2768 2993/3468/2768
f 3006/3513/2763 3002/5557/2763 3001/3499/2763
f 3008/3493/2764 3006/5556/2764 3005/3494/2764
f 3004/3516/2765 3002/5558/2765 3006/3514/2765
f 3002/3517/2766 3004/5554/2766 3003/3502/2766
f 3004/3516/2767 3008/3515/2767 3007/3479/2767
f 3007/3498/2768 3005/3492/2768 3001/3499/2768
f 3014/3511/2763 3010/5544/2763 3009/3518/2763
f 3016/3520/2764 3014/5555/2764 3013/3486/2764
f 3012/3522/2765 3010/5553/2765 3014/3512/2765
f 3010/3510/2766 3012/5559/2766 3011/3524/2766
f 3012/3522/2767 3016/3523/2767 3015/3526/2767
f 3015/3528/2768 3013/3519/2768 3009/3518/2768
f 3022/3530/2763 3018/5544/2763 3017/3518/2763
f 3024/3520/2764 3022/5555/2764 3021/3532/2764
f 3020/3522/2765 3018/5553/2765 3022/3512/2765
f 3018/3510/2766 3020/5559/2766 3019/3524/2766
f 3020/3522/2767 3024/3534/2767 3023/3535/2767
f 3023/3536/2768 3021/3531/2768 3017/3518/2768
f 3030/3530/2763 3026/5544/2763 3025/3518/2763
f 3032/3520/2764 3030/5555/2764 3029/3532/2764
f 3028/3522/2765 3026/5553/2765 3030/3512/2765
f 3026/3510/2766 3028/5559/2766 3027/3524/2766
f 3028/3522/2767 3032/3534/2767 3031/3535/2767
f 3031/3536/2768 3029/3531/2768 3025/3518/2768
f 3038/3537/2763 3034/5544/2763 3033/3518/2763
f 3040/3539/2764 3038/5560/2764 3037/3540/2764
f 3036/3522/2765 3034/5553/2765 3038/3542/2765
f 3034/3510/2766 3036/5559/2766 3035/3524/2766
f 3036/3522/2767 3040/3543/2767 3039/3544/2767
f 3039/3545/2768 3037/3538/2768 3033/3518/2768
f 3046/3537/2763 3042/5561/2763 3041/3546/2763
f 3048/3539/2764 3046/5560/2764 3045/3540/2764
f 3044/3500/2765 3042/5562/2765 3046/3542/2765
f 3042/3510/2766 3044/5563/2766 3043/3547/2766
f 3044/3500/2767 3048/3543/2767 3047/3544/2767
f 3047/3545/2768 3045/3538/2768 3041/3546/2768
f 3054/3511/2763 3050/5544/2763 3049/3518/2763
f 3056/3520/2764 3054/5555/2764 3053/3486/2764
f 3052/3522/2765 3050/5553/2765 3054/3512/2765
f 3050/3510/2766 3052/5559/2766 3051/3524/2766
f 3052/3522/2767 3056/3523/2767 3055/3526/2767
f 3055/3528/2768 3053/3519/2768 3049/3518/2768
f 3062/3530/2763 3058/5544/2763 3057/3518/2763
f 3064/3520/2764 3062/5555/2764 3061/3532/2764
f 3060/3522/2765 3058/5553/2765 3062/3512/2765
f 3058/3510/2766 3060/5559/2766 3059/3524/2766
f 3060/3522/2767 3064/3534/2767 3063/3535/2767
f 3063/3536/2768 3061/3531/2768 3057/3518/2768
f 3070/3530/2763 3066/5544/2763 3065/3518/2763
f 3072/3520/2764 3070/5555/2764 3069/3532/2764
f 3068/3522/2765 3066/5553/2765 3070/3512/2765
f 3066/3510/2766 3068/5559/2766 3067/3524/2766
f 3068/3522/2767 3072/3534/2767 3071/3535/2767
f 3071/3536/2768 3069/3531/2768 3065/3518/2768
f 3078/3537/2763 3074/5544/2763 3073/3518/2763
f 3080/3539/2764 3078/5560/2764 3077/3540/2764
f 3076/3522/2765 3074/5553/2765 3078/3542/2765
f 3074/3510/2766 3076/5559/2766 3075/3524/2766
f 3076/3522/2767 3080/3543/2767 3079/3544/2767
f 3079/3545/2768 3077/3538/2768 3073/3518/2768
f 3086/3537/2763 3082/5561/2763 3081/3546/2763
f 3088/3539/2764 3086/5560/2764 3085/3540/2764
f 3084/3500/2765 3082/5562/2765 3086/3542/2765
f 3082/3510/2766 3084/5563/2766 3083/3547/2766
f 3084/3500/2767 3088/3543/2767 3087/3544/2767
f 3087/3545/2768 3085/3538/2768 3081/3546/2768
f 3094/3511/2763 3090/5544/2763 3089/3518/2763
f 3096/3520/2764 3094/5555/2764 3093/3486/2764
f 3092/3522/2765 3090/5553/2765 3094/3512/2765
f 3090/3510/2766 3092/5559/2766 3091/3524/2766
f 3092/3522/2767 3096/3523/2767 3095/3526/2767
f 3095/3528/2768 3093/3519/2768 3089/3518/2768
f 3102/3530/2763 3098/5544/2763 3097/3518/2763
f 3104/3520/2764 3102/5555/2764 3101/3532/2764
f 3100/3522/2765 3098/5553/2765 3102/3512/2765
f 3098/3510/2766 3100/5559/2766 3099/3524/2766
f 3100/3522/2767 3104/3534/2767 3103/3535/2767
f 3103/3536/2768 3101/3531/2768 3097/3518/2768
f 3110/3530/2763 3106/5544/2763 3105/3518/2763
f 3112/3520/2764 3110/5555/2764 3109/3532/2764
f 3108/3522/2765 3106/5553/2765 3110/3512/2765
f 3106/3510/2766 3108/5559/2766 3107/3524/2766
f 3108/3522/2767 3112/3534/2767 3111/3535/2767
f 3111/3536/2768 3109/3531/2768 3105/3518/2768
f 3118/3537/2763 3114/5544/2763 3113/3518/2763
f 3120/3539/2764 3118/5560/2764 3117/3540/2764
f 3116/3522/2765 3114/5553/2765 3118/3542/2765
f 3114/3510/2766 3116/5559/2766 3115/3524/2766
f 3116/3522/2767 3120/3543/2767 3119/3544/2767
f 3119/3545/2768 3117/3538/2768 3113/3518/2768
f 3126/3537/2763 3122/5561/2763 3121/3546/2763
f 3128/3539/2764 3126/5560/2764 3125/3540/2764
f 3124/3500/2765 3122/5562/2765 3126/3542/2765
f 3122/3510/2766 3124/5563/2766 3123/3547/2766
f 3124/3500/2767 3128/3543/2767 3127/3544/2767
f 3127/3545/2768 3125/3538/2768 3121/3546/2768
f 3134/3551/2769 3130/5564/2769 3129/3552/2769
f 3136/3554/2770 3134/5565/2770 3133/3555/2770
f 3132/3557/2771 3130/5566/2771 3134/3558/2771
f 3130/3560/2772 3132/5567/2772 3131/3561/2772
f 3132/3563/2773 3136/5568/2773 3135/3564/2773
f 3135/3566/2774 3133/5569/2774 3129/3567/2774
f 3156/3569/2775 3168/3610/2775 3149/3570/2775
f 3138/3572/2776 3152/3575/2776 3147/3573/2776
f 3154/3572/2777 3159/5570/2777 3163/3573/2777
f 3146/3576/2778 3161/3601/2778 3157/3577/2778
f 3166/3579/2779 3162/3586/2779 3145/3580/2779
f 3138/3572/2780 3140/3591/2780 3139/3582/2780
f 3141/3608/2781 3142/5571/2781 3143/3609/2781
f 3142/3574/2782 3144/3595/2782 3143/5572/2782
f 3149/3570/2783 3150/3611/2783 3151/5573/2783
f 3150/3581/2784 3152/3593/2784 3151/5574/2784
f 3154/3572/2785 3156/3583/2785 3155/3600/2785
f 3157/3577/2786 3159/3602/2786 3158/5575/2786
f 3159/5570/2787 3160/3599/2787 3158/5572/2787
f 3166/3579/2788 3168/5576/2788 3167/3589/2788
f 3142/5571/2789 3141/3608/2789 3140/3604/2789
f 3137/3571/2790 3149/3570/2790 3151/5573/2790
f 3137/3583/2791 3151/5577/2791 3152/3575/2791
f 3152/3593/2792 3150/3581/2792 3145/3580/2792
f 3142/3574/2793 3147/3573/2793 3148/3592/2793
f 3144/3578/2794 3148/3584/2794 3146/3576/2794
f 3165/3575/2795 3167/5578/2795 3156/3583/2795
f 3167/5579/2796 3168/3610/2796 3156/3569/2796
f 3160/3599/2797 3159/5570/2797 3154/3572/2797
f 3161/3601/2798 3164/5580/2798 3159/3602/2798
f 3164/3592/2799 3163/3573/2799 3159/5570/2799
f 3162/3586/2800 3166/3579/2800 3165/3590/2800
f 3153/3598/2801 3155/3597/2801 3139/3603/2801
f 3155/3605/2802 3156/3569/2802 3137/3571/2802
f 3157/3577/2803 3158/5575/2803 3143/3606/2803
f 3158/3607/2804 3160/3596/2804 3141/3608/2804
f 3168/5576/2805 3166/3579/2805 3150/3581/2805
f 3162/3586/2806 3161/3588/2806 3145/3580/2806
f 3141/3608/2807 3160/3596/2807 3153/3598/2807
f 3183/3612/2808 3191/3647/2808 3179/3613/2808
f 3170/3615/2809 3180/3632/2809 3177/3616/2809
f 3182/3615/2810 3185/5581/2810 3188/3618/2810
f 3176/3620/2811 3187/3638/2811 3184/3621/2811
f 3190/3623/2812 3187/3640/2812 3175/3624/2812
f 3172/3645/2813 3173/5582/2813 3174/3646/2813
f 3178/3625/2814 3180/3633/2814 3179/5583/2814
f 3182/3615/2815 3183/3627/2815 3181/3637/2815
f 3185/5581/2816 3186/3636/2816 3184/5584/2816
f 3173/5582/2817 3172/3645/2817 3171/3650/2817
f 3169/3627/2818 3179/5585/2818 3180/3632/2818
f 3180/3633/2819 3178/3625/2819 3175/3624/2819
f 3174/3622/2820 3177/3628/2820 3176/3620/2820
f 3189/3619/2821 3191/5586/2821 3183/3627/2821
f 3186/3636/2822 3185/5581/2822 3182/3615/2822
f 3187/3638/2823 3188/5587/2823 3185/3639/2823
f 3187/3640/2824 3190/3623/2824 3189/3631/2824
f 3181/3642/2825 3183/3612/2825 3169/3614/2825
f 3184/3644/2826 3186/5588/2826 3172/3645/2826
f 3191/3630/2827 3190/3623/2827 3178/3625/2827
f 3172/3645/2828 3186/5588/2828 3181/3649/2828
f 3197/3651/2829 3193/5589/2829 3192/3652/2829
f 3199/3654/2830 3197/5590/2830 3196/3655/2830
f 3195/3657/2831 3193/5591/2831 3197/3658/2831
f 3193/3660/2832 3195/5592/2832 3194/3661/2832
f 3194/3663/2833 3195/5593/2833 3199/3664/2833
f 3198/3666/2834 3196/5594/2834 3192/3667/2834
f 3209/3669/2835 3205/5595/2835 3204/3670/2835
f 3211/3672/2836 3209/5596/2836 3208/3673/2836
f 3207/3675/2837 3205/5597/2837 3209/3676/2837
f 3205/3678/2838 3207/5598/2838 3206/3679/2838
f 3207/3681/2839 3211/5599/2839 3210/3682/2839
f 3210/3684/2840 3208/5600/2840 3204/3685/2840
f 3217/3687/2769 3213/5601/2769 3212/3688/2769
f 3219/3690/2841 3217/5602/2841 3216/3691/2841
f 3215/3693/2842 3213/5603/2842 3217/3694/2842
f 3213/3696/2843 3215/5604/2843 3214/3697/2843
f 3215/3699/2773 3219/5605/2773 3218/3700/2773
f 3218/3702/2844 3216/5606/2844 3212/3703/2844
f 3225/3705/2845 3221/5607/2845 3220/3706/2845
f 3227/3708/2846 3225/5608/2846 3224/3709/2846
f 3223/3711/2847 3221/5609/2847 3225/3712/2847
f 3221/3714/2848 3223/5610/2848 3222/3715/2848
f 3223/3717/2849 3227/5611/2849 3226/3718/2849
f 3226/3720/2850 3224/5612/2850 3220/3721/2850
f 3233/3705/2845 3229/5607/2845 3228/3706/2845
f 3235/3708/2846 3233/5608/2846 3232/3709/2846
f 3231/3711/2847 3229/5609/2847 3233/3712/2847
f 3229/3714/2848 3231/5610/2848 3230/3715/2848
f 3231/3717/2849 3235/5611/2849 3234/3718/2849
f 3234/3720/2850 3232/5612/2850 3228/3721/2850
f 3241/3723/2845 3237/5613/2845 3236/3724/2845
f 3243/3726/2846 3241/5614/2846 3240/3727/2846
f 3239/3711/2847 3237/5615/2847 3241/3729/2847
f 3237/3731/2848 3239/5610/2848 3238/3732/2848
f 3239/3734/2849 3243/5616/2849 3242/3735/2849
f 3242/3737/2850 3240/5617/2850 3236/3738/2850
f 3249/3723/2845 3245/5613/2845 3244/3724/2845
f 3251/3726/2846 3249/5614/2846 3248/3727/2846
f 3247/3711/2847 3245/5615/2847 3249/3729/2847
f 3245/3731/2848 3247/5610/2848 3246/3732/2848
f 3247/3734/2849 3251/5616/2849 3250/3735/2849
f 3250/3737/2850 3248/5617/2850 3244/3738/2850
s 1
f 3263/3739/2066 3253/3756/2077 3252/3740/2067
f 3257/3742/2069 3259/3745/2072 3258/3743/2070
f 3259/3745/2072 3261/5618/2074 3260/3746/2073
f 3261/3747/2074 3263/5619/2066 3262/3748/2068
f 3255/3750/2075 3257/5620/2069 3256/3751/2071
f 3257/3755/2069 3255/5621/2075 3261/3753/2074
f 3255/5621/2075 3253/5622/2077 3261/3753/2074
f 3253/5622/2077 3263/5623/2066 3261/3753/2074
f 3253/3756/2077 3255/5624/2075 3254/3757/2076
f 3262/3759/2068 3252/5625/2067 3254/3760/2076
f 3254/3760/2076 3256/5626/2071 3258/5627/2070
f 3258/5627/2070 3260/3758/2073 3254/3760/2076
f 3275/3761/2078 3265/3778/2089 3264/3762/2079
f 3269/3764/2081 3271/3767/2084 3270/3765/2082
f 3271/3767/2084 3273/5628/2086 3272/3768/2085
f 3273/3769/2086 3275/5629/2078 3274/3770/2080
f 3267/3772/2087 3269/5630/2081 3268/3773/2083
f 3269/3777/2081 3267/5631/2087 3273/3775/2086
f 3267/5631/2087 3265/5632/2089 3273/3775/2086
f 3265/5632/2089 3275/5633/2078 3273/3775/2086
f 3265/3778/2089 3267/5634/2087 3266/3779/2088
f 3274/3782/2080 3264/5635/2079 3266/5636/2088
f 3266/5636/2088 3268/5637/2083 3274/3782/2080
f 3268/5637/2083 3270/3780/2082 3274/3782/2080
s 0
f 3281/3783/2851 3277/5638/2851 3276/3784/2851
f 3283/3786/2758 3281/5639/2758 3280/3787/2758
f 3279/3789/2852 3277/5640/2852 3281/3790/2852
f 3277/3792/2760 3279/5641/2760 3278/3793/2760
f 3279/3795/2853 3283/5642/2853 3282/3796/2853
f 3282/3798/2854 3280/5643/2854 3276/3799/2854
f 3288/3801/2855 3289/5644/2855 3285/3802/2855
f 3291/3804/2856 3289/5645/2856 3288/3805/2856
f 3287/3807/2857 3285/5646/2857 3289/3808/2857
f 3285/3810/2858 3287/5647/2858 3286/3811/2858
f 3287/3813/2859 3291/5648/2859 3290/3814/2859
f 3290/3816/2860 3288/5649/2860 3284/3817/2860
f 3296/3801/2855 3297/5644/2855 3293/3819/2855
f 3299/3821/2856 3297/5645/2856 3296/3822/2856
f 3295/3823/2857 3293/5650/2857 3297/3808/2857
f 3293/3825/2858 3295/5651/2858 3294/3826/2858
f 3295/3828/2859 3299/5652/2859 3298/3814/2859
f 3298/3816/2860 3296/5653/2860 3292/3817/2860
f 3304/3830/2855 3305/5654/2855 3301/3831/2855
f 3307/3832/2856 3305/5655/2856 3304/3833/2856
f 3303/3835/2857 3301/5656/2857 3305/3836/2857
f 3301/3838/2858 3303/5657/2858 3302/3839/2858
f 3303/3841/2859 3307/5658/2859 3306/3842/2859
f 3306/3844/2860 3304/5659/2860 3300/3845/2860
f 3333/3847/101 3313/3859/101 3309/3848/101
f 3342/3850/2861 3335/5660/2861 3329/3851/2861
f 3323/3853/2862 3315/3885/2862 3332/3854/2862
f 3314/3856/2863 3325/3886/2863 3318/3857/2863
f 3324/3859/2864 3344/5661/2864 3338/3860/2864
f 3308/3861/2865 3311/3896/2865 3312/3862/2865
f 3313/3859/2866 3315/3873/2866 3316/3872/2866
f 3315/3885/2867 3317/3863/2867 3316/3862/2867
f 3322/3883/2868 3320/3871/2868 3321/3870/2868
f 3319/3848/2869 3322/3865/2869 3321/5662/2869
f 3323/3853/2870 3326/3889/2870 3327/3870/2870
f 3329/3851/2591 3331/5663/2591 3330/3874/2591
f 3333/3847/2871 3335/3894/2871 3334/3898/2871
f 3335/5660/2872 3336/3867/2872 3334/5664/2872
f 3337/3878/2873 3340/3888/2873 3341/3879/2873
f 3342/3850/2592 3344/3891/2592 3343/3893/2592
f 3344/5661/2545 3345/3890/2545 3343/5665/2545
f 3308/3861/2874 3310/3863/2874 3320/3871/2874
f 3313/3859/2875 3316/3872/2875 3312/3864/2875
f 3316/3866/2876 3314/3856/2876 3310/3858/2876
f 3323/3853/2877 3325/3871/2877 3317/3863/2877
f 3319/3848/2878 3321/5662/2878 3327/3872/2878
f 3321/3868/2879 3318/3857/2879 3325/3886/2879
f 3322/3865/2605 3319/3848/2605 3338/3860/2605
f 3345/3890/2880 3344/5661/2880 3324/3859/2880
f 3339/3852/2881 3341/5666/2881 3344/3891/2881
f 3341/3881/2882 3338/3860/2882 3344/5661/2882
f 3337/3878/2883 3339/3880/2883 3328/3895/2883
f 3332/3854/2884 3336/3877/2884 3343/3892/2884
f 3336/3867/2885 3335/5660/2885 3342/3850/2885
f 3331/5663/2886 3329/3851/2886 3335/5660/2886
f 3328/3895/2887 3330/3876/2887 3311/3896/2887
f 3330/3897/2888 3331/3849/2888 3309/3848/2888
f 3315/3873/2755 3313/3859/2755 3333/3847/2755
f 3337/3878/2889 3328/3895/2889 3308/3861/2889
f 3357/3899/2890 3349/3926/2890 3347/3900/2890
f 3360/3902/2891 3357/5667/2891 3354/3903/2891
f 3352/3905/2892 3349/3915/2892 3356/3906/2892
f 3348/3908/2893 3353/5668/2893 3350/3909/2893
f 3353/3911/2894 3360/5669/2894 3359/3912/2894
f 3346/5670/2895 3347/3910/2895 3350/3909/2895
f 3349/5671/2896 3348/3908/2896 3347/3910/2896
f 3352/5672/2897 3353/5668/2897 3348/3908/2897
f 3351/5673/2898 3350/3909/2898 3353/5668/2898
f 3350/3916/2899 3351/5674/2899 3359/3917/2899
f 3361/3919/2900 3360/5669/2900 3353/3911/2900
f 3358/3904/2901 3359/5675/2901 3360/3902/2901
f 3356/3923/2902 3357/5667/2902 3360/3902/2902
f 3355/5676/2903 3354/3903/2903 3357/5667/2903
f 3358/3918/2904 3355/3922/2904 3346/3928/2904
f 3373/3929/2905 3365/5677/2905 3363/3930/2905
f 3376/3932/2906 3372/3956/2906 3370/3933/2906
f 3368/3935/2907 3364/3960/2907 3372/3936/2907
f 3364/3938/2908 3368/3949/2908 3367/3939/2908
f 3369/3941/2909 3377/5678/2909 3375/3942/2909
f 3365/3947/2910 3364/3938/2910 3362/3940/2910
f 3366/3943/2911 3367/5679/2911 3369/3941/2911
f 3376/3937/2912 3377/5680/2912 3369/3953/2912
f 3374/3934/2913 3375/5681/2913 3377/3954/2913
f 3371/3955/2914 3370/3933/2914 3372/3956/2914
f 3370/3958/2915 3371/5682/2915 3363/3959/2915
f 3364/3960/2916 3365/5683/2916 3373/3961/2916
f 3374/3952/2917 3370/3958/2917 3362/3944/2917
f 3389/3962/2905 3381/5677/2905 3379/3930/2905
f 3392/3963/2918 3388/3956/2918 3386/3933/2918
f 3384/3964/2919 3380/3960/2919 3388/3965/2919
f 3380/3938/2920 3385/5684/2920 3383/3967/2920
f 3385/3968/2921 3393/3972/2921 3391/3969/2921
f 3381/3970/2910 3380/3938/2910 3378/3940/2910
f 3384/5685/2922 3385/5684/2922 3380/3938/2922
f 3382/3943/2923 3383/5679/2923 3385/3968/2923
f 3390/3934/2924 3391/5681/2924 3393/3974/2924
f 3387/3976/2914 3386/3933/2914 3388/3956/2914
f 3386/3958/2915 3387/5686/2915 3379/3959/2915
f 3380/3960/2916 3381/5687/2916 3389/3977/2916
f 3390/3952/2917 3386/3958/2917 3378/3944/2917
f 3405/3978/2925 3397/4008/2925 3395/3979/2925
f 3408/3981/2926 3405/5688/2926 3402/3982/2926
f 3400/3984/2927 3397/3996/2927 3404/3985/2927
f 3396/3987/2928 3401/5689/2928 3398/3988/2928
f 3401/3990/2929 3408/5690/2929 3407/3991/2929
f 3397/3993/2930 3396/3987/2930 3394/3989/2930
f 3400/5691/2931 3401/5689/2931 3396/3987/2931
f 3399/5692/2932 3398/3988/2932 3401/5689/2932
f 3398/3997/2933 3399/5693/2933 3407/3998/2933
f 3409/4000/2934 3408/5690/2934 3401/3990/2934
f 3406/3983/2935 3407/5694/2935 3408/3981/2935
f 3404/4003/2936 3405/5688/2936 3408/3981/2936
f 3403/5695/2937 3402/3980/2937 3395/3979/2937
f 3406/3999/2938 3403/4005/2938 3394/4007/2938
f 3415/4009/2939 3411/5696/2939 3410/4010/2939
f 3417/4012/2940 3415/5697/2940 3414/4013/2940
f 3413/4015/2837 3411/5698/2837 3415/4016/2837
f 3411/4018/2941 3413/5699/2941 3412/4019/2941
f 3413/4021/2942 3417/5700/2942 3416/4022/2942
f 3416/4024/2840 3414/5701/2840 3410/4025/2840
f 3427/4030/2943 3423/5703/2943 3422/4031/2943
f 3429/4033/2944 3427/5704/2944 3426/4034/2944
f 3425/4036/2945 3423/5705/2945 3427/4037/2945
f 3423/4039/2946 3425/5706/2946 3424/4040/2946
f 3425/4042/2947 3429/5707/2947 3428/4043/2947
f 3428/4045/2948 3426/5708/2948 3422/4046/2948
f 3435/4030/2943 3431/5703/2943 3430/4031/2943
f 3437/4033/2944 3435/5704/2944 3434/4034/2944
f 3433/4036/2945 3431/5705/2945 3435/4037/2945
f 3431/4039/2946 3433/5706/2946 3432/4040/2946
f 3433/4042/2947 3437/5707/2947 3436/4043/2947
f 3436/4045/2948 3434/5708/2948 3430/4046/2948
f 3443/4048/2943 3439/5709/2943 3438/4049/2943
f 3445/4051/2944 3443/5710/2944 3442/4052/2944
f 3441/4054/2945 3439/5711/2945 3443/4055/2945
f 3439/4057/2946 3441/5712/2946 3440/4058/2946
f 3441/4060/2947 3445/5713/2947 3444/4061/2947
f 3444/4063/2948 3442/5714/2948 3438/4064/2948
s 1
f 3457/4066/2066 3447/4083/2077 3446/4067/2067
f 3451/4069/2194 3453/4072/2072 3452/4070/2070
f 3453/4072/2072 3455/5715/2074 3454/4073/2073
f 3455/4074/2074 3457/5716/2066 3456/4075/2193
f 3449/4077/2075 3451/5717/2194 3450/4078/2071
f 3451/4082/2194 3449/5718/2075 3455/4080/2074
f 3449/5718/2075 3447/5719/2077 3455/4080/2074
f 3447/5719/2077 3457/5720/2066 3455/4080/2074
f 3447/4083/2077 3449/5721/2075 3448/4084/2076
f 3456/4086/2193 3446/5722/2067 3448/4087/2076
f 3448/4087/2076 3450/5723/2071 3452/5724/2070
f 3452/5724/2070 3454/4085/2073 3448/4087/2076
f 3469/4088/2195 3459/4105/2206 3458/4089/2196
f 3463/4091/2198 3465/4094/2201 3464/4092/2199
f 3465/4094/2201 3467/5725/2203 3466/4095/2202
f 3467/4096/2203 3469/5726/2195 3468/4097/2197
f 3461/4099/2204 3463/5727/2198 3462/4100/2200
f 3463/4104/2198 3461/5728/2204 3459/4102/2206
f 3459/4102/2206 3469/5729/2195 3467/4103/2203
f 3467/4103/2203 3465/5730/2201 3463/4104/2198
f 3459/4105/2206 3461/5731/2204 3460/4106/2205
f 3468/4109/2197 3458/5732/2196 3460/4107/2205
f 3460/4107/2205 3462/5733/2200 3464/4108/2199
f 3464/4108/2199 3466/5734/2202 3468/4109/2197
f 3481/4110/2066 3471/4127/2077 3470/4111/2067
f 3475/4113/2194 3477/4116/2072 3476/4114/2070
f 3477/4116/2072 3479/5735/2074 3478/4117/2073
f 3479/4118/2074 3481/5736/2066 3480/4119/2193
f 3473/4121/2075 3475/5737/2194 3474/4122/2071
f 3475/4126/2194 3473/5738/2075 3479/4124/2074
f 3473/5738/2075 3471/5719/2077 3479/4124/2074
f 3471/5719/2077 3481/5739/2066 3479/4124/2074
f 3471/4127/2077 3473/5740/2075 3472/4128/2076
f 3480/4086/2193 3470/5741/2067 3472/4130/2076
f 3472/4130/2076 3474/5742/2071 3476/5743/2070
f 3476/5743/2070 3478/4129/2073 3472/4130/2076
f 3493/4131/2195 3483/4148/2206 3482/4132/2196
f 3487/4134/2198 3489/4137/2201 3488/4135/2199
f 3489/4137/2201 3491/5744/2203 3490/4138/2202
f 3491/4139/2203 3493/5745/2195 3492/4140/2197
f 3485/4142/2204 3487/5746/2198 3486/4143/2200
f 3487/4147/2198 3485/5728/2204 3483/4145/2206
f 3483/4145/2206 3493/5747/2195 3491/4146/2203
f 3491/4146/2203 3489/5730/2201 3487/4147/2198
f 3483/4148/2206 3485/5748/2204 3484/4149/2205
f 3492/4152/2197 3482/5749/2196 3484/4150/2205
f 3484/4150/2205 3486/5750/2200 3488/4151/2199
f 3488/4151/2199 3490/5751/2202 3492/4152/2197
s 0
f 3505/4153/2949 3497/4182/2949 3495/4154/2949
f 3508/4156/2950 3505/5752/2950 3502/4157/2950
f 3500/4159/2951 3497/4172/2951 3504/4160/2951
f 3496/4162/2952 3501/5753/2952 3498/4163/2952
f 3501/4165/2953 3509/4174/2953 3507/4166/2953
f 3494/5754/2954 3495/4164/2954 3498/4163/2954
f 3497/4217/2955 3496/4162/2955 3495/4164/2955
f 3500/5755/2956 3501/5753/2956 3496/4162/2956
f 3499/5756/2957 3498/4163/2957 3501/5753/2957
f 3506/5757/2958 3507/4158/2958 3502/4157/2958
f 3504/5758/2959 3505/5752/2959 3508/4156/2959
f 3503/5759/2960 3502/4157/2960 3505/5752/2960
f 3506/4177/2961 3503/4179/2961 3494/4168/2961
f 3529/4202/2966 3521/4231/2966 3519/4203/2966
f 3532/4205/2967 3529/5766/2967 3526/4206/2967
f 3524/4208/2951 3521/4220/2951 3528/4209/2951
f 3520/4211/2968 3525/5753/2968 3522/4212/2968
f 3525/4214/2969 3532/5767/2969 3531/4215/2969
f 3521/4217/2970 3520/4211/2970 3518/4213/2970
f 3524/5768/2956 3525/5753/2956 3520/4211/2956
f 3523/5769/2971 3522/4212/2971 3525/5753/2971
f 3522/4221/2972 3523/5770/2972 3531/4222/2972
f 3533/4224/2973 3532/5767/2973 3525/4214/2973
f 3530/4207/2974 3531/5771/2974 3532/4205/2974
f 3528/4227/2975 3529/5766/2975 3532/4205/2975
f 3527/5759/2960 3526/4206/2960 3529/5766/2960
f 3530/4223/2976 3527/4226/2976 3518/4230/2976
s 1
f 3550/4237/2238 3557/4255/2254 3549/4238/2239
f 3551/4240/2241 3550/5774/2238 3542/4241/2240
f 3552/4243/2243 3551/4240/2241 3543/4242/2242
f 3553/4245/2245 3552/4257/2243 3544/4246/2244
f 3546/4248/2247 3554/4258/2249 3553/4245/2245
f 3547/4242/2248 3555/4251/2251 3554/4249/2249
f 3548/4241/2250 3556/5774/2252 3555/4251/2251
f 3549/4238/2239 3557/4255/2254 3556/4252/2252
f 3558/4254/2253 3561/4261/2258 3557/4255/2254
f 3551/4240/2241 3558/4263/2253 3550/5774/2238
f 3556/5774/2252 3560/4269/2256 3555/4251/2251
f 3557/4255/2254 3561/4261/2258 3560/4259/2256
f 3562/4260/2257 3569/4270/2264 3561/4261/2258
f 3551/4240/2241 3563/4264/2259 3562/4262/2257
f 3552/4243/2243 3564/4273/2260 3563/4264/2259
f 3559/4256/2255 3565/4266/2261 3564/4265/2260
f 3554/4258/2249 3566/4276/2268 3565/4266/2261
f 3567/4267/2262 3566/4279/2268 3554/4249/2249
f 3568/4268/2263 3567/4267/2262 3555/4251/2251
f 3569/4270/2264 3568/4282/2263 3560/4259/2256
f 3570/4271/2265 3577/4281/2272 3569/4270/2264
f 3563/4264/2259 3571/4274/2266 3570/4272/2265
f 3564/4273/2260 3572/4286/2267 3571/4274/2266
f 3565/4266/2261 3573/4277/2269 3572/4275/2267
f 3566/4276/2268 3574/4289/2278 3573/4277/2269
f 3575/4278/2270 3574/4291/2278 3566/4279/2268
f 3576/4280/2271 3575/4278/2270 3567/4267/2262
f 3577/4281/2272 3576/4294/2271 3568/4282/2263
f 3570/4271/2265 3578/4295/2281 3585/4283/2273
f 3579/4284/2274 3578/4298/2281 3570/4272/2265
f 3580/4285/2275 3579/4284/2274 3571/4274/2266
f 3581/4287/2276 3580/4301/2275 3572/4275/2267
f 3582/4288/2277 3581/4287/2276 3573/4277/2269
f 3575/4278/2270 3583/4292/2279 3582/4290/2277
f 3576/4280/2271 3584/4304/2280 3583/4292/2279
f 3577/4281/2272 3585/4283/2273 3584/4293/2280
f 3578/4295/2281 3586/5775/2977 3593/4296/2282
f 3587/4297/2283 3586/5776/2977 3578/4298/2281
f 3588/4299/2284 3587/4297/2283 3579/4284/2274
f 3589/4300/2285 3588/5777/2284 3580/4301/2275
f 3590/4302/2286 3589/4300/2285 3581/4287/2276
f 3583/4292/2279 3591/4305/2287 3590/4303/2286
f 3584/4304/2280 3592/5778/2288 3591/4305/2287
f 3585/4283/2273 3593/4296/2282 3592/4306/2288
f 3602/4307/2289 3609/4324/2300 3601/4308/2239
f 3603/4310/2290 3602/5779/2289 3594/4311/2240
f 3604/4313/2291 3603/4310/2290 3595/4312/2242
f 3605/4315/2293 3604/4326/2291 3596/4316/2292
f 3598/4318/2294 3606/4327/2296 3605/4315/2293
f 3599/4312/2295 3607/4320/2297 3606/4319/2296
f 3600/4311/2250 3608/5780/2298 3607/4320/2297
f 3601/4308/2239 3609/4324/2300 3608/4321/2298
f 3610/4323/2299 3613/4330/2258 3609/4324/2300
f 3603/4310/2290 3610/4332/2299 3602/5779/2289
f 3608/5780/2298 3612/4338/2302 3607/4320/2297
f 3609/4324/2300 3613/4330/2258 3612/4328/2302
f 3614/4329/2303 3621/4339/2309 3613/4330/2258
f 3603/4310/2290 3615/4333/2304 3614/4331/2303
f 3604/4313/2291 3616/4342/2305 3615/4333/2304
f 3611/4325/2301 3617/4335/2306 3616/4334/2305
f 3606/4327/2296 3618/4345/2313 3617/4335/2306
f 3619/4336/2307 3618/4348/2313 3606/4319/2296
f 3620/4337/2308 3619/4336/2307 3607/4320/2297
f 3621/4339/2309 3620/4351/2308 3612/4328/2302
f 3622/4340/2310 3629/4350/2317 3621/4339/2309
f 3615/4333/2304 3623/4343/2311 3622/4341/2310
f 3616/4342/2305 3624/4355/2312 3623/4343/2311
f 3617/4335/2306 3625/4346/2314 3624/4344/2312
f 3618/4345/2313 3626/4358/2323 3625/4346/2314
f 3627/4347/2315 3626/4360/2323 3618/4348/2313
f 3628/4349/2316 3627/4347/2315 3619/4336/2307
f 3629/4350/2317 3628/4363/2316 3620/4351/2308
f 3622/4340/2310 3630/4364/2326 3637/4352/2318
f 3631/4353/2319 3630/4367/2326 3622/4341/2310
f 3632/4354/2320 3631/4353/2319 3623/4343/2311
f 3633/4356/2321 3632/4370/2320 3624/4344/2312
f 3634/4357/2322 3633/4356/2321 3625/4346/2314
f 3627/4347/2315 3635/4361/2324 3634/4359/2322
f 3628/4349/2316 3636/4373/2325 3635/4361/2324
f 3629/4350/2317 3637/4352/2318 3636/4362/2325
f 3630/4364/2326 3638/5781/2977 3645/4365/2327
f 3639/4366/2283 3638/5782/2977 3630/4367/2326
f 3640/4368/2284 3639/4366/2283 3631/4353/2319
f 3641/4369/2285 3640/5783/2284 3632/4370/2320
f 3642/4371/2328 3641/4369/2285 3633/4356/2321
f 3635/4361/2324 3643/4374/2287 3642/4372/2328
f 3636/4373/2325 3644/5784/2288 3643/4374/2287
f 3637/4352/2318 3645/4365/2327 3644/4375/2288
f 3651/4376/2329 3658/4391/2340 3650/4377/2330
f 3652/4379/2332 3651/5785/2329 3646/4380/2331
f 3653/4400/2342 3652/4379/2332 3647/4381/2333
f 3654/4382/2334 3653/4393/2342 3647/4383/2333
f 3648/4384/2335 3655/4394/2337 3654/4382/2334
f 3649/4385/2336 3656/4405/2350 3655/4386/2337
f 3649/4385/2336 3657/5786/2338 3656/4405/2350
f 3650/4377/2330 3658/4391/2340 3657/4388/2338
f 3659/4390/2339 3662/4397/2345 3658/4391/2340
f 3652/4379/2332 3659/4399/2339 3651/5785/2329
f 3657/5786/2338 3661/4407/2343 3656/4405/2350
f 3658/4391/2340 3662/4397/2345 3661/4395/2343
f 3663/4396/2344 3670/4408/2352 3662/4397/2345
f 3652/4379/2332 3664/4401/2346 3663/4398/2344
f 3653/4400/2342 3665/4411/2347 3664/4401/2346
f 3660/4392/2341 3666/4403/2348 3665/4402/2347
f 3655/4394/2337 3667/4414/2356 3666/4403/2348
f 3668/4404/2349 3667/4417/2356 3655/4386/2337
f 3669/4406/2351 3668/4404/2349 3656/4405/2350
f 3670/4408/2352 3669/4420/2351 3661/4395/2343
f 3671/4409/2353 3678/4419/2360 3670/4408/2352
f 3664/4401/2346 3672/4412/2354 3671/4410/2353
f 3665/4411/2347 3673/4424/2355 3672/4412/2354
f 3666/4403/2348 3674/4415/2357 3673/4413/2355
f 3667/4414/2356 3675/4427/2366 3674/4415/2357
f 3676/4416/2358 3675/4429/2366 3667/4417/2356
f 3677/4418/2359 3676/4416/2358 3668/4404/2349
f 3678/4419/2360 3677/4432/2359 3669/4420/2351
f 3671/4409/2353 3679/4433/2369 3686/4421/2361
f 3680/4422/2362 3679/4436/2369 3671/4410/2353
f 3681/4423/2363 3680/4422/2362 3672/4412/2354
f 3682/4425/2364 3681/4439/2363 3673/4413/2355
f 3683/4426/2365 3682/4425/2364 3674/4415/2357
f 3676/4416/2358 3684/4430/2367 3683/4428/2365
f 3677/4418/2359 3685/4442/2368 3684/4430/2367
f 3678/4419/2360 3686/4421/2361 3685/4431/2368
f 3679/4433/2369 3687/5787/2977 3694/4434/2327
f 3688/4435/2283 3687/5788/2977 3679/4436/2369
f 3689/4437/2284 3688/4435/2283 3680/4422/2362
f 3690/4438/2285 3689/5789/2284 3681/4439/2363
f 3691/4440/2370 3690/4438/2285 3682/4425/2364
f 3684/4430/2367 3692/4443/2287 3691/4441/2370
f 3685/4442/2368 3693/5790/2288 3692/4443/2287
f 3686/4421/2361 3694/4434/2327 3693/4444/2288
f 3703/4445/2371 3710/4465/2387 3702/4446/2372
f 3704/4448/2374 3703/4467/2371 3695/4449/2373
f 3705/4451/2376 3704/4448/2374 3696/4450/2375
f 3706/4453/2378 3705/4470/2376 3697/4454/2377
f 3699/4456/2380 3707/4471/2382 3706/4453/2378
f 3700/4457/2381 3708/4461/2384 3707/4458/2382
f 3701/4460/2383 3709/4473/2385 3708/4461/2384
f 3702/4446/2372 3710/4465/2387 3709/4462/2385
f 3711/4464/2386 3718/5791/2395 3710/4465/2387
f 3712/4466/2388 3711/4480/2386 3703/4467/2371
f 3713/4468/2389 3712/4466/2388 3704/4448/2374
f 3714/4469/2390 3713/5792/2389 3705/4470/2376
f 3707/4471/2382 3715/5793/2391 3714/4469/2390
f 3708/4461/2384 3716/4474/2392 3715/4472/2391
f 3709/4473/2385 3717/4489/2393 3716/4474/2392
f 3710/4465/2387 3718/5791/2395 3717/4475/2393
f 3711/4476/2386 3719/4491/2396 3726/4477/2394
f 3712/4466/2388 3720/4481/2397 3719/4479/2396
f 3713/4468/2389 3721/4494/2398 3720/4481/2397
f 3714/4482/2390 3722/4496/2405 3721/4483/2398
f 3723/4485/2399 3722/4496/2405 3714/4482/2390
f 3724/4487/2400 3723/4500/2399 3715/4472/2391
f 3725/4488/2401 3724/4487/2400 3716/4474/2392
f 3726/4477/2394 3725/4502/2401 3717/4490/2393
f 3719/4491/2396 3727/4503/2403 3734/4492/2402
f 3720/4481/2397 3728/4495/2404 3727/4493/2403
f 3721/4494/2398 3729/4506/2406 3728/4495/2404
f 3722/4496/2405 3730/4511/2413 3729/4497/2406
f 3731/4498/2407 3730/4511/2413 3722/4496/2405
f 3732/4499/2408 3731/4513/2407 3723/4500/2399
f 3733/4501/2409 3732/4499/2408 3724/4487/2400
f 3734/4492/2402 3733/5794/2409 3725/4502/2401
f 3727/4503/2403 3735/4517/2411 3742/4504/2410
f 3728/4495/2404 3736/4507/2412 3735/4505/2411
f 3729/4506/2406 3737/4509/2414 3736/4507/2412
f 3730/4508/2413 3738/4521/2421 3737/4509/2414
f 3739/4510/2415 3738/4524/2421 3730/4511/2413
f 3740/4512/2416 3739/4526/2415 3731/4513/2407
f 3741/4514/2417 3740/4512/2416 3732/4499/2408
f 3742/4515/2410 3741/4514/2417 3733/4501/2409
f 3735/4517/2411 3743/5795/2419 3750/4518/2418
f 3736/4507/2412 3744/4520/2420 3743/4519/2419
f 3737/4509/2414 3745/4522/2422 3744/4520/2420
f 3738/4521/2421 3746/5796/2978 3745/4522/2422
f 3747/4523/2423 3746/5797/2978 3738/4524/2421
f 3748/4525/2424 3747/5798/2423 3739/4526/2415
f 3749/4527/2425 3748/4525/2424 3740/4512/2416
f 3750/4528/2418 3749/4527/2425 3741/4514/2417
s 0
f 3756/4529/2939 3752/5799/2939 3751/4530/2939
f 3758/4532/2979 3756/5800/2979 3755/4533/2979
f 3754/4535/2980 3752/5801/2980 3756/4536/2980
f 3752/4538/2981 3754/5802/2981 3753/4539/2981
f 3754/4541/2942 3758/5803/2942 3757/4542/2942
f 3757/4544/2982 3755/5804/2982 3751/4545/2982
f 3764/4547/2983 3760/5805/2983 3759/4548/2983
f 3766/4550/2984 3764/5806/2984 3763/4551/2984
f 3762/4553/2985 3760/5807/2985 3764/4554/2985
f 3760/4556/2986 3762/5808/2986 3761/4557/2986
f 3762/4559/2987 3766/5809/2987 3765/4560/2987
f 3765/4562/2988 3763/5810/2988 3759/4563/2988
f 3769/4565/2989 3768/4568/2989 3770/4566/2989
f 3768/4568/2990 3769/4565/2990 3767/4567/2990
s 1
f 3782/4569/2438 3772/4586/2449 3771/4570/2439
f 3776/4572/2441 3778/4575/2444 3777/4573/2442
f 3778/4575/2444 3780/5811/2446 3779/4576/2445
f 3780/4577/2446 3782/5812/2438 3781/4578/2440
f 3774/4580/2447 3776/5813/2441 3775/4581/2443
f 3776/4585/2441 3774/5814/2447 3780/4583/2446
f 3774/5814/2447 3772/5815/2449 3780/4583/2446
f 3772/5815/2449 3782/5816/2438 3780/4583/2446
f 3772/4586/2449 3774/5817/2447 3773/4587/2448
f 3781/4589/2440 3771/5818/2439 3773/4590/2448
f 3773/4590/2448 3775/5819/2443 3777/5820/2442
f 3777/5820/2442 3779/4588/2445 3773/4590/2448
f 3794/4569/2438 3784/4586/2449 3783/4591/2439
f 3788/4593/2441 3790/4594/2444 3789/4573/2442
f 3790/4594/2444 3792/5821/2446 3791/4576/2445
f 3792/4595/2446 3794/5812/2438 3793/4596/2440
f 3786/4580/2447 3788/5822/2441 3787/4581/2443
f 3788/4599/2441 3786/5814/2447 3792/4597/2446
f 3786/5814/2447 3784/5815/2449 3792/4597/2446
f 3784/5815/2449 3794/5816/2438 3792/4597/2446
f 3784/4586/2449 3786/5817/2447 3785/4587/2448
f 3793/4600/2440 3783/5823/2439 3785/4590/2448
f 3785/4590/2448 3787/5819/2443 3789/5820/2442
f 3789/5820/2442 3791/4588/2445 3785/4590/2448
f 3806/4601/2438 3796/4618/2449 3795/4602/2439
f 3800/4604/2441 3802/4607/2444 3801/4605/2450
f 3802/4607/2444 3804/5824/2446 3803/4608/2445
f 3804/4609/2446 3806/5825/2438 3805/4610/2440
f 3798/4612/2447 3800/5826/2441 3799/4613/2443
f 3800/4617/2441 3798/5827/2447 3804/4615/2446
f 3798/5827/2447 3796/5828/2449 3804/4615/2446
f 3796/5828/2449 3806/5829/2438 3804/4615/2446
f 3796/4618/2449 3798/5830/2447 3797/4619/2448
f 3805/4621/2440 3795/5831/2439 3797/4622/2448
f 3797/4622/2448 3799/5832/2443 3801/5833/2450
f 3801/5833/2450 3803/4620/2445 3797/4622/2448
f 3818/4601/2438 3808/4618/2449 3807/4602/2439
f 3812/4604/2441 3814/4624/2444 3813/4623/2442
f 3814/4624/2444 3816/5834/2446 3815/4625/2445
f 3816/4626/2446 3818/5825/2438 3817/4610/2451
f 3810/4612/2447 3812/5826/2441 3811/4613/2443
f 3812/4617/2441 3810/5827/2447 3816/4628/2446
f 3810/5827/2447 3808/5828/2449 3816/4628/2446
f 3808/5828/2449 3818/5829/2438 3816/4628/2446
f 3808/4618/2449 3810/5830/2447 3809/4619/2448
f 3817/4621/2451 3807/5831/2439 3809/4622/2448
f 3809/4622/2448 3811/5832/2443 3813/5835/2442
f 3813/5835/2442 3815/4630/2445 3809/4622/2448
usemtl signal
f 1939/2000/1155 1944/2001/1156 1940/2002/1157
f 1945/2003/1158 1942/2004/1159 1941/2005/1160
f 1946/2006/1161 1939/2007/1155 1942/2008/1159
f 1944/2009/1156 1947/2010/1162 1940/2011/1157
f 1940/2011/1157 1948/2012/1163 1941/2013/1160
f 1948/2014/1163 1945/2003/1158 1941/2005/1160
f 1949/2015/1164 1946/2006/1161 1945/2016/1158
f 1949/2015/1164 1955/2017/1165 1946/2006/1161
f 1946/2018/1161 1950/2019/1166 1944/2001/1156
f 1951/2020/1167 1947/2021/1162 1950/2019/1166
f 1952/2022/1168 1948/2012/1163 1947/2010/1162
f 1948/2014/1163 1953/2023/1169 1949/2024/1164
f 1954/2025/1170 1957/2026/1171 1955/2017/1165
f 1955/2027/1165 1956/2028/1172 1951/2020/1167
f 1958/2029/1173 1952/2021/1168 1956/2028/1172
f 1959/2030/1174 1953/2031/1169 1952/2022/1168
f 1953/2023/1169 1961/2032/1175 1954/2033/1170
f 1962/2034/1176 1957/2026/1171 1954/2025/1170
f 1957/2026/1171 1958/2035/1173 1956/2036/1172
f 1963/2037/1177 1959/2038/1174 1958/2029/1173
f 1957/2026/1171 1963/2039/1177 1958/2035/1173
f 1963/2037/1177 1966/2002/1178 1959/2038/1174
f 1959/2030/1174 1967/2040/1179 1960/2041/1180
f 1967/2042/1179 1961/2032/1175 1960/2043/1180
f 1961/2032/1175 1968/2044/1181 1962/2045/1176
f 1968/2046/1181 1964/2047/1182 1962/2034/1176
f 1969/2048/1183 1966/2002/1178 1965/2049/1184
f 1970/2050/1185 1964/2047/1182 1968/2046/1181
f 1971/2051/1186 1965/2052/1184 1964/2047/1182
f 1969/2053/1183 1973/2054/1187 1966/2055/1178
f 1973/2054/1187 1967/2040/1179 1966/2055/1178
f 1974/2056/1188 1970/2057/1185 1967/2042/1179
f 1971/2058/1186 1972/2059/1189 1969/2048/1183
f 1976/2060/1190 1973/2061/1187 1972/2059/1189
f 1977/2062/1191 1972/2063/1189 1971/2051/1186
f 1974/2056/1188 1981/2064/1192 1975/2065/1193
f 1977/2066/1191 1978/2067/1194 1976/2060/1190
f 1983/2068/1195 1979/2069/1196 1978/2070/1194
f 1984/2071/1197 1980/2072/1198 1979/2073/1196
f 1982/2074/1199 1985/2075/1200 1977/2062/1191
f 1985/2075/1200 1978/2076/1194 1977/2062/1191
f 1987/2077/1201 1984/2071/1197 1983/2078/1195
f 1984/2079/1197 1981/2080/1192 1980/2081/1198
f 1981/2080/1192 1988/2082/1202 1982/2083/1199
f 1988/2084/1202 1985/2075/1200 1982/2074/1199
f 1986/2085/1203 1983/2068/1195 1985/2086/1200
f 1984/2079/1197 1991/2087/1204 1988/2082/1202
f 1992/2088/1205 1985/2075/1200 1988/2084/1202
f 1985/2075/1200 1989/2089/1206 1986/2090/1203
f 1993/2091/1207 1987/2092/1201 1989/2093/1206
f 1996/2094/1208 1992/2095/1205 1991/2087/1204
f 1994/2096/1209 1995/2097/1210 1990/2098/1211
f 1995/2099/1210 1998/2100/1212 1996/2094/1208
f 1996/2101/1208 1999/2102/1213 1992/2088/1205
f 1999/2102/1213 1993/2103/1207 1992/2088/1205
f 2000/2104/1214 1994/2105/1209 1997/2106/1215
f 1994/2096/1209 2001/2107/1216 1995/2097/1210
f 2001/2108/1216 1998/2100/1212 1995/2099/1210
f 2002/2109/1217 1997/2110/1215 1999/2102/1213
f 2004/2111/1218 2001/2107/1216 2000/2112/1214
f 2001/2108/1216 2006/2113/1219 1998/2100/1212
f 2007/2114/1220 2002/2109/1217 1998/2115/1212
f 2003/2116/1221 2000/2104/1214 2002/2117/1217
f 2002/2109/1217 2008/2118/1222 2003/2119/1221
f 2008/2120/1222 2011/2121/1223 2004/2122/1218
f 2011/2123/1223 2012/2124/1224 2005/2114/1225
f 2012/2125/1224 2006/2113/1219 2005/2126/1225
f 2006/2113/1219 2013/2127/1226 2007/2128/1220
f 2013/2129/1226 2009/2130/1227 2007/2114/1220
f 2014/2131/1228 2011/2121/1223 2010/2132/1229
f 2015/2133/1230 2012/2124/1224 2011/2123/1223
f 2012/2125/1224 2016/2134/1231 2013/2127/1226
f 2017/2135/1232 2015/2061/1230 2014/2131/1228
f 2015/2133/1230 2022/2136/1233 2012/2124/1224
f 2012/2125/1224 2019/2137/1234 2016/2134/1231
f 2019/2138/1234 2009/2130/1227 2016/2139/1231
f 2009/2130/1227 2017/2140/1232 2014/2141/1228
f 2021/2142/1235 2018/2143/1236 2017/2135/1232
f 2023/2144/1237 2020/2145/1238 2019/2138/1234
f 2025/2146/1239 2018/2147/1236 2021/2148/1235
f 2025/2146/1239 2022/2136/1233 2018/2147/1236
f 2026/2149/1240 2023/2150/1237 2022/2151/1233
f 2023/2144/1237 2027/2152/1241 2020/2145/1238
f 2024/2153/1242 2021/2142/1235 2020/2004/1238
f 2025/2146/1239 2029/2154/1243 2026/2155/1240
f 2030/2156/1244 2023/2150/1237 2026/2149/1240
f 2031/2157/1245 2025/2158/1239 2028/2159/1246
f 2032/2160/1247 2029/2154/1243 2025/2146/1239
f 2030/2161/1244 2038/2162/1248 2027/2152/1241
f 2038/2162/1248 2028/2163/1246 2027/2152/1241
f 2035/2164/1249 2032/2160/1247 2031/2165/1245
f 2032/2160/1247 2036/2166/1250 2029/2154/1243
f 2029/2167/1243 2036/2168/1250 2033/2169/1251
f 2037/2170/1252 2038/2162/1248 2033/2171/1251
f 2032/2160/1247 2040/2172/1253 2036/2166/1250
f 2041/2173/1254 2037/2174/1252 2036/2175/1250
f 2039/2176/1255 2034/2177/1256 2038/2178/1248
f 2039/2176/1255 2043/2179/1257 2035/2180/1249
f 2044/2181/1258 2041/2173/1254 2040/2182/1253
f 2045/2183/1259 2037/2170/1252 2041/2184/1254
f 1942/2008/1159 2039/2185/1255 2037/2170/1252
f 2043/2186/1257 1940/2011/1157 2040/2172/1253
f 1940/2011/1157 2044/2187/1258 2040/2172/1253
f 2044/2181/1258 2047/2188/1260 2045/2189/1259
f 2046/2190/1261 1940/2002/1157 2043/2179/1257
f 2044/2181/1258 1941/2005/1160 2047/2188/1260
f 1942/2008/1159 1939/2007/1155 2046/2191/1261
f 2053/2192/1262 2049/2002/1263 2048/2193/1264
f 2054/2194/1265 2050/2195/1266 2049/2196/1263
f 2055/2197/1267 2051/2198/1268 2050/2199/1266
f 2056/2200/1269 2052/2201/1270 2051/2202/1268
f 2057/2203/1271 2048/2007/1264 2052/2201/1270
f 2053/2192/1262 2058/2204/1272 2054/2205/1265
f 2054/2194/1265 2060/2206/1273 2055/2016/1267
f 2060/2207/1273 2056/2208/1269 2055/2197/1267
f 2062/2209/1274 2059/2210/1275 2058/2211/1272
f 2060/2207/1273 2064/2212/1276 2056/2208/1269
f 2056/2200/1269 2064/2213/1276 2057/2203/1271
f 2057/2018/1271 2061/2214/1277 2058/2204/1272
f 2065/2215/1278 2062/2216/1274 2061/2214/1277
f 2066/2217/1279 2063/2218/1280 2059/2210/1275
f 2067/2219/1281 2064/2212/1276 2063/2220/1280
f 2064/2213/1276 2065/2221/1278 2061/2222/1277
f 2068/2223/1282 2062/2216/1274 2065/2215/1278
f 2068/2036/1282 2066/2217/1279 2062/2209/1274
f 2066/2224/1279 2070/2225/1283 2067/2219/1281
f 2067/2226/1281 2072/2227/1284 2064/2213/1276
f 2064/2213/1276 2072/2227/1284 2065/2221/1278
f 2073/2035/1285 2066/2217/1279 2068/2036/1282
f 2074/2228/1286 2069/2229/1287 2066/2217/1279
f 2072/2086/1284 2073/2230/1285 2068/2223/1282
f 2076/2039/1288 2074/2228/1286 2073/2035/1285
f 2074/2228/1286 2077/2231/1289 2069/2229/1287
f 2077/2087/1289 2070/2225/1283 2069/2232/1287
f 2070/2225/1283 2078/2233/1290 2071/2234/1291
f 2078/2235/1290 2075/2236/1292 2071/2229/1291
f 2075/2237/1292 2076/2238/1288 2073/2230/1285
f 2079/2052/1293 2074/2228/1286 2076/2039/1288
f 2074/2228/1286 2081/2046/1294 2077/2231/1289
f 2082/2004/1295 2076/2238/1288 2075/2237/1292
f 2084/2239/1296 2078/2233/1290 2081/2240/1294
f 2085/2241/1297 2082/2242/1295 2078/2235/1290
f 2082/2004/1295 2083/2243/1298 2079/2244/1293
f 2086/2245/1299 2080/2246/1300 2083/2243/1298
f 2089/2247/1301 2084/2050/1296 2080/2248/1300
f 2085/2241/1297 2088/2249/1302 2082/2242/1295
f 2088/2249/1302 2083/2053/1298 2082/2242/1295
f 2089/2247/1301 2090/2250/1303 2087/2251/1304
f 2087/2252/1304 2091/2253/1305 2085/2254/1297
f 2091/2255/1305 2088/2249/1302 2085/2241/1297
f 2092/2066/1306 2086/2245/1299 2088/2117/1302
f 2092/2066/1306 2093/2256/1307 2086/2245/1299
f 2093/2076/1307 2097/2257/1308 2089/2247/1301
f 2097/2257/1308 2094/2258/1309 2089/2247/1301
f 2091/2255/1305 2099/2259/1310 2092/2260/1306
f 2099/2259/1310 2095/2261/1311 2092/2260/1306
f 2095/2262/1311 2096/2263/1312 2093/2264/1307
f 2101/2265/1313 2097/2257/1308 2096/2078/1312
f 2094/2266/1309 2103/2032/1314 2098/2267/1315
f 2104/2268/1316 2099/2259/1310 2098/2269/1315
f 2095/2262/1311 2100/2085/1317 2096/2263/1312
f 2105/2037/1318 2101/2092/1313 2100/2085/1317
f 2106/2270/1319 2102/2271/1320 2097/2257/1308
f 2099/2259/1310 2105/2089/1318 2100/2090/1317
f 2105/2037/1318 2106/2002/1319 2101/2092/1313
f 2109/2272/1321 2103/2032/1314 2102/2273/1320
f 2103/2032/1314 2107/2004/1322 2104/2274/1316
f 2110/2275/1323 2106/2002/1319 2108/2276/1324
f 2109/2272/1321 2112/2277/1325 2107/2004/1322
f 2112/2278/1325 2108/2103/1324 2107/2279/1322
f 2110/2110/1323 2115/2280/1326 2106/2270/1319
f 2106/2270/1319 2116/2115/1327 2111/2281/1328
f 2116/2282/1327 2112/2277/1325 2111/2283/1328
f 2117/2284/1329 2113/2285/1330 2112/2278/1325
f 2113/2286/1330 2114/2287/1331 2110/2275/1323
f 2115/2280/1326 2119/2288/1332 2116/2115/1327
f 2119/2289/1332 2112/2277/1325 2116/2282/1327
f 2120/2290/1333 2117/2284/1329 2112/2278/1325
f 2113/2286/1330 2118/2116/1334 2114/2287/1331
f 2121/2291/1335 2115/2292/1326 2118/2116/1334
f 2115/2280/1326 2123/2293/1336 2119/2288/1332
f 2117/2284/1329 2125/2294/1337 2118/2119/1334
f 2122/2295/1338 2127/2129/1339 2123/2293/1336
f 2123/2296/1336 2124/2297/1340 2120/2298/1333
f 2125/2299/1337 2126/2300/1341 2121/2291/1335
f 2126/2301/1341 2129/2302/1342 2122/2295/1338
f 2129/2302/1342 2127/2129/1339 2122/2295/1338
f 2130/2252/1343 2124/2297/1340 2127/2303/1339
f 2131/2304/1344 2125/2294/1337 2124/2305/1340
f 2125/2299/1337 2128/2306/1345 2126/2300/1341
f 2132/2307/1346 2129/2061/1342 2128/2306/1345
f 2129/2302/1342 2134/2138/1347 2130/2139/1343
f 2134/2308/1347 2131/2309/1344 2130/2252/1343
f 2131/2304/1344 2135/2310/1348 2128/2141/1345
f 2137/2193/1349 2131/2309/1344 2134/2308/1347
f 2141/2311/1350 2135/2310/1348 2131/2304/1344
f 2138/2312/1351 2133/2313/1352 2136/2148/1353
f 2133/2002/1352 2139/2149/1354 2137/2193/1349
f 2141/2314/1350 2136/2142/1353 2135/2315/1348
f 2143/2316/1355 2144/2317/1356 2139/2155/1354
f 2144/2318/1356 2140/2045/1357 2139/2149/1354
f 2140/2319/1357 2145/2320/1358 2141/2311/1350
f 2142/2321/1359 2138/2322/1351 2141/2314/1350
f 2146/2323/1360 2143/2324/1355 2142/2321/1359
f 2147/2325/1361 2144/2317/1356 2143/2316/1355
f 2144/2318/1356 2148/2326/1362 2140/2045/1357
f 2147/2325/1361 2150/2166/1363 2144/2317/1356
f 2150/2168/1363 2148/2326/1362 2144/2318/1356
f 2151/2327/1364 2145/2320/1358 2148/2171/1362
f 2149/2328/1365 2146/2323/1360 2145/2086/1358
f 2152/2329/1366 2147/2330/1361 2149/2331/1365
f 2147/2325/1361 2153/2332/1367 2150/2166/1363
f 2145/2320/1358 2154/2333/1368 2149/2334/1365
f 2156/2335/1369 2153/2332/1367 2152/2185/1366
f 2157/2336/1370 2151/2337/1364 2153/2182/1367
f 2158/2338/1371 2154/2333/1368 2151/2327/1364
f 2155/2339/1372 2152/2329/1366 2154/2066/1368
f 2049/2196/1263 2157/2183/1370 2153/2332/1367
f 2158/2338/1371 2052/2201/1270 2154/2333/1368
f 2052/2201/1270 2155/2340/1372 2154/2333/1368
f 2159/2341/1373 2049/2002/1263 2156/2342/1369
f 2050/2199/1266 2051/2198/1268 2158/2343/1371
f 2052/2201/1270 2048/2007/1264 2159/2191/1373
f 2165/2344/1374 2161/2002/1375 2160/2193/1376
f 2166/2345/1377 2164/2201/1378 2163/2202/1379
f 2166/2345/1377 2160/2007/1376 2164/2201/1378
f 2165/2346/1374 2169/2347/1380 2161/2348/1375
f 2169/2347/1380 2162/2349/1381 2161/2348/1375
f 2170/2350/1382 2166/2208/1377 2162/2351/1381
f 2172/2352/1383 2170/2206/1382 2169/2347/1380
f 2170/2350/1382 2174/2353/1384 2166/2208/1377
f 2176/2354/1385 2167/2355/1386 2166/2345/1377
f 2167/2356/1386 2171/2214/1387 2168/2204/1388
f 2175/2357/1389 2169/2021/1380 2171/2214/1387
f 2175/2221/1389 2172/2352/1383 2169/2347/1380
f 2174/2358/1384 2180/2359/1390 2176/2354/1385
f 2177/2036/1391 2172/2352/1383 2175/2221/1389
f 2173/2360/1392 2178/2361/1393 2174/2353/1384
f 2180/2086/1390 2175/2357/1389 2176/2027/1385
f 2181/2035/1394 2172/2352/1383 2177/2036/1391
f 2172/2352/1383 2182/2362/1395 2178/2363/1393
f 2179/2364/1396 2183/2365/1397 2180/2359/1390
f 2180/2086/1390 2181/2230/1394 2177/2223/1391
f 2184/2039/1398 2182/2362/1395 2181/2035/1394
f 2185/2087/1399 2179/2366/1396 2182/2079/1395
f 2186/2235/1400 2183/2365/1397 2179/2364/1396
f 2183/2237/1397 2184/2367/1398 2181/2230/1394
f 2184/2039/1398 2188/2368/1401 2182/2362/1395
f 2182/2362/1395 2189/2046/1402 2185/2231/1399
f 2190/2004/1403 2184/2367/1398 2183/2237/1397
f 2192/2239/1404 2186/2233/1400 2189/2240/1402
f 2193/2241/1405 2190/2242/1403 2186/2235/1400
f 2190/2004/1403 2191/2369/1406 2187/2370/1407
f 2194/2371/1408 2192/2050/1404 2188/2368/1401
f 2193/2241/1405 2196/2249/1409 2190/2242/1403
f 2196/2249/1409 2191/2053/1406 2190/2242/1403
f 2191/2369/1406 2198/2292/1410 2194/2061/1408
f 2194/2371/1408 2199/2250/1411 2195/2251/1412
f 2195/2252/1412 2200/2372/1413 2193/2254/1405
f 2200/2373/1413 2196/2249/1409 2193/2241/1405
f 2197/2374/1414 2191/2369/1406 2196/2117/1409
f 2201/2256/1415 2198/2292/1410 2197/2374/1414
f 2203/2375/1416 2200/2372/1413 2199/2376/1411
f 2201/2076/1415 2206/2257/1417 2198/2377/1410
f 2206/2257/1417 2202/2258/1418 2198/2377/1410
f 2203/2378/1416 2208/2259/1419 2200/2373/1413
f 2208/2259/1419 2204/2379/1420 2200/2373/1413
f 2204/2380/1420 2205/2381/1421 2201/2264/1415
f 2210/2265/1422 2206/2257/1417 2205/2078/1421
f 2202/2266/1418 2212/2032/1314 2207/2267/1423
f 2213/2268/1424 2208/2259/1419 2207/2269/1423
f 2209/2085/1425 2205/2381/1421 2204/2380/1420
f 2214/2037/1318 2210/2092/1422 2209/2085/1425
f 2215/2270/1426 2211/2271/1320 2206/2257/1417
f 2208/2259/1419 2214/2089/1318 2209/2090/1425
f 2214/2037/1318 2215/2002/1426 2210/2092/1422
f 2218/2272/1427 2212/2032/1314 2211/2273/1320
f 2212/2032/1314 2216/2004/1428 2213/2274/1424
f 2219/2382/1429 2215/2002/1426 2217/2276/1430
f 2218/2272/1427 2221/2383/1431 2216/2004/1428
f 2222/2384/1432 2217/2103/1430 2216/2279/1428
f 2219/2110/1429 2224/2280/1433 2215/2270/1426
f 2215/2270/1426 2225/2115/1434 2220/2281/1435
f 2225/2282/1434 2221/2383/1431 2220/2283/1435
f 2222/2058/1432 2223/2287/1436 2219/2382/1429
f 2224/2280/1433 2228/2288/1437 2225/2115/1434
f 2228/2289/1437 2221/2383/1431 2225/2282/1434
f 2229/2290/1438 2226/2385/1439 2221/2386/1431
f 2226/2117/1439 2227/2116/1440 2223/2287/1436
f 2230/2291/1441 2224/2292/1433 2227/2116/1440
f 2224/2280/1433 2232/2293/1442 2228/2288/1437
f 2226/2385/1439 2233/2387/1443 2227/2119/1440
f 2231/2295/1338 2235/2129/1444 2232/2293/1442
f 2232/2296/1442 2236/2297/1445 2229/2298/1438
f 2236/2129/1445 2233/2387/1443 2229/2290/1438
f 2233/2388/1443 2234/2300/1446 2230/2291/1441
f 2234/2301/1446 2239/2302/1447 2231/2295/1338
f 2239/2302/1447 2235/2129/1444 2231/2295/1338
f 2240/2252/1448 2236/2297/1445 2235/2303/1444
f 2236/2129/1445 2237/2389/1449 2233/2387/1443
f 2237/2390/1449 2238/2306/1450 2234/2300/1446
f 2242/2307/1451 2239/2061/1447 2238/2306/1450
f 2239/2302/1447 2243/2138/1452 2240/2139/1448
f 2243/2391/1452 2241/2309/1453 2240/2252/1448
f 2237/2389/1449 2244/2392/1454 2238/2141/1450
f 2247/2193/1455 2241/2309/1453 2243/2391/1452
f 2247/2393/1455 2244/2392/1454 2241/2394/1453
f 2249/2395/1456 2246/2396/1457 2245/2148/1458
f 2246/2002/1457 2250/2149/1459 2247/2193/1455
f 2247/2393/1455 2251/2397/1460 2244/2392/1454
f 2248/2398/1461 2245/2142/1458 2244/2399/1454
f 2249/2395/1456 2253/2317/1462 2250/2155/1459
f 2253/2318/1462 2251/2045/1460 2250/2149/1459
f 2251/2397/1460 2252/2163/1463 2248/2312/1461
f 2254/2323/1464 2249/2158/1456 2252/2400/1463
f 2255/2325/1465 2253/2317/1462 2249/2395/1456
f 2253/2318/1462 2256/2326/1466 2251/2045/1460
f 2257/2401/1467 2252/2163/1463 2251/2397/1460
f 2255/2325/1465 2259/2166/1363 2253/2317/1462
f 2259/2168/1363 2256/2326/1466 2253/2318/1462
f 2260/2327/1468 2257/2401/1467 2256/2171/1466
f 2258/2402/1469 2254/2323/1464 2257/2086/1467
f 2261/2329/1470 2255/2330/1465 2258/2403/1469
f 2255/2325/1465 2262/2332/1471 2259/2166/1363
f 2257/2401/1467 2263/2333/1472 2258/2334/1469
f 2265/2335/1473 2262/2332/1471 2261/2185/1470
f 2266/2404/1474 2260/2337/1468 2262/2182/1471
f 2267/2338/1475 2263/2333/1472 2260/2327/1468
f 2264/2339/1372 2261/2329/1470 2263/2066/1472
f 2161/2348/1375 2266/2405/1474 2262/2332/1471
f 2267/2338/1475 2164/2201/1378 2263/2333/1472
f 2164/2201/1378 2264/2340/1372 2263/2333/1472
f 2268/2341/1476 2161/2002/1375 2265/2342/1473
f 2266/2404/1474 2163/2198/1379 2267/2343/1475
f 2164/2201/1378 2160/2007/1376 2268/2191/1476
f 2465/2719/1594 2466/2720/1595 2464/2721/1596
f 2465/2719/1594 2467/2722/1597 2466/2720/1595
f 2468/2723/1598 2469/2724/1599 2467/2725/1597
f 2470/2726/1600 2472/2727/1601 2469/2724/1599
f 2471/2728/1602 2473/2729/1603 2472/2727/1601
f 2474/2730/1604 2462/2731/1605 2473/2732/1603
f 2474/2733/1604 2470/2734/1600 2465/2735/1594
f 2475/2736/1606 2464/2721/1596 2462/2731/1605
f 2472/2737/1601 2462/2738/1605 2466/2739/1595
f 2585/2891/1709 2582/2892/1710 2644/2893/1711
f 2583/2894/1712 2586/2895/1713 2646/2896/1714
f 2586/2897/1713 2584/2898/1715 2646/2899/1714
f 2587/2900/1716 2581/2901/1717 2584/2902/1715
f 2591/2903/1718 2588/2904/1719 2582/2892/1710
f 2589/2905/1720 2585/2906/1709 2587/2900/1716
f 2591/2903/1718 2592/2907/1721 2588/2904/1719
f 2592/2908/1721 2590/2909/1722 2588/2910/1719
f 2593/2911/1723 2594/2912/1724 2591/2913/1718
f 2594/2914/1724 2592/2907/1721 2591/2903/1718
f 2595/2915/1725 2590/2909/1722 2592/2908/1721
f 2598/2916/1726 2596/2917/1727 2590/2918/1722
f 2597/2919/1728 2593/2911/1723 2596/2920/1727
f 2594/2914/1724 2600/2921/1729 2595/2922/1725
f 2601/2923/1730 2594/2912/1724 2597/2919/1728
f 2602/2924/1731 2596/2917/1727 2598/2916/1726
f 2596/2917/1727 2603/2925/1732 2597/2926/1728
f 2599/2927/1733 2605/2928/1734 2600/2921/1729
f 2605/2929/1734 2602/2930/1731 2600/2931/1729
f 2601/2923/1730 2604/2932/1735 2599/2933/1733
f 2607/2934/1736 2608/2935/1737 2603/2925/1732
f 2608/2936/1737 2606/2937/1738 2603/2938/1732
f 2604/2939/1735 2611/2940/1739 2605/2928/1734
f 2611/2941/1739 2607/2942/1736 2605/2943/1734
f 2612/2944/1740 2608/2935/1737 2607/2934/1736
f 2608/2945/1737 2609/2946/1741 2606/2947/1738
f 2613/2948/1742 2609/2949/1741 2608/2935/1737
f 2611/2941/1739 2616/2950/1743 2612/2951/1740
f 2616/2952/1743 2613/2948/1742 2612/2944/1740
f 2613/2953/1742 2614/2954/1744 2609/2946/1741
f 2618/2955/1745 2616/2950/1743 2611/2941/1739
f 2616/2952/1743 2620/2956/1746 2613/2948/1742
f 2620/2956/1746 2617/2957/1747 2613/2948/1742
f 2615/2958/1748 2622/2959/1749 2618/2960/1745
f 2622/2961/1749 2619/2962/1750 2618/2955/1745
f 2623/2963/1751 2620/2956/1746 2619/2964/1750
f 2620/2965/1746 2621/2966/1752 2617/2967/1747
f 2624/2968/1753 2621/2966/1752 2620/2965/1746
f 2628/2969/1754 2629/2970/1755 2626/2971/1756
f 2629/2970/1755 2622/2959/1749 2626/2971/1756
f 2623/2963/1751 2632/2972/1757 2624/2973/1753
f 2632/2972/1757 2625/2974/1758 2624/2973/1753
f 2631/2975/1759 2630/2976/1760 2627/2977/1761
f 2632/2978/1757 2628/2979/1754 2625/2980/1758
f 2634/2981/1762 2632/2972/1757 2630/2982/1760
f 2633/2983/1763 2628/2979/1754 2632/2978/1757
f 2633/2983/1763 2635/2984/1764 2629/2985/1755
f 2635/2986/1764 2631/2987/1759 2629/2970/1755
f 2637/2988/1765 2635/2984/1764 2633/2983/1763
f 2640/2989/1766 2636/2990/1767 2637/2991/1765
f 2640/2989/1766 2645/2992/1768 2636/2990/1767
f 2641/2993/1769 2642/2994/1770 2638/2995/1771
f 2643/2996/1772 2640/2997/1766 2639/2936/1773
f 2646/2896/1714 2642/2994/1770 2641/2993/1769
f 2645/2992/1768 2583/2998/1712 2641/2999/1769
f 2583/2894/1712 2646/2896/1714 2641/2993/1769
f 2646/2899/1714 2643/3000/1772 2642/3001/1770
f 2751/3152/1847 2734/3153/1848 2752/3154/1849
f 2738/3155/1850 2739/3156/1851 2736/3157/1852
f 2738/3155/1850 2740/3158/1853 2739/3156/1851
f 2741/3159/1854 2742/3160/1855 2740/3161/1853
f 2743/3162/1856 2744/3163/1857 2742/3160/1855
f 2745/3164/1858 2746/3165/1859 2744/3163/1857
f 2747/3166/1860 2748/3167/1861 2746/3165/1859
f 2749/3168/1862 2750/3169/1863 2748/3167/1861
f 2751/3152/1847 2752/3154/1849 2750/3170/1863
f 2735/3171/1864 2736/3157/1852 2734/3153/1848
f 2741/3172/1854 2738/3173/1850 2737/3174/1865
f 2744/3175/1857 2746/3176/1859 2752/3177/1849
s 0
f 3515/4184/1496 3510/4185/1496 3514/4186/1496
f 3517/4187/2222 3514/4188/2222 3516/4189/2222
f 3513/4190/2223 3515/4191/2223 3517/4192/2223
f 3511/4193/2224 3512/4194/2224 3510/4195/2224
f 3513/4196/1500 3516/4197/1500 3512/4198/1500
f 3516/4199/2225 3510/4200/2225 3512/4201/2225
f 3539/4184/1496 3534/4185/1496 3538/4186/1496
f 3541/4187/2222 3538/4188/2222 3540/4233/2222
f 3537/4234/2223 3539/4191/2223 3541/4192/2223
f 3535/4193/2224 3536/4194/2224 3534/4195/2224
f 3537/4196/1500 3540/4235/1500 3536/4198/1500
f 3540/4236/2225 3534/4200/2225 3536/4201/2225
s 1
f 1939/2000/1155 1943/5199/2651 1944/2001/1156
f 1945/2016/1158 1946/2006/1161 1942/2008/1159
f 1946/2006/1161 1943/2346/2651 1939/2007/1155
f 1940/2011/1157 1947/2010/1162 1948/2012/1163
f 1945/2003/1158 1948/2014/1163 1949/2024/1164
f 1946/2018/1161 1944/2001/1156 1943/5199/2651
f 1950/2019/1166 1947/2021/1162 1944/2001/1156
f 1955/2017/1165 1950/2222/1166 1946/2006/1161
f 1951/2221/1167 1952/2022/1168 1947/2010/1162
f 1952/2022/1168 1953/2031/1169 1948/2012/1163
f 1953/2023/1169 1954/2033/1170 1949/2024/1164
f 1949/2015/1164 1954/2025/1170 1955/2017/1165
f 1950/2019/1166 1955/2027/1165 1951/2020/1167
f 1956/2028/1172 1952/2021/1168 1951/2020/1167
f 1955/2017/1165 1957/2026/1171 1956/2036/1172
f 1958/2029/1173 1959/2038/1174 1952/2021/1168
f 1959/2030/1174 1960/2041/1180 1953/2031/1169
f 1953/2023/1169 1960/2043/1180 1961/2032/1175
f 1961/2032/1175 1962/2045/1176 1954/2033/1170
f 1962/2034/1176 1964/2047/1182 1957/2026/1171
f 1957/2026/1171 1964/2047/1182 1963/2039/1177
f 1963/2037/1177 1965/2049/1184 1966/2002/1178
f 1959/2030/1174 1966/2055/1178 1967/2040/1179
f 1967/2042/1179 1968/2044/1181 1961/2032/1175
f 1964/2047/1182 1965/2052/1184 1963/2039/1177
f 1967/2042/1179 1970/2057/1185 1968/2044/1181
f 1970/2050/1185 1971/2051/1186 1964/2047/1182
f 1971/2058/1186 1969/2048/1183 1965/2049/1184
f 1969/2048/1183 1972/2059/1189 1973/2061/1187
f 1973/2054/1187 1974/5200/1188 1967/2040/1179
f 1970/2057/1185 1974/2056/1188 1975/2065/1193
f 1970/2050/1185 1975/5201/1193 1971/2051/1186
f 1976/5202/1190 1979/2073/1196 1973/2054/1187
f 1973/2054/1187 1979/2073/1196 1974/5200/1188
f 1975/5201/1193 1977/2062/1191 1971/2051/1186
f 1977/2066/1191 1976/2060/1190 1972/2059/1189
f 1978/2067/1194 1979/2330/1196 1976/2060/1190
f 1979/2073/1196 1980/2072/1198 1974/5200/1188
f 1974/2056/1188 1980/5203/1198 1981/2064/1192
f 1981/2064/1192 1982/5204/1199 1975/2065/1193
f 1975/5201/1193 1982/2074/1199 1977/2062/1191
f 1979/2073/1196 1983/2078/1195 1984/2071/1197
f 1978/2070/1194 1985/2086/1200 1983/2068/1195
f 1983/2068/1195 1986/2085/1203 1987/2092/1201
f 1984/2079/1197 1988/2082/1202 1981/2080/1192
f 1986/2085/1203 1989/2093/1206 1987/2092/1201
f 1987/2077/1201 1990/2098/1211 1984/2071/1197
f 1990/2098/1211 1991/5205/1204 1984/2071/1197
f 1991/2087/1204 1992/2095/1205 1988/2082/1202
f 1985/2075/1200 1992/2088/1205 1989/2089/1206
f 1993/2091/1207 1994/2105/1209 1987/2092/1201
f 1987/2077/1201 1994/2096/1209 1990/2098/1211
f 1990/2098/1211 1995/2097/1210 1991/5205/1204
f 1995/2099/1210 1996/2094/1208 1991/2087/1204
f 1992/2088/1205 1993/2103/1207 1989/2089/1206
f 1993/2091/1207 1997/2106/1215 1994/2105/1209
f 1998/2100/1212 1999/5206/1213 1996/2094/1208
f 1999/2102/1213 1997/2110/1215 1993/2103/1207
f 1994/2096/1209 2000/2112/1214 2001/2107/1216
f 1998/2115/1212 2002/2109/1217 1999/2102/1213
f 1997/2106/1215 2002/2117/1217 2000/2104/1214
f 2000/2104/1214 2003/2116/1221 2004/2122/1218
f 2001/2108/1216 2005/2126/1225 2006/2113/1219
f 2006/2113/1219 2007/2128/1220 1998/2100/1212
f 2003/2116/1221 2008/2120/1222 2004/2122/1218
f 2004/2111/1218 2011/2123/1223 2001/2107/1216
f 2001/2107/1216 2011/2123/1223 2005/2114/1225
f 2007/2114/1220 2009/2130/1227 2002/2109/1217
f 2002/2109/1217 2009/2130/1227 2008/2118/1222
f 2008/2120/1222 2010/2132/1229 2011/2121/1223
f 2012/2125/1224 2013/2127/1226 2006/2113/1219
f 2009/2130/1227 2010/2301/1229 2008/2118/1222
f 2014/2131/1228 2015/2061/1230 2011/2121/1223
f 2013/2129/1226 2016/2139/1231 2009/2130/1227
f 2009/2130/1227 2014/2141/1228 2010/2301/1229
f 2017/2135/1232 2018/2143/1236 2015/2061/1230
f 2015/2133/1230 2018/2147/1236 2022/2136/1233
f 2012/2125/1224 2022/2151/1233 2019/2137/1234
f 2019/2138/1234 2020/2145/1238 2009/2130/1227
f 2009/2130/1227 2020/2145/1238 2017/2140/1232
f 2022/2151/1233 2023/2150/1237 2019/2137/1234
f 2020/2004/1238 2021/2142/1235 2017/2135/1232
f 2021/2142/1235 2024/2153/1242 2025/2158/1239
f 2025/2146/1239 2026/2155/1240 2022/2136/1233
f 2027/2152/1241 2024/2312/1242 2020/2145/1238
f 2024/2153/1242 2028/2159/1246 2025/2158/1239
f 2029/2167/1243 2030/2156/1244 2026/2149/1240
f 2023/2144/1237 2030/2161/1244 2027/2152/1241
f 2027/2152/1241 2028/2163/1246 2024/2312/1242
f 2025/2146/1239 2031/2165/1245 2032/2160/1247
f 2029/2167/1243 2033/2169/1251 2030/2156/1244
f 2030/2161/1244 2033/2171/1251 2038/2162/1248
f 2038/2162/1248 2034/2165/1256 2028/2163/1246
f 2034/5207/1256 2031/2157/1245 2028/2159/1246
f 2034/5207/1256 2035/2069/1249 2031/2157/1245
f 2033/2169/1251 2036/2168/1250 2037/5208/1252
f 2034/2177/1256 2039/2176/1255 2035/2180/1249
f 2035/2164/1249 2040/2172/1253 2032/2160/1247
f 2040/2182/1253 2041/2173/1254 2036/2175/1250
f 2037/2170/1252 2039/2185/1255 2038/2162/1248
f 2039/2176/1255 2042/2339/2652 2043/2179/1257
f 2035/2164/1249 2043/2186/1257 2040/2172/1253
f 2044/2181/1258 2045/2189/1259 2041/2173/1254
f 2045/2183/1259 1942/2008/1159 2037/2170/1252
f 1942/2008/1159 2042/2340/2652 2039/2185/1255
f 2042/2339/2652 2046/2190/1261 2043/2179/1257
f 2045/2183/1259 2047/5209/1260 1942/2008/1159
f 1942/2008/1159 2046/2191/1261 2042/2340/2652
f 2046/2190/1261 1939/2000/1155 1940/2002/1157
f 1940/2011/1157 1941/2013/1160 2044/2187/1258
f 1941/2005/1160 1942/2004/1159 2047/2188/1260
f 2053/2192/1262 2054/2205/1265 2049/2002/1263
f 2054/2194/1265 2055/2016/1267 2050/2195/1266
f 2055/2197/1267 2056/2208/1269 2051/2198/1268
f 2056/2200/1269 2057/2203/1271 2052/2201/1270
f 2057/2203/1271 2053/2346/1262 2048/2007/1264
f 2054/2194/1265 2058/2211/1272 2059/2210/1275
f 2054/2194/1265 2059/2210/1275 2060/2206/1273
f 2057/2018/1271 2058/2204/1272 2053/2192/1262
f 2061/2214/1277 2062/2216/1274 2058/2204/1272
f 2059/2210/1275 2063/2218/1280 2060/2206/1273
f 2060/2207/1273 2063/2220/1280 2064/2212/1276
f 2064/2213/1276 2061/2222/1277 2057/2203/1271
f 2062/2209/1274 2066/2217/1279 2059/2210/1275
f 2066/2224/1279 2067/2219/1281 2063/2220/1280
f 2066/2224/1279 2069/2232/1287 2070/2225/1283
f 2070/2225/1283 2071/2234/1291 2067/2219/1281
f 2067/2226/1281 2071/2229/1291 2072/2227/1284
f 2072/2086/1284 2068/2223/1282 2065/2215/1278
f 2073/2035/1285 2074/2228/1286 2066/2217/1279
f 2071/2229/1291 2075/2236/1292 2072/2227/1284
f 2072/2086/1284 2075/2237/1292 2073/2230/1285
f 2070/2225/1283 2077/2087/1289 2078/2233/1290
f 2079/2052/1293 2080/2248/1300 2074/2228/1286
f 2074/2228/1286 2080/2248/1300 2081/2046/1294
f 2077/2087/1289 2081/2240/1294 2078/2233/1290
f 2078/2235/1290 2082/2242/1295 2075/2236/1292
f 2082/2004/1295 2079/2244/1293 2076/2238/1288
f 2083/2243/1298 2080/2246/1300 2079/2244/1293
f 2080/2248/1300 2084/2050/1296 2081/2046/1294
f 2084/2239/1296 2085/2254/1297 2078/2233/1290
f 2086/2245/1299 2089/2061/1301 2080/2246/1300
f 2089/2247/1301 2087/2251/1304 2084/2050/1296
f 2084/2239/1296 2087/2252/1304 2085/2254/1297
f 2088/2117/1302 2086/2245/1299 2083/2243/1298
f 2087/2252/1304 2090/2376/1303 2091/2253/1305
f 2091/2255/1305 2092/2260/1306 2088/2249/1302
f 2086/5202/1299 2093/2076/1307 2089/2247/1301
f 2089/2247/1301 2094/2258/1309 2090/2250/1303
f 2094/5203/1309 2091/2253/1305 2090/2376/1303
f 2092/2066/1306 2095/2178/1311 2093/2256/1307
f 2093/2076/1307 2096/2078/1312 2097/2257/1308
f 2094/2266/1309 2098/2267/1315 2091/5210/1305
f 2091/2255/1305 2098/2269/1315 2099/2259/1310
f 2100/2085/1317 2101/2092/1313 2096/2263/1312
f 2097/2257/1308 2102/2271/1320 2094/2258/1309
f 2094/2266/1309 2102/2273/1320 2103/2032/1314
f 2103/2032/1314 2104/2274/1316 2098/2267/1315
f 2099/2259/1310 2100/2090/1317 2095/2261/1311
f 2101/2265/1313 2106/2270/1319 2097/2257/1308
f 2104/2268/1316 2107/2279/1322 2099/2259/1310
f 2099/2259/1310 2107/2279/1322 2105/2089/1318
f 2105/2037/1318 2108/2276/1324 2106/2002/1319
f 2106/2270/1319 2109/2101/1321 2102/2271/1320
f 2103/2032/1314 2109/2272/1321 2107/2004/1322
f 2107/2279/1322 2108/2103/1324 2105/2089/1318
f 2106/2270/1319 2111/2281/1328 2109/2101/1321
f 2109/2272/1321 2111/2283/1328 2112/2277/1325
f 2112/2278/1325 2113/2285/1330 2108/2103/1324
f 2113/2286/1330 2110/2275/1323 2108/2276/1324
f 2110/2110/1323 2114/2112/1331 2115/2280/1326
f 2106/2270/1319 2115/2280/1326 2116/2115/1327
f 2118/2116/1334 2115/2292/1326 2114/2287/1331
f 2119/2289/1332 2120/2298/1333 2112/2277/1325
f 2117/2284/1329 2118/2119/1334 2113/2285/1330
f 2121/2118/1335 2122/2295/1338 2115/2280/1326
f 2115/2280/1326 2122/2295/1338 2123/2293/1336
f 2119/2289/1332 2123/2296/1336 2120/2298/1333
f 2120/2290/1333 2124/2305/1340 2117/2284/1329
f 2117/2284/1329 2124/2305/1340 2125/2294/1337
f 2118/2116/1334 2125/2299/1337 2121/2291/1335
f 2121/2118/1335 2126/2301/1341 2122/2295/1338
f 2123/2296/1336 2127/2303/1339 2124/2297/1340
f 2128/2306/1345 2129/2061/1342 2126/2300/1341
f 2129/2302/1342 2130/2139/1343 2127/2129/1339
f 2130/2252/1343 2131/2309/1344 2124/2297/1340
f 2131/2304/1344 2128/2141/1345 2125/2294/1337
f 2132/2140/1346 2133/2313/1352 2129/2302/1342
f 2129/2302/1342 2133/2313/1352 2134/2138/1347
f 2128/2306/1345 2135/2315/1348 2132/2307/1346
f 2132/2140/1346 2136/2148/1353 2133/2313/1352
f 2133/2002/1352 2137/2193/1349 2134/2308/1347
f 2137/2393/1349 2141/2311/1350 2131/2304/1344
f 2135/2315/1348 2136/2142/1353 2132/2307/1346
f 2138/2312/1351 2143/2316/1355 2133/2313/1352
f 2143/2316/1355 2139/2155/1354 2133/2313/1352
f 2139/2149/1354 2140/2045/1357 2137/2193/1349
f 2137/2393/1349 2140/2319/1357 2141/2311/1350
f 2141/2314/1350 2138/2322/1351 2136/2142/1353
f 2138/2322/1351 2142/2321/1359 2143/2324/1355
f 2145/2320/1358 2142/2163/1359 2141/2311/1350
f 2143/2316/1355 2146/2165/1360 2147/2325/1361
f 2140/2319/1357 2148/2171/1362 2145/2320/1358
f 2145/2086/1358 2146/2323/1360 2142/2321/1359
f 2146/2323/1360 2149/2328/1365 2147/2069/1361
f 2148/2326/1362 2150/2168/1363 2151/5208/1364
f 2152/2185/1366 2153/2332/1367 2147/2325/1361
f 2153/2182/1367 2151/2337/1364 2150/2175/1363
f 2151/2327/1364 2154/2333/1368 2145/2320/1358
f 2154/2066/1368 2152/2329/1366 2149/2331/1365
f 2152/2329/1366 2155/2339/1372 2156/2342/1369
f 2157/2336/1370 2158/2343/1371 2151/2337/1364
f 2155/2339/1372 2159/2341/1373 2156/2342/1369
f 2156/2335/1369 2049/2196/1263 2153/2332/1367
f 2049/2196/1263 2050/2195/1266 2157/2183/1370
f 2050/2199/1266 2158/2343/1371 2157/2336/1370
f 2052/2201/1270 2159/2191/1373 2155/2340/1372
f 2159/2341/1373 2048/2193/1264 2049/2002/1263
f 2158/2338/1371 2051/2202/1268 2052/2201/1270
f 2162/2351/1381 2166/2208/1377 2163/2198/1379
f 2166/2345/1377 2167/2355/1386 2160/2007/1376
f 2167/2356/1386 2165/2344/1374 2160/2193/1376
f 2165/2346/1374 2168/2211/1388 2169/2347/1380
f 2169/2347/1380 2170/2206/1382 2162/2349/1381
f 2167/2356/1386 2168/2204/1388 2165/2344/1374
f 2171/2214/1387 2169/2021/1380 2168/2204/1388
f 2172/2352/1383 2173/5211/1392 2170/2206/1382
f 2170/2350/1382 2173/2360/1392 2174/2353/1384
f 2166/2345/1377 2174/2358/1384 2176/2354/1385
f 2176/2354/1385 2171/2222/1387 2167/2355/1386
f 2171/2214/1387 2176/2027/1385 2175/2357/1389
f 2172/2352/1383 2178/2363/1393 2173/5211/1392
f 2178/2361/1393 2179/2366/1396 2174/2353/1384
f 2174/2358/1384 2179/2364/1396 2180/2359/1390
f 2180/2086/1390 2177/2223/1391 2175/2357/1389
f 2181/2035/1394 2182/2362/1395 2172/2352/1383
f 2182/2079/1395 2179/2366/1396 2178/2361/1393
f 2180/2086/1390 2183/2237/1397 2181/2230/1394
f 2179/2366/1396 2185/2087/1399 2186/2233/1400
f 2184/2039/1398 2187/2052/1407 2188/2368/1401
f 2182/2362/1395 2188/2368/1401 2189/2046/1402
f 2185/2087/1399 2189/2240/1402 2186/2233/1400
f 2186/2235/1400 2190/2242/1403 2183/2365/1397
f 2190/2004/1403 2187/2370/1407 2184/2367/1398
f 2191/2369/1406 2188/2246/1401 2187/2370/1407
f 2188/2368/1401 2192/2050/1404 2189/2046/1402
f 2192/2239/1404 2193/2254/1405 2186/2233/1400
f 2191/2369/1406 2194/2061/1408 2188/2246/1401
f 2194/2371/1408 2195/2251/1412 2192/2050/1404
f 2192/2239/1404 2195/2252/1412 2193/2254/1405
f 2191/2369/1406 2197/2374/1414 2198/2292/1410
f 2194/2371/1408 2198/2377/1410 2199/2250/1411
f 2195/2252/1412 2199/2376/1411 2200/2372/1413
f 2200/2373/1413 2197/5202/1414 2196/2249/1409
f 2198/2377/1410 2202/2258/1418 2199/2250/1411
f 2202/5203/1418 2203/2375/1416 2199/2376/1411
f 2200/2373/1413 2204/2379/1420 2197/5202/1414
f 2197/2374/1414 2204/2178/1420 2201/2256/1415
f 2201/2076/1415 2205/2078/1421 2206/2257/1417
f 2202/2266/1418 2207/2267/1423 2203/5210/1416
f 2203/2378/1416 2207/2269/1423 2208/2259/1419
f 2209/2085/1425 2210/2092/1422 2205/2381/1421
f 2206/2257/1417 2211/2271/1320 2202/2258/1418
f 2202/2266/1418 2211/2273/1320 2212/2032/1314
f 2212/2032/1314 2213/2274/1424 2207/2267/1423
f 2208/2259/1419 2209/2090/1425 2204/2379/1420
f 2210/2265/1422 2215/2270/1426 2206/2257/1417
f 2213/2268/1424 2216/2279/1428 2208/2259/1419
f 2208/2259/1419 2216/2279/1428 2214/2089/1318
f 2214/2037/1318 2217/2276/1430 2215/2002/1426
f 2215/2270/1426 2218/2101/1427 2211/2271/1320
f 2212/2032/1314 2218/2272/1427 2216/2004/1428
f 2216/2279/1428 2217/2103/1430 2214/2089/1318
f 2215/2270/1426 2220/2281/1435 2218/2101/1427
f 2218/2272/1427 2220/2283/1435 2221/2383/1431
f 2216/2279/1428 2221/2386/1431 2222/2384/1432
f 2217/2276/1430 2222/2058/1432 2219/2382/1429
f 2219/2110/1429 2223/2112/1436 2224/2280/1433
f 2215/2270/1426 2224/2280/1433 2225/2115/1434
f 2221/2386/1431 2226/2385/1439 2222/2384/1432
f 2222/2058/1432 2226/2117/1439 2223/2287/1436
f 2227/2116/1440 2224/2292/1433 2223/2287/1436
f 2228/2289/1437 2229/2298/1438 2221/2383/1431
f 2230/2118/1441 2231/2295/1338 2224/2280/1433
f 2224/2280/1433 2231/2295/1338 2232/2293/1442
f 2228/2289/1437 2232/2296/1442 2229/2298/1438
f 2229/2290/1438 2233/2387/1443 2226/2385/1439
f 2227/2116/1440 2233/2388/1443 2230/2291/1441
f 2230/2118/1441 2234/2301/1446 2231/2295/1338
f 2232/2296/1442 2235/2303/1444 2236/2297/1445
f 2233/2388/1443 2237/2390/1449 2234/2300/1446
f 2238/2306/1450 2239/2061/1447 2234/2300/1446
f 2239/2302/1447 2240/2139/1448 2235/2129/1444
f 2240/2252/1448 2241/2309/1453 2236/2297/1445
f 2236/2129/1445 2241/2394/1453 2237/2389/1449
f 2242/2140/1451 2246/2396/1457 2239/2302/1447
f 2239/2302/1447 2246/2396/1457 2243/2138/1452
f 2241/2394/1453 2244/2392/1454 2237/2389/1449
f 2238/2306/1450 2244/2399/1454 2242/2307/1451
f 2242/2140/1451 2245/2148/1458 2246/2396/1457
f 2246/2002/1457 2247/2193/1455 2243/2391/1452
f 2244/2399/1454 2245/2142/1458 2242/2307/1451
f 2245/2142/1458 2248/2398/1461 2249/2158/1456
f 2249/2395/1456 2250/2155/1459 2246/2396/1457
f 2250/2149/1459 2251/2045/1460 2247/2193/1455
f 2251/2397/1460 2248/2312/1461 2244/2392/1454
f 2248/2398/1461 2252/2400/1463 2249/2158/1456
f 2249/2395/1456 2254/2165/1464 2255/2325/1465
f 2251/2397/1460 2256/2171/1466 2257/2401/1467
f 2257/2086/1467 2254/2323/1464 2252/2400/1463
f 2254/2323/1464 2258/2402/1469 2255/2069/1465
f 2256/2326/1466 2259/2168/1363 2260/5208/1468
f 2261/2185/1470 2262/2332/1471 2255/2325/1465
f 2262/2182/1471 2260/2337/1468 2259/2175/1363
f 2260/2327/1468 2263/2333/1472 2257/2401/1467
f 2263/2066/1472 2261/2329/1470 2258/2403/1469
f 2261/2329/1470 2264/2339/1372 2265/2342/1473
f 2266/2404/1474 2267/2343/1475 2260/2337/1468
f 2264/2339/1372 2268/2341/1476 2265/2342/1473
f 2265/2335/1473 2161/2348/1375 2262/2332/1471
f 2164/2201/1378 2268/2191/1476 2264/2340/1372
f 2268/2341/1476 2160/2193/1376 2161/2002/1375
f 2161/2348/1375 2162/2349/1381 2266/2405/1474
f 2266/2404/1474 2162/2351/1381 2163/2198/1379
f 2267/2338/1475 2163/2202/1379 2164/2201/1378
f 2465/2719/1594 2468/5329/1598 2467/2722/1597
f 2468/2723/1598 2470/2726/1600 2469/2724/1599
f 2470/2726/1600 2471/2728/1602 2472/2727/1601
f 2471/2728/1602 2474/5330/1604 2473/2729/1603
f 2474/2730/1604 2475/2736/1606 2462/2731/1605
f 2463/5331/2695 2465/2719/1594 2464/2721/1596
f 2465/2735/1594 2463/5332/2695 2474/2733/1604
f 2463/5332/2695 2475/5333/1606 2474/2733/1604
f 2474/2733/1604 2471/5334/1602 2470/2734/1600
f 2470/2734/1600 2468/5335/1598 2465/2735/1594
f 2475/2736/1606 2463/5331/2695 2464/2721/1596
f 2467/5336/1597 2469/5337/1599 2472/2737/1601
f 2472/2737/1601 2473/5338/1603 2462/2738/1605
f 2462/2738/1605 2464/5339/1596 2466/2739/1595
f 2466/2739/1595 2467/5336/1597 2472/2737/1601
f 2581/2901/1717 2585/2906/1709 2644/5356/1711
f 2586/2897/1713 2587/5357/1716 2584/2898/1715
f 2582/2892/1710 2588/2904/1719 2583/2998/1712
f 2583/2894/1712 2588/2910/1719 2586/2895/1713
f 2587/2900/1716 2585/2906/1709 2581/2901/1717
f 2585/2891/1709 2591/2903/1718 2582/2892/1710
f 2588/2910/1719 2590/2909/1722 2586/2895/1713
f 2586/2897/1713 2590/2918/1722 2587/5357/1716
f 2589/2905/1720 2591/2913/1718 2585/2906/1709
f 2590/2918/1722 2596/2917/1727 2587/5357/1716
f 2587/5357/1716 2596/2917/1727 2589/5358/1720
f 2589/2905/1720 2593/2911/1723 2591/2913/1718
f 2596/2920/1727 2593/2911/1723 2589/2905/1720
f 2594/2914/1724 2595/2922/1725 2592/2907/1721
f 2593/2911/1723 2597/2919/1728 2594/2912/1724
f 2595/2915/1725 2598/5359/1726 2590/2909/1722
f 2594/2914/1724 2599/2927/1733 2600/2921/1729
f 2600/2931/1729 2598/5359/1726 2595/2915/1725
f 2601/2923/1730 2599/2933/1733 2594/2912/1724
f 2600/2931/1729 2602/2930/1731 2598/5359/1726
f 2602/2924/1731 2603/2925/1732 2596/2917/1727
f 2603/2938/1732 2601/2923/1730 2597/2919/1728
f 2599/2927/1733 2604/2939/1735 2605/2928/1734
f 2601/2923/1730 2606/2937/1738 2604/2932/1735
f 2605/2929/1734 2607/5360/1736 2602/2930/1731
f 2602/2924/1731 2607/2934/1736 2603/2925/1732
f 2603/2938/1732 2606/2937/1738 2601/2923/1730
f 2606/5361/1738 2610/5362/2699 2604/2939/1735
f 2604/2939/1735 2610/5362/2699 2611/2940/1739
f 2611/2941/1739 2612/2951/1740 2607/2942/1736
f 2609/2946/1741 2610/5363/2699 2606/2947/1738
f 2612/2944/1740 2613/2948/1742 2608/2935/1737
f 2609/2946/1741 2614/2954/1744 2610/5363/2699
f 2610/5362/2699 2614/5364/1744 2615/2958/1748
f 2610/5362/2699 2615/2958/1748 2611/2940/1739
f 2613/2953/1742 2617/2967/1747 2614/2954/1744
f 2614/2954/1744 2617/2967/1747 2615/5365/1748
f 2615/2958/1748 2618/2960/1745 2611/2940/1739
f 2616/2950/1743 2618/2955/1745 2619/2962/1750
f 2616/2952/1743 2619/2964/1750 2620/2956/1746
f 2617/2967/1747 2621/2966/1752 2615/5365/1748
f 2621/5366/1752 2626/2971/1756 2615/2958/1748
f 2615/2958/1748 2626/2971/1756 2622/2959/1749
f 2622/2961/1749 2623/5367/1751 2619/2962/1750
f 2623/2963/1751 2624/2973/1753 2620/2956/1746
f 2621/2966/1752 2625/2980/1758 2626/5368/1756
f 2624/2968/1753 2625/2980/1758 2621/2966/1752
f 2625/2980/1758 2628/2979/1754 2626/5368/1756
f 2622/2961/1749 2627/2977/1761 2623/5367/1751
f 2629/2970/1755 2627/5369/1761 2622/2959/1749
f 2627/2977/1761 2630/2976/1760 2623/5367/1751
f 2623/2963/1751 2630/2982/1760 2632/2972/1757
f 2629/2970/1755 2631/2987/1759 2627/5369/1761
f 2628/2979/1754 2633/2983/1763 2629/2985/1755
f 2631/2975/1759 2634/5370/1762 2630/2976/1760
f 2635/2986/1764 2636/2990/1767 2631/2987/1759
f 2631/2975/1759 2636/5371/1767 2634/5370/1762
f 2634/2981/1762 2639/5372/1773 2632/2972/1757
f 2632/2972/1757 2639/5372/1773 2633/5373/1763
f 2634/2981/1762 2638/5374/1771 2639/5372/1773
f 2639/5375/1773 2637/2988/1765 2633/2983/1763
f 2637/2991/1765 2636/2990/1767 2635/2986/1764
f 2636/5371/1767 2638/5376/1771 2634/5370/1762
f 2636/5371/1767 2641/5377/1769 2638/5376/1771
f 2638/5374/1771 2643/3000/1772 2639/5372/1773
f 2639/5375/1773 2640/5378/1766 2637/2988/1765
f 2645/2992/1768 2641/2999/1769 2636/2990/1767
f 2638/5374/1771 2642/3001/1770 2643/3000/1772
f 2640/2997/1766 2644/5356/1711 2645/5379/1768
f 2643/2996/1772 2644/5356/1711 2640/2997/1766
f 2645/2992/1768 2644/2893/1711 2582/2892/1710
f 2645/2992/1768 2582/2892/1710 2583/2998/1712
f 2646/2899/1714 2584/2898/1715 2643/3000/1772
f 2643/2996/1772 2584/2902/1715 2644/5356/1711
f 2584/2902/1715 2581/2901/1717 2644/5356/1711
f 2751/3152/1847 2735/3171/1864 2734/3153/1848
f 2737/5436/1865 2738/3155/1850 2736/3157/1852
f 2738/3155/1850 2741/5437/1854 2740/3158/1853
f 2741/3159/1854 2743/3162/1856 2742/3160/1855
f 2743/3162/1856 2745/3164/1858 2744/3163/1857
f 2745/3164/1858 2747/3166/1860 2746/3165/1859
f 2747/3166/1860 2749/3168/1862 2748/3167/1861
f 2749/3168/1862 2751/5438/1847 2750/3169/1863
f 2735/3171/1864 2737/5436/1865 2736/3157/1852
f 2747/5439/1860 2745/5440/1858 2743/5441/1856
f 2737/3174/1865 2735/5442/1864 2747/5439/1860
f 2735/5442/1864 2751/5443/1847 2747/5439/1860
f 2751/5443/1847 2749/5444/1862 2747/5439/1860
f 2747/5439/1860 2743/5441/1856 2737/3174/1865
f 2743/5441/1856 2741/3172/1854 2737/3174/1865
f 2736/5445/1852 2739/5446/1851 2742/5447/1855
f 2739/5446/1851 2740/5448/1853 2742/5447/1855
f 2746/3176/1859 2748/5449/1861 2752/3177/1849
f 2748/5449/1861 2750/5450/1863 2752/3177/1849
f 2752/3177/1849 2734/5451/1848 2742/5447/1855
f 2734/5451/1848 2736/5445/1852 2742/5447/1855
f 2742/5447/1855 2744/3175/1857 2752/3177/1849
s 0
f 3515/4184/2671 3511/5760/2671 3510/4185/2671
f 3517/4187/2962 3515/5761/2962 3514/4188/2962
f 3513/4190/2963 3511/5762/2963 3515/4191/2963
f 3511/4193/2964 3513/5763/2964 3512/4194/2964
f 3513/4196/2675 3517/5764/2675 3516/4197/2675
f 3516/4199/2965 3514/5765/2965 3510/4200/2965
f 3539/4184/2671 3535/5760/2671 3534/4185/2671
f 3541/4187/2962 3539/5761/2962 3538/4188/2962
f 3537/4234/2963 3535/5762/2963 3539/4191/2963
f 3535/4193/2964 3537/5772/2964 3536/4194/2964
f 3537/4196/2675 3541/5773/2675 3540/4235/2675
f 3540/4236/2965 3538/5765/2965 3534/4200/2965
usemtl screen
f 2852/3340/101 2854/3341/101 2851/3342/101
f 3201/3340/2049 3203/3341/2049 3200/3342/2049
f 3419/4027/2186 3421/4028/2186 3418/4029/2186
f 2852/3340/101 2853/5501/101 2854/3341/101
f 3201/3340/2049 3202/5501/2049 3203/3341/2049
f 3419/4027/2186 3420/5702/2186 3421/4028/2186
