# Blender 4.3.2
# www.blender.org
mtllib SM_TeleporterFluidInput_LOD2.mtl
o SM_TeleporterFluidInput.001
v -178.706528 -138.561020 0.630525
v -179.175674 -139.418823 2.254299
v -179.334290 -137.789642 13.266155
v -178.765320 -139.270035 12.626259
v -179.401276 138.293243 1.205869
v -178.777695 139.173157 0.920468
v -178.706528 138.561020 13.369474
v -179.175690 139.418823 11.745699
v 159.401276 -138.293243 1.205869
v 158.777695 -139.173157 0.920468
v 158.706528 -138.561020 13.369474
v 159.175674 -139.418823 11.745705
v 158.706528 138.561020 0.630525
v 159.175690 139.418823 2.254302
v 159.401276 138.293243 12.794130
v 158.777695 139.173157 13.079532
v -171.396439 -131.473755 13.526248
v -171.490738 -131.415909 20.415909
v -171.490738 131.415909 13.584093
v -171.396439 131.473755 20.473753
v 151.490738 -131.415909 13.584093
v 151.396439 -131.473755 20.473753
v 151.396439 131.473755 13.526248
v 151.490738 131.415909 20.415909
v -157.773682 -117.802650 20.697342
v -157.809036 -117.780960 23.280966
v -157.809036 117.780960 20.719036
v -157.773682 117.802650 23.302658
v 137.809036 -117.780960 20.719036
v 137.773682 -117.802650 23.302658
v 137.773682 117.802650 20.697342
v 137.809036 117.780960 23.280966
v -161.745544 -136.842194 15.657814
v -161.863419 -136.769882 30.269880
v -161.863419 -123.230125 15.730119
v -161.745544 -123.157814 30.342190
v 141.863419 -136.769882 15.730121
v 141.745544 -136.842194 30.342188
v 141.745544 -123.157814 15.657812
v 141.863419 -123.230125 30.269882
v -139.066071 -137.718521 20.433933
v -139.066071 -137.681488 25.566071
v 119.066086 -137.681488 20.433933
v 119.066086 -137.718521 25.566067
v -102.977539 -127.717186 31.033304
v -101.021988 -127.715874 32.963142
v -99.716560 -129.022232 31.034992
v -99.667480 -130.011475 32.949570
v -101.076401 -132.306671 32.963142
v -101.022476 -132.282822 31.033302
v -104.306007 -130.923325 32.965008
v -104.283447 -130.977783 31.034992
v -103.644089 -128.340530 32.940231
v 0.978015 -127.715874 32.963146
v 0.923300 -127.694008 31.034988
v 2.332526 -130.011475 32.949570
v 2.305404 -130.923035 31.033308
v 0.923603 -132.306671 32.963146
v 0.010031 -132.340973 31.073332
v -2.306005 -130.923325 32.965004
v -2.283445 -130.977783 31.034996
v -1.658381 -128.357468 31.054707
v -1.644089 -128.340530 32.940231
v 101.022469 -127.717186 31.033304
v 102.978012 -127.715866 32.963142
v 104.283447 -129.022232 31.034992
v 104.332527 -130.011475 32.949570
v 102.923607 -132.306671 32.963142
v 102.977531 -132.282822 31.033304
v 99.694000 -130.923325 32.965012
v 99.716560 -130.977783 31.034992
v 100.355919 -128.340530 32.940235
v -161.745544 123.157814 15.657812
v -161.863419 123.230125 30.269882
v -161.863419 136.769882 15.730121
v -161.745544 136.842194 30.342188
v 141.863419 123.230125 15.730119
v 141.745544 123.157814 30.342190
v 141.745544 136.842194 15.657814
v 141.863419 136.769882 30.269880
v -139.066071 137.681488 20.433933
v -139.066071 137.718521 25.566071
v 119.066086 137.681488 25.566067
v 119.066086 137.718521 20.433933
v -102.977531 132.282822 31.033304
v -101.021996 132.284134 32.963142
v -99.716560 130.977783 31.034992
v -99.718269 129.022842 32.969627
v -101.022469 127.717186 31.033302
v -102.978012 127.715874 32.963142
v -104.283447 129.022232 31.034992
v -104.282822 130.977554 32.966698
v -0.010031 132.340973 31.073332
v 0.978007 132.284134 32.963146
v 2.283445 130.977783 31.034996
v 2.332526 129.988541 32.949570
v 1.658382 128.357468 31.054707
v 0.923612 127.693344 32.963142
v -0.923300 127.694008 31.034988
v -1.659477 128.355927 32.940231
v -2.283445 130.977783 32.965004
v -2.305404 130.923035 31.033308
v 101.022476 132.282822 31.033302
v 102.978004 132.284134 32.963142
v 104.283447 130.977783 31.034992
v 104.281738 129.022842 32.969627
v 102.977539 127.717186 31.033304
v 101.021988 127.715874 32.963142
v 99.716560 129.022232 31.034992
v 99.717186 130.977554 32.966698
v -176.745544 -127.342194 15.657812
v -176.863419 -127.269882 30.269882
v -176.863419 127.269882 15.730119
v -176.745544 127.342194 30.342190
v -163.136597 -127.269882 15.730119
v -163.254456 -127.342194 30.342190
v -163.254456 127.342194 15.657812
v -163.136597 127.269882 30.269882
v -177.349121 -88.468437 31.131561
v -177.372696 -88.453979 32.853981
v -177.372696 -62.746021 31.146021
v -177.349121 -62.731556 32.868439
v -162.627319 -88.453979 31.146023
v -162.650894 -88.468437 32.868439
v -162.650894 -62.731560 31.131561
v -162.627319 -62.746021 32.853977
v -177.349121 62.731560 31.131561
v -177.372696 62.746021 32.853981
v -177.372696 88.453979 31.146021
v -177.349121 88.468445 32.868439
v -162.627319 62.746021 31.146023
v -162.650894 62.731560 32.868439
v -162.650894 88.468437 31.131561
v -162.627319 88.453979 32.853977
v 143.254456 -127.342194 15.657812
v 143.136597 -127.269882 30.269882
v 143.136597 127.269882 15.730119
v 143.254456 127.342194 30.342190
v 156.863419 -127.269882 15.730119
v 156.745544 -127.342194 30.342190
v 156.745544 127.342194 15.657812
v 156.863419 127.269882 30.269882
v 142.650894 -88.468437 31.131561
v 142.627319 -88.453979 32.853977
v 142.627319 -62.746021 31.146023
v 142.650894 -62.731560 32.868439
v 157.372696 -88.453979 31.146021
v 157.349121 -88.468445 32.868439
v 157.349121 -62.731560 31.131561
v 157.372696 -62.746021 32.853981
v 142.650894 62.731560 31.131561
v 142.627319 62.746021 32.853977
v 142.627319 88.453979 31.146023
v 142.650894 88.468437 32.868439
v 157.372696 62.746021 31.146021
v 157.349121 62.731556 32.868439
v 157.349121 88.468437 31.131561
v 157.372696 88.453979 32.853981
v -173.652191 -133.444290 11.900746
v -174.322388 -134.669724 14.220392
v -171.810684 -133.870483 38.294945
v -174.644669 -133.061783 37.277328
v -173.870483 -134.794952 35.310669
v -174.669724 -101.677620 14.220395
v -173.537521 -102.263840 12.042850
v -173.652191 -102.555725 38.099255
v -174.322388 -101.330284 35.779602
v -141.330292 -134.322388 14.220406
v -142.462494 -133.736160 12.042849
v -142.347824 -133.444290 38.099258
v -141.677628 -134.669724 35.779602
v -142.347824 -102.555725 11.900743
v -141.677628 -101.330276 14.220411
v -140.500000 -104.500000 35.000000
v -142.462494 -102.263847 37.957153
v -142.129532 -101.205055 35.310658
v -171.122772 -131.171097 35.828907
v -171.181702 -131.134933 40.134941
v -171.181702 -104.865067 35.865059
v -171.122772 -104.828911 40.171093
v -144.818314 -131.134933 35.865059
v -144.877243 -131.171097 40.171093
v -144.877243 -104.828911 35.828907
v -144.818314 -104.865067 40.134941
v -158.325150 -108.273689 40.142357
v -152.609436 -109.617844 40.273994
v -155.844360 -108.234322 43.643551
v -149.642410 -112.637444 43.799149
v -149.073593 -114.136536 40.142883
v -148.203461 -119.767372 40.251137
v -148.282669 -120.116791 43.768211
v -152.325684 -126.167587 40.231789
v -152.625595 -126.367989 43.768215
v -157.879120 -127.783615 40.262447
v -160.116135 -127.727173 43.748871
v -163.390579 -126.382164 40.273998
v -164.987549 -124.776146 43.842796
v -166.926422 -121.863457 40.142883
v -167.787720 -119.763008 43.768208
v -167.796555 -116.232643 40.251137
v -166.225281 -112.320007 43.666451
v -163.707642 -109.793076 40.337673
v -161.634918 -108.986145 43.885597
v -158.017334 -113.643913 43.140728
v -157.981384 -113.654594 46.883789
v -154.236191 -115.806946 43.140724
v -154.213043 -115.832596 46.842690
v -154.213043 -120.167404 43.157314
v -154.236191 -120.193062 46.859280
v -157.981384 -122.345413 43.116215
v -158.017334 -122.356087 46.859276
v -161.770523 -120.195915 43.157318
v -161.781158 -120.163040 46.859276
v -161.781158 -115.836967 43.140724
v -161.770523 -115.804092 46.842682
v -173.652191 102.555725 11.900745
v -174.322388 101.330284 14.220402
v -174.669724 101.677620 35.779610
v -173.537521 102.263840 37.957153
v -174.644669 133.061783 12.722673
v -173.870483 134.794952 14.689335
v -171.810684 133.870483 11.705058
v -173.652191 133.444290 38.099255
v -174.322388 134.669724 35.779610
v -140.500000 104.500000 15.000000
v -142.462494 102.263847 12.042848
v -142.129532 101.205055 14.689345
v -142.347824 102.555725 38.099258
v -141.677628 101.330276 35.779594
v -142.347824 133.444290 11.900744
v -141.677628 134.669724 14.220402
v -141.330292 134.322388 35.779594
v -142.462494 133.736160 37.957153
v -171.122772 104.828911 35.828907
v -171.181702 104.865067 40.134941
v -171.181702 131.134933 35.865059
v -171.122772 131.171097 40.171093
v -144.818314 104.865067 35.865059
v -144.877243 104.828911 40.171093
v -144.877243 131.171082 35.828907
v -144.818314 131.134933 40.134941
v -163.524033 126.245583 40.157913
v -156.198227 127.816666 40.304939
v -152.320007 126.225281 43.666458
v -149.853409 123.667206 40.188286
v -148.996277 121.627510 43.905045
v -148.203461 116.232643 40.251137
v -148.234329 115.844345 43.643547
v -152.325668 109.832420 40.231789
v -152.625595 109.632019 43.768215
v -157.879120 108.216393 40.262447
v -160.116135 108.272835 43.748871
v -163.390579 109.617844 40.273994
v -166.357605 112.637451 43.799149
v -166.926422 114.136536 40.142883
v -167.796555 119.767365 40.251137
v -167.717346 120.116791 43.768208
v -164.797287 124.993538 43.803371
v -159.767349 127.796555 43.748867
v -158.017334 122.356087 43.140728
v -157.981384 122.345413 46.883789
v -154.236191 120.193062 43.140724
v -154.213043 120.167404 46.842690
v -154.213043 115.832596 43.157310
v -154.236191 115.806946 46.859280
v -157.981384 113.654594 43.116215
v -158.017334 113.643921 46.859276
v -161.770523 115.804092 43.157318
v -161.781158 115.836967 46.859280
v -161.781158 120.163040 43.140724
v -161.770523 120.195915 46.842682
v 122.347824 -133.444290 11.900744
v 121.677628 -134.669724 14.220402
v 121.330292 -134.322388 35.779594
v 122.462494 -133.736160 37.957153
v 120.500000 -104.500000 15.000000
v 122.462494 -102.263847 12.042848
v 122.129532 -101.205055 14.689345
v 122.347824 -102.555725 38.099258
v 121.677628 -101.330276 35.779594
v 154.644669 -133.061783 12.722673
v 153.870483 -134.794952 14.689335
v 151.810684 -133.870483 11.705058
v 153.652191 -133.444290 38.099255
v 154.322388 -134.669724 35.779610
v 153.652191 -102.555725 11.900745
v 154.322388 -101.330284 14.220402
v 154.669724 -101.677620 35.779610
v 153.537521 -102.263840 37.957153
v 124.877243 -131.171082 35.828907
v 124.818314 -131.134933 40.134941
v 124.818314 -104.865067 35.865059
v 124.877243 -104.828911 40.171093
v 151.181702 -131.134933 35.865059
v 151.122772 -131.171097 40.171093
v 151.122772 -104.828911 35.828907
v 151.181702 -104.865067 40.134941
v 137.879120 -108.216393 40.262447
v 143.390579 -109.617844 40.273994
v 140.116135 -108.272835 43.748871
v 146.357605 -112.637451 43.799149
v 146.926422 -114.136536 40.142883
v 147.796555 -119.767365 40.251137
v 147.717346 -120.116791 43.768208
v 144.797287 -124.993538 43.803371
v 139.767349 -127.796555 43.748867
v 143.524033 -126.245583 40.157913
v 136.198227 -127.816666 40.304939
v 132.320007 -126.225281 43.666458
v 129.853409 -123.667206 40.188286
v 128.996277 -121.627510 43.905045
v 128.203461 -116.232643 40.251137
v 128.234329 -115.844345 43.643547
v 132.325668 -109.832420 40.231789
v 132.625595 -109.632019 43.768215
v 137.982666 -113.643913 43.140728
v 138.018616 -113.654594 46.883789
v 141.763824 -115.806953 43.140724
v 141.786972 -115.832603 46.842686
v 141.786972 -120.167404 43.157318
v 141.763824 -120.193054 46.859276
v 138.018631 -122.345413 43.116215
v 137.982681 -122.356087 46.859276
v 134.229492 -120.195923 43.157314
v 134.218857 -120.163040 46.859280
v 134.218857 -115.836967 43.140720
v 134.229492 -115.804085 46.842686
v 122.347824 102.555725 11.900743
v 121.677628 101.330276 14.220411
v 120.500000 104.500000 35.000000
v 122.462494 102.263847 37.957153
v 122.129532 101.205055 35.310658
v 121.330292 134.322388 14.220406
v 122.462494 133.736160 12.042849
v 122.347824 133.444290 38.099258
v 121.677628 134.669724 35.779602
v 154.669724 101.677620 14.220395
v 153.537521 102.263840 12.042850
v 153.652191 102.555725 38.099255
v 154.322388 101.330284 35.779602
v 153.652191 133.444290 11.900746
v 154.322388 134.669724 14.220392
v 154.644669 133.061783 37.277328
v 153.870483 134.794952 35.310669
v 151.810684 133.870483 38.294945
v 124.877243 104.828911 35.828907
v 124.818314 104.865067 40.134941
v 124.818314 131.134933 35.865059
v 124.877243 131.171097 40.171093
v 151.181702 104.865067 35.865059
v 151.122772 104.828911 40.171093
v 151.122772 131.171097 35.828907
v 151.181702 131.134933 40.134941
v 137.879120 127.783615 40.262447
v 143.390579 126.382164 40.273998
v 140.116135 127.727173 43.748871
v 144.987549 124.776146 43.842796
v 146.926422 121.863457 40.142883
v 147.787720 119.763008 43.768208
v 147.796555 116.232643 40.251137
v 146.225281 112.320007 43.666451
v 143.707642 109.793076 40.337673
v 141.634918 108.986145 43.885597
v 138.325150 108.273689 40.142357
v 132.609436 109.617844 40.273994
v 135.844360 108.234322 43.643551
v 129.642410 112.637444 43.799149
v 129.073593 114.136536 40.142883
v 128.203461 119.767372 40.251137
v 128.282669 120.116791 43.768211
v 132.325684 126.167587 40.231789
v 132.625595 126.367989 43.768215
v 137.982681 122.356087 43.140728
v 138.018631 122.345413 46.883789
v 141.763824 120.193054 43.140724
v 141.786972 120.167404 46.842686
v 141.786972 115.832596 43.157314
v 141.763824 115.806953 46.859276
v 138.018631 113.654594 43.116215
v 137.982681 113.643913 46.859276
v 134.229492 115.804085 43.157314
v 134.218857 115.836967 46.859280
v 134.218857 120.163040 43.140720
v 134.229492 120.195923 46.842686
v 248.190857 99.473282 161.768707
v 194.248505 97.693077 155.868454
v 194.517883 92.949265 141.397430
v 194.517868 33.602558 82.050728
v 194.248505 19.131521 77.306915
v 248.222687 29.015450 79.142380
v 203.898346 0.165867 76.068550
v 203.810913 -14.445274 75.931503
v 194.248505 -19.131599 77.306931
v 194.517868 -33.602634 82.050758
v 194.517944 -92.949898 141.400177
v 194.248505 -97.693054 155.868317
v 247.920685 -94.710793 146.055405
v 248.170898 -95.992729 146.179123
v 248.139221 -100.260490 173.458160
v 203.898346 -98.931442 174.833817
v 194.248505 -97.693123 194.131332
v 194.517944 -92.950020 208.599487
v 194.248520 -19.131746 272.693054
v 248.222687 -29.015694 270.857544
v 248.190826 13.231165 274.473297
v 194.248505 19.131470 272.693115
v 194.248505 97.693138 194.131317
v 248.207489 96.054871 203.742966
v 203.810379 97.867973 189.226883
v 203.900223 98.922279 174.999817
v 203.810913 99.068512 160.554779
v 203.819427 14.453672 75.869301
v 248.190857 -13.231194 75.526703
v 248.250244 -29.094196 79.851028
v 203.819427 -99.130669 160.546143
v 203.810913 -99.068542 189.445023
v 248.239716 -96.005074 203.754578
v 248.091339 -94.572899 203.844284
v 194.516281 -33.619244 267.949371
v 203.819427 -14.453888 274.130676
v 203.896851 -0.000215 273.938782
v 203.810913 14.445127 274.068542
v 248.250275 29.078390 270.151825
v 194.516357 33.615978 267.950165
v 194.516357 92.950188 208.615829
v 242.953598 -93.531334 208.983704
v 242.953583 33.983883 268.531250
v 242.953583 93.531288 208.983749
v 248.250244 95.148994 145.905869
v 242.961197 93.525505 140.992096
v 242.961197 34.007885 81.474487
v 242.961197 -34.007961 81.474518
v 242.953583 -93.531212 141.015961
v 242.961197 -34.008114 268.525391
v 204.228043 100.610283 174.318085
v 194.765182 94.796501 141.185242
v 194.765182 33.814747 80.203491
v 247.778809 8.683750 74.410561
v 204.228043 -0.681914 74.389725
v 194.765182 -33.814819 80.203514
v 194.765137 -94.795815 141.183212
v 247.759918 -98.953461 157.201859
v 204.228043 -100.610291 175.681656
v 247.736053 -99.048180 192.397232
v 194.765137 -94.795929 208.816437
v 194.765228 -33.813076 269.797089
v 247.778809 -8.683936 275.589447
v 204.228043 0.681510 275.610291
v 194.765167 33.814758 269.796509
v 194.765182 94.796570 208.814606
v 247.778809 100.589455 183.683640
v 204.249985 99.412880 189.746246
v 204.249985 97.433891 160.547058
v 247.752991 97.088814 158.018326
v 247.783020 28.592733 80.319054
v 204.249985 14.452919 77.566109
v 247.749634 0.856692 76.395889
v 204.249985 -14.452997 77.566116
v 247.752991 -16.981775 77.911201
v 204.249985 -97.433868 160.546906
v 247.749634 -98.604111 174.143021
v 204.249985 -97.433922 189.452744
v 247.752991 -97.088844 191.981506
v 247.783020 -28.592962 269.680878
v 204.249985 -14.453131 272.433868
v 247.767487 -0.106433 273.652130
v 204.249985 14.452854 272.433899
v 247.740051 17.443876 271.983612
v 247.767944 98.560852 183.765457
v 248.091339 94.572891 203.844284
v 220.948318 96.855103 158.234268
v 220.948318 97.367424 161.524628
v 235.264374 97.367424 161.524612
v 235.264374 96.855103 158.234268
v 235.264374 13.475102 272.367432
v 220.948318 13.475102 272.367432
v 220.948318 -96.855125 191.765396
v 235.264374 -96.855125 191.765396
v 220.948318 -16.765612 78.144890
v 235.264374 -16.765612 78.144890
v 235.264374 -13.475256 77.632576
v 220.948318 -13.475256 77.632576
v 235.264374 16.765457 271.855133
v 235.264374 -97.367439 188.475037
v 220.948318 -97.367439 188.475037
v 220.948318 16.765457 271.855133
v 220.948318 -98.281357 173.334824
v 220.948318 -98.281357 176.664825
v 235.264374 -98.281357 176.664825
v 235.264374 -98.281357 173.334824
v 220.948318 -1.665139 273.281372
v 220.948318 1.664861 273.281372
v 235.264374 1.664861 273.281372
v 235.264374 -1.665139 273.281372
v 220.948318 1.664961 76.718643
v 220.948318 -1.665040 76.718643
v 235.264374 -1.665040 76.718643
v 235.264374 1.664961 76.718643
v 235.264374 -1.665142 275.479553
v 235.264374 1.664858 275.479553
v 220.948318 1.664858 275.479553
v 220.948318 -1.665142 275.479553
v 235.264374 -100.479553 173.334808
v 235.264374 -100.479553 176.664810
v 220.948318 -100.479553 176.664810
v 220.948318 -100.479553 173.334824
v 235.264374 1.664959 74.520447
v 235.264374 -1.665041 74.520447
v 220.948318 -1.665041 74.520447
v 220.948318 1.664959 74.520447
v 235.264374 100.479568 176.664856
v 235.264374 100.479568 173.334854
v 220.948318 100.479568 173.334854
v 220.948318 100.479568 176.664856
v 235.264374 98.281357 173.334854
v 235.264374 98.281357 176.664856
v 220.948318 98.281357 176.664856
v 220.948318 98.281357 173.334854
v 220.948318 -97.367416 161.524597
v 220.948318 -96.855095 158.234253
v 235.264374 -97.367416 161.524597
v 235.264374 -96.855095 158.234253
v 220.948318 -13.475379 272.367401
v 220.948318 -16.765734 271.855103
v 235.264374 -13.475379 272.367401
v 235.264374 -16.765734 271.855103
v 220.948318 13.475175 77.632576
v 220.948318 16.765530 78.144890
v 235.264374 13.475175 77.632576
v 235.264374 16.765530 78.144890
v 235.264374 96.855125 191.765442
v 235.264374 97.367439 188.475098
v 220.948318 96.855125 191.765442
v 220.948318 97.367439 188.475098
v 220.948318 99.687660 161.163345
v 235.264374 99.687660 161.163345
v 220.948318 -99.687675 188.836304
v 220.948318 -99.175362 192.126663
v 220.948318 99.175346 157.873001
v 235.264374 -17.126877 75.824654
v 220.948318 -17.126877 75.824654
v 235.264374 99.175346 157.873001
v 220.948318 -13.836522 75.312340
v 235.264374 -13.836522 75.312340
v 235.264374 -99.175362 192.126663
v 235.264374 -99.687675 188.836304
v 220.948318 13.836365 274.687653
v 235.264374 13.836365 274.687653
v 220.948318 17.126720 274.175354
v 235.264374 17.126720 274.175354
v 235.264374 -13.836648 274.687622
v 235.264374 -17.127003 274.175323
v 220.948318 -13.836648 274.687622
v 220.948318 -17.127003 274.175323
v 235.264374 -99.687645 161.163330
v 235.264374 -99.175331 157.872971
v 220.948318 -99.687645 161.163330
v 220.948318 -99.175331 157.872971
v 235.264374 13.836442 75.312340
v 235.264374 17.126797 75.824654
v 220.948318 13.836442 75.312340
v 220.948318 17.126797 75.824654
v 235.264374 99.687683 188.836365
v 235.264374 99.175369 192.126709
v 220.948318 99.687683 188.836365
v 220.948318 99.175369 192.126709
v 110.000015 -0.000024 77.500000
v 225.249969 0.000000 99.606445
v 110.000015 -19.021326 79.373436
v 226.259583 -13.944387 100.371155
v 110.000015 -46.090034 88.771698
v 225.210098 -36.098427 108.422363
v 110.000015 -68.942932 106.057083
v 225.109756 -59.030357 127.567863
v 110.000015 -86.228355 128.910034
v 226.349457 -69.811584 145.042435
v 110.000015 -95.626595 155.978683
v 225.353867 -75.448341 168.559235
v 110.000015 -97.500031 174.999969
v 110.000015 -93.563232 203.381989
v 225.249985 -73.944908 189.708542
v 224.989395 -66.673264 210.637604
v 110.000015 -76.772392 235.783890
v 225.249969 -53.311317 228.311279
v 110.000015 -47.667461 260.536499
v 225.353836 -34.823196 242.240463
v 110.000015 -19.021320 270.626587
v 225.111572 -7.952363 250.183273
v 110.000015 -0.000030 272.500031
v 110.000015 19.021343 270.626587
v 225.249969 14.708561 248.944885
v 110.000015 44.638386 262.155548
v 225.210098 36.098400 241.577637
v 110.000015 68.942917 243.942871
v 225.249969 53.311317 228.311264
v 110.000008 86.228355 221.089890
v 226.117737 62.638748 217.766449
v 225.210098 72.602913 196.552094
v 110.000008 97.266930 186.305374
v 225.109741 75.280296 166.798645
v 110.000008 95.626518 155.978561
v 110.000008 87.155434 130.361450
v 226.259583 70.474403 146.764114
v 225.111557 58.094463 126.618233
v 110.000015 63.438683 100.406418
v 225.249969 41.886318 112.312500
v 110.000015 37.311478 84.921684
v 225.111572 22.467094 102.812790
v 110.000015 19.021154 79.373421
v 222.263046 -19.059978 79.513077
v 213.249969 -41.873425 81.690620
v 215.755249 -62.346718 96.253807
v 215.749985 -83.157036 119.436249
v 215.355240 -92.909294 135.727554
v 222.356812 -95.511002 156.045395
v 222.339783 -97.335487 175.148087
v 213.249985 -93.309418 216.873398
v 215.754379 -78.746925 237.347244
v 215.749969 -55.563759 258.157013
v 215.355240 -39.272446 267.909302
v 222.356766 -18.954617 270.511017
v 222.339722 0.148082 272.335510
v 222.339706 19.134516 270.436310
v 213.249969 41.873444 268.309357
v 215.755249 62.346706 253.746170
v 215.749969 83.157043 230.563690
v 215.355225 92.909294 214.272385
v 222.060318 95.516586 193.955399
v 222.253250 97.375832 175.019791
v 222.444290 95.449173 155.941727
v 213.249969 93.309311 133.126465
v 215.755341 77.780800 111.166779
v 215.749969 55.563622 91.842911
v 215.355240 39.272285 82.090675
v 222.463684 18.986891 79.545731
v 226.749969 -18.531221 81.837265
v 226.753067 9.336225 80.206345
v 226.434341 -36.645733 86.529427
v 226.405930 -54.001282 96.021965
v 226.405930 -68.371513 108.074631
v 226.471176 -79.438721 121.920723
v 226.262817 -88.070068 137.475372
v 226.752625 -94.793907 165.663589
v 226.749985 -93.162766 193.531204
v 226.471176 -88.267609 211.561615
v 226.405945 -80.114273 227.300766
v 226.262802 -68.371193 242.006104
v 226.484055 -54.010044 253.934845
v 226.262802 -37.524582 263.070099
v 226.753067 -9.336285 269.793701
v 226.749969 18.531239 268.162720
v 226.405914 37.555828 262.995605
v 226.471146 53.079269 254.438721
v 226.262802 67.006081 243.371170
v 226.484055 78.934891 229.009949
v 226.262817 88.070076 212.524582
v 226.749969 93.162727 193.531143
v 226.752609 94.793877 165.663528
v 226.405930 87.995552 137.444092
v 226.405930 78.977936 120.998627
v 226.350922 67.594131 107.405746
v 226.484055 54.009850 96.065048
v 226.180679 36.680317 86.445503
v 226.747116 7.558207 98.257866
v 226.745911 -37.594540 107.538689
v 226.747101 -59.609428 126.079659
v 226.745041 -76.995445 167.416611
v 226.746597 -73.500069 198.711304
v 226.747528 -59.609821 223.920547
v 226.745850 -36.471367 243.233231
v 226.746597 -6.220941 251.979111
v 226.745911 23.711067 248.499390
v 226.747513 48.920574 234.609787
v 226.747070 74.286812 196.119324
v 226.746521 76.741524 167.441559
v 226.747070 60.549984 127.059875
v 226.745834 36.471275 106.766739
v 197.749969 -7.410526 99.759209
v 197.749969 -28.851879 105.345444
v 197.749969 -47.963238 116.556656
v 197.749985 -66.142662 138.140488
v 197.749985 -75.213348 166.257843
v 197.749985 -72.833603 195.706116
v 197.749985 -62.687481 216.886398
v 197.749969 -47.963245 233.443329
v 197.749969 -23.247660 247.062622
v 197.749985 0.000000 250.393555
v 197.749969 21.946915 247.349335
v 197.749969 41.886425 237.687424
v 197.749969 57.680702 224.055161
v 197.749969 69.654564 203.851822
v 197.749969 75.240784 182.410492
v 197.749969 72.833527 154.293808
v 197.749969 58.637814 126.877144
v 197.749969 35.639729 108.322411
v 197.749985 14.708418 101.055092
v 197.749969 40.000000 105.717972
v 197.749969 -0.000006 95.000000
v 197.749985 69.282028 135.000000
v 197.749985 79.999992 175.000015
v 197.749985 69.282005 215.000015
v 197.749969 39.999985 244.282043
v 197.749969 -0.000006 255.000000
v 197.749969 -40.000000 244.282028
v 197.749969 -69.282036 215.000031
v 197.749969 -80.000015 175.000031
v 197.749969 -69.282059 135.000031
v 197.749969 -40.000057 105.717987
v 222.249680 -0.107056 77.624573
v 160.394730 -39.272461 82.090721
v 159.999985 -55.563766 91.842972
v 159.994705 -78.746216 112.653282
v 162.499985 -93.309387 133.126572
v 222.240021 -95.497475 194.058563
v 160.394730 -92.909317 214.272415
v 159.999985 -83.157059 230.563721
v 159.995590 -62.347374 253.746841
v 162.499985 -41.873436 268.309387
v 160.394730 39.272430 267.909271
v 159.994705 62.346722 253.746170
v 159.999969 83.157036 230.563690
v 160.394699 92.909286 214.272369
v 160.394699 92.909210 135.727478
v 159.994690 78.746147 112.653244
v 159.999985 55.563618 91.842911
v 160.436020 39.507969 82.107353
v 194.773895 -39.272453 82.090721
v 178.870819 -41.873436 81.690620
v 194.379150 -54.168118 93.931702
v 181.370819 -62.026691 99.420227
v 194.379150 -76.772354 114.216095
v 181.370819 -81.068314 120.831902
v 196.879150 -93.309387 133.126572
v 180.976074 -92.909294 135.727554
v 194.773895 -92.909317 214.272415
v 178.870819 -93.309418 216.873398
v 194.379150 -74.593620 238.438705
v 181.370819 -81.068321 229.168091
v 181.370819 -62.026619 250.579834
v 194.379150 -54.168118 256.068298
v 196.879135 -41.873432 268.309387
v 180.976089 -39.272442 267.909302
v 194.773895 39.272430 267.909271
v 178.870819 41.873432 268.309357
v 194.379150 54.168121 256.068268
v 181.370819 54.168121 256.068268
v 194.379150 76.772331 235.783890
v 181.370819 74.593529 238.438766
v 196.879135 93.309387 216.873352
v 178.870819 93.309387 216.873352
v 194.773895 92.909225 135.727463
v 178.870819 93.309303 133.126480
v 194.379150 81.068214 120.831802
v 181.370819 75.579681 112.973221
v 194.379150 62.026627 99.420204
v 181.370819 54.167980 93.931641
v 196.879135 41.873272 81.690575
v 178.870819 41.873272 81.690575
v 215.750702 -60.783836 98.227684
v 215.995407 -37.382183 84.337585
v 215.749985 -81.068314 120.831902
v 215.749985 -90.078270 137.688354
v 215.750824 -74.593544 238.438675
v 215.749985 -90.078285 212.311615
v 215.749969 -54.168110 256.068298
v 215.749969 -37.311642 265.078278
v 215.749969 54.168121 256.068268
v 215.749969 37.311649 265.078247
v 215.750824 76.772270 235.783829
v 215.749969 90.078270 212.311569
v 215.749969 81.068214 120.831802
v 215.749969 90.078186 137.688278
v 215.749969 68.942818 106.056999
v 215.749969 54.167980 93.931641
v 215.749969 37.311493 84.921684
v 181.370819 -37.311657 84.921745
v 159.999985 -37.311657 84.921745
v 181.370819 -90.078270 137.688354
v 159.693375 -90.493820 137.715347
v 181.370819 -90.078285 212.311615
v 159.999985 -90.078285 212.311615
v 181.370819 -37.311649 265.078247
v 159.693375 -37.284664 265.493835
v 181.370819 37.311649 265.078247
v 159.999985 37.311649 265.078247
v 181.370819 90.078270 212.311569
v 159.999969 90.078262 212.311569
v 181.370819 90.078186 137.688263
v 159.999969 90.078186 137.688263
v 181.370819 37.311489 84.921692
v 159.999985 37.311489 84.921692
v 159.999985 54.167973 93.931648
v 159.999985 75.579674 112.973228
v 159.999969 81.068298 229.168045
v 159.999985 62.026699 250.579727
v 159.999985 -54.168121 256.068298
v 159.999985 -74.593620 238.438721
v 159.999985 -81.068314 120.831902
v 159.999985 -62.026676 99.420212
v 194.379150 -37.311642 84.921753
v 194.083969 -90.563103 137.675217
v 194.379150 -90.078285 212.311615
v 194.379150 -37.311642 265.078278
v 194.379150 37.311649 265.078247
v 194.379150 90.078270 212.311569
v 194.379150 90.078186 137.688278
v 194.379150 37.311489 84.921684
v 181.376190 63.833027 97.219055
v 194.379150 55.563622 91.842911
v 194.372711 77.779976 111.167496
v 181.370819 83.156944 119.436157
v 181.370819 83.157043 230.563690
v 194.379150 83.157043 230.563690
v 181.376099 62.346699 253.746185
v 194.373871 62.346680 253.746185
v 181.370819 -55.563770 258.157013
v 194.379150 -55.563766 258.157013
v 181.376099 -78.746185 237.346725
v 194.373871 -78.746208 237.346680
v 181.370819 -83.157036 119.436249
v 194.379150 -83.157036 119.436249
v 181.376099 -62.346699 96.253799
v 194.373871 -62.346706 96.253815
v 213.249969 -56.959415 89.754242
v 213.249969 -72.495560 102.504440
v 213.249985 -85.245773 118.040604
v 213.249985 -85.245781 231.959381
v 215.749985 -92.283089 213.490097
v 213.249969 -72.495575 247.495544
v 213.249969 -56.959408 260.245758
v 213.249969 56.959419 260.245728
v 215.749969 38.490147 267.283051
v 213.249969 72.495583 247.495514
v 213.249969 85.245773 231.959335
v 213.249969 85.245674 118.040497
v 215.749969 92.282997 136.509781
v 213.249969 72.495453 102.504364
v 213.249969 56.959267 89.754189
v 181.370819 -38.490139 82.716942
v 181.370819 -92.283089 213.490097
v 181.370819 38.490147 267.283051
v 181.370819 92.283073 213.490067
v 181.370819 92.282990 136.509781
v 181.370819 38.489975 82.716881
v 162.499985 56.959259 89.754181
v 162.499985 72.495445 102.504356
v 162.499969 85.245667 118.040512
v 162.499969 85.245773 231.959335
v 162.499985 72.495567 247.495514
v 162.499985 56.959419 260.245728
v 162.499985 -56.959419 260.245758
v 162.499985 -72.495583 247.495544
v 162.499985 -85.245789 231.959381
v 162.499985 -85.245773 118.040604
v 162.499985 -72.495560 102.504440
v 162.499985 -56.959415 89.754242
v 194.379150 -38.490139 267.283081
v 194.379150 92.283073 213.490067
v 194.379150 38.489979 82.716881
v 178.870819 56.959267 89.754189
v 196.879135 56.959267 89.754189
v 178.870819 72.495453 102.504364
v 196.879135 72.495453 102.504364
v 178.870819 85.245674 118.040497
v 196.879135 85.245674 118.040497
v 178.870819 85.245773 231.959335
v 196.879135 85.245773 231.959335
v 178.870819 72.495583 247.495514
v 196.879135 72.495583 247.495514
v 178.870819 56.959419 260.245728
v 196.879135 56.959419 260.245728
v 178.870819 -56.959419 260.245758
v 196.879135 -56.959415 260.245758
v 178.870819 -72.495575 247.495544
v 196.879135 -72.495575 247.495544
v 178.870819 -85.245781 231.959381
v 196.879150 -85.245781 231.959381
v 178.870819 -85.245773 118.040604
v 196.879150 -85.245773 118.040604
v 178.870819 -72.495560 102.504440
v 196.879135 -72.495560 102.504440
v 178.870819 -56.959415 89.754242
v 196.879135 -56.959404 89.754242
v 226.571472 -7.741294 261.130066
v 235.459579 -7.593194 261.130066
v 226.571472 -3.912324 267.906372
v 235.314835 -3.788288 267.691559
v 226.571457 3.870669 267.834198
v 235.459579 3.796619 267.705933
v 226.571472 7.774643 261.303253
v 235.274475 7.626371 261.000641
v 226.571472 4.037316 254.483627
v 235.493332 3.632287 254.526947
v 226.571472 -3.912303 254.353714
v 235.314865 -3.788272 254.568542
v 235.357742 -1.426609 256.647400
v 235.357742 -4.477393 262.984619
v 235.357742 2.160909 265.308472
v 235.357742 4.238739 259.374268
v 237.447662 -0.075385 256.817322
v 237.560837 -4.058616 259.448914
v 237.314606 -3.134129 264.199677
v 237.447662 -0.075392 265.442688
v 237.314621 3.069651 264.264130
v 237.461136 4.337633 261.130005
v 237.314621 3.069645 257.995911
v 226.571472 -49.724072 245.651245
v 235.459595 -49.595493 245.724731
v 226.571472 -49.762478 253.434448
v 235.314865 -49.548195 253.309494
v 226.571472 -42.969566 257.234009
v 235.459610 -42.970234 257.085876
v 226.571472 -36.339310 253.501205
v 235.274506 -36.317871 253.164902
v 226.571472 -36.199833 245.725906
v 235.493347 -36.572975 245.562531
v 226.571472 -43.037121 241.668213
v 235.314865 -43.036015 241.916260
v 235.357758 -42.017292 244.893051
v 235.357758 -46.910019 247.259659
v 235.357758 -46.466187 252.676529
v 235.357758 -41.819649 253.834305
v 235.357758 -38.451897 250.071838
v 237.447662 -40.928513 245.711121
v 237.560837 -45.692577 246.019165
v 237.314621 -47.247459 250.602493
v 237.447662 -45.208733 253.199524
v 237.314621 -41.893425 253.737000
v 237.461136 -39.237301 251.645233
v 237.314606 -38.782879 248.295029
v 226.571487 -78.281700 211.374451
v 235.459610 -78.208031 211.502914
v 226.571487 -82.256020 218.066544
v 235.314850 -82.007965 218.067307
v 226.571472 -78.322418 224.782684
v 235.459610 -78.247978 224.654648
v 226.571487 -70.714828 224.921265
v 235.274490 -70.526054 224.642136
v 226.571487 -66.657349 218.287140
v 235.493347 -66.896385 217.957306
v 226.571487 -70.498535 211.325912
v 235.314850 -70.623215 211.540344
v 235.357758 -71.252113 214.623154
v 235.357758 -78.267235 215.128387
v 235.357758 -78.335327 220.328445
v 235.357758 -73.846367 222.640823
v 235.357758 -70.088287 219.268173
v 237.447662 -70.727486 215.879913
v 237.314621 -73.327156 213.844574
v 237.477615 -76.639297 214.404160
v 237.553558 -78.792885 218.651016
v 237.295349 -75.586914 222.350937
v 237.477615 -72.223495 221.776413
v 237.314621 -70.185677 219.194534
v 226.571487 -86.284126 167.331787
v 235.493347 -85.954750 167.571426
v 226.571487 -92.925529 171.377365
v 235.274506 -92.646049 171.189087
v 226.571472 -92.800591 178.985199
v 235.459610 -92.672432 178.910980
v 226.571487 -86.264793 182.881042
v 235.274490 -85.962357 182.732391
v 226.571487 -79.449806 179.135223
v 235.493347 -79.493645 178.730255
v 226.571487 -79.329811 171.185440
v 235.314850 -79.544464 171.309753
v 235.357758 -81.920105 177.261902
v 235.357758 -82.923210 171.920242
v 235.357758 -88.267342 170.930435
v 235.357758 -90.601227 175.111786
v 235.357758 -87.851692 179.347107
v 237.553558 -82.040680 173.418320
v 237.477615 -86.024498 170.810104
v 237.314621 -89.174789 171.975891
v 237.447662 -90.413986 175.036179
v 237.295349 -89.218895 178.231613
v 237.477631 -86.013809 179.402054
v 237.314621 -82.963303 178.171921
v 226.571487 -70.688568 125.377213
v 235.459595 -70.761902 125.505875
v 226.571487 -78.471825 125.348770
v 235.314850 -78.346596 125.562889
v 226.571472 -82.262657 132.146515
v 235.459595 -82.114563 132.145691
v 226.571487 -78.521393 138.772003
v 235.274506 -78.185051 138.793015
v 226.571487 -70.745903 138.901550
v 235.493347 -70.583008 138.528183
v 226.571487 -66.696976 132.059036
v 235.314865 -66.945030 132.060425
v 235.357758 -69.920525 133.082993
v 235.357758 -72.293388 128.193314
v 235.357758 -77.334862 128.478897
v 235.357758 -78.861504 133.292114
v 235.357758 -75.501442 136.703949
v 237.447662 -70.737190 134.172821
v 237.314621 -70.302689 130.899902
v 237.560837 -73.972542 127.744446
v 237.429306 -78.302910 129.948029
v 237.314621 -78.740211 133.306137
v 237.477631 -76.577179 135.876099
v 237.314621 -73.318344 136.321762
v 226.571472 -36.457134 96.787064
v 235.459610 -36.585529 96.860893
v 226.571472 -43.154453 92.821526
v 235.314865 -43.154884 93.069572
v 226.571472 -49.865433 96.763939
v 235.459610 -49.737305 96.838203
v 226.571472 -49.994030 104.371689
v 235.274490 -49.714642 104.560104
v 226.571472 -43.354588 108.420471
v 235.493347 -43.025066 108.181000
v 226.571472 -36.398399 104.570152
v 235.314865 -36.613010 104.445755
v 235.357758 -39.696625 103.820892
v 235.357758 -39.266949 98.402878
v 235.357758 -44.165833 96.049080
v 235.357758 -47.717690 101.237160
v 235.357758 -44.340122 104.990807
v 237.447662 -40.952705 104.347168
v 237.314621 -38.920776 101.744835
v 237.560837 -40.487640 97.165573
v 237.447662 -45.252472 96.869995
v 237.295349 -47.430077 99.496239
v 237.477615 -46.851147 102.858887
v 237.314621 -44.266605 104.893318
v 226.571472 7.528886 88.907616
v 235.459579 7.380786 88.907990
v 226.571472 3.682547 82.141129
v 235.314835 3.559073 82.356262
v 226.571457 -4.100213 82.233261
v 235.459579 -4.025836 82.361320
v 226.571472 -7.987433 88.774193
v 235.274475 -7.838386 89.076424
v 226.571472 -4.232637 95.584229
v 235.493332 -3.827722 95.539864
v 226.571472 3.717303 95.693733
v 235.314865 3.592716 95.479240
v 235.357742 -2.362565 93.111465
v 235.357742 4.269754 90.770592
v 235.357742 1.202744 84.441238
v 235.357742 -4.455600 87.182632
v 237.447662 -0.125933 93.239944
v 237.560837 3.850530 90.598206
v 237.314621 2.913863 85.849800
v 237.447662 -0.148045 84.614647
v 237.295349 -3.341919 85.813957
v 237.477615 -4.508131 89.020592
v 237.314621 -3.273974 92.069466
v 226.571472 49.521542 104.274040
v 235.459595 49.392776 104.200874
v 226.571472 49.539978 96.490776
v 235.314850 49.326019 96.616280
v 226.571472 42.737362 92.708649
v 235.459610 42.738384 92.856743
v 226.571472 36.116680 96.458427
v 235.274490 36.096107 96.794777
v 226.571472 35.997147 104.234062
v 235.493347 36.370705 104.396469
v 226.571472 42.844833 108.274208
v 235.314865 42.843117 108.026161
v 235.357758 41.816738 105.051979
v 235.357758 47.599892 101.049179
v 235.357758 42.976177 95.749313
v 235.357758 38.238064 99.882362
v 237.447678 40.725857 104.236702
v 237.314621 43.999348 104.667007
v 237.560837 47.150085 100.993126
v 237.429306 44.940945 96.665581
v 237.338394 41.635326 96.253578
v 237.461136 39.019428 98.306961
v 237.314621 38.573605 101.658333
v 226.571472 78.010818 138.575638
v 235.493347 78.175964 138.203262
v 226.571472 82.100937 131.757690
v 235.314850 81.852890 131.757614
v 226.571472 78.149734 125.051910
v 235.459610 78.075638 125.180130
v 226.571472 70.541794 124.933296
v 235.274490 70.353760 125.212929
v 226.571472 66.501755 131.578033
v 235.493347 66.741653 131.907227
v 226.571472 70.236229 138.399216
v 235.274506 70.572433 138.422241
v 235.357758 71.106102 135.229950
v 235.357758 78.119896 134.706299
v 235.357758 76.816116 127.794899
v 235.357758 70.637566 128.959991
v 237.447662 70.578186 133.974579
v 237.314621 73.183189 136.003082
v 237.477631 76.493851 135.434799
v 237.553574 78.636292 131.182327
v 237.314621 75.457436 127.529526
v 237.461121 72.109024 127.997086
v 237.314621 70.027695 130.661377
v 226.571472 86.073723 182.422653
v 235.459610 86.073151 182.274567
v 226.571472 92.835205 178.567566
v 235.314850 92.619919 178.444366
v 226.571472 92.733002 170.784943
v 235.459595 92.605042 170.859482
v 226.571472 86.187012 166.906189
v 235.274506 85.884987 167.055618
v 226.571472 79.381882 170.669785
v 235.493347 79.426773 171.074646
v 226.571472 79.282654 178.619858
v 235.314850 79.496994 178.494995
v 235.357758 81.857048 172.536667
v 235.357758 84.206497 179.165924
v 235.357758 90.531891 176.090714
v 235.357758 87.783180 170.435944
v 237.447662 81.731468 174.773438
v 237.314621 82.986275 177.827377
v 237.560837 87.740585 178.733521
v 237.447662 90.356728 174.740173
v 237.314621 89.166046 171.599701
v 237.461136 86.027077 170.343811
v 237.314621 82.897865 171.623901
v 226.571472 70.763374 224.420242
v 235.459595 70.836372 224.291382
v 226.571472 78.546661 224.428696
v 235.314865 78.420883 224.214890
v 226.571472 82.320053 217.621246
v 235.459610 82.171959 217.622452
v 226.571472 78.561790 211.005356
v 235.274490 78.225418 210.985214
v 226.571472 70.786011 210.895798
v 235.493347 70.624084 211.269562
v 226.571472 66.754646 217.748657
v 235.314865 67.002693 217.746643
v 235.357758 69.769142 217.091385
v 235.357758 74.399651 222.385345
v 235.357758 79.279709 217.863953
v 235.357758 75.140587 213.131149
v 237.553558 70.214676 217.146347
v 237.477631 72.390091 221.382050
v 237.314621 75.705055 221.924591
v 237.447662 78.294235 219.875900
v 237.314621 78.818962 216.558517
v 237.461121 76.716988 213.910477
v 237.314621 73.365044 213.468964
v 226.571472 36.622494 253.075348
v 235.459595 36.750687 253.001190
v 226.571472 43.156933 256.973450
v 235.274490 43.459412 256.824890
v 226.571472 49.973217 253.230026
v 235.493347 49.929523 252.825027
v 226.571472 50.095974 245.280258
v 235.314850 49.881275 245.404495
v 226.571472 43.316235 241.457382
v 235.459595 43.316368 241.605484
v 226.571472 36.543331 245.292465
v 235.314865 36.758266 245.416275
v 235.357758 43.101105 244.499771
v 235.357758 38.624252 249.420700
v 235.357758 43.960030 254.002914
v 235.357758 47.871338 248.595718
v 237.447678 41.098221 245.503464
v 237.314621 39.073120 248.111130
v 237.477615 39.645748 251.421051
v 237.553574 43.901012 253.557907
v 237.314621 47.549656 250.374252
v 237.461136 47.077709 247.026489
v 237.314621 44.410660 244.948639
v -36.359718 65.433067 68.228714
v -34.643658 65.737694 263.059326
v -24.030706 64.799965 68.873993
v -22.601067 64.278389 263.717529
v -13.566504 61.908001 68.395226
v -12.168691 61.617886 263.169189
v -2.399535 57.065647 68.867477
v -1.392057 56.211502 263.642303
v 5.957073 51.111221 68.316330
v 7.588720 50.055592 263.126007
v 15.128935 42.528347 68.940704
v 15.577837 41.817211 263.369598
v 21.001247 33.963062 68.335938
v 22.209995 31.819195 263.717529
v 26.617882 22.831322 68.830826
v 26.877712 22.117428 263.169189
v 29.244827 12.339006 68.199615
v 29.758461 9.930724 263.630096
v 30.737690 0.356325 68.940689
v 30.737686 -0.356342 263.059326
v 29.758453 -9.930760 68.369919
v 29.278381 -12.398946 263.717529
v 26.877720 -22.117416 68.830826
v 26.617882 -22.831310 263.169189
v 22.229813 -31.811691 68.308029
v 21.212698 -33.647106 263.604767
v 15.580362 -41.735565 68.524887
v 11.281216 -47.028072 263.070190
v 7.588717 -50.055595 68.873993
v -2.474901 -56.772980 263.796692
v -1.451650 -56.209698 68.300591
v -12.168679 -61.617882 68.830826
v -12.882566 -61.877712 263.169189
v -22.533323 -64.316322 68.376122
v -25.020416 -64.730499 263.664062
v -34.643677 -65.737694 68.940689
v -35.356312 -65.737686 263.059326
v -45.083988 -64.670753 68.263351
v -47.466705 -64.316315 263.623901
v -57.117409 -61.877724 68.830826
v -57.831306 -61.617886 263.169189
v -66.777969 -57.318832 68.422852
v -68.472473 -56.207375 263.772156
v -77.014549 -50.537670 68.867477
v -77.588730 -50.055584 263.126007
v -84.233643 -43.152145 68.265480
v -85.577843 -41.817204 263.369598
v -91.690605 -33.249615 68.873993
v -92.282608 -31.791687 263.623901
v -96.201462 -23.374712 68.395226
v -96.877724 -22.117418 263.169189
v -99.669998 -11.707675 68.867477
v -99.758461 -9.930742 263.630096
v -100.452835 -1.409653 68.265480
v -100.682541 6.276515 263.070221
v -99.710297 10.925864 68.630402
v -96.262810 22.897852 263.791168
v -96.877731 22.117409 68.830826
v -92.282608 31.791695 68.376122
v -91.690605 33.249619 263.126007
v -85.587036 41.982403 68.940704
v -84.194756 43.269051 263.650177
v -78.090553 49.282677 68.283791
v -77.014534 50.537678 263.132538
v -68.249603 56.690605 68.873993
v -66.811691 57.229816 263.691986
v -58.422062 61.211308 68.441559
v -57.117435 61.877712 263.169189
v -46.707684 64.669991 68.867477
v -44.930717 64.758461 263.630096
v -35.000000 66.000000 68.000000
v -35.000000 64.345245 61.769413
v -35.260750 41.729385 89.960648
v -20.681837 62.731972 74.230583
v -20.313618 64.345245 68.000000
v -20.681837 62.731972 61.769413
v -21.768028 57.973057 55.851254
v -30.925438 40.907970 46.000015
v -17.097942 48.729740 85.430191
v -15.480355 56.717377 80.071945
v -7.081648 57.973057 74.230583
v -6.363674 59.463943 68.000000
v -7.081648 57.973057 61.769413
v -12.611221 46.490784 50.542282
v -18.002960 31.724642 44.208580
v -37.220943 15.103438 40.646938
v -35.000000 0.000000 96.000000
v -7.691710 37.814331 88.144012
v 5.118599 50.307133 74.230583
v 6.150322 51.600876 68.000000
v 5.118599 50.307133 61.769413
v -3.303987 50.443901 55.752621
v -10.551842 15.079724 42.629101
v 6.664986 42.351639 80.445999
v 15.307137 40.118595 74.230583
v 16.600872 41.150322 68.000000
v 15.307137 40.118595 61.769413
v 11.490776 37.075161 55.851254
v 1.515666 36.515659 50.459492
v -28.396049 13.713243 95.387070
v -16.688805 22.690556 93.443527
v 8.352198 27.706350 85.668907
v 18.575157 25.800440 80.148743
v 22.973061 27.918348 74.230583
v 24.463936 28.636322 68.000000
v 22.973061 27.918348 61.769413
v -22.533291 8.375238 40.688087
v 1.770799 18.141088 90.138115
v 27.731972 14.318157 74.230583
v 29.345230 14.686378 68.000000
v 27.731972 14.318157 61.769413
v 21.180178 20.102245 55.701092
v 13.446720 17.628445 50.328159
v 1.666984 18.528679 45.837048
v 12.020090 8.109848 87.667053
v 24.361885 7.595267 80.073143
v 29.345238 -0.000006 74.230583
v 30.999985 -0.000001 68.000000
v 29.345238 -0.000006 61.769413
v 16.905663 -5.848361 85.295334
v 22.973053 -13.231969 80.148743
v 27.731968 -14.318168 74.230583
v 29.345230 -14.686379 68.000000
v 27.731968 -14.318168 61.769413
v 24.563667 -5.804430 55.926861
v 11.951092 -2.770239 47.995186
v -21.013248 -6.147488 95.394478
v -6.251229 -3.239207 93.318840
v 22.973053 -27.918356 74.230583
v 24.463932 -28.636322 68.000000
v 22.973053 -27.918356 61.769413
v 18.575153 -25.800434 55.851254
v 13.430515 -17.364912 50.331097
v 1.968732 -18.404730 90.076988
v 8.556322 -27.852844 85.578545
v 16.174244 -30.736633 80.245796
v 15.307129 -40.118599 74.230583
v 16.600868 -41.150318 68.000000
v 15.307129 -40.118599 61.769413
v 7.949741 -41.675415 55.926861
v 5.343185 -32.172615 50.542282
v -22.197016 -26.196266 93.443527
v 5.118591 -50.307137 74.230583
v 6.150314 -51.600864 68.000000
v 5.118591 -50.307137 61.769413
v -2.537232 -26.221729 46.039360
v -8.757863 -11.979104 42.521095
v -13.380805 -35.097450 89.955170
v -7.293652 -43.352200 85.668907
v -2.728447 -50.028118 80.450172
v -7.081656 -57.973057 74.230583
v -6.363684 -59.463924 68.000000
v -7.081656 -57.973057 61.769413
v -9.199560 -53.575153 55.851254
v -7.962340 -43.772362 50.331097
v -21.806915 -7.680438 40.646938
v -26.547743 -46.378674 87.983955
v -20.681847 -62.731968 74.230583
v -20.313625 -64.345222 68.000000
v -20.681847 -62.731968 61.769413
v -29.151628 -51.905663 50.704674
v -41.196152 -51.327797 85.578537
v -27.404732 -59.361881 80.073143
v -35.000008 -64.345230 74.230583
v -35.000004 -65.999977 68.000000
v -35.000008 -64.345230 61.769413
v -27.404730 -59.361885 55.926861
v -26.652081 -40.766724 46.054749
v -28.490086 -28.521784 42.794617
v -49.318169 -62.731964 74.230583
v -49.686378 -64.345215 68.000000
v -49.318169 -62.731964 61.769413
v -48.006081 -25.634914 42.691311
v -53.209129 -42.942932 88.144005
v -53.578651 -56.730751 80.245796
v -62.918358 -57.973049 74.230583
v -63.636318 -59.463921 68.000000
v -62.918358 -57.973049 61.769413
v -53.578663 -56.730759 55.754215
v -48.551323 -44.329861 47.741013
v -38.396992 -14.883196 95.325958
v -72.075150 -46.490784 80.148743
v -75.118599 -50.307125 74.230583
v -76.150314 -51.600857 68.000000
v -75.118599 -50.307125 61.769413
v -72.075150 -46.490784 55.851254
v -63.406345 -43.251835 50.460819
v -42.597187 -13.098128 40.544384
v -50.848686 -24.208660 93.351578
v -64.210785 -29.464363 89.879471
v -72.272232 -36.136562 85.430191
v -85.307129 -40.118587 74.230583
v -86.600861 -41.150311 68.000000
v -85.307129 -40.118587 61.769413
v -63.887093 -29.406752 46.044838
v -84.896423 -32.770287 80.245796
v -92.973053 -27.918343 74.230583
v -94.463921 -28.636314 68.000000
v -92.973053 -27.918343 61.769413
v -84.896423 -32.770283 55.754208
v -79.359474 -26.643559 50.460823
v -73.627304 -13.826189 89.998520
v -83.868340 -16.423523 85.671844
v -97.731964 -14.318153 74.230583
v -99.345215 -14.686374 68.000000
v -97.731964 -14.318153 61.769413
v -90.488678 -12.865657 53.519787
v -73.850266 -14.290967 46.120350
v -94.173622 -7.875764 80.245796
v -99.345230 0.000007 74.230583
v -100.999969 0.000003 68.000000
v -99.345230 0.000007 61.769413
v -63.516384 -3.453373 93.370903
v -86.491570 6.609798 85.430183
v -97.731956 14.318168 74.230583
v -99.345215 14.686378 68.000000
v -97.731956 14.318168 61.769413
v -94.442535 5.489084 55.754208
v -86.491570 6.609800 50.569817
v -76.096069 4.630420 46.064735
v -63.193222 -6.434925 42.576946
v -59.393856 15.327665 93.239441
v -75.587494 8.052376 90.040314
v -81.490776 22.388777 85.457718
v -91.730743 18.578665 80.245796
v -92.973045 27.918356 74.230583
v -94.463921 28.636318 68.000000
v -92.973045 27.918356 61.769413
v -86.174248 30.736650 55.754211
v -81.490776 22.388777 50.542282
v -85.307121 40.118599 74.230583
v -86.600861 41.150311 68.000000
v -85.307121 40.118599 61.769413
v -71.136581 37.272221 50.569824
v -59.393848 15.327660 42.760567
v -43.210831 2.447683 40.006001
v -61.712006 31.601490 90.040314
v -71.136581 37.272221 85.430183
v -78.051674 41.353329 80.245796
v -75.118584 50.307133 74.230583
v -76.150314 51.600857 68.000000
v -75.118584 50.307133 61.769413
v -66.944305 26.667850 46.054749
v -49.301258 3.810827 95.539726
v -60.322548 50.722031 82.722778
v -62.918339 57.973053 74.230583
v -63.636314 59.463921 68.000000
v -62.918339 57.973053 61.769413
v -67.770279 49.896435 55.754211
v -48.826214 38.627300 46.001492
v -39.758141 51.526718 85.539185
v -49.318150 62.731956 74.230583
v -49.686375 64.345215 68.000000
v -49.318150 62.731956 61.769413
v -51.423534 48.868328 50.328156
v -44.261440 27.190725 93.370903
v -42.875786 59.173607 80.245796
v -34.999989 64.345222 74.230583
v -42.369312 59.075871 55.549824
v -28.847258 51.080315 50.331093
v -44.261436 27.190729 42.629101
v -35.000000 66.000000 264.000000
v -27.773056 64.141350 257.705017
v -40.466988 28.409708 289.458435
v -27.253145 46.390175 284.004913
v -28.590488 59.638863 276.071960
v -20.681837 62.731972 270.230591
v -20.313618 64.345245 264.000000
v -21.768028 57.973057 251.851257
v -30.925436 40.907921 242.000000
v -35.226440 28.673084 238.698547
v -12.390921 18.030142 289.423065
v -7.081648 57.973057 270.230591
v -6.363674 59.463943 264.000000
v -7.081648 57.973057 257.769409
v -3.303980 50.443905 251.752625
v -17.582077 49.030544 246.570267
v -35.000000 0.000000 292.000000
v -7.033172 43.309319 281.671875
v -3.803737 50.561104 276.446014
v 5.118599 50.307133 270.230591
v 6.150322 51.600876 264.000000
v 5.118599 50.307133 257.769409
v 2.318577 35.846420 246.460831
v -13.535939 35.395832 242.120331
v -32.779083 15.103283 236.646942
v -33.306458 15.030540 291.472626
v -8.830311 31.946535 286.076965
v 15.307137 40.118595 270.230591
v 16.600872 41.150322 264.000000
v 15.307137 40.118595 257.769409
v -16.964602 22.850302 238.757217
v 8.772320 27.037611 281.668945
v 15.028120 32.271553 276.450165
v 22.973061 27.918348 270.230591
v 24.463936 28.636322 264.000000
v 22.973061 27.918348 257.769409
v 15.028131 32.271557 251.549850
v -0.509540 22.652147 242.066650
v 10.066816 12.974776 284.120880
v 27.731972 14.318157 270.230591
v 29.345230 14.686378 264.000000
v 27.731972 14.318157 257.769409
v 13.691360 16.619474 246.331100
v -6.848518 5.814561 238.691345
v 24.361889 7.595268 276.073151
v 29.345238 -0.000006 270.230591
v 30.999985 -0.000001 264.000000
v 29.345238 -0.000006 257.769409
v 24.361893 7.595270 251.926865
v 12.005503 2.996910 243.985229
v 16.491520 -6.609809 281.430206
v 22.973053 -13.231969 276.148743
v 27.731968 -14.318168 270.230591
v 29.345230 -14.686379 264.000000
v 27.731968 -14.318168 257.769409
v 22.973053 -13.231969 251.851257
v -6.587617 -6.334907 289.242828
v 5.766849 -8.347942 285.945221
v 22.973053 -27.918356 270.230591
v 24.463932 -28.636322 264.000000
v 22.973053 -27.918356 257.769409
v 13.390699 -16.932631 246.211075
v 3.590483 -13.503395 241.942307
v -19.916477 -1.699504 291.350739
v 8.556278 -27.852800 281.578552
v 16.174242 -30.736637 276.245789
v 15.307129 -40.118599 270.230591
v 16.600868 -41.150318 264.000000
v 15.307129 -40.118599 257.769409
v 16.146561 -31.073318 251.926880
v -0.149610 -31.699076 243.987305
v -9.332483 -13.276359 238.731110
v 5.118591 -50.307137 270.230591
v 6.150314 -51.600864 264.000000
v 5.118591 -50.307137 257.769409
v 2.075161 -46.490772 251.851257
v -20.022875 -2.226801 236.544388
v -8.287893 -31.601604 286.040283
v -7.723993 -43.409504 281.788971
v -2.728446 -50.028118 276.450165
v -7.081656 -57.973057 270.230591
v -6.363684 -59.463924 264.000000
v -7.081656 -57.973057 257.769409
v -7.293639 -43.352192 246.331100
v -19.515911 -24.193892 289.370911
v -20.681847 -62.731968 270.230591
v -20.313625 -64.345222 264.000000
v -20.681847 -62.731968 257.769409
v -14.154354 -55.937508 251.754227
v -21.039078 -38.785427 242.044815
v -43.688347 -27.668983 289.334442
v -26.547768 -46.378487 283.984039
v -27.404734 -59.361881 276.073151
v -35.000008 -64.345230 270.230591
v -35.000004 -65.999977 264.000000
v -35.000008 -64.345230 257.769409
v -34.999996 -59.463936 251.851257
v -28.173037 -51.293613 246.460831
v -25.444746 -27.307333 238.681213
v -41.406040 -51.154697 281.671875
v -49.318169 -62.731964 270.230591
v -49.686378 -64.345215 264.000000
v -49.318169 -62.731964 257.769409
v -46.482273 -50.307129 246.542282
v -52.674767 -36.702034 286.246460
v -53.578655 -56.730751 276.245789
v -62.918358 -57.973049 270.230591
v -63.636318 -59.463921 264.000000
v -62.918358 -57.973049 257.769409
v -53.913059 -56.778687 251.926880
v -63.406357 -43.251835 246.460831
v -43.660236 -40.378426 241.923004
v -63.406319 -43.251789 281.539215
v -72.075150 -46.490784 276.148743
v -75.118599 -50.307125 270.230591
v -76.150314 -51.600857 264.000000
v -75.118599 -50.307125 257.769409
v -63.802219 -29.732176 242.120331
v -36.161762 -15.097418 291.455597
v -79.359428 -26.643517 281.539215
v -85.307129 -40.118587 270.230591
v -86.600861 -41.150311 264.000000
v -85.307129 -40.118587 257.769409
v -76.353340 -43.051678 251.754227
v -38.386837 -14.838711 236.612930
v -69.696251 -22.577745 285.879639
v -84.896423 -32.770283 276.245789
v -92.973053 -27.918343 270.230591
v -94.463921 -28.636314 264.000000
v -92.973053 -27.918343 257.769409
v -88.575150 -25.800444 251.851257
v -78.772354 -27.037691 246.331100
v -53.047115 -22.901354 238.556519
v -61.163441 -12.761999 289.242828
v -94.173622 -7.875761 276.245789
v -97.731964 -14.318153 270.230591
v -99.345215 -14.686374 264.000000
v -97.731964 -14.318153 257.769409
v -73.666290 -14.409328 242.066650
v -49.942352 3.410492 236.596634
v -76.208748 -4.823572 285.879456
v -86.671341 -5.013836 281.430206
v -99.345230 0.000007 270.230591
v -100.999969 0.000003 264.000000
v -99.345230 0.000007 257.769409
v -94.361893 -7.595276 251.926880
v -86.732338 -5.580541 246.570267
v -97.731956 14.318168 270.230591
v -99.345215 14.686378 264.000000
v -97.731956 14.318168 257.769409
v -92.973053 13.231962 251.851257
v -79.767235 13.040843 284.116852
v -91.730743 18.578669 276.245789
v -92.973045 27.918356 270.230591
v -94.463921 28.636318 264.000000
v -92.973045 27.918356 257.769409
v -83.488441 18.069702 246.460831
v -75.587448 8.052376 241.959671
v -63.687878 3.775449 238.648468
v -50.219097 1.195569 291.353058
v -61.926613 10.157866 289.390381
v -78.524361 28.296579 281.430206
v -85.307121 40.118599 270.230591
v -86.600861 41.150311 264.000000
v -85.307121 40.118599 257.769409
v -86.174248 30.736656 251.754227
v -64.216827 28.803125 285.998505
v -78.051666 41.353333 276.245789
v -75.118584 50.307133 270.230591
v -76.150314 51.600857 264.000000
v -75.118584 50.307133 257.769409
v -71.136581 37.272228 246.569839
v -64.464325 29.210739 242.120514
v -62.157993 43.992863 281.578552
v -62.918339 57.973053 270.230591
v -63.636314 59.463921 264.000000
v -62.918339 57.973053 257.769409
v -67.770279 49.896442 251.754227
v -52.625568 22.840267 238.717773
v -48.872440 39.102211 285.879456
v -55.845657 55.937496 276.245789
v -49.318150 62.731956 270.230591
v -49.686375 64.345215 264.000000
v -49.318150 62.731956 257.769409
v -42.369312 59.075878 251.549835
v -52.881603 43.051384 243.883575
v -41.152756 51.080261 281.668915
v -34.999989 64.345222 270.230591
v -40.367981 51.168743 246.331100
v -35.000000 0.000000 236.000000
v 41.987850 -6.029269 81.881569
v 39.805607 7.718381 86.955574
v 34.854065 10.734877 89.000000
v 30.076115 4.969002 86.923561
v 27.996311 -5.511492 82.000008
v 30.050255 0.000000 77.050255
v 35.599529 -0.888480 74.967972
v 39.973499 5.612429 76.989975
v 39.656013 20.004023 82.000000
v 26.176491 15.796188 82.096909
v 27.820969 17.772293 77.019135
v 32.654430 32.837948 86.955574
v 26.127243 22.248493 86.949745
v 26.621052 34.796135 75.034065
v 33.499599 31.024399 77.020096
v 31.683952 38.500008 82.000000
v 23.156826 39.388630 89.000000
v 18.273516 37.541618 86.898010
v 17.058367 35.953228 81.901825
v 21.335167 32.525135 77.050255
v 19.651985 54.652020 82.000008
v 17.445457 53.924171 86.913887
v 10.636574 46.657204 77.076447
v 18.757580 52.581665 77.020096
v 6.177843 56.904003 89.000000
v 2.410419 53.616913 86.981316
v 1.710295 51.424091 82.096909
v 5.301360 57.556301 75.000008
v -1.727592 69.688080 82.118439
v -3.975625 68.499619 86.979912
v -8.073358 59.452057 77.076447
v -3.278622 68.322815 77.086639
v -22.046116 69.570984 89.034058
v -18.321400 63.002110 86.898018
v -18.231289 61.004250 81.901825
v -22.725943 69.609695 74.932625
v -28.256390 77.079857 82.000000
v -28.230665 74.784729 87.009346
v -30.128819 65.070869 77.102585
v -28.453485 74.826797 77.044334
v -40.806236 65.119888 86.981316
v -39.933037 62.990063 82.096909
v -55.665710 74.407059 81.881569
v -48.014877 73.811096 86.949745
v -58.311554 66.645744 88.967964
v -46.295853 64.061996 77.050255
v -52.551338 67.973869 75.018478
v -48.014877 73.811096 77.050255
v -67.626244 67.735176 87.010033
v -63.500648 58.718521 86.944687
v -56.547260 59.200638 82.000000
v -63.411060 58.780441 77.019135
v -66.726715 68.038086 76.946732
v -78.715370 63.658840 82.118439
v -70.767128 52.084499 82.096909
v -79.223701 55.127956 75.000008
v -88.996758 52.343132 86.955574
v -83.889023 50.433552 89.000000
v -76.813492 49.831394 86.949745
v -76.813492 49.831394 77.050255
v -83.176758 57.414845 77.050255
v -93.985413 49.494663 82.000000
v -88.498184 37.220772 86.898018
v -83.260788 40.495632 82.000000
v -88.401840 37.392391 77.055405
v -96.639648 42.885120 76.990662
v -105.290833 32.226570 82.120003
v -103.075134 31.743994 86.955673
v -98.517319 30.119171 89.018715
v -92.017487 27.222952 82.096909
v -101.264626 24.837959 75.034065
v -96.127235 22.248518 86.949745
v -96.127235 22.248518 77.050255
v -107.415817 20.264671 77.020088
v -111.877991 6.725973 82.000000
v -110.029968 6.689861 86.913368
v -104.995903 6.123868 89.000000
v -100.102051 4.676979 86.944687
v -97.882301 6.488190 82.000008
v -100.076111 4.968987 77.076447
v -104.609703 -12.274057 74.932625
v -109.949745 0.000007 77.050255
v -110.830200 -13.370900 82.000000
v -107.415848 -20.264591 86.979912
v -102.869118 -18.185461 89.000000
v -97.900726 -17.056938 86.898010
v -97.042892 -10.939828 82.000000
v -97.812660 -17.678139 77.102577
v -107.553230 -19.440540 77.044327
v -105.282791 -31.997046 82.118439
v -92.312149 -26.725067 82.000008
v -99.908394 -37.474857 86.949745
v -92.322197 -40.691277 88.981285
v -88.994904 -36.699848 86.980865
v -88.401825 -37.392406 77.055412
v -92.322189 -40.691288 75.018723
v -99.908394 -37.474857 77.050255
v -93.985435 -49.494633 82.000000
v -88.256325 -52.937168 87.009346
v -83.260811 -40.495609 82.000000
v -88.112679 -53.112621 77.044334
v -78.327438 -63.972546 82.000008
v -69.530304 -61.585232 88.967964
v -73.095238 -52.978291 86.897423
v -70.767128 -52.084499 81.903099
v -76.813492 -49.831394 77.050255
v -74.388588 -58.156849 75.000008
v -66.827293 -68.253792 86.955826
v -63.500648 -58.718521 77.055321
v -67.626251 -67.735168 76.989975
v -54.973473 -74.542107 82.000000
v -52.772297 -62.820965 86.980865
v -56.547260 -59.200638 82.000000
v -46.384495 -69.681252 75.032043
v -48.014877 -73.811096 86.949745
v -41.122517 -69.980606 89.038322
v -40.503071 -62.900181 82.000000
v -40.806244 -65.119896 77.018692
v -48.014877 -73.811096 77.050255
v -28.256395 -77.079857 82.000000
v -28.453489 -74.826790 86.955673
v -34.999992 -65.050255 86.949745
v -28.230669 -74.784729 76.990662
v -16.814526 -67.869110 89.000000
v -17.943047 -62.900730 86.898018
v -18.615143 -61.149132 82.000008
v -18.136372 -62.935997 77.140114
v -17.448662 -67.973869 74.981537
v -2.385862 -69.941277 82.000000
v -9.365677 -70.429726 86.949745
v -3.051859 -68.217064 77.086639
v 7.885111 -61.639648 87.009346
v 10.445999 -54.160435 89.000000
v 1.841320 -53.873077 86.923561
v 2.060061 -51.213604 82.000000
v -2.474876 -56.335175 77.050255
v 4.948042 -57.842621 75.018723
v 14.494644 -58.985428 82.000000
v 10.945145 -46.222130 77.101990
v 18.112619 -53.112671 77.044334
v 28.658802 -43.715420 81.881569
v 22.414829 -48.176773 86.949745
v 14.831383 -41.813503 86.949745
v 13.260796 -40.495625 82.000000
v 26.229225 -35.350719 75.000008
v 32.959408 -31.938976 87.009346
v 31.037983 -24.981356 88.967964
v 23.842045 -28.234812 86.923561
v 22.504086 -26.179436 81.903099
v 21.335167 -32.525135 77.050255
v 29.908379 -37.474880 77.050255
v 37.356323 -26.335564 82.000000
v 28.224613 -16.193819 77.076447
v 37.381191 -20.476950 77.086121
v 38.811089 -13.014901 86.949745
v 29.061996 -11.295871 86.949745
v 41.865204 -7.431123 128.118439
v 39.784725 6.769313 133.009338
v 35.059601 5.033107 135.000000
v 30.076115 4.969002 132.923553
v 27.882309 6.488178 128.000000
v 30.050255 0.000000 123.050255
v 34.609699 12.274044 121.067390
v 39.949745 0.000000 123.050255
v 40.830193 13.370908 128.000000
v 27.851044 17.588005 123.076447
v 37.473095 19.652723 122.990662
v 34.688057 33.272442 127.881561
v 35.429726 25.634317 132.949738
v 26.969788 33.979023 135.000000
v 24.206825 27.728403 132.981323
v 22.224670 26.684324 128.000000
v 26.380810 43.254772 133.009338
v 21.335167 32.525135 123.050255
v 22.556293 40.301373 121.000008
v 29.908379 37.474880 123.050255
v 23.985416 49.494652 128.000000
v 10.945143 46.222130 132.898010
v 10.024261 44.446865 127.901825
v 10.636574 46.657204 123.076447
v 18.757580 52.581665 123.020096
v 9.263853 63.215317 128.000000
v 8.103634 61.776443 132.913361
v 6.177843 56.904003 135.000000
v 5.301360 57.556301 121.000008
v -2.474876 56.335175 132.949738
v -8.274902 57.312134 128.000000
v -8.073358 59.452057 123.076447
v -3.278619 68.322807 123.086639
v -8.664448 72.356331 128.000000
v -16.667881 72.934128 132.955566
v -22.046116 69.570984 135.034058
v -17.411983 62.851040 132.923553
v -22.725943 69.609695 120.932625
v -27.763601 76.986938 127.880005
v -28.919954 62.889713 128.096909
v -30.128824 65.070869 123.102585
v -28.453495 74.826790 123.044334
v -41.546516 74.826790 132.955688
v -34.999992 65.050255 132.949738
v -48.370903 75.830200 128.000000
v -58.311554 66.645744 134.967957
v -52.056942 62.900730 132.898010
v -50.979958 61.215595 127.901825
v -46.295853 64.061996 123.050255
v -52.551323 67.973877 121.018478
v -48.014877 73.811096 123.050255
v -68.272415 69.688080 127.881569
v -66.827286 68.253799 132.955826
v -63.411053 58.780441 123.019142
v -66.024414 68.499596 123.020096
v -72.588303 53.492359 132.981323
v -70.767128 52.084499 128.096909
v -79.223701 55.127964 121.000008
v -89.105545 55.100555 128.118439
v -88.996758 52.343132 132.955566
v -89.270515 45.538395 135.000000
v -76.813492 49.831394 123.050255
v -88.353065 53.176147 123.086639
v -88.401833 37.392395 132.944595
v -83.260788 40.495632 128.000000
v -88.994896 36.699848 123.019142
v -105.124916 32.699799 128.000000
v -103.150116 31.529987 133.009338
v -92.017479 27.222956 128.096893
v -101.264618 24.837967 121.034065
v -103.150124 31.529978 122.990662
v -103.121246 17.122389 135.000000
v -97.775528 17.871334 132.944687
v -98.224594 16.193867 123.076447
v -111.877991 6.725973 128.000000
v -110.063889 6.567249 132.858246
v -97.882301 6.488193 128.000000
v -110.051781 6.440604 123.086639
v -104.877464 -6.755582 135.018478
v -100.050255 0.000006 132.949738
v -100.050255 0.000006 123.050255
v -104.980606 -6.122509 120.961693
v -110.830200 -13.370900 128.000000
v -107.415848 -20.264591 132.979919
v -97.775543 -17.871292 132.944687
v -96.309128 -15.410135 128.000000
v -97.812660 -17.678143 123.102585
v -107.553230 -19.440548 123.044327
v -105.282791 -31.997046 128.118439
v -98.517342 -30.119125 134.981293
v -95.944839 -35.967369 121.034065
v -99.908394 -37.474857 132.949738
v -88.401840 -37.392387 132.944595
v -86.857445 -36.310963 128.000000
v -88.401833 -37.392399 123.055412
v -99.908394 -37.474857 123.050255
v -93.985435 -49.494633 128.000000
v -88.256325 -52.937168 133.009338
v -83.889061 -50.433521 135.000000
v -88.112671 -53.112625 123.044334
v -78.715393 -63.658825 127.881569
v -76.813492 -49.831394 132.949738
v -70.767128 -52.084499 127.903099
v -76.813492 -49.831394 123.050255
v -74.388588 -58.156849 121.000008
v -72.474861 -64.908394 132.949738
v -64.649223 -63.582977 135.000000
v -63.316895 -58.788601 132.897430
v -63.500648 -58.718521 123.055321
v -67.626251 -67.735168 122.989975
v -55.665710 -74.407059 128.118439
v -53.546146 -72.859901 133.010040
v -56.547260 -59.200638 128.000000
v -52.551311 -67.973885 121.018478
v -41.578556 -69.988129 135.018723
v -41.406868 -64.950317 132.923553
v -39.933060 -62.990063 127.903099
v -40.806244 -65.119896 123.018692
v -48.014877 -73.811096 123.050255
v -28.256393 -77.079857 128.000000
v -28.453489 -74.826790 132.955673
v -23.615501 -69.681244 120.967972
v -28.230663 -74.784729 122.990662
v -16.814526 -67.869110 135.000000
v -18.806168 -63.224609 132.923553
v -18.231283 -61.004250 128.098175
v -18.136364 -62.935993 123.140121
v -1.261926 -69.508957 128.000000
v -4.281559 -68.642776 132.955566
v -3.975631 -68.499611 123.020088
v 5.301353 -57.556309 135.000000
v 1.841320 -53.873077 132.923553
v 1.710295 -51.424091 127.903099
v -2.474876 -56.335175 123.050255
v 10.538385 -54.270535 121.000008
v 20.100555 -54.105545 127.881569
v 13.176765 -57.414841 132.949738
v 10.945143 -46.222130 123.101990
v 17.445459 -53.924171 123.086121
v 27.071606 -42.447903 132.979919
v 22.842609 -39.948055 134.981293
v 17.953892 -38.186562 132.980865
v 13.260796 -40.495625 128.000000
v 35.048153 -32.664024 128.000000
v 22.504086 -26.179436 127.903099
v 21.335167 -32.525135 123.050255
v 31.645733 -23.311579 120.967972
v 29.908379 -37.474880 123.050255
v 37.859890 -18.546202 133.010040
v 32.765533 -18.157755 135.000000
v 27.812653 -17.678152 132.897430
v 27.935993 -16.863636 123.140121
v 37.553219 -19.440580 123.044334
v 27.042889 -10.939847 128.000000
v 38.859524 9.218776 132.100555
v 37.938053 -0.282985 130.512680
v 39.216526 -3.613114 129.838776
v 38.808949 12.300105 130.073776
v 36.725956 12.452599 131.084488
v 35.593040 25.526476 130.552917
v 33.632927 24.980350 131.754028
v 31.540565 33.138798 129.871826
v 29.896618 37.735519 131.384430
v 33.765236 28.729181 132.079590
v 28.026287 36.388229 131.000000
v 22.034012 47.857220 132.094482
v 20.847904 46.861958 131.349594
v 22.046600 47.867756 129.866776
v 13.104101 57.328228 131.837952
v 11.909788 55.904945 131.528885
v 12.566282 56.687290 129.741104
v 2.455641 65.087189 131.412109
v -3.413591 66.768242 132.097504
v 1.665627 63.043541 130.615570
v -4.316415 68.119118 129.931061
v -14.025790 72.056816 131.953156
v -9.907519 68.481476 130.552917
v -21.686932 73.872452 130.512695
v -22.346867 71.759506 130.530121
v -34.731529 74.922127 130.169586
v -35.854866 73.925209 132.198486
v -34.842781 72.933678 130.552917
v -48.263840 73.889183 130.615570
v -53.388672 72.412384 132.068954
v -47.436111 71.862366 131.384430
v -48.366871 72.378220 129.904877
v -60.965996 70.212852 130.130844
v -60.298759 68.240189 131.000000
v -72.823471 65.042137 131.065765
v -72.049812 63.014397 131.793655
v -71.096306 64.110039 129.934601
v -83.535080 57.263081 131.445938
v -87.517586 51.938438 132.097488
v -81.862755 55.848911 130.545929
v -87.118752 53.533604 129.934143
v -90.893646 46.900375 130.569946
v -100.128220 37.334385 130.615585
v -94.858788 45.128616 131.933685
v -98.275101 36.264545 131.384430
v -98.441513 37.315605 129.904877
v -105.467110 25.757595 130.509705
v -104.676422 25.360147 132.212921
v -103.762550 24.741856 130.169586
v -108.872444 13.313058 130.512680
v -106.879097 12.386890 131.487335
v -109.063942 4.295016 129.871017
v -110.069885 -0.231587 131.384430
v -108.724182 8.152666 132.157196
v -107.933678 0.157229 130.552917
v -108.898605 -13.189960 131.447098
v -106.281883 -21.006708 132.103516
v -106.879105 -12.386876 130.512695
v -107.868408 -16.009991 129.939850
v -105.566925 -25.684208 130.650406
v -103.424126 -24.904318 131.000000
v -100.026825 -37.424309 130.509705
v -99.214142 -37.074047 132.212921
v -98.153069 -36.771435 130.169586
v -92.652855 -48.376492 131.000000
v -90.993004 -47.649399 132.028809
v -91.367638 -46.542370 130.206360
v -83.590210 -57.006935 130.206360
v -81.269508 -57.775406 132.212921
v -82.100433 -55.691914 130.512680
v -72.776016 -64.864075 130.512680
v -70.533981 -64.932289 132.212921
v -72.049820 -63.014389 130.206360
v -60.372574 -70.495598 130.169586
v -60.298737 -68.240204 131.000000
v -47.869831 -74.092155 130.915527
v -56.694393 -71.281990 132.074249
v -47.436123 -71.862366 131.384430
v -48.557762 -72.313408 129.934601
v -35.578876 -74.903030 130.206360
v -33.307190 -74.000000 132.212921
v -35.282978 -72.938057 130.512680
v -21.098000 -73.560867 131.866974
v -22.547379 -71.725952 131.084488
v -16.680546 -72.419930 129.922958
v -9.178072 -70.485504 131.447083
v -1.800629 -66.161545 132.130768
v -9.787778 -68.442558 130.512680
v 2.547865 -65.034821 130.650421
v 1.452101 -63.136967 130.650406
v 9.835304 -59.497070 129.929840
v 13.372112 -57.403114 131.447083
v 12.410332 -56.187313 132.064651
v 11.909790 -55.904942 130.471130
v 25.579712 -44.309776 131.939423
v 21.153458 -46.767902 131.830429
v 21.800749 -47.661480 129.787079
v 29.369831 -38.222919 130.133026
v 28.026264 -36.388264 131.000000
v 35.373573 -25.613892 131.891449
v 33.611099 -24.725946 131.384415
v 34.174583 -26.087248 129.801529
v 38.905098 -12.926898 130.509705
v 39.900143 -5.046180 131.830078
v 36.879101 -12.386890 131.487335
v 41.986938 7.236378 174.120010
v 39.826797 6.546484 178.955688
v 34.768852 12.302116 181.000000
v 29.952694 -6.593606 178.980881
v 27.996307 -5.511493 174.000000
v 30.050255 0.000000 169.050247
v 34.805836 -11.622015 166.965927
v 39.837337 -7.597009 169.086090
v 28.178535 16.816217 178.981339
v 26.176487 15.796190 174.096909
v 27.851044 17.588009 169.076416
v 32.642765 18.787022 167.018463
v 37.859882 18.546204 168.989960
v 34.941265 32.614174 174.000000
v 33.322800 31.721411 178.913376
v 22.468464 40.239872 181.000000
v 18.372774 37.372017 178.859909
v 19.559597 31.500008 174.000000
v 21.335167 32.525135 169.050247
v 19.653482 44.699898 166.967957
v 29.908379 37.474880 169.050247
v 20.029644 54.323963 173.880005
v 17.491407 53.825439 179.010040
v 9.715265 44.715279 174.000015
v 10.429560 46.864777 169.055298
v 18.083712 53.083744 168.946701
v 6.177845 56.903999 181.000000
v 6.813496 49.831390 178.949753
v -1.727591 69.688080 174.118454
v -4.160553 68.609558 178.913910
v -6.765207 58.842052 178.923584
v -8.274904 57.312130 174.000000
v -8.233852 59.547478 169.019119
v -5.272897 63.749916 167.000000
v 2.474869 64.908386 169.050247
v -15.767788 67.555916 181.000000
v -15.783187 72.589897 168.990631
v -28.256393 77.079865 174.000015
v -21.985111 73.811089 178.949753
v -28.593109 64.950310 178.923569
v -29.488508 62.996307 174.000000
v -30.030994 65.076118 169.076416
v -29.518833 69.988953 167.018463
v -41.546516 74.826797 178.955688
v -46.621994 69.805840 181.034073
v -40.513805 75.019600 169.086090
v -54.973480 74.542107 174.000015
v -46.295853 64.061996 178.949753
v -50.796181 61.176491 174.096909
v -46.295853 64.061996 169.050247
v -53.631886 67.782501 166.981277
v -66.827286 68.253807 178.955841
v -63.411049 58.780445 178.980881
v -63.234791 58.842064 169.076416
v -60.634312 70.429726 169.050247
v -73.499985 66.683968 174.000000
v -74.741287 57.871639 180.981537
v -70.449707 52.341175 174.000000
v -75.239845 57.468475 167.000000
v -78.059341 61.495186 168.946701
v -89.652023 54.651981 174.000015
v -88.924156 52.445477 178.913910
v -76.813492 49.831394 178.949753
v -81.072342 46.072350 169.140106
v -92.619354 40.345539 181.000000
v -88.401817 37.392410 178.944611
v -83.260788 40.495632 174.000000
v -92.322174 40.691315 167.018707
v -92.414825 48.176785 169.050247
v -105.048157 32.664021 174.000000
v -99.908371 37.474892 178.949753
v -92.504059 26.179482 173.903091
v -91.335159 32.525143 169.050247
v -102.725754 32.734737 169.086090
v -107.473083 19.652744 179.009369
v -103.121246 17.122389 181.000000
v -97.775520 17.871344 178.944702
v -98.224602 16.193863 169.076431
v -102.869102 18.185501 167.000000
v -110.830193 13.370936 174.000000
v -97.996307 5.511485 174.000000
v -109.809067 7.491831 168.989960
v -111.865211 -7.431114 174.118439
v -110.009430 -5.388735 178.955597
v -104.877464 -6.755592 181.018478
v -100.070862 -4.871132 178.897430
v -99.908188 -5.678729 169.140091
v -104.609703 -12.274069 166.932602
v -97.042892 -10.939828 174.000000
v -108.811096 -13.014878 169.050247
v -105.282791 -31.997047 173.881577
v -105.429726 -25.634312 178.949753
v -98.517342 -30.119131 180.981293
v -94.270889 -27.638454 179.029190
v -92.224693 -26.684277 174.000000
v -96.127243 -22.248489 169.050247
v -102.725769 -32.734715 169.086090
v -96.117722 -43.810204 178.979919
v -88.401840 -37.392387 169.055389
v -92.322220 -40.691261 167.018707
v -93.985435 -49.494633 174.000000
v -83.889061 -50.433521 181.000000
v -81.222137 -45.945137 178.898026
v -83.260811 -40.495609 174.000000
v -88.256325 -52.937168 168.990631
v -79.868111 -62.851688 174.118439
v -77.447876 -62.071632 178.979935
v -70.449707 -52.341175 174.000000
v -76.813492 -49.831394 169.050247
v -74.741280 -57.871639 167.018463
v -64.649223 -63.582977 181.000000
v -63.316891 -58.788597 178.897430
v -63.500648 -58.718525 169.055298
v -72.474861 -64.908394 169.050247
v -56.155411 -74.311523 174.000000
v -53.658195 -72.846283 178.979935
v -56.547260 -59.200638 174.000000
v -53.787006 -67.642776 166.981522
v -53.332069 -72.934135 169.044403
v -41.578552 -69.988129 181.018723
v -41.406868 -64.950310 178.923569
v -39.933060 -62.990055 173.903107
v -46.295853 -64.061996 169.050247
v -28.256393 -77.079857 174.000000
v -28.680235 -74.824066 179.009369
v -29.318176 -64.943550 169.055389
v -29.325338 -70.067200 167.018707
v -28.230667 -74.784729 168.990631
v -10.162027 -66.264618 180.965942
v -23.704140 -64.061996 178.949753
v -24.060162 -62.042889 174.000000
v -2.385861 -69.941284 174.000000
v -3.278620 -68.322815 178.913376
v -8.233862 -59.547474 178.980881
v -7.396100 -56.870953 174.000000
v -8.338874 -59.576309 169.055298
v 0.967357 -60.944847 166.965927
v -3.051868 -68.217064 169.086609
v 18.777935 -55.476910 174.000000
v 18.757584 -52.581669 178.979919
v 15.433542 -48.889042 181.000000
v 10.429556 -46.864773 178.944702
v 10.082281 -44.268158 173.903107
v 6.813496 -49.831390 169.050247
v 18.996733 -52.343151 169.044403
v 18.873075 -36.841324 169.076431
v 22.871609 -39.741341 167.018463
v 31.683952 -38.500008 174.000000
v 33.499599 -31.024414 178.979935
v 31.270321 -24.120430 181.000000
v 23.788586 -28.316914 178.897430
v 22.312122 -26.725111 174.000000
v 33.150127 -31.529966 168.990631
v 39.656021 -20.004023 174.000015
v 27.935997 -16.863623 169.140106
v 38.811089 -13.014901 178.949753
v 41.986938 7.236378 220.120010
v 39.826797 6.546484 224.955688
v 34.854065 -10.734909 227.000000
v 29.952694 -6.593606 224.980881
v 27.996307 -5.511493 220.000000
v 30.113979 5.696751 215.055511
v 35.656921 -1.558227 213.000000
v 39.834591 -7.381890 215.020065
v 32.642761 18.787043 227.018478
v 28.135521 16.917091 224.944473
v 26.176487 15.796190 220.096909
v 37.846260 18.658253 215.020065
v 34.941265 32.614174 220.000000
v 33.322800 31.721411 224.913376
v 23.718517 28.500664 215.055298
v 28.900757 29.296888 212.981277
v 22.871620 39.741318 226.981537
v 18.273518 37.541618 224.898026
v 19.559597 31.500008 220.000000
v 29.908379 37.474880 215.050247
v 20.029642 54.323963 219.880005
v 17.491407 53.825439 225.010040
v 9.715265 44.715279 220.000015
v 10.429560 46.864780 215.055298
v 15.091429 49.186844 213.018463
v 18.083712 53.083744 214.946701
v 6.177845 56.903999 227.000000
v 3.023663 53.045185 224.923569
v -1.727591 69.688080 220.118454
v -4.160553 68.609558 224.913910
v -8.274904 57.312130 220.000000
v -8.233862 59.547482 215.019119
v -4.880825 63.517315 213.018707
v 2.474869 64.908386 215.050247
v -16.368069 67.782486 226.981293
v -17.227694 62.820961 224.980881
v -15.783188 72.589897 214.990631
v -28.256393 77.079865 220.000015
v -21.985111 73.811089 224.949753
v -29.489714 62.982536 220.201004
v -29.124744 64.907036 215.101959
v -28.876154 69.995895 213.000000
v -41.546516 74.826797 224.955688
v -41.122524 69.980606 227.038330
v -40.696732 65.113968 224.944473
v -40.513805 75.019600 215.086090
v -54.973480 74.542107 220.000015
v -50.796181 61.176487 219.903107
v -46.295853 64.061996 215.050247
v -58.311546 66.645744 212.967957
v -66.827286 68.253807 224.955841
v -69.530319 61.585232 226.967972
v -63.411053 58.780437 224.980881
v -63.316895 58.788609 215.102554
v -60.634312 70.429726 215.050247
v -73.499985 66.683968 220.000000
v -70.449715 52.341171 220.000000
v -78.254730 61.380840 214.990631
v -89.105545 55.100555 220.118454
v -88.924156 52.445477 224.913910
v -76.813492 49.831394 224.949753
v -76.813492 49.831394 215.050247
v -83.889023 50.433548 213.000000
v -95.944832 35.967365 227.034073
v -88.498177 37.220776 224.898026
v -83.260788 40.495632 220.000000
v -88.994904 36.699848 215.019119
v -92.414825 48.176785 215.050247
v -105.124916 32.699799 220.000015
v -99.908371 37.474892 224.949753
v -92.312103 26.725149 220.000000
v -98.189949 30.670996 213.000000
v -103.150116 31.529978 214.990631
v -107.473083 19.652744 225.009369
v -97.820938 17.772358 224.980881
v -96.127235 22.248518 215.050247
v -111.877998 6.725975 220.000015
v -105.701431 -0.000003 227.000000
v -97.889702 6.080041 220.096909
v -100.110886 4.785526 215.019119
v -105.656921 1.558235 213.000000
v -110.051781 6.440607 215.086609
v -109.949745 0.000007 224.949753
v -100.050255 0.000006 224.949753
v -110.830200 -13.370900 220.000000
v -107.415855 -20.264595 224.979935
v -97.775536 -17.871296 224.944702
v -97.042892 -10.939828 220.000000
v -97.812660 -17.678148 215.102554
v -107.553223 -19.440548 215.044312
v -105.282799 -31.997046 220.118439
v -98.517342 -30.119131 226.981293
v -92.504105 -26.179386 220.096909
v -96.353691 -35.422585 213.000000
v -96.639656 -42.885120 225.009369
v -91.335175 -32.525116 224.949753
v -88.401833 -37.392403 215.055389
v -99.908394 -37.474857 215.050247
v -93.985435 -49.494633 220.000000
v -83.889061 -50.433521 227.000000
v -81.222122 -45.945148 224.898026
v -83.260811 -40.495609 220.000000
v -88.256325 -52.937168 214.990631
v -78.715393 -63.658829 219.881577
v -78.308556 -61.632965 224.913376
v -70.767120 -52.084496 219.903107
v -76.813492 -49.831394 215.050247
v -74.741280 -57.871639 213.018463
v -58.311554 -66.645744 227.032043
v -67.525116 -56.335178 224.949753
v -63.500652 -58.718525 215.055298
v -67.626251 -67.735168 214.989960
v -61.335541 -72.356339 220.000000
v -53.658195 -72.846283 224.979935
v -52.588009 -62.851036 224.923584
v -56.547260 -59.200638 220.000000
v -52.755512 -68.017326 212.981277
v -42.431114 -76.865211 220.118439
v -39.933060 -62.990055 219.903107
v -40.806244 -65.119896 215.018661
v -41.440617 -75.051788 215.086609
v -28.680235 -74.824066 225.009369
v -28.421442 -69.988121 226.981293
v -30.214470 -65.110878 224.980881
v -21.196009 -69.312897 213.000000
v -21.629086 -75.830193 220.000000
v -18.231285 -61.004246 220.098190
v -18.321400 -63.002113 215.101959
v -15.559412 -72.553215 215.044312
v -1.727590 -69.688080 219.881561
v -3.278620 -68.322815 224.913376
v 1.069208 -60.696751 227.032043
v -8.167085 -59.480587 224.897430
v 1.710291 -51.424088 219.903107
v 2.410419 -53.616917 215.018661
v 11.061110 -53.511288 213.032028
v 2.474869 -64.908386 215.050247
v 19.651989 -54.652020 220.000000
v 18.757584 -52.581669 224.979919
v 10.518385 -46.801762 224.980881
v 17.581627 -53.757610 215.020065
v 22.842613 -39.948051 226.981293
v 16.800673 -36.271221 220.000015
v 18.873075 -36.841328 215.076416
v 31.683952 -38.500008 220.000000
v 33.499599 -31.024414 224.979935
v 23.788586 -28.316914 224.897430
v 28.352795 -30.247654 212.981522
v 32.796761 -32.531643 215.020065
v 39.656021 -20.004023 220.000015
v 24.200630 -21.547279 220.000000
v 27.900738 -17.056942 215.101974
v 38.811089 -13.014901 224.949753
v 41.978661 -6.734760 264.245667
v 39.784718 -6.769351 269.009338
v 34.854065 -10.734906 271.000000
v 30.110886 4.785551 268.980865
v 27.996311 -5.511491 264.000000
v 30.050255 0.000000 259.050232
v 34.570984 12.953874 256.965942
v 40.063892 -6.567247 259.141754
v 39.639694 19.999649 263.754333
v 38.811089 13.014885 268.949738
v 32.555923 19.232203 271.000000
v 26.176491 15.796190 264.096893
v 27.851044 17.588009 259.076416
v 37.589893 19.216812 258.990631
v 33.075157 31.743933 268.955658
v 24.238728 27.623459 268.944458
v 31.683952 38.500008 264.000000
v 18.124733 46.611073 271.000000
v 17.058361 35.953236 263.901825
v 21.335167 32.525135 259.050232
v 18.511286 46.061108 257.032043
v 26.690121 43.195889 259.044159
v 19.105513 55.100586 263.881561
v 22.414829 48.176773 268.949738
v 11.097404 46.097469 268.944580
v 10.636576 46.657207 259.076416
v 7.284903 62.211964 268.913879
v 1.271214 51.800686 264.000000
v 7.171503 62.265694 259.044403
v -1.727596 69.688072 264.118439
v -5.911711 63.893410 271.018494
v -2.474876 56.335175 268.949738
v -8.073358 59.452061 259.076416
v -5.305437 63.680138 257.000000
v -9.365677 70.429726 268.949738
v -17.411972 62.851044 268.923553
v -18.633091 61.082211 264.000000
v -15.783188 72.589897 258.990631
v -28.256393 77.079857 264.000000
v -28.457088 74.786057 269.053284
v -28.244411 69.877457 270.981537
v -29.124744 64.907036 259.101959
v -28.876154 69.995895 257.000000
v -34.999992 65.050255 268.949738
v -39.933037 62.990063 264.096893
v -40.513805 75.019600 259.086090
v -55.665714 74.407059 263.881561
v -48.014877 73.811096 268.949738
v -52.755432 68.017349 271.018707
v -52.056961 62.900723 268.898010
v -46.295853 64.061996 259.050232
v -59.181278 66.437614 257.000000
v -67.626259 67.735153 269.010040
v -56.547260 59.200638 264.000000
v -63.234791 58.842064 259.076416
v -60.634312 70.429726 259.050232
v -73.499985 66.683968 264.000000
v -80.445953 54.160480 271.000000
v -72.588287 53.492374 268.981323
v -70.767128 52.084499 264.096893
v -77.447861 62.071632 259.020081
v -89.652023 54.651974 264.000000
v -88.924133 52.445480 268.913910
v -76.813492 49.831394 259.050232
v -84.186821 50.091450 256.981506
v -88.498192 37.220768 268.898010
v -83.260788 40.495632 264.000000
v -88.994904 36.699848 259.019104
v -96.117699 43.810219 259.020081
v -105.290833 32.226566 264.119995
v -102.959381 31.939005 269.009338
v -98.680115 29.694609 271.000000
v -92.312111 26.725149 264.000000
v -101.572662 24.230465 257.000000
v -96.127235 22.248518 268.949738
v -98.224602 16.193867 259.076416
v -107.381165 20.476997 259.086090
v -111.987846 6.029290 263.881561
v -110.029968 6.689869 268.913361
v -104.995895 6.123934 271.000000
v -99.950317 6.406872 268.923553
v -97.996307 5.511484 264.000000
v -99.908195 -5.678715 259.140076
v -104.372688 -13.134451 256.967957
v -109.973495 -5.612461 258.989960
v -110.830200 -13.370900 264.000000
v -107.415848 -20.264580 268.979919
v -101.264648 -24.837914 270.965942
v -99.061996 -11.295851 268.949738
v -97.042892 -10.939828 264.000000
v -105.048172 -32.663982 264.000000
v -94.547478 -26.766136 268.980865
v -92.017525 -27.222872 263.903107
v -96.127243 -22.248489 259.050232
v -103.609543 -30.839464 259.086090
v -96.117722 -43.810188 268.979889
v -88.401833 -37.392403 259.055389
v -92.322197 -40.691284 257.018707
v -93.985435 -49.494633 264.000000
v -83.889061 -50.433517 271.000000
v -81.864777 -45.429573 268.944672
v -83.260811 -40.495609 264.000000
v -88.996765 -52.343121 259.044403
v -78.942795 -63.626915 264.119995
v -78.254753 -61.380821 269.009338
v -70.767128 -52.084503 263.903076
v -76.813492 -49.831394 259.050232
v -74.741287 -57.871639 257.018463
v -64.649223 -63.582977 271.000000
v -63.316891 -58.788612 268.897430
v -63.411060 -58.780441 259.019104
v -67.626251 -67.735168 258.989960
v -54.973473 -74.542107 264.000000
v -60.634312 -70.429726 268.949738
v -56.547260 -59.200638 264.000000
v -53.787006 -67.642776 256.981506
v -40.513824 -75.019592 268.913879
v -41.578648 -69.988121 271.018707
v -41.406876 -64.950317 268.923553
v -39.933052 -62.990063 263.903076
v -40.696735 -65.113976 259.055511
v -48.014877 -73.811096 259.050232
v -34.999992 -77.000000 264.000000
v -29.325308 -70.067200 257.018707
v -28.230667 -74.784729 258.990631
v -14.995973 -74.656013 264.000000
v -21.985111 -73.811089 268.949738
v -10.818710 -66.437614 271.000000
v -18.806171 -63.224617 268.923553
v -18.633083 -61.082207 264.000000
v -17.227699 -62.820972 259.019104
v -2.468400 -67.796768 268.979919
v 0.967357 -60.944847 256.965942
v -3.975635 -68.499611 259.020081
v 8.715448 -63.658783 264.118439
v 1.841323 -53.873085 268.923553
v 1.271217 -51.800682 264.000000
v 3.023667 -53.045193 259.076416
v 17.937155 -53.256325 269.009338
v 19.642605 -44.967888 270.965942
v 18.353046 -53.176163 259.086609
v 23.985416 -49.494652 264.000000
v 17.953897 -38.186562 268.980865
v 16.800678 -36.271221 264.000000
v 18.873075 -36.841328 259.076416
v 22.871609 -39.741333 257.018463
v 35.032841 -32.656883 263.754333
v 33.217041 -31.948183 268.913361
v 33.150127 -31.529966 258.990631
v 27.812660 -17.678152 268.897430
v 24.200630 -21.547279 264.000000
v 27.900738 -17.056942 259.101990
v 32.869099 -18.185514 257.000000
v -35.337753 53.710342 279.330841
v -34.662239 53.710346 290.669189
v -25.535913 52.648678 278.837006
v -23.698139 52.265980 291.174744
v -14.870772 49.704479 279.130402
v -14.072774 49.477795 290.626007
v -5.408546 44.857067 279.440735
v -4.435325 43.924793 291.125793
v 3.217785 37.740108 290.669189
v 2.529851 38.063629 278.735962
v 9.504988 30.118376 279.440735
v 9.822414 29.439302 290.869598
v 14.477795 20.927225 279.374023
v 14.736204 19.578804 291.240479
v 17.247459 11.259461 278.777191
v 17.744202 10.147112 290.669189
v 18.624073 0.424097 279.130432
v 18.573473 -0.481209 290.975128
v 17.744204 -10.147105 279.330841
v 14.310555 -20.611584 291.264618
v 17.612421 -10.809625 290.669189
v 14.433081 -20.318913 278.725922
v 9.857067 -29.591452 279.440735
v 8.964521 -30.552910 291.060394
v 3.217785 -37.740108 279.330841
v 2.703012 -38.268574 290.626007
v -4.435335 -43.924789 278.874237
v -6.381368 -45.163506 291.236969
v -14.072774 -49.477795 279.374023
v -14.688600 -49.733116 290.632538
v -23.757370 -52.240120 278.758118
v -25.574242 -52.701115 291.079315
v -34.662239 -53.710346 279.330841
v -35.337753 -53.710342 290.669189
v -44.464088 -52.648678 278.837006
v -46.203709 -52.223118 291.286072
v -55.129230 -49.704475 279.130402
v -55.927223 -49.477795 290.626007
v -64.591454 -44.857067 279.440735
v -65.552910 -43.964520 291.060394
v -73.268562 -37.703022 290.626007
v -72.529846 -38.063633 278.735962
v -79.504997 -30.118353 279.440704
v -79.812065 -29.363716 290.975128
v -84.477798 -20.927235 279.374023
v -84.790703 -19.553493 291.163025
v -87.247467 -11.259443 278.777191
v -87.744209 -10.147089 290.669189
v -88.720032 -0.399890 279.374023
v -87.433029 10.368021 291.272186
v -88.720032 0.399892 290.626007
v -87.633904 9.539163 278.856140
v -84.704483 20.129219 279.130402
v -84.477798 20.927216 290.626007
v -79.888741 29.512739 279.374023
v -78.963676 30.508545 291.106506
v -72.703003 38.268578 290.626007
v -72.808182 37.787022 278.756775
v -65.118362 44.504997 279.440735
v -64.439301 44.822414 290.869598
v -55.927223 49.477795 279.374023
v -44.829418 52.509872 291.284088
v -55.311405 49.733116 290.632538
v -46.242641 52.240116 278.758118
v -35.424095 57.624077 42.630398
v -23.315458 56.208813 51.786224
v -34.733253 57.720249 51.132523
v -24.072542 56.667351 42.830822
v -13.984191 53.534649 42.369900
v -12.542060 53.173317 51.126015
v -3.186254 48.182938 42.940704
v -2.220681 47.256001 51.610405
v 6.096985 40.531456 51.126015
v 5.349192 40.890381 42.212784
v 12.830870 32.340652 42.940704
v 13.148275 31.661610 51.369606
v 18.173317 22.457945 42.873993
v 21.432001 10.752685 51.729267
v 18.428633 21.842142 51.132523
v 21.176941 12.140446 42.322025
v 22.624077 0.424090 42.630398
v 22.720024 -0.399888 51.126011
v 21.667351 -10.927449 42.830822
v 21.434107 -11.657843 51.369610
v 12.792517 -31.840750 51.814266
v 18.173315 -22.457949 51.126011
v 18.115368 -21.912500 42.233585
v 13.182938 -31.813749 42.940704
v 6.096983 -40.531456 42.873989
v 5.531464 -41.096977 51.126015
v -2.220683 -47.256001 42.389599
v -3.338392 -48.148273 51.369606
v -12.877288 -52.998413 42.203617
v -24.247314 -56.432003 51.729267
v -13.157871 -53.428635 51.132526
v -23.410009 -56.535564 42.830822
v -35.101295 -57.517643 42.365108
v -35.399887 -57.720024 51.126011
v -45.927460 -56.667351 42.830822
v -46.657837 -56.434109 51.369610
v -56.659966 -53.399998 42.630394
v -57.572006 -52.811462 51.775585
v -66.735039 -48.214607 42.873989
v -67.366859 -47.677040 51.369606
v -75.700584 -40.546776 42.220654
v -82.802231 -31.986736 51.617779
v -76.002998 -40.625755 51.132526
v -82.770271 -32.400040 42.873993
v -88.173325 -22.457920 42.873985
v -88.357338 -21.536423 51.550365
v -91.158607 -12.098516 42.274429
v -91.593521 -10.236580 51.610405
v -92.624077 -0.424075 42.630398
v -92.720032 0.399889 51.126011
v -91.667351 10.927472 42.830822
v -91.434113 11.657852 51.369606
v -88.534653 21.015806 42.369900
v -82.803268 31.836794 51.803925
v -88.173325 22.457922 51.126019
v -83.140816 31.845875 42.867481
v -76.642311 39.622826 42.279964
v -75.531464 41.096977 51.126015
v -67.340660 47.830868 42.940704
v -66.661621 48.148266 51.369606
v -57.656273 52.755905 42.177475
v -55.691341 53.613907 51.742531
v -46.589993 56.535564 42.830822
v -45.999039 56.663208 51.132526
v 32.546371 42.787506 171.267502
v 123.294495 42.803062 174.762360
v 123.832855 41.607655 165.977173
v 32.292686 39.667133 159.373978
v 123.376907 39.429173 158.393723
v 123.707321 35.030468 150.699371
v 32.287071 35.439953 151.293900
v 32.755199 27.316723 141.714508
v 123.495880 27.145967 141.787582
v 123.823120 7.675186 133.117569
v 123.314316 16.436129 135.454041
v 32.141205 16.581440 135.856247
v 32.650608 8.544171 133.071045
v 32.546371 -3.732505 132.212494
v 123.294495 -0.237646 132.196930
v 123.665436 -12.855395 134.117630
v 32.292683 -15.626016 135.332870
v 32.312225 -26.838949 141.602570
v 123.735107 -24.273891 139.970032
v 32.465916 -37.645252 154.387024
v 123.453644 -33.502865 148.125107
v 123.821686 -41.878021 167.246704
v 123.376907 -39.623062 158.861816
v 32.179047 -41.612446 165.969284
v 32.546371 -42.787506 178.732498
v 123.350525 -42.739037 179.649963
v 123.847031 -39.283699 191.407867
v 32.201138 -39.345646 191.331589
v 32.641617 -33.432343 202.026047
v 123.527222 -35.342064 198.997345
v 123.609573 -26.878872 208.413132
v 32.277969 -24.343513 210.000763
v 32.292683 -12.860305 215.859924
v 123.735123 -15.640457 214.644623
v 32.546368 3.732485 217.787506
v 123.571198 -3.739168 217.736588
v 123.710754 12.421552 215.948532
v 32.181957 16.578638 214.268646
v 32.486958 27.270144 208.105423
v 123.579895 27.238934 208.190720
v 32.655495 35.411980 199.022232
v 123.464218 38.024494 194.967484
v 123.833221 41.875645 182.674637
v 32.138939 39.156963 191.633667
v 32.650612 41.928955 183.544189
v 111.771103 95.475410 168.742142
v 48.108555 42.824753 172.051590
v 48.130333 39.673618 158.275650
v 111.836731 92.279305 150.273804
v 111.740669 85.662766 132.328064
v 48.402512 32.780655 146.735443
v 111.789482 71.690681 111.592987
v 48.167683 21.692505 137.684219
v 111.742401 53.155869 95.446716
v 111.751396 30.771187 84.351105
v 48.102489 7.340383 132.753540
v 111.771103 6.257873 79.524597
v 111.706551 -12.180530 80.283997
v 48.423717 -5.677169 131.877335
v 111.754875 -30.394238 84.250435
v 48.089951 -18.948666 136.575851
v 111.754456 -47.760895 92.275703
v 48.393143 -30.429516 144.019531
v 111.820961 -63.088943 103.060692
v 111.738014 -79.594460 121.816612
v 48.118824 -37.895393 154.827072
v 111.771103 -90.602509 144.244553
v 48.333714 -42.921703 168.924728
v 111.723099 -95.520554 168.739182
v 111.820969 -93.845741 193.667023
v 48.087833 -42.252964 182.642563
v 48.184689 -37.937393 195.605743
v 111.740669 -86.002159 216.983719
v 111.692474 -75.774895 233.144119
v 111.794044 -63.087536 246.937668
v 48.148716 -28.397882 207.256012
v 48.148708 -16.196926 214.912933
v 111.726944 -47.758793 257.720581
v 111.789490 -30.382227 265.757507
v 48.425694 -2.834292 218.243362
v 111.771103 -6.257891 270.475433
v 111.723099 18.675140 268.886200
v 48.207966 11.420388 216.652344
v 111.757599 42.317810 260.812073
v 111.815529 62.794979 247.231079
v 48.101799 26.428865 208.979706
v 111.723099 79.592819 228.182297
v 48.245483 37.423546 196.567505
v 111.771103 90.602516 205.755447
v 48.332710 42.272305 183.863998
v 111.692474 94.695061 187.466812
v 104.402954 97.754623 181.277298
v 104.312943 96.181137 156.456390
v 113.583199 96.022545 155.402191
v 113.906319 89.879913 136.784439
v 104.269783 90.464027 138.036514
v 104.442345 81.863350 121.113403
v 113.594505 81.149635 120.058258
v 113.790344 68.714111 105.553337
v 104.112915 69.359276 106.265877
v 104.520477 59.747021 97.530220
v 113.687065 53.939026 93.236572
v 104.442337 43.952423 87.401161
v 113.765411 30.897387 82.087387
v 104.141144 25.682394 80.771194
v 104.520500 13.007557 78.035690
v 113.687050 5.830867 77.221283
v 104.442352 -5.735510 77.160973
v 113.749741 -19.693707 79.078079
v 104.228371 -30.395954 81.895294
v 113.658554 -43.835415 87.388466
v 104.077530 -48.539612 90.240471
v 104.400558 -64.241394 100.994865
v 113.620193 -64.961296 101.646408
v 113.892464 -77.737366 115.912674
v 104.288818 -81.107750 120.100349
v 104.341454 -92.583656 142.975159
v 113.557655 -88.196594 132.259705
v 113.890358 -96.934853 163.063644
v 113.501503 -94.571915 149.973953
v 104.125656 -96.742279 161.672440
v 104.442345 -97.839035 180.735519
v 113.572838 -97.747833 182.078094
v 104.225136 -94.657875 199.219498
v 113.811356 -94.217346 200.799469
v 104.312935 -88.104393 217.805313
v 113.658546 -87.611526 218.835449
v 104.288818 -74.021248 239.134964
v 113.852776 -76.803741 235.341507
v 104.187607 -54.906731 256.045044
v 113.578796 -64.165588 249.076263
v 113.685066 -48.497734 259.865784
v 104.341461 -32.024822 267.583679
v 113.840553 -36.336067 265.669037
v 104.209679 -13.265216 271.791016
v 113.578781 -18.530872 271.234741
v 104.442368 5.735437 272.839050
v 113.711174 6.990587 272.691193
v 113.796257 26.326729 269.081116
v 104.125465 24.857927 269.439178
v 104.432686 42.962467 263.087189
v 113.610977 43.935574 262.581970
v 104.498497 59.312111 252.796051
v 113.812393 65.015472 248.184952
v 104.123451 68.680336 244.434433
v 104.432678 81.250130 229.804596
v 113.687065 81.763420 228.939056
v 104.498489 90.263840 212.717224
v 113.735001 92.696205 206.466187
v 104.121811 94.339722 200.385269
v 113.685402 97.781296 181.408951
v 60.325363 52.762287 173.226334
v 102.995590 89.507149 173.190979
v 60.326927 52.783222 176.787827
v 103.016586 89.505577 176.795868
v 57.995804 55.514061 173.197342
v 100.693611 92.225433 173.219040
v 57.992729 55.473171 176.802673
v 100.654045 92.228401 176.780975
v 60.804527 37.196991 211.679642
v 103.475990 63.127213 237.665451
v 59.380630 36.313217 214.871353
v 102.079262 62.310226 240.838867
v 58.920746 40.220261 211.691605
v 101.619370 66.217278 237.659088
v 57.524017 39.403271 214.865005
v 100.195480 65.333496 240.850815
v 60.325363 -1.773659 227.762283
v 102.995590 -1.809029 264.507141
v 58.004417 -1.809021 230.492859
v 100.674660 -1.773667 267.237732
v 60.326927 1.787811 227.783218
v 103.016586 1.795850 264.505585
v 57.983421 1.795853 230.494431
v 100.673096 1.787807 267.216766
v 58.911423 -40.239986 211.701004
v 101.621017 -66.200844 237.640549
v 57.527153 -39.380360 214.867935
v 100.204224 -65.356239 240.845993
v 60.804520 -37.196999 211.679642
v 103.486252 -63.140896 237.681931
v 59.380630 -36.313221 214.871368
v 102.064049 -62.292957 240.835144
v 57.983147 -55.474556 173.219040
v 100.652664 -92.218811 173.197342
v 57.986107 -55.514126 176.780975
v 100.693550 -92.215744 176.802673
v 60.347336 -52.781193 173.197342
v 103.016861 -89.525452 173.219040
v 60.306450 -52.784260 176.802673
v 103.013893 -89.485878 176.780975
v 57.524017 -39.403278 135.134995
v 100.195480 -65.333488 109.149170
v 58.920753 -40.220272 138.308411
v 101.619370 -66.217270 112.340874
v 59.361259 -36.327408 135.125732
v 102.088585 -62.290497 109.170532
v 60.818817 -37.180309 138.311340
v 103.472847 -63.150124 112.337456
v 57.983414 -1.795851 119.505577
v 100.673073 -1.787809 82.783218
v 60.326935 -1.787810 122.216782
v 103.016586 -1.795850 85.494431
v 58.004410 1.809022 119.507149
v 100.674637 1.773663 82.762283
v 60.325356 1.773661 122.237724
v 102.995590 1.809026 85.492851
v 59.398308 36.316006 135.112366
v 102.079254 62.310223 109.161125
v 60.772209 37.177330 138.308411
v 103.475693 63.134487 112.357155
v 57.513756 39.389580 135.151459
v 100.195480 65.333504 109.149170
v 58.953079 40.239933 138.320358
v 101.612244 66.220909 112.318062
v 46.000008 -5.333858 129.109955
v 48.167919 4.585039 130.006226
v 49.014408 -3.788592 132.009369
v 48.078602 -4.600365 134.220306
v 46.078098 4.345351 135.089569
v 43.878681 0.000000 134.121323
v 42.985401 -3.923926 131.948471
v 43.904728 -3.734644 129.826996
v 46.000004 8.974158 129.883881
v 48.144920 11.302700 135.520966
v 43.921410 12.467688 135.901352
v 43.025013 17.202873 135.080536
v 43.831528 13.761671 131.843445
v 46.089809 22.180773 134.509033
v 48.985214 16.609537 134.044373
v 45.921906 18.560043 139.401550
v 49.052628 30.779917 144.220078
v 48.121323 22.710979 141.010620
v 43.896854 29.965822 146.489151
v 43.904728 29.301355 140.417068
v 47.525341 30.511972 140.697220
v 48.078602 32.088551 149.417328
v 46.000000 30.602478 148.973831
v 42.970116 33.387882 147.599258
v 45.910194 40.490967 152.819214
v 48.094879 40.086018 153.669678
v 43.854382 40.222324 154.142471
v 48.970112 41.332191 162.462006
v 48.116135 39.224564 163.101364
v 44.535122 38.805222 163.452438
v 43.029884 41.332191 162.462021
v 46.000000 46.059578 170.463516
v 48.167915 45.023731 170.719086
v 46.000000 39.996239 171.060715
v 43.798641 44.994766 170.568390
v 48.078598 40.893627 178.443771
v 43.951191 40.764034 179.014908
v 43.036037 43.412003 183.557449
v 46.000000 44.142632 188.390518
v 48.963963 43.411999 183.557449
v 46.000004 38.459206 186.666473
v 48.126953 39.581314 197.057709
v 48.996758 37.357601 194.379562
v 43.854725 36.244453 194.460114
v 43.000000 38.437801 194.686737
v 44.475876 39.450294 198.369080
v 48.116215 31.271963 201.595505
v 45.921909 31.293579 200.148270
v 45.999996 29.361273 210.776810
v 48.127041 28.702271 209.973892
v 49.014599 27.667364 208.216705
v 43.883869 26.003481 206.685379
v 42.999996 27.446384 208.443558
v 43.872952 28.702276 209.973892
v 48.116135 19.322380 211.149551
v 45.999992 18.971653 210.493454
v 46.000004 13.390514 219.142639
v 48.094872 13.262229 218.427933
v 48.999996 8.494875 217.706635
v 43.854725 12.015243 214.344498
v 43.014400 12.102904 216.425461
v 43.872799 13.177218 218.439529
v 48.115990 4.031032 215.927841
v 45.999985 3.931653 214.918961
v 45.999996 0.000004 221.000000
v 48.167908 -4.280908 220.023758
v 43.900692 -4.533348 215.797287
v 42.985394 -4.550406 217.989838
v 43.872955 -4.434669 220.025864
v 45.999996 -13.390537 219.142624
v 48.956909 -16.777744 215.870224
v 48.144909 -12.535594 214.105026
v 46.000004 -10.985594 213.641815
v 43.951195 -19.309013 211.124619
v 43.063267 -16.871191 215.893005
v 44.607819 -27.774458 211.698456
v 48.168480 -29.229393 209.605103
v 49.000000 -31.530767 204.999832
v 48.079105 -25.886600 206.761169
v 45.999989 -35.192856 204.930084
v 46.078087 -31.293585 200.148285
v 44.967670 -25.354443 206.266205
v 43.026611 -36.506371 198.827240
v 48.095280 -40.305206 195.737381
v 43.855083 -36.515430 193.787476
v 44.448269 -41.127617 195.276001
v 48.974995 -42.749237 182.874374
v 48.048809 -39.197487 186.890472
v 47.391911 -35.129986 194.989243
v 46.089806 -45.896988 179.997162
v 48.168476 -45.137814 178.801193
v 46.000000 -39.904388 179.638184
v 43.957733 -41.224930 175.186768
v 43.000000 -43.508701 173.917450
v 43.878677 -44.254322 183.802750
v 48.078720 -40.696945 167.654343
v 44.547085 -45.430458 168.702881
v 48.167915 -43.234741 161.725189
v 49.014404 -41.425476 162.897156
v 46.000000 -38.512642 163.317337
v 46.089809 -40.938225 153.655975
v 43.883781 -36.538334 156.286179
v 42.974995 -35.796295 150.339752
v 43.878681 -41.686661 157.732803
v 48.969208 -36.757481 150.508865
v 48.145279 -31.751547 148.842880
v 46.078098 -30.770185 149.213959
v 44.547081 -34.275555 144.524338
v 48.127048 -28.702356 140.026199
v 43.883785 -26.595566 143.728073
v 46.089809 -22.180763 134.509033
v 49.000004 -20.394535 136.844559
v 48.116135 -19.322359 138.850449
v 46.000004 -22.222809 141.741211
v 43.029892 -20.360594 136.908051
v 43.872807 -21.398623 134.965897
v 48.127201 -13.177279 131.560501
v 46.000008 -10.985597 136.358200
v 43.883785 -12.603796 135.930817
v -52.599998 -97.599998 47.000000
v -52.599998 -102.000000 51.400002
v -56.279827 -98.360382 49.051674
v -55.049644 -100.576912 48.787285
v -57.000000 -97.599998 286.600006
v -54.841267 -100.059784 289.852875
v -55.207527 -101.224442 286.941742
v -57.000000 -84.400002 51.400002
v -52.599998 -80.000000 51.400002
v -55.576912 -81.950356 48.787289
v -52.941734 -81.792473 47.775558
v -52.599998 -84.400002 291.000000
v -52.599998 -80.000000 286.600006
v -55.212704 -81.950356 289.576935
v -56.224438 -81.792480 286.941742
v -21.000000 -97.599998 51.400002
v -25.400000 -102.000000 51.400002
v -22.423094 -100.049652 48.787289
v -25.058266 -100.207535 47.775558
v -25.400000 -97.599998 291.000000
v -25.400000 -102.000000 286.600006
v -22.787304 -100.049652 289.576935
v -21.775564 -100.207527 286.941742
v -25.400000 -84.400002 47.000000
v -25.400000 -80.000000 51.400002
v -21.720177 -83.639626 49.051674
v -22.950359 -81.423096 48.787285
v -21.000000 -84.400002 286.600006
v -23.158735 -81.940224 289.852875
v -22.792480 -80.775566 286.941742
v -49.622772 -106.171097 80.328911
v -49.681705 -106.134941 267.634918
v -49.681705 -101.865067 80.365059
v -49.622772 -101.828911 267.671082
v -26.318296 -106.134941 80.365067
v -26.377230 -106.171097 267.671082
v -26.377230 -101.828911 80.328911
v -26.318296 -101.865067 267.634949
v -88.182755 -95.025421 51.656918
v -63.525982 -95.072418 103.819107
v -95.438255 -95.086220 55.146542
v -70.865646 -95.009605 107.350662
v -88.107559 -86.927582 51.706158
v -63.535809 -86.974579 103.908447
v -95.500824 -86.990402 55.124088
v -70.843185 -86.913788 107.288101
v -39.073837 -102.624680 108.874496
v -36.925701 -105.368660 108.876991
v -35.183250 -102.618668 107.865730
v -34.624290 -105.409920 106.917030
v -34.123016 -105.368660 103.925690
v -34.109833 -102.618668 103.993484
v -36.071144 -105.364166 101.611694
v -36.926167 -102.624687 101.125511
v -39.073418 -105.381340 101.127754
v -39.917023 -102.590080 101.624298
v -41.894718 -105.368660 103.991875
v -41.876984 -102.631348 103.925697
v -41.388313 -102.635834 106.928856
v -40.813736 -105.391777 107.863152
v -36.925735 -105.368660 173.876999
v -36.991920 -102.631348 173.894730
v -34.635406 -102.635834 171.969940
v -34.620422 -105.395897 171.920639
v -34.127758 -105.381340 168.926590
v -34.109833 -102.618668 168.993484
v -36.992775 -105.375313 166.107666
v -36.925743 -102.631348 166.123016
v -39.917030 -102.590080 166.624298
v -39.969955 -105.364174 166.635437
v -41.894718 -105.368660 168.991882
v -41.876984 -102.631348 168.925705
v -40.812408 -105.396347 172.862030
v -40.863144 -102.608223 172.813736
v -36.925735 -105.368660 238.876999
v -36.991920 -102.631348 238.894730
v -34.635406 -102.635834 236.969925
v -34.620430 -105.395897 236.920654
v -34.127758 -105.381340 233.926590
v -34.109833 -102.618668 233.993484
v -36.992775 -105.375313 231.107666
v -36.925751 -102.631348 231.123001
v -39.917034 -102.590080 231.624313
v -39.969955 -105.364174 231.635422
v -41.894718 -105.368660 233.991882
v -41.876984 -102.631348 233.925705
v -40.812408 -105.396347 237.862030
v -40.863144 -102.608223 237.813736
v -52.599998 84.400002 47.000000
v -52.599998 80.000000 51.400002
v -56.279827 83.639626 49.051674
v -55.049648 81.423096 48.787285
v -52.941765 81.792480 290.224457
v -56.059135 82.682045 289.105072
v -55.207527 80.775566 286.941742
v -57.000000 97.599998 51.400002
v -52.599998 102.000000 51.400002
v -55.576912 100.049652 48.787289
v -52.941730 100.207535 47.775558
v -52.599998 97.599998 291.000000
v -52.599998 102.000000 286.600006
v -55.212700 100.049652 289.576935
v -56.224438 100.207527 286.941742
v -21.000000 84.400002 51.400002
v -23.158733 81.940216 48.147129
v -22.792477 80.775566 51.058254
v -25.400000 84.400002 291.000000
v -25.400000 80.000000 286.600006
v -22.787304 81.950356 289.576935
v -21.775562 81.792480 286.941742
v -25.400000 97.599998 47.000000
v -25.400000 102.000000 51.400002
v -21.720177 98.360374 49.051674
v -22.950359 100.576920 48.787285
v -21.000000 97.599998 286.600006
v -23.158737 100.059784 289.852875
v -22.792477 101.224442 286.941742
v -49.622772 101.828911 80.328911
v -49.681705 101.865067 267.634949
v -49.681705 106.134941 80.365067
v -49.622772 106.171097 267.671082
v -26.318296 101.865067 80.365059
v -26.377230 101.828911 267.671082
v -26.377230 106.171097 80.328911
v -26.318296 106.134941 267.634918
v -88.182755 86.974579 51.656918
v -63.525986 86.927582 103.819107
v -95.438255 86.913788 55.146542
v -70.865646 86.990402 107.350662
v -88.107559 95.072426 51.706158
v -63.535805 95.025421 103.908447
v -95.500824 95.009605 55.124088
v -70.843185 95.086212 107.288109
v -39.073837 105.375320 108.874496
v -36.925701 102.631340 108.876984
v -35.183250 105.381332 107.865738
v -34.624290 102.590080 106.917023
v -34.123020 102.631348 103.925690
v -34.109833 105.381340 103.993484
v -36.071144 102.635834 101.611694
v -36.926170 105.375320 101.125504
v -39.073418 102.618668 101.127762
v -39.917023 105.409920 101.624298
v -41.894714 102.631348 103.991875
v -41.876984 105.368660 103.925690
v -41.388313 105.364166 106.928856
v -40.813732 102.608223 107.863152
v -36.925735 102.631348 173.876999
v -36.991920 105.368660 173.894730
v -34.620426 102.604111 171.920639
v -34.127758 105.381340 171.073425
v -34.127758 102.618668 168.926590
v -34.611687 105.364166 168.071152
v -36.992775 102.624687 166.107666
v -36.925743 105.368652 166.123016
v -39.917030 105.409920 166.624298
v -39.969955 102.635834 166.635437
v -41.894718 102.631348 168.991882
v -41.876984 105.368660 168.925705
v -40.812408 102.603661 172.862030
v -40.863144 105.391785 172.813736
v -36.925735 102.631348 238.876999
v -36.991920 105.368660 238.894730
v -34.620426 102.604111 236.920639
v -34.127758 105.381340 236.073425
v -34.127758 102.618668 233.926590
v -34.611691 105.364166 233.071152
v -36.992775 102.624687 231.107666
v -36.925743 105.368652 231.123016
v -39.917030 105.409920 231.624313
v -39.969959 102.635834 231.635437
v -41.894714 102.631348 233.991882
v -41.876984 105.368660 233.925705
v -40.812408 102.603661 237.862030
v -40.863144 105.391785 237.813736
v -63.563301 60.035748 246.009537
v -61.173664 54.331448 248.426025
v -60.565716 52.236416 241.944382
v -62.599079 57.121922 239.405746
v -34.723557 72.729630 248.684677
v -33.495216 69.794022 250.002075
v -32.350426 66.824699 248.684967
v -31.959789 65.561050 245.504913
v -32.552135 66.743317 242.324722
v -33.780472 69.678925 241.007324
v -34.925262 72.648247 242.324432
v -35.315899 73.911896 245.504486
v -4.086595 81.085503 245.992401
v -3.500851 76.148804 245.142181
v -4.189441 74.576363 242.156296
v -5.352846 75.595222 239.078873
v -6.309558 78.608559 237.712601
v -6.499149 81.851196 238.857834
v -5.810559 83.423637 241.843704
v 25.411499 82.694962 228.956360
v 25.940338 79.676125 230.527710
v 24.996868 76.418915 229.925522
v 23.133759 74.831360 227.502579
v 21.442396 75.843430 224.678192
v 20.913555 78.862267 223.106842
v 21.857025 82.119476 223.709030
v 23.720135 83.707031 226.131973
v 49.892471 74.281448 207.124664
v 56.402451 67.266602 206.073685
v 51.996120 65.959190 208.234421
v 46.738308 65.912605 208.396896
v 45.025887 66.932289 205.587967
v 49.988743 66.677643 199.641464
v 51.556335 70.079880 199.818970
v 65.917137 60.584732 195.792801
v 60.529251 54.326065 196.761093
v 58.909477 55.273666 193.873093
v 64.297363 61.532333 192.904800
v 78.716415 44.480991 185.519409
v 74.216347 39.581028 185.959076
v 71.231377 41.034618 180.981476
v 75.719315 46.552799 179.801270
v -30.032797 68.828255 279.283325
v -29.126158 68.736008 284.760345
v -14.029490 65.513313 279.262482
v -13.398609 65.248131 284.857117
v 0.660612 59.065819 279.259674
v 1.437626 58.602913 284.716705
v 17.155968 45.154110 279.239655
v 17.752514 44.432140 284.792358
v 28.546902 26.829203 279.222504
v 28.924576 25.993273 284.716675
v 33.746044 5.867916 279.259674
v 33.783249 4.930042 284.816833
v 32.943344 -10.374974 279.142883
v 32.893211 -11.057511 284.737549
v 28.924576 -25.993269 279.283325
v 28.581516 -26.821495 284.716675
v 17.748953 -44.418320 279.183197
v 17.137402 -45.152340 284.792358
v 1.437626 -58.602905 279.283325
v 0.673269 -59.071308 284.716705
v -18.436092 -66.946449 279.194672
v -14.124039 -65.483841 284.857117
v -30.049006 -68.808632 284.760345
v -39.967209 -68.828255 279.283325
v -51.557941 -66.961555 284.777496
v -60.963348 -63.905552 279.222504
v -71.437637 -58.602909 284.716705
v -79.450195 -52.757172 279.239655
v -87.748947 -44.418339 284.816833
v -93.577477 -36.439228 279.239655
v -98.910927 -25.971764 284.760345
v -100.362602 -21.516092 279.315216
v -103.746048 -5.867910 279.259674
v -103.817627 -4.958420 284.740356
v -102.157707 15.621041 279.163879
v -102.893219 11.057489 284.737549
v -98.581520 26.821466 284.716675
v -94.071297 35.673279 279.283325
v -87.107254 45.149456 284.844330
v -83.869026 48.329674 279.142883
v -71.437637 58.602905 279.283325
v -70.673271 59.071312 284.716705
v -51.572258 66.925316 279.155670
v -50.646664 67.180336 284.777496
v -41.309288 73.700310 284.172821
v -18.196852 72.068558 284.239410
v -28.723360 73.755646 291.716980
v -6.223613 68.138268 291.836304
v -1.841080 65.870750 284.174744
v 12.714804 56.591408 284.283051
v 13.427980 55.954926 291.760620
v 24.518360 43.614124 284.262482
v 24.872574 43.055138 291.825287
v 33.163132 28.770861 284.207428
v 33.566288 27.891851 291.716980
v 38.755642 6.276642 284.283020
v 38.789665 5.305614 291.805573
v 37.051205 -16.783503 284.194458
v 37.831650 -11.839707 291.737549
v 33.206158 -28.761282 291.716980
v 28.358921 -38.274506 284.283051
v 20.936369 -48.426212 291.792572
v 17.408842 -51.840137 284.112213
v 4.076899 -62.867214 284.283051
v 3.274510 -63.358921 291.716980
v -17.246529 -71.824715 284.207428
v -12.603251 -70.231575 291.887787
v -29.661495 -73.829475 291.716980
v -40.338501 -73.829475 284.283020
v -52.753464 -71.824715 291.792572
v -62.854652 -68.542641 284.207428
v -74.076897 -62.867222 291.716980
v -82.690170 -56.585064 284.239410
v -91.576866 -47.658333 291.817017
v -97.853462 -39.077763 284.259399
v -103.566292 -27.891851 291.716980
v -105.082817 -23.087341 284.262482
v -108.755638 -6.276637 284.283020
v -108.802170 -5.315949 291.777740
v -107.039345 16.770075 284.163696
v -107.831650 11.839690 291.737549
v -103.206154 28.761284 291.716980
v -98.358917 38.274517 284.283051
v -90.928848 48.425480 291.805573
v -83.426208 55.936363 284.207428
v -73.274506 63.358925 291.716980
v -63.761288 68.206146 284.283051
v -51.789188 72.056221 291.792572
v -35.593731 67.606819 291.411072
v -34.406273 67.606819 300.588959
v -21.048393 64.447128 289.991730
v -19.890667 66.084770 291.307465
v -9.824722 60.778366 302.005493
v -18.639698 65.280823 301.142273
v -18.999807 66.300011 299.021820
v -0.208807 58.181282 291.307465
v 0.803152 56.973331 301.164124
v 0.704950 58.110706 299.021820
v 14.636717 44.811478 290.388397
v 16.572649 44.618843 292.815643
v 20.434618 35.704704 302.009094
v 16.963850 43.561203 300.622742
v 24.914642 31.238417 291.246246
v 25.489338 30.110506 300.753784
v 31.300011 16.000193 292.978210
v 25.778297 25.175249 289.994507
v 30.280815 16.360300 290.857758
v 30.012604 15.456110 301.769653
v 31.519238 14.990314 299.010986
v 32.606819 0.593726 291.411072
v 32.546417 -5.941556 300.622742
v 30.208977 -15.124535 290.351013
v 31.519238 -14.990314 292.989044
v 26.639919 -25.532185 301.718658
v 21.092592 -34.373581 289.994904
v 25.489338 -30.110506 291.246246
v 27.836464 -26.498268 299.184387
v 17.137291 -43.957729 292.815643
v 19.233541 -40.329212 300.689026
v 15.998070 -43.794712 290.836395
v 8.414206 -50.831520 301.537109
v 5.281421 -54.090675 290.945618
v 8.957727 -52.137295 299.184387
v -3.761581 -59.914639 291.246246
v -21.048019 -64.448860 302.007568
v -4.889492 -60.489338 300.753784
v -18.999807 -66.300011 292.978210
v -19.890667 -66.084770 300.692566
v -18.639698 -65.280823 290.857758
v -21.048887 -64.445152 289.990906
v -34.406273 -67.606819 291.411072
v -35.593731 -67.606819 300.588959
v -49.990314 -66.519241 292.989044
v -46.334396 -66.482529 301.054413
v -51.568939 -64.923790 290.548737
v -56.359062 -64.119003 300.698761
v -68.583099 -58.788025 291.174805
v -78.555573 -52.463615 292.989075
v -69.094048 -57.295849 301.732452
v -71.001808 -57.917610 299.184418
v -73.430038 -52.894386 289.998077
v -91.091827 -34.373146 302.005493
v -83.224152 -47.328991 300.753784
v -87.711884 -42.199173 291.036469
v -91.473007 -37.028751 300.939636
v -97.836472 -26.498241 292.815613
v -98.355263 -25.211676 299.010956
v -101.288490 -13.772878 300.825226
v -96.294312 -26.306173 290.221313
v -102.546417 -5.941553 291.377289
v -100.043449 -5.119222 302.001007
v -102.414490 3.959114 301.116760
v -100.044479 5.119303 289.999451
v -101.288490 13.772878 291.174805
v -98.355263 25.211676 292.989075
v -96.759361 25.581623 301.537109
v -101.300011 16.000210 299.021820
v -91.088326 34.370998 289.992859
v -91.473007 37.028751 291.060394
v -77.723892 50.023266 302.005951
v -92.269630 36.362423 300.576843
v -83.224152 47.328991 291.246246
v -78.464371 52.022461 300.692566
v -75.281448 54.090660 290.945618
v -66.126564 59.988277 291.301239
v -65.013367 60.555096 300.689026
v -51.000195 66.300011 292.978210
v -50.129974 65.077034 301.730652
v -52.802509 64.364723 290.266083
v -49.990314 66.519241 299.010986
v -37.888954 16.707417 300.703308
v -37.433113 16.816050 319.222656
v -27.498068 15.232863 300.754211
v -27.089569 14.996971 319.296722
v -21.579742 9.986830 300.642883
v -19.767134 7.501936 319.245819
v -18.255119 2.882427 300.777374
v -18.292576 -2.888949 319.296722
v -18.989826 -5.043520 300.762451
v -22.839134 -11.825212 300.717834
v -23.158016 -12.169089 319.245819
v -32.115540 -16.733170 300.754211
v -32.577148 -16.796654 319.265381
v -39.993870 -15.972827 300.657227
v -40.330254 -15.917013 319.237549
v -46.852654 -12.174318 300.777374
v -47.174328 -11.852651 319.222656
v -51.707417 -2.888950 300.703308
v -51.771572 -2.409589 319.320679
v -51.010174 5.043523 300.762451
v -50.022846 7.914127 319.245819
v -47.174328 11.852647 300.777374
v -44.685337 13.647874 319.342804
v -35.050156 22.704868 317.866699
v -34.945591 22.679842 324.201172
v -18.992111 16.082140 317.829315
v -18.909767 16.019302 324.133331
v -12.308923 0.052500 317.829315
v -12.337372 -0.057333 324.247833
v -18.917864 -16.007893 317.829315
v -18.980700 -16.090233 324.133331
v -34.947502 -22.691078 317.829315
v -35.052498 -22.691080 324.170715
v -51.007889 -16.082138 317.829315
v -51.082138 -16.007893 324.170715
v -57.704872 -0.050157 317.866699
v -57.679844 0.054409 324.201172
v -51.061485 15.978780 317.733917
v -51.019302 16.090233 324.133331
v -49.622776 -4.171098 325.328918
v -49.681709 -4.134947 332.634949
v -49.681709 4.134944 325.365082
v -49.622780 4.171097 332.671112
v -20.318291 -4.134944 325.365082
v -20.377222 -4.171097 332.671112
v -20.377224 4.171098 325.328918
v -20.318293 4.134947 332.634949
v 24.987656 2.697488 301.618011
v 25.013531 2.687681 305.404510
v 27.320835 1.355552 301.595490
v 27.342266 1.338054 305.382019
v 27.342266 -1.338051 301.618011
v 27.320839 -1.355554 305.404510
v 25.013527 -2.687678 301.595490
v 24.987656 -2.697491 305.381989
v 22.670082 -1.359434 301.618011
v 22.665638 -1.332126 305.404510
v 22.665642 1.332124 301.595490
v 22.670078 1.359435 305.381989
v 13.528673 37.964603 301.618011
v 13.554020 37.959187 305.394440
v 15.858500 36.621235 301.587189
v 15.878920 36.601894 305.394440
v 15.883286 33.929066 301.618011
v 15.865921 33.909828 305.394440
v 13.554020 32.575054 301.605560
v 13.528673 32.569626 305.381989
v 11.216122 33.909832 301.605560
v 11.209576 33.937180 305.412842
v 11.203125 36.601894 301.605560
v 11.211100 36.626556 305.382019
v -16.471321 59.760883 301.618011
v -16.445457 59.751076 305.404510
v -14.138147 58.418945 301.595490
v -14.116713 58.401443 305.381989
v -14.116716 55.725338 301.618011
v -14.138145 55.707836 305.404510
v -16.445454 54.375713 301.595490
v -16.471321 54.365902 305.381989
v -18.788902 55.703960 301.618011
v -18.793346 55.731270 305.404510
v -18.793341 58.395515 301.595490
v -18.788904 58.422829 305.381989
v -53.553364 59.760883 301.618011
v -53.528023 59.755463 305.394440
v -51.223545 58.417511 301.587189
v -51.203121 58.398167 305.394440
v -51.198757 55.725342 301.618011
v -51.216122 55.706100 305.394440
v -53.528027 54.371326 301.605560
v -53.553368 54.365902 305.382019
v -55.865917 55.706104 301.605560
v -55.872463 55.733452 305.412842
v -55.878914 58.398170 301.605560
v -55.870941 58.422829 305.381989
v -83.553375 37.964607 301.618011
v -83.528023 37.959187 305.394440
v -81.223549 36.621231 301.587189
v -81.203125 36.601894 305.394440
v -81.198761 33.929066 301.618011
v -81.216125 33.909828 305.394440
v -83.528023 32.575050 301.605560
v -83.553375 32.569626 305.381989
v -85.865929 33.909828 301.605560
v -85.872475 33.937180 305.412842
v -85.878922 36.601894 301.605560
v -85.870949 36.626556 305.382019
v -95.012352 2.697488 301.618011
v -94.986473 2.687681 305.404510
v -92.679161 1.355547 301.595490
v -92.657730 1.338051 305.382019
v -92.657730 -1.338049 301.618011
v -92.679161 -1.355549 305.404510
v -94.986481 -2.687677 301.595490
v -95.012352 -2.697489 305.382019
v -97.329926 -1.359428 301.618011
v -97.334373 -1.332123 305.404510
v -97.334366 1.332123 301.595490
v -97.329933 1.359429 305.381989
v -83.553375 -32.569630 301.618011
v -83.528023 -32.575050 305.394440
v -81.223549 -33.913002 301.587189
v -81.203125 -33.932343 305.394440
v -81.198761 -36.605167 301.618011
v -81.216125 -36.624409 305.394440
v -83.528030 -37.959183 301.605560
v -83.553375 -37.964607 305.381989
v -85.865929 -36.624405 301.605560
v -85.872475 -36.597057 305.412842
v -85.878922 -33.932343 301.605560
v -85.870949 -33.907681 305.381989
v -53.553364 -54.365902 301.618011
v -53.528023 -54.371323 305.394440
v -51.223545 -55.709274 301.587189
v -51.203121 -55.728619 305.394440
v -51.198757 -58.401443 301.618011
v -51.216122 -58.420685 305.394440
v -53.528027 -59.755459 301.605560
v -53.553364 -59.760887 305.382019
v -55.865917 -58.420681 301.605560
v -55.872463 -58.393330 305.412842
v -55.878914 -55.728615 301.605560
v -55.870941 -55.703957 305.381989
v -16.471321 -54.365906 301.618011
v -16.445456 -54.375710 305.404510
v -14.138147 -55.707840 301.595490
v -14.116714 -55.725338 305.381989
v -14.116716 -58.401443 301.618011
v -14.138145 -58.418949 305.404510
v -16.445459 -59.751072 301.595490
v -16.471321 -59.760883 305.382019
v -18.788902 -58.422829 301.618011
v -18.793346 -58.395515 305.404510
v -18.793343 -55.731270 301.595490
v -18.788902 -55.703957 305.382019
v 13.528675 -32.569630 301.618011
v 13.554018 -32.575050 305.394440
v 15.858498 -33.912998 301.587189
v 15.878920 -33.932343 305.394440
v 15.883286 -36.605171 301.618011
v 15.865921 -36.624409 305.394440
v 13.554018 -37.959183 301.605560
v 13.528671 -37.964607 305.381989
v 11.216122 -36.624409 301.605560
v 11.209576 -36.597054 305.412842
v 11.203125 -33.932343 301.605560
v 11.211100 -33.907681 305.382019
v -25.029160 95.753387 272.819916
v -23.726097 95.776642 265.156982
v -20.480831 94.474243 272.797150
v -18.476612 92.571930 265.356201
v -17.212210 89.389496 272.765900
v -17.272543 88.245064 265.159149
v -18.336761 83.736023 265.234131
v -18.443764 83.477722 272.651672
v -22.157799 80.825974 272.867615
v -23.302422 80.289177 265.202881
v -29.438740 81.483345 265.138489
v -26.806641 80.319221 272.832245
v -32.813789 86.322540 265.413940
v -31.720306 83.722778 272.643829
v -32.648716 89.888771 272.863464
v -32.250771 90.709755 265.164337
v -29.571932 94.523384 265.356201
v -29.304455 94.734970 272.580109
v -25.936789 91.375069 269.760040
v -22.504930 90.450104 315.615143
v -22.545507 90.498825 269.760040
v -21.620140 87.062302 315.587128
v -21.608707 87.123756 269.760040
v -23.321146 85.044708 315.584167
v -24.062784 84.622658 269.766144
v -25.936790 84.624939 315.599976
v -26.668711 85.055527 269.736572
v -28.395891 87.122131 315.587128
v -28.377340 87.062775 269.766144
v -27.959528 89.682831 269.791199
v -27.917377 89.715652 315.623444
v -25.877857 91.395897 315.587128
v -26.163742 93.352119 309.427094
v -22.027149 92.617233 309.456329
v -22.740841 93.153702 330.990448
v -19.654690 89.164185 309.413696
v -19.606167 88.974884 330.964691
v -20.386593 85.031517 309.444946
v -20.496637 84.875336 330.964691
v -23.836262 82.647881 309.427094
v -25.113176 82.360771 330.964111
v -27.972849 83.382774 309.456329
v -29.605011 85.041092 330.980103
v -30.345314 86.835823 309.413696
v -30.356325 89.163452 330.964691
v -29.613415 90.968483 309.444977
v -27.964806 92.610184 330.964691
v -23.734535 94.914955 306.629242
v -26.269127 94.922386 309.434540
v -22.309677 94.368690 309.435028
v -19.211975 91.996010 306.636688
v -19.097826 91.812935 309.457153
v -18.086563 88.048340 306.644989
v -18.123352 86.523148 309.443329
v -19.090231 84.178406 306.645508
v -21.187065 82.097832 309.457153
v -23.522343 81.135658 306.612518
v -26.476555 81.118874 309.434540
v -28.815376 82.095695 306.629242
v -30.898691 84.191040 309.467529
v -31.349255 85.307396 306.609894
v -31.922377 89.269142 306.645508
v -31.876648 89.476852 309.443329
v -28.992836 93.778687 306.617340
v -29.831783 92.916336 309.477142
v -23.734535 94.914963 330.949249
v -26.269129 94.922394 333.754486
v -22.309666 94.368690 333.755005
v -19.211967 91.996002 330.956696
v -19.097828 91.812935 333.777130
v -18.086555 88.048347 330.964966
v -18.123352 86.523148 333.763306
v -19.090225 84.178398 330.965485
v -21.187065 82.097832 333.777130
v -23.522343 81.135658 330.932495
v -26.476555 81.118874 333.754486
v -28.815376 82.095688 330.949249
v -30.898691 84.191040 333.787476
v -31.349257 85.307388 330.929871
v -31.922382 89.269135 330.965485
v -31.876650 89.476860 333.763306
v -28.992842 93.778687 330.937317
v -29.831785 92.916328 333.797089
v -19.905392 88.945953 309.019165
v -19.094334 88.946709 331.378815
v -18.553696 88.405533 309.020142
v -18.554380 87.594727 331.381744
v -19.094606 87.054054 309.019165
v -19.905666 87.053291 331.378815
v -20.446304 87.594475 309.020142
v -20.445620 88.405281 331.381744
v -30.905396 88.945953 309.019196
v -29.544767 88.382072 331.381744
v -29.553696 88.405525 309.020142
v -30.117443 87.043724 331.378815
v -30.094604 87.054054 309.019196
v -31.455235 87.617935 331.381744
v -31.446306 87.594482 309.020142
v -30.882557 88.956284 331.378815
v -25.405394 94.445953 309.019165
v -24.594334 94.446709 331.378815
v -24.053696 93.905533 309.020142
v -24.054380 93.094727 331.381744
v -24.594606 92.554054 309.019165
v -25.405668 92.553291 331.378815
v -25.946304 93.094475 309.020142
v -25.945620 93.905281 331.381744
v -25.405394 83.445953 309.019165
v -24.594334 83.446709 331.378815
v -24.053696 82.905533 309.020142
v -24.054382 82.094727 331.381744
v -24.594608 81.554054 309.019165
v -25.405666 81.553291 331.378815
v -25.946304 82.094475 309.020142
v -25.945620 82.905281 331.381744
v -90.781982 -51.109833 252.864502
v -93.261894 -49.164833 254.051025
v -95.002609 -46.537491 252.864502
v -94.109863 -44.369297 247.780792
v -90.738098 -46.835167 245.948975
v -88.550018 -50.391888 247.779846
v -105.289879 -64.498230 247.820587
v -107.776192 -62.559143 249.003372
v -109.510529 -59.925915 247.820572
v -109.476936 -58.141056 244.965042
v -107.695091 -58.250118 242.109528
v -105.208778 -60.189209 240.926743
v -103.474442 -62.822437 242.109543
v -103.508034 -64.607292 244.965073
v -117.693153 -75.955780 236.902023
v -121.614410 -72.938095 237.520172
v -120.201431 -68.079308 234.151871
v -115.437798 -69.627953 232.322586
v -114.250107 -74.488152 234.176956
v -134.307129 -92.142464 163.256500
v -137.368271 -90.739090 163.284653
v -138.162201 -85.620049 162.877701
v -132.489227 -83.496162 163.216293
v -129.748352 -87.909782 163.108231
v -131.150864 -90.970528 163.183426
v -121.349251 -77.921097 86.094917
v -124.135948 -73.569687 86.561684
v -123.012306 -70.794479 88.103271
v -120.124100 -69.897026 89.584366
v -117.163193 -71.403038 90.137360
v -115.964676 -76.092133 88.283997
v -108.924438 -66.697289 69.643890
v -111.704155 -65.003883 68.779953
v -113.255409 -62.237354 69.911652
v -112.669495 -60.018295 72.376060
v -110.289635 -59.646599 74.729553
v -107.509918 -61.340004 75.593491
v -105.958672 -64.106537 74.461792
v -106.544586 -66.325592 71.997383
v -95.310738 -52.518402 57.449364
v -99.144333 -49.701508 56.673500
v -97.720512 -45.126438 62.013161
v -93.911812 -47.177364 63.417233
v -92.048332 -51.011700 61.619755
v -15.723176 -64.206306 259.784973
v -17.523682 -66.849670 260.490417
v -20.512314 -66.484680 256.643555
v -19.197107 -63.906990 255.475662
v -16.748579 -62.363003 256.644104
v -3.486557 -74.307732 251.520920
v -3.873193 -77.895210 252.322205
v -7.387062 -78.627510 251.508713
v -7.362089 -77.582222 248.025970
v -5.009054 -75.206833 247.012314
v 7.617294 -86.873192 239.438889
v 4.962500 -88.801651 239.072067
v 2.332939 -87.548241 237.589249
v 3.117849 -84.327385 236.369095
v 6.079964 -82.981361 237.895279
v 32.937695 -95.087769 151.398117
v 31.494877 -99.371544 152.029404
v 28.187927 -98.790726 151.718185
v 27.156105 -95.515785 151.666489
v 29.940994 -93.532097 151.679123
v 9.091732 -86.479950 68.345535
v 8.067497 -90.625267 68.675201
v 4.756451 -89.606804 71.719215
v 6.279707 -85.148773 71.025536
v -17.460203 -86.107048 56.152618
v -20.233677 -88.275154 59.357708
v -18.612968 -84.743820 62.184452
v -19.313530 -82.194313 58.228336
v -49.284203 -80.587563 55.279240
v -49.866009 -84.555840 56.010216
v -50.695484 -83.172890 60.675983
v -50.198013 -79.689888 60.191502
v -104.891319 -42.766567 113.540451
v -105.293427 -43.501831 114.932228
v -105.236092 -43.123859 232.123871
v -105.236092 43.123859 113.876137
v -104.891319 42.766567 232.459564
v -105.293427 43.501831 231.067780
v -94.763908 -43.123859 113.876137
v -95.108688 -42.766567 232.459564
v -94.706573 -43.501831 231.067780
v -95.108688 42.766567 113.540451
v -94.706573 43.501831 114.932228
v -94.763908 43.123859 232.123871
v -106.594376 -26.907907 135.092102
v -106.610878 -26.897789 138.897781
v -106.610878 26.897787 135.102234
v -106.594383 26.907909 138.907898
v -105.389122 -26.897785 135.102234
v -105.405624 -26.907909 138.907898
v -105.405624 26.907909 135.092102
v -105.389122 26.897789 138.897781
v -106.594376 -26.907907 159.092102
v -106.610878 -26.897789 162.897781
v -106.610878 26.897787 159.102234
v -106.594383 26.907909 162.907898
v -105.389122 -26.897785 159.102234
v -105.405624 -26.907909 162.907898
v -105.405624 26.907909 159.092102
v -105.389122 26.897789 162.897781
v -106.594376 -26.907907 183.092102
v -106.610878 -26.897789 186.897781
v -106.610878 26.897787 183.102234
v -106.594383 26.907909 186.907898
v -105.389122 -26.897787 183.102234
v -105.405624 -26.907909 186.907898
v -105.405624 26.907909 183.092102
v -105.389122 26.897789 186.897781
v -106.594376 -26.907907 207.092102
v -106.610878 -26.897789 210.897781
v -106.610878 26.897787 207.102234
v -106.594383 26.907909 210.907898
v -105.389122 -26.897787 207.102234
v -105.405624 -26.907909 210.907898
v -105.405624 26.907909 207.092102
v -105.389122 26.897789 210.897781
v -83.396439 -115.473755 129.526245
v -83.490730 -115.415909 212.415909
v -83.490730 -108.584099 129.584106
v -83.396439 -108.526253 212.473755
v -12.509273 -115.415909 129.584091
v -12.603561 -115.473755 212.473755
v -12.603564 -108.526253 129.526245
v -12.509271 -108.584091 212.415909
v -80.349113 -116.868439 132.631561
v -80.372688 -116.853981 209.353973
v -80.372681 -115.146027 132.646027
v -80.349113 -115.131569 209.368439
v -15.627317 -116.853981 132.646027
v -15.650888 -116.868439 209.368439
v -15.650890 -115.131569 132.631561
v -15.627317 -115.146027 209.353973
v -78.000000 -117.199997 135.000000
v -18.000000 -117.199997 135.000000
v -18.000000 -117.199997 207.000000
v -78.000000 -117.199997 207.000000
v -79.386559 -116.730438 134.532959
v -78.468094 -117.872505 133.612946
v -78.468544 -116.726234 132.387268
v -79.386818 -117.871117 131.467590
v -80.613449 -116.730438 131.467041
v -81.531906 -117.872505 132.387054
v -81.531456 -116.726234 133.612747
v -80.613190 -117.871117 134.532410
v -79.386818 -116.728897 210.532410
v -78.468094 -117.872505 209.612946
v -78.468094 -116.727501 208.387054
v -79.386818 -117.871117 207.467590
v -80.613182 -116.728897 207.467590
v -81.531914 -117.872505 208.387054
v -81.531914 -116.727501 209.612946
v -80.613190 -117.871109 210.532410
v -16.649603 -116.726234 134.516190
v -15.991602 -117.858978 134.550583
v -14.467602 -117.871117 133.613190
v -14.482260 -116.730438 133.650177
v -15.387040 -117.872505 131.468094
v -15.350399 -116.726234 131.483810
v -17.105389 -117.845009 131.905258
v -17.517740 -116.730438 132.349823
v -17.517170 -117.871117 133.649963
v -16.649765 -116.727501 210.516663
v -15.991601 -117.858978 210.550583
v -14.467600 -117.871117 209.613205
v -14.482829 -116.728897 209.649963
v -15.387045 -117.872505 207.468094
v -15.350233 -116.727501 207.483353
v -17.105383 -117.845009 207.905258
v -17.517170 -116.728897 208.350052
v -17.517172 -117.871117 209.649963
v -83.396439 108.526253 129.526245
v -83.490730 108.584091 212.415909
v -83.490730 115.415909 129.584106
v -83.396439 115.473755 212.473755
v -12.509273 108.584099 129.584091
v -12.603561 108.526245 212.473755
v -12.603563 115.473755 129.526245
v -12.509271 115.415909 212.415909
v -80.349113 115.131569 132.631561
v -80.372688 115.146027 209.353973
v -80.372688 116.853981 132.646027
v -80.349113 116.868439 209.368439
v -15.627317 115.146027 132.646027
v -15.650889 115.131569 209.368439
v -15.650890 116.868439 132.631561
v -15.627317 116.853981 209.353973
v -18.000000 117.199997 135.000000
v -78.000000 117.199989 135.000000
v -78.000000 117.199997 207.000000
v -18.000000 117.200005 207.000000
v -79.386559 117.869568 134.532959
v -78.468094 116.727501 133.612946
v -78.468544 117.873772 132.387268
v -79.386818 116.728897 131.467590
v -80.613449 117.869568 131.467041
v -81.531906 116.727501 132.387054
v -81.531456 117.873772 133.612747
v -80.613190 116.728897 134.532410
v -79.386818 117.871117 210.532410
v -78.468094 116.727501 209.612946
v -78.468094 117.872505 208.387054
v -78.905251 116.755005 207.894623
v -80.649948 116.728897 207.482834
v -80.613182 117.871117 207.467590
v -81.550583 116.741035 209.008408
v -81.531914 117.872505 209.612946
v -80.613190 116.728897 210.532410
v -16.649603 117.873772 134.516190
v -15.991602 116.741035 134.550583
v -14.467602 116.728897 133.613190
v -14.482260 117.869568 133.650177
v -15.387040 116.727501 131.468094
v -15.350399 117.873772 131.483810
v -17.105389 116.755005 131.905258
v -17.517740 117.869568 132.349823
v -17.517170 116.728897 133.649963
v -15.991604 116.741035 210.550583
v -15.387043 117.872505 210.531921
v -14.467600 116.728897 209.613190
v -14.467600 117.871117 208.386810
v -15.387045 116.727501 207.468094
v -16.612957 117.872505 207.468094
v -17.105383 116.754997 207.905258
v -17.517172 116.728897 209.649963
v -17.532400 117.871117 209.613205
v -87.396439 -115.473755 213.526260
v -87.490730 -115.415909 238.415909
v -87.490730 -108.584091 213.584106
v -87.396439 -108.526253 238.473755
v -8.509272 -115.415909 213.584106
v -8.603561 -115.473755 238.473755
v -8.603563 -108.526253 213.526260
v -8.509271 -108.584091 238.415909
v -84.394386 -116.907913 215.092102
v -84.410889 -116.897797 236.897781
v -84.410881 -115.702217 215.102234
v -84.394386 -115.692101 236.907898
v -11.589121 -116.897789 215.102234
v -11.605619 -116.907913 236.907898
v -11.605621 -115.692101 215.092102
v -11.589120 -115.702217 236.897781
v -87.396439 108.526253 213.526260
v -87.490730 108.584091 238.415909
v -87.490730 115.415909 213.584106
v -87.396439 115.473755 238.473755
v -8.509272 108.584091 213.584106
v -8.603561 108.526245 238.473755
v -8.603562 115.473755 213.526260
v -8.509271 115.415909 238.415909
v -84.394386 115.692101 215.092102
v -84.410889 115.702217 236.897781
v -84.410881 116.897789 215.102234
v -84.394386 116.907913 236.907898
v -11.589121 115.702217 215.102234
v -11.605619 115.692101 236.907898
v -11.605621 116.907913 215.092102
v -11.589119 116.897797 236.897781
v -129.698212 -53.736877 241.263138
v -129.745361 -53.707958 252.707962
v -129.745361 -46.292046 241.292053
v -129.698212 -46.263123 252.736877
v -108.254639 -53.707954 241.292053
v -108.301781 -53.736877 252.736877
v -108.301788 -46.263123 241.263138
v -108.254639 -46.292046 252.707962
v -129.698212 46.263123 241.263138
v -129.745361 46.292046 252.707962
v -129.745361 53.707954 241.292053
v -129.698212 53.736877 252.736877
v -108.254639 46.292046 241.292053
v -108.301788 46.263123 252.736877
v -108.301788 53.736877 241.263138
v -108.254639 53.707958 252.707962
v -131.698212 -59.736877 225.263138
v -131.745361 -59.707951 268.707977
v -131.745361 59.707954 225.292053
v -131.698212 59.736874 268.736877
v -128.254639 -59.707954 225.292053
v -128.301788 -59.736877 268.736877
v -128.301788 59.736877 225.263138
v -128.254639 59.707951 268.707977
v -132.133331 -54.000000 230.000000
v -132.133331 54.000000 264.000000
v -132.266663 -54.000000 264.000000
v -132.266663 54.000000 230.000000
v -132.581390 -52.885044 230.000000
v -133.041901 -54.030594 228.339539
v -132.170380 -54.043488 228.325928
v -132.581390 -56.057487 228.168396
v -132.618622 -57.114960 230.000000
v -132.566513 -56.057491 231.831619
v -132.618622 -53.942509 231.831619
v -132.581390 -52.885040 264.000000
v -132.633499 -53.942513 262.168396
v -132.581390 -56.057487 262.168396
v -132.618622 -57.114964 264.000000
v -133.029648 -55.971527 265.665436
v -132.158112 -55.953293 265.669769
v -132.618622 -53.942570 265.831635
v -132.581390 57.114960 230.000000
v -133.041901 55.969410 228.339539
v -132.170380 55.956516 228.325928
v -132.581390 53.942513 228.168396
v -132.618622 52.885044 230.000000
v -132.566513 53.942509 231.831619
v -132.618622 56.057491 231.831619
v -132.581390 57.114964 264.000000
v -132.633499 56.057487 262.168396
v -132.581390 53.942513 262.168396
v -132.618622 52.885036 264.000000
v -133.029633 54.028473 265.665436
v -132.158112 54.046703 265.669769
v -132.618622 56.057434 265.831635
vn 0.0006 -0.9997 -0.0227
vn 0.9998 0.0009 -0.0213
vn 0.0009 0.0010 1.0000
vn -0.9999 -0.0009 -0.0143
vn -0.0006 0.9997 -0.0227
vn -0.4171 0.0008 -0.9088
vn 0.0012 0.8841 -0.4674
vn -0.0012 0.8841 0.4674
vn 0.8217 0.5683 0.0431
vn 0.4171 -0.0008 -0.9088
vn 0.4171 0.0008 0.9088
vn -0.0012 -0.8841 -0.4674
vn 0.0008 -0.8841 0.4673
vn -0.0009 0.0010 -1.0000
vn 0.0002 -1.0000 -0.0084
vn 0.9999 0.0004 -0.0137
vn 0.0002 0.0002 1.0000
vn -0.9999 -0.0004 -0.0137
vn -0.0002 1.0000 -0.0084
vn -0.0002 0.0002 -1.0000
vn 0.0001 -1.0000 -0.0084
vn 0.9999 0.0001 -0.0137
vn 0.0001 0.0001 1.0000
vn -0.9999 -0.0001 -0.0137
vn -0.0001 1.0000 -0.0084
vn -0.0001 0.0001 -1.0000
vn 0.0002 -1.0000 -0.0049
vn 0.9999 0.0086 -0.0080
vn 0.0002 0.0053 1.0000
vn -0.9999 -0.0086 -0.0080
vn -0.0002 1.0000 -0.0049
vn -0.0002 0.0053 -1.0000
vn 0.0001 -1.0000 -0.0072
vn -0.0001 1.0000 -0.0072
vn 0.7990 -0.0681 0.5974
vn 0.2932 -0.7484 -0.5949
vn 0.7488 0.2910 -0.5954
vn 0.2459 -0.7669 0.5928
vn -0.7448 -0.3321 -0.5787
vn -0.7504 -0.3229 0.5768
vn -0.3614 0.7192 -0.5933
vn 0.3172 0.7591 0.5685
vn -0.5614 0.5625 0.6070
vn 0.3434 0.7309 -0.5898
vn -0.5668 0.5627 -0.6017
vn 0.2283 -0.7706 0.5950
vn -0.1060 -0.8218 -0.5599
vn 0.7713 -0.2396 -0.5896
vn -0.7262 -0.3634 -0.5836
vn -0.7237 -0.3545 0.5921
vn 0.3516 0.7254 0.5918
vn 0.7488 0.2911 -0.5955
vn -0.7503 -0.3229 0.5768
vn 0.7595 -0.3165 0.5683
vn 0.3281 -0.7573 -0.5646
vn 0.7636 0.3149 -0.5637
vn -0.3199 -0.7574 0.5692
vn -0.7578 -0.3291 -0.5634
vn -0.7600 0.3167 0.5675
vn -0.3279 0.7574 -0.5646
vn 0.3197 0.7575 0.5692
vn -0.7245 0.3300 0.6051
vn -0.0807 0.8079 -0.5837
vn -0.7515 0.2755 -0.5994
vn 0.7779 -0.0339 0.6275
vn 0.5827 -0.5204 -0.6242
vn 0.7462 0.3025 -0.5930
vn 0.3060 -0.7361 0.6038
vn -0.3371 -0.7293 -0.5953
vn -0.6130 -0.5175 0.5970
vn 0.2681 0.7524 0.6016
vn -0.7578 -0.3292 -0.5634
vn 0.0053 -1.0000 -0.0049
vn 1.0000 0.0005 -0.0081
vn 0.0053 0.0003 1.0000
vn -1.0000 -0.0005 -0.0081
vn -0.0053 1.0000 -0.0049
vn -0.0053 0.0003 -1.0000
vn 0.0010 -1.0000 -0.0084
vn 0.9999 0.0009 -0.0137
vn 0.0010 0.0006 1.0000
vn -0.9999 -0.0009 -0.0137
vn -0.0010 1.0000 -0.0084
vn -0.0010 0.0006 -1.0000
vn 0.0105 -0.9998 -0.0159
vn 0.9984 0.0105 -0.0550
vn 0.0045 0.0046 1.0000
vn -0.9999 -0.0105 -0.0132
vn -0.0105 0.9998 -0.0159
vn -0.8866 0.0054 -0.4624
vn -0.3415 -0.0142 0.9398
vn 0.0061 0.8834 -0.4685
vn -0.0061 0.8834 0.4685
vn 0.8969 0.4420 0.0166
vn 0.8866 -0.0054 -0.4624
vn 0.8351 0.0056 0.5500
vn -0.0061 -0.8835 -0.4685
vn 0.0159 -0.8822 0.4706
vn -0.0045 0.0046 -1.0000
vn 0.0014 -1.0000 -0.0084
vn 0.9999 0.0022 -0.0137
vn 0.0014 0.0014 1.0000
vn -0.9999 -0.0022 -0.0137
vn -0.0014 1.0000 -0.0084
vn -0.0014 0.0014 -1.0000
vn -0.2535 0.6903 0.6776
vn -0.0450 0.7434 -0.6673
vn -0.4594 0.6491 -0.6063
vn 0.6608 0.4006 0.6347
vn 0.7140 0.2541 -0.6524
vn 0.4444 0.6727 -0.5916
vn 0.7726 -0.1424 -0.6187
vn 0.7559 -0.1739 0.6311
vn 0.4669 -0.6164 -0.6341
vn 0.4242 -0.6426 0.6381
vn 0.0457 -0.7689 -0.6377
vn -0.1397 -0.7655 0.6280
vn -0.4297 -0.6567 -0.6198
vn -0.5490 -0.5008 0.6692
vn -0.6750 -0.3137 -0.6678
vn -0.7619 -0.1326 0.6340
vn -0.7759 0.1609 -0.6101
vn -0.6819 0.4382 0.5856
vn 0.1794 0.7837 0.5947
vn -0.6890 0.4008 0.6039
vn -0.0030 0.7934 -0.6087
vn -0.6875 0.3930 -0.6106
vn 0.6838 -0.4005 0.6099
vn 0.0048 -0.7894 -0.6139
vn 0.6912 -0.3955 -0.6048
vn -0.0032 -0.7934 0.6087
vn -0.6891 -0.4004 -0.6040
vn -0.6882 -0.3926 0.6100
vn 0.6920 0.3956 0.6038
vn 0.6837 0.3997 -0.6105
vn 0.0048 0.7891 0.6143
vn -0.0040 -1.0000 0.0060
vn 0.9991 0.0386 -0.0155
vn -0.9998 -0.0109 -0.0159
vn 0.0040 1.0000 0.0060
vn -0.3415 0.0142 -0.9398
vn -0.8866 -0.0054 0.4624
vn 0.0159 0.8822 -0.4706
vn -0.0061 0.8835 0.4685
vn 0.8351 -0.0056 -0.5500
vn 0.8866 0.0054 0.4624
vn -0.0061 -0.8834 -0.4685
vn 0.0061 -0.8834 0.4685
vn 0.0065 -0.0066 -1.0000
vn -0.1343 0.7785 0.6131
vn 0.1494 0.7869 -0.5987
vn -0.4455 0.6284 -0.6377
vn 0.7104 0.2487 0.6584
vn 0.7579 -0.1390 -0.6374
vn 0.6412 0.4239 -0.6397
vn 0.7758 -0.2056 0.5965
vn 0.4649 -0.6158 -0.6361
vn 0.4209 -0.6451 0.6377
vn -0.1539 -0.7579 0.6339
vn -0.4364 -0.6692 -0.6014
vn -0.6604 -0.4019 0.6344
vn -0.7121 -0.2569 -0.6534
vn -0.7768 0.1451 -0.6128
vn -0.7596 0.1687 0.6281
vn 0.4429 0.6803 0.5839
vn -0.6883 -0.3926 0.6100
vn 0.9998 0.0109 -0.0159
vn -0.9991 -0.0386 -0.0155
vn -0.8351 0.0056 -0.5500
vn 0.3415 -0.0142 -0.9398
vn -0.0159 -0.8822 -0.4706
vn 0.0061 -0.8835 0.4685
vn -0.4209 0.6451 0.6377
vn -0.0457 0.7689 -0.6377
vn -0.4649 0.6158 -0.6361
vn 0.6604 0.4019 0.6344
vn 0.7121 0.2569 -0.6534
vn 0.4364 0.6692 -0.6014
vn 0.7768 -0.1451 -0.6128
vn 0.7596 -0.1687 0.6281
vn 0.4455 -0.6284 -0.6377
vn 0.1343 -0.7785 0.6131
vn -0.1494 -0.7869 -0.5987
vn -0.4429 -0.6803 0.5839
vn -0.6412 -0.4239 -0.6397
vn -0.7104 -0.2487 0.6584
vn -0.7579 0.1390 -0.6374
vn -0.7758 0.2056 0.5965
vn 0.1539 0.7579 0.6339
vn 0.9999 0.0105 -0.0132
vn -0.0065 -0.0066 1.0000
vn -0.9984 -0.0105 -0.0550
vn -0.8351 -0.0056 0.5500
vn 0.0061 0.8835 -0.4685
vn -0.0159 0.8822 0.4706
vn 0.9056 0.4237 0.0169
vn 0.3415 0.0142 0.9398
vn -0.4242 0.6426 0.6381
vn -0.4669 0.6164 -0.6341
vn 0.5490 0.5008 0.6692
vn 0.6750 0.3137 -0.6678
vn 0.4297 0.6567 -0.6198
vn 0.7619 0.1326 0.6340
vn 0.7759 -0.1609 -0.6101
vn 0.6819 -0.4382 0.5856
vn 0.4594 -0.6491 -0.6063
vn 0.2535 -0.6903 0.6776
vn 0.0450 -0.7434 -0.6673
vn -0.1794 -0.7837 0.5947
vn -0.4444 -0.6727 -0.5916
vn -0.6608 -0.4006 0.6347
vn -0.7140 -0.2541 -0.6524
vn -0.7726 0.1424 -0.6187
vn -0.7559 0.1739 0.6311
vn 0.1397 0.7655 0.6280
vn 0.6920 0.3955 0.6039
vn -0.6369 0.1749 -0.7509
vn -0.0699 -0.0322 -0.9970
vn 0.0444 -0.1574 -0.9865
vn -0.9277 -0.2334 -0.2913
vn -0.7962 -0.1474 0.5869
vn -0.7779 -0.6259 0.0569
vn 0.3390 -0.9408 0.0007
vn 0.2542 0.4420 -0.8603
vn -0.1232 -0.8975 -0.4235
vn -0.9975 0.0254 -0.0652
vn 0.8091 0.4481 -0.3801
vn -0.1554 0.9468 -0.2819
vn 0.0971 0.9899 -0.1036
vn -0.6557 0.7527 0.0593
vn -0.6841 0.6745 0.2776
vn 0.6723 0.2092 -0.7101
vn -0.0227 -0.4816 -0.8761
vn -0.9196 0.2496 0.3035
vn -0.0461 0.9983 0.0352
vn -0.4356 0.9000 -0.0175
vn 0.2756 0.9464 0.1685
vn 0.4828 0.6237 -0.6147
vn -0.4164 -0.1326 -0.8994
vn -0.9977 0.0111 -0.0676
vn -0.1803 -0.3558 -0.9170
vn -0.5631 0.2791 -0.7778
vn 0.7496 -0.2266 0.6219
vn -0.0202 0.4805 0.8768
vn 0.6699 0.6646 0.3310
vn -0.2715 0.5198 -0.8100
vn -0.9971 0.0756 -0.0007
vn 0.1811 -0.8114 -0.5557
vn -0.3789 -0.9124 0.1549
vn 0.8881 -0.3631 0.2817
vn -0.2378 -0.8724 0.4270
vn 0.5991 -0.7754 -0.1996
vn -0.9178 0.2994 0.2608
vn -0.6466 -0.7276 -0.2293
vn -0.6912 -0.6731 -0.2632
vn -0.3499 -0.1417 -0.9260
vn 0.8061 0.1392 -0.5751
vn 0.2628 -0.5419 0.7983
vn -0.5309 0.2610 0.8062
vn -0.4087 0.5375 0.7376
vn -0.8966 0.2661 -0.3540
vn -0.6520 -0.1981 0.7319
vn 0.2722 -0.8948 -0.3539
vn -0.4288 -0.9033 0.0136
vn 0.6718 -0.6951 -0.2559
vn -0.3231 0.2120 -0.9223
vn 0.7920 0.5715 -0.2148
vn -0.6476 0.7619 -0.0074
vn -0.9101 0.4069 -0.0780
vn -0.5995 -0.7134 0.3628
vn -0.6618 -0.1260 -0.7390
vn -0.3284 -0.9200 -0.2139
vn 0.9035 -0.2207 -0.3674
vn -0.0657 0.9970 -0.0399
vn 0.1214 0.9921 0.0318
vn -0.3219 -0.2094 0.9233
vn 0.8611 -0.4708 0.1921
vn -0.6608 0.1298 0.7393
vn 0.1814 -0.2555 0.9496
vn -0.0657 0.0399 0.9970
vn -0.4222 0.0961 0.9014
vn -0.4508 0.3362 0.8269
vn 0.9477 -0.1134 0.2983
vn -0.9659 -0.1029 0.2376
vn -0.4288 0.0136 0.9033
vn 0.8084 -0.1374 0.5724
vn -0.3257 0.9227 0.2064
vn 0.8962 0.4171 0.1513
vn -0.6850 -0.6896 0.2351
vn 0.1363 0.6098 -0.7807
vn 0.0389 -0.8344 -0.5498
vn 0.5300 -0.1394 0.8365
vn 0.0379 0.8337 0.5509
vn -0.2749 0.1697 0.9464
vn -0.4769 -0.8340 -0.2774
vn -0.5346 0.6488 0.5416
vn -0.5348 0.5417 -0.6484
vn 0.8173 -0.2477 0.5203
vn 0.2553 0.6053 0.7539
vn -0.0000 0.9881 -0.1538
vn -0.0000 1.0000 -0.0000
vn -0.0000 -0.0000 -1.0000
vn -0.0000 -0.0000 1.0000
vn -0.0000 -1.0000 -0.0000
vn -0.0000 -0.1538 -0.9881
vn -0.0000 0.1538 0.9881
vn -0.0000 -0.9881 0.1538
vn -0.0000 -0.9881 0.1539
vn -0.0000 0.9881 -0.1539
vn -0.0000 0.9881 0.1538
vn -0.0000 0.9881 0.1539
vn -0.0000 0.1538 -0.9881
vn -0.0000 -0.1538 0.9881
vn -0.0000 -0.9881 -0.1538
vn 0.0078 0.0040 -1.0000
vn -0.0208 -0.5361 -0.8439
vn -0.0441 0.3436 -0.9381
vn -0.0000 -0.5963 -0.8028
vn -0.0000 -0.7071 -0.7071
vn -0.0000 -0.7414 -0.6711
vn -0.0000 -0.8315 -0.5556
vn 0.0265 -0.8696 -0.4931
vn -0.0083 -0.9977 0.0675
vn 0.1069 -0.9074 -0.4065
vn 0.2728 -0.9406 -0.2022
vn -0.0601 -0.9456 -0.3198
vn -0.0420 -0.8772 0.4784
vn -0.0208 -0.8439 0.5361
vn -0.0766 -0.9115 0.4041
vn -0.0000 -0.6710 0.7415
vn -0.0000 -0.7071 0.7071
vn -0.0000 -0.5556 0.8315
vn 0.0265 -0.4931 0.8696
vn 0.0420 -0.4351 0.8994
vn 0.0981 -0.4041 0.9094
vn 0.2715 -0.2036 0.9406
vn -0.0000 -0.3479 0.9375
vn -0.0420 0.4784 0.8772
vn -0.0208 0.5361 0.8439
vn -0.0766 0.4041 0.9115
vn -0.0000 0.5963 0.8028
vn -0.0000 0.7071 0.7071
vn -0.0000 0.7414 0.6711
vn -0.0000 0.8315 0.5556
vn 0.0265 0.8696 0.4931
vn 0.0420 0.8994 0.4351
vn -0.0420 0.8772 -0.4784
vn -0.0208 0.8439 -0.5361
vn -0.0766 0.9115 -0.4041
vn -0.0000 0.8028 -0.5963
vn -0.0000 0.7071 -0.7071
vn -0.0000 0.6711 -0.7414
vn -0.0000 0.5556 -0.8315
vn 0.0265 0.4931 -0.8696
vn 0.0420 0.4351 -0.8994
vn 0.2204 -0.1476 -0.9642
vn 0.0154 -0.0024 -0.9999
vn 0.0135 -0.2873 -0.9577
vn 0.0933 0.4042 -0.9099
vn 0.2617 0.2062 -0.9429
vn 0.0074 0.3511 -0.9363
vn 0.5810 -0.0995 -0.8078
vn 0.8030 -0.4041 -0.4381
vn 0.0864 -0.3553 -0.9308
vn 0.6702 -0.3684 -0.6443
vn 0.1611 -0.7868 -0.5958
vn 0.8897 -0.4475 -0.0907
vn 0.5078 -0.6092 -0.6091
vn 0.8436 -0.3865 0.3728
vn 0.0459 -0.9299 0.3649
vn 0.4737 -0.8552 0.2101
vn 0.8904 -0.3403 0.3024
vn 0.1747 -0.7820 0.5983
vn 0.8779 -0.1521 0.4539
vn 0.8845 -0.0971 0.4564
vn 0.1668 -0.5967 0.7849
vn 0.5917 0.0635 0.8036
vn 0.1608 0.5118 0.8439
vn 0.0490 0.3585 0.9323
vn 0.8386 0.4448 0.3146
vn 0.5729 0.2951 0.7647
vn 0.9208 0.2198 0.3221
vn 0.1751 0.7401 0.6493
vn 0.8122 0.5714 0.1181
vn 0.2361 0.9517 0.1963
vn 0.0979 0.9064 0.4108
vn 0.5944 0.8021 -0.0576
vn 0.1669 0.8474 -0.5040
vn 0.0489 0.9323 -0.3583
vn 0.6777 0.7029 -0.2158
vn 0.1721 0.7308 -0.6606
vn 0.8914 0.1662 -0.4217
vn 0.5637 0.6956 -0.4454
vn 0.8789 0.0914 -0.4682
vn 0.1677 0.5874 -0.7917
vn 0.9931 -0.1002 -0.0608
vn 0.9999 -0.0153 0.0012
vn 0.5007 0.4553 -0.7362
vn 0.8731 0.1379 0.4676
vn 0.9325 0.3404 -0.1210
vn 0.6780 -0.6344 -0.3712
vn 0.8655 -0.1106 0.4885
vn 0.6246 0.7681 0.1413
vn 0.9983 -0.0575 0.0019
vn 0.9282 0.0644 -0.3665
vn 0.8712 0.3089 0.3816
vn 0.9445 -0.1084 -0.3100
vn 0.9212 0.3891 -0.0060
vn 0.9978 0.0032 0.0659
vn 0.9404 0.3098 -0.1400
vn 0.9998 0.0164 0.0145
vn 0.9483 -0.2970 0.1122
vn 0.8898 0.2282 -0.3952
vn 0.9200 -0.2731 0.2812
vn 0.8562 -0.3956 -0.3324
vn 0.9994 0.0228 0.0261
vn 0.9981 0.0531 -0.0311
vn 0.6024 -0.7019 0.3799
vn 0.8335 -0.4411 -0.3328
vn 0.9464 0.0826 0.3121
vn 0.9338 -0.3570 -0.0238
vn 0.2733 -0.0148 -0.9618
vn 0.2471 -0.1918 -0.9498
vn 0.9920 -0.0578 -0.1125
vn 0.2763 -0.9609 0.0182
vn 0.2397 -0.9508 0.1961
vn 0.2761 0.0182 0.9609
vn 0.2408 0.1979 0.9502
vn 0.2752 0.9613 0.0138
vn 0.2805 0.9388 -0.2001
vn 0.2312 0.0121 0.9728
vn 0.3416 0.7263 0.5965
vn 0.3730 0.4400 0.8169
vn 0.2183 0.9656 -0.1415
vn 0.4302 0.9013 0.0500
vn 0.1061 0.8775 -0.4676
vn 0.2430 0.6553 -0.7152
vn 0.3492 0.1422 -0.9262
vn 0.4247 0.3837 -0.8200
vn 0.0781 -0.4752 -0.8764
vn 0.2411 -0.6877 -0.6849
vn 0.3420 -0.9352 0.0923
vn 0.3738 -0.8885 -0.2662
vn 0.3523 -0.6891 0.6333
vn 0.0917 -0.2946 0.9512
vn 0.2279 -0.5820 0.7806
vn 0.0140 0.6420 0.7666
vn 0.0149 -0.1909 0.9815
vn 0.0236 0.0930 0.9954
vn 0.0346 0.8740 0.4846
vn 0.0101 -0.7555 -0.6551
vn 0.0189 0.9940 0.1078
vn 0.0242 -0.9224 -0.3854
vn 0.0113 0.9662 -0.2575
vn 0.0140 -0.9960 -0.0881
vn 0.0159 0.8302 -0.5573
vn 0.0177 0.6293 -0.7770
vn 0.0342 -0.9601 0.2775
vn 0.0184 -0.7715 0.6360
vn 0.0149 0.3121 -0.9499
vn 0.0242 0.3817 0.9240
vn 0.0166 -0.4848 0.8745
vn 1.0000 -0.0000 -0.0000
vn 0.0083 0.5650 -0.8251
vn -0.0065 0.3983 -0.9172
vn -0.0163 0.6540 -0.7563
vn 0.0114 0.7737 -0.6335
vn -0.0132 0.8834 -0.4684
vn -0.0063 0.9828 -0.1848
vn -0.0101 0.9924 0.1223
vn -0.0004 0.9413 0.3376
vn -0.0140 0.8873 0.4609
vn -0.0135 0.7075 0.7066
vn 0.0097 0.8201 0.5721
vn 0.0113 0.6360 0.7716
vn -0.0089 0.4596 0.8881
vn 0.0012 0.0001 1.0000
vn -0.0089 -0.2090 0.9779
vn -0.0122 -0.3440 0.9389
vn -0.0152 -0.5015 0.8650
vn -0.0030 -0.7613 0.6484
vn -0.0111 -0.7814 0.6240
vn 0.0050 -0.9248 0.3805
vn -0.0109 -0.9543 0.2988
vn -0.0019 -0.9998 0.0177
vn -0.0082 -0.9782 -0.2073
vn -0.0127 -0.9387 -0.3446
vn -0.0155 -0.8807 -0.4735
vn -0.0131 -0.7089 -0.7052
vn -0.7522 -0.5283 -0.3940
vn 0.0114 -0.6358 -0.7718
vn -0.0114 -0.4698 -0.8827
vn -0.0052 -0.2097 -0.9778
vn 0.0054 -0.3582 -0.9336
vn 0.0011 0.0001 -1.0000
vn 0.0008 0.3485 -0.9373
vn 0.0008 0.1947 -0.9809
vn -0.0000 0.3522 -0.9359
vn -0.0197 0.5370 -0.8433
vn -0.0397 0.4372 -0.8985
vn -0.0729 0.4075 -0.9103
vn 0.0040 0.5493 -0.8356
vn -0.0102 0.6369 -0.7709
vn 0.0102 0.7709 -0.6369
vn -0.0000 0.8315 -0.5556
vn -0.0420 0.8994 -0.4351
vn -0.0074 0.9361 -0.3516
vn -0.0040 0.8356 -0.5493
vn 0.0069 0.9339 -0.3574
vn -0.0000 0.9379 -0.3469
vn -0.0208 0.8439 0.5361
vn -0.0420 0.8994 0.4351
vn -0.0766 0.9115 0.4041
vn -0.0008 0.7903 0.6128
vn -0.0038 0.9339 0.3575
vn 0.0008 0.7552 0.6555
vn -0.0000 0.5556 0.8315
vn 0.0058 0.5681 0.8229
vn -0.0000 0.5659 0.8245
vn -0.0420 0.4351 0.8994
vn -0.0000 0.3472 0.9378
vn 0.0068 0.3575 0.9339
vn -0.0028 0.2040 0.9790
vn 0.0028 -0.3731 0.9278
vn 0.0208 -0.5361 0.8439
vn -0.0089 0.0708 0.9974
vn -0.0073 -0.5456 0.8380
vn -0.0008 -0.6325 0.7745
vn -0.0000 -0.8315 0.5556
vn 0.0070 -0.8370 0.5471
vn -0.0199 -0.7638 0.6452
vn -0.0420 -0.8994 0.4351
vn 0.0083 -0.9353 0.3537
vn -0.0000 -0.9373 0.3485
vn 0.0036 -0.9285 -0.3713
vn 0.0208 -0.8439 -0.5361
vn -0.0089 -0.9974 0.0708
vn -0.7510 -0.5149 -0.4134
vn 0.0048 -0.8430 -0.5380
vn 0.0131 -0.6375 -0.7703
vn -0.0000 -0.5556 -0.8315
vn -0.0420 -0.4351 -0.8994
vn -0.0766 -0.4041 -0.9115
vn -0.0074 -0.3528 -0.9357
vn -0.0030 -0.5504 -0.8349
vn -0.0034 -0.3435 -0.9391
vn 0.9990 0.0406 -0.0163
vn 0.9197 -0.2932 -0.2610
vn 0.9984 -0.0330 0.0468
vn 0.9835 -0.1306 -0.1254
vn 0.9868 -0.1400 -0.0810
vn 0.9989 0.0421 -0.0226
vn 0.9989 0.0373 0.0300
vn 0.9988 -0.0225 -0.0424
vn 0.9983 0.0470 0.0331
vn 0.9197 -0.2614 0.2928
vn 0.9835 -0.1254 0.1306
vn 0.9868 -0.0810 0.1400
vn 0.9989 -0.0226 -0.0422
vn 0.9989 0.0345 -0.0332
vn 0.9988 -0.0424 0.0225
vn 0.9988 0.0244 -0.0432
vn 0.9837 0.1277 0.1267
vn 0.9869 0.1384 0.0833
vn 0.9989 -0.0422 0.0226
vn 0.9989 -0.0317 -0.0359
vn 0.9988 0.0225 0.0424
vn 0.9989 -0.0389 -0.0279
vn 0.9983 -0.0470 -0.0332
vn 0.9179 0.2681 -0.2924
vn 0.9835 0.1254 -0.1306
vn 0.9868 0.0810 -0.1400
vn 0.0006 0.7879 -0.6158
vn -0.0169 0.8761 -0.4818
vn -0.0058 0.7157 -0.6983
vn 0.0007 -0.6158 -0.7879
vn -0.0169 -0.4818 -0.8761
vn -0.0058 -0.6983 -0.7157
vn 0.0007 -0.7879 0.6158
vn -0.0169 -0.8761 0.4818
vn -0.0058 -0.7157 0.6983
vn 0.0006 0.6158 -0.7879
vn -0.0169 0.4818 -0.8761
vn -0.0000 0.5694 -0.8221
vn 0.0007 0.6158 0.7879
vn -0.0169 0.4818 0.8761
vn -0.0058 0.6983 0.7157
vn 0.0040 -0.7101 -0.7041
vn -0.0187 -0.7952 -0.6061
vn -0.0171 -0.7485 -0.6629
vn -0.9844 0.0834 -0.1548
vn -0.9999 -0.0052 -0.0117
vn -0.9187 0.2207 -0.3277
vn -1.0000 0.0025 0.0040
vn -0.8801 0.3714 -0.2959
vn -0.9860 0.1442 -0.0839
vn -0.9935 0.0985 -0.0578
vn -0.9855 0.1494 0.0804
vn -0.9999 0.0105 -0.0047
vn -0.9184 0.3282 0.2211
vn -1.0000 -0.0040 0.0025
vn -0.8801 0.2959 0.3715
vn -0.9860 0.0839 0.1442
vn -0.9935 0.0578 0.0985
vn -0.7540 -0.3947 0.5251
vn -1.0000 0.0019 -0.0049
vn -1.0000 0.0002 -0.0018
vn -0.9307 -0.3051 0.2019
vn -0.9860 -0.1445 0.0827
vn -0.9935 -0.0982 0.0582
vn -1.0000 0.0050 0.0021
vn -1.0000 0.0019 -0.0001
vn -0.9860 -0.0825 -0.1450
vn -0.9935 -0.0578 -0.0985
vn -0.0169 -0.5227 -0.8523
vn -0.0402 -0.7275 -0.6849
vn 0.0049 0.8168 0.5769
vn 0.0169 0.8761 0.4818
vn 0.0058 0.7157 0.6983
vn -0.0168 -0.8523 0.5228
vn -0.0402 -0.6849 0.7275
vn 0.0049 0.5769 -0.8168
vn 0.0169 0.4818 -0.8761
vn 0.0058 0.6983 -0.7157
vn -0.0169 0.5228 0.8523
vn -0.0402 0.7275 0.6849
vn 0.0049 -0.8168 -0.5769
vn 0.0169 -0.8761 -0.4818
vn 0.0058 -0.7157 -0.6983
vn 1.0000 -0.0001 0.0001
vn 1.0000 -0.0010 0.0014
vn -1.0000 -0.0000 -0.0000
vn -1.0000 -0.0010 0.0009
vn -1.0000 -0.0001 -0.0000
vn -0.8635 0.3892 -0.3208
vn 1.0000 -0.0007 0.0009
vn -0.9855 0.1485 -0.0821
vn -0.9985 0.0523 -0.0182
vn -0.9934 0.1011 -0.0540
vn 1.0000 -0.0011 -0.0012
vn -1.0000 -0.0006 -0.0008
vn -0.8775 0.3018 0.3726
vn 1.0000 -0.0010 -0.0012
vn 1.0000 -0.0010 -0.0014
vn 1.0000 -0.0001 -0.0001
vn -0.9855 0.0819 0.1486
vn -0.9988 0.0139 0.0463
vn -0.9934 0.0540 0.1011
vn 0.9860 -0.0825 0.1450
vn 1.0000 0.0019 0.0001
vn 0.9935 -0.0578 0.0985
vn -1.0000 -0.0006 -0.0035
vn -0.8818 -0.3692 0.2935
vn 1.0000 0.0011 -0.0010
vn 1.0000 0.0014 -0.0010
vn 1.0000 0.0001 -0.0001
vn -0.9860 -0.1437 0.0841
vn 0.9855 -0.1494 -0.0804
vn 0.9999 -0.0105 0.0047
vn 0.9934 -0.1011 -0.0540
vn -0.9996 -0.0187 -0.0228
vn 0.9184 -0.3282 -0.2211
vn 1.0000 0.0013 0.0015
vn -0.8775 -0.3018 -0.3726
vn 1.0000 0.0001 0.0001
vn 1.0000 0.0012 0.0015
vn -0.9855 -0.0819 -0.1486
vn -0.9988 -0.0139 -0.0463
vn -0.9934 -0.0540 -0.1011
vn 0.8637 -0.2037 -0.4610
vn 0.6207 -0.5285 -0.5792
vn 0.7633 -0.2777 -0.5833
vn 0.7829 -0.4230 -0.4563
vn 0.7099 -0.5493 -0.4408
vn 0.7476 -0.5910 0.3032
vn 0.6084 -0.5853 0.5359
vn 0.7633 -0.5833 0.2777
vn 0.7829 -0.4563 0.4230
vn 0.7099 -0.4408 0.5493
vn 0.7476 0.3032 0.5910
vn 0.6085 0.5359 0.5853
vn 0.7633 0.2777 0.5833
vn 0.7829 0.4230 0.4563
vn 0.9297 0.2758 0.2442
vn 0.7099 0.5493 0.4408
vn 0.7495 0.5879 -0.3043
vn 0.5671 0.6036 -0.5605
vn 0.7774 0.5695 -0.2669
vn 0.7809 0.4438 -0.4395
vn 0.7143 0.4455 -0.5397
vn 0.0183 0.2778 -0.9605
vn 0.0432 -0.9380 0.3439
vn -0.0429 -0.8326 0.5523
vn 0.0183 -0.9605 -0.2778
vn 0.0432 0.3439 0.9380
vn -0.0429 0.5523 0.8326
vn 0.0183 -0.2778 0.9605
vn 0.0183 0.9605 0.2778
vn -0.7087 0.4032 -0.5789
vn -0.7805 0.4239 -0.4594
vn -0.7088 0.5795 0.4023
vn -0.7805 0.4594 0.4239
vn -0.8463 -0.2361 0.4775
vn -0.6184 -0.4913 0.6134
vn -0.7635 -0.3210 0.5603
vn -0.7805 -0.4594 0.4239
vn -0.7088 -0.5795 0.4023
vn -0.8463 -0.4775 -0.2361
vn -0.6184 -0.6134 -0.4912
vn -0.7635 -0.5604 -0.3210
vn -0.7805 -0.4239 -0.4594
vn -0.9291 -0.2040 -0.3085
vn -0.7088 -0.4023 -0.5795
vn 0.0181 0.5035 -0.8638
vn 0.0535 -0.9158 0.3980
vn -0.0421 -0.8359 0.5473
vn -0.0289 -0.9583 -0.2842
vn -0.0183 0.2778 0.9605
vn -0.0289 -0.2841 0.9583
vn -0.0183 0.9605 -0.2778
vn -0.0289 0.9583 0.2841
vn -0.0183 -0.2778 -0.9605
vn 0.7232 0.3418 -0.6001
vn 0.5638 0.5240 -0.6384
vn 0.7169 0.3462 -0.6052
vn -0.7071 0.3333 -0.6236
vn -0.7088 0.4007 -0.5806
vn -0.7134 0.3965 -0.5778
vn -0.7777 0.4109 -0.4757
vn 0.7134 0.5777 -0.3965
vn 0.7778 0.4756 -0.4109
vn 0.7071 0.6236 -0.3333
vn 0.7088 0.5806 -0.4007
vn 0.7071 0.6236 0.3333
vn 0.7154 0.5800 0.3895
vn -0.7071 0.6236 0.3333
vn -0.7155 0.5800 0.3895
vn -0.7088 0.5865 0.3919
vn 0.7805 0.4594 0.4239
vn 0.7088 0.5865 0.3919
vn 0.7635 0.3210 0.5604
vn 0.6054 0.4995 0.6197
vn 0.7212 0.3407 0.6031
vn -0.7071 -0.3333 0.6236
vn -0.7155 -0.3895 0.5800
vn -0.7088 -0.3919 0.5865
vn 0.7805 -0.4239 0.4594
vn 0.9291 -0.2040 0.3085
vn 0.7088 -0.4023 0.5795
vn -0.7805 -0.4239 0.4594
vn 0.7635 -0.5604 0.3210
vn 0.6054 -0.6197 0.4995
vn 0.7212 -0.6031 0.3407
vn -0.8284 -0.5116 -0.2281
vn -0.7283 -0.5712 -0.3784
vn -0.7088 -0.5865 -0.3919
vn 0.7805 -0.4594 -0.4239
vn 0.7088 -0.5795 -0.4023
vn -0.7805 -0.4594 -0.4239
vn 0.7635 -0.3210 -0.5604
vn 0.6054 -0.4995 -0.6197
vn -0.7298 -0.3610 -0.5806
vn 0.7212 -0.3407 -0.6031
vn 0.3021 -0.4757 -0.8261
vn 0.6185 -0.6013 -0.5059
vn 0.2989 -0.9543 -0.0000
vn 0.1224 0.4973 0.8589
vn 0.2570 0.9523 0.1646
vn -0.2667 0.4794 0.8361
vn 0.1388 0.9903 -0.0062
vn 0.2590 0.6144 -0.7453
vn 0.1310 0.4985 -0.8569
vn -0.2623 -0.4825 0.8357
vn 0.5376 0.5369 -0.6502
vn 0.0162 -0.3379 -0.9411
vn -0.0917 0.9238 -0.3716
vn 0.0490 -0.9288 0.3674
vn 0.5103 -0.1640 0.8442
vn -0.0703 0.4444 0.8931
vn 0.5390 0.8316 0.1337
vn 0.4907 -0.7832 -0.3818
vn 0.3021 -0.0030 -0.9533
vn 0.6185 -0.2710 -0.7376
vn 0.2989 -0.8285 -0.4736
vn 0.1224 0.0054 0.9925
vn 0.2570 0.7450 0.6155
vn 0.2987 0.0013 0.9543
vn 0.1388 0.8628 0.4861
vn 0.2590 0.9033 -0.3421
vn 0.1310 0.8580 -0.4966
vn 0.3047 -0.8228 0.4798
vn 0.5376 0.7888 -0.2980
vn 0.0720 0.1991 -0.9773
vn -0.0557 0.9933 0.1010
vn 0.0466 -0.8844 -0.4645
vn 0.5388 -0.8381 0.0849
vn 0.0383 -0.7285 0.6839
vn 0.6230 0.1343 0.7706
vn -0.0002 0.2460 0.9693
vn 0.5793 0.6637 0.4733
vn 0.5847 -0.4374 -0.6832
vn 0.6627 -0.2716 0.6979
vn 0.3021 0.4802 -0.8235
vn 0.6184 0.1398 -0.7733
vn 0.2989 -0.4746 -0.8279
vn 0.1224 -0.4979 0.8586
vn 0.2570 0.3308 0.9080
vn 0.2986 -0.4821 0.8236
vn 0.1388 0.4979 0.8561
vn 0.2590 0.9521 0.1624
vn 0.1310 0.9914 0.0062
vn -0.2624 -0.9650 -0.0030
vn 0.6152 0.7615 0.2039
vn -0.0093 0.6572 -0.7536
vn 0.0009 0.9692 0.2462
vn 0.1195 -0.7717 -0.6246
vn 0.6056 -0.7938 0.0558
vn 0.0724 -0.8389 0.5395
vn 0.5470 -0.3401 0.7649
vn -0.0149 0.1441 0.9895
vn 0.5830 0.4574 0.6715
vn 0.4558 0.1381 -0.8793
vn 0.6129 -0.3692 -0.6986
vn 0.2996 0.8257 -0.4781
vn 0.4570 0.5250 -0.7180
vn 0.2590 -0.1607 -0.9524
vn 0.1224 -0.8582 0.4985
vn 0.2569 -0.1634 0.9525
vn -0.2664 -0.8342 0.4829
vn 0.1388 0.0074 0.9903
vn 0.2589 0.7460 0.6136
vn 0.1306 0.8572 0.4981
vn 0.2570 -0.9074 -0.3325
vn 0.7287 -0.2646 -0.6317
vn 0.0444 -0.4563 -0.8887
vn 0.6509 -0.7528 -0.0981
vn 0.0174 -0.9995 -0.0271
vn 0.5419 -0.6623 0.5174
vn -0.0500 -0.3330 0.9416
vn 0.5409 0.1222 0.8322
vn 0.0710 0.8909 0.4486
vn 0.6145 0.7553 -0.2279
vn 0.0483 0.6751 -0.7362
vn 0.6037 0.1355 -0.7856
vn 0.3021 0.9533 -0.0042
vn 0.6185 0.7372 -0.2719
vn 0.2989 0.4725 -0.8291
vn 0.1224 -0.9925 0.0067
vn 0.2570 -0.6145 0.7459
vn 0.2987 -0.9544 0.0025
vn 0.1388 -0.4850 0.8635
vn -0.2321 0.3453 0.9093
vn 0.1310 0.4977 0.8574
vn -0.2624 -0.4871 -0.8330
vn 0.5148 0.3086 0.7999
vn -0.0358 0.9695 0.2426
vn 0.0019 -0.1917 0.9815
vn 0.0533 0.5316 -0.8453
vn 0.5801 0.1071 -0.8075
vn 0.0945 -0.5855 -0.8052
vn 0.5696 -0.7136 -0.4078
vn -0.0015 -0.9592 0.2827
vn 0.5749 -0.7878 0.2209
vn 0.5307 0.8016 -0.2752
vn 0.6781 -0.4332 0.5937
vn 0.3021 0.8242 0.4790
vn 0.6185 0.7734 0.1388
vn 0.2989 0.8273 -0.4757
vn 0.1224 -0.8592 -0.4968
vn 0.2570 -0.9076 0.3321
vn -0.2667 -0.8324 -0.4858
vn 0.1388 -0.8554 0.4990
vn 0.2589 -0.1611 0.9524
vn 0.1310 -0.0049 0.9914
vn -0.2623 0.0018 -0.9650
vn 0.6152 -0.2029 0.7618
vn 0.0383 0.7303 0.6820
vn 0.0009 -0.2449 0.9695
vn 0.0466 0.8831 -0.4668
vn 0.5708 0.4995 -0.6518
vn 0.0716 -0.2009 -0.9770
vn 0.4995 -0.7835 -0.3698
vn -0.0505 -0.9924 0.1118
vn 0.5824 -0.6715 0.4581
vn 0.5308 0.8306 0.1686
vn 0.6586 -0.4328 -0.6155
vn -0.2654 0.4832 0.8343
vn 0.6185 0.6026 0.5044
vn -0.2670 0.9637 -0.0024
vn 0.1224 -0.4994 -0.8577
vn 0.2570 -0.9527 -0.1622
vn -0.2667 -0.4815 -0.8349
vn 0.1388 -0.9903 0.0086
vn -0.2321 -0.6171 0.7519
vn 0.1310 -0.4963 0.8582
vn -0.2624 0.4804 -0.8369
vn 0.0099 0.9234 0.3838
vn 0.4781 0.7441 -0.4666
vn -0.0754 0.3040 -0.9497
vn 0.4995 -0.4967 -0.7098
vn -0.0871 -0.9279 -0.3624
vn 0.5404 -0.8323 0.1237
vn -0.0698 -0.4428 0.8939
vn 0.5277 0.1055 0.8428
vn 0.6630 -0.1111 -0.7403
vn 0.6918 0.6848 0.2288
vn 0.3021 0.0055 0.9533
vn 0.6184 0.2729 0.7369
vn 0.2989 0.8297 0.4714
vn 0.1224 -0.0079 -0.9925
vn 0.2570 -0.7467 -0.6136
vn 0.2986 -0.0038 -0.9544
vn 0.1388 -0.8641 -0.4838
vn 0.2590 -0.9024 0.3444
vn 0.1310 -0.8568 0.4988
vn -0.2624 0.8324 -0.4882
vn 0.5376 -0.7880 0.3001
vn -0.0750 -0.2031 0.9763
vn -0.0917 -0.9868 -0.1333
vn 0.0104 0.9927 0.1198
vn 0.5100 0.5707 -0.6436
vn -0.0709 0.0482 -0.9963
vn 0.5394 -0.6571 -0.5266
vn 0.4632 0.3473 0.8154
vn 0.6712 0.7401 0.0426
vn 0.1371 -0.4885 0.8617
vn 0.2589 0.3378 0.9049
vn 0.2543 -0.6204 0.7419
vn 0.1219 0.4955 -0.8600
vn -0.2330 -0.3351 -0.9129
vn 0.2987 0.4800 -0.8249
vn 0.1388 -0.5002 -0.8547
vn 0.2589 -0.9521 -0.1625
vn 0.1314 -0.9912 -0.0125
vn 0.3021 0.9533 0.0015
vn 0.6643 0.7129 0.2245
vn 0.5376 -0.8315 -0.1402
vn -0.0750 -0.6694 0.7391
vn -0.0918 -0.7835 -0.6146
vn 0.0465 0.8009 0.5970
vn 0.4910 0.8639 -0.1117
vn 0.0145 0.5705 -0.8212
vn 0.5397 -0.3004 -0.7864
vn 0.4559 -0.1357 0.8796
vn 0.6128 0.3709 0.6978
vn 0.3022 -0.8243 0.4788
vn 0.6185 -0.5036 0.6032
vn 0.2989 0.0037 0.9543
vn 0.1223 0.8571 -0.5005
vn 0.2570 0.1609 -0.9529
vn 0.2986 0.8261 -0.4779
vn 0.1388 -0.0100 -0.9903
vn 0.2590 -0.7476 -0.6116
vn 0.1310 -0.8589 -0.4951
vn 0.3047 0.8267 0.4731
vn 0.0490 -0.3638 0.9302
vn 0.4894 0.3296 0.8073
vn 0.0162 0.9424 0.3342
vn 0.5093 0.7101 -0.4862
vn -0.0918 0.3681 -0.9253
vn 0.5341 -0.1160 -0.8374
vn -0.0703 -0.8948 -0.4409
vn 0.5267 -0.8447 0.0955
vn 0.6586 0.7490 -0.0724
vn 0.3021 -0.9532 0.0066
vn 0.6185 -0.7365 0.2738
vn 0.2989 -0.4704 0.8303
vn 0.1224 0.9924 -0.0092
vn 0.2570 0.6126 -0.7474
vn 0.2987 0.9543 -0.0050
vn 0.1388 0.4827 -0.8647
vn -0.2321 -0.3477 -0.9084
vn 0.1310 -0.4999 -0.8561
vn -0.2623 0.4893 0.8317
vn 0.5320 -0.3301 -0.7798
vn 0.0215 -0.9932 -0.1144
vn -0.1004 0.1244 -0.9871
vn -0.0791 -0.0526 0.9955
vn 0.5236 0.6554 0.5444
vn -0.0608 0.9971 0.0467
vn 0.5397 0.5268 -0.6567
vn 0.5476 -0.5726 0.6101
vn 0.3046 -0.8253 -0.4755
vn 0.6190 -0.7731 -0.1382
vn 0.2987 -0.8275 0.4755
vn 0.1311 0.8574 0.4977
vn 0.3021 0.8257 -0.4764
vn 0.2589 0.7458 0.6138
vn 0.2909 0.4195 -0.8598
vn 0.2989 -0.0008 -0.9543
vn 0.2253 -0.2888 0.9305
vn 0.2570 -0.1638 0.9524
vn 0.5313 -0.6733 0.5142
vn 0.0215 0.1235 0.9921
vn -0.0791 -0.9950 0.0617
vn 0.5036 0.7635 0.4043
vn -0.1004 0.9860 -0.1334
vn 0.5347 0.6679 -0.5178
vn -0.0608 -0.0558 -0.9966
vn 0.5407 -0.4878 -0.6853
vn 0.7151 0.1112 0.6902
vn 0.3865 -0.9123 -0.1357
vn 0.4897 0.8530 0.1806
vn 0.3848 0.1345 -0.9131
vn -0.0000 -0.8028 0.5962
vn 0.0293 -0.4103 0.9115
vn 0.0293 0.9115 0.4103
vn -0.0000 0.9346 0.3558
vn 0.0293 0.4103 -0.9115
vn -0.0027 -0.5665 -0.8241
vn 0.9989 0.0243 0.0410
vn 0.9989 0.0421 -0.0225
vn 0.9989 -0.0225 -0.0421
vn -0.0000 0.8221 -0.5694
vn 0.0120 -0.5705 0.8212
vn -0.0000 -0.5694 -0.8221
vn 0.0120 0.8212 0.5705
vn -0.0000 -0.8221 0.5694
vn -0.0058 0.6983 -0.7157
vn -0.0000 0.5694 0.8221
vn -0.0000 -0.8819 -0.4714
vn -0.9924 0.0580 -0.1085
vn -0.9934 0.1011 0.0540
vn -0.0127 0.8212 -0.5705
vn -0.0354 -0.5709 0.8202
vn -0.0477 0.8211 0.5687
vn -0.0477 0.5687 -0.8211
vn -0.0477 -0.8211 -0.5687
vn 1.0000 -0.0009 0.0010
vn 0.8450 -0.2788 -0.4563
vn 0.7149 -0.5833 0.3856
vn 0.7149 0.3856 0.5833
vn 0.7161 0.5808 -0.3871
vn 0.0183 0.9605 -0.2778
vn 0.0143 -0.2806 -0.9597
vn -0.7298 0.5806 -0.3610
vn -0.7298 0.3610 0.5806
vn -0.8510 -0.2312 0.4715
vn -0.8510 -0.4715 -0.2312
vn 0.7778 0.3102 -0.5467
vn -0.7360 0.5754 -0.3567
vn 0.7157 0.3446 0.6075
vn -0.7298 -0.5806 0.3610
vn 0.7157 -0.6075 0.3446
vn -0.8401 -0.4977 -0.2157
vn 0.7157 -0.3446 -0.6075
vn 0.3288 -0.7733 -0.5421
vn 0.1607 -0.4461 0.8805
vn 0.6361 0.0947 -0.7658
vn 0.5729 -0.5090 0.6424
vn 0.5936 0.6331 0.4969
vn 0.3288 -0.4025 -0.8544
vn 0.1607 -0.8241 0.5431
vn 0.6361 0.4622 -0.6178
vn 0.3288 0.0856 -0.9405
vn 0.1607 -0.9857 0.0509
vn 0.6383 0.7239 -0.2618
vn 0.3280 0.5435 -0.7727
vn 0.5436 0.5065 0.6693
vn 0.5912 -0.6350 -0.4972
vn 0.3288 0.8539 -0.4036
vn 0.1607 -0.5441 -0.8235
vn 0.6365 0.5942 0.4917
vn 0.3288 0.9406 0.0844
vn 0.1607 -0.0522 -0.9856
vn 0.6365 0.2635 0.7249
vn 0.3288 0.7748 0.5400
vn 0.1607 0.4438 -0.8816
vn 0.5444 -0.6927 0.4730
vn 0.3288 0.4047 0.8533
vn 0.1607 0.8228 -0.5451
vn 0.6371 -0.4913 0.5939
vn 0.6079 -0.3087 -0.7315
vn 0.1588 0.9858 -0.0551
vn 0.6390 -0.7229 0.2628
vn 0.5961 0.1536 -0.7881
vn 0.3288 -0.5390 0.7755
vn 0.1608 0.8822 0.4427
vn 0.5484 -0.4722 -0.6901
vn 0.5231 -0.6971 0.4903
vn 0.3288 -0.8528 0.4057
vn 0.1608 0.5462 0.8221
vn 0.7118 -0.6932 -0.1130
vn 0.5912 0.3065 0.7460
vn 0.5936 0.7444 -0.3059
vn 0.3314 -0.9398 -0.0831
vn 0.3043 0.9453 -0.1174
vn 0.5485 0.3638 -0.7529
vn 0.5488 -0.7524 -0.3643
vn -0.1177 0.7185 0.6855
vn -0.0092 0.7198 -0.6942
vn -0.1597 0.8425 -0.5144
vn 0.2998 0.7959 0.5260
vn 0.4177 0.7459 -0.5188
vn 0.2440 0.6906 -0.6808
vn 0.3681 0.6219 0.6912
vn 0.4569 0.5590 -0.6920
vn 0.5411 0.6312 0.5556
vn 0.6566 0.5662 -0.4983
vn 0.5972 0.4932 0.6326
vn 0.6225 0.3717 -0.6887
vn 0.6273 0.3568 0.6922
vn 0.8007 0.3027 -0.5169
vn 0.8002 0.2796 0.5306
vn 0.7072 0.1324 -0.6945
vn 0.7196 0.1180 0.6843
vn 0.8742 0.0112 -0.4854
vn 0.8692 -0.0113 0.4943
vn 0.7219 -0.1198 -0.6816
vn 0.7090 -0.1328 0.6925
vn 0.7983 -0.2789 -0.5338
vn 0.7931 -0.2993 0.5305
vn 0.6287 -0.3584 -0.6901
vn 0.6251 -0.3845 0.6793
vn 0.5877 -0.4807 -0.6508
vn 0.5705 -0.5794 0.5821
vn 0.5489 -0.6427 -0.5345
vn 0.3676 -0.6216 -0.6917
vn 0.3698 -0.6220 0.6902
vn 0.2991 -0.7932 -0.5304
vn 0.2832 -0.8022 0.5256
vn 0.1355 -0.7173 -0.6835
vn 0.1161 -0.7171 0.6873
vn 0.0106 -0.8692 -0.4943
vn -0.0113 -0.8652 0.5012
vn -0.1175 -0.7109 -0.6934
vn -0.1336 -0.7177 0.6834
vn -0.2793 -0.7973 -0.5350
vn -0.3006 -0.7984 0.5217
vn -0.3609 -0.6414 -0.6770
vn -0.3663 -0.6200 0.6939
vn -0.5416 -0.6633 -0.5164
vn -0.5482 -0.6397 0.5388
vn -0.5462 -0.4702 -0.6933
vn -0.5964 -0.4899 0.6358
vn -0.7337 -0.4350 -0.5219
vn -0.6322 -0.3571 0.6876
vn -0.6860 -0.2582 -0.6802
vn -0.7929 -0.2774 0.5426
vn -0.8433 -0.1599 -0.5131
vn -0.7212 -0.1057 0.6847
vn -0.7211 -0.0069 -0.6928
vn -0.8100 0.0803 0.5809
vn -0.7635 0.1294 -0.6327
vn -0.7755 0.2722 -0.5697
vn -0.6819 0.2404 0.6908
vn -0.6350 0.3550 -0.6861
vn -0.7380 0.4357 0.5153
vn -0.6717 0.5500 -0.4963
vn -0.5512 0.4773 0.6844
vn -0.4699 0.5464 -0.6932
vn -0.5434 0.6648 0.5127
vn -0.4328 0.7298 -0.5292
vn -0.3541 0.6298 0.6913
vn -0.2610 0.6905 -0.6747
vn -0.2793 0.7981 0.5339
vn 0.1342 0.7073 0.6941
vn 0.1392 0.8443 -0.5175
vn 0.0109 0.8692 0.4943
vn -0.0422 0.4762 0.8783
vn -0.0040 0.3288 0.9444
vn 0.1647 0.4526 0.8764
vn 0.0317 0.3252 -0.9451
vn 0.1294 0.2430 -0.9614
vn -0.0645 0.1925 -0.9792
vn 0.2210 0.6470 0.7297
vn -0.0826 0.6777 0.7307
vn 0.0158 0.8822 0.4706
vn 0.1802 0.8699 0.4591
vn 0.2225 0.9749 -0.0000
vn 0.1986 0.8702 -0.4509
vn 0.0097 0.8891 -0.4576
vn 0.1536 0.6579 -0.7373
vn -0.0871 0.6655 -0.7413
vn -0.0624 0.1962 0.9786
vn 0.0430 0.0917 0.9949
vn 0.1286 0.1639 0.9781
vn 0.4012 0.7898 0.4639
vn 0.4339 0.9010 -0.0000
vn 0.3776 0.8045 -0.4584
vn 0.3605 0.5729 -0.7361
vn 0.2013 0.4316 -0.8793
vn 0.0557 0.4759 -0.8777
vn 0.2362 0.3360 0.9118
vn 0.4601 0.4821 0.7456
vn 0.0852 0.0559 -0.9948
vn -0.0089 0.1093 -0.9940
vn 0.5390 0.7015 0.4662
vn -0.0567 0.0186 -0.9982
vn 0.6235 0.7818 -0.0000
vn 0.5610 0.6893 -0.4584
vn 0.3387 0.3369 -0.8785
vn 0.6996 0.5470 0.4598
vn 0.7818 0.6235 -0.0000
vn 0.6994 0.5516 -0.4545
vn 0.5335 0.4122 -0.7386
vn 0.2798 0.1380 0.9501
vn 0.2895 0.1435 -0.9464
vn 0.6104 0.2821 0.7401
vn 0.8046 0.3827 0.4542
vn 0.9010 0.4339 -0.0000
vn 0.7914 0.3999 -0.4624
vn 0.6404 0.2201 -0.7358
vn 0.4587 0.1558 -0.8748
vn 0.4118 0.2627 0.8726
vn 0.9749 0.2225 -0.0000
vn 0.8661 0.1810 -0.4660
vn 0.0017 -0.0004 1.0000
vn 0.0991 -0.0384 0.9943
vn 0.2112 -0.0183 0.9773
vn 0.4128 0.0717 0.9080
vn 0.6742 0.0924 0.7328
vn 0.8618 0.2136 0.4601
vn 0.8877 0.0165 -0.4601
vn 0.6736 -0.0543 -0.7371
vn 0.4058 -0.0112 -0.9139
vn 0.1945 -0.0782 -0.9778
vn 0.1757 0.0925 -0.9801
vn 0.0828 -0.0505 -0.9953
vn 0.8884 -0.0099 0.4590
vn 0.9749 -0.2225 -0.0000
vn 0.8639 -0.2073 -0.4590
vn 0.4514 -0.1632 -0.8773
vn 0.2908 -0.1437 0.9459
vn 0.4848 -0.0642 0.8722
vn 0.6529 -0.1623 0.7399
vn 0.8678 -0.2021 0.4539
vn 0.9010 -0.4339 -0.0000
vn 0.8008 -0.3904 -0.4542
vn 0.6085 -0.2993 -0.7350
vn 0.2510 -0.2102 -0.9449
vn 0.3998 -0.2682 0.8765
vn 0.5801 -0.3509 0.7351
vn 0.8076 -0.3716 0.4578
vn 0.4897 -0.4760 -0.7305
vn 0.0817 -0.1894 0.9785
vn 0.3867 -0.3028 -0.8711
vn 0.6801 -0.5624 0.4703
vn 0.7818 -0.6235 -0.0000
vn 0.7043 -0.5406 -0.4601
vn 0.2467 -0.4060 -0.8799
vn 0.1897 -0.2721 0.9434
vn 0.2598 -0.4024 0.8778
vn 0.3628 -0.5651 0.7410
vn 0.5660 -0.6840 0.4603
vn 0.6235 -0.7818 -0.0000
vn 0.5462 -0.7007 -0.4590
vn 0.0722 -0.3205 -0.9445
vn 0.0502 -0.2004 -0.9784
vn 0.3692 -0.8034 0.4672
vn 0.4339 -0.9010 -0.0000
vn 0.3827 -0.8046 -0.4542
vn 0.2844 -0.6111 -0.7387
vn 0.0736 -0.4011 0.9131
vn 0.0922 -0.6709 0.7358
vn -0.0473 -0.0901 -0.9948
vn 0.2136 -0.8618 0.4601
vn 0.2225 -0.9749 -0.0000
vn 0.2136 -0.8618 -0.4601
vn -0.0268 -0.1037 0.9942
vn 0.0823 -0.6804 -0.7282
vn 0.0475 -0.4925 -0.8690
vn -0.0155 -0.8834 0.4684
vn -0.0155 -0.8834 -0.4684
vn -0.1058 -0.3848 -0.9169
vn -0.0951 -0.1915 -0.9769
vn -0.0554 -0.4935 0.8680
vn -0.2123 -0.6407 0.7379
vn -0.1826 -0.8701 0.4578
vn -0.2225 -0.9749 -0.0000
vn -0.1826 -0.8701 -0.4578
vn -0.1997 -0.6414 -0.7407
vn -0.1035 -0.1772 0.9787
vn -0.1553 -0.3684 0.9166
vn -0.3937 -0.7958 0.4601
vn -0.4339 -0.9010 -0.0000
vn -0.3937 -0.7958 -0.4601
vn -0.2754 -0.4062 -0.8713
vn -0.4124 -0.5298 0.7411
vn -0.5586 -0.6942 0.4539
vn -0.6235 -0.7818 -0.0000
vn -0.5586 -0.6942 -0.4539
vn -0.4286 -0.5204 -0.7386
vn -0.2391 -0.2219 0.9453
vn -0.2301 -0.2308 -0.9454
vn -0.3503 -0.3391 0.8731
vn -0.5688 -0.3650 0.7371
vn -0.6853 -0.5664 0.4578
vn -0.7818 -0.6235 -0.0000
vn -0.6852 -0.5664 -0.4578
vn -0.0927 0.0239 0.9954
vn -0.5651 -0.3800 -0.7323
vn -0.4044 -0.2508 -0.8795
vn -0.1971 -0.0459 -0.9793
vn -0.9010 -0.4339 -0.0000
vn -0.8035 -0.3732 -0.4638
vn -0.2011 -0.0344 0.9790
vn -0.3038 -0.1119 0.9461
vn -0.3239 -0.1107 -0.9396
vn -0.4637 -0.1579 0.8718
vn -0.8019 -0.3694 0.4696
vn -0.9749 -0.2225 -0.0000
vn -0.8615 -0.1953 -0.4687
vn -0.5907 -0.1338 -0.7957
vn -0.6688 -0.0872 0.7383
vn -0.8631 -0.2130 0.4578
vn -0.8889 -0.0156 -0.4578
vn -0.6796 0.0703 -0.7302
vn -0.4774 0.0672 -0.8761
vn -0.3212 0.0656 0.9447
vn -0.3288 0.0352 -0.9438
vn -0.4987 0.0488 0.8654
vn -0.8828 0.0151 0.4696
vn -0.6459 0.2134 0.7330
vn -0.8701 0.1826 0.4578
vn -0.9749 0.2225 -0.0000
vn -0.8573 0.2112 -0.4696
vn -0.5818 0.3478 -0.7352
vn -0.1808 0.1150 0.9768
vn -0.4436 0.1942 -0.8749
vn -0.2520 0.2132 -0.9440
vn -0.4264 0.2254 0.8760
vn -0.1733 0.1032 -0.9794
vn -0.7888 0.3967 0.4696
vn -0.9010 0.4339 -0.0000
vn -0.8076 0.3716 -0.4578
vn -0.3422 0.3616 -0.8673
vn -0.2077 0.2578 0.9436
vn -0.3371 0.3381 0.8786
vn -0.4999 0.4663 0.7298
vn -0.7047 0.5420 0.4578
vn -0.7818 0.6235 -0.0000
vn -0.6807 0.5622 -0.4696
vn -0.5430 0.7004 0.4632
vn -0.6235 0.7818 -0.0000
vn -0.5664 0.6853 -0.4578
vn -0.3687 0.5654 -0.7379
vn -0.1621 0.4626 -0.8716
vn -0.1203 0.3089 -0.9434
vn -0.2601 0.5351 0.8037
vn -0.3812 0.7961 0.4699
vn -0.4339 0.9010 -0.0000
vn -0.3687 0.8018 -0.4703
vn -0.2130 0.8631 0.4578
vn -0.2225 0.9749 -0.0000
vn -0.2132 0.8618 -0.4603
vn 0.0980 0.8859 -0.4534
vn 0.1498 0.6610 -0.7353
vn -0.0864 0.6768 -0.7311
vn 0.1615 0.4637 -0.8711
vn -0.0403 0.4774 -0.8778
vn -0.0179 0.8882 0.4591
vn 0.0788 0.6757 0.7330
vn 0.2154 0.8593 0.4639
vn 0.2370 0.9713 -0.0194
vn -0.0149 0.9997 -0.0194
vn -0.0347 0.2022 0.9787
vn 0.0117 0.1041 0.9945
vn 0.1620 0.1274 0.9785
vn 0.2016 0.2504 0.9469
vn 0.0820 0.3984 0.9135
vn 0.1723 0.2869 -0.9423
vn 0.0323 0.3258 -0.9449
vn 0.1265 0.1590 -0.9791
vn -0.0066 0.2108 -0.9775
vn 0.3483 0.5731 0.7418
vn 0.3694 0.8038 0.4662
vn 0.3722 0.8069 -0.4587
vn 0.3633 0.5649 -0.7409
vn 0.3519 0.3471 -0.8693
vn 0.5620 0.6811 0.4693
vn 0.5628 0.6817 -0.4676
vn 0.2777 0.1762 -0.9444
vn 0.2620 0.4106 0.8734
vn 0.4033 0.2522 0.8796
vn 0.5649 0.3651 0.7400
vn 0.0157 0.0986 -0.9950
vn 0.0972 -0.0150 -0.9952
vn 0.6840 0.5660 0.4603
vn -0.0005 0.0001 -1.0000
vn 0.6840 0.5660 -0.4603
vn 0.5654 0.3623 -0.7410
vn 0.2069 0.0447 -0.9773
vn 0.8034 0.3692 0.4672
vn 0.8034 0.3692 -0.4672
vn -0.0003 -0.0001 1.0000
vn 0.1021 -0.0116 0.9947
vn 0.4636 0.1695 -0.8697
vn 0.3948 0.1139 0.9117
vn 0.6686 0.0939 0.7376
vn 0.8618 0.2136 -0.4601
vn 0.6738 0.0855 -0.7340
vn 0.4114 0.0180 -0.9113
vn 0.8884 -0.0099 -0.4590
vn 0.2045 -0.0442 0.9779
vn 0.3201 -0.0733 0.9446
vn 0.4922 -0.0647 0.8681
vn 0.6539 -0.1608 0.7393
vn 0.8676 -0.2025 -0.4542
vn 0.6566 -0.1444 -0.7403
vn 0.4585 -0.1575 -0.8746
vn 0.2978 -0.1004 -0.9494
vn 0.1805 -0.1039 -0.9781
vn 0.5801 -0.3513 0.7349
vn 0.8070 -0.3703 -0.4601
vn 0.5770 -0.3546 -0.7358
vn 0.3995 -0.2591 0.8794
vn 0.6884 -0.5616 -0.4590
vn 0.1052 -0.1739 0.9791
vn 0.3062 -0.2760 -0.9111
vn 0.2185 -0.2438 0.9449
vn 0.5525 -0.6991 -0.4539
vn -0.0089 -0.1004 0.9949
vn 0.4253 -0.5261 -0.7365
vn 0.2534 -0.4113 -0.8756
vn 0.2496 -0.4117 0.8765
vn 0.0700 -0.1908 -0.9791
vn 0.3632 -0.5648 0.7410
vn 0.3997 -0.7941 -0.4578
vn 0.2357 -0.6331 -0.7373
vn 0.1125 -0.3104 -0.9439
vn -0.0196 -0.1026 -0.9945
vn 0.0651 -0.4802 -0.8748
vn 0.0810 -0.4010 0.9125
vn 0.0920 -0.6707 0.7360
vn 0.1883 -0.8677 -0.4601
vn -0.0066 -0.6773 -0.7357
vn -0.0572 -0.2026 0.9776
vn -0.0659 -0.3158 -0.9465
vn -0.0043 -0.8909 -0.4542
vn -0.1042 -0.4761 -0.8732
vn -0.1399 -0.2922 0.9461
vn -0.1283 -0.1588 -0.9789
vn -0.0638 -0.4843 0.8726
vn -0.2075 -0.6416 0.7384
vn -0.1814 -0.8691 -0.4601
vn -0.2207 -0.6462 -0.7306
vn -0.2709 -0.4032 0.8741
vn -0.3973 -0.7892 -0.4684
vn -0.2671 -0.4149 -0.8698
vn -0.2357 -0.2430 -0.9409
vn -0.4286 -0.5204 0.7386
vn -0.5420 -0.7047 -0.4578
vn -0.4660 -0.4885 -0.7377
vn -0.2720 -0.1862 0.9441
vn -0.4181 -0.2429 0.8753
vn -0.5673 -0.3710 0.7352
vn -0.6852 -0.5664 0.4578
vn -0.7000 -0.5461 -0.4601
vn -0.1806 -0.0926 0.9792
vn -0.4114 -0.2541 -0.8753
vn -0.0993 0.0196 -0.9949
vn -0.8046 -0.3827 -0.4542
vn -0.1002 0.0100 0.9949
vn -0.6110 -0.2842 -0.7389
vn -0.3034 -0.1090 -0.9466
vn -0.6714 -0.0917 0.7354
vn -0.8618 -0.2136 -0.4601
vn -0.6806 -0.0895 -0.7271
vn -0.4798 -0.0495 -0.8760
vn -0.3223 -0.0440 0.9456
vn -0.4878 -0.0443 0.8718
vn -0.2041 0.0227 -0.9787
vn -0.8884 0.0099 -0.4590
vn -0.1904 0.0788 0.9785
vn -0.3265 0.0670 -0.9428
vn -0.8678 0.2021 -0.4539
vn -0.6573 0.1448 -0.7396
vn -0.4496 0.1691 -0.8771
vn -0.3918 0.1084 0.9136
vn -0.6406 0.2046 0.7401
vn -0.5755 0.3543 -0.7371
vn -0.3562 0.3551 -0.8643
vn -0.2282 0.2248 0.9473
vn -0.2409 0.2194 -0.9454
vn -0.1248 0.1632 -0.9787
vn -0.4188 0.2736 0.8659
vn -0.4858 0.4690 0.7376
vn -0.3633 0.5660 -0.7400
vn -0.2645 0.4197 0.8683
vn -0.5386 0.6996 0.4696
vn -0.5664 0.6852 -0.4578
vn -0.1559 0.3818 -0.9110
vn -0.1130 0.3149 0.9424
vn -0.2336 0.6335 0.7376
vn -0.3997 0.7941 0.4578
vn -0.0671 0.4926 0.8677
vn -0.1809 0.8636 0.4706
vn -0.2051 0.8630 -0.4618
vn 0.9666 0.2562 0.0001
vn 0.7652 0.0662 0.6403
vn 0.9965 -0.0774 -0.0311
vn -0.9693 -0.2454 -0.0149
vn -0.6722 -0.0229 -0.7400
vn -0.9962 0.0872 -0.0000
vn -0.6572 -0.2622 0.7067
vn -0.6670 -0.0374 0.7441
vn -0.7131 -0.2046 -0.6705
vn 0.0826 0.0579 -0.9949
vn 0.0882 -0.0125 -0.9960
vn 0.7481 0.0762 -0.6592
vn 0.6749 0.2882 -0.6793
vn 0.8411 0.5409 -0.0046
vn 0.6567 0.3105 0.6873
vn 0.0533 0.0423 0.9977
vn 0.0802 0.0203 0.9966
vn -0.8202 -0.5720 0.0087
vn -0.5792 -0.3108 -0.7536
vn 0.7028 0.7114 0.0027
vn -0.4940 -0.4929 -0.7162
vn 0.5034 0.4919 -0.7103
vn 0.4964 0.5180 0.6966
vn 0.0382 0.0594 0.9975
vn -0.5599 -0.4165 0.7163
vn -0.3790 -0.5626 0.7348
vn -0.5813 -0.8118 0.0555
vn 0.0503 0.0687 -0.9964
vn 0.4443 0.8957 0.0176
vn 0.2827 0.6529 0.7027
vn -0.2882 -0.6376 -0.7145
vn 0.2988 0.6602 -0.6891
vn 0.0303 0.1030 0.9942
vn -0.2630 -0.9643 0.0310
vn 0.0244 0.1016 -0.9945
vn 0.0959 0.9954 -0.0005
vn 0.0586 0.7043 0.7074
vn -0.0409 -0.6809 -0.7313
vn 0.0612 -0.7353 0.6749
vn -0.1962 -0.6751 0.7112
vn 0.0641 -0.9976 0.0273
vn -0.0943 0.7208 0.6867
vn -0.0268 0.0851 0.9960
vn -0.0128 0.0517 -0.9986
vn -0.0940 0.7296 -0.6774
vn 0.0572 0.7098 -0.7021
vn -0.3321 0.6716 0.6623
vn 0.3115 -0.9501 -0.0180
vn 0.1207 -0.6872 -0.7163
vn -0.3135 0.6681 -0.6748
vn -0.5661 0.8236 0.0339
vn -0.2704 0.9627 -0.0087
vn 0.5682 -0.8229 0.0063
vn 0.3063 -0.6400 -0.7047
vn -0.0486 0.0630 -0.9968
vn -0.0274 0.0387 0.9989
vn 0.3153 -0.6190 0.7194
vn 0.4464 -0.5063 -0.7378
vn -0.4941 0.5616 -0.6637
vn -0.7758 0.6310 0.0088
vn -0.5328 0.5164 0.6704
vn 0.4438 -0.5319 0.7211
vn 0.7513 -0.6600 -0.0018
vn -0.9094 0.4152 -0.0233
vn -0.0460 0.0227 0.9987
vn 0.5769 -0.4022 0.7109
vn 0.9030 -0.4296 0.0065
vn 0.6056 -0.4290 -0.6702
vn -0.0887 0.0423 -0.9952
vn -0.5871 0.4032 -0.7020
vn 0.6535 -0.2107 0.7270
vn 0.6270 -0.2097 -0.7502
vn -0.7341 0.1838 -0.6537
vn -0.7305 0.0711 0.6792
vn -0.6486 0.3052 0.6973
vn -0.0407 0.0020 0.9992
vn 0.9924 -0.1230 -0.0016
vn 0.7501 -0.0505 -0.6594
vn -0.0924 -0.0140 -0.9956
vn -0.7066 0.0004 -0.7076
vn -0.9946 0.0981 -0.0348
vn -0.9898 -0.1412 0.0168
vn -0.7148 -0.1953 0.6715
vn -0.0404 -0.0042 0.9992
vn 0.6869 -0.0342 0.7259
vn 0.9907 0.1362 0.0023
vn 0.6658 0.2052 -0.7174
vn -0.9109 -0.4126 0.0038
vn 0.9063 0.4227 0.0025
vn -0.6229 -0.3687 0.6899
vn -0.0482 -0.0335 0.9983
vn 0.6588 0.1801 0.7305
vn 0.5604 0.3752 0.7383
vn -0.0467 -0.0355 -0.9983
vn -0.6256 -0.3639 -0.6900
vn -0.7082 -0.2085 -0.6745
vn -0.7796 -0.6263 -0.0017
vn -0.5021 -0.5193 0.6915
vn 0.7458 0.6659 -0.0175
vn 0.5594 0.3824 -0.7354
vn 0.4294 0.5619 0.7071
vn 0.4631 0.5207 -0.7172
vn -0.5699 -0.8217 0.0035
vn -0.3121 -0.6976 0.6450
vn -0.0550 -0.0677 0.9962
vn 0.5561 0.8311 0.0031
vn 0.2957 0.6422 -0.7072
vn -0.0411 -0.0542 -0.9977
vn -0.3134 -0.6762 -0.6668
vn -0.5103 -0.5246 -0.6814
vn 0.1944 0.6803 0.7067
vn 0.3477 0.9376 0.0078
vn -0.0029 -0.0609 0.9981
vn 0.0347 0.6863 -0.7265
vn -0.0083 -0.0775 -0.9970
vn -0.1119 -0.7453 -0.6573
vn -0.2618 -0.9651 -0.0060
vn 0.0913 -0.9958 -0.0035
vn -0.1145 -0.7267 0.6774
vn -0.0243 0.6889 0.7244
vn 0.0803 0.9963 -0.0299
vn 0.0102 -0.0549 0.9984
vn -0.2574 0.9663 0.0007
vn -0.1746 0.6824 -0.7099
vn 0.0210 -0.0622 -0.9978
vn 0.0696 -0.6925 -0.7180
vn 0.2393 -0.6937 0.6794
vn 0.0615 -0.6984 0.7131
vn 0.3016 -0.6596 -0.6885
vn 0.4037 -0.6129 0.6792
vn 0.0613 -0.0650 0.9960
vn -0.1969 0.6709 0.7149
vn -0.3635 0.6066 0.7071
vn -0.3154 0.6077 -0.7288
vn 0.0473 -0.0635 -0.9969
vn 0.6372 -0.7706 -0.0129
vn 0.4161 -0.9087 0.0331
vn -0.5105 0.5051 -0.6959
vn 0.5421 -0.4558 0.7059
vn -0.5691 0.4563 0.6840
vn -0.5856 0.8103 0.0204
vn 0.0693 -0.0412 -0.9967
vn 0.5156 -0.5096 -0.6888
vn 0.6506 -0.3266 0.6857
vn 0.0731 -0.0248 0.9970
vn -0.6197 0.3240 0.7149
vn -0.7745 0.6325 0.0094
vn -0.5752 0.3419 -0.7431
vn 0.6717 -0.3525 -0.6516
vn 0.8242 -0.5662 -0.0098
vn 0.9347 -0.3553 -0.0090
vn -0.6971 0.1852 -0.6927
vn 0.6995 -0.1903 -0.6888
vn 0.6992 -0.1283 0.7033
vn -0.7140 0.1291 0.6881
vn -0.9150 0.4031 0.0178
vn 0.9848 0.1738 -0.0029
vn 0.7332 0.0638 0.6770
vn 0.9948 -0.0967 0.0310
vn -0.6449 -0.2017 -0.7372
vn 0.0847 0.0115 -0.9963
vn -0.7384 0.0359 -0.6734
vn 0.7119 0.0044 -0.7023
vn 0.6794 0.2211 0.6996
vn 0.0839 0.0377 0.9958
vn 0.0414 0.0001 0.9991
vn -0.6877 -0.0536 0.7241
vn -0.6255 -0.2698 0.7320
vn -0.9924 -0.1218 0.0170
vn -0.5987 -0.3476 -0.7216
vn 0.0463 0.0317 -0.9984
vn 0.7009 0.2081 -0.6822
vn 0.6247 0.3863 -0.6787
vn 0.9019 0.4319 -0.0072
vn 0.7705 0.6375 0.0005
vn 0.5877 0.4277 0.6868
vn -0.7181 -0.6958 -0.0147
vn -0.9063 -0.4221 0.0200
vn -0.4854 -0.5117 -0.7089
vn 0.5193 0.5183 -0.6794
vn 0.4131 0.6017 0.6836
vn 0.0291 0.0351 0.9990
vn -0.5230 -0.5096 0.6832
vn 0.0501 0.0686 -0.9964
vn -0.3532 -0.6060 0.7127
vn -0.4286 -0.9034 -0.0107
vn -0.2915 -0.6610 -0.6915
vn 0.3129 0.6691 -0.6741
vn 0.5753 0.8154 -0.0645
vn 0.3353 0.9421 0.0068
vn 0.0107 0.0948 0.9954
vn -0.1965 -0.6442 0.7392
vn 0.0954 0.9951 0.0257
vn 0.1973 0.7171 0.6684
vn -0.1067 -0.9942 -0.0093
vn -0.0294 -0.7012 -0.7123
vn 0.0302 -0.7186 0.6947
vn -0.1917 0.9811 0.0245
vn -0.0593 0.7144 0.6972
vn -0.0178 0.0916 0.9956
vn 0.2573 -0.9663 0.0093
vn -0.0121 0.0506 -0.9986
vn -0.1125 0.7042 -0.7011
vn 0.0522 0.7098 -0.7025
vn -0.3177 0.6459 0.6942
vn -0.2917 0.6447 -0.7066
vn 0.4226 -0.6104 0.6700
vn 0.1785 -0.6765 0.7145
vn 0.5545 -0.8318 0.0267
vn 0.2966 -0.6278 -0.7196
vn -0.0573 0.0864 -0.9946
vn -0.6883 0.7252 0.0209
vn -0.4536 0.8910 -0.0201
vn -0.0903 0.0613 0.9940
vn 0.4476 -0.5059 -0.7374
vn -0.5282 0.4970 -0.6885
vn 0.7456 -0.6663 -0.0128
vn -0.9055 0.4243 -0.0006
vn -0.5214 0.5083 0.6854
vn 0.9062 -0.4228 0.0057
vn 0.6065 -0.4206 -0.6747
vn -0.1010 0.0244 -0.9946
vn 0.6367 -0.1972 0.7455
vn 0.5762 -0.3759 0.7257
vn 0.6637 -0.1551 -0.7318
vn -0.7255 0.0688 0.6847
vn -0.6317 0.2906 0.7186
vn 0.9948 -0.1018 -0.0090
vn -0.7164 0.0708 -0.6941
vn -0.6371 0.3090 -0.7061
vn -0.0681 0.0195 0.9975
vn 0.6884 0.0064 0.7253
vn 0.6946 0.0007 -0.7194
vn -0.0771 -0.0084 -0.9970
vn -0.9910 -0.1338 0.0024
vn -0.9948 0.1016 -0.0004
vn -0.7057 -0.1927 0.6818
vn -0.0770 -0.0056 0.9970
vn 0.9723 0.2338 -0.0009
vn 0.6909 0.2120 -0.6912
vn -0.0572 -0.0272 0.9980
vn 0.6712 0.2042 0.7126
vn -0.0748 -0.0480 -0.9960
vn -0.6130 -0.3838 0.6905
vn 0.8249 0.5652 0.0003
vn -0.6439 -0.3832 -0.6622
vn -0.6972 -0.1911 -0.6909
vn -0.7798 -0.6261 -0.0016
vn -0.5221 -0.5230 0.6737
vn -0.0284 -0.0317 0.9991
vn 0.4459 0.5214 0.7276
vn 0.5876 0.4069 0.6995
vn 0.4699 0.5105 -0.7201
vn 0.5635 0.4066 -0.7191
vn -0.5717 -0.8198 -0.0315
vn -0.3520 -0.6404 0.6826
vn 0.2940 0.6187 0.7286
vn 0.5731 0.8195 -0.0070
vn 0.2955 0.6284 -0.7196
vn -0.0409 -0.0544 -0.9977
vn -0.3205 -0.6779 -0.6616
vn -0.5076 -0.5167 -0.6895
vn -0.2728 -0.9619 -0.0163
vn -0.1603 -0.6976 0.6983
vn -0.0197 -0.0385 0.9991
vn 0.3042 0.9526 0.0026
vn -0.0042 -0.0708 0.9975
vn 0.0702 0.6861 0.7241
vn 0.0559 0.7065 -0.7055
vn -0.0156 -0.0603 -0.9981
vn -0.0968 -0.7324 -0.6739
vn 0.0907 -0.9959 0.0034
vn 0.0258 -0.0842 -0.9961
vn 0.0147 -0.0683 0.9976
vn -0.1615 0.6674 0.7269
vn 0.0512 0.9985 -0.0167
vn -0.2689 0.9631 0.0085
vn -0.2027 0.6956 -0.6893
vn 0.2746 -0.6669 0.6927
vn 0.0613 -0.7022 0.7093
vn 0.2763 -0.6493 -0.7086
vn 0.0610 -0.7073 -0.7043
vn 0.0303 -0.0483 0.9984
vn -0.3787 0.5722 0.7274
vn -0.3285 0.6495 -0.6857
vn 0.0619 -0.0872 -0.9943
vn 0.4521 -0.8919 -0.0039
vn 0.4649 -0.5698 0.6776
vn -0.4955 0.4743 -0.7277
vn 0.5055 -0.5280 -0.6824
vn 0.6285 -0.4313 0.6473
vn 0.0358 -0.0286 0.9989
vn -0.5427 0.3994 0.7389
vn -0.5858 0.8104 0.0085
vn -0.7564 0.6540 -0.0103
vn 0.9086 -0.4171 0.0234
vn 0.7186 -0.6952 0.0157
vn -0.6232 0.3884 -0.6788
vn 0.6021 -0.3856 -0.6991
vn 0.7330 -0.1910 0.6528
vn -0.6587 0.1856 0.7292
vn -0.9080 0.4178 -0.0302
vn -0.6799 0.1600 -0.7156
vn 0.0732 -0.0298 -0.9969
vn -0.9897 0.1424 -0.0169
vn 0.0244 -0.0146 0.9996
vn 0.7380 -0.1843 -0.6492
vn -0.9625 -0.2454 -0.1156
vn -0.8636 0.0436 -0.5023
vn 0.4473 0.0123 0.8943
vn 0.6555 0.1510 -0.7400
vn 0.3570 -0.0061 -0.9341
vn 0.8101 -0.0493 0.5843
vn 0.9172 0.2778 -0.2858
vn -0.7672 -0.2027 0.6085
vn 0.2462 0.1008 -0.9640
vn 0.8251 0.5135 0.2359
vn 0.4545 0.2191 0.8634
vn -0.8473 -0.5272 -0.0638
vn 0.4227 0.3528 0.8348
vn 0.3307 0.2893 -0.8983
vn 0.5145 0.6082 0.6045
vn -0.5642 -0.6936 0.4478
vn -0.7448 -0.6443 0.1736
vn 0.0863 0.0836 -0.9928
vn -0.0624 -0.1324 0.9892
vn -0.5231 -0.7661 -0.3734
vn 0.5196 0.8202 0.2392
vn -0.2309 -0.8361 -0.4976
vn 0.2449 0.5780 -0.7784
vn -0.0913 -0.8822 -0.4619
vn 0.0655 0.9207 -0.3848
vn 0.1700 0.7133 0.6800
vn 0.0436 0.8182 -0.5733
vn 0.0161 0.1162 0.9931
vn -0.1692 0.5398 0.8246
vn 0.1129 -0.9439 0.3102
vn 0.0027 -0.9037 -0.4281
vn 0.0684 -0.2893 -0.9548
vn 0.3881 -0.8812 -0.2700
vn -0.2753 0.6696 -0.6898
vn -0.1063 0.9715 -0.2118
vn -0.5159 0.8473 0.1261
vn 0.3499 -0.5249 0.7759
vn 0.1124 -0.2786 -0.9538
vn 0.1239 -0.1139 0.9857
vn 0.5209 -0.7269 -0.4475
vn -0.4508 0.4186 -0.7884
vn 0.8511 -0.4389 0.2882
vn 0.7547 -0.5361 -0.3782
vn 0.2429 -0.1516 -0.9581
vn -0.8618 0.4606 -0.2125
vn -0.6625 0.4828 0.5727
vn -0.0702 0.0149 0.9974
vn 0.7310 -0.2638 -0.6294
vn -0.8533 0.3026 -0.4247
vn -0.9220 0.2174 -0.3203
vn 0.8908 -0.2143 0.4006
vn -0.9680 -0.0494 0.2459
vn -0.2706 0.0132 0.9626
vn 0.9245 0.0702 -0.3746
vn -0.2584 0.0343 -0.9654
vn -0.9211 -0.1066 0.3744
vn -0.2484 -0.0684 0.9662
vn 0.8646 0.0749 -0.4969
vn -0.4755 -0.1241 -0.8709
vn 0.8868 0.3947 0.2404
vn -0.8934 -0.3756 -0.2464
vn -0.0525 -0.0328 0.9981
vn 0.6830 0.3672 -0.6315
vn -0.7785 -0.4527 -0.4347
vn -0.7738 -0.6277 -0.0851
vn 0.2711 0.2353 0.9334
vn -0.1053 -0.1065 0.9887
vn 0.4897 0.3968 -0.7764
vn -0.5285 -0.6169 -0.5832
vn -0.4779 -0.7893 -0.3855
vn -0.0319 -0.0486 0.9983
vn 0.5910 0.6777 -0.4375
vn 0.4193 0.6279 -0.6556
vn -0.3262 -0.6651 -0.6717
vn 0.3879 0.9099 -0.1468
vn -0.1490 -0.9883 -0.0315
vn -0.1589 -0.4391 0.8843
vn 0.0676 0.2480 -0.9664
vn -0.0215 -0.1522 0.9881
vn 0.1235 0.9837 0.1310
vn 0.0488 0.8859 -0.4613
vn -0.0055 -0.8155 -0.5788
vn 0.0681 -0.7001 0.7108
vn -0.0915 0.9733 0.2103
vn 0.1099 -0.5407 -0.8340
vn 0.0449 -0.0543 0.9975
vn -0.3074 0.8529 -0.4220
vn -0.4937 0.8692 0.0278
vn 0.2852 -0.3848 -0.8778
vn 0.4839 -0.8467 -0.2211
vn 0.3474 -0.8954 0.2786
vn 0.6373 -0.7049 0.3114
vn -0.2556 0.2821 0.9247
vn -0.6064 0.6857 -0.4027
vn 0.6404 -0.4506 0.6220
vn -0.6509 0.5678 0.5039
vn 0.1118 -0.1319 -0.9849
vn -0.8831 0.4672 -0.0443
vn 0.6245 -0.2998 -0.7211
vn 0.7248 -0.2772 0.6307
vn 0.1173 -0.0187 -0.9929
vn -0.8341 0.1780 0.5221
vn -0.8730 0.2857 0.3953
vn 0.9184 -0.1961 -0.3435
vn 0.1147 0.0338 0.9928
vn -0.6593 -0.1978 0.7254
vn -0.7375 0.0780 0.6708
vn -0.9964 0.0834 0.0154
vn -0.9726 -0.2321 0.0119
vn -0.7334 -0.0434 -0.6784
vn -0.6666 -0.1848 -0.7222
vn 0.0928 -0.0269 -0.9953
vn 0.7337 0.1890 -0.6526
vn 0.7704 -0.0580 -0.6350
vn 0.9950 0.0955 -0.0298
vn 0.6555 0.3036 0.6915
vn 0.7095 0.0519 0.7028
vn -0.5678 -0.3905 0.7247
vn -0.8751 -0.4834 -0.0230
vn -0.6224 -0.3505 -0.6999
vn 0.0334 0.0233 -0.9992
vn 0.0670 0.0485 -0.9966
vn 0.6185 0.3668 -0.6949
vn 0.9065 0.4209 -0.0316
vn 0.7192 0.6948 -0.0057
vn 0.4942 0.5180 0.6982
vn 0.0508 0.0385 0.9980
vn -0.7059 -0.7080 -0.0211
vn 0.4819 0.5061 -0.7153
vn 0.0361 0.0613 0.9975
vn -0.4305 -0.5286 0.7316
vn 0.4366 0.8996 -0.0079
vn -0.3074 -0.6350 0.7087
vn -0.4235 -0.9059 0.0002
vn -0.4719 -0.5290 -0.7053
vn 0.0250 0.0583 -0.9980
vn 0.3945 0.6166 -0.6813
vn 0.2872 0.6615 0.6928
vn 0.0168 0.0594 0.9981
vn 0.0885 0.9959 -0.0186
vn 0.1509 0.7165 0.6811
vn -0.0760 -0.7196 0.6903
vn -0.0936 -0.9956 0.0041
vn -0.2706 -0.6253 -0.7320
vn -0.0537 -0.6841 -0.7274
vn 0.1948 0.7263 -0.6592
vn -0.0271 0.1010 0.9945
vn -0.0627 0.7567 -0.6507
vn 0.1028 -0.6583 0.7457
vn 0.2554 -0.9668 0.0059
vn 0.0887 -0.6827 -0.7253
vn 0.0038 0.0606 -0.9982
vn -0.0142 0.0624 -0.9979
vn -0.2477 0.9686 0.0229
vn -0.3075 0.6684 0.6773
vn -0.0595 0.7625 0.6443
vn 0.2943 -0.6193 -0.7279
vn -0.2684 0.6741 -0.6882
vn -0.5163 0.8562 0.0188
vn -0.0450 0.0587 0.9973
vn 0.2867 -0.6311 0.7208
vn 0.5645 -0.8248 0.0303
vn -0.4226 0.5967 -0.6821
vn -0.7029 0.7110 -0.0185
vn 0.4640 -0.5199 0.7172
vn 0.4891 -0.5002 -0.7146
vn -0.0219 0.0305 -0.9993
vn -0.5164 0.4980 0.6966
vn -0.0477 0.0354 0.9982
vn 0.7658 -0.6431 0.0004
vn -0.0464 0.0344 -0.9983
vn -0.5831 0.4578 -0.6711
vn -0.9082 0.4182 0.0184
vn -0.6299 0.3906 0.6713
vn 0.6119 -0.3422 -0.7131
vn -0.6435 0.3171 -0.6966
vn -0.7086 0.1958 0.6779
vn 0.6422 -0.1865 0.7435
vn 0.5577 -0.3818 0.7370
vn 0.9100 -0.4138 -0.0252
vn 0.6442 -0.1636 -0.7472
vn -0.0691 0.0198 -0.9974
vn -0.9832 0.1827 0.0009
vn 0.9958 -0.0917 -0.0028
vn -0.7260 0.0670 -0.6844
vn -0.7219 -0.0353 0.6911
vn -0.0402 0.0094 0.9991
vn 0.6817 0.0490 0.7300
vn 0.6970 0.0381 -0.7160
vn -0.0796 -0.0131 -0.9967
vn 0.9788 0.2042 -0.0179
vn -0.7404 -0.1530 -0.6545
vn -0.9945 -0.1037 -0.0149
vn -0.6962 -0.2227 0.6824
vn -0.0354 -0.0025 0.9994
vn -0.0543 -0.0271 0.9982
vn 0.6140 0.2829 0.7368
vn 0.6732 0.2466 -0.6971
vn -0.9130 -0.4078 0.0152
vn -0.5982 -0.4249 0.6794
vn -0.0582 -0.0401 -0.9975
vn -0.7612 -0.6486 0.0016
vn 0.4848 0.4783 0.7323
vn 0.7706 0.6372 -0.0133
vn 0.9041 0.4262 0.0320
vn 0.5556 0.3831 -0.7379
vn -0.5120 -0.5129 -0.6890
vn -0.6350 -0.3168 -0.7045
vn -0.5885 -0.8084 -0.0113
vn -0.3953 -0.5984 0.6969
vn -0.0490 -0.0469 0.9977
vn 0.4634 0.5195 -0.7179
vn 0.2966 0.6177 0.7283
vn 0.5697 0.8212 -0.0312
vn 0.2992 0.6301 -0.7166
vn -0.0302 -0.0412 -0.9987
vn -0.3457 -0.6543 -0.6726
vn -0.2907 -0.9568 0.0041
vn -0.1655 -0.7013 0.6934
vn -0.0258 -0.0521 0.9983
vn -0.0140 -0.0406 -0.9991
vn -0.0074 -0.0714 0.9974
vn 0.0723 0.6893 0.7209
vn 0.3103 0.9505 -0.0144
vn 0.1213 0.6859 -0.7175
vn 0.0880 -0.9961 0.0001
vn 0.0607 -0.6930 0.7184
vn 0.0038 -0.0453 -0.9990
vn -0.1510 -0.7143 -0.6833
vn 0.0261 -0.0947 0.9952
vn -0.1006 0.7502 0.6536
vn 0.0693 0.9974 0.0169
vn -0.1915 0.9813 0.0207
vn -0.0642 0.6737 -0.7362
vn 0.3203 -0.6581 0.6814
vn -0.2960 0.6153 0.7306
vn -0.2615 0.6554 -0.7086
vn 0.0637 -0.0911 -0.9938
vn 0.0716 -0.7073 -0.7032
vn 0.2955 -0.6679 -0.6830
vn 0.6706 -0.7418 -0.0021
vn 0.4209 -0.9071 -0.0000
vn 0.5190 -0.5021 0.6917
vn -0.4662 0.5071 0.7249
vn -0.4611 0.8873 -0.0055
vn -0.4773 0.5493 -0.6859
vn -0.5470 0.3795 -0.7462
vn 0.8461 -0.5331 0.0012
vn 0.6661 -0.3178 0.6747
vn 0.0273 -0.0325 0.9991
vn -0.6244 0.3239 0.7108
vn -0.7222 0.6916 0.0088
vn -0.9094 0.4138 0.0416
vn 0.5152 -0.4899 -0.7032
vn 0.9661 -0.2570 -0.0249
vn -0.6521 0.1969 -0.7321
vn 0.0544 -0.0339 -0.9979
vn 0.6557 -0.2992 -0.6932
vn 0.7117 -0.0891 0.6968
vn 0.0679 -0.0234 0.9974
vn 0.0829 -0.0077 0.9965
vn -0.6630 -0.1695 0.7292
vn -0.6835 0.0512 0.7282
vn -0.9961 0.0750 0.0462
vn -0.9680 -0.2430 0.0627
vn -0.6775 -0.0792 -0.7312
vn 0.7253 0.1868 -0.6627
vn 0.9949 0.0961 -0.0290
vn 0.7567 -0.0850 -0.6482
vn 0.6607 0.3079 0.6846
vn 0.6942 0.0628 0.7170
vn 0.0646 0.0154 0.9978
vn 0.0532 0.0272 -0.9982
vn 0.0945 0.0105 -0.9955
vn 0.0540 0.0416 0.9977
vn -0.8622 -0.5065 -0.0049
vn -0.6079 -0.2995 -0.7353
vn 0.6187 0.3937 -0.6799
vn 0.9065 0.4211 -0.0313
vn 0.4938 0.5171 0.6991
vn -0.7110 -0.7022 -0.0385
vn 0.0239 0.0243 -0.9994
vn 0.4932 0.5012 -0.7110
vn 0.0345 0.0578 0.9977
vn -0.5571 -0.3955 0.7302
vn -0.3838 -0.5426 0.7471
vn -0.4308 -0.9015 -0.0407
vn -0.4697 -0.5002 -0.7274
vn 0.0227 0.0545 -0.9983
vn 0.3939 0.6166 -0.6816
vn 0.2865 0.6606 0.6939
vn 0.0170 0.0555 0.9983
vn -0.1760 -0.6317 0.7550
vn 0.1537 0.7208 0.6759
vn -0.0946 -0.9950 -0.0324
vn -0.2704 -0.6264 -0.7311
vn -0.0734 -0.6936 -0.7166
vn 0.0045 0.0672 -0.9977
vn 0.1965 0.7263 -0.6587
vn -0.0048 0.0416 0.9991
vn 0.0584 -0.6611 0.7480
vn -0.0648 0.7525 -0.6554
vn 0.2594 -0.9652 -0.0337
vn 0.0979 -0.7002 -0.7072
vn -0.0250 0.0723 -0.9971
vn -0.3036 0.6812 0.6662
vn -0.0743 0.7619 0.6434
vn -0.0522 0.0668 0.9964
vn 0.3071 -0.6128 -0.7282
vn -0.2682 0.6955 -0.6666
vn -0.5149 0.8571 0.0146
vn 0.2637 -0.6119 0.7457
vn 0.5602 -0.8283 0.0008
vn -0.6938 0.7201 -0.0077
vn 0.4909 -0.5427 0.6816
vn -0.0393 0.0423 -0.9983
vn -0.4150 0.5900 -0.6925
vn -0.5124 0.4876 0.7069
vn -0.0743 0.0487 0.9960
vn 0.7508 -0.6606 0.0004
vn 0.4458 -0.5308 -0.7207
vn -0.5853 0.4526 -0.6728
vn -0.9082 0.4181 0.0166
vn -0.6449 0.4080 0.6463
vn 0.9067 -0.4208 -0.0284
vn 0.5715 -0.3957 -0.7189
vn -0.0386 0.0191 -0.9991
vn -0.7128 0.1882 0.6757
vn 0.6987 -0.1938 0.6887
vn 0.5561 -0.4031 0.7268
vn 0.6698 -0.2089 -0.7125
vn -0.0819 -0.0005 0.9966
vn 0.9938 -0.1097 -0.0178
vn -0.0893 -0.0055 -0.9960
vn -0.6504 0.2828 -0.7050
vn -0.7290 0.0813 -0.6797
vn -0.9942 0.1016 0.0342
vn -0.7468 -0.0127 0.6650
vn 0.6698 0.0085 0.7425
vn -0.9898 -0.1418 -0.0137
vn -0.6983 -0.1946 0.6889
vn 0.9897 0.1423 0.0132
vn 0.6806 -0.0548 -0.7306
vn 0.7209 0.1940 -0.6654
vn -0.9086 -0.4166 0.0294
vn -0.0658 -0.0300 0.9974
vn 0.6853 0.1857 0.7042
vn 0.9066 0.4204 0.0356
vn -0.0825 -0.0488 -0.9954
vn -0.6893 -0.1836 -0.7008
vn -0.5990 -0.4142 0.6853
vn -0.6474 -0.3869 -0.6566
vn -0.7612 -0.6482 0.0174
vn 0.4867 0.4791 0.7305
vn 0.5886 0.3689 0.7194
vn 0.7661 0.6427 0.0012
vn 0.5517 0.4018 -0.7309
vn -0.5060 -0.5139 -0.6927
vn -0.4139 -0.5871 0.6956
vn -0.0494 -0.0463 0.9977
vn 0.4715 0.5210 -0.7115
vn 0.3427 0.6210 0.7049
vn 0.5682 0.8228 -0.0138
vn 0.2964 0.6289 -0.7188
vn -0.0380 -0.0517 -0.9979
vn -0.3149 -0.6585 -0.6836
vn -0.5662 -0.8215 -0.0670
vn -0.3421 -0.9396 -0.0009
vn -0.1693 -0.7142 0.6791
vn -0.0379 -0.0800 0.9961
vn 0.1643 0.6630 0.7304
vn 0.3485 0.9373 0.0049
vn -0.0233 -0.0877 -0.9959
vn -0.0953 -0.9933 0.0655
vn 0.0535 0.7143 -0.6978
vn -0.0529 -0.7151 -0.6970
vn 0.0550 -0.7353 0.6756
vn 0.0034 -0.0478 0.9988
vn -0.0457 0.6594 0.7504
vn 0.0692 0.9960 -0.0563
vn 0.1736 -0.9848 0.0016
vn -0.2628 0.9644 -0.0305
vn -0.1920 0.6709 -0.7163
vn 0.0103 -0.0930 -0.9956
vn 0.2975 -0.6644 0.6856
vn -0.2690 0.6298 0.7287
vn -0.3761 0.5867 -0.7171
vn 0.3823 -0.6107 -0.6935
vn 0.2049 -0.7144 -0.6690
vn 0.4408 -0.8967 -0.0396
vn 0.7020 -0.7122 -0.0023
vn 0.5021 -0.4964 0.7082
vn 0.0572 -0.0826 0.9949
vn -0.4875 0.4998 0.7159
vn -0.5806 0.8123 -0.0544
vn 0.5105 -0.5105 -0.6920
vn 0.0704 -0.0451 0.9965
vn -0.8080 0.5873 -0.0457
vn -0.5880 0.4116 -0.6963
vn 0.0442 -0.0637 -0.9970
vn 0.8406 -0.5417 0.0008
vn 0.6607 -0.2991 0.6885
vn -0.6476 0.2994 0.7007
vn 0.0432 -0.0182 -0.9989
vn 0.6673 -0.3171 -0.6739
vn 0.9659 -0.2573 -0.0285
vn -0.9399 0.3413 -0.0039
vn -0.6901 0.1840 -0.6999
vn 0.7454 -0.1082 0.6578
vn 0.9954 -0.0913 0.0294
vn 0.7250 0.0955 0.6821
vn 0.7089 -0.0632 0.7024
vn 0.0894 -0.0273 0.9956
vn -0.9680 -0.2472 -0.0440
vn -0.7122 -0.0063 -0.7019
vn -0.9956 0.0899 -0.0245
vn -0.6617 -0.2163 -0.7178
vn 0.1009 0.0100 -0.9948
vn 0.6844 0.1948 -0.7026
vn 0.7224 -0.0609 -0.6888
vn 0.9655 0.2602 -0.0057
vn 0.0644 0.0213 0.9977
vn -0.6287 -0.2978 0.7184
vn -0.6924 -0.0555 0.7194
vn 0.8743 0.4851 -0.0154
vn 0.6571 0.3051 0.6894
vn -0.8193 -0.5726 -0.0303
vn -0.6441 -0.3277 -0.6912
vn 0.6110 0.4151 -0.6741
vn 0.5829 0.4679 0.6643
vn 0.0597 0.0605 0.9964
vn -0.4557 -0.5019 -0.7351
vn 0.0619 0.0697 -0.9956
vn -0.5717 -0.8201 0.0257
vn 0.4238 0.9056 -0.0158
vn 0.4298 0.6157 0.6605
vn 0.6952 0.7179 -0.0360
vn -0.3376 -0.6032 0.7226
vn -0.4620 -0.4782 0.7469
vn -0.2769 -0.6055 -0.7461
vn 0.0255 0.0655 -0.9975
vn 0.4259 0.6148 -0.6637
vn 0.2190 0.7043 0.6752
vn 0.0203 0.0464 0.9987
vn -0.1966 -0.6772 0.7091
vn -0.2572 -0.9653 0.0441
vn 0.0894 0.9952 -0.0399
vn 0.0601 0.7009 0.7107
vn 0.0065 0.0371 0.9993
vn -0.0660 -0.6663 -0.7428
vn 0.0042 0.0673 -0.9977
vn 0.1984 0.7265 -0.6579
vn -0.0060 -0.6912 0.7227
vn 0.0764 -0.9971 0.0076
vn -0.0658 0.7526 -0.6551
vn -0.0970 0.7356 0.6704
vn -0.0130 0.0555 0.9984
vn 0.1232 -0.7032 -0.7002
vn -0.0276 0.0770 -0.9967
vn -0.3153 0.6514 0.6902
vn 0.1860 -0.6554 0.7321
vn 0.3467 -0.9379 -0.0137
vn 0.3184 -0.6181 -0.7187
vn -0.2875 0.7026 -0.6509
vn -0.2633 0.9647 -0.0090
vn -0.5011 0.8654 0.0007
vn -0.0619 0.0890 0.9941
vn 0.3809 -0.5828 0.7179
vn 0.5634 -0.8255 0.0331
vn -0.4119 0.5985 -0.6871
vn -0.7018 0.7112 -0.0418
vn 0.4492 -0.5403 -0.7115
vn -0.0498 0.0520 -0.9974
vn 0.7457 -0.6661 -0.0148
vn -0.6152 0.4323 -0.6593
vn -0.9085 0.4171 -0.0253
vn -0.5302 0.4832 0.6966
vn -0.6399 0.3108 0.7028
vn -0.0416 0.0217 0.9989
vn 0.5819 -0.4147 0.6996
vn 0.9091 -0.4160 0.0243
vn 0.5905 -0.3992 -0.7014
vn -0.1024 0.0452 -0.9937
vn 0.6520 -0.2008 0.7311
vn 0.6647 -0.1460 -0.7327
vn -0.7457 0.1875 -0.6394
vn -0.7309 0.0761 0.6782
vn -0.0422 0.0085 0.9991
vn 0.6853 -0.0714 0.7248
vn 0.9950 -0.0883 0.0459
vn 0.7101 0.0316 -0.7034
vn -0.7258 -0.0410 -0.6867
vn -0.9940 0.0871 -0.0665
vn -0.9850 -0.1727 0.0014
vn -0.7135 -0.1861 0.6755
vn -0.0897 -0.0461 0.9949
vn 0.7499 0.0998 0.6540
vn 0.9829 0.1839 0.0074
vn -0.8989 -0.4358 0.0448
vn 0.6154 0.2984 0.7295
vn 0.6665 0.2449 -0.7041
vn -0.6463 -0.2894 -0.7061
vn -0.5911 -0.4188 0.6893
vn -0.0632 -0.0398 -0.9972
vn -0.0919 -0.0253 -0.9954
vn -0.7655 -0.6434 0.0032
vn 0.4966 0.4670 0.7317
vn 0.8955 0.4450 0.0106
vn 0.7752 0.6316 -0.0107
vn 0.5562 0.3847 -0.7367
vn -0.5217 -0.5134 -0.6814
vn -0.5718 -0.8198 -0.0313
vn -0.4147 -0.5663 0.7123
vn -0.0492 -0.0451 0.9978
vn 0.4618 0.5195 -0.7189
vn 0.2968 0.6167 0.7291
vn 0.5721 0.8193 -0.0391
vn 0.2947 0.6260 -0.7220
vn -0.0422 -0.0538 -0.9977
vn -0.3229 -0.6816 -0.6567
vn -0.2650 -0.6858 0.6778
vn -0.0223 -0.0371 0.9991
vn 0.3039 0.9527 0.0017
vn -0.0171 -0.0620 -0.9979
vn -0.0110 -0.0465 0.9989
vn 0.0670 0.6877 0.7229
vn 0.0612 0.6977 -0.7138
vn -0.1063 -0.7162 -0.6898
vn -0.2628 -0.9649 0.0011
vn 0.0162 -0.9998 0.0113
vn -0.0558 -0.7467 0.6628
vn 0.0062 -0.0557 -0.9984
vn 0.2603 -0.9654 -0.0189
vn 0.0871 -0.7291 0.6789
vn 0.0256 -0.0902 0.9956
vn -0.1449 0.6947 0.7045
vn 0.0524 0.9985 -0.0172
vn -0.2579 0.9662 0.0015
vn 0.3374 -0.6719 0.6593
vn 0.0695 -0.0937 -0.9932
vn 0.0773 -0.7308 -0.6782
vn 0.2999 -0.6911 -0.6576
vn 0.5674 -0.8234 0.0040
vn -0.4198 0.6161 0.6665
vn -0.5736 0.8192 -0.0000
vn -0.2031 0.6905 -0.6942
vn -0.4338 0.5534 -0.7111
vn 0.4996 -0.5294 0.6857
vn 0.0924 -0.0614 0.9938
vn 0.5200 -0.5252 -0.6736
vn 0.7952 -0.6063 0.0017
vn -0.5597 0.3872 0.7326
vn -0.8153 0.5791 -0.0041
vn -0.5680 0.3947 -0.7222
vn 0.6462 -0.2942 0.7041
vn 0.9089 -0.4155 -0.0368
vn -0.6768 0.2181 0.7031
vn -0.9227 0.3855 -0.0029
vn -0.6574 0.1828 -0.7311
vn 0.0566 -0.0369 -0.9977
vn 0.0694 -0.0164 -0.9975
vn 0.6381 -0.2934 -0.7119
vn -0.1339 0.7074 0.6941
vn -0.0111 0.8525 -0.5226
vn -0.1491 0.7057 -0.6926
vn 0.3311 0.7834 0.5259
vn 0.4694 0.7116 -0.5228
vn 0.2866 0.7169 -0.6355
vn 0.4174 0.5923 0.6892
vn 0.4979 0.5127 -0.6994
vn 0.5867 0.5791 0.5661
vn 0.6917 0.4565 -0.5596
vn 0.6434 0.4264 0.6357
vn 0.7518 0.3238 -0.5743
vn 0.6690 0.2622 0.6955
vn 0.7020 0.1541 -0.6953
vn 0.8294 0.1583 0.5357
vn 0.7786 0.0024 -0.6275
vn 0.7464 -0.0066 0.6655
vn 0.8148 -0.1529 -0.5592
vn 0.8243 -0.1688 0.5404
vn 0.6668 -0.2730 -0.6935
vn 0.6650 -0.2812 0.6919
vn 0.6973 -0.4667 -0.5441
vn 0.6167 -0.4259 0.6620
vn 0.5781 -0.5583 -0.5950
vn 0.5926 -0.6067 0.5299
vn 0.4156 -0.6009 -0.6828
vn 0.3905 -0.6067 0.6923
vn 0.3368 -0.7858 -0.5187
vn 0.3146 -0.7957 0.5176
vn 0.1499 -0.7035 -0.6948
vn 0.1361 -0.7277 0.6723
vn 0.0090 -0.8516 -0.5241
vn -0.0092 -0.8489 0.5285
vn -0.1368 -0.7135 -0.6872
vn -0.1511 -0.7036 0.6944
vn -0.2858 -0.7179 -0.6348
vn -0.3328 -0.7862 0.5207
vn -0.4689 -0.7115 -0.5234
vn -0.4216 -0.5925 0.6864
vn -0.4977 -0.5124 -0.6998
vn -0.5937 -0.5883 0.5490
vn -0.6928 -0.4562 -0.5586
vn -0.6170 -0.4047 0.6750
vn -0.7509 -0.3250 -0.5749
vn -0.6729 -0.2649 0.6906
vn -0.7006 -0.1551 -0.6965
vn -0.7971 -0.1494 0.5851
vn -0.8540 -0.0072 -0.5203
vn -0.8238 -0.0008 0.5668
vn -0.7129 0.1380 -0.6875
vn -0.7067 0.1443 0.6927
vn -0.7153 0.2844 -0.6384
vn -0.7843 0.3290 0.5260
vn -0.6970 0.4605 -0.5497
vn -0.5938 0.4209 0.6857
vn -0.5122 0.4995 -0.6987
vn -0.5846 0.5906 0.5562
vn -0.4564 0.6931 -0.5580
vn -0.4116 0.6256 0.6627
vn -0.3254 0.7482 -0.5782
vn -0.3159 0.7739 0.5489
vn 0.1529 0.7070 0.6905
vn 0.1355 0.7125 -0.6884
vn 0.0088 0.8533 0.5213
vn -0.1434 0.8046 0.5762
vn -0.0054 0.7492 -0.6623
vn -0.1640 0.8094 -0.5638
vn 0.3296 0.7855 0.5238
vn 0.4767 0.7196 -0.5049
vn 0.2570 0.6793 -0.6874
vn 0.4211 0.5901 0.6888
vn 0.4974 0.5122 -0.7002
vn 0.5886 0.5828 0.5603
vn 0.6904 0.4541 -0.5632
vn 0.6227 0.4082 0.6675
vn 0.7403 0.3223 -0.5900
vn 0.7652 0.3132 0.5624
vn 0.7090 0.1485 -0.6894
vn 0.7104 0.1338 0.6909
vn 0.7698 0.0099 -0.6382
vn 0.8310 -0.0063 0.5562
vn 0.8093 -0.1554 -0.5665
vn 0.7386 -0.1587 0.6552
vn 0.6630 -0.2649 -0.7002
vn 0.7837 -0.3166 0.5344
vn 0.6857 -0.4716 -0.5545
vn 0.5882 -0.4007 0.7024
vn 0.5819 -0.5557 -0.5938
vn 0.5823 -0.5961 0.5527
vn 0.4203 -0.6074 -0.6741
vn 0.4124 -0.6383 0.6500
vn 0.2841 -0.6551 -0.7001
vn 0.3241 -0.7670 0.5537
vn 0.1610 -0.8365 -0.5237
vn 0.1266 -0.7068 0.6960
vn 0.0062 -0.7255 -0.6882
vn -0.0025 -0.8341 0.5516
vn -0.1616 -0.8005 -0.5771
vn -0.1547 -0.7608 0.6303
vn -0.2836 -0.7010 -0.6543
vn -0.2831 -0.6583 0.6975
vn -0.4551 -0.6985 -0.5522
vn -0.4466 -0.6364 0.6289
vn -0.5001 -0.5096 -0.7001
vn -0.5796 -0.5895 0.5627
vn -0.6868 -0.4472 -0.5730
vn -0.6009 -0.3907 0.6973
vn -0.7497 -0.3263 -0.5757
vn -0.6756 -0.2672 0.6871
vn -0.7064 -0.1528 -0.6911
vn -0.7135 -0.1361 0.6874
vn -0.7688 -0.0061 -0.6395
vn -0.8241 0.0079 0.5664
vn -0.8035 0.1517 -0.5757
vn -0.7343 0.1541 0.6611
vn -0.6741 0.2607 -0.6911
vn -0.7803 0.3194 0.5377
vn -0.7145 0.4743 -0.5143
vn -0.5895 0.4030 0.7001
vn -0.5274 0.4916 -0.6929
vn -0.5880 0.5953 0.5476
vn -0.4862 0.7193 -0.4963
vn -0.4216 0.6492 0.6330
vn -0.2845 0.6618 -0.6936
vn -0.2678 0.6744 0.6881
vn 0.1515 0.6975 0.7004
vn 0.1561 0.8081 -0.5680
vn -0.0055 0.8121 0.5834
vn 0.6883 0.7097 0.1501
vn -0.6370 0.7679 -0.0676
vn -0.5784 0.8022 0.1484
vn 0.5307 0.7789 -0.3341
vn -0.6793 0.6084 -0.4104
vn -0.6796 0.6846 -0.2637
vn 0.6785 0.5960 -0.4295
vn -0.5764 0.5190 -0.6312
vn 0.5794 0.3257 -0.7471
vn -0.6918 0.2908 -0.6610
vn -0.5800 0.1488 -0.8009
vn 0.6945 0.1310 -0.7075
vn -0.6376 -0.0668 -0.7674
vn 0.6714 -0.2291 -0.7048
vn -0.6778 -0.2766 -0.6812
vn -0.6685 -0.4707 -0.5758
vn 0.6382 -0.6003 -0.4821
vn -0.6367 -0.6694 -0.3829
vn 0.5949 -0.7390 -0.3163
vn -0.6833 -0.7139 -0.1530
vn 0.6876 -0.7157 -0.1224
vn -0.6105 -0.7890 0.0696
vn 0.5841 -0.8070 0.0872
vn -0.6827 -0.6763 0.2767
vn 0.6866 -0.6740 0.2725
vn -0.5973 -0.6245 0.5032
vn 0.6539 -0.4705 0.5924
vn -0.6789 -0.4108 0.6086
vn -0.6690 -0.2174 0.7107
vn 0.6480 -0.0544 0.7597
vn -0.6263 0.0565 0.7775
vn 0.6690 0.2183 0.7105
vn -0.6820 0.2814 0.6751
vn 0.6554 0.4785 0.5844
vn -0.6358 0.4906 0.5959
vn -0.5686 0.6711 0.4757
vn 0.6327 0.6792 0.3720
vn -0.6939 0.6638 0.2790
vn 0.6927 0.7053 -0.1505
vn 0.6450 0.4835 -0.5917
vn 0.3852 0.9151 0.1194
vn -0.8913 0.4520 -0.0359
vn -0.8720 0.4782 0.1044
vn 0.3877 0.8203 -0.4204
vn -0.8635 0.3799 -0.3317
vn -0.8890 0.4228 -0.1759
vn 0.3986 0.6858 -0.6089
vn -0.8867 0.2309 -0.4006
vn 0.3987 0.2939 -0.8687
vn -0.8937 0.0850 -0.4406
vn 0.4029 0.0713 -0.9125
vn -0.8592 -0.0697 -0.5068
vn 0.4014 -0.2921 -0.8681
vn -0.8924 -0.1997 -0.4047
vn 0.3977 -0.4583 -0.7948
vn -0.8615 -0.3537 -0.3643
vn 0.3957 -0.7648 -0.5085
vn -0.8909 -0.4035 -0.2086
vn 0.4013 -0.8667 -0.2963
vn -0.8682 -0.4908 -0.0731
vn 0.3890 -0.9193 -0.0594
vn -0.8906 -0.4473 0.0822
vn 0.3948 -0.8300 0.3940
vn -0.8819 -0.4126 0.2281
vn 0.3865 -0.7318 0.5614
vn -0.8895 -0.3021 0.3427
vn 0.3894 -0.4609 0.7974
vn -0.8890 -0.1746 0.4234
vn 0.4019 -0.2811 0.8715
vn -0.8652 -0.0315 0.5004
vn 0.3947 0.1787 0.9012
vn -0.8844 0.1274 0.4490
vn 0.3989 0.4046 0.8229
vn -0.8875 0.2837 0.3632
vn 0.3885 0.7649 0.5137
vn -0.8815 0.4058 0.2413
vn 0.4021 0.8638 0.3035
vn 0.4084 0.8820 -0.2351
vn 0.4001 -0.8988 0.1792
vn 0.4029 -0.6095 -0.6828
vn 0.6495 0.7467 -0.1438
vn -0.6833 0.6771 -0.2733
vn -0.6758 0.7258 -0.1285
vn 0.6926 0.6637 -0.2825
vn -0.6401 0.6441 -0.4190
vn 0.6389 0.6335 -0.4364
vn -0.6946 0.5184 -0.4988
vn 0.6893 0.5123 -0.5123
vn -0.6065 0.4847 -0.6302
vn 0.6703 0.4063 -0.6210
vn -0.6352 0.3446 -0.6912
vn 0.6788 0.2298 -0.6975
vn -0.6938 0.1838 -0.6963
vn -0.6042 0.1112 -0.7890
vn 0.6749 0.0461 -0.7365
vn -0.6466 -0.0512 -0.7611
vn 0.6735 -0.1465 -0.7246
vn -0.6643 -0.2301 -0.7111
vn 0.6727 -0.3354 -0.6595
vn -0.6892 -0.3750 -0.6200
vn -0.6463 -0.5024 -0.5743
vn 0.6635 -0.4938 -0.5621
vn -0.6705 -0.6113 -0.4203
vn 0.6338 -0.6955 -0.3384
vn -0.6621 -0.7068 -0.2491
vn 0.6139 -0.7630 -0.2021
vn -0.6940 -0.7137 -0.0945
vn 0.6940 -0.7156 -0.0791
vn -0.6368 -0.7699 0.0417
vn 0.6357 -0.7696 0.0597
vn -0.6914 -0.6991 0.1822
vn 0.6892 -0.6979 0.1949
vn -0.6787 -0.6590 0.3240
vn 0.6515 -0.6749 0.3466
vn -0.6747 -0.5628 0.4775
vn 0.6343 -0.5059 0.5845
vn -0.6827 -0.4069 0.6070
vn 0.6609 -0.3664 0.6550
vn -0.6593 -0.2517 0.7085
vn 0.6464 -0.1344 0.7510
vn -0.6878 -0.0811 0.7214
vn -0.6318 0.0381 0.7742
vn 0.6812 0.0520 0.7303
vn -0.6915 0.1802 0.6995
vn 0.6931 0.1914 0.6950
vn -0.6500 0.3323 0.6834
vn 0.6580 0.3425 0.6706
vn -0.6045 0.4649 0.6469
vn 0.6842 0.4892 0.5409
vn -0.6892 0.5269 0.4974
vn -0.6461 0.6290 0.4323
vn 0.6747 0.6147 0.4086
vn -0.6074 0.7238 0.3274
vn 0.6858 0.6906 0.2295
vn -0.6878 0.7060 0.1691
vn 0.6759 0.7356 0.0459
vn -0.6543 0.7552 0.0389
vn 0.6901 -0.5646 -0.4528
vn 0.0048 -0.0065 -1.0000
vn -0.6527 0.7576 0.0080
vn 0.7553 0.6554 0.0078
vn 0.6521 -0.7581 0.0042
vn 0.0026 -0.0033 1.0000
vn -0.7553 -0.6554 0.0042
vn 0.3897 0.2463 -0.8874
vn -0.5169 0.8560 -0.0071
vn 0.7523 0.4669 0.4649
vn 0.5210 -0.8535 -0.0039
vn -0.3965 -0.2364 0.8871
vn -0.7523 -0.4669 -0.4649
vn 0.6521 0.0042 -0.7581
vn 0.0014 1.0000 -0.0018
vn 0.7565 0.0042 0.6539
vn 0.0060 -1.0000 -0.0079
vn -0.6525 -0.0041 0.7578
vn -0.7619 -0.0042 -0.6477
vn 0.3884 -0.2479 -0.8875
vn 0.5211 0.8535 -0.0038
vn 0.7575 -0.4583 0.4649
vn -0.5215 -0.8532 0.0036
vn -0.3953 0.2379 0.8872
vn -0.7608 0.4603 -0.4575
vn -0.0042 -0.0043 -1.0000
vn 0.6517 0.7584 0.0080
vn 0.7619 -0.6476 0.0078
vn -0.6525 -0.7577 -0.0079
vn -0.0042 -0.0043 1.0000
vn -0.7620 0.6476 0.0078
vn -0.3975 0.2348 -0.8870
vn 0.5162 0.8564 -0.0069
vn 0.7608 -0.4603 -0.4575
vn -0.5169 -0.8560 0.0071
vn 0.3907 -0.2448 0.8874
vn -0.7642 0.4579 0.4542
vn -0.6525 0.0041 -0.7578
vn 0.0060 1.0000 0.0079
vn 0.7619 0.0042 -0.6477
vn 0.0014 -1.0000 0.0018
vn 0.6521 -0.0042 0.7581
vn -0.7565 -0.0042 0.6539
vn -0.3986 -0.2331 -0.8870
vn -0.5177 0.8556 0.0055
vn 0.7515 0.4664 -0.4666
vn 0.5219 -0.8530 0.0055
vn 0.3978 0.2328 0.8874
vn -0.7577 -0.4703 0.4525
vn -0.0096 0.1956 -0.9806
vn 0.6614 0.0616 -0.7475
vn 0.0788 -0.1379 -0.9873
vn 0.8992 0.1500 -0.4110
vn 0.7726 0.0723 0.6308
vn 0.9927 -0.0187 -0.1190
vn 0.7882 -0.1418 0.5988
vn -0.0428 -0.1048 0.9936
vn -0.7473 -0.1742 0.6412
vn -0.9972 -0.0101 -0.0745
vn -0.7251 -0.0020 0.6886
vn -0.6450 0.2252 -0.7302
vn -0.6712 -0.0384 -0.7403
vn 0.1161 -0.4749 0.8723
vn 0.7578 -0.3871 0.5252
vn 0.9844 0.1361 -0.1111
vn 0.6785 -0.5994 0.4246
vn 0.0091 -0.7832 0.6217
vn -0.7156 -0.4754 0.5118
vn -0.9904 0.0964 -0.0992
vn -0.6439 0.5035 -0.5761
vn -0.9850 0.0815 -0.1519
vn 0.4055 0.6203 -0.6714
vn 0.0158 0.4788 -0.8778
vn -0.7021 0.6432 -0.3056
vn -0.0419 0.8663 -0.4977
vn 0.9913 0.1263 -0.0367
vn -0.4629 -0.8474 0.2601
vn -0.9977 0.0656 -0.0146
vn 0.0008 0.9952 -0.0982
vn 0.6931 0.6457 -0.3203
vn 0.6500 -0.7248 0.2285
vn 0.0879 -0.9909 0.1015
vn -0.7371 0.6726 -0.0655
vn 0.7336 0.6769 -0.0606
vn 0.8741 0.4832 0.0492
vn 0.7895 -0.6130 -0.0299
vn -0.7909 -0.6109 -0.0353
vn -0.8807 0.4707 0.0528
vn 0.0984 -0.9592 -0.2650
vn 0.9588 -0.2569 -0.1212
vn -0.7851 -0.5408 -0.3019
vn -0.9944 0.0911 0.0526
vn -0.4395 0.7505 0.4935
vn 0.6492 0.6536 0.3891
vn -0.0058 0.9588 0.2839
vn 0.1403 -0.7539 -0.6418
vn 0.0038 0.6285 0.7778
vn 0.9965 0.0567 0.0622
vn 0.5888 -0.6071 -0.5336
vn -0.9975 0.0479 0.0518
vn 0.1048 -0.4717 -0.8755
vn -0.7889 -0.3932 -0.4724
vn 0.6783 0.2396 0.6946
vn 0.7017 0.4485 0.5536
vn 0.9817 0.0073 0.1903
vn 0.6170 -0.3629 -0.6983
vn -0.7864 -0.1827 -0.5900
vn -0.6747 0.2243 0.7032
vn -0.7055 0.4452 0.5514
vn 0.7121 -0.0363 -0.7012
vn -0.0035 0.0555 0.9985
vn -0.0007 0.3028 0.9530
vn 0.6800 -0.0783 0.7290
vn -0.7774 0.0647 -0.6257
vn -0.9994 0.0080 0.0325
vn -0.9988 0.0031 0.0494
vn 0.8830 -0.2165 0.4164
vn 0.1004 0.2546 -0.9618
vn 0.1378 -0.0944 -0.9860
vn 0.0050 -0.3035 0.9528
vn -0.8298 0.2991 -0.4712
vn -0.8953 -0.1908 0.4025
vn -0.6271 -0.0748 0.7753
vn -0.4169 -0.5155 0.7486
vn 0.6685 0.4593 -0.5850
vn 0.7629 0.1851 -0.6194
vn -0.0940 0.6051 -0.7906
vn -0.0532 -0.7730 0.6322
vn 0.6400 -0.4714 0.6067
vn -0.9659 -0.1900 0.1759
vn 0.9850 -0.1427 0.0969
vn 0.2228 0.8612 -0.4568
vn 0.0503 0.7631 -0.6443
vn -0.4439 -0.8182 0.3655
vn 0.6503 -0.6835 0.3317
vn 0.7749 0.5852 -0.2389
vn -0.0339 -0.9924 0.1181
vn 0.6977 -0.7160 0.0212
vn 0.9852 -0.1606 0.0596
vn -0.0781 0.9859 -0.1482
vn -0.6191 0.7327 -0.2825
vn -0.7789 0.6271 -0.0114
vn -0.7016 -0.6914 0.1724
vn 0.7077 0.7019 0.0811
vn -0.3545 -0.9253 -0.1344
vn 0.9995 -0.0298 0.0133
vn 0.0782 0.9435 0.3219
vn 0.0448 -0.8755 -0.4812
vn 0.5828 -0.7824 -0.2196
vn -0.7054 0.6462 0.2912
vn -0.9806 -0.1958 0.0115
vn -0.6986 -0.6730 -0.2431
vn 0.8858 -0.3607 -0.2918
vn 0.7578 0.4934 0.4270
vn -0.3603 -0.6925 -0.6250
vn 0.1439 0.7670 0.6253
vn -0.6653 0.4863 0.5665
vn -0.9763 -0.1836 -0.1150
vn 0.1335 -0.4783 -0.8680
vn 0.6091 -0.5140 -0.6040
vn 0.9882 -0.0740 -0.1343
vn 0.0084 0.5548 0.8320
vn -0.9979 -0.0319 -0.0566
vn -0.6746 -0.3345 -0.6580
vn 0.5903 -0.2398 -0.7707
vn -0.6793 0.2367 0.6947
vn 0.7631 0.2999 0.5725
vn -0.1059 0.2603 0.9597
vn 0.9987 0.0510 -0.0029
vn 0.0331 0.0683 0.9971
vn -0.9987 -0.0510 -0.0029
vn -0.4150 -0.1901 -0.8897
vn -0.4130 -0.1874 -0.8912
vn -0.4093 -0.1809 -0.8943
vn 0.4150 0.1901 -0.8897
vn 0.4130 0.1874 -0.8912
vn 0.4093 0.1809 -0.8943
vn -0.3601 0.0379 -0.9321
vn -0.8896 0.0308 -0.4557
vn -0.5002 -0.8659 -0.0027
vn -0.8745 -0.4851 -0.0019
vn -0.8362 -0.0088 0.5483
vn -0.4433 0.8964 -0.0000
vn 0.0230 0.5006 -0.8654
vn 0.0052 0.8802 -0.4746
vn -0.0076 0.4962 0.8682
vn -0.0050 0.8384 0.5450
vn 0.8963 0.4434 -0.0013
vn 0.3601 -0.0379 -0.9321
vn 0.8896 -0.0308 -0.4557
vn 0.8362 0.0088 0.5483
vn 0.4433 -0.8964 -0.0000
vn -0.0230 -0.5006 -0.8654
vn -0.0052 -0.8802 -0.4746
vn 0.0076 -0.4962 0.8682
vn 0.0050 -0.8384 0.5450
vn -0.0235 0.0485 -0.9985
vn 0.0016 -1.0000 -0.0002
vn 0.9999 0.0137 -0.0003
vn 0.0016 0.0084 1.0000
vn -0.9999 -0.0137 -0.0003
vn -0.0016 1.0000 -0.0002
vn -0.0016 0.0084 -1.0000
vn 0.9041 -0.0058 -0.4274
vn -0.0075 1.0000 0.0021
vn 0.4198 0.0058 0.9076
vn 0.0065 -1.0000 -0.0040
vn -0.9048 -0.0058 0.4259
vn -0.4334 -0.0058 -0.9012
vn 0.6811 -0.6420 0.3520
vn 0.7584 0.6184 -0.2058
vn 0.5620 0.6241 0.5428
vn 0.7546 -0.6144 -0.2304
vn 0.2648 0.6161 -0.7419
vn -0.2513 -0.6263 -0.7380
vn -0.4276 0.6326 -0.6457
vn -0.7565 0.6089 -0.2386
vn -0.7529 -0.6218 -0.2158
vn -0.6917 0.6323 0.3489
vn -0.5578 -0.6304 0.5399
vn -0.1949 0.6144 0.7645
vn 0.1863 -0.6135 0.7674
vn -0.5556 -0.6110 0.5639
vn 0.1546 0.6143 0.7738
vn -0.5652 0.6088 0.5566
vn 0.6643 -0.6431 0.3809
vn 0.7539 0.6178 -0.2234
vn 0.6715 0.6293 0.3912
vn 0.7483 -0.6181 -0.2407
vn 0.2558 0.6082 -0.7515
vn 0.2335 -0.6197 -0.7493
vn -0.3723 0.6427 -0.6696
vn -0.3860 -0.6350 -0.6692
vn -0.7720 0.6085 -0.1839
vn -0.7670 -0.6201 -0.1648
vn 0.1734 -0.6168 0.7677
vn 0.1547 0.6143 0.7737
vn -0.5653 0.6088 0.5566
vn -0.3859 -0.6350 -0.6692
vn 0.1735 -0.6168 0.7678
vn 0.0260 -0.9997 -0.0030
vn -0.9987 -0.0516 0.0007
vn -0.3474 -0.0385 0.9369
vn 0.8478 -0.0452 -0.5285
vn 0.4432 -0.8964 0.0020
vn -0.0090 -0.5093 -0.8606
vn 0.0045 -0.8764 -0.4816
vn 0.0213 -0.4851 0.8742
vn 0.0160 -0.8427 0.5381
vn 0.7585 0.6184 -0.2058
vn 0.5621 0.6241 0.5428
vn 0.2647 0.6161 -0.7419
vn -0.4277 0.6326 -0.6457
vn -0.7565 0.6089 -0.2387
vn -0.7529 -0.6217 -0.2158
vn 0.1903 0.6062 0.7722
vn -0.5655 0.6081 0.5571
vn 0.7354 -0.6284 -0.2537
vn 0.6538 0.6200 -0.4337
vn 0.7427 0.6213 0.2498
vn 0.2425 0.6080 -0.7560
vn -0.3725 0.6429 -0.6692
vn 0.1955 -0.6074 0.7700
vn 0.6482 -0.6307 0.4268
vn 0.1904 0.6062 0.7722
vn -0.5655 0.6080 0.5572
vn 0.2424 0.6080 -0.7560
vn 0.0203 0.0324 0.9993
vn -0.4579 0.8149 0.3553
vn 0.1256 -0.4458 0.8863
vn 0.3692 -0.9290 0.0245
vn 0.3839 -0.8266 -0.4114
vn -0.1201 0.2687 -0.9557
vn 0.2417 -0.6637 -0.7079
vn -0.2986 0.6664 -0.6832
vn -0.2417 0.6601 0.7112
vn -0.1385 0.9861 0.0922
vn -0.3726 0.9279 0.0117
vn 0.1977 0.4682 0.8612
vn 0.3412 -0.5175 0.7847
vn 0.2817 -0.6351 0.7192
vn 0.1946 -0.9774 0.0827
vn -0.0743 -0.7636 -0.6414
vn -0.0328 0.0017 -0.9995
vn -0.2977 -0.0471 -0.9535
vn -0.3272 0.6784 -0.6578
vn 0.4399 0.7630 0.4736
vn 0.5625 0.1224 0.8177
vn 0.3630 -0.5994 0.7134
vn -0.0529 -0.9832 0.1746
vn -0.4443 -0.7569 -0.4793
vn -0.3228 0.6641 -0.6744
vn 0.0754 0.9878 -0.1365
vn 0.4296 0.9030 -0.0125
vn 0.7240 0.2246 0.6522
vn 0.2935 -0.5550 0.7784
vn -0.2588 -0.9230 0.2848
vn -0.5544 -0.0551 -0.8304
vn -0.6306 -0.7149 -0.3020
vn -0.1130 0.6738 -0.7303
vn 0.7917 0.5728 0.2125
vn -0.7477 -0.6622 -0.0489
vn 0.4169 0.7886 -0.4520
vn 0.1577 0.6528 -0.7409
vn 0.8266 0.2249 0.5159
vn -0.5708 -0.7755 0.2699
vn -0.1594 -0.7244 0.6707
vn -0.8056 -0.3822 -0.4526
vn -0.6402 0.0075 -0.7682
vn -0.1606 0.7233 0.6716
vn 0.0391 0.7457 -0.6652
vn -0.1842 0.7131 -0.6765
vn 0.2307 0.6866 0.6894
vn 0.3824 0.6303 -0.6756
vn 0.2221 0.6999 -0.6788
vn 0.4111 0.6296 0.6592
vn 0.5551 0.4902 -0.6720
vn 0.5707 0.4697 0.6735
vn 0.6765 0.2953 -0.6747
vn 0.6965 0.2761 0.6623
vn 0.7452 0.0798 -0.6620
vn 0.7317 0.0537 0.6795
vn 0.7168 -0.1051 -0.6894
vn 0.7272 -0.1216 0.6755
vn 0.6942 -0.2870 -0.6601
vn 0.6782 -0.3033 0.6694
vn 0.5691 -0.4698 -0.6749
vn 0.5551 -0.4897 0.6723
vn 0.4014 -0.6316 -0.6633
vn 0.3857 -0.6469 0.6579
vn 0.1813 -0.7241 -0.6655
vn 0.0550 -0.7619 0.6453
vn -0.0602 -0.7668 -0.6391
vn -0.1782 -0.7383 0.6505
vn -0.2897 -0.7024 -0.6501
vn -0.4022 -0.6562 0.6385
vn -0.4949 -0.5786 -0.6483
vn -0.5772 -0.4918 0.6519
vn -0.6472 -0.4015 -0.6480
vn -0.6927 -0.2799 0.6647
vn -0.7271 -0.2033 -0.6557
vn -0.7400 -0.0700 -0.6689
vn -0.7394 -0.0469 0.6716
vn -0.7244 0.1663 -0.6690
vn -0.7111 0.2958 0.6379
vn -0.6649 0.4034 -0.6287
vn -0.5609 0.4896 0.6676
vn -0.5008 0.5385 -0.6777
vn -0.4032 0.6395 -0.6546
vn -0.3797 0.6451 0.6631
vn 0.0581 0.7362 0.6742
vn 0.2522 -0.6901 0.6784
vn 0.2921 0.6803 0.6722
vn 0.3507 0.6414 -0.6824
vn 0.1729 0.7328 -0.6581
vn 0.4736 0.5779 -0.6646
vn 0.4795 0.5600 0.6756
vn 0.5924 0.4365 -0.6771
vn 0.5872 0.4210 0.6914
vn 0.6780 0.2822 -0.6788
vn 0.6995 0.2700 0.6617
vn 0.7447 0.0678 -0.6639
vn 0.7354 0.0489 0.6759
vn 0.7224 -0.1628 -0.6720
vn 0.6980 -0.2930 0.6534
vn 0.6572 -0.3955 -0.6416
vn 0.5589 -0.4898 0.6691
vn 0.5013 -0.5320 -0.6824
vn 0.3988 -0.6396 -0.6571
vn 0.3889 -0.6457 0.6571
vn 0.1828 -0.7204 -0.6690
vn 0.0538 -0.7645 0.6424
vn -0.0586 -0.7565 -0.6513
vn -0.1783 -0.7302 0.6596
vn -0.2853 -0.6941 -0.6610
vn -0.3981 -0.6476 0.6497
vn -0.4884 -0.5721 -0.6589
vn -0.5711 -0.4854 0.6621
vn -0.6390 -0.3983 -0.6581
vn -0.6959 -0.2784 0.6620
vn -0.7086 -0.2045 -0.6753
vn -0.7443 -0.0664 -0.6645
vn -0.7361 -0.0488 0.6751
vn -0.7210 0.1631 -0.6735
vn -0.6990 0.2930 0.6524
vn -0.6489 0.3972 -0.6490
vn -0.5687 0.4885 0.6618
vn -0.4896 0.5695 -0.6603
vn -0.3959 0.6480 0.6506
vn -0.2922 0.7020 -0.6495
vn -0.1729 0.7308 0.6604
vn -0.0609 0.7467 -0.6624
vn 0.2465 -0.6882 0.6824
vn 0.0603 0.7589 0.6484
vn -0.2074 0.9540 0.2166
vn -0.0039 0.8431 -0.5378
vn -0.2223 0.9467 -0.2331
vn 0.2357 0.9578 0.1642
vn 0.4035 0.6874 -0.6038
vn 0.2075 0.8591 -0.4678
vn 0.5069 0.8441 0.1751
vn 0.7410 0.6363 -0.2148
vn 0.6351 0.5529 0.5394
vn 0.7612 0.4150 -0.4984
vn 0.7821 0.3854 0.4897
vn 0.9547 0.2322 -0.1862
vn 0.9556 0.1961 0.2198
vn 0.8293 0.0195 -0.5585
vn 0.8086 -0.0603 0.5853
vn 0.9617 -0.2125 -0.1729
vn 0.8965 -0.3816 0.2250
vn 0.7671 -0.3869 -0.5118
vn 0.7599 -0.6205 -0.1939
vn 0.6191 -0.7549 0.2164
vn 0.4364 -0.6060 -0.6650
vn 0.3774 -0.7273 -0.5732
vn 0.3667 -0.7348 0.5706
vn 0.2248 -0.9604 -0.1648
vn 0.1961 -0.8623 0.4669
vn 0.0054 -0.8423 -0.5390
vn 0.0003 -0.8507 0.5256
vn -0.2064 -0.9585 -0.1968
vn -0.2837 -0.7916 0.5411
vn -0.3761 -0.7310 -0.5694
vn -0.5072 -0.8266 0.2438
vn -0.6227 -0.7201 -0.3061
vn -0.5936 -0.5654 0.5727
vn -0.6279 -0.4948 -0.6007
vn -0.7163 -0.4878 0.4989
vn -0.8946 -0.3728 -0.2462
vn -0.8822 -0.3439 0.3216
vn -0.8379 -0.0770 -0.5404
vn -0.7975 0.0500 0.6012
vn -0.7945 0.1485 -0.5889
vn -0.9316 0.2167 0.2918
vn -0.8820 0.3707 -0.2910
vn -0.7000 0.4685 0.5390
vn -0.7062 0.4877 -0.5132
vn -0.6033 0.5759 -0.5517
vn -0.5673 0.6827 0.4605
vn -0.4457 0.6185 -0.6472
vn -0.3967 0.7490 -0.5307
vn -0.3782 0.7455 0.5489
vn -0.2909 -0.1463 0.9455
vn 0.5427 0.1248 0.8306
vn 0.1694 0.3992 0.9011
vn 0.0184 0.8304 0.5569
vn 0.0630 0.3190 -0.9456
vn 0.1680 0.6500 0.7411
vn -0.1287 0.5438 0.8293
vn 0.3774 0.5557 0.7408
vn 0.4042 0.4016 -0.8218
vn 0.3187 0.2050 0.9254
vn 0.3290 0.1319 -0.9351
vn 0.6463 0.1532 -0.7475
vn 0.5643 -0.1302 -0.8152
vn 0.4942 -0.1915 0.8480
vn 0.3079 -0.1985 -0.9305
vn 0.6656 -0.4754 0.5753
vn 0.3550 -0.4095 0.8404
vn 0.4786 -0.4352 -0.7626
vn 0.0601 -0.3205 0.9453
vn 0.2092 -0.7215 -0.6601
vn -0.1701 -0.5804 -0.7963
vn 0.0503 -0.3291 -0.9430
vn -0.1143 -0.7358 0.6675
vn -0.2594 -0.4531 0.8529
vn -0.2266 -0.2735 -0.9348
vn -0.4954 -0.2126 -0.8423
vn -0.8102 -0.1778 0.5585
vn -0.3012 0.0168 -0.9534
vn -0.2581 -0.0237 0.9658
vn -0.6202 0.2614 0.7396
vn -0.2878 0.1442 -0.9468
vn -0.2115 0.2306 0.9498
vn -0.1601 0.5303 -0.8325
vn 0.3527 0.6744 0.6487
vn 0.5911 0.4488 -0.6702
vn 0.3222 0.7009 -0.6363
vn 0.6821 0.3414 0.6467
vn 0.7544 0.1259 -0.6442
vn 0.7458 -0.1378 0.6517
vn 0.7178 -0.2370 -0.6547
vn 0.5371 -0.5420 -0.6463
vn 0.5351 -0.5504 0.6409
vn 0.1512 -0.7544 -0.6387
vn 0.1280 -0.7497 0.6493
vn -0.2204 -0.7103 -0.6685
vn -0.2396 -0.7127 0.6593
vn -0.5543 -0.5387 -0.6345
vn -0.5627 -0.5209 0.6419
vn -0.7451 -0.1479 -0.6503
vn -0.7515 -0.1131 0.6500
vn -0.7177 0.2188 -0.6611
vn -0.6881 0.3370 0.6427
vn -0.5295 0.5461 -0.6491
vn -0.4232 0.6098 0.6701
vn -0.1274 0.7507 -0.6483
vn -0.0903 0.7683 0.6337
vn -0.5517 0.5591 0.6189
vn -0.0084 0.7826 -0.6224
vn -0.5504 0.5449 -0.6326
vn 0.7750 -0.0075 0.6319
vn 0.5562 -0.5423 -0.6297
vn 0.7810 0.0002 -0.6245
vn 0.5501 -0.5593 0.6201
vn 0.0090 -0.7773 -0.6291
vn -0.0072 -0.7795 0.6263
vn -0.5432 -0.5565 -0.6287
vn -0.5558 -0.5468 0.6262
vn -0.7828 -0.0103 -0.6222
vn -0.7771 0.0078 0.6293
vn 0.5589 0.5514 0.6193
vn 0.5504 0.5519 -0.6264
vn 0.0026 0.7721 0.6355
vn 0.0012 -1.0000 -0.0049
vn 0.9999 0.0071 -0.0080
vn 0.0012 0.0043 1.0000
vn -0.9999 -0.0071 -0.0080
vn -0.0012 1.0000 -0.0049
vn -0.0012 0.0043 -1.0000
vn -0.6898 0.4017 0.6024
vn -0.0027 0.7982 -0.6024
vn -0.6868 0.3913 -0.6125
vn 0.6823 -0.3997 0.6121
vn 0.0051 -0.7908 -0.6121
vn 0.6920 -0.3964 -0.6033
vn -0.0030 -0.7982 0.6024
vn -0.6899 -0.4014 -0.6025
vn -0.6874 -0.3910 0.6120
vn 0.6928 0.3966 0.6023
vn 0.6823 0.3992 -0.6125
vn 0.0050 0.7902 0.6128
vn -0.6891 0.4022 0.6028
vn -0.0035 0.7977 -0.6030
vn -0.6883 0.3922 -0.6102
vn 0.6844 -0.3999 0.6097
vn 0.0040 -0.7926 -0.6097
vn 0.6915 -0.3963 -0.6039
vn -0.0029 -0.7977 0.6030
vn -0.6853 -0.3996 -0.6088
vn -0.6859 -0.3904 0.6141
vn 0.6887 0.3937 0.6088
vn 0.6811 0.3982 -0.6144
vn 0.0051 0.7926 0.6097
vn -0.6897 0.4016 0.6025
vn 0.0051 -0.7907 -0.6122
vn 0.6920 -0.3964 -0.6034
vn -0.0029 -0.7982 0.6023
vn -0.6898 -0.4014 -0.6026
vn -0.6873 -0.3910 0.6121
vn 0.6823 0.3991 -0.6125
vn 0.0049 0.7902 0.6128
vn -0.0035 0.7978 -0.6030
vn 0.6845 -0.3999 0.6096
vn 0.0040 -0.7927 -0.6096
vn 0.6915 -0.3963 -0.6040
vn -0.0028 -0.7978 0.6029
vn -0.6854 -0.3996 -0.6088
vn -0.6860 -0.3904 0.6141
vn 0.6888 0.3937 0.6088
vn 0.0051 0.7927 0.6096
vn -0.0035 0.7978 -0.6029
vn 0.6823 -0.3998 0.6121
vn 0.6921 -0.3964 -0.6033
vn -0.0029 -0.7983 0.6023
vn -0.6899 -0.4014 -0.6024
vn -0.6874 -0.3910 0.6121
vn 0.0049 0.7902 0.6129
vn -0.6892 0.4022 0.6028
vn -0.6898 -0.4014 -0.6025
vn 0.6844 -0.3999 0.6096
vn 0.0041 -0.7926 -0.6097
vn -0.0029 -0.7977 0.6031
vn -0.4544 0.6821 0.5730
vn 0.1175 0.7547 -0.6454
vn -0.4511 0.6672 -0.5928
vn 0.7599 0.1211 0.6387
vn 0.7473 -0.0039 -0.6645
vn 0.6410 0.4785 -0.6001
vn 0.6466 -0.4285 -0.6311
vn 0.6733 -0.4419 0.5928
vn 0.1742 -0.7491 -0.6391
vn -0.1868 -0.7406 0.6455
vn -0.4160 -0.6336 -0.6523
vn -0.6691 -0.4249 0.6096
vn -0.7907 -0.1856 -0.5834
vn -0.7373 0.1884 0.6487
vn -0.6949 0.2815 -0.6617
vn 0.4483 0.6184 0.6454
vn -0.0074 0.7544 0.6563
vn 0.5615 0.5556 0.6132
vn 0.7700 -0.1923 -0.6084
vn 0.5599 0.5662 -0.6049
vn 0.7655 -0.1797 0.6179
vn 0.2560 -0.7495 -0.6105
vn -0.2423 -0.7444 0.6223
vn -0.3786 -0.6687 -0.6400
vn -0.7557 -0.2158 -0.6183
vn -0.7546 -0.2309 0.6142
vn -0.6844 0.3800 -0.6222
vn -0.6622 0.3851 0.6427
vn -0.1796 0.7666 -0.6165
vn -0.1595 0.7744 0.6122
vn 0.3200 0.7182 0.6179
vn 0.7578 0.1686 -0.6303
vn 0.4302 0.6546 -0.6217
vn 0.7634 0.1653 0.6244
vn 0.6565 -0.4225 -0.6249
vn 0.6253 -0.4642 0.6273
vn 0.1691 -0.7542 -0.6345
vn -0.0122 -0.7867 0.6172
vn -0.4220 -0.6544 -0.6275
vn -0.6368 -0.4395 0.6335
vn -0.7522 -0.1634 -0.6383
vn -0.7552 0.1642 0.6346
vn -0.6528 0.4201 -0.6304
vn -0.3976 0.6673 0.6297
vn -0.1638 0.7541 -0.6360
vn -0.1466 0.7718 0.6187
vn 0.1487 0.7524 -0.6417
vn -0.4527 0.6231 -0.6378
vn 0.6495 0.4023 0.6452
vn 0.7617 0.0390 -0.6467
vn 0.6228 0.4464 -0.6426
vn 0.7541 -0.1514 0.6391
vn 0.6474 -0.4408 -0.6218
vn 0.4253 -0.6529 0.6268
vn 0.1607 -0.7608 -0.6288
vn -0.1600 -0.7687 0.6193
vn -0.4177 -0.6594 -0.6251
vn -0.6559 -0.4033 0.6381
vn -0.7173 -0.2549 -0.6484
vn -0.7687 0.1452 -0.6230
vn -0.7642 0.1600 0.6248
vn 0.3272 0.6915 0.6441
vn -0.4177 -0.6594 -0.6250
vn 0.3272 0.6914 0.6441
vn 0.7433 -0.3166 0.5893
vn 0.3253 -0.7434 -0.5844
vn 0.7515 0.3173 -0.5784
vn -0.3215 -0.7421 0.5881
vn -0.7437 -0.3269 -0.5832
vn -0.7433 0.3166 0.5893
vn -0.3253 0.7434 -0.5844
vn 0.3215 0.7421 0.5882
vn 0.7536 0.3034 0.5831
vn 0.3271 -0.7474 -0.5782
vn 0.7555 0.3193 -0.5721
vn 0.2991 -0.7561 0.5820
vn -0.7477 -0.3287 -0.5770
vn -0.7536 -0.3034 0.5831
vn -0.3271 0.7474 -0.5782
vn -0.2991 0.7561 0.5820
vn 0.4375 -0.6706 0.5991
vn 0.6561 -0.7534 0.0442
vn 0.6888 -0.5356 -0.4886
vn -0.1819 -0.1679 0.9689
vn 0.2493 -0.7065 0.6624
vn -0.6829 0.3093 0.6618
vn -0.6333 0.4899 0.5990
vn -0.6989 0.7138 0.0447
vn -0.4788 0.7295 -0.4884
vn 0.2925 0.2700 -0.9174
vn 0.1816 0.1676 -0.9690
vn 0.7793 -0.6137 -0.1266
vn -0.2906 -0.2721 0.9173
vn -0.0172 -0.8865 0.4625
vn -0.8135 -0.2079 0.5432
vn -0.6219 0.7781 -0.0879
vn -0.2890 0.7131 -0.6388
vn 0.5707 0.5301 -0.6272
vn 0.6862 -0.3457 -0.6400
vn -0.0783 -0.9967 0.0205
vn -0.7912 -0.6108 0.0297
vn -0.9113 0.4118 0.0028
vn 0.2666 0.9633 -0.0318
vn 0.9999 0.0035 -0.0154
vn -0.2819 -0.8572 -0.4311
vn 0.6259 -0.7799 0.0022
vn -0.9278 -0.0364 -0.3712
vn -0.7220 0.6919 -0.0057
vn 0.7154 0.5068 0.4810
vn 0.7891 -0.6088 0.0819
vn 0.1411 -0.7954 -0.5895
vn -0.4703 -0.4194 -0.7765
vn -0.8256 0.2022 -0.5269
vn -0.0704 0.9349 0.3478
vn -0.7106 0.7036 0.0058
vn -0.1681 0.8010 0.5746
vn 0.8307 -0.2213 0.5109
vn 0.2607 -0.7479 -0.6105
vn 0.6700 -0.7390 -0.0705
vn -0.6633 0.0463 -0.7470
vn -0.4471 0.8071 0.3856
vn 0.4805 0.4181 0.7709
vn 0.8175 -0.4450 0.3655
vn 0.7070 0.3568 0.6107
vn 0.7649 0.5527 0.3309
vn 0.4145 0.8019 -0.4302
vn -0.0374 -0.5707 0.8203
vn -0.4415 -0.8194 0.3655
vn -0.7556 -0.5278 -0.3880
vn -0.0651 0.6893 -0.7216
vn -0.3231 0.2730 -0.9061
vn 0.4150 -0.3730 0.8299
vn 0.8309 -0.2457 0.4992
vn 0.0250 -0.9283 0.3709
vn -0.7818 -0.5948 -0.1870
vn -0.7704 -0.2727 -0.5763
vn -0.6479 0.5346 -0.5425
vn 0.5587 0.8268 -0.0654
vn 0.9530 0.3017 -0.0265
vn 0.5665 -0.8237 0.0247
vn -0.5831 -0.8124 0.0033
vn -0.9501 0.3119 0.0003
vn 0.4410 -0.7604 -0.4767
vn -0.6198 -0.6093 0.4947
vn 0.0251 0.9997 -0.0043
vn -0.1029 0.9648 0.2421
vn 0.2210 -0.2003 -0.9545
vn 0.7226 0.4271 -0.5435
vn -0.1220 -0.9877 0.0975
vn -0.2456 0.2312 0.9414
vn 0.1566 0.9477 -0.2782
vn 0.0518 0.5981 -0.7997
vn -0.1143 -0.8667 -0.4855
vn -0.1173 -0.5042 0.8556
vn 0.0208 0.7628 0.6463
vn 0.0355 -0.9994 -0.0032
vn 1.0000 -0.0007 0.0005
vn 0.0330 0.0038 0.9994
vn -1.0000 0.0007 0.0005
vn -0.0355 0.9994 -0.0032
vn 0.0155 0.8822 -0.4706
vn -0.0155 0.8822 0.4706
vn -0.0155 -0.8822 -0.4706
vn 0.0155 -0.8822 0.4706
vn -0.0330 0.0038 -0.9994
vn 0.0084 -1.0000 -0.0026
vn 1.0000 0.0003 -0.0043
vn 0.0084 0.0002 1.0000
vn -1.0000 -0.0003 -0.0043
vn -0.0084 1.0000 -0.0026
vn -0.0084 0.0002 -1.0000
vn 0.0008 -1.0000 -0.0007
vn 0.9999 0.0137 -0.0011
vn 0.0008 0.0084 1.0000
vn -0.9999 -0.0137 -0.0011
vn -0.0008 1.0000 -0.0007
vn -0.0008 0.0084 -1.0000
vn 0.0002 -1.0000 -0.0002
vn 0.0002 0.0084 1.0000
vn -0.0002 1.0000 -0.0002
vn -0.0002 0.0084 -1.0000
vn -0.3136 -0.5566 0.7693
vn 0.3072 0.5489 0.7774
vn -0.7707 0.5515 0.3191
vn 0.3136 -0.5566 -0.7693
vn -0.3072 0.5489 -0.7774
vn 0.7707 0.5515 -0.3191
vn -0.7696 -0.5543 -0.3172
vn 0.7696 -0.5543 0.3172
vn -0.3133 -0.5566 0.7694
vn 0.3070 0.5499 0.7767
vn -0.7711 0.5509 0.3193
vn 0.3133 -0.5567 -0.7694
vn -0.3069 0.5499 -0.7768
vn 0.7711 0.5509 -0.3193
vn -0.7695 -0.5543 -0.3174
vn 0.7695 -0.5543 0.3174
vn 0.7668 -0.5935 0.2446
vn 0.3318 0.5802 -0.7438
vn 0.7577 0.5876 0.2840
vn 0.3202 -0.5737 -0.7539
vn -0.7249 0.5856 -0.3629
vn -0.7723 -0.5495 0.3188
vn -0.3058 0.5929 0.7449
vn 0.0882 -0.5874 0.8045
vn 0.7669 -0.5933 0.2447
vn 0.3318 0.5798 -0.7441
vn 0.7570 0.5886 0.2838
vn 0.3201 -0.5738 -0.7538
vn -0.7242 0.5866 -0.3626
vn -0.7724 -0.5495 0.3186
vn -0.3059 0.5924 0.7453
vn 0.0884 -0.5875 0.8044
vn -0.2882 -0.5554 0.7801
vn 0.3069 0.5499 0.7768
vn -0.7631 0.5877 0.2690
vn 0.5151 -0.5837 -0.6277
vn -0.3227 0.5938 -0.7371
vn 0.7406 0.5905 -0.3207
vn -0.3557 -0.5847 -0.7291
vn 0.7603 -0.5498 0.3459
vn -0.8152 -0.5671 -0.1174
vn -0.7291 -0.5847 0.3557
vn 0.2558 0.5874 0.7678
vn -0.7355 0.5887 0.3353
vn 0.3459 -0.5498 -0.7603
vn -0.3090 0.5931 -0.7435
vn 0.7705 0.5508 -0.3208
vn -0.6276 -0.5837 -0.5151
vn 0.7800 -0.5554 0.2882
vn -0.1174 -0.5671 0.8152
vn 0.0007 -1.0000 -0.0023
vn 0.9999 0.0137 -0.0038
vn 0.0007 0.0084 1.0000
vn -0.9999 -0.0137 -0.0038
vn -0.0007 1.0000 -0.0023
vn -0.0007 0.0084 -1.0000
vn 0.0001 -1.0000 -0.0005
vn 0.9999 0.0137 -0.0008
vn 0.0001 0.0084 1.0000
vn -0.9999 -0.0137 -0.0008
vn -0.0001 1.0000 -0.0005
vn -0.0001 0.0084 -1.0000
vn 0.0014 -1.0000 -0.0025
vn 1.0000 0.0063 -0.0041
vn 0.0014 0.0039 1.0000
vn -1.0000 -0.0063 -0.0041
vn -0.0014 1.0000 -0.0025
vn -0.0014 0.0039 -1.0000
vn 0.0084 -1.0000 -0.0007
vn 1.0000 0.0004 -0.0011
vn -1.0000 -0.0004 -0.0011
vn -0.0084 1.0000 -0.0007
vn -1.0000 -0.0012 -0.0039
vn 1.0000 0.0012 -0.0039
vn 0.6934 0.3553 -0.6268
vn 0.0505 -0.7022 -0.7102
vn -0.6896 0.3663 -0.6247
vn 0.0296 -0.4998 0.8656
vn 0.0237 -0.9939 0.1076
vn 0.0239 0.4029 0.9149
vn 0.6896 -0.3573 0.6299
vn -0.0523 0.7015 0.7107
vn -0.6938 -0.3644 0.6212
vn -0.0503 -0.9660 -0.2534
vn -0.0237 -0.4038 -0.9145
vn -0.0296 0.4998 -0.8656
vn 0.6895 -0.3573 0.6300
vn -0.0524 0.7015 0.7107
vn -0.0296 0.4998 -0.8657
vn -0.0004 -0.9999 0.0144
vn 0.9998 -0.0009 0.0213
vn -0.0003 -0.0004 1.0000
vn -0.9998 0.0007 0.0213
vn 0.0006 0.9997 0.0227
vn -0.9604 -0.0018 -0.2785
vn -0.9264 -0.3742 0.0420
vn -0.9604 0.0021 0.2786
vn -0.8217 0.5683 -0.0431
vn 0.9604 0.0018 -0.2785
vn 0.9604 -0.0018 0.2785
vn 0.8217 -0.5683 -0.0431
vn -0.0012 -0.3971 0.9178
vn 0.0009 -0.0010 -1.0000
vn -0.0002 -1.0000 0.0084
vn 0.9999 -0.0004 0.0137
vn -0.0002 -0.0002 1.0000
vn -0.9999 0.0004 0.0137
vn 0.0002 1.0000 0.0084
vn 0.0002 -0.0002 -1.0000
vn -0.0001 -1.0000 0.0084
vn 0.9999 -0.0001 0.0137
vn -0.0001 -0.0001 1.0000
vn -0.9999 0.0001 0.0137
vn 0.0001 1.0000 0.0084
vn 0.0001 -0.0001 -1.0000
vn -0.0002 -1.0000 0.0049
vn 0.9999 -0.0086 0.0080
vn -0.0002 -0.0053 1.0000
vn -0.9999 0.0086 0.0080
vn 0.0002 1.0000 0.0049
vn 0.0002 -0.0053 -1.0000
vn -0.0001 -1.0000 0.0072
vn 0.0001 1.0000 0.0072
vn -0.6565 0.4969 0.5675
vn 0.8132 0.1110 0.5713
vn -0.0053 -1.0000 0.0049
vn 1.0000 -0.0005 0.0081
vn -0.0053 -0.0003 1.0000
vn -1.0000 0.0005 0.0081
vn 0.0053 1.0000 0.0049
vn 0.0053 -0.0003 -1.0000
vn -0.0010 -1.0000 0.0084
vn 0.9999 -0.0009 0.0137
vn -0.0010 -0.0006 1.0000
vn -0.9999 0.0009 0.0137
vn 0.0010 1.0000 0.0084
vn 0.0010 -0.0006 -1.0000
vn 0.0040 -1.0000 -0.0060
vn 0.9991 -0.0386 0.0155
vn 0.0065 0.0066 1.0000
vn -0.9998 0.0109 0.0159
vn -0.0040 1.0000 -0.0060
vn -0.4536 -0.7472 0.4857
vn -0.4496 -0.7553 0.4768
vn -0.4501 -0.7545 0.4776
vn 0.8792 0.3604 0.3115
vn 0.8802 0.3593 0.3099
vn 0.8800 0.3596 0.3104
vn -0.9592 -0.0101 -0.2825
vn -0.9056 -0.4237 0.0169
vn -0.9571 0.0234 0.2889
vn -0.0102 0.9642 -0.2649
vn 0.0018 0.9284 0.3716
vn 0.9592 0.0101 -0.2825
vn 0.9560 -0.0298 0.2919
vn 0.0102 -0.9642 -0.2649
vn -0.0006 -0.9551 0.2963
vn 0.0045 -0.0046 -1.0000
vn -0.0014 -1.0000 0.0084
vn 0.9999 -0.0022 0.0137
vn -0.0014 -0.0014 1.0000
vn -0.9999 0.0022 0.0137
vn 0.0014 1.0000 0.0084
vn 0.0014 -0.0014 -1.0000
vn -0.0105 -0.9998 0.0159
vn 0.9984 -0.0105 0.0550
vn -0.0045 -0.0046 1.0000
vn -0.9999 0.0105 0.0132
vn 0.0105 0.9998 0.0159
vn -0.4536 0.7472 -0.4857
vn -0.4497 0.7553 -0.4768
vn -0.4501 0.7545 -0.4776
vn 0.8792 -0.3604 -0.3115
vn 0.8802 -0.3593 -0.3099
vn 0.8800 -0.3596 -0.3104
vn -0.9571 -0.0234 -0.2889
vn -0.9592 0.0101 0.2825
vn -0.9056 0.4237 -0.0169
vn -0.0006 0.9551 -0.2963
vn 0.0102 0.9642 0.2649
vn 0.9560 0.0298 -0.2919
vn 0.9592 -0.0101 0.2825
vn 0.8969 -0.4420 -0.0166
vn 0.0018 -0.9284 -0.3716
vn -0.0102 -0.9642 0.2649
vn -0.5746 0.5100 0.6401
vn 0.9999 -0.0105 0.0132
vn -0.9984 0.0105 0.0550
vn -0.8792 0.3604 -0.3115
vn -0.8802 0.3593 -0.3099
vn -0.8800 0.3596 -0.3104
vn 0.4536 -0.7472 -0.4857
vn 0.4497 -0.7553 -0.4768
vn 0.4501 -0.7545 -0.4776
vn -0.9560 -0.0298 -0.2919
vn -0.8969 0.4420 -0.0166
vn -0.0018 0.9284 -0.3716
vn 0.9571 0.0234 -0.2889
vn 0.9056 -0.4237 -0.0169
vn 0.0006 -0.9551 -0.2963
vn -0.0065 0.0066 -1.0000
vn 0.5746 -0.5100 0.6401
vn 0.9998 -0.0109 0.0159
vn -0.9991 0.0386 0.0155
vn -0.8792 -0.3604 0.3115
vn -0.8802 -0.3593 0.3099
vn -0.8800 -0.3596 0.3104
vn 0.4536 0.7472 0.4857
vn 0.4496 0.7553 0.4768
vn 0.4501 0.7545 0.4776
vn -0.8969 -0.4420 0.0166
vn -0.9560 0.0298 0.2919
vn 0.0006 0.9551 0.2963
vn 0.9571 -0.0234 0.2889
vn -0.0018 -0.9284 0.3716
vn 0.0854 -0.6809 -0.7274
vn -0.5434 0.7354 0.4049
vn 0.4888 0.8724 -0.0076
vn 0.5420 -0.0218 -0.8401
vn 0.6817 -0.4096 -0.6062
vn 0.6145 -0.6449 0.4544
vn 0.6790 -0.2732 0.6814
vn 0.4003 0.9145 -0.0592
vn 0.3954 0.5115 -0.7629
vn 0.3925 -0.1173 -0.9123
vn 0.4039 -0.6027 0.6882
vn 0.3988 -0.0597 0.9151
vn 0.3996 0.6033 0.6902
vn 0.6900 -0.5811 0.4316
vn 0.6956 -0.2758 0.6634
vn -0.0048 0.0062 -1.0000
vn -0.6519 0.7582 -0.0079
vn 0.7631 0.6463 -0.0042
vn 0.6525 -0.7578 -0.0041
vn -0.0024 0.0034 1.0000
vn -0.7632 -0.6462 -0.0080
vn 0.3965 0.2364 -0.8871
vn -0.5210 0.8535 0.0039
vn 0.7632 0.4595 0.4542
vn 0.5169 -0.8560 0.0071
vn -0.3897 -0.2463 0.8874
vn -0.7632 -0.4595 -0.4542
vn 0.6525 -0.0041 -0.7578
vn -0.0014 1.0000 0.0018
vn 0.7619 -0.0042 0.6477
vn -0.0060 -1.0000 0.0079
vn -0.6521 0.0042 0.7581
vn -0.7565 0.0042 -0.6539
vn 0.3996 -0.2316 -0.8870
vn 0.5182 0.8552 0.0038
vn 0.7565 -0.4673 0.4575
vn -0.5179 -0.8555 -0.0035
vn -0.3927 0.2416 0.8874
vn -0.7532 0.4653 -0.4649
vn 0.0042 0.0043 -1.0000
vn 0.6525 0.7577 -0.0079
vn 0.7515 -0.6596 -0.0080
vn -0.6517 -0.7584 0.0080
vn 0.0042 0.0043 1.0000
vn -0.7516 0.6596 -0.0080
vn -0.3885 0.2479 -0.8875
vn 0.5216 0.8532 0.0036
vn 0.7532 -0.4653 -0.4649
vn -0.5210 -0.8535 -0.0039
vn 0.3954 -0.2379 0.8872
vn -0.7497 0.4676 0.4682
vn -0.6521 -0.0042 -0.7581
vn -0.0060 1.0000 -0.0079
vn 0.7565 -0.0042 -0.6539
vn -0.0014 -1.0000 -0.0018
vn 0.6525 0.0041 0.7578
vn -0.7619 0.0042 0.6477
vn -0.3896 -0.2463 -0.8874
vn -0.5219 0.8530 -0.0055
vn 0.7660 0.4567 -0.4525
vn 0.5177 -0.8556 -0.0055
vn 0.3903 0.2469 0.8870
vn -0.7596 -0.4530 0.4666
vn -0.0260 -0.9997 0.0030
vn 0.9988 -0.0489 0.0027
vn -0.0331 -0.0683 0.9971
vn -0.9988 0.0489 0.0027
vn 0.0260 0.9997 0.0030
vn -0.8793 -0.3604 0.3115
vn -0.8803 -0.3593 0.3099
vn -0.2549 0.8917 -0.3741
vn -0.2511 0.8940 -0.3712
vn -0.2536 0.8925 -0.3730
vn -0.3741 0.8917 0.2549
vn -0.3712 0.8940 0.2511
vn -0.3730 0.8925 0.2536
vn 0.2549 -0.8917 -0.3741
vn 0.2511 -0.8940 -0.3712
vn 0.2536 -0.8925 -0.3730
vn 0.3741 -0.8917 0.2549
vn 0.3712 -0.8940 0.2511
vn 0.3730 -0.8925 0.2536
vn 0.8793 0.3604 0.3115
vn -0.4880 0.0068 -0.8728
vn -0.8963 -0.4434 -0.0013
vn -0.4757 0.0036 0.8796
vn -0.9321 0.0379 0.3601
vn -0.5468 0.8373 -0.0020
vn -0.8659 0.5002 -0.0027
vn -0.0000 0.8964 -0.4433
vn 0.0198 0.9274 0.3735
vn 0.8745 0.4851 -0.0019
vn 0.5002 0.8659 -0.0027
vn 0.4880 -0.0068 -0.8728
vn 0.4757 -0.0036 0.8796
vn 0.9321 -0.0379 0.3601
vn 0.5468 -0.8373 -0.0020
vn 0.8659 -0.5002 -0.0027
vn -0.0000 -0.8964 -0.4433
vn -0.0198 -0.9274 0.3735
vn 0.0235 -0.0485 -0.9985
vn -0.0016 -1.0000 0.0002
vn 0.9999 -0.0137 0.0003
vn -0.0016 -0.0084 1.0000
vn -0.9999 0.0137 0.0003
vn 0.0016 1.0000 0.0002
vn 0.0016 -0.0084 -1.0000
vn 0.9048 0.0058 -0.4259
vn 0.0072 1.0000 -0.0025
vn 0.4335 -0.0094 0.9011
vn -0.0064 -1.0000 0.0045
vn -0.9041 0.0058 0.4273
vn -0.4197 0.0094 -0.9076
vn 0.4405 -0.6220 -0.6474
vn -0.0235 -0.0485 0.9985
vn -1.0000 -0.0090 0.0034
vn -0.4497 -0.7553 0.4768
vn 0.8793 -0.3604 -0.3115
vn 0.8803 -0.3593 -0.3099
vn -0.9134 -0.4071 -0.0008
vn -0.4787 -0.0005 0.8780
vn -0.9322 0.0357 0.3601
vn 0.4861 0.0056 -0.8739
vn 0.8964 -0.4432 -0.0020
vn 0.0198 -0.9274 -0.3735
vn -0.0212 -0.9508 0.3092
vn 0.0331 -0.0683 -0.9971
vn -0.7392 0.0864 0.6679
vn 0.7363 -0.0922 0.6704
vn -0.7355 0.0918 0.6713
vn -0.0012 -1.0000 0.0049
vn 0.9999 -0.0071 0.0080
vn -0.0012 -0.0043 1.0000
vn -0.9999 0.0071 0.0080
vn 0.0012 1.0000 0.0049
vn 0.0012 -0.0043 -1.0000
vn 0.2867 -0.6890 0.6657
vn 0.3874 -0.6684 0.6349
vn -0.5657 0.5098 0.6481
vn 0.4042 0.3415 0.8485
vn -0.0355 -0.9994 0.0032
vn 1.0000 0.0007 -0.0005
vn -0.0330 -0.0038 0.9994
vn -1.0000 -0.0007 -0.0005
vn 0.0355 0.9994 0.0032
vn -0.9603 -0.0028 -0.2789
vn -0.9603 0.0028 0.2789
vn 0.9603 0.0028 -0.2789
vn 0.9603 -0.0028 0.2789
vn 0.0330 -0.0038 -0.9994
vn -0.0084 -1.0000 0.0026
vn 1.0000 -0.0003 0.0043
vn -0.0084 -0.0002 1.0000
vn -1.0000 0.0003 0.0043
vn 0.0084 1.0000 0.0026
vn 0.0084 -0.0002 -1.0000
vn -0.0008 -1.0000 0.0007
vn 0.9999 -0.0137 0.0011
vn -0.0008 -0.0084 1.0000
vn -0.9999 0.0137 0.0011
vn 0.0008 1.0000 0.0007
vn 0.0008 -0.0084 -1.0000
vn -0.0002 -1.0000 0.0002
vn -0.0002 -0.0084 1.0000
vn 0.0002 1.0000 0.0002
vn 0.0002 -0.0084 -1.0000
vn -0.4906 -0.5570 -0.6701
vn -0.4909 -0.5569 -0.6700
vn -0.4907 -0.5570 -0.6701
vn -0.0007 -1.0000 0.0023
vn 0.9999 -0.0137 0.0038
vn -0.0007 -0.0084 1.0000
vn -0.9999 0.0137 0.0038
vn 0.0007 1.0000 0.0023
vn 0.0007 -0.0084 -1.0000
vn -0.0001 -1.0000 0.0005
vn 0.9999 -0.0137 0.0008
vn -0.0001 -0.0084 1.0000
vn -0.9999 0.0137 0.0008
vn 0.0001 1.0000 0.0005
vn 0.0001 -0.0084 -1.0000
vn -0.0014 -1.0000 0.0025
vn 1.0000 -0.0063 0.0041
vn -0.0014 -0.0039 1.0000
vn -1.0000 0.0063 0.0041
vn 0.0014 1.0000 0.0025
vn 0.0014 -0.0039 -1.0000
vn -0.0084 -1.0000 0.0007
vn 1.0000 -0.0004 0.0011
vn -1.0000 0.0004 0.0011
vn 0.0084 1.0000 0.0007
vn -1.0000 0.0012 0.0039
vn 1.0000 -0.0012 0.0039
vn 0.0525 0.9661 0.2526
vn -0.0239 0.9938 -0.1085
vn -0.0239 0.9938 -0.1086
vt 0.654638 0.143362
vt 0.345362 0.135666
vt 0.653835 0.134660
vt 0.626631 0.144611
vt 0.373369 0.134417
vt 0.627158 0.135666
vt 0.345719 0.266333
vt 0.654281 0.012696
vt 0.653186 0.266672
vt 0.374299 0.144827
vt 0.626631 0.134417
vt 0.372842 0.135666
vt 0.345362 0.143362
vt 0.654638 0.135666
vt 0.346165 0.134660
vt 0.345719 0.012696
vt 0.345260 0.266372
vt 0.346814 0.266672
vt 0.654343 0.134113
vt 0.653835 0.144368
vt 0.345657 0.144916
vt 0.627514 0.143362
vt 0.654281 0.266333
vt 0.654740 0.012657
vt 0.653186 0.012356
vt 0.654740 0.266372
vt 0.345657 0.134113
vt 0.345579 0.144512
vt 0.654343 0.144916
vt 0.321657 0.141180
vt 0.012292 0.135257
vt 0.321660 0.135253
vt 0.293040 0.140761
vt 0.041157 0.135246
vt 0.292871 0.135246
vt 0.012430 0.264009
vt 0.321570 0.012417
vt 0.321219 0.264154
vt 0.040960 0.140761
vt 0.292843 0.135246
vt 0.041129 0.135246
vt 0.012343 0.141180
vt 0.321708 0.135257
vt 0.012340 0.135253
vt 0.321606 0.263986
vt 0.012394 0.012440
vt 0.012368 0.264025
vt 0.987829 0.802756
vt 0.678120 0.800333
vt 0.987828 0.800291
vt 0.956373 0.802756
vt 0.709627 0.800332
vt 0.956404 0.800328
vt 0.678126 0.924912
vt 0.987874 0.678175
vt 0.987825 0.924960
vt 0.709627 0.802756
vt 0.956373 0.800332
vt 0.709596 0.800328
vt 0.678171 0.802756
vt 0.987880 0.800333
vt 0.678172 0.800291
vt 0.987839 0.924907
vt 0.678161 0.678180
vt 0.678175 0.924961
vt 0.654545 0.692569
vt 0.345491 0.678910
vt 0.654309 0.679066
vt 0.506824 0.692012
vt 0.493175 0.679118
vt 0.506600 0.678560
vt 0.345456 0.691979
vt 0.654428 0.679064
vt 0.654309 0.692063
vt 0.493175 0.692012
vt 0.506825 0.679118
vt 0.493356 0.678570
vt 0.654612 0.678575
vt 0.345927 0.678643
vt 0.654477 0.692035
vt 0.346038 0.692258
vt 0.321926 0.017820
vt 0.012069 0.013964
vt 0.321937 0.014422
vt 0.012060 0.015750
vt 0.321954 0.012068
vt 0.012059 0.012063
vt 0.166738 0.227439
vt 0.059149 0.106885
vt 0.221431 0.106959
vt 0.219960 0.226745
vt 0.112506 0.106864
vt 0.222222 0.107142
vt 0.114676 0.227132
vt 0.275085 0.107222
vt 0.221523 0.226910
vt 0.111673 0.107270
vt 0.221873 0.037054
vt 0.036939 0.112034
vt 0.112122 0.297017
vt 0.058672 0.226558
vt 0.219321 0.106971
vt 0.058919 0.107337
vt 0.219984 0.226827
vt 0.166976 0.107318
vt 0.275205 0.106973
vt 0.112356 0.106812
vt 0.114676 0.227131
vt 0.275460 0.107422
vt 0.221692 0.226983
vt 0.114224 0.106909
vt 0.297898 0.114324
vt 0.037063 0.111754
vt 0.059509 0.274670
vt 0.167087 0.227068
vt 0.059202 0.107149
vt 0.221565 0.106839
vt 0.219984 0.226827
vt 0.112434 0.106839
vt 0.222170 0.107264
vt 0.114928 0.227031
vt 0.274798 0.107149
vt 0.221400 0.226941
vt 0.111829 0.107264
vt 0.221828 0.037004
vt 0.037068 0.111841
vt 0.112171 0.296995
vt 0.654612 0.692554
vt 0.345456 0.679151
vt 0.654309 0.679066
vt 0.506825 0.692012
vt 0.493175 0.679118
vt 0.506644 0.678570
vt 0.345491 0.692219
vt 0.654477 0.679095
vt 0.506824 0.679118
vt 0.493400 0.678560
vt 0.654545 0.678560
vt 0.345927 0.678643
vt 0.654428 0.692066
vt 0.346038 0.692258
vt 0.321925 0.017825
vt 0.012067 0.014482
vt 0.321946 0.014423
vt 0.012096 0.015718
vt 0.321936 0.012068
vt 0.012059 0.012061
vt 0.112029 0.227005
vt 0.058915 0.107222
vt 0.221706 0.106953
vt 0.112379 0.226814
vt 0.112451 0.106953
vt 0.222215 0.107171
vt 0.222053 0.227041
vt 0.275086 0.107222
vt 0.221420 0.226989
vt 0.111785 0.107170
vt 0.221735 0.036964
vt 0.036958 0.112026
vt 0.112265 0.297037
vt 0.058850 0.226793
vt 0.167025 0.107318
vt 0.058864 0.107221
vt 0.166839 0.227245
vt 0.058878 0.107337
vt 0.221495 0.106864
vt 0.219999 0.226878
vt 0.114747 0.106980
vt 0.275284 0.107388
vt 0.059991 0.226786
vt 0.219997 0.106960
vt 0.319017 0.166873
vt 0.059321 0.059135
vt 0.219915 0.035869
vt 0.221420 0.226989
vt 0.274608 0.059330
vt 0.114260 0.036047
vt 0.036220 0.219951
vt 0.111839 0.227085
vt 0.059202 0.107149
vt 0.221428 0.106896
vt 0.112627 0.226843
vt 0.112413 0.107155
vt 0.222198 0.107166
vt 0.222181 0.227042
vt 0.275165 0.106965
vt 0.221348 0.226850
vt 0.112082 0.107065
vt 0.221805 0.037026
vt 0.036814 0.112029
vt 0.112178 0.297008
vt 0.507868 0.841351
vt 0.492052 0.824667
vt 0.507306 0.824747
vt 0.654726 0.840687
vt 0.345274 0.825313
vt 0.654510 0.824660
vt 0.492212 0.987303
vt 0.507729 0.678660
vt 0.507173 0.987569
vt 0.345274 0.840687
vt 0.654726 0.825313
vt 0.345541 0.824649
vt 0.492052 0.841333
vt 0.507868 0.824649
vt 0.492694 0.824747
vt 0.507729 0.987340
vt 0.492212 0.678697
vt 0.492827 0.987569
vt 0.254911 0.842265
vt 0.079479 0.823727
vt 0.254511 0.823418
vt 0.320694 0.842273
vt 0.013306 0.823727
vt 0.320929 0.823700
vt 0.079140 0.986661
vt 0.254593 0.679379
vt 0.254488 0.987030
vt 0.013306 0.842273
vt 0.321457 0.825014
vt 0.013316 0.823525
vt 0.079479 0.842273
vt 0.254911 0.823735
vt 0.080359 0.823894
vt 0.254593 0.986621
vt 0.079140 0.679339
vt 0.080622 0.987147
vt 0.254911 0.842265
vt 0.079089 0.823735
vt 0.254511 0.823418
vt 0.320694 0.842273
vt 0.013306 0.823727
vt 0.320929 0.823699
vt 0.079140 0.986661
vt 0.254593 0.679379
vt 0.254488 0.987030
vt 0.013306 0.842273
vt 0.320680 0.823524
vt 0.013071 0.823700
vt 0.079479 0.842273
vt 0.254911 0.823735
vt 0.079259 0.823624
vt 0.254593 0.986621
vt 0.079407 0.679379
vt 0.079318 0.986662
vt 0.507948 0.841333
vt 0.492132 0.824649
vt 0.654726 0.840687
vt 0.345274 0.825313
vt 0.654459 0.824649
vt 0.492271 0.987340
vt 0.507788 0.678697
vt 0.507173 0.987569
vt 0.345274 0.840687
vt 0.654726 0.825313
vt 0.345490 0.824660
vt 0.492132 0.841351
vt 0.507948 0.824667
vt 0.507788 0.987303
vt 0.492271 0.678660
vt 0.492827 0.987569
vt 0.254521 0.842273
vt 0.079089 0.823735
vt 0.254741 0.823624
vt 0.320694 0.842273
vt 0.013320 0.823524
vt 0.320929 0.823700
vt 0.079407 0.986621
vt 0.254860 0.679339
vt 0.254488 0.987030
vt 0.013306 0.842273
vt 0.320694 0.823727
vt 0.013071 0.823699
vt 0.079089 0.842265
vt 0.254911 0.823735
vt 0.079489 0.823418
vt 0.254593 0.986621
vt 0.079407 0.679379
vt 0.079512 0.987030
vt 0.254521 0.842273
vt 0.079089 0.823735
vt 0.253641 0.823894
vt 0.320694 0.842273
vt 0.012543 0.825014
vt 0.320684 0.823525
vt 0.079407 0.986621
vt 0.254860 0.679339
vt 0.013306 0.842273
vt 0.320694 0.823727
vt 0.013071 0.823700
vt 0.254521 0.823727
vt 0.079489 0.823418
vt 0.254860 0.986661
vt 0.079407 0.679379
vt 0.079512 0.987030
vt 0.649646 0.261926
vt 0.354578 0.072074
vt 0.649724 0.072074
vt 0.628151 0.261926
vt 0.350354 0.072074
vt 0.645422 0.072074
vt 0.355641 0.311696
vt 0.644359 0.022304
vt 0.645903 0.312079
vt 0.358082 0.280414
vt 0.649646 0.072074
vt 0.350354 0.261926
vt 0.350276 0.072074
vt 0.357591 0.048429
vt 0.644286 0.048850
vt 0.348849 0.021721
vt 0.371849 0.017276
vt 0.354721 0.049074
vt 0.642409 0.048429
vt 0.640757 0.285943
vt 0.354721 0.284926
vt 0.649724 0.261926
vt 0.355715 0.048850
vt 0.353600 0.284674
vt 0.645278 0.049074
vt 0.371849 0.288776
vt 0.645278 0.284926
vt 0.644359 0.311696
vt 0.355641 0.022304
vt 0.354097 0.312079
vt 0.652768 0.855593
vt 0.348626 0.810177
vt 0.649671 0.810793
vt 0.650363 0.856163
vt 0.346324 0.813526
vt 0.650362 0.810097
vt 0.348289 0.984815
vt 0.651992 0.681364
vt 0.651736 0.985633
vt 0.349908 0.855571
vt 0.652174 0.810323
vt 0.347619 0.855680
vt 0.347602 0.810372
vt 0.652643 0.984734
vt 0.348289 0.681185
vt 0.347812 0.984933
vt 0.773292 0.857847
vt 0.833000 0.808532
vt 0.746800 0.808185
vt 0.917348 0.857816
vt 0.892777 0.808576
vt 0.917231 0.808142
vt 0.804034 0.808112
vt 0.802305 0.857506
vt 0.722673 0.808153
vt 0.917279 0.857951
vt 0.833000 0.808133
vt 0.918818 0.808603
vt 0.802279 0.858143
vt 0.748769 0.808143
vt 0.722560 0.857468
vt 0.773275 0.808255
vt 0.804029 0.857386
vt 0.862043 0.808494
vt 0.918754 0.857810
vt 0.943317 0.808121
vt 0.979940 0.802797
vt 0.958316 0.915580
vt 0.725299 0.725299
vt 0.864462 0.857758
vt 0.973576 0.891229
vt 0.917035 0.708905
vt 0.692272 0.774709
vt 0.015045 0.230474
vt 0.148560 0.103161
vt 0.015390 0.103355
vt 0.282074 0.230596
vt 0.148757 0.102683
vt 0.282122 0.103725
vt 0.148560 0.230839
vt 0.015045 0.103526
vt 0.072463 0.230555
vt 0.224842 0.103445
vt 0.072856 0.103437
vt 0.224847 0.230246
vt 0.072489 0.103748
vt 0.224716 0.103409
vt 0.148777 0.014756
vt 0.280437 0.091125
vt 0.148519 0.318375
vt 0.148612 0.231297
vt 0.282074 0.103404
vt 0.148658 0.015501
vt 0.016207 0.090872
vt 0.016960 0.243349
vt 0.354578 0.072074
vt 0.649724 0.072074
vt 0.645422 0.261926
vt 0.371849 0.072074
vt 0.645422 0.072074
vt 0.355641 0.311696
vt 0.644359 0.022304
vt 0.645903 0.312079
vt 0.354578 0.261926
vt 0.641918 0.053586
vt 0.350276 0.072074
vt 0.355641 0.022304
vt 0.348849 0.312279
vt 0.371849 0.316724
vt 0.646400 0.284674
vt 0.359243 0.285943
vt 0.371849 0.045224
vt 0.642409 0.048429
vt 0.640757 0.285943
vt 0.354721 0.284926
vt 0.355715 0.048850
vt 0.353600 0.284674
vt 0.645278 0.049074
vt 0.357591 0.048429
vt 0.645278 0.284926
vt 0.644359 0.311696
vt 0.651815 0.855614
vt 0.348626 0.810177
vt 0.649671 0.810793
vt 0.650092 0.855571
vt 0.346323 0.813526
vt 0.651483 0.810202
vt 0.348289 0.984815
vt 0.652643 0.681266
vt 0.649028 0.985919
vt 0.348980 0.855850
vt 0.653676 0.813526
vt 0.347619 0.855680
vt 0.350329 0.810793
vt 0.651992 0.984636
vt 0.348289 0.681185
vt 0.350972 0.985919
vt 0.804044 0.857645
vt 0.862066 0.808338
vt 0.748291 0.808345
vt 0.892703 0.857879
vt 0.804034 0.807975
vt 0.918715 0.808203
vt 0.801546 0.857805
vt 0.722673 0.808153
vt 0.917348 0.857658
vt 0.833000 0.807725
vt 0.918818 0.808603
vt 0.802264 0.857414
vt 0.748813 0.807992
vt 0.748646 0.857795
vt 0.773142 0.809079
vt 0.861966 0.808112
vt 0.863695 0.857505
vt 0.943327 0.808153
vt 0.918733 0.857940
vt 0.957072 0.916977
vt 0.917035 0.708905
vt 0.692671 0.774874
vt 0.015045 0.230474
vt 0.148560 0.103161
vt 0.015391 0.103355
vt 0.282074 0.230596
vt 0.148669 0.103039
vt 0.282068 0.103469
vt 0.148368 0.231193
vt 0.015045 0.103526
vt 0.072494 0.230356
vt 0.224842 0.103445
vt 0.072856 0.103437
vt 0.224816 0.230252
vt 0.072903 0.103440
vt 0.224716 0.103409
vt 0.148453 0.014764
vt 0.280437 0.091125
vt 0.148658 0.318498
vt 0.148757 0.231317
vt 0.282074 0.103404
vt 0.148487 0.015627
vt 0.016207 0.090872
vt 0.016960 0.243349
vt 0.649646 0.261926
vt 0.354578 0.072074
vt 0.649724 0.072074
vt 0.645422 0.261926
vt 0.358082 0.053586
vt 0.355641 0.311696
vt 0.644359 0.022304
vt 0.645903 0.312079
vt 0.354578 0.261926
vt 0.628151 0.072074
vt 0.350354 0.261926
vt 0.350276 0.072074
vt 0.357591 0.048429
vt 0.644285 0.048850
vt 0.646400 0.284674
vt 0.359243 0.285943
vt 0.354722 0.049074
vt 0.642409 0.048429
vt 0.640757 0.285943
vt 0.354722 0.284926
vt 0.651151 0.021721
vt 0.628151 0.017276
vt 0.628151 0.045224
vt 0.645279 0.284926
vt 0.355641 0.022304
vt 0.354097 0.312079
vt 0.652381 0.855680
vt 0.348517 0.810202
vt 0.649671 0.810793
vt 0.651020 0.855850
vt 0.651374 0.810177
vt 0.347357 0.984734
vt 0.651711 0.681185
vt 0.652188 0.984933
vt 0.349908 0.855570
vt 0.653677 0.813526
vt 0.348185 0.855614
vt 0.350329 0.810793
vt 0.651711 0.984815
vt 0.348008 0.681364
vt 0.350972 0.985919
vt 0.748652 0.857658
vt 0.833000 0.807725
vt 0.747182 0.808603
vt 0.917354 0.857795
vt 0.892858 0.809079
vt 0.917187 0.807992
vt 0.804034 0.808112
vt 0.802305 0.857505
vt 0.861956 0.857645
vt 0.803934 0.808338
vt 0.917709 0.808345
vt 0.747267 0.857940
vt 0.747285 0.808203
vt 0.773297 0.857879
vt 0.861966 0.807975
vt 0.864454 0.857805
vt 0.943327 0.808153
vt 0.979940 0.802797
vt 0.958312 0.915577
vt 0.699259 0.776653
vt 0.863736 0.857414
vt 0.973329 0.891126
vt 0.914853 0.707394
vt 0.708928 0.749023
vt 0.015213 0.230515
vt 0.148617 0.103217
vt 0.015257 0.103387
vt 0.282245 0.230555
vt 0.148728 0.102982
vt 0.281936 0.103437
vt 0.148540 0.231160
vt 0.015213 0.103485
vt 0.072495 0.230356
vt 0.224394 0.103358
vt 0.072583 0.103490
vt 0.224816 0.230252
vt 0.072461 0.103526
vt 0.224439 0.103355
vt 0.148647 0.014821
vt 0.280619 0.091125
vt 0.148833 0.318554
vt 0.148934 0.231350
vt 0.282245 0.103445
vt 0.148540 0.015455
vt 0.016398 0.090870
vt 0.016868 0.243229
vt 0.649724 0.072074
vt 0.641918 0.280414
vt 0.350354 0.072074
vt 0.355641 0.311696
vt 0.644359 0.022304
vt 0.628151 0.316724
vt 0.371849 0.261926
vt 0.649646 0.072074
vt 0.350276 0.072074
vt 0.357591 0.048429
vt 0.644285 0.048850
vt 0.354722 0.049074
vt 0.642409 0.048429
vt 0.628151 0.288776
vt 0.354722 0.284926
vt 0.649724 0.261926
vt 0.355714 0.048850
vt 0.651151 0.312279
vt 0.645279 0.049074
vt 0.645279 0.284926
vt 0.644359 0.311696
vt 0.355641 0.022304
vt 0.354097 0.312079
vt 0.652381 0.855680
vt 0.349638 0.810097
vt 0.652398 0.810372
vt 0.650092 0.855570
vt 0.347826 0.810323
vt 0.651374 0.810177
vt 0.348008 0.984636
vt 0.649028 0.985919
vt 0.349637 0.856163
vt 0.347232 0.855593
vt 0.350329 0.810793
vt 0.651711 0.984815
vt 0.347357 0.681266
vt 0.350972 0.985919
vt 0.748721 0.857951
vt 0.747182 0.808603
vt 0.943440 0.857468
vt 0.892725 0.808255
vt 0.917231 0.808143
vt 0.861971 0.857386
vt 0.803957 0.808494
vt 0.747246 0.857810
vt 0.722683 0.808121
vt 0.892708 0.857847
vt 0.833000 0.808532
vt 0.919200 0.808185
vt 0.801538 0.857758
vt 0.748769 0.808142
vt 0.748652 0.857816
vt 0.773223 0.808576
vt 0.861966 0.808112
vt 0.863695 0.857506
vt 0.980251 0.861493
vt 0.940701 0.940701
vt 0.707684 0.750420
vt 0.863721 0.858143
vt 0.973728 0.891291
vt 0.837735 0.680928
vt 0.692424 0.774771
vt 0.015213 0.230515
vt 0.148540 0.102840
vt 0.015204 0.103621
vt 0.282245 0.230555
vt 0.148728 0.102982
vt 0.281936 0.103437
vt 0.148682 0.231140
vt 0.015213 0.103485
vt 0.072463 0.230350
vt 0.224810 0.103644
vt 0.072583 0.103490
vt 0.224844 0.230474
vt 0.072461 0.103526
vt 0.224439 0.103355
vt 0.148800 0.014950
vt 0.280619 0.091125
vt 0.148540 0.318545
vt 0.148728 0.231018
vt 0.282245 0.103445
vt 0.148540 0.015455
vt 0.016791 0.243055
vt 0.463243 0.080195
vt 0.459891 0.068965
vt 0.459197 0.080195
vt 0.458832 0.066415
vt 0.435533 0.066467
vt 0.429725 0.080195
vt 0.434397 0.080253
vt 0.469852 0.080195
vt 0.471032 0.066467
vt 0.467606 0.066415
vt 0.424734 0.246929
vt 0.427567 0.235632
vt 0.429665 0.246862
vt 0.424427 0.235566
vt 0.423329 0.233089
vt 0.389235 0.246929
vt 0.384477 0.233179
vt 0.387830 0.233089
vt 0.494804 0.080195
vt 0.490907 0.066468
vt 0.492040 0.080253
vt 0.394167 0.246862
vt 0.395517 0.235573
vt 0.396612 0.233089
vt 0.392068 0.235632
vt 0.388929 0.235566
vt 0.460233 0.246929
vt 0.455474 0.233179
vt 0.458828 0.233089
vt 0.505409 0.080253
vt 0.506528 0.066468
vt 0.503104 0.066415
vt 0.502739 0.246862
vt 0.502013 0.235573
vt 0.503108 0.233089
vt 0.494788 0.246862
vt 0.498564 0.235632
vt 0.498851 0.246860
vt 0.498718 0.235503
vt 0.495424 0.235566
vt 0.494326 0.233089
vt 0.455405 0.066467
vt 0.456542 0.080253
vt 0.465164 0.246862
vt 0.466515 0.235573
vt 0.467610 0.233089
vt 0.463065 0.235632
vt 0.463218 0.235503
vt 0.459926 0.235566
vt 0.423807 0.080195
vt 0.419910 0.066468
vt 0.421032 0.080280
vt 0.399966 0.233179
vt 0.398851 0.246921
vt 0.431048 0.235632
vt 0.432111 0.233089
vt 0.427720 0.068915
vt 0.419976 0.233179
vt 0.506463 0.233179
vt 0.505297 0.246866
vt 0.495389 0.068965
vt 0.494330 0.066415
vt 0.498663 0.068881
vt 0.498914 0.080195
vt 0.470963 0.233179
vt 0.469849 0.246921
vt 0.490972 0.233179
vt 0.388308 0.080195
vt 0.388893 0.068965
vt 0.387834 0.066415
vt 0.395549 0.068965
vt 0.392418 0.080195
vt 0.398854 0.080195
vt 0.392221 0.235503
vt 0.384411 0.066468
vt 0.385534 0.080280
vt 0.435464 0.233179
vt 0.434280 0.246867
vt 0.424392 0.068965
vt 0.423333 0.066415
vt 0.506547 0.078935
vt 0.471047 0.078933
vt 0.435550 0.078935
vt 0.400049 0.078933
vt 0.400032 0.066468
vt 0.430979 0.235503
vt 0.427720 0.235503
vt 0.419844 0.233050
vt 0.395480 0.068836
vt 0.392167 0.068881
vt 0.384345 0.233050
vt 0.501976 0.068836
vt 0.502045 0.068965
vt 0.502753 0.080325
vt 0.498717 0.080325
vt 0.490841 0.233050
vt 0.466477 0.068836
vt 0.463218 0.068907
vt 0.466547 0.068965
vt 0.469875 0.080325
vt 0.461101 0.080325
vt 0.455337 0.233050
vt 0.431702 0.080325
vt 0.425602 0.080325
vt 0.424461 0.068836
vt 0.398878 0.080325
vt 0.390103 0.080325
vt 0.388963 0.068836
vt 0.494681 0.080325
vt 0.495458 0.068836
vt 0.459960 0.068836
vt 0.400066 0.245607
vt 0.400097 0.233050
vt 0.506560 0.245608
vt 0.506593 0.233050
vt 0.471063 0.245607
vt 0.471100 0.233050
vt 0.435563 0.245608
vt 0.435602 0.233050
vt 0.490875 0.245608
vt 0.492153 0.246867
vt 0.492013 0.246991
vt 0.396608 0.066415
vt 0.858851 0.309085
vt 0.859616 0.305389
vt 0.858851 0.305389
vt 0.858837 0.309085
vt 0.859602 0.305389
vt 0.858837 0.305389
vt 0.859601 0.305389
vt 0.858845 0.305389
vt 0.859594 0.309085
vt 0.858845 0.309085
vt 0.858859 0.305389
vt 0.859608 0.309085
vt 0.858859 0.309085
vt 0.859608 0.305389
vt 0.859615 0.305389
vt 0.859615 0.309085
vt 0.182436 0.088711
vt 0.178517 0.079518
vt 0.183464 0.078434
vt 0.178517 0.088711
vt 0.174017 0.079518
vt 0.174017 0.088711
vt 0.169517 0.079518
vt 0.169517 0.088711
vt 0.165598 0.079518
vt 0.620292 0.396571
vt 0.615792 0.396571
vt 0.620292 0.384571
vt 0.146435 0.088711
vt 0.142516 0.079518
vt 0.147464 0.078434
vt 0.138016 0.088711
vt 0.138016 0.079518
vt 0.133516 0.079518
vt 0.133516 0.088711
vt 0.129597 0.079518
vt 0.584291 0.396571
vt 0.579791 0.396571
vt 0.584291 0.384571
vt 0.110435 0.088711
vt 0.106516 0.079518
vt 0.111463 0.078434
vt 0.106516 0.088711
vt 0.102016 0.079518
vt 0.102016 0.088711
vt 0.097516 0.079518
vt 0.097516 0.088711
vt 0.093597 0.079518
vt 0.074434 0.088711
vt 0.070515 0.079518
vt 0.075463 0.078434
vt 0.070515 0.088711
vt 0.066015 0.079518
vt 0.066015 0.088711
vt 0.061515 0.079518
vt 0.061515 0.088711
vt 0.057596 0.079518
vt 0.254910 0.047081
vt 0.260124 0.052948
vt 0.254247 0.053917
vt 0.512290 0.396571
vt 0.507790 0.396571
vt 0.512290 0.384571
vt 0.273043 0.104480
vt 0.282452 0.101501
vt 0.273956 0.106686
vt 0.283992 0.097160
vt 0.290178 0.093373
vt 0.291328 0.086217
vt 0.288177 0.092036
vt 0.293964 0.080023
vt 0.293518 0.087124
vt 0.288191 0.054539
vt 0.293518 0.059460
vt 0.291295 0.060381
vt 0.284006 0.049410
vt 0.287527 0.049980
vt 0.278871 0.045235
vt 0.273049 0.042088
vt 0.280205 0.043238
vt 0.266856 0.039452
vt 0.273956 0.039898
vt 0.247207 0.042106
vt 0.240043 0.043238
vt 0.246292 0.039898
vt 0.236242 0.049410
vt 0.241380 0.045239
vt 0.232067 0.054545
vt 0.231915 0.050964
vt 0.228920 0.060367
vt 0.226212 0.066546
vt 0.226730 0.059460
vt 0.228939 0.086209
vt 0.230071 0.093373
vt 0.226730 0.087124
vt 0.232058 0.092045
vt 0.234566 0.098850
vt 0.241377 0.101349
vt 0.236255 0.097161
vt 0.247192 0.104512
vt 0.240043 0.103346
vt 0.253399 0.107105
vt 0.246292 0.106686
vt 0.257465 0.100289
vt 0.266693 0.106315
vt 0.256840 0.106638
vt 0.265391 0.099770
vt 0.281094 0.090502
vt 0.278877 0.101358
vt 0.273335 0.096990
vt 0.285088 0.083632
vt 0.293471 0.076577
vt 0.285944 0.064958
vt 0.287121 0.075951
vt 0.281094 0.056082
vt 0.272912 0.049367
vt 0.263408 0.039945
vt 0.262305 0.046248
vt 0.253555 0.040269
vt 0.242914 0.052322
vt 0.251790 0.047472
vt 0.234025 0.065876
vt 0.237709 0.058315
vt 0.227101 0.066723
vt 0.226777 0.076577
vt 0.235183 0.083623
vt 0.233127 0.075951
vt 0.238849 0.090130
vt 0.247337 0.097217
vt 0.260124 0.107821
vt 0.266860 0.107155
vt 0.293147 0.066723
vt 0.294630 0.073292
vt 0.293993 0.066555
vt 0.260124 0.038786
vt 0.253393 0.039449
vt 0.225596 0.073292
vt 0.226306 0.080018
vt 0.260124 0.100016
vt 0.280859 0.089949
vt 0.272802 0.096672
vt 0.286335 0.068078
vt 0.286626 0.075551
vt 0.283579 0.060754
vt 0.279021 0.054395
vt 0.262923 0.046843
vt 0.272353 0.049672
vt 0.247446 0.049912
vt 0.241227 0.054395
vt 0.233684 0.076175
vt 0.234627 0.065725
vt 0.239688 0.090313
vt 0.252219 0.098686
vt 0.245277 0.095512
vt 0.272969 0.088942
vt 0.256155 0.093245
vt 0.262109 0.093441
vt 0.277811 0.083151
vt 0.244700 0.060170
vt 0.280238 0.075633
vt 0.241329 0.065506
vt 0.279603 0.067757
vt 0.239975 0.071308
vt 0.277040 0.061989
vt 0.272969 0.057641
vt 0.240646 0.078826
vt 0.244473 0.086136
vt 0.266344 0.054021
vt 0.267910 0.092088
vt 0.250581 0.091148
vt 0.969937 0.035241
vt 0.964325 0.029629
vt 0.962271 0.021962
vt 0.964325 0.014295
vt 0.969937 0.008683
vt 0.977604 0.006628
vt 0.985271 0.008683
vt 0.990883 0.014295
vt 0.992937 0.021962
vt 0.990883 0.029629
vt 0.985271 0.035241
vt 0.977604 0.037295
vt 0.512493 0.069436
vt 0.507993 0.033436
vt 0.515147 0.033436
vt 0.519243 0.069436
vt 0.524148 0.033436
vt 0.534994 0.069436
vt 0.530494 0.033436
vt 0.537648 0.033436
vt 0.543994 0.069436
vt 0.546244 0.033436
vt 0.552994 0.033436
vt 0.548494 0.069436
vt 0.555244 0.069436
vt 0.560148 0.033436
vt 0.575494 0.069436
vt 0.570994 0.033436
vt 0.575494 0.033436
vt 0.579994 0.069436
vt 0.582648 0.033436
vt 0.590840 0.069436
vt 0.591648 0.033436
vt 0.597995 0.069436
vt 0.600245 0.033436
vt 0.606995 0.033436
vt 0.602495 0.069436
vt 0.611495 0.069436
vt 0.611495 0.033436
vt 0.615995 0.069436
vt 0.618245 0.033436
vt 0.624995 0.033436
vt 0.620495 0.069436
vt 0.627245 0.069436
vt 0.631745 0.033436
vt 0.638495 0.033436
vt 0.633995 0.069436
vt 0.642995 0.069436
vt 0.642995 0.033436
vt 0.512290 0.372571
vt 0.507790 0.360570
vt 0.512290 0.360570
vt 0.061515 0.055518
vt 0.057596 0.064710
vt 0.056630 0.054500
vt 0.516790 0.372571
vt 0.066015 0.055518
vt 0.061515 0.064710
vt 0.519041 0.384571
vt 0.523541 0.372571
vt 0.070515 0.064710
vt 0.070515 0.055518
vt 0.074434 0.064710
vt 0.075463 0.054434
vt 0.530291 0.372571
vt 0.525791 0.384571
vt 0.534791 0.396571
vt 0.530291 0.360570
vt 0.534791 0.360570
vt 0.530291 0.384571
vt 0.097516 0.055518
vt 0.093597 0.064710
vt 0.092568 0.054434
vt 0.554637 0.384571
vt 0.548291 0.372571
vt 0.555445 0.372571
vt 0.102016 0.064710
vt 0.102016 0.055518
vt 0.106516 0.064710
vt 0.106516 0.055518
vt 0.561791 0.384571
vt 0.561791 0.372571
vt 0.110435 0.064710
vt 0.111463 0.054434
vt 0.566291 0.384571
vt 0.566291 0.372571
vt 0.570791 0.396571
vt 0.566291 0.360570
vt 0.570791 0.360570
vt 0.575291 0.396571
vt 0.575291 0.360570
vt 0.584291 0.372571
vt 0.133516 0.064710
vt 0.129597 0.055518
vt 0.133516 0.055518
vt 0.588791 0.384571
vt 0.591041 0.372571
vt 0.138016 0.064710
vt 0.138016 0.055518
vt 0.142516 0.064710
vt 0.142516 0.055518
vt 0.597792 0.372571
vt 0.595137 0.384571
vt 0.146435 0.064710
vt 0.147464 0.054434
vt 0.602292 0.384571
vt 0.602292 0.372571
vt 0.611292 0.396571
vt 0.606792 0.396571
vt 0.611292 0.360570
vt 0.620292 0.372571
vt 0.169517 0.064710
vt 0.165598 0.055518
vt 0.169517 0.055518
vt 0.626638 0.384571
vt 0.624792 0.372571
vt 0.174017 0.064710
vt 0.174017 0.055518
vt 0.631542 0.372571
vt 0.178517 0.064710
vt 0.178517 0.055518
vt 0.182436 0.064710
vt 0.183464 0.054434
vt 0.638292 0.372571
vt 0.633792 0.384571
vt 0.642792 0.396571
vt 0.638292 0.384571
vt 0.184757 0.090119
vt 0.176906 0.091369
vt 0.176906 0.090119
vt 0.169154 0.090119
vt 0.169154 0.091369
vt 0.164569 0.089794
vt 0.164278 0.091369
vt 0.147781 0.090119
vt 0.140029 0.091369
vt 0.140905 0.090119
vt 0.133153 0.091369
vt 0.133153 0.090119
vt 0.128569 0.089794
vt 0.128278 0.091369
vt 0.111780 0.090119
vt 0.106905 0.091369
vt 0.104905 0.090119
vt 0.099153 0.091369
vt 0.092568 0.089794
vt 0.092277 0.091369
vt 0.075780 0.090119
vt 0.070904 0.091369
vt 0.068466 0.090119
vt 0.066028 0.091369
vt 0.061152 0.091369
vt 0.061152 0.090119
vt 0.056567 0.089794
vt 0.056277 0.091369
vt 0.185031 0.066118
vt 0.183781 0.066118
vt 0.149031 0.066118
vt 0.147781 0.066118
vt 0.113030 0.066118
vt 0.111780 0.066118
vt 0.091027 0.066118
vt 0.091027 0.054118
vt 0.077030 0.066118
vt 0.075780 0.066118
vt 0.056276 0.066118
vt 0.055026 0.054118
vt 0.061152 0.052868
vt 0.061152 0.054118
vt 0.068466 0.052868
vt 0.068904 0.054118
vt 0.075780 0.052868
vt 0.097153 0.052868
vt 0.097153 0.054118
vt 0.104467 0.052868
vt 0.104905 0.054118
vt 0.111780 0.052868
vt 0.127205 0.054118
vt 0.133153 0.052868
vt 0.135153 0.054118
vt 0.140029 0.052868
vt 0.142905 0.054118
vt 0.147781 0.052868
vt 0.163205 0.054118
vt 0.169154 0.052868
vt 0.171154 0.054118
vt 0.176468 0.052868
vt 0.183781 0.052868
vt 0.149031 0.090119
vt 0.127028 0.078119
vt 0.128277 0.078119
vt 0.113030 0.090119
vt 0.091027 0.078119
vt 0.092277 0.078119
vt 0.077030 0.090119
vt 0.055026 0.078119
vt 0.056276 0.078119
vt 0.056277 0.066118
vt 0.061152 0.067368
vt 0.056277 0.067368
vt 0.056277 0.078119
vt 0.063590 0.076869
vt 0.061152 0.078119
vt 0.068466 0.078119
vt 0.068466 0.067368
vt 0.070904 0.066118
vt 0.070904 0.076869
vt 0.075780 0.076869
vt 0.092277 0.066118
vt 0.100029 0.067368
vt 0.092277 0.067368
vt 0.099153 0.076869
vt 0.097153 0.078119
vt 0.104905 0.078119
vt 0.104905 0.066118
vt 0.106905 0.067368
vt 0.106905 0.076869
vt 0.111780 0.076869
vt 0.128569 0.065794
vt 0.135591 0.067368
vt 0.128278 0.067368
vt 0.128278 0.078119
vt 0.133153 0.076869
vt 0.133153 0.078119
vt 0.140029 0.076869
vt 0.140905 0.078119
vt 0.140905 0.066118
vt 0.142905 0.067368
vt 0.147781 0.076869
vt 0.164569 0.065794
vt 0.169154 0.067368
vt 0.164278 0.067368
vt 0.163245 0.078119
vt 0.171154 0.076869
vt 0.169154 0.078119
vt 0.169154 0.066118
vt 0.176468 0.067368
vt 0.176906 0.078119
vt 0.176906 0.066118
vt 0.178906 0.076869
vt 0.183781 0.076869
vt 0.169141 0.090114
vt 0.142516 0.088711
vt 0.133140 0.090114
vt 0.097140 0.090114
vt 0.061139 0.090114
vt 0.183768 0.066114
vt 0.147768 0.066114
vt 0.111767 0.066114
vt 0.075767 0.066114
vt 0.061139 0.054114
vt 0.097140 0.054114
vt 0.142892 0.054114
vt 0.178892 0.054114
vt 0.147768 0.090114
vt 0.128265 0.078114
vt 0.111767 0.090114
vt 0.092264 0.078114
vt 0.075767 0.090114
vt 0.056263 0.078114
vt 0.063590 0.066118
vt 0.056263 0.066114
vt 0.061139 0.078114
vt 0.066015 0.064710
vt 0.070891 0.066114
vt 0.097140 0.066114
vt 0.092264 0.066114
vt 0.097140 0.078114
vt 0.097516 0.064710
vt 0.133140 0.078114
vt 0.133140 0.066114
vt 0.169141 0.078114
vt 0.169141 0.066114
vt 0.089514 0.032050
vt 0.086340 0.030754
vt 0.086340 0.030218
vt 0.083630 0.035448
vt 0.086256 0.037548
vt 0.083166 0.035716
vt 0.086370 0.037067
vt 0.089473 0.035788
vt 0.089065 0.035430
vt 0.083166 0.032050
vt 0.409917 0.360457
vt 0.410508 0.358523
vt 0.409345 0.360974
vt 0.407806 0.357257
vt 0.406725 0.359115
vt 0.406791 0.360063
vt 0.408575 0.360969
vt 0.409247 0.357533
vt 0.089515 0.032050
vt 0.086340 0.030754
vt 0.086340 0.030218
vt 0.083620 0.035453
vt 0.086256 0.037548
vt 0.083167 0.035716
vt 0.086393 0.037063
vt 0.089064 0.035417
vt 0.409917 0.360457
vt 0.410508 0.358523
vt 0.408575 0.356938
vt 0.407234 0.357774
vt 0.406643 0.358523
vt 0.407234 0.360457
vt 0.407036 0.360655
vt 0.086340 0.030218
vt 0.083630 0.035448
vt 0.086256 0.037548
vt 0.083167 0.035715
vt 0.086370 0.037067
vt 0.089473 0.035788
vt 0.089065 0.035430
vt 0.410115 0.360655
vt 0.406977 0.358469
vt 0.406398 0.359115
vt 0.407227 0.360464
vt 0.407806 0.360974
vt 0.408575 0.360956
vt 0.409917 0.357774
vt 0.408575 0.357276
vt 0.089514 0.032050
vt 0.086363 0.030750
vt 0.086256 0.030218
vt 0.083628 0.035457
vt 0.086256 0.037548
vt 0.086393 0.037063
vt 0.089473 0.035788
vt 0.089072 0.035414
vt 0.083125 0.032123
vt 0.083597 0.032265
vt 0.407628 0.357331
vt 0.406725 0.359115
vt 0.410360 0.360063
vt 0.410174 0.358469
vt 0.410115 0.357576
vt 0.086348 0.030748
vt 0.086340 0.030218
vt 0.083621 0.035444
vt 0.083166 0.035715
vt 0.086377 0.037071
vt 0.089473 0.035788
vt 0.089072 0.035414
vt 0.083166 0.032050
vt 0.409167 0.361048
vt 0.407903 0.357533
vt 0.406717 0.358346
vt 0.406711 0.359115
vt 0.407234 0.360457
vt 0.408575 0.360956
vt 0.086332 0.030748
vt 0.083628 0.035457
vt 0.086256 0.037548
vt 0.083167 0.035716
vt 0.086393 0.037063
vt 0.089473 0.035788
vt 0.089064 0.035417
vt 0.083166 0.032050
vt 0.410508 0.358523
vt 0.408575 0.360956
vt 0.409917 0.357774
vt 0.089514 0.032050
vt 0.086332 0.030748
vt 0.086340 0.030218
vt 0.083620 0.035453
vt 0.089473 0.035788
vt 0.083167 0.032050
vt 0.409345 0.357257
vt 0.407234 0.357774
vt 0.410426 0.359115
vt 0.083167 0.035716
vt 0.086393 0.037063
vt 0.083167 0.032050
vt 0.409345 0.360974
vt 0.407931 0.357521
vt 0.089083 0.032256
vt 0.086424 0.030218
vt 0.089556 0.032123
vt 0.083630 0.035448
vt 0.083166 0.035715
vt 0.086370 0.037067
vt 0.089065 0.035430
vt 0.086307 0.030757
vt 0.406977 0.358468
vt 0.408575 0.357276
vt 0.086332 0.030748
vt 0.083628 0.035457
vt 0.083166 0.035715
vt 0.086384 0.037058
vt 0.089071 0.035427
vt 0.083167 0.032050
vt 0.410360 0.360063
vt 0.083620 0.035453
vt 0.086393 0.037063
vt 0.089072 0.035414
vt 0.410434 0.358346
vt 0.089514 0.032050
vt 0.083638 0.035469
vt 0.086340 0.037548
vt 0.083125 0.035643
vt 0.089052 0.035457
vt 0.089514 0.035716
vt 0.083567 0.032316
vt 0.083208 0.031977
vt 0.409523 0.357331
vt 0.432107 0.066415
vt 0.431012 0.068898
vt 0.385544 0.246919
vt 0.384377 0.245607
vt 0.456531 0.246947
vt 0.455375 0.245608
vt 0.421043 0.246919
vt 0.419876 0.245607
vt 0.384394 0.078933
vt 0.490887 0.078935
vt 0.455388 0.078935
vt 0.419892 0.078933
vt 0.434424 0.246991
vt 0.505421 0.246991
vt 0.859616 0.309085
vt 0.859602 0.309085
vt 0.859601 0.309085
vt 0.859594 0.305389
vt 0.638292 0.396571
vt 0.602292 0.396571
vt 0.566291 0.396571
vt 0.548291 0.384571
vt 0.548291 0.396571
vt 0.543791 0.396571
vt 0.530291 0.396571
vt 0.248821 0.056376
vt 0.503493 0.033436
vt 0.498993 0.069436
vt 0.498993 0.033436
vt 0.507993 0.069436
vt 0.525994 0.069436
vt 0.539494 0.069436
vt 0.561994 0.069436
vt 0.566494 0.033436
vt 0.584494 0.069436
vt 0.638495 0.069436
vt 0.503290 0.396571
vt 0.539291 0.396571
vt 0.548291 0.360570
vt 0.584291 0.360570
vt 0.602292 0.360570
vt 0.620292 0.360570
vt 0.638292 0.360570
vt 0.147781 0.091369
vt 0.111780 0.091369
vt 0.097153 0.090119
vt 0.075780 0.091369
vt 0.185031 0.054118
vt 0.163028 0.066118
vt 0.149031 0.054118
vt 0.127028 0.066118
vt 0.113030 0.054118
vt 0.077030 0.054118
vt 0.055026 0.066118
vt 0.056277 0.052868
vt 0.092277 0.052868
vt 0.178906 0.054118
vt 0.185031 0.078119
vt 0.163028 0.090119
vt 0.149031 0.078119
vt 0.127028 0.090119
vt 0.113030 0.078119
vt 0.091027 0.090119
vt 0.077030 0.078119
vt 0.055026 0.090119
vt 0.056277 0.076869
vt 0.075780 0.067368
vt 0.097153 0.066118
vt 0.092277 0.076869
vt 0.111780 0.067368
vt 0.133153 0.066118
vt 0.128278 0.076869
vt 0.147781 0.067368
vt 0.183781 0.067368
vt 0.089097 0.032291
vt 0.083584 0.032291
vt 0.407234 0.357774
vt 0.089097 0.032291
vt 0.083596 0.032283
vt 0.083584 0.032291
vt 0.089085 0.032283
vt 0.089086 0.032298
vt 0.083596 0.032283
vt 0.089097 0.032291
vt 0.083582 0.032306
vt 0.083595 0.032298
vt 0.083582 0.032306
vt 0.407244 0.360447
vt 0.083584 0.032291
vt 0.407234 0.360457
vt 0.089085 0.032283
vt 0.083582 0.032306
vt 0.083595 0.032298
vt 0.410174 0.358468
vt 0.089097 0.032291
vt 0.086326 0.037059
vt 0.430966 0.987435
vt 0.449080 0.678665
vt 0.430966 0.678556
vt 0.484748 0.987499
vt 0.501235 0.678556
vt 0.484748 0.678501
vt 0.501237 0.987435
vt 0.516130 0.678556
vt 0.516132 0.987435
vt 0.529022 0.678665
vt 0.516093 0.987580
vt 0.501237 0.678565
vt 0.516159 0.678665
vt 0.501235 0.987444
vt 0.467193 0.678556
vt 0.467194 0.987435
vt 0.449080 0.678665
vt 0.449080 0.987335
vt 0.430966 0.678565
vt 0.430966 0.987444
vt 0.413411 0.678501
vt 0.413411 0.987499
vt 0.396924 0.678556
vt 0.396922 0.987435
vt 0.382073 0.678394
vt 0.522435 0.987384
vt 0.516132 0.678565
vt 0.528935 0.678394
vt 0.501237 0.678565
vt 0.467194 0.987435
vt 0.430966 0.987444
vt 0.413411 0.678501
vt 0.413411 0.987499
vt 0.382030 0.678556
vt 0.382028 0.987435
vt 0.369138 0.678665
vt 0.382072 0.987602
vt 0.396923 0.678565
vt 0.382001 0.678665
vt 0.396924 0.987444
vt 0.413411 0.987499
vt 0.430966 0.678556
vt 0.430966 0.987435
vt 0.458452 0.987391
vt 0.467195 0.678574
vt 0.484749 0.678501
vt 0.501235 0.678556
vt 0.501237 0.987435
vt 0.516159 0.678665
vt 0.369138 0.987335
vt 0.382028 0.678565
vt 0.382030 0.987444
vt 0.396922 0.678565
vt 0.396924 0.987444
vt 0.413411 0.678501
vt 0.467193 0.987444
vt 0.467194 0.678565
vt 0.352353 0.868192
vt 0.501169 0.743702
vt 0.539493 0.883624
vt 0.345818 0.842351
vt 0.346873 0.816780
vt 0.381296 0.911265
vt 0.447256 0.936454
vt 0.550899 0.852303
vt 0.487731 0.966122
vt 0.499423 0.938358
vt 0.546120 0.958466
vt 0.510558 0.939074
vt 0.542763 0.915468
vt 0.476680 0.901602
vt 0.550113 0.978647
vt 0.479644 0.985706
vt 0.500000 0.849241
vt 0.550113 0.864667
vt 0.537322 0.849241
vt 0.538282 0.833000
vt 0.500000 0.833000
vt 0.537322 0.816759
vt 0.500000 0.816759
vt 0.534491 0.801333
vt 0.480919 0.801333
vt 0.476679 0.901602
vt 0.515124 0.864280
vt 0.544456 0.887967
vt 0.572773 0.849241
vt 0.574644 0.833000
vt 0.572773 0.816759
vt 0.581946 0.801333
vt 0.534491 0.984114
vt 0.558359 0.954184
vt 0.515988 0.965703
vt 0.570808 0.930519
vt 0.608017 0.942807
vt 0.530778 0.853709
vt 0.494715 0.868157
vt 0.604574 0.849241
vt 0.479852 0.839340
vt 0.607263 0.833000
vt 0.604574 0.816759
vt 0.581946 0.963417
vt 0.594511 0.927511
vt 0.604574 0.964132
vt 0.631132 0.937574
vt 0.631132 0.849241
vt 0.634504 0.833000
vt 0.631132 0.816759
vt 0.621184 0.929641
vt 0.594633 0.879663
vt 0.594030 0.880499
vt 0.567252 0.864667
vt 0.574644 0.833000
vt 0.551902 0.801333
vt 0.596641 0.801333
vt 0.625608 0.878715
vt 0.612624 0.904982
vt 0.639650 0.900252
vt 0.531632 0.819056
vt 0.572049 0.824869
vt 0.623158 0.852932
vt 0.652794 0.852579
vt 0.519579 0.864667
vt 0.500000 0.816759
vt 0.485089 0.801333
vt 0.645021 0.884902
vt 0.620795 0.827713
vt 0.564516 0.803474
vt 0.561674 0.871037
vt 0.530652 0.815065
vt 0.500000 0.849241
vt 0.461718 0.833000
vt 0.462678 0.816759
vt 0.653320 0.818089
vt 0.625818 0.787884
vt 0.594405 0.786065
vt 0.632818 0.818035
vt 0.651114 0.798509
vt 0.465509 0.864667
vt 0.462678 0.849241
vt 0.425356 0.833000
vt 0.427227 0.816759
vt 0.432748 0.801333
vt 0.581947 0.766887
vt 0.612603 0.760984
vt 0.632082 0.753704
vt 0.420704 0.864667
vt 0.427227 0.849241
vt 0.403359 0.801333
vt 0.531001 0.769487
vt 0.639650 0.765748
vt 0.605159 0.749138
vt 0.395426 0.849241
vt 0.392737 0.833000
vt 0.395426 0.816759
vt 0.610573 0.725748
vt 0.570239 0.719281
vt 0.555898 0.742239
vt 0.571982 0.720376
vt 0.583510 0.703566
vt 0.631132 0.728426
vt 0.604574 0.701868
vt 0.521208 0.729675
vt 0.516218 0.761537
vt 0.583510 0.864667
vt 0.567252 0.801333
vt 0.521615 0.712886
vt 0.519579 0.680206
vt 0.483231 0.804128
vt 0.491898 0.797705
vt 0.519579 0.801333
vt 0.567252 0.693350
vt 0.514965 0.700182
vt 0.467243 0.718227
vt 0.466828 0.767573
vt 0.483972 0.700302
vt 0.452083 0.686584
vt 0.452083 0.864667
vt 0.461718 0.833000
vt 0.452083 0.801333
vt 0.460396 0.772510
vt 0.453026 0.721508
vt 0.425356 0.833000
vt 0.426592 0.721272
vt 0.403359 0.864667
vt 0.392737 0.833000
vt 0.424961 0.757300
vt 0.425308 0.756953
vt 0.404009 0.739970
vt 0.403359 0.711816
vt 0.395426 0.701868
vt 0.371248 0.748403
vt 0.368868 0.728426
vt 0.368868 0.849241
vt 0.365496 0.833000
vt 0.368868 0.816759
vt 0.395426 0.816759
vt 0.468937 0.841297
vt 0.385385 0.764187
vt 0.430599 0.817245
vt 0.395426 0.849241
vt 0.427227 0.816759
vt 0.428066 0.824285
vt 0.399644 0.797076
vt 0.399959 0.796178
vt 0.373293 0.790426
vt 0.415403 0.864667
vt 0.427227 0.849241
vt 0.462678 0.816759
vt 0.465509 0.801333
vt 0.415403 0.801333
vt 0.347294 0.812644
vt 0.479644 0.864667
vt 0.462678 0.849241
vt 0.514135 0.801333
vt 0.356004 0.800134
vt 0.346593 0.847135
vt 0.367417 0.850045
vt 0.396552 0.853545
vt 0.394081 0.844934
vt 0.500000 0.849241
vt 0.353584 0.880917
vt 0.547917 0.864667
vt 0.579296 0.801333
vt 0.437194 0.872463
vt 0.367918 0.912296
vt 0.378816 0.891359
vt 0.419061 0.900527
vt 0.437194 0.872463
vt 0.406969 0.928991
vt 0.431931 0.913561
vt 0.388874 0.939699
vt 0.596641 0.864667
vt 0.607263 0.833000
vt 0.368868 0.937574
vt 0.395426 0.964132
vt 0.368868 0.849241
vt 0.368868 0.816759
vt 0.415403 0.961752
vt 0.457426 0.959707
vt 0.464076 0.933356
vt 0.436256 0.965366
vt 0.432748 0.864667
vt 0.425356 0.833000
vt 0.479644 0.864667
vt 0.415403 0.801333
vt 0.480919 0.985850
vt 0.518661 0.816759
vt 0.544752 0.958945
vt 0.486058 0.965933
vt 0.516447 0.864667
vt 0.486715 0.902684
vt 0.503698 0.865927
vt 0.555720 0.877310
vt 0.566735 0.914528
vt 0.521725 0.951942
vt 0.555257 0.924163
vt 0.510558 0.939074
vt 0.545437 0.890478
vt 0.499441 0.906419
vt 0.580875 0.964090
vt 0.516447 0.986147
vt 0.581946 0.963417
vt 0.596429 0.925592
vt 0.580875 0.864667
vt 0.589100 0.891541
vt 0.572519 0.945287
vt 0.613719 0.903239
vt 0.629434 0.916510
vt 0.505269 0.868122
vt 0.533079 0.828077
vt 0.571835 0.847858
vt 0.535459 0.828965
vt 0.626498 0.876173
vt 0.616733 0.865418
vt 0.583510 0.801333
vt 0.620544 0.839044
vt 0.571500 0.817001
vt 0.603325 0.811792
vt 0.632583 0.815955
vt 0.626158 0.788855
vt 0.600608 0.797796
vt 0.565190 0.799297
vt 0.420042 0.801333
vt 0.612603 0.760984
vt 0.632082 0.753704
vt 0.539063 0.771971
vt 0.631667 0.753042
vt 0.591028 0.753589
vt 0.568069 0.752439
vt 0.497493 0.799663
vt 0.596641 0.711816
vt 0.571982 0.720376
vt 0.571110 0.719828
vt 0.523935 0.764558
vt 0.553826 0.801333
vt 0.536108 0.732709
vt 0.492215 0.799139
vt 0.553826 0.688652
vt 0.517661 0.700486
vt 0.521911 0.713425
vt 0.500000 0.801333
vt 0.478372 0.763973
vt 0.477867 0.729993
vt 0.500000 0.678000
vt 0.470070 0.701868
vt 0.454274 0.738039
vt 0.456213 0.777468
vt 0.483382 0.700368
vt 0.452083 0.686584
vt 0.452083 0.864667
vt 0.451346 0.801333
vt 0.451346 0.686842
vt 0.425842 0.756418
vt 0.410661 0.774840
vt 0.434124 0.800929
vt 0.393301 0.721874
vt 0.386281 0.762761
vt 0.466558 0.840727
vt 0.415403 0.864667
vt 0.464600 0.835767
vt 0.432748 0.801333
vt 0.400107 0.795754
vt 0.480421 0.801333
vt 0.360350 0.765748
vt 0.367110 0.818674
vt 0.394134 0.820601
vt 0.366948 0.820115
vt 0.428290 0.842431
vt 0.432369 0.858541
vt 0.396456 0.853512
vt 0.534491 0.801333
vt 0.348886 0.867491
vt 0.374738 0.879706
vt 0.384306 0.866023
vt 0.353584 0.880917
vt 0.547917 0.864667
vt 0.424091 0.907831
vt 0.424300 0.908039
vt 0.455237 0.891075
vt 0.387942 0.905883
vt 0.388874 0.939699
vt 0.415403 0.961752
vt 0.429795 0.946741
vt 0.452833 0.943793
vt 0.464355 0.933453
vt 0.446174 0.977348
vt 0.446174 0.864667
vt 0.484012 0.965703
vt 0.415403 0.801333
vt 0.541058 0.167000
vt 0.515867 0.177236
vt 0.487624 0.167000
vt 0.532443 0.167000
vt 0.500000 0.156764
vt 0.488688 0.167000
vt 0.546011 0.177236
vt 0.510193 0.177236
vt 0.628963 0.203498
vt 0.624726 0.237486
vt 0.643246 0.165231
vt 0.653993 0.178514
vt 0.563698 0.156764
vt 0.511514 0.156764
vt 0.579620 0.167000
vt 0.567448 0.177236
vt 0.638921 0.234448
vt 0.619428 0.247867
vt 0.641667 0.188792
vt 0.626414 0.213011
vt 0.573754 0.167000
vt 0.536498 0.156764
vt 0.616504 0.234264
vt 0.612171 0.167000
vt 0.593708 0.262819
vt 0.607969 0.156764
vt 0.607655 0.277714
vt 0.584567 0.283837
vt 0.609547 0.244200
vt 0.576684 0.177236
vt 0.599806 0.167000
vt 0.603054 0.177236
vt 0.575421 0.167000
vt 0.593708 0.156764
vt 0.582717 0.285132
vt 0.610400 0.274969
vt 0.568360 0.167000
vt 0.599632 0.177236
vt 0.602358 0.167000
vt 0.563698 0.307670
vt 0.555285 0.289090
vt 0.565022 0.156764
vt 0.599632 0.156764
vt 0.526297 0.307737
vt 0.576684 0.276908
vt 0.534408 0.167000
vt 0.555285 0.156764
vt 0.524822 0.308133
vt 0.565022 0.307053
vt 0.513826 0.167000
vt 0.563698 0.177236
vt 0.513923 0.320782
vt 0.509994 0.300653
vt 0.488096 0.177236
vt 0.534294 0.177236
vt 0.489874 0.167000
vt 0.509994 0.156764
vt 0.473085 0.177236
vt 0.513923 0.177236
vt 0.473085 0.319645
vt 0.452777 0.302251
vt 0.488096 0.300486
vt 0.463953 0.306641
vt 0.513458 0.320823
vt 0.473085 0.156764
vt 0.513458 0.156764
vt 0.432975 0.306119
vt 0.455439 0.167000
vt 0.476640 0.156764
vt 0.434743 0.306943
vt 0.410203 0.167000
vt 0.432975 0.177236
vt 0.457537 0.167000
vt 0.426530 0.167000
vt 0.441662 0.156764
vt 0.441662 0.287666
vt 0.410294 0.278791
vt 0.399623 0.270571
vt 0.441461 0.287572
vt 0.413528 0.270054
vt 0.400368 0.156764
vt 0.434743 0.156764
vt 0.378015 0.167000
vt 0.389106 0.177236
vt 0.413528 0.177236
vt 0.400194 0.167000
vt 0.413528 0.156764
vt 0.566106 0.167000
vt 0.602358 0.167000
vt 0.389106 0.274475
vt 0.369695 0.228797
vt 0.389989 0.243536
vt 0.555931 0.167000
vt 0.576868 0.156764
vt 0.583747 0.167000
vt 0.390221 0.243868
vt 0.365832 0.217238
vt 0.373247 0.255184
vt 0.546011 0.177236
vt 0.576536 0.177236
vt 0.546011 0.156764
vt 0.373586 0.213011
vt 0.541625 0.156764
vt 0.588184 0.156764
vt 0.513716 0.177236
vt 0.565257 0.177236
vt 0.346200 0.180715
vt 0.360057 0.232257
vt 0.356336 0.179569
vt 0.513337 0.167000
vt 0.366364 0.177193
vt 0.358965 0.142196
vt 0.351296 0.208625
vt 0.513826 0.167000
vt 0.472348 0.167000
vt 0.351296 0.125375
vt 0.360701 0.129675
vt 0.366312 0.176589
vt 0.509589 0.177236
vt 0.477376 0.167000
vt 0.510193 0.156764
vt 0.370989 0.130679
vt 0.434277 0.167000
vt 0.458375 0.177236
vt 0.445148 0.167000
vt 0.463679 0.156764
vt 0.365766 0.089500
vt 0.382406 0.083514
vt 0.370656 0.131923
vt 0.424669 0.177236
vt 0.464923 0.177236
vt 0.382406 0.083514
vt 0.350851 0.127036
vt 0.422500 0.156764
vt 0.460036 0.156764
vt 0.397643 0.167000
vt 0.422500 0.177236
vt 0.390485 0.058146
vt 0.416253 0.167000
vt 0.423132 0.156764
vt 0.421745 0.058192
vt 0.389145 0.091669
vt 0.421745 0.177236
vt 0.400194 0.167000
vt 0.396946 0.177236
vt 0.396946 0.156764
vt 0.413528 0.063946
vt 0.390221 0.090132
vt 0.411046 0.167000
vt 0.434743 0.177236
vt 0.390485 0.177236
vt 0.434743 0.027057
vt 0.429860 0.041975
vt 0.441461 0.156764
vt 0.441461 0.046428
vt 0.419133 0.047572
vt 0.432975 0.027881
vt 0.390815 0.057816
vt 0.432975 0.156764
vt 0.390815 0.156764
vt 0.463502 0.177236
vt 0.487431 0.023336
vt 0.488096 0.156764
vt 0.488096 0.033514
vt 0.476851 0.025526
vt 0.458943 0.167000
vt 0.500000 0.032473
vt 0.463502 0.038037
vt 0.500000 0.177236
vt 0.537325 0.027701
vt 0.533593 0.167000
vt 0.534686 0.037551
vt 0.536047 0.027359
vt 0.513923 0.013218
vt 0.553013 0.177236
vt 0.513458 0.177236
vt 0.553013 0.021348
vt 0.513458 0.013177
vt 0.565491 0.156764
vt 0.513923 0.156764
vt 0.588184 0.040247
vt 0.592097 0.057344
vt 0.535077 0.037656
vt 0.575646 0.177236
vt 0.535077 0.177236
vt 0.567264 0.156764
vt 0.534686 0.156764
vt 0.581949 0.048330
vt 0.565491 0.027166
vt 0.588184 0.177236
vt 0.567042 0.167000
vt 0.594477 0.071950
vt 0.567264 0.050496
vt 0.378015 0.167000
vt 0.400368 0.177236
vt 0.381263 0.177236
vt 0.618737 0.067368
vt 0.576110 0.167000
vt 0.624047 0.095456
vt 0.609184 0.057815
vt 0.639746 0.101320
vt 0.634095 0.116310
vt 0.603054 0.080527
vt 0.442010 0.177236
vt 0.416253 0.167000
vt 0.413527 0.177236
vt 0.432736 0.156764
vt 0.413527 0.156764
vt 0.616504 0.099736
vt 0.634234 0.089500
vt 0.422500 0.156764
vt 0.410203 0.167000
vt 0.390815 0.156764
vt 0.445537 0.167000
vt 0.434321 0.177236
vt 0.629835 0.133756
vt 0.457947 0.156764
vt 0.473085 0.177236
vt 0.652645 0.140085
vt 0.476640 0.177236
vt 0.446227 0.167000
vt 0.466756 0.156764
vt 0.648589 0.124947
vt 0.632484 0.143640
vt 0.634527 0.167000
vt 0.527652 0.167000
vt 0.513923 0.177236
vt 0.484725 0.167000
vt 0.629063 0.203127
vt 0.641035 0.191804
vt 0.653782 0.180923
vt 0.625670 0.235931
vt 0.643861 0.177319
vt 0.633636 0.177193
vt 0.556841 0.177236
vt 0.618132 0.249717
vt 0.649028 0.207415
vt 0.577500 0.156764
vt 0.568360 0.167000
vt 0.540415 0.156764
vt 0.588948 0.177236
vt 0.554852 0.167000
vt 0.618737 0.177236
vt 0.626218 0.255948
vt 0.594477 0.262050
vt 0.567264 0.177236
vt 0.592373 0.167000
vt 0.594477 0.177236
vt 0.590989 0.167000
vt 0.554463 0.167000
vt 0.588354 0.177236
vt 0.588354 0.293634
vt 0.567264 0.283504
vt 0.536127 0.177236
vt 0.565022 0.307052
vt 0.514854 0.167000
vt 0.537629 0.177236
vt 0.512498 0.167000
vt 0.486542 0.177236
vt 0.500000 0.301527
vt 0.467223 0.167000
vt 0.463953 0.306641
vt 0.434743 0.177236
vt 0.486542 0.320823
vt 0.436302 0.156764
vt 0.422948 0.177236
vt 0.410294 0.278791
vt 0.436302 0.307670
vt 0.388858 0.167000
vt 0.431640 0.167000
vt 0.390401 0.259062
vt 0.422948 0.276650
vt 0.390633 0.156764
vt 0.575331 0.156764
vt 0.389145 0.242331
vt 0.365832 0.217238
vt 0.390633 0.276002
vt 0.371094 0.203713
vt 0.390221 0.243868
vt 0.536713 0.177236
vt 0.576868 0.177236
vt 0.370165 0.200244
vt 0.513458 0.177236
vt 0.564834 0.177236
vt 0.533244 0.156764
vt 0.513200 0.156764
vt 0.564834 0.156764
vt 0.360117 0.202143
vt 0.365473 0.167000
vt 0.356336 0.154431
vt 0.346155 0.180200
vt 0.356451 0.153113
vt 0.346177 0.180458
vt 0.468371 0.167000
vt 0.369695 0.105203
vt 0.371094 0.130287
vt 0.376594 0.094228
vt 0.463287 0.177236
vt 0.425555 0.167000
vt 0.463679 0.156764
vt 0.350851 0.127036
vt 0.460036 0.156764
vt 0.399623 0.063429
vt 0.390221 0.090132
vt 0.390221 0.090132
vt 0.410203 0.167000
vt 0.422500 0.177236
vt 0.422500 0.032766
vt 0.441828 0.046256
vt 0.441828 0.177236
vt 0.390815 0.057816
vt 0.390815 0.156764
vt 0.457537 0.167000
vt 0.461920 0.017346
vt 0.439053 0.036299
vt 0.486496 0.023418
vt 0.486833 0.177236
vt 0.463953 0.027359
vt 0.461920 0.177236
vt 0.523132 0.025623
vt 0.473085 0.014355
vt 0.486833 0.033625
vt 0.533244 0.177236
vt 0.489874 0.167000
vt 0.534686 0.037551
vt 0.563065 0.177236
vt 0.563065 0.026035
vt 0.563698 0.156764
vt 0.582717 0.048868
vt 0.533244 0.037165
vt 0.592007 0.057232
vt 0.563698 0.026330
vt 0.569293 0.167000
vt 0.599632 0.048263
vt 0.594477 0.071950
vt 0.627472 0.079843
vt 0.618670 0.085051
vt 0.575646 0.056365
vt 0.594477 0.156764
vt 0.432958 0.167000
vt 0.412843 0.177236
vt 0.388858 0.167000
vt 0.607656 0.056286
vt 0.389287 0.156764
vt 0.649654 0.128920
vt 0.629011 0.130679
vt 0.608703 0.088595
vt 0.463679 0.177236
vt 0.421595 0.177236
vt 0.629449 0.132314
vt 0.635305 0.119636
vt 0.461920 0.177236
vt 0.477376 0.167000
vt 0.465314 0.156764
vt 0.639299 0.129675
vt 0.655000 0.167000
vt 0.649149 0.127036
vt 0.460036 0.156764
vt 0.962678 0.250046
vt 0.957500 0.249587
vt 0.957500 0.250749
vt 0.987365 0.250000
vt 0.987344 0.262423
vt 0.987666 0.246760
vt 0.957500 0.249251
vt 0.962803 0.249482
vt 0.955484 0.250550
vt 0.967954 0.249621
vt 0.962796 0.250749
vt 0.985696 0.274227
vt 0.986912 0.262243
vt 0.987429 0.258096
vt 0.984369 0.282299
vt 0.972787 0.250326
vt 0.967932 0.250749
vt 0.967692 0.250378
vt 0.972414 0.250019
vt 0.967715 0.249251
vt 0.980743 0.296040
vt 0.985482 0.277584
vt 0.983914 0.286000
vt 0.983364 0.285251
vt 0.980694 0.295944
vt 0.977141 0.249572
vt 0.972750 0.249251
vt 0.977139 0.250451
vt 0.980864 0.250749
vt 0.980908 0.249572
vt 0.976697 0.304008
vt 0.980378 0.295318
vt 0.976645 0.250289
vt 0.980378 0.249251
vt 0.976697 0.249251
vt 0.970464 0.313662
vt 0.977015 0.304901
vt 0.972396 0.249674
vt 0.976665 0.250461
vt 0.977105 0.249251
vt 0.972786 0.250340
vt 0.967715 0.316250
vt 0.969864 0.315102
vt 0.972433 0.311057
vt 0.962679 0.249828
vt 0.967692 0.249621
vt 0.970391 0.250749
vt 0.962710 0.319758
vt 0.969933 0.249251
vt 0.962806 0.249587
vt 0.966092 0.250510
vt 0.957500 0.249588
vt 0.966066 0.318682
vt 0.957500 0.321208
vt 0.962686 0.319431
vt 0.957500 0.321617
vt 0.962796 0.320906
vt 0.949749 0.250749
vt 0.952327 0.250326
vt 0.957500 0.249621
vt 0.952283 0.319843
vt 0.957500 0.320502
vt 0.949792 0.318967
vt 0.947285 0.316250
vt 0.952314 0.319431
vt 0.947299 0.249950
vt 0.952314 0.249251
vt 0.947124 0.317298
vt 0.952204 0.320906
vt 0.947039 0.249736
vt 0.942229 0.250033
vt 0.942497 0.311344
vt 0.942486 0.311388
vt 0.942250 0.312354
vt 0.936193 0.299588
vt 0.938345 0.249625
vt 0.942567 0.249251
vt 0.942608 0.250283
vt 0.936257 0.300764
vt 0.976697 0.250749
vt 0.972396 0.250326
vt 0.976655 0.249625
vt 0.931482 0.285460
vt 0.934622 0.295318
vt 0.972787 0.249674
vt 0.975824 0.250454
vt 0.933262 0.293116
vt 0.929085 0.274415
vt 0.931636 0.285251
vt 0.967694 0.249599
vt 0.972433 0.249251
vt 0.928839 0.274625
vt 0.931086 0.286000
vt 0.967951 0.249572
vt 0.962676 0.250413
vt 0.967715 0.250749
vt 0.929283 0.274244
vt 0.927463 0.262503
vt 0.957500 0.250326
vt 0.962686 0.249251
vt 0.927463 0.237497
vt 0.927554 0.258354
vt 0.927000 0.250000
vt 0.952314 0.250749
vt 0.928088 0.237757
vt 0.927381 0.253414
vt 0.927634 0.250000
vt 0.952204 0.249251
vt 0.947301 0.249979
vt 0.952324 0.249587
vt 0.947041 0.249711
vt 0.952192 0.250379
vt 0.942250 0.250749
vt 0.947068 0.250749
vt 0.928606 0.230164
vt 0.931312 0.214308
vt 0.929436 0.225887
vt 0.931479 0.214536
vt 0.928011 0.234373
vt 0.931086 0.214000
vt 0.928839 0.225375
vt 0.937874 0.250028
vt 0.942222 0.249572
vt 0.938303 0.250749
vt 0.942592 0.249530
vt 0.942567 0.250749
vt 0.934136 0.203719
vt 0.937977 0.195076
vt 0.934514 0.204469
vt 0.934684 0.249717
vt 0.934622 0.250749
vt 0.937985 0.195099
vt 0.934514 0.204469
vt 0.942221 0.249587
vt 0.937895 0.250749
vt 0.937842 0.249717
vt 0.938341 0.249587
vt 0.938303 0.195992
vt 0.942497 0.188656
vt 0.947048 0.249588
vt 0.942608 0.249717
vt 0.947124 0.182702
vt 0.942250 0.187646
vt 0.952196 0.249890
vt 0.947285 0.183750
vt 0.952286 0.180192
vt 0.957500 0.178302
vt 0.948632 0.181891
vt 0.952204 0.179094
vt 0.952314 0.180569
vt 0.957500 0.178375
vt 0.962802 0.250577
vt 0.957500 0.249531
vt 0.962679 0.250051
vt 0.957500 0.179498
vt 0.965131 0.180961
vt 0.971016 0.186704
vt 0.962686 0.180569
vt 0.962765 0.179514
vt 0.967715 0.183750
vt 0.970894 0.250749
vt 0.972392 0.249711
vt 0.967695 0.249587
vt 0.975817 0.193256
vt 0.972790 0.249711
vt 0.967954 0.250379
vt 0.965170 0.249251
vt 0.977147 0.250379
vt 0.976697 0.195992
vt 0.972433 0.188943
vt 0.981925 0.207538
vt 0.976790 0.195732
vt 0.977105 0.194845
vt 0.938334 0.250470
vt 0.934660 0.249539
vt 0.980664 0.204115
vt 0.980864 0.249251
vt 0.942586 0.249981
vt 0.938303 0.249251
vt 0.937895 0.249251
vt 0.942214 0.249661
vt 0.939460 0.250545
vt 0.947052 0.250481
vt 0.985977 0.225532
vt 0.983364 0.214749
vt 0.985894 0.225604
vt 0.983773 0.214192
vt 0.986912 0.237757
vt 0.985564 0.225887
vt 0.952324 0.250413
vt 0.947285 0.249251
vt 0.947311 0.250326
vt 0.952194 0.249572
vt 0.947068 0.249251
vt 0.987778 0.245261
vt 0.307947 0.524929
vt 0.296507 0.534469
vt 0.300342 0.486450
vt 0.201469 0.510236
vt 0.155688 0.500000
vt 0.153450 0.510236
vt 0.199443 0.500000
vt 0.167000 0.489764
vt 0.296063 0.536127
vt 0.308219 0.476440
vt 0.301527 0.500000
vt 0.316654 0.538080
vt 0.320634 0.484388
vt 0.205080 0.489764
vt 0.181854 0.500000
vt 0.151388 0.489764
vt 0.232022 0.510236
vt 0.180458 0.510236
vt 0.307052 0.565022
vt 0.320823 0.513458
vt 0.276779 0.576868
vt 0.232144 0.500000
vt 0.203127 0.489764
vt 0.283504 0.567264
vt 0.305956 0.538603
vt 0.277946 0.590784
vt 0.244500 0.489764
vt 0.234042 0.500000
vt 0.278442 0.500000
vt 0.274805 0.610564
vt 0.285132 0.582717
vt 0.250747 0.500000
vt 0.234264 0.489764
vt 0.276184 0.609185
vt 0.301234 0.577500
vt 0.251567 0.616837
vt 0.253473 0.510236
vt 0.258776 0.500000
vt 0.270054 0.510236
vt 0.235360 0.500000
vt 0.266632 0.510236
vt 0.269358 0.500000
vt 0.224990 0.510236
vt 0.221852 0.500000
vt 0.260279 0.489764
vt 0.260279 0.596247
vt 0.227947 0.630701
vt 0.244500 0.489764
vt 0.266632 0.489764
vt 0.230297 0.640857
vt 0.206507 0.638714
vt 0.224990 0.620829
vt 0.180826 0.500000
vt 0.230297 0.510236
vt 0.193915 0.652645
vt 0.180167 0.510236
vt 0.178312 0.500000
vt 0.221936 0.489764
vt 0.177193 0.633636
vt 0.221936 0.622252
vt 0.206514 0.489764
vt 0.143423 0.641312
vt 0.180167 0.633375
vt 0.155696 0.489764
vt 0.143640 0.510236
vt 0.134557 0.500000
vt 0.177193 0.489764
vt 0.143640 0.632484
vt 0.178251 0.643779
vt 0.128769 0.639056
vt 0.155696 0.654011
vt 0.125943 0.500000
vt 0.101743 0.510236
vt 0.153542 0.510236
vt 0.101743 0.639943
vt 0.153542 0.653823
vt 0.109010 0.620828
vt 0.113987 0.645652
vt 0.113987 0.489764
vt 0.087380 0.500000
vt 0.085367 0.618891
vt 0.108662 0.620666
vt 0.108662 0.510236
vt 0.094220 0.500000
vt 0.109010 0.489764
vt 0.078434 0.626485
vt 0.054829 0.500000
vt 0.080528 0.603054
vt 0.072237 0.594763
vt 0.084283 0.618132
vt 0.056287 0.607656
vt 0.048868 0.582717
vt 0.080528 0.510236
vt 0.067194 0.500000
vt 0.072237 0.489764
vt 0.049406 0.583486
vt 0.048263 0.489764
vt 0.078434 0.489764
vt 0.234042 0.500000
vt 0.266632 0.510236
vt 0.269358 0.500000
vt 0.032766 0.577500
vt 0.250747 0.500000
vt 0.234264 0.489764
vt 0.253473 0.489764
vt 0.234216 0.489764
vt 0.266632 0.489764
vt 0.017972 0.540415
vt 0.038094 0.536713
vt 0.057221 0.576868
vt 0.203713 0.510236
vt 0.220773 0.500000
vt 0.243868 0.510236
vt 0.037165 0.533244
vt 0.050496 0.567264
vt 0.027701 0.537325
vt 0.027971 0.567216
vt 0.194652 0.500000
vt 0.207415 0.510236
vt 0.178312 0.500000
vt 0.200244 0.489764
vt 0.013347 0.515401
vt 0.182401 0.489764
vt 0.155951 0.510236
vt 0.012967 0.488951
vt 0.027117 0.535143
vt 0.033347 0.490006
vt 0.157006 0.510236
vt 0.033495 0.488320
vt 0.025965 0.475196
vt 0.144376 0.500000
vt 0.155320 0.489764
vt 0.140085 0.489764
vt 0.151725 0.500000
vt 0.113987 0.510236
vt 0.021348 0.446987
vt 0.023451 0.486113
vt 0.036695 0.438203
vt 0.110363 0.510236
vt 0.120989 0.489764
vt 0.101277 0.500000
vt 0.041501 0.410025
vt 0.040586 0.453989
vt 0.049406 0.416514
vt 0.064643 0.500000
vt 0.077025 0.510236
vt 0.071950 0.405523
vt 0.045541 0.443363
vt 0.083253 0.500000
vt 0.112148 0.500000
vt 0.090132 0.489764
vt 0.057486 0.391146
vt 0.027971 0.432784
vt 0.099784 0.489764
vt 0.074819 0.500000
vt 0.048263 0.510236
vt 0.045015 0.500000
vt 0.079843 0.372528
vt 0.066623 0.396429
vt 0.067194 0.500000
vt 0.080528 0.489764
vt 0.063946 0.489764
vt 0.080528 0.396946
vt 0.057221 0.423132
vt 0.108828 0.379256
vt 0.108828 0.510236
vt 0.071950 0.510236
vt 0.108461 0.489764
vt 0.108461 0.379428
vt 0.085367 0.381109
vt 0.089500 0.365766
vt 0.089500 0.489764
vt 0.057486 0.489764
vt 0.123543 0.500000
vt 0.079843 0.510236
vt 0.128697 0.350406
vt 0.106053 0.369299
vt 0.128397 0.361044
vt 0.153496 0.356418
vt 0.153833 0.510236
vt 0.122439 0.500000
vt 0.143640 0.489764
vt 0.143640 0.367516
vt 0.128697 0.510236
vt 0.179993 0.346137
vt 0.178634 0.356254
vt 0.129372 0.350225
vt 0.129372 0.489764
vt 0.217238 0.365832
vt 0.153833 0.366625
vt 0.190360 0.510236
vt 0.156874 0.500000
vt 0.189624 0.500000
vt 0.178680 0.489764
vt 0.232022 0.510236
vt 0.179993 0.510236
vt 0.232022 0.359948
vt 0.221936 0.510236
vt 0.221735 0.489764
vt 0.221735 0.377654
vt 0.178680 0.366495
vt 0.239846 0.376745
vt 0.180923 0.346218
vt 0.232491 0.489764
vt 0.180923 0.489764
vt 0.234042 0.500000
vt 0.277400 0.392031
vt 0.260279 0.403753
vt 0.221936 0.377748
vt 0.260279 0.510236
vt 0.223695 0.500000
vt 0.253473 0.489764
vt 0.253473 0.396946
vt 0.277635 0.424354
vt 0.087380 0.500000
vt 0.059031 0.510236
vt 0.053072 0.500000
vt 0.307670 0.436302
vt 0.270571 0.399623
vt 0.287744 0.441828
vt 0.108828 0.510236
vt 0.083253 0.500000
vt 0.080527 0.510236
vt 0.112148 0.500000
vt 0.091354 0.489764
vt 0.059525 0.489764
vt 0.125942 0.500000
vt 0.103302 0.510236
vt 0.296449 0.465314
vt 0.285891 0.418366
vt 0.307140 0.435166
vt 0.319645 0.473085
vt 0.301773 0.450997
vt 0.132314 0.489764
vt 0.102166 0.489764
vt 0.140085 0.510236
vt 0.641576 0.145226
vt 0.629449 0.201686
vt 0.633342 0.153450
vt 0.534686 0.177236
vt 0.486450 0.177236
vt 0.532442 0.167000
vt 0.511680 0.156764
vt 0.538303 0.156764
vt 0.514854 0.167000
vt 0.484829 0.156764
vt 0.565022 0.177236
vt 0.640052 0.232022
vt 0.638956 0.205603
vt 0.653823 0.180458
vt 0.633505 0.178680
vt 0.631098 0.227097
vt 0.643299 0.163860
vt 0.649594 0.205303
vt 0.618891 0.248634
vt 0.565144 0.167000
vt 0.558540 0.156764
vt 0.567042 0.167000
vt 0.611442 0.167000
vt 0.607805 0.277564
vt 0.620572 0.225540
vt 0.602909 0.268038
vt 0.609184 0.276185
vt 0.634234 0.244500
vt 0.584567 0.283837
vt 0.578091 0.177236
vt 0.591776 0.167000
vt 0.593279 0.156764
vt 0.593279 0.263247
vt 0.561797 0.297305
vt 0.577500 0.156764
vt 0.563297 0.307857
vt 0.538231 0.306056
vt 0.578091 0.275923
vt 0.536498 0.177236
vt 0.563297 0.177236
vt 0.526915 0.319645
vt 0.511312 0.167000
vt 0.554936 0.156764
vt 0.512084 0.300470
vt 0.554936 0.289252
vt 0.512569 0.310664
vt 0.539514 0.316270
vt 0.539514 0.156764
vt 0.487431 0.310664
vt 0.488320 0.300505
vt 0.536498 0.295963
vt 0.488320 0.177236
vt 0.488696 0.156764
vt 0.467557 0.167000
vt 0.512084 0.156764
vt 0.476640 0.299484
vt 0.452669 0.302212
vt 0.488696 0.321011
vt 0.434743 0.306943
vt 0.429860 0.292025
vt 0.441828 0.287744
vt 0.446987 0.312652
vt 0.446987 0.156764
vt 0.420380 0.167000
vt 0.441662 0.177236
vt 0.427220 0.167000
vt 0.441828 0.156764
vt 0.399623 0.270571
vt 0.411052 0.293218
vt 0.389287 0.274655
vt 0.376594 0.239773
vt 0.381263 0.156764
vt 0.411052 0.156764
vt 0.365766 0.244500
vt 0.554852 0.167000
vt 0.370253 0.229994
vt 0.381263 0.266632
vt 0.350972 0.207415
vt 0.536499 0.177236
vt 0.576536 0.177236
vt 0.356800 0.166935
vt 0.371037 0.203499
vt 0.356701 0.170140
vt 0.359860 0.231834
vt 0.540415 0.177236
vt 0.345000 0.167000
vt 0.351296 0.125375
vt 0.509811 0.156764
vt 0.370989 0.130679
vt 0.366331 0.176811
vt 0.434277 0.167000
vt 0.369695 0.105203
vt 0.371094 0.130287
vt 0.446227 0.167000
vt 0.375998 0.095320
vt 0.373247 0.078816
vt 0.460036 0.156764
vt 0.411816 0.177236
vt 0.404950 0.072523
vt 0.383496 0.099736
vt 0.432736 0.177236
vt 0.423132 0.156764
vt 0.411222 0.177236
vt 0.381263 0.177236
vt 0.411222 0.040663
vt 0.390221 0.090132
vt 0.432736 0.050496
vt 0.426530 0.167000
vt 0.404950 0.177236
vt 0.441461 0.156764
vt 0.441461 0.046428
vt 0.418367 0.048109
vt 0.432975 0.027881
vt 0.390485 0.156764
vt 0.445537 0.167000
vt 0.461697 0.017406
vt 0.452669 0.031788
vt 0.463873 0.177236
vt 0.463581 0.027458
vt 0.461697 0.177236
vt 0.486800 0.156764
vt 0.512993 0.013137
vt 0.513504 0.023418
vt 0.463873 0.037937
vt 0.509811 0.177236
vt 0.512993 0.177236
vt 0.534294 0.037446
vt 0.527961 0.026515
vt 0.565022 0.177236
vt 0.565022 0.026947
vt 0.555103 0.044825
vt 0.509811 0.033331
vt 0.555103 0.177236
vt 0.576684 0.156764
vt 0.534294 0.156764
vt 0.576684 0.057092
vt 0.577500 0.032766
vt 0.539964 0.017851
vt 0.539964 0.156764
vt 0.610400 0.059031
vt 0.573205 0.043745
vt 0.593436 0.177236
vt 0.618670 0.085051
vt 0.593436 0.070910
vt 0.610635 0.091354
vt 0.593496 0.058329
vt 0.420380 0.167000
vt 0.392031 0.177236
vt 0.387829 0.167000
vt 0.640670 0.103302
vt 0.620744 0.108828
vt 0.441828 0.177236
vt 0.425555 0.167000
vt 0.630142 0.104854
vt 0.607968 0.056600
vt 0.433185 0.156764
vt 0.389600 0.156764
vt 0.458942 0.167000
vt 0.436302 0.177236
vt 0.455439 0.167000
vt 0.424354 0.156764
vt 0.629344 0.131923
vt 0.464923 0.156764
vt 0.639216 0.100185
vt 0.486174 0.167000
vt 0.526915 0.177236
vt 0.486077 0.177236
vt 0.652645 0.193915
vt 0.641667 0.145208
vt 0.653782 0.153077
vt 0.640737 0.193297
vt 0.649270 0.206514
vt 0.653823 0.153542
vt 0.486542 0.156764
vt 0.638714 0.206507
vt 0.621459 0.223637
vt 0.633669 0.176811
vt 0.556637 0.177236
vt 0.509811 0.177236
vt 0.565256 0.177236
vt 0.536127 0.156764
vt 0.626485 0.255566
vt 0.588566 0.156764
vt 0.618737 0.266632
vt 0.607683 0.261457
vt 0.639943 0.232257
vt 0.593708 0.262819
vt 0.608522 0.260519
vt 0.574445 0.167000
vt 0.593708 0.156764
vt 0.568360 0.167000
vt 0.586795 0.177236
vt 0.594763 0.261763
vt 0.594763 0.177236
vt 0.560947 0.297701
vt 0.586585 0.294872
vt 0.553013 0.312652
vt 0.559748 0.298260
vt 0.586795 0.294726
vt 0.536127 0.177236
vt 0.533592 0.167000
vt 0.513458 0.320823
vt 0.513887 0.310549
vt 0.536127 0.296063
vt 0.489874 0.167000
vt 0.513458 0.177236
vt 0.463581 0.306542
vt 0.450962 0.301542
vt 0.432975 0.306119
vt 0.464923 0.177236
vt 0.442010 0.287828
vt 0.457537 0.167000
vt 0.432975 0.177236
vt 0.408002 0.276739
vt 0.464923 0.296344
vt 0.422948 0.177236
vt 0.442010 0.156764
vt 0.412843 0.156764
vt 0.398962 0.269909
vt 0.412843 0.294472
vt 0.360254 0.232680
vt 0.389287 0.274656
vt 0.369299 0.227947
vt 0.389989 0.243536
vt 0.365524 0.216025
vt 0.374501 0.256975
vt 0.542053 0.156764
vt 0.589975 0.156764
vt 0.565680 0.177236
vt 0.346200 0.180716
vt 0.356336 0.179569
vt 0.513167 0.177236
vt 0.511312 0.167000
vt 0.366495 0.155320
vt 0.346007 0.155486
vt 0.351411 0.209053
vt 0.488486 0.156764
vt 0.512376 0.167000
vt 0.351296 0.125375
vt 0.365832 0.116762
vt 0.366625 0.180167
vt 0.476640 0.177236
vt 0.488320 0.156764
vt 0.432958 0.167000
vt 0.458375 0.177236
vt 0.445064 0.177236
vt 0.453989 0.156764
vt 0.436703 0.156764
vt 0.374501 0.077025
vt 0.373586 0.120989
vt 0.359238 0.140384
vt 0.410025 0.177236
vt 0.403753 0.073721
vt 0.377748 0.112064
vt 0.444069 0.167000
vt 0.389106 0.059525
vt 0.359143 0.103703
vt 0.409857 0.167000
vt 0.411052 0.040782
vt 0.441828 0.046256
vt 0.441828 0.177236
vt 0.403753 0.177236
vt 0.418367 0.048109
vt 0.389106 0.156764
vt 0.446987 0.177236
vt 0.411052 0.177236
vt 0.446987 0.021348
vt 0.461397 0.028043
vt 0.486496 0.023418
vt 0.486833 0.177236
vt 0.488320 0.156764
vt 0.488320 0.033495
vt 0.441662 0.046334
vt 0.500000 0.167000
vt 0.488696 0.177236
vt 0.511634 0.023254
vt 0.526915 0.014355
vt 0.488696 0.012989
vt 0.548916 0.032414
vt 0.486833 0.033625
vt 0.533244 0.177236
vt 0.566815 0.027784
vt 0.572846 0.043745
vt 0.513923 0.013218
vt 0.589797 0.167000
vt 0.566815 0.177236
vt 0.575646 0.177236
vt 0.536498 0.156764
vt 0.578091 0.058077
vt 0.536498 0.038037
vt 0.608854 0.057485
vt 0.610591 0.075926
vt 0.575646 0.056365
vt 0.397642 0.167000
vt 0.578091 0.156764
vt 0.390998 0.156764
vt 0.434509 0.177236
vt 0.639834 0.101509
vt 0.629011 0.130679
vt 0.608703 0.088595
vt 0.463679 0.177236
vt 0.421595 0.177236
vt 0.618891 0.085366
vt 0.639299 0.129675
vt 0.640140 0.102166
vt 0.435166 0.156764
vt 0.136679 0.849148
vt 0.167000 0.816751
vt 0.136677 0.816868
vt 0.226480 0.849132
vt 0.253394 0.817051
vt 0.226435 0.816582
vt 0.253394 0.848950
vt 0.276871 0.816751
vt 0.276870 0.849249
vt 0.253394 0.817051
vt 0.253291 0.849396
vt 0.226480 0.816868
vt 0.226478 0.849148
vt 0.197323 0.816868
vt 0.197313 0.849249
vt 0.167000 0.816582
vt 0.167000 0.849067
vt 0.136687 0.816751
vt 0.136687 0.849249
vt 0.107522 0.816852
vt 0.107520 0.849132
vt 0.080606 0.817051
vt 0.080648 0.849132
vt 0.057129 0.816751
vt 0.276905 0.849132
vt 0.253394 0.848949
vt 0.226478 0.849148
vt 0.197321 0.849148
vt 0.167000 0.816751
vt 0.167000 0.849249
vt 0.136679 0.816852
vt 0.136677 0.849132
vt 0.107565 0.816582
vt 0.107520 0.849132
vt 0.080606 0.817051
vt 0.080648 0.849132
vt 0.057095 0.849132
vt 0.080606 0.817050
vt 0.080723 0.849454
vt 0.107520 0.816868
vt 0.107522 0.849148
vt 0.136687 0.849249
vt 0.167000 0.816868
vt 0.167000 0.849132
vt 0.197313 0.816751
vt 0.197323 0.849132
vt 0.253352 0.816868
vt 0.253352 0.849132
vt 0.276871 0.816751
vt 0.057129 0.816751
vt 0.080709 0.849396
vt 0.107520 0.816868
vt 0.107522 0.849148
vt 0.197323 0.849132
vt 0.197321 0.816852
vt 0.310277 0.889852
vt 0.198892 0.983864
vt 0.135189 0.682079
vt 0.167000 0.849249
vt 0.310201 0.892316
vt 0.274748 0.940684
vt 0.295878 0.919113
vt 0.319022 0.802761
vt 0.321123 0.833000
vt 0.310234 0.774741
vt 0.276602 0.723398
vt 0.308529 0.773441
vt 0.295878 0.746887
vt 0.023799 0.773684
vt 0.059252 0.725316
vt 0.038122 0.746887
vt 0.014978 0.802761
vt 0.016753 0.861570
vt 0.012000 0.833000
vt 0.107684 0.976201
vt 0.059339 0.942110
vt 0.080887 0.961878
vt 0.081150 0.961483
vt 0.137210 0.982905
vt 0.198843 0.682102
vt 0.016111 0.801143
vt 0.135157 0.983898
vt 0.136684 0.510974
vt 0.167000 0.488775
vt 0.136692 0.488933
vt 0.226469 0.510959
vt 0.253374 0.489211
vt 0.226466 0.489026
vt 0.253335 0.510959
vt 0.276852 0.488933
vt 0.276884 0.510959
vt 0.253328 0.510988
vt 0.226469 0.489041
vt 0.226466 0.510973
vt 0.197317 0.489041
vt 0.197308 0.511067
vt 0.167000 0.488896
vt 0.167000 0.510959
vt 0.136692 0.488933
vt 0.136695 0.511104
vt 0.107534 0.489026
vt 0.107531 0.510959
vt 0.080626 0.489211
vt 0.080620 0.510763
vt 0.057116 0.489041
vt 0.253335 0.489041
vt 0.276884 0.489041
vt 0.253278 0.511204
vt 0.226469 0.489041
vt 0.226466 0.510973
vt 0.197308 0.488933
vt 0.197308 0.511067
vt 0.167000 0.489211
vt 0.136695 0.511104
vt 0.107570 0.488796
vt 0.080665 0.489041
vt 0.080672 0.510988
vt 0.057121 0.510973
vt 0.080668 0.510973
vt 0.107531 0.489041
vt 0.107583 0.511286
vt 0.136683 0.489041
vt 0.136692 0.511067
vt 0.167000 0.489012
vt 0.197305 0.511104
vt 0.226469 0.510959
vt 0.253332 0.489027
vt 0.253335 0.510959
vt 0.276879 0.489026
vt 0.057116 0.510959
vt 0.057121 0.489026
vt 0.080726 0.511225
vt 0.107531 0.489041
vt 0.107534 0.510974
vt 0.108049 0.357679
vt 0.295356 0.417567
vt 0.196800 0.649956
vt 0.167000 0.510974
vt 0.310201 0.559316
vt 0.274616 0.607687
vt 0.295878 0.586113
vt 0.295443 0.585823
vt 0.317167 0.529845
vt 0.318418 0.469881
vt 0.310201 0.440684
vt 0.276602 0.390398
vt 0.308543 0.440406
vt 0.295878 0.413887
vt 0.226316 0.356799
vt 0.252868 0.371489
vt 0.196845 0.349833
vt 0.197239 0.347978
vt 0.165694 0.345543
vt 0.225292 0.356749
vt 0.136761 0.347978
vt 0.107853 0.357207
vt 0.057398 0.390398
vt 0.081177 0.371557
vt 0.039036 0.413278
vt 0.023799 0.440684
vt 0.057890 0.392761
vt 0.038122 0.413887
vt 0.015582 0.530119
vt 0.039038 0.583984
vt 0.023799 0.559316
vt 0.136761 0.652022
vt 0.167000 0.654477
vt 0.107181 0.640201
vt 0.167000 0.655000
vt 0.111109 0.643489
vt 0.016075 0.468125
vt 0.461475 0.321196
vt 0.503376 0.012786
vt 0.461468 0.012892
vt 0.545322 0.321197
vt 0.570432 0.012892
vt 0.545322 0.012804
vt 0.570435 0.321094
vt 0.581209 0.013060
vt 0.545359 0.320963
vt 0.545299 0.012660
vt 0.518106 0.012892
vt 0.518098 0.321197
vt 0.476198 0.012786
vt 0.448114 0.321146
vt 0.434235 0.012906
vt 0.398954 0.012859
vt 0.580960 0.321225
vt 0.558259 0.012886
vt 0.592403 0.012804
vt 0.545322 0.321197
vt 0.518106 0.012892
vt 0.518107 0.321094
vt 0.476198 0.012786
vt 0.474984 0.321071
vt 0.434251 0.012804
vt 0.434235 0.321094
vt 0.398322 0.012938
vt 0.397853 0.321147
vt 0.409101 0.013067
vt 0.448080 0.012849
vt 0.476040 0.321011
vt 0.503375 0.012786
vt 0.531957 0.321184
vt 0.545342 0.012931
vt 0.581551 0.321036
vt 0.582051 0.012777
vt 0.387144 0.321108
vt 0.409138 0.012906
vt 0.387208 0.012675
vt 0.421878 0.321215
vt 0.434251 0.012804
vt 0.518106 0.321108
vt 0.435327 0.033191
vt 0.627246 0.124597
vt 0.519970 0.307834
vt 0.601382 0.258150
vt 0.621016 0.222824
vt 0.570787 0.286537
vt 0.623552 0.222407
vt 0.600827 0.258445
vt 0.629638 0.193234
vt 0.631791 0.195246
vt 0.633021 0.153446
vt 0.545194 0.033235
vt 0.580611 0.055468
vt 0.516208 0.026948
vt 0.475018 0.023668
vt 0.461540 0.309005
vt 0.503340 0.310235
vt 0.435151 0.298832
vt 0.519977 0.026170
vt 0.352434 0.124401
vt 0.479772 0.884450
vt 0.504640 0.782524
vt 0.485479 0.782524
vt 0.568499 0.884443
vt 0.543277 0.782524
vt 0.527558 0.782524
vt 0.601957 0.949088
vt 0.559783 0.867924
vt 0.546094 0.885619
vt 0.535618 0.782524
vt 0.549464 0.884372
vt 0.515628 0.782524
vt 0.510350 0.884388
vt 0.490817 0.782524
vt 0.450394 0.884477
vt 0.468802 0.782524
vt 0.422509 0.884474
vt 0.456723 0.782524
vt 0.586142 0.884424
vt 0.532117 0.782524
vt 0.549937 0.884480
vt 0.509899 0.782524
vt 0.510379 0.884414
vt 0.486176 0.782524
vt 0.432164 0.884435
vt 0.465667 0.782524
vt 0.405829 0.710274
vt 0.448072 0.786634
vt 0.466764 0.771923
vt 0.422522 0.884384
vt 0.474403 0.782524
vt 0.450376 0.884461
vt 0.495360 0.782524
vt 0.529909 0.884447
vt 0.518833 0.782524
vt 0.568631 0.884446
vt 0.539107 0.782524
vt 0.445037 0.875259
vt 0.413906 0.961365
vt 0.464873 0.893527
vt 0.450065 0.884460
vt 0.465515 0.782524
vt 0.540108 0.884424
vt 0.470077 0.681343
vt 0.616282 0.731331
vt 0.540096 0.982640
vt 0.569251 0.824289
vt 0.561520 0.802776
vt 0.568609 0.844845
vt 0.505031 0.901666
vt 0.530959 0.174070
vt 0.559399 0.160143
vt 0.529909 0.159940
vt 0.559379 0.173979
vt 0.585612 0.159991
vt 0.586365 0.174107
vt 0.609686 0.159908
vt 0.609689 0.174079
vt 0.594442 0.159954
vt 0.585809 0.174035
vt 0.568893 0.159914
vt 0.549541 0.174103
vt 0.540149 0.159921
vt 0.520250 0.159954
vt 0.509890 0.173980
vt 0.490356 0.159914
vt 0.469583 0.174120
vt 0.450909 0.159936
vt 0.431313 0.174063
vt 0.422448 0.159873
vt 0.398088 0.159917
vt 0.609699 0.174046
vt 0.586221 0.160121
vt 0.609675 0.159873
vt 0.568030 0.174086
vt 0.549986 0.159871
vt 0.540149 0.174079
vt 0.520253 0.173979
vt 0.490356 0.159914
vt 0.489349 0.174077
vt 0.459851 0.159921
vt 0.459847 0.174046
vt 0.431761 0.159866
vt 0.431313 0.174063
vt 0.398101 0.159965
vt 0.398249 0.174104
vt 0.413822 0.160024
vt 0.422458 0.174176
vt 0.449994 0.160005
vt 0.470195 0.174027
vt 0.479750 0.159954
vt 0.509644 0.159914
vt 0.510355 0.174074
vt 0.540148 0.159908
vt 0.540149 0.174079
vt 0.568289 0.159896
vt 0.568843 0.174094
vt 0.594434 0.159921
vt 0.602220 0.174120
vt 0.609699 0.159954
vt 0.390310 0.174079
vt 0.413832 0.159987
vt 0.390301 0.159954
vt 0.414164 0.173917
vt 0.440636 0.159921
vt 0.449954 0.174115
vt 0.459841 0.160008
vt 0.489495 0.174007
vt 0.490357 0.159885
vt 0.593856 0.044670
vt 0.646346 0.216445
vt 0.559761 0.307911
vt 0.622970 0.261358
vt 0.638434 0.235800
vt 0.608965 0.275965
vt 0.653674 0.187232
vt 0.654287 0.157365
vt 0.648997 0.206932
vt 0.540117 0.017282
vt 0.567945 0.028144
vt 0.518869 0.015175
vt 0.633279 0.090051
vt 0.520193 0.013620
vt 0.371742 0.081073
vt 0.031265 0.013005
vt 0.013075 0.321027
vt 0.013374 0.012808
vt 0.030622 0.321175
vt 0.012706 0.013010
vt 0.030943 0.013115
vt 0.012613 0.176018
vt 0.031448 0.158012
vt 0.030523 0.176409
vt 0.031064 0.321232
vt 0.031023 0.013498
vt 0.012884 0.321060
vt 0.012565 0.013781
vt 0.031617 0.175355
vt 0.013020 0.157606
vt 0.012291 0.175174
vt 0.031361 0.320986
vt 0.013293 0.012734
vt 0.031272 0.012803
vt 0.030798 0.012821
vt 0.012679 0.321001
vt 0.012798 0.012801
vt 0.013677 0.176586
vt 0.031178 0.157908
vt 0.031478 0.175352
vt 0.013174 0.321328
vt 0.031064 0.012768
vt 0.012893 0.012892
vt 0.030683 0.321063
vt 0.012645 0.176025
vt 0.031295 0.157773
vt 0.012936 0.157661
vt 0.031064 0.321338
vt 0.013287 0.012725
vt 0.031192 0.013672
vt 0.030726 0.012755
vt 0.012893 0.321108
vt 0.012612 0.013622
vt 0.012811 0.176249
vt 0.031056 0.157662
vt 0.031795 0.175153
vt 0.012972 0.321113
vt 0.031013 0.012584
vt 0.012790 0.321163
vt 0.012859 0.012800
vt 0.031155 0.176304
vt 0.012929 0.157668
vt 0.012686 0.175996
vt 0.030255 0.012372
vt 0.012928 0.320994
vt 0.013368 0.012800
vt 0.030705 0.012792
vt 0.012446 0.320324
vt 0.013679 0.012585
vt 0.012703 0.175342
vt 0.030531 0.157689
vt 0.031254 0.176254
vt 0.030397 0.321111
vt 0.030261 0.012589
vt 0.012357 0.320197
vt 0.013878 0.012267
vt 0.031049 0.176330
vt 0.013027 0.157555
vt 0.012929 0.175445
vt 0.031336 0.013021
vt 0.013405 0.321254
vt 0.013157 0.012890
vt 0.030694 0.321313
vt 0.012624 0.013028
vt 0.030943 0.013115
vt 0.013028 0.176407
vt 0.031020 0.157583
vt 0.031336 0.175996
vt 0.031158 0.012785
vt 0.013021 0.321274
vt 0.012744 0.012854
vt 0.031617 0.175355
vt 0.012756 0.157769
vt 0.012785 0.176114
vt 0.031410 0.013012
vt 0.013075 0.321027
vt 0.013803 0.012356
vt 0.030553 0.012795
vt 0.012684 0.321082
vt 0.012654 0.013020
vt 0.013006 0.176338
vt 0.031123 0.157875
vt 0.031451 0.175409
vt 0.031169 0.321108
vt 0.031441 0.013540
vt 0.012999 0.321338
vt 0.012870 0.013672
vt 0.013702 0.176594
vt 0.031170 0.157862
vt 0.013587 0.157898
vt 0.031421 0.321070
vt 0.013028 0.012954
vt 0.031145 0.012694
vt 0.030727 0.321230
vt 0.012907 0.012939
vt 0.030700 0.012961
vt 0.013747 0.176197
vt 0.031217 0.157914
vt 0.031145 0.176337
vt 0.030390 0.321552
vt 0.031030 0.012773
vt 0.013528 0.321280
vt 0.012809 0.012778
vt 0.031395 0.175344
vt 0.012846 0.157894
vt 0.012706 0.176004
vt 0.031295 0.321095
vt 0.013006 0.012883
vt 0.031050 0.012688
vt 0.030744 0.321175
vt 0.012884 0.012940
vt 0.030637 0.012872
vt 0.031451 0.175996
vt 0.012933 0.157611
vt 0.031208 0.157713
vt 0.031145 0.321316
vt 0.031023 0.013498
vt 0.012946 0.321136
vt 0.012605 0.013674
vt 0.012377 0.175244
vt 0.031036 0.157555
vt 0.012861 0.157795
vt 0.963566 0.250000
vt 0.960578 0.253385
vt 0.953922 0.250000
vt 0.985590 0.276187
vt 0.984828 0.242714
vt 0.986316 0.244011
vt 0.965066 0.253385
vt 0.960415 0.250000
vt 0.954414 0.253385
vt 0.983701 0.269731
vt 0.986308 0.243807
vt 0.985132 0.250000
vt 0.986420 0.271779
vt 0.987754 0.244106
vt 0.955003 0.246615
vt 0.969172 0.253385
vt 0.969938 0.250000
vt 0.980475 0.286240
vt 0.983941 0.267861
vt 0.972852 0.253385
vt 0.977785 0.297825
vt 0.974642 0.300769
vt 0.974938 0.250000
vt 0.974130 0.246615
vt 0.975851 0.302785
vt 0.980658 0.296333
vt 0.983845 0.276777
vt 0.977127 0.246615
vt 0.977834 0.252110
vt 0.972370 0.250000
vt 0.971471 0.313618
vt 0.965897 0.315344
vt 0.974642 0.253385
vt 0.965492 0.247134
vt 0.976302 0.296633
vt 0.965897 0.315344
vt 0.960533 0.250000
vt 0.971758 0.253385
vt 0.965483 0.253385
vt 0.960137 0.250000
vt 0.960475 0.321308
vt 0.971471 0.246615
vt 0.960372 0.321332
vt 0.951927 0.320330
vt 0.955195 0.314694
vt 0.965483 0.312121
vt 0.955195 0.253385
vt 0.954805 0.314603
vt 0.965066 0.312419
vt 0.951927 0.320330
vt 0.951550 0.253385
vt 0.960372 0.253385
vt 0.949689 0.250000
vt 0.951550 0.246615
vt 0.960475 0.246615
vt 0.944608 0.310732
vt 0.946926 0.253385
vt 0.944491 0.246615
vt 0.954805 0.246615
vt 0.944316 0.310791
vt 0.941905 0.247719
vt 0.942718 0.253385
vt 0.948517 0.250000
vt 0.940645 0.250000
vt 0.935513 0.250000
vt 0.942718 0.312595
vt 0.935275 0.293707
vt 0.939679 0.299452
vt 0.944491 0.307193
vt 0.935140 0.293319
vt 0.977039 0.253385
vt 0.970184 0.250000
vt 0.976619 0.250000
vt 0.974945 0.246615
vt 0.977131 0.250000
vt 0.966366 0.253385
vt 0.976756 0.253385
vt 0.928470 0.270929
vt 0.934037 0.295456
vt 0.929378 0.263161
vt 0.933248 0.280601
vt 0.965532 0.246615
vt 0.931200 0.268961
vt 0.936243 0.291182
vt 0.928454 0.270800
vt 0.966311 0.246615
vt 0.976756 0.246615
vt 0.930133 0.256363
vt 0.960195 0.253385
vt 0.970463 0.253385
vt 0.957500 0.250000
vt 0.966483 0.250000
vt 0.927283 0.243219
vt 0.930167 0.242823
vt 0.929732 0.269145
vt 0.928734 0.242807
vt 0.929410 0.223589
vt 0.950145 0.250000
vt 0.954460 0.246615
vt 0.948517 0.250000
vt 0.945828 0.253385
vt 0.954628 0.253385
vt 0.933248 0.219399
vt 0.929567 0.221988
vt 0.927293 0.242977
vt 0.945828 0.246615
vt 0.954525 0.246615
vt 0.938977 0.248203
vt 0.936184 0.208989
vt 0.931311 0.230172
vt 0.949101 0.253385
vt 0.940370 0.248420
vt 0.944537 0.246615
vt 0.937446 0.250000
vt 0.937909 0.253385
vt 0.941810 0.193311
vt 0.937711 0.200921
vt 0.942148 0.195763
vt 0.943991 0.252138
vt 0.940127 0.253385
vt 0.943100 0.186922
vt 0.934342 0.203667
vt 0.943980 0.247805
vt 0.943615 0.253385
vt 0.949517 0.187879
vt 0.954148 0.250000
vt 0.954956 0.178591
vt 0.952295 0.183413
vt 0.943615 0.186273
vt 0.949517 0.253385
vt 0.954389 0.250000
vt 0.944921 0.246615
vt 0.957388 0.185595
vt 0.944921 0.192265
vt 0.951550 0.179383
vt 0.962352 0.253385
vt 0.961695 0.247951
vt 0.954956 0.253385
vt 0.965610 0.184450
vt 0.965311 0.250000
vt 0.957388 0.246615
vt 0.971804 0.250000
vt 0.966410 0.253385
vt 0.970034 0.246615
vt 0.970034 0.192208
vt 0.958208 0.182221
vt 0.969172 0.183481
vt 0.960475 0.178692
vt 0.974445 0.253385
vt 0.966410 0.181503
vt 0.974593 0.191060
vt 0.962352 0.186660
vt 0.974985 0.253385
vt 0.977834 0.247951
vt 0.974786 0.250000
vt 0.977039 0.246615
vt 0.978448 0.207930
vt 0.973779 0.194177
vt 0.942630 0.250000
vt 0.938244 0.253385
vt 0.935767 0.247951
vt 0.980963 0.204544
vt 0.983011 0.217811
vt 0.974985 0.199897
vt 0.937961 0.253385
vt 0.942478 0.250000
vt 0.938381 0.250000
vt 0.983011 0.217811
vt 0.984269 0.216223
vt 0.976756 0.194611
vt 0.948689 0.253385
vt 0.986546 0.229200
vt 0.949052 0.246615
vt 0.939679 0.246615
vt 0.983674 0.230057
vt 0.981752 0.219399
vt 0.950145 0.250000
vt 0.944537 0.253385
vt 0.943192 0.246615
vt 0.957500 0.246615
vt 0.383921 0.318005
vt 0.348995 0.015995
vt 0.383921 0.015995
vt 0.374933 0.318005
vt 0.357983 0.015995
vt 0.374933 0.013094
vt 0.348995 0.175475
vt 0.383921 0.158525
vt 0.386563 0.177994
vt 0.357983 0.318005
vt 0.374933 0.015995
vt 0.357983 0.013094
vt 0.348995 0.318005
vt 0.348995 0.158525
vt 0.346280 0.155140
vt 0.345000 0.158525
vt 0.383921 0.175475
vt 0.386637 0.178860
vt 0.387916 0.175475
vt 0.345610 0.178190
vt 0.348995 0.178685
vt 0.377782 0.013204
vt 0.345785 0.318005
vt 0.346146 0.013204
vt 0.353988 0.318005
vt 0.354561 0.013447
vt 0.377481 0.321427
vt 0.355583 0.321460
vt 0.345000 0.318005
vt 0.348995 0.012000
vt 0.386770 0.013204
vt 0.346048 0.178224
vt 0.386470 0.321427
vt 0.346186 0.321369
vt 0.378928 0.318005
vt 0.387306 0.155810
vt 0.383921 0.155315
vt 0.355135 0.013204
vt 0.355268 0.321390
vt 0.377334 0.321460
vt 0.387916 0.318005
vt 0.383921 0.012000
vt 0.346354 0.156006
vt 0.386712 0.155676
vt 0.346447 0.321427
vt 0.386470 0.321427
vt 0.050280 0.987536
vt 0.012449 0.678464
vt 0.050277 0.678357
vt 0.034566 0.987536
vt 0.028163 0.678463
vt 0.034563 0.678394
vt 0.012332 0.836191
vt 0.050397 0.829809
vt 0.050269 0.836317
vt 0.028163 0.987537
vt 0.034562 0.678394
vt 0.028166 0.678394
vt 0.012449 0.987536
vt 0.050280 0.678464
vt 0.012373 0.678428
vt 0.050397 0.836191
vt 0.012332 0.829810
vt 0.012393 0.836191
vt 0.054218 0.013445
vt 0.014771 0.320347
vt 0.014715 0.013435
vt 0.053311 0.320250
vt 0.013997 0.013825
vt 0.054139 0.014062
vt 0.012747 0.185261
vt 0.055403 0.148730
vt 0.053984 0.187814
vt 0.054491 0.013790
vt 0.013485 0.318421
vt 0.013671 0.013568
vt 0.054270 0.187194
vt 0.013911 0.146543
vt 0.014091 0.187647
vt 0.244201 0.218223
vt 0.128956 0.115128
vt 0.244436 0.115069
vt 0.294609 0.219907
vt 0.206188 0.115084
vt 0.294613 0.114035
vt 0.127822 0.218977
vt 0.089800 0.115700
vt 0.039377 0.113906
vt 0.128891 0.218792
vt 0.244167 0.115235
vt 0.127728 0.114954
vt 0.064809 0.219449
vt 0.127935 0.114957
vt 0.039391 0.114093
vt 0.063224 0.271497
vt 0.128412 0.024874
vt 0.298447 0.242989
vt 0.206144 0.218853
vt 0.269220 0.114475
vt 0.309656 0.129152
vt 0.205383 0.024607
vt 0.091059 0.035317
vt 0.064814 0.219292
vt 0.205186 0.115165
vt 0.064166 0.114882
vt 0.244336 0.218451
vt 0.128858 0.114928
vt 0.244576 0.115002
vt 0.294588 0.219623
vt 0.206361 0.115156
vt 0.294616 0.114003
vt 0.205193 0.218940
vt 0.090022 0.115074
vt 0.089510 0.218983
vt 0.039394 0.114138
vt 0.128907 0.218977
vt 0.244344 0.115123
vt 0.127822 0.115049
vt 0.206283 0.218836
vt 0.294626 0.113865
vt 0.309478 0.128461
vt 0.298768 0.243403
vt 0.063327 0.271480
vt 0.309269 0.129164
vt 0.091152 0.035276
vt 0.062716 0.270965
vt 0.064907 0.219308
vt 0.205234 0.115033
vt 0.064297 0.114649
vt 0.244323 0.218289
vt 0.128676 0.114928
vt 0.244518 0.115235
vt 0.294588 0.219624
vt 0.206361 0.115156
vt 0.294616 0.114003
vt 0.204984 0.218871
vt 0.089843 0.115299
vt 0.089711 0.218877
vt 0.039394 0.114138
vt 0.128704 0.219032
vt 0.244376 0.115271
vt 0.127862 0.115031
vt 0.206270 0.218964
vt 0.294609 0.114093
vt 0.309478 0.128263
vt 0.298906 0.243247
vt 0.063391 0.271572
vt 0.309269 0.128981
vt 0.091054 0.035390
vt 0.062621 0.270922
vt 0.387131 0.015995
vt 0.355935 0.320756
vt 0.345610 0.178190
vt 0.348995 0.178685
vt 0.377782 0.013204
vt 0.345785 0.318005
vt 0.346146 0.013204
vt 0.354561 0.013447
vt 0.345573 0.155977
vt 0.348995 0.155315
vt 0.386770 0.013204
vt 0.346204 0.178324
vt 0.355583 0.012540
vt 0.355268 0.321390
vt 0.386563 0.156006
vt 0.386470 0.012573
vt 0.348995 0.322000
vt 0.050280 0.987536
vt 0.012449 0.678464
vt 0.050277 0.678357
vt 0.034566 0.987537
vt 0.028163 0.678464
vt 0.034563 0.678394
vt 0.012332 0.836191
vt 0.050397 0.829810
vt 0.050269 0.836317
vt 0.034562 0.678394
vt 0.028166 0.678394
vt 0.012449 0.987536
vt 0.050280 0.678464
vt 0.012373 0.678428
vt 0.012332 0.829810
vt 0.012393 0.836191
vt 0.052325 0.012775
vt 0.014771 0.320347
vt 0.014715 0.013435
vt 0.053359 0.320309
vt 0.015563 0.013409
vt 0.053359 0.013482
vt 0.013361 0.187139
vt 0.054202 0.146708
vt 0.054251 0.187546
vt 0.054331 0.013997
vt 0.013984 0.320085
vt 0.013925 0.013523
vt 0.054000 0.187457
vt 0.013911 0.146543
vt 0.013929 0.187656
vt 0.244201 0.218223
vt 0.128907 0.115287
vt 0.244436 0.115069
vt 0.294609 0.219907
vt 0.206014 0.115002
vt 0.294606 0.114138
vt 0.127967 0.219055
vt 0.089786 0.115294
vt 0.039394 0.114138
vt 0.128899 0.218934
vt 0.244028 0.115002
vt 0.127643 0.115158
vt 0.064842 0.219190
vt 0.127792 0.115046
vt 0.039374 0.113865
vt 0.063232 0.271570
vt 0.128593 0.024856
vt 0.298447 0.242989
vt 0.206161 0.218958
vt 0.269163 0.114567
vt 0.309726 0.129128
vt 0.205336 0.024501
vt 0.090989 0.035413
vt 0.064828 0.219108
vt 0.205186 0.115165
vt 0.064166 0.114882
vt 0.127816 0.218864
vt 0.089702 0.115235
vt 0.206309 0.114870
vt 0.294588 0.219623
vt 0.206277 0.115036
vt 0.294609 0.114093
vt 0.205189 0.218806
vt 0.089913 0.115451
vt 0.089563 0.218968
vt 0.039377 0.113906
vt 0.128774 0.219017
vt 0.244344 0.115123
vt 0.127834 0.114911
vt 0.206176 0.218951
vt 0.294626 0.113865
vt 0.309479 0.128461
vt 0.298768 0.243403
vt 0.063179 0.271358
vt 0.309076 0.205747
vt 0.091250 0.035253
vt 0.062716 0.270966
vt 0.064804 0.219172
vt 0.205188 0.115080
vt 0.064205 0.114776
vt 0.127654 0.218738
vt 0.089702 0.115235
vt 0.206130 0.114870
vt 0.294570 0.219375
vt 0.206206 0.114968
vt 0.294609 0.114093
vt 0.205155 0.218862
vt 0.089800 0.115699
vt 0.089632 0.219132
vt 0.039377 0.113906
vt 0.128727 0.218977
vt 0.244298 0.115235
vt 0.127834 0.114911
vt 0.206355 0.218842
vt 0.294626 0.113865
vt 0.309550 0.128343
vt 0.298768 0.243403
vt 0.063183 0.271376
vt 0.309076 0.205568
vt 0.091059 0.035317
vt 0.062512 0.270881
vt 0.077817 0.106148
vt 0.013284 0.082592
vt 0.017237 0.072921
vt 0.081165 0.155435
vt 0.018476 0.159087
vt 0.018566 0.147963
vt 0.014551 0.078080
vt 0.079873 0.099497
vt 0.018058 0.069557
vt 0.012717 0.156026
vt 0.074699 0.148500
vt 0.012866 0.145220
vt 0.075139 0.162367
vt 0.138175 0.147452
vt 0.073848 0.155434
vt 0.141762 0.130333
vt 0.075139 0.112548
vt 0.143210 0.120003
vt 0.080313 0.099674
vt 0.141709 0.148134
vt 0.080313 0.162368
vt 0.139173 0.141425
vt 0.079873 0.148501
vt 0.077195 0.105897
vt 0.139173 0.118796
vt 0.074699 0.112371
vt 0.137087 0.125366
vt 0.136674 0.140943
vt 0.206245 0.119356
vt 0.140711 0.154162
vt 0.207398 0.127693
vt 0.205341 0.121469
vt 0.143210 0.154644
vt 0.201279 0.116186
vt 0.197591 0.119337
vt 0.198495 0.133020
vt 0.136674 0.132435
vt 0.202557 0.113198
vt 0.259866 0.071103
vt 0.177190 0.070036
vt 0.213094 0.119356
vt 0.206512 0.122781
vt 0.205341 0.120592
vt 0.272394 0.098371
vt 0.263263 0.074503
vt 0.197591 0.110028
vt 0.252741 0.074532
vt 0.204738 0.106602
vt 0.178728 0.068408
vt 0.198156 0.110028
vt 0.262073 0.104841
vt 0.196438 0.125919
vt 0.198495 0.107915
vt 0.164889 0.047053
vt 0.192105 0.074565
vt 0.279277 0.042867
vt 0.249008 0.068408
vt 0.291023 0.040756
vt 0.262073 0.056354
vt 0.294555 0.047053
vt 0.318469 0.014955
vt 0.129359 0.024020
vt 0.263263 0.096339
vt 0.321054 0.048063
vt 0.282808 0.072425
vt 0.312761 0.040954
vt 0.306714 0.017073
vt 0.282808 0.049164
vt 0.122639 0.015330
vt 0.153310 0.042867
vt 0.176657 0.055816
vt 0.315732 0.054416
vt 0.258872 0.097838
vt 0.291023 0.088136
vt 0.797231 0.838696
vt 0.844763 0.827209
vt 0.796579 0.827317
vt 0.880949 0.838707
vt 0.913511 0.827261
vt 0.880931 0.827152
vt 0.914154 0.838648
vt 0.933743 0.827343
vt 0.933201 0.838769
vt 0.892520 0.827306
vt 0.891839 0.838802
vt 0.845492 0.827204
vt 0.844827 0.838627
vt 0.808730 0.827248
vt 0.808731 0.838772
vt 0.774164 0.827193
vt 0.773451 0.838650
vt 0.732787 0.827255
vt 0.942684 0.838828
vt 0.914153 0.827350
vt 0.942740 0.827364
vt 0.913489 0.838791
vt 0.869426 0.827317
vt 0.844784 0.838700
vt 0.821232 0.827284
vt 0.796552 0.838736
vt 0.774111 0.827257
vt 0.751846 0.838648
vt 0.732815 0.827263
vt 0.732795 0.838769
vt 0.751869 0.827307
vt 0.774139 0.838760
vt 0.785048 0.827320
vt 0.820508 0.827204
vt 0.821223 0.838700
vt 0.868798 0.827201
vt 0.892549 0.838650
vt 0.913490 0.827201
vt 0.933683 0.838769
vt 0.723316 0.838828
vt 0.751847 0.827350
vt 0.723260 0.827364
vt 0.752522 0.838840
vt 0.845490 0.838704
vt 0.715538 0.733086
vt 0.880793 0.685908
vt 0.986714 0.844785
vt 0.950435 0.733118
vt 0.683002 0.868692
vt 0.796702 0.982847
vt 0.559531 0.840452
vt 0.570451 0.825644
vt 0.535744 0.825567
vt 0.600124 0.825462
vt 0.600723 0.840492
vt 0.591183 0.825516
vt 0.591188 0.840465
vt 0.559523 0.825652
vt 0.558813 0.840537
vt 0.512524 0.825500
vt 0.511794 0.840418
vt 0.464233 0.825492
vt 0.440457 0.840501
vt 0.419533 0.825492
vt 0.399303 0.840501
vt 0.390269 0.825644
vt 0.609678 0.840535
vt 0.581152 0.825561
vt 0.609731 0.825644
vt 0.580461 0.840515
vt 0.536437 0.825489
vt 0.511746 0.840469
vt 0.488255 0.825568
vt 0.463558 0.840452
vt 0.441127 0.825578
vt 0.418835 0.840368
vt 0.399831 0.825580
vt 0.399825 0.840499
vt 0.418855 0.825580
vt 0.441187 0.840537
vt 0.452044 0.825661
vt 0.487476 0.825500
vt 0.488215 0.840418
vt 0.535776 0.825526
vt 0.559552 0.840432
vt 0.580467 0.825492
vt 0.600695 0.840501
vt 0.419534 0.840501
vt 0.440455 0.825531
vt 0.399281 0.825582
vt 0.464227 0.840383
vt 0.487499 0.825509
vt 0.547789 0.685919
vt 0.653725 0.844756
vt 0.559369 0.975350
vt 0.512525 0.840538
vt 0.609331 0.723669
vt 0.349998 0.868665
vt 0.487535 0.986774
vt 0.132593 0.839928
vt 0.167000 0.822621
vt 0.130273 0.826072
vt 0.203727 0.839928
vt 0.247781 0.822438
vt 0.203114 0.823432
vt 0.248957 0.839928
vt 0.269435 0.826072
vt 0.267558 0.843029
vt 0.237574 0.822263
vt 0.237574 0.843737
vt 0.203727 0.826072
vt 0.201407 0.839928
vt 0.154664 0.843499
vt 0.132593 0.826072
vt 0.106163 0.839928
vt 0.096426 0.822263
vt 0.066091 0.826072
vt 0.267909 0.839928
vt 0.258312 0.822014
vt 0.278041 0.826072
vt 0.237574 0.843737
vt 0.203114 0.842568
vt 0.167000 0.843379
vt 0.132593 0.826072
vt 0.118947 0.843616
vt 0.089521 0.823256
vt 0.084346 0.839928
vt 0.067001 0.826072
vt 0.057078 0.843737
vt 0.069765 0.822476
vt 0.082230 0.843529
vt 0.106163 0.826072
vt 0.109123 0.839928
vt 0.154664 0.822501
vt 0.174858 0.843848
vt 0.199043 0.823256
vt 0.203727 0.839928
vt 0.224877 0.826072
vt 0.249860 0.842122
vt 0.251770 0.822471
vt 0.276922 0.822263
vt 0.066177 0.842568
vt 0.075639 0.822216
vt 0.057078 0.822263
vt 0.096403 0.822384
vt 0.096400 0.843597
vt 0.040840 0.755708
vt 0.316830 0.868387
vt 0.223604 0.969697
vt 0.167000 0.843379
vt 0.204574 0.982892
vt 0.198199 0.977490
vt 0.167000 0.988000
vt 0.204574 0.844827
vt 0.204574 0.982892
vt 0.132456 0.982251
vt 0.247503 0.964896
vt 0.249232 0.844827
vt 0.280908 0.935841
vt 0.249232 0.963836
vt 0.291231 0.913109
vt 0.284500 0.933354
vt 0.267672 0.821173
vt 0.305106 0.903369
vt 0.303697 0.889604
vt 0.204574 0.844827
vt 0.204574 0.821173
vt 0.316892 0.870574
vt 0.316810 0.798340
vt 0.321032 0.820704
vt 0.307239 0.774918
vt 0.107867 0.844827
vt 0.129426 0.821173
vt 0.305106 0.762631
vt 0.293142 0.755681
vt 0.055959 0.839928
vt 0.075593 0.843597
vt 0.057398 0.844827
vt 0.276602 0.821173
vt 0.284228 0.732328
vt 0.257713 0.708144
vt 0.237369 0.694894
vt 0.266590 0.716395
vt 0.198199 0.688510
vt 0.204574 0.683108
vt 0.167000 0.678000
vt 0.129535 0.683996
vt 0.198199 0.688510
vt 0.119102 0.685586
vt 0.142857 0.680570
vt 0.088960 0.701199
vt 0.129426 0.821173
vt 0.086619 0.844827
vt 0.048362 0.733978
vt 0.079474 0.712596
vt 0.084945 0.702055
vt 0.057398 0.723398
vt 0.028418 0.773745
vt 0.036055 0.750945
vt 0.017108 0.795426
vt 0.108253 0.821173
vt 0.012968 0.820704
vt 0.017838 0.844740
vt 0.017838 0.821260
vt 0.012833 0.840824
vt 0.017108 0.870574
vt 0.225746 0.844827
vt 0.036055 0.915055
vt 0.040841 0.910292
vt 0.041602 0.924107
vt 0.025226 0.891841
vt 0.070924 0.945515
vt 0.057398 0.942602
vt 0.065471 0.949497
vt 0.076357 0.957760
vt 0.096631 0.971106
vt 0.129426 0.844827
vt 0.129426 0.821173
vt 0.237394 0.250915
vt 0.292895 0.083028
vt 0.236133 0.083256
vt 0.236130 0.250755
vt 0.191811 0.083007
vt 0.258468 0.083028
vt 0.142221 0.250894
vt 0.118913 0.083025
vt 0.075486 0.083215
vt 0.275094 0.251148
vt 0.191780 0.082852
vt 0.277063 0.085540
vt 0.190309 0.250991
vt 0.118888 0.083215
vt 0.118945 0.251222
vt 0.058875 0.083007
vt 0.075581 0.251171
vt 0.142294 0.083260
vt 0.075533 0.083025
vt 0.143647 0.250901
vt 0.215077 0.082949
vt 0.237443 0.251004
vt 0.258406 0.082778
vt 0.075486 0.250786
vt 0.142202 0.083161
vt 0.056900 0.085561
vt 0.016924 0.144003
vt 0.316903 0.142576
vt 0.236418 0.301749
vt 0.143727 0.251150
vt 0.274953 0.059999
vt 0.119577 0.021047
vt 0.017361 0.142615
vt 0.391032 0.853371
vt 0.500032 0.812469
vt 0.391251 0.812733
vt 0.500045 0.853618
vt 0.391032 0.812613
vt 0.500012 0.812460
vt 0.608968 0.853371
vt 0.499966 0.812452
vt 0.608727 0.812544
vt 0.500034 0.853548
vt 0.391842 0.812452
vt 0.391842 0.853548
vt 0.499962 0.853571
vt 0.608968 0.812798
vt 0.608025 0.853564
vt 0.608025 0.812418
vt 0.653467 0.833133
vt 0.499909 0.986661
vt 0.346287 0.832857
vt 0.500010 0.853562
vt 0.391081 0.724292
vt 0.345889 0.833158
vt 0.391434 0.941766
vt 0.319996 0.092437
vt 0.014351 0.020164
vt 0.317215 0.020589
vt 0.208802 0.092512
vt 0.123849 0.023042
vt 0.209216 0.020214
vt 0.014701 0.097658
vt 0.319299 0.015020
vt 0.319475 0.097925
vt 0.125198 0.092512
vt 0.210151 0.023042
vt 0.124784 0.020213
vt 0.014004 0.092437
vt 0.319649 0.020164
vt 0.016785 0.020589
vt 0.319047 0.097818
vt 0.014953 0.014860
vt 0.017363 0.098810
vt 0.015702 0.273274
vt 0.149210 0.060436
vt 0.016152 0.060409
vt 0.282609 0.273480
vt 0.149206 0.060238
vt 0.282413 0.060656
vt 0.149210 0.273563
vt 0.015702 0.060725
vt 0.073271 0.273479
vt 0.225078 0.060520
vt 0.073747 0.060617
vt 0.224546 0.273380
vt 0.073804 0.060620
vt 0.224577 0.060409
vt 0.148965 0.317955
vt 0.018441 0.091158
vt 0.280222 0.091703
vt 0.149206 0.273761
vt 0.282608 0.060520
vt 0.280222 0.242298
vt 0.148964 0.016045
vt 0.018441 0.242842
vt 0.015827 0.273704
vt 0.149004 0.060769
vt 0.016123 0.060517
vt 0.282629 0.273373
vt 0.149084 0.060599
vt 0.282253 0.060617
vt 0.149210 0.273563
vt 0.016225 0.060126
vt 0.073273 0.273582
vt 0.225080 0.060627
vt 0.073337 0.060217
vt 0.225081 0.273373
vt 0.073267 0.060725
vt 0.224521 0.059941
vt 0.018755 0.091355
vt 0.149532 0.014718
vt 0.280651 0.091477
vt 0.149466 0.273401
vt 0.282336 0.060003
vt 0.018137 0.091139
vt 0.018032 0.243099
vt 0.279717 0.242377
vt 0.015702 0.273274
vt 0.149047 0.059974
vt 0.016153 0.060656
vt 0.282397 0.273530
vt 0.149276 0.060170
vt 0.282252 0.060617
vt 0.148827 0.274065
vt 0.015907 0.060676
vt 0.073314 0.273259
vt 0.225074 0.060748
vt 0.073414 0.060682
vt 0.225049 0.273005
vt 0.073267 0.060725
vt 0.224919 0.060475
vt 0.149181 0.318102
vt 0.018259 0.091503
vt 0.280011 0.091704
vt 0.149307 0.274206
vt 0.282397 0.060469
vt 0.280011 0.242295
vt 0.149031 0.015834
vt 0.018345 0.242786
vt 0.015702 0.273274
vt 0.149053 0.060384
vt 0.016123 0.060517
vt 0.282421 0.273423
vt 0.149312 0.059891
vt 0.282479 0.060967
vt 0.149291 0.273574
vt 0.015721 0.060627
vt 0.073833 0.273691
vt 0.225080 0.060627
vt 0.073759 0.060517
vt 0.225042 0.273132
vt 0.073300 0.060995
vt 0.224911 0.060374
vt 0.018648 0.091482
vt 0.149633 0.014775
vt 0.280430 0.091476
vt 0.149312 0.274109
vt 0.282375 0.060368
vt 0.017699 0.091476
vt 0.018032 0.243099
vt 0.279689 0.242120
vt 0.015827 0.273704
vt 0.149258 0.060730
vt 0.016123 0.060517
vt 0.282505 0.273782
vt 0.149141 0.060669
vt 0.282413 0.060656
vt 0.148882 0.273268
vt 0.015970 0.060187
vt 0.073273 0.273582
vt 0.225080 0.060627
vt 0.073806 0.060126
vt 0.224536 0.273479
vt 0.073804 0.060620
vt 0.224521 0.059941
vt 0.018755 0.091355
vt 0.148926 0.014624
vt 0.280392 0.091448
vt 0.149208 0.273360
vt 0.282464 0.060035
vt 0.017915 0.091209
vt 0.018031 0.243099
vt 0.279672 0.242156
vt 0.016414 0.273844
vt 0.149201 0.060799
vt 0.016006 0.060444
vt 0.281884 0.274019
vt 0.149389 0.060165
vt 0.282594 0.060995
vt 0.149201 0.273201
vt 0.015936 0.060271
vt 0.073531 0.273530
vt 0.224818 0.060469
vt 0.074058 0.060155
vt 0.224830 0.273325
vt 0.073441 0.060967
vt 0.224869 0.060098
vt 0.149029 0.317984
vt 0.018527 0.091105
vt 0.279977 0.091217
vt 0.149136 0.273462
vt 0.281883 0.059980
vt 0.279976 0.242783
vt 0.149385 0.016046
vt 0.018527 0.242895
vt 0.015951 0.273733
vt 0.149004 0.060770
vt 0.016123 0.060517
vt 0.282505 0.273783
vt 0.149142 0.060669
vt 0.282413 0.060656
vt 0.148882 0.273268
vt 0.015970 0.060187
vt 0.073273 0.273582
vt 0.225080 0.060627
vt 0.073806 0.060126
vt 0.224536 0.273479
vt 0.073804 0.060620
vt 0.224521 0.059941
vt 0.018755 0.091355
vt 0.148926 0.014624
vt 0.280392 0.091448
vt 0.149142 0.273330
vt 0.282336 0.060004
vt 0.017915 0.091209
vt 0.018031 0.243099
vt 0.279717 0.242377
vt 0.149292 0.060426
vt 0.015960 0.060556
vt 0.282421 0.273423
vt 0.149312 0.059891
vt 0.282479 0.060967
vt 0.149053 0.273616
vt 0.224536 0.060521
vt 0.073300 0.060995
vt 0.224911 0.060374
vt 0.018755 0.091355
vt 0.149337 0.014697
vt 0.149312 0.274109
vt 0.282375 0.060368
vt 0.017920 0.242955
vt 0.279689 0.242120
vt 0.015907 0.273325
vt 0.149253 0.059935
vt 0.015923 0.060712
vt 0.282398 0.273530
vt 0.149082 0.059754
vt 0.282479 0.060967
vt 0.148827 0.274066
vt 0.015907 0.060676
vt 0.073314 0.273259
vt 0.225035 0.060740
vt 0.073414 0.060682
vt 0.225083 0.273274
vt 0.073300 0.060995
vt 0.224919 0.060475
vt 0.149031 0.318167
vt 0.018259 0.091503
vt 0.280011 0.091704
vt 0.149276 0.273830
vt 0.282398 0.060469
vt 0.280011 0.242295
vt 0.148945 0.015831
vt 0.018260 0.242497
vt 0.015827 0.273704
vt 0.149054 0.060384
vt 0.016123 0.060517
vt 0.282379 0.273813
vt 0.149286 0.060282
vt 0.282252 0.060617
vt 0.149004 0.273230
vt 0.015928 0.060577
vt 0.073273 0.273582
vt 0.225080 0.060627
vt 0.073422 0.060583
vt 0.225042 0.273132
vt 0.073267 0.060725
vt 0.224911 0.060374
vt 0.018755 0.091355
vt 0.149088 0.014695
vt 0.280434 0.091209
vt 0.149316 0.273788
vt 0.282376 0.060368
vt 0.017920 0.091477
vt 0.018031 0.243099
vt 0.279689 0.242120
vt 0.082975 0.237932
vt 0.193224 0.095804
vt 0.080594 0.095681
vt 0.197578 0.238245
vt 0.167000 0.095981
vt 0.253406 0.095681
vt 0.081195 0.095981
vt 0.277657 0.238074
vt 0.196480 0.095981
vt 0.277674 0.095981
vt 0.134913 0.238019
vt 0.079663 0.095762
vt 0.082974 0.238319
vt 0.136283 0.096108
vt 0.201299 0.238192
vt 0.226887 0.095926
vt 0.277503 0.095408
vt 0.254435 0.237863
vt 0.315240 0.194327
vt 0.251185 0.292195
vt 0.133870 0.021018
vt 0.083844 0.294272
vt 0.024189 0.200451
vt 0.163722 0.319166
vt 0.025239 0.220520
vt 0.193100 0.312338
vt 0.198358 0.019679
vt 0.379274 0.321329
vt 0.362236 0.012588
vt 0.379283 0.012571
vt 0.386578 0.321614
vt 0.373670 0.012532
vt 0.386577 0.012393
vt 0.362123 0.321443
vt 0.356492 0.012671
vt 0.349189 0.012393
vt 0.362243 0.321458
vt 0.379274 0.012570
vt 0.362121 0.012541
vt 0.349195 0.321524
vt 0.362104 0.012581
vt 0.349188 0.012376
vt 0.348488 0.178213
vt 0.362231 0.146065
vt 0.383198 0.182296
vt 0.362221 0.321454
vt 0.382902 0.012515
vt 0.356684 0.147633
vt 0.346907 0.161320
vt 0.362234 0.188002
vt 0.864830 0.321466
vt 0.862228 0.178548
vt 0.867451 0.178476
vt 0.862036 0.321448
vt 0.850949 0.178552
vt 0.870022 0.321469
vt 0.862221 0.178553
vt 0.870019 0.178503
vt 0.858991 0.321520
vt 0.850958 0.178476
vt 0.850943 0.321474
vt 0.856180 0.178556
vt 0.862222 0.321429
vt 0.867456 0.178520
vt 0.850937 0.321396
vt 0.856187 0.178553
vt 0.848397 0.178447
vt 0.873681 0.256585
vt 0.864718 0.281004
vt 0.846903 0.230880
vt 0.873624 0.256971
vt 0.862160 0.215994
vt 0.844797 0.243030
vt 0.138544 0.196909
vt 0.195510 0.137332
vt 0.081150 0.137462
vt 0.250715 0.196768
vt 0.167000 0.137200
vt 0.252840 0.137116
vt 0.135942 0.196542
vt 0.083361 0.137083
vt 0.250760 0.196677
vt 0.198045 0.137239
vt 0.277005 0.137200
vt 0.135930 0.196960
vt 0.083272 0.137481
vt 0.083293 0.196817
vt 0.107428 0.137432
vt 0.195439 0.137102
vt 0.198058 0.196542
vt 0.277007 0.137206
vt 0.226534 0.196800
vt 0.040825 0.084289
vt 0.249657 0.041110
vt 0.293279 0.249760
vt 0.084212 0.040872
vt 0.025108 0.108226
vt 0.082303 0.291508
vt 0.138544 0.196908
vt 0.195496 0.137245
vt 0.081150 0.137462
vt 0.250715 0.196768
vt 0.167000 0.137200
vt 0.252840 0.137116
vt 0.135942 0.196542
vt 0.083361 0.137083
vt 0.250760 0.196677
vt 0.198045 0.137239
vt 0.277005 0.137200
vt 0.135930 0.196960
vt 0.083293 0.137410
vt 0.083267 0.196730
vt 0.107428 0.137432
vt 0.195439 0.137102
vt 0.198058 0.196542
vt 0.226534 0.196800
vt 0.040856 0.084320
vt 0.249657 0.041111
vt 0.293280 0.249760
vt 0.084165 0.040825
vt 0.025108 0.108226
vt 0.082303 0.291507
vt 0.353639 0.321716
vt 0.349052 0.012318
vt 0.363070 0.012277
vt 0.353698 0.321720
vt 0.353702 0.012273
vt 0.363126 0.012284
vt 0.363119 0.321705
vt 0.367712 0.012309
vt 0.363053 0.321717
vt 0.353645 0.012288
vt 0.363098 0.155814
vt 0.347193 0.162259
vt 0.353680 0.178199
vt 0.362885 0.321727
vt 0.349047 0.012309
vt 0.363061 0.012262
vt 0.362935 0.321703
vt 0.353712 0.012268
vt 0.363107 0.012298
vt 0.353892 0.321745
vt 0.367707 0.012318
vt 0.353796 0.321710
vt 0.353631 0.012292
vt 0.363078 0.155799
vt 0.347185 0.162283
vt 0.353653 0.178187
vt 0.353669 0.321728
vt 0.349047 0.012309
vt 0.363064 0.012276
vt 0.353699 0.321703
vt 0.353690 0.012277
vt 0.363114 0.012288
vt 0.363126 0.321709
vt 0.367707 0.012318
vt 0.363052 0.321723
vt 0.353633 0.012284
vt 0.363079 0.155801
vt 0.347180 0.162281
vt 0.353661 0.178186
vt 0.353639 0.321716
vt 0.349107 0.012294
vt 0.363069 0.012277
vt 0.353707 0.321723
vt 0.353690 0.012277
vt 0.363116 0.012294
vt 0.363120 0.321716
vt 0.367707 0.012318
vt 0.363053 0.321716
vt 0.353625 0.012281
vt 0.363073 0.155806
vt 0.347180 0.162280
vt 0.353652 0.178186
vt 0.751903 0.988000
vt 0.731715 0.975469
vt 0.754705 0.983456
vt 0.747969 0.863855
vt 0.728888 0.839530
vt 0.751903 0.860769
vt 0.722193 0.846783
vt 0.745207 0.868022
vt 0.731798 0.975469
vt 0.750205 0.988000
vt 0.753014 0.983456
vt 0.729017 0.846366
vt 0.748038 0.870636
vt 0.751973 0.867550
vt 0.754734 0.863382
vt 0.728888 0.979999
vt 0.713478 0.959680
vt 0.724944 0.842606
vt 0.709212 0.821354
vt 0.703545 0.826290
vt 0.714924 0.959641
vt 0.728966 0.979998
vt 0.705563 0.958523
vt 0.722246 0.975469
vt 0.725073 0.970939
vt 0.712790 0.831393
vt 0.725073 0.849442
vt 0.731768 0.842189
vt 0.721540 0.975469
vt 0.706246 0.958562
vt 0.724371 0.970939
vt 0.682856 0.845849
vt 0.709212 0.962678
vt 0.678000 0.845894
vt 0.708473 0.963261
vt 0.687904 0.845772
vt 0.712790 0.955413
vt 0.685415 0.845587
vt 0.684574 0.845614
vt 0.713575 0.955413
vt 0.703756 0.723579
vt 0.687863 0.845733
vt 0.707322 0.724183
vt 0.680085 0.845894
vt 0.700774 0.726628
vt 0.678364 0.845721
vt 0.710760 0.729855
vt 0.703432 0.727344
vt 0.679718 0.845733
vt 0.723122 0.697345
vt 0.710331 0.726301
vt 0.720911 0.695974
vt 0.711725 0.726628
vt 0.725300 0.697770
vt 0.705356 0.728978
vt 0.717181 0.701679
vt 0.710053 0.729855
vt 0.720957 0.705413
vt 0.722334 0.704988
vt 0.744719 0.678000
vt 0.726898 0.701078
vt 0.739260 0.863097
vt 0.723122 0.836042
vt 0.718713 0.838728
vt 0.716252 0.843117
vt 0.728820 0.701679
vt 0.747791 0.678426
vt 0.741341 0.684908
vt 0.725366 0.844540
vt 0.742532 0.869697
vt 0.720957 0.847227
vt 0.749403 0.862624
vt 0.727827 0.840151
vt 0.743622 0.684343
vt 0.718814 0.701078
vt 0.101231 0.988000
vt 0.084437 0.974161
vt 0.103389 0.985291
vt 0.062239 0.855187
vt 0.084654 0.840948
vt 0.065032 0.858859
vt 0.079187 0.974169
vt 0.060690 0.988000
vt 0.058506 0.985291
vt 0.080733 0.842382
vt 0.058120 0.856450
vt 0.059759 0.859314
vt 0.062463 0.861205
vt 0.080452 0.976672
vt 0.067046 0.957139
vt 0.096431 0.821526
vt 0.083019 0.838081
vt 0.080312 0.836193
vt 0.065883 0.954029
vt 0.080927 0.970151
vt 0.093631 0.828318
vt 0.077724 0.838556
vt 0.098192 0.954336
vt 0.082066 0.970151
vt 0.054115 0.823944
vt 0.071625 0.955107
vt 0.136449 0.823987
vt 0.099345 0.957408
vt 0.096431 0.956560
vt 0.131684 0.823967
vt 0.093550 0.954759
vt 0.070689 0.952457
vt 0.053519 0.823923
vt 0.131228 0.823910
vt 0.093631 0.952457
vt 0.062279 0.697355
vt 0.049192 0.823986
vt 0.097130 0.701525
vt 0.063020 0.702164
vt 0.048735 0.823967
vt 0.134345 0.823908
vt 0.098592 0.701307
vt 0.137652 0.823929
vt 0.101988 0.819907
vt 0.061629 0.825807
vt 0.102411 0.824831
vt 0.060224 0.684113
vt 0.100992 0.698131
vt 0.060025 0.827642
vt 0.096638 0.820649
vt 0.097059 0.825579
vt 0.061424 0.682591
vt 0.101918 0.698332
vt 0.013975 0.833700
vt 0.061767 0.830443
vt 0.013212 0.679079
vt 0.061382 0.679630
vt 0.012027 0.830224
vt 0.059888 0.823010
vt 0.012689 0.684731
vt 0.060273 0.687038
vt 0.471138 0.317564
vt 0.445215 0.016436
vt 0.469174 0.013976
vt 0.570646 0.318564
vt 0.345707 0.015436
vt 0.570482 0.016436
vt 0.445938 0.278379
vt 0.470265 0.055526
vt 0.468831 0.279065
vt 0.345707 0.318564
vt 0.569651 0.013758
vt 0.345872 0.016436
vt 0.445215 0.317564
vt 0.471138 0.016436
vt 0.446045 0.013356
vt 0.470706 0.012701
vt 0.469174 0.320024
vt 0.445647 0.321299
vt 0.445647 0.012701
vt 0.447179 0.320024
vt 0.470417 0.321364
vt 0.470415 0.278379
vt 0.445938 0.055621
vt 0.446075 0.278912
vt 0.836121 0.843592
vt 0.829879 0.822408
vt 0.836118 0.822304
vt 0.987818 0.843161
vt 0.678438 0.822408
vt 0.987559 0.822340
vt 0.829855 0.987538
vt 0.836235 0.678449
vt 0.835738 0.987714
vt 0.678438 0.843592
vt 0.987562 0.822408
vt 0.678441 0.822340
vt 0.829748 0.843590
vt 0.836121 0.822408
vt 0.829882 0.822304
vt 0.836235 0.987551
vt 0.829765 0.678449
vt 0.829890 0.987675
vt 0.987559 0.822340
vt 0.678441 0.822340
vt 0.829882 0.822304
vt 0.836235 0.987551
vt 0.829890 0.987675
vt 0.608594 0.320327
vt 0.346136 0.013684
vt 0.607503 0.013881
vt 0.489166 0.320327
vt 0.465101 0.015271
vt 0.489584 0.013668
vt 0.346199 0.178518
vt 0.609015 0.155482
vt 0.608554 0.178975
vt 0.466048 0.320327
vt 0.489349 0.013641
vt 0.465757 0.013640
vt 0.346621 0.320327
vt 0.608882 0.013640
vt 0.346324 0.013666
vt 0.608541 0.178559
vt 0.346531 0.155532
vt 0.346431 0.178619
vt 0.273102 0.321547
vt 0.012360 0.012444
vt 0.273099 0.012349
vt 0.145897 0.321547
vt 0.139644 0.012453
vt 0.145976 0.012444
vt 0.012324 0.170116
vt 0.273216 0.163884
vt 0.273092 0.170239
vt 0.139644 0.321547
vt 0.145893 0.012384
vt 0.139531 0.012451
vt 0.012438 0.321547
vt 0.273234 0.012456
vt 0.012364 0.012418
vt 0.273127 0.170102
vt 0.012453 0.163873
vt 0.012384 0.170116
vt 0.746250 0.507500
vt 0.503750 0.992500
vt 0.503750 0.507500
vt 0.447220 0.885659
vt 0.551880 0.780107
vt 0.392456 0.780325
vt 0.552897 0.885757
vt 0.447875 0.780308
vt 0.607350 0.780074
vt 0.447979 0.885637
vt 0.552865 0.780475
vt 0.552011 0.885780
vt 0.447152 0.780411
vt 0.369438 0.780189
vt 0.552957 0.702480
vt 0.630462 0.885990
vt 0.447220 0.885660
vt 0.552125 0.780216
vt 0.392316 0.780592
vt 0.553001 0.885504
vt 0.447772 0.780356
vt 0.607646 0.780260
vt 0.448037 0.885766
vt 0.552966 0.780306
vt 0.552095 0.885867
vt 0.447194 0.780406
vt 0.369586 0.780058
vt 0.553009 0.702328
vt 0.630357 0.886151
vt 0.369643 0.886150
vt 0.630414 0.780058
vt 0.446992 0.702327
vt 0.552102 0.885738
vt 0.392436 0.780444
vt 0.554113 0.780094
vt 0.552531 0.885691
vt 0.445930 0.780268
vt 0.554982 0.780547
vt 0.555070 0.885579
vt 0.607952 0.780407
vt 0.499821 0.984872
vt 0.370238 0.888095
vt 0.552925 0.702465
vt 0.499928 0.885647
vt 0.444828 0.780320
vt 0.552154 0.885737
vt 0.392060 0.780831
vt 0.554366 0.780073
vt 0.552770 0.885662
vt 0.445991 0.780306
vt 0.555046 0.780407
vt 0.555306 0.885591
vt 0.607894 0.780661
vt 0.499999 0.984864
vt 0.370308 0.888261
vt 0.552869 0.702521
vt 0.500115 0.886112
vt 0.444892 0.780559
vt 0.555037 0.703387
vt 0.370173 0.778112
vt 0.444965 0.962728
vt 0.346332 0.013640
vt 0.608891 0.013666
vt 0.489166 0.320327
vt 0.465866 0.013641
vt 0.489458 0.013640
vt 0.609015 0.155482
vt 0.608554 0.178975
vt 0.490113 0.015271
vt 0.465631 0.013668
vt 0.609079 0.013684
vt 0.347711 0.013881
vt 0.608684 0.178468
vt 0.346673 0.155441
vt 0.348039 0.179121
vt 0.012360 0.012444
vt 0.273099 0.012349
vt 0.145897 0.321547
vt 0.139644 0.012453
vt 0.145976 0.012444
vt 0.273216 0.163884
vt 0.273092 0.170239
vt 0.139644 0.321547
vt 0.145893 0.012384
vt 0.139531 0.012451
vt 0.012438 0.321547
vt 0.273234 0.012456
vt 0.012364 0.012418
vt 0.273127 0.170102
vt 0.012453 0.163873
vt 0.012384 0.170116
vt 0.447065 0.885566
vt 0.552037 0.780387
vt 0.392368 0.780146
vt 0.552408 0.885817
vt 0.447853 0.780262
vt 0.607632 0.780146
vt 0.447833 0.885641
vt 0.553013 0.780415
vt 0.551994 0.885796
vt 0.447120 0.780253
vt 0.369487 0.780060
vt 0.552762 0.702316
vt 0.630488 0.886023
vt 0.446975 0.885598
vt 0.552228 0.780356
vt 0.392355 0.780260
vt 0.607942 0.885168
vt 0.447809 0.780346
vt 0.607646 0.780260
vt 0.445740 0.885690
vt 0.552815 0.780249
vt 0.551972 0.885922
vt 0.447268 0.780237
vt 0.348123 0.832699
vt 0.445063 0.703099
vt 0.630411 0.885917
vt 0.369589 0.885917
vt 0.630459 0.780165
vt 0.446994 0.702243
vt 0.552069 0.885574
vt 0.392330 0.780336
vt 0.554239 0.780285
vt 0.552631 0.885676
vt 0.445610 0.780261
vt 0.555312 0.780364
vt 0.555128 0.885410
vt 0.608014 0.780244
vt 0.499999 0.984863
vt 0.370129 0.888056
vt 0.553024 0.702513
vt 0.500115 0.886112
vt 0.445174 0.780310
vt 0.391791 0.885259
vt 0.551946 0.780193
vt 0.391739 0.780926
vt 0.552770 0.885662
vt 0.447831 0.780363
vt 0.607956 0.780660
vt 0.393452 0.885396
vt 0.552928 0.780342
vt 0.552085 0.885845
vt 0.447282 0.780258
vt 0.499807 0.984765
vt 0.370100 0.887937
vt 0.447043 0.702438
vt 0.369335 0.886045
vt 0.552703 0.963608
vt 0.653297 0.108511
vt 0.346702 0.013758
vt 0.653285 0.013356
vt 0.512144 0.108511
vt 0.487856 0.013758
vt 0.512130 0.013495
vt 0.346260 0.073235
vt 0.653740 0.049034
vt 0.653255 0.073716
vt 0.487856 0.108511
vt 0.512144 0.013758
vt 0.487870 0.013495
vt 0.346702 0.108511
vt 0.653297 0.013758
vt 0.346715 0.013356
vt 0.653740 0.073235
vt 0.346260 0.049034
vt 0.346745 0.073716
vt 0.654773 0.770601
vt 0.345323 0.678334
vt 0.654674 0.678258
vt 0.502496 0.770284
vt 0.497693 0.678334
vt 0.502304 0.678284
vt 0.345334 0.726775
vt 0.654694 0.722180
vt 0.654394 0.726887
vt 0.497504 0.770284
vt 0.502307 0.678334
vt 0.497696 0.678284
vt 0.345266 0.770610
vt 0.654677 0.678334
vt 0.345326 0.678258
vt 0.654761 0.726767
vt 0.345239 0.722170
vt 0.345331 0.726858
vt 0.653297 0.108511
vt 0.346703 0.013758
vt 0.653285 0.013356
vt 0.512144 0.108511
vt 0.487856 0.013758
vt 0.512130 0.013495
vt 0.346260 0.073235
vt 0.653740 0.049034
vt 0.653255 0.073716
vt 0.512144 0.013758
vt 0.487870 0.013495
vt 0.346703 0.108511
vt 0.653297 0.013758
vt 0.346715 0.013356
vt 0.346260 0.049034
vt 0.654773 0.770601
vt 0.345323 0.678334
vt 0.654674 0.678258
vt 0.497693 0.678334
vt 0.345334 0.726775
vt 0.654694 0.722180
vt 0.654394 0.726888
vt 0.502307 0.678334
vt 0.497696 0.678284
vt 0.654677 0.678334
vt 0.345331 0.726858
vt 0.318874 0.174796
vt 0.015126 0.015228
vt 0.318851 0.014490
vt 0.218091 0.174796
vt 0.115909 0.015228
vt 0.218067 0.014745
vt 0.014313 0.146024
vt 0.319687 0.044000
vt 0.318797 0.146906
vt 0.115909 0.174796
vt 0.218091 0.015228
vt 0.115933 0.014745
vt 0.015126 0.174796
vt 0.318874 0.015228
vt 0.015149 0.014490
vt 0.319687 0.146024
vt 0.014313 0.044000
vt 0.015203 0.146906
vt 0.318874 0.174796
vt 0.015126 0.015228
vt 0.218091 0.174796
vt 0.115909 0.015228
vt 0.218067 0.014745
vt 0.014313 0.146024
vt 0.319687 0.044000
vt 0.318797 0.146906
vt 0.115909 0.174796
vt 0.218091 0.015228
vt 0.115933 0.014745
vt 0.015126 0.174796
vt 0.318874 0.015228
vt 0.015149 0.014490
vt 0.319687 0.146024
vt 0.014313 0.044000
vt 0.015203 0.146906
vt 0.171348 0.222308
vt 0.163477 0.110830
vt 0.171012 0.111000
vt 0.321571 0.222862
vt 0.012563 0.111133
vt 0.321433 0.111046
vt 0.163002 0.321437
vt 0.171160 0.013061
vt 0.171038 0.321480
vt 0.012563 0.222867
vt 0.321571 0.111138
vt 0.012967 0.110960
vt 0.162884 0.222879
vt 0.171016 0.111133
vt 0.162837 0.111140
vt 0.171163 0.321423
vt 0.162920 0.013116
vt 0.162962 0.321480
vt 0.345000 0.215796
vt 0.655000 0.118204
vt 0.345000 0.118204
vt 0.655000 0.215796
vt 0.557481 0.864378
vt 0.406450 0.834243
vt 0.557467 0.801082
vt 0.351282 0.757225
vt 0.481889 0.680507
vt 0.613437 0.757089
vt 0.350501 0.757090
vt 0.350505 0.909063
vt 0.612770 0.908525
vt 0.405998 0.864282
vt 0.557530 0.832259
vt 0.406449 0.801256
vt 0.351130 0.757536
vt 0.481543 0.680580
vt 0.613437 0.757090
vt 0.350501 0.757088
vt 0.350288 0.908777
vt 0.612770 0.908525
vt 0.557987 0.864279
vt 0.406450 0.834243
vt 0.557467 0.801082
vt 0.351183 0.757344
vt 0.481814 0.680645
vt 0.613437 0.757089
vt 0.350501 0.757090
vt 0.350505 0.909063
vt 0.612770 0.908526
vt 0.406474 0.864574
vt 0.557490 0.832133
vt 0.406449 0.801257
vt 0.351181 0.757343
vt 0.482125 0.680645
vt 0.613437 0.757090
vt 0.350501 0.757088
vt 0.350504 0.909063
vt 0.372842 0.143362
vt 0.345497 0.013814
vt 0.627158 0.143362
vt 0.373067 0.134130
vt 0.372732 0.144458
vt 0.626933 0.144899
vt 0.627514 0.135666
vt 0.626933 0.134130
vt 0.373067 0.144899
vt 0.372486 0.135666
vt 0.345657 0.012260
vt 0.012697 0.141118
vt 0.041096 0.141173
vt 0.012781 0.012272
vt 0.292904 0.141173
vt 0.321303 0.141118
vt 0.321632 0.012401
vt 0.678172 0.802796
vt 0.709628 0.802782
vt 0.678175 0.678127
vt 0.956372 0.802782
vt 0.987828 0.802796
vt 0.987825 0.678127
vt 0.345927 0.692487
vt 0.493356 0.692560
vt 0.346038 0.678872
vt 0.506600 0.692569
vt 0.012066 0.017818
vt 0.321922 0.015253
vt 0.058673 0.226558
vt 0.058923 0.226758
vt 0.275083 0.226609
vt 0.319030 0.166849
vt 0.221942 0.297261
vt 0.059202 0.274864
vt 0.036224 0.113871
vt 0.219995 0.035850
vt 0.297079 0.221950
vt 0.166948 0.227134
vt 0.059129 0.227013
vt 0.275083 0.226609
vt 0.319017 0.167127
vt 0.222225 0.297150
vt 0.059202 0.274863
vt 0.036224 0.113871
vt 0.220112 0.035982
vt 0.166854 0.013792
vt 0.219815 0.298002
vt 0.058630 0.226662
vt 0.059129 0.227013
vt 0.274895 0.226796
vt 0.319019 0.167258
vt 0.222016 0.297192
vt 0.058971 0.274636
vt 0.036152 0.114041
vt 0.220112 0.035982
vt 0.296932 0.222158
vt 0.493400 0.692569
vt 0.346038 0.678872
vt 0.506644 0.692560
vt 0.012109 0.017794
vt 0.321938 0.015115
vt 0.058799 0.226952
vt 0.275199 0.226988
vt 0.222218 0.297099
vt 0.037179 0.222048
vt 0.296584 0.112098
vt 0.111911 0.036763
vt 0.297042 0.222150
vt 0.058915 0.226554
vt 0.222278 0.227050
vt 0.222218 0.297098
vt 0.037145 0.222342
vt 0.167147 0.320208
vt 0.297061 0.221966
vt 0.058850 0.226793
vt 0.275146 0.226837
vt 0.222173 0.297162
vt 0.037303 0.222242
vt 0.296463 0.111901
vt 0.111960 0.036787
vt 0.297068 0.221890
vt 0.492694 0.841253
vt 0.345490 0.841340
vt 0.492827 0.678431
vt 0.654459 0.841351
vt 0.507306 0.841253
vt 0.507173 0.678431
vt 0.079489 0.842582
vt 0.013071 0.842300
vt 0.079512 0.678970
vt 0.320684 0.842475
vt 0.254511 0.842582
vt 0.254488 0.678970
vt 0.079489 0.842582
vt 0.013071 0.842300
vt 0.079512 0.678970
vt 0.320684 0.842475
vt 0.254511 0.842582
vt 0.254488 0.678970
vt 0.492694 0.841253
vt 0.345541 0.841351
vt 0.492827 0.678431
vt 0.654510 0.841340
vt 0.079489 0.842582
vt 0.013316 0.842475
vt 0.079512 0.678970
vt 0.320929 0.842300
vt 0.254511 0.842582
vt 0.254682 0.679338
vt 0.079489 0.842582
vt 0.013316 0.842475
vt 0.079512 0.678970
vt 0.254511 0.842582
vt 0.253378 0.678853
vt 0.350276 0.261926
vt 0.350276 0.261926
vt 0.646400 0.284674
vt 0.645903 0.021921
vt 0.347612 0.855680
vt 0.350972 0.680081
vt 0.652636 0.855625
vt 0.649028 0.680081
vt 0.722643 0.857745
vt 0.722643 0.857745
vt 0.863957 0.981018
vt 0.776475 0.967411
vt 0.707780 0.917887
vt 0.685749 0.804507
vt 0.802772 0.686273
vt 0.915741 0.707477
vt 0.828265 0.985072
vt 0.915568 0.958130
vt 0.833000 0.680439
vt 0.750432 0.707870
vt 0.685555 0.861355
vt 0.747948 0.958041
vt 0.980127 0.804778
vt 0.015391 0.230645
vt 0.224448 0.230563
vt 0.072589 0.230591
vt 0.280915 0.243599
vt 0.016207 0.243128
vt 0.016960 0.090651
vt 0.281941 0.230319
vt 0.148777 0.319243
vt 0.280437 0.242875
vt 0.281002 0.090669
vt 0.354097 0.021921
vt 0.349927 0.050151
vt 0.345000 0.072074
vt 0.655000 0.072074
vt 0.645903 0.021921
vt 0.348210 0.856106
vt 0.347812 0.681067
vt 0.652636 0.855625
vt 0.649028 0.680080
vt 0.722547 0.857424
vt 0.943453 0.857424
vt 0.722547 0.857424
vt 0.966741 0.889347
vt 0.917933 0.958329
vt 0.804522 0.980533
vt 0.915636 0.707650
vt 0.981137 0.801993
vt 0.725030 0.940970
vt 0.686060 0.863203
vt 0.707688 0.750423
vt 0.802772 0.685928
vt 0.751147 0.958606
vt 0.861422 0.981159
vt 0.833000 0.680087
vt 0.750330 0.707877
vt 0.980252 0.804778
vt 0.685874 0.861222
vt 0.015204 0.230379
vt 0.224449 0.230563
vt 0.072589 0.230591
vt 0.281002 0.243331
vt 0.016207 0.243128
vt 0.016790 0.090945
vt 0.282122 0.230275
vt 0.148777 0.319244
vt 0.280899 0.090494
vt 0.354097 0.021921
vt 0.649724 0.261926
vt 0.650073 0.050151
vt 0.347364 0.855625
vt 0.651790 0.856106
vt 0.943453 0.857424
vt 0.750364 0.958350
vt 0.684863 0.864007
vt 0.748067 0.707671
vt 0.861478 0.685467
vt 0.863228 0.980072
vt 0.940970 0.725030
vt 0.748965 0.957095
vt 0.833000 0.985913
vt 0.915670 0.958123
vt 0.804578 0.684841
vt 0.980126 0.804778
vt 0.685748 0.861223
vt 0.015204 0.230379
vt 0.224722 0.230510
vt 0.072866 0.230645
vt 0.281002 0.243331
vt 0.016398 0.243130
vt 0.016791 0.090945
vt 0.282123 0.230275
vt 0.148835 0.319066
vt 0.280619 0.242875
vt 0.280804 0.090363
vt 0.350276 0.261926
vt 0.354097 0.021921
vt 0.649724 0.261926
vt 0.353600 0.284674
vt 0.645903 0.021921
vt 0.347364 0.855625
vt 0.348264 0.680366
vt 0.652388 0.855680
vt 0.652188 0.681067
vt 0.943357 0.857745
vt 0.943357 0.857745
vt 0.802043 0.684981
vt 0.889525 0.698589
vt 0.958220 0.748113
vt 0.863228 0.979727
vt 0.750259 0.958523
vt 0.748965 0.957095
vt 0.833000 0.985561
vt 0.915568 0.958130
vt 0.980445 0.804645
vt 0.918052 0.707959
vt 0.750432 0.707870
vt 0.685874 0.861222
vt 0.015389 0.230424
vt 0.224722 0.230510
vt 0.072866 0.230645
vt 0.280804 0.243637
vt 0.016398 0.243130
vt 0.016868 0.090694
vt 0.281936 0.230563
vt 0.148647 0.319179
vt 0.280619 0.242875
vt 0.280804 0.090363
vt 0.528944 0.987580
vt 0.382028 0.987435
vt 0.369223 0.987602
vt 0.516159 0.987335
vt 0.432860 0.935207
vt 0.398468 0.923415
vt 0.468416 0.934800
vt 0.371165 0.900995
vt 0.358659 0.782418
vt 0.396369 0.743715
vt 0.369586 0.766297
vt 0.429706 0.731220
vt 0.465364 0.730783
vt 0.538272 0.780216
vt 0.550880 0.813664
vt 0.528610 0.899734
vt 0.501848 0.922213
vt 0.551287 0.849220
vt 0.467153 0.935499
vt 0.483436 0.930826
vt 0.449080 0.937080
vt 0.501120 0.923136
vt 0.514071 0.913544
vt 0.484677 0.930803
vt 0.528810 0.899901
vt 0.537851 0.886229
vt 0.515981 0.912730
vt 0.546883 0.868597
vt 0.553160 0.833000
vt 0.551287 0.816780
vt 0.546883 0.797403
vt 0.539495 0.782388
vt 0.515981 0.753270
vt 0.501822 0.743755
vt 0.528494 0.766363
vt 0.522256 0.759545
vt 0.484677 0.735197
vt 0.468454 0.731220
vt 0.449080 0.728920
vt 0.432657 0.730761
vt 0.413482 0.735197
vt 0.398519 0.742575
vt 0.382179 0.753270
vt 0.371051 0.765074
vt 0.358944 0.780960
vt 0.352057 0.796437
vt 0.346581 0.814927
vt 0.345644 0.831121
vt 0.351277 0.797403
vt 0.351277 0.868597
vt 0.358659 0.883582
vt 0.346884 0.851020
vt 0.369350 0.899901
vt 0.358944 0.885040
vt 0.397040 0.923136
vt 0.412486 0.929999
vt 0.382179 0.912730
vt 0.431007 0.935499
vt 0.413482 0.930803
vt 0.596641 0.864667
vt 0.403359 0.864667
vt 0.347206 0.813421
vt 0.653612 0.182867
vt 0.640670 0.230698
vt 0.577200 0.177236
vt 0.610713 0.177236
vt 0.586473 0.156764
vt 0.534294 0.296554
vt 0.441461 0.177236
vt 0.400368 0.285737
vt 0.396946 0.177236
vt 0.396946 0.156764
vt 0.400368 0.177236
vt 0.620829 0.109010
vt 0.645652 0.220013
vt 0.621364 0.223841
vt 0.586473 0.177236
vt 0.621985 0.167000
vt 0.537629 0.316775
vt 0.536127 0.296063
vt 0.464923 0.296344
vt 0.359860 0.231834
vt 0.359860 0.231834
vt 0.423132 0.177236
vt 0.513923 0.013218
vt 0.986161 0.274625
vt 0.977105 0.250749
vt 0.980340 0.250461
vt 0.972750 0.312354
vt 0.976909 0.304603
vt 0.952191 0.249674
vt 0.937895 0.305155
vt 0.936312 0.250749
vt 0.938303 0.304008
vt 0.936145 0.249251
vt 0.937853 0.250379
vt 0.934672 0.249625
vt 0.934079 0.250326
vt 0.928088 0.262243
vt 0.938355 0.249717
vt 0.934111 0.250028
vt 0.942503 0.188682
vt 0.967932 0.182342
vt 0.972750 0.187646
vt 0.976665 0.249539
vt 0.980517 0.204408
vt 0.980907 0.250428
vt 0.987537 0.237497
vt 0.243868 0.510236
vt 0.277564 0.510236
vt 0.276185 0.489764
vt 0.253473 0.603054
vt 0.244500 0.634234
vt 0.206514 0.649270
vt 0.193915 0.510236
vt 0.056287 0.510236
vt 0.063946 0.510236
vt 0.048263 0.599632
vt 0.244500 0.510236
vt 0.014355 0.473085
vt 0.067368 0.489764
vt 0.190360 0.367516
vt 0.232491 0.360166
vt 0.259618 0.500000
vt 0.277894 0.392525
vt 0.270054 0.489764
vt 0.653673 0.151829
vt 0.610564 0.177236
vt 0.609185 0.156764
vt 0.577500 0.301234
vt 0.389287 0.177236
vt 0.577500 0.177236
vt 0.463287 0.177236
vt 0.486800 0.013155
vt 0.603054 0.156764
vt 0.613200 0.167000
vt 0.618737 0.156764
vt 0.586585 0.156764
vt 0.422948 0.276650
vt 0.389287 0.177236
vt 0.367516 0.143640
vt 0.533244 0.037165
vt 0.563698 0.026330
vt 0.609367 0.057998
vt 0.057095 0.849132
vt 0.039875 0.920230
vt 0.023722 0.776189
vt 0.038851 0.747374
vt 0.079749 0.705909
vt 0.194723 0.681399
vt 0.249786 0.703353
vt 0.294091 0.745749
vt 0.295483 0.918850
vt 0.254475 0.959741
vt 0.226101 0.975682
vt 0.253113 0.961878
vt 0.226316 0.976201
vt 0.276602 0.942602
vt 0.317889 0.864857
vt 0.319022 0.863239
vt 0.321438 0.833000
vt 0.254475 0.706259
vt 0.226316 0.689799
vt 0.139233 0.681392
vt 0.107899 0.690318
vt 0.080887 0.704122
vt 0.107684 0.689799
vt 0.057398 0.723398
vt 0.015322 0.861182
vt 0.038122 0.919113
vt 0.024318 0.892101
vt 0.023799 0.892316
vt 0.057398 0.942602
vt 0.194767 0.984608
vt 0.081177 0.628443
vt 0.015292 0.471864
vt 0.024726 0.441068
vt 0.136881 0.348582
vt 0.254265 0.627150
vt 0.197239 0.652022
vt 0.223817 0.643322
vt 0.253113 0.628878
vt 0.226316 0.643201
vt 0.276602 0.609602
vt 0.317901 0.531912
vt 0.319022 0.469761
vt 0.321385 0.500000
vt 0.322000 0.500000
vt 0.254265 0.372850
vt 0.167000 0.345000
vt 0.080887 0.371122
vt 0.014978 0.530239
vt 0.023678 0.556817
vt 0.012523 0.500000
vt 0.012000 0.500000
vt 0.038122 0.586113
vt 0.055797 0.606500
vt 0.080887 0.628878
vt 0.057398 0.609602
vt 0.489787 0.320933
vt 0.581576 0.321222
vt 0.409138 0.321094
vt 0.387140 0.321094
vt 0.409170 0.321231
vt 0.463584 0.306818
vt 0.422141 0.293992
vt 0.378295 0.258038
vt 0.351980 0.208380
vt 0.356030 0.113500
vt 0.378218 0.076214
vt 0.409671 0.047098
vt 0.608581 0.085508
vt 0.571296 0.285768
vt 0.346695 0.153289
vt 0.489787 0.311787
vt 0.545194 0.300765
vt 0.634573 0.167000
vt 0.398563 0.055465
vt 0.371356 0.085267
vt 0.434077 0.035076
vt 0.409347 0.287386
vt 0.379096 0.258906
vt 0.543210 0.300856
vt 0.623543 0.113532
vt 0.601330 0.076025
vt 0.557861 0.040453
vt 0.476233 0.023765
vt 0.346552 0.180554
vt 0.358255 0.222774
vt 0.509820 0.884414
vt 0.594347 0.884473
vt 0.628424 0.919097
vt 0.586103 0.884388
vt 0.479775 0.884367
vt 0.405647 0.884512
vt 0.549947 0.783795
vt 0.586140 0.704582
vt 0.470063 0.884465
vt 0.405662 0.884426
vt 0.384050 0.730880
vt 0.405657 0.884455
vt 0.489650 0.884388
vt 0.594338 0.884425
vt 0.383441 0.934337
vt 0.413865 0.884447
vt 0.509818 0.987313
vt 0.479778 0.986602
vt 0.450076 0.979328
vt 0.361472 0.901607
vt 0.348355 0.862890
vt 0.353554 0.783386
vt 0.365848 0.755547
vt 0.405676 0.710074
vt 0.432177 0.694061
vt 0.646462 0.783402
vt 0.653619 0.812776
vt 0.654253 0.843350
vt 0.646406 0.882439
vt 0.345747 0.822650
vt 0.510376 0.678731
vt 0.549922 0.686679
vt 0.634154 0.755546
vt 0.568495 0.971629
vt 0.527420 0.896773
vt 0.532436 0.771451
vt 0.430087 0.828418
vt 0.433043 0.851555
vt 0.435815 0.807288
vt 0.509743 0.764031
vt 0.487586 0.764263
vt 0.485714 0.901340
vt 0.397769 0.174071
vt 0.594434 0.174079
vt 0.405558 0.174046
vt 0.440631 0.174046
vt 0.530921 0.318461
vt 0.489517 0.321101
vt 0.361583 0.235728
vt 0.350877 0.208322
vt 0.384031 0.268997
vt 0.345890 0.177337
vt 0.348320 0.137235
vt 0.356503 0.109182
vt 0.366015 0.089644
vt 0.404646 0.045169
vt 0.383512 0.065373
vt 0.431467 0.028584
vt 0.459947 0.017519
vt 0.489368 0.012794
vt 0.616011 0.064953
vt 0.651453 0.136647
vt 0.638416 0.098467
vt 0.609455 0.276455
vt 0.586245 0.295275
vt 0.450057 0.313147
vt 0.414413 0.295506
vt 0.654153 0.176867
vt 0.628554 0.252612
vt 0.377030 0.261358
vt 0.390923 0.276066
vt 0.361278 0.235195
vt 0.440684 0.310201
vt 0.460149 0.315684
vt 0.413961 0.295420
vt 0.490364 0.321287
vt 0.529300 0.318791
vt 0.559181 0.309875
vt 0.585480 0.295786
vt 0.646734 0.118686
vt 0.616361 0.065222
vt 0.585926 0.038781
vt 0.549863 0.020864
vt 0.490365 0.012713
vt 0.461259 0.017193
vt 0.431929 0.028447
vt 0.353858 0.117132
vt 0.346554 0.146798
vt 0.345713 0.176635
vt 0.351129 0.206890
vt 0.398344 0.050735
vt 0.031252 0.321190
vt 0.013035 0.321314
vt 0.012777 0.157778
vt 0.031254 0.157746
vt 0.013118 0.157713
vt 0.031412 0.320467
vt 0.012870 0.320328
vt 0.031298 0.176287
vt 0.030946 0.320745
vt 0.012826 0.157830
vt 0.031309 0.321102
vt 0.030333 0.157331
vt 0.030426 0.321083
vt 0.031012 0.321019
vt 0.012800 0.157828
vt 0.031023 0.158467
vt 0.031027 0.321314
vt 0.012811 0.321190
vt 0.012728 0.157981
vt 0.031252 0.321190
vt 0.031253 0.157779
vt 0.031398 0.321078
vt 0.030628 0.321208
vt 0.012809 0.157746
vt 0.030370 0.176406
vt 0.013342 0.321250
vt 0.012764 0.321094
vt 0.013051 0.157571
vt 0.031149 0.157642
vt 0.013290 0.321263
vt 0.012750 0.321083
vt 0.012691 0.176116
vt 0.031460 0.175336
vt 0.987697 0.257266
vt 0.965858 0.246615
vt 0.966726 0.246615
vt 0.980898 0.295645
vt 0.971758 0.313256
vt 0.939679 0.253385
vt 0.935933 0.253385
vt 0.937961 0.246615
vt 0.935933 0.246615
vt 0.934312 0.203752
vt 0.937961 0.203875
vt 0.951550 0.246615
vt 0.969172 0.246615
vt 0.979067 0.253385
vt 0.354773 0.318005
vt 0.378143 0.318005
vt 0.387131 0.318005
vt 0.345573 0.013447
vt 0.387344 0.013447
vt 0.378355 0.013447
vt 0.012452 0.987643
vt 0.028166 0.987606
vt 0.012460 0.829683
vt 0.034563 0.987606
vt 0.050277 0.987643
vt 0.050269 0.829683
vt 0.054835 0.318432
vt 0.013961 0.318649
vt 0.013930 0.146402
vt 0.054090 0.318733
vt 0.054222 0.146382
vt 0.127813 0.218954
vt 0.244266 0.219218
vt 0.039391 0.219907
vt 0.244553 0.218925
vt 0.294564 0.219284
vt 0.205639 0.309593
vt 0.024192 0.129209
vt 0.243510 0.034860
vt 0.309541 0.128487
vt 0.024478 0.128143
vt 0.034743 0.243265
vt 0.128669 0.309445
vt 0.271047 0.271321
vt 0.127816 0.218864
vt 0.039391 0.219907
vt 0.244625 0.218549
vt 0.294580 0.219512
vt 0.205730 0.309566
vt 0.024184 0.129290
vt 0.090499 0.034851
vt 0.204953 0.024430
vt 0.204839 0.309755
vt 0.299073 0.243592
vt 0.205764 0.024457
vt 0.024474 0.128340
vt 0.127639 0.218864
vt 0.039384 0.219997
vt 0.244624 0.218550
vt 0.294569 0.219362
vt 0.205866 0.309525
vt 0.024234 0.128995
vt 0.090916 0.034633
vt 0.204710 0.024399
vt 0.204935 0.309756
vt 0.299176 0.243405
vt 0.205763 0.024457
vt 0.024416 0.128349
vt 0.354773 0.318005
vt 0.378143 0.318005
vt 0.345733 0.321267
vt 0.345573 0.013447
vt 0.353988 0.015995
vt 0.377648 0.321390
vt 0.378355 0.013447
vt 0.012452 0.987643
vt 0.028166 0.987606
vt 0.012460 0.829683
vt 0.034563 0.987606
vt 0.050277 0.987643
vt 0.050269 0.829683
vt 0.054519 0.319871
vt 0.013264 0.319828
vt 0.013930 0.146402
vt 0.054226 0.320520
vt 0.053890 0.148028
vt 0.127813 0.218954
vt 0.244086 0.218968
vt 0.039391 0.219907
vt 0.244625 0.218549
vt 0.294564 0.219284
vt 0.205687 0.309602
vt 0.024140 0.129278
vt 0.243369 0.034812
vt 0.309541 0.128487
vt 0.024482 0.128100
vt 0.034633 0.243083
vt 0.128483 0.309445
vt 0.271123 0.271673
vt 0.244336 0.218451
vt 0.039384 0.219997
vt 0.244595 0.218300
vt 0.294580 0.219512
vt 0.205658 0.309527
vt 0.024225 0.129105
vt 0.090705 0.034769
vt 0.204970 0.024415
vt 0.204839 0.309755
vt 0.299175 0.090595
vt 0.205738 0.024444
vt 0.024480 0.128255
vt 0.244336 0.218451
vt 0.039391 0.219907
vt 0.244702 0.218049
vt 0.294580 0.219512
vt 0.205897 0.309519
vt 0.024184 0.129088
vt 0.090684 0.034745
vt 0.205045 0.024507
vt 0.204819 0.309809
vt 0.299175 0.090595
vt 0.205603 0.024441
vt 0.024480 0.128255
vt 0.206245 0.134275
vt 0.322000 0.021251
vt 0.310246 0.023369
vt 0.307660 0.047401
vt 0.732311 0.838769
vt 0.880948 0.838713
vt 0.857269 0.838772
vt 0.752728 0.964713
vt 0.715955 0.933382
vt 0.797332 0.983086
vt 0.690640 0.892375
vt 0.680298 0.857186
vt 0.679192 0.821253
vt 0.752098 0.701678
vt 0.796656 0.683098
vt 0.913265 0.701293
vt 0.950067 0.732592
vt 0.975360 0.773625
vt 0.985702 0.808814
vt 0.975614 0.891681
vt 0.950482 0.932921
vt 0.913902 0.964322
vt 0.880794 0.980096
vt 0.845458 0.986736
vt 0.690319 0.774276
vt 0.844754 0.679210
vt 0.844723 0.986791
vt 0.880792 0.980090
vt 0.913303 0.964729
vt 0.975629 0.774326
vt 0.985785 0.808801
vt 0.913914 0.701681
vt 0.869306 0.683129
vt 0.821273 0.679183
vt 0.774292 0.690426
vt 0.701644 0.752085
vt 0.685794 0.785170
vt 0.679316 0.820558
vt 0.701290 0.913281
vt 0.723663 0.942337
vt 0.752086 0.964319
vt 0.950072 0.933446
vt 0.975389 0.892352
vt 0.986684 0.845442
vt 0.733089 0.715467
vt 0.475737 0.840554
vt 0.547945 0.840428
vt 0.524268 0.840484
vt 0.390322 0.840535
vt 0.512500 0.986780
vt 0.464333 0.983044
vt 0.419743 0.964735
vt 0.382931 0.933439
vt 0.357616 0.892409
vt 0.347272 0.857190
vt 0.346252 0.821253
vt 0.357320 0.774317
vt 0.382494 0.733084
vt 0.419070 0.701673
vt 0.463665 0.683141
vt 0.511718 0.679161
vt 0.580255 0.701277
vt 0.617075 0.732553
vt 0.642361 0.773598
vt 0.652778 0.808802
vt 0.642680 0.891683
vt 0.625191 0.923957
vt 0.600513 0.950100
vt 0.599900 0.950577
vt 0.625100 0.923890
vt 0.570226 0.970826
vt 0.642337 0.892330
vt 0.653744 0.845484
vt 0.650046 0.797329
vt 0.631738 0.752728
vt 0.580931 0.701697
vt 0.536340 0.683106
vt 0.488293 0.679164
vt 0.441316 0.690423
vt 0.368661 0.752064
vt 0.352888 0.785200
vt 0.346256 0.820516
vt 0.368262 0.913272
vt 0.399603 0.950017
vt 0.440599 0.975391
vt 0.535659 0.983128
vt 0.400106 0.715454
vt 0.142698 0.843986
vt 0.134957 0.842744
vt 0.277265 0.842568
vt 0.322000 0.833000
vt 0.066328 0.821173
vt 0.292398 0.741893
vt 0.267354 0.844827
vt 0.204574 0.683108
vt 0.126199 0.980222
vt 0.294624 0.245876
vt 0.075590 0.251206
vt 0.056905 0.248463
vt 0.041126 0.251033
vt 0.143951 0.317290
vt 0.076796 0.291155
vt 0.058977 0.060122
vt 0.119538 0.020927
vt 0.190084 0.016720
vt 0.031866 0.236692
vt 0.273819 0.059264
vt 0.302689 0.235322
vt 0.316960 0.191571
vt 0.313073 0.119538
vt 0.291167 0.257213
vt 0.060123 0.058977
vt 0.021141 0.214392
vt 0.142601 0.316894
vt 0.059046 0.273923
vt 0.235368 0.302752
vt 0.191374 0.017256
vt 0.391271 0.853439
vt 0.608729 0.853439
vt 0.608912 0.942022
vt 0.390916 0.941861
vt 0.391292 0.724081
vt 0.500149 0.679115
vt 0.609084 0.724139
vt 0.500158 0.987111
vt 0.608861 0.941757
vt 0.653832 0.832905
vt 0.608708 0.724081
vt 0.499851 0.679115
vt 0.014336 0.092468
vt 0.125006 0.092515
vt 0.014525 0.014754
vt 0.208994 0.092515
vt 0.319664 0.092468
vt 0.316637 0.013868
vt 0.016152 0.273591
vt 0.224603 0.273383
vt 0.073772 0.273591
vt 0.280992 0.243293
vt 0.017116 0.242831
vt 0.149532 0.014718
vt 0.282413 0.273345
vt 0.149532 0.319282
vt 0.280991 0.090708
vt 0.017116 0.091168
vt 0.016179 0.273695
vt 0.224553 0.273795
vt 0.073759 0.273483
vt 0.280318 0.243100
vt 0.149406 0.318695
vt 0.017405 0.242856
vt 0.282226 0.273483
vt 0.149088 0.319304
vt 0.280876 0.090550
vt 0.148943 0.015306
vt 0.015923 0.273287
vt 0.224603 0.273382
vt 0.073430 0.273524
vt 0.281118 0.243078
vt 0.017116 0.242831
vt 0.148916 0.014726
vt 0.282480 0.273032
vt 0.149183 0.319205
vt 0.280876 0.090550
vt 0.017348 0.091167
vt 0.016012 0.273654
vt 0.224603 0.273383
vt 0.073422 0.273417
vt 0.280525 0.242743
vt 0.149182 0.318570
vt 0.017116 0.242831
vt 0.282453 0.273160
vt 0.149337 0.319303
vt 0.281116 0.090923
vt 0.149182 0.015430
vt 0.016179 0.273695
vt 0.224553 0.273795
vt 0.073806 0.273874
vt 0.280430 0.242955
vt 0.149095 0.318623
vt 0.017405 0.242855
vt 0.282389 0.273444
vt 0.149423 0.319376
vt 0.280991 0.090708
vt 0.149020 0.015522
vt 0.016006 0.273556
vt 0.224883 0.273729
vt 0.073480 0.273902
vt 0.280777 0.243510
vt 0.017431 0.243361
vt 0.149341 0.014845
vt 0.282394 0.273350
vt 0.149341 0.319155
vt 0.281031 0.090773
vt 0.017172 0.091088
vt 0.016179 0.273695
vt 0.224553 0.273793
vt 0.073806 0.273874
vt 0.280430 0.242955
vt 0.149020 0.318479
vt 0.017365 0.243109
vt 0.282389 0.273444
vt 0.149089 0.319304
vt 0.280991 0.090708
vt 0.149020 0.015522
vt 0.016180 0.273695
vt 0.149182 0.318570
vt 0.149633 0.319225
vt 0.149182 0.015431
vt 0.015923 0.273287
vt 0.224935 0.273319
vt 0.073430 0.273524
vt 0.280876 0.243451
vt 0.017348 0.242834
vt 0.148916 0.014726
vt 0.282253 0.273383
vt 0.149434 0.319273
vt 0.281117 0.090923
vt 0.016179 0.273695
vt 0.224553 0.273795
vt 0.073806 0.273874
vt 0.280525 0.242743
vt 0.149325 0.318648
vt 0.017405 0.242856
vt 0.282454 0.273160
vt 0.149337 0.319303
vt 0.280876 0.090550
vt 0.149023 0.015353
vt 0.167000 0.237386
vt 0.081297 0.238328
vt 0.226831 0.238424
vt 0.277863 0.237387
vt 0.040750 0.084134
vt 0.223403 0.030408
vt 0.292197 0.082444
vt 0.018040 0.136633
vt 0.082381 0.045655
vt 0.291872 0.251928
vt 0.318377 0.171190
vt 0.082072 0.291872
vt 0.293258 0.084788
vt 0.362086 0.321456
vt 0.379291 0.321478
vt 0.349187 0.321629
vt 0.379341 0.321342
vt 0.362281 0.188031
vt 0.346846 0.161413
vt 0.379142 0.147548
vt 0.388897 0.161308
vt 0.382960 0.321477
vt 0.348346 0.178299
vt 0.383267 0.182383
vt 0.388901 0.161388
vt 0.373536 0.146026
vt 0.850788 0.321483
vt 0.870044 0.321296
vt 0.851109 0.279025
vt 0.844764 0.257031
vt 0.858998 0.216364
vt 0.871418 0.230479
vt 0.856249 0.284006
vt 0.867316 0.279023
vt 0.851093 0.220977
vt 0.871524 0.230830
vt 0.846876 0.269188
vt 0.056918 0.196544
vt 0.277028 0.196725
vt 0.056973 0.196725
vt 0.225705 0.308727
vt 0.058409 0.275591
vt 0.138839 0.315288
vt 0.136212 0.019147
vt 0.019197 0.197768
vt 0.314803 0.136232
vt 0.291651 0.251965
vt 0.320404 0.167000
vt 0.197623 0.019300
vt 0.293276 0.084183
vt 0.018701 0.195136
vt 0.195147 0.315237
vt 0.056918 0.196544
vt 0.277028 0.196725
vt 0.056972 0.196725
vt 0.225705 0.308727
vt 0.058409 0.275591
vt 0.138839 0.315288
vt 0.136212 0.019147
vt 0.019197 0.197768
vt 0.314803 0.136232
vt 0.291651 0.251965
vt 0.320404 0.167000
vt 0.197623 0.019300
vt 0.293276 0.084182
vt 0.018701 0.195136
vt 0.195164 0.315279
vt 0.349076 0.321690
vt 0.367708 0.321670
vt 0.363115 0.178219
vt 0.347214 0.171710
vt 0.369539 0.162264
vt 0.353623 0.155795
vt 0.369574 0.171733
vt 0.349048 0.321689
vt 0.367682 0.321671
vt 0.369608 0.171569
vt 0.353791 0.178272
vt 0.347158 0.162443
vt 0.362954 0.155708
vt 0.369567 0.171730
vt 0.349076 0.321690
vt 0.367691 0.321718
vt 0.363128 0.178206
vt 0.347215 0.171717
vt 0.369542 0.162282
vt 0.353634 0.155788
vt 0.369575 0.171729
vt 0.349038 0.321667
vt 0.367721 0.321667
vt 0.363115 0.178219
vt 0.347216 0.171726
vt 0.369543 0.162274
vt 0.353631 0.155794
vt 0.369569 0.171729
vt 0.747177 0.980309
vt 0.744703 0.980307
vt 0.708238 0.833905
vt 0.714960 0.826676
vt 0.718713 0.695974
vt 0.725366 0.706783
vt 0.726723 0.706783
vt 0.748484 0.681745
vt 0.744719 0.858535
vt 0.751301 0.682348
vt 0.746938 0.867007
vt 0.098130 0.983449
vt 0.063163 0.983450
vt 0.099345 0.823240
vt 0.092391 0.825117
vt 0.096545 0.830032
vt 0.067202 0.697690
vt 0.067950 0.702502
vt 0.013514 0.829265
vt 0.012094 0.684178
vt 0.012494 0.834436
vt 0.013914 0.679250
vt 0.345872 0.317564
vt 0.447523 0.054935
vt 0.570482 0.317564
vt 0.346606 0.012636
vt 0.569747 0.321364
vt 0.569747 0.012636
vt 0.346421 0.321322
vt 0.468831 0.054935
vt 0.829882 0.843696
vt 0.678441 0.843660
vt 0.829890 0.678325
vt 0.987641 0.843602
vt 0.835827 0.843536
vt 0.836110 0.678325
vt 0.836110 0.678325
vt 0.346632 0.320709
vt 0.466061 0.320577
vt 0.346661 0.155025
vt 0.489154 0.320577
vt 0.608582 0.320709
vt 0.607176 0.154879
vt 0.012442 0.321651
vt 0.139647 0.321615
vt 0.012449 0.163761
vt 0.145894 0.321615
vt 0.273099 0.321651
vt 0.273092 0.163761
vt 0.746250 0.992500
vt 0.392355 0.885739
vt 0.608030 0.885642
vt 0.446889 0.963620
vt 0.552834 0.963765
vt 0.630292 0.780325
vt 0.369551 0.885611
vt 0.447185 0.702083
vt 0.392123 0.885452
vt 0.608029 0.885643
vt 0.446888 0.963620
vt 0.553111 0.963620
vt 0.392364 0.885740
vt 0.392005 0.885651
vt 0.393618 0.885973
vt 0.392007 0.724771
vt 0.630638 0.885948
vt 0.444955 0.962392
vt 0.629871 0.887981
vt 0.554603 0.703455
vt 0.370101 0.778010
vt 0.392059 0.885169
vt 0.392446 0.885534
vt 0.393452 0.885395
vt 0.391803 0.724721
vt 0.630612 0.886063
vt 0.629622 0.888366
vt 0.346661 0.155025
vt 0.489154 0.320577
vt 0.608582 0.320709
vt 0.608784 0.155381
vt 0.012442 0.321651
vt 0.139647 0.321615
vt 0.012449 0.163761
vt 0.273099 0.321651
vt 0.273092 0.163761
vt 0.392005 0.885651
vt 0.607367 0.885810
vt 0.446834 0.963504
vt 0.552668 0.964024
vt 0.630304 0.780466
vt 0.369654 0.885767
vt 0.447018 0.702101
vt 0.391887 0.885112
vt 0.499909 0.885751
vt 0.607645 0.885740
vt 0.608280 0.724803
vt 0.446868 0.963526
vt 0.553008 0.963673
vt 0.392106 0.885339
vt 0.392005 0.885651
vt 0.393941 0.886055
vt 0.391947 0.724662
vt 0.630657 0.886072
vt 0.445365 0.962536
vt 0.630011 0.887968
vt 0.555004 0.703573
vt 0.370168 0.777765
vt 0.500015 0.885731
vt 0.392446 0.885534
vt 0.554900 0.885587
vt 0.391803 0.724721
vt 0.630476 0.886166
vt 0.630483 0.779928
vt 0.346715 0.108914
vt 0.487870 0.108774
vt 0.346745 0.048553
vt 0.512130 0.108774
vt 0.653285 0.108914
vt 0.653255 0.048553
vt 0.345541 0.770562
vt 0.497635 0.770610
vt 0.345606 0.722049
vt 0.502390 0.770604
vt 0.654459 0.770562
vt 0.654669 0.722079
vt 0.346715 0.108914
vt 0.487870 0.108774
vt 0.346745 0.048553
vt 0.512130 0.108774
vt 0.653255 0.048553
vt 0.345541 0.770562
vt 0.497635 0.770610
vt 0.345606 0.722050
vt 0.502390 0.770604
vt 0.654459 0.770562
vt 0.654669 0.722079
vt 0.015149 0.175535
vt 0.115934 0.175279
vt 0.015203 0.043118
vt 0.218067 0.175279
vt 0.318851 0.175535
vt 0.318797 0.043118
vt 0.015149 0.175535
vt 0.115933 0.175279
vt 0.015203 0.043118
vt 0.218067 0.175279
vt 0.318851 0.175535
vt 0.318797 0.043118
vt 0.162988 0.223000
vt 0.012925 0.222774
vt 0.162998 0.012418
vt 0.321582 0.222869
vt 0.171163 0.222860
vt 0.171002 0.012418
vt 0.613434 0.909062
vt 0.481825 0.984726
vt 0.349989 0.909206
vt 0.481847 0.834062
vt 0.615256 0.864344
vt 0.615206 0.801141
vt 0.481814 0.985355
vt 0.613955 0.756624
vt 0.481825 0.681274
vt 0.481877 0.832120
vt 0.348669 0.864309
vt 0.348692 0.801313
vt 0.613433 0.909062
vt 0.481825 0.984725
vt 0.349989 0.909208
vt 0.481747 0.985287
vt 0.613848 0.756476
vt 0.482042 0.681140
vt 0.613329 0.909198
vt 0.482042 0.984860
vt 0.349989 0.909207
vt 0.481943 0.834077
vt 0.615104 0.864381
vt 0.615205 0.801141
vt 0.481814 0.985355
vt 0.613955 0.756624
vt 0.481825 0.681274
vt 0.481965 0.831937
vt 0.348729 0.864540
vt 0.348692 0.801313
vt 0.613329 0.909198
vt 0.482185 0.984926
vt 0.350026 0.908971
vt 0.482125 0.985355
vt 0.613956 0.756624
vt 0.481825 0.681275
s 0
usemtl factory
f 12/1/1 2/2/1 10/3/1
f 15/4/2 9/5/2 14/6/2
f 7/7/3 11/8/3 16/9/3
f 3/10/4 5/11/4 2/12/4
f 8/13/5 14/14/5 6/15/5
f 1/16/6 5/17/6 6/18/6
f 6/15/7 14/14/7 13/19/7
f 16/20/8 8/13/8 7/21/8
f 14/6/9 16/22/9 15/4/9
f 13/23/10 9/24/10 10/25/10
f 11/8/11 15/26/11 16/9/11
f 10/3/12 2/2/12 1/27/12
f 4/28/13 12/1/13 11/29/13
f 13/23/14 1/16/14 6/18/14
f 22/30/15 17/31/15 21/32/15
f 24/33/16 21/34/16 23/35/16
f 20/36/17 22/37/17 24/38/17
f 18/39/18 19/40/18 17/41/18
f 20/42/19 23/43/19 19/44/19
f 23/45/20 17/46/20 19/47/20
f 30/48/21 25/49/21 29/50/21
f 32/51/22 29/52/22 31/53/22
f 28/54/23 30/55/23 32/56/23
f 26/57/24 27/58/24 25/59/24
f 28/60/25 31/61/25 27/62/25
f 31/63/26 25/64/26 27/65/26
f 38/66/27 33/67/27 37/68/27
f 40/69/28 37/70/28 39/71/28
f 36/72/29 38/73/29 40/74/29
f 34/75/30 35/76/30 33/77/30
f 36/72/31 39/78/31 35/79/31
f 39/80/32 33/67/32 35/81/32
f 44/82/33 41/83/33 43/84/33
f 42/85/34 43/86/34 41/87/34
s 1
f 48/88/35 50/89/36 47/90/37
f 49/91/38 52/92/39 50/93/36
f 51/94/40 45/95/41 52/92/39
f 46/96/42 47/90/37 45/97/41
f 50/98/36 52/99/39 45/100/41
f 63/101/43 55/102/44 62/103/45
f 58/104/46 59/105/47 57/106/48
f 58/104/46 61/107/49 59/105/47
f 60/108/50 62/109/45 61/107/49
f 54/110/51 57/111/48 55/102/44
f 57/112/48 61/113/49 62/114/45
f 67/115/35 69/116/36 66/117/52
f 68/118/38 71/119/39 69/120/36
f 70/121/53 64/122/41 71/119/39
f 65/123/42 66/117/52 64/124/41
f 69/125/36 71/126/39 64/127/41
s 0
f 78/128/27 73/129/27 77/130/27
f 80/131/28 77/132/28 79/133/28
f 76/134/29 78/135/29 80/74/29
f 74/75/30 75/136/30 73/137/30
f 76/134/31 79/138/31 75/139/31
f 79/140/32 73/129/32 75/141/32
f 83/142/33 81/143/33 84/144/33
f 82/145/34 84/146/34 81/147/34
s 1
f 88/148/54 89/149/55 87/150/56
f 90/151/57 91/152/58 89/153/55
f 92/154/59 85/155/60 91/152/58
f 86/156/61 87/150/56 85/157/60
f 89/158/55 91/159/58 85/160/60
f 101/161/62 93/162/63 102/163/64
f 96/164/65 97/165/66 95/166/67
f 98/167/68 99/168/69 97/169/66
f 100/170/70 102/171/64 99/168/69
f 96/172/65 100/173/70 98/174/68
f 94/175/71 95/166/67 93/162/63
f 97/176/66 99/177/69 102/178/64
f 106/179/54 107/180/55 105/181/56
f 108/182/57 109/183/72 107/184/55
f 110/185/59 103/186/60 109/183/72
f 104/187/61 105/181/56 103/188/60
f 107/189/55 109/190/72 103/191/60
s 0
f 116/192/73 111/193/73 115/194/73
f 118/195/74 115/196/74 117/197/74
f 114/198/75 116/199/75 118/200/75
f 112/201/76 113/202/76 111/203/76
f 114/204/77 117/205/77 113/206/77
f 117/207/78 111/208/78 113/209/78
f 124/210/79 119/211/79 123/212/79
f 126/213/80 123/214/80 125/215/80
f 122/216/81 124/217/81 126/218/81
f 120/219/82 121/220/82 119/221/82
f 122/222/83 125/223/83 121/224/83
f 125/225/84 119/226/84 121/227/84
f 132/228/79 127/229/79 131/230/79
f 134/231/80 131/232/80 133/233/80
f 130/234/81 132/235/81 134/236/81
f 128/237/82 129/238/82 127/239/82
f 130/240/83 133/241/83 129/242/83
f 133/243/84 127/244/84 129/245/84
f 140/246/73 135/247/73 139/194/73
f 142/248/74 139/249/74 141/250/74
f 138/251/75 140/252/75 142/253/75
f 136/254/76 137/255/76 135/256/76
f 138/257/77 141/258/77 137/206/77
f 141/259/78 135/260/78 137/261/78
f 148/262/79 143/263/79 147/264/79
f 150/265/80 147/266/80 149/267/80
f 146/268/81 148/269/81 150/270/81
f 144/271/82 145/272/82 143/273/82
f 146/274/83 149/275/83 145/276/83
f 149/277/84 143/278/84 145/279/84
f 156/280/79 151/281/79 155/282/79
f 158/283/80 155/284/80 157/285/80
f 154/286/81 156/287/81 158/270/81
f 152/288/82 153/289/82 151/290/82
f 154/274/83 157/291/83 153/292/83
f 157/293/84 151/294/84 153/295/84
f 171/296/85 160/297/85 168/298/85
f 174/299/86 168/300/86 173/301/86
f 166/302/87 170/303/87 175/304/87
f 162/305/88 164/306/88 160/297/88
f 167/307/89 173/301/89 164/308/89
f 159/309/90 164/306/90 165/310/90
f 166/302/91 162/311/91 161/312/91
f 165/313/92 173/301/92 172/314/92
f 175/315/93 167/307/93 166/316/93
f 173/301/94 176/317/94 174/299/94
f 172/314/95 168/300/95 169/318/95
f 170/319/96 174/299/96 175/315/96
f 169/320/97 160/297/97 159/309/97
f 161/321/98 171/296/98 170/322/98
f 172/323/99 159/324/99 165/325/99
f 182/326/100 177/327/100 181/328/100
f 184/329/101 181/330/101 183/331/101
f 180/332/102 182/333/102 184/334/102
f 178/335/103 179/336/103 177/327/103
f 180/337/104 183/331/104 179/338/104
f 183/339/105 177/340/105 179/341/105
s 1
f 203/342/106 185/343/107 202/344/108
f 188/345/109 189/346/110 186/347/111
f 188/345/109 190/348/112 189/346/110
f 191/349/113 192/350/114 190/348/112
f 193/351/115 194/352/116 192/353/114
f 195/354/117 196/355/118 194/352/116
f 197/356/119 198/357/120 196/355/118
f 199/358/121 200/359/122 198/357/120
f 201/360/123 202/361/108 200/359/122
f 191/362/113 188/363/109 197/364/119
f 187/365/124 186/347/111 185/343/107
f 189/366/110 192/367/114 198/368/120
f 215/369/125 204/370/126 214/371/127
f 209/372/128 210/373/129 208/374/130
f 211/375/131 212/376/132 210/373/129
f 213/377/133 214/378/127 212/379/132
f 207/380/134 208/381/130 206/382/135
f 211/383/131 209/384/128 205/385/136
f 205/386/136 206/387/135 204/370/126
f 210/388/129 212/389/132 214/390/127
s 0
f 229/296/137 217/391/137 227/392/137
f 232/393/138 225/394/138 231/395/138
f 223/396/87 228/397/87 233/398/87
f 218/399/139 220/400/139 217/391/139
f 224/307/140 231/395/140 221/401/140
f 216/402/141 220/403/141 222/404/141
f 223/405/142 218/399/142 219/406/142
f 222/407/143 231/395/143 230/408/143
f 233/409/144 224/307/144 223/410/144
f 230/408/145 225/394/145 226/411/145
f 228/412/146 232/393/146 233/409/146
f 226/413/147 217/391/147 216/414/147
f 219/406/148 229/296/148 228/415/148
f 230/416/149 216/402/149 222/404/149
f 239/417/100 234/418/100 238/419/100
f 241/420/101 238/421/101 240/422/101
f 237/423/102 239/424/102 241/425/102
f 235/426/103 236/427/103 234/418/103
f 237/428/104 240/422/104 236/429/104
f 240/430/105 234/431/105 236/432/105
s 1
f 259/433/150 243/434/151 242/435/152
f 246/436/153 247/437/154 245/438/155
f 248/439/156 249/440/157 247/437/154
f 250/441/158 251/442/116 249/443/157
f 252/444/159 253/445/160 251/442/116
f 254/446/161 255/447/162 253/445/160
f 254/446/161 256/448/163 255/447/162
f 257/449/164 242/450/152 256/448/163
f 244/451/165 245/438/155 243/434/151
f 245/452/155 249/453/157 255/454/162
f 271/455/125 260/456/126 270/457/127
f 265/458/128 266/459/129 264/460/130
f 267/461/131 268/462/132 266/459/129
f 269/463/166 270/464/127 268/465/132
f 263/466/134 264/467/130 262/468/135
f 267/469/131 265/470/128 261/471/136
f 261/472/136 262/473/135 260/456/126
f 266/474/129 268/475/132 270/476/127
s 0
f 285/477/137 273/478/137 282/479/137
f 288/480/167 281/481/167 287/301/167
f 279/482/87 284/483/87 289/484/87
f 274/485/168 276/486/168 273/478/168
f 280/487/140 287/301/140 278/488/140
f 272/489/169 276/486/169 277/490/169
f 279/491/142 274/485/142 275/492/142
f 277/493/92 287/301/92 286/494/92
f 289/495/93 280/487/93 279/496/93
f 286/416/170 281/497/170 283/498/170
f 284/319/146 288/480/146 289/495/146
f 283/499/171 273/478/171 272/489/171
f 275/492/172 285/477/172 284/500/172
f 286/416/99 272/501/99 277/502/99
f 295/503/100 290/504/100 294/505/100
f 297/506/101 294/330/101 296/507/101
f 293/508/102 295/509/102 297/510/102
f 291/511/103 292/512/103 290/504/103
f 293/513/104 296/507/104 292/514/104
f 296/515/105 290/516/105 292/517/105
s 1
f 315/518/173 298/519/174 314/520/175
f 301/521/176 302/522/177 299/523/178
f 301/521/176 303/524/179 302/522/177
f 304/525/180 307/350/181 303/524/179
f 306/526/182 308/527/183 307/528/181
f 309/529/184 310/530/185 308/527/183
f 311/531/186 312/532/187 310/530/185
f 313/533/188 314/534/175 312/532/187
f 304/535/180 301/536/176 311/537/186
f 300/538/189 299/523/178 298/519/174
f 302/539/177 307/540/181 310/541/185
f 327/542/125 316/543/126 326/544/127
f 321/545/128 322/546/129 320/547/130
f 323/548/131 324/549/132 322/546/129
f 325/550/166 326/551/127 324/552/132
f 319/553/134 320/554/130 318/555/135
f 323/556/131 321/557/128 317/558/136
f 317/559/136 318/560/135 316/543/126
f 322/561/129 324/562/132 326/563/127
s 0
f 340/296/85 329/391/85 337/564/85
f 343/565/190 337/566/190 342/395/190
f 335/567/191 339/568/191 345/569/191
f 330/570/192 333/571/192 329/391/192
f 336/307/89 342/395/89 333/572/89
f 328/573/90 333/571/90 334/574/90
f 335/405/193 330/570/193 331/492/193
f 334/575/194 342/395/194 341/576/194
f 345/577/195 336/307/195 335/578/195
f 342/395/196 344/579/196 343/565/196
f 341/576/95 337/566/95 338/580/95
f 339/568/197 343/581/197 345/569/197
f 338/582/147 329/391/147 328/573/147
f 331/492/148 340/296/148 339/583/148
f 341/584/99 328/585/99 334/586/99
f 351/587/100 346/588/100 350/589/100
f 353/590/101 350/591/101 352/592/101
f 349/593/102 351/509/102 353/594/102
f 347/595/103 348/427/103 346/588/103
f 349/596/104 352/592/104 348/597/104
f 352/598/105 346/599/105 348/600/105
s 1
f 372/601/198 354/352/174 371/602/199
f 357/603/200 358/604/201 355/605/202
f 359/606/203 360/607/204 358/604/201
f 361/608/205 362/609/206 360/607/204
f 363/610/207 364/611/208 362/612/206
f 366/613/209 365/614/210 364/611/208
f 367/615/211 368/616/212 365/614/210
f 367/615/211 369/617/213 368/616/212
f 370/618/214 371/450/199 369/617/213
f 359/619/203 357/620/200 367/621/211
f 356/622/215 355/605/202 354/352/174
f 358/623/201 364/624/208 368/625/212
f 384/626/125 373/627/126 383/628/127
f 378/629/128 379/630/129 377/631/130
f 380/632/131 381/633/132 379/630/129
f 382/634/166 383/635/127 381/636/132
f 376/637/216 377/638/130 375/639/135
f 380/640/131 378/641/128 374/642/136
f 374/643/136 375/644/135 373/627/126
f 379/645/129 381/562/132 383/646/127
f 466/647/217 467/648/218 468/649/219
f 468/649/219 467/648/218 406/650/220
f 425/651/221 469/652/222 470/653/223
f 464/654/224 419/655/225 403/656/226
f 385/657/227 435/658/228 451/659/229
f 411/660/230 385/657/227 386/661/231
f 413/662/232 440/663/233 393/664/234
f 463/665/235 402/666/236 418/667/237
f 438/668/238 412/669/239 389/670/240
f 413/662/232 439/671/241 438/668/238
f 392/672/242 413/662/232 393/664/234
f 405/673/243 449/674/244 406/675/220
f 397/676/245 395/677/246 396/678/247
f 442/679/248 415/680/249 396/681/247
f 444/682/250 443/683/251 399/684/252
f 415/680/249 443/683/251 400/685/253
f 416/686/254 444/682/250 401/687/255
f 468/649/219 424/688/256 423/689/257
f 447/690/258 420/691/259 403/692/226
f 405/673/243 448/693/260 447/690/258
f 420/691/259 448/693/260 421/694/261
f 422/695/262 405/673/243 406/675/220
f 454/696/263 387/697/264 429/698/265
f 438/668/238 437/699/266 390/700/267
f 451/659/229 452/701/268 407/702/269
f 410/703/270 454/696/263 469/652/222
f 385/657/227 436/704/271 386/661/231
f 442/679/248 441/705/272 398/706/273
f 463/665/235 462/707/274 401/708/255
f 399/684/252 415/680/249 442/679/248
f 400/709/253 463/665/235 461/710/275
f 447/690/258 446/711/276 404/712/277
f 444/682/250 445/713/278 401/687/255
f 459/714/279 458/715/280 393/716/234
f 456/717/281 457/718/282 455/719/283
f 412/669/239 439/671/241 391/720/284
f 459/714/279 394/721/285 414/722/286
f 451/659/229 450/723/287 408/724/288
f 454/696/263 453/725/289 386/726/231
f 433/727/290 395/677/246 397/676/245
f 434/728/291 419/655/225 464/654/224
f 428/729/292 425/651/221 470/653/223
f 431/730/293 388/731/294 455/719/283
f 409/732/295 435/658/228 410/733/270
f 386/661/231 436/704/271 387/734/264
f 412/735/239 391/736/284 456/717/281
f 393/664/234 440/663/233 394/737/285
f 415/738/249 400/709/253 460/739/296
f 398/740/273 461/710/275 399/741/252
f 401/687/255 445/713/278 402/742/236
f 420/743/259 421/744/261 465/745/297
f 404/746/277 466/647/217 405/747/243
f 406/675/220 449/674/244 424/748/256
f 409/732/295 407/702/269 452/701/268
f 408/749/288 469/652/222 385/750/227
f 411/751/230 386/726/231 453/725/289
f 465/745/297 466/647/217 464/654/224
f 390/752/267 457/718/282 413/753/232
f 392/754/242 393/716/234 458/715/280
f 399/684/252 442/679/248 398/706/273
f 399/741/252 463/665/235 417/755/298
f 416/756/254 401/708/255 462/707/274
f 460/739/296 461/710/275 397/676/245
f 447/690/258 404/712/277 405/673/243
f 422/757/262 406/650/220 467/648/218
f 431/730/293 455/719/283 390/752/267
f 434/728/291 464/654/224 404/746/277
f 431/758/293 437/699/266 388/759/294
f 433/760/290 441/705/272 395/761/246
f 434/762/291 446/711/276 419/763/225
f 428/764/292 450/723/287 425/765/221
f 408/749/288 470/653/223 469/652/222
f 426/766/299 417/767/298 418/768/237
f 391/736/284 459/714/279 457/718/282
f 455/719/283 388/731/294 389/769/240
f 611/786/315 883/787/316 727/788/317
f 824/789/318 881/790/319 883/787/316
f 825/791/320 879/792/321 881/790/319
f 826/793/322 733/794/323 879/792/321
f 762/795/324 615/796/325 801/797/326
f 617/798/327 877/799/328 735/800/329
f 877/799/328 829/801/330 875/802/331
f 829/801/330 873/803/332 875/802/331
f 830/804/333 741/805/334 873/803/332
f 766/806/335 621/807/336 803/808/337
f 624/809/338 871/810/339 743/811/340
f 831/812/341 869/813/342 871/810/339
f 833/814/343 867/815/344 869/813/342
f 834/816/345 749/817/346 867/815/344
f 631/818/347 865/819/348 751/820/349
f 835/821/350 863/822/351 865/819/348
f 837/823/352 861/824/353 863/822/351
f 838/825/354 757/826/355 861/824/353
f 591/827/356 687/828/357 688/829/358
f 775/830/359 635/831/360 807/832/361
f 638/833/362 759/834/363 760/835/364
f 640/836/365 761/837/366 759/834/363
f 642/838/367 761/837/366 641/839/368
f 615/840/325 762/841/324 642/838/367
f 646/842/369 764/843/370 645/844/371
f 647/845/372 763/846/373 646/842/369
f 648/847/374 763/846/373 647/845/372
f 649/848/375 765/849/376 648/847/374
f 621/850/336 766/851/335 649/848/375
f 652/852/377 767/853/378 768/854/379
f 654/855/380 767/853/378 653/856/381
f 655/857/382 769/858/383 654/855/380
f 656/859/384 769/858/383 655/857/382
f 628/860/385 770/861/386 656/859/384
f 659/862/387 771/863/388 772/864/389
f 660/865/390 773/866/391 771/863/388
f 662/867/392 773/866/391 661/868/393
f 663/869/394 774/870/395 662/867/392
f 663/869/394 635/871/360 775/872/359
f 664/873/396 636/874/397 637/875/398
f 570/876/399 638/833/362 636/874/397
f 666/877/400 639/878/401 665/879/402
f 576/880/403 641/839/368 666/877/400
f 576/880/403 643/881/404 642/838/367
f 668/882/405 643/881/404 667/883/406
f 669/884/407 645/844/371 668/882/405
f 669/884/407 648/847/374 647/845/372
f 670/885/408 650/886/409 649/848/375
f 671/887/410 651/888/411 650/886/409
f 673/889/412 652/852/377 672/890/413
f 673/889/412 655/857/382 654/855/380
f 674/891/414 655/857/382 597/892/415
f 674/891/414 657/893/416 656/859/384
f 674/891/414 658/894/417 657/893/416
f 603/895/418 658/894/417 675/896/419
f 676/897/420 659/862/387 603/895/418
f 676/897/420 662/867/392 661/868/393
f 677/898/421 637/875/398 663/869/394
f 636/874/397 709/899/422 637/875/398
f 638/833/362 610/900/423 636/874/397
f 644/901/424 616/902/425 643/881/404
f 645/844/371 714/903/426 644/901/424
f 651/888/411 622/904/427 650/886/409
f 652/852/377 623/905/428 651/888/411
f 657/893/416 629/906/429 628/860/385
f 658/894/417 630/907/430 629/906/429
f 659/862/387 630/907/430 658/894/417
f 568/908/431 570/876/399 664/873/396
f 574/909/432 665/879/402 572/910/433
f 574/909/432 576/880/403 666/877/400
f 581/911/434 667/883/406 578/912/435
f 582/913/436 668/882/405 581/911/434
f 584/914/437 670/885/408 669/884/407
f 588/915/438 670/885/408 586/916/439
f 591/827/356 671/887/410 588/915/438
f 593/917/440 672/890/413 591/827/356
f 595/918/441 673/889/412 593/917/440
f 595/918/441 597/892/415 673/889/412
f 600/919/442 674/891/414 598/920/443
f 600/919/442 603/895/418 675/896/419
f 604/921/444 677/898/421 676/897/420
f 608/922/445 677/898/421 606/923/446
f 568/908/431 664/873/396 608/922/445
f 572/910/433 680/924/447 574/909/432
f 591/827/356 688/829/358 593/917/440
f 568/908/431 696/925/448 678/926/449
f 574/909/432 681/927/450 576/880/403
f 593/917/440 690/928/451 595/918/441
f 576/880/403 682/929/452 578/912/435
f 595/918/441 690/928/451 597/892/415
f 597/892/415 691/930/453 598/920/443
f 578/912/435 683/931/454 581/911/434
f 598/920/443 691/930/453 692/932/455
f 581/911/434 683/931/454 582/913/436
f 598/920/443 692/932/455 600/919/442
f 584/914/437 684/933/456 685/934/457
f 600/919/442 693/935/458 603/895/418
f 584/914/437 685/934/457 586/916/439
f 603/895/418 694/936/459 604/921/444
f 568/908/431 678/926/449 570/876/399
f 586/916/439 686/937/460 588/915/438
f 570/876/399 679/938/461 572/910/433
f 606/923/446 694/936/459 695/939/462
f 572/910/433 679/938/461 680/924/447
f 606/923/446 695/939/462 608/922/445
f 697/940/463 699/941/463 700/942/463
f 697/940/463 700/942/463 701/943/463
f 697/940/463 701/943/463 702/944/463
f 697/940/463 702/944/463 703/945/463
f 697/940/463 703/945/463 704/946/463
f 697/940/463 704/946/463 705/947/463
f 697/940/463 705/947/463 706/948/463
f 697/940/463 706/948/463 707/949/463
f 697/940/463 707/949/463 708/950/463
f 697/940/463 708/950/463 698/951/463
f 792/952/464 607/953/465 605/954/466
f 793/955/467 605/954/466 602/956/468
f 629/957/429 601/958/469 599/959/470
f 787/960/471 599/959/470 596/961/472
f 594/962/473 794/963/474 596/961/472
f 795/964/475 594/962/473 592/965/476
f 621/966/336 589/967/477 587/968/478
f 783/969/479 587/968/478 585/970/480
f 797/971/481 585/970/480 583/972/482
f 781/973/483 583/972/482 580/974/484
f 579/975/485 714/976/426 580/974/484
f 615/977/325 579/975/485 577/978/486
f 779/979/487 577/978/486 575/980/488
f 573/981/489 798/982/490 575/980/488
f 799/983/491 573/981/489 571/984/492
f 569/985/493 777/986/494 571/984/492
f 709/987/422 569/985/493 567/988/495
f 790/989/496 609/990/497 791/991/498
f 807/832/361 635/831/360 790/989/496
f 845/992/499 758/993/500 726/994/501
f 756/995/502 807/832/361 790/989/496
f 846/996/351 860/997/353 845/992/499
f 755/998/503 756/995/502 754/999/504
f 864/1000/505 846/996/351 847/1001/348
f 752/1002/506 847/1001/348 723/1003/349
f 788/1004/507 753/1005/508 754/999/504
f 630/1006/430 789/1007/509 601/1008/469
f 630/1006/430 806/1009/510 788/1004/507
f 848/1010/511 750/1011/512 722/1012/513
f 747/1013/514 786/1014/515 748/1015/516
f 868/1016/342 848/1010/511 849/1017/342
f 870/1018/517 849/1017/342 850/1019/339
f 745/1020/518 748/1015/516 746/1021/519
f 744/1022/520 850/1019/339 719/1023/340
f 804/1024/521 746/1021/519 784/1025/521
f 623/1026/428 785/1027/522 590/1028/523
f 622/1029/427 590/1028/523 589/1030/477
f 803/808/337 621/807/336 782/1031/524
f 872/1032/525 718/1033/526 851/1034/332
f 740/1035/527 782/1031/524 739/1036/528
f 874/1037/331 851/1034/332 852/1038/331
f 876/1039/529 852/1038/331 853/1040/328
f 738/1041/530 737/1042/531 739/1036/528
f 736/1043/532 853/1040/328 715/1044/329
f 802/1045/533 738/1041/530 780/1046/534
f 616/1047/425 714/1048/426 579/1049/485
f 801/797/326 615/796/325 778/1050/535
f 878/1051/536 713/1052/537 854/1053/321
f 731/1054/538 778/1050/535 732/1055/539
f 880/1056/319 854/1053/321 855/1057/319
f 731/1054/538 732/1055/539 730/1058/540
f 882/1059/541 855/1057/319 856/1060/316
f 728/1061/542 856/1060/316 710/1062/543
f 776/1063/544 729/1064/545 730/1058/540
f 610/1065/423 800/1066/546 776/1063/544
f 760/1067/364 759/1068/363 612/1069/547
f 613/1070/548 759/1068/363 761/1071/549
f 614/1072/550 761/1071/549 762/1073/551
f 828/1074/552 763/1075/553 618/1076/554
f 618/1076/554 765/1077/555 619/1078/556
f 620/1079/557 765/1077/555 766/1080/558
f 832/1081/559 767/1082/560 625/1083/561
f 625/1083/561 767/1082/560 769/1084/562
f 627/1085/563 769/1084/562 770/1086/564
f 836/1087/565 771/1088/566 632/1089/567
f 632/1089/567 771/1088/566 773/1090/568
f 632/1089/567 774/1091/569 633/1092/570
f 634/1093/571 774/1091/569 775/1094/572
f 710/1062/573 776/1095/574 839/1096/575
f 715/1044/576 780/1097/577 840/1098/578
f 719/1023/579 784/1099/580 841/1100/581
f 722/1012/582 786/1101/583 787/1102/584
f 723/1003/585 788/1103/586 843/1104/587
f 844/1105/588 791/1106/589 726/994/590
f 726/994/591 792/1107/592 725/1108/593
f 725/1108/593 793/1109/594 724/1110/595
f 723/1003/596 793/1109/594 789/1111/597
f 722/1012/598 794/1112/599 721/1113/600
f 721/1113/600 795/1114/601 720/1115/602
f 719/1023/603 795/1114/601 785/1116/604
f 783/1117/479 796/1118/605 717/1119/606
f 717/1119/606 797/1120/607 716/1121/608
f 715/1044/609 797/1120/607 781/1122/610
f 779/1123/487 798/1124/490 712/1125/611
f 712/1125/611 798/1124/490 799/1126/612
f 710/1062/613 799/1126/612 777/1127/614
f 735/800/576 764/1128/615 828/1074/616
f 620/1079/617 803/1129/618 857/1130/619
f 743/811/579 768/1131/620 832/1081/621
f 627/1085/622 805/1132/623 858/1133/624
f 751/820/585 772/1134/625 836/1087/626
f 634/1093/627 807/1135/628 859/1136/629
f 844/1137/630 756/1138/631 790/1139/463
f 859/1140/632 755/1141/633 809/1142/634
f 809/1142/634 755/1141/633 810/1143/635
f 843/1104/463 754/1144/636 811/1145/463
f 751/820/637 753/1146/638 806/1147/639
f 842/1148/463 748/1149/640 786/1150/463
f 858/1133/632 747/1151/641 813/1152/632
f 813/1152/632 747/1151/641 815/1153/642
f 814/1154/643 746/1155/644 748/1149/640
f 841/1100/645 746/1155/644 814/1154/643
f 743/811/646 745/1156/647 804/1157/648
f 742/1158/649 739/1159/650 782/1160/651
f 857/1161/632 740/1162/632 817/1163/632
f 817/1163/632 737/1164/652 819/1165/653
f 818/1166/654 738/1167/655 739/1159/650
f 840/1098/656 738/1167/655 818/1166/654
f 735/800/657 737/1164/652 802/1168/610
f 734/1169/658 732/1170/659 778/1171/660
f 801/1172/326 731/1173/538 821/1174/661
f 820/1175/662 730/1176/663 732/1170/659
f 821/1174/661 731/1173/538 823/1177/664
f 839/1096/665 730/1176/663 822/1178/666
f 727/788/667 729/1179/668 800/1180/669
f 611/786/670 612/1069/671 824/789/672
f 824/789/672 612/1069/671 825/791/673
f 825/791/673 613/1181/548 826/793/674
f 617/798/675 618/1076/676 827/1182/677
f 827/1182/677 618/1076/676 829/801/678
f 829/801/678 619/1183/556 830/804/679
f 624/809/680 625/1083/681 831/812/682
f 831/812/682 625/1083/681 833/814/683
f 833/814/683 626/1184/684 834/816/685
f 631/818/686 632/1089/687 835/821/688
f 835/821/688 632/1089/687 837/823/689
f 838/825/690 632/1089/687 633/1185/570
f 710/1062/573 839/1186/575 728/1061/691
f 713/1052/537 734/1169/692 779/1123/693
f 715/1044/576 840/1187/578 736/1043/694
f 718/1033/526 742/1158/695 783/1117/696
f 719/1023/579 841/1188/581 744/1022/697
f 723/1003/585 843/1189/587 752/1002/698
f 726/994/591 725/1190/593 845/992/699
f 846/996/700 725/1190/593 724/1110/595
f 722/1012/598 721/1191/600 848/1010/701
f 849/1017/702 721/1191/600 720/1115/602
f 718/1033/703 717/1119/704 851/1034/705
f 851/1034/705 717/1119/704 852/1038/706
f 852/1038/706 716/1192/608 853/1040/707
f 713/1052/708 712/1125/709 854/1053/710
f 854/1053/710 712/1125/709 855/1057/711
f 855/1057/711 711/1193/712 856/1060/713
f 611/786/315 727/788/317 760/1067/714
f 733/794/323 614/1072/715 801/1172/716
f 735/800/576 828/1194/616 617/798/717
f 620/1079/617 857/1195/619 741/805/718
f 743/811/579 832/1196/621 624/809/719
f 627/1085/622 858/1197/624 749/817/720
f 751/820/585 836/1198/626 631/818/721
f 634/1093/627 859/1199/629 757/826/722
f 758/993/723 808/1200/724 844/1201/725
f 757/826/726 809/1202/727 861/824/728
f 861/824/728 810/1143/635 863/822/729
f 864/1000/730 808/1200/724 862/1203/731
f 752/1002/732 811/1204/733 864/1000/730
f 750/1011/734 812/1205/735 842/1206/734
f 749/817/736 813/1207/737 867/815/738
f 868/1016/739 812/1205/735 866/1208/740
f 869/813/702 813/1207/737 815/1153/642
f 870/1018/741 814/1154/742 868/1016/739
f 744/1022/743 814/1154/742 870/1018/741
f 741/805/744 817/1209/745 873/803/746
f 874/1037/747 816/1210/748 872/1032/749
f 875/802/750 817/1209/745 819/1165/653
f 876/1039/751 818/1166/752 874/1037/747
f 736/1043/753 818/1166/752 876/1039/751
f 733/794/754 821/1211/755 879/792/756
f 880/1056/757 820/1212/662 878/1051/758
f 881/790/759 821/1211/755 823/1177/664
f 882/1059/760 822/1178/761 880/1056/757
f 881/790/759 823/1177/664 883/787/762
f 728/1061/763 822/1178/761 882/1059/760
f 894/1213/764 885/1214/765 884/1215/766
f 889/1216/767 890/1217/768 888/1218/769
f 891/1219/770 892/1220/771 890/1217/768
f 893/1221/772 894/1213/764 892/1220/771
f 886/1222/773 889/1216/767 888/1218/769
f 885/1214/765 893/1221/772 889/1216/767
f 885/1214/765 886/1222/773 884/1215/766
f 906/1223/774 896/1224/775 899/1225/776
f 897/1226/777 903/1227/778 898/1228/779
f 898/1228/779 905/1229/780 899/1225/776
f 901/1230/781 897/1226/777 896/1224/775
f 905/1229/780 903/1227/778 901/1230/781
f 917/1231/782 908/1232/783 907/1233/784
f 912/1234/785 913/1235/786 911/1236/787
f 914/1237/788 915/1220/789 913/1235/786
f 916/1238/790 917/1231/782 915/1220/789
f 909/1222/791 912/1234/785 911/1236/787
f 908/1232/783 916/1238/790 912/1234/785
f 908/1232/783 909/1222/791 907/1233/784
f 930/1239/792 919/1240/793 923/1225/794
f 920/1241/795 926/1242/796 921/1243/797
f 921/1243/797 928/1244/798 922/1245/799
f 922/1245/799 929/1229/800 923/1225/794
f 925/1230/801 920/1241/795 919/1240/793
f 929/1229/800 927/1227/802 925/1230/801
f 941/1231/803 932/1214/804 931/1246/805
f 936/1247/806 937/1248/807 935/1249/808
f 938/1250/809 939/1251/810 937/1248/807
f 940/1252/811 941/1231/803 939/1251/810
f 933/1222/812 936/1247/806 935/1249/808
f 932/1214/804 940/1252/811 936/1247/806
f 932/1214/804 933/1222/812 931/1246/805
f 954/1223/813 943/1240/814 947/1253/815
f 944/1226/816 951/1254/817 945/1255/818
f 945/1255/818 952/1256/819 946/1257/820
f 953/1258/821 947/1253/815 946/1257/820
f 949/1259/822 944/1226/816 943/1240/814
f 953/1258/821 951/1254/817 950/1260/823
f 965/1261/824 956/1262/825 955/1263/826
f 960/1264/827 961/1265/828 959/1218/829
f 962/1266/830 963/1267/831 961/1265/828
f 964/1268/832 965/1261/824 963/1267/831
f 957/1269/833 960/1264/827 959/1218/829
f 956/1262/825 964/1268/832 960/1264/827
f 955/1263/826 958/1270/834 957/1269/833
f 969/1271/835 975/1272/836 970/1255/837
f 970/1255/837 976/1256/838 971/1257/839
f 977/1258/840 967/1273/841 971/1257/839
f 972/1274/842 968/1275/843 967/1273/841
f 968/1275/843 973/1260/844 969/1271/835
f 977/1258/840 975/1272/836 973/1260/844
f 989/1231/845 980/1276/846 979/1277/847
f 984/1278/848 985/1217/849 983/1279/850
f 986/1280/851 987/1281/852 985/1217/849
f 988/1282/853 989/1231/845 987/1281/852
f 981/1283/854 984/1278/848 983/1279/850
f 980/1276/846 988/1282/853 984/1278/848
f 980/1276/846 981/1283/854 979/1277/847
f 1002/1223/855 991/1240/856 995/1284/857
f 992/1241/858 998/1285/859 993/1286/860
f 999/1287/861 994/1245/862 993/1286/860
f 1000/1288/863 995/1284/857 994/1245/862
f 997/1259/864 992/1241/858 991/1240/856
f 1001/1289/865 999/1287/861 998/1285/859
f 1013/1231/866 1004/1290/867 1003/1233/868
f 1008/1291/869 1009/1292/870 1007/1293/871
f 1010/1294/872 1011/1295/873 1009/1292/870
f 1012/1296/874 1013/1231/866 1011/1295/873
f 1005/1297/875 1008/1291/869 1007/1293/871
f 1004/1290/867 1012/1296/874 1008/1291/869
f 1004/1290/867 1005/1297/875 1003/1233/868
f 1026/1223/876 1015/1298/877 1019/1253/878
f 1016/1241/879 1022/1285/880 1017/1243/881
f 1017/1243/881 1024/1256/882 1018/1257/883
f 1025/1299/884 1019/1253/878 1018/1257/883
f 1021/1300/885 1016/1241/879 1015/1298/877
f 1025/1299/884 1023/1272/886 1022/1285/880
f 1037/1301/887 1028/1302/888 1027/1303/889
f 1032/1304/890 1033/1235/891 1031/1249/892
f 1034/1294/893 1035/1305/894 1033/1235/891
f 1036/1296/895 1037/1301/887 1035/1305/894
f 1029/1306/896 1032/1304/890 1031/1249/892
f 1028/1302/888 1036/1296/895 1032/1304/890
f 1028/1302/888 1029/1306/896 1027/1303/889
f 1040/1307/897 1045/1308/898 1041/1243/899
f 1041/1243/899 1047/1256/900 1042/1257/901
f 1048/1258/902 1039/1273/903 1042/1257/901
f 1043/1309/904 1040/1307/897 1039/1273/903
f 1048/1258/902 1046/1227/905 1044/1230/906
f 1060/1301/907 1051/1302/908 1050/1233/909
f 1055/1264/910 1056/1235/911 1054/1310/912
f 1057/1311/913 1058/1305/914 1056/1235/911
f 1059/1238/915 1060/1301/907 1058/1305/914
f 1052/1312/916 1055/1264/910 1054/1310/912
f 1051/1302/908 1059/1238/915 1055/1264/910
f 1051/1302/908 1052/1312/916 1050/1233/909
f 1072/1239/917 1062/1240/918 1065/1313/919
f 1063/1226/920 1069/1287/921 1064/1228/922
f 1064/1228/922 1071/1229/923 1065/1313/919
f 1067/1259/924 1063/1226/920 1062/1240/918
f 1071/1229/923 1069/1287/921 1068/1314/925
f 1084/1315/926 1073/1316/927 1083/1317/928
f 1078/1318/929 1079/1248/930 1077/1319/931
f 1080/1320/932 1081/1295/933 1079/1248/930
f 1082/1321/934 1083/1317/928 1081/1295/933
f 1075/1222/935 1078/1318/929 1077/1319/931
f 1074/1322/936 1082/1321/934 1078/1318/929
f 1074/1322/936 1075/1222/935 1073/1316/927
f 1095/1223/937 1085/1240/938 1088/1313/939
f 1086/1226/940 1092/1323/941 1087/1228/942
f 1087/1228/942 1094/1229/943 1088/1313/939
f 1090/1259/944 1086/1226/940 1085/1240/938
f 1094/1229/943 1092/1323/941 1091/1324/945
f 1106/1301/946 1097/1325/947 1096/1233/948
f 1101/1326/949 1102/1248/950 1100/1327/951
f 1103/1328/952 1104/1295/953 1102/1248/950
f 1105/1329/954 1106/1301/946 1104/1295/953
f 1098/1330/955 1101/1326/949 1100/1327/951
f 1097/1325/947 1105/1329/954 1101/1326/949
f 1097/1325/947 1098/1330/955 1096/1233/948
f 1109/1307/956 1114/1285/957 1110/1243/958
f 1110/1243/958 1116/1244/959 1111/1257/960
f 1117/1229/961 1108/1331/962 1111/1257/960
f 1112/1309/963 1109/1307/956 1108/1331/962
f 1117/1229/961 1115/1272/964 1114/1285/957
f 1129/1301/965 1120/1325/966 1119/1233/967
f 1124/1332/968 1125/1248/969 1123/1279/970
f 1126/1333/971 1127/1251/972 1125/1248/969
f 1128/1334/973 1129/1301/965 1127/1251/972
f 1121/1222/974 1124/1332/968 1123/1279/970
f 1120/1325/966 1128/1334/973 1124/1332/968
f 1120/1325/966 1121/1222/974 1119/1233/967
f 1141/1223/975 1131/1335/976 1134/1313/977
f 1132/1271/978 1138/1272/979 1133/1228/980
f 1133/1228/980 1140/1229/981 1134/1313/977
f 1131/1335/976 1136/1260/982 1132/1271/978
f 1140/1229/981 1138/1272/979 1136/1260/982
f 1152/1336/983 1143/1232/984 1142/1233/985
f 1147/1337/986 1148/1338/987 1146/1339/988
f 1148/1338/987 1151/1340/989 1150/1341/990
f 1151/1340/989 1152/1336/983 1150/1341/990
f 1145/1342/991 1146/1339/988 1144/1343/992
f 1143/1232/984 1151/1340/989 1147/1337/986
f 1143/1232/984 1144/1343/992 1142/1233/985
f 1160/1260/993 1156/1286/994 1155/1344/995
f 1156/1286/994 1162/1244/996 1157/1257/997
f 1163/1229/998 1154/1331/999 1157/1257/997
f 1158/1309/1000 1155/1344/995 1154/1331/999
f 1163/1229/998 1161/1323/1001 1160/1260/993
f 466/647/217 421/744/261 467/648/218
f 447/690/258 448/693/260 420/691/259
f 425/651/221 407/1345/269 469/652/222
f 469/652/222 407/1345/269 409/1346/295
f 385/657/227 411/660/230 435/658/228
f 451/659/229 435/658/228 452/701/268
f 413/662/232 414/1347/286 440/663/233
f 431/758/293 390/700/267 437/699/266
f 440/663/233 414/1347/286 432/1348/1002
f 463/665/235 401/708/255 402/666/236
f 413/662/232 392/672/242 439/671/241
f 405/673/243 423/1349/257 449/674/244
f 433/760/290 398/706/273 441/705/272
f 445/713/278 417/767/298 426/766/299
f 444/682/250 416/686/254 443/683/251
f 468/649/219 406/650/220 424/688/256
f 434/762/291 404/712/277 446/711/276
f 449/674/244 423/1349/257 427/1350/1003
f 405/673/243 422/695/262 448/693/260
f 454/696/263 386/726/231 387/697/264
f 428/764/292 408/724/288 450/723/287
f 438/668/238 389/670/240 437/699/266
f 410/703/270 453/725/289 454/696/263
f 436/704/271 429/1351/265 430/1352/1004
f 464/654/224 403/656/226 465/745/297
f 385/657/227 429/1351/265 436/704/271
f 442/679/248 396/681/247 441/705/272
f 399/684/252 443/683/251 415/680/249
f 400/709/253 462/707/274 463/665/235
f 397/676/245 396/678/247 460/739/296
f 447/690/258 403/692/226 446/711/276
f 444/682/250 417/767/298 445/713/278
f 438/668/238 439/671/241 412/669/239
f 456/717/281 391/736/284 457/718/282
f 455/719/283 389/769/240 456/717/281
f 459/714/279 393/716/234 394/721/285
f 451/659/229 407/702/269 450/723/287
f 432/1353/1002 414/722/286 394/721/285
f 426/1354/299 418/667/237 402/666/236
f 427/1355/1003 423/689/257 424/688/256
f 430/1356/1004 429/698/265 387/697/264
f 409/732/295 452/701/268 435/658/228
f 408/724/288 385/657/227 451/659/229
f 389/670/240 388/759/294 437/699/266
f 390/700/267 413/662/232 438/668/238
f 392/754/242 458/715/280 391/736/284
f 396/681/247 395/761/246 441/705/272
f 416/686/254 400/685/253 443/683/251
f 417/767/298 444/682/250 399/684/252
f 398/740/273 397/676/245 461/710/275
f 403/692/226 419/763/225 446/711/276
f 422/695/262 421/694/261 448/693/260
f 404/746/277 464/654/224 466/647/217
f 407/702/269 425/765/221 450/723/287
f 411/751/230 453/725/289 410/703/270
f 385/750/227 469/652/222 454/696/263
f 465/745/297 421/744/261 466/647/217
f 412/735/239 456/717/281 389/769/240
f 390/752/267 455/719/283 457/718/282
f 413/753/232 457/718/282 459/714/279
f 392/672/242 391/720/284 439/671/241
f 469/652/222 409/1346/295 410/703/270
f 415/738/249 460/739/296 396/678/247
f 416/756/254 462/707/274 400/709/253
f 399/741/252 461/710/275 463/665/235
f 460/739/296 400/709/253 461/710/275
f 420/743/259 465/745/297 403/656/226
f 422/757/262 467/648/218 421/744/261
f 405/747/243 466/647/217 468/649/219
f 411/660/230 410/733/270 435/658/228
f 428/764/292 470/1357/223 408/724/288
f 430/1352/1004 387/734/264 436/704/271
f 432/1348/1002 394/737/285 440/663/233
f 426/766/299 402/742/236 445/713/278
f 427/1350/1003 424/748/256 449/674/244
f 385/750/227 454/696/263 429/698/265
f 413/753/232 459/714/279 414/722/286
f 417/755/298 463/665/235 418/667/237
f 405/747/243 468/649/219 423/689/257
f 433/760/290 397/1358/245 398/706/273
f 391/736/284 458/715/280 459/714/279
f 610/1065/423 760/1363/364 800/1066/546
f 611/786/315 824/789/318 883/787/316
f 824/789/318 825/791/320 881/790/319
f 825/791/320 826/793/322 879/792/321
f 826/793/322 614/1072/715 733/794/323
f 714/1048/426 764/1364/370 802/1045/533
f 617/798/327 827/1182/1005 877/799/328
f 877/799/328 827/1182/1005 829/801/330
f 829/801/330 830/804/333 873/803/332
f 830/804/333 620/1079/1006 741/805/334
f 623/1026/428 768/1365/379 804/1024/521
f 624/809/338 831/812/341 871/810/339
f 831/812/341 833/814/343 869/813/342
f 833/814/343 834/816/345 867/815/344
f 834/816/345 627/1085/1007 749/817/346
f 805/1366/1008 770/1367/386 628/1368/385
f 630/1006/430 772/1369/389 806/1009/510
f 631/818/347 835/821/350 865/819/348
f 835/821/350 837/823/352 863/822/351
f 837/823/352 838/825/354 861/824/353
f 838/825/354 634/1093/1009 757/826/355
f 591/827/356 588/915/438 687/828/357
f 637/875/398 709/899/422 635/871/360
f 638/833/362 760/835/364 610/900/423
f 638/833/362 639/878/401 759/834/363
f 639/878/401 640/836/365 759/834/363
f 640/836/365 641/839/368 761/837/366
f 642/838/367 762/841/324 761/837/366
f 714/903/426 645/844/371 764/843/370
f 646/842/369 763/846/373 764/843/370
f 648/847/374 765/849/376 763/846/373
f 649/848/375 766/851/335 765/849/376
f 623/905/428 652/852/377 768/854/379
f 652/852/377 653/856/381 767/853/378
f 654/855/380 769/858/383 767/853/378
f 656/859/384 770/861/386 769/858/383
f 630/907/430 659/862/387 772/864/389
f 659/862/387 660/865/390 771/863/388
f 660/865/390 661/868/393 773/866/391
f 662/867/392 774/870/395 773/866/391
f 663/869/394 775/872/359 774/870/395
f 664/873/396 570/876/399 636/874/397
f 570/876/399 665/879/402 638/833/362
f 665/879/402 639/878/401 638/833/362
f 666/877/400 640/836/365 639/878/401
f 666/877/400 641/839/368 640/836/365
f 576/880/403 642/838/367 641/839/368
f 576/880/403 667/883/406 643/881/404
f 668/882/405 644/901/424 643/881/404
f 668/882/405 645/844/371 644/901/424
f 669/884/407 646/842/369 645/844/371
f 669/884/407 647/845/372 646/842/369
f 669/884/407 670/885/408 648/847/374
f 670/885/408 649/848/375 648/847/374
f 670/885/408 671/887/410 650/886/409
f 671/887/410 672/890/413 651/888/411
f 672/890/413 652/852/377 651/888/411
f 673/889/412 653/856/381 652/852/377
f 673/889/412 654/855/380 653/856/381
f 673/889/412 597/892/415 655/857/382
f 674/891/414 656/859/384 655/857/382
f 674/891/414 675/896/419 658/894/417
f 603/895/418 659/862/387 658/894/417
f 676/897/420 660/865/390 659/862/387
f 676/897/420 661/868/393 660/865/390
f 676/897/420 677/898/421 662/867/392
f 677/898/421 663/869/394 662/867/392
f 677/898/421 664/873/396 637/875/398
f 636/874/397 610/900/423 709/899/422
f 642/838/367 643/881/404 615/840/325
f 643/881/404 616/902/425 615/840/325
f 644/901/424 714/903/426 616/902/425
f 649/848/375 650/886/409 621/850/336
f 650/886/409 622/904/427 621/850/336
f 651/888/411 623/905/428 622/904/427
f 657/893/416 628/860/385 656/859/384
f 657/893/416 658/894/417 629/906/429
f 663/869/394 637/875/398 635/871/360
f 572/910/433 665/879/402 570/876/399
f 574/909/432 666/877/400 665/879/402
f 576/880/403 578/912/435 667/883/406
f 581/911/434 668/882/405 667/883/406
f 582/913/436 669/884/407 668/882/405
f 582/913/436 584/914/437 669/884/407
f 584/914/437 586/916/439 670/885/408
f 588/915/438 671/887/410 670/885/408
f 591/827/356 672/890/413 671/887/410
f 593/917/440 673/889/412 672/890/413
f 598/920/443 674/891/414 597/892/415
f 600/919/442 675/896/419 674/891/414
f 603/895/418 604/921/444 676/897/420
f 604/921/444 606/923/446 677/898/421
f 608/922/445 664/873/396 677/898/421
f 608/922/445 695/939/462 696/925/448
f 574/909/432 680/924/447 681/927/450
f 568/908/431 608/922/445 696/925/448
f 593/917/440 688/829/358 689/1370/1010
f 593/917/440 689/1370/1010 690/928/451
f 576/880/403 681/927/450 682/929/452
f 597/892/415 690/928/451 691/930/453
f 578/912/435 682/929/452 683/931/454
f 582/913/436 683/931/454 684/933/456
f 600/919/442 692/932/455 693/935/458
f 584/914/437 582/913/436 684/933/456
f 603/895/418 693/935/458 694/936/459
f 586/916/439 685/934/457 686/937/460
f 570/876/399 678/926/449 679/938/461
f 606/923/446 604/921/444 694/936/459
f 588/915/438 686/937/460 687/828/357
f 609/1371/497 709/1372/422 567/1373/495
f 607/953/465 791/1374/498 609/1371/497
f 792/952/464 791/1374/498 607/953/465
f 605/954/466 793/955/467 792/952/464
f 789/1375/509 793/955/467 602/956/468
f 601/958/469 789/1375/509 602/956/468
f 628/1376/385 629/957/429 599/959/470
f 787/960/471 628/1376/385 599/959/470
f 794/963/474 787/960/471 596/961/472
f 594/962/473 795/964/475 794/963/474
f 785/1377/522 795/964/475 592/965/476
f 590/1378/523 785/1377/522 592/965/476
f 783/969/479 621/966/336 587/968/478
f 796/1379/605 783/969/479 585/970/480
f 797/971/481 796/1379/605 585/970/480
f 781/973/483 797/971/481 583/972/482
f 714/976/426 781/973/483 580/974/484
f 779/979/487 615/977/325 577/978/486
f 798/982/490 779/979/487 575/980/488
f 573/981/489 799/983/491 798/982/490
f 777/986/494 799/983/491 571/984/492
f 569/985/493 610/1380/423 777/986/494
f 709/987/422 610/1380/423 569/985/493
f 609/990/497 635/831/360 709/1381/422
f 790/989/496 635/831/360 609/990/497
f 845/992/499 860/997/353 758/993/500
f 756/995/502 755/998/503 807/832/361
f 846/996/351 862/1203/351 860/997/353
f 864/1000/505 862/1203/351 846/996/351
f 753/1005/508 755/998/503 754/999/504
f 752/1002/506 864/1000/505 847/1001/348
f 788/1004/507 806/1009/510 753/1005/508
f 630/1006/430 788/1004/507 789/1007/509
f 629/1382/429 630/1006/430 601/1008/469
f 787/1383/471 786/1014/515 628/1368/385
f 786/1014/515 805/1366/1008 628/1368/385
f 848/1010/511 866/1208/344 750/1011/512
f 747/1013/514 805/1366/1008 786/1014/515
f 868/1016/342 866/1208/344 848/1010/511
f 870/1018/517 868/1016/342 849/1017/342
f 745/1020/518 747/1013/514 748/1015/516
f 744/1022/520 870/1018/517 850/1019/339
f 804/1024/521 745/1020/518 746/1021/519
f 623/1026/428 784/1025/521 785/1027/522
f 623/1026/428 804/1024/521 784/1025/521
f 622/1029/427 623/1026/428 590/1028/523
f 621/807/336 622/1029/427 589/1030/477
f 783/1384/479 782/1031/524 621/807/336
f 872/1032/525 742/1158/695 718/1033/526
f 740/1035/527 803/808/337 782/1031/524
f 874/1037/331 872/1032/525 851/1034/332
f 737/1042/531 740/1035/527 739/1036/528
f 876/1039/529 874/1037/331 852/1038/331
f 736/1043/532 876/1039/529 853/1040/328
f 802/1045/533 737/1042/531 738/1041/530
f 714/1048/426 780/1046/534 781/1385/483
f 714/1048/426 802/1045/533 780/1046/534
f 615/796/325 616/1047/425 579/1049/485
f 779/1386/487 778/1050/535 615/796/325
f 878/1051/536 734/1169/692 713/1052/537
f 731/1054/538 801/797/326 778/1050/535
f 880/1056/319 878/1051/536 854/1053/321
f 882/1059/541 880/1056/319 855/1057/319
f 729/1064/545 731/1054/538 730/1058/540
f 728/1061/542 882/1059/541 856/1060/316
f 776/1063/544 800/1066/546 729/1064/545
f 610/1065/423 776/1063/544 777/1387/494
f 613/1070/548 612/1069/547 759/1068/363
f 614/1072/550 613/1070/548 761/1071/549
f 828/1074/552 764/1388/1011 763/1075/553
f 618/1076/554 763/1075/553 765/1077/555
f 620/1079/557 619/1078/556 765/1077/555
f 832/1081/559 768/1389/1012 767/1082/560
f 626/1390/684 625/1083/561 769/1084/562
f 627/1085/563 626/1390/684 769/1084/562
f 836/1087/565 772/1391/1013 771/1088/566
f 632/1089/567 773/1090/568 774/1091/569
f 634/1093/571 633/1092/570 774/1091/569
f 710/1062/573 777/1392/1014 776/1095/574
f 734/1169/692 778/1393/1015 779/1123/693
f 715/1044/576 781/1394/1016 780/1097/577
f 742/1158/695 782/1395/1017 783/1117/696
f 719/1023/579 785/1396/1018 784/1099/580
f 722/1012/582 842/1148/1019 786/1101/583
f 723/1003/585 789/1397/1020 788/1103/586
f 844/1105/588 790/1398/1021 791/1106/589
f 726/994/591 791/1399/1022 792/1107/592
f 725/1108/593 792/1107/592 793/1109/594
f 723/1003/596 724/1110/595 793/1109/594
f 722/1012/598 787/1400/1023 794/1112/599
f 721/1113/600 794/1112/599 795/1114/601
f 719/1023/603 720/1115/602 795/1114/601
f 717/1119/606 796/1118/605 797/1120/607
f 715/1044/609 716/1121/608 797/1120/607
f 711/1401/712 712/1125/611 799/1126/612
f 710/1062/613 711/1401/712 799/1126/612
f 727/788/317 800/1402/1024 760/1067/714
f 614/1072/715 762/1403/1025 801/1172/716
f 735/800/576 802/1404/1016 764/1128/615
f 620/1079/617 766/1405/1026 803/1129/618
f 743/811/579 804/1406/1018 768/1131/620
f 627/1085/622 770/1407/1027 805/1132/623
f 751/820/585 806/1408/1020 772/1134/625
f 634/1093/627 775/1409/1028 807/1135/628
f 844/1137/630 808/1200/1029 756/1138/631
f 859/1140/632 807/1410/632 755/1141/633
f 808/1200/1029 754/1144/636 756/1138/631
f 808/1200/1029 811/1145/463 754/1144/636
f 810/1143/635 755/1141/633 753/1146/638
f 843/1104/463 788/1411/463 754/1144/636
f 751/820/637 810/1143/635 753/1146/638
f 842/1148/463 812/1412/463 748/1149/640
f 858/1133/632 805/1413/632 747/1151/641
f 812/1412/463 814/1154/643 748/1149/640
f 815/1153/642 747/1151/641 745/1156/647
f 841/1100/645 784/1414/463 746/1155/644
f 743/811/646 815/1153/642 745/1156/647
f 742/1158/649 816/1415/748 739/1159/650
f 857/1161/632 803/1416/632 740/1162/632
f 816/1415/748 818/1166/654 739/1159/650
f 817/1163/632 740/1162/632 737/1164/652
f 840/1098/656 780/1417/463 738/1167/655
f 735/800/657 819/1165/653 737/1164/652
f 734/1169/658 820/1175/662 732/1170/659
f 820/1175/662 822/1178/666 730/1176/663
f 823/1177/664 731/1173/538 729/1179/668
f 839/1096/665 776/1418/463 730/1176/663
f 727/788/667 823/1177/664 729/1179/668
f 611/786/670 760/1067/1030 612/1069/671
f 825/791/673 612/1069/671 613/1181/548
f 614/1072/550 826/793/674 613/1181/548
f 617/798/675 828/1194/1031 618/1076/676
f 829/801/678 618/1076/676 619/1183/556
f 620/1079/557 830/804/679 619/1183/556
f 624/809/680 832/1196/1032 625/1083/681
f 833/814/683 625/1083/681 626/1184/684
f 627/1085/563 834/816/685 626/1184/684
f 631/818/686 836/1198/1033 632/1089/687
f 838/825/690 837/823/689 632/1089/687
f 634/1093/571 838/825/690 633/1185/570
f 722/1012/582 750/1011/1034 842/1206/1019
f 726/994/590 758/993/1035 844/1201/588
f 846/996/700 845/992/699 725/1190/593
f 847/1001/1036 846/996/700 724/1110/595
f 723/1003/596 847/1001/1036 724/1110/595
f 849/1017/702 848/1010/701 721/1191/600
f 850/1019/1037 849/1017/702 720/1115/602
f 719/1023/603 850/1019/1037 720/1115/602
f 718/1033/703 783/1117/1038 717/1119/704
f 852/1038/706 717/1119/704 716/1192/608
f 715/1044/609 853/1040/707 716/1192/608
f 713/1052/708 779/1123/1039 712/1125/709
f 855/1057/711 712/1125/709 711/1193/712
f 710/1062/613 856/1060/713 711/1193/712
f 758/993/723 860/997/1040 808/1200/724
f 757/826/726 859/1199/726 809/1202/727
f 860/997/1040 862/1203/731 808/1200/724
f 861/824/728 809/1202/727 810/1143/635
f 864/1000/730 811/1204/733 808/1200/724
f 865/819/1041 863/822/729 810/1143/635
f 752/1002/732 843/1189/732 811/1204/733
f 751/820/637 865/819/1041 810/1143/635
f 750/1011/734 866/1208/740 812/1205/735
f 749/817/736 858/1197/736 813/1207/737
f 868/1016/739 814/1154/742 812/1205/735
f 869/813/702 867/815/738 813/1207/737
f 871/810/1037 869/813/702 815/1153/642
f 744/1022/743 841/1188/1042 814/1154/742
f 743/811/646 871/810/1037 815/1153/642
f 742/1158/649 872/1032/749 816/1210/748
f 741/805/744 857/1195/744 817/1209/745
f 874/1037/747 818/1166/752 816/1210/748
f 875/802/750 873/803/746 817/1209/745
f 877/799/1043 875/802/750 819/1165/653
f 736/1043/753 840/1187/1044 818/1166/752
f 735/800/657 877/799/1043 819/1165/653
f 734/1169/658 878/1051/758 820/1212/662
f 733/794/754 801/1172/1045 821/1211/755
f 880/1056/757 822/1178/761 820/1212/662
f 881/790/759 879/792/756 821/1211/755
f 728/1061/763 839/1186/1046 822/1178/761
f 727/788/667 883/787/762 823/1177/664
f 894/1213/764 895/1419/1047 885/1214/765
f 889/1216/767 891/1219/770 890/1217/768
f 891/1219/770 893/1221/772 892/1220/771
f 893/1221/772 895/1419/1047 894/1213/764
f 886/1222/773 887/1420/1048 889/1216/767
f 889/1216/767 887/1420/1048 885/1214/765
f 885/1214/765 895/1419/1047 893/1221/772
f 893/1221/772 891/1219/770 889/1216/767
f 885/1214/765 887/1420/1048 886/1222/773
f 906/1223/774 900/1309/1049 896/1224/775
f 897/1226/777 901/1230/781 902/1421/1050
f 897/1226/777 902/1421/1050 903/1227/778
f 898/1228/779 903/1227/778 904/1244/1051
f 898/1228/779 904/1244/1051 905/1229/780
f 905/1229/780 906/1223/774 899/1225/776
f 900/1309/1049 901/1230/781 896/1224/775
f 900/1309/1049 906/1223/774 905/1229/780
f 905/1229/780 904/1244/1051 903/1227/778
f 903/1227/778 902/1421/1050 901/1230/781
f 901/1230/781 900/1309/1049 905/1229/780
f 917/1231/782 918/1422/1052 908/1232/783
f 912/1234/785 914/1237/788 913/1235/786
f 914/1237/788 916/1238/790 915/1220/789
f 916/1238/790 918/1422/1052 917/1231/782
f 909/1222/791 910/1423/1053 912/1234/785
f 912/1234/785 910/1423/1053 908/1232/783
f 908/1232/783 918/1422/1052 916/1238/790
f 916/1238/790 914/1237/788 912/1234/785
f 908/1232/783 910/1423/1053 909/1222/791
f 930/1239/792 924/1309/1054 919/1240/793
f 920/1241/795 925/1230/801 926/1242/796
f 921/1243/797 926/1242/796 927/1227/802
f 921/1243/797 927/1227/802 928/1244/798
f 922/1245/799 928/1244/798 929/1229/800
f 929/1229/800 930/1239/792 923/1225/794
f 924/1309/1054 925/1230/801 919/1240/793
f 924/1309/1054 930/1239/792 929/1229/800
f 929/1229/800 928/1244/798 927/1227/802
f 927/1227/802 926/1242/796 925/1230/801
f 925/1230/801 924/1309/1054 929/1229/800
f 941/1231/803 942/1419/1055 932/1214/804
f 936/1247/806 938/1250/809 937/1248/807
f 938/1250/809 940/1252/811 939/1251/810
f 940/1252/811 942/1419/1055 941/1231/803
f 933/1222/812 934/1424/1056 936/1247/806
f 936/1247/806 934/1424/1056 932/1214/804
f 932/1214/804 942/1419/1055 940/1252/811
f 940/1252/811 938/1250/809 936/1247/806
f 932/1214/804 934/1424/1056 933/1222/812
f 954/1223/813 948/1309/1057 943/1240/814
f 950/1260/823 951/1254/817 944/1226/816
f 945/1255/818 951/1254/817 952/1256/819
f 952/1256/819 953/1258/821 946/1257/820
f 953/1258/821 954/1223/813 947/1253/815
f 948/1309/1057 949/1259/822 943/1240/814
f 949/1259/822 950/1260/823 944/1226/816
f 950/1260/823 949/1259/822 948/1309/1057
f 948/1309/1057 954/1223/813 953/1258/821
f 953/1258/821 952/1256/819 951/1254/817
f 950/1260/823 948/1309/1057 953/1258/821
f 965/1261/824 966/1425/1058 956/1262/825
f 960/1264/827 962/1266/830 961/1265/828
f 962/1266/830 964/1268/832 963/1267/831
f 964/1268/832 966/1425/1058 965/1261/824
f 957/1269/833 958/1270/834 960/1264/827
f 960/1264/827 958/1270/834 956/1262/825
f 956/1262/825 966/1425/1058 964/1268/832
f 964/1268/832 962/1266/830 960/1264/827
f 955/1263/826 956/1262/825 958/1270/834
f 978/1239/1059 972/1274/842 967/1273/841
f 969/1271/835 973/1260/844 974/1242/1060
f 969/1271/835 974/1242/1060 975/1272/836
f 970/1255/837 975/1272/836 976/1256/838
f 976/1256/838 977/1258/840 971/1257/839
f 977/1258/840 978/1239/1059 967/1273/841
f 968/1275/843 972/1274/842 973/1260/844
f 972/1274/842 978/1239/1059 977/1258/840
f 977/1258/840 976/1256/838 975/1272/836
f 975/1272/836 974/1242/1060 973/1260/844
f 973/1260/844 972/1274/842 977/1258/840
f 989/1231/845 990/1426/1061 980/1276/846
f 984/1278/848 986/1280/851 985/1217/849
f 986/1280/851 988/1282/853 987/1281/852
f 988/1282/853 990/1426/1061 989/1231/845
f 981/1283/854 982/1427/1062 984/1278/848
f 984/1278/848 982/1427/1062 980/1276/846
f 980/1276/846 990/1426/1061 988/1282/853
f 988/1282/853 986/1280/851 984/1278/848
f 980/1276/846 982/1427/1062 981/1283/854
f 1002/1223/855 996/1309/1063 991/1240/856
f 993/1286/860 998/1285/859 999/1287/861
f 999/1287/861 1000/1288/863 994/1245/862
f 1000/1288/863 1001/1289/865 995/1284/857
f 1001/1289/865 1002/1223/855 995/1284/857
f 996/1309/1063 997/1259/864 991/1240/856
f 997/1259/864 998/1285/859 992/1241/858
f 998/1285/859 997/1259/864 996/1309/1063
f 996/1309/1063 1002/1223/855 1001/1289/865
f 1001/1289/865 1000/1288/863 999/1287/861
f 998/1285/859 996/1309/1063 1001/1289/865
f 1013/1231/866 1014/1428/1064 1004/1290/867
f 1008/1291/869 1010/1294/872 1009/1292/870
f 1010/1294/872 1012/1296/874 1011/1295/873
f 1012/1296/874 1014/1428/1064 1013/1231/866
f 1005/1297/875 1006/1429/1065 1008/1291/869
f 1008/1291/869 1006/1429/1065 1004/1290/867
f 1004/1290/867 1014/1428/1064 1012/1296/874
f 1012/1296/874 1010/1294/872 1008/1291/869
f 1004/1290/867 1006/1429/1065 1005/1297/875
f 1026/1223/876 1020/1309/1066 1015/1298/877
f 1017/1243/881 1022/1285/880 1023/1272/886
f 1017/1243/881 1023/1272/886 1024/1256/882
f 1024/1256/882 1025/1299/884 1018/1257/883
f 1025/1299/884 1026/1223/876 1019/1253/878
f 1020/1309/1066 1021/1300/885 1015/1298/877
f 1021/1300/885 1022/1285/880 1016/1241/879
f 1022/1285/880 1021/1300/885 1020/1309/1066
f 1020/1309/1066 1026/1223/876 1025/1299/884
f 1025/1299/884 1024/1256/882 1023/1272/886
f 1022/1285/880 1020/1309/1066 1025/1299/884
f 1037/1301/887 1038/1419/1067 1028/1302/888
f 1032/1304/890 1034/1294/893 1033/1235/891
f 1034/1294/893 1036/1296/895 1035/1305/894
f 1036/1296/895 1038/1419/1067 1037/1301/887
f 1029/1306/896 1030/1430/1068 1032/1304/890
f 1032/1304/890 1030/1430/1068 1028/1302/888
f 1028/1302/888 1038/1419/1067 1036/1296/895
f 1036/1296/895 1034/1294/893 1032/1304/890
f 1028/1302/888 1030/1430/1068 1029/1306/896
f 1049/1223/1069 1043/1309/904 1039/1273/903
f 1040/1307/897 1044/1230/906 1045/1308/898
f 1041/1243/899 1045/1308/898 1046/1227/905
f 1041/1243/899 1046/1227/905 1047/1256/900
f 1047/1256/900 1048/1258/902 1042/1257/901
f 1048/1258/902 1049/1223/1069 1039/1273/903
f 1043/1309/904 1044/1230/906 1040/1307/897
f 1043/1309/904 1049/1223/1069 1048/1258/902
f 1048/1258/902 1047/1256/900 1046/1227/905
f 1046/1227/905 1045/1308/898 1044/1230/906
f 1044/1230/906 1043/1309/904 1048/1258/902
f 1060/1301/907 1061/1419/1070 1051/1302/908
f 1055/1264/910 1057/1311/913 1056/1235/911
f 1057/1311/913 1059/1238/915 1058/1305/914
f 1059/1238/915 1061/1419/1070 1060/1301/907
f 1052/1312/916 1053/1431/1071 1055/1264/910
f 1055/1264/910 1053/1431/1071 1051/1302/908
f 1051/1302/908 1061/1419/1070 1059/1238/915
f 1059/1238/915 1057/1311/913 1055/1264/910
f 1051/1302/908 1053/1431/1071 1052/1312/916
f 1072/1239/917 1066/1309/1072 1062/1240/918
f 1063/1226/920 1068/1314/925 1069/1287/921
f 1069/1287/921 1070/1432/1073 1064/1228/922
f 1064/1228/922 1070/1432/1073 1071/1229/923
f 1071/1229/923 1072/1239/917 1065/1313/919
f 1066/1309/1072 1067/1259/924 1062/1240/918
f 1067/1259/924 1068/1314/925 1063/1226/920
f 1068/1314/925 1067/1259/924 1066/1309/1072
f 1066/1309/1072 1072/1239/917 1071/1229/923
f 1071/1229/923 1070/1432/1073 1069/1287/921
f 1068/1314/925 1066/1309/1072 1071/1229/923
f 1084/1315/926 1074/1322/936 1073/1316/927
f 1078/1318/929 1080/1320/932 1079/1248/930
f 1080/1320/932 1082/1321/934 1081/1295/933
f 1082/1321/934 1084/1315/926 1083/1317/928
f 1075/1222/935 1076/1433/1074 1078/1318/929
f 1078/1318/929 1076/1433/1074 1074/1322/936
f 1074/1322/936 1084/1315/926 1082/1321/934
f 1082/1321/934 1080/1320/932 1078/1318/929
f 1074/1322/936 1076/1433/1074 1075/1222/935
f 1095/1223/937 1089/1309/1075 1085/1240/938
f 1091/1324/945 1092/1323/941 1086/1226/940
f 1087/1228/942 1092/1323/941 1093/1434/1076
f 1087/1228/942 1093/1434/1076 1094/1229/943
f 1094/1229/943 1095/1223/937 1088/1313/939
f 1089/1309/1075 1090/1259/944 1085/1240/938
f 1090/1259/944 1091/1324/945 1086/1226/940
f 1091/1324/945 1090/1259/944 1089/1309/1075
f 1089/1309/1075 1095/1223/937 1094/1229/943
f 1094/1229/943 1093/1434/1076 1092/1323/941
f 1091/1324/945 1089/1309/1075 1094/1229/943
f 1106/1301/946 1107/1435/1077 1097/1325/947
f 1101/1326/949 1103/1328/952 1102/1248/950
f 1103/1328/952 1105/1329/954 1104/1295/953
f 1105/1329/954 1107/1435/1077 1106/1301/946
f 1098/1330/955 1099/1436/1078 1101/1326/949
f 1101/1326/949 1099/1436/1078 1097/1325/947
f 1097/1325/947 1107/1435/1077 1105/1329/954
f 1105/1329/954 1103/1328/952 1101/1326/949
f 1097/1325/947 1099/1436/1078 1098/1330/955
f 1118/1239/1079 1112/1309/963 1108/1331/962
f 1110/1243/958 1114/1285/957 1115/1272/964
f 1110/1243/958 1115/1272/964 1116/1244/959
f 1111/1257/960 1116/1244/959 1117/1229/961
f 1117/1229/961 1118/1239/1079 1108/1331/962
f 1112/1309/963 1113/1300/1080 1109/1307/956
f 1113/1300/1080 1114/1285/957 1109/1307/956
f 1114/1285/957 1113/1300/1080 1112/1309/963
f 1112/1309/963 1118/1239/1079 1117/1229/961
f 1117/1229/961 1116/1244/959 1115/1272/964
f 1114/1285/957 1112/1309/963 1117/1229/961
f 1129/1301/965 1130/1435/1081 1120/1325/966
f 1124/1332/968 1126/1333/971 1125/1248/969
f 1126/1333/971 1128/1334/973 1127/1251/972
f 1128/1334/973 1130/1435/1081 1129/1301/965
f 1121/1222/974 1122/1437/1082 1124/1332/968
f 1124/1332/968 1122/1437/1082 1120/1325/966
f 1120/1325/966 1130/1435/1081 1128/1334/973
f 1128/1334/973 1126/1333/971 1124/1332/968
f 1120/1325/966 1122/1437/1082 1121/1222/974
f 1141/1223/975 1135/1438/1083 1131/1335/976
f 1132/1271/978 1136/1260/982 1137/1421/1084
f 1132/1271/978 1137/1421/1084 1138/1272/979
f 1133/1228/980 1138/1272/979 1139/1434/1085
f 1133/1228/980 1139/1434/1085 1140/1229/981
f 1140/1229/981 1141/1223/975 1134/1313/977
f 1131/1335/976 1135/1438/1083 1136/1260/982
f 1135/1438/1083 1141/1223/975 1140/1229/981
f 1140/1229/981 1139/1434/1085 1138/1272/979
f 1138/1272/979 1137/1421/1084 1136/1260/982
f 1136/1260/982 1135/1438/1083 1140/1229/981
f 1152/1336/983 1153/1439/1086 1143/1232/984
f 1147/1337/986 1149/1440/1087 1148/1338/987
f 1148/1338/987 1149/1440/1087 1151/1340/989
f 1151/1340/989 1153/1439/1086 1152/1336/983
f 1145/1342/991 1147/1337/986 1146/1339/988
f 1147/1337/986 1145/1342/991 1143/1232/984
f 1143/1232/984 1153/1439/1086 1151/1340/989
f 1151/1340/989 1149/1440/1087 1147/1337/986
f 1143/1232/984 1145/1342/991 1144/1343/992
f 1164/1239/1088 1158/1309/1000 1154/1331/999
f 1160/1260/993 1161/1323/1001 1156/1286/994
f 1156/1286/994 1161/1323/1001 1162/1244/996
f 1157/1257/997 1162/1244/996 1163/1229/998
f 1163/1229/998 1164/1239/1088 1154/1331/999
f 1158/1309/1000 1159/1259/1089 1155/1344/995
f 1159/1259/1089 1160/1260/993 1155/1344/995
f 1160/1260/993 1159/1259/1089 1158/1309/1000
f 1158/1309/1000 1164/1239/1088 1163/1229/998
f 1163/1229/998 1162/1244/996 1161/1323/1001
f 1160/1260/993 1158/1309/1000 1163/1229/998
f 1234/1441/1090 1165/1442/1091 1233/1443/1092
f 1170/1444/1093 1171/1445/1094 1169/1446/1095
f 1172/1447/1096 1173/1448/1097 1171/1445/1094
f 1174/1449/1098 1175/1450/1099 1173/1448/1097
f 1176/1451/1100 1177/1452/1101 1175/1453/1099
f 1178/1454/1102 1179/1446/1103 1177/1452/1101
f 1180/1444/1104 1181/1455/1105 1179/1446/1103
f 1182/1456/1106 1183/1457/1107 1181/1455/1105
f 1184/1458/1108 1185/1459/1109 1183/1457/1107
f 1186/1460/1110 1187/1461/1111 1185/1459/1109
f 1188/1462/1112 1189/1463/1113 1187/1461/1111
f 1190/1464/1114 1191/1465/1115 1189/1463/1113
f 1192/1466/1116 1193/1467/1117 1191/1468/1115
f 1192/1466/1116 1195/1469/1118 1193/1467/1117
f 1194/1454/1119 1196/1446/1120 1195/1469/1118
f 1197/1444/1121 1198/1455/1122 1196/1446/1120
f 1199/1470/1123 1200/1457/1124 1198/1455/1122
f 1201/1458/1125 1202/1459/1126 1200/1457/1124
f 1203/1471/1127 1204/1472/1128 1202/1459/1126
f 1205/1473/1129 1206/1463/1130 1204/1472/1128
f 1207/1464/1131 1208/1474/1132 1206/1463/1130
f 1209/1475/1133 1210/1476/1134 1208/1474/1132
f 1211/1477/1135 1212/1478/1136 1210/1479/1134
f 1213/1480/1137 1214/1472/1138 1212/1478/1136
f 1215/1481/1139 1216/1482/1140 1214/1472/1138
f 1217/1483/1141 1218/1457/1142 1216/1482/1140
f 1219/1484/1143 1220/1485/1144 1218/1457/1142
f 1219/1484/1143 1222/1486/1145 1220/1485/1144
f 1221/1444/1146 1223/1487/1147 1222/1486/1145
f 1224/1488/1148 1225/1489/1149 1223/1487/1147
f 1226/1490/1150 1227/1491/1151 1225/1476/1149
f 1228/1492/1152 1229/1493/1153 1227/1491/1151
f 1230/1494/1154 1231/1495/1155 1229/1493/1153
f 1232/1462/1156 1233/1443/1092 1231/1495/1155
f 1168/1496/1157 1169/1446/1095 1167/1497/1158
f 1221/1498/1146 1194/1499/1119 1178/1500/1102
f 1166/1458/1159 1167/1497/1158 1165/1442/1091
f 1219/1501/1143 1217/1502/1141 1221/1498/1146
f 1227/1503/1151 1165/1504/1091 1181/1505/1105
f 1415/1506/1160 1237/1507/1161 1243/1508/1162
f 1242/1509/1163 1249/1510/1164 1425/1511/1165
f 1415/1506/1160 1244/1512/1166 1421/1513/1167
f 1422/1514/1168 1244/1515/1166 1238/1516/1169
f 1422/1514/1168 1239/1517/1170 1235/1518/301
f 1235/1518/301 1240/1519/1171 1236/1520/1172
f 1236/1520/1172 1241/1521/1173 1423/1522/1174
f 1420/1523/1175 1264/1524/1176 1265/1525/1177
f 1244/1515/1166 1245/1526/1178 1238/1516/1169
f 1238/1516/1169 1246/1527/1179 1239/1517/1170
f 1239/1517/1170 1247/1528/1180 1240/1519/1171
f 1241/1521/1173 1247/1528/1180 1256/1529/1181
f 1241/1530/1173 1248/1531/1182 1424/1532/1183
f 1265/1525/1177 1252/1533/1184 1237/1507/1161
f 1424/1532/1183 1249/1510/1164 1242/1509/1163
f 1243/1508/1162 1258/1534/1185 1244/1512/1166
f 1249/1510/1164 1271/1535/1186 1250/1536/1187
f 1244/1515/1166 1253/1537/1188 1245/1526/1178
f 1400/1538/1189 1250/1536/1187 1271/1535/1186
f 1245/1526/1178 1254/1539/1190 1246/1527/1179
f 1246/1527/1179 1255/1540/1191 1247/1528/1180
f 1248/1531/1182 1256/1541/1181 1263/1542/1192
f 1253/1543/1188 1258/1534/1185 1259/1544/1193
f 1253/1545/1188 1260/1539/1194 1254/1546/1190
f 1255/1547/1191 1260/1539/1194 1261/1540/1195
f 1255/1543/1191 1262/1548/1196 1256/1541/1181
f 1265/1525/1177 1272/1549/1197 1252/1533/1184
f 1263/1542/1192 1278/1550/1198 1249/1510/1164
f 1259/1537/1193 1267/1551/1199 1268/1526/1200
f 1259/1537/1193 1269/1552/1201 1260/1539/1194
f 1261/1540/1195 1269/1552/1201 1270/1528/1202
f 1261/1540/1195 1276/1553/1203 1262/1554/1196
f 1262/1548/1196 1277/1555/1204 1263/1542/1192
f 1266/1556/1205 1267/1557/1199 1258/1534/1185
f 1268/1526/1200 1274/1517/1206 1269/1552/1201
f 1270/1528/1202 1274/1517/1206 1275/1519/1207
f 1264/1524/1176 1251/1518/1208 1291/1558/1209
f 1265/1525/1177 1291/1558/1209 1292/1559/1210
f 1272/1549/1197 1279/1560/1211 1266/1556/1205
f 1267/1557/1199 1279/1560/1211 1280/1561/1212
f 1268/1526/1200 1280/1562/1212 1273/1516/1213
f 1273/1516/1213 1282/1518/463 1274/1517/1206
f 1275/1519/1207 1282/1518/463 1283/1563/1214
f 1275/1519/1207 1289/1564/1215 1276/1553/1203
f 1276/1565/1203 1290/1566/1216 1277/1555/1204
f 1292/1559/1210 1279/1560/1211 1272/1549/1197
f 1277/1555/1204 1290/1566/1216 1278/1550/1198
f 1278/1550/1198 1311/1567/1217 1257/1568/1218
f 1257/1568/1218 1320/1569/1219 1271/1535/1186
f 1273/1516/1213 1280/1562/1212 1281/1570/1220
f 1400/1538/1189 1271/1535/1186 1320/1569/1219
f 1283/1563/1214 1287/1571/1221 1288/1572/1222
f 1290/1566/1216 1289/1573/1215 1297/1574/1223
f 1292/1559/1210 1298/1575/1224 1279/1560/1211
f 1284/1576/1225 1285/1577/1226 1280/1561/1212
f 1281/1570/1220 1285/1578/1226 1286/1579/1227
f 1281/1570/1220 1287/1571/1221 1282/1518/463
f 1288/1572/1222 1294/1580/1228 1295/1581/1229
f 1288/1572/1222 1296/1582/1230 1289/1564/1215
f 1297/1574/1223 1310/1583/1231 1290/1566/1216
f 1298/1575/1224 1299/1584/1232 1284/1576/1225
f 1284/1576/1225 1300/1585/1233 1285/1577/1226
f 1286/1579/1227 1300/1586/1233 1293/1587/1234
f 1286/1579/1227 1294/1580/1228 1287/1571/1221
f 1295/1581/1229 1304/1588/1235 1296/1582/1230
f 1291/1558/1209 1306/1589/1236 1292/1559/1210
f 1296/1590/1230 1305/1591/1237 1297/1574/1223
f 1293/1587/1234 1300/1586/1233 1301/1592/1238
f 1293/1587/1234 1302/1593/1239 1294/1580/1228
f 1295/1581/1229 1302/1593/1239 1303/1594/1240
f 1305/1591/1237 1304/1595/1235 1319/1596/1241
f 1306/1589/1236 1312/1597/1242 1298/1575/1224
f 1298/1575/1224 1313/1598/1243 1299/1584/1232
f 1299/1584/1232 1314/1599/1244 1300/1585/1233
f 1301/1600/1238 1314/1599/1244 1307/1601/1245
f 1301/1545/1238 1308/1539/1246 1302/1546/1239
f 1303/1547/1240 1308/1539/1246 1309/1540/1247
f 1310/1583/1231 1319/1596/1241 1332/1602/1248
f 1310/1583/1231 1333/1603/1249 1311/1567/1217
f 1307/1537/1245 1314/1604/1244 1315/1526/1250
f 1307/1537/1245 1316/1552/1251 1308/1539/1246
f 1309/1540/1247 1316/1552/1251 1317/1528/1252
f 1309/1540/1247 1318/1605/1253 1304/1554/1235
f 1306/1589/1236 1321/1606/1254 1312/1597/1242
f 1312/1597/1242 1321/1606/1254 1313/1598/1243
f 1314/1599/1244 1321/1606/1254 1327/1607/1255
f 1333/1603/1249 1352/1608/1256 1320/1569/1219
f 1315/1526/1250 1327/1562/1255 1322/1516/1257
f 1400/1538/1189 1320/1569/1219 1352/1608/1256
f 1315/1526/1250 1323/1517/1258 1316/1552/1251
f 1317/1528/1252 1323/1517/1258 1324/1519/1259
f 1291/1558/1209 1251/1518/1208 1345/1609/1260
f 1317/1528/1252 1331/1610/1261 1318/1605/1253
f 1318/1611/1253 1325/1612/1262 1319/1596/1241
f 1322/1516/1257 1327/1562/1255 1328/1570/1263
f 1322/1516/1257 1329/1518/304 1323/1517/1258
f 1324/1519/1259 1329/1518/304 1330/1563/1264
f 1333/1603/1249 1344/1613/1265 1337/1614/1266
f 1326/1615/1267 1339/1616/1268 1327/1607/1255
f 1328/1570/1263 1339/1617/1268 1334/1579/1269
f 1328/1570/1263 1335/1618/1270 1329/1518/304
f 1330/1563/1264 1335/1618/1270 1336/1572/1271
f 1330/1563/1264 1343/1619/1272 1331/1610/1261
f 1345/1609/1260 1353/1620/1273 1306/1589/1236
f 1325/1612/1262 1343/1616/1272 1344/1613/1265
f 1306/1589/1236 1338/1621/1274 1321/1606/1254
f 1334/1579/1269 1339/1617/1268 1340/1587/1275
f 1334/1579/1269 1341/1622/1276 1335/1618/1270
f 1336/1572/1271 1341/1622/1276 1342/1581/1277
f 1344/1613/1265 1343/1616/1272 1351/1623/1278
f 1340/1587/1275 1346/1624/1279 1347/1592/1280
f 1340/1587/1275 1348/1625/1281 1341/1622/1276
f 1341/1622/1276 1349/1594/1282 1342/1581/1277
f 1342/1581/1277 1350/1588/1283 1343/1619/1272
f 1353/1620/1273 1354/1626/1284 1338/1621/1274
f 1351/1623/1278 1359/1627/1285 1344/1613/1265
f 1338/1621/1274 1354/1626/1284 1355/1628/1286
f 1338/1621/1274 1346/1629/1279 1339/1616/1268
f 1347/1630/1280 1360/1631/1287 1356/1632/1288
f 1347/1633/1280 1357/1625/1289 1348/1634/1281
f 1349/1635/1282 1357/1625/1289 1358/1636/1290
f 1345/1609/1260 1251/1518/1208 1408/1637/1291
f 1349/1630/1282 1364/1631/1292 1350/1629/1283
f 1351/1623/1278 1364/1631/1292 1365/1638/1293
f 1337/1614/1266 1359/1627/1285 1385/1639/1294
f 1355/1628/1286 1360/1631/1287 1346/1629/1279
f 1356/1640/1288 1362/1622/1295 1357/1625/1289
f 1358/1636/1290 1362/1622/1295 1363/1641/1296
f 1408/1637/1291 1377/1642/1297 1353/1620/1273
f 1353/1620/1273 1366/1643/1298 1354/1626/1284
f 1365/1638/1293 1372/1644/1299 1359/1627/1285
f 1354/1626/1284 1367/1645/1300 1355/1628/1286
f 1356/1640/1288 1360/1646/1287 1361/1647/1301
f 1363/1641/1296 1369/1618/1302 1370/1648/1303
f 1363/1641/1296 1371/1649/1304 1364/1650/1292
f 1367/1645/1300 1373/1651/1305 1360/1631/1287
f 1361/1647/1301 1373/1652/1305 1368/1653/1306
f 1361/1647/1301 1369/1618/1302 1362/1622/1295
f 1370/1648/1303 1375/1518/632 1376/1520/1307
f 1370/1648/1303 1382/1654/1308 1371/1649/1304
f 1371/1655/1304 1382/1656/1308 1383/1657/1309
f 1377/1642/1297 1387/1658/1310 1366/1643/1298
f 1371/1655/1304 1384/1659/1311 1372/1644/1299
f 1367/1645/1300 1387/1658/1310 1378/1657/1312
f 1385/1639/1294 1400/1538/1189 1352/1608/1256
f 1368/1653/1306 1373/1652/1305 1374/1660/1313
f 1368/1653/1306 1375/1518/632 1369/1618/1302
f 1378/1657/1312 1389/1661/1314 1373/1651/1305
f 1374/1660/1313 1389/1662/1314 1379/1516/1315
f 1374/1660/1313 1380/1517/1316 1375/1518/632
f 1376/1520/1307 1380/1517/1316 1381/1519/1317
f 1381/1519/1317 1393/1663/1318 1382/1654/1308
f 1408/1637/1291 1386/1664/1319 1377/1642/1297
f 1383/1657/1309 1393/1665/1318 1394/1666/1320
f 1384/1659/1311 1394/1666/1320 1407/1667/1321
f 1387/1658/1310 1388/1666/1322 1378/1657/1312
f 1384/1659/1311 1399/1668/1323 1385/1639/1294
f 1379/1516/1315 1389/1662/1314 1390/1526/1324
f 1379/1516/1315 1391/1552/1325 1380/1517/1316
f 1381/1519/1317 1391/1552/1325 1392/1528/1326
f 1394/1666/1320 1393/1665/1318 1398/1669/1327
f 1386/1664/1319 1401/1670/1328 1387/1658/1310
f 1388/1666/1322 1401/1670/1328 1402/1669/1329
f 1388/1666/1322 1403/1671/1330 1389/1661/1314
f 1390/1526/1324 1403/1672/1330 1395/1537/1331
f 1390/1526/1324 1396/1673/1332 1391/1552/1325
f 1392/1528/1326 1396/1673/1332 1397/1540/1333
f 1399/1668/1323 1407/1667/1321 1425/1511/1165
f 1399/1668/1323 1250/1536/1187 1400/1538/1189
f 1395/1674/1331 1403/1671/1330 1404/1675/1334
f 1395/1676/1331 1405/1625/1335 1396/1634/1332
f 1397/1677/1333 1405/1625/1335 1406/1636/1336
f 1397/1674/1333 1413/1678/1337 1393/1665/1318
f 1386/1664/1319 1408/1637/1291 1420/1523/1175
f 1407/1667/1321 1419/1679/1338 1414/1680/1339
f 1401/1670/1328 1409/1681/1340 1402/1669/1329
f 1402/1669/1329 1409/1681/1340 1403/1671/1330
f 1404/1640/1334 1409/1682/1340 1410/1647/1341
f 1404/1640/1334 1411/1683/1342 1405/1625/1335
f 1406/1636/1336 1411/1683/1342 1412/1641/1343
f 1398/1669/1327 1413/1678/1337 1419/1679/1338
f 1409/1681/1340 1237/1507/1161 1415/1506/1160
f 1410/1647/1341 1421/1684/1167 1416/1653/1344
f 1410/1647/1341 1417/1618/1345 1411/1683/1342
f 1412/1641/1343 1417/1618/1345 1418/1648/1346
f 1408/1637/1291 1251/1518/1208 1264/1524/1176
f 1412/1641/1343 1423/1522/1174 1413/1685/1337
f 1420/1523/1175 1237/1507/1161 1401/1670/1328
f 1416/1653/1344 1421/1684/1167 1422/1514/1168
f 1416/1653/1344 1235/1518/301 1417/1618/1345
f 1417/1618/1345 1236/1520/1172 1418/1648/1346
f 1419/1679/1338 1423/1686/1174 1424/1532/1183
f 1419/1679/1338 1242/1509/1163 1414/1680/1339
f 1427/1687/1347 1433/1521/1348 1610/1522/1349
f 1610/1686/1349 1441/1688/1350 1614/1689/1351
f 1613/1514/1352 1430/1690/1353 1431/1516/1354
f 1613/1514/1352 1432/1517/1355 1426/1518/1356
f 1428/1691/1357 1451/1692/1358 1436/1693/1359
f 1428/1691/1357 1452/1694/1360 1429/1695/1361
f 1441/1688/1350 1449/1696/1362 1434/1697/1363
f 1434/1697/1363 1456/1698/1364 1435/1699/1365
f 1429/1695/1361 1444/1700/1366 1430/1701/1353
f 1430/1690/1353 1437/1526/1367 1431/1516/1354
f 1431/1516/1354 1438/1527/1179 1432/1517/1355
f 1432/1517/1355 1439/1528/1368 1427/1687/1347
f 1433/1521/1348 1439/1528/1368 1440/1529/1369
f 1441/1688/1350 1440/1702/1369 1448/1703/1370
f 1444/1704/1366 1445/1537/1371 1437/1526/1367
f 1437/1526/1367 1446/1539/1190 1438/1527/1179
f 1438/1527/1179 1447/1540/1372 1439/1528/1368
f 1448/1703/1370 1463/1705/1373 1449/1696/1362
f 1443/1706/1374 1452/1694/1360 1457/1707/1375
f 1443/1706/1374 1458/1708/1376 1444/1700/1366
f 1450/1709/1377 1456/1698/1364 1502/1710/1378
f 1445/1543/1371 1458/1708/1376 1453/1544/1379
f 1615/1518/1380 1450/1709/1377 1502/1710/1378
f 1445/1545/1371 1454/1539/1194 1446/1546/1190
f 1447/1547/1372 1454/1539/1194 1455/1540/1381
f 1447/1543/1372 1462/1708/1382 1440/1702/1369
f 1456/1698/1364 1463/1705/1373 1469/1711/1383
f 1453/1537/1379 1458/1604/1376 1459/1526/1384
f 1453/1537/1379 1460/1552/1201 1454/1539/1194
f 1455/1540/1381 1460/1552/1201 1461/1528/1385
f 1451/1692/1358 1442/1518/1386 1489/1712/1387
f 1448/1703/1370 1462/1708/1382 1468/1713/1388
f 1436/1693/1359 1464/1714/1389 1452/1694/1360
f 1458/1708/1376 1464/1714/1389 1470/1561/1390
f 1459/1526/1384 1470/1562/1390 1465/1516/1213
f 1459/1526/1384 1466/1517/1206 1460/1552/1201
f 1461/1528/1385 1466/1517/1206 1467/1519/1391
f 1461/1528/1385 1474/1610/1392 1462/1715/1382
f 1468/1713/1388 1475/1716/1393 1463/1705/1373
f 1465/1516/1213 1470/1562/1390 1471/1570/1220
f 1465/1516/1213 1472/1518/463 1466/1517/1206
f 1467/1519/1391 1472/1518/463 1473/1563/1394
f 1489/1712/1387 1482/1717/1395 1436/1693/1359
f 1474/1561/1392 1475/1716/1393 1468/1713/1388
f 1464/1714/1389 1482/1717/1395 1483/1718/1396
f 1464/1714/1389 1483/1718/1396 1476/1719/1397
f 1471/1570/1220 1477/1578/1398 1478/1579/1227
f 1471/1570/1220 1479/1571/1221 1472/1518/463
f 1473/1563/1394 1479/1571/1221 1480/1572/1399
f 1473/1563/1394 1481/1649/1400 1474/1610/1392
f 1475/1716/1393 1481/1577/1400 1487/1720/1401
f 1475/1716/1393 1487/1720/1401 1488/1721/1402
f 1469/1711/1383 1488/1721/1402 1497/1722/1403
f 1476/1719/1397 1477/1577/1398 1470/1561/1390
f 1478/1579/1227 1491/1586/1404 1484/1587/1234
f 1478/1579/1227 1485/1580/1228 1479/1571/1221
f 1480/1572/1399 1485/1580/1228 1486/1581/1405
f 1480/1572/1399 1495/1723/1406 1481/1649/1400
f 1483/1718/1396 1490/1724/1407 1476/1719/1397
f 1476/1719/1397 1491/1725/1404 1477/1577/1398
f 1484/1587/1234 1493/1593/1239 1485/1580/1228
f 1486/1581/1405 1493/1593/1239 1494/1594/1408
f 1489/1712/1387 1510/1726/1409 1482/1717/1395
f 1495/1727/1406 1496/1728/1410 1487/1720/1401
f 1482/1717/1395 1503/1729/1411 1483/1718/1396
f 1487/1720/1401 1496/1728/1410 1488/1721/1402
f 1484/1587/1234 1491/1586/1404 1492/1592/1238
f 1494/1547/1408 1499/1539/1246 1500/1540/1412
f 1489/1712/1387 1442/1518/1386 1544/1730/1413
f 1494/1600/1408 1501/1731/1414 1495/1727/1406
f 1496/1728/1410 1501/1731/1414 1509/1732/1415
f 1503/1729/1411 1504/1733/1416 1490/1724/1407
f 1497/1722/1403 1496/1728/1410 1524/1734/1417
f 1490/1724/1407 1505/1599/1418 1491/1725/1404
f 1492/1600/1238 1505/1599/1418 1498/1601/1245
f 1492/1545/1238 1499/1539/1246 1493/1546/1239
f 1500/1540/1412 1507/1552/1251 1508/1528/1419
f 1500/1540/1412 1514/1735/1420 1501/1554/1414
f 1509/1732/1415 1515/1736/1421 1496/1728/1410
f 1502/1710/1378 1524/1734/1417 1550/1737/1422
f 1498/1537/1245 1505/1604/1418 1506/1526/1250
f 1615/1518/1380 1502/1710/1378 1550/1737/1422
f 1498/1537/1245 1507/1552/1251 1499/1539/1246
f 1514/1738/1420 1523/1739/1423 1509/1732/1415
f 1510/1726/1409 1517/1740/1424 1503/1729/1411
f 1505/1599/1418 1517/1740/1424 1518/1607/1425
f 1506/1526/1250 1518/1562/1425 1511/1516/1257
f 1506/1526/1250 1512/1517/1258 1507/1552/1251
f 1508/1528/1419 1512/1517/1258 1513/1519/1426
f 1513/1519/1426 1522/1741/1427 1514/1735/1420
f 1544/1730/1413 1516/1742/1428 1510/1726/1409
f 1523/1739/1423 1537/1743/1429 1515/1736/1421
f 1511/1516/1257 1518/1562/1425 1519/1570/1263
f 1511/1516/1257 1520/1518/304 1512/1517/1258
f 1513/1519/1426 1520/1518/304 1521/1563/1430
f 1522/1744/1427 1529/1745/1431 1523/1739/1423
f 1516/1742/1428 1530/1746/1432 1517/1740/1424
f 1537/1743/1429 1558/1747/1433 1524/1734/1417
f 1525/1748/1434 1531/1749/1435 1518/1607/1425
f 1519/1570/1263 1531/1750/1435 1526/1579/1269
f 1519/1570/1263 1527/1618/1270 1520/1518/304
f 1521/1563/1430 1527/1618/1270 1528/1572/1436
f 1521/1563/1430 1535/1751/1437 1522/1741/1427
f 1525/1748/1434 1530/1746/1432 1538/1623/1438
f 1526/1579/1269 1531/1750/1435 1532/1587/1275
f 1526/1579/1269 1533/1622/1276 1527/1618/1270
f 1528/1572/1436 1533/1622/1276 1534/1581/1439
f 1529/1745/1431 1535/1752/1437 1536/1623/1440
f 1536/1623/1440 1543/1753/1441 1537/1743/1429
f 1538/1623/1438 1539/1629/1442 1531/1749/1435
f 1532/1587/1275 1539/1624/1442 1540/1592/1280
f 1532/1587/1275 1541/1625/1281 1533/1622/1276
f 1534/1581/1439 1541/1625/1281 1542/1594/1443
f 1534/1581/1439 1549/1588/1444 1535/1751/1437
f 1538/1623/1438 1551/1754/1445 1545/1638/1446
f 1538/1623/1438 1552/1631/1447 1539/1629/1442
f 1540/1630/1280 1552/1631/1447 1546/1632/1448
f 1540/1633/1280 1547/1625/1289 1541/1634/1281
f 1542/1635/1443 1547/1625/1289 1548/1636/1449
f 1544/1730/1413 1559/1755/1450 1516/1742/1428
f 1536/1623/1440 1549/1756/1444 1557/1757/1451
f 1530/1746/1432 1559/1755/1450 1551/1754/1445
f 1558/1747/1433 1565/1758/1452 1550/1737/1422
f 1546/1640/1448 1552/1759/1447 1553/1647/1301
f 1615/1518/1380 1550/1737/1422 1565/1758/1452
f 1546/1640/1448 1554/1622/1295 1547/1625/1289
f 1548/1636/1449 1554/1622/1295 1555/1641/1453
f 1544/1730/1413 1442/1518/1386 1585/1760/1454
f 1548/1636/1449 1556/1761/1455 1549/1588/1444
f 1557/1757/1451 1564/1762/1456 1543/1753/1441
f 1553/1647/1301 1560/1652/1457 1561/1653/1306
f 1553/1647/1301 1562/1618/1302 1554/1622/1295
f 1555/1641/1453 1562/1618/1302 1563/1648/1458
f 1555/1641/1453 1571/1763/1459 1556/1761/1455
f 1556/1764/1455 1572/1765/1460 1557/1757/1451
f 1559/1755/1450 1566/1766/1461 1551/1754/1445
f 1545/1638/1446 1566/1766/1461 1567/1767/1462
f 1558/1747/1433 1564/1762/1456 1584/1768/1463
f 1545/1638/1446 1560/1651/1457 1552/1631/1447
f 1561/1653/1306 1560/1652/1457 1568/1660/1313
f 1561/1653/1306 1569/1518/632 1562/1618/1302
f 1563/1648/1458 1569/1518/632 1570/1520/1464
f 1585/1760/1454 1586/1769/1465 1559/1755/1450
f 1572/1765/1460 1583/1770/1466 1564/1762/1456
f 1568/1660/1313 1574/1517/1316 1569/1518/632
f 1570/1520/1464 1574/1517/1316 1575/1519/1467
f 1570/1520/1464 1576/1771/1468 1571/1763/1459
f 1572/1765/1460 1576/1772/1468 1582/1773/1469
f 1586/1769/1465 1577/1774/1470 1566/1766/1461
f 1566/1766/1461 1577/1774/1470 1567/1767/1462
f 1567/1767/1462 1578/1775/1471 1560/1651/1457
f 1568/1660/1313 1578/1776/1471 1573/1516/1315
f 1573/1516/1315 1580/1552/1325 1574/1517/1316
f 1575/1519/1467 1580/1552/1325 1581/1528/1326
f 1575/1519/1467 1591/1663/1472 1576/1771/1468
f 1573/1516/1315 1578/1776/1471 1579/1526/1324
f 1581/1528/1326 1589/1673/1332 1590/1540/1333
f 1582/1773/1469 1591/1665/1472 1597/1669/1473
f 1586/1769/1465 1592/1777/1474 1577/1774/1470
f 1582/1773/1469 1598/1778/1475 1583/1770/1466
f 1584/1768/1463 1598/1778/1475 1604/1779/1476
f 1587/1780/1477 1593/1781/1478 1578/1775/1471
f 1579/1526/1324 1593/1672/1478 1588/1537/1331
f 1579/1526/1324 1589/1673/1332 1580/1552/1325
f 1585/1760/1454 1442/1518/1386 1451/1692/1358
f 1590/1674/1333 1603/1782/1479 1591/1665/1472
f 1586/1769/1465 1451/1692/1358 1428/1691/1357
f 1592/1777/1474 1599/1783/1480 1587/1780/1477
f 1588/1674/1331 1593/1781/1478 1594/1675/1481
f 1588/1676/1331 1595/1625/1335 1589/1634/1332
f 1590/1677/1333 1595/1625/1335 1596/1636/1482
f 1597/1669/1473 1603/1782/1479 1611/1784/1483
f 1428/1691/1357 1605/1785/1484 1592/1777/1474
f 1599/1783/1480 1606/1786/1485 1593/1781/1478
f 1565/1758/1452 1604/1779/1476 1450/1709/1377
f 1594/1640/1481 1606/1787/1485 1600/1647/1486
f 1615/1518/1380 1565/1758/1452 1450/1709/1377
f 1594/1640/1481 1601/1683/1342 1595/1625/1335
f 1596/1636/1482 1601/1683/1342 1602/1641/1343
f 1611/1784/1483 1610/1686/1349 1614/1689/1351
f 1605/1785/1484 1612/1788/1487 1599/1783/1480
f 1604/1779/1476 1611/1784/1483 1435/1699/1365
f 1600/1647/1486 1606/1787/1485 1607/1653/1488
f 1600/1647/1486 1608/1618/1345 1601/1683/1342
f 1602/1641/1343 1608/1618/1345 1609/1648/1489
f 1602/1641/1343 1610/1522/1349 1603/1789/1479
f 1428/1691/1357 1429/1695/1361 1605/1785/1484
f 1614/1689/1351 1434/1697/1363 1611/1784/1483
f 1612/1788/1487 1430/1701/1353 1606/1786/1485
f 1607/1653/1488 1430/1690/1353 1613/1514/1352
f 1607/1653/1488 1426/1518/1356 1608/1618/1345
f 1609/1648/1489 1426/1518/1356 1427/1687/1347
f 1624/1790/1490 1617/1791/1491 1616/1792/1492
f 1625/1793/1493 1621/1794/1494 1620/1795/1495
f 1628/1796/1496 1625/1793/1493 1619/1797/1497
f 1626/1798/1498 1629/1799/1499 1622/1800/1500
f 1629/1799/1499 1623/1801/1501 1622/1800/1500
f 1630/1802/1502 1624/1790/1490 1623/1803/1501
f 1631/1804/1503 1627/1805/1504 1624/1790/1490
f 1627/1806/1504 1632/1807/1505 1618/1808/1506
f 1632/1807/1505 1628/1809/1496 1618/1808/1506
f 1628/1796/1496 1634/1810/1507 1625/1793/1493
f 1634/1810/1507 1626/1811/1498 1625/1793/1493
f 1635/1812/1508 1629/1799/1499 1626/1798/1498
f 1636/1813/1509 1627/1805/1504 1631/1804/1503
f 1638/1814/1510 1629/1799/1499 1635/1812/1508
f 1639/1815/1511 1631/1804/1503 1630/1802/1502
f 1637/1816/1512 1640/1817/1513 1632/1807/1505
f 1640/1817/1513 1633/1818/1514 1632/1807/1505
f 1641/1819/1515 1634/1820/1507 1633/1821/1514
f 1642/1822/1516 1638/1823/1510 1634/1820/1507
f 1643/1824/1517 1639/1825/1511 1629/1799/1499
f 1644/1826/1518 1637/1827/1512 1636/1828/1509
f 1645/1829/1519 1640/1817/1513 1637/1816/1512
f 1646/1830/1520 1643/1824/1517 1638/1814/1510
f 1647/1831/1521 1636/1828/1509 1639/1832/1511
f 1645/1829/1519 1648/1833/1522 1640/1817/1513
f 1648/1833/1522 1641/1834/1515 1640/1817/1513
f 1641/1819/1515 1650/1835/1523 1642/1822/1516
f 1650/1835/1523 1646/1836/1520 1642/1822/1516
f 1651/1837/1524 1647/1838/1521 1643/1824/1517
f 1652/1839/1525 1645/1840/1519 1644/1826/1518
f 1653/1841/1526 1648/1833/1522 1645/1829/1519
f 1654/1842/1527 1651/1837/1524 1646/1830/1520
f 1647/1831/1521 1652/1839/1525 1644/1826/1518
f 1656/1843/1528 1650/1835/1523 1649/1844/1529
f 1657/1845/1530 1654/1846/1527 1650/1835/1523
f 1652/1839/1525 1659/1847/1531 1653/1848/1526
f 1659/1849/1531 1648/1833/1522 1653/1841/1526
f 1660/1850/1532 1656/1851/1528 1648/1833/1522
f 1654/1842/1527 1662/1852/1533 1651/1837/1524
f 1651/1837/1524 1663/1849/1534 1655/1853/1535
f 1663/1854/1534 1652/1839/1525 1655/1855/1535
f 1664/1856/1536 1660/1850/1532 1659/1849/1531
f 1656/1843/1528 1666/1857/1537 1657/1845/1530
f 1666/1857/1537 1661/1858/1538 1657/1845/1530
f 1662/1852/1533 1668/1859/1539 1663/1849/1534
f 1669/1860/1540 1664/1861/1536 1658/1862/1541
f 1670/1863/1542 1667/1864/1543 1666/1857/1537
f 1667/1865/1543 1671/1866/1544 1662/1852/1533
f 1671/1866/1544 1668/1859/1539 1662/1852/1533
f 1664/1856/1536 1673/1867/1545 1660/1850/1532
f 1673/1867/1545 1665/1868/1546 1660/1850/1532
f 1675/1869/1547 1671/1866/1544 1667/1865/1543
f 1676/1870/1548 1669/1860/1540 1668/1871/1539
f 1677/1872/1549 1672/1873/1550 1669/1860/1540
f 1674/1874/1551 1679/1875/1552 1670/1863/1542
f 1679/1875/1552 1675/1876/1547 1670/1863/1542
f 1676/1870/1548 1677/1872/1549 1669/1860/1540
f 1682/1877/1553 1672/1827/1550 1677/1878/1549
f 1672/1879/1550 1684/1880/1554 1673/1867/1545
f 1684/1880/1554 1678/1881/1555 1673/1867/1545
f 1685/1882/1556 1680/1883/1557 1679/1884/1552
f 1680/1885/1557 1686/1886/1558 1671/1866/1544
f 1686/1886/1558 1681/1887/1559 1671/1866/1544
f 1687/1888/1560 1685/1882/1556 1678/1889/1555
f 1685/1882/1556 1688/1890/1561 1680/1883/1557
f 1688/1891/1561 1686/1886/1558 1680/1885/1557
f 1689/1892/1562 1682/1877/1553 1681/1893/1559
f 1682/1877/1553 1691/1894/1563 1683/1895/1564
f 1691/1896/1563 1684/1880/1554 1683/1897/1564
f 1692/1898/1565 1687/1891/1560 1684/1880/1554
f 1687/1888/1560 1694/1899/1566 1685/1882/1556
f 1694/1899/1566 1688/1890/1561 1685/1882/1556
f 1695/1900/1567 1686/1886/1558 1688/1891/1561
f 1696/1901/1568 1689/1902/1562 1686/1886/1558
f 1697/1794/1569 1690/1903/1570 1689/1892/1562
f 1698/1904/1571 1691/1894/1563 1690/1903/1570
f 1699/1905/1572 1692/1898/1565 1691/1896/1563
f 1700/1906/1573 1693/1907/1574 1692/1898/1565
f 1693/1908/1574 1702/1909/1575 1694/1899/1566
f 1702/1909/1575 1695/1910/1567 1694/1899/1566
f 1703/1911/1576 1696/1901/1568 1695/1900/1567
f 1697/1794/1569 1698/1904/1571 1690/1903/1570
f 1705/1912/1577 1699/1913/1572 1698/1904/1571
f 1706/1914/1578 1703/1915/1576 1702/1909/1575
f 1707/1916/1579 1700/1906/1573 1699/1905/1572
f 1708/1917/1580 1701/1918/1581 1700/1906/1573
f 1709/1919/1582 1706/1914/1578 1701/1920/1581
f 1703/1911/1576 1711/1921/1583 1696/1901/1568
f 1696/1901/1568 1712/1916/1584 1704/1922/1585
f 1712/1923/1584 1705/1912/1577 1704/1924/1585
f 1713/1925/1586 1707/1926/1579 1705/1912/1577
f 1714/1927/1587 1708/1917/1580 1707/1916/1579
f 1715/1928/1588 1710/1929/1589 1706/1914/1578
f 1712/1923/1584 1713/1925/1586 1705/1912/1577
f 1708/1917/1580 1719/1930/1590 1709/1931/1582
f 1719/1932/1590 1715/1933/1588 1709/1934/1582
f 1715/1933/1588 1721/1876/1591 1710/1935/1589
f 1721/1936/1591 1711/1921/1583 1710/1937/1589
f 1717/1938/1592 1723/1939/1593 1714/1940/1587
f 1723/1941/1593 1718/1942/1594 1714/1927/1587
f 1720/1863/1595 1724/1943/1596 1721/1876/1591
f 1724/1944/1596 1722/1945/1597 1721/1936/1591
f 1722/1945/1597 1725/1946/1598 1716/1947/1599
f 1725/1948/1598 1717/1938/1592 1716/1949/1599
f 1727/1950/1600 1720/1863/1595 1719/1932/1590
f 1728/1857/1601 1724/1943/1596 1720/1863/1595
f 1723/1941/1593 1731/1951/1602 1718/1942/1594
f 1728/1857/1601 1733/1952/1603 1724/1943/1596
f 1733/1953/1603 1729/1954/1604 1724/1944/1596
f 1734/1854/1605 1726/1955/1606 1725/1948/1598
f 1735/1839/1607 1730/1847/1608 1726/1955/1606
f 1731/1951/1602 1737/1956/1609 1727/1957/1600
f 1737/1958/1609 1732/1795/1610 1727/1950/1600
f 1734/1854/1605 1735/1839/1607 1726/1955/1606
f 1739/1959/1611 1737/1956/1609 1731/1951/1602
f 1737/1958/1609 1741/1960/1612 1732/1795/1610
f 1741/1960/1612 1733/1952/1603 1732/1795/1610
f 1742/1961/1613 1729/1954/1604 1733/1953/1603
f 1743/1962/1614 1738/1963/1615 1729/1954/1604
f 1735/1839/1607 1745/1964/1616 1736/1965/1617
f 1745/1966/1616 1739/1959/1611 1736/1967/1617
f 1746/1968/1618 1735/1839/1607 1738/1969/1615
f 1747/1970/1619 1739/1959/1611 1745/1966/1616
f 1748/1971/1620 1740/1972/1621 1739/1959/1611
f 1749/1973/1622 1741/1960/1612 1740/1974/1621
f 1741/1960/1612 1751/1975/1623 1742/1976/1613
f 1742/1961/1613 1752/1977/1624 1743/1962/1614
f 1752/1977/1624 1746/1978/1618 1743/1962/1614
f 1753/1828/1625 1747/1979/1619 1744/1980/1626
f 1754/1981/1627 1752/1977/1624 1751/1982/1623
f 1746/1968/1618 1753/1828/1625 1744/1980/1626
f 1753/1983/1625 1757/1984/1628 1747/1985/1619
f 1757/1986/1628 1748/1971/1620 1747/1970/1619
f 1758/1821/1629 1750/1987/1630 1749/1973/1622
f 1760/1988/1631 1755/1989/1632 1752/1977/1624
f 1761/1990/1633 1748/1971/1620 1757/1986/1628
f 1762/1991/1634 1758/1992/1629 1748/1971/1620
f 1763/1993/1635 1759/1994/1636 1758/1995/1629
f 1759/1994/1636 1765/1996/1637 1754/1997/1627
f 1765/1998/1637 1760/1988/1631 1754/1981/1627
f 1760/1988/1631 1766/1999/1638 1755/1989/1632
f 1766/2000/1638 1756/2001/1639 1755/2002/1632
f 1767/2003/1640 1761/2004/1633 1756/2001/1639
f 1768/2005/1641 1760/1988/1631 1765/1998/1637
f 1769/2006/1642 1756/2001/1639 1766/2000/1638
f 1767/2003/1640 1770/2007/1643 1761/2004/1633
f 1770/2008/1643 1762/1991/1634 1761/1990/1633
f 1771/2009/1644 1764/2010/1645 1763/1993/1635
f 1620/1795/1495 1768/2011/1641 1764/2010/1645
f 1622/1800/1500 1769/2012/1642 1760/1988/1631
f 1770/2008/1643 1618/1808/1506 1762/1991/1634
f 1618/1808/1506 1771/2013/1644 1762/1991/1634
f 1619/1797/1497 1620/1795/1495 1771/2009/1644
f 1621/2014/1494 1622/1800/1500 1768/2005/1641
f 1622/1800/1500 1623/1801/1501 1769/2012/1642
f 1623/1803/1501 1616/1792/1492 1769/2006/1642
f 1780/2015/1646 1773/2016/1647 1772/2017/1648
f 1781/2018/1649 1778/2019/1650 1777/2014/1651
f 1779/1794/1652 1780/2015/1646 1772/2017/1648
f 1780/2015/1646 1784/1964/1653 1773/2016/1647
f 1773/2020/1647 1785/2021/1654 1774/2022/1655
f 1785/2021/1654 1775/2023/1656 1774/2022/1655
f 1786/2024/1657 1776/1899/1658 1775/1797/1656
f 1789/1812/1659 1778/2019/1650 1781/2018/1649
f 1790/2025/1660 1782/2026/1661 1778/2019/1650
f 1791/2027/1662 1783/2028/1663 1782/2029/1661
f 1792/1878/1664 1788/2030/1665 1783/2028/1663
f 1786/2024/1657 1794/1884/1666 1787/2031/1667
f 1794/1884/1666 1789/1975/1659 1787/2031/1667
f 1795/1814/1668 1790/2025/1660 1789/1812/1659
f 1796/1815/1669 1783/2028/1663 1791/2027/1662
f 1792/1878/1664 1798/2032/1670 1788/2030/1665
f 1788/2033/1665 1799/1817/1671 1785/2021/1654
f 1799/1817/1671 1793/2034/1672 1785/2021/1654
f 1800/1824/1673 1796/1825/1669 1790/2025/1660
f 1801/2035/1674 1794/2036/1666 1793/2037/1672
f 1802/2031/1675 1795/1823/1668 1794/2036/1666
f 1803/1830/1676 1800/1824/1673 1795/1814/1668
f 1804/1831/1677 1797/2038/1678 1796/1832/1669
f 1805/2039/1679 1798/2040/1670 1797/2038/1678
f 1798/2041/1670 1807/1833/1680 1799/1817/1671
f 1807/1833/1680 1801/2042/1674 1799/1817/1671
f 1808/2043/1681 1802/2031/1675 1801/2035/1674
f 1809/1837/1524 1804/2044/1677 1800/1824/1673
f 1804/1831/1677 1805/2039/1679 1797/2038/1678
f 1810/2045/1682 1806/2046/1683 1805/2039/1679
f 1811/2047/1684 1803/1836/1676 1802/2031/1675
f 1812/1842/1685 1809/1837/1524 1803/1830/1676
f 1804/1831/1677 1810/2045/1682 1805/2039/1679
f 1815/1958/1686 1811/2047/1684 1808/2043/1681
f 1816/1904/1687 1814/2048/1688 1810/2045/1682
f 1817/1850/1689 1815/2049/1686 1807/1833/1680
f 1815/1958/1686 1819/2050/1690 1811/2047/1684
f 1819/2050/1690 1812/1846/1685 1811/2047/1684
f 1812/1842/1685 1821/2051/1691 1809/1837/1524
f 1809/1837/1524 1822/1849/1692 1813/1853/1693
f 1822/1854/1692 1810/2045/1682 1813/1855/1693
f 1816/1904/1687 1824/2052/1694 1814/2048/1688
f 1824/1859/1694 1817/1850/1689 1814/2053/1688
f 1826/2054/1695 1816/1904/1687 1822/1854/1692
f 1827/2055/1696 1819/2050/1690 1818/1920/1697
f 1828/1863/1698 1825/1864/1699 1819/2050/1690
f 1825/1865/1699 1829/2056/1700 1821/2051/1691
f 1829/2056/1700 1826/2057/1695 1821/2051/1691
f 1830/2058/1701 1824/2052/1694 1823/2059/1702
f 1824/1859/1694 1832/2060/1703 1817/1850/1689
f 1832/2060/1703 1827/2061/1696 1817/1850/1689
f 1833/1869/1704 1829/2056/1700 1825/1865/1699
f 1834/2062/1705 1823/2059/1702 1826/2054/1695
f 1827/2055/1696 1836/1875/1706 1828/1863/1698
f 1836/1875/1706 1833/1876/1704 1828/1863/1698
f 1838/1980/1707 1831/1827/1708 1830/1878/1701
f 1840/1882/1709 1837/2063/1710 1836/1884/1706
f 1837/2064/1710 1841/2065/1711 1829/2056/1700
f 1841/2065/1711 1834/2066/1705 1829/2056/1700
f 1834/1832/1705 1838/1980/1707 1830/1878/1701
f 1832/2060/1703 1844/2067/1712 1835/2068/1713
f 1844/2069/1712 1840/1882/1709 1835/2070/1713
f 1845/2071/1714 1841/2065/1711 1837/2064/1710
f 1838/1980/1707 1847/2072/1715 1839/2073/1716
f 1844/2069/1712 1848/1899/1717 1840/1882/1709
f 1848/1899/1717 1845/2074/1714 1840/1882/1709
f 1849/2075/1718 1838/1980/1707 1842/2076/1719
f 1843/2077/1720 1851/2078/1721 1844/2067/1712
f 1851/1958/1721 1848/1899/1717 1844/2069/1712
f 1852/2078/1722 1841/2065/1711 1845/2071/1714
f 1853/2079/1723 1849/2080/1718 1841/2065/1711
f 1854/1904/1724 1847/2072/1715 1846/1903/1725
f 1855/1905/1726 1850/2081/1727 1847/2082/1715
f 1851/1958/1721 1857/2083/1728 1848/1899/1717
f 1857/2083/1728 1852/1794/1722 1848/1899/1717
f 1858/1911/1729 1853/2079/1723 1852/2078/1722
f 1849/2075/1718 1854/1904/1724 1846/1903/1725
f 1860/1912/1577 1855/1913/1726 1854/1904/1724
f 1861/2084/1730 1856/2085/1731 1850/2081/1727
f 1858/1911/1729 1862/2086/1732 1853/2079/1723
f 1863/1916/1733 1861/2084/1730 1855/1905/1726
f 1856/2087/1731 1865/2088/1734 1857/2083/1728
f 1865/2088/1734 1858/2089/1729 1857/2083/1728
f 1862/2086/1732 1867/1916/1735 1859/2090/1736
f 1867/1923/1735 1860/1912/1577 1859/2091/1736
f 1868/1925/1737 1863/1926/1733 1860/1912/1577
f 1869/1927/1738 1861/2084/1730 1863/1916/1733
f 1867/1923/1735 1868/1925/1737 1860/1912/1577
f 1870/2092/1739 1873/1936/1740 1864/2093/1741
f 1873/1874/1740 1865/1933/1734 1864/1934/1741
f 1865/1933/1734 1875/1876/1742 1866/1935/1743
f 1875/1936/1742 1862/2086/1732 1866/2094/1743
f 1872/2095/1744 1877/2096/1745 1869/1940/1738
f 1877/2097/1745 1870/2092/1739 1869/1927/1738
f 1870/2092/1739 1879/2098/1746 1873/1936/1740
f 1879/2099/1746 1874/1863/1747 1873/1874/1740
f 1874/1863/1747 1880/1943/1748 1875/1876/1742
f 1880/1944/1748 1876/1945/1749 1875/1936/1742
f 1876/1945/1749 1881/1946/1750 1871/2100/1751
f 1881/1948/1750 1872/2095/1744 1871/2101/1751
f 1882/2102/1752 1877/2096/1745 1872/2095/1744
f 1883/2103/1753 1878/2104/1754 1877/2097/1745
f 1884/1857/1755 1880/1943/1748 1874/1863/1747
f 1883/2103/1753 1886/2105/1756 1878/2104/1754
f 1886/2105/1756 1879/2098/1746 1878/2104/1754
f 1887/2106/1757 1884/1857/1755 1879/2099/1746
f 1884/1857/1755 1889/1952/1758 1880/1943/1748
f 1889/1953/1758 1885/2107/1759 1880/1944/1748
f 1890/1854/1760 1882/2102/1752 1881/1948/1750
f 1891/1839/1761 1883/2108/1753 1882/2102/1752
f 1893/2109/1762 1890/2110/1760 1885/2107/1759
f 1890/1854/1760 1891/1839/1761 1882/2102/1752
f 1895/1959/1763 1887/2111/1757 1886/2105/1756
f 1896/2112/1764 1888/2113/1765 1887/2106/1757
f 1897/1835/1766 1889/1952/1758 1888/2113/1765
f 1898/2114/1767 1893/2109/1762 1889/1953/1758
f 1891/1839/1761 1900/2115/1768 1892/1965/1769
f 1900/2116/1768 1895/1959/1763 1892/1967/1769
f 1901/2117/1770 1891/1839/1761 1894/1969/1771
f 1902/2118/1772 1896/2119/1764 1895/1959/1763
f 1903/1973/1773 1897/1835/1766 1896/2112/1764
f 1897/1835/1766 1905/1975/1774 1898/1976/1767
f 1898/2114/1767 1906/2120/1775 1893/2109/1762
f 1906/2120/1775 1901/2121/1770 1893/2109/1762
f 1899/2122/1776 1908/1827/1777 1900/2115/1768
f 1908/2123/1777 1902/2118/1772 1900/2116/1768
f 1909/2124/1778 1906/2120/1775 1905/1982/1774
f 1910/1832/1779 1899/2122/1776 1901/2117/1770
f 1911/2125/1780 1902/2118/1772 1908/2123/1777
f 1912/2126/1781 1903/2127/1773 1902/2118/1772
f 1913/1821/1782 1904/1822/1783 1903/1973/1773
f 1914/1820/1784 1909/2128/1778 1904/1822/1783
f 1915/2129/1785 1911/2130/1780 1907/2131/1786
f 1914/1994/1784 1917/1996/1787 1909/1997/1778
f 1917/1998/1787 1906/2120/1775 1909/2124/1778
f 1906/2120/1775 1919/1999/1788 1910/2132/1779
f 1919/2000/1788 1907/2131/1786 1910/2133/1779
f 1920/2134/1789 1912/2126/1781 1911/2125/1780
f 1912/2126/1781 1922/2135/1790 1913/2136/1782
f 1922/2137/1790 1916/2010/1791 1913/2138/1782
f 1923/2139/1792 1918/2140/1793 1917/1998/1787
f 1772/2017/1648 1920/2141/1789 1915/2129/1785
f 1925/2142/1794 1923/2143/1792 1916/2010/1791
f 1920/2134/1789 1774/2022/1655 1921/2144/1795
f 1774/2022/1655 1922/2135/1790 1921/2144/1795
f 1775/1797/1656 1925/2142/1794 1922/2137/1790
f 1925/2142/1794 1777/1794/1651 1923/2143/1792
f 1923/2139/1792 1778/2019/1650 1918/2140/1793
f 1918/2140/1793 1779/2145/1652 1924/2146/1796
f 1779/1794/1652 1772/2017/1648 1924/2147/1796
f 2033/2343/1901 2039/2344/1902 2034/2345/1903
f 2039/2346/1902 2035/2347/1904 2034/2348/1903
f 2040/2349/1905 2036/2350/1906 2035/2347/1904
f 2041/2351/1907 2037/2352/1908 2036/2353/1906
f 2037/2352/1908 2043/2354/1909 2038/2355/1910
f 2043/2356/1909 2031/2357/1911 2038/2358/1910
f 2031/2357/1911 2045/2359/1912 2032/2360/1913
f 2045/2361/1912 2033/2343/1901 2032/2362/1913
f 2033/2343/1901 2047/2363/1914 2039/2344/1902
f 2039/2346/1902 2048/2364/1915 2040/2349/1905
f 2048/2364/1915 2041/2365/1907 2040/2349/1905
f 2049/2366/1916 2042/2367/1917 2041/2351/1907
f 2050/2368/1918 2043/2354/1909 2042/2367/1917
f 2051/2369/1919 2044/2370/1920 2043/2356/1909
f 2052/2371/1921 2045/2359/1912 2044/2370/1920
f 2053/2372/1922 2046/2373/1923 2045/2361/1912
f 2054/2374/1924 2049/2375/1916 2048/2364/1915
f 2050/2368/1918 2056/2376/1925 2051/2377/1919
f 2051/2369/1919 2052/2371/1921 2044/2370/1920
f 2053/2372/1922 2057/2378/1926 2046/2373/1923
f 2057/2378/1926 2047/2363/1914 2046/2373/1923
f 2058/2379/1927 2054/2380/1924 2047/2381/1914
f 2059/2382/1928 2053/2383/1922 2052/2384/1921
f 2061/2385/1929 2054/2380/1924 2058/2379/1927
f 2062/2386/1930 2055/2387/1931 2054/2380/1924
f 2055/2388/1931 2064/2389/1932 2050/2368/1918
f 2064/2389/1932 2056/2376/1925 2050/2368/1918
f 2065/2390/1933 2052/2384/1921 2056/2391/1925
f 2060/2392/1934 2066/2393/1935 2057/2378/1926
f 2066/2393/1935 2061/2394/1929 2057/2378/1926
f 2068/2395/1936 2060/2396/1934 2059/2382/1928
f 2069/2397/1937 2066/2393/1935 2060/2392/1934
f 2070/2398/1938 2062/2386/1930 2061/2385/1929
f 2071/2399/1939 2063/2400/1940 2062/2386/1930
f 2072/2401/1941 2064/2389/1932 2063/2402/1940
f 2067/2403/1942 2068/2395/1936 2059/2382/1928
f 2069/2397/1937 2075/2404/1943 2066/2393/1935
f 2075/2404/1943 2070/2405/1938 2066/2393/1935
f 2076/2406/1944 2068/2395/1936 2067/2403/1942
f 2078/2407/1945 2071/2399/1939 2070/2398/1938
f 2079/2408/1946 2072/2409/1941 2071/2399/1939
f 2080/2410/1947 2073/2411/1948 2072/2401/1941
f 2081/2412/1949 2076/2413/1944 2073/2411/1948
f 2077/2414/1950 2082/2415/1951 2074/2416/1952
f 2082/2417/1951 2075/2404/1943 2074/2418/1952
f 2084/2419/1953 2081/2412/1949 2080/2410/1947
f 2081/2412/1949 2085/2420/1954 2076/2413/1944
f 2085/2421/1954 2077/2414/1950 2076/2406/1944
f 2086/2422/1955 2082/2415/1951 2077/2414/1950
f 2087/2423/1956 2083/2424/1957 2075/2404/1943
f 2083/2425/1957 2088/2426/1958 2079/2408/1946
f 2088/2426/1958 2084/2427/1953 2079/2408/1946
f 2081/2412/1949 2090/2428/1959 2085/2420/1954
f 2085/2421/1954 2086/2422/1955 2077/2414/1950
f 2091/2429/1960 2082/2415/1951 2086/2422/1955
f 2087/2423/1956 2093/2430/1961 2083/2424/1957
f 2094/2431/1962 2089/2432/1963 2084/2419/1953
f 2092/2433/1964 2095/2434/1965 2087/2423/1956
f 2095/2434/1965 2093/2430/1961 2087/2423/1956
f 2093/2435/1961 2097/2436/1966 2088/2426/1958
f 2097/2436/1966 2094/2437/1962 2088/2426/1958
f 2094/2431/1962 2098/2438/1967 2089/2432/1963
f 2098/2438/1967 2090/2428/1959 2089/2432/1963
f 2099/2439/1968 2091/2429/1960 2090/2440/1959
f 2100/2441/1969 2092/2442/1964 2091/2443/1960
f 2101/2444/1970 2095/2434/1965 2092/2433/1964
f 2097/2445/1966 2103/2446/1971 2094/2447/1962
f 2104/2448/1972 2091/2443/1960 2099/2449/1968
f 2105/2450/1973 2095/2434/1965 2101/2444/1970
f 2095/2434/1965 2107/2451/1974 2096/2452/1975
f 2107/2453/1974 2102/2454/1976 2096/2455/1975
f 2108/2456/1977 2098/2438/1967 2103/2457/1971
f 2109/2458/1978 2104/2459/1972 2098/2438/1967
f 2110/2460/1979 2105/2461/1973 2100/2441/1969
f 2111/2462/1980 2108/2463/1977 2102/2454/1976
f 2109/2458/1978 2112/2464/1981 2104/2459/1972
f 2112/2465/1981 2100/2441/1969 2104/2448/1972
f 2110/2460/1979 2114/2466/1982 2105/2461/1973
f 2114/2467/1982 2106/2468/1983 2105/2450/1973
f 2106/2468/1983 2116/2469/1984 2107/2451/1974
f 2116/2470/1984 2111/2462/1980 2107/2453/1974
f 2117/2471/1985 2109/2458/1978 2108/2456/1977
f 2118/2472/1986 2112/2464/1981 2109/2458/1978
f 2119/2473/1987 2117/2474/1985 2111/2462/1980
f 2120/2475/1988 2113/2476/1989 2112/2465/1981
f 2113/2476/1989 2122/2477/1990 2114/2466/1982
f 2122/2478/1990 2115/2479/1991 2114/2467/1982
f 2123/2480/1992 2116/2469/1984 2115/2479/1991
f 2124/2481/1993 2119/2473/1987 2116/2470/1984
f 2119/2473/1987 2126/2482/1994 2117/2474/1985
f 2120/2475/1988 2121/2483/1995 2113/2476/1989
f 2128/2484/1996 2123/2480/1992 2122/2478/1990
f 2126/2485/1994 2130/2486/1997 2118/2472/1986
f 2131/2487/1998 2128/2488/1996 2121/2483/1995
f 2123/2480/1992 2133/2489/1999 2124/2490/1993
f 2124/2481/1993 2134/2491/2000 2125/2492/2001
f 2134/2491/2000 2129/2493/2002 2125/2492/2001
f 2130/2486/1997 2135/2494/2003 2127/2495/2004
f 2127/2496/2004 2131/2487/1998 2121/2483/1995
f 2136/2497/2005 2128/2498/1996 2131/2499/1998
f 2137/2500/2006 2132/2501/2007 2128/2484/1996
f 2134/2502/2000 2139/2503/2008 2129/2504/2002
f 2139/2505/2008 2130/2486/1997 2129/2506/2002
f 2132/2501/2007 2142/2507/2009 2133/2489/1999
f 2142/2508/2009 2138/2426/2010 2133/2509/1999
f 2138/2426/2010 2143/2510/2011 2139/2503/2008
f 2143/2511/2011 2140/2512/2012 2139/2505/2008
f 2140/2512/2012 2144/2513/2013 2135/2494/2003
f 2144/2514/2013 2136/2497/2005 2135/2515/2003
f 2145/2516/2014 2137/2517/2006 2136/2497/2005
f 2146/2518/2015 2141/2519/2016 2137/2500/2006
f 2148/2520/2017 2144/2513/2013 2140/2512/2012
f 2144/2514/2013 2145/2516/2014 2136/2497/2005
f 2146/2518/2015 2150/2521/2018 2141/2519/2016
f 2150/2521/2018 2142/2507/2009 2141/2519/2016
f 2151/2522/2019 2147/2523/2020 2142/2508/2009
f 2147/2523/2020 2153/2524/2021 2143/2510/2011
f 2153/2525/2021 2148/2520/2017 2143/2511/2011
f 2154/2395/2022 2146/2526/2015 2145/2516/2014
f 2155/2527/2023 2150/2521/2018 2146/2518/2015
f 2153/2525/2021 2157/2528/2024 2148/2520/2017
f 2157/2528/2024 2149/2529/2025 2148/2520/2017
f 2149/2530/2025 2154/2395/2022 2145/2516/2014
f 2159/2531/2026 2151/2532/2019 2150/2521/2018
f 2160/2533/2027 2152/2534/2028 2151/2522/2019
f 2161/2535/2029 2156/2536/2030 2152/2534/2028
f 2154/2395/2022 2163/2537/2031 2155/2538/2023
f 2163/2539/2031 2159/2531/2026 2155/2527/2023
f 2164/2540/2032 2161/2535/2029 2160/2533/2027
f 2161/2535/2029 2166/2541/2033 2156/2536/2030
f 2166/2542/2033 2157/2528/2024 2156/2543/2030
f 2167/2544/2034 2158/2545/2035 2157/2528/2024
f 2168/2546/2036 2154/2395/2022 2158/2547/2035
f 2169/2384/2037 2163/2537/2031 2162/2548/2038
f 2170/2549/2039 2159/2531/2026 2163/2539/2031
f 2159/2531/2026 2172/2550/2040 2164/2551/2032
f 2172/2552/2040 2165/2553/2041 2164/2540/2032
f 2165/2553/2041 2174/2554/2042 2166/2541/2033
f 2174/2555/2042 2167/2544/2034 2166/2542/2033
f 2168/2546/2036 2169/2384/2037 2162/2548/2038
f 2176/2556/2043 2167/2544/2034 2174/2555/2042
f 2178/2557/2044 2170/2558/2039 2169/2559/2037
f 2179/2560/2045 2171/2561/2046 2170/2549/2039
f 2171/2561/2046 2181/2562/2047 2172/2550/2040
f 2181/2563/2047 2173/2564/2048 2172/2565/2040
f 2182/2566/2049 2176/2567/2043 2173/2564/2048
f 2175/2568/2050 2178/2557/2044 2169/2559/2037
f 2184/2569/2051 2179/2570/2045 2178/2557/2044
f 2185/2571/2052 2177/2572/2053 2176/2556/2043
f 2037/2352/1908 2183/2573/2054 2177/2572/2053
f 2186/2574/2055 2180/2575/2056 2179/2560/2045
f 2034/2348/1903 2182/2566/2049 2181/2563/2047
f 2035/2347/1904 2185/2576/2052 2182/2566/2049
f 2038/2358/1910 2184/2569/2051 2183/2577/2054
f 2031/2357/1911 2186/2578/2055 2184/2569/2051
f 2186/2574/2055 2033/2343/1901 2180/2575/2056
f 2033/2343/1901 2034/2345/1903 2180/2575/2056
f 2035/2347/1904 2036/2350/1906 2185/2576/2052
f 2189/2579/2057 2196/2580/2058 2190/2581/2059
f 2196/2582/2058 2191/1795/2060 2190/2583/2059
f 2197/2584/2061 2192/2585/2062 2191/1795/2060
f 2198/2586/2063 2187/2587/2064 2194/2588/2065
f 2187/2587/2064 2200/2589/2066 2188/2072/2067
f 2200/2590/2066 2195/2591/2068 2188/2592/2067
f 2192/2593/2062 2202/2594/2069 2193/2595/2070
f 2202/2594/2069 2198/2596/2063 2193/2595/2070
f 2203/2597/2071 2196/2580/2058 2195/2591/2068
f 2196/2582/2058 2205/2598/2072 2197/2584/2061
f 2205/2598/2072 2201/2599/2073 2197/2584/2061
f 2206/2027/2074 2199/2600/2075 2198/2586/2063
f 2207/2601/1921 2200/2589/2066 2199/2600/2075
f 2208/2602/2076 2203/2597/2071 2200/2590/2066
f 2209/1884/2077 2201/2599/2073 2205/2598/2072
f 2201/2603/2073 2211/2604/2078 2202/2594/2069
f 2202/2594/2069 2212/2605/2079 2206/2606/2074
f 2206/2027/2074 2207/2601/1921 2199/2600/2075
f 2208/2602/2076 2213/2607/2080 2203/2597/2071
f 2213/2607/2080 2204/1818/2081 2203/2597/2071
f 2214/2608/2082 2209/2609/2077 2204/1821/2081
f 2215/1826/1928 2208/1827/2076 2207/1828/1921
f 2217/2031/2083 2210/2610/2084 2209/2609/2077
f 2210/2611/2084 2219/2612/2085 2211/2604/2078
f 2219/2612/2085 2212/2605/2079 2211/2604/2078
f 2220/2613/2086 2207/1828/1921 2212/1832/2079
f 2216/2614/2087 2221/2615/2088 2213/2607/2080
f 2221/2615/2088 2214/2616/2082 2213/2607/2080
f 2222/2617/2089 2217/2031/2083 2214/2608/2082
f 2224/1839/1936 2216/2618/2087 2215/1826/1928
f 2225/2619/2090 2221/2615/2088 2216/2614/2087
f 2226/2620/2091 2218/2621/2092 2217/2031/2083
f 2227/2622/2093 2219/2612/2085 2218/2623/2092
f 2228/2624/2094 2223/2625/2095 2219/2612/2085
f 2223/2626/2095 2224/1839/1936 2215/1826/1928
f 2225/2619/2090 2230/2627/2096 2221/2615/2088
f 2221/2615/2088 2231/2628/2097 2222/2629/2089
f 2231/2630/2097 2226/2620/2091 2222/2617/2089
f 2232/2631/2098 2224/1839/1936 2223/2626/2095
f 2231/2630/2097 2234/2632/2099 2226/2620/2091
f 2226/2620/2091 2235/1858/2100 2227/2633/2093
f 2235/2634/2100 2228/2624/2094 2227/2622/2093
f 2236/2635/2101 2232/2636/2098 2228/2624/2094
f 2233/1955/1950 2237/2052/2102 2229/2048/2103
f 2237/2637/2102 2230/2627/2096 2229/2053/2103
f 2238/2638/2104 2231/2628/2097 2230/2627/2096
f 2240/2639/2105 2236/2635/2101 2235/2634/2100
f 2236/2635/2101 2241/2640/2106 2232/2636/2098
f 2241/2641/2106 2233/1955/1950 2232/2631/2098
f 2242/2642/2107 2237/2052/2102 2233/1955/1950
f 2239/2643/2108 2243/2644/2109 2234/2632/2099
f 2243/2644/2109 2240/2645/2105 2234/2632/2099
f 2241/2641/2106 2242/2642/2107 2233/1955/1950
f 2245/2058/2110 2237/2052/2102 2242/2642/2107
f 2238/2638/2104 2247/1869/2111 2239/1865/2108
f 2240/2639/2105 2249/2646/2112 2236/2635/2101
f 2249/2646/2112 2244/2647/2113 2236/2635/2101
f 2246/2648/2114 2250/2649/2115 2238/2638/2104
f 2250/2649/2115 2247/1869/2111 2238/2638/2104
f 2247/1874/2111 2252/1875/2116 2243/2644/2109
f 2252/1875/2116 2248/1876/2117 2243/2644/2109
f 2254/2650/2118 2245/2058/2110 2244/2651/2113
f 2255/1980/2119 2246/1827/2114 2245/1878/2110
f 2256/2652/2120 2250/2649/2115 2246/2648/2114
f 2257/2653/2121 2253/2063/2122 2252/1884/2116
f 2253/2064/2122 2258/2654/2123 2249/2646/2112
f 2258/2654/2123 2254/2655/2118 2249/2646/2112
f 2254/1832/2118 2255/1980/2119 2245/1878/2110
f 2260/2656/2124 2250/2649/2115 2256/2652/2120
f 2261/2657/2125 2257/2653/2121 2251/2658/2126
f 2262/1891/2127 2258/2654/2123 2253/2064/2122
f 2264/2659/2128 2261/2660/2125 2250/2649/2115
f 2265/2047/2129 2262/1890/2127 2257/2653/2121
f 2262/1891/2127 2267/2661/2130 2258/2654/2123
f 2267/2661/2130 2259/2662/2131 2258/2654/2123
f 2268/2075/2132 2255/1980/2119 2259/2076/2131
f 2263/1903/2133 2269/1958/2134 2260/2663/2124
f 2269/2664/2134 2264/2659/2128 2260/2656/2124
f 2264/2659/2128 2270/2078/2135 2261/2660/2125
f 2270/1958/2135 2265/2047/2129 2261/2657/2125
f 2271/1904/2136 2269/1958/2134 2263/1903/2133
f 2272/2665/2137 2264/2659/2128 2269/2664/2134
f 2270/1958/2135 2274/1909/2138 2265/2047/2129
f 2274/1909/2138 2266/2666/2139 2265/2047/2129
f 2275/2667/2140 2267/2661/2130 2266/2668/2139
f 2268/2075/2132 2271/1904/2136 2263/1903/2133
f 2277/2669/2141 2272/1913/2137 2271/1904/2136
f 2278/2670/2142 2273/2671/2143 2264/2659/2128
f 2279/2672/2144 2275/2089/2140 2274/1909/2138
f 2275/2667/2140 2280/2673/2145 2267/2661/2130
f 2280/2673/2145 2276/2090/2146 2267/2661/2130
f 2281/2674/2147 2278/2670/2142 2272/2665/2137
f 2280/2673/2145 2284/1916/2148 2276/2090/2146
f 2284/1923/2148 2277/2669/2141 2276/2675/2146
f 2285/1925/2149 2281/2676/2147 2277/2669/2141
f 2278/2670/2142 2287/2677/2150 2282/2678/2151
f 2282/2679/2151 2288/1928/2152 2279/2672/2144
f 2288/1928/2152 2283/2680/2153 2279/2672/2144
f 2280/2673/2145 2289/1927/2154 2284/1916/2148
f 2284/1923/2148 2285/1925/2149 2277/2669/2141
f 2285/1983/2149 2291/2681/2155 2281/2682/2147
f 2291/2683/2155 2286/2092/2156 2281/2674/2147
f 2288/1933/2152 2293/1876/2157 2283/1935/2153
f 2293/1936/2157 2280/2673/2145 2283/2684/2153
f 2286/2092/2156 2296/2685/2158 2287/2677/2150
f 2296/2679/2158 2292/2686/2159 2287/2687/2150
f 2292/2686/2159 2297/2688/2160 2293/1876/2157
f 2297/2689/2160 2294/2690/2161 2293/1936/2157
f 2294/2690/2161 2298/2691/2162 2289/1927/2154
f 2298/1948/2162 2290/2095/2163 2289/2692/2154
f 2299/2693/2164 2291/2681/2155 2290/2095/2163
f 2300/2694/2165 2295/2695/2166 2291/2683/2155
f 2301/2696/2167 2292/2686/2159 2296/2679/2158
f 2302/1857/2168 2297/2688/2160 2292/2686/2159
f 2303/2697/2169 2298/2691/2162 2294/2690/2161
f 2304/2017/2170 2300/2698/2165 2299/2693/2164
f 2302/1857/2168 2306/1952/2171 2297/2688/2160
f 2306/1953/2171 2303/2697/2169 2297/2689/2160
f 2307/2699/2172 2299/2693/2164 2298/1948/2162
f 2308/2700/2173 2295/2695/2166 2300/2694/2165
f 2309/2701/2174 2301/2702/2167 2295/2695/2166
f 2310/2703/2175 2305/2113/2176 2301/2696/2167
f 2312/2015/2177 2308/2704/2173 2304/2017/2170
f 2313/1835/2178 2306/1952/2171 2305/2113/2176
f 2314/2705/2179 2311/2706/2180 2306/1953/2171
f 2307/2699/2172 2312/2015/2177 2304/2017/2170
f 2312/2015/2177 2317/2707/2181 2308/2704/2173
f 2317/2708/2181 2309/2701/2174 2308/2700/2173
f 2309/2701/2174 2319/2709/2182 2310/2710/2175
f 2319/2711/2182 2313/1835/2178 2310/2703/2175
f 2313/1835/2178 2321/2712/2183 2314/2713/2179
f 2321/2714/2183 2311/2706/2180 2314/2705/2179
f 2311/2706/2180 2323/2715/2184 2315/2716/2185
f 2323/2613/2184 2316/1826/2186 2315/2717/2185
f 2324/1828/2187 2317/2707/2181 2316/1826/2186
f 2325/2718/2188 2318/2719/2189 2317/2708/2181
f 2326/2720/2190 2320/1822/2191 2319/2711/2182
f 2327/1832/2192 2316/1826/2186 2323/2613/2184
f 2328/2721/2193 2326/2722/2190 2318/2719/2189
f 2329/1820/2194 2321/2712/2183 2320/1822/2191
f 2330/2723/2195 2322/2724/2196 2321/2714/2183
f 2331/2725/2197 2325/2726/2188 2324/2727/2187
f 2332/2728/2198 2328/2721/2193 2325/2718/2188
f 2328/2721/2193 2333/2729/2199 2326/2722/2190
f 2333/2730/2199 2329/2731/2194 2326/1995/2190
f 2334/2732/2200 2327/2733/2192 2322/2724/2196
f 2335/2734/2201 2324/2727/2187 2327/2735/2192
f 2336/2736/2202 2332/2737/2198 2331/2725/2197
f 2337/2738/2203 2330/2739/2195 2329/2731/2194
f 2338/2740/2204 2334/2732/2200 2330/2723/2195
f 2339/2008/2205 2189/2579/2057 2332/2728/2198
f 2190/2583/2059 2337/2738/2203 2333/2730/2199
f 2191/1795/2060 2338/2741/2204 2337/2738/2203
f 2338/2740/2204 2193/2595/2070 2334/2732/2200
f 2193/2595/2070 2335/2742/2201 2334/2732/2200
f 2194/2588/2065 2336/2736/2202 2335/2734/2201
f 2187/2587/2064 2339/2007/2205 2336/2736/2202
f 2191/1795/2060 2192/2585/2062 2338/2741/2204
f 2192/2593/2062 2193/2595/2070 2338/2740/2204
f 2340/2743/2206 2349/2744/2207 2341/2745/2208
f 2349/2746/2207 2342/2747/2209 2341/2748/2208
f 2351/2584/2210 2345/1794/2211 2344/1795/2212
f 2352/2018/2213 2346/2749/2214 2345/2014/2211
f 2346/2749/2214 2353/2750/2215 2347/2751/2216
f 2347/2752/2216 2348/1790/2217 2340/2743/2206
f 2350/2753/2218 2355/2754/2219 2343/2755/2220
f 2355/2756/2219 2351/2584/2210 2343/2757/2220
f 2356/1804/2221 2354/2758/2222 2348/1790/2217
f 2355/2756/2219 2358/1810/2223 2351/2584/2210
f 2358/1810/2223 2352/2759/2213 2351/2584/2210
f 2359/1812/2224 2346/2749/2214 2352/2018/2213
f 2346/2749/2214 2361/2760/2225 2353/2750/2215
f 2361/2761/2225 2348/1790/2217 2353/2626/2215
f 2356/1804/2221 2363/1827/2226 2354/2758/2222
f 2363/2762/2226 2357/2763/2227 2354/2764/2222
f 2365/2765/2228 2360/2766/2229 2359/1812/2224
f 2367/2767/2230 2365/2768/2228 2358/1820/2223
f 2369/2769/2231 2366/2770/2232 2362/1828/2233
f 2357/2763/2227 2371/2042/2234 2364/2771/2235
f 2371/2035/2234 2367/2767/2230 2364/2772/2235
f 2372/1830/2236 2360/2766/2229 2365/2765/2228
f 2373/2773/2237 2368/2774/2238 2360/2766/2229
f 2374/2775/2239 2370/2776/2240 2366/2777/2232
f 2375/2778/2241 2367/2767/2230 2371/2035/2234
f 2376/2779/2242 2372/1836/2236 2367/2767/2230
f 2378/1839/2243 2374/1964/2239 2369/2769/2231
f 2379/2780/2244 2370/2776/2240 2374/2775/2239
f 2380/2781/2245 2375/2782/2241 2370/2776/2240
f 2381/2622/2246 2373/2773/2237 2372/1830/2236
f 2382/2624/2247 2377/2625/2248 2373/2773/2237
f 2377/2626/2248 2378/1839/2243 2369/2769/2231
f 2383/1958/2249 2376/2779/2242 2375/2778/2241
f 2384/2783/2250 2381/2633/2246 2376/2779/2242
f 2385/2631/2251 2378/1839/2243 2377/2626/2248
f 2378/1839/2243 2387/1847/2252 2379/2784/2244
f 2379/2780/2244 2388/2785/2253 2380/2781/2245
f 2388/2785/2253 2383/2049/2249 2380/2781/2245
f 2384/2783/2250 2390/1858/2254 2381/2633/2246
f 2390/2634/2254 2382/2624/2247 2381/2622/2246
f 2391/2786/2255 2385/2636/2251 2382/2624/2247
f 2392/2787/2256 2388/2785/2253 2387/1849/2252
f 2389/2788/2257 2393/1857/2258 2384/2783/2250
f 2393/1857/2258 2390/1858/2254 2384/2783/2250
f 2394/2789/2259 2391/2786/2255 2390/2634/2254
f 2391/2786/2255 2395/2640/2260 2385/2636/2251
f 2395/2641/2260 2386/2790/2261 2385/2631/2251
f 2396/2642/2262 2392/2791/2256 2386/2790/2261
f 2397/2792/2263 2389/2793/2257 2388/2785/2253
f 2398/2794/2264 2393/1857/2258 2389/2788/2257
f 2399/1863/2265 2394/2795/2259 2393/1857/2258
f 2400/2796/2266 2386/2790/2261 2395/2641/2260
f 2401/2727/2267 2392/2791/2256 2396/2642/2262
f 2403/1869/2268 2391/2786/2255 2394/2789/2259
f 2404/2797/2269 2400/2798/2266 2391/2786/2255
f 2398/2794/2264 2406/1875/2270 2399/1863/2265
f 2406/1875/2270 2403/1876/2268 2399/1863/2265
f 2408/2650/2271 2401/2727/2267 2400/2796/2266
f 2409/1877/2272 2402/1827/2273 2401/1878/2267
f 2410/2799/2274 2397/2792/2263 2402/2800/2273
f 2411/2801/2275 2405/2802/2276 2397/2792/2263
f 2412/2653/2277 2407/2063/2278 2406/1884/2270
f 2407/2064/2278 2413/2803/2279 2404/2797/2269
f 2413/2803/2279 2408/2804/2271 2404/2797/2269
f 2414/1888/2280 2412/2653/2277 2405/1889/2276
f 2415/2071/2281 2413/2803/2279 2407/2064/2278
f 2416/2805/2282 2409/1877/2272 2408/2806/2271
f 2409/1877/2272 2418/1894/2283 2410/2807/2274
f 2418/2808/2283 2411/2801/2275 2410/2799/2274
f 2419/2809/2284 2414/1891/2280 2411/2801/2275
f 2420/2810/2285 2412/2653/2277 2414/1888/2280
f 2421/2811/2286 2415/2074/2281 2412/2653/2277
f 2422/2812/2287 2413/2803/2279 2415/2071/2281
f 2413/2803/2279 2424/2813/2288 2416/2814/2282
f 2424/2815/2288 2417/2816/2289 2416/2805/2282
f 2425/1904/2290 2418/1894/2283 2417/2816/2289
f 2426/2817/2291 2419/2809/2284 2418/2808/2283
f 2427/2818/2292 2420/2819/2285 2419/2809/2284
f 2428/2820/2293 2421/2811/2286 2420/2810/2285
f 2429/1909/2294 2422/2821/2287 2421/2811/2286
f 2430/2822/2295 2426/2823/2291 2425/1904/2290
f 2431/2824/2296 2429/1909/2294 2428/2820/2293
f 2429/1909/2294 2433/2825/2297 2422/2821/2287
f 2434/2826/2298 2425/1904/2290 2424/2815/2288
f 2435/2827/2299 2427/2818/2292 2426/2817/2291
f 2433/2828/2297 2437/1917/2300 2423/2829/2301
f 2438/1925/2302 2435/2830/2299 2430/2822/2295
f 2427/2818/2292 2440/2831/2303 2431/2832/2296
f 2440/1874/2303 2432/2833/2304 2431/2824/2296
f 2441/1928/2305 2436/2680/2306 2432/2833/2304
f 2437/1917/2300 2442/2834/2307 2434/2835/2298
f 2442/1870/2307 2430/2822/2295 2434/2826/2298
f 2443/2836/2308 2435/2682/2299 2438/1983/2302
f 2444/2837/2309 2439/2092/2310 2435/2827/2299
f 2441/1933/2305 2446/1876/2311 2436/1935/2306
f 2446/1936/2311 2437/1917/2300 2436/2684/2306
f 2439/2092/2310 2449/2838/2312 2440/2831/2303
f 2449/2839/2312 2445/1863/2313 2440/2840/2303
f 2445/1863/2313 2450/1864/2314 2446/1876/2311
f 2447/2841/2315 2451/2691/2316 2442/2834/2307
f 2451/1948/2316 2443/2836/2308 2442/2842/2307
f 2443/2836/2308 2453/2843/2317 2444/2844/2309
f 2453/2845/2317 2448/2104/2318 2444/2837/2309
f 2454/1857/2319 2450/1864/2314 2445/1863/2313
f 2455/2846/2320 2451/2691/2316 2447/2841/2315
f 2453/2845/2317 2457/2847/2321 2448/2104/2318
f 2457/2847/2321 2449/2838/2312 2448/2104/2318
f 2458/2848/2322 2454/1857/2319 2449/2839/2312
f 2454/1857/2319 2460/2849/2323 2450/1864/2314
f 2460/2850/2323 2455/2846/2320 2450/2851/2314
f 2461/1854/2324 2452/1955/2325 2451/1948/2316
f 2462/2852/2326 2456/2853/2327 2452/1955/2325
f 2460/2850/2323 2463/2854/2328 2455/2846/2320
f 2463/2854/2328 2461/2110/2324 2455/2846/2320
f 2461/1854/2324 2462/2852/2326 2452/1955/2325
f 2465/1790/2329 2456/2853/2327 2462/2852/2326
f 2466/2855/2330 2457/2847/2321 2456/2856/2327
f 2467/2857/2331 2458/2858/2322 2457/2847/2321
f 2468/2859/2332 2459/2113/2333 2458/2848/2322
f 2469/1960/2334 2460/2849/2323 2459/2113/2333
f 2471/2860/2335 2467/2857/2331 2466/2855/2330
f 2472/2861/2336 2464/2862/2337 2463/2854/2328
f 2473/2117/2338 2465/1790/2329 2464/1969/2337
f 2474/2863/2339 2471/2864/2335 2465/1790/2329
f 2475/2865/2340 2469/1960/2334 2468/2859/2332
f 2476/2767/2341 2470/2866/2342 2469/1960/2334
f 2477/2867/2343 2472/2861/2336 2470/2868/2342
f 2478/2869/2344 2467/2857/2331 2471/2860/2335
f 2479/2870/2345 2475/2871/2340 2467/2857/2331
f 2480/1832/2346 2474/2863/2339 2473/2117/2338
f 2481/2872/2347 2478/1940/2344 2474/1983/2339
f 2482/1821/2348 2476/2767/2341 2475/2865/2340
f 2483/1820/2349 2477/2873/2343 2476/2767/2341
f 2484/2723/2350 2472/2861/2336 2477/2867/2343
f 2480/2874/2346 2481/2872/2347 2474/1983/2339
f 2481/2872/2347 2487/2875/2351 2478/1940/2344
f 2487/2876/2351 2479/2870/2345 2478/2869/2344
f 2480/2874/2346 2486/2129/2352 2481/2872/2347
f 2479/2870/2345 2489/2877/2353 2482/2878/2348
f 2489/2879/2353 2483/2088/2349 2482/2880/2348
f 2490/2738/2354 2484/2739/2350 2483/2088/2349
f 2491/2740/2355 2485/2881/2356 2484/2723/2350
f 2492/2882/2357 2488/2883/2358 2485/2881/2356
f 2340/2743/2206 2487/2875/2351 2486/2129/2352
f 2341/2748/2208 2342/2747/2209 2487/2876/2351
f 2344/1795/2212 2491/2741/2355 2490/2738/2354
f 2347/2752/2216 2486/2129/2352 2488/2884/2358
f 2343/2757/2220 2344/1795/2212 2489/2879/2353
f 2344/1795/2212 2345/1794/2211 2491/2741/2355
f 2345/2014/2211 2492/2882/2357 2491/2740/2355
f 2346/2749/2214 2347/2751/2216 2492/2882/2357
f 2554/2885/2359 2493/2886/2360 2556/2887/2361
f 2498/2888/2362 2499/2889/2363 2497/2890/2364
f 2500/2891/2365 2502/2892/2366 2499/2889/2363
f 2501/2893/2367 2503/2894/2368 2502/2892/2366
f 2504/2895/2369 2505/2896/2370 2503/2894/2368
f 2506/2897/2371 2507/2898/2372 2505/2896/2370
f 2508/2899/2373 2509/2900/2374 2507/2898/2372
f 2510/2901/2375 2511/2902/2376 2509/2900/2374
f 2513/2903/2377 2514/2904/2378 2511/2902/2376
f 2512/2905/2379 2515/2906/2380 2514/2904/2378
f 2516/2907/2381 2517/2908/2382 2515/2906/2380
f 2518/2909/2383 2519/2894/2384 2517/2892/2382
f 2520/2910/2385 2521/2896/2386 2519/2894/2384
f 2522/2911/2387 2523/2898/2388 2521/2896/2386
f 2524/2912/2389 2525/2913/2390 2523/2898/2388
f 2526/2914/2391 2527/2915/2392 2525/2913/2390
f 2528/2916/2393 2529/2917/2394 2527/2915/2392
f 2530/2918/2395 2531/2919/2396 2529/2917/2394
f 2532/2920/2397 2534/2908/2398 2531/2919/2396
f 2533/2921/2399 2535/2922/2400 2534/2908/2398
f 2536/2923/2401 2537/2924/2402 2535/2922/2400
f 2538/2925/2403 2539/2887/2404 2537/2924/2402
f 2540/2926/2405 2541/2927/2406 2539/2887/2404
f 2543/2928/2407 2544/2929/2408 2541/2927/2406
f 2542/2930/2409 2545/2890/2410 2544/2929/2408
f 2546/2888/2411 2547/2931/2412 2545/2890/2410
f 2548/2932/2413 2550/2933/2414 2547/2931/2412
f 2549/2921/2415 2551/2906/2416 2550/2934/2414
f 2552/2935/2417 2553/2936/2418 2551/2906/2416
f 2555/2937/2419 2556/2887/2361 2553/2936/2418
f 2496/2938/2420 2497/2890/2364 2495/2939/2421
f 2506/2940/2371 2496/2941/2420 2528/2942/2393
f 2494/2943/2422 2495/2939/2421 2493/2886/2360
f 2505/2944/2370 2502/2945/2366 2503/2946/2368
f 2513/2947/2377 2510/2948/2375 2512/2949/2379
f 2517/2950/2382 2514/2951/2378 2515/2952/2380
f 2537/2953/2402 2534/2954/2398 2535/2955/2400
f 2540/2956/2405 2542/2957/2409 2543/2958/2407
f 2553/2959/2418 2550/2960/2414 2551/2961/2416
f 2555/2959/2419 2552/2962/2417 2554/2963/2359
f 2523/2964/2388 2539/2965/2404 2556/2966/2361
f 2620/2967/2423 2557/2968/2424 2619/2969/2425
f 2562/2970/2426 2563/2971/2427 2561/2972/2428
f 2564/2973/2429 2566/2974/2430 2563/2971/2427
f 2565/2975/2431 2567/2971/2432 2566/2974/2430
f 2568/2976/2433 2569/2977/2434 2567/2971/2432
f 2571/2978/2435 2572/2979/2436 2569/2977/2434
f 2570/2980/2437 2573/2981/2438 2572/2979/2436
f 2574/2982/2439 2575/2983/2440 2573/2981/2438
f 2576/2984/2441 2579/2985/2442 2575/2983/2440
f 2578/2986/2443 2580/2987/2444 2579/2985/2442
f 2577/2988/2445 2581/2989/2446 2580/2987/2444
f 2582/2975/2447 2583/2990/2448 2581/2991/2446
f 2584/2992/2449 2585/2993/2450 2583/2990/2448
f 2587/2994/2451 2588/2995/2452 2585/2993/2450
f 2586/2996/2453 2589/2997/2454 2588/2995/2452
f 2590/2982/2455 2591/2969/2456 2589/2997/2454
f 2592/2998/2457 2593/2999/2458 2591/2969/2456
f 2594/2986/2459 2595/3000/2460 2593/2999/2458
f 2596/3001/2461 2597/2989/2462 2595/3000/2460
f 2599/3002/2463 2600/3000/2464 2597/2989/2462
f 2598/3003/2465 2601/3004/2466 2600/3000/2464
f 2602/3005/2467 2603/3006/2468 2601/3004/2466
f 2604/3007/2469 2605/3008/2470 2603/3006/2468
f 2606/2982/2471 2607/2995/2472 2605/3008/2470
f 2608/3009/2473 2609/2972/2474 2607/2995/2472
f 2611/3010/2475 2612/3011/2476 2609/2972/2474
f 2610/3012/2477 2613/3013/2478 2612/3011/2476
f 2614/3014/2479 2615/2987/2480 2613/3015/2478
f 2616/3016/2481 2617/3017/2482 2615/2987/2480
f 2618/3018/2483 2619/2969/2425 2617/3017/2482
f 2558/2980/2484 2561/2972/2428 2560/2995/2485
f 2594/3019/2459 2577/3020/2445 2558/3021/2484
f 2559/3022/2486 2560/2995/2485 2557/2968/2424
f 2569/3023/2434 2566/3024/2430 2567/3025/2432
f 2571/3023/2435 2568/3026/2433 2570/3027/2437
f 2576/3028/2441 2577/3020/2445 2578/3029/2443
f 2581/3030/2446 2579/3031/2442 2580/3032/2444
f 2587/3033/2451 2584/3034/2449 2586/3035/2453
f 2588/3036/2452 2589/3037/2454 2585/3038/2450
f 2591/3039/2456 2593/3040/2458 2589/3037/2454
f 2599/3041/2463 2596/3042/2461 2598/3043/2465
f 2601/3044/2466 2597/3045/2462 2600/3046/2464
f 2608/3047/2473 2610/3048/2477 2611/3049/2475
f 2619/3050/2425 2557/3051/2424 2617/3052/2482
f 2559/3053/2486 2618/3054/2483 2558/3021/2484
f 2585/3038/2450 2603/3055/2468 2617/3052/2482
f 2663/3056/2487 2621/3057/2488 2665/3058/2489
f 2625/3059/2490 2627/3060/2491 2624/3061/2492
f 2626/3062/2493 2628/3063/2494 2627/3060/2491
f 2628/3063/2494 2631/3064/2495 2632/3065/2496
f 2631/3064/2495 2633/3066/2497 2632/3065/2496
f 2630/3067/2498 2634/3068/2499 2633/3066/2497
f 2636/3069/2500 2637/3070/2501 2634/3068/2499
f 2636/3069/2500 2638/3071/2502 2637/3070/2501
f 2641/3072/2503 2640/3073/2504 2638/3074/2502
f 2643/3075/2505 2644/3076/2506 2640/3073/2504
f 2642/3077/2507 2645/3078/2508 2644/3076/2506
f 2646/3079/2509 2648/3080/2510 2645/3078/2508
f 2647/3081/2511 2649/3082/2512 2648/3080/2510
f 2651/3083/2513 2652/3084/2514 2649/3082/2512
f 2651/3083/2513 2653/3085/2515 2652/3084/2514
f 2656/3086/2516 2655/3087/2517 2653/3085/2515
f 2657/3088/2518 2658/3089/2519 2655/3087/2517
f 2658/3089/2519 2660/3090/2520 2659/3091/2521
f 2660/3092/2520 2661/3093/2522 2659/3094/2521
f 2662/3095/2523 2664/3096/2524 2661/3093/2522
f 2662/3095/2523 2665/3058/2489 2664/3096/2524
f 2623/3097/2525 2624/3061/2492 2621/3057/2488
f 2647/3098/2511 2636/3099/2500 2623/3100/2525
f 2628/3101/2494 2632/3102/2496 2627/3103/2491
f 2631/3104/2495 2629/3105/2526 2630/3106/2498
f 2633/3107/2497 2634/3108/2499 2632/3102/2496
f 2643/3109/2505 2641/3110/2503 2642/3111/2507
f 2646/3112/2509 2642/3111/2507 2647/3098/2511
f 2665/3113/2489 2621/3114/2488 2664/3115/2524
f 2644/3116/2506 2653/3117/2515 2664/3115/2524
f 2711/3118/2527 2667/3119/2528 2710/3120/2529
f 2670/3121/2530 2671/3122/2531 2668/3123/2532
f 2672/3124/2533 2673/3125/2534 2671/3126/2531
f 2673/3127/2534 2675/3128/2535 2676/3129/2536
f 2677/3130/2537 2679/3131/2538 2676/3129/2536
f 2679/3131/2538 2680/3132/2539 2681/3133/2540
f 2682/3134/2541 2683/3135/2542 2681/3133/2540
f 2685/3136/2543 2686/3137/2544 2683/3122/2542
f 2687/3138/2545 2688/3139/2546 2686/3137/2544
f 2689/3140/2547 2691/3141/2548 2688/3139/2546
f 2691/3141/2548 2693/3142/2549 2692/3143/2550
f 2694/3144/2551 2696/3145/2552 2692/3146/2550
f 2696/3135/2552 2698/3147/2553 2697/3148/2554
f 2699/3149/2555 2700/3150/2556 2697/3148/2554
f 2700/3150/2556 2702/3151/2557 2703/3152/2558
f 2703/3152/2558 2704/3153/2559 2706/3154/2560
f 2706/3155/2560 2707/3156/2561 2708/3157/2562
f 2709/3158/2563 2710/3120/2529 2708/3159/2562
f 2667/3119/2528 2669/3160/2564 2668/3123/2532
f 2690/3161/2565 2684/3162/2566 2669/3163/2564
f 2679/3164/2538 2681/3165/2540 2676/3166/2536
f 2696/3145/2552 2706/3155/2560 2667/3167/2528
f 2714/3168/2567 2716/3169/2568 2713/3170/2569
f 2715/3171/2570 2717/3172/2571 2716/3169/2568
f 2718/3173/2572 2720/3174/2573 2717/3172/2571
f 2719/3175/2574 2721/3176/2575 2720/3174/2573
f 2722/3177/2576 2723/3178/2577 2721/3176/2575
f 2724/3179/2578 2725/3180/2579 2723/3178/2577
f 2724/3179/2578 2726/3181/2580 2725/3180/2579
f 2727/3182/2581 2728/3183/2582 2726/3181/2580
f 2729/3184/2583 2730/3185/2584 2728/3183/2582
f 2731/3186/2585 2732/3187/2586 2730/3185/2584
f 2731/3186/2585 2733/3188/2587 2732/3187/2586
f 2734/3189/2588 2736/3190/2589 2733/3191/2587
f 2738/3192/2590 2737/3193/2591 2736/3190/2589
f 2740/3194/2592 2741/3181/2593 2737/3193/2591
f 2739/3195/2594 2742/3196/2595 2741/3181/2593
f 2743/3197/2596 2744/3198/2597 2742/3196/2595
f 2745/3199/2598 2746/3200/2599 2744/3198/2597
f 2747/3201/2600 2748/3202/2601 2746/3200/2599
f 2751/3203/2602 2750/3204/2603 2748/3202/2601
f 2752/3205/2604 2753/3206/2605 2750/3204/2603
f 2756/3207/2606 2755/3208/2607 2753/3206/2605
f 2756/3207/2606 2757/3209/2608 2755/3208/2607
f 2758/3210/2609 2760/3211/2610 2757/3209/2608
f 2759/3212/2611 2761/3213/2612 2760/3211/2610
f 2762/3214/2613 2763/3215/2614 2761/3213/2612
f 2764/3216/2615 2765/3217/2616 2763/3215/2614
f 2764/3218/2615 2766/3219/2617 2765/3220/2616
f 2767/3221/2618 2768/3222/2619 2766/3219/2617
f 2769/3223/2620 2770/3224/2621 2768/3222/2619
f 2770/3224/2621 2771/3225/2622 2712/3226/2623
f 2735/3227/2624 2724/3228/2578 2715/3229/2570
f 2771/3225/2622 2713/3170/2569 2712/3226/2623
f 2721/3230/2575 2723/3231/2577 2720/3232/2573
f 2726/3233/2580 2728/3234/2582 2725/3235/2579
f 2740/3236/2592 2738/3237/2590 2739/3238/2594
f 2732/3239/2586 2741/3240/2593 2750/3241/2603
s 0
f 2776/3242/2625 2773/3243/2625 2772/3244/2625
f 2779/3245/2626 2776/3246/2626 2778/3247/2626
f 2775/3248/2627 2777/3249/2627 2779/3250/2627
f 2772/3244/2628 2775/3251/2628 2774/3252/2628
f 2775/3253/2629 2778/3247/2629 2774/3254/2629
f 2778/3255/2630 2772/3256/2630 2774/3257/2630
f 2785/3258/2631 2780/3259/2631 2784/3260/2631
f 2786/3261/2632 2785/3262/2632 2784/3263/2632
f 2783/3264/2633 2785/3265/2633 2787/3266/2633
f 2781/3267/2634 2782/3268/2634 2780/3259/2634
f 2782/3269/2635 2787/3270/2635 2786/3261/2635
f 2782/3271/2636 2784/3272/2636 2780/3273/2636
f 2793/3274/2637 2788/3275/2637 2792/3276/2637
f 2794/3277/2638 2793/3278/2638 2792/3279/2638
f 2791/3280/2639 2793/3281/2639 2795/3282/2639
f 2789/3283/2640 2790/3284/2640 2788/3275/2640
f 2791/3285/2641 2794/3277/2641 2790/3286/2641
f 2794/3287/2642 2788/3288/2642 2790/3289/2642
f 2800/3290/2643 2797/3291/2643 2796/3292/2643
f 2802/3293/2644 2801/3294/2644 2800/3295/2644
f 2799/3296/2645 2801/3297/2645 2803/3298/2645
f 2796/3292/2646 2799/3299/2646 2798/3300/2646
f 2799/3301/2647 2802/3293/2647 2798/3302/2647
f 2802/3303/2648 2796/3304/2648 2798/3305/2648
f 2808/3306/2649 2805/3307/2649 2804/3308/2649
f 2811/3309/2650 2808/3310/2650 2810/3311/2650
f 2807/3312/2651 2809/3313/2651 2811/3314/2651
f 2805/3307/2652 2806/3315/2652 2804/3308/2652
f 2807/3316/2653 2810/3311/2653 2806/3317/2653
f 2810/3318/2654 2804/3319/2654 2806/3320/2654
f 2816/3321/2655 2813/3322/2655 2812/3323/2655
f 2818/3324/2656 2817/3325/2656 2816/3326/2656
f 2815/3327/2657 2817/3328/2657 2819/3329/2657
f 2812/3323/2658 2815/3330/2658 2814/3331/2658
f 2815/3332/2659 2818/3324/2659 2814/3333/2659
f 2814/3334/2660 2816/3335/2660 2812/3336/2660
f 2825/3337/2661 2820/3338/2661 2824/3339/2661
f 2827/3340/2662 2824/3341/2662 2826/3342/2662
f 2823/3343/2663 2825/3344/2663 2827/3345/2663
f 2820/3338/2664 2823/3346/2664 2822/3347/2664
f 2823/3348/2665 2826/3342/2665 2822/3349/2665
f 2826/3350/2666 2820/3351/2666 2822/3352/2666
f 2833/3353/2667 2828/3354/2667 2832/3355/2667
f 2835/3356/2668 2832/3357/2668 2834/3358/2668
f 2835/3359/2669 2829/3360/2669 2833/3361/2669
f 2828/3354/2670 2831/3362/2670 2830/3363/2670
f 2831/3364/2671 2834/3358/2671 2830/3365/2671
f 2830/3366/2672 2832/3367/2672 2828/3368/2672
f 2975/3549/304 2956/3550/304 2971/3551/304
f 2982/3552/2792 2970/3553/2792 2980/3554/2792
f 2966/3555/2793 2974/3556/2793 2983/3557/2793
f 2959/3558/2794 2962/3559/2794 2957/3560/2794
f 2967/3561/301 2979/3551/301 2963/3550/301
f 2955/3562/2795 2958/3563/2796 2957/3564/2797
f 2978/3565/2798 2981/3566/2799 2980/3567/2800
f 2955/3562/2801 2964/3568/2801 2965/3569/2801
f 2957/3560/2802 2962/3559/2802 2964/3570/2802
f 2961/3571/2803 2958/3572/2803 2956/3550/2803
f 2961/3573/2804 2957/3560/2804 2958/3574/2804
f 2968/3575/2805 2959/3558/2805 2960/3576/2805
f 2963/3550/2806 2969/3577/2806 2967/3561/2806
f 2965/3569/2807 2981/3566/2807 2978/3565/2807
f 2965/3578/2808 2979/3551/2808 2981/3579/2808
f 2983/3557/2809 2968/3580/2809 2966/3555/2809
f 2983/3581/2810 2967/3561/2810 2968/3582/2810
f 2980/3554/2811 2984/3583/2811 2982/3552/2811
f 2978/3565/2812 2972/3584/2812 2973/3585/2812
f 2980/3554/2813 2970/3553/2813 2972/3586/2813
f 2976/3587/2814 2982/3552/2814 2983/3588/2814
f 2971/3551/2815 2977/3589/2815 2975/3549/2815
f 2973/3585/2816 2958/3563/2816 2955/3562/2816
f 2973/3590/2817 2956/3550/2817 2958/3572/2817
f 2960/3591/2818 2976/3592/2818 2974/3556/2818
f 2960/3593/2819 2975/3549/2819 2976/3594/2819
f 2978/3565/2820 2955/3562/2820 2965/3569/2820
f 2990/3595/2821 2985/3596/2821 2989/3597/2821
f 2992/3598/2822 2989/3599/2822 2991/3600/2822
f 2988/3601/2823 2990/3602/2823 2992/3603/2823
f 2986/3604/2824 2987/3605/2824 2985/3606/2824
f 2988/3607/2825 2991/3608/2825 2987/3609/2825
f 2991/3610/2826 2985/3611/2826 2987/3612/2826
f 2997/3613/2827 2994/3614/2827 2993/3615/2827
f 3000/3616/2828 2997/3617/2828 2999/3618/2828
f 2996/3619/2829 2998/3620/2829 3000/3621/2829
f 2994/3614/2830 2995/3622/2830 2993/3615/2830
f 2996/3623/2831 2999/3618/2831 2995/3624/2831
f 2999/3625/2832 2993/3626/2832 2995/3627/2832
s 1
f 3004/3628/2833 3006/3629/2834 3003/3630/2835
f 3005/3631/2836 3008/3632/2837 3006/3633/2834
f 3009/3634/2838 3010/3635/2839 3008/3632/2837
f 3009/3634/2838 3012/3636/2840 3010/3635/2839
f 3011/3637/2841 3013/3638/2842 3012/3639/2840
f 3014/3640/2843 3001/3641/2844 3013/3642/2842
f 3014/3643/2843 3009/3644/2838 3004/3645/2833
f 3002/3646/2845 3003/3647/2835 3001/3641/2844
f 3006/3648/2834 3008/3649/2837 3010/3650/2839
f 3027/3651/2846 3016/3652/2847 3028/3653/2848
f 3018/3654/2849 3020/3655/2850 3017/3656/2851
f 3019/3657/2852 3022/3658/2853 3020/3659/2850
f 3021/3660/2854 3023/3661/2855 3022/3658/2853
f 3024/3662/2856 3026/3663/2857 3023/3661/2855
f 3025/3664/2858 3028/3665/2848 3026/3666/2857
f 3015/3667/2859 3017/3668/2851 3016/3652/2847
f 3019/3669/2852 3018/3670/2849 3027/3671/2846
f 3020/3672/2850 3023/3673/2855 3028/3674/2848
f 3041/3675/2846 3030/3676/2860 3042/3677/2861
f 3032/3678/2849 3034/3679/2850 3031/3680/2851
f 3033/3681/2852 3036/3682/2853 3034/3683/2850
f 3035/3684/2854 3037/3685/2855 3036/3682/2853
f 3038/3686/2862 3040/3687/2857 3037/3685/2855
f 3039/3688/2858 3042/3689/2861 3040/3690/2857
f 3029/3691/2863 3031/3692/2851 3030/3676/2860
f 3033/3693/2852 3032/3694/2849 3041/3695/2846
f 3034/3696/2850 3037/3697/2855 3042/3698/2861
s 0
f 3062/3549/2864 3044/3550/2864 3060/3699/2864
f 3069/3552/2792 3058/3553/2792 3067/3554/2792
f 3054/3555/2793 3061/3556/2793 3070/3557/2793
f 3048/3700/2865 3050/3559/2865 3045/3560/2865
f 3055/3561/301 3066/3551/301 3051/3550/301
f 3043/3562/2795 3046/3563/2796 3045/3564/2797
f 3065/3565/2798 3068/3566/2799 3067/3567/2800
f 3043/3562/2801 3052/3701/2801 3053/3702/2801
f 3045/3560/2802 3050/3559/2802 3052/3703/2802
f 3049/3704/2803 3046/3705/2803 3044/3550/2803
f 3049/3573/2804 3045/3560/2804 3046/3706/2804
f 3054/3555/2866 3048/3707/2866 3047/3708/2866
f 3051/3550/2806 3057/3577/2806 3055/3561/2806
f 3053/3702/2807 3068/3566/2807 3065/3565/2807
f 3053/3578/2808 3066/3551/2808 3068/3709/2808
f 3070/3557/2809 3056/3710/2809 3054/3555/2809
f 3070/3594/2810 3055/3561/2810 3056/3593/2810
f 3067/3554/2811 3071/3583/2811 3069/3552/2811
f 3067/3554/2867 3058/3553/2867 3059/3711/2867
f 3063/3712/2814 3069/3552/2814 3070/3588/2814
f 3060/3699/2868 3064/3589/2868 3062/3549/2868
f 3059/3713/2869 3046/3563/2869 3043/3562/2869
f 3059/3714/2870 3044/3550/2870 3046/3705/2870
f 3047/3708/2871 3063/3592/2871 3061/3556/2871
f 3047/3715/2872 3062/3549/2872 3063/3594/2872
f 3065/3565/2820 3043/3562/2820 3053/3702/2820
f 3077/3716/2821 3072/3717/2821 3076/3718/2821
f 3079/3719/2822 3076/3720/2822 3078/3721/2822
f 3075/3722/2823 3077/3723/2823 3079/3724/2823
f 3073/3604/2824 3074/3725/2824 3072/3726/2824
f 3075/3727/2825 3078/3728/2825 3074/3729/2825
f 3078/3610/2826 3072/3730/2826 3074/3731/2826
f 3084/3732/2827 3081/3733/2827 3080/3734/2827
f 3087/3735/2828 3084/3736/2828 3086/3737/2828
f 3083/3738/2829 3085/3739/2829 3087/3740/2829
f 3081/3733/2830 3082/3741/2830 3080/3734/2830
f 3083/3742/2831 3086/3737/2831 3082/3743/2831
f 3086/3744/2832 3080/3745/2832 3082/3746/2832
s 1
f 3091/3747/2833 3093/3748/2873 3090/3749/2874
f 3092/3750/2836 3095/3751/2875 3093/3752/2873
f 3096/3753/2838 3097/3754/2876 3095/3751/2875
f 3096/3753/2838 3099/3755/2877 3097/3754/2876
f 3098/3756/2878 3100/3757/2842 3099/3758/2877
f 3101/3759/2843 3088/3760/2844 3100/3761/2842
f 3101/3762/2843 3096/3763/2838 3091/3764/2833
f 3089/3765/2845 3090/3766/2874 3088/3760/2844
f 3093/3767/2873 3095/3768/2875 3097/3769/2876
f 3114/3770/2846 3103/3771/2879 3115/3772/2880
f 3106/3773/2881 3107/3774/2882 3105/3775/2883
f 3106/3776/2881 3109/3777/2884 3107/3778/2882
f 3108/3779/2854 3110/3780/2885 3109/3777/2884
f 3111/3781/2862 3113/3782/2857 3110/3780/2885
f 3112/3783/2858 3115/3784/2880 3113/3785/2857
f 3102/3786/2886 3105/3787/2883 3103/3771/2879
f 3106/3788/2881 3104/3789/2887 3114/3790/2846
f 3105/3791/2883 3110/3792/2885 3115/3793/2880
f 3128/3794/2846 3117/3795/2888 3129/3796/2889
f 3120/3797/2881 3121/3798/2882 3119/3799/2883
f 3120/3800/2881 3123/3801/2890 3121/3802/2882
f 3122/3803/2854 3124/3804/2885 3123/3801/2890
f 3125/3805/2856 3127/3806/2857 3124/3804/2885
f 3126/3807/2858 3129/3808/2889 3127/3809/2857
f 3116/3810/2886 3119/3811/2883 3117/3795/2888
f 3120/3812/2881 3118/3813/2887 3128/3814/2846
f 3119/3815/2883 3124/3816/2885 3129/3817/2889
f 3135/3818/2891 3130/3819/2892 3131/3820/2893
f 3137/3821/2894 3131/3822/2893 3132/3823/2895
f 3133/3824/2896 3138/3825/2897 3132/3826/2895
f 3130/3827/2892 3140/3828/2898 3133/3829/2896
f 3134/3830/2899 3148/3831/2900 3141/3832/2901
f 3142/3833/2902 3134/3834/2899 3135/3818/2891
f 3143/3835/2903 3135/3818/2891 3136/3836/2904
f 3144/3837/2905 3136/3838/2904 3137/3821/2894
f 3145/3839/2906 3137/3821/2894 3138/3840/2897
f 3139/3841/2907 3145/3842/2906 3138/3825/2897
f 3140/3843/2898 3146/3844/2908 3139/3841/2907
f 3141/3832/2901 3147/3845/2909 3140/3828/2898
f 3149/3846/2910 3148/3831/2900 3142/3847/2902
f 3143/3835/2903 3150/3848/2911 3142/3833/2902
f 3144/3837/2905 3151/3849/2912 3143/3850/2903
f 3145/3839/2906 3152/3851/2913 3144/3837/2905
f 3146/3844/2908 3153/3852/2914 3145/3842/2906
f 3155/3853/2915 3146/3844/2908 3147/3854/2909
f 3156/3855/2916 3147/3845/2909 3148/3831/2900
f 3157/3856/2917 3156/3855/2916 3149/3846/2910
f 3158/3857/2918 3149/3858/2910 3150/3859/2911
f 3151/3860/2912 3158/3861/2918 3150/3848/2911
f 3152/3851/2913 3159/3862/2919 3151/3849/2912
f 3153/3863/2914 3160/3864/2920 3152/3851/2913
f 3154/3865/2921 3161/3866/2922 3153/3867/2914
f 3163/3868/2923 3154/3869/2921 3155/3853/2915
f 3157/3856/2917 3155/3870/2915 3156/3855/2916
f 3158/3857/2918 3164/3871/2924 3157/3872/2917
f 3166/3873/2925 3160/3864/2920 3161/3874/2922
f 3167/3875/2926 3163/3876/2923 3157/3856/2917
f 3164/3877/2924 3171/3878/2927 3167/3875/2926
f 3158/3857/2918 3168/3879/2928 3164/3871/2924
f 3159/3880/2919 3168/3881/2928 3158/3861/2918
f 3165/3882/2929 3169/3883/2930 3159/3880/2919
f 3170/3884/2931 3165/3885/2929 3166/3873/2925
f 3170/3886/2931 3166/3887/2925 3162/3888/2932
f 3171/3889/2927 3162/3890/2932 3163/3868/2923
f 3171/3889/2927 3163/3868/2923 3167/3891/2926
f 3215/3892/2933 3172/3893/2934 3214/3894/2935
f 3175/3895/2936 3176/3896/2937 3174/3897/2938
f 3177/3898/2939 3178/3899/2940 3176/3896/2937
f 3179/3900/2941 3180/3901/2942 3178/3899/2940
f 3181/3902/2943 3182/3903/2944 3180/3901/2942
f 3183/3904/2945 3184/3905/2946 3182/3903/2944
f 3185/3906/2947 3186/3907/2948 3184/3905/2946
f 3187/3908/2949 3188/3909/2950 3186/3907/2948
f 3189/3910/2951 3190/3911/2952 3188/3912/2950
f 3191/3913/2953 3192/3914/2954 3190/3911/2952
f 3194/3915/2955 3195/3916/2956 3192/3914/2954
f 3196/3917/2957 3197/3918/2958 3195/3916/2956
f 3198/3919/2959 3199/3920/2960 3197/3918/2958
f 3200/3921/2961 3201/3922/2962 3199/3920/2960
f 3202/3923/2963 3203/3924/2964 3201/3922/2962
f 3202/3923/2963 3204/3925/2965 3203/3924/2964
f 3205/3926/2966 3206/3927/2967 3204/3925/2965
f 3208/3928/2968 3209/3929/2969 3206/3927/2967
f 3210/3930/2970 3211/3912/2971 3209/3929/2969
f 3210/3931/2970 3212/3932/2972 3211/3933/2971
f 3213/3934/2973 3214/3894/2935 3212/3932/2972
f 3173/3935/2974 3174/3897/2938 3172/3893/2934
f 3200/3936/2961 3193/3937/2975 3183/3938/2945
f 3188/3939/2950 3206/3940/2967 3214/3941/2935
f 3219/3942/2976 3220/3943/2977 3217/3944/2978
f 3219/3942/2976 3221/3945/2979 3220/3943/2977
f 3222/3946/2980 3223/3947/2981 3221/3945/2979
f 3224/3948/2982 3225/3949/2983 3223/3947/2981
f 3226/3950/2984 3227/3951/2985 3225/3949/2983
f 3228/3952/2986 3229/3953/2987 3227/3951/2985
f 3231/3954/2988 3232/3955/2989 3229/3953/2987
f 3233/3956/2990 3234/3957/2991 3232/3955/2989
f 3233/3958/2990 3235/3959/2992 3234/3960/2991
f 3236/3961/2993 3237/3962/2994 3235/3959/2992
f 3239/3963/2995 3240/3964/2996 3237/3962/2994
f 3241/3965/2997 3242/3966/2998 3240/3964/2996
f 3243/3967/2999 3244/3968/3000 3242/3966/2998
f 3245/3969/3001 3246/3970/3002 3244/3968/3000
f 3247/3971/3003 3248/3972/3004 3246/3970/3002
f 3247/3971/3003 3249/3973/3005 3248/3972/3004
f 3250/3974/3006 3251/3975/3007 3249/3973/3005
f 3253/3976/3008 3254/3977/3009 3251/3975/3007
f 3255/3978/3010 3256/3960/3011 3254/3977/3009
f 3257/3979/3012 3258/3980/3013 3256/3981/3011
f 3259/3982/3014 3216/3983/3015 3258/3980/3013
f 3238/3984/3016 3228/3985/2986 3219/3986/2976
f 3218/3987/3017 3217/3944/2978 3216/3983/3015
f 3234/3988/2991 3251/3989/3007 3216/3990/3015
f 3341/3991/3018 3260/3992/3019 3338/3993/3020
f 3266/3994/3021 3267/3995/3022 3263/3996/3023
f 3269/3997/3024 3271/3998/3025 3267/3995/3022
f 3273/3999/3026 3274/4000/3027 3271/3998/3025
f 3275/4001/3028 3276/4002/3029 3274/4000/3027
f 3280/4003/3030 3281/3992/3031 3276/4002/3029
f 3282/4004/3032 3284/4005/3033 3281/3992/3031
f 3288/4006/3034 3287/4007/3035 3284/4005/3033
f 3288/4006/3034 3289/4008/3036 3287/4007/3035
f 3294/4009/3037 3293/4010/3038 3289/4011/3036
f 3294/4009/3037 3295/4000/3039 3293/4010/3038
f 3297/4012/3040 3298/4002/3041 3295/4000/3039
f 3299/4013/3042 3302/3992/3043 3298/4002/3041
f 3303/4014/3044 3304/4015/3045 3302/3992/3043
f 3307/4016/3046 3308/4017/3047 3304/4015/3045
f 3311/4018/3048 3309/4019/3049 3308/4017/3047
f 3314/4020/3050 3315/4021/3051 3309/4019/3049
f 3316/4022/3052 3317/4023/3053 3315/4021/3051
f 3318/4024/3054 3321/4025/3055 3317/4023/3053
f 3323/4026/3056 3325/4027/3057 3321/4025/3055
f 3328/4028/3058 3326/4029/3059 3325/4027/3057
f 3332/4030/3060 3330/4031/3061 3326/4029/3059
f 3332/4030/3060 3333/4032/3062 3330/4031/3061
f 3334/4033/3063 3335/4034/3064 3333/4035/3062
f 3334/4033/3063 3336/4036/3065 3335/4034/3064
f 3337/4037/3066 3338/3993/3020 3336/4036/3065
f 3313/4038/3067 3279/4039/3068 3264/4040/3069
f 3261/4041/3070 3263/3996/3023 3260/3992/3019
f 3263/4042/3023 3262/4043/3071 3260/4044/3019
f 3266/3994/3021 3261/4041/3070 3265/4045/3072
f 3265/4046/3072 3339/4047/3073 3264/4040/3069
f 3267/4048/3022 3262/4043/3071 3263/4042/3023
f 3269/3997/3024 3265/4045/3072 3268/4049/3074
f 3267/4048/3022 3270/4050/3075 3262/4043/3071
f 3268/4051/3074 3272/4052/3076 3273/4053/3026
f 3271/3998/3025 3274/4000/3027 3270/4054/3075
f 3274/4055/3027 3277/4056/3077 3270/4050/3075
f 3275/4001/3028 3279/4057/3068 3280/4003/3030
f 3275/4055/3028 3272/4052/3076 3279/4039/3068
f 3276/4002/3029 3281/3992/3031 3278/4058/3078
f 3278/4059/3078 3283/4060/3079 3277/4056/3077
f 3282/4061/3032 3279/4039/3068 3285/4062/3080
f 3288/4006/3034 3282/4004/3032 3285/4063/3080
f 3287/4007/3035 3283/4064/3079 3284/4005/3033
f 3287/4065/3035 3286/4066/3081 3283/4060/3079
f 3294/4067/3037 3290/4068/3082 3292/4069/3083
f 3289/4011/3036 3293/4010/3038 3291/4070/3084
f 3291/4071/3084 3293/4072/3038 3286/4066/3081
f 3297/4073/3040 3292/4074/3083 3296/4075/3085
f 3297/4073/3040 3296/4075/3085 3299/4076/3042
f 3298/4002/3041 3302/3992/3043 3300/4058/3086
f 3299/4076/3042 3296/4075/3085 3303/4077/3044
f 3306/4078/3087 3301/4079/3088 3302/4077/3043
f 3307/4080/3046 3305/4081/3089 3310/4082/3090
f 3308/4017/3047 3306/4083/3087 3304/4015/3045
f 3311/4018/3048 3307/4016/3046 3310/4084/3090
f 3315/4085/3051 3312/4086/3091 3308/4087/3047
f 3314/4088/3050 3310/4082/3090 3313/4038/3067
f 3315/4085/3051 3320/4089/3092 3312/4086/3091
f 3314/4088/3050 3313/4038/3067 3316/4090/3052
f 3316/4090/3052 3313/4038/3067 3319/4091/3093
f 3317/4023/3053 3321/4025/3055 3320/4092/3092
f 3321/4093/3055 3324/4094/3094 3320/4089/3092
f 3319/4091/3093 3322/4095/3095 3323/4096/3056
f 3325/4097/3057 3324/4094/3094 3321/4093/3055
f 3328/4028/3058 3323/4026/3056 3327/4098/3096
f 3330/4099/3061 3329/4100/3097 3325/4097/3057
f 3332/4101/3060 3327/4102/3096 3331/4103/3098
f 3333/4104/3062 3329/4100/3097 3330/4099/3061
f 3332/4101/3060 3331/4103/3098 3334/4105/3063
f 3333/4104/3062 3335/4106/3064 3329/4100/3097
f 3334/4105/3063 3331/4103/3098 3337/4107/3066
f 3337/4037/3066 3339/4108/3073 3341/3991/3018
f 3338/3993/3020 3260/3992/3019 3340/4109/3099
f 3277/4056/3077 3286/4066/3081 3324/4094/3094
f 3345/4110/3100 3346/4111/3101 3344/4112/3102
f 3347/4113/3103 3348/4114/3104 3346/4115/3101
f 3349/4116/3105 3350/4117/3106 3348/4114/3104
f 3349/4116/3105 3351/4118/3107 3350/4117/3106
f 3352/4119/3108 3353/4120/3109 3351/4121/3107
f 3354/4122/3110 3355/4123/3111 3353/4120/3109
f 3356/4124/3112 3357/4125/3113 3355/4123/3111
f 3358/4126/3114 3359/4127/3115 3357/4128/3113
f 3360/4129/3116 3361/4130/3117 3359/4127/3115
f 3362/4131/3118 3363/4132/3119 3361/4130/3117
f 3364/4133/3120 3342/4134/3121 3363/4135/3119
f 3360/4136/3116 3349/4137/3105 3345/4138/3100
f 3343/4139/3122 3344/4112/3102 3342/4134/3121
f 3351/4140/3107 3355/4141/3111 3359/4142/3115
f 3380/4143/3123 3365/4144/3124 3379/4145/3125
f 3370/4146/3126 3371/4147/3127 3369/4148/3128
f 3372/4149/3129 3373/4150/3130 3371/4151/3127
f 3374/4152/3131 3375/4153/3132 3373/4150/3130
f 3376/4154/3133 3377/4144/3134 3375/4153/3132
f 3378/4155/3135 3379/4156/3125 3377/4144/3134
f 3368/4157/3136 3369/4148/3128 3367/4158/3137
f 3370/4159/3126 3366/4160/3138 3378/4161/3135
f 3366/4162/3138 3367/4158/3137 3365/4144/3124
f 3375/4163/3132 3377/4164/3134 3379/4165/3125
s 0
f 3386/4166/3139 3381/4167/3139 3385/4168/3139
f 3388/4169/3140 3385/4170/3140 3387/4171/3140
f 3384/4172/3141 3386/4173/3141 3388/4174/3141
f 3382/4175/3142 3383/4176/3142 3381/4177/3142
f 3384/4178/3143 3387/4179/3143 3383/4180/3143
f 3387/4181/3144 3381/4182/3144 3383/4183/3144
s 1
f 3400/4184/3145 3389/4185/3146 3399/4186/3147
f 3394/4187/3148 3395/4188/3149 3393/4189/3150
f 3396/4190/3151 3397/4191/3152 3395/4188/3149
f 3398/4192/3153 3399/4193/3147 3397/4194/3152
f 3392/4195/3154 3393/4196/3150 3391/4197/3155
f 3390/4198/3156 3398/4199/3153 3394/4200/3148
f 3390/4201/3156 3391/4202/3155 3389/4185/3146
f 3391/4203/3155 3395/4204/3149 3399/4205/3147
f 3412/4206/3157 3401/4207/3158 3411/4208/3159
f 3406/4209/3160 3407/4210/3161 3405/4211/3162
f 3408/4212/3163 3409/4213/3164 3407/4210/3161
f 3410/4214/3165 3411/4215/3159 3409/4216/3164
f 3404/4217/3166 3405/4218/3162 3403/4219/3167
f 3410/4220/3165 3408/4221/3163 3406/4222/3160
f 3402/4223/3168 3403/4224/3167 3401/4207/3158
f 3409/4225/3164 3411/4226/3159 3403/4227/3167
f 3424/4228/3169 3413/4229/3146 3423/4230/3147
f 3418/4231/3148 3419/4232/3170 3417/4233/3171
f 3420/4234/3172 3421/4235/3173 3419/4232/3170
f 3422/4236/3174 3423/4237/3147 3421/4238/3173
f 3416/4239/3154 3417/4240/3171 3415/4241/3175
f 3414/4242/3176 3422/4243/3174 3418/4244/3148
f 3414/4245/3176 3415/4246/3175 3413/4229/3146
f 3415/4247/3175 3419/4248/3170 3423/4249/3147
f 3436/4250/3157 3425/4251/3177 3435/4252/3159
f 3430/4253/3178 3431/4254/3179 3429/4255/3180
f 3432/4256/3181 3433/4257/3182 3431/4254/3179
f 3434/4258/3183 3435/4259/3159 3433/4260/3182
f 3428/4261/3184 3429/4262/3180 3427/4263/3167
f 3434/4264/3183 3432/4265/3181 3430/4266/3178
f 3426/4267/3185 3427/4268/3167 3425/4251/3177
f 3433/4269/3182 3435/4270/3159 3427/4271/3167
f 3448/4272/3157 3437/4273/3186 3447/4274/3159
f 3442/4275/3178 3443/4276/3179 3441/4277/3180
f 3444/4278/3181 3445/4279/3182 3443/4276/3179
f 3446/4280/3183 3447/4281/3159 3445/4282/3182
f 3440/4283/3184 3441/4284/3180 3439/4285/3167
f 3446/4286/3183 3444/4287/3181 3442/4288/3178
f 3438/4289/3185 3439/4290/3167 3437/4273/3186
f 3445/4291/3182 3447/4292/3159 3439/4293/3167
f 3460/4294/3145 3449/4295/3146 3459/4296/3147
f 3454/4297/3187 3455/4298/3149 3453/4299/3188
f 3456/4300/3189 3457/4301/3190 3455/4298/3149
f 3458/4302/3191 3459/4303/3147 3457/4304/3190
f 3452/4305/3154 3453/4306/3188 3451/4307/3175
f 3450/4308/3192 3458/4309/3191 3454/4310/3187
f 3450/4311/3192 3451/4312/3175 3449/4295/3146
f 3451/4313/3175 3455/4314/3149 3459/4315/3147
f 3472/4316/3193 3461/4317/3186 3471/4318/3159
f 3466/4319/3178 3467/4320/3179 3465/4321/3180
f 3468/4322/3181 3469/4323/3182 3467/4320/3179
f 3470/4324/3183 3471/4325/3159 3469/4326/3182
f 3464/4327/3184 3465/4328/3180 3463/4329/3167
f 3470/4330/3183 3468/4331/3181 3466/4332/3178
f 3462/4333/3185 3463/4334/3167 3461/4317/3186
f 3469/4335/3182 3471/4336/3159 3463/4337/3167
f 3484/4250/3193 3473/4338/3177 3483/4339/3159
f 3478/4340/3178 3479/4341/3179 3477/4342/3180
f 3480/4343/3181 3481/4257/3182 3479/4341/3179
f 3482/4324/3183 3483/4344/3159 3481/4260/3182
f 3476/4261/3184 3477/4345/3180 3475/4346/3167
f 3482/4347/3183 3480/4348/3181 3478/4266/3178
f 3474/4349/3185 3475/4350/3167 3473/4338/3177
f 3481/4269/3182 3483/4351/3159 3475/4352/3167
f 3496/4353/3169 3485/4354/3146 3495/4355/3147
f 3490/4356/3148 3491/4357/3149 3489/4358/3171
f 3492/4359/3172 3493/4360/3194 3491/4357/3149
f 3494/4361/3174 3495/4362/3147 3493/4363/3194
f 3488/4364/3154 3489/4365/3171 3487/4366/3175
f 3486/4367/3176 3494/4368/3174 3490/4369/3148
f 3486/4370/3176 3487/4371/3175 3485/4354/3146
f 3487/4372/3175 3491/4373/3149 3495/4374/3147
f 3508/4375/3157 3497/4376/3158 3507/4377/3159
f 3502/4378/3195 3503/4379/3196 3501/4380/3162
f 3504/4381/3197 3505/4382/3164 3503/4379/3196
f 3506/4383/3165 3507/4384/3159 3505/4385/3164
f 3500/4386/3166 3501/4387/3162 3499/4388/3167
f 3506/4389/3165 3504/4390/3197 3502/4391/3195
f 3498/4392/3185 3499/4393/3167 3497/4376/3158
f 3505/4394/3164 3507/4395/3159 3499/4396/3167
f 3526/4397/3198 3510/4398/3199 3525/4399/3200
f 3513/4400/3201 3514/4401/3202 3512/4402/3203
f 3513/4400/3201 3515/4403/3204 3514/4401/3202
f 3516/4404/3205 3518/4405/3206 3515/4406/3204
f 3520/4407/3207 3519/4408/3208 3518/4405/3206
f 3522/4409/3209 3521/4410/3210 3519/4408/3208
f 3523/4411/3211 3524/4412/3212 3521/4410/3210
f 3523/4411/3211 3525/4413/3200 3524/4412/3212
f 3511/4414/3213 3512/4402/3203 3510/4398/3199
f 3513/4415/3201 3511/4416/3213 3520/4417/3207
f 3526/4418/3198 3523/4419/3211 3509/4420/3214
f 3524/4421/3212 3510/4422/3199 3518/4423/3206
f 3528/4424/3215 3531/4425/3216 3529/4426/3217
f 3530/4427/3218 3533/4428/3219 3531/4429/3216
f 3534/4430/3220 3535/4431/3221 3533/4428/3219
f 3534/4430/3220 3537/4432/3222 3535/4431/3221
f 3536/4433/3223 3538/4434/3224 3537/4435/3222
f 3539/4436/3225 3527/4437/3226 3538/4438/3224
f 3539/4439/3225 3534/4440/3220 3528/4441/3215
f 3540/4442/3227 3529/4443/3217 3527/4437/3226
f 3535/4444/3221 3537/4445/3222 3527/4446/3226
f 3557/4470/3243 3556/4471/3244 3572/4472/3245
f 3560/4473/3246 3561/4474/3247 3559/4475/3248
f 3562/4476/3249 3563/4477/3250 3561/4474/3247
f 3564/4478/3251 3565/4479/3252 3563/4480/3250
f 3566/4481/3253 3567/4482/3254 3565/4479/3252
f 3568/4483/3255 3569/4484/3256 3567/4482/3254
f 3568/4483/3255 3570/4485/3257 3569/4484/3256
f 3571/4486/3258 3572/4487/3245 3570/4485/3257
f 3558/4488/3259 3559/4475/3248 3556/4471/3244
f 3568/4489/3255 3564/4490/3251 3560/4491/3246
f 3567/4492/3254 3569/4493/3256 3572/4494/3245
f 3575/4495/3243 3574/4496/3244 3590/4497/3245
f 3578/4498/3246 3579/4499/3247 3577/4500/3248
f 3580/4501/3249 3581/4502/3250 3579/4499/3247
f 3582/4503/3251 3583/4504/3252 3581/4505/3250
f 3584/4506/3253 3585/4507/3260 3583/4504/3252
f 3586/4508/3255 3587/4509/3256 3585/4507/3260
f 3586/4508/3255 3588/4510/3257 3587/4509/3256
f 3589/4511/3258 3590/4487/3245 3588/4510/3257
f 3576/4512/3261 3577/4500/3248 3574/4496/3244
f 3586/4513/3255 3582/4514/3251 3578/4515/3246
f 3585/4516/3260 3587/4517/3256 3590/4518/3245
f 3595/4519/3262 3596/4520/3263 3594/4521/3264
f 3597/4522/3265 3598/4523/3266 3596/4524/3263
f 3599/4525/3267 3592/4526/3268 3598/4523/3266
f 3593/4527/3269 3594/4521/3264 3592/4528/3268
f 3596/4529/3263 3598/4530/3266 3592/4531/3268
f 3601/4532/3270 3604/4533/3271 3602/4534/3272
f 3603/4535/3273 3606/4536/3274 3604/4537/3271
f 3605/4538/3275 3600/4539/3276 3606/4536/3274
f 3607/4540/3277 3602/4534/3272 3600/4541/3276
f 3604/4542/3271 3606/4543/3274 3600/4544/3276
f 3611/4545/3262 3612/4546/3263 3610/4547/3264
f 3613/4548/3265 3614/4549/3266 3612/4550/3263
f 3615/4551/3267 3608/4552/3268 3614/4549/3266
f 3609/4553/3269 3610/4547/3264 3608/4554/3268
f 3612/4555/3263 3614/4556/3266 3608/4557/3268
f 3619/4558/3262 3620/4559/3263 3618/4560/3264
f 3621/4561/3265 3622/4562/3266 3620/4563/3263
f 3623/4564/3267 3616/4565/3268 3622/4562/3266
f 3617/4566/3269 3618/4560/3264 3616/4567/3268
f 3620/4568/3263 3622/4569/3266 3616/4570/3268
f 3624/4571/3278 3637/4572/3279 3629/4573/3280
f 3625/4574/3281 3630/4575/3282 3624/4576/3278
f 3632/4577/3283 3625/4574/3281 3626/4578/3284
f 3633/4579/3285 3626/4580/3284 3627/4581/3286
f 3635/4582/3287 3627/4583/3286 3628/4584/3288
f 3629/4585/3280 3635/4582/3287 3628/4584/3288
f 3630/4586/3282 3642/4587/3289 3637/4572/3279
f 3631/4588/3290 3638/4589/3291 3630/4575/3282
f 3639/4590/3292 3631/4588/3290 3632/4577/3283
f 3640/4591/3293 3632/4592/3283 3633/4579/3285
f 3640/4593/3293 3633/4594/3285 3634/4595/3294
f 3641/4596/3295 3634/4597/3294 3635/4582/3287
f 3636/4598/3296 3641/4596/3295 3635/4582/3287
f 3637/4599/3279 3642/4600/3289 3636/4601/3296
f 3643/4602/3297 3642/4587/3289 3638/4603/3291
f 3644/4604/3298 3638/4603/3291 3639/4605/3292
f 3640/4591/3293 3645/4606/3299 3639/4605/3292
f 3641/4607/3295 3646/4608/3300 3640/4593/3293
f 3647/4609/3301 3641/4610/3295 3642/4600/3289
f 3649/4611/3302 3648/4612/3303 3643/4602/3297
f 3649/4611/3302 3643/4602/3297 3644/4604/3298
f 3650/4613/3304 3644/4614/3298 3645/4606/3299
f 3646/4608/3300 3651/4615/3305 3645/4616/3299
f 3647/4609/3301 3653/4617/3306 3646/4608/3300
f 3654/4618/3307 3647/4609/3301 3648/4619/3303
f 3655/4620/3308 3654/4621/3307 3649/4611/3302
f 3650/4613/3304 3656/4622/3309 3649/4611/3302
f 3651/4623/3305 3657/4624/3310 3650/4613/3304
f 3652/4625/3311 3658/4626/3312 3651/4615/3305
f 3653/4627/3306 3659/4628/3313 3652/4625/3311
f 3661/4629/3314 3653/4617/3306 3654/4618/3307
f 3663/4630/3315 3662/4631/3316 3655/4620/3308
f 3664/4632/3317 3655/4633/3308 3656/4634/3309
f 3657/4635/3310 3664/4632/3317 3656/4634/3309
f 3658/4636/3312 3664/4637/3317 3657/4624/3310
f 3659/4628/3313 3665/4638/3318 3658/4626/3312
f 3660/4639/3319 3665/4640/3318 3659/4641/3313
f 3667/4642/3320 3660/4639/3319 3661/4643/3314
f 3667/4644/3320 3661/4629/3314 3662/4645/3316
f 3668/4646/3321 3673/4647/3322 3672/4648/3323
f 3669/4649/3324 3673/4650/3322 3668/4651/3321
f 3675/4652/3325 3669/4653/3324 3670/4654/3326
f 3677/4655/3327 3670/4656/3326 3671/4657/3328
f 3672/4658/3323 3677/4655/3327 3671/4657/3328
f 3674/4659/3329 3678/4660/3330 3673/4647/3322
f 3679/4661/3331 3674/4662/3329 3675/4663/3325
f 3680/4664/3332 3675/4652/3325 3676/4665/3333
f 3681/4666/3334 3676/4667/3333 3677/4655/3327
f 3673/4647/3322 3682/4668/3335 3677/4669/3327
f 3683/4670/3336 3682/4671/3335 3678/4660/3330
f 3684/4672/3337 3678/4673/3330 3679/4674/3331
f 3685/4675/3338 3679/4674/3331 3680/4676/3332
f 3681/4677/3334 3686/4678/3339 3680/4664/3332
f 3682/4668/3335 3686/4679/3339 3681/4680/3334
f 3689/4681/3340 3683/4670/3336 3684/4682/3337
f 3690/4683/3341 3684/4672/3337 3685/4675/3338
f 3686/4678/3339 3690/4684/3341 3685/4685/3338
f 3687/4686/3342 3691/4687/3343 3686/4679/3339
f 3683/4688/3336 3691/4687/3343 3687/4686/3342
f 3689/4689/3340 3692/4690/3344 3688/4691/3345
f 3690/4683/3341 3693/4692/3346 3689/4693/3340
f 3694/4694/3347 3690/4695/3341 3691/4696/3343
f 3695/4697/3348 3691/4687/3343 3688/4698/3345
f 3696/4699/3349 3695/4700/3348 3692/4690/3344
f 3693/4692/3346 3697/4701/3350 3692/4702/3344
f 3694/4694/3347 3698/4703/3351 3693/4704/3346
f 3699/4705/3352 3694/4706/3347 3695/4697/3348
s 0
f 3708/4707/3353 3701/4708/3353 3706/4709/3353
f 3711/4710/3354 3706/4711/3354 3710/4712/3354
f 3704/4713/3355 3707/4714/3355 3711/4715/3355
f 3702/4716/3356 3703/4717/3356 3701/4718/3356
f 3705/4719/3357 3710/4720/3357 3703/4721/3357
f 3703/4721/3358 3710/4720/3358 3709/4722/3358
f 3711/4723/3359 3705/4719/3359 3704/4724/3359
f 3706/4709/3360 3701/4708/3360 3700/4725/3360
f 3702/4726/3361 3708/4707/3361 3707/4727/3361
f 3709/4728/3362 3700/4729/3362 3703/4730/3362
f 3717/4731/3363 3712/4732/3363 3716/4733/3363
f 3719/4734/3364 3716/4735/3364 3718/4736/3364
f 3715/4737/3365 3717/4738/3365 3719/4739/3365
f 3713/4740/3366 3714/4741/3366 3712/4742/3366
f 3715/4743/3367 3718/4744/3367 3714/4745/3367
f 3718/4746/3368 3712/4747/3368 3714/4748/3368
f 3725/4731/3363 3720/4732/3363 3724/4733/3363
f 3727/4734/3364 3724/4735/3364 3726/4736/3364
f 3723/4737/3365 3725/4738/3365 3727/4739/3365
f 3721/4740/3366 3722/4741/3366 3720/4742/3366
f 3723/4743/3367 3726/4744/3367 3722/4745/3367
f 3726/4746/3368 3720/4747/3368 3722/4748/3368
f 3733/4731/3363 3728/4732/3363 3732/4733/3363
f 3735/4734/3364 3732/4735/3364 3734/4749/3364
f 3731/4737/3365 3733/4738/3365 3735/4739/3365
f 3729/4740/3366 3730/4741/3366 3728/4750/3366
f 3731/4743/3367 3734/4744/3367 3730/4751/3367
f 3734/4752/3368 3728/4747/3368 3730/4753/3368
f 3741/4731/3363 3736/4732/3363 3740/4733/3363
f 3743/4734/3364 3740/4735/3364 3742/4749/3364
f 3739/4737/3365 3741/4738/3365 3743/4739/3365
f 3737/4740/3366 3738/4741/3366 3736/4750/3366
f 3739/4743/3367 3742/4744/3367 3738/4751/3367
f 3742/4752/3368 3736/4747/3368 3738/4753/3368
f 3749/4754/3369 3744/4755/3369 3748/4756/3369
f 3751/4757/3370 3748/4758/3370 3750/4759/3370
f 3747/4760/3371 3749/4761/3371 3751/4762/3371
f 3745/4763/3372 3746/4764/3372 3744/4765/3372
f 3747/4766/3373 3750/4767/3373 3746/4768/3373
f 3750/4769/3374 3744/4770/3374 3746/4771/3374
f 3757/4772/3375 3752/4773/3375 3756/4774/3375
f 3759/4775/2822 3756/4776/2822 3758/4777/2822
f 3755/4778/3376 3757/4779/3376 3759/4780/3376
f 3753/4781/2824 3754/4782/2824 3752/4783/2824
f 3755/4784/3377 3758/4785/3377 3754/4786/3377
f 3758/4787/3378 3752/4788/3378 3754/4789/3378
s 1
f 3771/4793/3379 3764/4794/3380 3770/4795/3381
f 3767/4796/3382 3768/4797/3383 3766/4798/3384
f 3769/4799/3385 3770/4800/3381 3768/4797/3383
f 3765/4801/3386 3766/4802/3384 3764/4794/3380
f 3769/4803/3385 3767/4804/3382 3765/4805/3386
f 3779/4806/3387 3772/4807/3388 3778/4808/3389
f 3775/4809/3390 3776/4810/3391 3774/4811/3392
f 3777/4812/3393 3778/4813/3389 3776/4810/3391
f 3773/4814/3394 3774/4815/3392 3772/4807/3388
f 3777/4816/3393 3775/4817/3390 3773/4818/3394
f 3778/4819/3389 3774/4820/3392 3776/4821/3391
f 3782/4822/3395 3785/4823/3396 3783/4824/3397
f 3784/4825/3398 3787/4826/3399 3785/4827/3396
f 3788/4828/3400 3780/4829/3401 3787/4826/3399
f 3781/4830/3402 3788/4831/3400 3784/4832/3398
f 3781/4833/3402 3783/4824/3397 3780/4834/3401
f 3791/4835/3403 3794/4836/3404 3792/4837/3405
f 3793/4838/3406 3796/4839/3407 3794/4840/3404
f 3797/4841/3408 3789/4842/3409 3796/4839/3407
f 3790/4843/3410 3797/4844/3408 3793/4845/3406
f 3790/4846/3410 3792/4837/3405 3789/4847/3409
f 3794/4848/3404 3796/4849/3407 3789/4850/3409
s 0
f 3803/4754/3369 3798/4851/3369 3802/4852/3369
f 3805/4853/3370 3802/4854/3370 3804/4855/3370
f 3801/4760/3371 3803/4856/3371 3805/4857/3371
f 3799/4763/3372 3800/4858/3372 3798/4859/3372
f 3801/4766/3373 3804/4860/3373 3800/4861/3373
f 3804/4862/3374 3798/4863/3374 3800/4864/3374
f 3811/4772/3375 3806/4865/3375 3810/4866/3375
f 3813/4867/2822 3810/4868/2822 3812/4869/2822
f 3809/4778/3376 3811/4870/3376 3813/4871/3376
f 3807/4872/2824 3808/4873/2824 3806/4874/2824
f 3809/4875/3377 3812/4876/3377 3808/4877/3377
f 3812/4878/3378 3806/4879/3378 3808/4880/3378
s 1
f 3825/4881/3379 3818/4882/3380 3824/4883/3381
f 3821/4884/3382 3822/4885/3383 3820/4886/3384
f 3823/4887/3385 3824/4888/3381 3822/4885/3383
f 3819/4889/3386 3820/4890/3384 3818/4882/3380
f 3823/4891/3385 3821/4892/3382 3819/4893/3386
f 3834/4894/3411 3826/4895/3412 3833/4896/3413
f 3829/4897/3414 3831/4898/3415 3828/4899/3416
f 3830/4900/3417 3833/4901/3413 3831/4898/3415
f 3827/4902/3418 3828/4903/3416 3826/4895/3412
f 3832/4904/3419 3830/4905/3417 3827/4906/3418
f 3833/4907/3413 3828/4908/3416 3831/4909/3415
f 3837/4910/3395 3840/4911/3396 3838/4912/3397
f 3839/4913/3398 3842/4914/3399 3840/4915/3396
f 3843/4916/3400 3835/4917/3401 3842/4914/3399
f 3836/4918/3402 3843/4919/3400 3839/4920/3398
f 3836/4921/3402 3838/4912/3397 3835/4922/3401
f 3851/4923/3420 3845/4924/3421 3852/4925/3422
f 3848/4926/3423 3849/4927/3424 3847/4928/3425
f 3850/4929/3426 3852/4930/3422 3849/4927/3424
f 3846/4931/3427 3847/4932/3425 3845/4924/3421
f 3844/4933/3428 3851/4934/3420 3848/4845/3423
f 3849/4935/3424 3852/4936/3422 3845/4937/3421
s 0
f 3858/4938/3429 3853/4939/3429 3857/4940/3429
f 3860/4941/3430 3857/4942/3430 3859/4943/3430
f 3856/4944/3431 3858/4945/3431 3860/4946/3431
f 3854/4947/3432 3855/4948/3432 3853/4949/3432
f 3856/4950/3433 3859/4951/3433 3855/4952/3433
f 3859/4953/3434 3853/4954/3434 3855/4955/3434
f 3866/4956/3435 3861/4957/3435 3865/4958/3435
f 3868/4959/3436 3865/4960/3436 3867/4961/3436
f 3864/4962/3437 3866/4963/3437 3868/4964/3437
f 3862/4965/3438 3863/4966/3438 3861/4967/3438
f 3864/4968/3439 3867/4969/3439 3863/4970/3439
f 3867/4971/3440 3861/4972/3440 3863/4973/3440
f 3874/4974/3429 3869/4975/3429 3873/4976/3429
f 3876/4977/3430 3873/4978/3430 3875/4979/3430
f 3872/4980/3431 3874/4981/3431 3876/4982/3431
f 3870/4947/3432 3871/4983/3432 3869/4984/3432
f 3872/4985/3433 3875/4986/3433 3871/4987/3433
f 3875/4953/3434 3869/4988/3434 3871/4955/3434
f 3882/4989/3435 3877/4990/3435 3881/4991/3435
f 3884/4959/3436 3881/4992/3436 3883/4961/3436
f 3880/4993/3437 3882/4994/3437 3884/4995/3437
f 3878/4965/3438 3879/4996/3438 3877/4997/3438
f 3880/4968/3439 3883/4998/3439 3879/4970/3439
f 3883/4971/3440 3877/4972/3440 3879/4999/3440
f 3890/5000/3441 3885/5001/3441 3889/5002/3441
f 3892/5003/3442 3889/5004/3442 3891/5005/3442
f 3888/5006/3443 3890/5007/3443 3892/5008/3443
f 3886/5009/3444 3887/5010/3444 3885/5011/3444
f 3888/5012/3445 3891/5013/3445 3887/5014/3445
f 3891/5015/3446 3885/5016/3446 3887/5017/3446
f 3898/5018/3441 3893/5019/3441 3897/5002/3441
f 3900/5020/3442 3897/5021/3442 3899/5022/3442
f 3896/5023/3443 3898/5024/3443 3900/5025/3443
f 3894/5026/3444 3895/5027/3444 3893/5028/3444
f 3896/5029/3445 3899/5030/3445 3895/5031/3445
f 3899/5032/3446 3893/5033/3446 3895/5034/3446
f 3906/5035/3447 3901/5036/3447 3905/5037/3447
f 3908/5038/3448 3905/5039/3448 3907/5040/3448
f 3904/5041/3365 3906/5042/3365 3908/5043/3365
f 3902/5044/3449 3903/5045/3449 3901/5046/3449
f 3904/5047/3450 3907/5048/3450 3903/5049/3450
f 3907/5050/3368 3901/5051/3368 3903/5052/3368
f 3911/5053/3451 3912/5054/3451 3909/5055/3451
f 3910/5056/3452 3909/5055/3452 3912/5054/3452
s 1
f 3915/5057/3453 3916/5058/3454 3914/5059/3455
f 3918/5060/3456 3917/5061/3457 3916/5062/3454
f 3918/5063/3456 3919/5064/3458 3914/5065/3455
f 3925/5066/3459 3926/5067/3460 3924/5068/3461
f 3925/5069/3459 3923/5070/3462 3922/5071/3463
f 3924/5072/3461 3926/5073/3460 3921/5074/3464
f 3929/5075/3453 3930/5076/3454 3928/5077/3455
f 3932/5078/3456 3931/5079/3457 3930/5080/3454
f 3932/5081/3456 3933/5082/3458 3928/5083/3455
f 3939/5084/3465 3940/5085/3466 3938/5086/3461
f 3939/5087/3465 3937/5088/3462 3936/5089/3463
f 3938/5090/3461 3940/5091/3466 3935/5065/3467
s 0
f 12/1/3468 4/28/3468 2/2/3468
f 15/4/3469 12/5092/3469 9/5/3469
f 7/7/3470 3/5093/3470 11/8/3470
f 3/10/3471 8/5094/3471 5/11/3471
f 8/13/3472 16/20/3472 14/14/3472
f 1/5095/3473 2/12/3473 5/11/3473
f 4/5096/3474 3/10/3474 2/12/3474
f 7/5097/3475 8/5094/3475 3/10/3475
f 6/5098/3476 5/11/3476 8/5094/3476
f 13/5099/3477 14/6/3477 9/5/3477
f 11/5100/3478 12/5092/3478 15/4/3478
f 10/5101/3479 9/5/3479 12/5092/3479
f 3/5093/3480 4/5102/3480 11/8/3480
f 13/23/3481 10/25/3481 1/16/3481
f 22/30/3482 18/5103/3482 17/31/3482
f 24/33/3483 22/5104/3483 21/34/3483
f 20/36/3484 18/5105/3484 22/37/3484
f 18/39/3485 20/5106/3485 19/40/3485
f 20/42/3486 24/5107/3486 23/43/3486
f 23/45/3487 21/5108/3487 17/46/3487
f 30/48/3488 26/5109/3488 25/49/3488
f 32/51/3489 30/5110/3489 29/52/3489
f 28/54/3490 26/5111/3490 30/55/3490
f 26/57/3491 28/5112/3491 27/58/3491
f 28/60/3492 32/5113/3492 31/61/3492
f 31/63/3493 29/5114/3493 25/64/3493
f 38/66/3494 34/5115/3494 33/67/3494
f 40/69/3495 38/5116/3495 37/70/3495
f 36/72/3496 34/5117/3496 38/73/3496
f 34/75/3497 36/5118/3497 35/76/3497
f 36/72/3498 40/74/3498 39/78/3498
f 39/80/3499 37/68/3499 33/67/3499
f 44/82/3500 42/5119/3500 41/83/3500
f 42/85/3501 44/5120/3501 43/86/3501
s 1
f 53/5121/3502 46/96/42 45/97/41
f 48/88/35 49/5122/38 50/89/36
f 49/91/38 51/94/40 52/92/39
f 51/94/40 53/5123/3502 45/95/41
f 46/96/42 48/88/35 47/90/37
f 48/5124/35 46/5125/42 53/5126/3502
f 53/5126/3502 51/5127/40 48/5124/35
f 51/5127/40 49/5128/38 48/5124/35
f 45/100/41 47/5129/37 50/98/36
f 63/101/43 54/110/51 55/102/44
f 56/5130/3503 58/5131/46 57/111/48
f 58/104/46 60/108/50 61/107/49
f 60/108/50 63/5132/43 62/109/45
f 54/110/51 56/5130/3503 57/111/48
f 56/5133/3503 54/5134/51 63/5135/43
f 63/5135/43 60/5136/50 56/5133/3503
f 60/5136/50 58/5137/46 56/5133/3503
f 57/112/48 59/5138/47 61/113/49
f 62/114/45 55/5139/44 57/112/48
f 72/5140/3502 65/123/42 64/124/41
f 67/115/35 68/5141/38 69/116/36
f 68/118/38 70/121/53 71/119/39
f 70/121/53 72/5142/3502 64/122/41
f 65/123/42 67/115/35 66/117/52
f 67/5143/35 65/5144/42 72/5145/3502
f 72/5145/3502 70/5146/53 67/5143/35
f 70/5146/53 68/5147/38 67/5143/35
f 64/127/41 66/5148/52 69/125/36
s 0
f 78/128/3494 74/5115/3494 73/129/3494
f 80/131/3495 78/5149/3495 77/132/3495
f 76/134/3496 74/5150/3496 78/135/3496
f 74/75/3497 76/5151/3497 75/136/3497
f 76/134/3498 80/74/3498 79/138/3498
f 79/140/3499 77/130/3499 73/129/3499
f 83/142/3500 82/5152/3500 81/143/3500
f 82/145/3501 83/5153/3501 84/146/3501
s 1
f 92/5154/59 86/156/61 85/157/60
f 88/5155/54 90/151/57 89/153/55
f 90/151/57 92/154/59 91/152/58
f 86/156/61 88/148/54 87/150/56
f 86/5156/61 92/5157/59 88/5158/54
f 92/5157/59 90/5159/57 88/5158/54
f 85/160/60 87/5160/56 89/158/55
f 101/161/62 94/175/71 93/162/63
f 96/164/65 98/5161/68 97/165/66
f 98/167/68 100/170/70 99/168/69
f 100/170/70 101/5162/62 102/171/64
f 94/175/71 96/164/65 95/166/67
f 94/5163/71 101/5164/62 96/172/65
f 101/5164/62 100/173/70 96/172/65
f 102/178/64 93/5165/63 95/5166/67
f 102/178/64 95/5166/67 97/176/66
f 110/5167/59 104/187/61 103/188/60
f 106/5168/54 108/182/57 107/184/55
f 108/182/57 110/185/59 109/183/72
f 104/187/61 106/179/54 105/181/56
f 104/5169/61 110/5170/59 106/5171/54
f 110/5170/59 108/5172/57 106/5171/54
f 103/191/60 105/5173/56 107/189/55
s 0
f 116/192/3504 112/5174/3504 111/193/3504
f 118/195/3505 116/5175/3505 115/196/3505
f 114/198/3506 112/5176/3506 116/199/3506
f 112/201/3507 114/5177/3507 113/202/3507
f 114/204/3508 118/5178/3508 117/205/3508
f 117/207/3509 115/5179/3509 111/208/3509
f 124/210/3510 120/5180/3510 119/211/3510
f 126/213/3511 124/5181/3511 123/214/3511
f 122/216/3512 120/5182/3512 124/217/3512
f 120/219/3513 122/5183/3513 121/220/3513
f 122/222/3514 126/5184/3514 125/223/3514
f 125/225/3515 123/5185/3515 119/226/3515
f 132/228/3510 128/5186/3510 127/229/3510
f 134/231/3511 132/5187/3511 131/232/3511
f 130/234/3512 128/5188/3512 132/235/3512
f 128/237/3513 130/5189/3513 129/238/3513
f 130/240/3514 134/5190/3514 133/241/3514
f 133/243/3515 131/5191/3515 127/244/3515
f 140/246/3504 136/5192/3504 135/247/3504
f 142/248/3505 140/5193/3505 139/249/3505
f 138/251/3506 136/5194/3506 140/252/3506
f 136/254/3507 138/5195/3507 137/255/3507
f 138/257/3508 142/5178/3508 141/258/3508
f 141/259/3509 139/5179/3509 135/260/3509
f 148/262/3510 144/5196/3510 143/263/3510
f 150/265/3511 148/5197/3511 147/266/3511
f 146/268/3512 144/5198/3512 148/269/3512
f 144/271/3513 146/5199/3513 145/272/3513
f 146/274/3514 150/5200/3514 149/275/3514
f 149/277/3515 147/5201/3515 143/278/3515
f 156/280/3510 152/5202/3510 151/281/3510
f 158/283/3511 156/5203/3511 155/284/3511
f 154/286/3512 152/5204/3512 156/287/3512
f 152/288/3513 154/5199/3513 153/289/3513
f 154/274/3514 158/5205/3514 157/291/3514
f 157/293/3515 155/5206/3515 151/294/3515
f 171/296/3516 163/5207/3516 160/297/3516
f 174/299/3517 171/5208/3517 168/300/3517
f 166/302/3518 161/312/3518 170/303/3518
f 162/305/3519 167/317/3519 164/306/3519
f 167/307/3520 176/317/3520 173/301/3520
f 163/5207/3521 161/321/3522 162/305/3523
f 174/299/3524 176/317/3525 175/315/3526
f 159/309/3527 160/297/3527 164/306/3527
f 163/5207/3528 162/305/3528 160/297/3528
f 166/5209/3529 167/317/3529 162/305/3529
f 165/313/3530 164/308/3530 173/301/3530
f 175/315/3531 176/317/3531 167/307/3531
f 172/314/3532 173/301/3532 168/300/3532
f 170/319/3533 171/5208/3533 174/299/3533
f 169/320/3534 168/298/3534 160/297/3534
f 161/321/3535 163/5207/3535 171/296/3535
f 172/323/3536 169/5210/3536 159/324/3536
f 182/326/3537 178/335/3537 177/327/3537
f 184/329/3538 182/5211/3538 181/330/3538
f 180/332/3539 178/5212/3539 182/333/3539
f 178/335/3540 180/5213/3540 179/336/3540
f 180/337/3541 184/329/3541 183/331/3541
f 183/339/3542 181/5214/3542 177/340/3542
s 1
f 203/342/106 187/365/124 185/343/107
f 188/345/109 191/349/113 190/348/112
f 191/349/113 193/5215/115 192/350/114
f 193/351/115 195/354/117 194/352/116
f 195/354/117 197/356/119 196/355/118
f 197/356/119 199/358/121 198/357/120
f 199/358/121 201/360/123 200/359/122
f 201/5216/123 203/342/106 202/344/108
f 187/365/124 188/345/109 186/347/111
f 188/363/109 187/5217/124 203/5218/106
f 203/5218/106 201/5219/123 199/5220/121
f 203/5218/106 199/5220/121 188/363/109
f 199/5220/121 197/364/119 188/363/109
f 197/364/119 195/5221/117 193/5222/115
f 193/5222/115 191/362/113 197/364/119
f 185/5223/107 186/5224/111 189/366/110
f 192/367/114 194/5225/116 198/368/120
f 194/5225/116 196/5226/118 198/368/120
f 200/5227/122 202/5228/108 185/5223/107
f 189/366/110 190/5229/112 192/367/114
f 198/368/120 200/5227/122 185/5223/107
f 185/5223/107 189/366/110 198/368/120
f 215/369/125 205/386/136 204/370/126
f 209/372/128 211/375/131 210/373/129
f 211/375/131 213/5230/133 212/376/132
f 213/377/133 215/5231/125 214/378/127
f 207/380/134 209/5232/128 208/381/130
f 209/384/128 207/5233/134 205/385/136
f 205/385/136 215/5234/125 213/5235/133
f 213/5235/133 211/383/131 205/385/136
f 205/386/136 207/5236/134 206/387/135
f 214/390/127 204/5237/126 210/388/129
f 204/5237/126 206/5238/135 210/388/129
f 206/5238/135 208/5239/130 210/388/129
s 0
f 229/296/3543 218/399/3543 217/391/3543
f 232/393/3544 229/5207/3544 225/394/3544
f 223/396/3545 219/5240/3545 228/397/3545
f 218/399/3546 224/579/3546 220/400/3546
f 224/307/3547 232/393/3547 231/395/3547
f 221/401/3548 222/407/3549 220/5241/3550
f 225/394/3551 227/5242/3552 226/411/3553
f 216/414/3554 217/391/3554 220/400/3554
f 223/405/3555 224/579/3555 218/399/3555
f 221/5243/3556 220/400/3556 224/579/3556
f 222/407/3557 221/401/3557 231/395/3557
f 233/409/3558 232/393/3558 224/307/3558
f 230/408/3559 231/395/3559 225/394/3559
f 228/412/3560 229/5207/3560 232/393/3560
f 227/5242/3561 225/394/3561 229/5207/3561
f 226/413/3562 227/392/3562 217/391/3562
f 219/406/3563 218/399/3563 229/296/3563
f 230/416/3536 226/5244/3536 216/402/3536
f 239/417/3537 235/426/3537 234/418/3537
f 241/420/3538 239/5245/3538 238/421/3538
f 237/423/3539 235/5246/3539 239/424/3539
f 235/426/3540 237/5247/3540 236/427/3540
f 237/428/3541 241/420/3541 240/422/3541
f 240/430/3542 238/5248/3542 234/431/3542
s 1
f 244/451/165 246/436/153 245/438/155
f 246/436/153 248/439/156 247/437/154
f 248/439/156 250/5249/158 249/440/157
f 250/441/158 252/444/159 251/442/116
f 252/444/159 254/446/161 253/445/160
f 254/446/161 257/449/164 256/448/163
f 257/449/164 258/5250/3564 242/450/152
f 258/5251/3564 259/433/150 242/435/152
f 246/5252/153 244/5253/165 259/5254/150
f 250/5255/158 248/5256/156 246/5252/153
f 246/5252/153 259/5254/150 258/5257/3564
f 258/5257/3564 257/5258/164 246/5252/153
f 257/5258/164 254/5259/161 246/5252/153
f 254/5259/161 252/5260/159 250/5255/158
f 250/5255/158 246/5252/153 254/5259/161
f 259/433/150 244/451/165 243/434/151
f 242/5261/152 243/5262/151 245/452/155
f 249/453/157 251/5263/116 255/454/162
f 251/5263/116 253/5264/160 255/454/162
f 245/452/155 247/5265/154 249/453/157
f 255/454/162 256/5266/163 242/5261/152
f 242/5261/152 245/452/155 255/454/162
f 271/455/125 261/472/136 260/456/126
f 265/458/128 267/461/131 266/459/129
f 267/461/131 269/5267/166 268/462/132
f 269/463/166 271/5268/125 270/464/127
f 263/466/134 265/5269/128 264/467/130
f 265/470/128 263/5270/134 261/471/136
f 261/471/136 271/5271/125 269/5272/166
f 269/5272/166 267/469/131 261/471/136
f 261/472/136 263/5273/134 262/473/135
f 270/476/127 260/5274/126 266/474/129
f 260/5274/126 262/5238/135 266/474/129
f 262/5238/135 264/5275/130 266/474/129
s 0
f 285/477/3543 274/485/3543 273/478/3543
f 288/480/3565 285/5207/3565 281/481/3565
f 279/482/3545 275/5276/3545 284/483/3545
f 274/485/3566 280/5277/3566 276/486/3566
f 280/487/3547 288/480/3547 287/301/3547
f 276/486/3567 278/5243/3568 277/490/3569
f 282/479/3570 283/499/3571 281/5278/3572
f 272/489/3573 273/478/3573 276/486/3573
f 279/491/3555 280/5277/3555 274/485/3555
f 278/5243/3574 276/486/3574 280/5277/3574
f 277/493/3575 278/488/3575 287/301/3575
f 289/495/3558 288/480/3558 280/487/3558
f 286/494/3576 287/301/3576 281/481/3576
f 284/319/3560 285/5207/3560 288/480/3560
f 282/5242/3577 281/481/3577 285/5207/3577
f 283/499/3578 282/479/3578 273/478/3578
f 275/492/3563 274/485/3563 285/477/3563
f 286/416/3579 283/498/3579 272/501/3579
f 295/503/3537 291/511/3537 290/504/3537
f 297/506/3538 295/5279/3538 294/330/3538
f 293/508/3539 291/5212/3539 295/509/3539
f 291/511/3540 293/5280/3540 292/512/3540
f 293/513/3541 297/506/3541 296/507/3541
f 296/515/3542 294/5214/3542 290/516/3542
s 1
f 315/518/173 300/538/189 298/519/174
f 301/521/176 304/525/180 303/524/179
f 304/525/180 305/5251/3580 307/350/181
f 305/5250/3580 306/526/182 307/528/181
f 306/526/182 309/529/184 308/527/183
f 309/529/184 311/531/186 310/530/185
f 311/531/186 313/533/188 312/532/187
f 313/533/188 315/5281/173 314/534/175
f 300/538/189 301/521/176 299/523/178
f 315/5282/173 313/5283/188 311/537/186
f 311/537/186 309/5284/184 306/5285/182
f 301/536/176 300/5286/189 315/5282/173
f 315/5282/173 311/537/186 301/536/176
f 311/537/186 306/5285/182 305/5287/3580
f 305/5287/3580 304/535/180 311/537/186
f 314/5288/175 298/5289/174 302/539/177
f 298/5289/174 299/5290/178 302/539/177
f 307/540/181 308/5291/183 310/541/185
f 302/539/177 303/5292/179 307/540/181
f 310/541/185 312/5293/187 314/5288/175
f 314/5288/175 302/539/177 310/541/185
f 327/542/125 317/559/136 316/543/126
f 321/545/128 323/548/131 322/546/129
f 323/548/131 325/5294/166 324/549/132
f 325/550/166 327/5295/125 326/551/127
f 319/553/134 321/5296/128 320/554/130
f 321/557/128 319/5297/134 317/558/136
f 317/558/136 327/5298/125 325/5299/166
f 325/5299/166 323/556/131 317/558/136
f 317/559/136 319/5300/134 318/560/135
f 326/563/127 316/5301/126 322/561/129
f 316/5301/126 318/5302/135 322/561/129
f 318/5302/135 320/5303/130 322/561/129
s 0
f 340/296/3516 332/5304/3516 329/391/3516
f 343/565/3581 340/5304/3581 337/566/3581
f 335/567/3545 331/5305/3545 339/568/3545
f 330/570/3582 336/5306/3582 333/571/3582
f 336/307/3520 344/579/3520 342/395/3520
f 330/570/3583 332/5304/3584 331/492/3585
f 344/579/3586 345/577/3587 343/565/3588
f 328/573/3527 329/391/3527 333/571/3527
f 332/5304/3589 330/570/3589 329/391/3589
f 335/405/3590 336/5306/3590 330/570/3590
f 334/575/3530 333/572/3530 342/395/3530
f 345/577/3591 344/579/3591 336/307/3591
f 341/576/3532 342/395/3532 337/566/3532
f 339/5307/3592 340/5304/3592 343/565/3592
f 338/582/3534 337/564/3534 329/391/3534
f 331/492/3593 332/5304/3593 340/296/3593
f 341/584/3536 338/5308/3536 328/585/3536
f 351/587/3537 347/595/3537 346/588/3537
f 353/590/3538 351/5309/3538 350/591/3538
f 349/593/3539 347/5310/3539 351/509/3539
f 347/595/3540 349/5311/3540 348/427/3540
f 349/596/3541 353/590/3541 352/592/3541
f 352/598/3542 350/5312/3542 346/599/3542
s 1
f 372/601/198 356/622/215 354/352/174
f 357/603/200 359/606/203 358/604/201
f 359/606/203 361/608/205 360/607/204
f 361/5313/205 363/610/207 362/612/206
f 363/610/207 366/613/209 364/611/208
f 366/613/209 367/615/211 365/614/210
f 367/615/211 370/618/214 369/617/213
f 370/618/214 372/5314/198 371/450/199
f 356/622/215 357/603/200 355/605/202
f 367/621/211 366/5315/209 363/5316/207
f 363/5316/207 361/5317/205 359/619/203
f 357/620/200 356/5318/215 372/5319/198
f 372/5319/198 370/5258/214 357/620/200
f 370/5258/214 367/621/211 357/620/200
f 363/5316/207 359/619/203 367/621/211
f 371/5320/199 354/5321/174 358/623/201
f 354/5321/174 355/5322/202 358/623/201
f 360/5323/204 362/5324/206 364/624/208
f 364/624/208 365/5325/210 368/625/212
f 358/623/201 360/5323/204 364/624/208
f 368/625/212 369/5326/213 371/5320/199
f 371/5320/199 358/623/201 368/625/212
f 384/626/125 374/643/136 373/627/126
f 378/629/128 380/632/131 379/630/129
f 380/632/131 382/5327/166 381/633/132
f 382/634/166 384/5328/125 383/635/127
f 376/637/216 378/5329/128 377/638/130
f 378/641/128 376/5330/216 374/642/136
f 374/642/136 384/5331/125 382/5332/166
f 382/5332/166 380/640/131 374/642/136
f 374/643/136 376/5333/216 375/644/135
f 383/646/127 373/5334/126 379/645/129
f 373/5334/126 375/5335/135 379/645/129
f 375/5335/135 377/5336/130 379/645/129
f 1234/1441/1090 1166/1458/1159 1165/1442/1091
f 1170/1444/1093 1172/1447/1096 1171/1445/1094
f 1172/1447/1096 1174/1449/1098 1173/1448/1097
f 1174/1449/1098 1176/5337/1100 1175/1450/1099
f 1176/1451/1100 1178/1454/1102 1177/1452/1101
f 1178/1454/1102 1180/1444/1104 1179/1446/1103
f 1180/1444/1104 1182/1456/1106 1181/1455/1105
f 1182/1456/1106 1184/1458/1108 1183/1457/1107
f 1184/1458/1108 1186/1460/1110 1185/1459/1109
f 1186/1460/1110 1188/1462/1112 1187/1461/1111
f 1188/1462/1112 1190/1464/1114 1189/1463/1113
f 1190/1464/1114 1192/5338/1116 1191/1465/1115
f 1192/1466/1116 1194/1454/1119 1195/1469/1118
f 1194/1454/1119 1197/1444/1121 1196/1446/1120
f 1197/1444/1121 1199/1470/1123 1198/1455/1122
f 1199/1470/1123 1201/1458/1125 1200/1457/1124
f 1201/1458/1125 1203/1471/1127 1202/1459/1126
f 1203/1471/1127 1205/1473/1129 1204/1472/1128
f 1205/1473/1129 1207/1464/1131 1206/1463/1130
f 1207/1464/1131 1209/1475/1133 1208/1474/1132
f 1209/1475/1133 1211/5339/1135 1210/1476/1134
f 1211/1477/1135 1213/1480/1137 1212/1478/1136
f 1213/1480/1137 1215/1481/1139 1214/1472/1138
f 1215/1481/1139 1217/1483/1141 1216/1482/1140
f 1217/1483/1141 1219/1484/1143 1218/1457/1142
f 1219/1484/1143 1221/1444/1146 1222/1486/1145
f 1221/1444/1146 1224/1488/1148 1223/1487/1147
f 1224/1488/1148 1226/5340/1150 1225/1489/1149
f 1226/1490/1150 1228/1492/1152 1227/1491/1151
f 1228/1492/1152 1230/1494/1154 1229/1493/1153
f 1230/1494/1154 1232/1462/1156 1231/1495/1155
f 1232/1462/1156 1234/1441/1090 1233/1443/1092
f 1168/1496/1157 1170/1444/1093 1169/1446/1095
f 1234/5341/1090 1230/5342/1154 1168/5343/1157
f 1226/5344/1150 1221/1498/1146 1230/5342/1154
f 1217/1502/1141 1213/5345/1137 1207/5346/1131
f 1213/5345/1137 1211/5347/1135 1207/5346/1131
f 1203/5348/1127 1199/5349/1123 1207/5346/1131
f 1194/1499/1119 1190/5350/1114 1186/5351/1110
f 1178/1500/1102 1176/5352/1100 1172/5353/1096
f 1221/1498/1146 1217/1502/1141 1207/5346/1131
f 1186/5351/1110 1182/5354/1106 1178/1500/1102
f 1178/1500/1102 1172/5353/1096 1221/1498/1146
f 1172/5353/1096 1168/5343/1157 1221/1498/1146
f 1168/5343/1157 1230/5342/1154 1221/1498/1146
f 1207/5346/1131 1199/5349/1123 1194/1499/1119
f 1194/1499/1119 1186/5351/1110 1178/1500/1102
f 1221/1498/1146 1207/5346/1131 1194/1499/1119
f 1166/1458/1159 1168/1496/1157 1167/1497/1158
f 1167/5355/1158 1169/5356/1095 1165/1504/1091
f 1168/5343/1157 1166/5357/1159 1234/5341/1090
f 1169/5356/1095 1171/5358/1094 1173/5359/1097
f 1170/5360/1093 1168/5343/1157 1172/5353/1096
f 1173/5359/1097 1175/5361/1099 1177/5362/1101
f 1174/5363/1098 1172/5353/1096 1176/5352/1100
f 1179/5364/1103 1181/1505/1105 1177/5362/1101
f 1180/5364/1104 1178/1500/1102 1182/5354/1106
f 1181/1505/1105 1183/5365/1107 1185/5366/1109
f 1186/5351/1110 1184/5365/1108 1182/5354/1106
f 1187/5367/1111 1189/5368/1113 1185/5366/1109
f 1188/5367/1112 1186/5351/1110 1190/5350/1114
f 1193/5369/1117 1195/5370/1118 1191/5371/1115
f 1192/5372/1116 1190/5350/1114 1194/1499/1119
f 1196/5373/1120 1198/5374/1122 1195/5370/1118
f 1197/5373/1121 1194/1499/1119 1199/5349/1123
f 1198/5374/1122 1200/5375/1124 1202/5376/1126
f 1203/5348/1127 1201/5375/1125 1199/5349/1123
f 1204/5377/1128 1206/5378/1130 1202/5376/1126
f 1205/5377/1129 1203/5348/1127 1207/5346/1131
f 1206/5378/1130 1208/5379/1132 1210/5380/1134
f 1209/5379/1133 1207/5346/1131 1211/5347/1135
f 1212/5381/1136 1214/5382/1138 1210/5380/1134
f 1214/5382/1138 1216/5383/1140 1218/5384/1142
f 1215/5385/1139 1213/5345/1137 1217/1502/1141
f 1222/5386/1145 1223/5387/1147 1220/5388/1144
f 1223/5387/1147 1225/5389/1149 1227/1503/1151
f 1224/5390/1148 1221/1498/1146 1226/5344/1150
f 1229/5391/1153 1231/5392/1155 1227/1503/1151
f 1230/5342/1154 1228/5393/1152 1226/5344/1150
f 1231/5392/1155 1233/5394/1092 1165/1504/1091
f 1232/5395/1156 1230/5342/1154 1234/5341/1090
f 1185/5366/1109 1189/5368/1113 1181/1505/1105
f 1191/5371/1115 1195/5370/1118 1189/5368/1113
f 1206/5378/1130 1210/5380/1134 1202/5376/1126
f 1218/5384/1142 1220/5388/1144 1223/5387/1147
f 1227/1503/1151 1231/5392/1155 1165/1504/1091
f 1165/1504/1091 1169/5356/1095 1173/5359/1097
f 1173/5359/1097 1177/5362/1101 1165/1504/1091
f 1177/5362/1101 1181/1505/1105 1165/1504/1091
f 1195/5370/1118 1198/5374/1122 1202/5376/1126
f 1210/5380/1134 1214/5382/1138 1218/5384/1142
f 1218/5384/1142 1223/5387/1147 1227/1503/1151
f 1181/1505/1105 1189/5368/1113 1195/5370/1118
f 1195/5370/1118 1202/5376/1126 1181/1505/1105
f 1202/5376/1126 1210/5380/1134 1181/1505/1105
f 1210/5380/1134 1218/5384/1142 1181/1505/1105
f 1218/5384/1142 1227/1503/1151 1181/1505/1105
f 1237/1507/1161 1420/1523/1175 1265/1525/1177
f 1415/1506/1160 1243/1508/1162 1244/1512/1166
f 1425/1511/1165 1249/1510/1164 1250/1536/1187
f 1422/1514/1168 1421/1684/1167 1244/1515/1166
f 1422/1514/1168 1238/1516/1169 1239/1517/1170
f 1235/1518/301 1239/1517/1170 1240/1519/1171
f 1236/1520/1172 1240/1519/1171 1241/1521/1173
f 1423/1686/1174 1241/1530/1173 1424/1532/1183
f 1237/1507/1161 1252/1533/1184 1243/1508/1162
f 1238/1516/1169 1245/1526/1178 1246/1527/1179
f 1239/1517/1170 1246/1527/1179 1247/1528/1180
f 1241/1521/1173 1240/1519/1171 1247/1528/1180
f 1241/1530/1173 1256/1541/1181 1248/1531/1182
f 1424/1532/1183 1248/1531/1182 1249/1510/1164
f 1243/1508/1162 1252/1533/1184 1258/1534/1185
f 1249/1510/1164 1257/1568/1218 1271/1535/1186
f 1244/1515/1166 1258/5396/1185 1253/1537/1188
f 1245/1526/1178 1253/1537/1188 1254/1539/1190
f 1246/1527/1179 1254/1539/1190 1255/1540/1191
f 1247/1528/1180 1255/1540/1191 1256/1529/1181
f 1248/1531/1182 1263/1542/1192 1249/1510/1164
f 1252/1533/1184 1266/1556/1205 1258/1534/1185
f 1253/1545/1188 1259/1537/1193 1260/1539/1194
f 1255/1547/1191 1254/1546/1190 1260/1539/1194
f 1255/1543/1191 1261/1544/1195 1262/1548/1196
f 1263/1542/1192 1256/1541/1181 1262/1548/1196
f 1252/1533/1184 1272/1549/1197 1266/1556/1205
f 1257/1568/1218 1249/1510/1164 1278/1550/1198
f 1259/1537/1193 1258/5396/1185 1267/1551/1199
f 1259/1537/1193 1268/1526/1200 1269/1552/1201
f 1261/1540/1195 1260/1539/1194 1269/1552/1201
f 1261/1540/1195 1270/1528/1202 1276/1553/1203
f 1262/1548/1196 1276/1565/1203 1277/1555/1204
f 1278/1550/1198 1263/1542/1192 1277/1555/1204
f 1268/1526/1200 1273/1516/1213 1274/1517/1206
f 1270/1528/1202 1269/1552/1201 1274/1517/1206
f 1270/1528/1202 1275/1519/1207 1276/1553/1203
f 1265/1525/1177 1264/1524/1176 1291/1558/1209
f 1265/1525/1177 1292/1559/1210 1272/1549/1197
f 1267/1557/1199 1266/1556/1205 1279/1560/1211
f 1268/1526/1200 1267/1551/1199 1280/1562/1212
f 1273/1516/1213 1281/1570/1220 1282/1518/463
f 1275/1519/1207 1274/1517/1206 1282/1518/463
f 1275/1519/1207 1283/1563/1214 1289/1564/1215
f 1276/1565/1203 1289/1573/1215 1290/1566/1216
f 1278/1550/1198 1290/1566/1216 1311/1567/1217
f 1280/1561/1212 1279/1560/1211 1284/1576/1225
f 1257/1568/1218 1311/1567/1217 1320/1569/1219
f 1283/1563/1214 1282/1518/463 1287/1571/1221
f 1283/1563/1214 1288/1572/1222 1289/1564/1215
f 1279/1560/1211 1298/1575/1224 1284/1576/1225
f 1281/1570/1220 1280/1562/1212 1285/1578/1226
f 1281/1570/1220 1286/1579/1227 1287/1571/1221
f 1288/1572/1222 1287/1571/1221 1294/1580/1228
f 1288/1572/1222 1295/1581/1229 1296/1582/1230
f 1297/1574/1223 1289/1573/1215 1296/1590/1230
f 1290/1566/1216 1310/1583/1231 1311/1567/1217
f 1284/1576/1225 1299/1584/1232 1300/1585/1233
f 1286/1579/1227 1285/1578/1226 1300/1586/1233
f 1286/1579/1227 1293/1587/1234 1294/1580/1228
f 1295/1581/1229 1303/1594/1240 1304/1588/1235
f 1296/1590/1230 1304/1595/1235 1305/1591/1237
f 1298/1575/1224 1292/1559/1210 1306/1589/1236
f 1297/1574/1223 1305/1591/1237 1310/1583/1231
f 1293/1587/1234 1301/1592/1238 1302/1593/1239
f 1295/1581/1229 1294/1580/1228 1302/1593/1239
f 1305/1591/1237 1319/1596/1241 1310/1583/1231
f 1298/1575/1224 1312/1597/1242 1313/1598/1243
f 1299/1584/1232 1313/1598/1243 1314/1599/1244
f 1301/1600/1238 1300/1585/1233 1314/1599/1244
f 1301/1545/1238 1307/1537/1245 1308/1539/1246
f 1303/1547/1240 1302/1546/1239 1308/1539/1246
f 1303/1600/1240 1309/1601/1247 1304/1595/1235
f 1319/1596/1241 1304/1595/1235 1318/1611/1253
f 1310/1583/1231 1332/1602/1248 1333/1603/1249
f 1311/1567/1217 1333/1603/1249 1320/1569/1219
f 1307/1537/1245 1315/1526/1250 1316/1552/1251
f 1309/1540/1247 1308/1539/1246 1316/1552/1251
f 1309/1540/1247 1317/1528/1252 1318/1605/1253
f 1319/1596/1241 1325/1612/1262 1332/1602/1248
f 1314/1599/1244 1313/1598/1243 1321/1606/1254
f 1315/1526/1250 1314/1604/1244 1327/1562/1255
f 1315/1526/1250 1322/1516/1257 1323/1517/1258
f 1317/1528/1252 1316/1552/1251 1323/1517/1258
f 1317/1528/1252 1324/1519/1259 1331/1610/1261
f 1306/1589/1236 1291/1558/1209 1345/1609/1260
f 1318/1611/1253 1331/1607/1261 1325/1612/1262
f 1321/1606/1254 1326/1615/1267 1327/1607/1255
f 1322/1516/1257 1328/1570/1263 1329/1518/304
f 1324/1519/1259 1323/1517/1258 1329/1518/304
f 1324/1519/1259 1330/1563/1264 1331/1610/1261
f 1333/1603/1249 1332/1602/1248 1344/1613/1265
f 1352/1608/1256 1333/1603/1249 1337/1614/1266
f 1328/1570/1263 1327/1562/1255 1339/1617/1268
f 1328/1570/1263 1334/1579/1269 1335/1618/1270
f 1330/1563/1264 1329/1518/304 1335/1618/1270
f 1330/1563/1264 1336/1572/1271 1343/1619/1272
f 1325/1612/1262 1331/1607/1261 1343/1616/1272
f 1306/1589/1236 1353/1620/1273 1338/1621/1274
f 1332/1602/1248 1325/1612/1262 1344/1613/1265
f 1321/1606/1254 1338/1621/1274 1326/1615/1267
f 1326/1615/1267 1338/1621/1274 1339/1616/1268
f 1334/1579/1269 1340/1587/1275 1341/1622/1276
f 1336/1572/1271 1335/1618/1270 1341/1622/1276
f 1336/1572/1271 1342/1581/1277 1343/1619/1272
f 1340/1587/1275 1339/1617/1268 1346/1624/1279
f 1340/1587/1275 1347/1592/1280 1348/1625/1281
f 1341/1622/1276 1348/1625/1281 1349/1594/1282
f 1342/1581/1277 1349/1594/1282 1350/1588/1283
f 1351/1623/1278 1343/1616/1272 1350/1629/1283
f 1344/1613/1265 1359/1627/1285 1337/1614/1266
f 1338/1621/1274 1355/1628/1286 1346/1629/1279
f 1347/1630/1280 1346/1629/1279 1360/1631/1287
f 1347/1633/1280 1356/1640/1288 1357/1625/1289
f 1349/1635/1282 1348/1634/1281 1357/1625/1289
f 1349/1630/1282 1358/1632/1290 1364/1631/1292
f 1345/1609/1260 1408/1637/1291 1353/1620/1273
f 1351/1623/1278 1350/1629/1283 1364/1631/1292
f 1351/1623/1278 1365/1638/1293 1359/1627/1285
f 1337/1614/1266 1385/1639/1294 1352/1608/1256
f 1356/1640/1288 1361/1647/1301 1362/1622/1295
f 1358/1636/1290 1357/1625/1289 1362/1622/1295
f 1358/1636/1290 1363/1641/1296 1364/1650/1292
f 1353/1620/1273 1377/1642/1297 1366/1643/1298
f 1354/1626/1284 1366/1643/1298 1367/1645/1300
f 1359/1627/1285 1372/1644/1299 1385/1639/1294
f 1355/1628/1286 1367/1645/1300 1360/1631/1287
f 1363/1641/1296 1362/1622/1295 1369/1618/1302
f 1363/1641/1296 1370/1648/1303 1371/1649/1304
f 1365/1638/1293 1364/1631/1292 1371/1655/1304
f 1365/1638/1293 1371/1655/1304 1372/1644/1299
f 1361/1647/1301 1360/1646/1287 1373/1652/1305
f 1361/1647/1301 1368/1653/1306 1369/1618/1302
f 1370/1648/1303 1369/1618/1302 1375/1518/632
f 1370/1648/1303 1376/1520/1307 1382/1654/1308
f 1371/1655/1304 1383/1657/1309 1384/1659/1311
f 1367/1645/1300 1366/1643/1298 1387/1658/1310
f 1385/1639/1294 1372/1644/1299 1384/1659/1311
f 1367/1645/1300 1378/1657/1312 1373/1651/1305
f 1368/1653/1306 1374/1660/1313 1375/1518/632
f 1376/1520/1307 1381/1519/1317 1382/1654/1308
f 1374/1660/1313 1373/1652/1305 1389/1662/1314
f 1374/1660/1313 1379/1516/1315 1380/1517/1316
f 1376/1520/1307 1375/1518/632 1380/1517/1316
f 1381/1519/1317 1392/1528/1326 1393/1663/1318
f 1383/1657/1309 1382/1656/1308 1393/1665/1318
f 1387/1658/1310 1377/1642/1297 1386/1664/1319
f 1384/1659/1311 1383/1657/1309 1394/1666/1320
f 1384/1659/1311 1407/1667/1321 1399/1668/1323
f 1378/1657/1312 1388/1666/1322 1389/1661/1314
f 1400/1538/1189 1385/1639/1294 1399/1668/1323
f 1379/1516/1315 1390/1526/1324 1391/1552/1325
f 1381/1519/1317 1380/1517/1316 1391/1552/1325
f 1394/1666/1320 1398/1669/1327 1407/1667/1321
f 1388/1666/1322 1387/1658/1310 1401/1670/1328
f 1388/1666/1322 1402/1669/1329 1403/1671/1330
f 1390/1526/1324 1389/1662/1314 1403/1672/1330
f 1390/1526/1324 1395/1537/1331 1396/1673/1332
f 1392/1528/1326 1391/1552/1325 1396/1673/1332
f 1392/1528/1326 1397/1540/1333 1393/1663/1318
f 1386/1664/1319 1420/1523/1175 1401/1670/1328
f 1399/1668/1323 1425/1511/1165 1250/1536/1187
f 1395/1676/1331 1404/1640/1334 1405/1625/1335
f 1397/1677/1333 1396/1634/1332 1405/1625/1335
f 1397/1674/1333 1406/1675/1336 1413/1678/1337
f 1398/1669/1327 1393/1665/1318 1413/1678/1337
f 1407/1667/1321 1398/1669/1327 1419/1679/1338
f 1425/1511/1165 1407/1667/1321 1414/1680/1339
f 1404/1640/1334 1403/5397/1330 1409/1682/1340
f 1404/1640/1334 1410/1647/1341 1411/1683/1342
f 1406/1636/1336 1405/1625/1335 1411/1683/1342
f 1406/1636/1336 1412/1641/1343 1413/1685/1337
f 1409/1681/1340 1401/1670/1328 1237/1507/1161
f 1409/1681/1340 1415/1506/1160 1421/1513/1167
f 1410/1647/1341 1409/1682/1340 1421/1684/1167
f 1410/1647/1341 1416/1653/1344 1417/1618/1345
f 1412/1641/1343 1411/1683/1342 1417/1618/1345
f 1412/1641/1343 1418/1648/1346 1423/1522/1174
f 1408/1637/1291 1264/1524/1176 1420/1523/1175
f 1419/1679/1338 1413/1678/1337 1423/1686/1174
f 1425/1511/1165 1414/1680/1339 1242/1509/1163
f 1416/1653/1344 1422/1514/1168 1235/1518/301
f 1417/1618/1345 1235/1518/301 1236/1520/1172
f 1418/1648/1346 1236/1520/1172 1423/1522/1174
f 1419/1679/1338 1424/1532/1183 1242/1509/1163
f 1610/1686/1349 1433/1530/1348 1441/1688/1350
f 1614/1689/1351 1441/1688/1350 1434/1697/1363
f 1430/1701/1353 1612/1788/1487 1429/1695/1361
f 1613/1514/1352 1431/1516/1354 1432/1517/1355
f 1426/1518/1356 1432/1517/1355 1427/1687/1347
f 1433/1530/1348 1440/1702/1369 1441/1688/1350
f 1428/1691/1357 1436/1693/1359 1452/1694/1360
f 1429/1695/1361 1452/1694/1360 1443/1706/1374
f 1434/1697/1363 1449/1696/1362 1456/1698/1364
f 1429/1695/1361 1443/1706/1374 1444/1700/1366
f 1450/1709/1377 1435/1699/1365 1456/1698/1364
f 1430/1690/1353 1444/1704/1366 1437/1526/1367
f 1431/1516/1354 1437/1526/1367 1438/1527/1179
f 1432/1517/1355 1438/1527/1179 1439/1528/1368
f 1433/1521/1348 1427/1687/1347 1439/1528/1368
f 1441/1688/1350 1448/1703/1370 1449/1696/1362
f 1437/1526/1367 1445/1537/1371 1446/1539/1190
f 1438/1527/1179 1446/1539/1190 1447/1540/1372
f 1439/1528/1368 1447/1540/1372 1440/1529/1369
f 1456/1698/1364 1449/1696/1362 1463/1705/1373
f 1443/1706/1374 1457/1707/1375 1458/1708/1376
f 1445/1543/1371 1444/1700/1366 1458/1708/1376
f 1445/1545/1371 1453/1537/1379 1454/1539/1194
f 1447/1547/1372 1446/1546/1190 1454/1539/1194
f 1447/1543/1372 1455/1544/1381 1462/1708/1382
f 1448/1703/1370 1440/1702/1369 1462/1708/1382
f 1448/1703/1370 1468/1713/1388 1463/1705/1373
f 1452/1694/1360 1464/1714/1389 1457/1707/1375
f 1502/1710/1378 1456/1698/1364 1469/1711/1383
f 1453/1537/1379 1459/1526/1384 1460/1552/1201
f 1455/1540/1381 1454/1539/1194 1460/1552/1201
f 1455/1540/1381 1461/1528/1385 1462/1715/1382
f 1451/1692/1358 1489/1712/1387 1436/1693/1359
f 1469/1711/1383 1463/1705/1373 1475/1716/1393
f 1458/1708/1376 1457/1707/1375 1464/1714/1389
f 1459/1526/1384 1458/1604/1376 1470/1562/1390
f 1459/1526/1384 1465/1516/1213 1466/1517/1206
f 1461/1528/1385 1460/1552/1201 1466/1517/1206
f 1461/1528/1385 1467/1519/1391 1474/1610/1392
f 1462/1708/1382 1474/1561/1392 1468/1713/1388
f 1464/1714/1389 1476/1719/1397 1470/1561/1390
f 1465/1516/1213 1471/1570/1220 1472/1518/463
f 1467/1519/1391 1466/1517/1206 1472/1518/463
f 1467/1519/1391 1473/1563/1394 1474/1610/1392
f 1464/1714/1389 1436/1693/1359 1482/1717/1395
f 1469/1711/1383 1497/1722/1403 1502/1710/1378
f 1471/1570/1220 1470/1562/1390 1477/1578/1398
f 1471/1570/1220 1478/1579/1227 1479/1571/1221
f 1473/1563/1394 1472/1518/463 1479/1571/1221
f 1473/1563/1394 1480/1572/1399 1481/1649/1400
f 1475/1716/1393 1474/1561/1392 1481/1577/1400
f 1469/1711/1383 1475/1716/1393 1488/1721/1402
f 1478/1579/1227 1477/1578/1398 1491/1586/1404
f 1478/1579/1227 1484/1587/1234 1485/1580/1228
f 1480/1572/1399 1479/1571/1221 1485/1580/1228
f 1480/1572/1399 1486/1581/1405 1495/1723/1406
f 1481/1577/1400 1495/1727/1406 1487/1720/1401
f 1476/1719/1397 1490/1724/1407 1491/1725/1404
f 1484/1587/1234 1492/1592/1238 1493/1593/1239
f 1486/1581/1405 1485/1580/1228 1493/1593/1239
f 1486/1581/1405 1494/1594/1408 1495/1723/1406
f 1482/1717/1395 1510/1726/1409 1503/1729/1411
f 1490/1724/1407 1483/1718/1396 1503/1729/1411
f 1488/1721/1402 1496/1728/1410 1497/1722/1403
f 1494/1547/1408 1493/1546/1239 1499/1539/1246
f 1494/1600/1408 1500/1601/1412 1501/1731/1414
f 1510/1726/1409 1489/1712/1387 1544/1730/1413
f 1496/1728/1410 1495/1727/1406 1501/1731/1414
f 1490/1724/1407 1504/1733/1416 1505/1599/1418
f 1497/1722/1403 1524/1734/1417 1502/1710/1378
f 1492/1600/1238 1491/1725/1404 1505/1599/1418
f 1492/1545/1238 1498/1537/1245 1499/1539/1246
f 1500/1540/1412 1499/1539/1246 1507/1552/1251
f 1500/1540/1412 1508/1528/1419 1514/1735/1420
f 1509/1732/1415 1501/1731/1414 1514/1738/1420
f 1496/1728/1410 1515/1736/1421 1524/1734/1417
f 1498/1537/1245 1506/1526/1250 1507/1552/1251
f 1508/1528/1419 1513/1519/1426 1514/1735/1420
f 1515/1736/1421 1509/1732/1415 1523/1739/1423
f 1504/1733/1416 1503/1729/1411 1517/1740/1424
f 1505/1599/1418 1504/1733/1416 1517/1740/1424
f 1506/1526/1250 1505/1604/1418 1518/1562/1425
f 1506/1526/1250 1511/1516/1257 1512/1517/1258
f 1508/1528/1419 1507/1552/1251 1512/1517/1258
f 1513/1519/1426 1521/1563/1430 1522/1741/1427
f 1523/1739/1423 1514/1738/1420 1522/1744/1427
f 1517/1740/1424 1510/1726/1409 1516/1742/1428
f 1515/1736/1421 1537/1743/1429 1524/1734/1417
f 1517/1740/1424 1525/1748/1434 1518/1607/1425
f 1511/1516/1257 1519/1570/1263 1520/1518/304
f 1513/1519/1426 1512/1517/1258 1520/1518/304
f 1522/1744/1427 1535/1752/1437 1529/1745/1431
f 1537/1743/1429 1523/1739/1423 1529/1745/1431
f 1517/1740/1424 1530/1746/1432 1525/1748/1434
f 1550/1737/1422 1524/1734/1417 1558/1747/1433
f 1519/1570/1263 1518/1562/1425 1531/1750/1435
f 1519/1570/1263 1526/1579/1269 1527/1618/1270
f 1521/1563/1430 1520/1518/304 1527/1618/1270
f 1521/1563/1430 1528/1572/1436 1535/1751/1437
f 1529/1745/1431 1536/1623/1440 1537/1743/1429
f 1525/1748/1434 1538/1623/1438 1531/1749/1435
f 1526/1579/1269 1532/1587/1275 1533/1622/1276
f 1528/1572/1436 1527/1618/1270 1533/1622/1276
f 1528/1572/1436 1534/1581/1439 1535/1751/1437
f 1537/1743/1429 1543/1753/1441 1558/1747/1433
f 1532/1587/1275 1531/1750/1435 1539/1624/1442
f 1532/1587/1275 1540/1592/1280 1541/1625/1281
f 1534/1581/1439 1533/1622/1276 1541/1625/1281
f 1534/1581/1439 1542/1594/1443 1549/1588/1444
f 1536/1623/1440 1535/1752/1437 1549/1756/1444
f 1538/1623/1438 1530/1746/1432 1551/1754/1445
f 1538/1623/1438 1545/1638/1446 1552/1631/1447
f 1540/1630/1280 1539/1629/1442 1552/1631/1447
f 1540/1633/1280 1546/1640/1448 1547/1625/1289
f 1542/1635/1443 1541/1634/1281 1547/1625/1289
f 1542/1630/1443 1548/1632/1449 1549/1756/1444
f 1530/1746/1432 1516/1742/1428 1559/1755/1450
f 1536/1623/1440 1557/1757/1451 1543/1753/1441
f 1558/1747/1433 1543/1753/1441 1564/1762/1456
f 1546/1640/1448 1553/1647/1301 1554/1622/1295
f 1548/1636/1449 1547/1625/1289 1554/1622/1295
f 1548/1636/1449 1555/1641/1453 1556/1761/1455
f 1559/1755/1450 1544/1730/1413 1585/1760/1454
f 1557/1757/1451 1549/1756/1444 1556/1764/1455
f 1565/1758/1452 1558/1747/1433 1584/1768/1463
f 1553/1647/1301 1552/1759/1447 1560/1652/1457
f 1553/1647/1301 1561/1653/1306 1562/1618/1302
f 1555/1641/1453 1554/1622/1295 1562/1618/1302
f 1555/1641/1453 1563/1648/1458 1571/1763/1459
f 1556/1764/1455 1571/5398/1459 1572/1765/1460
f 1557/1757/1451 1572/1765/1460 1564/1762/1456
f 1545/1638/1446 1551/1754/1445 1566/1766/1461
f 1545/1638/1446 1567/1767/1462 1560/1651/1457
f 1561/1653/1306 1568/1660/1313 1569/1518/632
f 1563/1648/1458 1562/1618/1302 1569/1518/632
f 1563/1648/1458 1570/1520/1464 1571/1763/1459
f 1559/1755/1450 1586/1769/1465 1566/1766/1461
f 1584/1768/1463 1564/1762/1456 1583/1770/1466
f 1568/1660/1313 1573/1516/1315 1574/1517/1316
f 1570/1520/1464 1569/1518/632 1574/1517/1316
f 1570/1520/1464 1575/1519/1467 1576/1771/1468
f 1572/1765/1460 1571/5398/1459 1576/1772/1468
f 1572/1765/1460 1582/1773/1469 1583/1770/1466
f 1567/1767/1462 1577/1774/1470 1578/1775/1471
f 1568/1660/1313 1560/1652/1457 1578/1776/1471
f 1573/1516/1315 1579/1526/1324 1580/1552/1325
f 1575/1519/1467 1574/1517/1316 1580/1552/1325
f 1575/1519/1467 1581/1528/1326 1591/1663/1472
f 1582/1773/1469 1576/1772/1468 1591/1665/1472
f 1577/1774/1470 1587/1780/1477 1578/1775/1471
f 1581/1528/1326 1580/1552/1325 1589/1673/1332
f 1581/1528/1326 1590/1540/1333 1591/1663/1472
f 1582/1773/1469 1597/1669/1473 1598/1778/1475
f 1577/1774/1470 1592/1777/1474 1587/1780/1477
f 1584/1768/1463 1583/1770/1466 1598/1778/1475
f 1565/1758/1452 1584/1768/1463 1604/1779/1476
f 1579/1526/1324 1578/1776/1471 1593/1672/1478
f 1579/1526/1324 1588/1537/1331 1589/1673/1332
f 1590/1674/1333 1596/1675/1482 1603/1782/1479
f 1586/1769/1465 1585/1760/1454 1451/1692/1358
f 1597/1669/1473 1591/1665/1472 1603/1782/1479
f 1586/1769/1465 1428/1691/1357 1592/1777/1474
f 1587/1780/1477 1599/1783/1480 1593/1781/1478
f 1588/1676/1331 1594/1640/1481 1595/1625/1335
f 1590/1677/1333 1589/1634/1332 1595/1625/1335
f 1596/1636/1482 1602/1641/1343 1603/1789/1479
f 1598/1778/1475 1597/1669/1473 1611/1784/1483
f 1599/1783/1480 1592/1777/1474 1605/1785/1484
f 1604/1779/1476 1598/1778/1475 1611/1784/1483
f 1594/1640/1481 1593/5397/1478 1606/1787/1485
f 1594/1640/1481 1600/1647/1486 1601/1683/1342
f 1596/1636/1482 1595/1625/1335 1601/1683/1342
f 1611/1784/1483 1603/1782/1479 1610/1686/1349
f 1599/1783/1480 1612/1788/1487 1606/1786/1485
f 1450/1709/1377 1604/1779/1476 1435/1699/1365
f 1600/1647/1486 1607/1653/1488 1608/1618/1345
f 1602/1641/1343 1601/1683/1342 1608/1618/1345
f 1602/1641/1343 1609/1648/1489 1610/1522/1349
f 1605/1785/1484 1429/1695/1361 1612/1788/1487
f 1435/1699/1365 1611/1784/1483 1434/1697/1363
f 1607/1653/1488 1606/1787/1485 1430/1690/1353
f 1607/1653/1488 1613/1514/1352 1426/1518/1356
f 1609/1648/1489 1608/1618/1345 1426/1518/1356
f 1609/1648/1489 1427/1687/1347 1610/1522/1349
f 1619/1797/1497 1625/1793/1493 1620/1795/1495
f 1625/1793/1493 1626/1811/1498 1621/1794/1494
f 1621/2014/1494 1626/1798/1498 1622/1800/1500
f 1623/1803/1501 1624/1790/1490 1616/1792/1492
f 1624/1790/1490 1627/1805/1504 1617/1791/1491
f 1617/5399/1491 1627/1806/1504 1618/1808/1506
f 1618/1808/1506 1628/1809/1496 1619/2023/1497
f 1629/1799/1499 1630/5400/1502 1623/1801/1501
f 1632/1807/1505 1633/1818/1514 1628/1809/1496
f 1628/1796/1496 1633/5401/1514 1634/1810/1507
f 1634/1810/1507 1635/1975/1508 1626/1811/1498
f 1630/1802/1502 1631/1804/1503 1624/1790/1490
f 1636/1813/1509 1637/5402/1512 1627/1805/1504
f 1627/1806/1504 1637/1816/1512 1632/1807/1505
f 1634/1810/1507 1638/5403/1510 1635/1975/1508
f 1629/1799/1499 1639/1825/1511 1630/5400/1502
f 1639/1815/1511 1636/1813/1509 1631/1804/1503
f 1640/1817/1513 1641/1834/1515 1633/1818/1514
f 1641/1819/1515 1642/1822/1516 1634/1820/1507
f 1638/1814/1510 1643/1824/1517 1629/1799/1499
f 1644/1826/1518 1645/1840/1519 1637/1827/1512
f 1642/1822/1516 1646/1836/1520 1638/1823/1510
f 1643/1824/1517 1647/1838/1521 1639/1825/1511
f 1647/1831/1521 1644/1826/1518 1636/1828/1509
f 1648/1833/1522 1649/5404/1529 1641/1834/1515
f 1641/1819/1515 1649/1844/1529 1650/1835/1523
f 1646/1830/1520 1651/1837/1524 1643/1824/1517
f 1652/1839/1525 1653/1848/1526 1645/1840/1519
f 1650/1835/1523 1654/1846/1527 1646/1836/1520
f 1651/1837/1524 1655/1853/1535 1647/1838/1521
f 1647/1831/1521 1655/1855/1535 1652/1839/1525
f 1648/1833/1522 1656/1851/1528 1649/5404/1529
f 1656/1843/1528 1657/1845/1530 1650/1835/1523
f 1652/1839/1525 1658/1862/1541 1659/1847/1531
f 1659/1849/1531 1660/1850/1532 1648/1833/1522
f 1657/1845/1530 1661/1858/1538 1654/1846/1527
f 1654/1842/1527 1661/2634/1538 1662/1852/1533
f 1651/1837/1524 1662/1852/1533 1663/1849/1534
f 1663/1854/1534 1658/1862/1541 1652/1839/1525
f 1658/1862/1541 1664/1861/1536 1659/1847/1531
f 1660/1850/1532 1665/1868/1546 1656/1851/1528
f 1656/1843/1528 1665/5405/1546 1666/1857/1537
f 1666/1857/1537 1667/1864/1543 1661/1858/1538
f 1661/2634/1538 1667/1865/1543 1662/1852/1533
f 1663/1854/1534 1668/1871/1539 1658/1862/1541
f 1665/5405/1546 1670/1863/1542 1666/1857/1537
f 1668/1871/1539 1669/1860/1540 1658/1862/1541
f 1669/1860/1540 1672/1873/1550 1664/1861/1536
f 1664/1856/1536 1672/1879/1550 1673/1867/1545
f 1673/1867/1545 1674/1869/1551 1665/1868/1546
f 1665/5405/1546 1674/1874/1551 1670/1863/1542
f 1670/1863/1542 1675/1876/1547 1667/1864/1543
f 1671/1866/1544 1676/5406/1548 1668/1859/1539
f 1673/1867/1545 1678/1881/1555 1674/1869/1551
f 1674/1874/1551 1678/5407/1555 1679/1875/1552
f 1679/1875/1552 1680/5408/1557 1675/1876/1547
f 1675/1869/1547 1680/1885/1557 1671/1866/1544
f 1671/1866/1544 1681/1887/1559 1676/5406/1548
f 1676/1870/1548 1681/2650/1559 1677/1872/1549
f 1682/1877/1553 1683/1895/1564 1672/1827/1550
f 1672/1879/1550 1683/1897/1564 1684/1880/1554
f 1678/1889/1555 1685/1882/1556 1679/1884/1552
f 1681/1893/1559 1682/1877/1553 1677/1878/1549
f 1684/1880/1554 1687/1891/1560 1678/1881/1555
f 1686/1886/1558 1689/1902/1562 1681/1887/1559
f 1682/1877/1553 1690/1903/1570 1691/1894/1563
f 1691/1896/1563 1692/1898/1565 1684/1880/1554
f 1692/1898/1565 1693/1907/1574 1687/1891/1560
f 1687/1888/1560 1693/1908/1574 1694/1899/1566
f 1694/1899/1566 1695/1910/1567 1688/1890/1561
f 1689/1892/1562 1690/1903/1570 1682/1877/1553
f 1695/1900/1567 1696/1901/1568 1686/1886/1558
f 1696/1901/1568 1697/2664/1569 1689/1902/1562
f 1698/1904/1571 1699/1913/1572 1691/1894/1563
f 1699/1905/1572 1700/1906/1573 1692/1898/1565
f 1700/1906/1573 1701/1918/1581 1693/1907/1574
f 1693/1908/1574 1701/1920/1581 1702/1909/1575
f 1702/1909/1575 1703/1915/1576 1695/1910/1567
f 1696/1901/1568 1704/1922/1585 1697/2664/1569
f 1697/1794/1569 1704/1924/1585 1698/1904/1571
f 1701/1920/1581 1706/1914/1578 1702/1909/1575
f 1704/1924/1585 1705/1912/1577 1698/1904/1571
f 1705/1912/1577 1707/1926/1579 1699/1913/1572
f 1707/1916/1579 1708/1917/1580 1700/1906/1573
f 1708/1917/1580 1709/1931/1582 1701/1918/1581
f 1706/1914/1578 1710/1929/1589 1703/1915/1576
f 1703/1911/1576 1710/1937/1589 1711/1921/1583
f 1696/1901/1568 1711/1921/1583 1712/1916/1584
f 1713/1925/1586 1714/5409/1587 1707/1926/1579
f 1709/1919/1582 1715/1928/1588 1706/1914/1578
f 1711/1921/1583 1716/1947/1599 1712/1916/1584
f 1712/1923/1584 1716/1870/1599 1713/1925/1586
f 1713/1983/1586 1717/1938/1592 1714/1940/1587
f 1714/1927/1587 1718/1942/1594 1708/1917/1580
f 1708/1917/1580 1718/1942/1594 1719/1930/1590
f 1719/1932/1590 1720/1863/1595 1715/1933/1588
f 1715/1933/1588 1720/1863/1595 1721/1876/1591
f 1721/1936/1591 1722/1945/1597 1711/1921/1583
f 1711/1921/1583 1722/1945/1597 1716/1947/1599
f 1716/1949/1599 1717/1938/1592 1713/1983/1586
f 1717/1938/1592 1726/1955/1606 1723/1939/1593
f 1718/1942/1594 1727/1957/1600 1719/1930/1590
f 1727/1950/1600 1728/1857/1601 1720/1863/1595
f 1724/1944/1596 1729/1954/1604 1722/1945/1597
f 1722/1945/1597 1729/1954/1604 1725/1946/1598
f 1725/1948/1598 1726/1955/1606 1717/1938/1592
f 1726/1955/1606 1730/1847/1608 1723/1939/1593
f 1723/1941/1593 1730/2110/1608 1731/1951/1602
f 1718/1942/1594 1731/1951/1602 1727/1957/1600
f 1727/1950/1600 1732/1795/1610 1728/1857/1601
f 1728/1857/1601 1732/1795/1610 1733/1952/1603
f 1729/1954/1604 1734/2110/1605 1725/1946/1598
f 1735/1839/1607 1736/1965/1617 1730/1847/1608
f 1730/2110/1608 1736/1967/1617 1731/1951/1602
f 1729/1954/1604 1738/1963/1615 1734/2110/1605
f 1734/1854/1605 1738/1969/1615 1735/1839/1607
f 1736/1967/1617 1739/1959/1611 1731/1951/1602
f 1739/1959/1611 1740/1972/1621 1737/1956/1609
f 1737/1958/1609 1740/1974/1621 1741/1960/1612
f 1741/1960/1612 1742/1976/1613 1733/1952/1603
f 1742/1961/1613 1743/1962/1614 1729/1954/1604
f 1735/1839/1607 1744/1980/1626 1745/1964/1616
f 1743/1962/1614 1746/1978/1618 1738/1963/1615
f 1746/1968/1618 1744/1980/1626 1735/1839/1607
f 1744/1980/1626 1747/1979/1619 1745/1964/1616
f 1747/1970/1619 1748/1971/1620 1739/1959/1611
f 1748/1971/1620 1749/2127/1622 1740/1972/1621
f 1749/1973/1622 1750/1987/1630 1741/1960/1612
f 1741/1960/1612 1750/1987/1630 1751/1975/1623
f 1742/1961/1613 1751/1982/1623 1752/1977/1624
f 1750/1987/1630 1754/2128/1627 1751/1975/1623
f 1752/1977/1624 1755/1989/1632 1746/1978/1618
f 1746/1968/1618 1755/1832/1632 1753/1828/1625
f 1753/1983/1625 1756/2001/1639 1757/1984/1628
f 1748/1971/1620 1758/1992/1629 1749/2127/1622
f 1758/1821/1629 1759/1820/1636 1750/1987/1630
f 1750/1987/1630 1759/1820/1636 1754/2128/1627
f 1754/1981/1627 1760/1988/1631 1752/1977/1624
f 1755/2002/1632 1756/2001/1639 1753/1983/1625
f 1756/2001/1639 1761/2004/1633 1757/1984/1628
f 1761/1990/1633 1762/1991/1634 1748/1971/1620
f 1762/1991/1634 1763/5410/1635 1758/1992/1629
f 1763/1993/1635 1764/2010/1645 1759/1994/1636
f 1759/1994/1636 1764/2010/1645 1765/1996/1637
f 1764/2010/1645 1768/2011/1641 1765/1996/1637
f 1760/1988/1631 1769/2012/1642 1766/1999/1638
f 1769/2006/1642 1767/2003/1640 1756/2001/1639
f 1767/2003/1640 1616/1792/1492 1770/2007/1643
f 1762/1991/1634 1771/2013/1644 1763/5410/1635
f 1771/2009/1644 1620/1795/1495 1764/2010/1645
f 1768/2005/1641 1622/1800/1500 1760/1988/1631
f 1769/2006/1642 1616/1792/1492 1767/2003/1640
f 1616/1792/1492 1617/1791/1491 1770/2007/1643
f 1770/2008/1643 1617/5399/1491 1618/1808/1506
f 1618/1808/1506 1619/2023/1497 1771/2013/1644
f 1620/1795/1495 1621/1794/1494 1768/2011/1641
f 1776/1899/1658 1781/2759/1649 1777/1794/1651
f 1778/2019/1650 1782/2026/1661 1779/2145/1652
f 1779/1794/1652 1782/2029/1661 1780/2015/1646
f 1780/2015/1646 1783/2028/1663 1784/1964/1653
f 1773/2020/1647 1784/5411/1653 1785/2021/1654
f 1785/2021/1654 1786/5412/1657 1775/2023/1656
f 1786/2024/1657 1787/2031/1667 1776/1899/1658
f 1776/1899/1658 1787/2031/1667 1781/2759/1649
f 1782/2029/1661 1783/2028/1663 1780/2015/1646
f 1783/2028/1663 1788/2030/1665 1784/1964/1653
f 1784/5411/1653 1788/2033/1665 1785/2021/1654
f 1787/2031/1667 1789/1975/1659 1781/2759/1649
f 1789/1812/1659 1790/2025/1660 1778/2019/1650
f 1790/2025/1660 1791/2606/1662 1782/2026/1661
f 1785/2021/1654 1793/2034/1672 1786/5412/1657
f 1786/2024/1657 1793/5413/1672 1794/1884/1666
f 1794/1884/1666 1795/5403/1668 1789/1975/1659
f 1790/2025/1660 1796/1825/1669 1791/2606/1662
f 1796/1815/1669 1792/1878/1664 1783/2028/1663
f 1792/1878/1664 1797/5414/1678 1798/2032/1670
f 1788/2033/1665 1798/2041/1670 1799/1817/1671
f 1795/1814/1668 1800/1824/1673 1790/2025/1660
f 1796/1815/1669 1797/5414/1678 1792/1878/1664
f 1799/1817/1671 1801/2042/1674 1793/2034/1672
f 1801/2035/1674 1802/2031/1675 1794/2036/1666
f 1802/2031/1675 1803/1836/1676 1795/1823/1668
f 1800/1824/1673 1804/2044/1677 1796/1825/1669
f 1805/2039/1679 1806/2046/1683 1798/2040/1670
f 1798/2041/1670 1806/5415/1683 1807/1833/1680
f 1807/1833/1680 1808/5416/1681 1801/2042/1674
f 1803/1830/1676 1809/1837/1524 1800/1824/1673
f 1808/2043/1681 1811/2047/1684 1802/2031/1675
f 1811/2047/1684 1812/1846/1685 1803/1836/1676
f 1809/1837/1524 1813/1853/1693 1804/2044/1677
f 1804/1831/1677 1813/1855/1693 1810/2045/1682
f 1810/2045/1682 1814/2048/1688 1806/2046/1683
f 1806/5415/1683 1814/2053/1688 1807/1833/1680
f 1807/1833/1680 1815/2049/1686 1808/5416/1681
f 1814/2053/1688 1817/1850/1689 1807/1833/1680
f 1817/1850/1689 1818/5417/1697 1815/2049/1686
f 1815/1958/1686 1818/1920/1697 1819/2050/1690
f 1819/2050/1690 1820/1858/3594 1812/1846/1685
f 1812/1842/1685 1820/2634/3594 1821/2051/1691
f 1809/1837/1524 1821/2051/1691 1822/1849/1692
f 1822/1854/1692 1816/1904/1687 1810/2045/1682
f 1816/1904/1687 1823/2059/1702 1824/2052/1694
f 1819/2050/1690 1825/1864/1699 1820/1858/3594
f 1820/2634/3594 1825/1865/1699 1821/2051/1691
f 1821/2051/1691 1826/2057/1695 1822/1849/1692
f 1826/2054/1695 1823/2059/1702 1816/1904/1687
f 1817/1850/1689 1827/2061/1696 1818/5417/1697
f 1827/2055/1696 1828/1863/1698 1819/2050/1690
f 1830/2058/1701 1831/1873/1708 1824/2052/1694
f 1824/1859/1694 1831/1879/1708 1832/2060/1703
f 1828/1863/1698 1833/1876/1704 1825/1864/1699
f 1829/2056/1700 1834/2066/1705 1826/2057/1695
f 1834/2062/1705 1830/2058/1701 1823/2059/1702
f 1832/2060/1703 1835/2068/1713 1827/2061/1696
f 1827/2055/1696 1835/5407/1713 1836/1875/1706
f 1836/1875/1706 1837/5408/1710 1833/1876/1704
f 1833/1869/1704 1837/2064/1710 1829/2056/1700
f 1838/1980/1707 1839/2073/1716 1831/1827/1708
f 1831/1879/1708 1839/5418/1716 1832/2060/1703
f 1835/2070/1713 1840/1882/1709 1836/1884/1706
f 1841/2065/1711 1842/5419/1719 1834/2066/1705
f 1834/1832/1705 1842/2076/1719 1838/1980/1707
f 1839/5418/1716 1843/2077/1720 1832/2060/1703
f 1832/2060/1703 1843/2077/1720 1844/2067/1712
f 1840/1882/1709 1845/2074/1714 1837/2063/1710
f 1838/1980/1707 1846/1903/1725 1847/2072/1715
f 1839/5418/1716 1847/2082/1715 1843/2077/1720
f 1841/2065/1711 1849/2080/1718 1842/5419/1719
f 1849/2075/1718 1846/1903/1725 1838/1980/1707
f 1847/2082/1715 1850/2081/1727 1843/2077/1720
f 1843/2077/1720 1850/2081/1727 1851/2078/1721
f 1848/1899/1717 1852/1794/1722 1845/2074/1714
f 1852/2078/1722 1853/2079/1723 1841/2065/1711
f 1854/1904/1724 1855/1913/1726 1847/2072/1715
f 1850/2081/1727 1856/2085/1731 1851/2078/1721
f 1851/1958/1721 1856/2087/1731 1857/2083/1728
f 1857/2083/1728 1858/2089/1729 1852/1794/1722
f 1853/2079/1723 1859/2090/1736 1849/2080/1718
f 1849/2075/1718 1859/2091/1736 1854/1904/1724
f 1855/1905/1726 1861/2084/1730 1850/2081/1727
f 1853/2079/1723 1862/2086/1732 1859/2090/1736
f 1859/2091/1736 1860/1912/1577 1854/1904/1724
f 1860/1912/1577 1863/1926/1733 1855/1913/1726
f 1861/2084/1730 1864/2093/1741 1856/2085/1731
f 1856/2087/1731 1864/5420/1741 1865/2088/1734
f 1865/2088/1734 1866/2680/1743 1858/2089/1729
f 1858/1911/1729 1866/2094/1743 1862/2086/1732
f 1868/1925/1737 1869/5409/1738 1863/1926/1733
f 1869/1927/1738 1870/2092/1739 1861/2084/1730
f 1861/2084/1730 1870/2092/1739 1864/2093/1741
f 1862/2086/1732 1871/2100/1751 1867/1916/1735
f 1867/1923/1735 1871/1870/1751 1868/1925/1737
f 1868/1983/1737 1872/2095/1744 1869/1940/1738
f 1873/1874/1740 1874/1863/1747 1865/1933/1734
f 1865/1933/1734 1874/1863/1747 1875/1876/1742
f 1875/1936/1742 1876/1945/1749 1862/2086/1732
f 1862/2086/1732 1876/1945/1749 1871/2100/1751
f 1871/2101/1751 1872/2095/1744 1868/1983/1737
f 1877/2097/1745 1878/2104/1754 1870/2092/1739
f 1870/2092/1739 1878/2104/1754 1879/2098/1746
f 1882/2102/1752 1883/2108/1753 1877/2096/1745
f 1879/2099/1746 1884/1857/1755 1874/1863/1747
f 1880/1944/1748 1885/2107/1759 1876/1945/1749
f 1876/1945/1749 1885/2107/1759 1881/1946/1750
f 1881/1948/1750 1882/2102/1752 1872/2095/1744
f 1886/2105/1756 1887/2111/1757 1879/2098/1746
f 1887/2106/1757 1888/2113/1765 1884/1857/1755
f 1884/1857/1755 1888/2113/1765 1889/1952/1758
f 1885/2107/1759 1890/2110/1760 1881/1946/1750
f 1891/1839/1761 1892/1965/1769 1883/2108/1753
f 1883/2103/1753 1892/1967/1769 1886/2105/1756
f 1889/1953/1758 1893/2109/1762 1885/2107/1759
f 1893/2109/1762 1894/5421/1771 1890/2110/1760
f 1890/1854/1760 1894/1969/1771 1891/1839/1761
f 1892/1967/1769 1895/1959/1763 1886/2105/1756
f 1895/1959/1763 1896/2119/1764 1887/2111/1757
f 1896/2112/1764 1897/1835/1766 1888/2113/1765
f 1897/1835/1766 1898/1976/1767 1889/1952/1758
f 1891/1839/1761 1899/2122/1776 1900/2115/1768
f 1893/2109/1762 1901/2121/1770 1894/5421/1771
f 1901/2117/1770 1899/2122/1776 1891/1839/1761
f 1900/2116/1768 1902/2118/1772 1895/1959/1763
f 1902/2118/1772 1903/2127/1773 1896/2119/1764
f 1903/1973/1773 1904/1822/1783 1897/1835/1766
f 1897/1835/1766 1904/1822/1783 1905/1975/1774
f 1898/2114/1767 1905/1982/1774 1906/2120/1775
f 1899/2122/1776 1907/1828/1786 1908/1827/1777
f 1904/1822/1783 1909/2128/1778 1905/1975/1774
f 1906/2120/1775 1910/2132/1779 1901/2121/1770
f 1910/1832/1779 1907/1828/1786 1899/2122/1776
f 1907/2131/1786 1911/2130/1780 1908/1985/1777
f 1911/2125/1780 1912/2126/1781 1902/2118/1772
f 1912/2126/1781 1913/2136/1782 1903/2127/1773
f 1913/1821/1782 1914/1820/1784 1904/1822/1783
f 1913/2138/1782 1916/2010/1791 1914/1994/1784
f 1914/1994/1784 1916/2010/1791 1917/1996/1787
f 1917/1998/1787 1918/2140/1793 1906/2120/1775
f 1906/2120/1775 1918/2140/1793 1919/1999/1788
f 1919/2000/1788 1915/2129/1785 1907/2131/1786
f 1915/2129/1785 1920/2141/1789 1911/2130/1780
f 1920/2134/1789 1921/2144/1795 1912/2126/1781
f 1912/2126/1781 1921/2144/1795 1922/2135/1790
f 1916/2010/1791 1923/2143/1792 1917/1996/1787
f 1918/2140/1793 1924/2146/1796 1919/1999/1788
f 1919/2000/1788 1924/2147/1796 1915/2129/1785
f 1922/2137/1790 1925/2142/1794 1916/2010/1791
f 1924/2147/1796 1772/2017/1648 1915/2129/1785
f 1772/2017/1648 1773/2016/1647 1920/2141/1789
f 1920/2134/1789 1773/2020/1647 1774/2022/1655
f 1774/2022/1655 1775/2023/1656 1922/2135/1790
f 1775/1797/1656 1776/1899/1658 1925/2142/1794
f 1925/2142/1794 1776/1899/1658 1777/1794/1651
f 1923/2139/1792 1777/2014/1651 1778/2019/1650
f 1918/2140/1793 1778/2019/1650 1779/2145/1652
f 2039/2346/1902 2040/2349/1905 2035/2347/1904
f 2040/2349/1905 2041/2365/1907 2036/2350/1906
f 2041/2351/1907 2042/2367/1917 2037/2352/1908
f 2037/2352/1908 2042/2367/1917 2043/2354/1909
f 2031/2357/1911 2044/2370/1920 2045/2359/1912
f 2043/2356/1909 2044/2370/1920 2031/2357/1911
f 2045/2361/1912 2046/2373/1923 2033/2343/1901
f 2033/2343/1901 2046/2373/1923 2047/2363/1914
f 2039/2346/1902 2047/5445/1914 2048/2364/1915
f 2048/2364/1915 2049/2375/1916 2041/2365/1907
f 2049/2366/1916 2050/2368/1918 2042/2367/1917
f 2050/2368/1918 2051/2377/1919 2043/2354/1909
f 2052/2371/1921 2053/5446/1922 2045/2359/1912
f 2047/5445/1914 2054/2374/1924 2048/2364/1915
f 2054/2374/1924 2055/2554/1931 2049/2375/1916
f 2049/2366/1916 2055/2388/1931 2050/2368/1918
f 2051/2369/1919 2056/5447/1925 2052/2371/1921
f 2057/2378/1926 2058/5448/1927 2047/2363/1914
f 2059/2382/1928 2060/2396/1934 2053/2383/1922
f 2053/2372/1922 2060/2392/1934 2057/2378/1926
f 2057/2378/1926 2061/2394/1929 2058/5448/1927
f 2061/2385/1929 2062/2386/1930 2054/2380/1924
f 2062/2386/1930 2063/2400/1940 2055/2387/1931
f 2055/2388/1931 2063/2402/1940 2064/2389/1932
f 2064/2389/1932 2065/5449/1933 2056/2376/1925
f 2065/2390/1933 2059/2382/1928 2052/2384/1921
f 2064/2389/1932 2067/5450/1942 2065/5449/1933
f 2065/2390/1933 2067/2403/1942 2059/2382/1928
f 2068/2395/1936 2069/5451/1937 2060/2396/1934
f 2066/2393/1935 2070/2405/1938 2061/2394/1929
f 2070/2398/1938 2071/2399/1939 2062/2386/1930
f 2071/2399/1939 2072/2409/1941 2063/2400/1940
f 2072/2401/1941 2073/2411/1948 2064/2389/1932
f 2064/2389/1932 2073/2411/1948 2067/5450/1942
f 2068/2395/1936 2074/2416/1952 2069/5451/1937
f 2069/2397/1937 2074/2418/1952 2075/2404/1943
f 2073/2411/1948 2076/2413/1944 2067/5450/1942
f 2068/2395/1936 2077/2414/1950 2074/2416/1952
f 2075/2404/1943 2078/2410/1945 2070/2405/1938
f 2078/2407/1945 2079/2408/1946 2071/2399/1939
f 2079/2408/1946 2080/2524/1947 2072/2409/1941
f 2080/2410/1947 2081/2412/1949 2073/2411/1948
f 2076/2406/1944 2077/2414/1950 2068/2395/1936
f 2075/2404/1943 2083/2424/1957 2078/2410/1945
f 2078/2407/1945 2083/2425/1957 2079/2408/1946
f 2079/2408/1946 2084/2427/1953 2080/2524/1947
f 2082/2417/1951 2087/2423/1956 2075/2404/1943
f 2084/2419/1953 2089/2432/1963 2081/2412/1949
f 2081/2412/1949 2089/2432/1963 2090/2428/1959
f 2085/2421/1954 2090/2440/1959 2086/2422/1955
f 2091/2429/1960 2092/5452/1964 2082/2415/1951
f 2082/2417/1951 2092/2433/1964 2087/2423/1956
f 2083/2425/1957 2093/2435/1961 2088/2426/1958
f 2088/2426/1958 2094/2437/1962 2084/2427/1953
f 2090/2440/1959 2091/2429/1960 2086/2422/1955
f 2095/2434/1965 2096/2452/1975 2093/2430/1961
f 2093/2435/1961 2096/5453/1975 2097/2436/1966
f 2098/2438/1967 2099/5454/1968 2090/2428/1959
f 2100/2441/1969 2101/5455/1970 2092/2442/1964
f 2096/2455/1975 2102/2454/1976 2097/2445/1966
f 2097/2445/1966 2102/2454/1976 2103/2446/1971
f 2094/2431/1962 2103/2457/1971 2098/2438/1967
f 2098/2438/1967 2104/2459/1972 2099/5454/1968
f 2104/2448/1972 2100/2441/1969 2091/2443/1960
f 2100/2441/1969 2105/2461/1973 2101/5455/1970
f 2105/2450/1973 2106/2468/1983 2095/2434/1965
f 2095/2434/1965 2106/2468/1983 2107/2451/1974
f 2102/2454/1976 2108/2463/1977 2103/2446/1971
f 2108/2456/1977 2109/2458/1978 2098/2438/1967
f 2107/2453/1974 2111/2462/1980 2102/2454/1976
f 2112/2465/1981 2110/2460/1979 2100/2441/1969
f 2110/2460/1979 2113/2476/1989 2114/2466/1982
f 2114/2467/1982 2115/2479/1991 2106/2468/1983
f 2106/2468/1983 2115/2479/1991 2116/2469/1984
f 2111/2462/1980 2117/2474/1985 2108/2463/1977
f 2117/2471/1985 2118/2472/1986 2109/2458/1978
f 2112/2465/1981 2113/2476/1989 2110/2460/1979
f 2116/2470/1984 2119/2473/1987 2111/2462/1980
f 2118/2472/1986 2120/5456/1988 2112/2464/1981
f 2113/2476/1989 2121/2483/1995 2122/2477/1990
f 2122/2478/1990 2123/2480/1992 2115/2479/1991
f 2123/2480/1992 2124/2490/1993 2116/2469/1984
f 2124/2481/1993 2125/2492/2001 2119/2473/1987
f 2119/2473/1987 2125/2492/2001 2126/2482/1994
f 2117/2471/1985 2126/2485/1994 2118/2472/1986
f 2118/2472/1986 2127/2495/2004 2120/5456/1988
f 2120/2475/1988 2127/2496/2004 2121/2483/1995
f 2121/2483/1995 2128/2488/1996 2122/2477/1990
f 2125/2492/2001 2129/2493/2002 2126/2482/1994
f 2126/2485/1994 2129/2506/2002 2130/2486/1997
f 2118/2472/1986 2130/2486/1997 2127/2495/2004
f 2128/2484/1996 2132/2501/2007 2123/2480/1992
f 2123/2480/1992 2132/2501/2007 2133/2489/1999
f 2124/2481/1993 2133/2435/1999 2134/2491/2000
f 2127/2496/2004 2135/5457/2003 2131/2487/1998
f 2136/2497/2005 2137/2517/2006 2128/2498/1996
f 2133/2509/1999 2138/2426/2010 2134/2502/2000
f 2134/2502/2000 2138/2426/2010 2139/2503/2008
f 2139/2505/2008 2140/2512/2012 2130/2486/1997
f 2130/2486/1997 2140/2512/2012 2135/2494/2003
f 2135/2515/2003 2136/2497/2005 2131/2499/1998
f 2137/2500/2006 2141/2519/2016 2132/2501/2007
f 2132/2501/2007 2141/2519/2016 2142/2507/2009
f 2145/2516/2014 2146/2526/2015 2137/2517/2006
f 2142/2508/2009 2147/2523/2020 2138/2426/2010
f 2138/2426/2010 2147/2523/2020 2143/2510/2011
f 2143/2511/2011 2148/2520/2017 2140/2512/2012
f 2148/2520/2017 2149/2529/2025 2144/2513/2013
f 2144/2514/2013 2149/2530/2025 2145/2516/2014
f 2150/2521/2018 2151/2532/2019 2142/2507/2009
f 2151/2522/2019 2152/2534/2028 2147/2523/2020
f 2147/2523/2020 2152/2534/2028 2153/2524/2021
f 2154/2395/2022 2155/2538/2023 2146/2526/2015
f 2152/2534/2028 2156/2536/2030 2153/2524/2021
f 2153/2525/2021 2156/2543/2030 2157/2528/2024
f 2157/2528/2024 2158/2545/2035 2149/2529/2025
f 2149/2530/2025 2158/2547/2035 2154/2395/2022
f 2155/2527/2023 2159/2531/2026 2150/2521/2018
f 2159/2531/2026 2160/5458/2027 2151/2532/2019
f 2160/2533/2027 2161/2535/2029 2152/2534/2028
f 2154/2395/2022 2162/2548/2038 2163/2537/2031
f 2159/2531/2026 2164/2551/2032 2160/5458/2027
f 2164/2540/2032 2165/2553/2041 2161/2535/2029
f 2161/2535/2029 2165/2553/2041 2166/2541/2033
f 2166/2542/2033 2167/2544/2034 2157/2528/2024
f 2167/2544/2034 2168/5459/2036 2158/2545/2035
f 2168/2546/2036 2162/2548/2038 2154/2395/2022
f 2169/2384/2037 2170/2383/2039 2163/2537/2031
f 2170/2549/2039 2171/2561/2046 2159/2531/2026
f 2159/2531/2026 2171/2561/2046 2172/2550/2040
f 2172/2552/2040 2173/5460/2048 2165/2553/2041
f 2165/2553/2041 2173/5460/2048 2174/2554/2042
f 2167/2544/2034 2175/5461/2050 2168/5459/2036
f 2168/2546/2036 2175/2391/2050 2169/2384/2037
f 2173/5460/2048 2176/5462/2043 2174/2554/2042
f 2176/2556/2043 2177/2572/2053 2167/2544/2034
f 2167/2544/2034 2177/2572/2053 2175/5461/2050
f 2178/2557/2044 2179/2570/2045 2170/2558/2039
f 2179/2560/2045 2180/2575/2056 2171/2561/2046
f 2171/2561/2046 2180/2575/2056 2181/2562/2047
f 2181/2563/2047 2182/2566/2049 2173/2564/2048
f 2177/2572/2053 2183/2573/2054 2175/5461/2050
f 2175/2568/2050 2183/2577/2054 2178/2557/2044
f 2182/2566/2049 2185/2576/2052 2176/2567/2043
f 2185/2571/2052 2037/2352/1908 2177/2572/2053
f 2183/2577/2054 2184/2569/2051 2178/2557/2044
f 2184/2569/2051 2186/2578/2055 2179/2570/2045
f 2180/2575/2056 2034/2345/1903 2181/2562/2047
f 2034/2348/1903 2035/2347/1904 2182/2566/2049
f 2037/2352/1908 2038/2355/1910 2183/2573/2054
f 2031/2357/1911 2032/2360/1913 2186/2578/2055
f 2186/2574/2055 2032/2362/1913 2033/2343/1901
f 2185/2571/2052 2036/2353/1906 2037/2352/1908
f 2038/2358/1910 2031/2357/1911 2184/2569/2051
f 2188/2592/2067 2195/2591/2068 2189/2579/2057
f 2189/2579/2057 2195/2591/2068 2196/2580/2058
f 2196/2582/2058 2197/2584/2061 2191/1795/2060
f 2193/2595/2070 2198/2596/2063 2194/5463/2065
f 2187/2587/2064 2199/2600/2075 2200/2589/2066
f 2197/2584/2061 2201/2599/2073 2192/2585/2062
f 2192/2593/2062 2201/2603/2073 2202/2594/2069
f 2198/2586/2063 2199/2600/2075 2187/2587/2064
f 2200/2590/2066 2203/2597/2071 2195/2591/2068
f 2203/2597/2071 2204/1818/2081 2196/2580/2058
f 2196/2582/2058 2204/5401/2081 2205/2598/2072
f 2202/2594/2069 2206/2606/2074 2198/2596/2063
f 2207/2601/1921 2208/5464/2076 2200/2589/2066
f 2204/5401/2081 2209/1884/2077 2205/2598/2072
f 2209/1884/2077 2210/5403/2084 2201/2599/2073
f 2201/2603/2073 2210/2611/2084 2211/2604/2078
f 2202/2594/2069 2211/2604/2078 2212/2605/2079
f 2206/2027/2074 2212/5465/2079 2207/2601/1921
f 2213/2607/2080 2214/2616/2082 2204/1818/2081
f 2215/1826/1928 2216/2618/2087 2208/1827/2076
f 2208/2602/2076 2216/2614/2087 2213/2607/2080
f 2214/2608/2082 2217/2031/2083 2209/2609/2077
f 2217/2031/2083 2218/2621/2092 2210/2610/2084
f 2210/2611/2084 2218/2623/2092 2219/2612/2085
f 2219/2612/2085 2220/5466/2086 2212/2605/2079
f 2220/2613/2086 2215/1826/1928 2207/1828/1921
f 2221/2615/2088 2222/2629/2089 2214/2616/2082
f 2219/2612/2085 2223/2625/2095 2220/5466/2086
f 2220/2613/2086 2223/2626/2095 2215/1826/1928
f 2224/1839/1936 2225/2744/2090 2216/2618/2087
f 2222/2617/2089 2226/2620/2091 2217/2031/2083
f 2226/2620/2091 2227/2633/2093 2218/2621/2092
f 2227/2622/2093 2228/2624/2094 2219/2612/2085
f 2224/1839/1936 2229/2048/2103 2225/2744/2090
f 2225/2619/2090 2229/2053/2103 2230/2627/2096
f 2221/2615/2088 2230/2627/2096 2231/2628/2097
f 2228/2624/2094 2232/2636/2098 2223/2625/2095
f 2224/1839/1936 2233/1955/1950 2229/2048/2103
f 2226/2620/2091 2234/2632/2099 2235/1858/2100
f 2235/2634/2100 2236/2635/2101 2228/2624/2094
f 2232/2631/2098 2233/1955/1950 2224/1839/1936
f 2237/2637/2102 2238/2638/2104 2230/2627/2096
f 2238/2638/2104 2239/1865/2108 2231/2628/2097
f 2231/2630/2097 2239/2643/2108 2234/2632/2099
f 2234/2632/2099 2240/2645/2105 2235/1858/2100
f 2236/2635/2101 2244/2647/2113 2241/2640/2106
f 2241/2641/2106 2244/2651/2113 2242/2642/2107
f 2245/2058/2110 2246/5467/2114 2237/2052/2102
f 2237/2637/2102 2246/2648/2114 2238/2638/2104
f 2239/2643/2108 2247/1874/2111 2243/2644/2109
f 2243/2644/2109 2248/1876/2117 2240/2645/2105
f 2240/2639/2105 2248/1869/2117 2249/2646/2112
f 2244/2651/2113 2245/2058/2110 2242/2642/2107
f 2250/2649/2115 2251/1881/2126 2247/1869/2111
f 2247/1874/2111 2251/5407/2126 2252/1875/2116
f 2252/1875/2116 2253/5408/2122 2248/1876/2117
f 2248/1869/2117 2253/2064/2122 2249/2646/2112
f 2249/2646/2112 2254/2655/2118 2244/2647/2113
f 2255/1980/2119 2256/5468/2120 2246/1827/2114
f 2251/2658/2126 2257/2653/2121 2252/1884/2116
f 2258/2654/2123 2259/2662/2131 2254/2655/2118
f 2254/1832/2118 2259/2076/2131 2255/1980/2119
f 2255/1980/2119 2260/2663/2124 2256/5468/2120
f 2250/2649/2115 2261/2660/2125 2251/1881/2126
f 2257/2653/2121 2262/1890/2127 2253/2063/2122
f 2255/1980/2119 2263/1903/2133 2260/2663/2124
f 2260/2656/2124 2264/2659/2128 2250/2649/2115
f 2261/2657/2125 2265/2047/2129 2257/2653/2121
f 2265/2047/2129 2266/2666/2139 2262/1890/2127
f 2262/1891/2127 2266/2668/2139 2267/2661/2130
f 2267/2661/2130 2268/2080/2132 2259/2662/2131
f 2268/2075/2132 2263/1903/2133 2255/1980/2119
f 2271/1904/2136 2272/1913/2137 2269/1958/2134
f 2264/2659/2128 2273/2671/2143 2270/2078/2135
f 2270/1958/2135 2273/5469/2143 2274/1909/2138
f 2274/1909/2138 2275/2089/2140 2266/2666/2139
f 2267/2661/2130 2276/2090/2146 2268/2080/2132
f 2268/2075/2132 2276/2675/2146 2271/1904/2136
f 2272/2665/2137 2278/2670/2142 2264/2659/2128
f 2273/5469/2143 2279/2672/2144 2274/1909/2138
f 2276/2675/2146 2277/2669/2141 2271/1904/2136
f 2277/2669/2141 2281/2676/2147 2272/1913/2137
f 2278/2670/2142 2282/2678/2151 2273/2671/2143
f 2273/5469/2143 2282/2679/2151 2279/2672/2144
f 2279/2672/2144 2283/2680/2153 2275/2089/2140
f 2275/2667/2140 2283/2684/2153 2280/2673/2145
f 2281/2674/2147 2286/2092/2156 2278/2670/2142
f 2278/2670/2142 2286/2092/2156 2287/2677/2150
f 2282/2679/2151 2287/1874/2150 2288/1928/2152
f 2284/1923/2148 2289/1870/2154 2285/1925/2149
f 2285/1983/2149 2290/2095/2163 2291/2681/2155
f 2287/2687/2150 2292/2686/2159 2288/1933/2152
f 2288/1933/2152 2292/2686/2159 2293/1876/2157
f 2293/1936/2157 2294/2690/2161 2280/2673/2145
f 2280/2673/2145 2294/2690/2161 2289/1927/2154
f 2289/2692/2154 2290/2095/2163 2285/1983/2149
f 2291/2683/2155 2295/2695/2166 2286/2092/2156
f 2286/2092/2156 2295/2695/2166 2296/2685/2158
f 2299/2693/2164 2300/2698/2165 2291/2681/2155
f 2295/2695/2166 2301/2702/2167 2296/2685/2158
f 2301/2696/2167 2302/1857/2168 2292/2686/2159
f 2297/2689/2160 2303/2697/2169 2294/2690/2161
f 2298/1948/2162 2299/2693/2164 2290/2095/2163
f 2301/2696/2167 2305/2113/2176 2302/1857/2168
f 2302/1857/2168 2305/2113/2176 2306/1952/2171
f 2303/2697/2169 2307/5470/2172 2298/2691/2162
f 2307/2699/2172 2304/2017/2170 2299/2693/2164
f 2304/2017/2170 2308/2704/2173 2300/2698/2165
f 2308/2700/2173 2309/2701/2174 2295/2695/2166
f 2309/2701/2174 2310/2710/2175 2301/2702/2167
f 2306/1953/2171 2311/2706/2180 2303/2697/2169
f 2303/2697/2169 2311/2706/2180 2307/5470/2172
f 2310/2703/2175 2313/1835/2178 2305/2113/2176
f 2313/1835/2178 2314/2713/2179 2306/1952/2171
f 2311/2706/2180 2315/2716/2185 2307/5470/2172
f 2307/2699/2172 2315/2717/2185 2312/2015/2177
f 2312/2015/2177 2316/1826/2186 2317/2707/2181
f 2317/2708/2181 2318/2719/2189 2309/2701/2174
f 2309/2701/2174 2318/2719/2189 2319/2709/2182
f 2315/2717/2185 2316/1826/2186 2312/2015/2177
f 2319/2711/2182 2320/1822/2191 2313/1835/2178
f 2313/1835/2178 2320/1822/2191 2321/2712/2183
f 2321/2714/2183 2322/2724/2196 2311/2706/2180
f 2311/2706/2180 2322/2724/2196 2323/2715/2184
f 2324/1828/2187 2325/1827/2188 2317/2707/2181
f 2318/2719/2189 2326/2722/2190 2319/2709/2182
f 2322/2724/2196 2327/2733/2192 2323/2715/2184
f 2327/1832/2192 2324/1828/2187 2316/1826/2186
f 2325/2718/2188 2328/2721/2193 2318/2719/2189
f 2326/2720/2190 2329/1820/2194 2320/1822/2191
f 2329/1820/2194 2330/5471/2195 2321/2712/2183
f 2331/2725/2197 2332/2737/2198 2325/2726/2188
f 2330/2723/2195 2334/2732/2200 2322/2724/2196
f 2334/2732/2200 2335/2742/2201 2327/2733/2192
f 2335/2734/2201 2331/2725/2197 2324/2727/2187
f 2332/2728/2198 2189/2579/2057 2328/2721/2193
f 2328/2721/2193 2189/2579/2057 2333/2729/2199
f 2333/2730/2199 2337/2738/2203 2329/2731/2194
f 2337/2738/2203 2338/2741/2204 2330/2739/2195
f 2335/2734/2201 2336/2736/2202 2331/2725/2197
f 2336/2736/2202 2339/2007/2205 2332/2737/2198
f 2189/2579/2057 2190/2581/2059 2333/2729/2199
f 2190/2583/2059 2191/1795/2060 2337/2738/2203
f 2193/2595/2070 2194/5463/2065 2335/2742/2201
f 2187/2587/2064 2188/2072/2067 2339/2007/2205
f 2339/2008/2205 2188/2592/2067 2189/2579/2057
f 2194/2588/2065 2187/2587/2064 2336/2736/2202
f 2340/2743/2206 2348/1790/2217 2349/2744/2207
f 2349/2746/2207 2350/2753/2218 2342/2747/2209
f 2342/2747/2209 2350/2753/2218 2343/2755/2220
f 2343/2757/2220 2351/2584/2210 2344/1795/2212
f 2351/2584/2210 2352/2759/2213 2345/1794/2211
f 2347/2752/2216 2353/2626/2215 2348/1790/2217
f 2348/1790/2217 2354/2758/2222 2349/2744/2207
f 2349/2746/2207 2354/2764/2222 2350/2753/2218
f 2354/2764/2222 2357/2763/2227 2350/2753/2218
f 2350/2753/2218 2357/2763/2227 2355/2754/2219
f 2358/1810/2223 2359/1975/2224 2352/2759/2213
f 2359/1812/2224 2360/2766/2229 2346/2749/2214
f 2346/2749/2214 2360/2766/2229 2361/2760/2225
f 2361/2761/2225 2356/1804/2221 2348/1790/2217
f 2356/1804/2221 2362/5472/2233 2363/1827/2226
f 2357/2763/2227 2364/2771/2235 2355/2754/2219
f 2355/2756/2219 2364/5413/2235 2358/1810/2223
f 2358/1810/2223 2365/5403/2228 2359/1975/2224
f 2361/2761/2225 2362/5472/2233 2356/1804/2221
f 2362/5472/2233 2366/2032/2232 2363/1827/2226
f 2363/2762/2226 2366/2777/2232 2357/2763/2227
f 2364/2772/2235 2367/2767/2230 2358/1820/2223
f 2360/2766/2229 2368/2774/2238 2361/2760/2225
f 2361/2761/2225 2368/5473/2238 2362/5472/2233
f 2366/2777/2232 2370/2776/2240 2357/2763/2227
f 2357/2763/2227 2370/2776/2240 2371/2042/2234
f 2367/2767/2230 2372/1836/2236 2365/2768/2228
f 2372/1830/2236 2373/2773/2237 2360/2766/2229
f 2368/5474/2238 2369/2769/2231 2362/1828/2233
f 2369/2769/2231 2374/1964/2239 2366/2770/2232
f 2370/2776/2240 2375/2782/2241 2371/2042/2234
f 2375/2778/2241 2376/2779/2242 2367/2767/2230
f 2373/2773/2237 2377/2625/2248 2368/2774/2238
f 2368/5474/2238 2377/2626/2248 2369/2769/2231
f 2378/1839/2243 2379/2784/2244 2374/1964/2239
f 2379/2780/2244 2380/2781/2245 2370/2776/2240
f 2376/2779/2242 2381/2633/2246 2372/1836/2236
f 2381/2622/2246 2382/2624/2247 2373/2773/2237
f 2380/2781/2245 2383/2049/2249 2375/2782/2241
f 2383/1958/2249 2384/2783/2250 2376/2779/2242
f 2382/2624/2247 2385/2636/2251 2377/2625/2248
f 2378/1839/2243 2386/2790/2261 2387/1847/2252
f 2379/2780/2244 2387/1849/2252 2388/2785/2253
f 2388/2785/2253 2389/2793/2257 2383/2049/2249
f 2383/1958/2249 2389/2788/2257 2384/2783/2250
f 2390/2634/2254 2391/2786/2255 2382/2624/2247
f 2385/2631/2251 2386/2790/2261 2378/1839/2243
f 2386/2790/2261 2392/2791/2256 2387/1847/2252
f 2393/1857/2258 2394/2795/2259 2390/1858/2254
f 2392/2787/2256 2397/2792/2263 2388/2785/2253
f 2397/2792/2263 2398/5475/2264 2389/2793/2257
f 2398/2794/2264 2399/1863/2265 2393/1857/2258
f 2391/2786/2255 2400/2798/2266 2395/2640/2260
f 2400/2796/2266 2396/2642/2262 2386/2790/2261
f 2401/2727/2267 2402/5476/2273 2392/2791/2256
f 2392/2787/2256 2402/2800/2273 2397/2792/2263
f 2399/1863/2265 2403/1876/2268 2394/2795/2259
f 2403/1869/2268 2404/2797/2269 2391/2786/2255
f 2400/2796/2266 2401/2727/2267 2396/2642/2262
f 2397/2792/2263 2405/2802/2276 2398/5475/2264
f 2398/2794/2264 2405/5407/2276 2406/1875/2270
f 2406/1875/2270 2407/5408/2278 2403/1876/2268
f 2403/1869/2268 2407/2064/2278 2404/2797/2269
f 2404/2797/2269 2408/2804/2271 2400/2798/2266
f 2409/1877/2272 2410/2807/2274 2402/1827/2273
f 2410/2799/2274 2411/2801/2275 2397/2792/2263
f 2405/1889/2276 2412/2653/2277 2406/1884/2270
f 2408/2806/2271 2409/1877/2272 2401/1878/2267
f 2411/2801/2275 2414/1891/2280 2405/2802/2276
f 2412/2653/2277 2415/2074/2281 2407/2063/2278
f 2413/2803/2279 2416/2814/2282 2408/2804/2271
f 2409/1877/2272 2417/2816/2289 2418/1894/2283
f 2418/2808/2283 2419/2809/2284 2411/2801/2275
f 2419/2809/2284 2420/2819/2285 2414/1891/2280
f 2420/2810/2285 2421/2811/2286 2412/2653/2277
f 2416/2805/2282 2417/2816/2289 2409/1877/2272
f 2421/2811/2286 2422/2821/2287 2415/2074/2281
f 2422/2812/2287 2423/2829/2301 2413/2803/2279
f 2413/2803/2279 2423/2829/2301 2424/2813/2288
f 2425/1904/2290 2426/2823/2291 2418/1894/2283
f 2426/2817/2291 2427/2818/2292 2419/2809/2284
f 2427/2818/2292 2428/5477/2293 2420/2819/2285
f 2428/2820/2293 2429/1909/2294 2421/2811/2286
f 2424/2815/2288 2425/1904/2290 2417/2816/2289
f 2427/2818/2292 2431/2832/2296 2428/5477/2293
f 2431/2824/2296 2432/2833/2304 2429/1909/2294
f 2429/1909/2294 2432/2833/2304 2433/2825/2297
f 2422/2812/2287 2433/2828/2297 2423/2829/2301
f 2423/2829/2301 2434/2835/2298 2424/2813/2288
f 2434/2826/2298 2430/2822/2295 2425/1904/2290
f 2430/2822/2295 2435/2830/2299 2426/2823/2291
f 2432/2833/2304 2436/2680/2306 2433/2825/2297
f 2433/2828/2297 2436/2684/2306 2437/1917/2300
f 2423/2829/2301 2437/1917/2300 2434/2835/2298
f 2435/2827/2299 2439/2092/2310 2427/2818/2292
f 2427/2818/2292 2439/2092/2310 2440/2831/2303
f 2440/1874/2303 2441/1928/2305 2432/2833/2304
f 2442/1870/2307 2438/1925/2302 2430/2822/2295
f 2443/2836/2308 2444/2844/2309 2435/2682/2299
f 2440/2840/2303 2445/1863/2313 2441/1933/2305
f 2441/1933/2305 2445/1863/2313 2446/1876/2311
f 2446/1936/2311 2447/2841/2315 2437/1917/2300
f 2437/1917/2300 2447/2841/2315 2442/2834/2307
f 2442/2842/2307 2443/2836/2308 2438/1983/2302
f 2444/2837/2309 2448/2104/2318 2439/2092/2310
f 2439/2092/2310 2448/2104/2318 2449/2838/2312
f 2446/1936/2311 2450/2851/2314 2447/2841/2315
f 2443/2836/2308 2452/1955/2325 2453/2843/2317
f 2449/2839/2312 2454/1857/2319 2445/1863/2313
f 2450/2851/2314 2455/2846/2320 2447/2841/2315
f 2451/1948/2316 2452/1955/2325 2443/2836/2308
f 2452/1955/2325 2456/2853/2327 2453/2843/2317
f 2453/2845/2317 2456/2856/2327 2457/2847/2321
f 2457/2847/2321 2458/2858/2322 2449/2838/2312
f 2458/2848/2322 2459/2113/2333 2454/1857/2319
f 2454/1857/2319 2459/2113/2333 2460/2849/2323
f 2455/2846/2320 2461/2110/2324 2451/2691/2316
f 2463/2854/2328 2464/2862/2337 2461/2110/2324
f 2461/1854/2324 2464/1969/2337 2462/2852/2326
f 2465/1790/2329 2466/2744/2330 2456/2853/2327
f 2466/2855/2330 2467/2857/2331 2457/2847/2321
f 2467/2857/2331 2468/5478/2332 2458/2858/2322
f 2468/2859/2332 2469/1960/2334 2459/2113/2333
f 2469/1960/2334 2470/2866/2342 2460/2849/2323
f 2460/2850/2323 2470/2868/2342 2463/2854/2328
f 2464/1969/2337 2465/1790/2329 2462/2852/2326
f 2465/1790/2329 2471/2864/2335 2466/2744/2330
f 2470/2868/2342 2472/2861/2336 2463/2854/2328
f 2472/2861/2336 2473/5479/2338 2464/2862/2337
f 2467/2857/2331 2475/2871/2340 2468/5478/2332
f 2475/2865/2340 2476/2767/2341 2469/1960/2334
f 2476/2767/2341 2477/2873/2343 2470/2866/2342
f 2473/2117/2338 2474/2863/2339 2465/1790/2329
f 2474/2863/2339 2478/1827/2344 2471/2864/2335
f 2478/2869/2344 2479/2870/2345 2467/2857/2331
f 2472/2861/2336 2480/5480/2346 2473/5479/2338
f 2479/2870/2345 2482/2878/2348 2475/2871/2340
f 2482/1821/2348 2483/1820/2349 2476/2767/2341
f 2483/1820/2349 2484/5471/2350 2477/2873/2343
f 2484/2723/2350 2485/2881/2356 2472/2861/2336
f 2472/2861/2336 2485/2881/2356 2480/5480/2346
f 2481/2872/2347 2486/2129/2352 2487/2875/2351
f 2485/2881/2356 2488/2883/2358 2480/5480/2346
f 2480/2874/2346 2488/2884/2358 2486/2129/2352
f 2487/2876/2351 2342/2747/2209 2479/2870/2345
f 2479/2870/2345 2342/2747/2209 2489/2877/2353
f 2489/2879/2353 2490/2738/2354 2483/2088/2349
f 2490/2738/2354 2491/2741/2355 2484/2739/2350
f 2491/2740/2355 2492/2882/2357 2485/2881/2356
f 2340/2743/2206 2341/2745/2208 2487/2875/2351
f 2489/2879/2353 2344/1795/2212 2490/2738/2354
f 2492/2882/2357 2347/2751/2216 2488/2883/2358
f 2347/2752/2216 2340/2743/2206 2486/2129/2352
f 2342/2747/2209 2343/2755/2220 2489/2877/2353
f 2345/2014/2211 2346/2749/2214 2492/2882/2357
f 2554/2885/2359 2494/2943/2422 2493/2886/2360
f 2498/2888/2362 2500/2891/2365 2499/2889/2363
f 2500/2891/2365 2501/2893/2367 2502/2892/2366
f 2501/2893/2367 2504/2895/2369 2503/2894/2368
f 2504/2895/2369 2506/2897/2371 2505/2896/2370
f 2506/2897/2371 2508/2899/2373 2507/2898/2372
f 2508/2899/2373 2510/2901/2375 2509/2900/2374
f 2510/2901/2375 2513/2903/2377 2511/2902/2376
f 2513/2903/2377 2512/2905/2379 2514/2904/2378
f 2512/2905/2379 2516/2907/2381 2515/2906/2380
f 2516/2907/2381 2518/5481/2383 2517/2908/2382
f 2518/2909/2383 2520/2910/2385 2519/2894/2384
f 2520/2910/2385 2522/2911/2387 2521/2896/2386
f 2522/2911/2387 2524/2912/2389 2523/2898/2388
f 2524/2912/2389 2526/2914/2391 2525/2913/2390
f 2526/2914/2391 2528/2916/2393 2527/2915/2392
f 2528/2916/2393 2530/2918/2395 2529/2917/2394
f 2530/2918/2395 2532/2920/2397 2531/2919/2396
f 2532/2920/2397 2533/2921/2399 2534/2908/2398
f 2533/2921/2399 2536/2923/2401 2535/2922/2400
f 2536/2923/2401 2538/2925/2403 2537/2924/2402
f 2538/2925/2403 2540/2926/2405 2539/2887/2404
f 2540/2926/2405 2543/2928/2407 2541/2927/2406
f 2543/2928/2407 2542/2930/2409 2544/2929/2408
f 2542/2930/2409 2546/2888/2411 2545/2890/2410
f 2546/2888/2411 2548/2932/2413 2547/2931/2412
f 2548/2932/2413 2549/2909/2415 2550/2933/2414
f 2549/2921/2415 2552/2935/2417 2551/2906/2416
f 2552/2935/2417 2555/2937/2419 2553/2936/2418
f 2555/2937/2419 2554/2885/2359 2556/2887/2361
f 2496/2938/2420 2498/2888/2362 2497/2890/2364
f 2554/2963/2359 2552/2962/2417 2548/5482/2413
f 2548/5482/2413 2542/2957/2409 2554/2963/2359
f 2538/5483/2403 2536/5484/2401 2528/2942/2393
f 2536/5484/2401 2532/5485/2397 2528/2942/2393
f 2528/2942/2393 2524/5486/2389 2520/5487/2385
f 2520/5487/2385 2516/5488/2381 2512/2949/2379
f 2510/2948/2375 2506/2940/2371 2512/2949/2379
f 2506/2940/2371 2504/5489/2369 2500/5490/2365
f 2500/5490/2365 2496/2941/2420 2506/2940/2371
f 2496/2941/2420 2554/2963/2359 2528/2942/2393
f 2554/2963/2359 2542/2957/2409 2528/2942/2393
f 2542/2957/2409 2538/5483/2403 2528/2942/2393
f 2528/2942/2393 2520/5487/2385 2512/2949/2379
f 2512/2949/2379 2506/2940/2371 2528/2942/2393
f 2494/2943/2422 2496/2938/2420 2495/2939/2421
f 2494/4044/2422 2554/2963/2359 2496/2941/2420
f 2497/5491/2364 2499/5492/2363 2502/2945/2366
f 2498/5493/2362 2496/2941/2420 2500/5490/2365
f 2501/5494/2367 2500/5490/2365 2504/5489/2369
f 2505/2944/2370 2507/5495/2372 2502/2945/2366
f 2508/5496/2373 2506/2940/2371 2510/2948/2375
f 2511/2947/2376 2514/2951/2378 2509/5497/2374
f 2517/2950/2382 2519/5498/2384 2514/2951/2378
f 2518/2950/2383 2516/5488/2381 2520/5487/2385
f 2521/5499/2386 2523/2964/2388 2519/5498/2384
f 2524/5486/2389 2522/5499/2387 2520/5487/2385
f 2525/4077/2390 2527/5500/2392 2523/2964/2388
f 2526/4077/2391 2524/5486/2389 2528/2942/2393
f 2529/5501/2394 2531/5502/2396 2534/2954/2398
f 2530/5503/2395 2528/2942/2393 2532/5485/2397
f 2533/5504/2399 2532/5485/2397 2536/5484/2401
f 2537/2953/2402 2539/2965/2404 2534/2954/2398
f 2541/2958/2406 2544/5505/2408 2539/2965/2404
f 2540/2956/2405 2538/5483/2403 2542/2957/2409
f 2547/5506/2412 2550/2960/2414 2545/5507/2410
f 2546/5508/2411 2542/2957/2409 2548/5482/2413
f 2549/5509/2415 2548/5482/2413 2552/2962/2417
f 2553/2959/2418 2556/2966/2361 2550/2960/2414
f 2493/4044/2360 2495/5510/2421 2556/2966/2361
f 2495/5510/2421 2497/5491/2364 2502/2945/2366
f 2507/5495/2372 2509/5497/2374 2514/2951/2378
f 2527/5500/2392 2529/5501/2394 2534/2954/2398
f 2544/5505/2408 2545/5507/2410 2550/2960/2414
f 2556/2966/2361 2495/5510/2421 2507/5495/2372
f 2495/5510/2421 2502/2945/2366 2507/5495/2372
f 2507/5495/2372 2514/2951/2378 2523/2964/2388
f 2514/2951/2378 2519/5498/2384 2523/2964/2388
f 2523/2964/2388 2527/5500/2392 2539/2965/2404
f 2527/5500/2392 2534/2954/2398 2539/2965/2404
f 2539/2965/2404 2544/5505/2408 2556/2966/2361
f 2544/5505/2408 2550/2960/2414 2556/2966/2361
f 2556/2966/2361 2507/5495/2372 2523/2964/2388
f 2620/2967/2423 2559/3022/2486 2557/2968/2424
f 2562/2970/2426 2564/2973/2429 2563/2971/2427
f 2564/2973/2429 2565/2975/2431 2566/2974/2430
f 2565/2975/2431 2568/2976/2433 2567/2971/2432
f 2568/2976/2433 2571/2978/2435 2569/2977/2434
f 2571/2978/2435 2570/2980/2437 2572/2979/2436
f 2570/2980/2437 2574/2982/2439 2573/2981/2438
f 2574/2982/2439 2576/2984/2441 2575/2983/2440
f 2576/2984/2441 2578/2986/2443 2579/2985/2442
f 2578/2986/2443 2577/2988/2445 2580/2987/2444
f 2577/2988/2445 2582/3014/2447 2581/2989/2446
f 2582/2975/2447 2584/2992/2449 2583/2990/2448
f 2584/2992/2449 2587/2994/2451 2585/2993/2450
f 2587/2994/2451 2586/2996/2453 2588/2995/2452
f 2586/2996/2453 2590/2982/2455 2589/2997/2454
f 2590/2982/2455 2592/2998/2457 2591/2969/2456
f 2592/2998/2457 2594/2986/2459 2593/2999/2458
f 2594/2986/2459 2596/3001/2461 2595/3000/2460
f 2596/3001/2461 2599/3002/2463 2597/2989/2462
f 2599/3002/2463 2598/3003/2465 2600/3000/2464
f 2598/3003/2465 2602/3005/2467 2601/3004/2466
f 2602/3005/2467 2604/3007/2469 2603/3006/2468
f 2604/3007/2469 2606/2982/2471 2605/3008/2470
f 2606/2982/2471 2608/3009/2473 2607/2995/2472
f 2608/3009/2473 2611/3010/2475 2609/2972/2474
f 2611/3010/2475 2610/3012/2477 2612/3011/2476
f 2610/3012/2477 2614/2975/2479 2613/3013/2478
f 2614/3014/2479 2616/3016/2481 2615/2987/2480
f 2616/3016/2481 2618/3018/2483 2617/3017/2482
f 2618/3018/2483 2620/2967/2423 2619/2969/2425
f 2558/2980/2484 2562/2970/2426 2561/2972/2428
f 2618/3054/2483 2616/5511/2481 2610/3048/2477
f 2610/3048/2477 2608/3047/2473 2604/5512/2469
f 2604/5512/2469 2602/5513/2467 2610/3048/2477
f 2602/5513/2467 2598/3043/2465 2594/3019/2459
f 2598/3043/2465 2596/3042/2461 2594/3019/2459
f 2594/3019/2459 2592/5514/2457 2586/3035/2453
f 2586/3035/2453 2584/3034/2449 2577/3020/2445
f 2577/3020/2445 2576/3028/2441 2570/3027/2437
f 2570/3027/2437 2568/3026/2433 2564/5515/2429
f 2570/3027/2437 2564/5515/2429 2558/3021/2484
f 2558/3021/2484 2618/3054/2483 2610/3048/2477
f 2610/3048/2477 2602/5513/2467 2594/3019/2459
f 2594/3019/2459 2586/3035/2453 2577/3020/2445
f 2577/3020/2445 2570/3027/2437 2558/3021/2484
f 2558/3021/2484 2610/3048/2477 2594/3019/2459
f 2559/3022/2486 2558/2980/2484 2560/2995/2485
f 2560/5516/2485 2561/5517/2428 2557/3051/2424
f 2561/5517/2428 2563/5518/2427 2566/3024/2430
f 2562/5519/2426 2558/3021/2484 2564/5515/2429
f 2565/5520/2431 2564/5515/2429 2568/3026/2433
f 2569/3023/2434 2572/5521/2436 2566/3024/2430
f 2575/5522/2440 2579/3031/2442 2573/5523/2438
f 2574/5524/2439 2570/3027/2437 2576/3028/2441
f 2581/3030/2446 2583/5525/2448 2579/3031/2442
f 2582/3030/2447 2577/3020/2445 2584/3034/2449
f 2590/5526/2455 2586/3035/2453 2592/5514/2457
f 2595/5527/2460 2597/3045/2462 2593/3040/2458
f 2601/3044/2466 2603/3055/2468 2597/3045/2462
f 2607/5528/2472 2609/5529/2474 2605/5530/2470
f 2606/5531/2471 2604/5512/2469 2608/3047/2473
f 2609/5529/2474 2612/5532/2476 2613/5533/2478
f 2613/5533/2478 2615/5534/2480 2617/3052/2482
f 2614/5535/2479 2610/3048/2477 2616/5511/2481
f 2559/3053/2486 2620/3050/2423 2618/3054/2483
f 2617/3052/2482 2557/3051/2424 2561/5517/2428
f 2572/5521/2436 2573/5523/2438 2579/3031/2442
f 2579/3031/2442 2583/5525/2448 2585/3038/2450
f 2589/3037/2454 2593/3040/2458 2597/3045/2462
f 2603/3055/2468 2605/5530/2470 2609/5529/2474
f 2617/3052/2482 2561/5517/2428 2566/3024/2430
f 2566/3024/2430 2572/5521/2436 2617/3052/2482
f 2572/5521/2436 2579/3031/2442 2585/3038/2450
f 2585/3038/2450 2589/3037/2454 2597/3045/2462
f 2603/3055/2468 2609/5529/2474 2613/5533/2478
f 2585/3038/2450 2597/3045/2462 2603/3055/2468
f 2603/3055/2468 2613/5533/2478 2617/3052/2482
f 2617/3052/2482 2572/5521/2436 2585/3038/2450
f 2663/3056/2487 2622/5536/3596 2621/3057/2488
f 2625/3059/2490 2626/3062/2493 2627/3060/2491
f 2626/3062/2493 2629/5537/2526 2628/3063/2494
f 2628/3063/2494 2629/5537/2526 2631/3064/2495
f 2631/3064/2495 2630/3067/2498 2633/3066/2497
f 2630/3067/2498 2635/5536/3597 2634/3068/2499
f 2635/5536/3597 2636/3069/2500 2634/3068/2499
f 2636/3069/2500 2639/5538/3598 2638/3071/2502
f 2639/5538/3598 2641/5539/2503 2638/3071/2502
f 2641/3072/2503 2643/3075/2505 2640/3073/2504
f 2643/3075/2505 2642/3077/2507 2644/3076/2506
f 2642/3077/2507 2646/3079/2509 2645/3078/2508
f 2646/3079/2509 2647/3081/2511 2648/3080/2510
f 2647/3081/2511 2650/5540/3599 2649/3082/2512
f 2650/5540/3599 2651/3083/2513 2649/3082/2512
f 2651/3083/2513 2654/3081/3600 2653/3085/2515
f 2654/3081/3600 2656/3086/2516 2653/3085/2515
f 2656/3086/2516 2657/3088/2518 2655/3087/2517
f 2658/3089/2519 2657/3088/2518 2660/3090/2520
f 2660/3092/2520 2662/3095/2523 2661/3093/2522
f 2662/3095/2523 2663/3056/2487 2665/3058/2489
f 2623/3097/2525 2625/3059/2490 2624/3061/2492
f 2663/5541/2487 2662/5542/2523 2660/5543/2520
f 2660/5543/2520 2657/5544/2518 2663/5541/2487
f 2654/5545/3600 2651/5546/2513 2647/3098/2511
f 2651/5546/2513 2650/5547/3599 2647/3098/2511
f 2642/3111/2507 2641/3110/2503 2639/5548/3598
f 2630/3106/2498 2629/3105/2526 2626/5549/2493
f 2657/5544/2518 2656/5550/2516 2654/5545/3600
f 2642/3111/2507 2639/5548/3598 2647/3098/2511
f 2639/5548/3598 2636/3099/2500 2647/3098/2511
f 2636/3099/2500 2630/3106/2498 2623/3100/2525
f 2630/3106/2498 2626/5549/2493 2623/3100/2525
f 2623/3100/2525 2663/5541/2487 2657/5544/2518
f 2657/5544/2518 2654/5545/3600 2647/3098/2511
f 2623/3100/2525 2657/5544/2518 2647/3098/2511
f 2622/5536/3596 2623/3097/2525 2621/3057/2488
f 2623/3100/2525 2622/5551/3596 2663/5541/2487
f 2625/5552/2490 2623/3100/2525 2626/5549/2493
f 2636/3099/2500 2635/5553/3597 2630/3106/2498
f 2649/5554/2512 2652/5555/2514 2648/5556/2510
f 2661/5557/2522 2664/3115/2524 2659/5558/2521
f 2664/3115/2524 2621/3114/2488 2624/5559/2492
f 2624/5559/2492 2627/3103/2491 2664/3115/2524
f 2632/3102/2496 2634/3108/2499 2637/5560/2501
f 2637/5560/2501 2638/5561/2502 2632/3102/2496
f 2640/5562/2504 2644/3116/2506 2638/5561/2502
f 2644/3116/2506 2645/5563/2508 2648/5556/2510
f 2648/5556/2510 2652/5555/2514 2653/3117/2515
f 2653/3117/2515 2655/5564/2517 2658/5565/2519
f 2658/5565/2519 2659/5558/2521 2664/3115/2524
f 2627/3103/2491 2632/3102/2496 2664/3115/2524
f 2653/3117/2515 2658/5565/2519 2664/3115/2524
f 2632/3102/2496 2638/5561/2502 2664/3115/2524
f 2638/5561/2502 2644/3116/2506 2664/3115/2524
f 2644/3116/2506 2648/5556/2510 2653/3117/2515
f 2711/3118/2527 2666/5566/3601 2667/3119/2528
f 2669/3160/2564 2670/3121/2530 2668/3123/2532
f 2670/3121/2530 2672/5567/2533 2671/3122/2531
f 2672/3124/2533 2674/5568/3602 2673/3125/2534
f 2673/3127/2534 2674/5569/3602 2675/3128/2535
f 2675/3128/2535 2677/3130/2537 2676/3129/2536
f 2679/3131/2538 2677/3130/2537 2678/5570/3603
f 2679/3131/2538 2678/5570/3603 2680/3132/2539
f 2681/3133/2540 2680/3132/2539 2682/3134/2541
f 2682/3134/2541 2684/5571/2566 2683/3135/2542
f 2683/5572/2542 2684/3162/2566 2685/5573/2543
f 2685/3136/2543 2687/3138/2545 2686/3137/2544
f 2688/3139/2546 2687/3138/2545 2689/3140/2547
f 2689/3140/2547 2690/5574/2565 2691/3141/2548
f 2691/3141/2548 2690/5574/2565 2693/3142/2549
f 2692/3143/2550 2693/3142/2549 2694/5575/2551
f 2694/3144/2551 2695/5576/3604 2696/3145/2552
f 2696/3135/2552 2695/5577/3604 2698/3147/2553
f 2698/3147/2553 2699/3149/2555 2697/3148/2554
f 2699/3149/2555 2701/5578/3605 2700/3150/2556
f 2700/3150/2556 2701/5578/3605 2702/3151/2557
f 2702/3151/2557 2704/3153/2559 2703/3152/2558
f 2706/3154/2560 2704/3153/2559 2705/5579/3606
f 2706/3155/2560 2705/5580/3606 2707/3156/2561
f 2707/5581/2561 2709/3158/2563 2708/3159/2562
f 2710/3120/2529 2709/3158/2563 2711/3118/2527
f 2667/3119/2528 2666/5566/3601 2669/3160/2564
f 2666/5582/3601 2711/5583/2527 2709/5584/2563
f 2704/5585/2559 2702/5586/2557 2705/5580/3606
f 2699/5587/2555 2698/5588/2553 2695/5576/3604
f 2695/5576/3604 2694/5589/2551 2693/5590/2549
f 2680/5591/2539 2678/5592/3603 2677/5593/2537
f 2675/5594/2535 2674/5568/3602 2672/3124/2533
f 2669/3163/2564 2666/5582/3601 2705/5580/3606
f 2666/5582/3601 2709/5584/2563 2705/5580/3606
f 2709/5584/2563 2707/3156/2561 2705/5580/3606
f 2702/5586/2557 2701/5595/3605 2705/5580/3606
f 2701/5595/3605 2699/5587/2555 2705/5580/3606
f 2695/5576/3604 2693/5590/2549 2690/3161/2565
f 2690/3161/2565 2689/5596/2547 2687/5597/2545
f 2687/5597/2545 2685/5573/2543 2690/3161/2565
f 2685/5573/2543 2684/3162/2566 2690/3161/2565
f 2684/3162/2566 2682/5598/2541 2680/5591/2539
f 2680/5591/2539 2677/5593/2537 2684/3162/2566
f 2677/5593/2537 2675/5594/2535 2684/3162/2566
f 2672/3124/2533 2670/5599/2530 2669/3163/2564
f 2699/5587/2555 2695/5576/3604 2690/3161/2565
f 2675/5594/2535 2672/3124/2533 2684/3162/2566
f 2672/3124/2533 2669/3163/2564 2684/3162/2566
f 2669/3163/2564 2705/5580/3606 2699/5587/2555
f 2699/5587/2555 2690/3161/2565 2669/3163/2564
f 2671/3126/2531 2673/3125/2534 2668/5600/2532
f 2683/5572/2542 2686/5601/2544 2681/3165/2540
f 2700/5602/2556 2703/5603/2558 2697/5604/2554
f 2686/5601/2544 2688/5605/2546 2691/5606/2548
f 2697/5604/2554 2703/5603/2558 2706/3155/2560
f 2706/3155/2560 2708/3157/2562 2667/3167/2528
f 2708/3157/2562 2710/5607/2529 2667/3167/2528
f 2696/3145/2552 2697/5604/2554 2706/3155/2560
f 2667/3167/2528 2668/5600/2532 2681/3165/2540
f 2668/5600/2532 2673/3125/2534 2681/3165/2540
f 2673/3125/2534 2676/3166/2536 2681/3165/2540
f 2681/3165/2540 2686/5601/2544 2691/5606/2548
f 2691/5606/2548 2692/3146/2550 2696/3145/2552
f 2681/3165/2540 2691/5606/2548 2667/3167/2528
f 2691/5606/2548 2696/3145/2552 2667/3167/2528
f 2714/3168/2567 2715/3171/2570 2716/3169/2568
f 2715/3171/2570 2718/3173/2572 2717/3172/2571
f 2718/3173/2572 2719/3175/2574 2720/3174/2573
f 2719/3175/2574 2722/3177/2576 2721/3176/2575
f 2722/3177/2576 2724/3179/2578 2723/3178/2577
f 2724/3179/2578 2727/3182/2581 2726/3181/2580
f 2727/3182/2581 2729/3184/2583 2728/3183/2582
f 2729/3184/2583 2731/3186/2585 2730/3185/2584
f 2731/3186/2585 2734/5608/2588 2733/3188/2587
f 2734/3189/2588 2735/5609/2624 2736/3190/2589
f 2735/5609/2624 2738/3192/2590 2736/3190/2589
f 2738/3192/2590 2740/3194/2592 2737/3193/2591
f 2740/3194/2592 2739/3195/2594 2741/3181/2593
f 2739/3195/2594 2743/3197/2596 2742/3196/2595
f 2743/3197/2596 2745/3199/2598 2744/3198/2597
f 2745/3199/2598 2747/3201/2600 2746/3200/2599
f 2747/3201/2600 2749/5610/3607 2748/3202/2601
f 2749/5610/3607 2751/3203/2602 2748/3202/2601
f 2751/3203/2602 2752/3205/2604 2750/3204/2603
f 2752/3205/2604 2754/5611/3608 2753/3206/2605
f 2754/5611/3608 2756/3207/2606 2753/3206/2605
f 2756/3207/2606 2758/3210/2609 2757/3209/2608
f 2758/3210/2609 2759/3212/2611 2760/3211/2610
f 2759/3212/2611 2762/3214/2613 2761/3213/2612
f 2762/3214/2613 2764/3216/2615 2763/3215/2614
f 2764/3218/2615 2767/3221/2618 2766/3219/2617
f 2767/3221/2618 2769/3223/2620 2768/3222/2619
f 2770/3224/2621 2769/3223/2620 2771/3225/2622
f 2715/3229/2570 2714/5612/2567 2771/5613/2622
f 2762/5614/2613 2759/5615/2611 2764/5616/2615
f 2758/5617/2609 2756/5618/2606 2754/5619/3608
f 2754/5619/3608 2752/5620/2604 2749/5621/3607
f 2752/5620/2604 2751/5622/2602 2749/5621/3607
f 2749/5621/3607 2747/5623/2600 2745/5624/2598
f 2745/5624/2598 2743/5625/2596 2739/3238/2594
f 2739/3238/2594 2738/3237/2590 2735/3227/2624
f 2735/3227/2624 2734/5626/2588 2729/5627/2583
f 2734/5626/2588 2731/5628/2585 2729/5627/2583
f 2719/5629/2574 2718/5630/2572 2715/3229/2570
f 2715/3229/2570 2771/5613/2622 2764/5616/2615
f 2771/5613/2622 2769/5631/2620 2764/5616/2615
f 2769/5631/2620 2767/5632/2618 2764/5616/2615
f 2759/5615/2611 2758/5617/2609 2764/5616/2615
f 2758/5617/2609 2754/5619/3608 2764/5616/2615
f 2745/5624/2598 2739/3238/2594 2735/3227/2624
f 2729/5627/2583 2727/5633/2581 2724/3228/2578
f 2724/3228/2578 2722/5634/2576 2719/5629/2574
f 2754/5619/3608 2749/5621/3607 2735/3227/2624
f 2749/5621/3607 2745/5624/2598 2735/3227/2624
f 2735/3227/2624 2729/5627/2583 2724/3228/2578
f 2724/3228/2578 2719/5629/2574 2715/3229/2570
f 2715/3229/2570 2764/5616/2615 2735/3227/2624
f 2764/5616/2615 2754/5619/3608 2735/3227/2624
f 2771/3225/2622 2714/3168/2567 2713/3170/2569
f 2763/5635/2614 2765/5636/2616 2761/5637/2612
f 2768/5638/2619 2770/5639/2621 2766/5640/2617
f 2770/5639/2621 2712/5641/2623 2713/5642/2569
f 2713/5642/2569 2716/5643/2568 2770/5639/2621
f 2716/5643/2568 2717/5644/2571 2720/3232/2573
f 2720/3232/2573 2723/3231/2577 2725/3235/2579
f 2725/3235/2579 2728/3234/2582 2730/5645/2584
f 2730/5645/2584 2732/3239/2586 2725/3235/2579
f 2732/3239/2586 2733/5646/2587 2736/5647/2589
f 2736/5647/2589 2737/5648/2591 2741/3240/2593
f 2741/3240/2593 2742/5649/2595 2744/5650/2597
f 2744/5650/2597 2746/5651/2599 2741/3240/2593
f 2750/3241/2603 2753/5652/2605 2755/5653/2607
f 2755/5653/2607 2757/5654/2608 2760/5655/2610
f 2760/5655/2610 2761/5637/2612 2765/5636/2616
f 2765/5636/2616 2766/5640/2617 2770/5639/2621
f 2716/5643/2568 2720/3232/2573 2770/5639/2621
f 2732/3239/2586 2736/5647/2589 2741/3240/2593
f 2746/5651/2599 2748/5656/2601 2741/3240/2593
f 2748/5656/2601 2750/3241/2603 2741/3240/2593
f 2755/5653/2607 2760/5655/2610 2750/3241/2603
f 2720/3232/2573 2725/3235/2579 2732/3239/2586
f 2760/5655/2610 2765/5636/2616 2750/3241/2603
f 2765/5636/2616 2770/5639/2621 2750/3241/2603
f 2770/5639/2621 2720/3232/2573 2750/3241/2603
f 2720/3232/2573 2732/3239/2586 2750/3241/2603
s 0
f 2776/3242/3609 2777/5657/3609 2773/3243/3609
f 2779/3245/3610 2777/5658/3610 2776/3246/3610
f 2775/3248/3611 2773/5659/3611 2777/3249/3611
f 2772/3244/3612 2773/3243/3612 2775/3251/3612
f 2775/3253/3613 2779/3245/3613 2778/3247/3613
f 2778/3255/3614 2776/5660/3614 2772/3256/3614
f 2785/3258/3615 2781/3267/3615 2780/3259/3615
f 2786/3261/3616 2787/3270/3616 2785/3262/3616
f 2783/3264/3617 2781/5661/3617 2785/3265/3617
f 2781/3267/3618 2783/5662/3618 2782/3268/3618
f 2782/3269/3619 2783/5663/3619 2787/3270/3619
f 2782/3271/3620 2786/5664/3620 2784/3272/3620
f 2793/3274/3621 2789/3283/3621 2788/3275/3621
f 2794/3277/3622 2795/5665/3622 2793/3278/3622
f 2791/3280/3623 2789/5666/3623 2793/3281/3623
f 2789/3283/3624 2791/5667/3624 2790/3284/3624
f 2791/3285/3625 2795/5665/3625 2794/3277/3625
f 2794/3287/3626 2792/5668/3626 2788/3288/3626
f 2800/3290/3627 2801/5669/3627 2797/3291/3627
f 2802/3293/3628 2803/5670/3628 2801/3294/3628
f 2799/3296/3629 2797/5671/3629 2801/3297/3629
f 2796/3292/3630 2797/3291/3630 2799/3299/3630
f 2799/3301/3631 2803/5670/3631 2802/3293/3631
f 2802/3303/3632 2800/5672/3632 2796/3304/3632
f 2808/3306/3633 2809/5673/3633 2805/3307/3633
f 2811/3309/3634 2809/5674/3634 2808/3310/3634
f 2807/3312/3635 2805/5675/3635 2809/3313/3635
f 2805/3307/3636 2807/5676/3636 2806/3315/3636
f 2807/3316/3637 2811/3309/3637 2810/3311/3637
f 2810/3318/3638 2808/5677/3638 2804/3319/3638
f 2816/3321/3639 2817/5678/3639 2813/3322/3639
f 2818/3324/3640 2819/5679/3640 2817/3325/3640
f 2815/3327/3641 2813/5680/3641 2817/3328/3641
f 2812/3323/3642 2813/3322/3642 2815/3330/3642
f 2815/3332/3643 2819/5679/3643 2818/3324/3643
f 2814/3334/3644 2818/5681/3644 2816/3335/3644
f 2825/3337/3645 2821/5682/3645 2820/3338/3645
f 2827/3340/3646 2825/5683/3646 2824/3341/3646
f 2823/3343/3647 2821/5684/3647 2825/3344/3647
f 2820/3338/3648 2821/5682/3648 2823/3346/3648
f 2823/3348/3649 2827/3340/3649 2826/3342/3649
f 2826/3350/3650 2824/5685/3650 2820/3351/3650
f 2833/3353/3651 2829/5686/3651 2828/3354/3651
f 2835/3356/3652 2833/5687/3652 2832/3357/3652
f 2835/3359/3653 2831/5688/3653 2829/3360/3653
f 2828/3354/3654 2829/5686/3654 2831/3362/3654
f 2831/3364/3655 2835/3356/3655 2834/3358/3655
f 2830/3366/3656 2834/5689/3656 2832/3367/3656
f 2975/3549/3657 2961/3571/3657 2956/3550/3657
f 2982/3552/3658 2977/5704/3658 2970/3553/3658
f 2966/3555/3659 2960/3591/3659 2974/3556/3659
f 2959/3558/3660 2969/5705/3660 2962/3559/3660
f 2967/3561/3661 2984/5706/3661 2979/3551/3661
f 2959/3558/3662 2961/3573/3663 2960/3576/3585
f 2963/3550/3664 2965/3578/3665 2964/5707/3666
f 2967/3561/3667 2969/3577/3668 2968/3582/3669
f 2971/3551/3670 2973/3590/3671 2972/5708/3672
f 2975/3549/3673 2977/3589/3674 2976/3594/3675
f 2982/3552/3676 2984/3583/3525 2983/3588/3526
f 2955/3562/3677 2957/3564/3677 2964/3568/3677
f 2961/3573/3678 2959/3558/3678 2957/3560/3678
f 2966/3555/3679 2968/3580/3679 2960/3591/3679
f 2968/3575/3680 2969/5705/3680 2959/3558/3680
f 2963/3550/3681 2964/5707/3681 2969/3577/3681
f 2964/3570/3682 2962/3559/3682 2969/5705/3682
f 2965/3578/3683 2963/3550/3683 2979/3551/3683
f 2983/3581/3684 2984/5706/3684 2967/3561/3684
f 2980/3554/3685 2981/5709/3685 2984/3583/3685
f 2981/3579/3686 2979/3551/3686 2984/5706/3686
f 2978/3565/3687 2980/3567/3687 2972/3584/3687
f 2974/3556/3688 2976/3592/3688 2983/3557/3688
f 2976/3587/3689 2977/5704/3689 2982/3552/3689
f 2971/3551/3690 2972/5708/3690 2977/3589/3690
f 2972/3586/3691 2970/3553/3691 2977/5704/3691
f 2973/3590/3692 2971/3551/3692 2956/3550/3692
f 2960/3593/3693 2961/3571/3693 2975/3549/3693
f 2978/3565/3694 2973/3585/3694 2955/3562/3694
f 2990/3595/3695 2986/5710/3695 2985/3596/3695
f 2992/3598/3696 2990/5711/3696 2989/3599/3696
f 2988/3601/3697 2986/5712/3697 2990/3602/3697
f 2986/3604/3698 2988/5713/3698 2987/3605/3698
f 2988/3607/3699 2992/5714/3699 2991/3608/3699
f 2991/3610/3700 2989/5715/3700 2985/3611/3700
f 2997/3613/3701 2998/5716/3701 2994/3614/3701
f 3000/3616/3702 2998/5717/3702 2997/3617/3702
f 2996/3619/3703 2994/5718/3703 2998/3620/3703
f 2994/3614/3704 2996/5719/3704 2995/3622/3704
f 2996/3623/3705 3000/3616/3705 2999/3618/3705
f 2999/3625/3706 2997/5720/3706 2993/3626/3706
s 1
f 3014/3640/2843 3002/3646/2845 3001/3641/2844
f 3004/3628/2833 3005/5721/2836 3006/3629/2834
f 3005/3631/2836 3007/5722/3707 3008/3632/2837
f 3007/5722/3707 3009/3634/2838 3008/3632/2837
f 3009/3634/2838 3011/5723/2841 3012/3636/2840
f 3011/3637/2841 3014/5724/2843 3013/3638/2842
f 3002/3646/2845 3004/5725/2833 3003/3647/2835
f 3002/5726/2845 3014/3643/2843 3004/3645/2833
f 3011/5727/2841 3009/3644/2838 3014/3643/2843
f 3009/3644/2838 3007/5728/3707 3004/3645/2833
f 3007/5728/3707 3005/5729/2836 3004/3645/2833
f 3012/5730/2840 3013/5731/2842 3010/3650/2839
f 3013/5731/2842 3001/5732/2844 3010/3650/2839
f 3001/5732/2844 3003/5733/2835 3010/3650/2839
f 3003/5733/2835 3006/3648/2834 3010/3650/2839
f 3027/3651/2846 3015/3667/2859 3016/3652/2847
f 3018/3654/2849 3019/5734/2852 3020/3655/2850
f 3019/3657/2852 3021/3660/2854 3022/3658/2853
f 3021/3660/2854 3024/3662/2856 3023/3661/2855
f 3024/3662/2856 3025/5735/2858 3026/3663/2857
f 3025/3664/2858 3027/5736/2846 3028/3665/2848
f 3015/3667/2859 3018/5737/2849 3017/3668/2851
f 3015/5738/2859 3027/3671/2846 3018/3670/2849
f 3025/5739/2858 3024/5740/2856 3027/3671/2846
f 3024/5740/2856 3021/5741/2854 3027/3671/2846
f 3021/5741/2854 3019/3669/2852 3027/3671/2846
f 3016/5742/2847 3017/5743/2851 3028/3674/2848
f 3017/5743/2851 3020/3672/2850 3028/3674/2848
f 3020/3672/2850 3022/5744/2853 3023/3673/2855
f 3026/5745/2857 3028/3674/2848 3023/3673/2855
f 3041/3675/2846 3029/3691/2863 3030/3676/2860
f 3032/3678/2849 3033/5746/2852 3034/3679/2850
f 3033/3681/2852 3035/3684/2854 3036/3682/2853
f 3035/3684/2854 3038/3686/2862 3037/3685/2855
f 3038/3686/2862 3039/5747/2858 3040/3687/2857
f 3039/3688/2858 3041/5748/2846 3042/3689/2861
f 3029/3691/2863 3032/5749/2849 3031/3692/2851
f 3029/5750/2863 3041/3695/2846 3032/3694/2849
f 3039/5751/2858 3038/5752/2862 3041/3695/2846
f 3038/5752/2862 3035/5753/2854 3041/3695/2846
f 3035/5753/2854 3033/3693/2852 3041/3695/2846
f 3030/5754/2860 3031/5755/2851 3042/3698/2861
f 3031/5755/2851 3034/3696/2850 3042/3698/2861
f 3034/3696/2850 3036/5756/2853 3037/3697/2855
f 3040/5757/2857 3042/3698/2861 3037/3697/2855
s 0
f 3062/3549/3657 3049/3704/3657 3044/3550/3657
f 3069/3552/3658 3064/5758/3658 3058/3553/3658
f 3054/3555/3708 3047/3708/3708 3061/3556/3708
f 3048/3700/3709 3057/5759/3709 3050/3559/3709
f 3055/3561/3661 3071/5706/3661 3066/3551/3661
f 3049/3704/3521 3047/3715/3710 3048/5760/3523
f 3051/3550/3664 3053/3578/3665 3052/5761/3666
f 3055/3561/3667 3057/3577/3668 3056/3593/3669
f 3058/3553/3711 3060/5762/3712 3059/3711/3553
f 3062/3549/3673 3064/3589/3674 3063/3594/3675
f 3069/3552/3676 3071/3583/3525 3070/3588/3526
f 3043/3562/3677 3045/3564/3677 3052/3701/3677
f 3049/3573/3713 3048/3700/3713 3045/3560/3713
f 3054/3555/3714 3056/3710/3714 3048/3707/3714
f 3056/5763/3715 3057/5759/3715 3048/3700/3715
f 3051/3550/3681 3052/5761/3681 3057/3577/3681
f 3052/3703/3682 3050/3559/3682 3057/5759/3682
f 3053/3578/3683 3051/3550/3683 3066/3551/3683
f 3070/3594/3684 3071/5706/3684 3055/3561/3684
f 3067/3554/3685 3068/5764/3685 3071/3583/3685
f 3068/3709/3686 3066/3551/3686 3071/5706/3686
f 3065/3565/3716 3067/3567/3716 3059/3713/3716
f 3061/3556/3688 3063/3592/3688 3070/3557/3688
f 3063/3712/3689 3064/5758/3689 3069/3552/3689
f 3060/5762/3717 3058/3553/3717 3064/5758/3717
f 3059/3714/3718 3060/3699/3718 3044/3550/3718
f 3047/3715/3719 3049/3704/3719 3062/3549/3719
f 3065/3565/3720 3059/3713/3720 3043/3562/3720
f 3077/3716/3695 3073/5765/3695 3072/3717/3695
f 3079/3719/3696 3077/5766/3696 3076/3720/3696
f 3075/3722/3697 3073/5767/3697 3077/3723/3697
f 3073/3604/3698 3075/5768/3698 3074/3725/3698
f 3075/3727/3699 3079/5769/3699 3078/3728/3699
f 3078/3610/3700 3076/5770/3700 3072/3730/3700
f 3084/3732/3701 3085/5771/3701 3081/3733/3701
f 3087/3735/3702 3085/5772/3702 3084/3736/3702
f 3083/3738/3703 3081/5773/3703 3085/3739/3703
f 3081/3733/3704 3083/5774/3704 3082/3741/3704
f 3083/3742/3705 3087/3735/3705 3086/3737/3705
f 3086/3744/3706 3084/5775/3706 3080/3745/3706
s 1
f 3101/3759/2843 3089/3765/2845 3088/3760/2844
f 3091/3747/2833 3092/5776/2836 3093/3748/2873
f 3092/3750/2836 3094/5777/3707 3095/3751/2875
f 3094/5777/3707 3096/3753/2838 3095/3751/2875
f 3096/3753/2838 3098/5778/2878 3099/3755/2877
f 3098/3756/2878 3101/5779/2843 3100/3757/2842
f 3089/3765/2845 3091/5780/2833 3090/3766/2874
f 3089/5781/2845 3101/3762/2843 3091/3764/2833
f 3098/5782/2878 3096/3763/2838 3101/3762/2843
f 3096/3763/2838 3094/5783/3707 3091/3764/2833
f 3094/5783/3707 3092/5784/2836 3091/3764/2833
f 3099/5785/2877 3100/5786/2842 3097/3769/2876
f 3100/5786/2842 3088/5787/2844 3097/3769/2876
f 3088/5787/2844 3090/5788/2874 3097/3769/2876
f 3090/5788/2874 3093/3767/2873 3097/3769/2876
f 3114/3770/2846 3102/3786/2886 3103/3771/2879
f 3104/5789/2887 3106/3773/2881 3105/3775/2883
f 3106/3776/2881 3108/3779/2854 3109/3777/2884
f 3108/3779/2854 3111/3781/2862 3110/3780/2885
f 3111/3781/2862 3112/5790/2858 3113/3782/2857
f 3112/3783/2858 3114/5791/2846 3115/3784/2880
f 3102/3786/2886 3104/5792/2887 3105/3787/2883
f 3102/5793/2886 3114/3790/2846 3104/3789/2887
f 3112/5794/2858 3111/5795/2862 3114/3790/2846
f 3111/5795/2862 3108/5796/2854 3114/3790/2846
f 3108/5796/2854 3106/3788/2881 3114/3790/2846
f 3103/5797/2879 3105/3791/2883 3115/3793/2880
f 3105/3791/2883 3107/5798/2882 3110/3792/2885
f 3107/5798/2882 3109/5799/2884 3110/3792/2885
f 3113/5800/2857 3115/3793/2880 3110/3792/2885
f 3128/3794/2846 3116/3810/2886 3117/3795/2888
f 3118/5801/2887 3120/3797/2881 3119/3799/2883
f 3120/3800/2881 3122/3803/2854 3123/3801/2890
f 3122/3803/2854 3125/3805/2856 3124/3804/2885
f 3125/3805/2856 3126/5802/2858 3127/3806/2857
f 3126/3807/2858 3128/5803/2846 3129/3808/2889
f 3116/3810/2886 3118/5804/2887 3119/3811/2883
f 3116/5805/2886 3128/3814/2846 3118/3813/2887
f 3126/5806/2858 3125/5807/2856 3128/3814/2846
f 3125/5807/2856 3122/5808/2854 3128/3814/2846
f 3122/5808/2854 3120/3812/2881 3128/3814/2846
f 3117/5809/2888 3119/3815/2883 3129/3817/2889
f 3119/3815/2883 3121/5810/2882 3124/3816/2885
f 3121/5810/2882 3123/5811/2890 3124/3816/2885
f 3127/5812/2857 3129/3817/2889 3124/3816/2885
f 3130/3827/2892 3134/3830/2899 3141/3832/2901
f 3135/3818/2891 3134/3834/2899 3130/3819/2892
f 3136/3836/2904 3135/3818/2891 3131/3820/2893
f 3137/3821/2894 3136/3838/2904 3131/3822/2893
f 3138/3840/2897 3137/3821/2894 3132/3823/2895
f 3133/3824/2896 3139/3841/2907 3138/3825/2897
f 3133/3824/2896 3140/3843/2898 3139/3841/2907
f 3130/3827/2892 3141/3832/2901 3140/3828/2898
f 3134/3830/2899 3142/3847/2902 3148/3831/2900
f 3143/3835/2903 3142/3833/2902 3135/3818/2891
f 3144/3837/2905 3143/3850/2903 3136/3838/2904
f 3145/3839/2906 3144/3837/2905 3137/3821/2894
f 3139/3841/2907 3146/3844/2908 3145/3842/2906
f 3140/3843/2898 3147/3854/2909 3146/3844/2908
f 3141/3832/2901 3148/3831/2900 3147/3845/2909
f 3149/3846/2910 3156/3855/2916 3148/3831/2900
f 3150/3848/2911 3149/5813/2910 3142/3833/2902
f 3143/3835/2903 3151/3860/2912 3150/3848/2911
f 3144/3837/2905 3152/3851/2913 3151/3849/2912
f 3145/3839/2906 3153/3863/2914 3152/3851/2913
f 3146/3844/2908 3154/3869/2921 3153/3852/2914
f 3155/3853/2915 3154/3869/2921 3146/3844/2908
f 3156/3855/2916 3155/3870/2915 3147/3845/2909
f 3158/3857/2918 3157/3872/2917 3149/3858/2910
f 3151/3860/2912 3159/3880/2919 3158/3861/2918
f 3152/3851/2913 3160/3864/2920 3159/3862/2919
f 3153/3863/2914 3161/3874/2922 3160/3864/2920
f 3154/3865/2921 3162/3888/2932 3161/3866/2922
f 3163/3868/2923 3162/3890/2932 3154/3869/2921
f 3157/3856/2917 3163/3876/2923 3155/3870/2915
f 3157/3856/2917 3164/3877/2924 3167/3875/2926
f 3160/3864/2920 3165/3885/2929 3159/3862/2919
f 3166/3873/2925 3165/3885/2929 3160/3864/2920
f 3162/3888/2932 3166/3887/2925 3161/3866/2922
f 3164/3877/2924 3168/5814/2928 3171/3878/2927
f 3159/3880/2919 3169/3883/2930 3168/3881/2928
f 3170/3884/2931 3169/5815/2930 3165/3885/2929
f 3171/3889/2927 3170/5816/2931 3162/3890/2932
f 3215/3892/2933 3173/3935/2974 3172/3893/2934
f 3175/3895/2936 3177/3898/2939 3176/3896/2937
f 3177/3898/2939 3179/3900/2941 3178/3899/2940
f 3179/3900/2941 3181/3902/2943 3180/3901/2942
f 3181/3902/2943 3183/3904/2945 3182/3903/2944
f 3183/3904/2945 3185/3906/2947 3184/3905/2946
f 3185/3906/2947 3187/3908/2949 3186/3907/2948
f 3187/3908/2949 3189/5817/2951 3188/3909/2950
f 3189/3910/2951 3191/3913/2953 3190/3911/2952
f 3191/3913/2953 3193/5818/2975 3192/3914/2954
f 3193/5818/2975 3194/3915/2955 3192/3914/2954
f 3194/3915/2955 3196/3917/2957 3195/3916/2956
f 3196/3917/2957 3198/3919/2959 3197/3918/2958
f 3198/3919/2959 3200/3921/2961 3199/3920/2960
f 3200/3921/2961 3202/3923/2963 3201/3922/2962
f 3202/3923/2963 3205/3926/2966 3204/3925/2965
f 3205/3926/2966 3207/5819/3721 3206/3927/2967
f 3207/5819/3721 3208/3928/2968 3206/3927/2967
f 3208/3928/2968 3210/3930/2970 3209/3929/2969
f 3210/3931/2970 3213/3934/2973 3212/3932/2972
f 3213/3934/2973 3215/3892/2933 3214/3894/2935
f 3173/3935/2974 3175/3895/2936 3174/3897/2938
f 3213/5820/2973 3210/5821/2970 3215/5822/2933
f 3208/5823/2968 3207/5824/3721 3210/5821/2970
f 3207/5824/3721 3205/5825/2966 3210/5821/2970
f 3200/3936/2961 3198/5826/2959 3196/5827/2957
f 3191/5828/2953 3189/5829/2951 3193/3937/2975
f 3187/5830/2949 3185/5831/2947 3189/5829/2951
f 3185/5831/2947 3183/3938/2945 3189/5829/2951
f 3183/3938/2945 3181/5832/2943 3179/5833/2941
f 3179/5833/2941 3177/5834/2939 3175/5835/2936
f 3175/5835/2936 3173/5836/2974 3210/5821/2970
f 3173/5836/2974 3215/5822/2933 3210/5821/2970
f 3205/5825/2966 3202/5837/2963 3210/5821/2970
f 3202/5837/2963 3200/3936/2961 3210/5821/2970
f 3196/5827/2957 3194/5838/2955 3200/3936/2961
f 3194/5838/2955 3193/3937/2975 3200/3936/2961
f 3193/3937/2975 3189/5829/2951 3183/3938/2945
f 3183/3938/2945 3179/5833/2941 3175/5835/2936
f 3175/5835/2936 3210/5821/2970 3183/3938/2945
f 3210/5821/2970 3200/3936/2961 3183/3938/2945
f 3172/5839/2934 3174/5840/2938 3214/3941/2935
f 3174/5840/2938 3176/5841/2937 3214/3941/2935
f 3186/5842/2948 3188/3939/2950 3184/5843/2946
f 3190/5844/2952 3192/5845/2954 3188/3939/2950
f 3195/5846/2956 3197/5847/2958 3192/5845/2954
f 3201/5848/2962 3203/5849/2964 3204/5850/2965
f 3206/3940/2967 3209/5851/2969 3211/5852/2971
f 3212/5853/2972 3214/3941/2935 3211/5852/2971
f 3176/5841/2937 3178/5854/2940 3214/3941/2935
f 3178/5854/2940 3180/5855/2942 3214/3941/2935
f 3180/5855/2942 3182/5856/2944 3184/5843/2946
f 3197/5847/2958 3199/5857/2960 3206/3940/2967
f 3199/5857/2960 3201/5848/2962 3206/3940/2967
f 3201/5848/2962 3204/5850/2965 3206/3940/2967
f 3180/5855/2942 3184/5843/2946 3214/3941/2935
f 3184/5843/2946 3188/3939/2950 3214/3941/2935
f 3188/3939/2950 3192/5845/2954 3206/3940/2967
f 3192/5845/2954 3197/5847/2958 3206/3940/2967
f 3206/3940/2967 3211/5852/2971 3214/3941/2935
f 3259/3982/3014 3218/3987/3017 3216/3983/3015
f 3219/3942/2976 3222/3946/2980 3221/3945/2979
f 3222/3946/2980 3224/3948/2982 3223/3947/2981
f 3224/3948/2982 3226/3950/2984 3225/3949/2983
f 3226/3950/2984 3228/3952/2986 3227/3951/2985
f 3228/3952/2986 3230/5858/3722 3229/3953/2987
f 3230/5858/3722 3231/3954/2988 3229/3953/2987
f 3231/3954/2988 3233/3956/2990 3232/3955/2989
f 3233/3958/2990 3236/3961/2993 3235/3959/2992
f 3236/3961/2993 3238/5859/3016 3237/3962/2994
f 3238/5859/3016 3239/3963/2995 3237/3962/2994
f 3239/3963/2995 3241/3965/2997 3240/3964/2996
f 3241/3965/2997 3243/3967/2999 3242/3966/2998
f 3243/3967/2999 3245/3969/3001 3244/3968/3000
f 3245/3969/3001 3247/3971/3003 3246/3970/3002
f 3247/3971/3003 3250/3974/3006 3249/3973/3005
f 3250/3974/3006 3252/5860/3723 3251/3975/3007
f 3252/5860/3723 3253/3976/3008 3251/3975/3007
f 3253/3976/3008 3255/3978/3010 3254/3977/3009
f 3255/5861/3010 3257/3979/3012 3256/3981/3011
f 3257/3979/3012 3259/3982/3014 3258/3980/3013
f 3218/3987/3017 3219/3942/2976 3217/3944/2978
f 3218/5862/3017 3259/5863/3014 3219/3986/2976
f 3257/5864/3012 3255/5865/3010 3259/5863/3014
f 3253/5866/3008 3252/5867/3723 3255/5865/3010
f 3252/5867/3723 3250/5868/3006 3255/5865/3010
f 3250/5868/3006 3247/5869/3003 3245/5870/3001
f 3245/5870/3001 3243/5871/2999 3241/5872/2997
f 3241/5872/2997 3239/5873/2995 3238/3984/3016
f 3236/5874/2993 3233/5875/2990 3238/3984/3016
f 3231/5876/2988 3230/5877/3722 3233/5875/2990
f 3230/5877/3722 3228/3985/2986 3233/5875/2990
f 3228/3985/2986 3226/5878/2984 3224/5879/2982
f 3224/5879/2982 3222/5880/2980 3228/3985/2986
f 3222/5880/2980 3219/3986/2976 3228/3985/2986
f 3219/3986/2976 3259/5863/3014 3255/5865/3010
f 3255/5865/3010 3250/5868/3006 3219/3986/2976
f 3250/5868/3006 3245/5870/3001 3219/3986/2976
f 3245/5870/3001 3241/5872/2997 3238/3984/3016
f 3238/3984/3016 3233/5875/2990 3228/3985/2986
f 3245/5870/3001 3238/3984/3016 3219/3986/2976
f 3221/5881/2979 3223/5882/2981 3220/5883/2977
f 3223/5882/2981 3225/5884/2983 3220/5883/2977
f 3225/5884/2983 3227/5885/2985 3229/5886/2987
f 3229/5886/2987 3232/5887/2989 3234/3988/2991
f 3235/5888/2992 3237/5889/2994 3234/3988/2991
f 3240/5890/2996 3242/5891/2998 3237/5889/2994
f 3246/5892/3002 3248/5893/3004 3251/3989/3007
f 3248/5893/3004 3249/5894/3005 3251/3989/3007
f 3251/3989/3007 3254/5895/3009 3256/5896/3011
f 3256/5896/3011 3258/5897/3013 3216/3990/3015
f 3216/3990/3015 3217/5898/2978 3225/5884/2983
f 3217/5898/2978 3220/5883/2977 3225/5884/2983
f 3242/5891/2998 3244/5899/3000 3251/3989/3007
f 3244/5899/3000 3246/5892/3002 3251/3989/3007
f 3225/5884/2983 3229/5886/2987 3216/3990/3015
f 3229/5886/2987 3234/3988/2991 3216/3990/3015
f 3234/3988/2991 3237/5889/2994 3242/5891/2998
f 3251/3989/3007 3256/5896/3011 3216/3990/3015
f 3234/3988/2991 3242/5891/2998 3251/3989/3007
f 3341/3991/3018 3261/4041/3070 3260/3992/3019
f 3266/3994/3021 3269/3997/3024 3267/3995/3022
f 3269/3997/3024 3273/3999/3026 3271/3998/3025
f 3273/3999/3026 3275/4001/3028 3274/4000/3027
f 3275/4001/3028 3280/4003/3030 3276/4002/3029
f 3280/4003/3030 3282/4004/3032 3281/3992/3031
f 3282/4004/3032 3288/4006/3034 3284/4005/3033
f 3288/4006/3034 3290/4068/3082 3289/4008/3036
f 3290/4068/3082 3294/4067/3037 3289/4008/3036
f 3294/4009/3037 3297/4012/3040 3295/4000/3039
f 3297/4012/3040 3299/4013/3042 3298/4002/3041
f 3299/4013/3042 3303/4014/3044 3302/3992/3043
f 3303/4014/3044 3305/5900/3089 3304/4015/3045
f 3305/5900/3089 3307/4016/3046 3304/4015/3045
f 3307/4016/3046 3311/4018/3048 3308/4017/3047
f 3311/4018/3048 3314/4020/3050 3309/4019/3049
f 3314/4020/3050 3316/4022/3052 3315/4021/3051
f 3316/4022/3052 3318/4024/3054 3317/4023/3053
f 3318/4024/3054 3319/5901/3093 3321/4025/3055
f 3319/5901/3093 3323/4026/3056 3321/4025/3055
f 3323/4026/3056 3328/4028/3058 3325/4027/3057
f 3328/4028/3058 3332/4030/3060 3326/4029/3059
f 3332/4030/3060 3334/5902/3063 3333/4032/3062
f 3334/4033/3063 3337/4037/3066 3336/4036/3065
f 3337/4037/3066 3341/3991/3018 3338/3993/3020
f 3327/4102/3096 3323/4096/3056 3322/4095/3095
f 3310/4082/3090 3305/4081/3089 3296/4075/3085
f 3292/4074/3083 3285/4062/3080 3296/4075/3085
f 3264/4040/3069 3339/4047/3073 3331/4103/3098
f 3331/4103/3098 3327/4102/3096 3322/4095/3095
f 3279/4039/3068 3272/4052/3076 3264/4040/3069
f 3331/4103/3098 3322/4095/3095 3313/4038/3067
f 3313/4038/3067 3310/4082/3090 3279/4039/3068
f 3310/4082/3090 3296/4075/3085 3279/4039/3068
f 3296/4075/3085 3285/4062/3080 3279/4039/3068
f 3264/4040/3069 3331/4103/3098 3313/4038/3067
f 3261/4041/3070 3266/3994/3021 3263/3996/3023
f 3265/4046/3072 3261/4044/3070 3339/4047/3073
f 3269/3997/3024 3266/3994/3021 3265/4045/3072
f 3268/4051/3074 3265/4046/3072 3264/4040/3069
f 3271/3998/3025 3270/4054/3075 3267/3995/3022
f 3273/3999/3026 3269/3997/3024 3268/4049/3074
f 3268/4051/3074 3264/4040/3069 3272/4052/3076
f 3275/4055/3028 3273/4053/3026 3272/4052/3076
f 3274/4000/3027 3276/4002/3029 3278/4058/3078
f 3274/4055/3027 3278/4059/3078 3277/4056/3077
f 3278/4059/3078 3281/5903/3031 3283/4060/3079
f 3280/4003/3030 3279/4057/3068 3282/4004/3032
f 3284/4005/3033 3283/4064/3079 3281/3992/3031
f 3289/4008/3036 3291/5904/3084 3287/4007/3035
f 3287/4065/3035 3291/4071/3084 3286/4066/3081
f 3288/4006/3034 3285/4063/3080 3290/4068/3082
f 3290/5905/3082 3285/4062/3080 3292/4074/3083
f 3295/4073/3039 3301/4079/3088 3293/4072/3038
f 3294/4009/3037 3292/5906/3083 3297/4012/3040
f 3295/4000/3039 3298/4002/3041 3300/4058/3086
f 3295/4073/3039 3300/5907/3086 3301/4079/3088
f 3300/5907/3086 3302/4077/3043 3301/4079/3088
f 3304/4015/3045 3306/4083/3087 3302/3992/3043
f 3305/4081/3089 3303/4077/3044 3296/4075/3085
f 3308/4087/3047 3312/4086/3091 3306/4078/3087
f 3309/4019/3049 3315/4021/3051 3308/4017/3047
f 3311/4018/3048 3310/4084/3090 3314/4020/3050
f 3317/4023/3053 3320/4092/3092 3315/4021/3051
f 3318/4024/3054 3316/4022/3052 3319/5901/3093
f 3319/4091/3093 3313/4038/3067 3322/4095/3095
f 3325/4097/3057 3329/4100/3097 3324/4094/3094
f 3326/4029/3059 3330/4031/3061 3325/4027/3057
f 3332/4030/3060 3328/4028/3058 3327/4098/3096
f 3335/4106/3064 3336/4107/3065 3340/5908/3099
f 3336/4036/3065 3338/3993/3020 3340/4109/3099
f 3337/4107/3066 3331/4103/3098 3339/4047/3073
f 3340/5908/3099 3260/4044/3019 3262/4043/3071
f 3341/3991/3018 3339/4108/3073 3261/4041/3070
f 3286/4066/3081 3293/4072/3038 3301/4079/3088
f 3301/4079/3088 3306/4078/3087 3312/4086/3091
f 3329/4100/3097 3335/4106/3064 3340/5908/3099
f 3262/4043/3071 3270/4050/3075 3277/4056/3077
f 3329/4100/3097 3340/5908/3099 3324/4094/3094
f 3340/5908/3099 3262/4043/3071 3277/4056/3077
f 3277/4056/3077 3283/4060/3079 3286/4066/3081
f 3286/4066/3081 3301/4079/3088 3324/4094/3094
f 3301/4079/3088 3312/4086/3091 3324/4094/3094
f 3312/4086/3091 3320/4089/3092 3324/4094/3094
f 3340/5908/3099 3277/4056/3077 3324/4094/3094
f 3345/4110/3100 3347/5909/3103 3346/4111/3101
f 3347/4113/3103 3349/4116/3105 3348/4114/3104
f 3349/4116/3105 3352/5910/3108 3351/4118/3107
f 3352/4119/3108 3354/4122/3110 3353/4120/3109
f 3354/4122/3110 3356/4124/3112 3355/4123/3111
f 3356/4124/3112 3358/5911/3114 3357/4125/3113
f 3358/4126/3114 3360/4129/3116 3359/4127/3115
f 3360/4129/3116 3362/4131/3118 3361/4130/3117
f 3362/5912/3118 3364/4133/3120 3363/4135/3119
f 3364/4133/3120 3343/4139/3122 3342/4134/3121
f 3345/4138/3100 3343/5913/3122 3364/5914/3120
f 3358/5915/3114 3356/5916/3112 3360/4136/3116
f 3356/5916/3112 3354/5917/3110 3360/4136/3116
f 3364/5914/3120 3362/5918/3118 3360/4136/3116
f 3354/5917/3110 3352/5919/3108 3349/4137/3105
f 3349/4137/3105 3347/5920/3103 3345/4138/3100
f 3345/4138/3100 3364/5914/3120 3360/4136/3116
f 3360/4136/3116 3354/5917/3110 3349/4137/3105
f 3343/4139/3122 3345/4110/3100 3344/4112/3102
f 3348/5921/3104 3350/5922/3106 3346/5923/3101
f 3350/5922/3106 3351/4140/3107 3346/5923/3101
f 3357/5924/3113 3359/4142/3115 3355/4141/3111
f 3359/4142/3115 3361/5925/3117 3342/5926/3121
f 3361/5925/3117 3363/5927/3119 3342/5926/3121
f 3342/5926/3121 3344/5928/3102 3346/5923/3101
f 3351/4140/3107 3353/5929/3109 3355/4141/3111
f 3342/5926/3121 3346/5923/3101 3359/4142/3115
f 3346/5923/3101 3351/4140/3107 3359/4142/3115
f 3380/4143/3123 3366/4162/3138 3365/4144/3124
f 3370/4146/3126 3372/5930/3129 3371/4147/3127
f 3372/4149/3129 3374/4152/3131 3373/4150/3130
f 3374/4152/3131 3376/4154/3133 3375/4153/3132
f 3376/4154/3133 3378/4155/3135 3377/4144/3134
f 3378/4155/3135 3380/5931/3123 3379/4156/3125
f 3368/4157/3136 3370/4146/3126 3369/4148/3128
f 3370/4159/3126 3368/5932/3136 3366/4160/3138
f 3366/4160/3138 3380/5933/3123 3378/4161/3135
f 3378/4161/3135 3376/5934/3133 3370/4159/3126
f 3376/5934/3133 3374/5935/3131 3370/4159/3126
f 3374/5935/3131 3372/5936/3129 3370/4159/3126
f 3366/4162/3138 3368/4157/3136 3367/4158/3137
f 3379/4165/3125 3365/5937/3124 3367/5938/3137
f 3367/5938/3137 3369/5939/3128 3379/4165/3125
f 3369/5939/3128 3371/5940/3127 3379/4165/3125
f 3371/5940/3127 3373/5941/3130 3379/4165/3125
f 3373/5941/3130 3375/4163/3132 3379/4165/3125
s 0
f 3386/4166/3724 3382/5942/3724 3381/4167/3724
f 3388/4169/3725 3386/5943/3725 3385/4170/3725
f 3384/4172/3726 3382/5944/3726 3386/4173/3726
f 3382/4175/3727 3384/5945/3727 3383/4176/3727
f 3384/4178/3728 3388/5946/3728 3387/4179/3728
f 3387/4181/3729 3385/5947/3729 3381/4182/3729
s 1
f 3400/4184/3145 3390/4201/3156 3389/4185/3146
f 3394/4187/3148 3396/4190/3151 3395/4188/3149
f 3396/4190/3151 3398/5948/3153 3397/4191/3152
f 3398/4192/3153 3400/5949/3145 3399/4193/3147
f 3392/4195/3154 3394/5950/3148 3393/4196/3150
f 3394/4200/3148 3392/5951/3154 3390/4198/3156
f 3390/4198/3156 3400/5952/3145 3398/4199/3153
f 3398/4199/3153 3396/5953/3151 3394/4200/3148
f 3390/4201/3156 3392/5954/3154 3391/4202/3155
f 3399/4205/3147 3389/5955/3146 3391/4203/3155
f 3391/4203/3155 3393/5956/3150 3395/4204/3149
f 3395/4204/3149 3397/5957/3152 3399/4205/3147
f 3412/4206/3157 3402/4223/3168 3401/4207/3158
f 3406/4209/3160 3408/4212/3163 3407/4210/3161
f 3408/4212/3163 3410/5958/3165 3409/4213/3164
f 3410/4214/3165 3412/5959/3157 3411/4215/3159
f 3404/4217/3166 3406/5960/3160 3405/4218/3162
f 3406/4222/3160 3404/5961/3166 3410/4220/3165
f 3404/5961/3166 3402/5962/3168 3410/4220/3165
f 3402/5962/3168 3412/5963/3157 3410/4220/3165
f 3402/4223/3168 3404/5964/3166 3403/4224/3167
f 3411/4226/3159 3401/5965/3158 3403/4227/3167
f 3403/4227/3167 3405/5966/3162 3407/5967/3161
f 3407/5967/3161 3409/4225/3164 3403/4227/3167
f 3424/4228/3169 3414/4245/3176 3413/4229/3146
f 3418/4231/3148 3420/4234/3172 3419/4232/3170
f 3420/4234/3172 3422/5968/3174 3421/4235/3173
f 3422/4236/3174 3424/5969/3169 3423/4237/3147
f 3416/4239/3154 3418/5970/3148 3417/4240/3171
f 3418/4244/3148 3416/5971/3154 3414/4242/3176
f 3414/4242/3176 3424/5972/3169 3422/4243/3174
f 3422/4243/3174 3420/5973/3172 3418/4244/3148
f 3414/4245/3176 3416/5974/3154 3415/4246/3175
f 3423/4249/3147 3413/5975/3146 3415/4247/3175
f 3415/4247/3175 3417/5976/3171 3419/4248/3170
f 3419/4248/3170 3421/5977/3173 3423/4249/3147
f 3436/4250/3157 3426/4267/3185 3425/4251/3177
f 3430/4253/3178 3432/4256/3181 3431/4254/3179
f 3432/4256/3181 3434/5978/3183 3433/4257/3182
f 3434/4258/3183 3436/5979/3157 3435/4259/3159
f 3428/4261/3184 3430/5980/3178 3429/4262/3180
f 3430/4266/3178 3428/5981/3184 3434/4264/3183
f 3428/5981/3184 3426/5982/3185 3434/4264/3183
f 3426/5982/3185 3436/5983/3157 3434/4264/3183
f 3426/4267/3185 3428/5984/3184 3427/4268/3167
f 3435/4270/3159 3425/5985/3177 3427/4271/3167
f 3427/4271/3167 3429/5986/3180 3431/5987/3179
f 3431/5987/3179 3433/4269/3182 3427/4271/3167
f 3448/4272/3157 3438/4289/3185 3437/4273/3186
f 3442/4275/3178 3444/4278/3181 3443/4276/3179
f 3444/4278/3181 3446/5988/3183 3445/4279/3182
f 3446/4280/3183 3448/5989/3157 3447/4281/3159
f 3440/4283/3184 3442/5990/3178 3441/4284/3180
f 3442/4288/3178 3440/5991/3184 3446/4286/3183
f 3440/5991/3184 3438/5992/3185 3446/4286/3183
f 3438/5992/3185 3448/5993/3157 3446/4286/3183
f 3438/4289/3185 3440/5994/3184 3439/4290/3167
f 3447/4292/3159 3437/5995/3186 3439/4293/3167
f 3439/4293/3167 3441/5996/3180 3443/5997/3179
f 3443/5997/3179 3445/4291/3182 3439/4293/3167
f 3460/4294/3145 3450/4311/3192 3449/4295/3146
f 3454/4297/3187 3456/4300/3189 3455/4298/3149
f 3456/4300/3189 3458/5998/3191 3457/4301/3190
f 3458/4302/3191 3460/5999/3145 3459/4303/3147
f 3452/4305/3154 3454/6000/3187 3453/4306/3188
f 3454/4310/3187 3452/6001/3154 3450/4308/3192
f 3450/4308/3192 3460/6002/3145 3458/4309/3191
f 3458/4309/3191 3456/6003/3189 3454/4310/3187
f 3450/4311/3192 3452/6004/3154 3451/4312/3175
f 3459/4315/3147 3449/6005/3146 3451/4313/3175
f 3451/4313/3175 3453/6006/3188 3455/4314/3149
f 3455/4314/3149 3457/6007/3190 3459/4315/3147
f 3472/4316/3193 3462/4333/3185 3461/4317/3186
f 3466/4319/3178 3468/4322/3181 3467/4320/3179
f 3468/4322/3181 3470/6008/3183 3469/4323/3182
f 3470/4324/3183 3472/6009/3193 3471/4325/3159
f 3464/4327/3184 3466/6010/3178 3465/4328/3180
f 3466/4332/3178 3464/6011/3184 3470/4330/3183
f 3464/6011/3184 3462/6012/3185 3470/4330/3183
f 3462/6012/3185 3472/6013/3193 3470/4330/3183
f 3462/4333/3185 3464/6014/3184 3463/4334/3167
f 3471/4336/3159 3461/6015/3186 3463/4337/3167
f 3463/4337/3167 3465/6016/3180 3467/6017/3179
f 3467/6017/3179 3469/4335/3182 3463/4337/3167
f 3484/4250/3193 3474/4349/3185 3473/4338/3177
f 3478/4340/3178 3480/4343/3181 3479/4341/3179
f 3480/4343/3181 3482/6018/3183 3481/4257/3182
f 3482/4324/3183 3484/5979/3193 3483/4344/3159
f 3476/4261/3184 3478/5980/3178 3477/4345/3180
f 3478/4266/3178 3476/5981/3184 3482/4347/3183
f 3476/5981/3184 3474/6019/3185 3482/4347/3183
f 3474/6019/3185 3484/5983/3193 3482/4347/3183
f 3474/4349/3185 3476/5984/3184 3475/4350/3167
f 3483/4351/3159 3473/6020/3177 3475/4352/3167
f 3475/4352/3167 3477/5986/3180 3479/6021/3179
f 3479/6021/3179 3481/4269/3182 3475/4352/3167
f 3496/4353/3169 3486/4370/3176 3485/4354/3146
f 3490/4356/3148 3492/4359/3172 3491/4357/3149
f 3492/4359/3172 3494/6022/3174 3493/4360/3194
f 3494/4361/3174 3496/6023/3169 3495/4362/3147
f 3488/4364/3154 3490/6024/3148 3489/4365/3171
f 3490/4369/3148 3488/6025/3154 3486/4367/3176
f 3486/4367/3176 3496/6026/3169 3494/4368/3174
f 3494/4368/3174 3492/6027/3172 3490/4369/3148
f 3486/4370/3176 3488/6028/3154 3487/4371/3175
f 3495/4374/3147 3485/6029/3146 3487/4372/3175
f 3487/4372/3175 3489/6030/3171 3491/4373/3149
f 3491/4373/3149 3493/5977/3194 3495/4374/3147
f 3508/4375/3157 3498/4392/3185 3497/4376/3158
f 3502/4378/3195 3504/4381/3197 3503/4379/3196
f 3504/4381/3197 3506/6031/3165 3505/4382/3164
f 3506/4383/3165 3508/6032/3157 3507/4384/3159
f 3500/4386/3166 3502/6033/3195 3501/4387/3162
f 3502/4391/3195 3500/6034/3166 3506/4389/3165
f 3500/6034/3166 3498/6035/3185 3506/4389/3165
f 3498/6035/3185 3508/6036/3157 3506/4389/3165
f 3498/4392/3185 3500/6037/3166 3499/4393/3167
f 3507/4395/3159 3497/6038/3158 3499/4396/3167
f 3499/4396/3167 3501/6039/3162 3503/6040/3196
f 3503/6040/3196 3505/4394/3164 3499/4396/3167
f 3526/4397/3198 3509/6041/3214 3510/4398/3199
f 3511/4414/3213 3513/4400/3201 3512/4402/3203
f 3513/4400/3201 3516/6042/3205 3515/4403/3204
f 3516/4404/3205 3517/6043/3730 3518/4405/3206
f 3517/6043/3730 3520/4407/3207 3518/4405/3206
f 3520/4407/3207 3522/4409/3209 3519/4408/3208
f 3522/4409/3209 3523/4411/3211 3521/4410/3210
f 3523/4411/3211 3526/6044/3198 3525/4413/3200
f 3523/4419/3211 3522/6045/3209 3520/4417/3207
f 3517/6046/3730 3516/6047/3205 3513/4415/3201
f 3511/4416/3213 3509/4420/3214 3523/4419/3211
f 3523/4419/3211 3520/4417/3207 3511/4416/3213
f 3517/6046/3730 3513/4415/3201 3520/4417/3207
f 3509/6041/3214 3511/4414/3213 3510/4398/3199
f 3521/6048/3210 3524/4421/3212 3519/6049/3208
f 3510/4422/3199 3512/6050/3203 3514/6051/3202
f 3524/4421/3212 3525/6052/3200 3510/4422/3199
f 3514/6051/3202 3515/6053/3204 3510/4422/3199
f 3515/6053/3204 3518/4423/3206 3510/4422/3199
f 3519/6049/3208 3524/4421/3212 3518/4423/3206
f 3528/4424/3215 3530/6054/3218 3531/4425/3216
f 3530/4427/3218 3532/6055/3731 3533/4428/3219
f 3532/6055/3731 3534/4430/3220 3533/4428/3219
f 3534/4430/3220 3536/6056/3223 3537/4432/3222
f 3536/4433/3223 3539/6057/3225 3538/4434/3224
f 3539/4436/3225 3540/4442/3227 3527/4437/3226
f 3539/4439/3225 3528/4441/3215 3540/6058/3227
f 3536/6059/3223 3534/4440/3220 3539/4439/3225
f 3534/4440/3220 3532/6060/3731 3528/4441/3215
f 3532/6060/3731 3530/6061/3218 3528/4441/3215
f 3540/4442/3227 3528/6062/3215 3529/4443/3217
f 3537/4445/3222 3538/6063/3224 3527/4446/3226
f 3527/4446/3226 3529/6064/3217 3535/4444/3221
f 3529/6064/3217 3531/6065/3216 3535/4444/3221
f 3531/6065/3216 3533/6066/3219 3535/4444/3221
f 3560/4473/3246 3562/4476/3249 3561/4474/3247
f 3562/4476/3249 3564/6078/3251 3563/4477/3250
f 3564/4478/3251 3566/4481/3253 3565/4479/3252
f 3566/4481/3253 3568/4483/3255 3567/4482/3254
f 3568/4483/3255 3571/4486/3258 3570/4485/3257
f 3571/4486/3258 3573/6079/3732 3572/4487/3245
f 3573/6080/3732 3557/4470/3243 3572/4472/3245
f 3558/4488/3259 3560/4473/3246 3559/4475/3248
f 3560/4491/3246 3558/6081/3259 3573/6082/3732
f 3558/6081/3259 3557/6083/3243 3573/6082/3732
f 3566/6084/3253 3564/4490/3251 3568/4489/3255
f 3573/6082/3732 3571/6085/3258 3568/4489/3255
f 3564/4490/3251 3562/6086/3249 3560/4491/3246
f 3560/4491/3246 3573/6082/3732 3568/4489/3255
f 3557/4470/3243 3558/4488/3259 3556/4471/3244
f 3559/6087/3248 3561/6088/3247 3565/6089/3252
f 3561/6088/3247 3563/6090/3250 3565/6089/3252
f 3570/6091/3257 3572/4494/3245 3569/4493/3256
f 3572/4494/3245 3556/6092/3244 3565/6089/3252
f 3556/6092/3244 3559/6087/3248 3565/6089/3252
f 3565/6089/3252 3567/4492/3254 3572/4494/3245
f 3578/4498/3246 3580/4501/3249 3579/4499/3247
f 3580/4501/3249 3582/6093/3251 3581/4502/3250
f 3582/4503/3251 3584/4506/3253 3583/4504/3252
f 3584/4506/3253 3586/4508/3255 3585/4507/3260
f 3586/4508/3255 3589/4511/3258 3588/4510/3257
f 3589/4511/3258 3591/6094/3732 3590/4487/3245
f 3591/6095/3732 3575/4495/3243 3590/4497/3245
f 3576/4512/3261 3578/4498/3246 3577/4500/3248
f 3578/4515/3246 3576/6096/3261 3591/6097/3732
f 3576/6096/3261 3575/6098/3243 3591/6097/3732
f 3584/6099/3253 3582/4514/3251 3586/4513/3255
f 3591/6097/3732 3589/6100/3258 3586/4513/3255
f 3582/4514/3251 3580/6101/3249 3578/4515/3246
f 3578/4515/3246 3591/6097/3732 3586/4513/3255
f 3575/4495/3243 3576/4512/3261 3574/4496/3244
f 3577/6102/3248 3579/6103/3247 3583/6104/3252
f 3579/6103/3247 3581/6105/3250 3583/6104/3252
f 3588/6106/3257 3590/4518/3245 3587/4517/3256
f 3590/4518/3245 3574/6107/3244 3583/6104/3252
f 3574/6107/3244 3577/6102/3248 3583/6104/3252
f 3583/6104/3252 3585/4516/3260 3590/4518/3245
f 3599/6108/3267 3593/4527/3269 3592/4528/3268
f 3595/6109/3262 3597/4522/3265 3596/4524/3263
f 3597/4522/3265 3599/4525/3267 3598/4523/3266
f 3593/4527/3269 3595/4519/3262 3594/4521/3264
f 3593/6110/3269 3599/6111/3267 3595/6112/3262
f 3597/6113/3265 3595/6112/3262 3599/6111/3267
f 3592/4531/3268 3594/6114/3264 3596/4529/3263
f 3601/4532/3270 3603/6115/3273 3604/4533/3271
f 3603/4535/3273 3605/4538/3275 3606/4536/3274
f 3605/4538/3275 3607/6116/3277 3600/4539/3276
f 3601/6117/3270 3607/6118/3277 3605/6119/3275
f 3605/6119/3275 3603/6120/3273 3601/6117/3270
f 3607/4540/3277 3601/4532/3270 3602/4534/3272
f 3600/4544/3276 3602/6121/3272 3604/4542/3271
f 3615/6122/3267 3609/4553/3269 3608/4554/3268
f 3611/6123/3262 3613/4548/3265 3612/4550/3263
f 3613/4548/3265 3615/4551/3267 3614/4549/3266
f 3609/4553/3269 3611/4545/3262 3610/4547/3264
f 3609/6124/3269 3615/6125/3267 3611/6126/3262
f 3613/6127/3265 3611/6126/3262 3615/6125/3267
f 3608/4557/3268 3610/6128/3264 3612/4555/3263
f 3623/6129/3267 3617/4566/3269 3616/4567/3268
f 3619/6130/3262 3621/4561/3265 3620/4563/3263
f 3621/4561/3265 3623/4564/3267 3622/4562/3266
f 3617/4566/3269 3619/4558/3262 3618/4560/3264
f 3617/6131/3269 3623/6132/3267 3619/6133/3262
f 3621/6134/3265 3619/6133/3262 3623/6132/3267
f 3616/4570/3268 3618/6135/3264 3620/4568/3263
f 3624/4571/3278 3630/4586/3282 3637/4572/3279
f 3625/4574/3281 3631/4588/3290 3630/4575/3282
f 3632/4577/3283 3631/4588/3290 3625/4574/3281
f 3633/4579/3285 3632/4592/3283 3626/4580/3284
f 3634/4595/3294 3633/4594/3285 3627/6136/3286
f 3635/4582/3287 3634/4597/3294 3627/4583/3286
f 3629/4585/3280 3636/4598/3296 3635/4582/3287
f 3629/6137/3280 3637/4599/3279 3636/4601/3296
f 3630/4586/3282 3638/4603/3291 3642/4587/3289
f 3631/4588/3290 3639/4590/3292 3638/4589/3291
f 3640/4591/3293 3639/4605/3292 3632/4592/3283
f 3641/4596/3295 3640/6138/3293 3634/4597/3294
f 3636/4598/3296 3642/6139/3289 3641/4596/3295
f 3643/4602/3297 3648/4612/3303 3642/4587/3289
f 3644/4604/3298 3643/4602/3297 3638/4603/3291
f 3639/4605/3292 3645/4606/3299 3644/4614/3298
f 3640/4593/3293 3646/4608/3300 3645/4616/3299
f 3647/4609/3301 3646/4608/3300 3641/4610/3295
f 3648/4619/3303 3647/4609/3301 3642/4600/3289
f 3649/4611/3302 3654/4621/3307 3648/4612/3303
f 3650/4613/3304 3649/4611/3302 3644/4614/3298
f 3645/4606/3299 3651/4623/3305 3650/4613/3304
f 3646/4608/3300 3652/4625/3311 3651/4615/3305
f 3646/4608/3300 3653/4627/3306 3652/4625/3311
f 3647/4609/3301 3654/4618/3307 3653/4617/3306
f 3655/4620/3308 3662/4631/3316 3654/4621/3307
f 3656/6140/3309 3655/4620/3308 3649/4611/3302
f 3650/4613/3304 3657/4624/3310 3656/4622/3309
f 3651/4623/3305 3658/4636/3312 3657/4624/3310
f 3652/4625/3311 3659/4628/3313 3658/4626/3312
f 3653/4627/3306 3660/6141/3319 3659/4628/3313
f 3661/4629/3314 3660/6142/3319 3653/4617/3306
f 3662/4645/3316 3661/4629/3314 3654/4618/3307
f 3663/4630/3315 3667/6143/3320 3662/4631/3316
f 3664/4632/3317 3663/6144/3315 3655/4633/3308
f 3658/4636/3312 3665/6145/3318 3664/4637/3317
f 3660/4639/3319 3666/6146/3733 3665/4640/3318
f 3667/4642/3320 3666/6146/3733 3660/4639/3319
f 3669/4649/3324 3674/4662/3329 3673/4650/3322
f 3675/4663/3325 3674/4662/3329 3669/4649/3324
f 3676/4665/3333 3675/4652/3325 3670/6147/3326
f 3677/4655/3327 3676/4667/3333 3670/4656/3326
f 3672/6148/3323 3673/4647/3322 3677/4669/3327
f 3673/4647/3322 3678/4660/3330 3682/4671/3335
f 3679/4661/3331 3678/6149/3330 3674/4662/3329
f 3680/4676/3332 3679/4674/3331 3675/4652/3325
f 3681/4666/3334 3680/6150/3332 3676/4667/3333
f 3677/4655/3327 3682/6151/3335 3681/4666/3334
f 3684/4682/3337 3683/4670/3336 3678/4660/3330
f 3685/4675/3338 3684/4672/3337 3679/4674/3331
f 3680/4664/3332 3686/4678/3339 3685/4685/3338
f 3682/4668/3335 3687/4686/3342 3686/4679/3339
f 3682/4668/3335 3683/4688/3336 3687/4686/3342
f 3689/4681/3340 3688/6152/3345 3683/4670/3336
f 3690/4683/3341 3689/4693/3340 3684/4672/3337
f 3686/4678/3339 3691/6153/3343 3690/4684/3341
f 3683/4688/3336 3688/4698/3345 3691/4687/3343
f 3692/4690/3344 3695/4700/3348 3688/4691/3345
f 3689/4693/3340 3693/4692/3346 3692/4702/3344
f 3690/4695/3341 3694/4694/3347 3693/4704/3346
f 3695/4697/3348 3694/4706/3347 3691/4687/3343
f 3692/4690/3344 3697/6154/3350 3696/4699/3349
f 3693/4692/3346 3698/6155/3351 3697/4701/3350
f 3699/6156/3352 3698/4703/3351 3694/4694/3347
f 3696/6157/3349 3699/4705/3352 3695/4697/3348
s 0
f 3708/4707/3734 3702/4726/3734 3701/4708/3734
f 3711/4710/3735 3708/6158/3735 3706/4711/3735
f 3704/4713/3736 3702/6159/3736 3707/4714/3736
f 3702/4716/3737 3705/6160/3737 3703/4717/3737
f 3705/4719/3738 3711/4723/3738 3710/4720/3738
f 3700/6161/3739 3701/4718/3739 3703/4717/3739
f 3704/6162/3740 3705/6160/3740 3702/4716/3740
f 3709/6163/3741 3710/4712/3741 3706/4711/3741
f 3707/6164/3742 3708/6158/3742 3711/4710/3742
f 3709/4728/3743 3706/6165/3743 3700/4729/3743
f 3717/4731/3744 3713/6166/3744 3712/4732/3744
f 3719/4734/3745 3717/6167/3745 3716/4735/3745
f 3715/4737/3746 3713/6168/3746 3717/4738/3746
f 3713/4740/3747 3715/6169/3747 3714/4741/3747
f 3715/4743/3748 3719/6170/3748 3718/4744/3748
f 3718/4746/3749 3716/6171/3749 3712/4747/3749
f 3725/4731/3744 3721/6166/3744 3720/4732/3744
f 3727/4734/3745 3725/6167/3745 3724/4735/3745
f 3723/4737/3746 3721/6168/3746 3725/4738/3746
f 3721/4740/3747 3723/6169/3747 3722/4741/3747
f 3723/4743/3748 3727/6170/3748 3726/4744/3748
f 3726/4746/3749 3724/6171/3749 3720/4747/3749
f 3733/4731/3744 3729/6166/3744 3728/4732/3744
f 3735/4734/3745 3733/6167/3745 3732/4735/3745
f 3731/4737/3746 3729/6168/3746 3733/4738/3746
f 3729/4740/3747 3731/6169/3747 3730/4741/3747
f 3731/4743/3748 3735/6170/3748 3734/4744/3748
f 3734/4752/3749 3732/6172/3749 3728/4747/3749
f 3741/4731/3744 3737/6166/3744 3736/4732/3744
f 3743/4734/3745 3741/6167/3745 3740/4735/3745
f 3739/4737/3746 3737/6168/3746 3741/4738/3746
f 3737/4740/3747 3739/6169/3747 3738/4741/3747
f 3739/4743/3748 3743/6170/3748 3742/4744/3748
f 3742/4752/3749 3740/6172/3749 3736/4747/3749
f 3749/4754/3750 3745/6173/3750 3744/4755/3750
f 3751/4757/3751 3749/6174/3751 3748/4758/3751
f 3747/4760/3752 3745/6175/3752 3749/4761/3752
f 3745/4763/3753 3747/6176/3753 3746/4764/3753
f 3747/4766/3754 3751/6177/3754 3750/4767/3754
f 3750/4769/3755 3748/6178/3755 3744/4770/3755
f 3757/4772/3756 3753/6179/3756 3752/4773/3756
f 3759/4775/3696 3757/6180/3696 3756/4776/3696
f 3755/4778/3757 3753/6181/3757 3757/4779/3757
f 3753/4781/3698 3755/6182/3698 3754/4782/3698
f 3755/4784/3758 3759/6183/3758 3758/4785/3758
f 3758/4787/3759 3756/6184/3759 3752/4788/3759
s 1
f 3765/4801/3386 3767/6186/3382 3766/4802/3384
f 3767/4796/3382 3769/4799/3385 3768/4797/3383
f 3769/4799/3385 3771/6187/3379 3770/4800/3381
f 3765/4805/3386 3771/6188/3379 3769/4803/3385
f 3771/4793/3379 3765/4801/3386 3764/4794/3380
f 3764/6189/3380 3766/6190/3384 3770/6191/3381
f 3768/6192/3383 3770/6191/3381 3766/6190/3384
f 3773/4814/3394 3775/6193/3390 3774/4815/3392
f 3775/4809/3390 3777/4812/3393 3776/4810/3391
f 3777/4812/3393 3779/6194/3387 3778/4813/3389
f 3773/4818/3394 3779/6195/3387 3777/4816/3393
f 3779/4806/3387 3773/4814/3394 3772/4807/3388
f 3772/6196/3388 3774/4820/3392 3778/4819/3389
f 3788/6197/3400 3781/4833/3402 3780/4834/3401
f 3782/4822/3395 3784/6198/3398 3785/4823/3396
f 3784/4825/3398 3786/6199/3760 3787/4826/3399
f 3786/6199/3760 3788/4828/3400 3787/4826/3399
f 3788/4831/3400 3786/6200/3760 3784/4832/3398
f 3782/6201/3395 3781/4830/3402 3784/4832/3398
f 3781/4833/3402 3782/4822/3395 3783/4824/3397
f 3780/6202/3401 3783/6203/3397 3785/6204/3396
f 3785/6204/3396 3787/6205/3399 3780/6202/3401
f 3797/6206/3408 3790/4846/3410 3789/4847/3409
f 3791/4835/3403 3793/6207/3406 3794/4836/3404
f 3793/4838/3406 3795/6208/3761 3796/4839/3407
f 3795/6208/3761 3797/4841/3408 3796/4839/3407
f 3797/4844/3408 3795/6209/3761 3793/4845/3406
f 3791/6210/3403 3790/4843/3410 3793/4845/3406
f 3790/4846/3410 3791/4835/3403 3792/4837/3405
f 3789/4850/3409 3792/6211/3405 3794/4848/3404
s 0
f 3803/4754/3750 3799/6173/3750 3798/4851/3750
f 3805/4853/3751 3803/6174/3751 3802/4854/3751
f 3801/4760/3752 3799/6212/3752 3803/4856/3752
f 3799/4763/3753 3801/6213/3753 3800/4858/3753
f 3801/4766/3754 3805/6214/3754 3804/4860/3754
f 3804/4862/3755 3802/6215/3755 3798/4863/3755
f 3811/4772/3756 3807/6216/3756 3806/4865/3756
f 3813/4867/3696 3811/6217/3696 3810/4868/3696
f 3809/4778/3757 3807/6218/3757 3811/4870/3757
f 3807/4872/3698 3809/6182/3698 3808/4873/3698
f 3809/4875/3758 3813/6219/3758 3812/4876/3758
f 3812/4878/3759 3810/6220/3759 3806/4879/3759
s 1
f 3819/4889/3386 3821/6221/3382 3820/4890/3384
f 3821/4884/3382 3823/4887/3385 3822/4885/3383
f 3823/4887/3385 3825/6222/3379 3824/4888/3381
f 3819/4893/3386 3825/6223/3379 3823/4891/3385
f 3825/4881/3379 3819/4889/3386 3818/4882/3380
f 3818/6224/3380 3820/6225/3384 3824/6226/3381
f 3822/6227/3383 3824/6226/3381 3820/6225/3384
f 3827/4902/3418 3829/6228/3414 3828/4903/3416
f 3829/4897/3414 3830/4900/3417 3831/4898/3415
f 3830/4900/3417 3832/6229/3419 3833/4901/3413
f 3832/6229/3419 3834/6230/3411 3833/4901/3413
f 3830/4905/3417 3829/6231/3414 3827/4906/3418
f 3827/4906/3418 3834/6232/3411 3832/4904/3419
f 3834/4894/3411 3827/4902/3418 3826/4895/3412
f 3826/6233/3412 3828/4908/3416 3833/4907/3413
f 3843/6234/3400 3836/4921/3402 3835/4922/3401
f 3837/4910/3395 3839/6235/3398 3840/4911/3396
f 3839/4913/3398 3841/6236/3762 3842/4914/3399
f 3841/6236/3762 3843/4916/3400 3842/4914/3399
f 3843/4919/3400 3841/6237/3762 3839/4920/3398
f 3837/6238/3395 3836/4918/3402 3839/4920/3398
f 3836/4921/3402 3837/4910/3395 3838/4912/3397
f 3835/6239/3401 3838/6240/3397 3840/6241/3396
f 3840/6241/3396 3842/6242/3399 3835/6239/3401
f 3851/4923/3420 3844/6243/3428 3845/4924/3421
f 3846/4931/3427 3848/6244/3423 3847/4932/3425
f 3848/4926/3423 3850/4929/3426 3849/4927/3424
f 3850/4929/3426 3851/6245/3420 3852/4930/3422
f 3851/4934/3420 3850/6246/3426 3848/4845/3423
f 3846/6247/3427 3844/4933/3428 3848/4845/3423
f 3844/6243/3428 3846/4931/3427 3845/4924/3421
f 3845/4937/3421 3847/6248/3425 3849/4935/3424
s 0
f 3858/4938/3763 3854/6249/3763 3853/4939/3763
f 3860/4941/3764 3858/6250/3764 3857/4942/3764
f 3856/4944/3765 3854/6251/3765 3858/4945/3765
f 3854/4947/3766 3856/6252/3766 3855/4948/3766
f 3856/4950/3767 3860/6253/3767 3859/4951/3767
f 3859/4953/3768 3857/6254/3768 3853/4954/3768
f 3866/4956/3769 3862/6255/3769 3861/4957/3769
f 3868/4959/3770 3866/6256/3770 3865/4960/3770
f 3864/4962/3771 3862/6257/3771 3866/4963/3771
f 3862/4965/3772 3864/6258/3772 3863/4966/3772
f 3864/4968/3773 3868/6259/3773 3867/4969/3773
f 3867/4971/3774 3865/6260/3774 3861/4972/3774
f 3874/4974/3763 3870/6261/3763 3869/4975/3763
f 3876/4977/3764 3874/6262/3764 3873/4978/3764
f 3872/4980/3765 3870/6263/3765 3874/4981/3765
f 3870/4947/3766 3872/6264/3766 3871/4983/3766
f 3872/4985/3767 3876/6253/3767 3875/4986/3767
f 3875/4953/3768 3873/6265/3768 3869/4988/3768
f 3882/4989/3769 3878/6266/3769 3877/4990/3769
f 3884/4959/3770 3882/6267/3770 3881/4992/3770
f 3880/4993/3771 3878/6268/3771 3882/4994/3771
f 3878/4965/3772 3880/6269/3772 3879/4996/3772
f 3880/4968/3773 3884/6270/3773 3883/4998/3773
f 3883/4971/3774 3881/6271/3774 3877/4972/3774
f 3890/5000/3775 3886/6272/3775 3885/5001/3775
f 3892/5003/3776 3890/6273/3776 3889/5004/3776
f 3888/5006/3777 3886/6274/3777 3890/5007/3777
f 3886/5009/3778 3888/6275/3778 3887/5010/3778
f 3888/5012/3779 3892/6276/3779 3891/5013/3779
f 3891/5015/3780 3889/6277/3780 3885/5016/3780
f 3898/5018/3775 3894/6278/3775 3893/5019/3775
f 3900/5020/3776 3898/6279/3776 3897/5021/3776
f 3896/5023/3777 3894/6280/3777 3898/5024/3777
f 3894/5026/3778 3896/6281/3778 3895/5027/3778
f 3896/5029/3779 3900/6282/3779 3899/5030/3779
f 3899/5032/3780 3897/6283/3780 3893/5033/3780
f 3906/5035/3781 3902/6284/3781 3901/5036/3781
f 3908/5038/3782 3906/6285/3782 3905/5039/3782
f 3904/5041/3746 3902/6286/3746 3906/5042/3746
f 3902/5044/3783 3904/6287/3783 3903/5045/3783
f 3904/5047/3784 3908/6288/3784 3907/5048/3784
f 3907/5050/3749 3905/6289/3749 3901/5051/3749
f 3911/5053/3785 3910/5056/3785 3912/5054/3785
f 3910/5056/3786 3911/5053/3786 3909/5055/3786
s 1
f 3916/5062/3454 3915/6290/3453 3918/5060/3456
f 3915/6290/3453 3913/6291/3787 3918/5060/3456
f 3913/6291/3787 3919/6292/3458 3918/5060/3456
f 3913/6293/3787 3915/6294/3453 3914/6295/3455
f 3919/5064/3458 3913/6296/3787 3914/5065/3455
f 3914/5065/3455 3916/6297/3454 3917/6298/3457
f 3917/6298/3457 3918/5063/3456 3914/5065/3455
f 3923/6299/3462 3925/6300/3459 3924/6301/3461
f 3922/5071/3463 3921/6302/3464 3925/5069/3459
f 3921/6302/3464 3920/6303/3788 3925/5069/3459
f 3920/6303/3788 3926/6304/3460 3925/5069/3459
f 3926/5073/3460 3920/6305/3788 3921/5074/3464
f 3921/5074/3464 3922/6306/3463 3923/6307/3462
f 3923/6307/3462 3924/5072/3461 3921/5074/3464
f 3930/5080/3454 3929/6308/3453 3932/5078/3456
f 3929/6308/3453 3927/6309/3787 3932/5078/3456
f 3927/6309/3787 3933/6310/3458 3932/5078/3456
f 3927/6311/3787 3929/6312/3453 3928/6313/3455
f 3933/5082/3458 3927/6314/3787 3928/5083/3455
f 3928/5083/3455 3930/6315/3454 3931/6316/3457
f 3931/6316/3457 3932/5081/3456 3928/5083/3455
f 3937/6317/3462 3939/6318/3465 3938/6319/3461
f 3936/5089/3463 3935/6320/3467 3939/5087/3465
f 3935/6320/3467 3934/6321/3789 3939/5087/3465
f 3934/6321/3789 3940/6322/3466 3939/5087/3465
f 3940/5091/3466 3934/6323/3789 3935/5065/3467
f 3935/5065/3467 3936/6324/3463 3937/6325/3462
f 3937/6325/3462 3938/5090/3461 3935/5065/3467
usemtl signal
f 478/770/300 485/771/300 477/772/300
f 489/770/301 487/771/301 488/772/301
f 493/773/302 491/774/302 492/775/302
f 497/773/303 495/776/303 496/775/303
f 501/777/303 499/778/303 500/779/303
f 505/780/304 503/781/304 504/782/304
f 509/777/302 507/778/302 508/779/302
f 512/782/301 514/783/301 511/781/301
f 517/784/304 515/770/304 516/785/304
f 483/773/305 476/774/305 486/775/305
f 480/773/306 482/776/306 479/775/306
f 549/777/306 548/778/306 550/779/306
f 538/780/307 546/781/308 545/782/308
f 541/777/305 544/778/305 540/779/305
f 539/780/300 536/781/309 542/782/309
f 472/784/308 474/770/308 473/785/308
f 521/770/310 520/771/311 519/772/311
f 525/773/312 524/774/312 523/775/312
f 529/773/313 528/776/313 527/775/313
f 553/777/313 552/778/313 551/779/313
f 557/780/314 556/781/314 555/782/314
f 561/777/312 560/778/312 559/779/312
f 565/780/311 564/781/310 563/782/310
f 533/784/314 532/770/314 531/785/314
f 478/770/300 484/1359/300 485/771/300
f 489/770/301 490/1359/301 487/771/301
f 493/773/302 494/1360/302 491/774/302
f 497/773/303 498/1361/303 495/776/303
f 501/777/303 502/1362/303 499/778/303
f 505/780/304 506/783/304 503/781/304
f 509/777/302 510/1362/302 507/778/302
f 512/782/301 513/780/301 514/783/301
f 517/784/304 518/772/304 515/770/304
f 483/773/305 475/1360/305 476/774/305
f 480/773/306 481/1361/306 482/776/306
f 549/777/306 547/1362/306 548/778/306
f 538/780/307 537/783/307 546/781/308
f 541/777/305 543/1362/305 544/778/305
f 539/780/300 535/783/300 536/781/309
f 472/784/308 471/772/308 474/770/308
f 521/770/310 522/1359/310 520/771/311
f 525/773/312 526/1360/312 524/774/312
f 529/773/313 530/1361/313 528/776/313
f 553/777/313 554/1362/313 552/778/313
f 557/780/314 558/783/314 556/781/314
f 561/777/312 562/1362/312 560/778/312
f 565/780/311 566/783/311 564/781/310
f 533/784/314 534/772/314 532/770/314
f 1930/2148/1797 1927/2149/1798 1926/2150/1799
f 1927/2151/1798 1929/2152/1800 1928/2153/1801
f 1928/2154/1801 1929/2155/1800 2029/2156/1802
f 1931/2157/1803 1926/2158/1799 1929/2155/1800
f 1932/2159/1804 1930/2160/1797 1926/2161/1799
f 1933/2162/1805 1929/2152/1800 1930/2160/1797
f 1934/2163/1806 1935/2164/1807 1931/2157/1803
f 1932/2165/1804 1936/2166/1808 1933/2167/1805
f 1937/2168/1809 1935/2169/1807 1934/2170/1806
f 1937/2168/1809 1936/2171/1808 1935/2169/1807
f 1939/2172/1810 1933/2162/1805 1936/2171/1808
f 1939/2173/1810 1934/2163/1806 1933/2174/1805
f 1940/2175/1811 1937/2176/1809 1939/2177/1810
f 1937/2168/1809 1941/2178/1812 1938/2179/1813
f 1938/2180/1813 1942/2181/1814 1939/2182/1810
f 1944/2183/1815 1941/2178/1812 1940/2184/1811
f 1945/2185/1816 1942/2182/1814 1941/2186/1812
f 1942/2187/1814 1943/2188/1817 1940/2175/1811
f 1948/2189/1818 1946/2190/1819 1945/2191/1816
f 1950/2192/1820 1948/2193/1818 1944/2194/1815
f 1950/2195/1820 1946/2190/1819 1948/2189/1818
f 1946/2196/1819 1949/2197/1821 1947/2198/1822
f 1951/2199/1823 1947/2198/1822 1949/2197/1821
f 1947/2200/1822 1952/2201/1824 1950/2202/1820
f 1951/2203/1823 1949/2204/1821 1950/2195/1820
f 1951/2199/1823 1955/2205/1825 1952/2150/1824
f 1956/2206/1826 1953/2207/1827 1952/2150/1824
f 1957/2208/1828 1951/2203/1823 1953/2209/1827
f 1955/2210/1825 1959/2211/1829 1956/2212/1826
f 1956/2206/1826 1959/2213/1829 1957/2214/1828
f 1957/2208/1828 1958/2215/1830 1954/2216/1831
f 1958/2217/1830 1960/2218/1832 1955/2205/1825
f 1955/2210/1825 1961/2219/1833 1959/2211/1829
f 1962/2220/1834 1958/2215/1830 1959/2211/1829
f 1960/2221/1832 1964/2222/1835 1961/2219/1833
f 1965/2223/1836 1962/2224/1834 1961/2225/1833
f 1966/2226/1837 1960/2221/1832 1962/2220/1834
f 1964/2227/1835 1970/2228/1838 1967/2229/1839
f 1971/2230/1840 1966/2226/1837 1967/2231/1839
f 1968/2232/1841 1969/2233/1842 1966/2187/1837
f 1968/2232/1841 1973/2164/1843 1969/2233/1842
f 1969/2234/1842 1973/2235/1843 1970/2236/1838
f 1974/2237/1844 1971/2238/1840 1970/2228/1838
f 1971/2230/1840 1972/2239/1845 1968/2240/1841
f 1975/2197/1846 1973/2164/1843 1972/2241/1845
f 1976/2242/1847 1974/2237/1844 1973/2243/1843
f 1974/2244/1844 1975/2245/1846 1972/2239/1845
f 1978/2246/1848 1979/2158/1849 1975/2197/1846
f 1980/2207/1850 1977/2247/1851 1976/2242/1847
f 1981/2248/1852 1979/2249/1849 1978/2250/1848
f 1982/2251/1853 1980/2207/1850 1979/2150/1849
f 1983/2252/1854 1977/2253/1851 1980/2254/1850
f 1984/2255/1855 1978/2246/1848 1977/2154/1851
f 1986/2256/1856 1983/2257/1854 1982/2251/1853
f 1985/2258/1857 1981/2259/1852 1984/2255/1855
f 1985/2258/1857 1988/2260/1858 1982/2261/1853
f 1982/2262/1853 1988/2263/1858 1986/2264/1856
f 1989/2265/1859 1984/2266/1855 1986/2264/1856
f 1984/2266/1855 1987/2267/1860 1985/2268/1857
f 1990/2269/1861 1988/2260/1858 1987/2270/1860
f 1991/2271/1862 1989/2272/1859 1988/2273/1858
f 1989/2265/1859 1990/2274/1861 1987/2267/1860
f 1990/2274/1861 1994/2275/1863 1991/2276/1862
f 1994/2271/1863 1992/2277/1864 1991/2278/1862
f 1993/2279/1865 1990/2274/1861 1992/2280/1864
f 1996/2281/1866 1994/2282/1863 1993/2283/1865
f 1997/2273/1867 1995/2284/1868 1994/2271/1863
f 1995/2285/1868 1998/2286/1869 1993/2279/1865
f 1999/2287/1870 1997/2260/1867 1996/2281/1866
f 2000/2213/1871 1998/2288/1869 1997/2273/1867
f 1999/2289/1870 1996/2290/1866 1998/2286/1869
f 1999/2287/1870 2001/2291/1872 2002/2261/1873
f 2000/2292/1871 2004/2293/1874 1999/2289/1870
f 2006/2294/1875 2002/2295/1873 2001/2296/1872
f 2002/2295/1873 2006/2294/1875 2003/2297/1876
f 2007/2149/1877 2004/2214/1874 2003/2206/1876
f 2005/2298/1878 2001/2296/1872 2004/2293/1874
f 2008/2299/1879 2006/2150/1875 2005/2300/1878
f 2009/2301/1880 2007/2149/1877 2006/2150/1875
f 2007/2302/1877 2010/2303/1881 2005/2298/1878
f 2012/2304/1882 2009/2305/1880 2008/2306/1879
f 2013/2307/1883 2010/2303/1881 2009/2305/1880
f 2012/2308/1882 2015/2309/1884 2013/2310/1883
f 2013/2307/1883 2016/2311/1885 2010/2303/1881
f 2014/2312/1886 2011/2313/1887 2010/2314/1881
f 2014/2312/1886 2017/2315/1888 2012/2308/1882
f 2018/2227/1889 2015/2309/1884 2012/2308/1882
f 2019/2316/1890 2016/2311/1885 2015/2317/1884
f 2020/2318/1891 2018/2319/1889 2017/2320/1888
f 2018/2278/1889 2021/2321/1892 2019/2322/1890
f 2019/2316/1890 2022/2323/1893 2016/2311/1885
f 2022/2324/1893 2017/2315/1888 2016/2187/1885
f 2021/2321/1892 2024/2325/1894 2022/2326/1893
f 2022/2327/1893 2023/2328/1895 2020/2329/1891
f 2025/2330/1896 2020/2329/1891 2023/2328/1895
f 2025/2331/1896 2024/2332/1894 2020/2318/1891
f 2027/2333/1897 2023/2334/1895 2024/2332/1894
f 2025/2331/1896 2030/2335/1898 2026/2336/1899
f 2030/2337/1898 2027/2338/1897 2026/2339/1899
f 2028/2340/1900 2025/2330/1896 2027/2341/1897
f 1926/2161/1799 2030/2335/1898 2029/2342/1802
f 1927/2149/1798 1928/2214/1801 2030/2337/1898
f 2844/3369/2673 2837/3370/2674 2836/3371/2675
f 2850/3372/2676 2839/3373/2677 2838/3374/2678
f 2845/3375/2679 2840/3376/2680 2839/3377/2677
f 2846/3378/2681 2842/3379/2682 2841/3380/2683
f 2842/3379/2682 2848/3381/2684 2843/3382/2685
f 2843/3383/2685 2844/3369/2673 2836/3371/2675
f 2844/3369/2673 2850/3384/2676 2837/3370/2674
f 2845/3375/2679 2851/3385/2686 2840/3376/2680
f 2850/3372/2676 2853/3386/2687 2845/3387/2679
f 2853/3388/2687 2851/3385/2686 2845/3375/2679
f 2852/3389/2688 2857/3390/2689 2853/3386/2687
f 2853/3388/2687 2858/3391/2690 2851/3385/2686
f 2858/3391/2690 2854/3392/2691 2851/3385/2686
f 2859/3393/2692 2855/3394/2693 2847/3395/2694
f 2855/3396/2693 2856/3397/2695 2849/3398/2696
f 2859/3393/2692 2862/3399/2697 2855/3394/2693
f 2855/3396/2693 2860/3398/2698 2856/3397/2695
f 2863/3400/2699 2857/3390/2689 2852/3389/2688
f 2857/3401/2689 2865/3402/2700 2858/3391/2690
f 2865/3402/2700 2854/3392/2691 2858/3391/2690
f 2854/3403/2691 2866/3404/2701 2859/3393/2692
f 2867/3405/2702 2861/3406/2703 2860/3398/2698
f 2864/3407/2704 2869/3408/2705 2865/3402/2700
f 2866/3404/2701 2870/3409/2706 2862/3399/2697
f 2862/3410/2697 2867/3405/2702 2860/3398/2698
f 2868/3411/2707 2875/3412/2708 2863/3400/2699
f 2863/3400/2699 2871/3413/2709 2864/3414/2704
f 2871/3415/2709 2869/3408/2705 2864/3407/2704
f 2872/3416/2710 2866/3404/2701 2865/3417/2700
f 2873/3418/2711 2870/3409/2706 2866/3404/2701
f 2867/3405/2702 2875/3419/2708 2868/3420/2707
f 2871/3415/2709 2876/3421/2712 2869/3408/2705
f 2873/3422/2711 2867/3405/2702 2870/3423/2706
f 2878/3424/2713 2871/3413/2709 2875/3412/2708
f 2878/3425/2713 2876/3421/2712 2871/3415/2709
f 2876/3421/2712 2879/3426/2714 2872/3427/2710
f 2872/3416/2710 2880/3428/2715 2873/3418/2711
f 2881/3429/2716 2877/3430/2717 2874/3431/2718
f 2878/3425/2713 2883/3432/2719 2876/3421/2712
f 2884/3433/2720 2877/3430/2717 2881/3429/2716
f 2877/3434/2717 2886/3435/2721 2878/3424/2713
f 2886/3435/2721 2882/3436/2722 2878/3424/2713
f 2879/3437/2714 2888/3438/2723 2880/3428/2715
f 2888/3438/2723 2881/3434/2716 2880/3428/2715
f 2882/3439/2722 2891/3440/2724 2883/3441/2719
f 2891/3440/2724 2887/3442/2725 2883/3441/2719
f 2884/3443/2720 2893/3444/2726 2885/3445/2727
f 2893/3446/2726 2886/3435/2721 2885/3447/2727
f 2894/3448/2728 2890/3449/2729 2886/3435/2721
f 2891/3440/2724 2895/3450/2730 2887/3442/2725
f 2895/3451/2730 2888/3438/2723 2887/3452/2725
f 2888/3438/2723 2897/3453/2731 2889/3447/2732
f 2897/3454/2731 2884/3443/2720 2889/3455/2732
f 2894/3448/2728 2898/3456/2733 2890/3449/2729
f 2898/3457/2733 2891/3440/2724 2890/3458/2729
f 2900/3459/2734 2893/3444/2726 2892/3460/2735
f 2901/3461/2736 2894/3448/2728 2893/3446/2726
f 2902/3462/2737 2896/3463/2738 2895/3451/2730
f 2903/3464/2739 2897/3453/2731 2896/3463/2738
f 2897/3454/2731 2900/3459/2734 2892/3460/2735
f 2906/3465/2740 2898/3456/2733 2894/3448/2728
f 2898/3457/2733 2908/3466/2741 2899/3408/2742
f 2908/3466/2741 2902/3467/2737 2899/3408/2742
f 2905/3468/2743 2906/3469/2740 2901/3470/2736
f 2909/3471/2744 2903/3464/2739 2902/3462/2737
f 2903/3464/2739 2910/3472/2745 2904/3473/2746
f 2910/3474/2745 2905/3468/2743 2904/3475/2746
f 2911/3476/2747 2906/3469/2740 2905/3468/2743
f 2906/3465/2740 2914/3477/2748 2907/3478/2749
f 2907/3479/2749 2917/3480/2750 2908/3466/2741
f 2917/3480/2750 2909/3481/2744 2908/3466/2741
f 2910/3474/2745 2911/3476/2747 2905/3468/2743
f 2915/3482/2751 2912/3483/2752 2911/3476/2747
f 2909/3471/2744 2918/3484/2753 2910/3472/2745
f 2913/3485/2754 2924/3486/2755 2914/3477/2748
f 2924/3487/2755 2916/3432/2756 2914/3488/2748
f 2918/3484/2753 2921/3489/2757 2911/3490/2747
f 2921/3491/2757 2919/3492/2758 2915/3482/2751
f 2913/3485/2754 2923/3493/2759 2924/3486/2755
f 2925/3494/2760 2919/3492/2758 2921/3491/2757
f 2926/3495/2761 2922/3496/2762 2919/3497/2758
f 2923/3498/2759 2927/3499/2763 2924/3487/2755
f 2927/3499/2763 2920/3500/2764 2924/3487/2755
f 2928/3501/2765 2918/3484/2753 2920/3502/2764
f 2918/3484/2753 2930/3503/2766 2921/3489/2757
f 2931/3504/2767 2927/3499/2763 2923/3498/2759
f 2932/3505/2768 2926/3506/2761 2925/3494/2760
f 2926/3495/2761 2934/3507/2769 2922/3496/2762
f 2931/3504/2767 2935/3508/2770 2927/3499/2763
f 2935/3508/2770 2928/3509/2765 2927/3499/2763
f 2936/3510/2771 2933/3511/2772 2932/3505/2768
f 2935/3508/2770 2937/3512/2773 2928/3509/2765
f 2937/3513/2773 2929/3514/2774 2928/3501/2765
f 2929/3514/2774 2939/3515/2775 2932/3516/2768
f 2936/3510/2771 2940/3517/2776 2933/3511/2772
f 2933/3518/2772 2940/3519/2776 2934/3507/2769
f 2940/3519/2776 2931/3520/2767 2934/3507/2769
f 2941/3521/2777 2935/3508/2770 2931/3504/2767
f 2943/3522/2778 2940/3517/2776 2936/3510/2771
f 2942/3523/2779 2945/3524/2780 2937/3512/2773
f 2945/3525/2780 2938/3526/2781 2937/3513/2773
f 2946/3527/2782 2944/3528/2783 2943/3529/2778
f 2944/3530/2783 2947/3531/2784 2940/3519/2776
f 2947/3531/2784 2941/3532/2777 2940/3519/2776
f 2941/3533/2777 2949/3534/2785 2942/3535/2779
f 2945/3525/2780 2950/3536/2786 2938/3526/2781
f 2938/3526/2781 2951/3537/2787 2943/3538/2778
f 2946/3527/2782 2952/3539/2788 2944/3528/2783
f 2952/3540/2788 2947/3531/2784 2944/3530/2783
f 2949/3534/2785 2954/3541/2789 2945/3542/2780
f 2954/3543/2789 2950/3536/2786 2945/3525/2780
f 2836/3371/2675 2952/3539/2788 2946/3527/2782
f 2947/3531/2784 2839/3373/2677 2948/3544/2790
f 2839/3377/2677 2953/3545/2791 2948/3546/2790
f 2842/3379/2682 2951/3537/2787 2950/3536/2786
f 2951/3547/2787 2836/3371/2675 2946/3527/2782
f 2953/3545/2791 2841/3548/2683 2954/3541/2789
f 2841/3380/2683 2842/3379/2682 2954/3543/2789
f 3543/4447/3228 3544/4448/3229 3542/4449/3230
f 3545/4450/3231 3546/4451/3232 3544/4448/3229
f 3547/4452/3233 3548/4453/3234 3546/4454/3232
f 3549/4455/3235 3550/4456/3236 3548/4453/3234
f 3551/4457/3237 3552/4458/3238 3550/4456/3236
f 3553/4459/3239 3554/4460/3240 3552/4458/3238
f 3555/4461/3241 3541/4462/3242 3554/4463/3240
f 3545/4464/3231 3543/4465/3228 3551/4466/3237
f 3543/4447/3228 3542/4449/3230 3541/4462/3242
f 3544/4467/3229 3548/4468/3234 3552/4469/3238
f 1929/2155/1800 1926/2158/1799 2029/2156/1802
f 1927/2151/1798 1930/2160/1797 1929/2152/1800
f 1931/2157/1803 1935/2164/1807 1926/2158/1799
f 1935/2169/1807 1932/2159/1804 1926/2161/1799
f 1932/2165/1804 1933/2167/1805 1930/2148/1797
f 1933/2162/1805 1931/5422/1803 1929/2152/1800
f 1935/2169/1807 1936/2171/1808 1932/2159/1804
f 1933/2174/1805 1934/2163/1806 1931/2157/1803
f 1934/2163/1806 1939/2173/1810 1937/5423/1809
f 1937/2168/1809 1938/2179/1813 1936/2171/1808
f 1938/2180/1813 1939/2182/1810 1936/2166/1808
f 1937/2168/1809 1940/2184/1811 1941/2178/1812
f 1938/2180/1813 1941/5424/1812 1942/2181/1814
f 1942/2187/1814 1940/2175/1811 1939/2177/1810
f 1940/2184/1811 1943/5425/1817 1944/2183/1815
f 1944/2194/1815 1945/2185/1816 1941/2186/1812
f 1942/5426/1814 1945/2191/1816 1946/2190/1819
f 1942/2187/1814 1946/2196/1819 1943/2188/1817
f 1943/5425/1817 1947/2200/1822 1944/2183/1815
f 1944/2194/1815 1948/2193/1818 1945/2185/1816
f 1946/2196/1819 1947/2198/1822 1943/2188/1817
f 1947/2200/1822 1950/2202/1820 1944/2183/1815
f 1946/2190/1819 1950/2195/1820 1949/2204/1821
f 1951/2199/1823 1952/2150/1824 1947/2198/1822
f 1952/2150/1824 1953/2207/1827 1950/2192/1820
f 1953/2209/1827 1951/2203/1823 1950/2195/1820
f 1951/2199/1823 1954/5427/1831 1955/2205/1825
f 1955/2210/1825 1956/2212/1826 1952/2201/1824
f 1953/2207/1827 1956/2206/1826 1957/2214/1828
f 1957/2208/1828 1954/2216/1831 1951/2203/1823
f 1954/5427/1831 1958/2217/1830 1955/2205/1825
f 1959/2211/1829 1958/2215/1830 1957/2208/1828
f 1960/2221/1832 1961/2219/1833 1955/2210/1825
f 1961/2225/1833 1962/2224/1834 1959/2213/1829
f 1962/2220/1834 1960/2221/1832 1958/2215/1830
f 1960/2221/1832 1963/5428/3595 1964/2222/1835
f 1961/2225/1833 1964/5429/1835 1965/2223/1836
f 1965/5430/1836 1966/2226/1837 1962/2220/1834
f 1966/5431/1837 1963/5432/3595 1960/2218/1832
f 1963/5428/3595 1969/2234/1842 1964/2222/1835
f 1964/5429/1835 1967/5433/1839 1965/2223/1836
f 1965/5430/1836 1967/2231/1839 1966/2226/1837
f 1966/5431/1837 1969/5434/1842 1963/5432/3595
f 1969/2234/1842 1970/2236/1838 1964/2222/1835
f 1970/2228/1838 1971/2238/1840 1967/2229/1839
f 1971/2230/1840 1968/2240/1841 1966/2226/1837
f 1968/2232/1841 1972/2241/1845 1973/2164/1843
f 1970/2228/1838 1973/2243/1843 1974/2237/1844
f 1971/2230/1840 1974/2244/1844 1972/2239/1845
f 1975/2197/1846 1979/2158/1849 1973/2164/1843
f 1973/2235/1843 1979/2249/1849 1976/5435/1847
f 1976/2242/1847 1977/2247/1851 1974/2237/1844
f 1974/2244/1844 1977/2253/1851 1975/2245/1846
f 1979/2150/1849 1980/2207/1850 1976/2242/1847
f 1977/2154/1851 1978/2246/1848 1975/2197/1846
f 1981/2248/1852 1982/2262/1853 1979/2249/1849
f 1982/2251/1853 1983/2257/1854 1980/2207/1850
f 1983/2252/1854 1984/2266/1855 1977/2253/1851
f 1984/2255/1855 1981/2259/1852 1978/2246/1848
f 1985/2258/1857 1982/2261/1853 1981/2259/1852
f 1983/2252/1854 1986/2264/1856 1984/2266/1855
f 1985/2258/1857 1987/2270/1860 1988/2260/1858
f 1986/2256/1856 1988/2273/1858 1989/2272/1859
f 1984/2266/1855 1989/2265/1859 1987/2267/1860
f 1990/2274/1861 1991/2276/1862 1988/2263/1858
f 1991/2271/1862 1992/5436/1864 1989/2272/1859
f 1989/2265/1859 1992/2280/1864 1990/2274/1861
f 1993/2283/1865 1994/2282/1863 1990/5437/1861
f 1994/2271/1863 1995/2284/1868 1992/2277/1864
f 1995/2285/1868 1993/2279/1865 1992/2280/1864
f 1996/2281/1866 1997/2260/1867 1994/2282/1863
f 1997/2273/1867 1998/2288/1869 1995/2284/1868
f 1993/2279/1865 1998/2286/1869 1996/2290/1866
f 1999/2287/1870 2002/2261/1873 1997/2260/1867
f 2002/2295/1873 2000/2292/1871 1997/5438/1867
f 1998/2286/1869 2000/2292/1871 1999/2289/1870
f 2002/2295/1873 2003/2297/1876 2000/2292/1871
f 2003/2206/1876 2004/2214/1874 2000/2213/1871
f 2004/2293/1874 2001/2296/1872 1999/2289/1870
f 2005/2300/1878 2006/2150/1875 2001/2291/1872
f 2006/2150/1875 2007/2149/1877 2003/2206/1876
f 2007/2302/1877 2005/2298/1878 2004/2293/1874
f 2008/2306/1879 2009/2305/1880 2006/2294/1875
f 2007/2302/1877 2009/2305/1880 2010/2303/1881
f 2010/2314/1881 2008/2299/1879 2005/2300/1878
f 2011/5439/1887 2012/2304/1882 2008/2306/1879
f 2009/2301/1880 2012/2308/1882 2013/2310/1883
f 2010/2314/1881 2011/2313/1887 2008/2299/1879
f 2014/2312/1886 2012/2308/1882 2011/2313/1887
f 2013/2307/1883 2015/2317/1884 2016/2311/1885
f 2016/2311/1885 2014/5440/1886 2010/2303/1881
f 2017/2320/1888 2018/2319/1889 2012/2304/1882
f 2018/2227/1889 2019/5441/1890 2015/2309/1884
f 2016/2187/1885 2017/2315/1888 2014/2312/1886
f 2020/2318/1891 2021/5442/1892 2018/2319/1889
f 2021/2321/1892 2022/2326/1893 2019/2322/1890
f 2022/2324/1893 2020/5443/1891 2017/2315/1888
f 2020/2318/1891 2024/2332/1894 2021/5442/1892
f 2024/2332/1894 2023/2334/1895 2022/2323/1893
f 2025/2331/1896 2026/2336/1899 2024/2332/1894
f 2026/2339/1899 2027/2338/1897 2024/2325/1894
f 2023/2328/1895 2027/2341/1897 2025/2330/1896
f 2025/2330/1896 2028/2340/1900 2029/2156/1802
f 2025/2331/1896 2029/2342/1802 2030/2335/1898
f 2030/2337/1898 1928/2214/1801 2027/2338/1897
f 1928/2153/1801 2028/5444/1900 2027/2333/1897
f 1926/2150/1799 1927/2149/1798 2030/2337/1898
f 1928/2154/1801 2029/2156/1802 2028/2340/1900
f 2837/5690/2674 2850/3372/2676 2838/3374/2678
f 2850/3372/2676 2845/3387/2679 2839/3373/2677
f 2840/3376/2680 2846/5691/2681 2841/3548/2683
f 2846/3378/2681 2847/3395/2694 2842/3379/2682
f 2842/3379/2682 2847/3395/2694 2848/3381/2684
f 2843/3383/2685 2848/5692/2684 2844/3369/2673
f 2844/3369/2673 2849/3398/2696 2850/3384/2676
f 2840/3376/2680 2851/3385/2686 2846/5691/2681
f 2848/5692/2684 2849/3398/2696 2844/3369/2673
f 2849/3398/2696 2856/3397/2695 2850/3384/2676
f 2850/3372/2676 2856/5693/2695 2852/3389/2688
f 2850/3372/2676 2852/3389/2688 2853/3386/2687
f 2851/3385/2686 2854/3392/2691 2846/5691/2681
f 2846/3378/2681 2854/3403/2691 2847/3395/2694
f 2847/3395/2694 2855/3394/2693 2848/3381/2684
f 2848/5692/2684 2855/3396/2693 2849/3398/2696
f 2853/3388/2687 2857/3401/2689 2858/3391/2690
f 2854/3403/2691 2859/3393/2692 2847/3395/2694
f 2856/3397/2695 2860/3398/2698 2861/3406/2703
f 2856/5693/2695 2861/5694/2703 2852/3389/2688
f 2855/3396/2693 2862/3410/2697 2860/3398/2698
f 2861/5694/2703 2863/3400/2699 2852/3389/2688
f 2863/3400/2699 2864/3414/2704 2857/3390/2689
f 2857/3401/2689 2864/3407/2704 2865/3402/2700
f 2854/3403/2691 2865/3417/2700 2866/3404/2701
f 2859/3393/2692 2866/3404/2701 2862/3399/2697
f 2867/3405/2702 2868/3420/2707 2861/3406/2703
f 2861/5694/2703 2868/3411/2707 2863/3400/2699
f 2862/3410/2697 2870/3423/2706 2867/3405/2702
f 2863/3400/2699 2875/3412/2708 2871/3413/2709
f 2869/3408/2705 2872/3427/2710 2865/3402/2700
f 2872/3416/2710 2873/3418/2711 2866/3404/2701
f 2867/3405/2702 2874/3431/2718 2875/3419/2708
f 2869/3408/2705 2876/3421/2712 2872/3427/2710
f 2873/3422/2711 2874/3431/2718 2867/3405/2702
f 2874/3431/2718 2877/3430/2717 2875/3419/2708
f 2875/3412/2708 2877/3434/2717 2878/3424/2713
f 2872/3416/2710 2879/3437/2714 2880/3428/2715
f 2880/3428/2715 2881/3434/2716 2873/3418/2711
f 2873/3422/2711 2881/3429/2716 2874/3431/2718
f 2878/3425/2713 2882/5695/2722 2883/3432/2719
f 2876/3421/2712 2883/3432/2719 2879/3426/2714
f 2884/3433/2720 2885/5696/2727 2877/3430/2717
f 2877/3434/2717 2885/3447/2727 2886/3435/2721
f 2883/3432/2719 2887/5697/2725 2879/3426/2714
f 2879/3437/2714 2887/3452/2725 2888/3438/2723
f 2888/3438/2723 2889/3447/2732 2881/3434/2716
f 2881/3429/2716 2889/5698/2732 2884/3433/2720
f 2886/3435/2721 2890/3449/2729 2882/3436/2722
f 2882/3439/2722 2890/3458/2729 2891/3440/2724
f 2884/3443/2720 2892/3460/2735 2893/3444/2726
f 2893/3446/2726 2894/3448/2728 2886/3435/2721
f 2895/3451/2730 2896/3463/2738 2888/3438/2723
f 2888/3438/2723 2896/3463/2738 2897/3453/2731
f 2897/3454/2731 2892/3460/2735 2884/3443/2720
f 2898/3457/2733 2899/3408/2742 2891/3440/2724
f 2891/3440/2724 2899/3408/2742 2895/3450/2730
f 2900/3459/2734 2901/3470/2736 2893/3444/2726
f 2899/3408/2742 2902/3467/2737 2895/3450/2730
f 2902/3462/2737 2903/3464/2739 2896/3463/2738
f 2903/3464/2739 2904/3473/2746 2897/3453/2731
f 2897/3454/2731 2904/3475/2746 2900/3459/2734
f 2900/3459/2734 2905/3468/2743 2901/3470/2736
f 2901/3461/2736 2906/3465/2740 2894/3448/2728
f 2906/3465/2740 2907/3478/2749 2898/3456/2733
f 2898/3457/2733 2907/3479/2749 2908/3466/2741
f 2904/3475/2746 2905/3468/2743 2900/3459/2734
f 2908/3466/2741 2909/3481/2744 2902/3467/2737
f 2909/3471/2744 2910/3472/2745 2903/3464/2739
f 2911/3476/2747 2912/3483/2752 2906/3469/2740
f 2912/5699/2752 2913/3485/2754 2906/3465/2740
f 2906/3465/2740 2913/3485/2754 2914/3477/2748
f 2907/3479/2749 2914/3488/2748 2917/3480/2750
f 2914/3488/2748 2916/3432/2756 2917/3480/2750
f 2909/3471/2744 2917/5700/2750 2918/3484/2753
f 2910/3472/2745 2918/3484/2753 2911/3490/2747
f 2915/3482/2751 2919/3492/2758 2912/3483/2752
f 2912/5699/2752 2919/3497/2758 2913/3485/2754
f 2916/3432/2756 2920/3500/2764 2917/3480/2750
f 2917/5700/2750 2920/3502/2764 2918/3484/2753
f 2911/3476/2747 2921/3491/2757 2915/3482/2751
f 2919/3497/2758 2922/3496/2762 2913/3485/2754
f 2913/3485/2754 2922/3496/2762 2923/3493/2759
f 2916/3432/2756 2924/3487/2755 2920/3500/2764
f 2925/3494/2760 2926/3506/2761 2919/3492/2758
f 2927/3499/2763 2928/3509/2765 2920/3500/2764
f 2928/3501/2765 2929/3514/2774 2918/3484/2753
f 2918/3484/2753 2929/3514/2774 2930/3503/2766
f 2930/5701/2766 2925/3494/2760 2921/3491/2757
f 2922/3496/2762 2931/3520/2767 2923/3493/2759
f 2929/3514/2774 2932/3516/2768 2930/3503/2766
f 2930/5701/2766 2932/3505/2768 2925/3494/2760
f 2932/3505/2768 2933/3511/2772 2926/3506/2761
f 2926/3495/2761 2933/3518/2772 2934/3507/2769
f 2922/3496/2762 2934/3507/2769 2931/3520/2767
f 2937/3513/2773 2938/3526/2781 2929/3514/2774
f 2929/3514/2774 2938/3526/2781 2939/3515/2775
f 2939/5702/2775 2936/3510/2771 2932/3505/2768
f 2940/3519/2776 2941/3532/2777 2931/3520/2767
f 2941/3521/2777 2942/3523/2779 2935/3508/2770
f 2935/3508/2770 2942/3523/2779 2937/3512/2773
f 2938/3526/2781 2943/3538/2778 2939/3515/2775
f 2939/5702/2775 2943/3522/2778 2936/3510/2771
f 2943/3522/2778 2944/5703/2783 2940/3517/2776
f 2947/3531/2784 2948/3544/2790 2941/3532/2777
f 2941/3533/2777 2948/3546/2790 2949/3534/2785
f 2942/3535/2779 2949/3534/2785 2945/3542/2780
f 2938/3526/2781 2950/3536/2786 2951/3537/2787
f 2951/3547/2787 2946/3527/2782 2943/3529/2778
f 2948/3546/2790 2953/3545/2791 2949/3534/2785
f 2949/3534/2785 2953/3545/2791 2954/3541/2789
f 2952/3540/2788 2838/3374/2678 2947/3531/2784
f 2947/3531/2784 2838/3374/2678 2839/3373/2677
f 2954/3543/2789 2842/3379/2682 2950/3536/2786
f 2842/3379/2682 2843/3382/2685 2951/3537/2787
f 2951/3547/2787 2843/3383/2685 2836/3371/2675
f 2836/3371/2675 2837/3370/2674 2952/3539/2788
f 2952/3540/2788 2837/5690/2674 2838/3374/2678
f 2839/3377/2677 2840/3376/2680 2953/3545/2791
f 2953/3545/2791 2840/3376/2680 2841/3548/2683
f 3555/4461/3241 3543/4447/3228 3541/4462/3242
f 3543/4447/3228 3545/4450/3231 3544/4448/3229
f 3545/4450/3231 3547/6067/3233 3546/4451/3232
f 3547/4452/3233 3549/4455/3235 3548/4453/3234
f 3549/4455/3235 3551/4457/3237 3550/4456/3236
f 3551/4457/3237 3553/4459/3239 3552/4458/3238
f 3553/4459/3239 3555/6068/3241 3554/4460/3240
f 3555/6069/3241 3553/6070/3239 3543/4465/3228
f 3553/6070/3239 3551/4466/3237 3543/4465/3228
f 3551/4466/3237 3549/6071/3235 3547/6072/3233
f 3547/6072/3233 3545/4464/3231 3551/4466/3237
f 3541/6073/3242 3542/6074/3230 3544/4467/3229
f 3548/4468/3234 3550/6075/3236 3552/4469/3238
f 3544/4467/3229 3546/6076/3232 3548/4468/3234
f 3552/4469/3238 3554/6077/3240 3541/6073/3242
f 3541/6073/3242 3544/4467/3229 3552/4469/3238
s 0
usemtl screen
f 3761/4790/304 3763/4791/304 3760/4792/304
f 3815/4790/301 3817/4791/301 3814/4792/301
f 3761/4790/304 3762/6185/304 3763/4791/304
f 3815/4790/301 3816/6185/301 3817/4791/301
