# Blender 4.3.2
# www.blender.org
mtllib SM_TeleporterTravelHub_LOD1.mtl
o SM_TeleporterTravelHub.001
v -307.200012 -267.200012 0.000000
v -307.200012 -270.000000 2.800000
v -310.000000 -267.200012 2.800000
v -307.200012 -269.179901 0.820101
v -308.816589 -268.816589 1.183419
v -309.179901 -269.179901 2.800000
v -309.179901 -267.200012 0.820101
v -307.200012 -270.000000 11.200000
v -307.200012 -267.200012 14.000000
v -310.000000 -267.200012 11.200000
v -307.200012 -269.179901 13.179899
v -308.816589 -268.816589 12.816581
v -309.179901 -267.200012 13.179899
v -309.179901 -269.179901 11.200000
v -307.200012 267.200012 0.000000
v -310.000000 267.200012 2.800000
v -307.200012 270.000000 2.800000
v -309.179901 267.200012 0.820101
v -308.816589 268.816589 1.183419
v -309.179901 269.179901 2.800000
v -307.200012 269.179901 0.820101
v -307.200012 267.200012 14.000000
v -307.200012 270.000000 11.200000
v -310.000000 267.200012 11.200000
v -307.200012 269.179901 13.179899
v -308.816589 268.816589 12.816581
v -309.179901 269.179901 11.200000
v -309.179901 267.200012 13.179899
v 287.200012 -267.200012 0.000000
v 290.000000 -267.200012 2.800000
v 287.200012 -270.000000 2.800000
v 289.179901 -267.200012 0.820101
v 288.816589 -268.816589 1.183419
v 289.179901 -269.179901 2.800000
v 287.200012 -269.179901 0.820101
v 287.200012 -267.200012 14.000000
v 287.200012 -270.000000 11.200000
v 290.000000 -267.200012 11.200000
v 287.200012 -269.179901 13.179899
v 288.816589 -268.816589 12.816581
v 289.179901 -269.179901 11.200000
v 289.179901 -267.200012 13.179899
v 287.200012 267.200012 0.000000
v 287.200012 270.000000 2.800000
v 290.000000 267.200012 2.800000
v 287.200012 269.179901 0.820101
v 288.816589 268.816589 1.183419
v 289.179901 269.179901 2.800000
v 289.179901 267.200012 0.820101
v 287.200012 267.200012 14.000000
v 290.000000 267.200012 11.200000
v 287.200012 270.000000 11.200000
v 289.179901 267.200012 13.179899
v 288.816589 268.816589 12.816581
v 289.179901 269.179901 11.200000
v 287.200012 269.179901 13.179899
v -300.399994 -260.399994 13.000000
v -300.399994 -262.000000 14.600000
v -302.000000 -260.399994 14.600000
v -300.399994 -261.531403 13.468629
v -301.407410 -261.458862 13.849518
v -301.531372 -260.400024 13.468629
v -300.399994 -260.399994 21.000000
v -302.000000 -260.399994 19.400000
v -301.150482 -261.458862 20.407402
v -301.531372 -260.400024 20.531372
v -301.348236 -261.717987 19.524269
v -300.399994 260.399994 13.000000
v -302.000000 260.399994 14.600000
v -300.399994 262.000000 14.600000
v -301.317657 261.317596 13.548420
v -301.531403 261.531372 14.600000
v -300.399994 260.399994 21.000000
v -300.399994 262.000000 19.400000
v -302.000000 260.399994 19.400000
v -300.399994 261.531403 20.531372
v -301.407379 261.458862 20.150482
v -301.531372 260.400024 20.531372
v 280.399994 -260.399994 13.000000
v 282.000000 -260.399994 14.600000
v 280.399994 -262.000000 14.600000
v 281.317657 -261.317596 13.548420
v 281.531403 -261.531372 14.600000
v 280.399994 -260.399994 21.000000
v 280.399994 -262.000000 19.400000
v 282.000000 -260.399994 19.400000
v 281.150482 -261.407440 20.458818
v 281.531372 -261.531403 19.400000
v 281.531372 -260.400024 20.531372
v 280.399994 260.399994 13.000000
v 280.399994 262.000000 14.600000
v 282.000000 260.399994 14.600000
v 280.399994 261.531403 13.468629
v 281.407379 261.458862 13.849518
v 281.531372 260.400024 13.468629
v 280.399994 260.399994 21.000000
v 282.000000 260.399994 19.400000
v 280.399994 262.000000 19.400000
v 281.531403 260.399994 20.531372
v 281.180725 261.414032 20.414061
v 281.531403 261.531372 19.400000
v -287.485809 -247.852112 20.630430
v -287.843567 -247.735443 20.794374
v -287.871704 -247.634277 23.241598
v -287.738037 -247.822830 23.302761
v -287.713989 247.713989 20.654020
v -287.863098 247.832611 20.939472
v -287.793549 247.847427 23.219524
v -287.741577 247.634293 23.371698
v 267.713989 -247.713989 20.654020
v 267.863098 -247.832611 20.939472
v 267.842743 -247.526382 23.357342
v 267.691650 -247.864899 23.222826
v 267.485809 247.852112 20.630430
v 267.843567 247.735443 20.794384
v 267.713989 247.713989 23.345980
v 267.863098 247.832611 23.060530
v -290.500000 -265.500000 15.000000
v -290.500000 -267.500000 17.000000
v -292.500000 -265.500000 17.000000
v -291.438049 -266.759247 15.676477
v -291.914215 -266.914215 17.000000
v -291.914215 -265.500000 15.585787
v -290.500000 -267.500000 29.000000
v -290.500000 -265.500000 31.000000
v -292.500000 -265.500000 29.000000
v -290.500000 -266.914215 30.414213
v -291.759247 -266.438049 30.323524
v -291.914215 -266.914215 29.000000
v -290.500000 -254.500000 15.000000
v -292.500000 -254.500000 17.000000
v -290.500000 -252.500000 17.000000
v -291.914215 -254.500000 15.585787
v -291.438049 -253.176498 15.740744
v -291.914215 -253.085785 17.000000
v -290.500000 -254.500000 31.000000
v -290.500000 -252.500000 29.000000
v -292.500000 -254.500000 29.000000
v -291.438049 -253.240753 30.323517
v -291.914215 -253.085785 29.000000
v -291.914215 -254.500000 30.414213
v 270.500000 -265.500000 15.000000
v 272.500000 -265.500000 17.000000
v 270.500000 -267.500000 17.000000
v 271.759247 -266.438049 15.676477
v 271.914215 -266.914215 17.000000
v 270.500000 -266.914215 15.585787
v 270.500000 -265.500000 31.000000
v 270.500000 -267.500000 29.000000
v 272.500000 -265.500000 29.000000
v 271.438049 -266.759247 30.323524
v 271.914215 -266.914215 29.000000
v 271.914215 -265.500000 30.414213
v 270.500000 -254.500000 15.000000
v 270.500000 -252.500000 17.000000
v 272.500000 -254.500000 17.000000
v 271.438049 -253.240753 15.676485
v 271.914215 -253.085785 17.000000
v 271.914215 -254.500000 15.585787
v 270.500000 -254.500000 31.000000
v 272.500000 -254.500000 29.000000
v 270.500000 -252.500000 29.000000
v 271.914215 -254.500000 30.414213
v 271.438049 -253.176498 30.259258
v 271.914215 -253.085785 29.000000
v -268.924561 -268.134216 20.565777
v -268.936340 -268.126984 25.426994
v -268.936340 -267.273041 20.573009
v -268.924561 -267.265808 25.434221
v 248.936340 -268.126984 20.573006
v 248.924561 -268.134216 25.434223
v 248.924561 -267.265808 20.565781
v 248.936340 -267.273041 25.426992
v -180.010040 -257.659058 31.073338
v -179.989975 -257.659058 32.926666
v -178.355911 -258.340546 31.059771
v -178.339203 -258.354065 32.934139
v -177.659027 -259.989990 31.073336
v -177.664032 -260.010895 32.940239
v -178.341614 -261.642548 31.054708
v -178.355927 -261.659485 32.940231
v -179.989975 -262.340973 31.073338
v -180.010040 -262.340973 32.926662
v -181.644089 -261.659485 31.059772
v -181.660812 -261.645935 32.934139
v -182.340973 -260.010040 31.073334
v -182.335968 -259.989136 32.940239
v -181.658386 -258.357483 31.054707
v -181.644104 -258.340546 32.940231
v -0.010027 -257.659058 31.073338
v 0.010027 -257.659058 32.926662
v 1.644088 -258.340546 31.059769
v 1.660797 -258.354095 32.934143
v 2.340977 -259.989990 31.073338
v 2.335972 -260.010895 32.940235
v 1.658389 -261.642517 31.054707
v 1.644077 -261.659485 32.940231
v 0.010025 -262.340973 31.073339
v -0.010025 -262.340973 32.926662
v -1.644072 -261.659485 31.059771
v -1.660803 -261.645935 32.934139
v -2.340976 -260.010040 31.073338
v -2.335971 -259.989136 32.940235
v -1.658381 -258.357483 31.054707
v -1.644087 -258.340546 32.940231
v 179.989975 -257.659058 31.073338
v 180.010040 -257.659058 32.926666
v 181.644104 -258.340546 31.059769
v 181.660797 -258.354065 32.934139
v 182.340973 -259.989990 31.073334
v 182.335968 -260.010895 32.940239
v 181.658386 -261.642548 31.054708
v 181.644089 -261.659485 32.940231
v 180.010040 -262.340973 31.073339
v 179.989975 -262.340973 32.926662
v 178.355927 -261.659485 31.059771
v 178.339218 -261.645935 32.934139
v 177.659027 -260.010040 31.073336
v 177.664032 -259.989136 32.940239
v 178.341629 -258.357483 31.054707
v 178.355927 -258.340546 32.940231
v -290.500000 254.500000 15.000000
v -290.500000 252.500000 17.000000
v -292.500000 254.500000 17.000000
v -291.438049 253.240753 15.676485
v -291.914215 253.085785 17.000000
v -291.914215 254.500000 15.585787
v -290.500000 252.500000 29.000000
v -290.500000 254.500000 31.000000
v -292.500000 254.500000 29.000000
v -291.438049 253.176498 30.259258
v -291.914215 254.500000 30.414213
v -291.914215 253.085785 29.000000
v -290.500000 265.500000 15.000000
v -292.500000 265.500000 17.000000
v -290.500000 267.500000 17.000000
v -291.759247 266.438049 15.676477
v -291.914215 266.914215 17.000000
v -290.500000 266.914215 15.585787
v -290.500000 265.500000 31.000000
v -290.500000 267.500000 29.000000
v -292.500000 265.500000 29.000000
v -291.438049 266.759247 30.323524
v -291.914215 266.914215 29.000000
v -291.914215 265.500000 30.414213
v 270.500000 254.500000 15.000000
v 272.500000 254.500000 17.000000
v 270.500000 252.500000 17.000000
v 271.914215 254.500000 15.585787
v 271.438049 253.176498 15.740744
v 271.914215 253.085785 17.000000
v 270.500000 254.500000 31.000000
v 270.500000 252.500000 29.000000
v 272.500000 254.500000 29.000000
v 271.438049 253.240753 30.323517
v 271.914215 253.085785 29.000000
v 271.914215 254.500000 30.414213
v 270.500000 265.500000 15.000000
v 270.500000 267.500000 17.000000
v 272.500000 265.500000 17.000000
v 271.438049 266.759247 15.676477
v 271.914215 266.914215 17.000000
v 271.914215 265.500000 15.585787
v 270.500000 265.500000 31.000000
v 272.500000 265.500000 29.000000
v 270.500000 267.500000 29.000000
v 271.759247 266.438049 30.323524
v 271.914215 266.914215 29.000000
v 270.500000 266.914215 30.414213
v -268.924561 267.265808 20.565781
v -268.936340 267.273041 25.426992
v -268.936340 268.126984 20.573006
v -268.924561 268.134216 25.434223
v 248.936340 267.273041 20.573009
v 248.924561 267.265808 25.434221
v 248.924561 268.134216 20.565777
v 248.936340 268.126984 25.426994
v -180.010040 262.340973 31.073339
v -179.989975 262.340973 32.926662
v -178.355927 261.659485 31.059772
v -178.339203 261.645935 32.934135
v -177.659027 260.010040 31.073334
v -177.664032 259.989136 32.940235
v -178.341614 258.357483 31.054707
v -178.355911 258.340546 32.940231
v -179.989975 257.659058 31.073338
v -180.010040 257.659058 32.926666
v -181.644104 258.340546 31.059769
v -181.660797 258.354065 32.934139
v -182.340973 259.989990 31.073332
v -182.335968 260.010895 32.940239
v -181.658386 261.642548 31.054707
v -181.644089 261.659485 32.940231
v -0.010025 262.340973 31.073339
v 0.010025 262.340973 32.926662
v 1.644077 261.659485 31.059771
v 1.660804 261.645935 32.934139
v 2.340977 260.010040 31.073338
v 2.335972 259.989136 32.940235
v 1.658382 258.357483 31.054707
v 1.644088 258.340546 32.940231
v 0.010027 257.659058 31.073338
v -0.010027 257.659058 32.926662
v -1.644087 258.340546 31.059769
v -1.660796 258.354095 32.934143
v -2.340977 259.989990 31.073338
v -2.335970 260.010895 32.940235
v -1.658388 261.642517 31.054707
v -1.644072 261.659485 32.940231
v 179.989975 262.340973 31.073339
v 180.010040 262.340973 32.926662
v 181.644089 261.659485 31.059771
v 181.660797 261.645935 32.934135
v 182.340973 260.010040 31.073334
v 182.335968 259.989136 32.940239
v 181.658386 258.357483 31.054707
v 181.644104 258.340546 32.940231
v 180.010040 257.659058 31.073338
v 179.989975 257.659058 32.926666
v 178.355927 258.340546 31.059769
v 178.339218 258.354065 32.934139
v 177.659027 259.989990 31.073336
v 177.664032 260.010895 32.940235
v 178.341629 261.642548 31.054707
v 178.355927 261.659485 32.940231
v -305.500000 -256.000000 15.000000
v -305.500000 -258.000000 17.000000
v -307.500000 -256.000000 17.000000
v -306.438049 -257.259247 15.676477
v -306.914215 -257.414215 17.000000
v -306.914215 -256.000000 15.585787
v -305.500000 -258.000000 29.000000
v -305.500000 -256.000000 31.000000
v -307.500000 -256.000000 29.000000
v -305.500000 -257.414215 30.414213
v -306.759247 -256.938049 30.323524
v -306.914215 -257.414215 29.000000
v -305.500000 256.000000 15.000000
v -307.500000 256.000000 17.000000
v -305.500000 258.000000 17.000000
v -306.759247 256.938049 15.676477
v -306.914215 257.414215 17.000000
v -305.500000 257.414215 15.585787
v -305.500000 256.000000 31.000000
v -305.500000 258.000000 29.000000
v -307.500000 256.000000 29.000000
v -306.438049 257.259247 30.323524
v -306.914215 257.414215 29.000000
v -306.914215 256.000000 30.414213
v -294.500000 -256.000000 15.000000
v -292.500000 -256.000000 17.000000
v -294.500000 -258.000000 17.000000
v -293.240784 -256.938049 15.676487
v -293.085785 -257.414215 17.000000
v -294.500000 -257.414215 15.585787
v -294.500000 -256.000000 31.000000
v -294.500000 -258.000000 29.000000
v -292.500000 -256.000000 29.000000
v -294.500000 -257.414215 30.414213
v -293.176514 -256.938049 30.259254
v -293.085785 -257.414215 29.000000
v -294.500000 256.000000 15.000000
v -294.500000 258.000000 17.000000
v -292.500000 256.000000 17.000000
v -294.500000 257.414215 15.585787
v -293.176514 256.938049 15.740747
v -293.085785 257.414215 17.000000
v -294.500000 256.000000 31.000000
v -292.500000 256.000000 29.000000
v -294.500000 258.000000 29.000000
v -293.240784 256.938049 30.323515
v -293.085785 257.414215 29.000000
v -294.500000 257.414215 30.414213
v -307.349091 -158.668457 31.131561
v -307.372681 -158.653992 32.853977
v -307.372681 -132.946030 31.146021
v -307.349091 -132.931564 32.868439
v -292.627319 -158.653992 31.146029
v -292.650909 -158.668457 32.868439
v -292.650909 -132.931580 31.131561
v -292.627319 -132.946030 32.853973
v -307.349091 132.931564 31.131561
v -307.372681 132.946030 32.853981
v -307.372681 158.653992 31.146023
v -307.349091 158.668457 32.868439
v -292.627319 132.946030 31.146027
v -292.650909 132.931580 32.868439
v -292.650909 158.668457 31.131561
v -292.627319 158.653992 32.853973
v 274.500000 -256.000000 15.000000
v 274.500000 -258.000000 17.000000
v 272.500000 -256.000000 17.000000
v 274.500000 -257.414215 15.585787
v 273.176514 -256.938049 15.740747
v 273.085785 -257.414215 17.000000
v 274.500000 -258.000000 29.000000
v 274.500000 -256.000000 31.000000
v 272.500000 -256.000000 29.000000
v 274.500000 -257.414215 30.414213
v 273.240784 -256.938049 30.323515
v 273.085785 -257.414215 29.000000
v 274.500000 256.000000 15.000000
v 272.500000 256.000000 17.000000
v 274.500000 258.000000 17.000000
v 273.240784 256.938049 15.676487
v 273.085785 257.414215 17.000000
v 274.500000 257.414215 15.585787
v 274.500000 256.000000 31.000000
v 274.500000 258.000000 29.000000
v 272.500000 256.000000 29.000000
v 274.500000 257.414215 30.414213
v 273.176514 256.938049 30.259254
v 273.085785 257.414215 29.000000
v 285.500000 -256.000000 15.000000
v 287.500000 -256.000000 17.000000
v 285.500000 -258.000000 17.000000
v 286.759247 -256.938049 15.676477
v 286.914215 -257.414215 17.000000
v 285.500000 -257.414215 15.585787
v 285.500000 -256.000000 31.000000
v 285.500000 -258.000000 29.000000
v 287.500000 -256.000000 29.000000
v 286.438049 -257.259247 30.323524
v 286.914215 -257.414215 29.000000
v 286.914215 -256.000000 30.414213
v 285.500000 256.000000 15.000000
v 285.500000 258.000000 17.000000
v 287.500000 256.000000 17.000000
v 286.438049 257.259247 15.676477
v 286.914215 257.414215 17.000000
v 286.914215 256.000000 15.585787
v 285.500000 256.000000 31.000000
v 287.500000 256.000000 29.000000
v 285.500000 258.000000 29.000000
v 286.759247 256.938049 30.323524
v 286.914215 257.414215 29.000000
v 285.500000 257.414215 30.414213
v 272.650909 -158.668457 31.131561
v 272.627319 -158.653992 32.853973
v 272.627319 -132.946030 31.146027
v 272.650909 -132.931580 32.868439
v 287.372681 -158.653992 31.146023
v 287.349091 -158.668457 32.868439
v 287.349091 -132.931564 31.131561
v 287.372681 -132.946030 32.853981
v 272.650909 132.931580 31.131561
v 272.627319 132.946030 32.853973
v 272.627319 158.653992 31.146029
v 272.650909 158.668457 32.868439
v 287.372681 132.946030 31.146021
v 287.349091 132.931564 32.868439
v 287.349091 158.668457 31.131561
v 287.372681 158.653992 32.853977
v -301.500000 -261.500000 11.000000
v -301.500000 -265.500000 15.000000
v -305.500000 -261.500000 15.000000
v -301.500000 -264.328430 12.171573
v -303.809387 -263.809387 12.690598
v -304.328430 -264.328430 15.000000
v -304.328430 -261.500000 12.171573
v -301.500000 -265.500000 35.000000
v -301.500000 -261.500000 39.000000
v -305.500000 -261.500000 35.000000
v -301.500000 -264.328430 37.828426
v -303.809387 -263.809387 37.309402
v -304.328430 -261.500000 37.828426
v -304.328430 -264.328430 35.000000
v -301.500000 -234.500000 11.000000
v -305.500000 -234.500000 15.000000
v -301.500000 -230.500000 15.000000
v -304.328430 -234.500000 12.171573
v -303.809387 -232.190598 12.690598
v -304.328430 -231.671570 15.000000
v -301.500000 -231.671570 12.171573
v -301.500000 -234.500000 39.000000
v -301.500000 -230.500000 35.000000
v -305.500000 -234.500000 35.000000
v -301.500000 -231.671570 37.828426
v -303.809387 -232.190598 37.309402
v -304.328430 -231.671570 35.000000
v -304.328430 -234.500000 37.828426
v -274.500000 -261.500000 11.000000
v -270.500000 -261.500000 15.000000
v -274.500000 -265.500000 15.000000
v -271.671570 -261.500000 12.171573
v -272.190613 -263.809387 12.690598
v -271.671570 -264.328430 15.000000
v -274.500000 -264.328430 12.171573
v -274.500000 -261.500000 39.000000
v -274.500000 -265.500000 35.000000
v -270.500000 -261.500000 35.000000
v -274.500000 -264.328430 37.828426
v -272.190613 -263.809387 37.309402
v -271.671570 -264.328430 35.000000
v -271.671570 -261.500000 37.828426
v -274.500000 -234.500000 11.000000
v -274.500000 -230.500000 15.000000
v -270.500000 -234.500000 15.000000
v -274.500000 -231.671570 12.171573
v -272.190613 -232.190598 12.690598
v -271.671570 -231.671570 15.000000
v -271.671570 -234.500000 12.171573
v -274.500000 -234.500000 39.000000
v -270.500000 -234.500000 35.000000
v -274.500000 -230.500000 35.000000
v -271.671570 -234.500000 37.828426
v -272.190613 -232.190598 37.309402
v -271.671570 -231.671570 35.000000
v -274.500000 -231.671570 37.828426
v -300.500000 -260.500000 35.500000
v -300.500000 -261.500000 36.500000
v -301.336334 -260.672882 35.966301
v -301.056763 -261.176575 35.906197
v -300.500000 -261.500000 39.500000
v -301.500000 -260.500000 39.500000
v -300.577698 -261.092621 40.323742
v -301.176575 -261.056763 40.093807
v -301.286163 -235.109558 35.930672
v -301.092590 -234.676270 36.422340
v -300.577698 -234.907394 35.676270
v -300.500000 -235.500000 40.500000
v -300.500000 -234.500000 39.500000
v -301.336334 -235.327164 40.033703
v -301.056763 -234.823441 40.093800
v -274.500000 -260.500000 36.500000
v -275.500000 -261.500000 36.500000
v -274.823456 -261.056763 35.906197
v -275.422333 -261.092621 35.676262
v -275.500000 -260.500000 40.500000
v -275.500000 -261.500000 39.500000
v -274.906219 -261.056763 40.176571
v -274.676270 -261.092590 39.577702
v -275.500000 -235.500000 35.500000
v -275.500000 -234.500000 36.500000
v -274.906219 -234.943268 35.823433
v -274.676270 -234.907410 36.422295
v -274.500000 -235.500000 39.500000
v -275.500000 -234.500000 39.500000
v -274.823456 -234.943268 40.093800
v -275.422333 -234.907394 40.323734
v -288.000031 -238.397018 40.204685
v -288.000000 -238.000000 41.000000
v -287.915192 -238.146957 43.584595
v -284.563354 -239.703186 40.000000
v -284.307770 -238.864517 40.415421
v -284.370941 -239.089645 43.789436
v -284.173157 -238.761200 43.000000
v -280.928925 -240.928925 41.000000
v -281.237366 -241.156677 40.210564
v -281.649902 -241.649887 44.000000
v -280.958344 -241.100403 43.562992
v -279.703186 -244.563339 40.000000
v -278.914764 -244.150604 40.470356
v -279.133301 -244.265564 43.789436
v -278.761200 -244.173172 43.000000
v -278.000000 -248.000000 41.000000
v -278.424286 -247.910995 40.164371
v -279.019592 -248.000000 44.000000
v -278.142059 -248.100433 43.563004
v -278.761200 -251.826828 41.000000
v -279.119110 -251.582245 40.164368
v -279.127991 -251.674850 43.795319
v -278.761200 -251.826828 43.000000
v -280.928925 -255.071075 41.000000
v -281.185913 -254.814072 40.215729
v -282.965698 -255.534378 44.003830
v -281.092834 -255.027176 43.584579
v -284.563354 -256.296814 40.000000
v -284.134705 -257.069122 40.437008
v -284.320312 -257.146027 43.563000
v -288.000000 -258.000000 41.000000
v -288.000000 -257.602966 40.204678
v -287.910950 -257.575714 43.835636
v -288.000000 -258.000000 43.000000
v -291.436646 -256.296814 40.000000
v -291.702362 -257.146179 40.470364
v -291.629089 -256.910370 43.789429
v -291.826843 -257.238800 43.000000
v -295.071075 -255.071075 41.000000
v -294.762665 -254.843338 40.210571
v -294.350098 -254.350113 44.000000
v -295.033173 -254.920609 43.529629
v -297.070557 -251.848999 40.415417
v -296.866730 -251.734436 43.789433
v -297.238800 -251.826828 43.000000
v -296.885529 -249.767456 39.995407
v -297.858063 -248.067017 40.433750
v -296.980408 -248.000000 44.000000
v -297.853058 -247.915161 43.584583
v -297.238800 -244.173172 41.000000
v -296.868134 -244.326721 40.170734
v -296.866730 -244.265579 43.789433
v -297.238800 -244.173172 43.000000
v -295.071075 -240.928925 41.000000
v -294.762665 -241.156662 40.210575
v -294.350098 -241.649887 44.000000
v -294.920593 -240.966827 43.529633
v -291.436646 -239.703186 40.000000
v -291.865326 -238.930893 40.437012
v -289.766876 -239.117264 44.005741
v -291.710632 -238.866684 43.566254
v -288.016479 -243.636688 43.157330
v -287.982666 -243.643921 46.859268
v -284.246094 -245.811188 43.116211
v -284.218872 -245.836990 46.859280
v -284.213043 -250.167389 43.157318
v -284.236176 -250.193039 46.859276
v -287.982666 -252.356094 43.140736
v -288.016479 -252.363327 46.842670
v -291.763855 -250.193039 43.140732
v -291.772552 -250.156570 46.883785
v -291.781158 -245.836975 43.140732
v -291.770538 -245.804108 46.842678
v -301.500000 234.500000 11.000000
v -301.500000 230.500000 15.000000
v -305.500000 234.500000 15.000000
v -301.500000 231.671570 12.171573
v -303.809387 232.190598 12.690598
v -304.328430 231.671570 15.000000
v -304.328430 234.500000 12.171573
v -301.500000 230.500000 35.000000
v -301.500000 234.500000 39.000000
v -305.500000 234.500000 35.000000
v -301.500000 231.671570 37.828426
v -303.809387 232.190598 37.309402
v -304.328430 234.500000 37.828426
v -304.328430 231.671570 35.000000
v -301.500000 261.500000 11.000000
v -305.500000 261.500000 15.000000
v -301.500000 265.500000 15.000000
v -304.328430 261.500000 12.171573
v -303.809387 263.809387 12.690598
v -304.328430 264.328430 15.000000
v -301.500000 264.328430 12.171573
v -301.500000 261.500000 39.000000
v -301.500000 265.500000 35.000000
v -305.500000 261.500000 35.000000
v -301.500000 264.328430 37.828426
v -303.809387 263.809387 37.309402
v -304.328430 264.328430 35.000000
v -304.328430 261.500000 37.828426
v -274.500000 234.500000 11.000000
v -270.500000 234.500000 15.000000
v -274.500000 230.500000 15.000000
v -271.671570 234.500000 12.171573
v -272.190613 232.190598 12.690598
v -271.671570 231.671570 15.000000
v -274.500000 231.671570 12.171573
v -274.500000 234.500000 39.000000
v -274.500000 230.500000 35.000000
v -270.500000 234.500000 35.000000
v -274.500000 231.671570 37.828426
v -272.190613 232.190598 37.309402
v -271.671570 231.671570 35.000000
v -271.671570 234.500000 37.828426
v -274.500000 261.500000 11.000000
v -274.500000 265.500000 15.000000
v -270.500000 261.500000 15.000000
v -274.500000 264.328430 12.171573
v -272.190613 263.809387 12.690598
v -271.671570 264.328430 15.000000
v -271.671570 261.500000 12.171573
v -274.500000 261.500000 39.000000
v -270.500000 261.500000 35.000000
v -274.500000 265.500000 35.000000
v -271.671570 261.500000 37.828426
v -272.190613 263.809387 37.309402
v -271.671570 264.328430 35.000000
v -274.500000 264.328430 37.828426
v -300.500000 235.500000 35.500000
v -300.500000 234.500000 36.500000
v -301.336334 235.327164 35.966301
v -301.056763 234.823441 35.906200
v -300.577698 234.907394 40.323734
v -301.286163 235.109558 40.069332
v -301.092590 234.676270 39.577660
v -301.500000 260.500000 36.500000
v -300.500000 261.500000 36.500000
v -301.176575 261.056763 35.906197
v -300.577698 261.092621 35.676262
v -300.500000 260.500000 40.500000
v -300.500000 261.500000 39.500000
v -301.336334 260.672882 40.033703
v -301.056763 261.176575 40.093807
v -274.500000 235.500000 36.500000
v -275.500000 234.500000 36.500000
v -274.823456 234.943268 35.906204
v -275.422333 234.907394 35.676270
v -275.500000 235.500000 40.500000
v -275.500000 234.500000 39.500000
v -274.906219 234.943268 40.176571
v -274.676270 234.907410 39.577709
v -275.500000 260.500000 35.500000
v -275.500000 261.500000 36.500000
v -274.906219 261.056763 35.823433
v -274.676270 261.092590 36.422302
v -274.500000 260.500000 39.500000
v -275.500000 261.500000 39.500000
v -274.823456 261.056763 40.093803
v -275.422333 261.092621 40.323742
v -287.942963 257.620880 40.210567
v -288.000000 258.000000 41.000000
v -288.000000 258.000000 43.000000
v -288.000000 257.550140 43.842701
v -284.563354 256.296814 40.000000
v -284.320312 257.146027 40.437004
v -284.370941 256.910370 43.789433
v -284.173157 257.238800 43.000000
v -280.928925 255.071075 41.000000
v -281.185944 254.814087 40.215721
v -281.649902 254.350113 44.000000
v -280.958313 254.899597 43.562988
v -279.703186 251.436661 40.000000
v -278.914734 251.849380 40.470360
v -279.089630 251.629089 43.789433
v -278.761200 251.826828 43.000000
v -278.000000 248.000000 41.000000
v -278.401215 248.000000 40.170734
v -279.019592 248.000000 44.000000
v -278.142059 247.899567 43.563004
v -278.761200 244.173172 41.000000
v -279.187256 244.253281 40.164368
v -279.133270 244.265594 43.789429
v -278.761200 244.173172 43.000000
v -280.928925 240.928925 41.000000
v -281.237305 241.156708 40.210575
v -281.649902 241.649887 44.000000
v -281.076691 240.981888 43.566250
v -284.563354 239.703186 40.000000
v -284.134674 238.930893 40.437012
v -286.233154 239.117264 44.005741
v -284.307770 238.864517 43.584583
v -288.000000 238.000000 41.000000
v -288.057068 238.379105 40.210575
v -288.100464 238.142059 43.563011
v -291.436646 239.703186 40.000000
v -291.710632 238.866684 40.433750
v -291.629089 239.089645 43.789433
v -291.826843 238.761200 43.000000
v -295.071075 240.928925 41.000000
v -294.762665 241.156677 40.210571
v -294.350098 241.649887 44.000000
v -295.033142 241.079391 43.529629
v -296.296814 244.563339 40.000000
v -297.069122 244.134720 40.437000
v -296.903015 244.312256 43.784283
v -297.238800 244.173172 43.000000
v -297.853058 247.915161 40.415421
v -296.980408 248.000000 44.000000
v -297.866791 248.079605 43.529644
v -296.882721 249.766907 39.994259
v -297.133331 251.710617 40.433746
v -296.866730 251.734421 43.789433
v -297.238800 251.826828 43.000000
v -295.071075 255.071075 41.000000
v -294.762665 254.843338 40.210575
v -294.350098 254.350113 44.000000
v -294.899597 255.041687 43.562992
v -291.436646 256.296814 40.000000
v -291.865326 257.069122 40.437008
v -291.582245 256.880890 43.835629
v -291.826843 257.238800 43.000000
v -288.016479 252.363327 43.157330
v -287.982666 252.356094 46.859264
v -284.246063 250.188812 43.116211
v -284.218872 250.163025 46.859276
v -284.213043 245.832611 43.157314
v -284.236176 245.806961 46.859276
v -287.982666 243.643921 43.140736
v -288.016479 243.636688 46.842674
v -291.763855 245.806961 43.140732
v -291.772552 245.843430 46.883785
v -291.781158 250.163025 43.140732
v -291.770538 250.195908 46.842678
v 254.500000 -261.500000 11.000000
v 254.500000 -265.500000 15.000000
v 250.500000 -261.500000 15.000000
v 254.500000 -264.328430 12.171573
v 252.190613 -263.809387 12.690598
v 251.671570 -264.328430 15.000000
v 251.671570 -261.500000 12.171573
v 254.500000 -265.500000 35.000000
v 254.500000 -261.500000 39.000000
v 250.500000 -261.500000 35.000000
v 254.500000 -264.328430 37.828426
v 252.190613 -263.809387 37.309402
v 251.671570 -261.500000 37.828426
v 251.671570 -264.328430 35.000000
v 254.500000 -234.500000 11.000000
v 250.500000 -234.500000 15.000000
v 254.500000 -230.500000 15.000000
v 251.671570 -234.500000 12.171573
v 252.190613 -232.190598 12.690598
v 251.671570 -231.671570 15.000000
v 254.500000 -231.671570 12.171573
v 254.500000 -234.500000 39.000000
v 254.500000 -230.500000 35.000000
v 250.500000 -234.500000 35.000000
v 254.500000 -231.671570 37.828426
v 252.190613 -232.190598 37.309402
v 251.671570 -231.671570 35.000000
v 251.671570 -234.500000 37.828426
v 281.500000 -261.500000 11.000000
v 285.500000 -261.500000 15.000000
v 281.500000 -265.500000 15.000000
v 284.328430 -261.500000 12.171573
v 283.809387 -263.809387 12.690598
v 284.328430 -264.328430 15.000000
v 281.500000 -264.328430 12.171573
v 281.500000 -261.500000 39.000000
v 281.500000 -265.500000 35.000000
v 285.500000 -261.500000 35.000000
v 281.500000 -264.328430 37.828426
v 283.809387 -263.809387 37.309402
v 284.328430 -264.328430 35.000000
v 284.328430 -261.500000 37.828426
v 281.500000 -234.500000 11.000000
v 281.500000 -230.500000 15.000000
v 285.500000 -234.500000 15.000000
v 281.500000 -231.671570 12.171573
v 283.809387 -232.190598 12.690598
v 284.328430 -231.671570 15.000000
v 284.328430 -234.500000 12.171573
v 281.500000 -234.500000 39.000000
v 285.500000 -234.500000 35.000000
v 281.500000 -230.500000 35.000000
v 284.328430 -234.500000 37.828426
v 283.809387 -232.190598 37.309402
v 284.328430 -231.671570 35.000000
v 281.500000 -231.671570 37.828426
v 255.500000 -260.500000 35.500000
v 255.500000 -261.500000 36.500000
v 254.906219 -261.056763 35.823433
v 254.676270 -261.092590 36.422302
v 255.500000 -261.500000 39.500000
v 254.500000 -260.500000 39.500000
v 255.422333 -261.092621 40.323742
v 254.823456 -261.056763 40.093803
v 254.500000 -235.500000 36.500000
v 255.500000 -234.500000 36.500000
v 254.823456 -234.943268 35.906204
v 255.422333 -234.907394 35.676270
v 255.500000 -235.500000 40.500000
v 255.500000 -234.500000 39.500000
v 254.906219 -234.943268 40.176571
v 254.676270 -234.907410 39.577709
v 281.500000 -260.500000 36.500000
v 280.500000 -261.500000 36.500000
v 281.176575 -261.056763 35.906197
v 280.577698 -261.092621 35.676262
v 280.500000 -260.500000 40.500000
v 280.500000 -261.500000 39.500000
v 281.336334 -260.672882 40.033703
v 281.056763 -261.176575 40.093807
v 280.500000 -235.500000 35.500000
v 280.500000 -234.500000 36.500000
v 281.336334 -235.327164 35.966301
v 281.056763 -234.823441 35.906200
v 281.286163 -235.109558 40.069332
v 281.092590 -234.676270 39.577660
v 280.577698 -234.907394 40.323734
v 268.057068 -238.379105 40.210575
v 268.000000 -238.000000 41.000000
v 268.100464 -238.142059 43.563011
v 271.436646 -239.703186 40.000000
v 271.710632 -238.866684 40.433750
v 271.629089 -239.089645 43.789433
v 271.826843 -238.761200 43.000000
v 275.071075 -240.928925 41.000000
v 274.762665 -241.156677 40.210571
v 274.350098 -241.649887 44.000000
v 275.033142 -241.079391 43.529629
v 276.296814 -244.563339 40.000000
v 277.069122 -244.134720 40.437000
v 276.903015 -244.312256 43.784283
v 277.238800 -244.173172 43.000000
v 277.853058 -247.915161 40.415421
v 276.980408 -248.000000 44.000000
v 277.866791 -248.079605 43.529644
v 276.882721 -249.766907 39.994259
v 277.133331 -251.710617 40.433746
v 276.866730 -251.734421 43.789433
v 277.238800 -251.826828 43.000000
v 275.071075 -255.071075 41.000000
v 274.762665 -254.843338 40.210575
v 274.350098 -254.350113 44.000000
v 274.899597 -255.041687 43.562992
v 271.436646 -256.296814 40.000000
v 271.865326 -257.069122 40.437008
v 271.582245 -256.880890 43.835629
v 271.826843 -257.238800 43.000000
v 268.000000 -258.000000 41.000000
v 267.942963 -257.620880 40.210567
v 268.000000 -257.550140 43.842701
v 268.000000 -258.000000 43.000000
v 264.563354 -256.296814 40.000000
v 264.320312 -257.146027 40.437004
v 264.370941 -256.910370 43.789433
v 264.173157 -257.238800 43.000000
v 260.928925 -255.071075 41.000000
v 261.185944 -254.814087 40.215721
v 261.649902 -254.350113 44.000000
v 260.958313 -254.899597 43.562988
v 259.703186 -251.436661 40.000000
v 258.914734 -251.849380 40.470360
v 259.089630 -251.629089 43.789433
v 258.761200 -251.826828 43.000000
v 258.000000 -248.000000 41.000000
v 258.401215 -248.000000 40.170734
v 259.019592 -248.000000 44.000000
v 258.142059 -247.899567 43.563004
v 258.761200 -244.173172 41.000000
v 259.187256 -244.253281 40.164368
v 259.133270 -244.265594 43.789429
v 258.761200 -244.173172 43.000000
v 260.928925 -240.928925 41.000000
v 261.237305 -241.156708 40.210575
v 261.649902 -241.649887 44.000000
v 261.076691 -240.981888 43.566250
v 264.563354 -239.703186 40.000000
v 264.134674 -238.930893 40.437012
v 266.233154 -239.117264 44.005741
v 264.307770 -238.864517 43.584583
v 267.983551 -243.636688 43.157330
v 268.017334 -243.643906 46.859268
v 271.753937 -245.811188 43.116219
v 271.781158 -245.836975 46.859268
v 271.786987 -250.167389 43.157326
v 271.763855 -250.193039 46.859268
v 268.017365 -252.356094 43.140736
v 267.983551 -252.363327 46.842670
v 264.236176 -250.193039 43.140728
v 264.227478 -250.156570 46.883789
v 264.218872 -245.836990 43.140724
v 264.229492 -245.804108 46.842686
v 254.500000 234.500000 11.000000
v 254.500000 230.500000 15.000000
v 250.500000 234.500000 15.000000
v 254.500000 231.671570 12.171573
v 252.190613 232.190598 12.690598
v 251.671570 231.671570 15.000000
v 251.671570 234.500000 12.171573
v 254.500000 230.500000 35.000000
v 254.500000 234.500000 39.000000
v 250.500000 234.500000 35.000000
v 254.500000 231.671570 37.828426
v 252.190613 232.190598 37.309402
v 251.671570 234.500000 37.828426
v 251.671570 231.671570 35.000000
v 254.500000 261.500000 11.000000
v 250.500000 261.500000 15.000000
v 254.500000 265.500000 15.000000
v 251.671570 261.500000 12.171573
v 252.190613 263.809387 12.690598
v 251.671570 264.328430 15.000000
v 254.500000 264.328430 12.171573
v 254.500000 261.500000 39.000000
v 254.500000 265.500000 35.000000
v 250.500000 261.500000 35.000000
v 254.500000 264.328430 37.828426
v 252.190613 263.809387 37.309402
v 251.671570 264.328430 35.000000
v 251.671570 261.500000 37.828426
v 281.500000 234.500000 11.000000
v 285.500000 234.500000 15.000000
v 281.500000 230.500000 15.000000
v 284.328430 234.500000 12.171573
v 283.809387 232.190598 12.690598
v 284.328430 231.671570 15.000000
v 281.500000 231.671570 12.171573
v 281.500000 234.500000 39.000000
v 281.500000 230.500000 35.000000
v 285.500000 234.500000 35.000000
v 281.500000 231.671570 37.828426
v 283.809387 232.190598 37.309402
v 284.328430 231.671570 35.000000
v 284.328430 234.500000 37.828426
v 281.500000 261.500000 11.000000
v 281.500000 265.500000 15.000000
v 285.500000 261.500000 15.000000
v 281.500000 264.328430 12.171573
v 283.809387 263.809387 12.690598
v 284.328430 264.328430 15.000000
v 284.328430 261.500000 12.171573
v 281.500000 261.500000 39.000000
v 285.500000 261.500000 35.000000
v 281.500000 265.500000 35.000000
v 284.328430 261.500000 37.828426
v 283.809387 263.809387 37.309402
v 284.328430 264.328430 35.000000
v 281.500000 264.328430 37.828426
v 255.500000 235.500000 35.500000
v 255.500000 234.500000 36.500000
v 254.906219 234.943268 35.823433
v 254.676270 234.907410 36.422295
v 255.500000 234.500000 39.500000
v 254.500000 235.500000 39.500000
v 255.422333 234.907394 40.323734
v 254.823456 234.943268 40.093800
v 254.500000 260.500000 36.500000
v 255.500000 261.500000 36.500000
v 254.823456 261.056763 35.906197
v 255.422333 261.092621 35.676262
v 255.500000 260.500000 40.500000
v 255.500000 261.500000 39.500000
v 254.906219 261.056763 40.176571
v 254.676270 261.092590 39.577702
v 281.286163 235.109558 35.930672
v 281.092590 234.676270 36.422340
v 280.577698 234.907394 35.676270
v 280.500000 235.500000 40.500000
v 280.500000 234.500000 39.500000
v 281.336334 235.327164 40.033703
v 281.056763 234.823441 40.093800
v 280.500000 260.500000 35.500000
v 280.500000 261.500000 36.500000
v 281.336334 260.672882 35.966301
v 281.056763 261.176575 35.906197
v 281.500000 260.500000 39.500000
v 280.500000 261.500000 39.500000
v 281.176575 261.056763 40.093807
v 280.577698 261.092621 40.323742
v 268.000000 257.602966 40.204678
v 268.000000 258.000000 41.000000
v 268.000000 258.000000 43.000000
v 267.910950 257.575714 43.835636
v 271.436646 256.296814 40.000000
v 271.702362 257.146179 40.470364
v 271.629089 256.910370 43.789429
v 271.826843 257.238800 43.000000
v 275.071075 255.071075 41.000000
v 274.762665 254.843338 40.210571
v 274.350098 254.350113 44.000000
v 275.033173 254.920609 43.529629
v 277.070557 251.848999 40.415417
v 276.866730 251.734436 43.789433
v 277.238800 251.826828 43.000000
v 276.885529 249.767456 39.995407
v 277.858063 248.067017 40.433750
v 276.980408 248.000000 44.000000
v 277.853058 247.915161 43.584583
v 277.238800 244.173172 41.000000
v 276.868134 244.326721 40.170734
v 276.866730 244.265579 43.789433
v 277.238800 244.173172 43.000000
v 275.071075 240.928925 41.000000
v 274.762665 241.156662 40.210575
v 274.350098 241.649887 44.000000
v 274.920593 240.966827 43.529633
v 271.436646 239.703186 40.000000
v 271.865326 238.930893 40.437012
v 269.766876 239.117264 44.005741
v 271.710632 238.866684 43.566254
v 268.000000 238.000000 41.000000
v 268.000031 238.397018 40.204685
v 267.915192 238.146957 43.584595
v 264.563354 239.703186 40.000000
v 264.307770 238.864517 40.415421
v 264.370941 239.089645 43.789436
v 264.173157 238.761200 43.000000
v 260.928925 240.928925 41.000000
v 261.237366 241.156677 40.210564
v 261.649902 241.649887 44.000000
v 260.958344 241.100403 43.562992
v 259.703186 244.563339 40.000000
v 258.914764 244.150604 40.470356
v 259.133301 244.265564 43.789436
v 258.761200 244.173172 43.000000
v 258.000000 248.000000 41.000000
v 258.424286 247.910995 40.164371
v 259.019592 248.000000 44.000000
v 258.142059 248.100433 43.563004
v 258.761200 251.826828 41.000000
v 259.119110 251.582245 40.164368
v 259.127991 251.674850 43.795319
v 258.761200 251.826828 43.000000
v 260.928925 255.071075 41.000000
v 261.185913 254.814072 40.215729
v 262.965698 255.534378 44.003830
v 261.092834 255.027176 43.584579
v 264.563354 256.296814 40.000000
v 264.134705 257.069122 40.437008
v 264.320312 257.146027 43.563000
v 267.983551 252.363327 43.157330
v 268.017365 252.356094 46.859264
v 271.753937 250.188812 43.116219
v 271.781158 250.163025 46.859268
v 271.786987 245.832611 43.157326
v 271.763855 245.806961 46.859272
v 268.017334 243.643906 43.140736
v 267.983551 243.636688 46.842674
v 264.236176 245.806961 43.140724
v 264.227478 245.843430 46.883793
v 264.218872 250.163025 43.140724
v 264.229492 250.195892 46.842682
v -21.999985 0.000000 30.000000
v -9.272063 0.000000 35.272079
v -3.999987 0.000000 48.000000
v -9.272065 0.000000 60.727921
v -21.999989 0.000000 66.000000
v -34.727909 0.000000 60.727921
v -39.999985 0.000000 48.000000
v -34.727909 0.000000 35.272079
v -21.999985 24.799973 31.625473
v -9.272064 24.111828 36.852448
v -3.999987 22.450500 49.471481
v -9.272065 20.789175 62.090515
v -21.999989 20.101030 67.317490
v -34.727909 20.789175 62.090515
v -39.999985 22.450500 49.471481
v -34.727909 24.111828 36.852448
v -21.999985 49.175606 36.474091
v -9.272064 47.811092 41.566528
v -3.999987 44.516865 53.860764
v -9.272066 41.222637 66.154984
v -21.999989 39.858124 71.247421
v -34.727913 41.222637 66.154984
v -39.999985 44.516865 53.860764
v -34.727909 47.811092 41.566528
v -21.999987 72.709839 44.462875
v -9.272064 70.692299 49.333649
v -3.999989 65.821541 61.092712
v -9.272066 60.950775 72.851776
v -21.999989 58.933239 77.722549
v -34.727913 60.950775 72.851776
v -39.999989 65.821541 61.092712
v -34.727909 70.692299 49.333649
v -21.999989 95.000023 55.455185
v -9.272065 92.363983 60.020935
v -3.999989 86.000023 71.043640
v -9.272067 79.636055 82.066345
v -21.999989 77.000015 86.632095
v -34.727913 79.636055 82.066345
v -39.999989 86.000023 71.043640
v -34.727909 92.363983 60.020935
v -21.999989 115.664650 69.262848
v -9.272066 112.455208 73.445465
v -3.999990 104.706947 83.543213
v -9.272068 96.958679 93.640945
v -21.999990 93.749245 97.823570
v -34.727913 96.958679 93.640945
v -39.999992 104.706947 83.543213
v -34.727913 112.455208 73.445465
v -21.999989 134.350296 85.649719
v -9.272068 130.622375 89.377655
v -3.999990 121.622375 98.377647
v -9.272069 112.622375 107.377647
v -21.999992 108.894455 111.105568
v -34.727913 112.622375 107.377647
v -39.999992 121.622375 98.377647
v -34.727913 130.622375 89.377655
v -21.999992 150.737106 104.335304
v -9.272069 146.554489 107.544746
v -3.999992 136.456757 115.293015
v -9.272070 126.359016 123.041283
v -21.999992 122.176392 126.250725
v -34.727913 126.359016 123.041283
v -39.999992 136.456757 115.293015
v -34.727913 146.554489 107.544746
v -21.999992 164.544830 125.000008
v -9.272071 159.979080 127.636047
v -3.999994 148.956375 134.000000
v -9.272072 137.933670 140.363968
v -21.999994 133.367920 143.000000
v -34.727917 137.933670 140.363968
v -39.999992 148.956375 134.000000
v -34.727917 159.979080 127.636047
v -21.999994 175.537094 147.290100
v -9.272072 170.666336 149.307648
v -3.999994 158.907257 154.178406
v -9.272073 147.148193 159.049179
v -21.999996 142.277435 161.066711
v -34.727917 147.148193 159.049179
v -39.999992 158.907257 154.178406
v -34.727917 170.666336 149.307648
v -21.999996 183.525909 170.824371
v -9.272074 178.433472 172.188889
v -3.999996 166.139236 175.483124
v -9.272075 153.845016 178.777344
v -21.999996 148.752579 180.141861
v -34.727921 153.845016 178.777344
v -39.999996 166.139236 175.483124
v -34.727921 178.433472 172.188889
v -21.999998 188.374527 195.200058
v -9.272076 183.147552 195.888199
v -3.999998 170.528519 197.549530
v -9.272076 157.909485 199.210846
v -21.999998 152.682510 199.898987
v -34.727921 157.909485 199.210846
v -40.000000 170.528519 197.549530
v -34.727921 183.147552 195.888199
v -22.000000 190.000000 219.999985
v -9.272078 184.727921 219.999985
v -4.000000 172.000000 219.999985
v -9.272078 159.272079 219.999985
v -22.000000 154.000000 219.999985
v -34.727921 159.272079 219.999985
v -40.000000 172.000000 219.999985
v -34.727921 184.727921 219.999985
v -22.000002 188.374512 244.800003
v -9.272079 183.147537 244.111862
v -4.000002 170.528503 242.450531
v -9.272079 157.909485 240.789200
v -22.000002 152.682510 240.101059
v -34.727924 157.909485 240.789200
v -40.000000 170.528503 242.450531
v -34.727924 183.147537 244.111862
v -22.000004 183.525909 269.175598
v -9.272081 178.433472 267.811096
v -4.000004 166.139252 264.516846
v -9.272080 153.845016 261.222626
v -22.000004 148.752579 259.858124
v -34.727924 153.845016 261.222626
v -40.000004 166.139252 264.516846
v -34.727928 178.433472 267.811096
v -22.000006 175.537109 292.709869
v -9.272083 170.666336 290.692322
v -4.000006 158.907272 285.821564
v -9.272082 147.148209 280.950806
v -22.000004 142.277451 278.933258
v -34.727928 147.148209 280.950806
v -40.000008 158.907272 285.821564
v -34.727928 170.666336 290.692322
v -22.000008 164.544846 314.999969
v -9.272084 159.979095 312.363922
v -4.000006 148.956390 305.999969
v -9.272083 137.933685 299.636017
v -22.000006 133.367935 296.999969
v -34.727928 137.933685 299.636017
v -40.000008 148.956390 305.999969
v -34.727928 159.979095 312.363922
v -22.000008 150.737137 335.664673
v -9.272086 146.554504 332.455231
v -4.000008 136.456772 324.706970
v -9.272085 126.359032 316.958710
v -22.000008 122.176414 313.749268
v -34.727928 126.359032 316.958710
v -40.000008 136.456772 324.706970
v -34.727932 146.554504 332.455231
v -22.000011 134.350250 354.350342
v -9.272087 130.622330 350.622375
v -4.000010 121.622330 341.622406
v -9.272086 112.622337 332.622375
v -22.000008 108.894417 328.894470
v -34.727932 112.622337 332.622375
v -40.000008 121.622330 341.622406
v -34.727932 130.622330 350.622375
v -22.000011 115.664673 370.737122
v -9.272089 112.455231 366.554504
v -4.000010 104.706963 356.456787
v -9.272087 96.958702 346.359039
v -22.000010 93.749260 342.176422
v -34.727932 96.958702 346.359039
v -40.000008 104.706963 356.456787
v -34.727936 112.455231 366.554504
v -22.000011 95.000046 384.544800
v -9.272090 92.364006 379.979065
v -4.000011 86.000038 368.956360
v -9.272088 79.636078 357.933655
v -22.000011 77.000038 353.367889
v -34.727932 79.636078 357.933655
v -40.000011 86.000038 368.956360
v -34.727936 92.364006 379.979065
v -22.000013 72.709862 395.537109
v -9.272091 70.692322 390.666321
v -4.000011 65.821556 378.907288
v -9.272089 60.950794 367.148193
v -22.000011 58.933258 362.277466
v -34.727936 60.950794 367.148193
v -40.000011 65.821556 378.907288
v -34.727936 70.692322 390.666321
v -22.000015 49.175594 403.525909
v -9.272091 47.811081 398.433472
v -4.000013 44.516853 386.139252
v -9.272089 41.222630 373.845032
v -22.000011 39.858116 368.752563
v -34.727936 41.222630 373.845032
v -40.000015 44.516853 386.139252
v -34.727936 47.811081 398.433472
v -22.000015 24.800001 408.374512
v -9.272091 24.111856 403.147522
v -4.000013 22.450527 390.528503
v -9.272090 20.789198 377.909485
v -22.000011 20.101053 372.682495
v -34.727936 20.789198 377.909485
v -40.000015 22.450527 390.528503
v -34.727936 24.111856 403.147522
v -22.000015 0.000017 410.000000
v -9.272092 0.000016 404.727905
v -4.000013 0.000015 392.000000
v -9.272090 0.000014 379.272095
v -22.000011 0.000013 374.000000
v -34.727936 0.000014 379.272095
v -40.000015 0.000015 392.000000
v -34.727936 0.000016 404.727905
v -22.000015 -24.800001 408.374512
v -9.272091 -24.111856 403.147522
v -4.000013 -22.450527 390.528503
v -9.272090 -20.789198 377.909485
v -22.000011 -20.101053 372.682495
v -34.727936 -20.789198 377.909485
v -40.000015 -22.450527 390.528503
v -34.727936 -24.111856 403.147522
v -22.000015 -49.175594 403.525909
v -9.272091 -47.811081 398.433472
v -4.000013 -44.516853 386.139252
v -9.272089 -41.222630 373.845032
v -22.000011 -39.858116 368.752563
v -34.727936 -41.222630 373.845032
v -40.000015 -44.516853 386.139252
v -34.727936 -47.811081 398.433472
v -22.000013 -72.709785 395.537140
v -9.272091 -70.692245 390.666382
v -4.000011 -65.821487 378.907288
v -9.272089 -60.950729 367.148254
v -22.000011 -58.933193 362.277466
v -34.727936 -60.950729 367.148254
v -40.000011 -65.821487 378.907288
v -34.727936 -70.692245 390.666382
v -22.000011 -94.999969 384.544861
v -9.272090 -92.363930 379.979095
v -4.000011 -85.999969 368.956390
v -9.272088 -79.636009 357.933685
v -22.000011 -76.999969 353.367920
v -34.727932 -79.636009 357.933685
v -40.000011 -85.999969 368.956390
v -34.727936 -92.363930 379.979095
v -22.000011 -115.664673 370.737122
v -9.272089 -112.455231 366.554504
v -4.000010 -104.706963 356.456787
v -9.272087 -96.958702 346.359039
v -22.000010 -93.749260 342.176422
v -34.727932 -96.958702 346.359039
v -40.000008 -104.706963 356.456787
v -34.727936 -112.455231 366.554504
v -22.000011 -134.350250 354.350342
v -9.272087 -130.622330 350.622375
v -4.000010 -121.622330 341.622406
v -9.272086 -112.622337 332.622375
v -22.000008 -108.894417 328.894470
v -34.727932 -112.622337 332.622375
v -40.000008 -121.622330 341.622406
v -34.727932 -130.622330 350.622375
v -22.000008 -150.737076 335.664734
v -9.272086 -146.554459 332.455322
v -4.000008 -136.456726 324.707031
v -9.272085 -126.358986 316.958771
v -22.000008 -122.176369 313.749329
v -34.727928 -126.358986 316.958771
v -40.000008 -136.456726 324.707031
v -34.727932 -146.554459 332.455322
v -22.000008 -164.544846 314.999969
v -9.272084 -159.979095 312.363922
v -4.000006 -148.956390 305.999969
v -9.272083 -137.933685 299.636017
v -22.000006 -133.367935 296.999969
v -34.727928 -137.933685 299.636017
v -40.000008 -148.956390 305.999969
v -34.727928 -159.979095 312.363922
v -22.000006 -175.537109 292.709869
v -9.272083 -170.666336 290.692322
v -4.000006 -158.907272 285.821564
v -9.272082 -147.148209 280.950806
v -22.000004 -142.277451 278.933258
v -34.727928 -147.148209 280.950806
v -40.000008 -158.907272 285.821564
v -34.727928 -170.666336 290.692322
v -22.000004 -183.525894 269.175690
v -9.272081 -178.433456 267.811157
v -4.000004 -166.139236 264.516937
v -9.272080 -153.845001 261.222717
v -22.000004 -148.752563 259.858185
v -34.727924 -153.845001 261.222717
v -40.000004 -166.139236 264.516937
v -34.727928 -178.433456 267.811157
v -22.000002 -188.374512 244.800095
v -9.272079 -183.147537 244.111938
v -4.000002 -170.528503 242.450607
v -9.272079 -157.909470 240.789276
v -22.000002 -152.682495 240.101120
v -34.727924 -157.909470 240.789276
v -40.000000 -170.528503 242.450607
v -34.727924 -183.147537 244.111938
v -22.000000 -190.000000 219.999985
v -9.272078 -184.727921 219.999985
v -4.000000 -172.000000 219.999985
v -9.272078 -159.272079 219.999985
v -22.000000 -154.000000 219.999985
v -34.727921 -159.272079 219.999985
v -40.000000 -172.000000 219.999985
v -34.727921 -184.727921 219.999985
v -21.999998 -188.374527 195.200058
v -9.272076 -183.147552 195.888199
v -3.999998 -170.528519 197.549530
v -9.272076 -157.909485 199.210846
v -21.999998 -152.682510 199.898987
v -34.727921 -157.909485 199.210846
v -40.000000 -170.528519 197.549530
v -34.727921 -183.147552 195.888199
v -21.999996 -183.525925 170.824463
v -9.272074 -178.433487 172.188980
v -3.999996 -166.139267 175.483200
v -9.272075 -153.845032 178.777420
v -21.999996 -148.752594 180.141937
v -34.727921 -153.845032 178.777420
v -39.999996 -166.139267 175.483200
v -34.727921 -178.433487 172.188980
v -21.999994 -175.537094 147.290100
v -9.272072 -170.666336 149.307648
v -3.999994 -158.907257 154.178406
v -9.272073 -147.148193 159.049179
v -21.999996 -142.277435 161.066711
v -34.727917 -147.148193 159.049179
v -39.999992 -158.907257 154.178406
v -34.727917 -170.666336 149.307648
v -21.999992 -164.544830 125.000008
v -9.272071 -159.979080 127.636047
v -3.999994 -148.956375 134.000000
v -9.272072 -137.933670 140.363968
v -21.999994 -133.367920 143.000000
v -34.727917 -137.933670 140.363968
v -39.999992 -148.956375 134.000000
v -34.727917 -159.979080 127.636047
v -21.999992 -150.737167 104.335373
v -9.272069 -146.554535 107.544807
v -3.999992 -136.456802 115.293076
v -9.272070 -126.359062 123.041336
v -21.999992 -122.176437 126.250778
v -34.727913 -126.359062 123.041336
v -39.999992 -136.456802 115.293076
v -34.727913 -146.554535 107.544807
v -21.999989 -134.350372 85.649780
v -9.272068 -130.622437 89.377701
v -3.999990 -121.622437 98.377701
v -9.272069 -112.622429 107.377693
v -21.999992 -108.894508 111.105614
v -34.727913 -112.622429 107.377693
v -39.999992 -121.622437 98.377701
v -34.727913 -130.622437 89.377701
v -21.999989 -115.664650 69.262848
v -9.272066 -112.455208 73.445465
v -3.999990 -104.706947 83.543213
v -9.272068 -96.958679 93.640945
v -21.999990 -93.749245 97.823570
v -34.727913 -96.958679 93.640945
v -39.999992 -104.706947 83.543213
v -34.727913 -112.455208 73.445465
v -21.999989 -95.000023 55.455185
v -9.272065 -92.363983 60.020935
v -3.999989 -86.000023 71.043640
v -9.272067 -79.636055 82.066345
v -21.999989 -77.000015 86.632095
v -34.727913 -79.636055 82.066345
v -39.999989 -86.000023 71.043640
v -34.727909 -92.363983 60.020935
v -21.999987 -72.709923 44.462921
v -9.272064 -70.692383 49.333679
v -3.999989 -65.821617 61.092743
v -9.272066 -60.950848 72.851807
v -21.999989 -58.933308 77.722580
v -34.727913 -60.950848 72.851807
v -39.999989 -65.821617 61.092743
v -34.727909 -70.692383 49.333679
v -21.999985 -49.175568 36.474091
v -9.272064 -47.811054 41.566528
v -3.999987 -44.516830 53.860748
v -9.272066 -41.222603 66.154984
v -21.999989 -39.858093 71.247421
v -34.727913 -41.222603 66.154984
v -39.999985 -44.516830 53.860748
v -34.727909 -47.811054 41.566528
v -21.999985 -24.799973 31.625473
v -9.272064 -24.111828 36.852448
v -3.999987 -22.450500 49.471481
v -9.272065 -20.789175 62.090515
v -21.999989 -20.101030 67.317490
v -34.727909 -20.789175 62.090515
v -39.999985 -22.450500 49.471481
v -34.727909 -24.111828 36.852448
v -18.999987 0.000000 42.000000
v -16.171558 0.000000 43.171570
v -14.999987 0.000000 46.000000
v -16.171560 0.000000 48.828430
v -18.999989 0.000000 50.000000
v -21.828415 0.000000 48.828430
v -22.999987 0.000000 46.000000
v -21.828415 0.000000 43.171570
v -18.999987 23.233658 43.522812
v -16.171558 23.080738 44.684357
v -14.999987 22.711554 47.488586
v -16.171560 22.342369 50.292816
v -18.999989 22.189449 51.454376
v -21.828415 22.342369 50.292816
v -22.999987 22.711554 47.488586
v -21.828415 23.080738 44.684357
v -18.999987 46.069778 48.065201
v -16.171560 45.766556 49.196854
v -14.999987 45.034504 51.928909
v -16.171560 44.302452 54.660965
v -18.999989 43.999226 55.792618
v -21.828415 44.302452 54.660965
v -22.999989 45.034504 51.928909
v -21.828415 45.766556 49.196854
v -18.999989 68.117638 55.549438
v -16.171560 67.669296 56.631821
v -14.999989 66.586906 59.244949
v -16.171562 65.504509 61.858078
v -18.999989 65.056175 62.940475
v -21.828415 65.504509 61.858078
v -22.999989 66.586906 59.244949
v -21.828415 67.669296 56.631821
v -18.999989 89.000023 65.847488
v -16.171562 88.414238 66.862106
v -14.999989 87.000023 69.311600
v -16.171562 85.585808 71.761078
v -18.999989 85.000023 72.775696
v -21.828415 85.585808 71.761078
v -22.999989 87.000023 69.311600
v -21.828415 88.414238 66.862106
v -18.999989 108.359512 78.783081
v -16.171562 107.646309 79.712555
v -14.999990 105.924469 81.956497
v -16.171562 104.202629 84.200439
v -18.999989 103.489426 85.129913
v -21.828417 104.202629 84.200439
v -22.999989 105.924469 81.956497
v -21.828417 107.646309 79.712555
v -18.999990 125.865013 94.135002
v -16.171562 125.036591 94.963432
v -14.999990 123.036591 96.963432
v -16.171564 121.036583 98.963432
v -18.999990 120.208160 99.791862
v -21.828419 121.036583 98.963432
v -22.999990 123.036591 96.963432
v -21.828419 125.036591 94.963432
v -18.999992 141.216873 111.640442
v -16.171566 140.287399 112.353653
v -14.999992 138.043457 114.075493
v -16.171566 135.799515 115.797333
v -18.999992 134.870041 116.510536
v -21.828419 135.799515 115.797333
v -22.999992 138.043457 114.075493
v -21.828419 140.287399 112.353653
v -18.999992 154.152527 131.000000
v -16.171566 153.137924 131.585785
v -14.999993 150.688431 133.000000
v -16.171566 148.238937 134.414215
v -18.999992 147.224319 135.000000
v -21.828421 148.238937 134.414215
v -22.999992 150.688431 133.000000
v -21.828421 153.137924 131.585785
v -18.999996 164.450546 151.882309
v -16.171568 163.368149 152.330658
v -14.999994 160.755020 153.413040
v -16.171568 158.141891 154.495438
v -18.999996 157.059509 154.943787
v -21.828423 158.141891 154.495438
v -22.999996 160.755020 153.413040
v -21.828423 163.368149 152.330658
v -18.999996 171.934799 173.930206
v -16.171570 170.803146 174.233429
v -14.999996 168.071091 174.965485
v -16.171570 165.339035 175.697540
v -18.999996 164.207382 176.000763
v -21.828423 165.339035 175.697540
v -22.999996 168.071091 174.965485
v -21.828423 170.803146 174.233429
v -18.999998 176.477188 196.766373
v -16.171572 175.315643 196.919296
v -14.999998 172.511414 197.288483
v -16.171572 169.707184 197.657654
v -18.999998 168.545624 197.810577
v -21.828426 169.707184 197.657654
v -22.999998 172.511414 197.288483
v -21.828426 175.315643 196.919296
v -19.000000 178.000000 219.999985
v -16.171574 176.828430 219.999985
v -15.000000 174.000000 219.999985
v -16.171574 171.171570 219.999985
v -19.000000 170.000000 219.999985
v -21.828426 171.171570 219.999985
v -23.000000 174.000000 219.999985
v -21.828426 176.828430 219.999985
v -19.000002 176.477173 243.233688
v -16.171574 175.315628 243.080765
v -15.000002 172.511398 242.711578
v -16.171574 169.707169 242.342392
v -19.000002 168.545624 242.189484
v -21.828428 169.707169 242.342392
v -23.000002 172.511398 242.711578
v -21.828428 175.315628 243.080765
v -19.000004 171.934799 266.069763
v -16.171577 170.803162 265.766541
v -15.000004 168.071106 265.034485
v -16.171577 165.339050 264.302429
v -19.000004 164.207397 263.999207
v -21.828430 165.339050 264.302429
v -23.000004 168.071106 265.034485
v -21.828430 170.803162 265.766541
v -19.000004 164.450546 288.117676
v -16.171577 163.368164 287.669312
v -15.000005 160.755035 286.586914
v -16.171577 158.141907 285.504547
v -19.000004 157.059509 285.056213
v -21.828432 158.141907 285.504547
v -23.000006 160.755035 286.586914
v -21.828432 163.368164 287.669312
v -19.000008 154.152542 308.999969
v -16.171579 153.137924 308.414185
v -15.000007 150.688431 306.999969
v -16.171579 148.238953 305.585754
v -19.000008 147.224335 304.999969
v -21.828434 148.238953 305.585754
v -23.000008 150.688431 306.999969
v -21.828434 153.137924 308.414185
v -19.000008 141.216888 328.359528
v -16.171581 140.287415 327.646332
v -15.000008 138.043472 325.924500
v -16.171581 135.799530 324.202637
v -19.000008 134.870071 323.489441
v -21.828434 135.799530 324.202637
v -23.000008 138.043472 325.924500
v -21.828434 140.287415 327.646332
v -19.000010 125.864975 345.865051
v -16.171581 125.036545 345.036621
v -15.000010 123.036545 343.036621
v -16.171581 121.036545 341.036621
v -19.000010 120.208122 340.208191
v -21.828436 121.036545 341.036621
v -23.000010 123.036545 343.036621
v -21.828438 125.036545 345.036621
v -19.000011 108.359535 361.216888
v -16.171583 107.646332 360.287415
v -15.000010 105.924492 358.043457
v -16.171583 104.202652 355.799530
v -19.000011 103.489441 354.870056
v -21.828438 104.202652 355.799530
v -23.000011 105.924492 358.043457
v -21.828438 107.646332 360.287415
v -19.000011 89.000046 374.152496
v -16.171585 88.414261 373.137878
v -15.000011 87.000038 370.688416
v -16.171585 85.585823 368.238892
v -19.000011 85.000038 367.224304
v -21.828438 85.585823 368.238892
v -23.000011 87.000038 370.688416
v -21.828438 88.414261 373.137878
v -19.000011 68.117661 384.450562
v -16.171585 67.669319 383.368164
v -15.000012 66.586929 380.755035
v -16.171585 65.504532 378.141907
v -19.000011 65.056190 377.059509
v -21.828438 65.504532 378.141907
v -23.000011 66.586929 380.755035
v -21.828440 67.669319 383.368164
v -19.000013 46.069767 391.934814
v -16.171585 45.766544 390.803162
v -15.000012 45.034492 388.071106
v -16.171585 44.302441 385.339050
v -19.000011 43.999218 384.207397
v -21.828440 44.302441 385.339050
v -23.000013 45.034492 388.071106
v -21.828440 45.766544 390.803162
v -19.000013 23.233685 396.477173
v -16.171585 23.080765 395.315613
v -15.000013 22.711580 392.511414
v -16.171585 22.342396 389.707153
v -19.000011 22.189474 388.545624
v -21.828440 22.342396 389.707153
v -23.000013 22.711580 392.511414
v -21.828442 23.080765 395.315613
v -19.000013 0.000016 398.000000
v -16.171585 0.000015 396.828430
v -15.000013 0.000015 394.000000
v -16.171585 0.000015 391.171570
v -19.000011 0.000015 390.000000
v -21.828440 0.000015 391.171570
v -23.000013 0.000015 394.000000
v -21.828442 0.000015 396.828430
v -19.000013 -23.233685 396.477173
v -16.171585 -23.080765 395.315613
v -15.000013 -22.711580 392.511414
v -16.171585 -22.342396 389.707153
v -19.000011 -22.189474 388.545624
v -21.828440 -22.342396 389.707153
v -23.000013 -22.711580 392.511414
v -21.828442 -23.080765 395.315613
v -19.000013 -46.069767 391.934814
v -16.171585 -45.766544 390.803162
v -15.000012 -45.034492 388.071106
v -16.171585 -44.302441 385.339050
v -19.000011 -43.999218 384.207397
v -21.828440 -44.302441 385.339050
v -23.000013 -45.034492 388.071106
v -21.828440 -45.766544 390.803162
v -19.000011 -68.117584 384.450562
v -16.171585 -67.669243 383.368195
v -15.000012 -66.586853 380.755066
v -16.171585 -65.504463 378.141937
v -19.000011 -65.056122 377.059540
v -21.828438 -65.504463 378.141937
v -23.000011 -66.586853 380.755066
v -21.828440 -67.669243 383.368195
v -19.000011 -88.999969 374.152527
v -16.171585 -88.414185 373.137939
v -15.000011 -86.999969 370.688416
v -16.171585 -85.585754 368.238953
v -19.000011 -84.999969 367.224335
v -21.828438 -85.585754 368.238953
v -23.000011 -86.999969 370.688416
v -21.828438 -88.414185 373.137939
v -19.000011 -108.359535 361.216888
v -16.171583 -107.646332 360.287415
v -15.000010 -105.924492 358.043457
v -16.171583 -104.202652 355.799530
v -19.000011 -103.489441 354.870056
v -21.828438 -104.202652 355.799530
v -23.000011 -105.924492 358.043457
v -21.828438 -107.646332 360.287415
v -19.000010 -125.864975 345.865051
v -16.171581 -125.036545 345.036621
v -15.000010 -123.036545 343.036621
v -16.171581 -121.036545 341.036621
v -19.000010 -120.208122 340.208191
v -21.828436 -121.036545 341.036621
v -23.000010 -123.036545 343.036621
v -21.828438 -125.036545 345.036621
v -19.000008 -141.216843 328.359619
v -16.171581 -140.287369 327.646393
v -15.000008 -138.043427 325.924561
v -16.171581 -135.799484 324.202728
v -19.000008 -134.870010 323.489502
v -21.828434 -135.799484 324.202728
v -23.000008 -138.043427 325.924561
v -21.828434 -140.287369 327.646393
v -19.000008 -154.152542 308.999969
v -16.171579 -153.137924 308.414185
v -15.000007 -150.688431 306.999969
v -16.171579 -148.238953 305.585754
v -19.000008 -147.224335 304.999969
v -21.828434 -148.238953 305.585754
v -23.000008 -150.688431 306.999969
v -21.828434 -153.137924 308.414185
v -19.000004 -164.450546 288.117676
v -16.171577 -163.368164 287.669312
v -15.000005 -160.755035 286.586914
v -16.171577 -158.141907 285.504547
v -19.000004 -157.059509 285.056213
v -21.828432 -158.141907 285.504547
v -23.000006 -160.755035 286.586914
v -21.828432 -163.368164 287.669312
v -19.000004 -171.934784 266.069855
v -16.171577 -170.803131 265.766632
v -15.000004 -168.071075 265.034576
v -16.171577 -165.339035 264.302521
v -19.000004 -164.207382 263.999298
v -21.828430 -165.339035 264.302521
v -23.000004 -168.071075 265.034576
v -21.828430 -170.803131 265.766632
v -19.000002 -176.477173 243.233765
v -16.171574 -175.315628 243.080841
v -15.000002 -172.511383 242.711670
v -16.171574 -169.707153 242.342468
v -19.000002 -168.545609 242.189560
v -21.828428 -169.707153 242.342468
v -23.000002 -172.511383 242.711670
v -21.828428 -175.315628 243.080841
v -19.000000 -178.000000 219.999985
v -16.171574 -176.828430 219.999985
v -15.000000 -174.000000 219.999985
v -16.171574 -171.171570 219.999985
v -19.000000 -170.000000 219.999985
v -21.828426 -171.171570 219.999985
v -23.000000 -174.000000 219.999985
v -21.828426 -176.828430 219.999985
v -18.999998 -176.477188 196.766373
v -16.171572 -175.315643 196.919296
v -14.999998 -172.511414 197.288483
v -16.171572 -169.707184 197.657654
v -18.999998 -168.545624 197.810577
v -21.828426 -169.707184 197.657654
v -22.999998 -172.511414 197.288483
v -21.828426 -175.315643 196.919296
v -18.999996 -171.934814 173.930298
v -16.171570 -170.803162 174.233521
v -14.999996 -168.071106 174.965561
v -16.171570 -165.339066 175.697617
v -18.999996 -164.207413 176.000839
v -21.828423 -165.339066 175.697617
v -22.999996 -168.071106 174.965561
v -21.828423 -170.803162 174.233521
v -18.999996 -164.450546 151.882309
v -16.171568 -163.368149 152.330658
v -14.999994 -160.755020 153.413040
v -16.171568 -158.141891 154.495438
v -18.999996 -157.059509 154.943787
v -21.828423 -158.141891 154.495438
v -22.999996 -160.755020 153.413040
v -21.828423 -163.368149 152.330658
v -18.999992 -154.152527 131.000000
v -16.171566 -153.137924 131.585785
v -14.999993 -150.688431 133.000000
v -16.171566 -148.238937 134.414215
v -18.999992 -147.224319 135.000000
v -21.828421 -148.238937 134.414215
v -22.999992 -150.688431 133.000000
v -21.828421 -153.137924 131.585785
v -18.999992 -141.216919 111.640511
v -16.171566 -140.287460 112.353714
v -14.999992 -138.043503 114.075554
v -16.171566 -135.799561 115.797394
v -18.999992 -134.870102 116.510597
v -21.828419 -135.799561 115.797394
v -22.999992 -138.043503 114.075554
v -21.828419 -140.287460 112.353714
v -18.999990 -125.865082 94.135056
v -16.171562 -125.036652 94.963486
v -14.999990 -123.036652 96.963486
v -16.171564 -121.036644 98.963486
v -18.999990 -120.208221 99.791908
v -21.828419 -121.036644 98.963486
v -22.999990 -123.036652 96.963486
v -21.828419 -125.036652 94.963486
v -18.999989 -108.359512 78.783081
v -16.171562 -107.646309 79.712555
v -14.999990 -105.924469 81.956497
v -16.171562 -104.202629 84.200439
v -18.999989 -103.489426 85.129913
v -21.828417 -104.202629 84.200439
v -22.999989 -105.924469 81.956497
v -21.828417 -107.646309 79.712555
v -18.999989 -89.000023 65.847488
v -16.171562 -88.414238 66.862106
v -14.999989 -87.000023 69.311600
v -16.171562 -85.585808 71.761078
v -18.999989 -85.000023 72.775696
v -21.828415 -85.585808 71.761078
v -22.999989 -87.000023 69.311600
v -21.828415 -88.414238 66.862106
v -18.999989 -68.117722 55.549469
v -16.171560 -67.669380 56.631851
v -14.999989 -66.586983 59.244980
v -16.171562 -65.504593 61.858109
v -18.999989 -65.056252 62.940506
v -21.828415 -65.504593 61.858109
v -22.999989 -66.586983 59.244980
v -21.828415 -67.669380 56.631851
v -18.999987 -46.069740 48.065201
v -16.171560 -45.766518 49.196838
v -14.999987 -45.034466 51.928894
v -16.171560 -44.302418 54.660950
v -18.999989 -43.999191 55.792603
v -21.828415 -44.302418 54.660950
v -22.999989 -45.034466 51.928894
v -21.828415 -45.766518 49.196838
v -18.999987 -23.233658 43.522812
v -16.171558 -23.080738 44.684357
v -14.999987 -22.711554 47.488586
v -16.171560 -22.342369 50.292816
v -18.999989 -22.189449 51.454376
v -21.828415 -22.342369 50.292816
v -22.999987 -22.711554 47.488586
v -21.828415 -23.080738 44.684357
v -16.999989 0.000000 66.500000
v -15.232222 0.000000 67.232239
v -14.499989 0.000000 69.000000
v -15.232222 0.000000 70.767761
v -16.999989 0.000000 71.500000
v -18.767756 0.000000 70.767761
v -19.499989 0.000000 69.000000
v -18.767756 0.000000 67.232239
v -16.999989 20.035767 67.813217
v -15.232222 19.940191 68.539185
v -14.499989 19.709452 70.291824
v -15.232222 19.478712 72.044464
v -16.999989 19.383137 72.770432
v -18.767756 19.478712 72.044464
v -19.499989 19.709452 70.291824
v -18.767756 19.940191 68.539185
v -16.999989 39.728714 71.730392
v -15.232222 39.539196 72.437683
v -14.499989 39.081665 74.145203
v -15.232222 38.624138 75.852722
v -16.999989 38.434620 76.560013
v -18.767757 38.624138 75.852722
v -19.499989 39.081665 74.145203
v -18.767756 39.539196 72.437683
v -16.999989 58.741898 78.184494
v -15.232223 58.461681 78.860992
v -14.499990 57.785187 80.494186
v -15.232223 57.108696 82.127380
v -16.999989 56.828480 82.803879
v -18.767757 57.108696 82.127380
v -19.499989 57.785187 80.494186
v -18.767757 58.461681 78.860992
v -16.999990 76.750015 87.065109
v -15.232224 76.383896 87.699249
v -14.499990 75.500015 89.230179
v -15.232224 74.616135 90.761108
v -16.999990 74.250015 91.395233
v -18.767757 74.616135 90.761108
v -19.499990 75.500015 89.230179
v -18.767757 76.383896 87.699249
v -16.999990 93.444862 98.220245
v -15.232224 92.999100 98.801170
v -14.499990 91.922958 100.203629
v -15.232224 90.846817 101.606087
v -16.999990 90.401054 102.187012
v -18.767757 90.846817 101.606087
v -19.499990 91.922958 100.203629
v -18.767757 92.999100 98.801170
v -16.999992 108.540901 111.459122
v -15.232225 108.023125 111.976891
v -14.499992 106.773132 113.226891
v -15.232225 105.523132 114.476883
v -16.999992 105.005363 114.994652
v -18.767759 105.523132 114.476883
v -19.499992 106.773132 113.226891
v -18.767759 108.023125 111.976891
v -16.999992 121.779716 126.555099
v -15.232225 121.198792 127.000862
v -14.499993 119.796333 128.076996
v -15.232226 118.393875 129.153152
v -16.999992 117.812950 129.598907
v -18.767761 118.393875 129.153152
v -19.499992 119.796333 128.076996
v -18.767761 121.198792 127.000862
v -16.999994 132.934906 143.250000
v -15.232227 132.300766 143.616119
v -14.499994 130.769836 144.500000
v -15.232227 129.238922 145.383881
v -16.999994 128.604782 145.750000
v -18.767761 129.238922 145.383881
v -19.499994 130.769836 144.500000
v -18.767761 132.300766 143.616119
v -16.999996 141.815491 161.258057
v -15.232229 141.138992 161.538269
v -14.499996 139.505798 162.214767
v -15.232229 137.872604 162.891266
v -16.999996 137.196091 163.171478
v -18.767763 137.872604 162.891266
v -19.499996 139.505798 162.214767
v -18.767761 141.138992 161.538269
v -16.999996 148.269608 180.271271
v -15.232230 147.562317 180.460785
v -14.499997 145.854797 180.918320
v -15.232230 144.147278 181.375854
v -16.999996 143.439987 181.565369
v -18.767765 144.147278 181.375854
v -19.499996 145.854797 180.918320
v -18.767765 147.562317 180.460785
v -16.999998 152.186783 199.964264
v -15.232231 151.460815 200.059830
v -14.499998 149.708176 200.290573
v -15.232231 147.955536 200.521317
v -16.999998 147.229568 200.616882
v -18.767765 147.955536 200.521317
v -19.499998 149.708176 200.290573
v -18.767765 151.460815 200.059830
v -17.000000 153.500000 219.999985
v -15.232233 152.767761 219.999985
v -14.500000 151.000000 219.999985
v -15.232233 149.232239 219.999985
v -17.000000 148.500000 219.999985
v -18.767767 149.232239 219.999985
v -19.500000 151.000000 219.999985
v -18.767767 152.767761 219.999985
v -17.000002 152.186783 240.035797
v -15.232235 151.460800 239.940216
v -14.500002 149.708176 239.709473
v -15.232235 147.955536 239.478729
v -17.000002 147.229553 239.383163
v -18.767769 147.955536 239.478729
v -19.500002 149.708176 239.709473
v -18.767769 151.460800 239.940216
v -17.000004 148.269623 259.728699
v -15.232236 147.562332 259.539185
v -14.500003 145.854813 259.081665
v -15.232236 144.147278 258.624146
v -17.000004 143.439987 258.434601
v -18.767769 144.147278 258.624146
v -19.500004 145.854813 259.081665
v -18.767769 147.562332 259.539185
v -17.000004 141.815506 278.741913
v -15.232237 141.139008 278.461700
v -14.500004 139.505798 277.785217
v -15.232237 137.872604 277.108704
v -17.000004 137.196106 276.828491
v -18.767771 137.872604 277.108704
v -19.500004 139.505798 277.785217
v -18.767773 141.139008 278.461700
v -17.000006 132.934921 296.749969
v -15.232239 132.300781 296.383850
v -14.500006 130.769852 295.499969
v -15.232239 129.238922 294.616089
v -17.000006 128.604782 294.249969
v -18.767773 129.238922 294.616089
v -19.500006 130.769852 295.499969
v -18.767773 132.300781 296.383850
v -17.000008 121.779732 313.444885
v -15.232241 121.198807 312.999115
v -14.500007 119.796349 311.922974
v -15.232240 118.393890 310.846832
v -17.000008 117.812965 310.401062
v -18.767773 118.393890 310.846832
v -19.500008 119.796349 311.922974
v -18.767773 121.198807 312.999115
v -17.000008 108.540863 328.540924
v -15.232241 108.023094 328.023132
v -14.500008 106.773094 326.773132
v -15.232241 105.523102 325.523163
v -17.000008 105.005325 325.005371
v -18.767775 105.523102 325.523163
v -19.500008 106.773094 326.773132
v -18.767775 108.023094 328.023132
v -17.000010 93.444878 341.779724
v -15.232243 92.999123 341.198792
v -14.500010 91.922974 339.796356
v -15.232243 90.846832 338.393890
v -17.000010 90.401070 337.812958
v -18.767776 90.846832 338.393890
v -19.500010 91.922974 339.796356
v -18.767776 92.999123 341.198792
v -17.000010 76.750038 352.934875
v -15.232243 76.383919 352.300720
v -14.500010 75.500038 350.769836
v -15.232243 74.616158 349.238892
v -17.000010 74.250038 348.604736
v -18.767776 74.616158 349.238892
v -19.500010 75.500038 350.769836
v -18.767776 76.383919 352.300720
v -17.000011 58.741917 361.815491
v -15.232244 58.461700 361.139008
v -14.500010 57.785206 359.505798
v -15.232244 57.108715 357.872620
v -17.000011 56.828499 357.196106
v -18.767776 57.108715 357.872620
v -19.500011 57.785206 359.505798
v -18.767776 58.461700 361.139008
v -17.000011 39.728706 368.269623
v -15.232244 39.539188 367.562317
v -14.500011 39.081657 365.854797
v -15.232244 38.624126 364.147278
v -17.000011 38.434608 363.440002
v -18.767776 38.624126 364.147278
v -19.500011 39.081657 365.854797
v -18.767778 39.539188 367.562317
v -17.000011 20.035789 372.186768
v -15.232244 19.940214 371.460815
v -14.500011 19.709475 369.708191
v -15.232244 19.478735 367.955536
v -17.000011 19.383158 367.229553
v -18.767778 19.478735 367.955536
v -19.500011 19.709475 369.708191
v -18.767778 19.940214 371.460815
v -17.000011 0.000013 373.500000
v -15.232244 0.000013 372.767761
v -14.500011 0.000013 371.000000
v -15.232244 0.000013 369.232239
v -17.000011 0.000013 368.500000
v -18.767778 0.000013 369.232239
v -19.500011 0.000013 371.000000
v -18.767778 0.000013 372.767761
v -17.000011 -20.035789 372.186768
v -15.232244 -19.940214 371.460815
v -14.500011 -19.709475 369.708191
v -15.232244 -19.478735 367.955536
v -17.000011 -19.383158 367.229553
v -18.767778 -19.478735 367.955536
v -19.500011 -19.709475 369.708191
v -18.767778 -19.940214 371.460815
v -17.000011 -39.728706 368.269623
v -15.232244 -39.539188 367.562317
v -14.500011 -39.081657 365.854797
v -15.232244 -38.624126 364.147278
v -17.000011 -38.434608 363.440002
v -18.767776 -38.624126 364.147278
v -19.500011 -39.081657 365.854797
v -18.767778 -39.539188 367.562317
v -17.000011 -58.741852 361.815552
v -15.232244 -58.461636 361.139038
v -14.500010 -57.785145 359.505829
v -15.232244 -57.108650 357.872620
v -17.000011 -56.828434 357.196136
v -18.767776 -57.108650 357.872620
v -19.500011 -57.785145 359.505829
v -18.767776 -58.461636 361.139038
v -17.000010 -76.749969 352.934937
v -15.232243 -76.383850 352.300781
v -14.500010 -75.499969 350.769836
v -15.232243 -74.616096 349.238922
v -17.000010 -74.249977 348.604797
v -18.767776 -74.616096 349.238922
v -19.500010 -75.499969 350.769836
v -18.767776 -76.383850 352.300781
v -17.000010 -93.444878 341.779724
v -15.232243 -92.999123 341.198792
v -14.500010 -91.922974 339.796356
v -15.232243 -90.846832 338.393890
v -17.000010 -90.401070 337.812958
v -18.767776 -90.846832 338.393890
v -19.500010 -91.922974 339.796356
v -18.767776 -92.999123 341.198792
v -17.000008 -108.540863 328.540924
v -15.232241 -108.023094 328.023132
v -14.500008 -106.773094 326.773132
v -15.232241 -105.523102 325.523163
v -17.000008 -105.005325 325.005371
v -18.767775 -105.523102 325.523163
v -19.500008 -106.773094 326.773132
v -18.767775 -108.023094 328.023132
v -17.000008 -121.779686 313.444946
v -15.232241 -121.198769 312.999176
v -14.500007 -119.796303 311.923035
v -15.232240 -118.393845 310.846893
v -17.000008 -117.812927 310.401123
v -18.767773 -118.393845 310.846893
v -19.500008 -119.796303 311.923035
v -18.767773 -121.198769 312.999176
v -17.000006 -132.934921 296.749969
v -15.232239 -132.300781 296.383850
v -14.500006 -130.769852 295.499969
v -15.232239 -129.238922 294.616089
v -17.000006 -128.604782 294.249969
v -18.767773 -129.238922 294.616089
v -19.500006 -130.769852 295.499969
v -18.767773 -132.300781 296.383850
v -17.000004 -141.815506 278.741913
v -15.232237 -141.139008 278.461700
v -14.500004 -139.505798 277.785217
v -15.232237 -137.872604 277.108704
v -17.000004 -137.196106 276.828491
v -18.767771 -137.872604 277.108704
v -19.500004 -139.505798 277.785217
v -18.767773 -141.139008 278.461700
v -17.000004 -148.269608 259.728760
v -15.232236 -147.562317 259.539246
v -14.500003 -145.854782 259.081726
v -15.232236 -144.147263 258.624207
v -17.000004 -143.439972 258.434692
v -18.767769 -144.147263 258.624207
v -19.500004 -145.854782 259.081726
v -18.767769 -147.562317 259.539246
v -17.000002 -152.186768 240.035858
v -15.232235 -151.460800 239.940292
v -14.500002 -149.708160 239.709549
v -15.232235 -147.955521 239.478806
v -17.000002 -147.229553 239.383224
v -18.767769 -147.955521 239.478806
v -19.500002 -149.708160 239.709549
v -18.767769 -151.460800 239.940292
v -17.000000 -153.500000 219.999985
v -15.232233 -152.767761 219.999985
v -14.500000 -151.000000 219.999985
v -15.232233 -149.232239 219.999985
v -17.000000 -148.500000 219.999985
v -18.767767 -149.232239 219.999985
v -19.500000 -151.000000 219.999985
v -18.767767 -152.767761 219.999985
v -16.999998 -152.186783 199.964264
v -15.232231 -151.460815 200.059830
v -14.499998 -149.708176 200.290573
v -15.232231 -147.955536 200.521317
v -16.999998 -147.229568 200.616882
v -18.767765 -147.955536 200.521317
v -19.499998 -149.708176 200.290573
v -18.767765 -151.460815 200.059830
v -16.999996 -148.269638 180.271347
v -15.232230 -147.562347 180.460861
v -14.499997 -145.854813 180.918396
v -15.232230 -144.147293 181.375916
v -16.999996 -143.440002 181.565430
v -18.767765 -144.147293 181.375916
v -19.499996 -145.854813 180.918396
v -18.767765 -147.562347 180.460861
v -16.999996 -141.815491 161.258057
v -15.232229 -141.138992 161.538269
v -14.499996 -139.505798 162.214767
v -15.232229 -137.872604 162.891266
v -16.999996 -137.196091 163.171478
v -18.767763 -137.872604 162.891266
v -19.499996 -139.505798 162.214767
v -18.767761 -141.138992 161.538269
v -16.999994 -132.934906 143.250000
v -15.232227 -132.300766 143.616119
v -14.499994 -130.769836 144.500000
v -15.232227 -129.238922 145.383881
v -16.999994 -128.604782 145.750000
v -18.767761 -129.238922 145.383881
v -19.499994 -130.769836 144.500000
v -18.767761 -132.300766 143.616119
v -16.999992 -121.779762 126.555161
v -15.232225 -121.198837 127.000916
v -14.499993 -119.796379 128.077057
v -15.232226 -118.393921 129.153198
v -16.999992 -117.812996 129.598969
v -18.767761 -118.393921 129.153198
v -19.499992 -119.796379 128.077057
v -18.767761 -121.198837 127.000916
v -16.999992 -108.540955 111.459167
v -15.232225 -108.023178 111.976936
v -14.499992 -106.773186 113.226929
v -15.232225 -105.523186 114.476929
v -16.999992 -105.005417 114.994698
v -18.767759 -105.523186 114.476929
v -19.499992 -106.773186 113.226929
v -18.767759 -108.023178 111.976936
v -16.999990 -93.444862 98.220245
v -15.232224 -92.999100 98.801170
v -14.499990 -91.922958 100.203629
v -15.232224 -90.846817 101.606087
v -16.999990 -90.401054 102.187012
v -18.767757 -90.846817 101.606087
v -19.499990 -91.922958 100.203629
v -18.767757 -92.999100 98.801170
v -16.999990 -76.750015 87.065109
v -15.232224 -76.383896 87.699249
v -14.499990 -75.500015 89.230179
v -15.232224 -74.616135 90.761108
v -16.999990 -74.250015 91.395233
v -18.767757 -74.616135 90.761108
v -19.499990 -75.500015 89.230179
v -18.767757 -76.383896 87.699249
v -16.999989 -58.741966 78.184509
v -15.232223 -58.461750 78.861008
v -14.499990 -57.785255 80.494217
v -15.232223 -57.108761 82.127411
v -16.999989 -56.828545 82.803909
v -18.767757 -57.108761 82.127411
v -19.499989 -57.785255 80.494217
v -18.767757 -58.461750 78.861008
v -16.999989 -39.728683 71.730377
v -15.232222 -39.539165 72.437668
v -14.499989 -39.081635 74.145187
v -15.232222 -38.624104 75.852722
v -16.999989 -38.434589 76.560013
v -18.767757 -38.624104 75.852722
v -19.499989 -39.081635 74.145187
v -18.767756 -39.539165 72.437668
v -16.999989 -20.035767 67.813217
v -15.232222 -19.940191 68.539185
v -14.499989 -19.709452 70.291824
v -15.232222 -19.478712 72.044464
v -16.999989 -19.383137 72.770432
v -18.767756 -19.478712 72.044464
v -19.499989 -19.709452 70.291824
v -18.767756 -19.940191 68.539185
v 22.000015 0.000000 30.000000
v 34.727936 0.000000 35.272079
v 40.000015 0.000000 48.000000
v 34.727936 0.000000 60.727921
v 22.000011 0.000000 66.000000
v 9.272091 0.000000 60.727921
v 4.000013 0.000000 48.000000
v 9.272091 0.000000 35.272079
v 22.000015 24.799973 31.625473
v 34.727936 24.111828 36.852448
v 40.000015 22.450500 49.471481
v 34.727936 20.789175 62.090515
v 22.000011 20.101030 67.317490
v 9.272091 20.789175 62.090515
v 4.000013 22.450500 49.471481
v 9.272091 24.111828 36.852448
v 22.000015 49.175606 36.474091
v 34.727936 47.811092 41.566528
v 40.000015 44.516865 53.860764
v 34.727936 41.222637 66.154984
v 22.000011 39.858124 71.247421
v 9.272089 41.222637 66.154984
v 4.000013 44.516865 53.860764
v 9.272091 47.811092 41.566528
v 22.000011 72.709839 44.462875
v 34.727936 70.692299 49.333649
v 40.000011 65.821541 61.092712
v 34.727936 60.950775 72.851776
v 22.000011 58.933239 77.722549
v 9.272089 60.950775 72.851776
v 4.000011 65.821541 61.092712
v 9.272091 70.692299 49.333649
v 22.000011 95.000023 55.455185
v 34.727936 92.363983 60.020935
v 40.000011 86.000023 71.043640
v 34.727932 79.636055 82.066345
v 22.000011 77.000015 86.632095
v 9.272087 79.636055 82.066345
v 4.000011 86.000023 71.043640
v 9.272091 92.363983 60.020935
v 22.000011 115.664650 69.262848
v 34.727936 112.455208 73.445465
v 40.000008 104.706947 83.543213
v 34.727932 96.958679 93.640945
v 22.000008 93.749245 97.823570
v 9.272087 96.958679 93.640945
v 4.000010 104.706947 83.543213
v 9.272089 112.455208 73.445465
v 22.000011 134.350296 85.649719
v 34.727932 130.622375 89.377655
v 40.000008 121.622375 98.377647
v 34.727932 112.622375 107.377647
v 22.000008 108.894455 111.105568
v 9.272087 112.622375 107.377647
v 4.000010 121.622375 98.377647
v 9.272087 130.622375 89.377655
v 22.000008 150.737106 104.335304
v 34.727932 146.554489 107.544746
v 40.000008 136.456757 115.293015
v 34.727928 126.359016 123.041283
v 22.000008 122.176392 126.250725
v 9.272085 126.359016 123.041283
v 4.000008 136.456757 115.293015
v 9.272087 146.554489 107.544746
v 22.000008 164.544830 125.000008
v 34.727928 159.979080 127.636047
v 40.000008 148.956375 134.000000
v 34.727928 137.933670 140.363968
v 22.000008 133.367920 143.000000
v 9.272083 137.933670 140.363968
v 4.000006 148.956375 134.000000
v 9.272083 159.979080 127.636047
v 22.000004 175.537094 147.290100
v 34.727928 170.666336 149.307648
v 40.000008 158.907257 154.178406
v 34.727928 147.148193 159.049179
v 22.000004 142.277435 161.066711
v 9.272083 147.148193 159.049179
v 4.000006 158.907257 154.178406
v 9.272083 170.666336 149.307648
v 22.000004 183.525909 170.824371
v 34.727928 178.433472 172.188889
v 40.000004 166.139236 175.483124
v 34.727924 153.845016 178.777344
v 22.000004 148.752579 180.141861
v 9.272079 153.845016 178.777344
v 4.000004 166.139236 175.483124
v 9.272081 178.433472 172.188889
v 22.000000 188.374527 195.200058
v 34.727924 183.147552 195.888199
v 40.000000 170.528519 197.549530
v 34.727924 157.909485 199.210846
v 22.000000 152.682510 199.898987
v 9.272079 157.909485 199.210846
v 4.000002 170.528519 197.549530
v 9.272079 183.147552 195.888199
v 22.000000 190.000000 219.999985
v 34.727921 184.727921 219.999985
v 40.000000 172.000000 219.999985
v 34.727921 159.272079 219.999985
v 22.000000 154.000000 219.999985
v 9.272078 159.272079 219.999985
v 4.000000 172.000000 219.999985
v 9.272078 184.727921 219.999985
v 21.999998 188.374512 244.800003
v 34.727921 183.147537 244.111862
v 40.000000 170.528503 242.450531
v 34.727921 157.909485 240.789200
v 21.999998 152.682510 240.101059
v 9.272076 157.909485 240.789200
v 3.999998 170.528503 242.450531
v 9.272076 183.147537 244.111862
v 21.999996 183.525909 269.175598
v 34.727921 178.433472 267.811096
v 39.999996 166.139252 264.516846
v 34.727921 153.845016 261.222626
v 21.999996 148.752579 259.858124
v 9.272076 153.845016 261.222626
v 3.999996 166.139252 264.516846
v 9.272074 178.433472 267.811096
v 21.999994 175.537109 292.709869
v 34.727917 170.666336 290.692322
v 39.999992 158.907272 285.821564
v 34.727917 147.148209 280.950806
v 21.999996 142.277451 278.933258
v 9.272072 147.148209 280.950806
v 3.999994 158.907272 285.821564
v 9.272072 170.666336 290.692322
v 21.999992 164.544846 314.999969
v 34.727917 159.979095 312.363922
v 39.999992 148.956390 305.999969
v 34.727917 137.933685 299.636017
v 21.999994 133.367935 296.999969
v 9.272072 137.933685 299.636017
v 3.999994 148.956390 305.999969
v 9.272072 159.979095 312.363922
v 21.999990 150.737137 335.664673
v 34.727913 146.554504 332.455231
v 39.999992 136.456772 324.706970
v 34.727913 126.359032 316.958710
v 21.999992 122.176414 313.749268
v 9.272070 126.359032 316.958710
v 3.999992 136.456772 324.706970
v 9.272068 146.554504 332.455231
v 21.999990 134.350250 354.350342
v 34.727913 130.622330 350.622375
v 39.999992 121.622330 341.622406
v 34.727913 112.622337 332.622375
v 21.999992 108.894417 328.894470
v 9.272068 112.622337 332.622375
v 3.999990 121.622330 341.622406
v 9.272068 130.622330 350.622375
v 21.999989 115.664673 370.737122
v 34.727913 112.455231 366.554504
v 39.999992 104.706963 356.456787
v 34.727913 96.958702 346.359039
v 21.999990 93.749260 342.176422
v 9.272068 96.958702 346.359039
v 3.999990 104.706963 356.456787
v 9.272066 112.455231 366.554504
v 21.999987 95.000046 384.544800
v 34.727909 92.364006 379.979065
v 39.999989 86.000038 368.956360
v 34.727913 79.636078 357.933655
v 21.999990 77.000038 353.367889
v 9.272068 79.636078 357.933655
v 3.999989 86.000038 368.956360
v 9.272064 92.364006 379.979065
v 21.999987 72.709862 395.537109
v 34.727909 70.692322 390.666321
v 39.999989 65.821556 378.907288
v 34.727913 60.950794 367.148193
v 21.999989 58.933258 362.277466
v 9.272066 60.950794 367.148193
v 3.999989 65.821556 378.907288
v 9.272064 70.692322 390.666321
v 21.999987 49.175594 403.525909
v 34.727909 47.811081 398.433472
v 39.999985 44.516853 386.139252
v 34.727913 41.222630 373.845032
v 21.999989 39.858116 368.752563
v 9.272066 41.222630 373.845032
v 3.999987 44.516853 386.139252
v 9.272064 47.811081 398.433472
v 21.999987 24.800001 408.374512
v 34.727909 24.111856 403.147522
v 39.999985 22.450527 390.528503
v 34.727909 20.789198 377.909485
v 21.999989 20.101053 372.682495
v 9.272064 20.789198 377.909485
v 3.999987 22.450527 390.528503
v 9.272064 24.111856 403.147522
v 21.999985 0.000017 410.000000
v 34.727909 0.000016 404.727905
v 39.999985 0.000015 392.000000
v 34.727909 0.000014 379.272095
v 21.999989 0.000013 374.000000
v 9.272064 0.000014 379.272095
v 3.999987 0.000015 392.000000
v 9.272064 0.000016 404.727905
v 21.999987 -24.800001 408.374512
v 34.727909 -24.111856 403.147522
v 39.999985 -22.450527 390.528503
v 34.727909 -20.789198 377.909485
v 21.999989 -20.101053 372.682495
v 9.272064 -20.789198 377.909485
v 3.999987 -22.450527 390.528503
v 9.272064 -24.111856 403.147522
v 21.999987 -49.175594 403.525909
v 34.727909 -47.811081 398.433472
v 39.999985 -44.516853 386.139252
v 34.727913 -41.222630 373.845032
v 21.999989 -39.858116 368.752563
v 9.272066 -41.222630 373.845032
v 3.999987 -44.516853 386.139252
v 9.272064 -47.811081 398.433472
v 21.999987 -72.709785 395.537140
v 34.727909 -70.692245 390.666382
v 39.999989 -65.821487 378.907288
v 34.727913 -60.950729 367.148254
v 21.999989 -58.933193 362.277466
v 9.272066 -60.950729 367.148254
v 3.999989 -65.821487 378.907288
v 9.272064 -70.692245 390.666382
v 21.999987 -94.999969 384.544861
v 34.727909 -92.363930 379.979095
v 39.999989 -85.999969 368.956390
v 34.727913 -79.636009 357.933685
v 21.999990 -76.999969 353.367920
v 9.272068 -79.636009 357.933685
v 3.999989 -85.999969 368.956390
v 9.272064 -92.363930 379.979095
v 21.999989 -115.664673 370.737122
v 34.727913 -112.455231 366.554504
v 39.999992 -104.706963 356.456787
v 34.727913 -96.958702 346.359039
v 21.999990 -93.749260 342.176422
v 9.272068 -96.958702 346.359039
v 3.999990 -104.706963 356.456787
v 9.272066 -112.455231 366.554504
v 21.999990 -134.350250 354.350342
v 34.727913 -130.622330 350.622375
v 39.999992 -121.622330 341.622406
v 34.727913 -112.622337 332.622375
v 21.999992 -108.894417 328.894470
v 9.272068 -112.622337 332.622375
v 3.999990 -121.622330 341.622406
v 9.272068 -130.622330 350.622375
v 21.999990 -150.737076 335.664734
v 34.727913 -146.554459 332.455322
v 39.999992 -136.456726 324.707031
v 34.727913 -126.358986 316.958771
v 21.999992 -122.176369 313.749329
v 9.272070 -126.358986 316.958771
v 3.999992 -136.456726 324.707031
v 9.272068 -146.554459 332.455322
v 21.999992 -164.544846 314.999969
v 34.727917 -159.979095 312.363922
v 39.999992 -148.956390 305.999969
v 34.727917 -137.933685 299.636017
v 21.999994 -133.367935 296.999969
v 9.272072 -137.933685 299.636017
v 3.999994 -148.956390 305.999969
v 9.272072 -159.979095 312.363922
v 21.999994 -175.537109 292.709869
v 34.727917 -170.666336 290.692322
v 39.999992 -158.907272 285.821564
v 34.727917 -147.148209 280.950806
v 21.999996 -142.277451 278.933258
v 9.272072 -147.148209 280.950806
v 3.999994 -158.907272 285.821564
v 9.272072 -170.666336 290.692322
v 21.999996 -183.525894 269.175690
v 34.727921 -178.433456 267.811157
v 39.999996 -166.139236 264.516937
v 34.727921 -153.845001 261.222717
v 21.999996 -148.752563 259.858185
v 9.272076 -153.845001 261.222717
v 3.999996 -166.139236 264.516937
v 9.272074 -178.433456 267.811157
v 21.999998 -188.374512 244.800095
v 34.727921 -183.147537 244.111938
v 40.000000 -170.528503 242.450607
v 34.727921 -157.909470 240.789276
v 21.999998 -152.682495 240.101120
v 9.272076 -157.909470 240.789276
v 3.999998 -170.528503 242.450607
v 9.272076 -183.147537 244.111938
v 22.000000 -190.000000 219.999985
v 34.727921 -184.727921 219.999985
v 40.000000 -172.000000 219.999985
v 34.727921 -159.272079 219.999985
v 22.000000 -154.000000 219.999985
v 9.272078 -159.272079 219.999985
v 4.000000 -172.000000 219.999985
v 9.272078 -184.727921 219.999985
v 22.000000 -188.374527 195.200058
v 34.727924 -183.147552 195.888199
v 40.000000 -170.528519 197.549530
v 34.727924 -157.909485 199.210846
v 22.000000 -152.682510 199.898987
v 9.272079 -157.909485 199.210846
v 4.000002 -170.528519 197.549530
v 9.272079 -183.147552 195.888199
v 22.000004 -183.525925 170.824463
v 34.727928 -178.433487 172.188980
v 40.000004 -166.139267 175.483200
v 34.727924 -153.845032 178.777420
v 22.000004 -148.752594 180.141937
v 9.272079 -153.845032 178.777420
v 4.000004 -166.139267 175.483200
v 9.272081 -178.433487 172.188980
v 22.000004 -175.537094 147.290100
v 34.727928 -170.666336 149.307648
v 40.000008 -158.907257 154.178406
v 34.727928 -147.148193 159.049179
v 22.000004 -142.277435 161.066711
v 9.272083 -147.148193 159.049179
v 4.000006 -158.907257 154.178406
v 9.272083 -170.666336 149.307648
v 22.000008 -164.544830 125.000008
v 34.727928 -159.979080 127.636047
v 40.000008 -148.956375 134.000000
v 34.727928 -137.933670 140.363968
v 22.000008 -133.367920 143.000000
v 9.272083 -137.933670 140.363968
v 4.000006 -148.956375 134.000000
v 9.272083 -159.979080 127.636047
v 22.000008 -150.737167 104.335373
v 34.727932 -146.554535 107.544807
v 40.000008 -136.456802 115.293076
v 34.727928 -126.359062 123.041336
v 22.000008 -122.176437 126.250778
v 9.272085 -126.359062 123.041336
v 4.000008 -136.456802 115.293076
v 9.272087 -146.554535 107.544807
v 22.000011 -134.350372 85.649780
v 34.727932 -130.622437 89.377701
v 40.000008 -121.622437 98.377701
v 34.727932 -112.622429 107.377693
v 22.000008 -108.894508 111.105614
v 9.272087 -112.622429 107.377693
v 4.000010 -121.622437 98.377701
v 9.272087 -130.622437 89.377701
v 22.000011 -115.664650 69.262848
v 34.727936 -112.455208 73.445465
v 40.000008 -104.706947 83.543213
v 34.727932 -96.958679 93.640945
v 22.000008 -93.749245 97.823570
v 9.272087 -96.958679 93.640945
v 4.000010 -104.706947 83.543213
v 9.272089 -112.455208 73.445465
v 22.000011 -95.000023 55.455185
v 34.727936 -92.363983 60.020935
v 40.000011 -86.000023 71.043640
v 34.727932 -79.636055 82.066345
v 22.000011 -77.000015 86.632095
v 9.272087 -79.636055 82.066345
v 4.000011 -86.000023 71.043640
v 9.272091 -92.363983 60.020935
v 22.000011 -72.709923 44.462921
v 34.727936 -70.692383 49.333679
v 40.000011 -65.821617 61.092743
v 34.727936 -60.950848 72.851807
v 22.000011 -58.933308 77.722580
v 9.272089 -60.950848 72.851807
v 4.000011 -65.821617 61.092743
v 9.272091 -70.692383 49.333679
v 22.000015 -49.175568 36.474091
v 34.727936 -47.811054 41.566528
v 40.000015 -44.516830 53.860748
v 34.727936 -41.222603 66.154984
v 22.000011 -39.858093 71.247421
v 9.272089 -41.222603 66.154984
v 4.000013 -44.516830 53.860748
v 9.272091 -47.811054 41.566528
v 22.000015 -24.799973 31.625473
v 34.727936 -24.111828 36.852448
v 40.000015 -22.450500 49.471481
v 34.727936 -20.789175 62.090515
v 22.000011 -20.101030 67.317490
v 9.272091 -20.789175 62.090515
v 4.000013 -22.450500 49.471481
v 9.272091 -24.111828 36.852448
v 25.000015 0.000000 42.000000
v 27.828442 0.000000 43.171570
v 29.000015 0.000000 46.000000
v 27.828442 0.000000 48.828430
v 25.000011 0.000000 50.000000
v 22.171585 0.000000 48.828430
v 21.000013 0.000000 46.000000
v 22.171585 0.000000 43.171570
v 25.000011 23.233658 43.522812
v 27.828442 23.080738 44.684357
v 29.000011 22.711554 47.488586
v 27.828442 22.342369 50.292816
v 25.000011 22.189449 51.454376
v 22.171585 22.342369 50.292816
v 21.000013 22.711554 47.488586
v 22.171585 23.080738 44.684357
v 25.000011 46.069778 48.065201
v 27.828442 45.766556 49.196854
v 29.000011 45.034504 51.928909
v 27.828438 44.302452 54.660965
v 25.000011 43.999226 55.792618
v 22.171585 44.302452 54.660965
v 21.000013 45.034504 51.928909
v 22.171585 45.766556 49.196854
v 25.000011 68.117638 55.549438
v 27.828438 67.669296 56.631821
v 29.000011 66.586906 59.244949
v 27.828438 65.504509 61.858078
v 25.000011 65.056175 62.940475
v 22.171585 65.504509 61.858078
v 21.000011 66.586906 59.244949
v 22.171585 67.669296 56.631821
v 25.000011 89.000023 65.847488
v 27.828438 88.414238 66.862106
v 29.000011 87.000023 69.311600
v 27.828438 85.585808 71.761078
v 25.000011 85.000023 72.775696
v 22.171585 85.585808 71.761078
v 21.000011 87.000023 69.311600
v 22.171585 88.414238 66.862106
v 25.000011 108.359512 78.783081
v 27.828438 107.646309 79.712555
v 29.000011 105.924469 81.956497
v 27.828438 104.202629 84.200439
v 25.000011 103.489426 85.129913
v 22.171585 104.202629 84.200439
v 21.000011 105.924469 81.956497
v 22.171585 107.646309 79.712555
v 25.000008 125.865013 94.135002
v 27.828438 125.036591 94.963432
v 29.000008 123.036591 96.963432
v 27.828438 121.036583 98.963432
v 25.000008 120.208160 99.791862
v 22.171581 121.036583 98.963432
v 21.000010 123.036591 96.963432
v 22.171581 125.036591 94.963432
v 25.000008 141.216873 111.640442
v 27.828434 140.287399 112.353653
v 29.000008 138.043457 114.075493
v 27.828434 135.799515 115.797333
v 25.000008 134.870041 116.510536
v 22.171581 135.799515 115.797333
v 21.000008 138.043457 114.075493
v 22.171581 140.287399 112.353653
v 25.000008 154.152527 131.000000
v 27.828434 153.137924 131.585785
v 29.000008 150.688431 133.000000
v 27.828434 148.238937 134.414215
v 25.000008 147.224319 135.000000
v 22.171577 148.238937 134.414215
v 21.000008 150.688431 133.000000
v 22.171581 153.137924 131.585785
v 25.000004 164.450546 151.882309
v 27.828430 163.368149 152.330658
v 29.000004 160.755020 153.413040
v 27.828430 158.141891 154.495438
v 25.000004 157.059509 154.943787
v 22.171577 158.141891 154.495438
v 21.000006 160.755020 153.413040
v 22.171577 163.368149 152.330658
v 25.000004 171.934799 173.930206
v 27.828430 170.803146 174.233429
v 29.000004 168.071091 174.965485
v 27.828430 165.339035 175.697540
v 25.000004 164.207382 176.000763
v 22.171577 165.339035 175.697540
v 21.000004 168.071091 174.965485
v 22.171577 170.803146 174.233429
v 25.000000 176.477188 196.766373
v 27.828430 175.315643 196.919296
v 29.000000 172.511414 197.288483
v 27.828430 169.707184 197.657654
v 25.000000 168.545624 197.810577
v 22.171574 169.707184 197.657654
v 21.000002 172.511414 197.288483
v 22.171574 175.315643 196.919296
v 25.000000 178.000000 219.999985
v 27.828426 176.828430 219.999985
v 29.000000 174.000000 219.999985
v 27.828426 171.171570 219.999985
v 25.000000 170.000000 219.999985
v 22.171574 171.171570 219.999985
v 21.000000 174.000000 219.999985
v 22.171574 176.828430 219.999985
v 25.000000 176.477173 243.233688
v 27.828426 175.315628 243.080765
v 29.000000 172.511398 242.711578
v 27.828426 169.707169 242.342392
v 25.000000 168.545624 242.189484
v 22.171570 169.707169 242.342392
v 20.999998 172.511398 242.711578
v 22.171570 175.315628 243.080765
v 24.999996 171.934799 266.069763
v 27.828423 170.803162 265.766541
v 28.999996 168.071106 265.034485
v 27.828423 165.339050 264.302429
v 24.999996 164.207397 263.999207
v 22.171570 165.339050 264.302429
v 20.999996 168.071106 265.034485
v 22.171570 170.803162 265.766541
v 24.999996 164.450546 288.117676
v 27.828423 163.368164 287.669312
v 28.999996 160.755035 286.586914
v 27.828423 158.141907 285.504547
v 24.999996 157.059509 285.056213
v 22.171570 158.141907 285.504547
v 20.999994 160.755035 286.586914
v 22.171570 163.368164 287.669312
v 24.999992 154.152542 308.999969
v 27.828419 153.137924 308.414185
v 28.999992 150.688431 306.999969
v 27.828423 148.238953 305.585754
v 24.999992 147.224335 304.999969
v 22.171566 148.238953 305.585754
v 20.999992 150.688431 306.999969
v 22.171566 153.137924 308.414185
v 24.999992 141.216888 328.359528
v 27.828419 140.287415 327.646332
v 28.999992 138.043472 325.924500
v 27.828419 135.799530 324.202637
v 24.999992 134.870071 323.489441
v 22.171566 135.799530 324.202637
v 20.999992 138.043472 325.924500
v 22.171566 140.287415 327.646332
v 24.999992 125.864975 345.865051
v 27.828419 125.036545 345.036621
v 28.999992 123.036545 343.036621
v 27.828419 121.036545 341.036621
v 24.999992 120.208122 340.208191
v 22.171562 121.036545 341.036621
v 20.999990 123.036545 343.036621
v 22.171562 125.036545 345.036621
v 24.999989 108.359535 361.216888
v 27.828415 107.646332 360.287415
v 28.999989 105.924492 358.043457
v 27.828415 104.202652 355.799530
v 24.999989 103.489441 354.870056
v 22.171562 104.202652 355.799530
v 20.999989 105.924492 358.043457
v 22.171562 107.646332 360.287415
v 24.999989 89.000046 374.152496
v 27.828415 88.414261 373.137878
v 28.999989 87.000038 370.688416
v 27.828415 85.585823 368.238892
v 24.999989 85.000038 367.224304
v 22.171562 85.585823 368.238892
v 20.999989 87.000038 370.688416
v 22.171562 88.414261 373.137878
v 24.999989 68.117661 384.450562
v 27.828415 67.669319 383.368164
v 28.999989 66.586929 380.755035
v 27.828415 65.504532 378.141907
v 24.999989 65.056190 377.059509
v 22.171562 65.504532 378.141907
v 20.999989 66.586929 380.755035
v 22.171562 67.669319 383.368164
v 24.999989 46.069767 391.934814
v 27.828415 45.766544 390.803162
v 28.999989 45.034492 388.071106
v 27.828415 44.302441 385.339050
v 24.999989 43.999218 384.207397
v 22.171562 44.302441 385.339050
v 20.999987 45.034492 388.071106
v 22.171558 45.766544 390.803162
v 24.999989 23.233685 396.477173
v 27.828415 23.080765 395.315613
v 28.999989 22.711580 392.511414
v 27.828415 22.342396 389.707153
v 24.999989 22.189474 388.545624
v 22.171558 22.342396 389.707153
v 20.999987 22.711580 392.511414
v 22.171558 23.080765 395.315613
v 24.999985 0.000016 398.000000
v 27.828415 0.000015 396.828430
v 28.999989 0.000015 394.000000
v 27.828415 0.000015 391.171570
v 24.999989 0.000015 390.000000
v 22.171558 0.000015 391.171570
v 20.999987 0.000015 394.000000
v 22.171558 0.000015 396.828430
v 24.999989 -23.233685 396.477173
v 27.828415 -23.080765 395.315613
v 28.999989 -22.711580 392.511414
v 27.828415 -22.342396 389.707153
v 24.999989 -22.189474 388.545624
v 22.171558 -22.342396 389.707153
v 20.999987 -22.711580 392.511414
v 22.171558 -23.080765 395.315613
v 24.999989 -46.069767 391.934814
v 27.828415 -45.766544 390.803162
v 28.999989 -45.034492 388.071106
v 27.828415 -44.302441 385.339050
v 24.999989 -43.999218 384.207397
v 22.171562 -44.302441 385.339050
v 20.999987 -45.034492 388.071106
v 22.171558 -45.766544 390.803162
v 24.999989 -68.117584 384.450562
v 27.828415 -67.669243 383.368195
v 28.999989 -66.586853 380.755066
v 27.828415 -65.504463 378.141937
v 24.999989 -65.056122 377.059540
v 22.171562 -65.504463 378.141937
v 20.999989 -66.586853 380.755066
v 22.171562 -67.669243 383.368195
v 24.999989 -88.999969 374.152527
v 27.828415 -88.414185 373.137939
v 28.999989 -86.999969 370.688416
v 27.828415 -85.585754 368.238953
v 24.999989 -84.999969 367.224335
v 22.171562 -85.585754 368.238953
v 20.999989 -86.999969 370.688416
v 22.171562 -88.414185 373.137939
v 24.999989 -108.359535 361.216888
v 27.828415 -107.646332 360.287415
v 28.999989 -105.924492 358.043457
v 27.828415 -104.202652 355.799530
v 24.999989 -103.489441 354.870056
v 22.171562 -104.202652 355.799530
v 20.999989 -105.924492 358.043457
v 22.171562 -107.646332 360.287415
v 24.999992 -125.864975 345.865051
v 27.828419 -125.036545 345.036621
v 28.999992 -123.036545 343.036621
v 27.828419 -121.036545 341.036621
v 24.999992 -120.208122 340.208191
v 22.171562 -121.036545 341.036621
v 20.999990 -123.036545 343.036621
v 22.171562 -125.036545 345.036621
v 24.999992 -141.216843 328.359619
v 27.828419 -140.287369 327.646393
v 28.999992 -138.043427 325.924561
v 27.828419 -135.799484 324.202728
v 24.999992 -134.870010 323.489502
v 22.171566 -135.799484 324.202728
v 20.999992 -138.043427 325.924561
v 22.171566 -140.287369 327.646393
v 24.999992 -154.152542 308.999969
v 27.828419 -153.137924 308.414185
v 28.999992 -150.688431 306.999969
v 27.828423 -148.238953 305.585754
v 24.999992 -147.224335 304.999969
v 22.171566 -148.238953 305.585754
v 20.999992 -150.688431 306.999969
v 22.171566 -153.137924 308.414185
v 24.999996 -164.450546 288.117676
v 27.828423 -163.368164 287.669312
v 28.999996 -160.755035 286.586914
v 27.828423 -158.141907 285.504547
v 24.999996 -157.059509 285.056213
v 22.171570 -158.141907 285.504547
v 20.999994 -160.755035 286.586914
v 22.171570 -163.368164 287.669312
v 24.999996 -171.934784 266.069855
v 27.828423 -170.803131 265.766632
v 28.999996 -168.071075 265.034576
v 27.828423 -165.339035 264.302521
v 24.999996 -164.207382 263.999298
v 22.171570 -165.339035 264.302521
v 20.999996 -168.071075 265.034576
v 22.171570 -170.803131 265.766632
v 25.000000 -176.477173 243.233765
v 27.828426 -175.315628 243.080841
v 29.000000 -172.511383 242.711670
v 27.828426 -169.707153 242.342468
v 25.000000 -168.545609 242.189560
v 22.171570 -169.707153 242.342468
v 20.999998 -172.511383 242.711670
v 22.171570 -175.315628 243.080841
v 25.000000 -178.000000 219.999985
v 27.828426 -176.828430 219.999985
v 29.000000 -174.000000 219.999985
v 27.828426 -171.171570 219.999985
v 25.000000 -170.000000 219.999985
v 22.171574 -171.171570 219.999985
v 21.000000 -174.000000 219.999985
v 22.171574 -176.828430 219.999985
v 25.000000 -176.477188 196.766373
v 27.828430 -175.315643 196.919296
v 29.000000 -172.511414 197.288483
v 27.828430 -169.707184 197.657654
v 25.000000 -168.545624 197.810577
v 22.171574 -169.707184 197.657654
v 21.000002 -172.511414 197.288483
v 22.171574 -175.315643 196.919296
v 25.000004 -171.934814 173.930298
v 27.828430 -170.803162 174.233521
v 29.000004 -168.071106 174.965561
v 27.828430 -165.339066 175.697617
v 25.000004 -164.207413 176.000839
v 22.171577 -165.339066 175.697617
v 21.000004 -168.071106 174.965561
v 22.171577 -170.803162 174.233521
v 25.000004 -164.450546 151.882309
v 27.828430 -163.368149 152.330658
v 29.000004 -160.755020 153.413040
v 27.828430 -158.141891 154.495438
v 25.000004 -157.059509 154.943787
v 22.171577 -158.141891 154.495438
v 21.000006 -160.755020 153.413040
v 22.171577 -163.368149 152.330658
v 25.000008 -154.152527 131.000000
v 27.828434 -153.137924 131.585785
v 29.000008 -150.688431 133.000000
v 27.828434 -148.238937 134.414215
v 25.000008 -147.224319 135.000000
v 22.171577 -148.238937 134.414215
v 21.000008 -150.688431 133.000000
v 22.171581 -153.137924 131.585785
v 25.000008 -141.216919 111.640511
v 27.828434 -140.287460 112.353714
v 29.000008 -138.043503 114.075554
v 27.828434 -135.799561 115.797394
v 25.000008 -134.870102 116.510597
v 22.171581 -135.799561 115.797394
v 21.000008 -138.043503 114.075554
v 22.171581 -140.287460 112.353714
v 25.000008 -125.865082 94.135056
v 27.828438 -125.036652 94.963486
v 29.000008 -123.036652 96.963486
v 27.828438 -121.036644 98.963486
v 25.000008 -120.208221 99.791908
v 22.171581 -121.036644 98.963486
v 21.000010 -123.036652 96.963486
v 22.171581 -125.036652 94.963486
v 25.000011 -108.359512 78.783081
v 27.828438 -107.646309 79.712555
v 29.000011 -105.924469 81.956497
v 27.828438 -104.202629 84.200439
v 25.000011 -103.489426 85.129913
v 22.171585 -104.202629 84.200439
v 21.000011 -105.924469 81.956497
v 22.171585 -107.646309 79.712555
v 25.000011 -89.000023 65.847488
v 27.828438 -88.414238 66.862106
v 29.000011 -87.000023 69.311600
v 27.828438 -85.585808 71.761078
v 25.000011 -85.000023 72.775696
v 22.171585 -85.585808 71.761078
v 21.000011 -87.000023 69.311600
v 22.171585 -88.414238 66.862106
v 25.000011 -68.117722 55.549469
v 27.828438 -67.669380 56.631851
v 29.000011 -66.586983 59.244980
v 27.828438 -65.504593 61.858109
v 25.000011 -65.056252 62.940506
v 22.171585 -65.504593 61.858109
v 21.000011 -66.586983 59.244980
v 22.171585 -67.669380 56.631851
v 25.000011 -46.069740 48.065201
v 27.828442 -45.766518 49.196838
v 29.000011 -45.034466 51.928894
v 27.828438 -44.302418 54.660950
v 25.000011 -43.999191 55.792603
v 22.171585 -44.302418 54.660950
v 21.000013 -45.034466 51.928894
v 22.171585 -45.766518 49.196838
v 25.000011 -23.233658 43.522812
v 27.828442 -23.080738 44.684357
v 29.000011 -22.711554 47.488586
v 27.828442 -22.342369 50.292816
v 25.000011 -22.189449 51.454376
v 22.171585 -22.342369 50.292816
v 21.000013 -22.711554 47.488586
v 22.171585 -23.080738 44.684357
v 27.000011 0.000000 66.500000
v 28.767780 0.000000 67.232239
v 29.500011 0.000000 69.000000
v 28.767776 0.000000 70.767761
v 27.000011 0.000000 71.500000
v 25.232243 0.000000 70.767761
v 24.500011 0.000000 69.000000
v 25.232246 0.000000 67.232239
v 27.000011 20.035767 67.813217
v 28.767776 19.940191 68.539185
v 29.500011 19.709452 70.291824
v 28.767776 19.478712 72.044464
v 27.000011 19.383137 72.770432
v 25.232243 19.478712 72.044464
v 24.500011 19.709452 70.291824
v 25.232246 19.940191 68.539185
v 27.000011 39.728714 71.730392
v 28.767776 39.539196 72.437683
v 29.500011 39.081665 74.145203
v 28.767776 38.624138 75.852722
v 27.000011 38.434620 76.560013
v 25.232243 38.624138 75.852722
v 24.500011 39.081665 74.145203
v 25.232243 39.539196 72.437683
v 27.000011 58.741898 78.184494
v 28.767776 58.461681 78.860992
v 29.500011 57.785187 80.494186
v 28.767776 57.108696 82.127380
v 27.000011 56.828480 82.803879
v 25.232243 57.108696 82.127380
v 24.500011 57.785187 80.494186
v 25.232243 58.461681 78.860992
v 27.000011 76.750015 87.065109
v 28.767776 76.383896 87.699249
v 29.500011 75.500015 89.230179
v 28.767776 74.616135 90.761108
v 27.000011 74.250015 91.395233
v 25.232243 74.616135 90.761108
v 24.500011 75.500015 89.230179
v 25.232243 76.383896 87.699249
v 27.000008 93.444862 98.220245
v 28.767776 92.999100 98.801170
v 29.500008 91.922958 100.203629
v 28.767776 90.846817 101.606087
v 27.000008 90.401054 102.187012
v 25.232243 90.846817 101.606087
v 24.500008 91.922958 100.203629
v 25.232243 92.999100 98.801170
v 27.000008 108.540901 111.459122
v 28.767776 108.023125 111.976891
v 29.500008 106.773132 113.226891
v 28.767776 105.523132 114.476883
v 27.000008 105.005363 114.994652
v 25.232243 105.523132 114.476883
v 24.500008 106.773132 113.226891
v 25.232243 108.023125 111.976891
v 27.000008 121.779716 126.555099
v 28.767773 121.198792 127.000862
v 29.500008 119.796333 128.076996
v 28.767773 118.393875 129.153152
v 27.000008 117.812950 129.598907
v 25.232239 118.393875 129.153152
v 24.500008 119.796333 128.076996
v 25.232239 121.198792 127.000862
v 27.000008 132.934906 143.250000
v 28.767773 132.300766 143.616119
v 29.500008 130.769836 144.500000
v 28.767773 129.238922 145.383881
v 27.000004 128.604782 145.750000
v 25.232239 129.238922 145.383881
v 24.500008 130.769836 144.500000
v 25.232239 132.300766 143.616119
v 27.000004 141.815491 161.258057
v 28.767773 141.138992 161.538269
v 29.500004 139.505798 162.214767
v 28.767773 137.872604 162.891266
v 27.000004 137.196091 163.171478
v 25.232239 137.872604 162.891266
v 24.500004 139.505798 162.214767
v 25.232239 141.138992 161.538269
v 27.000004 148.269608 180.271271
v 28.767769 147.562317 180.460785
v 29.500004 145.854797 180.918320
v 28.767769 144.147278 181.375854
v 27.000004 143.439987 181.565369
v 25.232235 144.147278 181.375854
v 24.500004 145.854797 180.918320
v 25.232235 147.562317 180.460785
v 27.000000 152.186783 199.964264
v 28.767769 151.460815 200.059830
v 29.500000 149.708176 200.290573
v 28.767769 147.955536 200.521317
v 27.000000 147.229568 200.616882
v 25.232235 147.955536 200.521317
v 24.500000 149.708176 200.290573
v 25.232235 151.460815 200.059830
v 27.000000 153.500000 219.999985
v 28.767769 152.767761 219.999985
v 29.500000 151.000000 219.999985
v 28.767769 149.232239 219.999985
v 27.000000 148.500000 219.999985
v 25.232231 149.232239 219.999985
v 24.500000 151.000000 219.999985
v 25.232231 152.767761 219.999985
v 27.000000 152.186783 240.035797
v 28.767765 151.460800 239.940216
v 29.500000 149.708176 239.709473
v 28.767765 147.955536 239.478729
v 27.000000 147.229553 239.383163
v 25.232231 147.955536 239.478729
v 24.500000 149.708176 239.709473
v 25.232231 151.460800 239.940216
v 26.999996 148.269623 259.728699
v 28.767765 147.562332 259.539185
v 29.499996 145.854813 259.081665
v 28.767765 144.147278 258.624146
v 26.999996 143.439987 258.434601
v 25.232231 144.147278 258.624146
v 24.499996 145.854813 259.081665
v 25.232231 147.562332 259.539185
v 26.999996 141.815506 278.741913
v 28.767761 141.139008 278.461700
v 29.499996 139.505798 277.785217
v 28.767761 137.872604 277.108704
v 26.999996 137.196106 276.828491
v 25.232227 137.872604 277.108704
v 24.499996 139.505798 277.785217
v 25.232227 141.139008 278.461700
v 26.999992 132.934921 296.749969
v 28.767761 132.300781 296.383850
v 29.499992 130.769852 295.499969
v 28.767761 129.238922 294.616089
v 26.999996 128.604782 294.249969
v 25.232227 129.238922 294.616089
v 24.499992 130.769852 295.499969
v 25.232227 132.300781 296.383850
v 26.999992 121.779732 313.444885
v 28.767761 121.198807 312.999115
v 29.499992 119.796349 311.922974
v 28.767761 118.393890 310.846832
v 26.999992 117.812965 310.401062
v 25.232227 118.393890 310.846832
v 24.499992 119.796349 311.922974
v 25.232227 121.198807 312.999115
v 26.999992 108.540863 328.540924
v 28.767757 108.023094 328.023132
v 29.499992 106.773094 326.773132
v 28.767757 105.523102 325.523163
v 26.999992 105.005325 325.005371
v 25.232224 105.523102 325.523163
v 24.499992 106.773094 326.773132
v 25.232224 108.023094 328.023132
v 26.999992 93.444878 341.779724
v 28.767757 92.999123 341.198792
v 29.499992 91.922974 339.796356
v 28.767757 90.846832 338.393890
v 26.999992 90.401070 337.812958
v 25.232224 90.846832 338.393890
v 24.499992 91.922974 339.796356
v 25.232224 92.999123 341.198792
v 26.999989 76.750038 352.934875
v 28.767757 76.383919 352.300720
v 29.499989 75.500038 350.769836
v 28.767757 74.616158 349.238892
v 26.999989 74.250038 348.604736
v 25.232224 74.616158 349.238892
v 24.499989 75.500038 350.769836
v 25.232224 76.383919 352.300720
v 26.999989 58.741917 361.815491
v 28.767757 58.461700 361.139008
v 29.499989 57.785206 359.505798
v 28.767757 57.108715 357.872620
v 26.999989 56.828499 357.196106
v 25.232224 57.108715 357.872620
v 24.499989 57.785206 359.505798
v 25.232224 58.461700 361.139008
v 26.999989 39.728706 368.269623
v 28.767757 39.539188 367.562317
v 29.499989 39.081657 365.854797
v 28.767757 38.624126 364.147278
v 26.999989 38.434608 363.440002
v 25.232224 38.624126 364.147278
v 24.499989 39.081657 365.854797
v 25.232224 39.539188 367.562317
v 26.999989 20.035789 372.186768
v 28.767754 19.940214 371.460815
v 29.499989 19.709475 369.708191
v 28.767757 19.478735 367.955536
v 26.999989 19.383158 367.229553
v 25.232224 19.478735 367.955536
v 24.499989 19.709475 369.708191
v 25.232224 19.940214 371.460815
v 26.999989 0.000013 373.500000
v 28.767754 0.000013 372.767761
v 29.499989 0.000013 371.000000
v 28.767757 0.000013 369.232239
v 26.999989 0.000013 368.500000
v 25.232224 0.000013 369.232239
v 24.499989 0.000013 371.000000
v 25.232220 0.000013 372.767761
v 26.999989 -20.035789 372.186768
v 28.767754 -19.940214 371.460815
v 29.499989 -19.709475 369.708191
v 28.767757 -19.478735 367.955536
v 26.999989 -19.383158 367.229553
v 25.232224 -19.478735 367.955536
v 24.499989 -19.709475 369.708191
v 25.232224 -19.940214 371.460815
v 26.999989 -39.728706 368.269623
v 28.767757 -39.539188 367.562317
v 29.499989 -39.081657 365.854797
v 28.767757 -38.624126 364.147278
v 26.999989 -38.434608 363.440002
v 25.232224 -38.624126 364.147278
v 24.499989 -39.081657 365.854797
v 25.232224 -39.539188 367.562317
v 26.999989 -58.741852 361.815552
v 28.767757 -58.461636 361.139038
v 29.499989 -57.785145 359.505829
v 28.767757 -57.108650 357.872620
v 26.999989 -56.828434 357.196136
v 25.232224 -57.108650 357.872620
v 24.499989 -57.785145 359.505829
v 25.232224 -58.461636 361.139038
v 26.999989 -76.749969 352.934937
v 28.767757 -76.383850 352.300781
v 29.499989 -75.499969 350.769836
v 28.767757 -74.616096 349.238922
v 26.999989 -74.249977 348.604797
v 25.232224 -74.616096 349.238922
v 24.499989 -75.499969 350.769836
v 25.232224 -76.383850 352.300781
v 26.999992 -93.444878 341.779724
v 28.767757 -92.999123 341.198792
v 29.499992 -91.922974 339.796356
v 28.767757 -90.846832 338.393890
v 26.999992 -90.401070 337.812958
v 25.232224 -90.846832 338.393890
v 24.499992 -91.922974 339.796356
v 25.232224 -92.999123 341.198792
v 26.999992 -108.540863 328.540924
v 28.767757 -108.023094 328.023132
v 29.499992 -106.773094 326.773132
v 28.767757 -105.523102 325.523163
v 26.999992 -105.005325 325.005371
v 25.232224 -105.523102 325.523163
v 24.499992 -106.773094 326.773132
v 25.232224 -108.023094 328.023132
v 26.999992 -121.779686 313.444946
v 28.767761 -121.198769 312.999176
v 29.499992 -119.796303 311.923035
v 28.767761 -118.393845 310.846893
v 26.999992 -117.812927 310.401123
v 25.232227 -118.393845 310.846893
v 24.499992 -119.796303 311.923035
v 25.232227 -121.198769 312.999176
v 26.999992 -132.934921 296.749969
v 28.767761 -132.300781 296.383850
v 29.499992 -130.769852 295.499969
v 28.767761 -129.238922 294.616089
v 26.999996 -128.604782 294.249969
v 25.232227 -129.238922 294.616089
v 24.499992 -130.769852 295.499969
v 25.232227 -132.300781 296.383850
v 26.999996 -141.815506 278.741913
v 28.767761 -141.139008 278.461700
v 29.499996 -139.505798 277.785217
v 28.767761 -137.872604 277.108704
v 26.999996 -137.196106 276.828491
v 25.232227 -137.872604 277.108704
v 24.499996 -139.505798 277.785217
v 25.232227 -141.139008 278.461700
v 26.999996 -148.269608 259.728760
v 28.767765 -147.562317 259.539246
v 29.499996 -145.854782 259.081726
v 28.767765 -144.147263 258.624207
v 26.999996 -143.439972 258.434692
v 25.232231 -144.147263 258.624207
v 24.499996 -145.854782 259.081726
v 25.232231 -147.562317 259.539246
v 27.000000 -152.186768 240.035858
v 28.767765 -151.460800 239.940292
v 29.500000 -149.708160 239.709549
v 28.767765 -147.955521 239.478806
v 27.000000 -147.229553 239.383224
v 25.232231 -147.955521 239.478806
v 24.500000 -149.708160 239.709549
v 25.232231 -151.460800 239.940292
v 27.000000 -153.500000 219.999985
v 28.767769 -152.767761 219.999985
v 29.500000 -151.000000 219.999985
v 28.767769 -149.232239 219.999985
v 27.000000 -148.500000 219.999985
v 25.232231 -149.232239 219.999985
v 24.500000 -151.000000 219.999985
v 25.232231 -152.767761 219.999985
v 27.000000 -152.186783 199.964264
v 28.767769 -151.460815 200.059830
v 29.500000 -149.708176 200.290573
v 28.767769 -147.955536 200.521317
v 27.000000 -147.229568 200.616882
v 25.232235 -147.955536 200.521317
v 24.500000 -149.708176 200.290573
v 25.232235 -151.460815 200.059830
v 27.000004 -148.269638 180.271347
v 28.767769 -147.562347 180.460861
v 29.500004 -145.854813 180.918396
v 28.767769 -144.147293 181.375916
v 27.000004 -143.440002 181.565430
v 25.232235 -144.147293 181.375916
v 24.500004 -145.854813 180.918396
v 25.232235 -147.562347 180.460861
v 27.000004 -141.815491 161.258057
v 28.767773 -141.138992 161.538269
v 29.500004 -139.505798 162.214767
v 28.767773 -137.872604 162.891266
v 27.000004 -137.196091 163.171478
v 25.232239 -137.872604 162.891266
v 24.500004 -139.505798 162.214767
v 25.232239 -141.138992 161.538269
v 27.000008 -132.934906 143.250000
v 28.767773 -132.300766 143.616119
v 29.500008 -130.769836 144.500000
v 28.767773 -129.238922 145.383881
v 27.000004 -128.604782 145.750000
v 25.232239 -129.238922 145.383881
v 24.500008 -130.769836 144.500000
v 25.232239 -132.300766 143.616119
v 27.000008 -121.779762 126.555161
v 28.767773 -121.198837 127.000916
v 29.500008 -119.796379 128.077057
v 28.767773 -118.393921 129.153198
v 27.000008 -117.812996 129.598969
v 25.232239 -118.393921 129.153198
v 24.500008 -119.796379 128.077057
v 25.232239 -121.198837 127.000916
v 27.000008 -108.540955 111.459167
v 28.767776 -108.023178 111.976936
v 29.500008 -106.773186 113.226929
v 28.767776 -105.523186 114.476929
v 27.000008 -105.005417 114.994698
v 25.232243 -105.523186 114.476929
v 24.500008 -106.773186 113.226929
v 25.232243 -108.023178 111.976936
v 27.000008 -93.444862 98.220245
v 28.767776 -92.999100 98.801170
v 29.500008 -91.922958 100.203629
v 28.767776 -90.846817 101.606087
v 27.000008 -90.401054 102.187012
v 25.232243 -90.846817 101.606087
v 24.500008 -91.922958 100.203629
v 25.232243 -92.999100 98.801170
v 27.000011 -76.750015 87.065109
v 28.767776 -76.383896 87.699249
v 29.500011 -75.500015 89.230179
v 28.767776 -74.616135 90.761108
v 27.000011 -74.250015 91.395233
v 25.232243 -74.616135 90.761108
v 24.500011 -75.500015 89.230179
v 25.232243 -76.383896 87.699249
v 27.000011 -58.741966 78.184509
v 28.767776 -58.461750 78.861008
v 29.500011 -57.785255 80.494217
v 28.767776 -57.108761 82.127411
v 27.000011 -56.828545 82.803909
v 25.232243 -57.108761 82.127411
v 24.500011 -57.785255 80.494217
v 25.232243 -58.461750 78.861008
v 27.000011 -39.728683 71.730377
v 28.767776 -39.539165 72.437668
v 29.500011 -39.081635 74.145187
v 28.767776 -38.624104 75.852722
v 27.000011 -38.434589 76.560013
v 25.232243 -38.624104 75.852722
v 24.500011 -39.081635 74.145187
v 25.232243 -39.539165 72.437668
v 27.000011 -20.035767 67.813217
v 28.767776 -19.940191 68.539185
v 29.500011 -19.709452 70.291824
v 28.767776 -19.478712 72.044464
v 27.000011 -19.383137 72.770432
v 25.232243 -19.478712 72.044464
v 24.500011 -19.709452 70.291824
v 25.232246 -19.940191 68.539185
v -37.000000 -215.000000 31.000000
v -37.000000 -219.000000 35.000000
v -41.000000 -215.000000 35.000000
v -37.000000 -217.828430 32.171570
v -39.309402 -217.309402 32.690598
v -39.828426 -217.828430 35.000000
v -39.828426 -215.000000 32.171570
v -37.000000 -219.000000 391.000000
v -37.000000 -215.000000 395.000000
v -41.000000 -215.000000 391.000000
v -37.000000 -217.828430 393.828430
v -39.309402 -217.309402 393.309387
v -39.828426 -215.000000 393.828430
v -39.828426 -217.828430 391.000000
v -37.000000 -181.000000 31.000000
v -41.000000 -181.000000 35.000000
v -37.000000 -177.000000 35.000000
v -39.828426 -181.000000 32.171570
v -39.309402 -178.690598 32.690598
v -39.828426 -178.171570 35.000000
v -37.000000 -178.171570 32.171570
v -37.000000 -181.000000 395.000000
v -37.000000 -177.000000 391.000000
v -41.000000 -181.000000 391.000000
v -37.000000 -178.171570 393.828430
v -39.309402 -178.690598 393.309387
v -39.828426 -178.171570 391.000000
v -39.828426 -181.000000 393.828430
v 37.000000 -215.000000 31.000000
v 41.000000 -215.000000 35.000000
v 37.000000 -219.000000 35.000000
v 39.828426 -215.000000 32.171570
v 39.309402 -217.309402 32.690598
v 39.828426 -217.828430 35.000000
v 37.000000 -217.828430 32.171570
v 37.000000 -215.000000 395.000000
v 37.000000 -219.000000 391.000000
v 41.000000 -215.000000 391.000000
v 37.000000 -217.828430 393.828430
v 39.309402 -217.309402 393.309387
v 39.828426 -217.828430 391.000000
v 39.828426 -215.000000 393.828430
v 37.000000 -181.000000 31.000000
v 37.000000 -177.000000 35.000000
v 41.000000 -181.000000 35.000000
v 37.000000 -178.171570 32.171570
v 39.309402 -178.690598 32.690598
v 39.828426 -178.171570 35.000000
v 39.828426 -181.000000 32.171570
v 37.000000 -181.000000 395.000000
v 41.000000 -181.000000 391.000000
v 37.000000 -177.000000 391.000000
v 39.828426 -181.000000 393.828430
v 39.309402 -178.690598 393.309387
v 39.828426 -178.171570 391.000000
v 37.000000 -178.171570 393.828430
v 42.200001 -212.800003 85.000000
v 42.200001 -214.000000 86.199997
v 41.487446 -213.468079 85.388130
v 41.211517 -213.511154 86.106804
v 42.200001 -214.000000 343.799988
v 41.000000 -212.800003 343.799988
v 42.106777 -213.511124 344.788483
v 41.388111 -213.468094 344.512543
v 41.000000 -183.199997 86.199997
v 41.444447 -182.637161 85.405899
v 41.488861 -182.211517 86.106819
v 42.106777 -182.488876 85.211525
v 42.200001 -183.199997 345.000000
v 42.200001 -182.000000 343.799988
v 41.487446 -182.531921 344.611877
v 41.211517 -182.488861 343.893188
v 47.000000 -212.800003 86.199997
v 46.555553 -213.362854 85.405907
v 46.511139 -213.788483 86.106796
v 45.893223 -213.511139 85.211525
v 45.799999 -212.800003 345.000000
v 45.799999 -214.000000 343.799988
v 46.803593 -213.007385 344.440430
v 46.468086 -213.611893 344.512543
v 45.799999 -183.199997 85.000000
v 45.799999 -182.000000 86.199997
v 46.512558 -182.531921 85.388123
v 46.788483 -182.488861 86.106796
v 47.000000 -183.199997 343.799988
v 46.555557 -182.637161 344.594086
v 46.511143 -182.211517 343.893188
v 45.893230 -182.488876 344.788483
v 47.765362 -194.511322 80.000000
v 48.437000 -194.201431 80.043022
v 50.500000 -195.154694 80.000000
v 49.563004 -194.201431 79.956985
v 50.176239 -194.459061 80.000008
v 47.500000 -196.577347 77.535896
v 48.392963 -196.047348 76.745079
v 47.853184 -196.257156 76.912048
v 50.283703 -196.286224 77.031624
v 49.654591 -196.134750 76.696182
v 47.755760 -199.730698 77.002319
v 48.345409 -199.865250 76.696182
v 50.500000 -199.422653 77.535896
v 49.607044 -199.952667 76.745087
v 50.146824 -199.742859 76.912048
v 47.500000 -200.845306 80.000000
v 48.436985 -201.798569 79.956978
v 47.823761 -201.540955 80.000008
v 50.234642 -201.488693 79.999992
v 49.563015 -201.798569 80.043022
v 47.500000 -199.422653 82.464104
v 48.392963 -199.952667 83.254921
v 47.853180 -199.742859 83.087959
v 50.500000 -199.422653 82.464104
v 49.654587 -199.865250 83.303825
v 50.170326 -199.750702 83.059135
v 47.716301 -196.286224 82.968384
v 48.345417 -196.134750 83.303825
v 50.239784 -196.294647 83.026924
v 49.607033 -196.047348 83.254929
v 47.755764 -194.538589 180.000000
v 48.345409 -194.206177 180.036560
v 50.283703 -194.572433 180.000000
v 49.654594 -194.206177 179.963455
v 47.500000 -196.577347 177.535904
v 48.436981 -196.063461 176.731873
v 47.838287 -196.217514 176.931671
v 50.500000 -196.577347 177.535904
v 49.607044 -196.157486 176.681503
v 50.167747 -196.212936 176.949448
v 47.760216 -199.768707 177.009674
v 48.392956 -199.842529 176.681503
v 50.500000 -199.422653 177.535904
v 49.563026 -199.936554 176.731873
v 50.142056 -199.779358 176.918076
v 47.716297 -201.427582 180.000000
v 48.345394 -201.793823 179.963455
v 50.244240 -201.461426 180.000000
v 49.654606 -201.793823 180.036560
v 47.500000 -199.422653 182.464096
v 48.436970 -199.936554 183.268127
v 47.857944 -199.779358 183.081940
v 50.500000 -199.422653 182.464096
v 49.607052 -199.842514 183.318512
v 50.180988 -199.792084 183.039154
v 47.500000 -196.577347 182.464096
v 48.392952 -196.157486 183.318512
v 47.819019 -196.207916 183.039169
v 50.234638 -196.255676 183.021301
v 49.563026 -196.063461 183.268127
v 47.500000 -195.154694 280.000000
v 48.384342 -194.203094 280.016449
v 47.832256 -194.464615 280.022400
v 50.500000 -195.154694 280.000000
v 49.563011 -194.201431 279.957001
v 50.142059 -194.441299 280.000000
v 47.500000 -196.577347 277.535889
v 48.436977 -196.063461 276.731873
v 47.857941 -196.220627 276.918091
v 50.244240 -196.269287 277.002350
v 49.654575 -196.134750 276.696198
v 47.755764 -199.730713 277.002350
v 48.345425 -199.865250 276.696198
v 50.279598 -199.685852 277.000336
v 49.607052 -199.952667 276.745087
v 47.500000 -200.845306 280.000000
v 48.436981 -201.798569 279.957001
v 47.857944 -201.558716 280.000000
v 50.500000 -200.845306 280.000000
v 49.563023 -201.798569 280.043030
v 50.161724 -201.548492 279.990479
v 47.760216 -199.705383 283.026917
v 48.392929 -199.952667 283.254913
v 50.283703 -199.713791 282.968384
v 49.654610 -199.865250 283.303802
v 47.716301 -196.286209 282.968384
v 48.345390 -196.134750 283.303833
v 50.239788 -196.294632 283.026917
v 49.607067 -196.047333 283.254913
v 47.500000 -195.154694 370.000000
v 48.384338 -194.203110 370.016449
v 47.853176 -194.454346 370.034637
v 50.500000 -195.154694 370.000000
v 49.563004 -194.201447 369.957001
v 50.142063 -194.441299 370.000000
v 47.500000 -196.577347 367.535889
v 48.436989 -196.063461 366.731873
v 47.838276 -196.217499 366.931702
v 50.244236 -196.269287 367.002350
v 49.654575 -196.134750 366.696198
v 47.755764 -199.730713 367.002350
v 48.345425 -199.865250 366.696198
v 50.500000 -199.422653 367.535889
v 49.607040 -199.952667 366.745087
v 50.146832 -199.742874 366.912079
v 47.500000 -200.845306 370.000000
v 48.436985 -201.798553 369.956970
v 47.857944 -201.558701 370.000000
v 50.500000 -200.845306 370.000000
v 49.563019 -201.798553 370.043030
v 50.161724 -201.548492 369.990479
v 47.760220 -199.705368 373.026917
v 48.392929 -199.952667 373.254913
v 50.283699 -199.713806 372.968353
v 49.654606 -199.865265 373.303802
v 47.716305 -196.286194 372.968353
v 48.345398 -196.134750 373.303802
v 50.239784 -196.294647 373.026917
v 49.607067 -196.047348 373.254913
v -159.849121 -82.368439 26.131563
v -159.872681 -82.353981 27.853977
v -159.872681 -77.646027 26.146025
v -159.849121 -77.631569 27.868439
v -80.127319 -82.353981 26.146023
v -80.150894 -82.368439 27.868439
v -80.150894 -77.631569 26.131561
v -80.127319 -77.646027 27.853977
v 80.150894 -82.368439 26.131561
v 80.127319 -82.353981 27.853977
v 80.127319 -77.646027 26.146023
v 80.150894 -77.631569 27.868439
v 159.872681 -82.353981 26.146025
v 159.849121 -82.368439 27.868439
v 159.849121 -77.631569 26.131563
v 159.872681 -77.646027 27.853977
v -37.000000 181.000000 31.000000
v -37.000000 177.000000 35.000000
v -41.000000 181.000000 35.000000
v -37.000000 178.171570 32.171570
v -39.309402 178.690598 32.690598
v -39.828426 178.171570 35.000000
v -39.828426 181.000000 32.171570
v -37.000000 177.000000 391.000000
v -37.000000 181.000000 395.000000
v -41.000000 181.000000 391.000000
v -37.000000 178.171570 393.828430
v -39.309402 178.690598 393.309387
v -39.828426 181.000000 393.828430
v -39.828426 178.171570 391.000000
v -37.000000 215.000000 31.000000
v -41.000000 215.000000 35.000000
v -37.000000 219.000000 35.000000
v -39.828426 215.000000 32.171570
v -39.309402 217.309402 32.690598
v -39.828426 217.828430 35.000000
v -37.000000 217.828430 32.171570
v -37.000000 215.000000 395.000000
v -37.000000 219.000000 391.000000
v -41.000000 215.000000 391.000000
v -37.000000 217.828430 393.828430
v -39.309402 217.309402 393.309387
v -39.828426 217.828430 391.000000
v -39.828426 215.000000 393.828430
v 37.000000 181.000000 31.000000
v 41.000000 181.000000 35.000000
v 37.000000 177.000000 35.000000
v 39.828426 181.000000 32.171570
v 39.309402 178.690598 32.690598
v 39.828426 178.171570 35.000000
v 37.000000 178.171570 32.171570
v 37.000000 181.000000 395.000000
v 37.000000 177.000000 391.000000
v 41.000000 181.000000 391.000000
v 37.000000 178.171570 393.828430
v 39.309402 178.690598 393.309387
v 39.828426 178.171570 391.000000
v 39.828426 181.000000 393.828430
v 37.000000 215.000000 31.000000
v 37.000000 219.000000 35.000000
v 41.000000 215.000000 35.000000
v 37.000000 217.828430 32.171570
v 39.309402 217.309402 32.690598
v 39.828426 217.828430 35.000000
v 39.828426 215.000000 32.171570
v 37.000000 215.000000 395.000000
v 41.000000 215.000000 391.000000
v 37.000000 219.000000 391.000000
v 39.828426 215.000000 393.828430
v 39.309402 217.309402 393.309387
v 39.828426 217.828430 391.000000
v 37.000000 217.828430 393.828430
v 42.200001 183.199997 85.000000
v 42.200001 182.000000 86.199997
v 41.487446 182.531921 85.388123
v 41.211517 182.488861 86.106804
v 41.000000 183.199997 343.799988
v 42.106773 182.488876 344.788483
v 41.444447 182.637161 344.594086
v 41.488857 182.211517 343.893188
v 41.000000 212.800003 86.199997
v 41.444450 213.362854 85.405907
v 41.488861 213.788483 86.106796
v 42.106781 213.511139 85.211525
v 42.200001 212.800003 345.000000
v 42.200001 214.000000 343.799988
v 41.196407 213.007385 344.440430
v 41.531918 213.611893 344.512543
v 47.000000 183.199997 86.199997
v 46.555557 182.637161 85.405899
v 46.511139 182.211517 86.106819
v 45.893227 182.488876 85.211525
v 45.799999 183.199997 345.000000
v 45.799999 182.000000 343.799988
v 46.512554 182.531921 344.611877
v 46.788483 182.488861 343.893219
v 45.799999 212.800003 85.000000
v 45.799999 214.000000 86.199997
v 46.512554 213.468094 85.388130
v 46.788483 213.511154 86.106804
v 47.000000 212.800003 343.799988
v 45.799999 214.000000 343.799988
v 46.611889 213.468094 344.512543
v 45.893227 213.511124 344.788483
v 47.765362 201.488693 79.999992
v 48.436989 201.798569 80.043022
v 50.500000 200.845306 80.000000
v 49.607044 201.795181 79.936409
v 50.180992 201.528030 80.032433
v 47.500000 199.422653 77.535896
v 48.392956 199.952667 76.745087
v 47.853180 199.742859 76.912048
v 50.500000 199.422653 77.535896
v 49.607037 199.842514 76.681488
v 50.167751 199.787079 76.949455
v 47.755764 196.269302 77.002319
v 48.345413 196.134750 76.696182
v 50.500000 196.577347 77.535896
v 49.607037 196.047348 76.745079
v 50.146824 196.257156 76.912048
v 47.500000 195.154694 80.000000
v 48.437000 194.201431 79.956985
v 47.823765 194.459061 80.000008
v 50.234642 194.511322 80.000000
v 49.563004 194.201431 80.043022
v 47.500000 196.577347 82.464104
v 48.392971 196.047348 83.254929
v 47.853180 196.257156 83.087959
v 50.500000 196.577347 82.464104
v 49.654587 196.134750 83.303825
v 50.170322 196.249298 83.059143
v 47.716297 199.713776 82.968384
v 48.345417 199.865250 83.303825
v 50.239788 199.705353 83.026924
v 49.607040 199.952667 83.254921
v 47.755764 201.461426 180.000000
v 48.345394 201.793823 180.036560
v 50.283703 201.427582 180.000000
v 49.654610 201.793823 179.963455
v 47.500000 199.422653 177.535904
v 48.436974 199.936554 176.731873
v 47.857948 199.779358 176.918076
v 50.500000 199.422653 177.535904
v 49.607044 199.842529 176.681503
v 50.167747 199.787079 176.949463
v 47.760220 196.231308 177.009674
v 48.392960 196.157486 176.681503
v 50.500000 196.577347 177.535904
v 49.563023 196.063461 176.731873
v 50.142056 196.220657 176.918076
v 47.716301 194.572433 180.000000
v 48.345409 194.206177 179.963455
v 50.244240 194.538589 180.000000
v 49.654594 194.206177 180.036560
v 47.500000 196.577347 182.464096
v 48.436974 196.063461 183.268127
v 47.838284 196.217514 183.068329
v 50.500000 196.577347 182.464096
v 49.607052 196.157486 183.318512
v 50.167744 196.212936 183.050568
v 47.500000 199.422653 182.464096
v 48.392948 199.842514 183.318512
v 47.832256 199.787064 183.050568
v 50.234638 199.744339 183.021301
v 49.563034 199.936554 183.268127
v 47.500000 200.845306 280.000000
v 48.436981 201.798569 280.043030
v 47.857944 201.558716 280.000000
v 50.500000 200.845306 280.000000
v 49.563023 201.798569 279.957001
v 50.161724 201.548492 279.990479
v 47.500000 199.422653 277.535889
v 48.392948 199.952667 276.745087
v 47.832253 199.748337 276.927094
v 50.244240 199.730713 277.002350
v 49.654579 199.865250 276.696198
v 47.760216 196.231293 277.009705
v 48.392990 196.157486 276.681488
v 50.500000 196.577347 277.535889
v 49.607048 196.047333 276.745087
v 50.167751 196.251678 276.927094
v 47.500000 195.154694 280.000000
v 48.392971 194.204819 279.936432
v 47.832253 194.464615 280.022400
v 50.500000 195.154694 280.000000
v 49.563007 194.201431 280.043030
v 50.142059 194.441299 280.000000
v 47.760216 196.294632 283.026917
v 48.392933 196.047333 283.254913
v 50.283699 196.286209 282.968384
v 49.654610 196.134750 283.303833
v 47.716301 199.713791 282.968384
v 48.345390 199.865250 283.303802
v 50.239788 199.705383 283.026917
v 49.607075 199.952667 283.254913
v 47.500000 200.845306 370.000000
v 48.436985 201.798553 370.043030
v 47.857941 201.558701 370.000000
v 50.500000 200.845306 370.000000
v 49.563015 201.798553 369.956970
v 50.161724 201.548492 369.990479
v 47.500000 199.422653 367.535889
v 48.392963 199.952667 366.745087
v 47.832249 199.748337 366.927094
v 50.244236 199.730713 367.002350
v 49.654575 199.865250 366.696198
v 47.760220 196.231293 367.009705
v 48.392994 196.157486 366.681488
v 50.500000 196.577347 367.535889
v 49.607033 196.047348 366.745087
v 50.167755 196.251678 366.927094
v 47.500000 195.154694 370.000000
v 48.392975 194.204834 369.936401
v 47.853176 194.454346 370.034637
v 50.500000 195.154694 370.000000
v 49.563007 194.201447 370.043030
v 50.142063 194.441299 370.000000
v 47.760220 196.294647 373.026917
v 48.392937 196.047348 373.254913
v 50.283699 196.286194 372.968353
v 49.654606 196.134750 373.303802
v 47.716305 199.713806 372.968353
v 48.345394 199.865265 373.303802
v 50.239784 199.705368 373.026917
v 49.607075 199.952667 373.254913
v -159.849121 77.631569 26.131563
v -159.872681 77.646027 27.853977
v -159.872681 82.353981 26.146025
v -159.849121 82.368439 27.868439
v -80.127319 77.646027 26.146023
v -80.150894 77.631569 27.868439
v -80.150894 82.368439 26.131561
v -80.127319 82.353981 27.853977
v 80.150894 77.631569 26.131561
v 80.127319 77.646027 27.853977
v 80.127319 82.353981 26.146023
v 80.150894 82.368439 27.868439
v 159.872681 77.646027 26.146025
v 159.849121 77.631569 27.868439
v 159.849121 82.368439 26.131563
v 159.872681 82.353981 27.853977
v -46.000000 -221.000000 402.000000
v -46.000000 -225.000000 406.000000
v -50.000000 -221.000000 406.000000
v -46.000000 -223.828430 403.171570
v -48.309402 -223.309402 403.690613
v -48.828426 -223.828430 406.000000
v -48.828426 -221.000000 403.171570
v -46.000000 -225.000000 426.000000
v -46.000000 -221.000000 430.000000
v -50.000000 -221.000000 426.000000
v -46.000000 -223.828430 428.828430
v -48.309402 -223.309402 428.309387
v -48.828426 -221.000000 428.828430
v -48.828426 -223.828430 426.000000
v -46.000000 221.000000 402.000000
v -50.000000 221.000000 406.000000
v -46.000000 225.000000 406.000000
v -48.828426 221.000000 403.171570
v -48.309402 223.309402 403.690613
v -48.828426 223.828430 406.000000
v -46.000000 223.828430 403.171570
v -46.000000 221.000000 430.000000
v -46.000000 225.000000 426.000000
v -50.000000 221.000000 426.000000
v -46.000000 223.828430 428.828430
v -48.309402 223.309402 428.309387
v -48.828426 223.828430 426.000000
v -48.828426 221.000000 428.828430
v 46.000000 -221.000000 402.000000
v 50.000000 -221.000000 406.000000
v 46.000000 -225.000000 406.000000
v 48.828426 -221.000000 403.171570
v 48.309402 -223.309402 403.690613
v 48.828426 -223.828430 406.000000
v 46.000000 -223.828430 403.171570
v 46.000000 -221.000000 430.000000
v 46.000000 -225.000000 426.000000
v 50.000000 -221.000000 426.000000
v 46.000000 -223.828430 428.828430
v 48.309402 -223.309402 428.309387
v 48.828426 -223.828430 426.000000
v 48.828426 -221.000000 428.828430
v 46.000000 221.000000 402.000000
v 46.000000 225.000000 406.000000
v 50.000000 221.000000 406.000000
v 46.000000 223.828430 403.171570
v 48.309402 223.309402 403.690613
v 48.828426 223.828430 406.000000
v 48.828426 221.000000 403.171570
v 46.000000 221.000000 430.000000
v 50.000000 221.000000 426.000000
v 46.000000 225.000000 426.000000
v 48.828426 221.000000 428.828430
v 48.309402 223.309402 428.309387
v 48.828426 223.828430 426.000000
v 46.000000 223.828430 428.828430
v 51.599998 -178.399994 409.000000
v 51.599998 -180.000000 410.600006
v 50.000000 -178.399994 410.600006
v 51.599998 -179.531372 409.468628
v 50.592587 -179.458817 409.849548
v 50.468628 -178.399994 409.468628
v 51.599998 -180.000000 421.399994
v 50.000000 -178.399994 421.399994
v 51.475750 -179.348206 422.717987
v 50.541180 -179.407410 422.150482
v 50.468628 -178.399994 422.531372
v 50.000000 178.399994 410.600006
v 51.599998 180.000000 410.600006
v 50.468628 178.399994 409.468628
v 50.541180 179.407410 409.849548
v 51.475769 179.348206 409.282043
v 51.599998 178.399994 423.000000
v 51.599998 180.000000 421.399994
v 50.000000 178.399994 421.399994
v 51.599998 179.531372 422.531372
v 50.592587 179.458817 422.150482
v 50.468628 178.399994 422.531372
v 58.000000 -178.399994 410.600006
v 56.400002 -180.000000 410.600006
v 57.531372 -178.399994 409.468628
v 57.458824 -179.407410 409.849548
v 56.524231 -179.348206 409.282043
v 56.400002 -178.399994 423.000000
v 56.400002 -180.000000 421.399994
v 58.000000 -178.399994 421.399994
v 56.400002 -179.531372 422.531372
v 57.407417 -179.458817 422.150482
v 57.531372 -178.399994 422.531372
v 56.400002 178.399994 409.000000
v 56.400002 180.000000 410.600006
v 58.000000 178.399994 410.600006
v 56.400002 179.531372 409.468628
v 57.407417 179.458817 409.849548
v 57.531372 178.399994 409.468628
v 58.000000 178.399994 421.399994
v 56.400002 180.000000 421.399994
v 57.531372 178.399994 422.531372
v 57.458824 179.407410 422.150482
v 56.524254 179.348206 422.717987
v 119.000000 -244.000000 25.000000
v 119.000000 -248.000000 29.000000
v 115.000000 -244.000000 29.000000
v 119.000000 -246.828430 26.171574
v 116.690598 -246.309402 26.690598
v 116.171570 -246.828430 29.000000
v 116.171570 -244.000000 26.171574
v 119.000000 -248.000000 151.000000
v 119.000000 -244.000000 155.000000
v 115.000000 -244.000000 151.000000
v 119.000000 -246.828430 153.828430
v 116.690598 -246.309402 153.309402
v 116.171570 -244.000000 153.828430
v 116.171570 -246.828430 151.000000
v 119.000000 -166.000000 25.000000
v 115.000000 -166.000000 29.000000
v 119.000000 -162.000000 29.000000
v 116.171570 -166.000000 26.171574
v 116.690598 -163.690598 26.690598
v 116.171570 -163.171570 29.000000
v 119.000000 -163.171570 26.171574
v 119.000000 -166.000000 155.000000
v 119.000000 -162.000000 151.000000
v 115.000000 -166.000000 151.000000
v 119.000000 -163.171570 153.828430
v 116.690598 -163.690598 153.309402
v 116.171570 -163.171570 151.000000
v 116.171570 -166.000000 153.828430
v 221.000000 -244.000000 25.000000
v 225.000000 -244.000000 29.000000
v 221.000000 -248.000000 29.000000
v 223.828430 -244.000000 26.171574
v 223.309402 -246.309402 26.690598
v 223.828430 -246.828430 29.000000
v 221.000000 -246.828430 26.171574
v 221.000000 -244.000000 155.000000
v 221.000000 -248.000000 151.000000
v 225.000000 -244.000000 151.000000
v 221.000000 -246.828430 153.828430
v 223.309402 -246.309402 153.309402
v 223.828430 -246.828430 151.000000
v 223.828430 -244.000000 153.828430
v 221.000000 -166.000000 25.000000
v 221.000000 -162.000000 29.000000
v 225.000000 -166.000000 29.000000
v 221.000000 -163.171570 26.171574
v 223.309402 -163.690598 26.690598
v 223.828430 -163.171570 29.000000
v 223.828430 -166.000000 26.171574
v 221.000000 -166.000000 155.000000
v 225.000000 -166.000000 151.000000
v 221.000000 -162.000000 151.000000
v 223.828430 -166.000000 153.828430
v 223.309402 -163.690598 153.309402
v 223.828430 -163.171570 151.000000
v 221.000000 -163.171570 153.828430
v 118.000000 -251.500000 37.000000
v 118.000000 -252.500000 38.000000
v 117.406212 -252.056717 37.323425
v 117.176270 -252.092621 37.922348
v 118.000000 -252.500000 140.000000
v 117.000000 -251.500000 140.000000
v 117.922363 -252.092621 140.823730
v 117.323433 -252.056717 140.593781
v 117.000000 -248.500000 38.000000
v 118.000000 -247.500000 38.000000
v 117.323433 -247.943283 37.406204
v 117.922340 -247.907394 37.176266
v 118.000000 -248.500000 141.000000
v 118.000000 -247.500000 140.000000
v 117.163681 -248.327209 140.533707
v 117.443275 -247.823441 140.593781
v 222.786163 -251.890427 37.430672
v 222.592621 -252.323730 37.922359
v 222.077652 -252.092621 37.176262
v 222.000000 -251.500000 141.000000
v 222.000000 -252.500000 140.000000
v 222.836334 -251.672775 140.533691
v 222.556717 -252.176575 140.593781
v 222.000000 -248.500000 37.000000
v 222.000000 -247.500000 38.000000
v 222.593796 -247.943283 37.323429
v 222.823730 -247.907394 37.922348
v 222.533707 -248.327225 140.836334
v 223.000000 -248.500000 140.000000
v 222.559021 -247.760712 140.509354
v 130.600006 -254.399994 44.500000
v 130.600006 -256.000000 46.099998
v 130.600006 -255.531372 44.968628
v 129.541183 -255.150467 45.092598
v 129.282028 -255.348190 45.975735
v 129.000000 -254.399994 109.900002
v 130.475754 -255.348190 111.217979
v 129.592590 -255.150467 110.958809
v 129.651810 -255.717972 110.024269
v 129.000000 -249.600006 46.099998
v 129.592590 -248.849548 45.041191
v 129.651810 -248.282028 45.975742
v 130.475739 -248.651825 44.782021
v 130.600006 -249.600006 111.500000
v 130.600006 -248.000000 109.900002
v 130.600006 -248.468628 111.031372
v 129.541199 -248.849548 110.907402
v 129.282028 -248.651825 110.024269
v 211.000000 -254.399994 46.099998
v 210.407410 -255.150467 45.041183
v 210.348206 -255.717987 45.975750
v 209.524277 -255.348190 44.782021
v 209.399994 -254.399994 111.500000
v 209.399994 -256.000000 109.900002
v 210.150467 -255.407410 110.958817
v 210.717987 -255.348206 110.024254
v 210.531372 -254.399994 111.031372
v 209.399994 -249.600006 44.500000
v 209.399994 -248.000000 46.099998
v 210.150467 -248.592606 45.041183
v 210.717987 -248.651810 45.975750
v 210.531372 -249.600006 44.968628
v 211.000000 -249.600006 109.900002
v 210.407410 -248.849548 110.958817
v 210.348206 -248.282028 110.024246
v 209.524261 -248.651825 111.217979
v 132.650894 -256.868439 48.131561
v 132.627319 -256.853973 107.853981
v 132.627319 -255.146042 48.146027
v 132.650894 -255.131577 107.868439
v 207.372681 -256.853973 48.146023
v 207.349106 -256.868439 107.868439
v 207.349106 -255.131577 48.131561
v 207.372681 -255.146042 107.853981
v 142.500000 -257.200012 50.500000
v 197.500000 -257.200012 50.500000
v 197.500000 -257.200012 105.500000
v 142.500000 -257.200012 105.500000
v 132.991852 -256.744843 50.051979
v 133.008163 -257.855164 50.051979
v 134.094757 -256.755005 49.605385
v 134.105392 -257.845001 49.594746
v 134.550583 -256.741058 48.508408
v 134.550583 -257.858948 48.491592
v 134.105392 -256.755005 47.405251
v 134.094757 -257.845001 47.394615
v 133.008163 -256.744843 46.948025
v 132.991852 -257.855164 46.948025
v 131.905258 -256.755005 47.394615
v 131.894623 -257.845001 47.405258
v 131.449432 -256.741058 48.491604
v 131.449432 -257.858948 48.508400
v 131.894608 -256.755005 49.594746
v 131.905258 -257.845001 49.605389
v 132.991608 -256.741058 109.050583
v 133.008163 -257.855164 109.051979
v 134.094757 -256.755005 108.605385
v 134.105392 -257.845001 108.594742
v 134.551987 -256.744843 107.508163
v 134.550583 -257.858948 107.491608
v 134.105392 -256.755005 106.405258
v 134.094757 -257.845001 106.394615
v 133.008392 -256.741058 105.949425
v 132.991852 -257.855164 105.948021
v 131.905258 -256.755005 106.394615
v 131.894608 -257.845001 106.405266
v 131.448029 -256.744843 107.491844
v 131.449432 -257.858948 107.508392
v 131.894623 -256.755005 108.594749
v 131.905258 -257.845001 108.605392
v 206.991837 -256.744843 50.051979
v 207.008163 -257.855164 50.051975
v 208.094757 -256.755005 49.605389
v 208.105392 -257.845001 49.594749
v 208.550583 -256.741058 48.508400
v 208.550583 -257.858948 48.491600
v 208.105392 -256.755005 47.405251
v 208.094757 -257.845001 47.394615
v 207.008163 -256.744843 46.948025
v 206.991837 -257.855164 46.948025
v 205.905258 -256.755005 47.394619
v 205.894623 -257.845001 47.405254
v 205.449432 -256.741058 48.491600
v 205.449432 -257.858948 48.508404
v 205.894623 -256.755005 49.594749
v 205.905258 -257.845001 49.605385
v 206.991608 -256.741058 109.050583
v 207.008163 -257.855164 109.051979
v 208.094757 -256.755005 108.605392
v 208.105392 -257.845001 108.594749
v 208.551987 -256.744843 107.508148
v 208.550583 -257.858948 107.491615
v 208.105392 -256.755005 106.405258
v 208.094757 -257.845001 106.394615
v 207.008408 -256.741058 105.949425
v 206.991837 -257.855164 105.948021
v 205.905258 -256.755005 106.394615
v 205.894608 -257.845001 106.405258
v 205.448029 -256.744843 107.491852
v 205.449417 -257.858948 107.508392
v 205.894608 -256.755005 108.594742
v 205.905258 -257.845001 108.605385
v 129.105621 -256.607910 111.092094
v 129.089127 -256.597778 132.897797
v 129.089127 -255.402222 111.102219
v 129.105621 -255.392090 132.907913
v 210.910889 -256.597778 111.102211
v 210.894394 -256.607910 132.907913
v 210.894379 -255.392090 111.092094
v 210.910889 -255.402222 132.897797
v 119.000000 166.000000 25.000000
v 119.000000 162.000000 29.000000
v 115.000000 166.000000 29.000000
v 119.000000 163.171570 26.171574
v 116.690598 163.690598 26.690598
v 116.171570 163.171570 29.000000
v 116.171570 166.000000 26.171574
v 119.000000 162.000000 151.000000
v 119.000000 166.000000 155.000000
v 115.000000 166.000000 151.000000
v 119.000000 163.171570 153.828430
v 116.690598 163.690598 153.309402
v 116.171570 166.000000 153.828430
v 116.171570 163.171570 151.000000
v 119.000000 244.000000 25.000000
v 115.000000 244.000000 29.000000
v 119.000000 248.000000 29.000000
v 116.171570 244.000000 26.171574
v 116.690598 246.309402 26.690598
v 116.171570 246.828430 29.000000
v 119.000000 246.828430 26.171574
v 119.000000 244.000000 155.000000
v 119.000000 248.000000 151.000000
v 115.000000 244.000000 151.000000
v 119.000000 246.828430 153.828430
v 116.690598 246.309402 153.309402
v 116.171570 246.828430 151.000000
v 116.171570 244.000000 153.828430
v 221.000000 166.000000 25.000000
v 225.000000 166.000000 29.000000
v 221.000000 162.000000 29.000000
v 223.828430 166.000000 26.171574
v 223.309402 163.690598 26.690598
v 223.828430 163.171570 29.000000
v 221.000000 163.171570 26.171574
v 221.000000 166.000000 155.000000
v 221.000000 162.000000 151.000000
v 225.000000 166.000000 151.000000
v 221.000000 163.171570 153.828430
v 223.309402 163.690598 153.309402
v 223.828430 163.171570 151.000000
v 223.828430 166.000000 153.828430
v 221.000000 244.000000 25.000000
v 221.000000 248.000000 29.000000
v 225.000000 244.000000 29.000000
v 221.000000 246.828430 26.171574
v 223.309402 246.309402 26.690598
v 223.828430 246.828430 29.000000
v 223.828430 244.000000 26.171574
v 221.000000 244.000000 155.000000
v 225.000000 244.000000 151.000000
v 221.000000 248.000000 151.000000
v 223.828430 244.000000 153.828430
v 223.309402 246.309402 153.309402
v 223.828430 246.828430 151.000000
v 221.000000 246.828430 153.828430
v 118.000000 248.500000 37.000000
v 118.000000 247.500000 38.000000
v 117.406212 247.943283 37.323433
v 117.176270 247.907394 37.922340
v 118.000000 247.500000 140.000000
v 117.000000 248.500000 140.000000
v 117.922356 247.907394 140.823730
v 117.323433 247.943283 140.593796
v 117.213837 251.890427 37.430672
v 117.407387 252.323730 37.922348
v 117.922356 252.092621 37.176262
v 118.000000 251.500000 141.000000
v 118.000000 252.500000 140.000000
v 117.406212 252.056717 140.676559
v 117.176270 252.092621 140.077652
v 223.000000 248.500000 38.000000
v 222.509369 247.940979 37.260712
v 222.592606 247.676270 37.922348
v 222.000000 248.500000 141.000000
v 222.000000 247.500000 140.000000
v 222.836334 248.327225 140.533707
v 222.556717 247.823441 140.593781
v 222.000000 251.500000 37.000000
v 222.000000 252.500000 38.000000
v 222.593781 252.056717 37.323425
v 222.823730 252.092621 37.922359
v 222.533691 251.672775 140.836334
v 223.000000 251.500000 140.000000
v 222.559036 252.239288 140.509354
v 130.600006 249.600006 44.500000
v 130.600006 248.000000 46.099998
v 130.600006 248.468628 44.968628
v 129.541183 248.849548 45.092598
v 129.282028 248.651825 45.975735
v 129.000000 249.600006 109.900002
v 130.475754 248.651825 111.217979
v 129.592590 248.849548 110.958809
v 129.651810 248.282028 110.024261
v 129.000000 254.399994 46.099998
v 129.592590 255.150467 45.041191
v 129.651810 255.717972 45.975731
v 130.475739 255.348190 44.782021
v 130.600006 254.399994 111.500000
v 130.600006 256.000000 109.900002
v 130.600006 255.531372 111.031372
v 129.541199 255.150467 110.907402
v 129.282028 255.348190 110.024269
v 211.000000 249.600006 46.099998
v 210.407410 248.849548 45.041183
v 210.348206 248.282028 45.975758
v 209.524277 248.651825 44.782021
v 209.399994 249.600006 111.500000
v 209.399994 248.000000 109.900002
v 210.150467 248.592606 110.958817
v 210.717987 248.651810 110.024254
v 210.531372 249.600006 111.031372
v 209.399994 254.399994 44.500000
v 209.399994 256.000000 46.099998
v 210.150467 255.407410 45.041183
v 210.717987 255.348206 45.975750
v 210.531372 254.399994 44.968628
v 211.000000 254.399994 109.900002
v 210.407410 255.150467 110.958817
v 210.348206 255.717987 110.024254
v 209.524261 255.348190 111.217979
v 132.650894 255.131577 48.131565
v 132.627319 255.146042 107.853973
v 132.627319 256.853973 48.146027
v 132.650894 256.868439 107.868439
v 207.372681 255.146042 48.146023
v 207.349106 255.131577 107.868439
v 207.349106 256.868439 48.131561
v 207.372681 256.853973 107.853981
v 197.500000 257.200012 50.500000
v 142.500000 257.200012 50.500000
v 142.500000 257.200012 105.500000
v 197.500000 257.200012 105.500000
v 132.991852 257.855164 50.051979
v 133.008163 256.744843 50.051979
v 134.094757 257.845001 49.605385
v 134.105392 256.755005 49.594749
v 134.550583 257.858948 48.508396
v 134.550583 256.741058 48.491596
v 134.105392 257.845001 47.405262
v 134.094757 256.755005 47.394615
v 133.008163 257.855164 46.948025
v 132.991852 256.744843 46.948025
v 131.905258 257.845001 47.394615
v 131.894608 256.755005 47.405254
v 131.449432 257.858948 48.491604
v 131.449432 256.741058 48.508400
v 131.894623 257.845001 49.594746
v 131.905258 256.755005 49.605389
v 132.991608 257.858948 109.050583
v 133.008163 256.744843 109.051979
v 134.094757 257.845001 108.605385
v 134.105408 256.755005 108.594749
v 134.551987 257.855164 107.508171
v 134.550583 256.741058 107.491608
v 134.105392 257.845001 106.405251
v 134.094757 256.755005 106.394615
v 133.008392 257.858948 105.949425
v 132.991852 256.744843 105.948021
v 131.905258 257.845001 106.394615
v 131.894623 256.755005 106.405258
v 131.448029 257.855164 107.491852
v 131.449432 256.741058 107.508400
v 131.894608 257.845001 108.594742
v 131.905258 256.755005 108.605392
v 206.991837 257.855164 50.051975
v 207.008163 256.744843 50.051979
v 208.094757 257.845001 49.605389
v 208.105392 256.755005 49.594753
v 208.550583 257.858948 48.508400
v 208.550583 256.741058 48.491600
v 208.105392 257.845001 47.405254
v 208.094757 256.755005 47.394615
v 207.008163 257.855164 46.948025
v 206.991837 256.744843 46.948025
v 205.905258 257.845001 47.394619
v 205.894623 256.755005 47.405251
v 205.449432 257.858948 48.491600
v 205.449432 256.741058 48.508404
v 205.894623 257.845001 49.594746
v 205.905243 256.755005 49.605385
v 206.991608 257.858948 109.050575
v 207.008163 256.744843 109.051979
v 208.094757 257.845001 108.605392
v 208.105392 256.755005 108.594749
v 208.551987 257.855164 107.508163
v 208.550583 256.741058 107.491615
v 208.105392 257.845001 106.405251
v 208.094757 256.755005 106.394608
v 207.008408 257.858978 105.949425
v 206.991852 256.744843 105.948021
v 205.905258 257.845001 106.394615
v 205.894608 256.755005 106.405258
v 205.448029 257.855164 107.491852
v 205.449417 256.741058 107.508392
v 205.894608 257.845001 108.594742
v 205.905258 256.755005 108.605392
v 129.105621 255.392090 111.092094
v 129.089127 255.402222 132.897797
v 129.089127 256.597778 111.102211
v 129.105621 256.607910 132.907913
v 210.910889 255.402222 111.102219
v 210.894379 255.392090 132.907913
v 210.894394 256.607910 111.092094
v 210.910889 256.597778 132.897797
v -218.500000 -253.000000 25.000000
v -218.500000 -257.000000 29.000000
v -222.500000 -253.000000 29.000000
v -218.500000 -255.828430 26.171570
v -220.809402 -255.309402 26.690598
v -221.328430 -255.828430 29.000000
v -221.328430 -253.000000 26.171570
v -218.500000 -257.000000 201.000000
v -218.500000 -253.000000 205.000000
v -222.500000 -253.000000 201.000000
v -218.500000 -255.828430 203.828430
v -220.809402 -255.309402 203.309402
v -221.328430 -253.000000 203.828430
v -221.328430 -255.828430 201.000000
v -218.500000 -187.000000 25.000000
v -222.500000 -187.000000 29.000000
v -218.500000 -183.000000 29.000000
v -221.328430 -187.000000 26.171570
v -220.809402 -184.690598 26.690598
v -221.328430 -184.171570 29.000000
v -218.500000 -184.171570 26.171570
v -218.500000 -187.000000 205.000000
v -218.500000 -183.000000 201.000000
v -222.500000 -187.000000 201.000000
v -218.500000 -184.171570 203.828430
v -220.809402 -184.690598 203.309402
v -221.328430 -184.171570 201.000000
v -221.328430 -187.000000 203.828430
v -141.500000 -253.000000 25.000000
v -137.500000 -253.000000 29.000000
v -141.500000 -257.000000 29.000000
v -138.671570 -253.000000 26.171570
v -139.190598 -255.309402 26.690598
v -138.671570 -255.828430 29.000000
v -141.500000 -255.828430 26.171570
v -141.500000 -253.000000 205.000000
v -141.500000 -257.000000 201.000000
v -137.500000 -253.000000 201.000000
v -141.500000 -255.828430 203.828430
v -139.190598 -255.309402 203.309402
v -138.671570 -255.828430 201.000000
v -138.671570 -253.000000 203.828430
v -141.500000 -187.000000 25.000000
v -141.500000 -183.000000 29.000000
v -137.500000 -187.000000 29.000000
v -141.500000 -184.171570 26.171570
v -139.190598 -184.690598 26.690598
v -138.671570 -184.171570 29.000000
v -138.671570 -187.000000 26.171570
v -141.500000 -187.000000 205.000000
v -137.500000 -187.000000 201.000000
v -141.500000 -183.000000 201.000000
v -138.671570 -187.000000 203.828430
v -139.190598 -184.690598 203.309402
v -138.671570 -184.171570 201.000000
v -141.500000 -184.171570 203.828430
v -180.100449 -213.142044 193.437012
v -178.808273 -214.008728 303.005615
v -179.920425 -213.133224 302.529633
v -178.600784 -214.096970 192.995453
v -177.468384 -213.625626 193.437012
v -177.313629 -213.689606 302.566254
v -175.221725 -215.079636 193.437027
v -174.981781 -216.646942 303.002197
v -175.103226 -215.197983 302.566254
v -174.982590 -216.647476 192.997452
v -173.701096 -217.299042 193.415436
v -173.636139 -217.455856 302.584564
v -173.000000 -220.000000 194.000000
v -173.424271 -220.089050 193.164383
v -174.019592 -220.000000 303.000000
v -173.133224 -220.079575 302.529633
v -173.636139 -222.544159 193.415436
v -174.983597 -223.351868 303.003052
v -173.701080 -222.700974 302.584564
v -175.084824 -223.549484 192.993942
v -175.088165 -224.799286 193.470383
v -175.221710 -224.920349 302.562988
v -177.299072 -226.298920 193.415436
v -178.600723 -225.903091 303.004547
v -177.468399 -226.374390 302.562988
v -179.032837 -225.994766 192.997726
v -179.920441 -226.866791 193.470367
v -180.100418 -226.857956 302.562988
v -182.544144 -226.363876 193.415436
v -183.397156 -225.084167 303.003204
v -182.717239 -226.297501 302.562988
v -183.549500 -224.915176 192.993942
v -184.799286 -224.911850 193.470383
v -184.911850 -224.799271 302.529633
v -186.297485 -222.717239 193.437012
v -185.917252 -221.177048 303.003052
v -186.363876 -222.544144 302.584595
v -186.853043 -220.084839 193.415421
v -186.857956 -219.899597 302.562988
v -186.166077 -220.000000 192.991409
v -186.361679 -217.437454 193.433762
v -186.138733 -217.519012 302.789429
v -186.467163 -217.321213 302.000000
v -184.896790 -215.197998 193.433762
v -183.553101 -215.079895 303.003632
v -184.778290 -215.079636 302.562988
v -183.397110 -214.915894 192.996796
v -182.701355 -213.686386 193.470383
v -182.531631 -213.625626 302.562988
v -180.057022 -206.379120 302.210602
v -180.000000 -206.000000 303.000000
v -180.000000 -207.019592 318.000000
v -179.899551 -206.142044 317.562988
v -174.642426 -207.065689 303.000000
v -174.887100 -207.423584 302.164368
v -174.840210 -207.394119 317.789429
v -174.642426 -207.065689 317.000000
v -170.100510 -210.100510 303.000000
v -170.384216 -210.384247 302.170746
v -170.821472 -210.821472 318.000000
v -170.153488 -210.248276 317.566254
v -168.007660 -215.032608 302.000000
v -167.233917 -214.620285 302.415436
v -167.432495 -214.794357 317.795319
v -167.065689 -214.642426 317.000000
v -166.000000 -220.000000 303.000000
v -166.379120 -220.057053 302.210571
v -167.019592 -220.000000 318.000000
v -166.133224 -220.079590 317.529633
v -167.065689 -225.357574 303.000000
v -167.481323 -225.185425 302.157318
v -167.394119 -225.159805 317.789429
v -167.065689 -225.357574 317.000000
v -170.100510 -229.899490 303.000000
v -170.337570 -229.536514 302.164398
v -170.821472 -229.178528 318.000000
v -170.264435 -229.855606 317.584595
v -175.032608 -231.992340 302.000000
v -174.603973 -232.764633 302.437042
v -174.781540 -232.598572 317.784271
v -174.642426 -232.934311 317.000000
v -180.000000 -234.000000 303.000000
v -180.000076 -233.602982 302.204712
v -179.999939 -233.517166 317.872253
v -180.000000 -234.000000 317.000000
v -185.357574 -232.934311 303.000000
v -185.112915 -232.576431 302.164368
v -185.159821 -232.605881 317.789429
v -185.357574 -232.934311 317.000000
v -189.899490 -229.899490 303.000000
v -189.615768 -229.615784 302.170746
v -189.178528 -229.178528 318.000000
v -189.855591 -229.735565 317.584595
v -191.992340 -224.967392 302.000000
v -192.777542 -225.365173 302.433777
v -192.567505 -225.205658 317.795319
v -192.934311 -225.357574 317.000000
v -194.000000 -220.000000 303.000000
v -193.620880 -219.942963 302.210571
v -192.980408 -220.000000 318.000000
v -193.866791 -219.920410 317.529633
v -192.934311 -214.642426 303.000000
v -192.518677 -214.814575 302.157318
v -192.567505 -214.794357 317.795319
v -192.934311 -214.642426 317.000000
v -189.899490 -210.100510 303.000000
v -189.662445 -210.463501 302.164368
v -189.178528 -210.821472 318.000000
v -189.728012 -210.129913 317.562988
v -184.967392 -208.007660 302.000000
v -185.380112 -207.219223 302.470398
v -185.205627 -207.432495 317.795319
v -185.357574 -207.065689 317.000000
v -167.000000 -220.000000 280.000000
v -167.861328 -218.853287 282.112854
v -169.984680 -218.956131 283.004486
v -172.151031 -220.915100 282.110321
v -173.003677 -219.211700 280.037231
v -172.121323 -220.000000 277.878693
v -169.986404 -219.075378 277.000000
v -167.878677 -220.000000 277.878693
v -167.325943 -217.107224 280.000000
v -172.496643 -217.392410 282.126953
v -172.531265 -217.418930 277.889709
v -168.579666 -215.744095 277.876099
v -168.287399 -214.359512 280.000000
v -169.079071 -214.740753 282.121307
v -171.483658 -214.648819 282.990906
v -174.001160 -216.328552 279.982086
v -171.880798 -213.896057 277.000000
v -169.836197 -211.894638 280.000000
v -171.399231 -211.399139 282.123962
v -174.414627 -214.414658 282.102692
v -174.385284 -214.385269 277.880463
v -171.557175 -211.210464 277.876099
v -171.894638 -209.836182 280.000000
v -174.714127 -211.429367 283.004486
v -176.135681 -214.116196 280.000000
v -174.359512 -208.287415 280.000000
v -175.744110 -208.579651 282.123932
v -177.276871 -212.561966 282.115356
v -177.388824 -212.537628 277.880402
v -177.612000 -210.104446 277.008148
v -176.028992 -208.509399 277.861725
v -177.107224 -207.325943 280.000000
v -178.992783 -210.003189 283.004425
v -178.442352 -213.175507 280.000000
v -180.000000 -207.000000 280.000000
v -181.166946 -207.873718 282.138519
v -180.000000 -212.121323 282.121307
v -180.928741 -213.022217 280.000031
v -180.728455 -212.111816 277.880371
v -181.190338 -207.872116 277.869476
v -182.892776 -207.325943 280.000000
v -184.408203 -210.846283 282.983948
v -182.638672 -212.551407 282.110321
v -184.250854 -210.792526 276.992371
v -185.640488 -208.287399 280.000000
v -185.259247 -209.079071 282.121307
v -183.037186 -213.693222 280.000000
v -184.224579 -213.276672 277.880463
v -186.334610 -209.589661 277.869476
v -188.105377 -209.836197 280.000000
v -188.775467 -211.535156 282.112854
v -185.628876 -214.395004 282.126953
v -184.914261 -214.968521 280.017944
v -190.163818 -211.894638 280.000000
v -188.516388 -214.648865 283.009155
v -186.785202 -215.905136 277.873199
v -188.534943 -214.637115 277.000000
v -189.476837 -212.442490 277.878693
v -191.712601 -214.359512 280.000000
v -190.920929 -214.740753 282.121307
v -187.462402 -217.388870 282.119629
v -186.306778 -216.962814 280.000000
v -191.459625 -215.940445 277.861725
v -192.674057 -217.107224 280.000000
v -192.127899 -218.809647 282.130554
v -190.140015 -219.834930 282.992401
v -186.977798 -219.071274 280.000031
v -187.681152 -218.246826 277.878693
v -190.013596 -219.075256 277.000000
v -193.000000 -220.000000 280.000000
v -187.878677 -220.000000 282.121307
v -187.848984 -220.915161 277.889709
v -192.139511 -221.367752 277.875977
v -192.674072 -222.892761 280.000000
v -191.443329 -224.189621 282.130524
v -187.423080 -222.766281 282.119659
v -186.689743 -222.190796 280.000031
v -189.022293 -224.666702 277.000000
v -191.712601 -225.640488 280.000000
v -188.119171 -226.103989 283.000031
v -187.098450 -223.418427 277.878693
v -190.205353 -226.671799 277.887146
v -190.163818 -228.105362 280.000000
v -188.593079 -228.593002 282.150024
v -185.566086 -225.609192 282.110321
v -185.472824 -224.364426 280.000000
v -185.590424 -225.590393 277.880402
v -188.105377 -230.163803 280.000000
v -183.737732 -225.948547 280.000031
v -185.177826 -228.620743 277.000000
v -186.507797 -230.268951 277.861725
v -184.309280 -232.314941 280.000000
v -185.259247 -230.920929 282.121307
v -183.329147 -229.514328 283.000031
v -182.751755 -227.432037 282.126862
v -183.418427 -227.098450 277.878693
v -181.360641 -232.075989 282.150024
v -181.557648 -226.824493 280.000000
v -180.773788 -227.882965 277.884674
v -180.000031 -230.122070 277.000000
v -182.697250 -231.817413 277.878693
v -180.000000 -233.000000 280.000000
v -178.757477 -229.970291 282.995636
v -180.000000 -227.878677 282.121307
v -179.130203 -226.979218 279.982086
v -178.639359 -232.075974 277.850006
v -177.107224 -232.674057 280.000000
v -177.302750 -231.817413 282.121307
v -177.391174 -227.455643 282.102692
v -178.246826 -227.681152 277.878693
v -174.359512 -231.712585 280.000000
v -173.309525 -230.186996 282.123932
v -174.646896 -228.519455 283.000031
v -176.200104 -225.936752 280.018188
v -175.769974 -226.674637 277.889740
v -174.822235 -228.620773 277.000000
v -174.740753 -230.920929 277.878693
v -171.894638 -230.163818 280.000000
v -174.480164 -225.680771 282.115356
v -171.557220 -228.789581 277.876099
v -169.836197 -228.105377 280.000000
v -170.523178 -227.557526 282.121307
v -170.935791 -224.548340 283.007660
v -174.051453 -223.737732 280.000000
v -173.840210 -224.912277 277.878693
v -170.977722 -224.666748 277.000000
v -168.287415 -225.640488 280.000000
v -168.529572 -224.013733 282.149994
v -172.901550 -223.418427 282.121307
v -172.471695 -222.465485 277.880371
v -168.568253 -224.209946 277.861511
v -167.325943 -222.892776 280.000000
v -173.175507 -221.557648 280.000000
v -167.000000 -220.000000 292.000000
v -167.913849 -221.314575 294.138275
v -169.984680 -218.956131 295.004486
v -172.151031 -220.915100 294.110321
v -173.002243 -219.294952 292.017944
v -172.121323 -220.000000 289.878693
v -169.986404 -219.075378 289.000000
v -167.911301 -221.538193 289.869476
v -167.685059 -215.690765 292.000031
v -168.473312 -215.939087 294.112701
v -172.471664 -217.534592 294.119659
v -172.531265 -217.418930 289.889709
v -168.182587 -217.302750 289.878693
v -171.969299 -213.806885 294.992371
v -173.693222 -216.962814 292.000000
v -171.465027 -214.637177 289.000000
v -169.561005 -213.700058 289.887146
v -169.836197 -211.894638 292.000000
v -171.436661 -211.370255 294.138275
v -174.385269 -214.385269 294.119598
v -175.032318 -215.032318 292.000000
v -173.840195 -215.087723 289.878693
v -171.894638 -209.836182 292.000000
v -175.882584 -213.233429 289.884674
v -174.822189 -211.379272 289.000000
v -172.442474 -210.523163 289.878693
v -174.359512 -208.287415 292.000000
v -175.961578 -208.458862 294.097992
v -176.670853 -210.485687 295.000031
v -177.517670 -212.473709 294.126862
v -177.541870 -213.403809 292.000000
v -176.028992 -208.509399 289.861725
v -177.107224 -207.325943 292.000000
v -178.246826 -212.318848 289.878693
v -180.165054 -209.859985 289.007660
v -180.000000 -207.000000 292.000000
v -181.360596 -207.924026 294.150024
v -181.242538 -210.029709 294.995636
v -180.000000 -212.121323 294.121307
v -180.000000 -213.000000 292.000000
v -180.885269 -212.143707 289.880402
v -181.190338 -207.872116 289.869476
v -182.892776 -207.325943 292.000000
v -182.638672 -212.551407 294.110321
v -182.272354 -213.327621 291.981812
v -185.640488 -208.287399 292.000000
v -186.505356 -209.646866 294.097992
v -185.428421 -211.518936 295.004486
v -184.224579 -213.276672 289.880463
v -185.244904 -211.430176 288.995605
v -186.334610 -209.589661 289.869476
v -189.225739 -210.774323 292.000000
v -185.628876 -214.395004 294.126953
v -184.914261 -214.968521 292.017944
v -190.410339 -213.665375 294.130554
v -188.569824 -214.755112 295.004425
v -186.785202 -215.905136 289.873199
v -188.534943 -214.637115 289.000000
v -189.476837 -212.442490 289.878693
v -191.712601 -214.359512 292.000000
v -187.462402 -217.388870 294.119629
v -186.306778 -216.962814 292.000000
v -191.459625 -215.940445 289.861725
v -192.674057 -217.107224 292.000000
v -192.127899 -218.809647 294.130554
v -190.140015 -219.834930 294.992401
v -186.977798 -219.071274 292.000031
v -187.681152 -218.246826 289.878693
v -190.013596 -219.075256 289.000000
v -193.000000 -220.000000 292.000000
v -187.878677 -220.000000 294.121307
v -187.848984 -220.915161 289.889709
v -192.139511 -221.367752 289.875977
v -192.674072 -222.892761 292.000000
v -191.817413 -222.697235 294.121307
v -187.423080 -222.766281 294.119659
v -186.689743 -222.190796 292.000031
v -189.022293 -224.666702 289.000000
v -191.712601 -225.640488 292.000000
v -190.205353 -226.671814 294.112854
v -188.119171 -226.103989 295.000031
v -187.098450 -223.418427 289.878693
v -190.205353 -226.671799 289.887146
v -190.163818 -228.105362 292.000000
v -185.566086 -225.609192 294.110321
v -185.472824 -224.364426 292.000000
v -185.590424 -225.590393 289.880402
v -188.105377 -230.163803 292.000000
v -186.507828 -230.268951 294.138275
v -183.737732 -225.948547 292.000031
v -185.177826 -228.620743 289.000000
v -186.507797 -230.268951 289.861725
v -185.640488 -231.712601 292.000000
v -183.404999 -229.476425 295.004486
v -183.418427 -227.098450 294.121307
v -183.418427 -227.098450 289.878693
v -182.892776 -232.674057 292.000000
v -181.367783 -232.139511 294.124023
v -180.745438 -227.889954 294.126862
v -181.557648 -226.824493 292.000000
v -180.773788 -227.882965 289.884674
v -180.000031 -230.122070 289.000000
v -181.560593 -232.081940 289.861511
v -178.539246 -232.965103 292.000031
v -178.992737 -229.996796 294.995636
v -179.071259 -226.977798 292.000031
v -175.766373 -231.434113 294.112854
v -177.391174 -227.455627 294.102692
v -177.391190 -227.455643 289.897339
v -177.302750 -231.817413 289.878693
v -174.359512 -231.712585 292.000000
v -174.822159 -228.620712 295.000031
v -176.135696 -225.883820 292.000000
v -174.822235 -228.620773 289.000000
v -173.492157 -230.268936 289.861725
v -171.894638 -230.163818 292.000000
v -172.442490 -229.476837 294.121307
v -175.087723 -226.159805 294.121307
v -174.371155 -225.604996 289.873108
v -169.836197 -228.105377 292.000000
v -169.552155 -226.275314 294.123901
v -170.977722 -224.666702 295.000031
v -173.270584 -224.228333 294.136505
v -174.051453 -223.737732 292.000000
v -170.977722 -224.666748 289.000000
v -169.775864 -226.630951 289.869476
v -168.287415 -225.640488 292.000000
v -172.471695 -222.465485 289.880371
v -167.325943 -222.892776 292.000000
v -173.175507 -221.557648 292.000000
v -167.000000 -220.000000 302.000000
v -167.861328 -218.853287 304.112854
v -170.094879 -222.260818 304.983948
v -172.151031 -220.915100 304.110321
v -173.003677 -219.211700 302.037231
v -172.117065 -220.773712 299.884674
v -170.036453 -221.976746 299.000000
v -167.910522 -221.583160 299.887177
v -167.325943 -217.107224 302.000000
v -170.502991 -216.676849 305.000031
v -172.471664 -217.534592 304.119659
v -172.531265 -217.418930 299.889709
v -170.977722 -215.333313 299.000000
v -168.182587 -217.302750 299.878693
v -168.287399 -214.359512 302.000000
v -169.079071 -214.740753 304.121307
v -173.693222 -216.962814 302.000000
v -169.561005 -213.700058 299.887146
v -169.836197 -211.894638 302.000000
v -171.399231 -211.399139 304.123962
v -172.887955 -212.887894 305.009155
v -173.840195 -215.087723 304.121307
v -175.032318 -215.032318 302.000000
v -174.385284 -214.385269 299.880463
v -171.894638 -209.836182 302.000000
v -175.905121 -213.214798 304.126862
v -175.749176 -210.792511 298.992371
v -172.442474 -210.523163 299.878693
v -174.359512 -208.287415 302.000000
v -175.744110 -208.579651 304.123932
v -177.738297 -210.090729 305.000031
v -176.962814 -213.693222 302.000000
v -177.418930 -212.531265 299.889740
v -175.982727 -208.519196 299.876068
v -177.107224 -207.325943 302.000000
v -178.246826 -212.318848 304.121307
v -179.071289 -213.022202 302.000031
v -180.000000 -207.000000 302.000000
v -181.166946 -207.873718 304.138519
v -180.885269 -212.143692 304.119629
v -180.773788 -212.117050 299.884674
v -181.007202 -210.003189 299.004395
v -181.166962 -207.873718 299.861511
v -182.892776 -207.325943 302.000000
v -184.408203 -210.846283 304.983948
v -182.272354 -213.327621 301.981812
v -185.640488 -208.287399 302.000000
v -185.259247 -209.079071 304.121307
v -184.078842 -213.209030 304.119659
v -184.240540 -213.283020 299.873108
v -185.177826 -211.379257 299.000000
v -186.334610 -209.589661 299.869476
v -188.105377 -209.836197 302.000000
v -188.775467 -211.535156 304.112854
v -184.914261 -214.968521 302.017944
v -190.163818 -211.894638 302.000000
v -188.516388 -214.648865 305.009155
v -186.159805 -215.087723 304.121307
v -186.785202 -215.905136 299.873199
v -188.534943 -214.637115 299.000000
v -189.476837 -212.442490 299.878693
v -191.712601 -214.359512 302.000000
v -190.920929 -214.740753 304.121307
v -187.528366 -217.534607 304.119659
v -186.596207 -217.541901 302.000000
v -191.459625 -215.940445 299.861725
v -192.674057 -217.107224 302.000000
v -192.127899 -218.809647 304.130554
v -190.015335 -218.956207 304.995575
v -187.681152 -218.246826 299.878693
v -190.013596 -219.075256 299.000000
v -193.000000 -220.000000 302.000000
v -187.848984 -220.915146 304.110321
v -187.000000 -220.000000 302.000000
v -187.848984 -220.915161 299.889709
v -192.139511 -221.367752 299.875977
v -192.674072 -222.892761 302.000000
v -191.431747 -224.209991 304.138489
v -189.022278 -224.666702 305.000031
v -186.689743 -222.190796 302.000031
v -189.022293 -224.666702 299.000000
v -191.712601 -225.640488 302.000000
v -187.098450 -223.418427 304.121307
v -187.098450 -223.418427 299.878693
v -190.205353 -226.671799 299.887146
v -190.163818 -228.105362 302.000000
v -188.563400 -228.629684 304.138275
v -185.566086 -225.609192 304.110321
v -185.472824 -224.364426 302.000000
v -185.590424 -225.590393 299.880402
v -188.105377 -230.163803 302.000000
v -185.244888 -228.569824 305.004425
v -183.737732 -225.948547 302.000031
v -185.177826 -228.620743 299.000000
v -186.507797 -230.268951 299.861725
v -185.640488 -231.712601 302.000000
v -184.233612 -231.434113 304.112854
v -183.418427 -227.098450 304.121307
v -183.418427 -227.098450 299.878693
v -182.892776 -232.674057 302.000000
v -180.165085 -230.140015 304.992371
v -180.745438 -227.889954 304.126862
v -181.557648 -226.824493 302.000000
v -180.773788 -227.882965 299.884674
v -180.000031 -230.122070 299.000000
v -181.560593 -232.081940 299.861511
v -180.000000 -233.000000 302.000000
v -180.000000 -232.121323 304.121307
v -179.071259 -226.977798 302.000031
v -177.107224 -232.674057 302.000000
v -175.766373 -231.434113 304.112854
v -177.391174 -227.455627 304.102692
v -177.391190 -227.455643 299.897339
v -176.180939 -231.579147 299.887146
v -174.359512 -231.712585 302.000000
v -173.752167 -228.036743 305.008179
v -176.135696 -225.883820 302.000000
v -173.641495 -227.973358 299.000000
v -171.894638 -230.163818 302.000000
v -171.260239 -228.492310 304.130524
v -174.480164 -225.680771 304.115356
v -174.380264 -225.619827 299.863525
v -171.557220 -228.789581 299.876099
v -169.836197 -228.105377 302.000000
v -174.051453 -223.737732 302.000000
v -168.287415 -225.640488 302.000000
v -168.529572 -224.013733 304.149994
v -172.901550 -223.418427 304.121307
v -172.901550 -223.418427 299.878693
v -169.079071 -225.259247 299.878693
v -167.325943 -222.892776 302.000000
v -173.175507 -221.557648 302.000000
v -55.790344 -73.368408 410.190216
v -55.588844 -73.819862 410.369598
v -55.406162 -73.799492 421.772461
v -55.819862 -73.588852 421.630432
v -55.406162 -66.200516 410.227570
v -55.819862 -66.411156 410.369598
v -55.790348 -66.631592 421.809784
v -55.588848 -66.180145 421.630432
v -48.593845 -73.799484 410.227570
v -48.180138 -73.588844 410.369598
v -48.209656 -73.368416 421.809784
v -48.411152 -73.819862 421.630432
v -48.209660 -66.631592 410.190216
v -48.411156 -66.180138 410.369598
v -48.593838 -66.200516 421.772461
v -48.180141 -66.411156 421.630432
v -55.790344 66.631599 410.190216
v -55.588844 66.180138 410.369598
v -55.406166 66.200516 421.772461
v -55.819859 66.411148 421.630432
v -55.406158 73.799492 410.227570
v -55.819862 73.588844 410.369598
v -55.790348 73.368416 421.809784
v -55.588852 73.819862 421.630432
v -48.593842 66.200516 410.227570
v -48.180138 66.411156 410.369598
v -48.209656 66.631592 421.809784
v -48.411152 66.180145 421.630432
v -48.209660 73.368408 410.190216
v -48.411156 73.819862 410.369598
v -48.593842 73.799492 421.772461
v -48.180141 73.588852 421.630432
v -57.630444 -79.588867 404.180176
v -57.764477 -79.833946 404.644043
v -57.262119 -79.674110 427.858978
v -57.828941 -79.512367 427.655457
v -57.674095 -79.858994 427.262177
v -57.828938 79.512367 404.344543
v -57.674095 79.858994 404.737854
v -57.262123 79.674103 404.141022
v -57.630451 79.588867 427.819855
v -57.764477 79.833946 427.355957
v -54.171062 -79.512367 404.344543
v -54.325909 -79.858994 404.737854
v -54.737881 -79.674103 404.141022
v -54.369553 -79.588867 427.819855
v -54.235523 -79.833946 427.355957
v -54.369560 79.588867 404.180176
v -54.235523 79.833946 404.644043
v -54.171062 79.512367 427.655457
v -54.325909 79.858994 427.262177
v -54.737885 79.674110 427.858978
v -58.133335 -74.000000 409.000000
v -58.133335 74.000000 423.000000
v -58.266670 -74.000000 423.000000
v -58.266670 74.000000 409.000000
v -59.021336 -73.068344 409.008240
v -58.170368 -73.071960 408.991333
v -59.041893 -74.030594 407.339539
v -58.170364 -74.043488 407.325928
v -59.021343 -75.958702 407.323029
v -58.170361 -75.971519 407.334595
v -59.029633 -76.928047 408.991333
v -58.178665 -76.931664 409.008240
v -59.029636 -75.971519 410.665436
v -58.158108 -75.953293 410.669800
v -59.029633 -74.043488 410.674103
v -58.178661 -74.027054 410.668793
v -59.021336 -73.068344 423.008240
v -58.170368 -73.071960 422.991333
v -59.041893 -74.030594 421.339539
v -58.170364 -74.043488 421.325928
v -59.021343 -75.958702 421.323029
v -58.170361 -75.971519 421.334595
v -59.029633 -76.928047 422.991333
v -58.178665 -76.931664 423.008240
v -59.029636 -75.971519 424.665436
v -58.158108 -75.953293 424.669800
v -59.029633 -74.043480 424.674103
v -58.178661 -74.027054 424.668793
v -59.021336 76.931664 409.008240
v -58.170368 76.928047 408.991333
v -59.041893 75.969406 407.339539
v -58.170364 75.956520 407.325928
v -59.021339 74.041298 407.323029
v -58.170361 74.028481 407.334595
v -59.029633 73.071960 408.991333
v -58.178665 73.068344 409.008240
v -59.029636 74.028488 410.665436
v -58.158108 74.046707 410.669800
v -59.029636 75.956520 410.674103
v -58.178661 75.972954 410.668793
v -59.021336 76.931664 423.008240
v -58.170368 76.928047 422.991333
v -59.041893 75.969406 421.339539
v -58.170364 75.956520 421.325928
v -59.021339 74.041298 421.323029
v -58.170361 74.028481 421.334595
v -59.029633 73.071960 422.991333
v -58.178665 73.068344 423.008240
v -59.029636 74.028488 424.665436
v -58.158108 74.046707 424.669800
v -59.029633 75.956520 424.674103
v -58.178661 75.972954 424.668793
v 159.000000 -10.000000 23.626669
v 191.000000 -10.000000 23.600000
v 191.000000 -22.000000 23.640001
v 221.000000 0.000000 23.640001
v 191.000000 22.000000 23.640001
v 191.000000 10.000000 23.600000
v 159.000000 10.000000 23.653334
v 191.000000 -10.000000 23.680000
v 191.000000 10.000000 23.680000
vn -0.0000 -1.0000 -0.0000
vn 1.0000 -0.0000 -0.0000
vn -0.0000 -0.0000 1.0000
vn -1.0000 -0.0000 -0.0000
vn -0.0000 1.0000 -0.0000
vn -0.3672 -0.2817 -0.8865
vn -0.2817 -0.8864 -0.3672
vn -0.8865 -0.3672 -0.2817
vn -0.3672 -0.8864 0.2818
vn -0.2818 -0.3672 0.8864
vn -0.8864 -0.2818 0.3672
vn -0.2818 0.3672 -0.8864
vn -0.8864 0.2818 -0.3672
vn -0.3672 0.8864 -0.2818
vn -0.3672 0.2817 0.8865
vn -0.2817 0.8864 0.3672
vn -0.8865 0.3672 0.2817
vn 0.2818 -0.3672 -0.8864
vn 0.8864 -0.2818 -0.3672
vn 0.3672 -0.8864 -0.2818
vn 0.3672 -0.2817 0.8865
vn 0.2817 -0.8864 0.3672
vn 0.8865 -0.3672 0.2817
vn 0.3672 0.2817 -0.8865
vn 0.2817 0.8864 -0.3672
vn 0.8865 0.3672 -0.2817
vn 0.2818 0.3672 0.8864
vn 0.8864 0.2818 0.3672
vn 0.3672 0.8864 0.2818
vn -0.3827 -0.0000 -0.9239
vn -0.9239 -0.0000 -0.3827
vn -0.3827 -0.9239 -0.0000
vn -0.9239 -0.3827 -0.0000
vn -0.3827 -0.0000 0.9239
vn -0.9239 -0.0000 0.3827
vn -0.3827 0.9239 -0.0000
vn -0.9239 0.3827 -0.0000
vn -0.0000 0.3827 -0.9239
vn -0.0000 0.9239 -0.3827
vn -0.0000 0.3827 0.9239
vn -0.0000 0.9239 0.3827
vn 0.9239 0.3827 -0.0000
vn 0.3827 0.9239 -0.0000
vn 0.3827 -0.0000 -0.9239
vn 0.9239 -0.0000 -0.3827
vn 0.3827 -0.0000 0.9239
vn 0.9239 -0.0000 0.3827
vn 0.3827 -0.9239 -0.0000
vn 0.9239 -0.3827 -0.0000
vn -0.0000 -0.3827 -0.9239
vn -0.0000 -0.9239 -0.3827
vn -0.0000 -0.3827 0.9239
vn -0.0000 -0.9239 0.3827
vn -0.0000 -0.0000 -1.0000
vn -0.3580 -0.3529 -0.8644
vn -0.2066 -0.9039 -0.3744
vn -0.8645 -0.3528 0.3581
vn -0.3699 0.8929 -0.2567
vn -0.3580 0.3529 0.8644
vn -0.2066 0.9039 0.3744
vn 0.3699 -0.8929 -0.2567
vn 0.3744 -0.2067 0.9039
vn 0.8644 -0.3581 0.3529
vn 0.3580 0.3529 -0.8644
vn 0.2066 0.9039 -0.3744
vn 0.8682 0.3418 0.3596
vn 0.3722 0.8985 0.2326
vn -0.5127 0.0003 -0.8585
vn -0.8390 0.0004 -0.5441
vn -0.4520 -0.8913 -0.0360
vn -0.8764 -0.4814 -0.0128
vn -0.4732 0.8809 -0.0000
vn -0.8801 0.4742 0.0259
vn 0.3826 0.9237 -0.0206
vn 0.5127 -0.0003 -0.8585
vn 0.8390 -0.0004 -0.5441
vn -0.0000 -0.4732 0.8809
vn -0.0000 -0.8727 0.4883
vn -0.0000 -0.9999 -0.0142
vn 1.0000 -0.0000 -0.0086
vn -0.9999 -0.0000 -0.0115
vn -0.0000 1.0000 -0.0065
vn -0.8863 0.0001 -0.4630
vn -0.3182 -0.9478 -0.0196
vn -0.4163 -0.0001 0.9092
vn -0.0000 0.5810 0.8139
vn 0.8863 -0.0001 -0.4630
vn 0.8863 0.0002 0.4631
vn 0.9021 -0.4271 0.0617
vn 0.0001 -0.3694 0.9293
vn -0.3744 -0.2067 -0.9039
vn -0.8645 -0.3580 -0.3529
vn -0.3581 -0.8644 0.3529
vn -0.2067 -0.3744 0.9039
vn -0.8644 0.3529 -0.3580
vn -0.3744 0.9039 -0.2067
vn -0.3744 0.2067 0.9039
vn -0.8644 0.3580 0.3529
vn 0.2067 -0.3744 -0.9039
vn 0.3581 -0.8644 -0.3529
vn 0.8644 -0.3580 0.3529
vn 0.3744 0.2067 -0.9039
vn 0.8644 0.3580 -0.3529
vn 0.8644 0.3529 0.3580
vn 0.3744 0.9039 0.2067
vn -0.4732 -0.0000 0.8809
vn -0.8770 -0.0150 0.4802
vn -0.0000 0.4732 -0.8809
vn -0.0000 0.8726 -0.4884
vn -0.0000 0.4732 0.8809
vn -0.0000 0.8726 0.4884
vn 0.4732 -0.0000 -0.8809
vn 0.8770 -0.0150 -0.4802
vn -0.0000 -0.4732 -0.8809
vn -0.0003 -0.8727 -0.4882
vn 0.0003 -0.8727 0.4882
vn -0.0000 -1.0000 -0.0015
vn 0.9999 0.0137 -0.0024
vn -0.0000 0.0084 1.0000
vn -0.9999 -0.0136 -0.0024
vn -0.0000 1.0000 -0.0015
vn -0.0000 0.0084 -1.0000
vn -0.5457 0.5511 0.6313
vn -0.0034 0.7836 -0.6212
vn -0.5509 0.5444 -0.6326
vn 0.7749 -0.0045 0.6320
vn 0.5509 -0.5444 -0.6326
vn 0.7843 0.0035 -0.6204
vn 0.5457 -0.5511 0.6313
vn 0.0034 -0.7836 -0.6212
vn -0.0044 -0.7811 0.6244
vn -0.5454 -0.5513 -0.6313
vn -0.5517 -0.5474 0.6292
vn -0.7842 -0.0035 -0.6204
vn -0.7749 0.0045 0.6320
vn 0.5517 0.5475 0.6292
vn 0.5454 0.5513 -0.6313
vn 0.0044 0.7811 0.6244
vn 0.7842 0.0035 -0.6204
vn 0.5517 0.5474 0.6292
vn -0.0034 0.7837 -0.6212
vn -0.7843 -0.0035 -0.6204
vn -0.8644 -0.3580 -0.3529
vn -0.3744 -0.9039 0.2067
vn -0.8644 -0.3529 0.3580
vn -0.2067 0.3744 -0.9039
vn -0.3581 0.8644 -0.3529
vn 0.8644 -0.3529 -0.3580
vn 0.3744 -0.9039 -0.2067
vn 0.8645 0.3580 -0.3529
vn 0.2067 0.3744 0.9039
vn 0.3581 0.8644 0.3529
vn -0.4732 -0.0000 -0.8809
vn -0.8770 0.0150 -0.4802
vn 0.0003 0.8727 -0.4882
vn -0.0003 0.8727 0.4882
vn 0.4732 -0.0000 0.8809
vn 0.8770 0.0150 0.4802
vn -0.0000 -0.8726 -0.4884
vn -0.0000 -0.8726 0.4884
vn 0.9999 0.0136 -0.0024
vn -0.9999 -0.0137 -0.0024
vn -0.5517 -0.5475 0.6292
vn 0.3580 -0.8644 -0.3529
vn 0.3529 -0.8644 0.3581
vn 0.9039 -0.3744 0.2067
vn 0.3529 0.8644 -0.3580
vn 0.9039 0.3744 -0.2067
vn -0.8727 0.0003 -0.4882
vn -0.8727 -0.0003 0.4882
vn -0.0150 0.8770 0.4802
vn 0.4733 -0.0000 -0.8809
vn 0.8726 -0.0000 -0.4884
vn 0.4733 -0.0000 0.8809
vn 0.8726 -0.0000 0.4884
vn -0.0150 -0.8770 -0.4802
vn 0.0010 -1.0000 -0.0084
vn 0.9999 0.0009 -0.0137
vn 0.0010 0.0006 1.0000
vn -0.9999 -0.0009 -0.0137
vn -0.0010 1.0000 -0.0084
vn -0.0010 0.0006 -1.0000
vn -0.3529 -0.8644 -0.3580
vn -0.9039 -0.3744 -0.2067
vn -0.3580 0.8644 -0.3529
vn -0.3529 0.8644 0.3581
vn -0.9039 0.3744 0.2067
vn -0.4733 -0.0000 -0.8809
vn -0.8726 -0.0000 -0.4884
vn -0.4733 -0.0000 0.8809
vn -0.8726 -0.0000 0.4884
vn 0.0150 0.8770 -0.4802
vn 0.8727 -0.0003 -0.4882
vn 0.8727 0.0003 0.4882
vn 0.0150 -0.8770 0.4802
vn -0.2818 -0.8864 -0.3672
vn -0.8864 -0.3672 -0.2818
vn -0.3672 -0.8865 0.2818
vn -0.8865 0.2818 -0.3672
vn -0.3672 0.8865 -0.2818
vn -0.3672 0.2817 0.8864
vn -0.8865 0.3672 0.2818
vn 0.3672 -0.8865 -0.2818
vn 0.3672 -0.2818 0.8865
vn 0.2818 -0.8864 0.3672
vn 0.8865 -0.3672 0.2818
vn 0.3672 0.2818 -0.8864
vn 0.8865 0.3672 -0.2818
vn 0.2818 0.3672 0.8865
vn 0.3672 0.8865 0.2818
vn 0.9984 0.0067 -0.0559
vn 0.0069 0.0069 1.0000
vn -0.9989 0.0019 -0.0464
vn -0.0067 0.9984 -0.0559
vn -0.4577 -0.1495 -0.8764
vn -0.4578 0.1495 0.8764
vn -0.3393 0.0054 -0.9406
vn -0.5023 -0.8647 -0.0000
vn -0.8749 -0.4843 -0.0112
vn -0.3587 -0.0053 0.9334
vn -0.8799 -0.0044 0.4752
vn -0.4697 0.8819 0.0399
vn -0.8754 0.4826 0.0279
vn 0.0057 0.4978 -0.8673
vn 0.0043 0.8382 -0.5454
vn -0.0060 0.5111 0.8595
vn -0.0014 0.8787 0.4773
vn 0.8819 0.4698 0.0399
vn 0.5296 0.8478 0.0295
vn 0.3587 -0.0053 -0.9334
vn 0.8777 0.0013 -0.4793
vn 0.3587 0.0053 0.9334
vn 0.8777 -0.0013 0.4793
vn 0.4433 -0.8964 -0.0000
vn -0.0060 -0.5111 -0.8595
vn -0.0014 -0.8787 -0.4774
vn 0.0057 -0.4978 0.8673
vn 0.0043 -0.8382 0.5454
vn -0.0069 0.0069 -1.0000
vn -0.3373 0.7794 0.5280
vn 0.0037 0.9835 -0.1808
vn -0.3417 0.7966 -0.4986
vn 0.6168 0.5942 0.5163
vn 0.7917 0.3468 -0.5029
vn 0.7034 0.6877 -0.1798
vn 0.9062 0.3823 0.1806
vn 0.9798 -0.0085 -0.1997
vn 0.8537 -0.0115 0.5207
vn 0.9022 -0.3706 -0.2206
vn 0.9051 -0.3706 0.2084
vn 0.6907 -0.7013 -0.1763
vn 0.5854 -0.5967 0.5489
vn 0.3427 -0.7963 -0.4985
vn 0.3193 -0.7915 0.5212
vn 0.0030 -0.9788 -0.2048
vn -0.0056 -0.9774 0.2113
vn -0.3197 -0.8000 -0.5077
vn -0.3731 -0.9080 0.1907
vn -0.7037 -0.6873 -0.1800
vn -0.6214 -0.6005 0.5033
vn -0.7632 -0.3395 -0.5498
vn -0.9091 -0.3778 0.1753
vn -0.8516 0.0024 -0.5241
vn -0.8596 0.0064 0.5110
vn -0.9053 0.3702 -0.2084
vn -0.9073 0.3688 0.2020
vn -0.6919 0.6979 -0.1848
vn -0.5914 0.6277 0.5062
vn 0.3697 0.9119 0.1785
vn 0.3100 0.7932 -0.5241
vn -0.1804 -0.1863 0.9658
vn 0.1659 -0.2540 0.9529
vn 0.1722 0.1775 0.9689
vn 0.0211 0.8363 0.5478
vn -0.0037 0.6245 -0.7810
vn 0.2319 0.5761 0.7838
vn 0.4428 0.4518 -0.7745
vn 0.0924 0.2199 -0.9711
vn 0.5834 0.2436 0.7748
vn 0.5886 -0.0059 -0.8084
vn 0.2383 0.0975 -0.9663
vn 0.2478 0.0017 0.9688
vn 0.5420 -0.2101 -0.8137
vn 0.5637 -0.2412 0.7900
vn 0.4544 -0.4339 -0.7779
vn 0.0021 -0.6249 -0.7807
vn 0.0942 -0.2277 -0.9692
vn -0.0025 -0.5876 0.8091
vn -0.2229 -0.5815 0.7824
vn -0.4363 -0.4427 -0.7834
vn -0.1008 -0.2389 -0.9658
vn -0.5828 -0.2456 0.7746
vn -0.2392 -0.0018 0.9710
vn -0.5496 0.2383 -0.8007
vn -0.2969 -0.0585 -0.9531
vn -0.5809 0.2506 0.7745
vn -0.1820 0.1899 0.9648
vn -0.4456 0.4328 -0.7836
vn -0.0589 0.2964 0.9533
vn -0.0935 0.2283 -0.9691
vn -0.6883 0.4013 0.6044
vn -0.0034 0.7967 -0.6044
vn -0.6884 0.3919 -0.6103
vn 0.6840 -0.3995 0.6104
vn 0.0040 -0.7921 -0.6104
vn 0.6912 -0.3961 -0.6044
vn -0.0026 -0.7967 0.6044
vn -0.6853 -0.3992 -0.6091
vn -0.6858 -0.3906 0.6141
vn 0.6884 0.3939 0.6091
vn 0.6812 0.3986 -0.6141
vn 0.0048 0.7921 0.6103
vn -0.2817 -0.3672 0.8864
vn -0.3672 0.2818 0.8865
vn -0.2818 0.8864 0.3672
vn 0.3672 -0.2818 0.8864
vn 0.2818 0.8864 -0.3672
vn -0.9999 -0.0068 0.0119
vn -0.4578 -0.1495 -0.8764
vn -0.4577 0.1495 0.8764
vn -0.3587 0.0053 -0.9334
vn -0.8799 0.0044 -0.4752
vn -0.4697 -0.8819 -0.0399
vn -0.8754 -0.4826 -0.0279
vn -0.3393 -0.0054 0.9407
vn -0.5023 0.8647 -0.0000
vn -0.8749 0.4843 0.0112
vn -0.0014 0.8787 0.4774
vn 0.5295 0.8478 0.0295
vn -0.0014 -0.8787 -0.4773
vn 0.0043 -0.8382 0.5453
vn -0.3846 0.9028 0.1923
vn 0.0014 0.9793 -0.2026
vn -0.3426 0.7850 -0.5161
vn 0.6172 0.5933 0.5168
vn 0.7923 0.3458 -0.5027
vn 0.7023 0.6903 -0.1742
vn 0.9045 0.3864 0.1803
vn 0.9815 -0.0056 -0.1914
vn 0.8538 -0.0126 0.5204
vn 0.9041 -0.3656 -0.2211
vn 0.9072 -0.3689 0.2020
vn 0.6917 -0.6985 -0.1836
vn 0.5862 -0.6215 0.5197
vn 0.3422 -0.7969 -0.4979
vn 0.3347 -0.7766 0.5337
vn -0.0009 -0.9844 -0.1757
vn -0.0218 -0.8415 0.5398
vn -0.3140 -0.7964 -0.5169
vn -0.3698 -0.9116 0.1794
vn -0.7036 -0.6875 -0.1800
vn -0.6211 -0.6004 0.5037
vn -0.7881 -0.3359 -0.5158
vn -0.9093 -0.3796 0.1704
vn -0.8438 -0.0146 -0.5365
vn -0.8743 0.0113 0.4853
vn -0.7782 0.3156 -0.5429
vn -0.9132 0.3658 0.1797
vn -0.6908 0.7005 -0.1793
vn -0.5937 0.6179 0.5155
vn 0.3734 0.9081 0.1896
vn 0.3163 0.7934 -0.5200
vn -0.1816 -0.1858 0.9657
vn 0.1723 -0.1798 0.9685
vn 0.1716 0.1776 0.9690
vn 0.0045 0.9736 0.2284
vn 0.0018 0.6323 -0.7747
vn 0.2234 0.5826 0.7814
vn 0.4505 0.4535 -0.7690
vn 0.0967 0.2273 -0.9690
vn 0.5876 0.2343 0.7745
vn 0.5979 -0.0155 -0.8014
vn 0.2387 0.0964 -0.9663
vn 0.2473 0.0012 0.9690
vn 0.5812 -0.2491 0.7747
vn 0.5340 -0.2293 -0.8138
vn 0.4463 -0.4339 -0.7827
vn 0.0552 -0.2974 0.9531
vn -0.0023 -0.6325 -0.7746
vn 0.0936 -0.2280 -0.9691
vn -0.2321 -0.5761 0.7837
vn -0.4416 -0.4525 -0.7747
vn -0.0951 -0.2261 -0.9695
vn -0.5916 -0.2423 0.7690
vn -0.2347 -0.0895 -0.9679
vn -0.2598 -0.0010 0.9656
vn -0.5819 0.2489 0.7743
vn -0.4408 0.4376 -0.7837
vn -0.2961 0.0604 -0.9533
vn -0.1738 0.1735 0.9694
vn -0.2001 0.5535 0.8084
vn -0.0926 0.2293 -0.9690
vn -0.0033 0.5693 0.8221
vn -0.6882 0.4013 0.6044
vn -0.3672 -0.2818 -0.8864
vn -0.8865 -0.3672 -0.2818
vn -0.3672 0.2818 0.8864
vn 0.8864 0.3672 -0.2818
vn 0.2817 0.3672 0.8864
vn 0.9999 0.0068 0.0119
vn -0.9984 -0.0067 -0.0559
vn 0.4577 -0.1495 0.8764
vn 0.4578 0.1495 -0.8764
vn -0.8777 -0.0013 -0.4793
vn -0.4433 -0.8964 -0.0000
vn -0.8777 0.0013 0.4793
vn -0.4433 0.8964 -0.0000
vn 0.0060 0.5111 -0.8595
vn 0.0014 0.8787 -0.4773
vn -0.0057 0.4978 0.8673
vn -0.0043 0.8382 0.5453
vn 0.9171 0.3984 -0.0099
vn 0.8799 -0.0044 -0.4752
vn 0.3393 0.0054 0.9407
vn 0.5023 -0.8647 -0.0000
vn 0.8749 -0.4843 0.0112
vn -0.0057 -0.4978 -0.8673
vn -0.0043 -0.8382 -0.5454
vn 0.0060 -0.5111 0.8595
vn 0.0014 -0.8787 0.4774
vn -0.3347 0.7766 0.5337
vn 0.0009 0.9844 -0.1757
vn -0.3422 0.7969 -0.4979
vn 0.6211 0.6004 0.5037
vn 0.7881 0.3359 -0.5158
vn 0.7036 0.6875 -0.1800
vn 0.9093 0.3796 0.1704
vn 0.8438 0.0146 -0.5365
vn 0.8743 -0.0113 0.4853
vn 0.7782 -0.3156 -0.5429
vn 0.9132 -0.3658 0.1797
vn 0.6908 -0.7005 -0.1793
vn 0.5937 -0.6179 0.5155
vn 0.3426 -0.7850 -0.5161
vn 0.3846 -0.9028 0.1923
vn -0.0014 -0.9793 -0.2026
vn -0.0045 -0.9736 0.2284
vn -0.3163 -0.7934 -0.5200
vn -0.3734 -0.9081 0.1896
vn -0.7023 -0.6903 -0.1742
vn -0.6172 -0.5933 0.5168
vn -0.7923 -0.3458 -0.5027
vn -0.9045 -0.3864 0.1803
vn -0.9815 0.0056 -0.1914
vn -0.8538 0.0126 0.5204
vn -0.9041 0.3656 -0.2211
vn -0.9072 0.3689 0.2020
vn -0.6917 0.6985 -0.1836
vn -0.5862 0.6215 0.5197
vn 0.3698 0.9116 0.1794
vn 0.3140 0.7964 -0.5169
vn -0.1716 -0.1776 0.9690
vn 0.1738 -0.1735 0.9694
vn 0.1816 0.1858 0.9657
vn 0.0218 0.8415 0.5398
vn 0.0023 0.6325 -0.7746
vn 0.2321 0.5761 0.7837
vn 0.4416 0.4525 -0.7747
vn 0.0951 0.2261 -0.9695
vn 0.5916 0.2423 0.7690
vn 0.2347 0.0895 -0.9679
vn 0.2598 0.0010 0.9656
vn 0.5819 -0.2489 0.7743
vn 0.4408 -0.4376 -0.7837
vn 0.2961 -0.0604 -0.9533
vn 0.2001 -0.5535 0.8084
vn -0.0018 -0.6323 -0.7747
vn 0.0926 -0.2293 -0.9690
vn 0.0033 -0.5693 0.8221
vn -0.2234 -0.5826 0.7814
vn -0.4505 -0.4535 -0.7690
vn -0.0967 -0.2273 -0.9690
vn -0.5876 -0.2343 0.7745
vn -0.5979 0.0155 -0.8014
vn -0.2387 -0.0964 -0.9663
vn -0.2473 -0.0012 0.9690
vn -0.5812 0.2491 0.7747
vn -0.5340 0.2293 -0.8138
vn -0.1723 0.1798 0.9685
vn -0.4463 0.4339 -0.7827
vn -0.0552 0.2974 0.9531
vn -0.0936 0.2280 -0.9691
vn -0.2818 -0.3672 0.8865
vn 0.8865 -0.2818 -0.3672
vn 0.3672 -0.2817 0.8864
vn 0.0067 -0.9984 -0.0559
vn 0.9989 -0.0019 -0.0464
vn 0.4578 -0.1495 0.8764
vn 0.4577 0.1495 -0.8764
vn 0.0014 0.8787 -0.4774
vn -0.0043 0.8382 0.5454
vn 0.8578 0.5137 -0.0146
vn 0.5427 0.8399 0.0085
vn 0.3393 -0.0054 -0.9406
vn 0.8799 0.0044 0.4752
vn 0.4697 -0.8819 0.0399
vn 0.8754 -0.4826 0.0279
vn 0.0014 -0.8787 0.4773
vn -0.3193 0.7915 0.5212
vn -0.0030 0.9788 -0.2048
vn -0.3427 0.7963 -0.4985
vn 0.6214 0.6005 0.5033
vn 0.7632 0.3395 -0.5498
vn 0.7037 0.6873 -0.1800
vn 0.9091 0.3778 0.1753
vn 0.8516 -0.0024 -0.5241
vn 0.8596 -0.0064 0.5110
vn 0.9053 -0.3702 -0.2084
vn 0.9073 -0.3688 0.2020
vn 0.6919 -0.6979 -0.1848
vn 0.5914 -0.6277 0.5062
vn 0.3417 -0.7966 -0.4986
vn 0.3373 -0.7794 0.5280
vn -0.0037 -0.9835 -0.1808
vn -0.0211 -0.8363 0.5478
vn -0.3100 -0.7932 -0.5241
vn -0.3697 -0.9119 0.1785
vn -0.7034 -0.6877 -0.1798
vn -0.6168 -0.5942 0.5163
vn -0.7917 -0.3468 -0.5029
vn -0.9062 -0.3823 0.1806
vn -0.9798 0.0085 -0.1997
vn -0.8537 0.0115 0.5207
vn -0.9022 0.3706 -0.2206
vn -0.9051 0.3706 0.2084
vn -0.6907 0.7013 -0.1763
vn -0.5854 0.5967 0.5489
vn 0.3731 0.9080 0.1907
vn 0.3197 0.8000 -0.5077
vn -0.1722 -0.1775 0.9689
vn 0.1820 -0.1899 0.9648
vn 0.1804 0.1863 0.9658
vn 0.0056 0.9774 0.2113
vn -0.0021 0.6249 -0.7807
vn 0.2229 0.5815 0.7824
vn 0.4363 0.4427 -0.7834
vn 0.1008 0.2389 -0.9658
vn 0.5828 0.2456 0.7746
vn 0.2392 0.0018 0.9710
vn 0.5496 -0.2383 -0.8007
vn 0.2969 0.0585 -0.9531
vn 0.5809 -0.2506 0.7745
vn 0.4456 -0.4328 -0.7836
vn 0.0589 -0.2964 0.9533
vn 0.0037 -0.6245 -0.7810
vn 0.0935 -0.2283 -0.9691
vn -0.2319 -0.5761 0.7838
vn -0.4428 -0.4518 -0.7745
vn -0.0924 -0.2199 -0.9711
vn -0.5834 -0.2436 0.7748
vn -0.5886 0.0059 -0.8084
vn -0.2383 -0.0975 -0.9663
vn -0.2478 -0.0017 0.9688
vn -0.5420 0.2101 -0.8137
vn -0.5637 0.2412 0.7900
vn -0.4544 0.4339 -0.7779
vn -0.1659 0.2540 0.9529
vn -0.0942 0.2277 -0.9692
vn 0.0025 0.5876 0.8091
vn 0.6992 0.0933 -0.7088
vn 0.6992 -0.0000 -0.7149
vn 0.9999 0.0021 -0.0158
vn 0.9999 -0.0000 -0.0159
vn 0.7152 -0.0000 0.6990
vn 0.7152 -0.0912 0.6930
vn -0.0000 -0.1305 0.9914
vn -0.7152 -0.0000 0.6990
vn -0.7152 -0.0912 0.6930
vn -0.9999 -0.0000 -0.0159
vn -0.9999 0.0021 -0.0158
vn -0.6992 -0.0000 -0.7149
vn -0.6992 0.0933 -0.7088
vn -0.0000 0.1305 -0.9914
vn 0.6992 0.1850 -0.6905
vn 0.9999 0.0041 -0.0154
vn 0.7152 -0.1809 0.6751
vn -0.0000 -0.2588 0.9659
vn -0.9999 0.0041 -0.0154
vn -0.6992 0.1850 -0.6905
vn -0.0000 0.2588 -0.9659
vn 0.9999 0.0061 -0.0147
vn 0.7152 -0.2675 0.6458
vn -0.7152 -0.1809 0.6751
vn -0.7152 -0.2675 0.6458
vn -0.9999 0.0061 -0.0147
vn -0.6992 0.2736 -0.6605
vn -0.0000 0.5000 -0.8660
vn 0.6992 0.2736 -0.6605
vn 0.6992 0.3574 -0.6191
vn 0.7152 -0.3495 0.6053
vn -0.0000 -0.5000 0.8660
vn -0.9999 0.0080 -0.0138
vn -0.6992 0.3574 -0.6191
vn 0.6992 0.4352 -0.5672
vn 0.9999 0.0080 -0.0138
vn 0.9999 0.0097 -0.0126
vn -0.0000 -0.6088 0.7934
vn -0.7152 -0.3495 0.6053
vn -0.7152 -0.4255 0.5545
vn -0.6992 0.4352 -0.5672
vn -0.0000 0.7071 -0.7071
vn -0.0000 0.6088 -0.7934
vn 0.6992 0.5055 -0.5055
vn 0.7152 -0.4942 0.4942
vn 0.7152 -0.4255 0.5545
vn -0.7152 -0.4942 0.4942
vn -0.9999 0.0097 -0.0126
vn -0.6992 0.5055 -0.5055
vn -0.0000 0.7934 -0.6088
vn 0.9999 0.0126 -0.0097
vn 0.9999 0.0113 -0.0113
vn 0.7152 -0.5545 0.4255
vn -0.0000 -0.7071 0.7071
vn -0.0000 -0.7934 0.6088
vn -0.9999 0.0126 -0.0097
vn -0.9999 0.0113 -0.0113
vn 0.6992 0.6191 -0.3574
vn 0.6992 0.5672 -0.4352
vn 0.9999 0.0138 -0.0080
vn 0.7152 -0.6053 0.3495
vn -0.0000 -0.8660 0.5000
vn -0.7152 -0.5545 0.4255
vn -0.7152 -0.6053 0.3495
vn -0.6992 0.6191 -0.3574
vn -0.6992 0.5672 -0.4352
vn -0.0000 0.8660 -0.5000
vn 0.6992 0.6605 -0.2736
vn 0.9999 0.0147 -0.0061
vn -0.9999 0.0147 -0.0061
vn -0.9999 0.0138 -0.0080
vn -0.0000 0.9659 -0.2588
vn 0.9999 0.0154 -0.0041
vn 0.7152 -0.6458 0.2675
vn 0.7152 -0.6751 0.1809
vn -0.0000 -0.9659 0.2588
vn -0.7152 -0.6458 0.2675
vn -0.7152 -0.6751 0.1809
vn -0.9999 0.0154 -0.0041
vn -0.6992 0.6605 -0.2736
vn -0.0000 0.9914 -0.1305
vn 0.6992 0.6905 -0.1850
vn 0.6992 0.7088 -0.0933
vn 0.7152 -0.6930 0.0912
vn -0.0000 -0.9914 0.1305
vn -0.7152 -0.6930 0.0912
vn -0.9999 0.0158 -0.0021
vn -0.6992 0.6905 -0.1850
vn -0.6992 0.7088 -0.0933
vn 0.6992 0.7149 -0.0000
vn 0.9999 0.0158 -0.0021
vn 0.7152 -0.6990 -0.0000
vn -0.7152 -0.6990 -0.0000
vn -0.6992 0.7149 -0.0000
vn -0.0000 0.9914 0.1305
vn 0.6992 0.7088 0.0933
vn 0.9999 0.0159 -0.0000
vn 0.9999 0.0158 0.0021
vn 0.7152 -0.6930 -0.0912
vn -0.7152 -0.6930 -0.0912
vn -0.9999 0.0159 -0.0000
vn -0.9999 0.0158 0.0021
vn -0.0000 0.9659 0.2588
vn 0.9999 0.0154 0.0041
vn 0.7152 -0.6751 -0.1809
vn -0.0000 -0.9914 -0.1305
vn -0.0000 -0.9659 -0.2588
vn -0.7152 -0.6751 -0.1809
vn -0.9999 0.0154 0.0041
vn -0.6992 0.7088 0.0933
vn 0.6992 0.6905 0.1850
vn 0.9999 0.0147 0.0061
vn -0.9999 0.0147 0.0061
vn -0.6992 0.6605 0.2736
vn -0.6992 0.6905 0.1850
vn 0.6992 0.6191 0.3574
vn 0.6992 0.6605 0.2736
vn 0.9999 0.0138 0.0080
vn 0.7152 -0.6458 -0.2675
vn -0.0000 -0.8660 -0.5000
vn -0.7152 -0.6053 -0.3495
vn -0.7152 -0.6458 -0.2675
vn -0.9999 0.0138 0.0080
vn -0.6992 0.6191 0.3574
vn -0.0000 0.7934 0.6088
vn -0.0000 0.8660 0.5000
vn 0.9999 0.0126 0.0097
vn 0.7152 -0.5545 -0.4255
vn 0.7152 -0.6053 -0.3495
vn -0.0000 -0.7934 -0.6088
vn -0.9999 0.0126 0.0097
vn -0.6992 0.5672 0.4352
vn 0.6992 0.5055 0.5055
vn 0.6992 0.5672 0.4352
vn 0.9999 0.0113 0.0113
vn 0.7152 -0.4942 -0.4942
vn -0.0000 -0.7071 -0.7071
vn -0.7152 -0.5545 -0.4255
vn -0.7152 -0.4942 -0.4942
vn -0.9999 0.0113 0.0113
vn -0.6992 0.5055 0.5055
vn -0.0000 0.7071 0.7071
vn 0.6992 0.4352 0.5672
vn 0.7152 -0.4255 -0.5545
vn -0.0000 -0.6088 -0.7934
vn -0.7152 -0.4255 -0.5545
vn -0.6992 0.4352 0.5672
vn -0.0000 0.5000 0.8660
vn -0.0000 0.6088 0.7934
vn 0.6992 0.3574 0.6191
vn 0.9999 0.0097 0.0126
vn 0.7152 -0.3495 -0.6053
vn -0.0000 -0.5000 -0.8660
vn -0.9999 0.0080 0.0138
vn -0.9999 0.0097 0.0126
vn 0.6992 0.2736 0.6605
vn 0.9999 0.0080 0.0138
vn 0.9999 0.0061 0.0147
vn 0.7152 -0.2675 -0.6458
vn -0.7152 -0.2675 -0.6458
vn -0.7152 -0.3495 -0.6053
vn -0.6992 0.2736 0.6605
vn -0.6992 0.3574 0.6191
vn -0.0000 0.2588 0.9659
vn 0.6992 0.1850 0.6905
vn 0.7152 -0.1809 -0.6751
vn -0.0000 -0.2588 -0.9659
vn -0.7152 -0.1809 -0.6751
vn -0.9999 0.0061 0.0147
vn -0.9999 0.0041 0.0154
vn 0.6992 0.0933 0.7088
vn 0.9999 0.0041 0.0154
vn 0.9999 0.0021 0.0158
vn -0.0000 -0.1305 -0.9914
vn -0.9999 0.0021 0.0158
vn -0.6992 0.0933 0.7088
vn -0.6992 0.1850 0.6905
vn -0.0000 0.1305 0.9914
vn 0.6992 -0.0000 0.7149
vn 0.9999 -0.0000 0.0159
vn 0.7152 -0.0912 -0.6930
vn -0.7152 -0.0912 -0.6930
vn -0.7152 -0.0000 -0.6990
vn -0.9999 -0.0000 0.0159
vn -0.6992 -0.0000 0.7149
vn 0.6992 -0.0933 0.7088
vn 0.9999 -0.0021 0.0158
vn 0.7152 -0.0000 -0.6990
vn 0.7152 0.0912 -0.6930
vn -0.7152 0.0912 -0.6930
vn -0.6992 -0.0933 0.7088
vn 0.9999 -0.0041 0.0154
vn 0.7152 0.1809 -0.6751
vn -0.7152 0.1809 -0.6751
vn -0.9999 -0.0021 0.0158
vn -0.9999 -0.0041 0.0154
vn -0.6992 -0.1850 0.6905
vn 0.6992 -0.2736 0.6605
vn 0.6992 -0.1850 0.6905
vn 0.7152 0.2675 -0.6458
vn -0.7152 0.2675 -0.6458
vn -0.9999 -0.0061 0.0147
vn -0.6992 -0.2736 0.6605
vn 0.6992 -0.3574 0.6191
vn 0.9999 -0.0061 0.0147
vn 0.7152 0.3495 -0.6053
vn -0.7152 0.3495 -0.6053
vn -0.9999 -0.0080 0.0138
vn 0.9999 -0.0097 0.0126
vn 0.9999 -0.0080 0.0138
vn -0.9999 -0.0097 0.0126
vn -0.6992 -0.3574 0.6191
vn 0.6992 -0.4352 0.5672
vn 0.9999 -0.0113 0.0113
vn 0.7152 0.4255 -0.5545
vn -0.7152 0.4255 -0.5545
vn -0.9999 -0.0113 0.0113
vn -0.6992 -0.4352 0.5672
vn 0.6992 -0.5055 0.5055
vn 0.9999 -0.0126 0.0097
vn 0.7152 0.4942 -0.4942
vn -0.7152 0.4942 -0.4942
vn -0.7152 0.5545 -0.4255
vn -0.9999 -0.0126 0.0097
vn -0.6992 -0.5055 0.5055
vn 0.6992 -0.6191 0.3574
vn 0.6992 -0.5672 0.4352
vn 0.9999 -0.0138 0.0080
vn 0.7152 0.5545 -0.4255
vn 0.7152 0.6053 -0.3495
vn -0.7152 0.6053 -0.3495
vn -0.6992 -0.6191 0.3574
vn -0.6992 -0.5672 0.4352
vn 0.9999 -0.0147 0.0061
vn 0.7152 0.6458 -0.2675
vn -0.7152 0.6458 -0.2675
vn -0.9999 -0.0138 0.0080
vn -0.9999 -0.0147 0.0061
vn 0.6992 -0.6605 0.2736
vn 0.9999 -0.0154 0.0041
vn 0.7152 0.6751 -0.1809
vn -0.7152 0.6751 -0.1809
vn -0.6992 -0.6905 0.1850
vn -0.6992 -0.6605 0.2736
vn 0.6992 -0.6905 0.1850
vn 0.6992 -0.7088 0.0933
vn 0.9999 -0.0158 0.0021
vn 0.7152 0.6930 -0.0912
vn -0.9999 -0.0158 0.0021
vn -0.9999 -0.0154 0.0041
vn 0.6992 -0.7149 -0.0000
vn 0.7152 0.6990 -0.0000
vn -0.7152 0.6930 -0.0912
vn -0.7152 0.6990 -0.0000
vn -0.6992 -0.7149 -0.0000
vn -0.6992 -0.7088 0.0933
vn 0.9999 -0.0158 -0.0021
vn 0.9999 -0.0159 -0.0000
vn 0.7152 0.6930 0.0912
vn -0.9999 -0.0158 -0.0021
vn -0.9999 -0.0159 -0.0000
vn 0.6992 -0.7088 -0.0933
vn 0.9999 -0.0154 -0.0041
vn 0.7152 0.6751 0.1809
vn -0.7152 0.6751 0.1809
vn -0.7152 0.6930 0.0912
vn -0.6992 -0.6905 -0.1850
vn -0.6992 -0.7088 -0.0933
vn 0.6992 -0.6605 -0.2736
vn 0.6992 -0.6905 -0.1850
vn 0.7152 0.6458 0.2675
vn -0.9999 -0.0147 -0.0061
vn -0.9999 -0.0154 -0.0041
vn -0.6992 -0.6605 -0.2736
vn 0.6992 -0.6191 -0.3574
vn 0.9999 -0.0147 -0.0061
vn 0.7152 0.6053 0.3495
vn -0.7152 0.6458 0.2675
vn -0.7152 0.6053 0.3495
vn -0.6992 -0.6191 -0.3574
vn 0.9999 -0.0126 -0.0097
vn 0.9999 -0.0138 -0.0080
vn -0.7152 0.5545 0.4255
vn -0.9999 -0.0138 -0.0080
vn -0.9999 -0.0126 -0.0097
vn -0.6992 -0.5672 -0.4352
vn 0.6992 -0.5672 -0.4352
vn 0.9999 -0.0113 -0.0113
vn 0.7152 0.5545 0.4255
vn -0.7152 0.4942 0.4942
vn -0.9999 -0.0113 -0.0113
vn -0.6992 -0.5055 -0.5055
vn 0.6992 -0.5055 -0.5055
vn 0.6992 -0.4352 -0.5672
vn 0.9999 -0.0097 -0.0126
vn 0.7152 0.4942 0.4942
vn -0.7152 0.4255 0.5545
vn -0.9999 -0.0097 -0.0126
vn 0.9999 -0.0080 -0.0138
vn 0.7152 0.4255 0.5545
vn 0.7152 0.3495 0.6053
vn -0.9999 -0.0080 -0.0138
vn -0.6992 -0.4352 -0.5672
vn 0.6992 -0.3574 -0.6191
vn 0.6992 -0.2736 -0.6605
vn 0.9999 -0.0061 -0.0147
vn -0.7152 0.2675 0.6458
vn -0.7152 0.3495 0.6053
vn -0.9999 -0.0061 -0.0147
vn -0.6992 -0.2736 -0.6605
vn -0.6992 -0.3574 -0.6191
vn 0.6992 -0.1850 -0.6905
vn 0.9999 -0.0041 -0.0154
vn 0.7152 0.2675 0.6458
vn 0.7152 0.1809 0.6751
vn -0.7152 0.1809 0.6751
vn -0.9999 -0.0041 -0.0154
vn 0.6992 -0.0933 -0.7088
vn 0.9999 -0.0021 -0.0158
vn 0.7152 0.0912 0.6930
vn -0.7152 0.0912 0.6930
vn -0.9999 -0.0021 -0.0158
vn -0.6992 -0.1850 -0.6905
vn -0.6992 -0.0933 -0.7088
vn 0.6992 0.3575 -0.6191
vn -0.6992 0.3575 -0.6191
vn 0.6992 0.6191 -0.3575
vn -0.6992 0.6191 -0.3575
vn 0.6992 0.6191 0.3575
vn -0.6992 0.6191 0.3575
vn -0.6992 0.3575 0.6191
vn -0.7152 -0.2675 -0.6457
vn 0.7152 0.1809 -0.6752
vn 0.6992 -0.3575 0.6191
vn -0.6992 -0.3575 0.6191
vn 0.6992 -0.6191 0.3575
vn -0.6992 -0.6191 0.3575
vn 0.6992 -0.6191 -0.3575
vn -0.6992 -0.6191 -0.3575
vn -0.9999 -0.0127 -0.0097
vn -0.6992 -0.3575 -0.6191
vn 0.6992 0.3575 0.6191
vn -0.7152 -0.1809 -0.6752
vn -0.9999 -0.0000 0.0160
vn 0.9999 0.0097 0.0127
vn 0.7152 -0.2675 -0.6457
vn -0.9999 -0.0097 0.0127
vn 0.6992 -0.3575 -0.6191
vn -0.2817 -0.8865 -0.3672
vn -0.3672 -0.8864 0.2817
vn -0.8865 -0.2817 0.3672
vn -0.2817 0.3672 -0.8865
vn -0.8865 0.2817 -0.3672
vn -0.2817 0.8865 0.3672
vn 0.2817 -0.3672 -0.8865
vn 0.8865 -0.2817 -0.3672
vn 0.3672 -0.8865 -0.2817
vn 0.2817 -0.8865 0.3672
vn 0.2817 0.8865 -0.3672
vn 0.8865 0.2818 0.3672
vn 0.0490 -0.9988 -0.0007
vn 1.0000 0.0070 -0.0008
vn 0.0559 0.0068 0.9984
vn -1.0000 -0.0070 -0.0008
vn -0.0490 0.9988 -0.0007
vn -0.2828 0.0058 -0.9592
vn -0.8723 -0.0009 -0.4889
vn -0.3587 -0.0054 0.9334
vn -0.4433 0.8964 0.0005
vn 0.0399 0.4698 -0.8819
vn 0.0295 0.8478 -0.5295
vn -0.0399 0.4698 0.8819
vn -0.0295 0.8478 0.5295
vn 0.8964 0.4433 0.0005
vn 0.2828 -0.0058 -0.9592
vn 0.8723 0.0009 -0.4889
vn 0.2828 0.0058 0.9592
vn 0.8740 0.0047 0.4858
vn 0.5018 -0.8650 0.0007
vn 0.8744 -0.4852 0.0005
vn -0.0399 -0.4698 -0.8819
vn -0.0295 -0.8478 -0.5295
vn 0.0439 -0.4875 0.8720
vn 0.0095 -0.8818 0.4714
vn -0.0559 0.0068 -0.9984
vn 0.2175 0.5161 0.8284
vn -0.2029 0.9789 0.0245
vn -0.2424 0.4682 0.8497
vn 0.2041 -0.5215 -0.8285
vn -0.1882 -0.9818 -0.0255
vn -0.2366 -0.4679 -0.8515
vn 0.2029 -0.9789 0.0245
vn -0.2033 -0.5208 0.8291
vn 0.2258 -0.4702 0.8532
vn 0.2418 0.4675 -0.8503
vn -0.2041 0.5215 -0.8285
vn 0.9615 -0.1399 0.2364
vn 0.7258 -0.6878 -0.0080
vn 0.9616 -0.1387 -0.2367
vn 0.1882 0.9818 -0.0255
vn -0.7394 0.6732 -0.0013
vn 0.6393 0.7689 0.0097
vn 0.7810 0.3224 -0.5349
vn -0.6408 0.3531 -0.6816
vn -0.7562 -0.3381 -0.5602
vn -0.9588 0.1498 -0.2412
vn 0.6402 -0.3541 -0.6817
vn -0.6406 -0.7678 0.0099
vn -0.9573 -0.1459 0.2494
vn -0.9609 -0.2770 -0.0025
vn 0.6669 -0.3796 0.6412
vn -0.6413 -0.3534 0.6810
vn -0.7807 0.3311 0.5300
vn 0.7384 0.3092 0.5993
vn 0.9664 0.2569 -0.0022
vn 0.2011 0.5131 0.8345
vn -0.2360 0.9716 0.0172
vn -0.2064 0.4573 0.8650
vn 0.1842 -0.5160 -0.8365
vn -0.2419 -0.9701 -0.0173
vn -0.2199 -0.4577 -0.8615
vn 0.2362 -0.9716 0.0170
vn -0.1842 -0.5160 0.8365
vn 0.2071 -0.4565 0.8653
vn 0.2055 0.4584 -0.8647
vn -0.1853 0.5142 -0.8374
vn 0.9636 -0.1258 0.2357
vn 0.7563 -0.6541 -0.0134
vn 0.9558 -0.1479 -0.2541
vn 0.2422 0.9701 -0.0161
vn -0.6350 0.3818 -0.6716
vn -0.7563 0.6541 -0.0127
vn 0.6493 0.4029 -0.6450
vn 0.7806 0.6247 0.0215
vn 0.9602 0.1379 -0.2428
vn -0.7518 -0.3625 -0.5508
vn -0.9618 0.1313 -0.2403
vn 0.6289 -0.3793 -0.6787
vn -0.6281 -0.3791 0.6795
vn -0.7810 -0.6245 0.0032
vn 0.6524 -0.4062 0.6399
vn -0.6539 0.4052 0.6390
vn -0.9577 -0.1460 0.2481
vn 0.7393 0.3357 0.5836
vn -0.9604 0.1362 0.2430
vn 0.2170 0.5170 0.8280
vn -0.2092 0.9778 0.0088
vn -0.2417 0.4676 0.8503
vn 0.2233 -0.5144 -0.8279
vn -0.1861 -0.9822 -0.0260
vn -0.2370 -0.4676 -0.8516
vn 0.1876 -0.9819 0.0274
vn -0.2176 -0.5162 0.8284
vn 0.2424 -0.4671 0.8503
vn 0.2385 0.4682 -0.8508
vn -0.1834 0.5120 -0.8392
vn 0.9636 -0.2675 0.0004
vn 0.7645 -0.2867 -0.5773
vn 0.9608 0.2773 0.0009
vn 0.1849 0.9825 -0.0229
vn -0.6289 0.3823 -0.6770
vn -0.6534 0.7570 0.0045
vn -0.9558 0.1461 -0.2551
vn -0.9602 0.2792 -0.0020
vn 0.6280 0.7782 0.0097
vn 0.7691 0.3238 -0.5510
vn -0.7562 -0.3376 -0.5606
vn -0.6280 -0.7782 0.0097
vn 0.6333 -0.7738 -0.0133
vn -0.7519 -0.2956 0.5893
vn -0.9591 -0.2830 0.0050
vn 0.7808 -0.3154 0.5393
vn 0.7519 0.2956 0.5893
vn -0.7810 0.3146 0.5395
vn -0.2086 0.9780 0.0068
vn -0.2415 0.4674 0.8504
vn 0.2031 -0.5206 -0.8293
vn -0.2371 -0.4674 -0.8516
vn 0.2425 -0.4671 0.8503
vn 0.2377 0.4692 -0.8505
vn -0.1845 0.5102 -0.8400
vn 0.9604 -0.2785 0.0038
vn 0.9555 -0.1503 -0.2539
vn 0.9591 0.2830 0.0050
vn -0.6359 0.3834 -0.6698
vn -0.6469 0.7625 0.0118
vn -0.9573 0.2892 -0.0025
vn 0.7563 0.3383 -0.5600
vn -0.7560 -0.3375 -0.5608
vn -0.9587 0.1394 -0.2480
vn 0.6423 -0.3523 -0.6807
vn 0.6348 -0.7725 -0.0153
vn -0.7811 0.3141 0.5396
vn 0.0002 -1.0000 -0.0084
vn 0.9999 0.0050 -0.0136
vn 0.0002 0.0031 1.0000
vn -0.9999 -0.0049 -0.0136
vn -0.0002 1.0000 -0.0084
vn -0.0002 0.0031 -1.0000
vn 0.9999 0.0049 -0.0136
vn -0.9999 -0.0050 -0.0136
vn -0.3672 0.8865 -0.2817
vn 0.3672 0.8864 0.2817
vn -0.4433 -0.8964 -0.0005
vn -0.2828 -0.0058 0.9592
vn -0.8740 -0.0047 0.4858
vn -0.5018 0.8650 0.0007
vn -0.8744 0.4852 0.0005
vn 0.0399 0.4697 -0.8819
vn -0.0439 0.4874 0.8720
vn -0.0095 0.8818 0.4715
vn 0.8650 0.5018 0.0007
vn 0.5477 0.8367 0.0005
vn 0.3587 0.0054 0.9334
vn 0.4433 -0.8964 0.0005
vn -0.0399 -0.4697 -0.8819
vn 0.0399 -0.4697 0.8819
vn 0.0295 -0.8478 0.5295
vn 0.2171 0.5160 0.8286
vn -0.2017 0.9791 0.0263
vn 0.2046 -0.5222 -0.8279
vn -0.2372 -0.4685 -0.8510
vn 0.2036 0.4560 -0.8664
vn -0.2051 0.5239 -0.8268
vn 0.9599 -0.1428 0.2412
vn 0.9555 -0.1528 -0.2523
vn 0.2067 0.9777 -0.0373
vn 0.6512 0.4048 -0.6419
vn 0.6541 0.7557 0.0324
vn 0.9569 0.1416 -0.2536
vn 0.6422 -0.3510 -0.6815
vn -0.9609 -0.2771 -0.0025
vn 0.7385 0.3084 0.5996
vn 0.9603 0.2788 -0.0026
vn 0.2011 0.5131 0.8344
vn -0.2364 0.9715 0.0173
vn -0.2057 0.4582 0.8647
vn -0.2417 -0.9702 -0.0175
vn -0.2198 -0.4579 -0.8614
vn 0.2364 -0.9715 0.0173
vn -0.1853 -0.5142 0.8374
vn 0.2062 -0.4575 0.8649
vn -0.1842 0.5160 -0.8365
vn 0.9619 -0.1304 0.2405
vn 0.7562 -0.6542 -0.0127
vn -0.6280 0.3807 -0.6788
vn -0.7562 0.6542 -0.0127
vn -0.7519 -0.3626 -0.5506
vn -0.9591 0.1372 -0.2476
vn -0.6353 -0.3799 0.6723
vn -0.7811 -0.6245 0.0025
vn 0.6483 -0.4045 0.6451
vn -0.6498 0.4032 0.6443
vn -0.9603 -0.1395 0.2415
vn 0.7394 0.3357 0.5836
vn -0.9585 0.1403 0.2482
vn 0.2177 0.5163 0.8282
vn -0.1861 0.9822 0.0260
vn -0.2423 0.4669 0.8504
vn 0.2042 -0.5211 -0.8287
vn -0.2064 -0.9778 -0.0368
vn -0.2182 -0.4553 -0.8632
vn 0.1849 -0.9824 0.0278
vn -0.2174 -0.5162 0.8284
vn 0.2423 -0.4669 0.8504
vn 0.2372 0.4682 -0.8512
vn -0.2038 0.5194 -0.8299
vn 0.9576 -0.2881 0.0017
vn 0.9585 -0.1448 -0.2456
vn 0.9618 0.2738 0.0064
vn 0.1871 0.9820 -0.0240
vn -0.6283 0.7779 -0.0116
vn -0.6502 0.3555 -0.6714
vn -0.9576 0.2881 0.0017
vn 0.6350 0.7725 0.0052
vn 0.7563 0.3375 -0.5605
vn -0.7384 -0.3649 -0.5671
vn -0.9584 0.1441 -0.2463
vn 0.6500 -0.3561 -0.6714
vn 0.6283 -0.7779 -0.0116
vn -0.6484 -0.7607 0.0294
vn -0.7519 -0.2950 0.5896
vn -0.9619 -0.2734 0.0027
vn 0.7810 -0.3151 0.5393
vn 0.7518 0.2958 0.5893
vn -0.7810 0.3151 0.5393
vn 0.2178 0.5163 0.8282
vn -0.2064 -0.9777 -0.0393
vn 0.1848 -0.9824 0.0278
vn -0.2172 -0.5160 0.8286
vn 0.2423 -0.4669 0.8505
vn 0.1871 0.9820 -0.0241
vn -0.7385 -0.3651 -0.5669
vn -0.6410 -0.7667 0.0365
vn -0.7520 -0.2948 0.5896
vn -0.9589 -0.2838 0.0009
vn 0.7809 -0.3151 0.5393
vn -0.3672 -0.2818 -0.8865
vn -0.2818 -0.8865 -0.3672
vn -0.8865 -0.2818 0.3672
vn -0.8864 0.3672 0.2818
vn 0.8864 -0.3672 0.2818
vn 0.3672 0.2818 -0.8865
vn 0.2818 0.8865 -0.3672
vn 0.0570 0.0008 0.9984
vn -0.2067 -0.9039 -0.3744
vn -0.9039 -0.2067 0.3744
vn -0.9039 0.2067 -0.3744
vn -0.3580 0.3529 0.8645
vn -0.2067 0.9039 0.3744
vn 0.9039 -0.2066 -0.3744
vn 0.3580 -0.3529 0.8645
vn 0.2067 -0.9039 0.3744
vn 0.3580 0.3529 -0.8645
vn 0.2067 0.9039 -0.3744
vn 0.9039 0.2066 0.3744
vn -0.1829 0.0007 -0.9831
vn -0.4732 -0.8809 -0.0000
vn -0.8731 -0.4875 -0.0016
vn -0.1829 -0.0007 0.9831
vn -0.8731 0.4875 0.0016
vn 0.0208 0.3826 -0.9237
vn -0.0199 0.9237 -0.3826
vn -0.0208 0.3826 0.9237
vn 0.0199 0.9237 0.3826
vn 0.8809 0.4732 -0.0000
vn 0.4875 0.8731 0.0016
vn 0.1829 -0.0007 -0.9831
vn 0.1829 0.0007 0.9831
vn 0.4732 -0.8809 -0.0000
vn 0.8731 -0.4875 0.0016
vn -0.0208 -0.3826 -0.9237
vn 0.0199 -0.9237 -0.3826
vn 0.0208 -0.3826 0.9237
vn -0.0199 -0.9237 0.3826
vn -0.0570 0.0008 -0.9984
vn -0.2817 -0.3672 0.8865
vn 0.8864 0.3672 -0.2817
vn 0.2817 0.3672 0.8865
vn 0.8865 0.2817 0.3672
vn 0.0017 -1.0000 -0.0017
vn 1.0000 -0.0092 -0.0018
vn 0.0015 0.0513 0.9987
vn -0.9988 -0.0490 -0.0014
vn 0.8712 0.2157 0.4411
vn -0.3601 0.0379 -0.9321
vn -0.8750 -0.0079 -0.4840
vn -0.3602 -0.0380 0.9321
vn -0.8896 -0.0308 0.4557
vn 0.0014 0.5012 -0.8653
vn 0.0011 0.8369 -0.5474
vn 0.0005 0.5151 0.8572
vn -0.0001 0.8782 0.4783
vn 0.8593 0.5115 0.0015
vn 0.3474 -0.0385 -0.9369
vn 0.8760 0.0357 0.4810
vn 0.5012 -0.8653 0.0014
vn 0.8744 -0.4852 0.0010
vn -0.0014 -0.5012 -0.8653
vn -0.0011 -0.8369 -0.5474
vn 0.0015 -0.5139 0.8579
vn 0.0003 -0.8783 0.4781
vn -0.0014 0.0490 -0.9988
vn 0.0035 -1.0000 -0.0044
vn 0.9988 0.0489 -0.0037
vn 0.0030 0.0489 0.9988
vn -0.9988 -0.0489 -0.0037
vn -0.0035 1.0000 -0.0044
vn -0.3529 -0.8645 -0.3580
vn -0.3529 0.8644 0.3580
vn -0.2897 0.0407 -0.9562
vn -0.8736 0.0032 -0.4867
vn -0.4431 -0.8965 -0.0026
vn -0.2897 -0.0407 0.9562
vn -0.8736 -0.0032 0.4867
vn -0.4431 0.8965 0.0026
vn 0.0025 0.4718 -0.8817
vn 0.0009 0.8729 -0.4879
vn -0.0013 0.3827 0.9239
vn 0.0012 0.9239 0.3827
vn 0.8965 0.4431 0.0026
vn 0.2897 -0.0407 -0.9562
vn 0.8800 -0.0259 -0.4742
vn 0.2897 0.0407 0.9562
vn 0.8800 0.0259 0.4742
vn 0.4431 -0.8965 0.0026
vn -0.0013 -0.3827 -0.9239
vn 0.0012 -0.9239 -0.3827
vn 0.0025 -0.4718 0.8817
vn 0.0009 -0.8729 0.4879
vn -0.0030 0.0489 -0.9988
vn 0.0002 -1.0000 -0.0002
vn 0.9999 0.0137 -0.0004
vn 0.0002 0.0084 1.0000
vn -0.9999 -0.0137 -0.0004
vn -0.0002 1.0000 -0.0002
vn -0.0002 0.0084 -1.0000
vn -0.5514 -0.6200 0.5582
vn -0.0046 0.6311 0.7757
vn -0.5578 0.6200 0.5518
vn 0.7743 -0.6328 -0.0047
vn 0.5578 0.6200 -0.5518
vn 0.7743 0.6328 0.0047
vn 0.5514 -0.6200 -0.5582
vn 0.0046 0.6311 -0.7757
vn -0.0046 -0.6311 -0.7757
vn -0.5513 0.6200 -0.5583
vn -0.5578 -0.6200 -0.5518
vn -0.7743 0.6328 -0.0047
vn -0.7743 -0.6328 0.0047
vn 0.5578 -0.6200 0.5518
vn 0.5513 0.6200 0.5583
vn 0.0046 -0.6311 0.7757
vn -0.5513 -0.6199 0.5584
vn -0.0049 0.6332 0.7740
vn -0.5584 0.6199 0.5513
vn 0.7740 -0.6332 -0.0049
vn 0.5584 0.6199 -0.5513
vn 0.7760 0.6307 0.0044
vn 0.5513 -0.6199 -0.5584
vn 0.0049 0.6332 -0.7740
vn -0.0044 -0.6307 -0.7760
vn -0.5519 0.6201 -0.5576
vn -0.5576 -0.6201 -0.5519
vn -0.7760 0.6307 -0.0044
vn -0.7740 -0.6332 0.0049
vn 0.5576 -0.6201 0.5519
vn 0.5519 0.6201 0.5576
vn 0.0044 -0.6307 0.7760
vn -0.5578 0.6200 0.5519
vn 0.5513 -0.6200 -0.5582
vn 0.5513 0.6200 0.5582
vn 0.0001 -1.0000 -0.0005
vn 0.9999 0.0137 -0.0008
vn 0.0001 0.0084 1.0000
vn -0.9999 -0.0137 -0.0008
vn -0.0001 1.0000 -0.0005
vn -0.0001 0.0084 -1.0000
vn 0.9988 0.0490 -0.0014
vn -1.0000 0.0092 -0.0018
vn -0.0017 1.0000 -0.0017
vn 0.4577 -0.1496 0.8764
vn 0.8711 0.2157 0.4411
vn -0.3474 0.0385 -0.9369
vn -0.3601 -0.0380 0.9321
vn -0.8750 0.0079 0.4840
vn -0.4432 0.8964 0.0010
vn 0.0005 0.5028 0.8644
vn -0.0006 0.8367 0.5477
vn 0.8362 -0.0088 -0.5483
vn -0.0005 -0.5019 -0.8649
vn -0.0003 -0.8366 -0.5479
vn -0.5513 -0.6200 0.5583
vn 0.5513 -0.6200 -0.5583
vn -0.5514 0.6200 -0.5582
vn 0.5514 0.6200 0.5582
vn -0.5512 -0.6199 0.5585
vn -0.5584 0.6199 0.5512
vn 0.5584 0.6199 -0.5512
vn 0.5512 -0.6199 -0.5585
vn -0.5519 0.6201 -0.5575
vn 0.5576 -0.6200 0.5520
vn 0.5519 0.6201 0.5575
vn 0.5585 0.6199 -0.5512
vn -0.5520 0.6201 -0.5575
vn 0.9999 0.0136 -0.0008
vn 0.2818 -0.8865 0.3672
vn -0.2985 0.7956 0.5272
vn -0.0287 0.8492 -0.5272
vn -0.3234 0.8064 -0.4952
vn 0.5962 0.6107 0.5211
vn 0.7858 0.3403 -0.5165
vn 0.5833 0.6231 -0.5211
vn 0.7963 0.3086 0.5202
vn 0.9805 0.0075 -0.1963
vn 0.8749 -0.0122 0.4841
vn 0.7895 -0.3279 -0.5187
vn 0.7905 -0.3265 0.5182
vn 0.6128 -0.6209 -0.4889
vn 0.5833 -0.6231 0.5211
vn 0.3476 -0.7718 -0.5325
vn 0.3362 -0.7945 0.5057
vn -0.0059 -0.8725 -0.4887
vn -0.0296 -0.8496 0.5266
vn -0.2999 -0.7915 -0.5324
vn -0.3198 -0.7984 0.5102
vn -0.6206 -0.6110 -0.4914
vn -0.6333 -0.5915 0.4991
vn -0.7672 -0.3401 -0.5439
vn -0.7819 -0.3320 0.5276
vn -0.8849 -0.0142 -0.4655
vn -0.8589 0.0017 0.5121
vn -0.7727 0.3250 -0.5454
vn -0.9043 0.3831 0.1882
vn -0.6260 0.5823 -0.5187
vn -0.6039 0.6215 0.4989
vn 0.3557 0.7776 0.5185
vn 0.3362 0.7945 -0.5057
vn 0.2647 -0.0001 0.9643
vn 0.2271 0.1580 0.9610
vn -0.1775 -0.2587 0.9495
vn -0.0097 0.8687 0.4953
vn 0.0635 0.2830 -0.9570
vn 0.0583 0.3070 0.9499
vn 0.2261 0.1552 -0.9617
vn 0.5782 -0.0080 -0.8159
vn 0.2263 -0.1584 0.9611
vn 0.2123 -0.1475 -0.9660
vn 0.0635 -0.2831 0.9570
vn 0.0467 -0.2917 -0.9554
vn -0.1758 -0.2367 -0.9556
vn -0.2706 -0.0532 0.9612
vn -0.3022 0.0020 -0.9532
vn -0.5746 0.2358 0.7837
vn -0.1730 0.2618 -0.9495
vn -0.1640 0.2389 0.9571
vn -0.3744 0.9036 0.2083
vn 0.0023 0.9778 -0.2094
vn -0.3396 0.8026 -0.4904
vn 0.6151 0.6066 0.5036
vn 0.7929 0.3344 -0.5094
vn 0.6936 0.6898 -0.2073
vn 0.9032 0.3754 0.2083
vn 0.9780 0.0036 -0.2084
vn 0.8706 -0.0047 0.4920
vn 0.8989 -0.3715 -0.2321
vn 0.9030 -0.3778 0.2047
vn 0.6861 -0.6948 -0.2157
vn 0.6036 -0.6128 0.5101
vn 0.3376 -0.7963 -0.5020
vn 0.3777 -0.9041 0.1999
vn 0.0022 -0.9759 -0.2181
vn -0.0000 -0.9709 0.2395
vn -0.3760 -0.8987 -0.2259
vn -0.3786 -0.9012 0.2110
vn -0.6937 -0.6897 -0.2075
vn -0.6130 -0.6032 0.5102
vn -0.7968 -0.3351 -0.5028
vn -0.9033 -0.3752 0.2081
vn -0.9780 -0.0033 -0.2085
vn -0.8704 0.0053 0.4923
vn -0.8989 0.3715 -0.2321
vn -0.9025 0.3751 0.2114
vn -0.6860 0.6947 -0.2163
vn -0.6059 0.6167 0.5026
vn 0.3776 0.9031 0.2044
vn 0.3750 0.8995 -0.2243
vn -0.1678 -0.1727 0.9706
vn 0.1712 -0.1691 0.9706
vn 0.1744 0.1771 0.9686
vn 0.0059 0.8640 0.5035
vn 0.2142 0.5362 -0.8165
vn 0.0033 0.6137 -0.7895
vn 0.2355 0.5769 0.7821
vn 0.4077 0.4289 -0.8061
vn 0.5698 0.2335 0.7879
vn 0.6137 -0.0148 -0.7894
vn 0.2222 0.0881 -0.9710
vn 0.2626 0.0025 0.9649
vn 0.5775 -0.2348 0.7819
vn 0.4281 -0.3966 -0.8121
vn 0.5222 -0.2190 -0.8242
vn 0.2293 -0.5797 0.7819
vn -0.0091 -0.6055 -0.7958
vn 0.0920 -0.2306 -0.9687
vn -0.0000 -0.5611 0.8278
vn -0.2142 -0.5362 -0.8165
vn -0.2237 -0.5756 0.7865
vn -0.4082 -0.4286 -0.8060
vn -0.5699 -0.2330 0.7880
vn -0.6137 0.0148 -0.7894
vn -0.2288 -0.0913 -0.9692
vn -0.2628 -0.0020 0.9648
vn -0.5685 0.2371 0.7878
vn -0.4277 0.3974 -0.8119
vn -0.5223 0.2190 -0.8242
vn -0.1787 0.1750 0.9682
vn -0.2335 0.5697 0.7880
vn -0.0978 0.2418 -0.9654
vn -0.0029 0.2499 0.9683
vn 0.9749 0.2226 -0.0005
vn 0.7241 0.0609 0.6870
vn 0.9999 -0.0159 0.0044
vn 0.0525 0.0055 0.9986
vn -0.6424 -0.2214 0.7337
vn -0.6930 0.0784 0.7167
vn -0.9936 -0.1123 0.0065
vn -0.6527 -0.2355 -0.7201
vn 0.0508 0.0043 -0.9987
vn -0.6881 0.0181 -0.7254
vn 0.7168 -0.0054 -0.6973
vn 0.6481 0.3069 0.6970
vn 0.0417 0.0254 0.9988
vn -0.8519 -0.5236 -0.0035
vn 0.0626 0.0455 -0.9970
vn 0.6730 0.2567 -0.6937
vn 0.7968 0.6042 -0.0107
vn 0.8941 0.4478 -0.0037
vn -0.4869 -0.4856 0.7260
vn -0.4737 -0.4976 -0.7266
vn 0.5049 0.5136 0.6938
vn 0.0311 0.0459 0.9985
vn -0.5533 -0.8330 -0.0000
vn 0.5994 0.8004 0.0080
vn 0.2512 0.6791 0.6897
vn -0.2382 -0.6453 0.7259
vn 0.0169 0.0758 -0.9970
vn 0.4910 0.5252 -0.6951
vn 0.4610 0.8873 -0.0089
vn -0.2110 -0.9775 0.0068
vn -0.2388 -0.6410 -0.7295
vn 0.1917 0.9815 0.0028
vn -0.0642 0.7154 0.6958
vn 0.0086 0.0525 0.9986
vn 0.0056 -0.6960 0.7180
vn 0.0697 -0.6935 -0.7171
vn -0.0702 0.7122 -0.6985
vn 0.2438 0.6773 -0.6941
vn -0.0318 0.0624 0.9975
vn -0.0278 0.0655 -0.9975
vn -0.2480 0.9687 -0.0096
vn -0.3153 0.6519 0.6897
vn 0.1341 -0.9909 0.0083
vn 0.3696 -0.5762 -0.7289
vn -0.3767 0.6169 -0.6911
vn -0.6236 0.7818 0.0009
vn -0.4191 0.9079 -0.0055
vn 0.4855 -0.4836 0.7283
vn 0.4286 -0.9035 0.0026
vn 0.2271 -0.6485 0.7265
vn 0.7019 -0.7122 0.0104
vn -0.7917 0.6109 0.0044
vn -0.5175 0.5030 0.6922
vn -0.0445 0.0256 0.9987
vn -0.0459 0.0313 -0.9985
vn -0.5547 0.4532 -0.6978
vn -0.8951 0.4458 0.0015
vn -0.6500 0.3070 0.6952
vn 0.9007 -0.4345 0.0024
vn 0.5789 -0.3550 -0.7340
vn -0.6804 0.2311 -0.6954
vn -0.9762 0.2166 -0.0113
vn -0.7197 0.0700 0.6907
vn -0.0675 -0.0014 0.9977
vn 0.6527 -0.2383 0.7192
vn 0.9926 -0.1217 0.0045
vn 0.6686 -0.1665 -0.7247
vn -1.0000 0.0021 -0.0005
vn 0.6796 0.0094 0.7336
vn -0.0539 0.0057 -0.9985
vn -0.7182 -0.0836 -0.6908
vn -0.9745 -0.2245 0.0068
vn -0.6730 -0.2432 0.6985
vn 0.9532 0.3025 -0.0017
vn 0.6905 0.0829 -0.7186
vn -0.9012 -0.4333 -0.0093
vn -0.0598 -0.0412 0.9974
vn 0.6547 0.2444 0.7152
vn 0.6146 0.2988 -0.7300
vn -0.7813 -0.6241 0.0079
vn -0.5057 -0.5076 0.6976
vn 0.7896 0.6135 -0.0064
vn -0.6030 -0.4026 -0.6887
vn -0.6185 -0.7857 -0.0096
vn -0.0671 -0.0333 -0.9972
vn -0.3964 -0.6074 -0.6884
vn -0.3264 -0.6434 0.6924
vn -0.0204 -0.0506 0.9985
vn 0.4786 0.4976 0.7234
vn 0.2439 0.6374 0.7310
vn 0.5326 0.8464 -0.0039
vn 0.2899 0.6312 -0.7194
vn 0.4925 0.4908 -0.7187
vn -0.0301 -0.0398 -0.9988
vn -0.0810 -0.7188 0.6905
vn 0.2214 0.9752 0.0001
vn 0.0830 0.6828 -0.7259
vn -0.1567 -0.7011 -0.6956
vn -0.3305 -0.9438 -0.0005
vn -0.0125 -0.9999 0.0015
vn 0.0117 0.6935 0.7204
vn -0.0014 -0.0584 -0.9983
vn 0.0877 -0.7117 -0.6970
vn 0.1650 -0.6987 0.6961
vn 0.0092 -0.0429 0.9990
vn -0.2339 0.6473 0.7255
vn -0.1702 0.6747 -0.7182
vn 0.4293 -0.9031 0.0005
vn 0.2308 -0.9730 -0.0030
vn 0.0284 -0.0404 0.9988
vn -0.5371 0.8435 0.0028
vn -0.1356 0.9907 -0.0047
vn 0.0220 -0.0453 -0.9987
vn 0.3092 -0.6505 -0.6937
vn 0.6235 -0.7818 -0.0000
vn 0.4009 -0.6016 0.6909
vn -0.4807 0.4947 0.7240
vn 0.5046 -0.5152 -0.6928
vn 0.7890 -0.6143 -0.0106
vn 0.0549 -0.0322 0.9980
vn -0.5352 0.4545 -0.7120
vn -0.3759 0.5804 -0.7223
vn 0.0640 -0.0356 -0.9973
vn 0.8900 -0.4559 -0.0019
vn 0.5488 -0.4541 0.7018
vn 0.6827 -0.2229 0.6958
vn -0.6182 0.2945 0.7287
vn -0.8408 0.5414 0.0017
vn 0.6771 -0.2486 -0.6926
vn 0.9801 -0.1985 0.0087
vn -0.9768 0.2138 0.0091
vn -0.6579 0.1991 -0.7263
vn 0.9994 0.0346 0.0092
vn 0.6860 0.2432 0.6858
vn 0.7116 -0.0791 0.6981
vn 0.0587 0.0070 0.9983
vn -0.6526 -0.2207 0.7248
vn -0.6903 0.0875 0.7182
vn -0.9955 -0.0950 0.0034
vn -0.6539 -0.2271 -0.7217
vn 0.0485 0.0074 -0.9988
vn -0.6877 0.0168 -0.7258
vn 0.7044 0.1537 -0.6929
vn 0.7120 -0.0994 -0.6951
vn 0.0583 0.0418 0.9974
vn -0.8956 -0.4448 -0.0079
vn 0.0447 0.0268 -0.9986
vn 0.6273 0.3813 -0.6791
vn 0.9447 0.3279 -0.0062
vn 0.7921 0.6104 0.0085
vn -0.4691 -0.4903 0.7345
vn -0.5379 -0.4407 -0.7187
vn -0.3643 -0.5813 -0.7276
vn 0.4511 0.5576 -0.6969
vn 0.6110 0.7916 0.0122
vn 0.2413 0.6895 0.6829
vn 0.5007 0.5146 0.6960
vn 0.0178 0.0554 0.9983
vn -0.3598 -0.9330 -0.0098
vn -0.6991 -0.7150 -0.0026
vn 0.4582 0.8888 0.0025
vn -0.1551 -0.6828 -0.7139
vn 0.0251 0.0429 -0.9988
vn 0.0323 0.9994 0.0076
vn 0.1893 0.9819 -0.0052
vn -0.0800 0.7126 0.6970
vn -0.0040 -0.6901 0.7237
vn -0.2233 -0.6405 0.7348
vn -0.0097 -0.9999 -0.0052
vn -0.0771 0.7199 -0.6898
vn 0.2250 0.6790 -0.6988
vn 0.3365 -0.9416 -0.0081
vn 0.0978 -0.6823 -0.7245
vn -0.2541 0.9672 0.0003
vn -0.3911 0.6242 0.6764
vn -0.0301 0.0456 0.9985
vn -0.0082 0.0436 0.9990
vn 0.3618 -0.5795 -0.7302
vn 0.0025 0.0674 -0.9977
vn -0.0286 0.0423 -0.9987
vn -0.3745 0.6246 -0.6853
vn 0.4784 -0.4795 0.7357
vn 0.2403 -0.6432 0.7271
vn 0.6895 -0.7242 0.0057
vn -0.6222 0.3788 0.6851
vn -0.0454 0.0312 -0.9985
vn -0.5628 0.4498 -0.6934
vn -0.7085 0.7056 0.0122
vn -0.8987 0.4385 0.0050
vn -0.9748 0.2232 -0.0013
vn -0.7201 0.0832 0.6889
vn -0.0415 0.0259 0.9988
vn -0.0626 0.0007 0.9980
vn 0.6517 -0.2377 0.7203
vn -0.9718 -0.2356 -0.0020
vn -0.6931 -0.1624 0.7023
vn -0.9122 -0.4096 -0.0112
vn -0.0569 -0.0442 0.9974
vn -0.7615 -0.6481 -0.0000
vn -0.6096 -0.3993 0.6848
vn -0.6466 -0.7628 -0.0000
vn -0.3843 -0.6040 0.6982
vn -0.3873 -0.6050 -0.6956
vn -0.0190 -0.0554 0.9983
vn 0.4836 0.4946 0.7221
vn 0.3062 0.6243 0.7187
vn 0.5304 0.8477 0.0003
vn -0.0294 -0.0423 -0.9987
vn -0.4057 -0.9140 0.0010
vn -0.0819 -0.7282 0.6804
vn 0.2304 0.9731 -0.0004
vn 0.0748 0.6827 -0.7269
vn -0.1043 -0.7204 -0.6856
vn 0.0089 -0.0538 0.9985
vn 0.0629 0.6822 0.7284
vn -0.2216 0.6514 0.7256
vn -0.2273 0.6538 -0.7217
vn 0.0032 -0.0605 -0.9982
vn 0.1711 -0.6977 -0.6956
vn 0.1142 -0.9934 0.0127
vn 0.4288 -0.9034 0.0026
vn 0.2459 -0.6888 0.6820
vn 0.0245 -0.0402 0.9989
vn 0.0283 -0.0403 -0.9988
vn 0.6317 -0.7752 -0.0077
vn 0.4511 -0.5582 0.6964
vn -0.4463 0.5286 0.7221
vn -0.5495 0.8355 0.0011
vn -0.4871 0.4825 -0.7280
vn 0.7654 -0.6435 -0.0014
vn 0.0643 -0.0310 0.9974
vn -0.5653 0.3626 0.7409
vn 0.0654 -0.0327 -0.9973
vn 0.3939 -0.6009 -0.6955
vn 0.6020 -0.4004 -0.6908
vn 0.9144 -0.4047 -0.0091
vn 0.6237 -0.3737 0.6865
vn 0.9675 -0.2528 0.0071
vn -0.9756 0.2195 0.0026
vn -0.8411 0.5408 0.0036
vn -0.6548 0.2058 -0.7273
vn 0.9716 0.2365 -0.0001
vn 0.7180 0.0608 0.6934
vn 1.0000 -0.0063 0.0007
vn 0.0506 0.0185 0.9985
vn 0.0713 -0.0148 0.9973
vn -0.6556 -0.2034 0.7272
vn -0.6868 0.0570 0.7246
vn -0.9938 -0.1113 0.0070
vn -0.6616 -0.2152 -0.7183
vn 0.0675 -0.0141 -0.9976
vn -0.6876 0.0490 -0.7244
vn 0.6948 0.1539 -0.7025
vn 0.7243 -0.0891 -0.6837
vn 0.6458 0.3144 0.6958
vn -0.8940 -0.4480 0.0067
vn 0.6218 0.3819 -0.6837
vn 0.7812 0.6243 -0.0006
vn 0.9078 0.4195 -0.0044
vn 0.0337 0.0375 0.9987
vn -0.5471 -0.4261 0.7205
vn -0.4895 -0.4945 -0.7182
vn 0.0614 0.0326 -0.9976
vn 0.4486 0.5507 -0.7040
vn 0.6119 0.7909 0.0117
vn 0.2592 0.6761 0.6897
vn 0.5055 0.5168 0.6909
vn 0.0137 0.0738 0.9972
vn -0.3544 -0.5931 0.7229
vn -0.4342 -0.9008 -0.0018
vn -0.7078 -0.7064 -0.0014
vn 0.4556 0.8902 0.0007
vn -0.1576 -0.6590 0.7354
vn -0.1238 -0.9923 -0.0002
vn -0.2199 -0.6527 -0.7250
vn 0.1918 0.9814 0.0021
vn -0.0630 0.7102 0.7012
vn 0.0683 -0.6789 -0.7311
vn -0.0031 0.0489 -0.9988
vn 0.0276 0.0619 -0.9977
vn -0.0676 0.7168 -0.6940
vn 0.2233 0.6869 -0.6916
vn -0.0312 0.0634 0.9975
vn 0.0814 -0.6959 0.7135
vn 0.3189 -0.9478 -0.0025
vn -0.2479 0.9687 -0.0101
vn 0.3574 -0.5782 0.7335
vn 0.3640 -0.5740 -0.7335
vn -0.0270 0.0438 -0.9987
vn -0.3701 0.6197 -0.6921
vn 0.7027 -0.7114 0.0079
vn -0.0447 0.0228 0.9987
vn 0.5390 -0.4350 0.7213
vn -0.0455 0.0313 -0.9985
vn 0.9345 -0.3560 -0.0046
vn 0.5763 -0.3630 -0.7322
vn -0.7189 0.0637 0.6922
vn -0.0519 0.0069 0.9986
vn 0.6528 -0.2098 0.7279
vn 0.6777 -0.1537 -0.7191
vn 0.9998 -0.0193 -0.0061
vn -0.9744 -0.2245 0.0073
vn -0.6800 -0.2418 0.6922
vn 0.6938 0.0758 0.7162
vn 0.9474 0.3199 -0.0000
vn 0.6947 0.0827 -0.7146
vn -0.9013 -0.4330 -0.0100
vn 0.6145 0.2984 0.7303
vn -0.7812 -0.6242 0.0086
vn 0.7875 0.6163 -0.0003
vn -0.6235 -0.7818 -0.0000
vn -0.5054 -0.5087 0.6970
vn -0.0670 -0.0333 -0.9972
vn -0.3874 -0.6050 -0.6956
vn -0.2541 -0.6760 0.6917
vn 0.2893 0.6327 0.7183
vn 0.4921 0.4930 0.7175
vn -0.0002 -0.0684 0.9977
vn -0.0289 -0.0444 0.9986
vn -0.0982 -0.7147 -0.6925
vn -0.4347 -0.9005 -0.0086
vn -0.2287 -0.9735 -0.0012
vn 0.0014 -0.7235 0.6903
vn 0.1975 -0.9803 -0.0007
vn 0.0161 -0.9998 -0.0129
vn -0.2314 0.6641 0.7110
vn 0.0706 0.6768 0.7328
vn -0.2320 0.6632 -0.7116
vn 0.0053 -0.0664 -0.9978
vn 0.2244 -0.6810 -0.6970
vn 0.4624 -0.8866 -0.0088
vn 0.2518 -0.6710 0.6974
vn 0.0472 -0.0660 0.9967
vn 0.0482 -0.0671 -0.9966
vn 0.5983 -0.8013 0.0086
vn 0.5246 -0.4943 0.6932
vn -0.4913 0.4829 0.7248
vn -0.5428 0.8398 -0.0001
vn -0.4829 0.4743 -0.7361
vn 0.5040 -0.5236 -0.6869
vn 0.7977 -0.6030 0.0014
vn 0.8963 -0.4433 0.0085
vn 0.6713 -0.2454 0.6994
vn -0.6326 0.3273 0.7019
vn -0.8442 0.5360 -0.0028
vn -0.6370 0.3143 -0.7039
vn 0.6381 -0.3131 -0.7035
vn 0.9747 -0.2236 0.0075
vn -0.9724 0.2334 -0.0017
vn 0.0029 -1.0000 -0.0018
vn 1.0000 0.0042 -0.0027
vn 0.0049 0.0055 1.0000
vn -1.0000 -0.0042 -0.0027
vn -0.0029 1.0000 -0.0018
vn -0.3351 0.0229 -0.9419
vn -0.9116 -0.4110 -0.0103
vn -0.3351 -0.0229 0.9419
vn -0.9116 0.4110 0.0103
vn 0.0177 0.3760 -0.9264
vn -0.0177 0.3760 0.9265
vn 0.4561 0.8899 0.0089
vn 0.3351 -0.0229 -0.9419
vn 0.3351 0.0229 0.9419
vn 0.9116 -0.4110 0.0103
vn -0.0177 -0.3760 -0.9264
vn 0.0177 -0.3760 0.9265
vn -0.0049 0.0055 -1.0000
vn -0.3350 0.0229 -0.9419
vn -0.9116 -0.4109 -0.0103
vn -0.0073 -1.0000 0.0011
vn 1.0000 0.0004 -0.0028
vn -0.0135 -0.0003 0.9999
vn -1.0000 -0.0004 -0.0028
vn 0.0073 1.0000 0.0011
vn -0.3381 0.0006 -0.9411
vn -0.3379 -0.0006 0.9412
vn 0.0324 0.8798 -0.4742
vn -0.0324 0.8798 0.4742
vn 0.9117 0.4109 0.0032
vn 0.3381 -0.0006 -0.9411
vn 0.3379 0.0006 0.9412
vn -0.0324 -0.8798 -0.4742
vn 0.0324 -0.8798 0.4742
vn 0.0135 -0.0003 -0.9999
vn -1.0000 -0.0009 -0.0095
vn 1.0000 0.0009 -0.0095
vn 0.6028 0.4036 0.6883
vn -0.6029 0.7978 0.0054
vn -0.6111 0.3893 0.6891
vn 0.6112 -0.4013 -0.6822
vn -0.6112 -0.7914 -0.0065
vn -0.6029 -0.3951 -0.6931
vn 0.6029 -0.7978 0.0044
vn -0.6079 -0.4013 0.6852
vn 0.6157 -0.3877 0.6860
vn 0.6079 0.3927 -0.6901
vn -0.6157 0.4002 -0.6788
vn 0.6111 0.7915 -0.0074
vn -0.6028 0.7978 0.0054
vn -0.6111 0.3893 0.6892
vn 0.0013 -0.0000 -1.0000
vn 0.0013 -0.0000 1.0000
vn -0.2818 -0.3672 -0.8864
vn -0.3672 -0.8864 -0.2818
vn -0.8864 -0.2818 -0.3672
vn -0.2817 -0.8864 0.3672
vn -0.3672 -0.2817 0.8865
vn -0.8865 -0.3672 0.2817
vn -0.3672 0.2817 -0.8865
vn -0.8865 0.3672 -0.2817
vn -0.2817 0.8864 -0.3672
vn -0.2818 0.3672 0.8864
vn -0.3672 0.8864 0.2818
vn -0.8864 0.2818 0.3672
vn 0.3672 -0.2817 -0.8865
vn 0.8865 -0.3672 -0.2817
vn 0.2817 -0.8864 -0.3672
vn 0.2818 -0.3672 0.8864
vn 0.3672 -0.8864 0.2818
vn 0.8864 -0.2818 0.3672
vn 0.2818 0.3672 -0.8864
vn 0.3672 0.8864 -0.2818
vn 0.8864 0.2818 -0.3672
vn 0.3672 0.2817 0.8865
vn 0.8865 0.3672 0.2817
vn 0.2817 0.8864 0.3672
vn -0.0005 -0.9984 0.0571
vn -0.3527 -0.3581 -0.8645
vn -0.8972 -0.2387 -0.3716
vn -0.3716 -0.2387 0.8972
vn -0.8635 -0.3978 0.3101
vn -0.8929 0.3698 -0.2567
vn -0.3527 0.3581 0.8645
vn -0.8972 0.2388 0.3716
vn 0.8929 -0.3698 -0.2567
vn 0.3716 -0.8972 0.2387
vn 0.8645 -0.3526 0.3581
vn 0.3527 0.3581 -0.8645
vn 0.8972 0.2388 -0.3716
vn 0.3722 0.2327 0.8985
vn 0.8682 0.3596 0.3419
vn -0.8964 -0.4433 -0.0000
vn -0.3826 0.9237 0.0206
vn -0.0003 0.5128 -0.8585
vn -0.0004 0.8390 -0.5441
vn 0.0003 0.5002 0.8659
vn 0.0003 0.8659 0.5001
vn 0.8800 0.4742 -0.0259
vn 0.4732 0.8809 -0.0000
vn 0.0003 -0.5128 -0.8585
vn 0.0004 -0.8390 -0.5441
vn -0.0000 -0.4884 0.8726
vn -0.0004 -0.9595 0.2816
vn -0.0001 -0.9999 0.0110
vn 1.0000 -0.0000 0.0084
vn -0.0001 -0.0001 1.0000
vn -0.9995 0.0002 0.0305
vn -0.0000 1.0000 0.0080
vn -0.4166 -0.0001 -0.9091
vn -0.8178 -0.5753 0.0144
vn -0.9463 0.0002 0.3234
vn -0.0002 0.9234 -0.3838
vn 0.0001 0.9234 0.3838
vn 0.3276 0.9438 -0.0433
vn 0.4166 0.0001 -0.9091
vn 0.0002 -0.9234 -0.3838
vn -0.3716 -0.8972 -0.2387
vn -0.8645 -0.3527 -0.3581
vn -0.3527 -0.8645 0.3581
vn -0.8972 -0.3716 0.2387
vn -0.3716 0.2387 -0.8972
vn -0.8645 0.3581 -0.3527
vn -0.3716 0.8972 0.2388
vn -0.8645 0.3527 0.3581
vn 0.8972 -0.3716 -0.2387
vn 0.3527 -0.8645 -0.3581
vn 0.8645 -0.3527 0.3581
vn 0.3716 0.8972 -0.2388
vn 0.8645 0.3527 -0.3581
vn 0.3716 0.2387 0.8972
vn 0.8645 0.3581 0.3527
vn -0.3827 -0.0120 0.9238
vn -0.0000 0.4884 -0.8726
vn -0.0000 0.8809 -0.4733
vn -0.0000 0.4884 0.8726
vn -0.0000 0.8809 0.4733
vn 0.3827 -0.0120 -0.9238
vn -0.0003 -0.3827 -0.9239
vn 0.0003 -0.3827 0.9239
vn -0.0000 -1.0000 0.0015
vn 0.9999 -0.0136 0.0024
vn -0.0000 -0.0084 1.0000
vn -0.9999 0.0136 0.0024
vn -0.0000 1.0000 0.0015
vn -0.0000 -0.0084 -1.0000
vn -0.3716 -0.8972 -0.2388
vn -0.8645 -0.3581 0.3527
vn -0.8972 0.3716 -0.2387
vn -0.3527 0.8645 -0.3581
vn -0.3716 0.8972 0.2387
vn 0.3716 -0.2387 -0.8972
vn 0.8645 -0.3581 -0.3527
vn 0.3716 -0.8972 0.2388
vn 0.3716 0.8972 -0.2387
vn 0.8972 0.3716 0.2387
vn 0.3527 0.8645 0.3581
vn -0.3827 0.0120 -0.9238
vn 0.0003 0.3827 -0.9239
vn -0.0003 0.3827 0.9239
vn 0.3827 0.0120 0.9238
vn -0.0000 -0.4884 -0.8726
vn -0.0000 -0.8809 -0.4733
vn -0.0000 -0.8809 0.4733
vn -0.8972 -0.3717 0.2387
vn 0.8972 -0.3716 -0.2388
vn 0.2387 -0.3716 0.8972
vn 0.3581 -0.8645 0.3527
vn 0.2387 0.3716 -0.8972
vn 0.3581 0.8645 -0.3527
vn 0.8972 0.3716 0.2388
vn -0.3827 0.0003 -0.9239
vn -0.3827 -0.0003 0.9239
vn -0.0120 0.3827 0.9238
vn 0.4884 -0.0000 -0.8726
vn 0.8809 -0.0000 -0.4733
vn 0.4884 -0.0000 0.8726
vn 0.8809 -0.0000 0.4733
vn -0.0120 -0.3827 -0.9238
vn -0.0010 -1.0000 0.0084
vn 0.9999 -0.0009 0.0137
vn -0.0010 -0.0006 1.0000
vn -0.9999 0.0009 0.0137
vn 0.0010 1.0000 0.0084
vn 0.0010 -0.0006 -1.0000
vn -0.2387 -0.3716 -0.8972
vn -0.3581 -0.8645 -0.3527
vn -0.8972 -0.3716 0.2388
vn -0.8972 0.3716 -0.2388
vn -0.2387 0.3716 0.8972
vn -0.3581 0.8645 0.3527
vn 0.8972 0.3717 0.2387
vn -0.4884 -0.0000 -0.8726
vn -0.8809 -0.0000 -0.4733
vn -0.4884 -0.0000 0.8726
vn -0.8809 -0.0000 0.4733
vn 0.0120 0.3827 -0.9238
vn 0.3827 -0.0003 -0.9239
vn 0.3827 0.0003 0.9239
vn 0.0120 -0.3827 0.9238
vn -0.3672 -0.8865 -0.2818
vn -0.2818 -0.8864 0.3672
vn -0.3672 -0.2818 0.8865
vn -0.8865 -0.3672 0.2818
vn -0.8864 0.3672 -0.2818
vn -0.2817 0.3672 0.8864
vn -0.3672 0.8865 0.2818
vn 0.3672 -0.2818 -0.8864
vn 0.8865 -0.3672 -0.2818
vn 0.2818 -0.8864 -0.3672
vn 0.3672 -0.8865 0.2818
vn 0.3672 0.8865 -0.2818
vn 0.3672 0.2818 0.8864
vn 0.8865 0.3672 0.2818
vn 0.9984 -0.0067 0.0559
vn -0.0069 -0.0069 1.0000
vn -0.9999 0.0068 -0.0119
vn -0.2130 -0.8837 0.4169
vn -0.4007 0.7599 -0.5119
vn 0.2130 -0.8836 -0.4169
vn 0.4170 -0.8836 0.2129
vn 0.4170 0.8836 -0.2130
vn 0.2130 0.8836 0.4169
vn -0.4869 -0.0003 -0.8734
vn -0.5427 -0.8399 0.0085
vn -0.8578 -0.5137 -0.0146
vn -0.4871 -0.0010 0.8733
vn -0.9171 0.3985 0.0099
vn -0.0057 0.9541 -0.2995
vn -0.0000 0.8964 0.4433
vn 0.4433 0.8964 -0.0000
vn 0.4793 -0.0013 -0.8777
vn 0.9334 0.0053 -0.3587
vn 0.4792 0.0013 0.8777
vn 0.9334 -0.0053 0.3587
vn 0.5295 -0.8478 -0.0295
vn 0.8819 -0.4698 -0.0399
vn -0.0000 -0.8964 -0.4433
vn -0.0000 -0.8964 0.4433
vn 0.0069 -0.0069 -1.0000
vn -0.8865 -0.2818 -0.3672
vn -0.3672 -0.2817 0.8864
vn -0.2818 0.8864 -0.3672
vn 0.2818 -0.3672 0.8865
vn 0.3672 0.2818 0.8865
vn 0.2818 0.8864 0.3672
vn -0.0067 -0.9984 0.0559
vn -0.9989 -0.0019 0.0464
vn -0.4007 -0.7599 0.5119
vn -0.2130 0.8837 -0.4169
vn 0.4170 -0.8836 0.2130
vn 0.4170 0.8836 -0.2129
vn -0.4871 0.0010 -0.8733
vn -0.9171 -0.3985 -0.0099
vn -0.4869 0.0003 0.8734
vn -0.5427 0.8399 -0.0085
vn -0.8578 0.5137 0.0146
vn -0.0000 0.8964 -0.4433
vn 0.4793 0.0013 0.8777
vn 0.5296 -0.8478 -0.0295
vn -0.0057 -0.9541 0.2995
vn -0.3672 0.2818 -0.8864
vn -0.8865 0.3672 -0.2818
vn -0.2818 0.3672 0.8865
vn 0.8864 -0.3672 -0.2818
vn 0.8865 0.2818 -0.3672
vn 0.3672 0.2817 0.8864
vn 0.9989 0.0019 0.0464
vn -0.9984 0.0067 0.0559
vn 0.0067 0.9984 0.0559
vn -0.4170 -0.8836 -0.2129
vn -0.2130 -0.8836 0.4169
vn -0.2130 0.8836 -0.4169
vn -0.4170 0.8836 0.2130
vn 0.2130 -0.8837 -0.4169
vn 0.4007 0.7599 0.5119
vn -0.4793 0.0013 -0.8777
vn -0.9334 -0.0053 -0.3587
vn -0.5296 -0.8478 0.0295
vn -0.8819 -0.4698 0.0399
vn -0.4793 -0.0013 0.8777
vn -0.9334 0.0053 0.3587
vn -0.5296 0.8478 -0.0295
vn -0.8819 0.4698 -0.0399
vn 0.0057 0.9541 0.2995
vn 0.8754 0.4826 -0.0279
vn 0.4697 0.8819 -0.0399
vn 0.4871 -0.0010 -0.8733
vn 0.4869 -0.0003 0.8734
vn 0.5427 -0.8399 -0.0085
vn 0.8578 -0.5137 0.0146
vn -0.3672 -0.2818 0.8864
vn 0.2817 -0.3672 0.8864
vn 0.9999 -0.0068 -0.0119
vn -0.4170 -0.8836 -0.2130
vn -0.4170 0.8836 0.2129
vn 0.4007 -0.7599 -0.5119
vn 0.2130 0.8837 0.4169
vn -0.4792 -0.0013 0.8777
vn -0.5295 0.8478 -0.0295
vn 0.8749 0.4843 -0.0112
vn 0.5023 0.8647 -0.0000
vn 0.4869 0.0003 -0.8734
vn 0.4871 0.0010 0.8733
vn 0.9171 -0.3985 0.0099
vn 0.0057 -0.9541 -0.2995
vn -0.2817 -0.3672 -0.8865
vn -0.3672 -0.8865 -0.2817
vn -0.8865 -0.2817 -0.3672
vn -0.2817 -0.8865 0.3672
vn -0.2817 0.8865 -0.3672
vn -0.8865 0.2817 0.3672
vn 0.2817 -0.8865 -0.3672
vn 0.3672 -0.8864 0.2817
vn 0.8865 -0.2818 0.3672
vn 0.2817 0.3672 -0.8865
vn 0.8865 0.2817 -0.3672
vn 0.2817 0.8865 0.3672
vn 1.0000 -0.0066 0.0008
vn -0.0559 -0.0068 0.9984
vn -1.0000 0.0070 0.0008
vn 0.0490 0.9988 0.0007
vn -0.4169 -0.8836 -0.2131
vn -0.2130 -0.8836 0.4170
vn -0.8858 0.4194 -0.1985
vn -0.3229 0.8179 -0.4762
vn -0.4169 0.8836 0.2130
vn 0.8858 -0.4194 -0.1985
vn 0.3229 -0.8179 -0.4762
vn 0.4169 0.8836 -0.2130
vn 0.8858 0.4194 0.1986
vn 0.3228 0.8179 0.4763
vn -0.4782 -0.0002 -0.8782
vn -0.9334 -0.0054 -0.3587
vn -0.5477 -0.8367 0.0005
vn -0.8650 -0.5018 0.0007
vn -0.4793 -0.0013 0.8776
vn -0.9334 0.0054 0.3587
vn -0.8964 0.4433 -0.0005
vn -0.0395 0.9464 -0.3205
vn 0.0395 0.9464 0.3205
vn 0.4433 0.8964 -0.0005
vn 0.4782 0.0002 -0.8782
vn 0.9334 0.0054 -0.3587
vn 0.4869 -0.0004 0.8735
vn 0.8964 -0.4433 0.0003
vn 0.0395 -0.9464 -0.3205
vn 0.0559 -0.0068 -0.9984
vn -0.0002 -1.0000 0.0084
vn 0.9999 -0.0050 0.0136
vn -0.0002 -0.0031 1.0000
vn -0.9999 0.0049 0.0136
vn 0.0002 1.0000 0.0084
vn 0.0002 -0.0031 -1.0000
vn 0.9999 -0.0049 0.0136
vn -0.9999 0.0050 0.0136
vn -0.3672 0.8864 0.2817
vn 0.3672 0.8865 -0.2817
vn -0.0490 -0.9988 0.0007
vn 1.0000 -0.0070 0.0008
vn -1.0000 0.0066 0.0008
vn -0.4169 -0.8836 -0.2130
vn -0.3228 -0.8179 0.4763
vn -0.8858 -0.4194 0.1986
vn -0.8858 0.4194 -0.1986
vn 0.4169 -0.8836 0.2130
vn 0.4169 0.8836 -0.2131
vn -0.8964 -0.4433 0.0005
vn -0.4869 0.0004 0.8735
vn -0.8964 0.4433 0.0003
vn -0.0395 0.9464 -0.3204
vn 0.4793 0.0013 0.8776
vn 0.9334 -0.0054 0.3587
vn 0.8964 -0.4433 -0.0005
vn -0.0395 -0.9464 0.3205
vn -0.8864 -0.3672 0.2818
vn -0.3672 0.2818 -0.8865
vn -0.2818 0.8865 -0.3672
vn -0.8865 0.2818 0.3672
vn 0.3672 -0.2818 -0.8865
vn 0.2818 -0.8865 -0.3672
vn 0.8864 0.3672 0.2818
vn -0.0570 -0.0008 0.9984
vn -0.1985 -0.8858 0.4194
vn -0.4720 -0.3413 0.8129
vn -0.4719 0.3413 -0.8129
vn -0.1985 0.8858 -0.4194
vn -0.3526 0.3581 0.8645
vn -0.8972 0.2387 0.3716
vn 0.4719 -0.3413 -0.8129
vn 0.1985 -0.8858 -0.4194
vn 0.3526 -0.3581 0.8645
vn 0.8972 -0.2387 0.3716
vn 0.8972 0.2387 -0.3716
vn 0.4720 0.3413 0.8129
vn 0.1985 0.8858 0.4194
vn -0.3826 -0.0000 -0.9239
vn -0.4875 -0.8731 0.0016
vn -0.8809 -0.4732 -0.0000
vn -0.3826 -0.0000 0.9239
vn -0.4875 0.8731 -0.0016
vn -0.8809 0.4732 -0.0000
vn 0.8731 0.4875 -0.0016
vn 0.3826 -0.0000 -0.9239
vn 0.3826 -0.0000 0.9239
vn 0.4875 -0.8731 -0.0016
vn 0.8809 -0.4732 -0.0000
vn 0.0570 -0.0008 -0.9984
vn -0.2817 0.3672 0.8865
vn 0.2817 -0.3672 0.8865
vn 0.8865 -0.2817 0.3672
vn 0.9987 -0.0516 -0.0004
vn -0.0014 -0.0490 0.9988
vn -0.9987 0.0513 0.0015
vn 0.0025 1.0000 0.0025
vn -0.4840 0.0079 -0.8750
vn -0.9321 -0.0379 -0.3601
vn -0.5474 -0.8369 0.0011
vn -0.8653 -0.5012 0.0014
vn -0.4880 -0.0068 0.8728
vn -0.5478 0.8366 -0.0003
vn -0.8644 0.5028 0.0005
vn 0.0004 0.4999 0.8661
vn 0.4433 0.8964 -0.0001
vn 0.4787 -0.0005 -0.8780
vn 0.9323 0.0356 -0.3600
vn 0.4810 -0.0357 0.8760
vn 0.9132 -0.4075 0.0004
vn 0.0014 -0.9550 -0.2967
vn 0.0014 -0.0490 -0.9988
vn -0.0035 -1.0000 0.0044
vn 0.9988 -0.0489 0.0037
vn -0.0030 -0.0489 0.9988
vn -0.9988 0.0489 0.0037
vn 0.0035 1.0000 0.0044
vn -0.3978 -0.8635 -0.3101
vn -0.3229 -0.8179 0.4762
vn -0.8858 -0.4194 0.1985
vn -0.3978 0.8635 0.3101
vn 0.4194 -0.8858 0.1985
vn 0.8128 -0.3413 0.4720
vn 0.4194 0.8858 -0.1986
vn 0.8128 0.3413 -0.4720
vn 0.8858 0.4194 0.1985
vn 0.3229 0.8179 0.4762
vn -0.4867 -0.0032 -0.8736
vn -0.9563 -0.0407 -0.2897
vn -0.8965 -0.4431 0.0026
vn -0.4867 0.0032 0.8736
vn -0.9562 0.0407 0.2897
vn -0.8965 0.4431 -0.0026
vn -0.0029 0.9547 -0.2977
vn 0.0029 0.9546 0.2977
vn 0.4431 0.8965 -0.0026
vn 0.3826 -0.0206 -0.9237
vn 0.9743 0.0430 -0.2210
vn 0.3826 0.0206 0.9237
vn 0.9743 -0.0430 0.2210
vn 0.8965 -0.4431 -0.0026
vn 0.0029 -0.9546 -0.2977
vn -0.0029 -0.9547 0.2977
vn 0.0030 -0.0489 -0.9988
vn -0.0002 -1.0000 0.0002
vn 0.9999 -0.0137 0.0004
vn -0.0002 -0.0084 1.0000
vn -0.9999 0.0137 0.0004
vn 0.0002 1.0000 0.0002
vn 0.0002 -0.0084 -1.0000
vn -0.0001 -1.0000 0.0005
vn 0.9999 -0.0136 0.0008
vn -0.0001 -0.0084 1.0000
vn -0.9999 0.0137 0.0008
vn 0.0001 1.0000 0.0005
vn 0.0001 -0.0084 -1.0000
vn 0.8864 -0.3672 -0.2817
vn 0.9987 -0.0513 0.0015
vn -0.9988 0.0490 -0.0005
vn -0.4007 0.7599 -0.5120
vn 0.8725 -0.4058 -0.2721
vn -0.4787 0.0005 -0.8780
vn -0.9322 -0.0357 -0.3601
vn -0.4840 -0.0079 0.8750
vn -0.9321 0.0380 0.3601
vn -0.9126 0.4089 -0.0011
vn -0.0014 0.9550 -0.2967
vn 0.0005 0.4999 0.8661
vn 0.4757 0.0036 -0.8796
vn 0.9321 0.0379 -0.3601
vn 0.8964 -0.4433 0.0007
vn 0.0013 -0.9284 -0.3716
vn 0.0021 -0.0728 -0.9973
vn 0.4194 -0.8858 0.1986
vn 0.8129 -0.3413 0.4720
vn 0.4194 0.8858 -0.1985
vn -0.9562 -0.0407 -0.2897
vn 0.9999 -0.0137 0.0008
vn -0.2818 -0.8865 0.3672
vn 0.2818 0.8865 0.3672
vn 0.0324 0.9995 -0.0006
vn -0.4160 0.9094 0.0003
vn -0.2412 -0.9705 0.0008
vn -0.1416 0.9899 0.0005
vn 0.0321 0.9995 -0.0000
vn -0.0613 -0.0345 0.9975
vn -0.0029 -1.0000 0.0018
vn 1.0000 -0.0042 0.0027
vn -0.0049 -0.0055 1.0000
vn -1.0000 0.0042 0.0027
vn 0.0029 1.0000 0.0018
vn -0.4562 -0.8899 0.0089
vn -0.4561 0.8899 -0.0089
vn 0.9116 0.4109 -0.0103
vn 0.4561 -0.8899 -0.0089
vn 0.0049 -0.0055 -1.0000
vn -0.4561 -0.8899 0.0089
vn -0.4562 0.8899 -0.0089
vn 0.0073 -1.0000 -0.0011
vn 1.0000 -0.0004 0.0028
vn 0.0135 0.0003 0.9999
vn -1.0000 0.0004 0.0028
vn -0.0073 1.0000 -0.0011
vn -0.4007 -0.7598 0.5120
vn -0.4006 0.7599 -0.5120
vn 0.4006 -0.7599 -0.5120
vn 0.4007 0.7598 0.5120
vn -0.9606 -0.0009 -0.2780
vn -0.9117 -0.4109 0.0032
vn -0.9606 0.0009 0.2780
vn -0.9117 0.4109 -0.0032
vn -0.0011 0.9550 -0.2966
vn 0.0011 0.9550 0.2966
vn 0.9606 0.0009 -0.2780
vn 0.9606 -0.0009 0.2780
vn 0.9117 -0.4109 -0.0032
vn 0.0011 -0.9550 -0.2966
vn -0.0011 -0.9550 0.2966
vn -0.0136 0.0003 -0.9999
vn -1.0000 0.0009 0.0095
vn 1.0000 -0.0009 0.0095
vn -0.0017 0.0013 -1.0000
vn 0.0024 0.0033 -1.0000
vn 0.0024 -0.0033 -1.0000
vn -0.0008 -0.0000 -1.0000
vn -0.0017 -0.0013 1.0000
vn 0.0024 -0.0033 1.0000
vn 0.0024 0.0033 1.0000
vn -0.0008 -0.0000 1.0000
vt 0.653974 0.153633
vt 0.346026 0.149282
vt 0.653974 0.149282
vt 0.638432 0.153633
vt 0.361568 0.149282
vt 0.638432 0.149282
vt 0.346026 0.289889
vt 0.653974 0.013026
vt 0.653974 0.289889
vt 0.361568 0.153633
vt 0.346026 0.153633
vt 0.346026 0.013026
vt 0.345188 0.012188
vt 0.345000 0.013026
vt 0.345188 0.148444
vt 0.346026 0.148256
vt 0.360731 0.148444
vt 0.360542 0.149282
vt 0.345188 0.154471
vt 0.345000 0.153633
vt 0.346026 0.012000
vt 0.360731 0.154471
vt 0.361568 0.154659
vt 0.345188 0.290727
vt 0.346026 0.290915
vt 0.639269 0.148444
vt 0.638432 0.148256
vt 0.345000 0.149282
vt 0.345000 0.289889
vt 0.346026 0.154659
vt 0.639269 0.154471
vt 0.639458 0.153633
vt 0.654812 0.012188
vt 0.653974 0.012000
vt 0.361568 0.148256
vt 0.654812 0.148444
vt 0.655000 0.149282
vt 0.655000 0.013026
vt 0.654812 0.154471
vt 0.653974 0.154659
vt 0.360542 0.153633
vt 0.654812 0.290727
vt 0.655000 0.289889
vt 0.653974 0.148256
vt 0.639458 0.149282
vt 0.653974 0.290915
vt 0.638432 0.154659
vt 0.655000 0.153633
vt 0.321398 0.152326
vt 0.012602 0.149774
vt 0.321398 0.149774
vt 0.305448 0.152326
vt 0.028552 0.149774
vt 0.305448 0.149774
vt 0.012602 0.289498
vt 0.321398 0.012602
vt 0.321398 0.289498
vt 0.028552 0.152326
vt 0.012602 0.152326
vt 0.012602 0.012602
vt 0.012110 0.012110
vt 0.012000 0.012602
vt 0.012086 0.149390
vt 0.012602 0.149172
vt 0.028061 0.152817
vt 0.028552 0.152927
vt 0.012174 0.149268
vt 0.012000 0.149774
vt 0.012110 0.289989
vt 0.012000 0.289498
vt 0.012086 0.152709
vt 0.012602 0.152927
vt 0.321826 0.149268
vt 0.322000 0.149774
vt 0.321782 0.012086
vt 0.322000 0.012602
vt 0.027950 0.152326
vt 0.321890 0.289989
vt 0.322000 0.289498
vt 0.321914 0.149390
vt 0.321398 0.149172
vt 0.305939 0.152817
vt 0.305448 0.152927
vt 0.321801 0.152837
vt 0.322000 0.152326
vt 0.012156 0.289926
vt 0.028552 0.149172
vt 0.305851 0.149263
vt 0.012118 0.152326
vt 0.028037 0.149390
vt 0.305448 0.152927
vt 0.306050 0.149774
vt 0.305963 0.152709
vt 0.321398 0.290100
vt 0.012602 0.290100
vt 0.306050 0.152326
vt 0.321844 0.012173
vt 0.305448 0.149172
vt 0.028149 0.149263
vt 0.322000 0.289498
vt 0.027950 0.149774
vt 0.012602 0.012000
vt 0.012218 0.152841
vt 0.321782 0.152841
vt 0.987909 0.816908
vt 0.678237 0.815583
vt 0.987947 0.815761
vt 0.971221 0.816765
vt 0.694779 0.815761
vt 0.971175 0.815604
vt 0.678074 0.954410
vt 0.987954 0.678237
vt 0.987918 0.954443
vt 0.694853 0.816928
vt 0.971221 0.815761
vt 0.694825 0.815604
vt 0.678096 0.816837
vt 0.987763 0.815583
vt 0.678053 0.815761
vt 0.971190 0.815561
vt 0.678152 0.816896
vt 0.678034 0.815610
vt 0.678034 0.678086
vt 0.678237 0.678046
vt 0.678237 0.954526
vt 0.694810 0.815561
vt 0.694974 0.816937
vt 0.971190 0.816965
vt 0.694771 0.816916
vt 0.987924 0.678036
vt 0.987763 0.954477
vt 0.678237 0.678048
vt 0.678082 0.954443
vt 0.654222 0.352375
vt 0.345778 0.345778
vt 0.654222 0.345778
vt 0.503024 0.352375
vt 0.496976 0.345778
vt 0.503024 0.345778
vt 0.345778 0.352100
vt 0.654222 0.346052
vt 0.654222 0.352100
vt 0.496976 0.352375
vt 0.345778 0.352375
vt 0.345778 0.346052
vt 0.345282 0.345111
vt 0.345000 0.346052
vt 0.496341 0.345143
vt 0.496198 0.345778
vt 0.345143 0.353010
vt 0.345000 0.352375
vt 0.345111 0.345556
vt 0.345778 0.345275
vt 0.503659 0.345143
vt 0.503024 0.345000
vt 0.345000 0.345778
vt 0.345282 0.353041
vt 0.345000 0.352100
vt 0.503659 0.353010
vt 0.503802 0.352375
vt 0.654889 0.345556
vt 0.654222 0.345275
vt 0.655000 0.345778
vt 0.654718 0.345386
vt 0.655000 0.346052
vt 0.496341 0.353010
vt 0.496198 0.352375
vt 0.654718 0.352766
vt 0.655000 0.352100
vt 0.503802 0.345778
vt 0.503024 0.353153
vt 0.654718 0.352766
vt 0.655000 0.352375
vt 0.496976 0.345000
vt 0.496480 0.353041
vt 0.654718 0.345111
vt 0.496480 0.345111
vt 0.496976 0.353153
vt 0.654222 0.345000
vt 0.345778 0.353153
vt 0.654718 0.353041
vt 0.321972 0.014432
vt 0.012028 0.012389
vt 0.321969 0.012464
vt 0.167251 0.014857
vt 0.166768 0.012034
vt 0.167238 0.012033
vt 0.012027 0.014122
vt 0.321959 0.014043
vt 0.166768 0.014889
vt 0.167251 0.012066
vt 0.166769 0.012029
vt 0.321973 0.013084
vt 0.012041 0.013218
vt 0.058540 0.226524
vt 0.166730 0.106708
vt 0.058918 0.107337
vt 0.166733 0.227357
vt 0.058631 0.107294
vt 0.167111 0.106762
vt 0.275256 0.226809
vt 0.167075 0.107036
vt 0.274891 0.107159
vt 0.166840 0.227068
vt 0.060223 0.107019
vt 0.059997 0.226731
vt 0.166968 0.107117
vt 0.166945 0.227358
vt 0.275326 0.107388
vt 0.274003 0.226730
vt 0.274007 0.107214
vt 0.274636 0.059113
vt 0.319493 0.166838
vt 0.014507 0.166839
vt 0.166952 0.227292
vt 0.274457 0.059166
vt 0.058949 0.059409
vt 0.059330 0.274607
vt 0.058913 0.226733
vt 0.166730 0.106708
vt 0.058928 0.107118
vt 0.167031 0.226786
vt 0.058675 0.107388
vt 0.167030 0.107118
vt 0.275085 0.226734
vt 0.167270 0.106709
vt 0.275082 0.107337
vt 0.166730 0.227291
vt 0.060096 0.107187
vt 0.060097 0.226756
vt 0.166795 0.107015
vt 0.167019 0.226960
vt 0.275141 0.107117
vt 0.273783 0.227042
vt 0.273778 0.107019
vt 0.275050 0.059410
vt 0.319412 0.167130
vt 0.014604 0.166822
vt 0.166952 0.227292
vt 0.274672 0.059394
vt 0.059137 0.059201
vt 0.059143 0.274413
vt 0.058913 0.226733
vt 0.167048 0.106708
vt 0.058919 0.107337
vt 0.167072 0.226978
vt 0.058858 0.107117
vt 0.167346 0.106992
vt 0.275086 0.226734
vt 0.167160 0.106932
vt 0.275074 0.107118
vt 0.166925 0.226964
vt 0.060250 0.106716
vt 0.060248 0.227246
vt 0.167060 0.107101
vt 0.167251 0.226875
vt 0.275326 0.107388
vt 0.273905 0.226756
vt 0.274007 0.107214
vt 0.274886 0.059365
vt 0.319497 0.167276
vt 0.014499 0.167163
vt 0.166953 0.227292
vt 0.274859 0.059586
vt 0.059341 0.059151
vt 0.059330 0.274607
vt 0.345282 0.345111
vt 0.345111 0.352596
vt 0.345778 0.352878
vt 0.345143 0.345143
vt 0.345282 0.353041
vt 0.654718 0.352766
vt 0.654889 0.352596
vt 0.654222 0.352878
vt 0.503520 0.345111
vt 0.345778 0.345000
vt 0.654718 0.345111
vt 0.654222 0.353153
vt 0.503520 0.353041
vt 0.654718 0.353041
vt 0.321973 0.013839
vt 0.012027 0.012801
vt 0.321959 0.012880
vt 0.167232 0.014889
vt 0.166749 0.012066
vt 0.167231 0.012029
vt 0.012028 0.014534
vt 0.321969 0.014458
vt 0.166749 0.014857
vt 0.167232 0.012034
vt 0.166762 0.012033
vt 0.321972 0.012491
vt 0.012031 0.012625
vt 0.058914 0.226734
vt 0.167052 0.107232
vt 0.058754 0.107249
vt 0.166894 0.227303
vt 0.058916 0.107222
vt 0.167270 0.106708
vt 0.275256 0.226809
vt 0.167075 0.107036
vt 0.275246 0.107249
vt 0.166840 0.227069
vt 0.059993 0.107214
vt 0.060096 0.226756
vt 0.167048 0.106707
vt 0.167021 0.226961
vt 0.275084 0.107221
vt 0.273794 0.226933
vt 0.273870 0.106935
vt 0.274636 0.059115
vt 0.319479 0.167000
vt 0.014604 0.166823
vt 0.167075 0.226964
vt 0.274455 0.059305
vt 0.059135 0.059322
vt 0.059544 0.274695
vt 0.058876 0.226609
vt 0.166730 0.106709
vt 0.058919 0.107337
vt 0.166981 0.226960
vt 0.058859 0.107117
vt 0.166977 0.107318
vt 0.275087 0.226733
vt 0.166952 0.106708
vt 0.275072 0.107118
vt 0.166730 0.227292
vt 0.060223 0.107019
vt 0.060218 0.227042
vt 0.166970 0.107118
vt 0.167205 0.227066
vt 0.275325 0.107388
vt 0.273903 0.226756
vt 0.273776 0.107019
vt 0.275051 0.059410
vt 0.319396 0.167178
vt 0.014603 0.167177
vt 0.167270 0.227291
vt 0.274857 0.059587
vt 0.058949 0.059410
vt 0.059328 0.274606
vt 0.059146 0.227076
vt 0.166925 0.107036
vt 0.058694 0.106998
vt 0.166652 0.227089
vt 0.058674 0.107388
vt 0.166940 0.107100
vt 0.275460 0.226524
vt 0.166953 0.106708
vt 0.275082 0.107337
vt 0.167048 0.227292
vt 0.060138 0.107040
vt 0.060096 0.226756
vt 0.166746 0.107231
vt 0.166928 0.226977
vt 0.274851 0.106885
vt 0.273785 0.227041
vt 0.273861 0.107040
vt 0.274865 0.059322
vt 0.319481 0.166675
vt 0.014502 0.166724
vt 0.167160 0.227068
vt 0.274670 0.059393
vt 0.059114 0.059364
vt 0.059337 0.274481
vt 0.503312 0.503613
vt 0.496688 0.496387
vt 0.503312 0.496387
vt 0.654148 0.503613
vt 0.345852 0.496387
vt 0.654148 0.496387
vt 0.496688 0.654148
vt 0.503312 0.345852
vt 0.503312 0.654148
vt 0.345852 0.503613
vt 0.496688 0.503613
vt 0.496688 0.345852
vt 0.496145 0.345122
vt 0.495837 0.345852
vt 0.345156 0.495692
vt 0.345000 0.496387
vt 0.495993 0.504308
vt 0.495837 0.503613
vt 0.495959 0.345308
vt 0.496688 0.345000
vt 0.495959 0.654692
vt 0.496688 0.655000
vt 0.495993 0.495692
vt 0.495837 0.496387
vt 0.496145 0.654878
vt 0.495837 0.654148
vt 0.654844 0.504308
vt 0.655000 0.503613
vt 0.504041 0.345308
vt 0.503312 0.345000
vt 0.504007 0.495692
vt 0.504163 0.496387
vt 0.504007 0.504308
vt 0.503312 0.504464
vt 0.345308 0.504342
vt 0.345000 0.503613
vt 0.503312 0.495536
vt 0.654692 0.495658
vt 0.655000 0.496387
vt 0.504041 0.654692
vt 0.503312 0.655000
vt 0.504163 0.503613
vt 0.345852 0.495536
vt 0.654692 0.495658
vt 0.654148 0.504464
vt 0.345308 0.504342
vt 0.496688 0.495536
vt 0.496145 0.504342
vt 0.345308 0.495658
vt 0.654692 0.504342
vt 0.496145 0.495658
vt 0.496688 0.504464
vt 0.254753 0.842300
vt 0.079479 0.823727
vt 0.254741 0.823624
vt 0.320680 0.842476
vt 0.013320 0.823524
vt 0.321030 0.823722
vt 0.079407 0.986621
vt 0.254478 0.679306
vt 0.254682 0.986662
vt 0.013306 0.842273
vt 0.321457 0.825014
vt 0.013316 0.823525
vt 0.079089 0.842265
vt 0.254753 0.823699
vt 0.080359 0.823894
vt 0.254478 0.986694
vt 0.079140 0.679339
vt 0.080622 0.987147
vt 0.254753 0.842301
vt 0.079089 0.823735
vt 0.254741 0.823624
vt 0.320680 0.842476
vt 0.013320 0.823524
vt 0.321030 0.823722
vt 0.079140 0.986661
vt 0.254478 0.679306
vt 0.254682 0.986662
vt 0.012543 0.840986
vt 0.320694 0.823727
vt 0.013071 0.823700
vt 0.079479 0.842273
vt 0.254753 0.823700
vt 0.079489 0.823418
vt 0.254478 0.986694
vt 0.079407 0.679379
vt 0.079512 0.987030
vt 0.345308 0.495658
vt 0.495959 0.345308
vt 0.504041 0.345308
vt 0.503855 0.345122
vt 0.504163 0.345852
vt 0.345156 0.504308
vt 0.503855 0.654878
vt 0.504163 0.654148
vt 0.654844 0.495692
vt 0.504041 0.654692
vt 0.503855 0.495658
vt 0.654148 0.495536
vt 0.345308 0.495658
vt 0.345852 0.504464
vt 0.654692 0.504342
vt 0.503855 0.504342
vt 0.254521 0.842273
vt 0.079247 0.823700
vt 0.254511 0.823418
vt 0.321457 0.840986
vt 0.013306 0.823727
vt 0.320929 0.823700
vt 0.079522 0.986694
vt 0.254860 0.679339
vt 0.253378 0.987147
vt 0.013320 0.842476
vt 0.320680 0.823524
vt 0.012970 0.823722
vt 0.079247 0.842301
vt 0.254911 0.823735
vt 0.079259 0.823624
vt 0.254593 0.986620
vt 0.079522 0.679306
vt 0.079318 0.986662
vt 0.254911 0.842265
vt 0.079247 0.823699
vt 0.253641 0.823894
vt 0.320694 0.842273
vt 0.012543 0.825014
vt 0.320684 0.823525
vt 0.079522 0.986694
vt 0.254593 0.679379
vt 0.254488 0.987030
vt 0.013320 0.842476
vt 0.320680 0.823524
vt 0.012970 0.823722
vt 0.079247 0.842300
vt 0.254521 0.823727
vt 0.079259 0.823624
vt 0.254860 0.986661
vt 0.079522 0.679306
vt 0.079318 0.986662
vt 0.628151 0.261926
vt 0.371849 0.072074
vt 0.628151 0.072074
vt 0.371849 0.295151
vt 0.628151 0.038849
vt 0.628151 0.295151
vt 0.371849 0.261926
vt 0.371849 0.038849
vt 0.349927 0.016927
vt 0.345000 0.038849
vt 0.349927 0.050151
vt 0.371849 0.045224
vt 0.345000 0.072074
vt 0.349927 0.283849
vt 0.345000 0.261926
vt 0.371849 0.012000
vt 0.371849 0.288776
vt 0.349927 0.317073
vt 0.371849 0.322000
vt 0.650073 0.050151
vt 0.628151 0.045224
vt 0.345000 0.295151
vt 0.650073 0.283849
vt 0.655000 0.261926
vt 0.650073 0.016927
vt 0.628151 0.012000
vt 0.655000 0.072074
vt 0.655000 0.038849
vt 0.628151 0.288776
vt 0.650073 0.317073
vt 0.655000 0.295151
vt 0.628151 0.322000
vt 0.646701 0.517604
vt 0.353299 0.482396
vt 0.646701 0.482396
vt 0.653369 0.482396
vt 0.353299 0.646701
vt 0.646701 0.353299
vt 0.646701 0.653369
vt 0.353299 0.517604
vt 0.650957 0.476682
vt 0.353299 0.476371
vt 0.346631 0.482396
vt 0.353299 0.353299
vt 0.347658 0.346268
vt 0.345000 0.353299
vt 0.347658 0.653732
vt 0.345000 0.646701
vt 0.346190 0.651995
vt 0.353299 0.653369
vt 0.347381 0.476598
vt 0.347381 0.523402
vt 0.346268 0.347658
vt 0.353299 0.346631
vt 0.646701 0.523630
vt 0.347381 0.523402
vt 0.655000 0.482396
vt 0.653810 0.522898
vt 0.652823 0.652412
vt 0.646701 0.646701
vt 0.353299 0.474097
vt 0.651260 0.475122
vt 0.646701 0.525903
vt 0.652619 0.523402
vt 0.653732 0.347658
vt 0.646701 0.346631
vt 0.347381 0.476598
vt 0.653732 0.652342
vt 0.348004 0.524713
vt 0.655000 0.517604
vt 0.646701 0.474097
vt 0.652823 0.347587
vt 0.353299 0.525903
vt 0.652537 0.524591
vt 0.773230 0.857467
vt 0.833000 0.817023
vt 0.773223 0.808576
vt 0.943453 0.857424
vt 0.892858 0.809079
vt 0.945975 0.817023
vt 0.894142 0.848977
vt 0.833000 0.857424
vt 0.771858 0.817023
vt 0.771858 0.848977
vt 0.720025 0.817023
vt 0.943357 0.857745
vt 0.892777 0.808576
vt 0.892777 0.857424
vt 0.833000 0.848977
vt 0.773142 0.809079
vt 0.722397 0.856921
vt 0.773275 0.808255
vt 0.833000 0.808532
vt 0.833000 0.857745
vt 0.894142 0.817023
vt 0.722397 0.856921
vt 0.892725 0.808255
vt 0.731544 0.731544
vt 0.911182 0.715992
vt 0.934457 0.934457
vt 0.833000 0.857745
vt 0.833000 0.805725
vt 0.892316 0.860275
vt 0.892316 0.976201
vt 0.941497 0.941497
vt 0.887908 0.965559
vt 0.891718 0.974758
vt 0.942602 0.942602
vt 0.942602 0.805725
vt 0.985561 0.833000
vt 0.965559 0.887908
vt 0.976201 0.892316
vt 0.974758 0.891718
vt 0.976481 0.833000
vt 0.988000 0.833000
vt 0.773684 0.805725
vt 0.773684 0.860275
vt 0.723398 0.805725
vt 0.942602 0.723398
vt 0.974501 0.774389
vt 0.892316 0.689799
vt 0.833000 0.679841
vt 0.887908 0.700441
vt 0.833000 0.860275
vt 0.724503 0.724503
vt 0.778092 0.700441
vt 0.773684 0.689799
vt 0.774282 0.691242
vt 0.723398 0.723398
vt 0.678000 0.833000
vt 0.691242 0.774282
vt 0.689519 0.833000
vt 0.691727 0.891517
vt 0.694980 0.805546
vt 0.892316 0.805725
vt 0.691242 0.891718
vt 0.731544 0.934457
vt 0.723398 0.942602
vt 0.773684 0.976201
vt 0.805546 0.971020
vt 0.833000 0.986159
vt 0.778092 0.965559
vt 0.015044 0.230474
vt 0.148457 0.103587
vt 0.015256 0.103388
vt 0.282246 0.230555
vt 0.148687 0.103217
vt 0.282068 0.103469
vt 0.148608 0.230699
vt 0.015060 0.103445
vt 0.072927 0.230816
vt 0.224394 0.103358
vt 0.072866 0.103355
vt 0.224841 0.230555
vt 0.072903 0.103440
vt 0.224382 0.102881
vt 0.017467 0.091131
vt 0.148849 0.014399
vt 0.280619 0.091126
vt 0.148614 0.230795
vt 0.282004 0.102932
vt 0.016686 0.091125
vt 0.016867 0.243229
vt 0.279852 0.242754
vt 0.653369 0.482396
vt 0.646701 0.653369
vt 0.349043 0.523318
vt 0.347658 0.346268
vt 0.347658 0.653732
vt 0.346268 0.652342
vt 0.353299 0.653369
vt 0.652619 0.476598
vt 0.346631 0.517604
vt 0.347381 0.476598
vt 0.346190 0.348005
vt 0.353299 0.346631
vt 0.347381 0.523402
vt 0.653810 0.522898
vt 0.652823 0.652413
vt 0.651261 0.475122
vt 0.652619 0.523402
vt 0.653732 0.347658
vt 0.646701 0.346631
vt 0.347381 0.476598
vt 0.653732 0.652342
vt 0.348005 0.524713
vt 0.652823 0.347588
vt 0.652537 0.524591
vt 0.943453 0.857424
vt 0.892858 0.809079
vt 0.943440 0.857467
vt 0.892725 0.857745
vt 0.833000 0.857424
vt 0.773230 0.808533
vt 0.773223 0.808576
vt 0.833000 0.808255
vt 0.833000 0.856921
vt 0.892770 0.808533
vt 0.722547 0.857424
vt 0.892777 0.808576
vt 0.934457 0.731544
vt 0.941669 0.941669
vt 0.891718 0.974758
vt 0.985913 0.833000
vt 0.974758 0.891718
vt 0.974758 0.774282
vt 0.860453 0.694980
vt 0.833000 0.679562
vt 0.833000 0.678000
vt 0.724503 0.724503
vt 0.774282 0.691242
vt 0.700441 0.778092
vt 0.689799 0.773684
vt 0.691017 0.774189
vt 0.689799 0.892316
vt 0.724503 0.941497
vt 0.694980 0.860454
vt 0.833000 0.986438
vt 0.015044 0.230474
vt 0.148608 0.103301
vt 0.015256 0.103387
vt 0.282040 0.230916
vt 0.148614 0.103205
vt 0.281936 0.103437
vt 0.148457 0.230413
vt 0.015060 0.103445
vt 0.072928 0.230816
vt 0.224394 0.103358
vt 0.072866 0.103355
vt 0.224394 0.230642
vt 0.072461 0.103527
vt 0.224418 0.103181
vt 0.017467 0.091131
vt 0.148514 0.014339
vt 0.280441 0.090906
vt 0.148687 0.230783
vt 0.282213 0.103274
vt 0.016686 0.091125
vt 0.016867 0.243229
vt 0.279998 0.242546
vt 0.650957 0.523318
vt 0.646701 0.476371
vt 0.346631 0.482396
vt 0.652342 0.346268
vt 0.655000 0.353299
vt 0.652342 0.653732
vt 0.655000 0.646701
vt 0.346268 0.652342
vt 0.348739 0.475122
vt 0.652619 0.476598
vt 0.346268 0.347658
vt 0.651995 0.524713
vt 0.347381 0.523402
vt 0.345000 0.517604
vt 0.652619 0.476598
vt 0.347177 0.652412
vt 0.347463 0.524591
vt 0.653369 0.517604
vt 0.653732 0.347658
vt 0.653810 0.651995
vt 0.353299 0.523630
vt 0.346190 0.522898
vt 0.347177 0.347587
vt 0.773275 0.857745
vt 0.943603 0.856921
vt 0.892777 0.808576
vt 0.943453 0.857424
vt 0.773223 0.808576
vt 0.722547 0.857424
vt 0.773142 0.809079
vt 0.722560 0.857467
vt 0.941497 0.941497
vt 0.974983 0.891811
vt 0.976201 0.773684
vt 0.941497 0.724503
vt 0.971020 0.805546
vt 0.833000 0.679562
vt 0.724331 0.724331
vt 0.680087 0.833000
vt 0.691242 0.774282
vt 0.691242 0.891718
vt 0.805547 0.971020
vt 0.833000 0.986438
vt 0.833000 0.988000
vt 0.015249 0.230850
vt 0.148682 0.103289
vt 0.015391 0.103355
vt 0.282245 0.230555
vt 0.148688 0.103217
vt 0.282069 0.103469
vt 0.148609 0.230698
vt 0.015059 0.103445
vt 0.072927 0.230816
vt 0.224842 0.103445
vt 0.072866 0.103355
vt 0.224393 0.230642
vt 0.072903 0.103440
vt 0.224418 0.103181
vt 0.017467 0.091131
vt 0.148849 0.014399
vt 0.280619 0.091125
vt 0.148846 0.230519
vt 0.282212 0.103274
vt 0.016686 0.091126
vt 0.016960 0.243349
vt 0.279997 0.242546
vt 0.653369 0.482396
vt 0.349043 0.476682
vt 0.346631 0.482396
vt 0.652342 0.346268
vt 0.346268 0.652342
vt 0.348740 0.475122
vt 0.346268 0.347658
vt 0.651996 0.524713
vt 0.347381 0.523402
vt 0.347177 0.652413
vt 0.347463 0.524591
vt 0.653810 0.348005
vt 0.652619 0.523402
vt 0.345000 0.482396
vt 0.346190 0.522898
vt 0.347177 0.347588
vt 0.773223 0.857424
vt 0.943603 0.856921
vt 0.943603 0.856921
vt 0.892770 0.857467
vt 0.773275 0.808255
vt 0.722547 0.857424
vt 0.773142 0.809079
vt 0.722643 0.857745
vt 0.892858 0.809079
vt 0.941497 0.941497
vt 0.891718 0.974758
vt 0.974758 0.891718
vt 0.974273 0.774483
vt 0.971020 0.860454
vt 0.860454 0.694980
vt 0.833000 0.679841
vt 0.724503 0.724503
vt 0.774282 0.691242
vt 0.680439 0.833000
vt 0.691242 0.774282
vt 0.691499 0.891612
vt 0.754818 0.950008
vt 0.833000 0.986159
vt 0.015044 0.230474
vt 0.148609 0.103301
vt 0.015257 0.103387
vt 0.282245 0.230555
vt 0.148846 0.103481
vt 0.282069 0.103469
vt 0.148682 0.230711
vt 0.015264 0.103084
vt 0.072467 0.230726
vt 0.224394 0.103358
vt 0.072905 0.103034
vt 0.224394 0.230642
vt 0.072903 0.103440
vt 0.224418 0.103181
vt 0.017555 0.091025
vt 0.148946 0.014235
vt 0.280619 0.091125
vt 0.148688 0.230783
vt 0.282213 0.103274
vt 0.016864 0.090906
vt 0.016868 0.243229
vt 0.279997 0.242547
vt 0.500000 0.167000
vt 0.520232 0.177680
vt 0.500000 0.177680
vt 0.655000 0.167000
vt 0.643086 0.185838
vt 0.644320 0.167000
vt 0.633641 0.167000
vt 0.517444 0.177680
vt 0.516866 0.167000
vt 0.500000 0.156320
vt 0.632497 0.184444
vt 0.520232 0.156320
vt 0.520809 0.167000
vt 0.540117 0.177680
vt 0.649719 0.207117
vt 0.653674 0.187232
vt 0.639403 0.204353
vt 0.534589 0.177680
vt 0.533444 0.167000
vt 0.517444 0.156320
vt 0.541262 0.167000
vt 0.561009 0.167000
vt 0.633335 0.222229
vt 0.623468 0.218142
vt 0.629087 0.201589
vt 0.551142 0.177680
vt 0.549449 0.167000
vt 0.534589 0.156320
vt 0.559316 0.156320
vt 0.540117 0.156320
vt 0.579712 0.167000
vt 0.559316 0.177680
vt 0.634234 0.244500
vt 0.643201 0.226316
vt 0.615736 0.233820
vt 0.566820 0.177680
vt 0.564609 0.167000
vt 0.551142 0.156320
vt 0.624985 0.239160
vt 0.577500 0.156320
vt 0.594358 0.177680
vt 0.577500 0.177680
vt 0.622970 0.261358
vt 0.614497 0.254857
vt 0.578662 0.167000
vt 0.566820 0.156320
vt 0.606024 0.248355
vt 0.594358 0.156320
vt 0.612730 0.167000
vt 0.597051 0.167000
vt 0.609602 0.276602
vt 0.594498 0.261498
vt 0.594498 0.177680
vt 0.581355 0.177680
vt 0.594498 0.156320
vt 0.581355 0.156320
vt 0.597051 0.167000
vt 0.609602 0.177680
vt 0.587857 0.281497
vt 0.602050 0.269050
vt 0.581355 0.177680
vt 0.591370 0.167000
vt 0.578662 0.167000
vt 0.609602 0.156320
vt 0.577500 0.177680
vt 0.577500 0.301234
vt 0.594358 0.289970
vt 0.572160 0.291985
vt 0.581355 0.273024
vt 0.564609 0.167000
vt 0.581355 0.156320
vt 0.566820 0.282736
vt 0.577500 0.156320
vt 0.579712 0.167000
vt 0.559316 0.310201
vt 0.555229 0.300335
vt 0.549449 0.167000
vt 0.541262 0.167000
vt 0.559316 0.177680
vt 0.537353 0.306403
vt 0.551142 0.290468
vt 0.533444 0.167000
vt 0.534589 0.296087
vt 0.559316 0.156320
vt 0.520232 0.320674
vt 0.540117 0.316718
vt 0.517444 0.299497
vt 0.518838 0.310086
vt 0.500000 0.322000
vt 0.500000 0.300641
vt 0.479191 0.167000
vt 0.479768 0.320674
vt 0.500000 0.311320
vt 0.481162 0.310086
vt 0.482556 0.177680
vt 0.482556 0.156320
vt 0.482556 0.299497
vt 0.458738 0.167000
vt 0.479768 0.177680
vt 0.462647 0.306403
vt 0.465411 0.177680
vt 0.483134 0.167000
vt 0.466556 0.167000
vt 0.465411 0.296087
vt 0.479768 0.156320
vt 0.438991 0.167000
vt 0.459883 0.177680
vt 0.459883 0.316718
vt 0.444771 0.300335
vt 0.450551 0.167000
vt 0.465411 0.156320
vt 0.440684 0.310201
vt 0.459883 0.156320
vt 0.422500 0.177680
vt 0.440684 0.177680
vt 0.422500 0.301234
vt 0.427840 0.291985
vt 0.448858 0.290468
vt 0.448858 0.177680
vt 0.435391 0.167000
vt 0.433180 0.156320
vt 0.448858 0.156320
vt 0.422500 0.156320
vt 0.440684 0.156320
vt 0.402949 0.167000
vt 0.420288 0.167000
vt 0.412143 0.281497
vt 0.418645 0.273024
vt 0.433180 0.282736
vt 0.418645 0.177680
vt 0.433180 0.177680
vt 0.421338 0.167000
vt 0.405642 0.289970
vt 0.390398 0.177680
vt 0.405642 0.177680
vt 0.397950 0.269050
vt 0.405502 0.261498
vt 0.405502 0.177680
vt 0.408630 0.167000
vt 0.418645 0.156320
vt 0.390398 0.156320
vt 0.405642 0.156320
vt 0.612729 0.167000
vt 0.609601 0.177680
vt 0.377030 0.261358
vt 0.390398 0.276602
vt 0.393976 0.248355
vt 0.594498 0.156320
vt 0.609601 0.156320
vt 0.365766 0.244500
vt 0.385503 0.254857
vt 0.384264 0.233820
vt 0.375015 0.239160
vt 0.356799 0.226316
vt 0.366665 0.222229
vt 0.376532 0.218142
vt 0.350282 0.207117
vt 0.370913 0.201589
vt 0.360597 0.204353
vt 0.520232 0.177680
vt 0.540117 0.177680
vt 0.346326 0.187232
vt 0.356914 0.185838
vt 0.520232 0.156320
vt 0.540117 0.156320
vt 0.520809 0.167000
vt 0.355680 0.167000
vt 0.367503 0.184444
vt 0.517444 0.177680
vt 0.517444 0.156320
vt 0.366359 0.167000
vt 0.346326 0.146768
vt 0.345000 0.167000
vt 0.356914 0.148162
vt 0.367503 0.149556
vt 0.360597 0.129647
vt 0.370913 0.132411
vt 0.440684 0.177680
vt 0.356799 0.107684
vt 0.350282 0.126883
vt 0.376532 0.115858
vt 0.448858 0.177680
vt 0.448858 0.156320
vt 0.366665 0.111771
vt 0.440684 0.156320
vt 0.438991 0.167000
vt 0.365766 0.089500
vt 0.384264 0.100180
vt 0.433180 0.177680
vt 0.450551 0.167000
vt 0.375015 0.094840
vt 0.385503 0.079143
vt 0.433180 0.156320
vt 0.387270 0.167000
vt 0.377030 0.072642
vt 0.397950 0.064950
vt 0.393976 0.085645
vt 0.408630 0.167000
vt 0.402949 0.167000
vt 0.390398 0.057398
vt 0.412143 0.052503
vt 0.405502 0.072502
vt 0.405502 0.177680
vt 0.421338 0.167000
vt 0.405502 0.156320
vt 0.418645 0.060976
vt 0.390398 0.156320
vt 0.405642 0.177680
vt 0.422500 0.032766
vt 0.405642 0.044030
vt 0.427840 0.042015
vt 0.418645 0.177680
vt 0.418645 0.156320
vt 0.433180 0.051264
vt 0.405642 0.156320
vt 0.444771 0.033665
vt 0.448858 0.043532
vt 0.458738 0.167000
vt 0.440684 0.023799
vt 0.462647 0.027597
vt 0.465411 0.037913
vt 0.466556 0.167000
vt 0.459883 0.017282
vt 0.459883 0.156320
vt 0.479191 0.167000
vt 0.459883 0.177680
vt 0.479768 0.013326
vt 0.481162 0.023914
vt 0.482556 0.177680
vt 0.465411 0.177680
vt 0.483134 0.167000
vt 0.465411 0.156320
vt 0.479768 0.177680
vt 0.500000 0.012000
vt 0.500000 0.033359
vt 0.482556 0.034503
vt 0.482556 0.156320
vt 0.479768 0.156320
vt 0.518838 0.023914
vt 0.500000 0.022680
vt 0.517444 0.034503
vt 0.541262 0.167000
vt 0.520232 0.013326
vt 0.537353 0.027597
vt 0.534589 0.037913
vt 0.534589 0.156320
vt 0.540117 0.017281
vt 0.559316 0.023799
vt 0.551142 0.043532
vt 0.534589 0.177680
vt 0.555229 0.033665
vt 0.577500 0.032766
vt 0.566820 0.051264
vt 0.597051 0.167000
vt 0.587857 0.052503
vt 0.572160 0.042015
vt 0.581355 0.060976
vt 0.594358 0.156320
vt 0.594358 0.177680
vt 0.594358 0.044030
vt 0.602050 0.064950
vt 0.594498 0.072502
vt 0.390398 0.177680
vt 0.387270 0.167000
vt 0.622970 0.072642
vt 0.609601 0.057398
vt 0.614497 0.079143
vt 0.405502 0.177680
vt 0.408630 0.167000
vt 0.405502 0.156320
vt 0.606024 0.085645
vt 0.390398 0.156320
vt 0.420288 0.167000
vt 0.405642 0.177680
vt 0.624985 0.094840
vt 0.433180 0.177680
vt 0.418645 0.177680
vt 0.435391 0.167000
vt 0.418645 0.156320
vt 0.405642 0.156320
vt 0.438991 0.167000
vt 0.422500 0.177680
vt 0.643201 0.107684
vt 0.634234 0.089500
vt 0.633335 0.111771
vt 0.615736 0.100180
vt 0.450551 0.167000
vt 0.448858 0.156320
vt 0.433180 0.156320
vt 0.440684 0.156320
vt 0.422500 0.156320
vt 0.458738 0.167000
vt 0.440684 0.177680
vt 0.649719 0.126883
vt 0.639403 0.129647
vt 0.623468 0.115858
vt 0.465411 0.177680
vt 0.448858 0.177680
vt 0.465411 0.156320
vt 0.479768 0.177680
vt 0.459883 0.177680
vt 0.643086 0.148162
vt 0.632497 0.149556
vt 0.629087 0.132411
vt 0.482556 0.177680
vt 0.483134 0.167000
vt 0.459883 0.156320
vt 0.479191 0.167000
vt 0.653674 0.146768
vt 0.482556 0.156320
vt 0.479768 0.156320
vt 0.520366 0.500000
vt 0.500000 0.502479
vt 0.500000 0.500000
vt 0.655000 0.500000
vt 0.651216 0.519908
vt 0.652521 0.500000
vt 0.648758 0.519584
vt 0.650041 0.500000
vt 0.519584 0.502479
vt 0.519450 0.500000
vt 0.500000 0.497521
vt 0.540383 0.500000
vt 0.520232 0.502479
vt 0.649719 0.540117
vt 0.653674 0.520232
vt 0.647324 0.539475
vt 0.538834 0.502479
vt 0.538568 0.500000
vt 0.519584 0.497521
vt 0.644929 0.538834
vt 0.520232 0.497521
vt 0.559709 0.500000
vt 0.540117 0.502479
vt 0.640911 0.558367
vt 0.638620 0.557418
vt 0.557418 0.502479
vt 0.557418 0.497521
vt 0.538834 0.497521
vt 0.559316 0.497521
vt 0.540117 0.497521
vt 0.577500 0.502479
vt 0.559316 0.502479
vt 0.634234 0.577500
vt 0.643201 0.559316
vt 0.629940 0.575021
vt 0.575021 0.502479
vt 0.557025 0.500000
vt 0.575021 0.497521
vt 0.632087 0.576260
vt 0.577500 0.497521
vt 0.594983 0.500000
vt 0.578013 0.500000
vt 0.621003 0.592849
vt 0.619036 0.591339
vt 0.591339 0.502479
vt 0.574507 0.500000
vt 0.591339 0.497521
vt 0.610328 0.500000
vt 0.594358 0.502479
vt 0.609602 0.609602
vt 0.622970 0.594358
vt 0.607848 0.607848
vt 0.606095 0.502479
vt 0.590714 0.500000
vt 0.606095 0.497521
vt 0.606095 0.606095
vt 0.594358 0.497521
vt 0.609602 0.502479
vt 0.594358 0.622970
vt 0.592849 0.621003
vt 0.605369 0.500000
vt 0.591339 0.497521
vt 0.591339 0.619036
vt 0.609602 0.497521
vt 0.594983 0.500000
vt 0.576260 0.632087
vt 0.575021 0.629940
vt 0.591339 0.502479
vt 0.574507 0.500000
vt 0.559709 0.500000
vt 0.577500 0.502479
vt 0.577500 0.634234
vt 0.558367 0.640911
vt 0.557418 0.638620
vt 0.557025 0.500000
vt 0.577500 0.497521
vt 0.559316 0.502479
vt 0.559316 0.643201
vt 0.539475 0.647324
vt 0.538834 0.644929
vt 0.538834 0.502479
vt 0.557418 0.502479
vt 0.557418 0.497521
vt 0.559316 0.497521
vt 0.520232 0.653674
vt 0.540117 0.649719
vt 0.519908 0.651216
vt 0.519584 0.502479
vt 0.519584 0.497521
vt 0.538834 0.497521
vt 0.519584 0.648758
vt 0.500000 0.655000
vt 0.500000 0.650041
vt 0.519450 0.500000
vt 0.479634 0.500000
vt 0.480092 0.651216
vt 0.500000 0.652521
vt 0.480416 0.502479
vt 0.480416 0.497521
vt 0.479768 0.653674
vt 0.459883 0.502479
vt 0.479768 0.502479
vt 0.460525 0.647324
vt 0.461166 0.644929
vt 0.480416 0.648758
vt 0.461166 0.502479
vt 0.480550 0.500000
vt 0.461166 0.497521
vt 0.459883 0.497521
vt 0.479768 0.497521
vt 0.459617 0.500000
vt 0.440684 0.502479
vt 0.459883 0.649719
vt 0.441633 0.640911
vt 0.442582 0.502479
vt 0.461432 0.500000
vt 0.442975 0.500000
vt 0.440684 0.643201
vt 0.440684 0.497521
vt 0.421987 0.500000
vt 0.440291 0.500000
vt 0.422500 0.634234
vt 0.423740 0.632087
vt 0.442582 0.638620
vt 0.424979 0.502479
vt 0.424979 0.497521
vt 0.442582 0.497521
vt 0.422500 0.497521
vt 0.405017 0.500000
vt 0.422500 0.502479
vt 0.405642 0.622970
vt 0.408661 0.619036
vt 0.424979 0.629940
vt 0.409286 0.500000
vt 0.425493 0.500000
vt 0.389672 0.500000
vt 0.405642 0.502479
vt 0.390398 0.609601
vt 0.407151 0.621003
vt 0.393905 0.606095
vt 0.393905 0.502479
vt 0.408661 0.502479
vt 0.394631 0.500000
vt 0.408661 0.497521
vt 0.405642 0.497521
vt 0.610328 0.500000
vt 0.609601 0.502479
vt 0.377030 0.594358
vt 0.392152 0.607848
vt 0.378997 0.592849
vt 0.380964 0.591339
vt 0.609601 0.497521
vt 0.578014 0.500000
vt 0.365766 0.577500
vt 0.370060 0.575021
vt 0.356799 0.559316
vt 0.367913 0.576260
vt 0.359089 0.558367
vt 0.361380 0.557418
vt 0.350281 0.540117
vt 0.352676 0.539475
vt 0.540117 0.497521
vt 0.540117 0.502479
vt 0.346326 0.520232
vt 0.351242 0.519584
vt 0.355071 0.538834
vt 0.348784 0.519908
vt 0.520232 0.502479
vt 0.345000 0.500000
vt 0.347479 0.500000
vt 0.349959 0.500000
vt 0.520232 0.497521
vt 0.348784 0.480092
vt 0.351242 0.480416
vt 0.346326 0.479768
vt 0.352676 0.460525
vt 0.355071 0.461166
vt 0.440291 0.500000
vt 0.356799 0.440684
vt 0.350281 0.459883
vt 0.359089 0.441633
vt 0.442582 0.502479
vt 0.442582 0.497521
vt 0.440684 0.497521
vt 0.440684 0.502479
vt 0.365766 0.422500
vt 0.367913 0.423740
vt 0.361380 0.442582
vt 0.442975 0.500000
vt 0.425493 0.500000
vt 0.370060 0.424979
vt 0.377030 0.405642
vt 0.380964 0.408661
vt 0.390398 0.502479
vt 0.390398 0.390398
vt 0.378997 0.407151
vt 0.393905 0.393905
vt 0.394631 0.500000
vt 0.392152 0.392152
vt 0.390398 0.497521
vt 0.405642 0.502479
vt 0.407151 0.378997
vt 0.408661 0.380964
vt 0.408661 0.502479
vt 0.408661 0.497521
vt 0.393905 0.497521
vt 0.405017 0.500000
vt 0.405642 0.377030
vt 0.423740 0.367913
vt 0.409286 0.500000
vt 0.424979 0.370060
vt 0.405642 0.497521
vt 0.422500 0.365766
vt 0.441633 0.359089
vt 0.442582 0.361380
vt 0.459617 0.500000
vt 0.459883 0.350282
vt 0.440684 0.356799
vt 0.461166 0.355071
vt 0.461432 0.500000
vt 0.460525 0.352676
vt 0.479634 0.500000
vt 0.459883 0.502479
vt 0.479768 0.346326
vt 0.480092 0.348784
vt 0.480416 0.502479
vt 0.461166 0.502479
vt 0.480416 0.497521
vt 0.461166 0.497521
vt 0.459883 0.497521
vt 0.479768 0.502479
vt 0.500000 0.347479
vt 0.480416 0.351242
vt 0.480550 0.500000
vt 0.479768 0.497521
vt 0.500000 0.345000
vt 0.519908 0.348784
vt 0.500000 0.349959
vt 0.540383 0.500000
vt 0.540117 0.350281
vt 0.520232 0.346326
vt 0.539475 0.352676
vt 0.519584 0.351242
vt 0.538568 0.500000
vt 0.538833 0.497521
vt 0.559316 0.356799
vt 0.557418 0.361380
vt 0.538833 0.355071
vt 0.538833 0.502479
vt 0.577500 0.365766
vt 0.558367 0.359089
vt 0.576260 0.367913
vt 0.575021 0.370060
vt 0.592849 0.378997
vt 0.594358 0.502479
vt 0.609601 0.390398
vt 0.594358 0.377030
vt 0.607848 0.392152
vt 0.591339 0.380964
vt 0.605369 0.500000
vt 0.606095 0.393905
vt 0.594358 0.497521
vt 0.389672 0.500000
vt 0.405642 0.502479
vt 0.390398 0.502479
vt 0.622970 0.405642
vt 0.621003 0.407151
vt 0.408661 0.502479
vt 0.394631 0.500000
vt 0.393905 0.502479
vt 0.393905 0.497521
vt 0.619036 0.408661
vt 0.405642 0.497521
vt 0.390398 0.497521
vt 0.421987 0.500000
vt 0.405017 0.500000
vt 0.634234 0.422500
vt 0.632087 0.423740
vt 0.425493 0.500000
vt 0.408661 0.497521
vt 0.422500 0.497521
vt 0.440684 0.502479
vt 0.422500 0.502479
vt 0.643201 0.440684
vt 0.640911 0.441633
vt 0.629940 0.424979
vt 0.442582 0.502479
vt 0.424979 0.502479
vt 0.442975 0.500000
vt 0.424979 0.497521
vt 0.638620 0.442582
vt 0.440684 0.497521
vt 0.440291 0.500000
vt 0.459883 0.502479
vt 0.649719 0.459883
vt 0.647324 0.460525
vt 0.461432 0.500000
vt 0.442582 0.497521
vt 0.644929 0.461166
vt 0.479768 0.502479
vt 0.653674 0.479768
vt 0.651216 0.480092
vt 0.480416 0.502479
vt 0.648758 0.480416
vt 0.479768 0.497521
vt 0.459883 0.497521
vt 0.479634 0.500000
vt 0.480416 0.497521
vt 0.759443 0.250000
vt 0.750000 0.250833
vt 0.750000 0.250000
vt 0.821384 0.259398
vt 0.821167 0.250000
vt 0.822000 0.250000
vt 0.820558 0.259289
vt 0.820334 0.250000
vt 0.759180 0.250833
vt 0.759135 0.250000
vt 0.750000 0.249167
vt 0.759398 0.249167
vt 0.768635 0.250833
vt 0.759398 0.250833
vt 0.819547 0.268635
vt 0.818742 0.268419
vt 0.819732 0.259180
vt 0.768204 0.250833
vt 0.768114 0.250000
vt 0.759180 0.249167
vt 0.817937 0.268204
vt 0.768724 0.250000
vt 0.777685 0.250000
vt 0.815750 0.277234
vt 0.776916 0.250833
vt 0.776783 0.250000
vt 0.768204 0.249167
vt 0.814980 0.276916
vt 0.777553 0.249167
vt 0.768635 0.249167
vt 0.786000 0.250833
vt 0.777553 0.250833
vt 0.812354 0.286000
vt 0.816519 0.277553
vt 0.811632 0.285583
vt 0.784994 0.250000
vt 0.776916 0.249167
vt 0.786000 0.249167
vt 0.794041 0.250000
vt 0.786173 0.250000
vt 0.807121 0.293831
vt 0.805799 0.292816
vt 0.810911 0.285167
vt 0.792816 0.250833
vt 0.785167 0.250833
vt 0.792606 0.250000
vt 0.785167 0.249167
vt 0.806460 0.293324
vt 0.800912 0.250833
vt 0.793831 0.250833
vt 0.800912 0.300912
vt 0.800323 0.300323
vt 0.799489 0.250000
vt 0.792816 0.249167
vt 0.799733 0.299733
vt 0.793831 0.249167
vt 0.801156 0.250000
vt 0.793324 0.306460
vt 0.792816 0.305799
vt 0.799733 0.250833
vt 0.799733 0.249167
vt 0.800912 0.249167
vt 0.793831 0.307121
vt 0.785583 0.311632
vt 0.785167 0.310911
vt 0.786000 0.312354
vt 0.777553 0.316519
vt 0.777234 0.315750
vt 0.776916 0.314980
vt 0.768635 0.319547
vt 0.768419 0.318742
vt 0.768724 0.250000
vt 0.759398 0.321384
vt 0.759289 0.320558
vt 0.768204 0.317937
vt 0.759135 0.250000
vt 0.750000 0.321167
vt 0.750000 0.320334
vt 0.759180 0.319732
vt 0.750000 0.322000
vt 0.740602 0.250833
vt 0.740711 0.320558
vt 0.740820 0.250833
vt 0.740820 0.249167
vt 0.740602 0.249167
vt 0.731276 0.250000
vt 0.740557 0.250000
vt 0.740602 0.321384
vt 0.731581 0.318742
vt 0.731796 0.317937
vt 0.740820 0.319732
vt 0.731886 0.250000
vt 0.740865 0.250000
vt 0.722315 0.250000
vt 0.731365 0.250833
vt 0.722447 0.316519
vt 0.731365 0.319547
vt 0.723084 0.314980
vt 0.731796 0.250833
vt 0.723217 0.250000
vt 0.731796 0.249167
vt 0.722447 0.249167
vt 0.731365 0.249167
vt 0.713827 0.250000
vt 0.722447 0.250833
vt 0.714000 0.312354
vt 0.722766 0.315750
vt 0.714833 0.310911
vt 0.714833 0.250833
vt 0.723084 0.250833
vt 0.714833 0.249167
vt 0.723084 0.249167
vt 0.706169 0.250833
vt 0.714000 0.250833
vt 0.706676 0.306460
vt 0.714417 0.311632
vt 0.707394 0.250000
vt 0.715006 0.250000
vt 0.714000 0.249167
vt 0.705959 0.250000
vt 0.699088 0.250833
vt 0.699088 0.300912
vt 0.706169 0.307121
vt 0.699677 0.300323
vt 0.707184 0.305799
vt 0.707184 0.250833
vt 0.700511 0.250000
vt 0.707184 0.249167
vt 0.699088 0.249167
vt 0.706169 0.249167
vt 0.801156 0.250000
vt 0.692879 0.293831
vt 0.693540 0.293324
vt 0.700267 0.299733
vt 0.799489 0.250000
vt 0.799733 0.250833
vt 0.799733 0.249167
vt 0.687646 0.286000
vt 0.689089 0.285167
vt 0.694201 0.292816
vt 0.683481 0.277553
vt 0.688368 0.285583
vt 0.685020 0.276916
vt 0.684250 0.277234
vt 0.680453 0.268635
vt 0.681258 0.268419
vt 0.678616 0.259398
vt 0.680268 0.259180
vt 0.682063 0.268204
vt 0.759180 0.249167
vt 0.759398 0.249167
vt 0.759398 0.250833
vt 0.678000 0.250000
vt 0.679442 0.259289
vt 0.678833 0.250000
vt 0.759180 0.250833
vt 0.679442 0.240711
vt 0.680268 0.240820
vt 0.679666 0.250000
vt 0.678616 0.240602
vt 0.680453 0.231365
vt 0.681258 0.231581
vt 0.722315 0.250000
vt 0.684250 0.222766
vt 0.682063 0.231796
vt 0.685020 0.223084
vt 0.683481 0.222447
vt 0.687646 0.214000
vt 0.689089 0.214833
vt 0.723085 0.250833
vt 0.723085 0.249167
vt 0.693540 0.206676
vt 0.688368 0.214417
vt 0.694201 0.207184
vt 0.698844 0.250000
vt 0.692879 0.206169
vt 0.699677 0.199677
vt 0.700267 0.200267
vt 0.700511 0.250000
vt 0.699088 0.249167
vt 0.706169 0.192879
vt 0.699088 0.199088
vt 0.707184 0.194201
vt 0.700267 0.250833
vt 0.700267 0.249167
vt 0.706676 0.193540
vt 0.706169 0.250833
vt 0.714000 0.187646
vt 0.714833 0.189089
vt 0.706169 0.249167
vt 0.722447 0.183481
vt 0.714417 0.188368
vt 0.722766 0.184250
vt 0.731276 0.250000
vt 0.731581 0.181258
vt 0.723084 0.185020
vt 0.731796 0.249167
vt 0.740602 0.178616
vt 0.731365 0.180453
vt 0.740820 0.180268
vt 0.731796 0.182063
vt 0.731796 0.250833
vt 0.740711 0.179442
vt 0.740557 0.250000
vt 0.750000 0.178833
vt 0.750000 0.179666
vt 0.759398 0.178616
vt 0.750000 0.178000
vt 0.759180 0.180268
vt 0.759289 0.179442
vt 0.768635 0.180453
vt 0.768419 0.181258
vt 0.768635 0.249167
vt 0.768635 0.250833
vt 0.777234 0.184250
vt 0.768204 0.182063
vt 0.768114 0.250000
vt 0.777553 0.183481
vt 0.785583 0.188368
vt 0.785167 0.189089
vt 0.776916 0.185020
vt 0.793831 0.192879
vt 0.786000 0.187646
vt 0.793324 0.193540
vt 0.792816 0.250833
vt 0.792816 0.194201
vt 0.800912 0.199088
vt 0.799733 0.200267
vt 0.792816 0.249167
vt 0.800323 0.199677
vt 0.698844 0.250000
vt 0.807121 0.206169
vt 0.805799 0.207184
vt 0.700267 0.249167
vt 0.806460 0.206676
vt 0.812354 0.214000
vt 0.811632 0.214417
vt 0.810911 0.214833
vt 0.815750 0.222766
vt 0.814980 0.223084
vt 0.723216 0.250000
vt 0.722447 0.250833
vt 0.816519 0.222447
vt 0.818742 0.231581
vt 0.722447 0.249167
vt 0.821384 0.240602
vt 0.819547 0.231365
vt 0.820558 0.240711
vt 0.817937 0.231796
vt 0.740820 0.249167
vt 0.819732 0.240820
vt 0.740602 0.249167
vt 0.740602 0.250833
vt 0.740820 0.250833
vt 0.594498 0.177680
vt 0.390398 0.177680
vt 0.389672 0.500000
vt 0.393905 0.497521
vt 0.606095 0.502479
vt 0.700267 0.250833
vt 0.077855 0.319576
vt 0.014424 0.014424
vt 0.077855 0.014424
vt 0.060711 0.319576
vt 0.031568 0.014424
vt 0.060711 0.014424
vt 0.014424 0.181572
vt 0.077855 0.152428
vt 0.077855 0.181572
vt 0.031568 0.319576
vt 0.014424 0.319576
vt 0.014424 0.152428
vt 0.012445 0.150449
vt 0.012000 0.152428
vt 0.012445 0.012445
vt 0.014424 0.012000
vt 0.029588 0.012445
vt 0.029143 0.014424
vt 0.012445 0.321555
vt 0.012000 0.319576
vt 0.014424 0.150004
vt 0.029588 0.321555
vt 0.031568 0.322000
vt 0.012445 0.183551
vt 0.014424 0.183996
vt 0.062691 0.012445
vt 0.060711 0.012000
vt 0.012000 0.014424
vt 0.012000 0.181572
vt 0.014424 0.322000
vt 0.062691 0.321555
vt 0.063136 0.319576
vt 0.079834 0.150449
vt 0.077855 0.150004
vt 0.031568 0.012000
vt 0.079834 0.012445
vt 0.080279 0.014424
vt 0.080279 0.152428
vt 0.079834 0.321555
vt 0.077855 0.322000
vt 0.029143 0.319576
vt 0.079834 0.183551
vt 0.080279 0.181572
vt 0.077855 0.012000
vt 0.063136 0.014424
vt 0.077855 0.183996
vt 0.060711 0.322000
vt 0.080279 0.319576
vt 0.032860 0.986986
vt 0.028556 0.679014
vt 0.033676 0.679014
vt 0.048402 0.986986
vt 0.013014 0.679014
vt 0.049218 0.679014
vt 0.028556 0.850694
vt 0.032860 0.815306
vt 0.032860 0.851509
vt 0.013014 0.986986
vt 0.048402 0.679014
vt 0.012199 0.679014
vt 0.028556 0.986986
vt 0.032860 0.679014
vt 0.027741 0.679014
vt 0.033550 0.814447
vt 0.033875 0.815306
vt 0.028556 0.815306
vt 0.027687 0.851341
vt 0.028556 0.851509
vt 0.012325 0.678155
vt 0.049050 0.678145
vt 0.027542 0.679014
vt 0.027697 0.814617
vt 0.028556 0.814491
vt 0.049050 0.987854
vt 0.012291 0.987694
vt 0.027542 0.986986
vt 0.033609 0.851392
vt 0.032860 0.850694
vt 0.028556 0.678000
vt 0.033574 0.678160
vt 0.027808 0.851392
vt 0.032860 0.988000
vt 0.027843 0.987840
vt 0.049417 0.986986
vt 0.033729 0.814659
vt 0.032860 0.814491
vt 0.049050 0.678145
vt 0.012367 0.678145
vt 0.033729 0.851341
vt 0.013014 0.987722
vt 0.049050 0.987855
vt 0.033584 0.987694
vt 0.012000 0.679014
vt 0.012145 0.987633
vt 0.027848 0.814583
vt 0.032860 0.678000
vt 0.027909 0.678145
vt 0.028556 0.988000
vt 0.350770 0.521864
vt 0.485281 0.478136
vt 0.350971 0.478136
vt 0.622427 0.521864
vt 0.487917 0.478136
vt 0.622227 0.478136
vt 0.485281 0.521864
vt 0.350771 0.478136
vt 0.412206 0.521864
vt 0.560993 0.478136
vt 0.412049 0.478136
vt 0.560993 0.521864
vt 0.412205 0.478136
vt 0.561149 0.478136
vt 0.378849 0.437791
vt 0.485949 0.351826
vt 0.594349 0.437791
vt 0.487917 0.521864
vt 0.622428 0.478136
vt 0.485882 0.450780
vt 0.622227 0.521864
vt 0.487316 0.549220
vt 0.616739 0.548096
vt 0.559156 0.451925
vt 0.615094 0.426061
vt 0.594349 0.562209
vt 0.617983 0.575056
vt 0.414042 0.548075
vt 0.412049 0.521864
vt 0.613609 0.573099
vt 0.617983 0.424944
vt 0.487316 0.450780
vt 0.616739 0.451904
vt 0.485882 0.549220
vt 0.487316 0.349365
vt 0.486599 0.375581
vt 0.350971 0.521864
vt 0.356459 0.548096
vt 0.355319 0.424487
vt 0.414042 0.451925
vt 0.359589 0.573099
vt 0.355215 0.424944
vt 0.559156 0.548075
vt 0.561149 0.521864
vt 0.356459 0.451904
vt 0.487316 0.650635
vt 0.358394 0.573328
vt 0.486599 0.624418
vt 0.350277 0.521864
vt 0.485785 0.478136
vt 0.350302 0.478136
vt 0.622921 0.521864
vt 0.487412 0.478136
vt 0.622895 0.478136
vt 0.485785 0.521864
vt 0.350277 0.478136
vt 0.412686 0.521864
vt 0.560512 0.478136
vt 0.412049 0.478136
vt 0.560512 0.521864
vt 0.412686 0.478136
vt 0.561150 0.478136
vt 0.486813 0.351750
vt 0.487412 0.521864
vt 0.622921 0.478136
vt 0.616718 0.451899
vt 0.486113 0.451282
vt 0.615870 0.548306
vt 0.622896 0.521864
vt 0.486798 0.646543
vt 0.594349 0.562209
vt 0.617040 0.576474
vt 0.557977 0.451694
vt 0.614491 0.425128
vt 0.617279 0.575473
vt 0.413660 0.548001
vt 0.412049 0.521864
vt 0.617155 0.423985
vt 0.615870 0.451694
vt 0.615870 0.548306
vt 0.486842 0.548827
vt 0.356062 0.451999
vt 0.487294 0.451029
vt 0.356757 0.548168
vt 0.350302 0.521864
vt 0.356210 0.424201
vt 0.415222 0.451694
vt 0.356210 0.575799
vt 0.355490 0.424943
vt 0.557977 0.548306
vt 0.561150 0.521864
vt 0.356757 0.451832
vt 0.486181 0.647877
vt 0.378849 0.562209
vt 0.356480 0.548101
vt 0.486842 0.548827
vt 0.350771 0.521864
vt 0.486489 0.478136
vt 0.350972 0.478136
vt 0.622428 0.521864
vt 0.487916 0.478136
vt 0.622225 0.478136
vt 0.485281 0.521864
vt 0.350771 0.478136
vt 0.412206 0.521864
vt 0.560991 0.478136
vt 0.412049 0.478136
vt 0.560992 0.521864
vt 0.412207 0.478136
vt 0.561150 0.478136
vt 0.613374 0.427448
vt 0.487916 0.521864
vt 0.622921 0.478136
vt 0.617135 0.451999
vt 0.485590 0.451055
vt 0.485590 0.651203
vt 0.622226 0.521864
vt 0.487152 0.549008
vt 0.617274 0.547967
vt 0.557977 0.451695
vt 0.615455 0.426325
vt 0.617708 0.575058
vt 0.414041 0.548075
vt 0.412049 0.521864
vt 0.487152 0.450992
vt 0.617274 0.452033
vt 0.486621 0.549088
vt 0.486621 0.349092
vt 0.357812 0.426677
vt 0.487152 0.348927
vt 0.350972 0.521864
vt 0.355924 0.547967
vt 0.415221 0.451695
vt 0.557977 0.548305
vt 0.561150 0.521864
vt 0.355924 0.452033
vt 0.357812 0.573323
vt 0.487152 0.651073
vt 0.359244 0.572860
vt 0.350770 0.521864
vt 0.486489 0.478136
vt 0.350973 0.478136
vt 0.622427 0.521864
vt 0.487918 0.478136
vt 0.485280 0.521864
vt 0.412207 0.521864
vt 0.561148 0.478136
vt 0.487916 0.521864
vt 0.622921 0.478136
vt 0.616717 0.451898
vt 0.485907 0.451106
vt 0.617278 0.575474
vt 0.485907 0.651310
vt 0.487152 0.549008
vt 0.617274 0.547967
vt 0.615455 0.426325
vt 0.412050 0.521864
vt 0.615455 0.573675
vt 0.617982 0.424943
vt 0.487152 0.450992
vt 0.357812 0.426677
vt 0.487152 0.348927
vt 0.350973 0.521864
vt 0.355924 0.547967
vt 0.357278 0.451706
vt 0.357812 0.573323
vt 0.487152 0.651073
vt 0.359825 0.573863
vt 0.321653 0.690265
vt 0.012296 0.684268
vt 0.321294 0.684319
vt 0.176085 0.689840
vt 0.157915 0.684681
vt 0.175947 0.684264
vt 0.012398 0.696076
vt 0.321564 0.678422
vt 0.321209 0.696246
vt 0.157915 0.689840
vt 0.176085 0.684681
vt 0.158085 0.684256
vt 0.012296 0.690253
vt 0.321653 0.684256
vt 0.012706 0.684319
vt 0.321564 0.696099
vt 0.012398 0.678446
vt 0.012791 0.696246
vt 0.321704 0.690253
vt 0.012347 0.684256
vt 0.321294 0.684319
vt 0.157915 0.684681
vt 0.175915 0.684256
vt 0.012436 0.696099
vt 0.321602 0.678446
vt 0.321209 0.696246
vt 0.157915 0.689840
vt 0.176085 0.684681
vt 0.158053 0.684264
vt 0.012347 0.690265
vt 0.321704 0.684268
vt 0.012706 0.684319
vt 0.321602 0.696076
vt 0.012436 0.678422
vt 0.012791 0.696246
vt 0.049218 0.679014
vt 0.012199 0.679014
vt 0.027867 0.851553
vt 0.027542 0.850694
vt 0.027687 0.851341
vt 0.012367 0.678145
vt 0.049050 0.678145
vt 0.027741 0.986986
vt 0.027687 0.814659
vt 0.048402 0.987722
vt 0.012367 0.987855
vt 0.027833 0.987694
vt 0.049417 0.679014
vt 0.049271 0.987633
vt 0.033609 0.851392
vt 0.033574 0.678160
vt 0.049126 0.987694
vt 0.033875 0.679014
vt 0.033729 0.987633
vt 0.033729 0.814659
vt 0.049050 0.678145
vt 0.012367 0.678145
vt 0.033720 0.851384
vt 0.012367 0.987854
vt 0.033875 0.986986
vt 0.027808 0.814608
vt 0.027843 0.678160
vt 0.033609 0.814608
vt 0.033574 0.987840
vt 0.350771 0.521864
vt 0.350971 0.478136
vt 0.622428 0.521864
vt 0.487917 0.478136
vt 0.350770 0.478136
vt 0.412205 0.521864
vt 0.560992 0.478136
vt 0.560512 0.521864
vt 0.412205 0.478136
vt 0.485949 0.351826
vt 0.488712 0.521864
vt 0.622427 0.478136
vt 0.485882 0.450780
vt 0.615870 0.548306
vt 0.622896 0.521864
vt 0.486149 0.650820
vt 0.617040 0.576475
vt 0.559156 0.451925
vt 0.615094 0.426061
vt 0.617983 0.575056
vt 0.414042 0.548075
vt 0.617983 0.424944
vt 0.487316 0.450780
vt 0.616739 0.451904
vt 0.485881 0.549220
vt 0.487316 0.349365
vt 0.350971 0.521864
vt 0.356459 0.548096
vt 0.355319 0.424487
vt 0.414042 0.451925
vt 0.359589 0.573099
vt 0.355215 0.424944
vt 0.559156 0.548075
vt 0.356459 0.451904
vt 0.486149 0.549130
vt 0.358394 0.573328
vt 0.350277 0.521864
vt 0.485785 0.478136
vt 0.350302 0.478136
vt 0.622921 0.521864
vt 0.487412 0.478136
vt 0.622896 0.478136
vt 0.485785 0.521864
vt 0.350277 0.478136
vt 0.412686 0.521864
vt 0.560512 0.478136
vt 0.412686 0.478136
vt 0.485975 0.351570
vt 0.622921 0.478136
vt 0.615870 0.451694
vt 0.485904 0.451028
vt 0.615870 0.548306
vt 0.622895 0.521864
vt 0.486798 0.646544
vt 0.559538 0.451999
vt 0.614781 0.425526
vt 0.617155 0.576015
vt 0.413660 0.548001
vt 0.617155 0.423985
vt 0.616442 0.451832
vt 0.485904 0.548971
vt 0.356480 0.451899
vt 0.487085 0.451282
vt 0.357327 0.548305
vt 0.350302 0.521864
vt 0.356157 0.423526
vt 0.415222 0.451694
vt 0.356157 0.576474
vt 0.355920 0.424527
vt 0.557977 0.548306
vt 0.357327 0.451695
vt 0.485975 0.648430
vt 0.356480 0.548101
vt 0.486842 0.548827
vt 0.350771 0.521864
vt 0.485281 0.478136
vt 0.488711 0.478136
vt 0.485281 0.521864
vt 0.412206 0.521864
vt 0.560992 0.478136
vt 0.560992 0.521864
vt 0.412687 0.478136
vt 0.622428 0.478136
vt 0.486046 0.450992
vt 0.618048 0.574730
vt 0.486046 0.651073
vt 0.622226 0.521864
vt 0.486621 0.549088
vt 0.616738 0.548097
vt 0.557978 0.451695
vt 0.614490 0.425128
vt 0.415221 0.548305
vt 0.615093 0.573939
vt 0.618048 0.425271
vt 0.615869 0.451694
vt 0.486046 0.549008
vt 0.486046 0.348927
vt 0.485590 0.451055
vt 0.357812 0.426677
vt 0.485590 0.348797
vt 0.350972 0.521864
vt 0.557977 0.548305
vt 0.357812 0.573323
vt 0.486621 0.650908
vt 0.485280 0.478136
vt 0.350973 0.478136
vt 0.622427 0.521864
vt 0.488712 0.478136
vt 0.485280 0.521864
vt 0.350770 0.478136
vt 0.412207 0.521864
vt 0.560991 0.478136
vt 0.560992 0.521864
vt 0.487918 0.521864
vt 0.622427 0.478136
vt 0.486046 0.450992
vt 0.618048 0.574729
vt 0.486046 0.651073
vt 0.616738 0.548097
vt 0.557977 0.451695
vt 0.614780 0.425525
vt 0.415221 0.548305
vt 0.615093 0.573939
vt 0.618048 0.425272
vt 0.616441 0.451832
vt 0.486046 0.549008
vt 0.486046 0.348927
vt 0.485907 0.451106
vt 0.357812 0.426677
vt 0.485907 0.348690
vt 0.350973 0.521864
vt 0.357278 0.548293
vt 0.415221 0.451695
vt 0.355924 0.452033
vt 0.357812 0.573323
vt 0.359245 0.572860
vt 0.012296 0.684268
vt 0.176085 0.689840
vt 0.157915 0.684681
vt 0.012398 0.696076
vt 0.321564 0.678422
vt 0.321209 0.696246
vt 0.176085 0.684681
vt 0.158085 0.684256
vt 0.012296 0.690253
vt 0.321653 0.684256
vt 0.012706 0.684319
vt 0.321564 0.696099
vt 0.012398 0.678446
vt 0.012791 0.696246
vt 0.012347 0.684256
vt 0.176085 0.689840
vt 0.175915 0.684256
vt 0.012436 0.696099
vt 0.321602 0.678446
vt 0.321209 0.696246
vt 0.157915 0.689840
vt 0.158053 0.684264
vt 0.012347 0.690265
vt 0.321704 0.684268
vt 0.321602 0.696076
vt 0.012436 0.678422
vt 0.012791 0.696246
vt 0.531855 0.173925
vt 0.468145 0.160075
vt 0.531855 0.160075
vt 0.653041 0.173925
vt 0.346959 0.160075
vt 0.653041 0.160075
vt 0.468145 0.320041
vt 0.531855 0.013959
vt 0.531855 0.320041
vt 0.346959 0.173925
vt 0.468145 0.173925
vt 0.468145 0.013959
vt 0.466546 0.012359
vt 0.466187 0.013959
vt 0.466546 0.158476
vt 0.468145 0.158116
vt 0.345359 0.158476
vt 0.345000 0.160075
vt 0.466546 0.175524
vt 0.466187 0.173925
vt 0.468145 0.012000
vt 0.345359 0.175524
vt 0.346959 0.175884
vt 0.466546 0.321641
vt 0.468145 0.322000
vt 0.654641 0.158476
vt 0.653041 0.158116
vt 0.466187 0.160075
vt 0.466187 0.320041
vt 0.468145 0.175884
vt 0.654641 0.175524
vt 0.655000 0.173925
vt 0.533454 0.012359
vt 0.531855 0.012000
vt 0.346959 0.158116
vt 0.533454 0.158476
vt 0.533813 0.160075
vt 0.533813 0.013959
vt 0.533454 0.175524
vt 0.531855 0.175884
vt 0.345000 0.173925
vt 0.533454 0.321641
vt 0.533813 0.320041
vt 0.531855 0.158116
vt 0.655000 0.160075
vt 0.531855 0.322000
vt 0.653041 0.175884
vt 0.533813 0.173925
vt 0.169072 0.837662
vt 0.164928 0.828338
vt 0.169072 0.828338
vt 0.321023 0.837662
vt 0.012977 0.828338
vt 0.321023 0.828338
vt 0.164928 0.987023
vt 0.169072 0.678977
vt 0.169072 0.987808
vt 0.012977 0.837662
vt 0.164928 0.837662
vt 0.164928 0.678977
vt 0.164130 0.678179
vt 0.163951 0.678977
vt 0.164091 0.827715
vt 0.164928 0.827361
vt 0.012140 0.838285
vt 0.012977 0.838639
vt 0.321860 0.827715
vt 0.321023 0.827361
vt 0.164130 0.987821
vt 0.163951 0.987023
vt 0.164091 0.838285
vt 0.164928 0.838639
vt 0.012140 0.827715
vt 0.012977 0.827361
vt 0.169870 0.678179
vt 0.170049 0.678977
vt 0.169909 0.838285
vt 0.169072 0.838639
vt 0.169072 0.987023
vt 0.169870 0.987821
vt 0.170049 0.987023
vt 0.169909 0.827715
vt 0.169072 0.827361
vt 0.321860 0.838285
vt 0.321023 0.838639
vt 0.164928 0.987808
vt 0.012140 0.827715
vt 0.164928 0.678192
vt 0.169072 0.988000
vt 0.164928 0.988000
vt 0.169072 0.678192
vt 0.012140 0.838285
vt 0.164928 0.678000
vt 0.169072 0.678000
vt 0.599564 0.315131
vt 0.351869 0.018869
vt 0.599564 0.018869
vt 0.570423 0.315131
vt 0.381009 0.018869
vt 0.570423 0.018869
vt 0.351869 0.261707
vt 0.599564 0.072293
vt 0.599564 0.261707
vt 0.381009 0.315131
vt 0.351869 0.315131
vt 0.351869 0.072293
vt 0.346260 0.066685
vt 0.345000 0.072293
vt 0.346260 0.013260
vt 0.351869 0.012000
vt 0.375401 0.013260
vt 0.374141 0.018869
vt 0.346260 0.320740
vt 0.345000 0.315131
vt 0.351869 0.065424
vt 0.375401 0.320740
vt 0.381009 0.322000
vt 0.346260 0.267315
vt 0.351869 0.268576
vt 0.576031 0.013260
vt 0.570423 0.012000
vt 0.345000 0.018869
vt 0.345000 0.261707
vt 0.351869 0.322000
vt 0.576031 0.320740
vt 0.577292 0.315131
vt 0.605172 0.066685
vt 0.599564 0.065424
vt 0.381009 0.012000
vt 0.605172 0.013260
vt 0.606432 0.018869
vt 0.606432 0.072293
vt 0.605172 0.320740
vt 0.599564 0.322000
vt 0.374141 0.315131
vt 0.605172 0.267315
vt 0.606432 0.261707
vt 0.599564 0.012000
vt 0.577292 0.018869
vt 0.599564 0.268576
vt 0.570423 0.322000
vt 0.606432 0.315131
vt 0.319921 0.980039
vt 0.014079 0.680079
vt 0.321591 0.680079
vt 0.171411 0.980039
vt 0.161523 0.678648
vt 0.173082 0.680079
vt 0.014079 0.834470
vt 0.319921 0.825648
vt 0.321430 0.834470
vt 0.162589 0.980039
vt 0.171411 0.680079
vt 0.160918 0.680079
vt 0.014079 0.980039
vt 0.319921 0.680079
vt 0.012666 0.836232
vt 0.012000 0.834470
vt 0.321334 0.823886
vt 0.322000 0.825648
vt 0.173208 0.981295
vt 0.171411 0.982118
vt 0.014079 0.825648
vt 0.012318 0.835884
vt 0.014079 0.836141
vt 0.161262 0.678298
vt 0.172894 0.678627
vt 0.012000 0.680079
vt 0.012318 0.824235
vt 0.014079 0.823977
vt 0.171411 0.981549
vt 0.161106 0.981492
vt 0.012597 0.981492
vt 0.173193 0.981365
vt 0.321373 0.835953
vt 0.319921 0.834470
vt 0.014079 0.678000
vt 0.321247 0.678298
vt 0.321337 0.981357
vt 0.321702 0.824322
vt 0.319921 0.823977
vt 0.162589 0.981549
vt 0.321403 0.981492
vt 0.160509 0.680079
vt 0.160808 0.981365
vt 0.012545 0.824217
vt 0.319921 0.678000
vt 0.012617 0.678329
vt 0.014079 0.982118
vt 0.650673 0.260310
vt 0.349327 0.016327
vt 0.654150 0.016327
vt 0.509178 0.260310
vt 0.490822 0.016327
vt 0.512654 0.016327
vt 0.349327 0.147497
vt 0.650673 0.129140
vt 0.650673 0.150973
vt 0.490822 0.260310
vt 0.509178 0.016327
vt 0.487346 0.016327
vt 0.349327 0.260310
vt 0.650673 0.016327
vt 0.345850 0.016327
vt 0.345794 0.012794
vt 0.349327 0.012000
vt 0.345794 0.263843
vt 0.349327 0.264637
vt 0.653433 0.125434
vt 0.655000 0.129140
vt 0.650673 0.147497
vt 0.653433 0.151203
vt 0.655000 0.147497
vt 0.349327 0.129140
vt 0.345620 0.150257
vt 0.349327 0.150973
vt 0.488062 0.012620
vt 0.511938 0.012620
vt 0.345850 0.260310
vt 0.345000 0.016327
vt 0.345620 0.126380
vt 0.349327 0.125664
vt 0.511938 0.264017
vt 0.488062 0.264017
vt 0.345000 0.260310
vt 0.653433 0.012620
vt 0.349327 0.151823
vt 0.650673 0.264637
vt 0.513505 0.260310
vt 0.654380 0.126380
vt 0.650673 0.125664
vt 0.509178 0.012000
vt 0.488062 0.012620
vt 0.654380 0.150257
vt 0.490822 0.264637
vt 0.511938 0.264017
vt 0.655000 0.260310
vt 0.349327 0.124814
vt 0.650673 0.012000
vt 0.653433 0.264017
vt 0.321630 0.259350
vt 0.012370 0.012455
vt 0.321626 0.012430
vt 0.170473 0.258897
vt 0.163794 0.012395
vt 0.170291 0.012455
vt 0.012425 0.139088
vt 0.321535 0.132692
vt 0.321156 0.139269
vt 0.163790 0.259341
vt 0.170473 0.012908
vt 0.163674 0.012463
vt 0.012315 0.259338
vt 0.321685 0.012468
vt 0.012753 0.012522
vt 0.321575 0.139088
vt 0.012465 0.132692
vt 0.012844 0.139269
vt 0.246250 0.007500
vt 0.003750 0.492500
vt 0.003750 0.007500
vt 0.391835 0.552111
vt 0.499881 0.446935
vt 0.391887 0.447889
vt 0.499984 0.552730
vt 0.391835 0.447888
vt 0.500118 0.446889
vt 0.607894 0.552339
vt 0.500121 0.446935
vt 0.607890 0.447831
vt 0.499881 0.553066
vt 0.393450 0.447606
vt 0.393451 0.552396
vt 0.500066 0.446827
vt 0.499934 0.553171
vt 0.607941 0.447832
vt 0.606427 0.552611
vt 0.606663 0.447635
vt 0.348122 0.499823
vt 0.500001 0.347848
vt 0.651763 0.500193
vt 0.499917 0.552699
vt 0.348119 0.500176
vt 0.651863 0.500001
vt 0.500001 0.347848
vt 0.391980 0.552642
vt 0.499660 0.447129
vt 0.391887 0.447887
vt 0.499819 0.552947
vt 0.392315 0.447476
vt 0.500284 0.447420
vt 0.607942 0.552168
vt 0.500232 0.447148
vt 0.608199 0.447629
vt 0.500062 0.553127
vt 0.393584 0.447267
vt 0.393490 0.552709
vt 0.500062 0.446873
vt 0.499926 0.552644
vt 0.607941 0.447831
vt 0.606432 0.552729
vt 0.606382 0.447026
vt 0.348129 0.499819
vt 0.500183 0.347831
vt 0.651870 0.499852
vt 0.500233 0.552800
vt 0.500192 0.348237
vt 0.347831 0.500183
vt 0.499699 0.651875
vt 0.392371 0.552247
vt 0.499881 0.446935
vt 0.391918 0.447881
vt 0.500039 0.553090
vt 0.391835 0.447888
vt 0.500118 0.446889
vt 0.607686 0.552523
vt 0.500395 0.447176
vt 0.607890 0.447831
vt 0.500068 0.552582
vt 0.393584 0.447267
vt 0.393498 0.552592
vt 0.499882 0.446889
vt 0.500116 0.553111
vt 0.607631 0.447753
vt 0.606138 0.552685
vt 0.606663 0.447635
vt 0.348137 0.500000
vt 0.500186 0.347824
vt 0.651759 0.500146
vt 0.500024 0.552680
vt 0.348137 0.499998
vt 0.651864 0.500001
vt 0.500368 0.347844
vt 0.391980 0.552642
vt 0.499984 0.447270
vt 0.392635 0.447189
vt 0.499769 0.552852
vt 0.392037 0.447547
vt 0.500252 0.447519
vt 0.607630 0.552248
vt 0.500396 0.447124
vt 0.607878 0.447548
vt 0.500035 0.553044
vt 0.393943 0.446944
vt 0.393568 0.552728
vt 0.500037 0.447518
vt 0.499926 0.552644
vt 0.607983 0.447348
vt 0.606414 0.552734
vt 0.606139 0.447315
vt 0.348128 0.499819
vt 0.500151 0.347953
vt 0.651762 0.499809
vt 0.500394 0.552824
vt 0.500355 0.348141
vt 0.347923 0.500150
vt 0.500192 0.651763
vt 0.654712 0.427419
vt 0.345288 0.345297
vt 0.654761 0.345275
vt 0.502053 0.427419
vt 0.497950 0.345252
vt 0.502127 0.345296
vt 0.345297 0.388411
vt 0.654787 0.384312
vt 0.654705 0.388485
vt 0.497950 0.427464
vt 0.502050 0.345252
vt 0.497949 0.345253
vt 0.345237 0.427425
vt 0.654763 0.345291
vt 0.345239 0.345275
vt 0.654703 0.388411
vt 0.345213 0.384312
vt 0.345252 0.388404
vt 0.321591 0.680079
vt 0.162589 0.680079
vt 0.173082 0.680079
vt 0.321430 0.834470
vt 0.172477 0.678648
vt 0.160918 0.680079
vt 0.012409 0.680079
vt 0.321334 0.823886
vt 0.173208 0.981295
vt 0.012298 0.835797
vt 0.014079 0.836141
vt 0.012318 0.824235
vt 0.014079 0.823977
vt 0.172738 0.981820
vt 0.161106 0.981492
vt 0.012000 0.980039
vt 0.321373 0.835953
vt 0.012545 0.835901
vt 0.321337 0.981357
vt 0.012617 0.981790
vt 0.172825 0.678318
vt 0.161339 0.678281
vt 0.162589 0.981549
vt 0.321403 0.981492
vt 0.160808 0.981366
vt 0.321295 0.824337
vt 0.012627 0.824165
vt 0.012753 0.678298
vt 0.512655 0.016327
vt 0.650673 0.150973
vt 0.487346 0.016327
vt 0.345620 0.150257
vt 0.349327 0.150973
vt 0.488062 0.012620
vt 0.511938 0.012620
vt 0.345620 0.126380
vt 0.349327 0.125664
vt 0.511938 0.264017
vt 0.488062 0.264017
vt 0.653433 0.012620
vt 0.654380 0.126380
vt 0.650673 0.125664
vt 0.488062 0.012620
vt 0.654380 0.150257
vt 0.511938 0.264017
vt 0.321685 0.259338
vt 0.012315 0.012468
vt 0.321247 0.012522
vt 0.170206 0.259411
vt 0.163527 0.012908
vt 0.170326 0.012463
vt 0.012333 0.139102
vt 0.321575 0.132718
vt 0.321605 0.139102
vt 0.163527 0.258897
vt 0.170206 0.012395
vt 0.163709 0.012455
vt 0.012450 0.259341
vt 0.321630 0.012455
vt 0.012374 0.012430
vt 0.321535 0.139113
vt 0.012425 0.132718
vt 0.012395 0.139102
vt 0.391835 0.552112
vt 0.499881 0.446935
vt 0.391887 0.447887
vt 0.500065 0.553173
vt 0.391981 0.447356
vt 0.500232 0.447148
vt 0.607942 0.552168
vt 0.499917 0.447301
vt 0.607643 0.447258
vt 0.499881 0.553065
vt 0.393451 0.447606
vt 0.393451 0.552394
vt 0.500067 0.446829
vt 0.499934 0.553173
vt 0.607940 0.447831
vt 0.606663 0.552366
vt 0.606549 0.447606
vt 0.348119 0.499824
vt 0.500001 0.347848
vt 0.651881 0.500176
vt 0.500121 0.553065
vt 0.348122 0.500177
vt 0.651763 0.500193
vt 0.499687 0.347827
vt 0.391836 0.552112
vt 0.499883 0.446888
vt 0.392122 0.447548
vt 0.499718 0.552644
vt 0.392059 0.447831
vt 0.500073 0.447228
vt 0.608020 0.552644
vt 0.500232 0.447148
vt 0.608113 0.447888
vt 0.500036 0.552482
vt 0.393701 0.447007
vt 0.393590 0.552616
vt 0.500069 0.447419
vt 0.499934 0.553173
vt 0.608086 0.447578
vt 0.606434 0.552728
vt 0.606428 0.447389
vt 0.348119 0.499824
vt 0.500149 0.347923
vt 0.651872 0.499821
vt 0.500274 0.553045
vt 0.500192 0.348237
vt 0.347824 0.500188
vt 0.500000 0.651862
vt 0.392074 0.552462
vt 0.500068 0.447418
vt 0.391924 0.447690
vt 0.499882 0.553111
vt 0.392426 0.447580
vt 0.499961 0.446910
vt 0.607942 0.552168
vt 0.500024 0.447321
vt 0.607918 0.447650
vt 0.499881 0.553065
vt 0.393726 0.447536
vt 0.393450 0.552394
vt 0.499884 0.446889
vt 0.500115 0.553111
vt 0.607893 0.447660
vt 0.606550 0.552395
vt 0.606433 0.447272
vt 0.348137 0.499999
vt 0.651863 0.499999
vt 0.500395 0.552824
vt 0.348137 0.500000
vt 0.651759 0.499854
vt 0.499800 0.347941
vt 0.392645 0.552812
vt 0.500039 0.446909
vt 0.391802 0.447629
vt 0.499751 0.552543
vt 0.391835 0.447888
vt 0.500023 0.447321
vt 0.607358 0.552812
vt 0.500396 0.447121
vt 0.607888 0.447831
vt 0.393701 0.447005
vt 0.393943 0.553056
vt 0.500069 0.447419
vt 0.499959 0.552544
vt 0.607685 0.447477
vt 0.606415 0.552733
vt 0.606138 0.447315
vt 0.348230 0.499856
vt 0.651772 0.499860
vt 0.500395 0.552824
vt 0.500354 0.348141
vt 0.500146 0.651759
vt 0.654763 0.427425
vt 0.345237 0.345291
vt 0.654710 0.345229
vt 0.502050 0.427464
vt 0.497947 0.345297
vt 0.502051 0.345253
vt 0.345213 0.388404
vt 0.654703 0.384305
vt 0.654748 0.388404
vt 0.497950 0.427464
vt 0.502050 0.345252
vt 0.497873 0.345296
vt 0.345288 0.427419
vt 0.654712 0.345297
vt 0.345239 0.345275
vt 0.654787 0.388404
vt 0.345297 0.384305
vt 0.345252 0.388404
vt 0.484296 0.317065
vt 0.349935 0.016935
vt 0.484296 0.016935
vt 0.474698 0.317065
vt 0.359533 0.016935
vt 0.474698 0.016935
vt 0.349935 0.224583
vt 0.484296 0.109417
vt 0.484296 0.224583
vt 0.359533 0.317065
vt 0.349935 0.317065
vt 0.349935 0.109417
vt 0.345906 0.105387
vt 0.345000 0.109417
vt 0.345906 0.012906
vt 0.349935 0.012000
vt 0.355503 0.012906
vt 0.354597 0.016935
vt 0.345906 0.321094
vt 0.345000 0.317065
vt 0.349935 0.104482
vt 0.355503 0.321094
vt 0.359533 0.322000
vt 0.345906 0.228613
vt 0.349935 0.229518
vt 0.478728 0.012906
vt 0.474698 0.012000
vt 0.345000 0.016935
vt 0.345000 0.224583
vt 0.349935 0.322000
vt 0.478728 0.321094
vt 0.479634 0.317065
vt 0.488325 0.105387
vt 0.484296 0.104482
vt 0.359533 0.012000
vt 0.488325 0.012906
vt 0.489231 0.016935
vt 0.489231 0.109417
vt 0.488325 0.321094
vt 0.484296 0.322000
vt 0.354597 0.317065
vt 0.488325 0.228613
vt 0.489231 0.224583
vt 0.484296 0.012000
vt 0.479634 0.016935
vt 0.484296 0.229518
vt 0.474698 0.322000
vt 0.489231 0.317065
vt 0.023639 0.321494
vt 0.030987 0.012506
vt 0.023625 0.012595
vt 0.044561 0.321502
vt 0.038325 0.012449
vt 0.044563 0.012506
vt 0.038325 0.321551
vt 0.030987 0.014003
vt 0.030987 0.321405
vt 0.023648 0.012449
vt 0.023648 0.321551
vt 0.017383 0.012595
vt 0.044563 0.321494
vt 0.038325 0.012449
vt 0.044590 0.012595
vt 0.038334 0.321494
vt 0.030987 0.012595
vt 0.030987 0.321494
vt 0.023648 0.012449
vt 0.023639 0.321494
vt 0.017383 0.012595
vt 0.017384 0.321405
vt 0.023639 0.012506
vt 0.023648 0.321551
vt 0.030987 0.012449
vt 0.038333 0.012498
vt 0.038577 0.319997
vt 0.044561 0.012498
vt 0.017410 0.321494
vt 0.017412 0.012498
vt 0.038333 0.321502
vt 0.038334 0.012506
vt 0.047931 0.167000
vt 0.044805 0.176233
vt 0.021754 0.153182
vt 0.038253 0.184541
vt 0.034842 0.183177
vt 0.030987 0.185987
vt 0.044412 0.180426
vt 0.034229 0.183299
vt 0.048528 0.174266
vt 0.044805 0.176233
vt 0.049541 0.167000
vt 0.049974 0.167000
vt 0.030987 0.012000
vt 0.048528 0.159734
vt 0.044805 0.157767
vt 0.044412 0.153574
vt 0.038253 0.149458
vt 0.044457 0.157248
vt 0.034842 0.150823
vt 0.030987 0.148013
vt 0.023721 0.149458
vt 0.033615 0.150579
vt 0.017561 0.153574
vt 0.013445 0.159734
vt 0.021234 0.153529
vt 0.014688 0.163758
vt 0.012000 0.167000
vt 0.014899 0.167059
vt 0.038253 0.322000
vt 0.013445 0.174266
vt 0.021754 0.180818
vt 0.013701 0.174160
vt 0.021234 0.180470
vt 0.017561 0.180426
vt 0.023721 0.184541
vt 0.439391 0.579189
vt 0.500000 0.420811
vt 0.440300 0.415186
vt 0.610195 0.585201
vt 0.559605 0.414603
vt 0.611990 0.420811
vt 0.560609 0.579189
vt 0.500000 0.584814
vt 0.439391 0.420811
vt 0.388010 0.420811
vt 0.610136 0.585397
vt 0.559642 0.414830
vt 0.500000 0.579189
vt 0.389864 0.585397
vt 0.440363 0.414799
vt 0.500000 0.584814
vt 0.560609 0.420811
vt 0.389796 0.585170
vt 0.396166 0.396166
vt 0.603834 0.396166
vt 0.603834 0.603834
vt 0.500000 0.585170
vt 0.559316 0.412812
vt 0.500000 0.412812
vt 0.559316 0.587188
vt 0.609602 0.412812
vt 0.558893 0.642179
vt 0.643201 0.559316
vt 0.653894 0.500000
vt 0.635666 0.556195
vt 0.641997 0.558817
vt 0.646844 0.500000
vt 0.440684 0.587188
vt 0.390398 0.412812
vt 0.440684 0.412812
vt 0.609602 0.390398
vt 0.642179 0.441107
vt 0.500000 0.346303
vt 0.556195 0.364334
vt 0.559316 0.356799
vt 0.500000 0.587188
vt 0.390398 0.390398
vt 0.441107 0.357821
vt 0.356799 0.440684
vt 0.346106 0.500000
vt 0.364334 0.443805
vt 0.358003 0.441183
vt 0.353156 0.500000
vt 0.358003 0.558817
vt 0.396166 0.603834
vt 0.390398 0.609602
vt 0.500000 0.653894
vt 0.443805 0.635666
vt 0.441183 0.641997
vt 0.500000 0.646844
vt 0.869991 0.833000
vt 0.847455 0.860126
vt 0.833000 0.833000
vt 0.959391 0.846159
vt 0.927568 0.865861
vt 0.932441 0.821403
vt 0.865861 0.860126
vt 0.842959 0.833000
vt 0.821403 0.860126
vt 0.927625 0.865697
vt 0.959561 0.844656
vt 0.933748 0.833000
vt 0.833000 0.805874
vt 0.900252 0.860126
vt 0.972650 0.900252
vt 0.986371 0.847455
vt 0.940593 0.900605
vt 0.879426 0.833000
vt 0.933523 0.908619
vt 0.977347 0.886831
vt 0.936646 0.833000
vt 0.905127 0.833000
vt 0.903792 0.903791
vt 0.895815 0.805874
vt 0.865697 0.805874
vt 0.903791 0.903792
vt 0.886831 0.805874
vt 0.941912 0.941913
vt 0.899694 0.941166
vt 0.903792 0.860126
vt 0.881857 0.833000
vt 0.902983 0.833000
vt 0.903791 0.805874
vt 0.936646 0.833000
vt 0.886830 0.860126
vt 0.941912 0.860126
vt 0.886830 0.977347
vt 0.867438 0.860126
vt 0.862368 0.955069
vt 0.939696 0.944129
vt 0.939696 0.805874
vt 0.905127 0.833000
vt 0.852918 0.833000
vt 0.866066 0.805874
vt 0.818272 0.860126
vt 0.818272 0.986341
vt 0.845723 0.959440
vt 0.833000 0.860126
vt 0.823815 0.805874
vt 0.823815 0.932713
vt 0.866066 0.927496
vt 0.817979 0.805874
vt 0.883305 0.805874
vt 0.778612 0.946208
vt 0.833000 0.933748
vt 0.780203 0.947210
vt 0.817979 0.986308
vt 0.796009 0.833000
vt 0.765748 0.860126
vt 0.821241 0.833000
vt 0.779736 0.805874
vt 0.779736 0.917769
vt 0.752948 0.805874
vt 0.729354 0.833000
vt 0.760873 0.833000
vt 0.770185 0.860126
vt 0.794162 0.833000
vt 0.799566 0.860126
vt 0.777190 0.833000
vt 0.939927 0.860126
vt 0.962969 0.833000
vt 0.722102 0.939927
vt 0.725407 0.900605
vt 0.725407 0.900605
vt 0.752948 0.964607
vt 0.929641 0.805874
vt 0.954184 0.805874
vt 0.693350 0.900252
vt 0.903639 0.860126
vt 0.871838 0.833000
vt 0.896646 0.833000
vt 0.884719 0.805874
vt 0.687816 0.884437
vt 0.711816 0.929641
vt 0.900252 0.860126
vt 0.679693 0.848021
vt 0.707338 0.834984
vt 0.738504 0.866065
vt 0.866065 0.860126
vt 0.844759 0.833000
vt 0.734778 0.855419
vt 0.747260 0.884719
vt 0.848021 0.860126
vt 0.732252 0.833000
vt 0.706440 0.844657
vt 0.679943 0.815755
vt 0.815755 0.805874
vt 0.884437 0.805874
vt 0.796009 0.833000
vt 0.688357 0.780016
vt 0.805331 0.833000
vt 0.821402 0.805874
vt 0.760873 0.833000
vt 0.780016 0.860126
vt 0.732477 0.757380
vt 0.739177 0.798011
vt 0.789287 0.805874
vt 0.729354 0.833000
vt 0.724087 0.724088
vt 0.798011 0.860126
vt 0.748676 0.805874
vt 0.703031 0.833000
vt 0.724088 0.860126
vt 0.721379 0.775299
vt 0.750546 0.702902
vt 0.704077 0.748676
vt 0.736359 0.860126
vt 0.791032 0.713061
vt 0.762484 0.761933
vt 0.798212 0.860126
vt 0.785676 0.833000
vt 0.789287 0.805874
vt 0.770185 0.805874
vt 0.789287 0.742229
vt 0.767585 0.724030
vt 0.762208 0.762209
vt 0.815755 0.679943
vt 0.765748 0.693350
vt 0.813082 0.833000
vt 0.823235 0.733352
vt 0.798509 0.681886
vt 0.798509 0.805874
vt 0.778440 0.833000
vt 0.750546 0.805874
vt 0.815755 0.860126
vt 0.833000 0.732252
vt 0.798212 0.739106
vt 0.832911 0.707104
vt 0.850245 0.679943
vt 0.867491 0.860126
vt 0.848732 0.706899
vt 0.866066 0.738504
vt 0.855419 0.734778
vt 0.867491 0.681886
vt 0.900605 0.725407
vt 0.880962 0.833000
vt 0.855419 0.805874
vt 0.844013 0.833000
vt 0.898414 0.724030
vt 0.900252 0.805874
vt 0.850245 0.805874
vt 0.936646 0.833000
vt 0.917601 0.860126
vt 0.902762 0.860126
vt 0.866066 0.860126
vt 0.939695 0.721870
vt 0.900252 0.693350
vt 0.939695 0.805874
vt 0.962968 0.833000
vt 0.917601 0.704251
vt 0.945487 0.776626
vt 0.911768 0.805874
vt 0.886595 0.805874
vt 0.886595 0.748439
vt 0.944746 0.775242
vt 0.760873 0.833000
vt 0.736359 0.860126
vt 0.729353 0.833000
vt 0.978382 0.782128
vt 0.954184 0.736359
vt 0.789287 0.860126
vt 0.977546 0.779738
vt 0.779738 0.805874
vt 0.736359 0.805874
vt 0.796009 0.833000
vt 0.782128 0.860126
vt 0.923771 0.789287
vt 0.801857 0.805874
vt 0.928169 0.801857
vt 0.884185 0.860126
vt 0.816351 0.860126
vt 0.928169 0.864142
vt 0.864142 0.860126
vt 0.841906 0.833000
vt 0.867491 0.805874
vt 0.813531 0.805874
vt 0.932616 0.909632
vt 0.940593 0.900605
vt 0.984114 0.867491
vt 0.912569 0.805874
vt 0.887560 0.833000
vt 0.903791 0.903791
vt 0.895815 0.860126
vt 0.911768 0.895815
vt 0.885033 0.918543
vt 0.929641 0.954184
vt 0.964911 0.912569
vt 0.883871 0.860126
vt 0.941488 0.860126
vt 0.941488 0.942337
vt 0.874968 0.952939
vt 0.903791 0.860126
vt 0.864087 0.833000
vt 0.895896 0.833000
vt 0.885033 0.805874
vt 0.855419 0.931222
vt 0.898415 0.941970
vt 0.815755 0.986057
vt 0.883871 0.978382
vt 0.864343 0.928099
vt 0.864343 0.860126
vt 0.804333 0.833000
vt 0.821790 0.805874
vt 0.751053 0.860126
vt 0.815755 0.860126
vt 0.764483 0.940020
vt 0.817268 0.959101
vt 0.831015 0.958807
vt 0.821790 0.932485
vt 0.766677 0.941399
vt 0.701393 0.913052
vt 0.751053 0.963417
vt 0.949807 0.833000
vt 0.913052 0.860126
vt 0.724601 0.899323
vt 0.681886 0.798509
vt 0.798509 0.860126
vt 0.748676 0.860126
vt 0.750546 0.702902
vt 0.704077 0.748676
vt 0.721254 0.775242
vt 0.790017 0.713416
vt 0.789287 0.860126
vt 0.815755 0.860126
vt 0.750546 0.860126
vt 0.815755 0.679943
vt 0.813238 0.680227
vt 0.813238 0.805874
vt 0.845723 0.706560
vt 0.823603 0.733311
vt 0.866066 0.738504
vt 0.866065 0.738504
vt 0.851495 0.833000
vt 0.886522 0.860126
vt 0.886522 0.688545
vt 0.898415 0.724031
vt 0.929641 0.711816
vt 0.895815 0.860126
vt 0.881857 0.833000
vt 0.866066 0.860126
vt 0.903944 0.805874
vt 0.866065 0.805874
vt 0.929641 0.860126
vt 0.944746 0.775242
vt 0.895815 0.754232
vt 0.911768 0.860126
vt 0.903944 0.762361
vt 0.915455 0.702902
vt 0.954184 0.805874
vt 0.915455 0.805874
vt 0.753708 0.860126
vt 0.917769 0.779736
vt 0.779736 0.860126
vt 0.749159 0.805874
vt 0.986124 0.816351
vt 0.985806 0.813531
vt 0.952939 0.874969
vt 0.955420 0.804938
vt 0.956245 0.808518
vt 0.932648 0.823236
vt 0.985742 0.812964
vt 0.812964 0.805874
vt 0.922852 0.922852
vt 0.944746 0.890758
vt 0.860830 0.955473
vt 0.884719 0.918740
vt 0.884719 0.860126
vt 0.844759 0.833000
vt 0.823235 0.805874
vt 0.865697 0.927625
vt 0.820277 0.959440
vt 0.885797 0.947210
vt 0.818272 0.986341
vt 0.883871 0.978382
vt 0.818272 0.805874
vt 0.883871 0.805874
vt 0.821790 0.860126
vt 0.781461 0.918853
vt 0.781461 0.860126
vt 0.779553 0.805874
vt 0.823235 0.932647
vt 0.767585 0.941969
vt 0.754232 0.895815
vt 0.911768 0.860126
vt 0.779553 0.917654
vt 0.864087 0.833000
vt 0.706609 0.846158
vt 0.737831 0.864142
vt 0.864142 0.860126
vt 0.688455 0.779738
vt 0.821402 0.860126
vt 0.779738 0.860126
vt 0.789287 0.860126
vt 0.723664 0.860126
vt 0.779478 0.860126
vt 0.831015 0.707193
vt 0.766677 0.724601
vt 0.779478 0.688545
vt 0.881221 0.805874
vt 0.910215 0.733824
vt 0.911138 0.734795
vt 0.881221 0.686691
vt 0.943495 0.725670
vt 0.903791 0.805874
vt 0.943495 0.860126
vt 0.902762 0.761180
vt 0.903791 0.762208
vt 0.972650 0.765748
vt 0.765748 0.805874
vt 0.789287 0.805874
vt 0.823236 0.805874
vt 0.208631 0.315973
vt 0.017837 0.018028
vt 0.199260 0.014485
vt 0.208631 0.315973
vt 0.017837 0.018028
vt 0.199260 0.016166
vt 0.014929 0.253026
vt 0.211538 0.080974
vt 0.199260 0.265246
vt 0.017837 0.315973
vt 0.208631 0.018028
vt 0.027207 0.016166
vt 0.017836 0.315973
vt 0.208631 0.018028
vt 0.027207 0.014485
vt 0.014929 0.080974
vt 0.014323 0.263362
vt 0.027207 0.265245
vt 0.014323 0.070638
vt 0.027207 0.068754
vt 0.199260 0.317835
vt 0.212287 0.316493
vt 0.209596 0.265911
vt 0.211538 0.253026
vt 0.016872 0.265911
vt 0.199260 0.319515
vt 0.212144 0.070638
vt 0.199260 0.068755
vt 0.212144 0.263362
vt 0.027207 0.317835
vt 0.014180 0.316493
vt 0.016872 0.068089
vt 0.209596 0.068089
vt 0.208631 0.315973
vt 0.017837 0.018028
vt 0.199260 0.014485
vt 0.208631 0.315973
vt 0.017837 0.018028
vt 0.014929 0.253026
vt 0.211538 0.080974
vt 0.017836 0.315973
vt 0.208631 0.018028
vt 0.017837 0.315973
vt 0.208631 0.018028
vt 0.027207 0.014485
vt 0.014929 0.080974
vt 0.014323 0.263362
vt 0.027207 0.265246
vt 0.014323 0.070638
vt 0.209595 0.265911
vt 0.199260 0.319515
vt 0.014180 0.316493
vt 0.016872 0.068089
vt 0.209596 0.068089
vt 0.170212 0.188764
vt 0.163788 0.145236
vt 0.170215 0.145236
vt 0.321464 0.189521
vt 0.012536 0.144479
vt 0.321784 0.145236
vt 0.164005 0.321578
vt 0.169995 0.012422
vt 0.169332 0.321784
vt 0.012536 0.189521
vt 0.321464 0.144479
vt 0.012216 0.145236
vt 0.163788 0.188764
vt 0.170212 0.145236
vt 0.163785 0.145236
vt 0.164005 0.012422
vt 0.163727 0.321602
vt 0.164668 0.321784
vt 0.163727 0.012398
vt 0.164668 0.012216
vt 0.164668 0.144137
vt 0.170033 0.144295
vt 0.169332 0.189863
vt 0.163967 0.189705
vt 0.322000 0.188764
vt 0.169995 0.321578
vt 0.170273 0.012398
vt 0.169332 0.012216
vt 0.170273 0.321602
vt 0.169332 0.144137
vt 0.163967 0.144295
vt 0.164668 0.189863
vt 0.170033 0.189705
vt 0.345000 0.181662
vt 0.655000 0.152338
vt 0.345000 0.152338
vt 0.655000 0.181662
vt 0.348442 0.531187
vt 0.481645 0.468078
vt 0.348620 0.468921
vt 0.615247 0.531687
vt 0.481925 0.468449
vt 0.615129 0.468712
vt 0.481774 0.531503
vt 0.348459 0.468721
vt 0.406404 0.531362
vt 0.557953 0.468947
vt 0.406406 0.468619
vt 0.557987 0.531278
vt 0.405949 0.468813
vt 0.557831 0.468485
vt 0.351009 0.424615
vt 0.481746 0.347713
vt 0.613438 0.424088
vt 0.481925 0.531551
vt 0.615244 0.468480
vt 0.350298 0.424337
vt 0.350415 0.575866
vt 0.612745 0.575289
vt 0.481994 0.468882
vt 0.348681 0.468656
vt 0.481992 0.531118
vt 0.406475 0.531574
vt 0.557482 0.468623
vt 0.557468 0.468083
vt 0.351181 0.424344
vt 0.482122 0.347645
vt 0.615207 0.468142
vt 0.350504 0.576063
vt 0.612771 0.575526
vt 0.348673 0.531613
vt 0.481837 0.468114
vt 0.348620 0.468921
vt 0.615478 0.531279
vt 0.481925 0.468449
vt 0.615130 0.468712
vt 0.482001 0.531456
vt 0.348459 0.468721
vt 0.405954 0.531473
vt 0.557953 0.468946
vt 0.406406 0.468619
vt 0.557483 0.531377
vt 0.405949 0.468813
vt 0.557509 0.468423
vt 0.351279 0.424226
vt 0.482300 0.347528
vt 0.613639 0.424336
vt 0.482187 0.531239
vt 0.615441 0.468527
vt 0.350299 0.424337
vt 0.350416 0.575866
vt 0.612936 0.575293
vt 0.481994 0.468882
vt 0.348681 0.468656
vt 0.615247 0.531687
vt 0.482073 0.468400
vt 0.481992 0.531119
vt 0.348650 0.468675
vt 0.406475 0.531574
vt 0.557482 0.468623
vt 0.406092 0.468680
vt 0.557468 0.468083
vt 0.351181 0.424344
vt 0.482123 0.347645
vt 0.613438 0.424088
vt 0.615206 0.468141
vt 0.350503 0.424338
vt 0.350504 0.576063
vt 0.612771 0.575526
vt 0.505000 0.505000
vt 0.655000 0.455000
vt 0.505000 0.405000
vt 0.390000 0.455000
vt 0.450000 0.455200
vt 0.450000 0.454800
vt 0.345000 0.455067
vt 0.505000 0.455200
vt 0.505000 0.454800
vt 0.012218 0.012086
vt 0.305963 0.149390
vt 0.321801 0.290009
vt 0.971216 0.816765
vt 0.987947 0.816765
vt 0.678032 0.678095
vt 0.694737 0.816765
vt 0.971177 0.816968
vt 0.678078 0.815560
vt 0.987922 0.816966
vt 0.987966 0.815610
vt 0.987968 0.954431
vt 0.987918 0.678082
vt 0.987922 0.815560
vt 0.345282 0.352766
vt 0.012031 0.014298
vt 0.166769 0.014894
vt 0.167238 0.014890
vt 0.058924 0.226836
vt 0.275081 0.226609
vt 0.275113 0.274917
vt 0.059135 0.274678
vt 0.166822 0.320240
vt 0.058886 0.059084
vt 0.166850 0.013745
vt 0.166822 0.320240
vt 0.274865 0.274678
vt 0.320228 0.167000
vt 0.166849 0.013745
vt 0.013835 0.167196
vt 0.058861 0.226734
vt 0.275139 0.226734
vt 0.275297 0.274815
vt 0.058949 0.274590
vt 0.166821 0.320240
vt 0.058889 0.058961
vt 0.166822 0.013760
vt 0.166821 0.320240
vt 0.275051 0.274590
vt 0.320164 0.166802
vt 0.167178 0.013760
vt 0.013835 0.166804
vt 0.058752 0.226707
vt 0.275248 0.226707
vt 0.275110 0.275041
vt 0.059114 0.274636
vt 0.166822 0.320240
vt 0.058919 0.059116
vt 0.167151 0.013745
vt 0.167179 0.320240
vt 0.274865 0.274678
vt 0.320250 0.167360
vt 0.167151 0.013745
vt 0.013729 0.167306
vt 0.345282 0.345386
vt 0.012041 0.013705
vt 0.166762 0.014890
vt 0.167231 0.014894
vt 0.058927 0.226837
vt 0.275140 0.226734
vt 0.274865 0.275274
vt 0.058949 0.274591
vt 0.166849 0.320255
vt 0.058890 0.058959
vt 0.166849 0.013743
vt 0.167183 0.320292
vt 0.274636 0.274887
vt 0.320239 0.167178
vt 0.166849 0.013743
vt 0.013762 0.167178
vt 0.058861 0.226734
vt 0.275284 0.226558
vt 0.275112 0.275040
vt 0.059137 0.274799
vt 0.167178 0.320240
vt 0.058703 0.059185
vt 0.166821 0.013760
vt 0.166822 0.320240
vt 0.275050 0.274590
vt 0.320207 0.166855
vt 0.166821 0.013760
vt 0.013836 0.167198
vt 0.058919 0.226609
vt 0.275309 0.226963
vt 0.275299 0.274816
vt 0.059341 0.274849
vt 0.167151 0.320255
vt 0.058891 0.058959
vt 0.167179 0.013760
vt 0.167151 0.320255
vt 0.274886 0.274636
vt 0.320270 0.166694
vt 0.166822 0.013760
vt 0.013708 0.166819
vt 0.079489 0.842582
vt 0.012970 0.842278
vt 0.079512 0.678970
vt 0.320929 0.842300
vt 0.254741 0.842376
vt 0.254682 0.679338
vt 0.080359 0.842106
vt 0.012970 0.842278
vt 0.080622 0.678853
vt 0.320684 0.842475
vt 0.254741 0.842376
vt 0.254682 0.679338
vt 0.495959 0.654692
vt 0.079259 0.842376
vt 0.013316 0.842475
vt 0.079318 0.679338
vt 0.321030 0.842278
vt 0.253641 0.842106
vt 0.254488 0.678970
vt 0.079259 0.842376
vt 0.013071 0.842300
vt 0.079318 0.679338
vt 0.321030 0.842278
vt 0.254511 0.842582
vt 0.253378 0.678853
vt 0.346631 0.517604
vt 0.346523 0.475620
vt 0.653810 0.477102
vt 0.833000 0.680439
vt 0.941669 0.724331
vt 0.973948 0.774617
vt 0.015299 0.230786
vt 0.224448 0.230563
vt 0.072866 0.230645
vt 0.280345 0.243349
vt 0.148379 0.319224
vt 0.016207 0.243128
vt 0.281914 0.230645
vt 0.148515 0.319661
vt 0.280899 0.090494
vt 0.148469 0.014934
vt 0.346631 0.517604
vt 0.346190 0.477102
vt 0.653810 0.477102
vt 0.833000 0.985171
vt 0.774617 0.973948
vt 0.941497 0.724503
vt 0.973948 0.774617
vt 0.015299 0.230785
vt 0.224448 0.230563
vt 0.072905 0.230966
vt 0.280437 0.243229
vt 0.148469 0.319066
vt 0.016207 0.243128
vt 0.282048 0.230613
vt 0.148849 0.319601
vt 0.280804 0.090362
vt 0.148379 0.014777
vt 0.653369 0.517604
vt 0.346190 0.477102
vt 0.833000 0.680829
vt 0.891383 0.692052
vt 0.724503 0.941497
vt 0.692052 0.891382
vt 0.015299 0.230785
vt 0.224408 0.230900
vt 0.072866 0.230645
vt 0.280437 0.243229
vt 0.148780 0.319105
vt 0.016411 0.243356
vt 0.282049 0.230613
vt 0.148946 0.319765
vt 0.280899 0.090494
vt 0.148470 0.014934
vt 0.653369 0.517604
vt 0.653477 0.475620
vt 0.833000 0.985561
vt 0.724331 0.941669
vt 0.692052 0.891383
vt 0.015438 0.230819
vt 0.224448 0.230563
vt 0.072866 0.230645
vt 0.280437 0.243229
vt 0.148470 0.319066
vt 0.016207 0.243127
vt 0.282048 0.230613
vt 0.148849 0.319601
vt 0.280899 0.090494
vt 0.148780 0.014895
vt 0.387270 0.167000
vt 0.390398 0.502479
vt 0.390398 0.497521
vt 0.606095 0.497521
vt 0.049218 0.986986
vt 0.033676 0.986986
vt 0.027687 0.987633
vt 0.027728 0.678186
vt 0.033689 0.678186
vt 0.033689 0.987814
vt 0.616739 0.451904
vt 0.485949 0.648174
vt 0.413627 0.452006
vt 0.559571 0.547994
vt 0.616738 0.548096
vt 0.356460 0.451903
vt 0.559571 0.452006
vt 0.413627 0.547994
vt 0.356459 0.548096
vt 0.358435 0.574018
vt 0.413253 0.452079
vt 0.559946 0.547921
vt 0.487179 0.353278
vt 0.558039 0.451707
vt 0.415159 0.548293
vt 0.615455 0.573675
vt 0.359244 0.427140
vt 0.415159 0.451707
vt 0.558040 0.548293
vt 0.616738 0.548096
vt 0.355732 0.452079
vt 0.558039 0.451707
vt 0.415159 0.548293
vt 0.355732 0.547921
vt 0.359245 0.427140
vt 0.415159 0.451707
vt 0.558040 0.548293
vt 0.616737 0.548097
vt 0.355732 0.452079
vt 0.559709 0.452033
vt 0.415158 0.548293
vt 0.355732 0.547921
vt 0.012706 0.690202
vt 0.158053 0.690257
vt 0.012791 0.678276
vt 0.175915 0.690265
vt 0.321294 0.690202
vt 0.321209 0.678276
vt 0.012706 0.690202
vt 0.158085 0.690265
vt 0.012791 0.678276
vt 0.175947 0.690257
vt 0.321209 0.678276
vt 0.012199 0.986986
vt 0.027728 0.987814
vt 0.012000 0.986986
vt 0.616738 0.451903
vt 0.485949 0.648174
vt 0.413627 0.452006
vt 0.559946 0.547921
vt 0.616739 0.548096
vt 0.356459 0.451904
vt 0.413627 0.547994
vt 0.356460 0.548096
vt 0.358435 0.574018
vt 0.415159 0.451707
vt 0.559946 0.547921
vt 0.486987 0.353816
vt 0.559946 0.452079
vt 0.413252 0.547921
vt 0.359244 0.427140
vt 0.617466 0.452079
vt 0.413253 0.452079
vt 0.617466 0.547921
vt 0.355732 0.452079
vt 0.355732 0.547921
vt 0.359825 0.426137
vt 0.617466 0.452079
vt 0.415159 0.451707
vt 0.617466 0.547921
vt 0.558040 0.451707
vt 0.413489 0.547967
vt 0.012706 0.690202
vt 0.158053 0.690257
vt 0.012791 0.678276
vt 0.175915 0.690265
vt 0.012706 0.690202
vt 0.158085 0.690265
vt 0.012791 0.678276
vt 0.175947 0.690257
vt 0.321294 0.690202
vt 0.321209 0.678276
vt 0.321860 0.827715
vt 0.012298 0.981366
vt 0.012298 0.678753
vt 0.321618 0.678382
vt 0.322000 0.680079
vt 0.321247 0.836252
vt 0.172825 0.678318
vt 0.487346 0.260310
vt 0.512654 0.260310
vt 0.654150 0.260310
vt 0.486495 0.260310
vt 0.513505 0.016327
vt 0.486495 0.016327
vt 0.654206 0.012794
vt 0.487289 0.263843
vt 0.655000 0.016327
vt 0.512711 0.012794
vt 0.654206 0.263843
vt 0.012453 0.259447
vt 0.163674 0.259342
vt 0.012461 0.132577
vt 0.170291 0.259350
vt 0.321247 0.259283
vt 0.321605 0.132703
vt 0.246250 0.492500
vt 0.392045 0.552340
vt 0.607889 0.552168
vt 0.607974 0.608465
vt 0.499687 0.652173
vt 0.391804 0.608280
vt 0.391803 0.391722
vt 0.608493 0.392084
vt 0.391803 0.608279
vt 0.500001 0.652152
vt 0.608054 0.608286
vt 0.608280 0.391803
vt 0.391803 0.391719
vt 0.391740 0.552075
vt 0.607645 0.552739
vt 0.608466 0.607973
vt 0.500201 0.652060
vt 0.391815 0.608187
vt 0.391707 0.392023
vt 0.608054 0.391714
vt 0.391803 0.608279
vt 0.607993 0.608229
vt 0.652177 0.500186
vt 0.608466 0.392026
vt 0.392084 0.391507
vt 0.391802 0.552371
vt 0.608081 0.552120
vt 0.608087 0.608329
vt 0.499800 0.652059
vt 0.391909 0.608383
vt 0.392022 0.391708
vt 0.607975 0.391535
vt 0.391617 0.608092
vt 0.608054 0.608287
vt 0.608280 0.391803
vt 0.392084 0.391508
vt 0.391918 0.552120
vt 0.607645 0.552740
vt 0.608492 0.607915
vt 0.500368 0.652156
vt 0.391815 0.608187
vt 0.391534 0.392027
vt 0.608091 0.391616
vt 0.391948 0.608336
vt 0.608329 0.608087
vt 0.652078 0.500147
vt 0.608493 0.392085
vt 0.391948 0.391663
vt 0.345239 0.427441
vt 0.497949 0.427463
vt 0.345252 0.384312
vt 0.502127 0.427420
vt 0.654710 0.427487
vt 0.654748 0.384312
vt 0.173082 0.980039
vt 0.012298 0.981365
vt 0.012382 0.678382
vt 0.161175 0.678318
vt 0.173491 0.680079
vt 0.321247 0.836252
vt 0.487346 0.260310
vt 0.512654 0.260310
vt 0.345620 0.126380
vt 0.345620 0.150257
vt 0.012753 0.259283
vt 0.163709 0.259350
vt 0.012844 0.132536
vt 0.170207 0.259410
vt 0.321626 0.259376
vt 0.321156 0.132536
vt 0.391740 0.552074
vt 0.607890 0.552168
vt 0.608054 0.608287
vt 0.500001 0.652152
vt 0.391803 0.608281
vt 0.391803 0.391721
vt 0.608054 0.391715
vt 0.391803 0.608279
vt 0.500001 0.652152
vt 0.608280 0.608196
vt 0.608188 0.391815
vt 0.391804 0.391721
vt 0.392356 0.552741
vt 0.607890 0.552169
vt 0.608466 0.607974
vt 0.500150 0.652047
vt 0.391804 0.608281
vt 0.392084 0.391508
vt 0.608186 0.391813
vt 0.391707 0.607977
vt 0.608467 0.607974
vt 0.652166 0.499846
vt 0.608197 0.391721
vt 0.391815 0.391813
vt 0.391740 0.552074
vt 0.607555 0.552534
vt 0.608280 0.608197
vt 0.500368 0.652156
vt 0.391913 0.608329
vt 0.391804 0.391720
vt 0.608054 0.391713
vt 0.392022 0.608293
vt 0.500186 0.652176
vt 0.607975 0.608466
vt 0.608087 0.391672
vt 0.391909 0.391617
vt 0.392005 0.552653
vt 0.607994 0.552653
vt 0.608493 0.607915
vt 0.500368 0.652156
vt 0.391949 0.608337
vt 0.391947 0.391664
vt 0.608053 0.391662
vt 0.391535 0.607973
vt 0.608328 0.608087
vt 0.652060 0.499799
vt 0.608279 0.391803
vt 0.391814 0.391812
vt 0.345239 0.427442
vt 0.497873 0.427420
vt 0.345252 0.384312
vt 0.502051 0.427463
vt 0.654761 0.427441
vt 0.654705 0.384231
vt 0.017410 0.321494
vt 0.044563 0.321494
vt 0.389864 0.585397
vt 0.610204 0.585170
vt 0.500000 0.347440
vt 0.558959 0.357661
vt 0.608556 0.608556
vt 0.608380 0.391620
vt 0.391444 0.391444
vt 0.391620 0.608380
vt 0.558655 0.641606
vt 0.641350 0.441451
vt 0.441345 0.358394
vt 0.358650 0.558549
vt 0.929641 0.860126
vt 0.929641 0.805874
vt 0.867438 0.927016
vt 0.883305 0.978580
vt 0.799566 0.927367
vt 0.765748 0.972650
vt 0.762056 0.903639
vt 0.911768 0.805874
vt 0.733559 0.821402
vt 0.742229 0.789287
vt 0.761933 0.860126
vt 0.762209 0.805874
vt 0.763017 0.833000
vt 0.711816 0.805874
vt 0.954184 0.860126
vt 0.902983 0.833000
vt 0.911768 0.770185
vt 0.978272 0.884185
vt 0.888810 0.833000
vt 0.954184 0.860126
vt 0.711816 0.860126
vt 0.823603 0.860126
vt 0.844759 0.833000
vt 0.965085 0.753708
vt 0.962226 0.749159
vt 0.855419 0.860126
vt 0.733559 0.821402
vt 0.721379 0.775299
vt 0.724512 0.723664
vt 0.027207 0.319515
vt 0.014180 0.017508
vt 0.212287 0.017508
vt 0.027207 0.319515
vt 0.014180 0.017508
vt 0.212287 0.017508
vt 0.163785 0.188764
vt 0.012216 0.188764
vt 0.321784 0.188764
vt 0.170215 0.188764
vt 0.163771 0.189661
vt 0.163771 0.144339
vt 0.170229 0.144339
vt 0.170229 0.189661
vt 0.012352 0.144305
vt 0.012000 0.188764
vt 0.321648 0.189695
vt 0.322000 0.145236
vt 0.321648 0.144305
vt 0.012352 0.189695
vt 0.012000 0.145236
vt 0.348528 0.531275
vt 0.557544 0.531288
vt 0.406449 0.531744
vt 0.613330 0.576198
vt 0.481659 0.651860
vt 0.349756 0.575949
vt 0.615105 0.531380
vt 0.481727 0.652465
vt 0.613848 0.423475
vt 0.481659 0.348140
vt 0.348729 0.531540
vt 0.482125 0.652356
vt 0.348883 0.531577
vt 0.557498 0.531669
vt 0.406406 0.531381
vt 0.613434 0.576064
vt 0.482113 0.651727
vt 0.349988 0.576207
vt 0.615257 0.531344
vt 0.481960 0.652401
vt 0.613848 0.423475
vt 0.481659 0.348140
vt 0.348729 0.531540
vt 0.406449 0.531744
vt 0.482124 0.652355
vt 0.481828 0.348118
vt 0.345000 0.405000
vt 0.345000 0.505000
vt 0.505000 0.565000
vt 0.505000 0.345000
vt 0.345000 0.454933
vt 0.550000 0.454800
vt 0.550000 0.455200
vt 0.610000 0.455000
s 0
usemtl factory
f 37/1/1 2/2/1 31/3/1
f 51/4/2 30/5/2 45/6/2
f 22/7/3 36/8/3 50/9/3
f 10/10/4 16/6/4 3/5/4
f 23/11/5 44/3/5 17/2/5
f 1/12/6 5/13/6 7/14/6
f 2/2/7 5/15/7 4/16/7
f 3/5/8 5/17/8 6/18/8
f 8/11/9 12/19/9 14/20/9
f 9/12/10 12/13/10 11/21/10
f 10/10/11 12/22/11 13/23/11
f 15/7/12 19/24/12 21/25/12
f 16/6/13 19/26/13 18/27/13
f 17/2/14 19/15/14 20/28/14
f 22/7/15 26/24/15 28/29/15
f 23/11/16 26/19/16 25/30/16
f 24/4/17 26/31/17 27/32/17
f 29/8/18 33/33/18 35/34/18
f 30/5/19 33/17/19 32/35/19
f 31/3/20 33/36/20 34/37/20
f 36/8/21 40/33/21 42/38/21
f 37/1/22 40/39/22 39/40/22
f 38/10/23 40/22/23 41/41/23
f 43/9/24 47/42/24 49/43/24
f 44/3/25 47/36/25 46/44/25
f 45/6/26 47/26/26 48/45/26
f 50/9/27 54/42/27 56/46/27
f 51/4/28 54/31/28 53/47/28
f 52/1/29 54/39/29 55/48/29
f 1/12/30 18/29/30 15/7/30
f 7/35/31 16/6/31 18/27/31
f 8/11/32 6/28/32 2/2/32
f 14/41/33 3/5/33 6/18/33
f 22/7/34 13/14/34 9/12/34
f 28/47/35 10/10/35 13/23/35
f 17/2/36 27/20/36 23/11/36
f 20/45/37 24/4/37 27/32/37
f 15/7/38 46/46/38 43/9/38
f 21/16/39 44/3/39 46/44/39
f 50/9/40 25/25/40 22/7/40
f 56/40/41 23/11/41 25/30/41
f 45/6/42 55/32/42 51/4/42
f 48/37/43 52/1/43 55/48/43
f 43/9/44 32/38/44 29/8/44
f 49/27/45 30/5/45 32/35/45
f 36/8/46 53/43/46 50/9/46
f 42/23/47 51/4/47 53/47/47
f 31/3/48 41/48/48 37/1/48
f 34/18/49 38/10/49 41/41/49
f 29/8/50 4/21/50 1/12/50
f 35/44/51 2/2/51 4/16/51
f 9/12/52 39/34/52 36/8/52
f 11/30/53 37/1/53 39/40/53
f 43/9/54 1/12/54 15/7/54
f 85/49/1 58/50/1 81/51/1
f 97/52/2 80/53/2 92/54/2
f 73/55/3 84/56/3 96/57/3
f 64/58/4 69/54/4 59/53/4
f 74/59/5 91/51/5 70/50/5
f 57/60/55 61/61/55 62/62/55
f 58/50/56 61/63/56 60/64/56
f 64/58/57 65/65/57 66/66/57
f 70/50/58 71/67/58 72/68/58
f 73/55/59 77/69/59 78/70/59
f 74/59/60 77/71/60 76/72/60
f 81/51/61 82/73/61 83/74/61
f 84/56/62 87/75/62 89/76/62
f 86/58/63 87/65/63 88/77/63
f 90/57/64 94/78/64 95/79/64
f 91/51/65 94/80/65 93/81/65
f 97/52/66 100/82/66 99/83/66
f 98/49/67 100/84/67 101/85/67
f 68/55/68 62/62/68 71/86/68
f 62/87/69 69/54/69 71/88/69
f 67/89/70 61/63/70 58/50/70
f 67/77/71 59/53/71 61/90/71
f 73/55/34 66/62/34 63/60/34
f 78/91/35 64/58/35 66/66/35
f 70/50/72 77/71/72 74/59/72
f 72/92/73 75/52/73 77/93/73
f 68/55/38 93/94/38 90/57/38
f 93/81/39 70/50/39 91/51/39
f 96/57/40 76/95/40 73/55/40
f 76/72/41 98/49/41 74/59/41
f 92/54/42 101/96/42 97/52/42
f 94/80/74 98/49/74 101/85/74
f 79/56/75 95/79/75 82/97/75
f 95/98/76 80/53/76 82/99/76
f 96/57/46 89/76/46 99/100/46
f 99/83/47 86/58/47 97/52/47
f 81/51/48 88/85/48 85/49/48
f 83/101/49 86/58/49 88/77/49
f 79/56/50 60/102/50 57/60/50
f 60/64/51 81/51/51 58/50/51
f 63/60/77 87/75/77 84/56/77
f 65/103/78 85/49/78 87/104/78
f 90/57/54 57/60/54 68/55/54
f 113/105/79 102/106/79 111/107/79
f 117/108/80 111/109/80 115/110/80
f 109/111/3 112/112/3 116/113/3
f 104/114/81 107/115/81 103/116/81
f 108/117/82 114/118/82 107/119/82
f 103/116/83 107/115/83 106/120/83
f 105/121/84 103/122/84 102/106/84
f 109/111/85 104/123/85 105/124/85
f 116/113/86 108/125/86 109/111/86
f 115/110/87 111/109/87 110/126/87
f 112/127/88 117/108/88 116/128/88
f 111/109/89 112/127/89 113/129/89
f 105/124/90 113/130/90 112/112/90
f 114/131/54 102/132/54 106/133/54
f 149/134/1 119/135/1 144/136/1
f 161/137/2 143/138/2 156/139/2
f 136/140/3 148/141/3 160/142/3
f 126/143/4 131/139/4 120/138/4
f 137/144/5 155/136/5 132/135/5
f 118/145/91 121/146/91 123/147/91
f 120/138/92 121/148/92 122/149/92
f 124/144/93 128/150/93 129/151/93
f 125/145/94 128/152/94 127/153/94
f 131/139/95 134/154/95 133/155/95
f 132/135/96 134/146/96 135/156/96
f 136/140/97 139/157/97 141/158/97
f 138/137/98 139/159/98 140/160/98
f 142/141/99 145/161/99 147/162/99
f 144/136/100 145/161/100 146/163/100
f 148/141/62 151/164/62 153/165/62
f 150/143/101 151/166/101 152/167/101
f 154/142/102 157/168/102 159/169/102
f 156/139/103 157/154/103 158/170/103
f 161/137/104 164/159/104 163/171/104
f 162/134/105 164/172/105 165/173/105
f 118/145/30 133/158/30 130/140/30
f 123/174/31 131/139/31 133/155/31
f 124/144/32 122/156/32 119/135/32
f 129/167/33 120/138/33 122/149/33
f 136/140/106 128/152/106 125/145/106
f 141/171/107 126/143/107 128/175/107
f 132/135/36 140/151/36 137/144/36
f 135/170/37 138/137/37 140/160/37
f 130/140/108 157/168/108 154/142/108
f 134/146/109 155/136/109 157/176/109
f 160/142/110 139/157/110 136/140/110
f 164/172/111 137/144/111 139/157/111
f 156/139/42 165/160/42 161/137/42
f 158/163/43 162/134/43 165/173/43
f 154/142/112 145/161/112 142/141/112
f 159/155/113 143/138/113 145/177/113
f 148/141/46 163/169/46 160/142/46
f 153/178/47 161/137/47 163/171/47
f 144/136/48 152/173/48 149/134/48
f 146/149/49 150/143/49 152/167/49
f 142/141/114 121/146/114 118/145/114
f 147/179/115 119/135/115 121/146/115
f 125/145/77 151/164/77 148/141/77
f 127/180/116 149/134/116 151/181/116
f 154/142/54 118/145/54 130/140/54
f 171/182/117 166/183/117 170/184/117
f 173/185/118 170/186/118 172/187/118
f 169/188/119 171/182/119 173/189/119
f 167/190/120 168/191/120 166/192/120
f 169/188/121 172/193/121 168/194/121
f 172/193/122 166/183/122 168/194/122
s 1
f 189/195/123 174/196/124 188/197/125
f 179/198/126 180/199/127 178/200/128
f 181/201/129 182/202/130 180/203/127
f 183/204/131 184/205/132 182/202/130
f 185/206/133 186/207/134 184/205/132
f 187/208/135 188/209/125 186/207/134
f 177/210/136 178/200/128 176/211/137
f 181/212/129 179/213/126 187/214/135
f 175/215/138 176/211/137 174/196/124
f 180/216/127 184/217/132 188/218/125
f 205/219/123 190/220/124 204/221/125
f 195/222/126 196/223/127 194/224/139
f 197/225/129 198/226/130 196/227/127
f 199/228/131 200/229/132 198/226/130
f 201/230/133 202/231/134 200/229/132
f 203/232/135 204/233/125 202/231/134
f 193/234/140 194/224/139 192/235/137
f 197/236/129 195/237/126 203/238/135
f 191/239/138 192/235/137 190/220/124
f 196/240/127 200/241/132 204/242/125
f 221/243/123 206/244/141 220/245/125
f 211/246/126 212/247/127 210/248/128
f 213/249/129 214/250/130 212/251/127
f 215/252/131 216/253/132 214/250/130
f 217/254/133 218/255/142 216/253/132
f 219/256/135 220/257/125 218/255/142
f 209/258/140 210/248/128 208/259/137
f 213/260/129 211/261/126 219/262/135
f 207/263/138 208/259/137 206/244/141
f 212/264/127 216/265/132 220/266/125
s 0
f 253/134/1 223/135/1 248/136/1
f 265/137/2 247/138/2 260/139/2
f 240/140/3 252/141/3 264/142/3
f 230/143/4 235/139/4 224/138/4
f 241/144/5 259/136/5 236/135/5
f 222/145/91 225/267/91 227/147/91
f 224/138/143 225/148/143 226/149/143
f 228/144/144 231/157/144 233/151/144
f 230/143/145 231/166/145 232/178/145
f 234/140/146 237/268/146 239/269/146
f 236/135/147 237/270/147 238/156/147
f 240/140/97 243/271/97 245/158/97
f 242/137/98 243/159/98 244/160/98
f 247/138/148 250/148/148 249/174/148
f 248/136/149 250/164/149 251/163/149
f 252/141/62 255/164/62 257/165/62
f 254/143/101 255/166/101 256/167/101
f 258/142/102 261/272/102 263/169/102
f 260/139/150 261/154/150 262/170/150
f 264/142/151 267/273/151 269/274/151
f 266/134/152 267/273/152 268/173/152
f 222/145/153 237/268/153 234/140/153
f 227/174/154 235/139/154 237/275/154
f 228/144/32 226/156/32 223/135/32
f 233/167/33 224/138/33 226/149/33
f 240/140/34 232/147/34 229/145/34
f 245/171/35 230/143/35 232/178/35
f 236/135/36 244/151/36 241/144/36
f 238/170/37 242/137/37 244/160/37
f 234/140/108 261/272/108 258/142/108
f 239/276/155 259/136/155 261/277/155
f 264/142/110 243/271/110 240/140/110
f 269/278/156 241/144/156 243/271/156
f 260/139/42 268/160/42 265/137/42
f 262/163/43 266/134/43 268/173/43
f 258/142/44 249/165/44 246/141/44
f 263/155/45 247/138/45 249/174/45
f 252/141/157 267/273/157 264/142/157
f 257/178/158 265/137/158 267/279/158
f 248/136/48 256/173/48 253/134/48
f 251/149/49 254/143/49 256/167/49
f 246/141/114 225/267/114 222/145/114
f 250/164/159 223/135/159 225/267/159
f 229/145/77 255/164/77 252/141/77
f 231/157/160 253/134/160 255/280/160
f 258/142/54 222/145/54 234/140/54
f 275/281/117 270/282/117 274/283/117
f 277/284/161 274/285/161 276/286/161
f 273/287/119 275/281/119 277/288/119
f 271/289/162 272/290/162 270/291/162
f 273/287/121 276/292/121 272/293/121
f 276/292/122 270/282/122 272/293/122
s 1
f 293/294/123 278/295/124 292/296/125
f 283/297/126 284/298/127 282/299/139
f 285/300/129 286/301/130 284/302/127
f 287/303/131 288/304/132 286/301/130
f 289/305/163 290/306/142 288/304/132
f 291/307/135 292/308/125 290/306/142
f 281/309/140 282/299/139 280/310/137
f 285/311/129 283/312/126 291/313/135
f 279/314/138 280/310/137 278/295/124
f 284/315/127 288/316/132 292/317/125
f 309/318/123 294/319/124 308/320/125
f 299/321/126 300/322/127 298/323/128
f 301/324/129 302/325/130 300/326/127
f 303/327/131 304/328/132 302/325/130
f 305/329/133 306/330/134 304/328/132
f 307/331/135 308/332/125 306/330/134
f 297/333/140 298/323/128 296/334/137
f 301/335/129 299/336/126 307/337/135
f 295/338/138 296/334/137 294/319/124
f 300/339/127 304/340/132 308/341/125
f 325/342/123 310/343/124 324/344/125
f 315/345/126 316/346/127 314/347/139
f 317/348/129 318/349/130 316/350/127
f 319/351/131 320/352/132 318/349/130
f 321/353/163 322/354/142 320/352/132
f 323/355/135 324/356/125 322/354/142
f 313/357/140 314/347/139 312/358/137
f 317/359/129 315/360/126 323/361/135
f 311/362/138 312/358/137 310/343/124
f 316/363/127 320/364/132 324/365/125
s 0
f 357/366/1 327/367/1 352/368/1
f 369/369/2 351/370/2 364/371/2
f 344/372/3 356/373/3 368/374/3
f 334/375/4 339/371/4 328/370/4
f 345/376/5 363/368/5 340/367/5
f 326/377/91 329/378/91 331/379/91
f 328/370/143 329/380/143 330/381/143
f 332/376/93 336/382/93 337/383/93
f 333/377/94 336/384/94 335/385/94
f 338/372/146 341/386/146 343/387/146
f 340/367/147 341/388/147 342/389/147
f 344/372/97 347/390/97 349/391/97
f 346/369/98 347/392/98 348/393/98
f 350/373/99 353/394/99 355/395/99
f 352/368/164 353/396/164 354/397/164
f 357/366/165 360/398/165 359/399/165
f 358/375/166 360/400/166 361/401/166
f 363/368/167 366/396/167 365/402/167
f 364/371/168 366/403/168 367/404/168
f 368/374/151 371/405/151 373/406/151
f 370/366/152 371/398/152 372/407/152
f 326/377/153 341/386/153 338/372/153
f 331/408/169 339/371/169 341/409/169
f 332/376/32 330/389/32 327/367/32
f 337/401/33 328/370/33 330/381/33
f 344/372/106 336/384/106 333/377/106
f 349/410/170 334/375/170 336/411/170
f 340/367/36 348/383/36 345/376/36
f 342/404/37 346/369/37 348/393/37
f 338/372/38 365/406/38 362/374/38
f 343/412/39 363/368/39 365/402/39
f 368/374/110 347/390/110 344/372/110
f 373/399/171 345/376/171 347/413/171
f 364/371/42 372/393/42 369/369/42
f 367/397/43 370/366/43 372/407/43
f 362/374/172 353/394/172 350/373/172
f 366/403/173 351/370/173 353/414/173
f 356/373/174 371/405/174 368/374/174
f 360/400/175 369/369/175 371/415/175
f 352/368/48 361/407/48 357/366/48
f 354/381/49 358/375/49 361/401/49
f 350/373/114 329/378/114 326/377/114
f 355/402/176 327/367/176 329/416/176
f 333/377/52 359/395/52 356/373/52
f 335/417/53 357/366/53 359/399/53
f 362/374/54 326/377/54 338/372/54
f 379/418/177 374/419/177 378/420/177
f 381/421/178 378/422/178 380/423/178
f 377/424/179 379/425/179 381/426/179
f 375/427/180 376/428/180 374/429/180
f 377/430/181 380/431/181 376/432/181
f 380/433/182 374/434/182 376/435/182
f 387/436/177 382/437/177 386/438/177
f 389/439/178 386/440/178 388/441/178
f 385/442/179 387/443/179 389/444/179
f 383/445/180 384/446/180 382/447/180
f 385/448/181 388/449/181 384/450/181
f 388/451/182 382/452/182 384/453/182
f 421/366/1 391/367/1 416/368/1
f 433/369/2 415/370/2 428/371/2
f 408/372/3 420/373/3 432/374/3
f 398/375/4 403/371/4 392/370/4
f 409/376/5 427/368/5 404/367/5
f 391/367/183 394/388/183 393/412/183
f 392/370/184 394/454/184 395/381/184
f 396/376/93 400/382/93 401/383/93
f 397/377/94 400/455/94 399/385/94
f 402/372/146 405/386/146 407/387/146
f 404/367/185 405/388/185 406/389/185
f 409/376/186 412/382/186 411/417/186
f 410/369/187 412/415/187 413/393/187
f 414/373/99 417/456/99 419/395/99
f 416/368/100 417/396/100 418/397/100
f 420/373/62 423/457/62 425/458/62
f 422/375/101 423/459/101 424/401/101
f 426/374/102 429/460/102 431/461/102
f 428/371/103 429/462/103 430/404/103
f 432/374/151 435/463/151 437/406/151
f 434/366/152 435/398/152 436/407/152
f 390/377/188 405/386/188 402/372/188
f 394/454/189 403/371/189 405/409/189
f 396/376/32 395/389/32 391/367/32
f 401/401/33 392/370/33 395/381/33
f 408/372/190 400/455/190 397/377/190
f 412/415/191 398/375/191 400/400/191
f 404/367/36 413/383/36 409/376/36
f 406/404/37 410/369/37 413/393/37
f 402/372/108 429/460/108 426/374/108
f 407/412/192 427/368/192 429/464/192
f 432/374/40 411/387/40 408/372/40
f 437/399/41 409/376/41 411/417/41
f 428/371/42 436/393/42 433/369/42
f 430/397/43 434/366/43 436/407/43
f 426/374/112 417/456/112 414/373/112
f 431/465/193 415/370/193 417/466/193
f 420/373/157 435/463/157 432/374/157
f 425/467/194 433/369/194 435/468/194
f 416/368/48 424/407/48 421/366/48
f 418/381/49 422/375/49 424/401/49
f 414/373/50 393/385/50 390/377/50
f 419/402/51 391/367/51 393/412/51
f 397/377/77 423/457/77 420/373/77
f 399/417/195 421/366/195 423/469/195
f 426/374/54 390/377/54 402/372/54
f 443/470/177 438/471/177 442/472/177
f 445/473/178 442/474/178 444/475/178
f 441/476/179 443/477/179 445/478/179
f 439/479/180 440/480/180 438/481/180
f 441/482/181 444/483/181 440/484/181
f 444/485/182 438/486/182 440/487/182
f 451/488/177 446/489/177 450/490/177
f 453/491/178 450/492/178 452/493/178
f 449/494/179 451/495/179 453/496/179
f 447/497/180 448/498/180 446/499/180
f 449/500/181 452/501/181 448/502/181
f 452/503/182 446/504/182 448/505/182
f 490/506/1 455/507/1 484/508/1
f 504/506/2 483/507/2 498/508/2
f 475/509/3 489/510/3 503/511/3
f 463/512/4 469/508/4 456/507/4
f 476/512/5 497/508/5 470/507/5
f 454/513/6 458/514/6 460/515/6
f 455/507/196 458/516/196 457/517/196
f 456/507/197 458/516/197 459/518/197
f 461/512/198 465/519/198 467/520/198
f 462/513/10 465/514/10 464/521/10
f 463/512/11 465/519/11 466/522/11
f 468/509/12 472/523/12 474/524/12
f 469/508/199 472/525/199 471/526/199
f 470/507/200 472/516/200 473/518/200
f 475/509/201 479/523/201 481/527/201
f 476/512/16 479/519/16 478/522/16
f 477/506/202 479/528/202 480/529/202
f 482/510/18 486/530/18 488/531/18
f 483/507/19 486/516/19 485/517/19
f 484/508/203 486/525/203 487/532/203
f 489/510/204 493/530/204 495/533/204
f 490/506/205 493/528/205 492/534/205
f 491/512/206 493/519/206 494/520/206
f 496/511/207 500/535/207 502/536/207
f 497/508/25 500/525/25 499/526/25
f 498/508/208 500/525/208 501/532/208
f 503/511/209 507/535/209 509/537/209
f 504/506/28 507/528/28 506/534/28
f 505/506/210 507/528/210 508/529/210
f 454/513/30 471/527/30 468/509/30
f 460/517/31 469/508/31 471/526/31
f 461/512/32 459/518/32 455/507/32
f 467/520/33 456/507/33 459/518/33
f 475/509/34 466/515/34 462/513/34
f 481/534/35 463/512/35 466/522/35
f 470/507/36 480/520/36 476/512/36
f 473/532/37 477/506/37 480/529/37
f 468/509/38 499/537/38 496/511/38
f 474/517/39 497/508/39 499/526/39
f 503/511/40 478/524/40 475/509/40
f 509/534/41 476/512/41 478/522/41
f 498/508/42 508/529/42 504/506/42
f 501/532/43 505/506/43 508/529/43
f 496/511/44 485/533/44 482/510/44
f 502/526/45 483/507/45 485/517/45
f 489/510/46 506/536/46 503/511/46
f 495/522/47 504/506/47 506/534/47
f 484/508/48 494/529/48 490/506/48
f 487/518/49 491/512/49 494/520/49
f 482/510/50 457/521/50 454/513/50
f 488/526/51 455/507/51 457/517/51
f 462/513/52 492/531/52 489/510/52
f 464/522/53 490/506/53 492/534/53
f 496/511/54 454/513/54 468/509/54
f 530/538/1 511/539/1 526/540/1
f 537/538/211 525/539/211 536/541/211
f 521/542/212 529/543/212 540/544/212
f 515/545/213 518/546/213 512/547/213
f 522/545/214 534/540/214 519/548/214
f 510/549/215 513/550/215 512/551/215
f 521/542/216 524/552/216 523/553/216
f 510/549/217 518/554/217 520/555/217
f 514/545/218 513/556/218 511/539/218
f 517/557/219 512/547/219 513/556/219
f 521/542/220 517/558/220 516/559/220
f 523/560/221 515/545/221 517/557/221
f 519/548/222 524/561/222 522/545/222
f 519/562/223 523/560/223 524/563/223
f 520/555/224 535/564/224 533/565/224
f 520/566/225 534/540/225 535/567/225
f 540/544/226 524/552/226 521/542/226
f 540/568/227 522/545/227 524/561/227
f 536/541/228 539/569/228 537/538/228
f 536/541/229 538/538/229 539/569/229
f 533/565/230 527/570/230 528/571/230
f 535/567/231 525/539/231 527/572/231
f 529/543/232 539/573/232 540/544/232
f 531/574/233 537/538/233 539/569/233
f 526/540/234 532/575/234 530/538/234
f 528/571/235 513/550/235 510/549/235
f 528/576/236 511/539/236 513/556/236
f 516/559/237 531/577/237 529/543/237
f 516/578/238 530/538/238 531/579/238
f 533/565/239 510/549/239 520/555/239
s 1
f 601/580/240 542/581/241 599/582/242
f 551/583/243 553/584/244 548/585/245
f 555/586/246 556/581/247 553/584/244
f 559/587/248 560/588/249 556/581/247
f 563/589/250 564/590/251 560/588/249
f 567/591/252 569/592/253 564/585/251
f 570/593/254 571/581/255 569/592/253
f 574/594/256 576/595/257 571/581/255
f 578/589/258 579/590/259 576/595/257
f 582/596/260 583/597/261 579/590/259
f 585/589/262 587/598/263 583/597/261
f 589/599/264 590/600/265 587/598/263
f 593/586/266 594/585/267 590/600/265
f 597/601/268 599/582/242 594/590/267
f 547/586/269 548/585/245 545/602/270
f 581/603/271 566/604/272 550/605/273
f 543/606/274 545/602/270 542/581/241
f 542/581/241 545/602/270 541/607/275
f 543/606/274 546/608/276 547/586/269
f 545/609/270 549/610/277 544/611/278
f 546/612/276 550/605/273 551/613/243
f 548/585/245 553/584/244 549/614/277
f 551/583/243 554/608/279 555/586/246
f 557/615/280 552/616/281 553/617/244
f 554/618/279 558/619/282 559/620/248
f 556/581/247 561/621/283 557/607/280
f 563/589/250 559/587/248 562/622/284
f 560/588/249 565/623/285 561/621/283
f 567/624/252 562/625/284 566/604/272
f 569/592/253 565/614/285 564/585/251
f 567/624/252 566/604/272 570/626/254
f 572/627/286 568/628/287 569/626/253
f 570/593/254 573/629/288 574/594/256
f 571/581/255 576/595/257 572/607/286
f 574/594/256 577/622/289 578/589/258
f 580/630/290 575/631/291 576/632/257
f 577/633/289 581/603/271 582/634/260
f 579/590/259 583/597/261 580/623/290
f 582/596/260 584/622/292 585/589/262
f 589/635/264 584/636/292 588/637/293
f 587/635/263 591/638/294 586/639/295
f 593/586/266 589/599/264 592/608/296
f 594/585/267 591/640/294 590/600/265
f 592/641/296 596/642/297 597/643/268
f 599/582/242 595/623/298 594/590/267
f 601/644/240 596/642/297 600/645/299
f 541/646/275 598/647/300 599/644/242
f 575/631/291 586/639/295 598/647/300
f 613/648/301 602/649/302 612/650/303
f 607/651/304 608/652/305 606/653/306
f 609/654/307 610/655/308 608/652/305
f 611/656/309 612/657/303 610/658/308
f 605/659/310 606/660/306 604/661/311
f 611/662/309 609/663/307 607/664/304
f 603/665/312 604/666/311 602/649/302
f 610/667/308 612/668/303 604/669/311
s 0
f 650/506/1 615/507/1 644/508/1
f 664/506/2 643/507/2 658/508/2
f 635/509/3 649/510/3 663/511/3
f 623/512/4 629/508/4 616/507/4
f 636/512/5 657/508/5 630/507/5
f 614/513/6 618/514/6 620/515/6
f 615/507/7 618/516/7 617/517/7
f 616/507/197 618/516/197 619/518/197
f 621/512/198 625/519/198 627/520/198
f 622/513/313 625/514/313 624/521/313
f 623/512/11 625/519/11 626/522/11
f 628/509/12 632/523/12 634/524/12
f 629/508/13 632/525/13 631/526/13
f 630/507/200 632/516/200 633/518/200
f 635/509/314 639/523/314 641/527/314
f 636/512/315 639/519/315 638/522/315
f 637/506/202 639/528/202 640/529/202
f 642/510/18 646/530/18 648/531/18
f 643/507/19 646/516/19 645/517/19
f 644/508/203 646/525/203 647/532/203
f 649/510/316 653/530/316 655/533/316
f 650/506/22 653/528/22 652/534/22
f 651/512/206 653/519/206 654/520/206
f 656/511/207 660/535/207 662/536/207
f 657/508/317 660/525/317 659/526/317
f 658/508/208 660/525/208 661/532/208
f 663/511/27 667/535/27 669/537/27
f 664/506/28 667/528/28 666/534/28
f 665/506/210 667/528/210 668/529/210
f 614/513/30 631/527/30 628/509/30
f 620/517/31 629/508/31 631/526/31
f 621/512/32 619/518/32 615/507/32
f 627/520/33 616/507/33 619/518/33
f 635/509/34 626/515/34 622/513/34
f 641/534/35 623/512/35 626/522/35
f 630/507/36 640/520/36 636/512/36
f 633/532/37 637/506/37 640/529/37
f 628/509/38 659/537/38 656/511/38
f 634/517/39 657/508/39 659/526/39
f 663/511/40 638/524/40 635/509/40
f 669/534/41 636/512/41 638/522/41
f 658/508/42 668/529/42 664/506/42
f 661/532/43 665/506/43 668/529/43
f 656/511/44 645/533/44 642/510/44
f 662/526/45 643/507/45 645/517/45
f 649/510/46 666/536/46 663/511/46
f 655/522/47 664/506/47 666/534/47
f 644/508/48 654/529/48 650/506/48
f 647/518/49 651/512/49 654/520/49
f 642/510/50 617/521/50 614/513/50
f 648/526/51 615/507/51 617/517/51
f 622/513/52 652/531/52 649/510/52
f 624/522/53 650/506/53 652/534/53
f 656/511/54 614/513/54 628/509/54
f 690/538/1 671/539/1 686/540/1
f 697/538/211 685/539/211 696/670/211
f 681/542/212 689/543/212 700/671/212
f 675/672/318 677/540/318 672/547/318
f 682/545/5 694/540/5 678/539/5
f 670/549/319 673/673/319 672/551/319
f 681/542/320 684/674/320 683/553/320
f 670/549/321 679/675/321 680/676/321
f 672/547/322 677/540/322 679/677/322
f 676/678/323 673/679/323 671/539/323
f 676/678/324 672/547/324 673/679/324
f 681/542/325 675/680/325 674/681/325
f 678/539/326 684/682/326 682/545/326
f 679/677/327 683/560/327 684/683/327
f 680/676/224 695/684/224 693/565/224
f 680/566/225 694/540/225 695/685/225
f 700/671/226 684/674/226 681/542/226
f 700/568/328 682/545/328 684/682/328
f 696/670/228 699/686/228 697/538/228
f 696/670/329 698/538/329 699/686/329
f 693/565/230 687/687/230 688/688/230
f 695/685/231 685/539/231 687/689/231
f 689/543/232 699/690/232 700/671/232
f 691/691/233 697/538/233 699/686/233
f 686/540/234 692/575/234 690/538/234
f 688/688/235 673/673/235 670/549/235
f 688/576/330 671/539/330 673/679/330
f 674/681/237 691/692/237 689/543/237
f 674/578/331 690/538/331 691/693/331
f 693/565/239 670/549/239 680/676/239
s 1
f 762/589/332 702/581/333 760/582/334
f 712/694/335 714/695/336 709/585/337
f 716/586/338 717/581/339 714/695/336
f 720/587/340 721/588/341 717/581/339
f 724/589/342 725/590/343 721/588/341
f 728/696/344 730/592/345 725/585/343
f 732/697/346 733/581/347 730/592/345
f 735/698/348 737/699/349 733/581/347
f 739/589/350 740/590/351 737/699/349
f 743/601/352 745/700/353 740/590/351
f 747/589/354 748/701/355 745/700/353
f 750/702/356 752/703/357 748/701/355
f 754/586/358 755/585/359 752/703/357
f 758/704/360 760/582/334 755/590/359
f 708/586/361 709/585/337 706/705/362
f 742/603/363 727/706/364 711/605/365
f 703/594/366 706/705/362 702/581/333
f 706/705/362 701/607/367 702/581/333
f 703/594/366 707/608/368 708/586/361
f 710/707/369 705/611/370 706/609/362
f 707/708/368 711/605/365 712/613/335
f 714/695/336 710/614/369 709/585/337
f 716/586/338 712/694/335 715/608/371
f 718/709/372 713/616/373 714/617/336
f 715/710/371 719/619/374 720/620/340
f 721/588/341 718/607/372 717/581/339
f 724/589/342 720/587/340 723/622/375
f 725/590/343 722/621/376 721/588/341
f 728/624/344 723/711/375 727/706/364
f 730/592/345 726/614/377 725/585/343
f 732/626/346 727/706/364 731/712/378
f 734/713/379 729/628/380 730/626/345
f 732/626/346 731/712/378 735/714/348
f 737/699/349 734/607/379 733/581/347
f 735/698/348 738/622/381 739/589/350
f 737/632/349 741/715/382 736/631/383
f 738/716/381 742/603/363 743/634/352
f 740/590/351 745/700/353 741/623/382
f 743/601/352 746/622/384 747/589/354
f 748/635/355 744/717/385 745/718/353
f 746/719/384 749/637/386 750/635/356
f 754/586/358 750/702/356 753/608/387
f 752/720/357 756/721/388 751/722/389
f 753/641/387 757/642/390 758/643/360
f 760/582/334 756/623/388 755/590/359
f 762/589/332 758/704/360 761/622/391
f 701/723/367 759/647/392 760/644/334
f 703/594/366 761/622/391 704/629/393
f 736/631/383 744/717/385 759/647/392
f 774/724/394 763/725/302 773/726/303
f 768/727/304 769/728/305 767/729/306
f 770/730/307 771/731/308 769/728/305
f 772/732/309 773/733/303 771/734/308
f 766/735/310 767/736/306 765/737/311
f 772/738/309 770/739/307 768/740/304
f 764/741/312 765/742/311 763/725/302
f 771/743/308 773/744/303 765/745/311
s 0
f 811/506/1 776/507/1 805/508/1
f 825/506/2 804/507/2 819/508/2
f 796/509/3 810/510/3 824/511/3
f 784/512/4 790/508/4 777/507/4
f 797/512/5 818/508/5 791/507/5
f 775/513/395 779/514/395 781/515/395
f 776/507/196 779/516/196 778/517/196
f 777/507/396 779/516/396 780/518/396
f 782/512/198 786/519/198 788/520/198
f 783/513/10 786/514/10 785/521/10
f 784/512/11 786/519/11 787/522/11
f 789/509/12 793/523/12 795/524/12
f 790/508/13 793/525/13 792/526/13
f 791/507/200 793/516/200 794/518/200
f 796/509/397 800/523/397 802/527/397
f 797/512/16 800/519/16 799/522/16
f 798/506/202 800/528/202 801/529/202
f 803/510/18 807/530/18 809/531/18
f 804/507/19 807/516/19 806/517/19
f 805/508/203 807/525/203 808/532/203
f 810/510/204 814/530/204 816/533/204
f 811/506/205 814/528/205 813/534/205
f 812/512/206 814/519/206 815/520/206
f 817/511/24 821/535/24 823/536/24
f 818/508/25 821/525/25 820/526/25
f 819/508/398 821/525/398 822/532/398
f 824/511/399 828/535/399 830/537/399
f 825/506/28 828/528/28 827/534/28
f 826/506/210 828/528/210 829/529/210
f 775/513/30 792/527/30 789/509/30
f 781/517/31 790/508/31 792/526/31
f 782/512/32 780/518/32 776/507/32
f 788/520/33 777/507/33 780/518/33
f 796/509/34 787/515/34 783/513/34
f 802/534/35 784/512/35 787/522/35
f 791/507/36 801/520/36 797/512/36
f 794/532/37 798/506/37 801/529/37
f 789/509/38 820/537/38 817/511/38
f 795/517/39 818/508/39 820/526/39
f 824/511/40 799/524/40 796/509/40
f 830/534/41 797/512/41 799/522/41
f 819/508/42 829/529/42 825/506/42
f 822/532/43 826/506/43 829/529/43
f 817/511/44 806/533/44 803/510/44
f 823/526/45 804/507/45 806/517/45
f 810/510/46 827/536/46 824/511/46
f 816/522/47 825/506/47 827/534/47
f 805/508/48 815/529/48 811/506/48
f 808/518/49 812/512/49 815/520/49
f 803/510/50 778/521/50 775/513/50
f 809/526/51 776/507/51 778/517/51
f 783/513/52 813/531/52 810/510/52
f 785/522/53 811/506/53 813/534/53
f 817/511/54 775/513/54 789/509/54
f 852/538/1 832/539/1 848/540/1
f 859/746/400 847/539/400 857/747/400
f 843/542/212 851/543/212 861/544/212
f 836/545/401 839/540/401 834/748/401
f 844/545/5 856/540/5 840/539/5
f 851/543/402 854/749/402 853/750/402
f 855/565/403 858/751/403 857/752/403
f 831/549/321 841/753/321 842/555/321
f 833/754/404 839/540/404 841/755/404
f 835/545/405 834/748/405 832/539/405
f 843/542/220 838/756/220 837/559/220
f 845/757/406 836/545/406 838/758/406
f 840/539/407 846/759/407 844/545/407
f 842/555/408 858/751/408 855/565/408
f 842/566/409 856/540/409 858/760/409
f 861/544/410 845/761/410 843/542/410
f 861/568/411 844/545/411 845/762/411
f 857/747/412 860/763/412 859/746/412
f 855/565/230 849/764/230 850/571/230
f 857/747/413 847/539/413 849/556/413
f 851/543/414 859/765/414 861/544/414
f 848/540/415 854/686/415 852/538/415
f 849/556/416 853/766/416 854/767/416
f 850/571/417 833/768/417 831/549/417
f 850/576/418 832/539/418 833/754/418
f 837/559/419 854/749/419 851/543/419
f 837/578/420 852/538/420 854/686/420
f 855/565/239 831/549/239 842/555/239
s 1
f 923/769/421 863/581/422 921/582/423
f 872/770/424 874/771/425 869/585/426
f 876/586/427 877/701/428 874/771/425
f 879/702/429 881/699/430 877/701/428
f 883/589/431 884/590/432 881/699/430
f 887/772/433 889/705/434 884/585/432
f 891/586/435 892/581/436 889/705/434
f 895/594/437 897/773/438 892/581/436
f 899/589/439 900/590/440 897/773/438
f 903/774/441 905/775/442 900/590/440
f 907/589/443 908/581/444 905/775/442
f 911/587/445 912/600/446 908/581/444
f 915/586/447 916/585/448 912/600/446
f 919/776/449 921/582/423 916/590/448
f 868/586/450 869/585/426 866/703/451
f 902/603/452 886/706/453 871/605/454
f 864/698/455 866/703/451 863/581/422
f 866/703/451 862/607/456 863/581/422
f 864/698/455 867/608/457 868/586/450
f 866/609/451 870/777/458 865/611/459
f 867/708/457 871/605/454 872/613/424
f 869/585/426 874/771/425 870/614/458
f 872/770/424 875/608/460 876/586/427
f 877/620/428 873/616/461 874/617/425
f 875/778/460 878/619/462 879/620/429
f 883/589/431 879/702/429 882/622/463
f 881/779/430 885/780/464 880/781/465
f 882/711/463 886/706/453 887/624/433
f 889/705/434 885/614/464 884/585/432
f 891/586/435 887/772/433 890/608/466
f 893/782/467 888/628/468 889/626/434
f 895/594/437 890/608/466 894/629/469
f 897/773/438 893/607/467 892/581/436
f 895/594/437 898/622/470 899/589/439
f 901/783/471 896/631/472 897/632/438
f 898/716/470 902/603/452 903/634/441
f 905/775/442 901/623/471 900/590/440
f 907/589/443 903/774/441 906/622/473
f 909/784/474 904/717/475 905/718/442
f 906/785/473 910/637/476 911/635/445
f 912/600/446 909/607/474 908/581/444
f 915/586/447 911/587/445 914/608/477
f 916/585/448 913/640/478 912/600/446
f 919/643/449 914/786/477 918/642/479
f 921/582/423 917/623/480 916/590/448
f 923/644/421 918/642/479 922/787/481
f 862/788/456 920/647/482 921/644/423
f 923/644/421 922/787/481 864/789/455
f 896/631/472 904/717/475 920/647/482
f 935/790/301 924/791/302 934/792/303
f 929/793/304 930/794/305 928/795/306
f 931/796/307 932/797/308 930/794/305
f 933/798/309 934/799/303 932/800/308
f 927/801/310 928/802/306 926/803/311
f 933/804/309 931/805/307 929/806/304
f 925/807/312 926/808/311 924/791/302
f 932/809/308 934/810/303 926/811/311
s 0
f 972/506/1 937/507/1 966/508/1
f 986/506/2 965/507/2 980/508/2
f 957/509/3 971/510/3 985/511/3
f 945/512/4 951/508/4 938/507/4
f 958/512/5 979/508/5 952/507/5
f 936/513/395 940/514/395 942/515/395
f 937/507/7 940/516/7 939/517/7
f 938/507/396 940/516/396 941/518/396
f 943/512/198 947/519/198 949/520/198
f 944/513/483 947/514/483 946/521/483
f 945/512/11 947/519/11 948/522/11
f 950/509/12 954/523/12 956/524/12
f 951/508/13 954/525/13 953/526/13
f 952/507/200 954/516/200 955/518/200
f 957/509/314 961/523/314 963/527/314
f 958/512/315 961/519/315 960/522/315
f 959/506/202 961/528/202 962/529/202
f 964/510/18 968/530/18 970/531/18
f 965/507/484 968/516/484 967/517/484
f 966/508/203 968/525/203 969/532/203
f 971/510/485 975/530/485 977/533/485
f 972/506/22 975/528/22 974/534/22
f 973/512/206 975/519/206 976/520/206
f 978/511/24 982/535/24 984/536/24
f 979/508/317 982/525/317 981/526/317
f 980/508/398 982/525/398 983/532/398
f 985/511/27 989/535/27 991/537/27
f 986/506/28 989/528/28 988/534/28
f 987/506/210 989/528/210 990/529/210
f 936/513/30 953/527/30 950/509/30
f 942/517/31 951/508/31 953/526/31
f 943/512/32 941/518/32 937/507/32
f 949/520/33 938/507/33 941/518/33
f 957/509/34 948/515/34 944/513/34
f 963/534/35 945/512/35 948/522/35
f 952/507/36 962/520/36 958/512/36
f 955/532/37 959/506/37 962/529/37
f 950/509/38 981/537/38 978/511/38
f 956/517/39 979/508/39 981/526/39
f 985/511/40 960/524/40 957/509/40
f 991/534/41 958/512/41 960/522/41
f 980/508/42 990/529/42 986/506/42
f 983/532/43 987/506/43 990/529/43
f 978/511/44 967/533/44 964/510/44
f 984/526/45 965/507/45 967/517/45
f 971/510/46 988/536/46 985/511/46
f 977/522/47 986/506/47 988/534/47
f 966/508/48 976/529/48 972/506/48
f 969/518/49 973/512/49 976/520/49
f 964/510/50 939/521/50 936/513/50
f 970/526/51 937/507/51 939/517/51
f 944/513/52 974/531/52 971/510/52
f 946/522/53 972/506/53 974/534/53
f 978/511/54 936/513/54 950/509/54
f 1012/538/486 993/539/486 1009/812/486
f 1019/538/487 1008/813/487 1017/747/487
f 1004/542/212 1011/543/212 1022/671/212
f 997/545/401 1000/540/401 995/814/401
f 1005/545/5 1016/540/5 1001/539/5
f 1011/543/488 1014/815/488 1013/750/488
f 1015/565/489 1018/751/489 1017/752/489
f 992/549/321 1002/816/321 1003/676/321
f 994/817/404 1000/540/404 1002/677/404
f 996/545/405 995/814/405 993/539/405
f 1004/542/220 999/818/220 998/681/220
f 1006/819/406 997/545/406 999/820/406
f 1001/539/407 1007/759/407 1005/545/407
f 1003/676/408 1018/751/408 1015/565/408
f 1003/566/490 1016/540/490 1018/677/490
f 1022/671/410 1006/821/410 1004/542/410
f 1022/568/491 1005/545/491 1006/822/491
f 1017/747/492 1021/686/492 1019/538/492
f 1018/677/493 1020/538/493 1021/686/493
f 1015/565/494 1008/823/494 1010/688/494
f 1011/543/232 1021/690/232 1022/671/232
f 1013/766/495 1019/538/495 1021/686/495
f 1009/812/496 1014/824/496 1012/538/496
f 1009/825/497 1013/766/497 1014/826/497
f 1010/688/417 994/827/417 992/549/417
f 1010/576/418 993/539/418 994/817/418
f 998/681/419 1014/815/419 1011/543/419
f 998/578/498 1012/538/498 1014/824/498
f 1015/565/239 992/549/239 1003/676/239
s 1
f 1083/828/499 1024/581/500 1082/773/501
f 1034/829/502 1035/602/503 1031/585/504
f 1037/586/505 1039/598/506 1035/602/503
f 1041/599/507 1042/588/508 1039/598/506
f 1045/589/509 1046/590/510 1042/588/508
f 1049/830/511 1051/592/512 1046/585/510
f 1053/831/513 1054/581/514 1051/592/512
f 1056/606/515 1058/832/516 1054/581/514
f 1060/589/517 1061/590/518 1058/832/516
f 1064/833/519 1066/834/520 1061/590/518
f 1068/589/521 1069/581/522 1066/834/520
f 1072/587/523 1073/600/524 1069/581/522
f 1076/586/525 1077/585/526 1073/600/524
f 1080/835/527 1082/773/501 1077/590/526
f 1030/586/528 1031/585/504 1028/836/529
f 1063/603/530 1048/706/531 1033/605/532
f 1025/594/533 1028/836/529 1024/581/500
f 1024/581/500 1028/836/529 1023/607/534
f 1025/594/533 1029/608/535 1030/586/528
f 1032/837/536 1027/611/537 1028/609/529
f 1029/838/535 1033/605/532 1034/613/502
f 1031/585/504 1035/602/503 1032/614/536
f 1034/829/502 1036/608/538 1037/586/505
f 1041/620/507 1036/839/538 1040/619/539
f 1039/620/506 1043/840/540 1038/841/541
f 1045/589/509 1041/599/507 1044/622/542
f 1046/590/510 1043/621/540 1042/588/508
f 1044/711/542 1048/706/531 1049/624/511
f 1051/592/512 1047/614/543 1046/585/510
f 1053/626/513 1048/706/531 1052/842/544
f 1055/843/545 1050/628/546 1051/626/512
f 1054/581/514 1058/832/516 1055/607/545
f 1056/606/515 1059/622/547 1060/589/517
f 1058/632/516 1062/844/548 1057/631/549
f 1059/845/547 1063/603/530 1064/634/519
f 1061/590/518 1066/834/520 1062/623/548
f 1064/833/519 1067/622/550 1068/589/521
f 1070/846/551 1065/717/552 1066/718/520
f 1067/847/550 1071/637/553 1072/635/523
f 1069/581/522 1074/640/554 1070/607/551
f 1076/586/525 1072/587/523 1075/608/555
f 1073/600/524 1078/614/556 1074/640/554
f 1080/643/527 1075/848/555 1079/849/557
f 1082/773/501 1078/623/556 1077/590/526
f 1080/643/527 1079/849/557 1083/644/499
f 1023/850/534 1081/647/558 1082/644/501
f 1083/828/499 1026/629/559 1025/594/533
f 1057/631/549 1065/717/552 1081/647/558
f 1095/851/394 1084/852/302 1094/853/303
f 1089/854/304 1090/855/305 1088/856/306
f 1091/857/307 1092/858/308 1090/855/305
f 1093/859/309 1094/860/303 1092/861/308
f 1087/862/310 1088/863/306 1086/864/311
f 1093/865/309 1091/866/307 1089/867/304
f 1085/868/312 1086/869/311 1084/852/302
f 1092/870/308 1094/871/303 1086/872/311
f 1096/873/54 1105/874/560 1097/875/561
f 1097/876/561 1106/877/562 1098/878/563
f 1106/877/562 1099/879/564 1098/878/563
f 1107/880/565 1100/873/3 1099/875/564
f 1108/881/566 1101/882/567 1100/873/3
f 1109/883/568 1102/878/569 1101/879/567
f 1110/877/570 1103/876/571 1102/878/569
f 1111/884/572 1096/873/54 1103/882/571
f 1104/885/573 1113/886/574 1105/874/560
f 1113/887/574 1106/877/562 1105/888/560
f 1114/889/575 1107/883/565 1106/877/562
f 1115/890/576 1108/881/566 1107/880/565
f 1116/891/577 1109/892/568 1108/881/566
f 1109/883/568 1118/889/578 1110/877/570
f 1110/877/570 1119/887/579 1111/888/572
f 1111/884/572 1112/893/580 1104/885/573
f 1120/894/38 1113/886/574 1112/893/580
f 1113/887/574 1122/895/581 1114/889/575
f 1114/889/575 1123/896/582 1115/897/576
f 1123/898/582 1116/891/577 1115/890/576
f 1124/899/52 1117/900/583 1116/891/577
f 1125/896/584 1118/889/578 1117/897/583
f 1126/895/585 1119/887/579 1118/889/578
f 1127/901/586 1112/893/580 1119/902/579
f 1128/903/587 1121/904/588 1120/894/38
f 1129/905/589 1122/895/581 1121/906/588
f 1122/895/581 1131/907/590 1123/896/582
f 1131/908/590 1124/899/52 1123/898/582
f 1132/909/591 1125/910/584 1124/899/52
f 1125/896/584 1134/911/592 1126/895/585
f 1126/895/585 1135/905/593 1127/906/586
f 1135/912/593 1120/894/38 1127/901/586
f 1128/903/587 1137/913/594 1129/914/589
f 1137/915/594 1130/911/595 1129/905/589
f 1138/916/596 1131/907/590 1130/911/595
f 1131/908/590 1140/917/597 1132/909/591
f 1140/917/597 1133/918/598 1132/909/591
f 1141/919/599 1134/911/592 1133/907/598
f 1134/911/592 1143/915/600 1135/905/593
f 1143/920/600 1128/903/587 1135/912/593
f 1144/921/601 1137/913/594 1136/922/602
f 1145/923/603 1138/916/596 1137/915/594
f 1138/916/596 1147/924/604 1139/919/605
f 1147/925/604 1140/917/597 1139/926/605
f 1140/917/597 1149/927/606 1141/928/599
f 1149/924/606 1142/916/607 1141/919/599
f 1142/916/607 1151/923/608 1143/915/600
f 1143/920/600 1144/921/601 1136/922/602
f 1152/929/609 1145/930/603 1144/921/601
f 1145/923/603 1154/931/610 1146/932/611
f 1154/931/610 1147/924/604 1146/932/611
f 1155/933/612 1148/934/613 1147/925/604
f 1156/935/614 1149/927/606 1148/934/613
f 1149/924/606 1158/931/615 1150/932/616
f 1158/931/615 1151/923/608 1150/932/616
f 1151/936/608 1152/929/609 1144/921/601
f 1152/929/609 1161/937/617 1153/913/618
f 1161/938/617 1154/931/610 1153/939/618
f 1162/940/619 1155/941/612 1154/931/610
f 1163/908/620 1156/935/614 1155/933/612
f 1164/942/621 1157/943/622 1156/935/614
f 1165/944/623 1158/931/615 1157/941/622
f 1158/931/615 1167/938/624 1159/939/625
f 1167/945/624 1152/929/609 1159/920/625
f 1168/894/39 1161/937/617 1160/946/626
f 1169/947/627 1162/940/619 1161/938/617
f 1170/948/628 1163/944/620 1162/940/619
f 1163/908/620 1172/949/53 1164/942/621
f 1172/949/53 1165/918/623 1164/942/621
f 1165/944/623 1174/948/629 1166/940/630
f 1174/948/629 1167/938/624 1166/940/630
f 1167/945/624 1168/894/39 1160/946/626
f 1176/950/631 1169/951/627 1168/894/39
f 1169/947/627 1178/952/632 1170/948/628
f 1178/952/632 1171/953/633 1170/948/628
f 1179/890/634 1172/949/53 1171/898/633
f 1180/954/635 1173/910/636 1172/949/53
f 1181/955/637 1174/948/629 1173/953/636
f 1182/952/638 1175/947/639 1174/948/629
f 1175/956/639 1176/950/631 1168/894/39
f 1184/885/640 1177/886/641 1176/950/631
f 1185/957/642 1178/952/632 1177/958/641
f 1178/952/632 1187/959/643 1179/955/634
f 1187/880/643 1180/954/635 1179/890/634
f 1188/881/644 1181/900/637 1180/954/635
f 1189/959/645 1182/952/638 1181/955/637
f 1190/960/646 1183/958/647 1182/952/638
f 1191/884/648 1176/950/631 1183/902/647
f 1184/885/640 1193/875/649 1185/874/642
f 1193/961/649 1186/960/650 1185/957/642
f 1186/960/650 1195/962/651 1187/959/643
f 1195/875/651 1188/881/644 1187/880/643
f 1188/881/644 1197/882/652 1189/892/645
f 1197/962/652 1190/960/646 1189/959/645
f 1190/960/646 1199/961/653 1191/957/648
f 1199/882/653 1184/885/640 1191/884/648
f 1200/963/654 1193/875/649 1192/873/5
f 1201/964/655 1194/965/656 1193/961/649
f 1202/966/657 1195/962/651 1194/965/656
f 1203/967/658 1196/873/1 1195/875/651
f 1196/873/1 1205/968/659 1197/882/652
f 1205/969/659 1198/965/660 1197/962/652
f 1206/966/661 1199/961/653 1198/965/660
f 1199/882/653 1200/963/654 1192/873/5
f 1208/970/662 1201/971/655 1200/963/654
f 1201/964/655 1210/972/663 1202/966/657
f 1210/972/663 1203/969/658 1202/966/657
f 1211/973/664 1204/974/665 1203/967/658
f 1212/975/666 1205/968/659 1204/974/665
f 1213/976/667 1206/966/661 1205/969/659
f 1214/972/668 1207/964/669 1206/966/661
f 1207/977/669 1208/970/662 1200/963/654
f 1216/978/41 1209/979/670 1208/970/662
f 1209/980/670 1218/981/671 1210/972/663
f 1218/981/671 1211/976/664 1210/972/663
f 1211/973/664 1220/982/51 1212/975/666
f 1220/982/51 1213/983/667 1212/975/666
f 1213/976/667 1222/981/672 1214/972/668
f 1214/972/668 1223/984/673 1215/980/674
f 1215/985/674 1216/978/41 1208/970/662
f 1216/978/41 1225/986/675 1217/987/676
f 1225/988/675 1218/981/671 1217/984/676
f 1226/989/677 1219/990/678 1218/981/671
f 1219/991/678 1228/992/679 1220/982/51
f 1220/982/51 1229/993/680 1221/994/681
f 1221/990/681 1230/989/682 1222/981/672
f 1222/981/672 1231/988/683 1223/984/673
f 1231/995/683 1216/978/41 1223/996/673
f 1232/997/684 1225/986/675 1224/998/685
f 1225/988/675 1234/999/686 1226/989/677
f 1226/989/677 1235/1000/687 1227/1001/688
f 1235/1002/687 1228/992/679 1227/1003/688
f 1236/1004/689 1229/993/680 1228/992/679
f 1229/1001/680 1238/999/690 1230/989/682
f 1230/989/682 1239/1005/691 1231/988/683
f 1231/995/683 1232/997/684 1224/998/685
f 1232/997/684 1241/1006/692 1233/1007/693
f 1233/1005/693 1242/1008/694 1234/999/686
f 1234/999/686 1243/1009/695 1235/1000/687
f 1243/1010/695 1236/1004/689 1235/1002/687
f 1244/1011/696 1237/1012/697 1236/1004/689
f 1245/1009/698 1238/999/690 1237/1000/697
f 1246/1008/699 1239/1005/691 1238/999/690
f 1247/1013/700 1232/997/684 1239/1014/691
f 1240/1015/701 1249/913/702 1241/1016/692
f 1249/1017/702 1242/1008/694 1241/1018/692
f 1242/1008/694 1251/1019/703 1243/1009/695
f 1243/925/695 1252/917/704 1244/934/696
f 1244/934/696 1253/943/705 1245/1020/698
f 1253/1019/705 1246/1008/699 1245/1009/698
f 1246/1008/699 1255/1017/706 1247/1018/700
f 1255/920/706 1240/1015/701 1247/1021/700
f 1256/903/707 1249/913/702 1248/922/708
f 1257/1022/709 1250/1023/710 1249/1017/702
f 1250/1023/710 1259/1024/711 1251/1019/703
f 1251/933/703 1260/909/712 1252/917/704
f 1260/909/712 1253/943/705 1252/917/704
f 1253/1019/705 1262/1025/713 1254/1023/714
f 1262/1025/713 1255/1017/706 1254/1023/714
f 1255/920/706 1256/903/707 1248/922/708
f 1264/894/40 1257/914/709 1256/903/707
f 1265/1026/715 1258/1025/716 1257/1022/709
f 1266/1027/717 1259/1024/711 1258/1025/716
f 1267/898/718 1260/909/712 1259/908/711
f 1260/909/712 1269/910/719 1261/918/720
f 1269/1028/719 1262/1025/713 1261/1024/720
f 1262/1025/713 1271/1026/721 1263/1022/722
f 1271/901/721 1256/903/707 1263/912/722
f 1272/893/723 1265/904/715 1264/894/40
f 1273/1029/724 1266/1027/717 1265/1026/715
f 1266/1027/717 1275/1030/725 1267/1028/718
f 1275/890/725 1268/949/50 1267/898/718
f 1276/891/726 1269/910/719 1268/949/50
f 1277/1030/727 1270/1027/728 1269/1028/719
f 1278/1031/729 1271/1026/721 1270/1027/728
f 1271/901/721 1272/893/723 1264/894/40
f 1272/893/723 1281/1032/730 1273/1033/724
f 1281/1034/730 1274/1031/731 1273/1029/724
f 1282/1035/732 1275/1030/725 1274/1031/731
f 1275/890/725 1284/881/733 1276/891/726
f 1284/881/733 1277/900/727 1276/891/726
f 1277/1030/727 1286/1035/734 1278/1031/729
f 1278/1031/729 1287/1034/735 1279/1029/736
f 1287/1036/735 1272/893/723 1279/1037/736
f 1280/1038/737 1289/875/738 1281/1032/730
f 1281/1034/730 1290/1039/739 1282/1035/732
f 1290/1039/739 1283/1040/740 1282/1035/732
f 1283/1041/740 1292/873/54 1284/881/733
f 1292/873/54 1285/1042/741 1284/881/733
f 1293/1043/742 1286/1035/734 1285/1040/741
f 1294/1039/743 1287/1034/735 1286/1035/734
f 1295/882/744 1280/1038/737 1287/1036/735
f 1296/963/566 1289/875/738 1288/873/3
f 1297/1044/745 1290/1039/739 1289/1045/738
f 1298/1046/746 1291/1043/747 1290/1039/739
f 1299/967/748 1292/873/54 1291/875/747
f 1292/873/54 1301/968/749 1293/882/742
f 1301/1047/749 1294/1039/743 1293/1043/742
f 1294/1039/743 1303/1044/750 1295/1045/744
f 1303/977/750 1288/873/3 1295/882/744
f 1304/970/577 1297/971/745 1296/963/566
f 1297/1044/745 1306/1048/751 1298/1046/746
f 1306/1048/751 1299/1047/748 1298/1046/746
f 1307/973/752 1300/974/573 1299/967/748
f 1300/974/573 1309/983/753 1301/968/749
f 1309/1049/753 1302/1046/754 1301/1047/749
f 1310/1048/755 1303/1044/750 1302/1046/754
f 1311/985/756 1296/963/566 1303/977/750
f 1304/970/577 1313/1050/757 1305/979/758
f 1313/1051/757 1306/1048/751 1305/1052/758
f 1306/1048/751 1315/1053/759 1307/1049/752
f 1315/1054/759 1308/975/580 1307/973/752
f 1308/975/580 1317/1055/760 1309/983/753
f 1309/1049/753 1318/1056/761 1310/1048/755
f 1310/1048/755 1319/1051/762 1311/1052/756
f 1319/1057/762 1304/970/577 1311/985/756
f 1312/1058/52 1321/986/763 1313/1050/757
f 1321/1059/763 1314/1056/764 1313/1051/757
f 1314/1056/764 1323/1060/765 1315/1053/759
f 1323/1061/765 1316/1062/38 1315/1054/759
f 1324/992/587 1317/1055/760 1316/1062/38
f 1325/1060/766 1318/1056/761 1317/1053/760
f 1326/1063/767 1319/1051/762 1318/1056/761
f 1319/1057/762 1320/998/591 1312/1058/52
f 1328/997/597 1321/986/763 1320/998/591
f 1321/1059/763 1330/1064/768 1322/1063/769
f 1330/1064/768 1323/1060/765 1322/1063/769
f 1323/1061/765 1332/1004/602 1324/992/587
f 1332/1004/602 1325/1065/766 1324/992/587
f 1325/1060/766 1334/1064/770 1326/1063/767
f 1334/1064/770 1327/1059/771 1326/1063/767
f 1327/995/771 1328/997/597 1320/998/591
f 1336/1066/613 1329/1007/772 1328/997/597
f 1329/1067/772 1338/1068/773 1330/1064/768
f 1338/1068/773 1331/1069/774 1330/1064/768
f 1331/1002/774 1340/1070/601 1332/1004/602
f 1340/1070/601 1333/1012/775 1332/1004/602
f 1333/1069/775 1342/1068/776 1334/1064/770
f 1342/1068/776 1335/1067/777 1334/1064/770
f 1335/1014/777 1336/1066/613 1328/997/597
f 1344/1071/614 1337/1006/778 1336/1066/613
f 1337/1072/778 1346/1073/779 1338/1068/773
f 1346/1073/779 1339/1074/780 1338/1068/773
f 1339/1075/780 1348/1076/609 1340/1070/601
f 1348/1076/609 1341/1077/781 1340/1070/601
f 1349/1078/782 1342/1068/776 1341/1074/781
f 1350/1073/783 1343/1072/784 1342/1068/776
f 1343/1079/784 1344/1071/614 1336/1066/613
f 1344/1071/614 1353/986/785 1345/1080/786
f 1353/1081/785 1346/1073/779 1345/1082/786
f 1354/1083/787 1347/1078/788 1346/1073/779
f 1355/1003/789 1348/1076/609 1347/1084/788
f 1356/992/626 1349/1085/782 1348/1076/609
f 1357/1086/790 1350/1073/783 1349/1078/782
f 1350/1073/783 1359/1081/791 1351/1082/792
f 1359/995/791 1344/1071/614 1351/1087/792
f 1360/978/53 1353/986/785 1352/998/621
f 1353/1081/785 1362/1088/793 1354/1083/787
f 1362/1088/793 1355/1086/789 1354/1083/787
f 1363/991/794 1356/992/626 1355/1003/789
f 1364/982/39 1357/993/790 1356/992/626
f 1365/1089/795 1358/1083/796 1357/1086/790
f 1366/1088/797 1359/1081/791 1358/1083/796
f 1359/995/791 1360/978/53 1352/998/621
f 1368/1090/635 1361/987/798 1360/978/53
f 1361/1091/798 1370/1092/799 1362/1088/793
f 1362/1088/793 1371/1093/800 1363/1089/794
f 1363/991/794 1372/1094/631 1364/982/39
f 1372/1094/631 1365/994/795 1364/982/39
f 1373/1093/801 1366/1088/797 1365/1089/795
f 1366/1088/797 1375/1095/802 1367/1091/803
f 1375/1096/802 1360/978/53 1367/996/803
f 1376/1097/644 1369/1098/804 1368/1090/635
f 1377/1099/805 1370/1092/799 1369/1095/804
f 1378/1100/806 1371/1093/800 1370/1092/799
f 1379/1101/807 1372/1094/631 1371/1102/800
f 1380/1103/640 1373/1104/801 1372/1094/631
f 1373/1093/801 1382/1100/808 1374/1092/809
f 1382/1100/808 1375/1095/802 1374/1092/809
f 1375/1096/802 1376/1097/644 1368/1090/635
f 1384/873/1 1377/1105/805 1376/1097/644
f 1385/1106/810 1378/1100/806 1377/1099/805
f 1378/1100/806 1387/1107/811 1379/1108/807
f 1379/1101/807 1388/873/5 1380/1103/640
f 1388/873/5 1381/1109/812 1380/1103/640
f 1389/1107/813 1382/1100/808 1381/1108/812
f 1382/1100/808 1391/1106/814 1383/1099/815
f 1383/1110/815 1384/873/1 1376/1097/644
f 1392/885/665 1385/875/810 1384/873/1
f 1385/1106/810 1394/1111/816 1386/1112/817
f 1386/1112/817 1395/1113/818 1387/1107/811
f 1395/880/818 1388/873/5 1387/875/811
f 1396/881/654 1389/882/813 1388/873/5
f 1389/1107/813 1398/1111/819 1390/1112/820
f 1398/1111/819 1391/1106/814 1390/1112/820
f 1391/882/814 1392/885/665 1384/873/1
f 1400/1114/666 1393/874/821 1392/885/665
f 1393/1115/821 1402/1116/822 1394/1111/816
f 1394/1111/816 1403/1117/823 1395/1113/818
f 1395/880/818 1404/891/662 1396/881/654
f 1396/881/654 1405/1118/824 1397/892/825
f 1405/1117/824 1398/1111/819 1397/1113/825
f 1398/1111/819 1407/1119/826 1399/1115/827
f 1407/1037/826 1392/885/665 1399/884/827
f 1400/1114/666 1409/951/828 1401/1033/829
f 1409/1120/828 1402/1116/822 1401/1119/829
f 1402/1116/822 1411/1121/830 1403/1117/823
f 1411/898/830 1404/891/662 1403/1122/823
f 1412/949/41 1405/1118/824 1404/891/662
f 1405/1117/824 1414/1123/831 1406/1116/832
f 1406/1116/832 1415/1120/833 1407/1119/826
f 1415/956/833 1400/1114/666 1407/1037/826
f 1408/894/51 1417/937/834 1409/951/828
f 1417/1124/834 1410/1123/835 1409/1120/828
f 1410/1123/835 1419/1125/836 1411/1121/830
f 1419/908/836 1412/949/41 1411/898/830
f 1420/942/685 1413/910/837 1412/949/41
f 1421/1125/838 1414/1123/831 1413/1121/837
f 1414/1123/831 1423/1124/839 1415/1120/833
f 1423/945/839 1408/894/51 1415/956/833
f 1424/1126/689 1417/937/834 1416/946/679
f 1417/1124/834 1426/1127/840 1418/1128/841
f 1426/1127/840 1419/1125/836 1418/1128/841
f 1419/908/836 1428/917/684 1420/942/685
f 1420/942/685 1429/928/842 1421/918/838
f 1429/1129/842 1422/1128/843 1421/1125/838
f 1430/1127/844 1423/1124/839 1422/1128/843
f 1431/1130/845 1416/946/679 1423/945/839
f 1432/1015/696 1425/1131/846 1424/1126/689
f 1425/1132/846 1434/1133/847 1426/1127/840
f 1434/1133/847 1427/1129/848 1426/1127/840
f 1427/926/848 1436/934/701 1428/917/684
f 1436/934/701 1429/928/842 1428/917/684
f 1437/1134/849 1430/1127/844 1429/1129/842
f 1438/1133/850 1431/1132/845 1430/1127/844
f 1439/1021/851 1424/1126/689 1431/1130/845
f 1440/997/704 1433/1135/852 1432/1136/696
f 1441/1137/853 1434/1133/847 1433/1138/852
f 1442/1139/854 1435/1134/855 1434/1133/847
f 1435/1140/855 1444/1004/708 1436/1141/701
f 1444/1004/708 1437/1142/849 1436/1141/701
f 1445/1143/856 1438/1133/850 1437/1134/849
f 1446/1139/857 1439/1138/851 1438/1133/850
f 1439/1144/851 1440/997/704 1432/1136/696
f 1448/1145/712 1441/1146/853 1440/997/704
f 1441/1137/853 1450/1147/858 1442/1139/854
f 1450/1147/858 1443/1143/859 1442/1139/854
f 1451/1148/860 1444/1004/708 1443/1149/859
f 1452/1150/707 1445/1151/856 1444/1004/708
f 1445/1143/856 1454/1147/861 1446/1139/857
f 1454/1147/861 1447/1137/862 1446/1139/857
f 1447/1152/862 1448/1145/712 1440/997/704
f 1456/1153/50 1449/1154/863 1448/1145/712
f 1457/1155/864 1450/1147/858 1449/1156/863
f 1458/1157/865 1451/1158/860 1450/1147/858
f 1451/1148/860 1460/1159/40 1452/1150/707
f 1452/1150/707 1461/1160/866 1453/1161/867
f 1453/1158/867 1462/1157/868 1454/1147/861
f 1454/1147/861 1463/1155/869 1455/1156/870
f 1463/1162/869 1448/1145/712 1455/1163/870
f 1464/1164/726 1457/1165/864 1456/1153/50
f 1465/1166/871 1458/1157/865 1457/1155/864
f 1466/1167/872 1459/1168/873 1458/1157/865
f 1467/1169/874 1460/1159/40 1459/1170/873
f 1460/1159/40 1469/1171/875 1461/1160/866
f 1461/1168/866 1470/1167/876 1462/1157/868
f 1470/1167/876 1463/1155/869 1462/1157/868
f 1463/1162/869 1464/1164/726 1456/1153/50
f 1464/1164/726 1473/1172/877 1465/1173/871
f 1465/1166/871 1474/1174/878 1466/1167/872
f 1466/1167/872 1475/1175/879 1467/1176/874
f 1475/1177/879 1468/975/723 1467/1169/874
f 1476/1178/737 1469/1171/875 1468/975/723
f 1477/1175/880 1470/1167/876 1469/1176/875
f 1478/1174/881 1471/1166/882 1470/1167/876
f 1471/1179/882 1472/1180/733 1464/1164/726
f 1472/1180/733 1097/875/561 1473/1172/877
f 1097/876/561 1474/1174/878 1473/1181/877
f 1474/1174/878 1099/879/564 1475/1175/879
f 1099/875/564 1476/1178/737 1475/1177/879
f 1476/1178/737 1101/882/567 1477/1182/880
f 1101/879/567 1478/1174/881 1477/1175/880
f 1102/878/569 1479/1181/883 1478/1174/881
f 1103/882/571 1472/1180/733 1479/1183/883
f 1488/1184/573 1481/1185/561 1480/1186/54
f 1481/1187/561 1490/1188/562 1482/1189/563
f 1482/1189/563 1491/1190/565 1483/1191/564
f 1491/1192/565 1484/1186/3 1483/1185/564
f 1492/1193/566 1485/1194/567 1484/1186/3
f 1493/1190/568 1486/1189/569 1485/1191/567
f 1494/1188/570 1487/1187/571 1486/1189/569
f 1487/1194/571 1488/1184/573 1480/1186/54
f 1496/1195/580 1489/1196/560 1488/1184/573
f 1497/1197/574 1490/1188/562 1489/1198/560
f 1498/1199/575 1491/1190/565 1490/1188/562
f 1499/1200/576 1492/1193/566 1491/1192/565
f 1500/1201/577 1493/1202/568 1492/1193/566
f 1501/1203/583 1494/1188/570 1493/1190/568
f 1502/1199/578 1495/1198/572 1494/1188/570
f 1495/1204/572 1496/1195/580 1488/1184/573
f 1504/1205/38 1497/1206/574 1496/1195/580
f 1497/1197/574 1506/1207/581 1498/1199/575
f 1498/1199/575 1507/1208/582 1499/1203/576
f 1507/1209/582 1500/1201/577 1499/1200/576
f 1500/1201/577 1509/1210/584 1501/1211/583
f 1501/1203/583 1510/1207/585 1502/1199/578
f 1510/1207/585 1503/1197/579 1502/1199/578
f 1511/1212/586 1496/1195/580 1503/1213/579
f 1504/1205/38 1513/1214/884 1505/1215/588
f 1513/1216/884 1506/1207/581 1505/1217/588
f 1506/1207/581 1515/1218/590 1507/1208/582
f 1515/1219/590 1508/1220/52 1507/1209/582
f 1508/1220/52 1517/1221/598 1509/1210/584
f 1517/1218/598 1510/1207/585 1509/1208/584
f 1518/1222/592 1511/1217/586 1510/1207/585
f 1519/1223/885 1504/1205/38 1511/1212/586
f 1520/1224/602 1513/1214/884 1512/1225/587
f 1513/1216/884 1522/1226/596 1514/1222/595
f 1514/1222/595 1523/1227/605 1515/1218/590
f 1523/1228/605 1516/1229/591 1515/1219/590
f 1516/1229/591 1525/1230/599 1517/1221/598
f 1525/1227/599 1518/1222/592 1517/1218/598
f 1526/1226/607 1519/1216/885 1518/1222/592
f 1519/1223/885 1520/1224/602 1512/1225/587
f 1528/1231/601 1521/1232/594 1520/1224/602
f 1529/1233/603 1522/1226/596 1521/1234/594
f 1530/1235/611 1523/1227/605 1522/1226/596
f 1531/1236/604 1524/1237/597 1523/1228/605
f 1524/1237/597 1533/1238/606 1525/1230/599
f 1533/1239/606 1526/1226/607 1525/1227/599
f 1534/1235/616 1527/1234/600 1526/1226/607
f 1527/1240/600 1528/1231/601 1520/1224/602
f 1528/1231/601 1537/1232/618 1529/1241/603
f 1537/1242/618 1530/1235/611 1529/1233/603
f 1538/1243/610 1531/1239/604 1530/1235/611
f 1531/1236/604 1540/1237/614 1532/1244/613
f 1532/1244/613 1541/1245/622 1533/1238/606
f 1541/1246/622 1534/1235/616 1533/1239/606
f 1534/1235/616 1543/1242/625 1535/1233/608
f 1535/1247/608 1536/1248/609 1528/1231/601
f 1544/1225/626 1537/1232/618 1536/1248/609
f 1537/1242/618 1546/1249/619 1538/1243/610
f 1538/1243/610 1547/1250/620 1539/1246/612
f 1539/1251/612 1548/1252/621 1540/1237/614
f 1548/1252/621 1541/1245/622 1540/1237/614
f 1549/1250/623 1542/1243/615 1541/1246/622
f 1550/1249/630 1543/1242/625 1542/1243/615
f 1543/1240/625 1544/1225/626 1536/1248/609
f 1552/1253/39 1545/1254/886 1544/1225/626
f 1545/1255/886 1554/1256/628 1546/1249/619
f 1546/1249/619 1555/1257/633 1547/1250/620
f 1547/1219/620 1556/1258/53 1548/1252/621
f 1556/1258/53 1549/1221/623 1548/1252/621
f 1557/1257/636 1550/1249/630 1549/1250/623
f 1558/1256/629 1551/1255/887 1550/1249/630
f 1551/1259/887 1552/1253/39 1544/1225/626
f 1560/1195/631 1553/1260/627 1552/1253/39
f 1553/1261/627 1562/1262/632 1554/1256/628
f 1554/1256/628 1563/1263/634 1555/1257/633
f 1563/1264/634 1556/1258/53 1555/1265/633
f 1564/1201/635 1557/1266/636 1556/1258/53
f 1557/1257/636 1566/1262/638 1558/1256/629
f 1566/1262/638 1559/1261/639 1558/1256/629
f 1567/1213/647 1552/1253/39 1559/1267/639
f 1560/1195/631 1569/1196/642 1561/1206/641
f 1569/1268/642 1562/1262/632 1561/1269/641
f 1570/1270/650 1563/1263/634 1562/1262/632
f 1571/1271/643 1564/1201/635 1563/1264/634
f 1564/1201/635 1573/1272/645 1565/1273/637
f 1573/1274/645 1566/1262/638 1565/1263/637
f 1574/1270/646 1567/1269/647 1566/1262/638
f 1575/1204/648 1560/1195/631 1567/1213/647
f 1576/1186/5 1569/1196/642 1568/1184/640
f 1577/1275/649 1570/1270/650 1569/1268/642
f 1570/1270/650 1579/1276/651 1571/1274/643
f 1571/1271/643 1580/1186/1 1572/1277/644
f 1572/1277/644 1581/1194/652 1573/1272/645
f 1581/1276/652 1574/1270/646 1573/1274/645
f 1574/1270/646 1583/1275/653 1575/1268/648
f 1575/1204/648 1576/1186/5 1568/1184/640
f 1584/1278/654 1577/1185/649 1576/1186/5
f 1577/1275/649 1586/1279/657 1578/1280/656
f 1586/1279/657 1579/1276/651 1578/1280/656
f 1587/1281/658 1580/1186/1 1579/1185/651
f 1580/1186/1 1589/1282/659 1581/1194/652
f 1581/1276/652 1590/1279/661 1582/1280/660
f 1582/1280/660 1591/1283/669 1583/1275/653
f 1583/1194/653 1584/1278/654 1576/1186/5
f 1584/1278/654 1593/1284/670 1585/1285/655
f 1585/1283/655 1594/1286/663 1586/1279/657
f 1586/1279/657 1595/1287/664 1587/1288/658
f 1595/1289/664 1588/1290/665 1587/1281/658
f 1588/1290/665 1597/1291/667 1589/1282/659
f 1597/1287/667 1590/1279/661 1589/1288/659
f 1598/1286/668 1591/1283/669 1590/1279/661
f 1599/1292/674 1584/1278/654 1591/1293/669
f 1592/1294/662 1601/1295/676 1593/1284/670
f 1593/1296/670 1602/1297/671 1594/1286/663
f 1602/1297/671 1595/1287/664 1594/1286/663
f 1603/1298/678 1596/1299/666 1595/1289/664
f 1604/1300/51 1597/1291/667 1596/1299/666
f 1597/1287/667 1606/1297/672 1598/1286/668
f 1598/1286/668 1607/1301/673 1599/1296/674
f 1607/1302/673 1592/1294/662 1599/1292/674
f 1608/1303/685 1601/1295/676 1600/1304/41
f 1609/1305/888 1602/1297/671 1601/1301/676
f 1610/1306/677 1603/1307/678 1602/1297/671
f 1611/1308/688 1604/1300/51 1603/1298/678
f 1604/1300/51 1613/1309/680 1605/1310/681
f 1605/1307/681 1614/1306/682 1606/1297/672
f 1606/1297/672 1615/1305/889 1607/1301/673
f 1615/1311/889 1600/1304/41 1607/1302/673
f 1616/1312/684 1609/1313/888 1608/1303/685
f 1617/1314/693 1610/1306/677 1609/1305/888
f 1610/1306/677 1619/1315/687 1611/1316/688
f 1611/1308/688 1620/1317/689 1612/1318/679
f 1620/1317/689 1613/1309/680 1612/1318/679
f 1621/1315/697 1614/1306/682 1613/1316/680
f 1614/1306/682 1623/1314/691 1615/1305/889
f 1615/1311/889 1616/1312/684 1608/1303/685
f 1624/1319/701 1617/1320/693 1616/1312/684
f 1625/1321/692 1618/1322/686 1617/1314/693
f 1618/1322/686 1627/1323/695 1619/1315/687
f 1627/1324/695 1620/1317/689 1619/1325/687
f 1628/1326/696 1621/1327/697 1620/1317/689
f 1629/1323/698 1622/1322/690 1621/1315/697
f 1622/1322/690 1631/1321/700 1623/1314/691
f 1623/1328/691 1624/1319/701 1616/1312/684
f 1624/1329/701 1633/1232/702 1625/1330/692
f 1633/1331/702 1626/1332/694 1625/1321/692
f 1634/1333/710 1627/1323/695 1626/1332/694
f 1635/1251/703 1628/1244/696 1627/1236/695
f 1636/1237/704 1629/1238/698 1628/1244/696
f 1637/1334/705 1630/1332/699 1629/1323/698
f 1630/1332/699 1639/1331/706 1631/1321/700
f 1631/1335/700 1632/1224/708 1624/1329/701
f 1640/1336/707 1633/1232/702 1632/1224/708
f 1641/1337/709 1634/1333/710 1633/1331/702
f 1634/1333/710 1643/1338/711 1635/1334/703
f 1643/1219/711 1636/1237/704 1635/1251/703
f 1636/1237/704 1645/1221/720 1637/1245/705
f 1645/1338/720 1638/1333/714 1637/1334/705
f 1638/1333/714 1647/1337/890 1639/1331/706
f 1647/1223/890 1632/1224/708 1639/1240/706
f 1640/1336/707 1649/1215/715 1641/1214/709
f 1649/1339/715 1642/1340/716 1641/1337/709
f 1650/1341/717 1643/1338/711 1642/1340/716
f 1651/1265/718 1644/1229/712 1643/1219/711
f 1644/1229/712 1653/1266/891 1645/1221/720
f 1653/1342/891 1646/1340/713 1645/1338/720
f 1646/1340/713 1655/1339/721 1647/1337/890
f 1655/1212/721 1640/1336/707 1647/1223/890
f 1656/1195/723 1649/1215/715 1648/1253/40
f 1657/1343/724 1650/1341/717 1649/1339/715
f 1658/1344/731 1651/1342/718 1650/1341/717
f 1651/1265/718 1660/1201/726 1652/1220/50
f 1660/1201/726 1653/1266/891 1652/1220/50
f 1653/1342/891 1662/1344/729 1654/1341/728
f 1654/1341/728 1663/1343/736 1655/1339/721
f 1663/1345/736 1648/1253/40 1655/1212/721
f 1664/1184/737 1657/1346/724 1656/1195/723
f 1665/1347/730 1658/1344/731 1657/1343/724
f 1658/1344/731 1667/1348/740 1659/1349/725
f 1667/1192/740 1660/1201/726 1659/1200/725
f 1668/1193/733 1661/1211/727 1660/1201/726
f 1661/1349/727 1670/1350/734 1662/1344/729
f 1662/1344/729 1671/1347/735 1663/1343/736
f 1663/1345/736 1664/1184/737 1656/1195/723
f 1664/1184/737 1673/1185/738 1665/1351/730
f 1673/1352/738 1666/1350/732 1665/1347/730
f 1674/1353/739 1667/1348/740 1666/1350/732
f 1675/1185/747 1668/1193/733 1667/1192/740
f 1668/1193/733 1677/1194/742 1669/1202/741
f 1677/1354/742 1670/1350/734 1669/1348/741
f 1670/1350/734 1679/1352/744 1671/1347/735
f 1679/1194/744 1664/1184/737 1671/1355/735
f 1680/1278/566 1673/1185/738 1672/1186/3
f 1673/1352/738 1682/1356/746 1674/1353/739
f 1674/1353/739 1683/1357/748 1675/1354/747
f 1683/1281/748 1676/1186/54 1675/1185/747
f 1684/1290/573 1677/1194/742 1676/1186/54
f 1685/1357/749 1678/1353/743 1677/1354/742
f 1686/1356/754 1679/1352/744 1678/1353/743
f 1679/1194/744 1680/1278/566 1672/1186/3
f 1688/1294/577 1681/1285/745 1680/1278/566
f 1681/1358/745 1690/1359/751 1682/1356/746
f 1690/1359/751 1683/1357/748 1682/1356/746
f 1691/1289/892 1684/1290/573 1683/1281/748
f 1692/1299/580 1685/1282/749 1684/1290/573
f 1693/1360/753 1686/1356/754 1685/1357/749
f 1694/1359/755 1687/1358/750 1686/1356/754
f 1687/1293/750 1688/1294/577 1680/1278/566
f 1696/1361/52 1689/1284/758 1688/1294/577
f 1697/1362/757 1690/1359/751 1689/1363/758
f 1698/1364/764 1691/1360/892 1690/1359/751
f 1699/1365/759 1692/1299/580 1691/1289/892
f 1692/1299/580 1701/1366/760 1693/1291/753
f 1693/1360/753 1702/1364/761 1694/1359/755
f 1702/1364/761 1695/1363/756 1694/1359/755
f 1703/1367/762 1688/1294/577 1695/1292/756
f 1696/1361/52 1705/1313/893 1697/1368/757
f 1705/1369/893 1698/1364/764 1697/1362/757
f 1706/1370/769 1699/1371/759 1698/1364/764
f 1707/1308/765 1700/1372/38 1699/1365/759
f 1708/1373/587 1701/1366/760 1700/1372/38
f 1709/1374/766 1702/1364/761 1701/1371/760
f 1702/1364/761 1711/1369/894 1703/1362/762
f 1711/1311/894 1696/1361/52 1703/1367/762
f 1704/1303/591 1713/1320/772 1705/1313/893
f 1713/1375/772 1706/1370/769 1705/1369/893
f 1706/1370/769 1715/1376/774 1707/1374/765
f 1707/1308/765 1716/1317/602 1708/1373/587
f 1716/1317/602 1709/1309/766 1708/1373/587
f 1717/1376/775 1710/1370/767 1709/1374/766
f 1710/1370/767 1719/1375/777 1711/1369/894
f 1719/1328/777 1704/1303/591 1711/1311/894
f 1712/1312/597 1721/1377/778 1713/1320/772
f 1721/1378/778 1714/1379/768 1713/1375/772
f 1714/1379/768 1723/1380/780 1715/1376/774
f 1715/1325/774 1724/1381/601 1716/1317/602
f 1724/1381/601 1717/1327/775 1716/1317/602
f 1717/1376/775 1726/1382/776 1718/1379/770
f 1726/1382/776 1719/1375/777 1718/1379/770
f 1727/1383/784 1712/1312/597 1719/1328/777
f 1720/1319/613 1729/1384/786 1721/1377/778
f 1721/1378/778 1730/1385/779 1722/1382/773
f 1722/1382/773 1731/1386/788 1723/1380/780
f 1731/1387/788 1724/1381/601 1723/1324/780
f 1724/1381/601 1733/1388/782 1725/1389/781
f 1733/1386/782 1726/1382/776 1725/1380/781
f 1734/1385/783 1727/1378/784 1726/1382/776
f 1727/1383/784 1728/1390/614 1720/1319/613
f 1728/1390/614 1737/1313/895 1729/1384/786
f 1729/1391/786 1738/1392/787 1730/1385/779
f 1738/1392/787 1731/1386/788 1730/1385/779
f 1739/1308/789 1732/1393/609 1731/1387/788
f 1732/1393/609 1741/1309/790 1733/1388/782
f 1741/1394/790 1734/1385/783 1733/1386/782
f 1742/1392/796 1735/1391/792 1734/1385/783
f 1735/1395/792 1736/1303/621 1728/1390/614
f 1744/1304/53 1737/1313/895 1736/1303/621
f 1737/1396/895 1746/1397/793 1738/1392/787
f 1738/1392/787 1747/1398/794 1739/1394/789
f 1739/1308/789 1748/1300/39 1740/1318/626
f 1748/1300/39 1741/1309/790 1740/1318/626
f 1749/1398/795 1742/1392/796 1741/1394/790
f 1750/1397/797 1743/1396/896 1742/1392/796
f 1743/1311/896 1744/1304/53 1736/1303/621
f 1752/1399/635 1745/1295/798 1744/1304/53
f 1753/1400/804 1746/1397/793 1745/1401/798
f 1746/1397/793 1755/1402/800 1747/1398/794
f 1747/1298/794 1756/1403/631 1748/1300/39
f 1756/1403/631 1749/1310/795 1748/1300/39
f 1749/1398/795 1758/1404/809 1750/1397/797
f 1758/1404/809 1751/1401/803 1750/1397/797
f 1751/1302/803 1752/1399/635 1744/1304/53
f 1760/1405/644 1753/1406/804 1752/1399/635
f 1761/1407/805 1754/1404/799 1753/1400/804
f 1762/1408/806 1755/1402/800 1754/1404/799
f 1763/1409/807 1756/1403/631 1755/1410/800
f 1756/1403/631 1765/1411/812 1757/1412/801
f 1757/1402/801 1766/1408/808 1758/1404/809
f 1758/1404/809 1767/1407/815 1759/1400/802
f 1759/1413/802 1760/1405/644 1752/1399/635
f 1760/1405/644 1769/1185/810 1761/1414/805
f 1761/1407/805 1770/1415/817 1762/1408/806
f 1770/1415/817 1763/1416/807 1762/1408/806
f 1763/1409/807 1772/1186/5 1764/1417/640
f 1772/1186/5 1765/1411/812 1764/1417/640
f 1765/1416/812 1774/1415/820 1766/1408/808
f 1774/1415/820 1767/1407/815 1766/1408/808
f 1767/1418/815 1768/1186/1 1760/1405/644
f 1768/1186/1 1777/1196/821 1769/1185/810
f 1769/1419/810 1778/1420/816 1770/1415/817
f 1778/1420/816 1771/1421/811 1770/1415/817
f 1779/1271/818 1772/1186/5 1771/1185/811
f 1780/1277/654 1773/1194/813 1772/1186/5
f 1773/1421/813 1782/1420/819 1774/1415/820
f 1782/1420/819 1775/1419/814 1774/1415/820
f 1783/1204/827 1768/1186/1 1775/1194/814
f 1784/1422/666 1777/1196/821 1776/1184/665
f 1785/1423/829 1778/1420/816 1777/1424/821
f 1786/1425/822 1779/1426/818 1778/1420/816
f 1779/1271/818 1788/1427/662 1780/1277/654
f 1780/1277/654 1789/1428/824 1781/1272/825
f 1781/1426/825 1790/1425/832 1782/1420/819
f 1790/1425/832 1783/1424/827 1782/1420/819
f 1791/1345/826 1776/1184/665 1783/1204/827
f 1792/1253/51 1785/1346/829 1784/1422/666
f 1793/1429/828 1786/1425/822 1785/1423/829
f 1786/1425/822 1795/1430/830 1787/1431/823
f 1795/1265/830 1788/1427/662 1787/1432/823
f 1796/1258/41 1789/1428/824 1788/1427/662
f 1797/1430/837 1790/1425/832 1789/1431/824
f 1790/1425/832 1799/1429/833 1791/1423/826
f 1791/1345/826 1792/1253/51 1784/1422/666
f 1792/1253/51 1801/1254/897 1793/1260/828
f 1801/1433/897 1794/1434/835 1793/1429/828
f 1802/1435/841 1795/1430/830 1794/1434/835
f 1803/1219/836 1796/1258/41 1795/1265/830
f 1796/1258/41 1805/1221/838 1797/1266/837
f 1805/1436/838 1798/1434/831 1797/1430/837
f 1806/1435/843 1799/1429/833 1798/1434/831
f 1807/1259/898 1792/1253/51 1799/1267/833
f 1808/1224/689 1801/1254/897 1800/1225/679
f 1801/1433/897 1810/1437/840 1802/1435/841
f 1810/1437/840 1803/1436/836 1802/1435/841
f 1811/1228/848 1804/1252/685 1803/1219/836
f 1804/1252/685 1813/1230/842 1805/1221/838
f 1805/1436/838 1814/1437/899 1806/1435/843
f 1814/1437/899 1807/1433/898 1806/1435/843
f 1807/1259/898 1808/1224/689 1800/1225/679
f 1808/1224/689 1817/1330/852 1809/1438/846
f 1817/1439/852 1810/1437/840 1809/1440/846
f 1818/1441/847 1811/1442/848 1810/1437/840
f 1811/1228/848 1820/1443/701 1812/1237/684
f 1820/1443/701 1813/1230/842 1812/1237/684
f 1821/1444/849 1814/1437/899 1813/1442/842
f 1814/1437/899 1823/1439/851 1815/1440/845
f 1815/1445/845 1816/1329/696 1808/1224/689
f 1816/1446/696 1825/1447/853 1817/1448/852
f 1825/1449/853 1818/1441/847 1817/1439/852
f 1826/1450/854 1819/1444/855 1818/1441/847
f 1827/1451/859 1820/1452/701 1819/1453/855
f 1828/1317/708 1821/1454/849 1820/1452/701
f 1829/1455/856 1822/1441/850 1821/1444/849
f 1830/1450/857 1823/1439/851 1822/1441/850
f 1831/1456/862 1816/1446/696 1823/1457/851
f 1832/1458/712 1825/1447/853 1824/1459/704
f 1833/1460/863 1826/1450/854 1825/1449/853
f 1834/1461/858 1827/1455/859 1826/1450/854
f 1827/1451/859 1836/1462/707 1828/1317/708
f 1836/1462/707 1829/1463/856 1828/1317/708
f 1829/1455/856 1838/1461/861 1830/1450/857
f 1838/1461/861 1831/1449/862 1830/1450/857
f 1839/1464/900 1824/1459/704 1831/1456/862
f 1832/1458/712 1841/1465/864 1833/1466/863
f 1841/1467/864 1834/1461/858 1833/1460/863
f 1842/1468/865 1835/1469/860 1834/1461/858
f 1843/1470/873 1836/1462/707 1835/1471/860
f 1844/1472/40 1837/1473/867 1836/1462/707
f 1845/1474/866 1838/1461/861 1837/1469/867
f 1846/1468/868 1839/1460/900 1838/1461/861
f 1847/1475/869 1832/1458/712 1839/1464/900
f 1840/1476/50 1849/1477/871 1841/1465/864
f 1849/1478/871 1842/1468/865 1841/1467/864
f 1850/1479/872 1843/1474/873 1842/1468/865
f 1843/1470/873 1852/1480/723 1844/1472/40
f 1852/1480/723 1845/1481/866 1844/1472/40
f 1853/1482/875 1846/1468/868 1845/1474/866
f 1846/1468/868 1855/1478/882 1847/1467/869
f 1847/1475/869 1848/1294/726 1840/1476/50
f 1848/1294/726 1857/1483/877 1849/1477/871
f 1857/1484/877 1850/1479/872 1849/1478/871
f 1858/1485/878 1851/1482/874 1850/1479/872
f 1859/1486/879 1852/1480/723 1851/1289/874
f 1860/1290/737 1853/1291/875 1852/1480/723
f 1861/1487/880 1854/1479/876 1853/1482/875
f 1862/1485/881 1855/1478/882 1854/1479/876
f 1863/1488/883 1848/1294/726 1855/1489/882
f 1480/1186/54 1857/1483/877 1856/1490/733
f 1481/1187/561 1858/1485/878 1857/1484/877
f 1482/1189/563 1859/1487/879 1858/1485/878
f 1483/1185/564 1860/1290/737 1859/1486/879
f 1484/1186/3 1861/1491/880 1860/1290/737
f 1861/1487/880 1486/1189/569 1862/1485/881
f 1486/1189/569 1863/1484/883 1862/1485/881
f 1487/1194/571 1856/1490/733 1863/1488/883
f 2256/885/573 2249/875/561 2248/873/54
f 2257/888/560 2250/878/563 2249/876/561
f 2258/877/562 2251/879/564 2250/878/563
f 2259/880/565 2252/873/3 2251/875/564
f 2260/881/566 2253/882/567 2252/873/3
f 2261/883/568 2254/878/569 2253/879/567
f 2262/877/570 2255/876/571 2254/878/569
f 2255/882/571 2256/885/573 2248/873/54
f 2264/893/580 2257/874/560 2256/885/573
f 2265/887/574 2258/877/562 2257/888/560
f 2266/889/575 2259/883/565 2258/877/562
f 2267/890/576 2260/881/566 2259/880/565
f 2268/891/577 2261/892/568 2260/881/566
f 2261/883/568 2270/889/578 2262/877/570
f 2262/877/570 2271/887/579 2263/888/572
f 2271/902/579 2256/885/573 2263/884/572
f 2272/894/38 2265/886/574 2264/893/580
f 2273/906/588 2266/889/575 2265/887/574
f 2266/889/575 2275/896/582 2267/897/576
f 2275/898/582 2268/891/577 2267/890/576
f 2276/899/52 2269/900/583 2268/891/577
f 2277/896/584 2270/889/578 2269/897/583
f 2278/895/585 2271/887/579 2270/889/578
f 2279/901/586 2264/893/580 2271/902/579
f 2280/903/587 2273/904/588 2272/894/38
f 2281/905/589 2274/895/581 2273/906/588
f 2282/911/595 2275/896/582 2274/895/581
f 2283/908/590 2276/899/52 2275/898/582
f 2276/899/52 2285/918/598 2277/910/584
f 2277/896/584 2286/911/592 2278/895/585
f 2286/911/592 2279/906/586 2278/895/585
f 2287/912/593 2272/894/38 2279/901/586
f 2288/922/602 2281/914/589 2280/903/587
f 2289/915/594 2282/911/595 2281/905/589
f 2290/916/596 2283/907/590 2282/911/595
f 2291/926/605 2284/909/591 2283/908/590
f 2284/909/591 2293/928/599 2285/918/598
f 2293/919/599 2286/911/592 2285/907/598
f 2286/911/592 2295/915/600 2287/905/593
f 2295/920/600 2280/903/587 2287/912/593
f 2296/921/601 2289/913/594 2288/922/602
f 2297/923/603 2290/916/596 2289/915/594
f 2298/932/611 2291/919/605 2290/916/596
f 2299/1746/604 2292/917/597 2291/926/605
f 2292/917/597 2301/927/606 2293/928/599
f 2301/924/606 2294/916/607 2293/919/599
f 2294/916/607 2303/923/608 2295/915/600
f 2295/920/600 2296/921/601 2288/922/602
f 2304/929/609 2297/930/603 2296/921/601
f 2297/923/603 2306/931/610 2298/932/611
f 2306/931/610 2299/924/604 2298/932/611
f 2307/933/612 2300/934/613 2299/1746/604
f 2300/934/613 2309/943/622 2301/927/606
f 2309/941/622 2302/932/616 2301/924/606
f 2310/931/615 2303/923/608 2302/932/616
f 2303/936/608 2304/929/609 2296/921/601
f 2312/946/626 2305/913/618 2304/929/609
f 2305/939/618 2314/940/619 2306/931/610
f 2306/931/610 2315/944/620 2307/941/612
f 2307/933/612 2316/942/621 2308/935/614
f 2316/942/621 2309/943/622 2308/935/614
f 2317/944/623 2310/931/615 2309/941/622
f 2318/940/630 2311/939/625 2310/931/615
f 2311/920/625 2312/946/626 2304/929/609
f 2320/894/39 2313/937/617 2312/946/626
f 2321/947/627 2314/940/619 2313/938/617
f 2322/948/628 2315/944/620 2314/940/619
f 2315/908/620 2324/949/53 2316/942/621
f 2324/949/53 2317/918/623 2316/942/621
f 2325/953/636 2318/940/630 2317/944/623
f 2326/948/629 2319/938/624 2318/940/630
f 2319/945/624 2320/894/39 2312/946/626
f 2320/894/39 2329/886/641 2321/951/627
f 2321/947/627 2330/952/632 2322/948/628
f 2322/948/628 2331/955/634 2323/953/633
f 2331/890/634 2324/949/53 2323/898/633
f 2332/954/635 2325/910/636 2324/949/53
f 2333/955/637 2326/948/629 2325/953/636
f 2334/952/638 2327/947/639 2326/948/629
f 2327/956/639 2328/950/631 2320/894/39
f 2336/885/640 2329/886/641 2328/950/631
f 2337/957/642 2330/952/632 2329/958/641
f 2338/960/650 2331/955/634 2330/952/632
f 2331/890/634 2340/881/644 2332/954/635
f 2332/954/635 2341/892/645 2333/900/637
f 2341/959/645 2334/952/638 2333/955/637
f 2342/960/646 2335/958/647 2334/952/638
f 2335/902/647 2336/885/640 2328/950/631
f 2336/885/640 2345/875/649 2337/874/642
f 2345/961/649 2338/960/650 2337/957/642
f 2338/960/650 2347/962/651 2339/959/643
f 2347/875/651 2340/881/644 2339/880/643
f 2340/881/644 2349/882/652 2341/892/645
f 2349/962/652 2342/960/646 2341/959/645
f 2342/960/646 2351/961/653 2343/957/648
f 2351/882/653 2336/885/640 2343/884/648
f 2344/873/5 2353/971/655 2345/875/649
f 2345/961/649 2354/966/657 2346/965/656
f 2346/965/656 2355/969/658 2347/962/651
f 2355/967/658 2348/873/1 2347/875/651
f 2348/873/1 2357/968/659 2349/882/652
f 2357/969/659 2350/965/660 2349/962/652
f 2350/965/660 2359/964/669 2351/961/653
f 2351/882/653 2352/963/654 2344/873/5
f 2360/970/662 2353/971/655 2352/963/654
f 2353/964/655 2362/972/663 2354/966/657
f 2354/966/657 2363/976/664 2355/969/658
f 2363/973/664 2356/974/665 2355/967/658
f 2356/974/665 2365/983/667 2357/968/659
f 2365/976/667 2358/966/661 2357/969/659
f 2366/972/668 2359/964/669 2358/966/661
f 2359/977/669 2360/970/662 2352/963/654
f 2368/978/41 2361/979/670 2360/970/662
f 2361/980/670 2370/981/671 2362/972/663
f 2370/981/671 2363/976/664 2362/972/663
f 2363/973/664 2372/982/51 2364/975/666
f 2372/982/51 2365/983/667 2364/975/666
f 2365/976/667 2374/981/672 2366/972/668
f 2374/981/672 2367/980/674 2366/972/668
f 2367/985/674 2368/978/41 2360/970/662
f 2368/978/41 2377/986/675 2369/987/676
f 2369/984/676 2378/989/677 2370/981/671
f 2370/981/671 2379/1001/688 2371/990/678
f 2371/991/678 2380/992/679 2372/982/51
f 2380/992/679 2373/994/681 2372/982/51
f 2381/1001/680 2374/981/672 2373/990/681
f 2374/981/672 2383/988/683 2375/984/673
f 2383/995/683 2368/978/41 2375/996/673
f 2384/997/684 2377/986/675 2376/998/685
f 2385/1005/693 2378/989/677 2377/988/675
f 2386/999/686 2379/1001/688 2378/989/677
f 2379/1003/688 2388/1004/689 2380/992/679
f 2388/1004/689 2381/993/680 2380/992/679
f 2381/1001/680 2390/999/690 2382/989/682
f 2382/989/682 2391/1005/691 2383/988/683
f 2383/995/683 2384/997/684 2376/998/685
f 2384/997/684 2393/1006/692 2385/1007/693
f 2393/1018/692 2386/999/686 2385/1005/693
f 2394/1008/694 2387/1000/687 2386/999/686
f 2395/1010/695 2388/1004/689 2387/1002/687
f 2388/1004/689 2397/1077/698 2389/1012/697
f 2397/1009/698 2390/999/690 2389/1000/697
f 2390/999/690 2399/1018/700 2391/1005/691
f 2399/1013/700 2384/997/684 2391/1014/691
f 2392/1015/701 2401/913/702 2393/1016/692
f 2393/1018/692 2402/1023/710 2394/1008/694
f 2394/1008/694 2403/1019/703 2395/1009/695
f 2403/933/703 2396/934/696 2395/925/695
f 2396/934/696 2405/943/705 2397/1020/698
f 2405/1019/705 2398/1008/699 2397/1009/698
f 2398/1008/699 2407/1017/706 2399/1018/700
f 2407/920/706 2392/1015/701 2399/1021/700
f 2408/903/707 2401/913/702 2400/922/708
f 2401/1017/702 2410/1025/716 2402/1023/710
f 2410/1025/716 2403/1019/703 2402/1023/710
f 2403/933/703 2412/909/712 2404/917/704
f 2412/909/712 2405/943/705 2404/917/704
f 2413/1024/720 2406/1023/714 2405/1019/705
f 2406/1023/714 2415/1022/722 2407/1017/706
f 2407/920/706 2408/903/707 2400/922/708
f 2416/894/40 2409/914/709 2408/903/707
f 2417/1026/715 2410/1025/716 2409/1022/709
f 2418/1027/717 2411/1024/711 2410/1025/716
f 2419/898/718 2412/909/712 2411/908/711
f 2412/909/712 2421/910/719 2413/918/720
f 2413/1024/720 2422/1027/728 2414/1025/713
f 2414/1025/713 2423/1026/721 2415/1022/722
f 2415/912/722 2416/894/40 2408/903/707
f 2424/893/723 2417/904/715 2416/894/40
f 2425/1029/724 2418/1027/717 2417/1026/715
f 2418/1027/717 2427/1030/725 2419/1028/718
f 2427/890/725 2420/949/50 2419/898/718
f 2420/949/50 2429/900/727 2421/910/719
f 2429/1030/727 2422/1027/728 2421/1028/719
f 2430/1031/729 2423/1026/721 2422/1027/728
f 2423/901/721 2424/893/723 2416/894/40
f 2424/893/723 2433/1032/730 2425/1033/724
f 2433/1034/730 2426/1031/731 2425/1029/724
f 2434/1035/732 2427/1030/725 2426/1031/731
f 2427/890/725 2436/881/733 2428/891/726
f 2436/881/733 2429/900/727 2428/891/726
f 2429/1030/727 2438/1035/734 2430/1031/729
f 2430/1031/729 2439/1034/735 2431/1029/736
f 2439/1036/735 2424/893/723 2431/1037/736
f 2440/873/3 2433/1032/730 2432/1038/737
f 2433/1034/730 2442/1039/739 2434/1035/732
f 2442/1039/739 2435/1040/740 2434/1035/732
f 2435/1041/740 2444/873/54 2436/881/733
f 2444/873/54 2437/1042/741 2436/881/733
f 2445/1043/742 2438/1035/734 2437/1040/741
f 2446/1039/743 2439/1034/735 2438/1035/734
f 2447/882/744 2432/1038/737 2439/1036/735
f 2448/963/566 2441/875/738 2440/873/3
f 2449/1044/745 2442/1039/739 2441/1045/738
f 2450/1046/746 2443/1043/747 2442/1039/739
f 2451/967/748 2444/873/54 2443/875/747
f 2444/873/54 2453/968/749 2445/882/742
f 2453/1047/749 2446/1039/743 2445/1043/742
f 2446/1039/743 2455/1044/750 2447/1045/744
f 2447/882/744 2448/963/566 2440/873/3
f 2456/970/577 2449/971/745 2448/963/566
f 2449/1044/745 2458/1048/751 2450/1046/746
f 2450/1046/746 2459/1049/752 2451/1047/748
f 2459/973/752 2452/974/573 2451/967/748
f 2452/974/573 2461/983/753 2453/968/749
f 2461/1049/753 2454/1046/754 2453/1047/749
f 2462/1048/755 2455/1044/750 2454/1046/754
f 2463/985/756 2448/963/566 2455/977/750
f 2456/970/577 2465/1050/757 2457/979/758
f 2465/1051/757 2458/1048/751 2457/1052/758
f 2466/1056/764 2459/1049/752 2458/1048/751
f 2467/1054/759 2460/975/580 2459/973/752
f 2460/975/580 2469/1055/760 2461/983/753
f 2469/1053/760 2462/1048/755 2461/1049/753
f 2462/1048/755 2471/1051/762 2463/1052/756
f 2471/1057/762 2456/970/577 2463/985/756
f 2472/998/591 2465/1050/757 2464/1058/52
f 2465/1051/757 2474/1063/769 2466/1056/764
f 2466/1056/764 2475/1060/765 2467/1053/759
f 2475/1061/765 2468/1062/38 2467/1054/759
f 2468/1062/38 2477/1065/766 2469/1055/760
f 2477/1060/766 2470/1056/761 2469/1053/760
f 2470/1056/761 2479/1059/771 2471/1051/762
f 2471/1057/762 2472/998/591 2464/1058/52
f 2480/997/597 2473/986/763 2472/998/591
f 2473/1059/763 2482/1064/768 2474/1063/769
f 2482/1064/768 2475/1060/765 2474/1063/769
f 2483/1002/774 2476/992/587 2475/1061/765
f 2476/992/587 2485/1012/775 2477/1065/766
f 2477/1060/766 2486/1064/770 2478/1063/767
f 2486/1064/770 2479/1059/771 2478/1063/767
f 2487/1014/777 2472/998/591 2479/995/771
f 2488/1066/613 2481/1007/772 2480/997/597
f 2489/1072/778 2482/1064/768 2481/1067/772
f 2490/1068/773 2483/1069/774 2482/1064/768
f 2491/1075/780 2484/1004/602 2483/1002/774
f 2492/1070/601 2485/1012/775 2484/1004/602
f 2485/1069/775 2494/1068/776 2486/1064/770
f 2494/1068/776 2487/1067/777 2486/1064/770
f 2487/1014/777 2488/1066/613 2480/997/597
f 2496/1071/614 2489/1747/778 2488/1066/613
f 2489/1072/778 2498/1073/779 2490/1068/773
f 2498/1073/779 2491/1074/780 2490/1068/773
f 2491/1075/780 2500/1076/609 2492/1070/601
f 2500/1076/609 2493/1077/781 2492/1070/601
f 2501/1078/782 2494/1068/776 2493/1074/781
f 2502/1073/783 2495/1072/784 2494/1068/776
f 2495/1079/784 2496/1071/614 2488/1066/613
f 2496/1071/614 2505/986/785 2497/1080/786
f 2505/1081/785 2498/1073/779 2497/1082/786
f 2498/1073/779 2507/1086/789 2499/1078/788
f 2507/1003/789 2500/1076/609 2499/1084/788
f 2500/1076/609 2509/993/790 2501/1085/782
f 2509/1086/790 2502/1073/783 2501/1078/782
f 2502/1073/783 2511/1081/791 2503/1082/792
f 2511/995/791 2496/1071/614 2503/1087/792
f 2512/978/53 2505/986/785 2504/998/621
f 2513/1091/798 2506/1083/787 2505/1081/785
f 2514/1088/793 2507/1086/789 2506/1083/787
f 2515/991/794 2508/992/626 2507/1003/789
f 2508/992/626 2517/994/795 2509/993/790
f 2509/1086/790 2518/1088/797 2510/1083/796
f 2518/1088/797 2511/1081/791 2510/1083/796
f 2511/995/791 2512/978/53 2504/998/621
f 2520/1090/635 2513/987/798 2512/978/53
f 2513/1091/798 2522/1092/799 2514/1088/793
f 2514/1088/793 2523/1093/800 2515/1089/794
f 2515/991/794 2524/1094/631 2516/982/39
f 2524/1094/631 2517/994/795 2516/982/39
f 2517/1089/795 2526/1092/809 2518/1088/797
f 2518/1088/797 2527/1095/802 2519/1091/803
f 2527/1096/802 2512/978/53 2519/996/803
f 2528/1097/644 2521/1098/804 2520/1090/635
f 2529/1099/805 2522/1092/799 2521/1095/804
f 2530/1100/806 2523/1093/800 2522/1092/799
f 2531/1101/807 2524/1094/631 2523/1102/800
f 2524/1094/631 2533/1109/812 2525/1104/801
f 2525/1093/801 2534/1100/808 2526/1092/809
f 2534/1100/808 2527/1095/802 2526/1092/809
f 2527/1096/802 2528/1097/644 2520/1090/635
f 2536/873/1 2529/1105/805 2528/1097/644
f 2537/1106/810 2530/1100/806 2529/1099/805
f 2538/1112/817 2531/1108/807 2530/1100/806
f 2531/1101/807 2540/873/5 2532/1103/640
f 2540/873/5 2533/1109/812 2532/1103/640
f 2541/1107/813 2534/1100/808 2533/1108/812
f 2542/1112/820 2535/1099/815 2534/1100/808
f 2535/1110/815 2536/873/1 2528/1097/644
f 2544/885/665 2537/875/810 2536/873/1
f 2537/1106/810 2546/1111/816 2538/1112/817
f 2538/1112/817 2547/1113/818 2539/1107/811
f 2547/880/818 2540/873/5 2539/875/811
f 2540/873/5 2549/892/825 2541/882/813
f 2541/1107/813 2550/1111/819 2542/1112/820
f 2550/1111/819 2543/1106/814 2542/1112/820
f 2543/882/814 2544/885/665 2536/873/1
f 2544/885/665 2553/1033/829 2545/874/821
f 2545/1115/821 2554/1116/822 2546/1111/816
f 2546/1111/816 2555/1117/823 2547/1113/818
f 2547/880/818 2556/891/662 2548/881/654
f 2556/891/662 2549/892/825 2548/881/654
f 2549/1113/825 2558/1116/832 2550/1111/819
f 2550/1111/819 2559/1119/826 2551/1115/827
f 2559/1037/826 2544/885/665 2551/884/827
f 2552/1114/666 2561/951/828 2553/1033/829
f 2561/1120/828 2554/1116/822 2553/1119/829
f 2554/1116/822 2563/1121/830 2555/1117/823
f 2563/898/830 2556/891/662 2555/1122/823
f 2556/891/662 2565/910/837 2557/1118/824
f 2557/1117/824 2566/1123/831 2558/1116/832
f 2558/1116/832 2567/1120/833 2559/1119/826
f 2567/956/833 2552/1114/666 2559/1037/826
f 2560/894/51 2569/937/834 2561/951/828
f 2561/1120/828 2570/1128/841 2562/1123/835
f 2562/1123/835 2571/1125/836 2563/1121/830
f 2571/908/836 2564/949/41 2563/898/830
f 2564/949/41 2573/918/838 2565/910/837
f 2565/1121/837 2574/1128/843 2566/1123/831
f 2566/1123/831 2575/1124/898 2567/1120/833
f 2575/945/898 2560/894/51 2567/956/833
f 2576/1126/689 2569/937/834 2568/946/679
f 2569/1124/834 2578/1127/840 2570/1128/841
f 2578/1127/840 2571/1125/836 2570/1128/841
f 2579/926/848 2572/942/685 2571/908/836
f 2572/942/685 2581/928/842 2573/918/838
f 2573/1125/838 2582/1127/844 2574/1128/843
f 2582/1127/844 2575/1124/898 2574/1128/843
f 2583/1130/845 2568/946/679 2575/945/898
f 2584/1015/696 2577/1131/846 2576/1126/689
f 2577/1132/846 2586/1133/847 2578/1127/840
f 2586/1133/847 2579/1129/848 2578/1127/840
f 2579/926/848 2588/934/701 2580/917/684
f 2588/934/701 2581/928/842 2580/917/684
f 2581/1129/842 2590/1133/850 2582/1127/844
f 2590/1133/850 2583/1132/845 2582/1127/844
f 2591/1021/851 2576/1126/689 2583/1130/845
f 2592/997/704 2585/1135/852 2584/1136/696
f 2585/1138/852 2594/1139/854 2586/1133/847
f 2594/1139/854 2587/1134/855 2586/1133/847
f 2587/1140/855 2596/1004/708 2588/1141/701
f 2596/1004/708 2589/1142/849 2588/1141/701
f 2597/1143/856 2590/1133/850 2589/1134/849
f 2598/1139/857 2591/1138/851 2590/1133/850
f 2591/1144/851 2592/997/704 2584/1136/696
f 2600/1145/712 2593/1146/853 2592/997/704
f 2593/1137/853 2602/1147/858 2594/1139/854
f 2602/1147/858 2595/1143/859 2594/1139/854
f 2603/1148/860 2596/1004/708 2595/1149/859
f 2604/1150/707 2597/1151/856 2596/1004/708
f 2597/1143/856 2606/1147/861 2598/1139/857
f 2606/1147/861 2599/1137/862 2598/1139/857
f 2599/1152/862 2600/1145/712 2592/997/704
f 2608/1153/50 2601/1154/863 2600/1145/712
f 2609/1155/864 2602/1147/858 2601/1156/863
f 2610/1157/865 2603/1158/860 2602/1147/858
f 2611/1170/873 2604/1150/707 2603/1148/860
f 2612/1159/40 2605/1161/867 2604/1150/707
f 2613/1168/866 2606/1147/861 2605/1158/867
f 2614/1157/868 2607/1156/870 2606/1147/861
f 2615/1162/869 2600/1145/712 2607/1163/870
f 2616/1164/726 2609/1165/864 2608/1153/50
f 2617/1166/871 2610/1157/865 2609/1155/864
f 2618/1167/872 2611/1168/873 2610/1157/865
f 2619/1169/874 2612/1159/40 2611/1170/873
f 2612/1159/40 2621/1171/875 2613/1160/866
f 2613/1168/866 2622/1167/876 2614/1157/868
f 2614/1157/868 2623/1166/882 2615/1155/869
f 2615/1162/869 2616/1164/726 2608/1153/50
f 2616/1164/726 2625/1172/877 2617/1173/871
f 2617/1166/871 2626/1174/878 2618/1167/872
f 2626/1174/878 2619/1176/874 2618/1167/872
f 2619/1169/874 2628/1178/737 2620/975/723
f 2628/1178/737 2621/1171/875 2620/975/723
f 2629/1175/880 2622/1167/876 2621/1176/875
f 2630/1174/881 2623/1166/882 2622/1167/876
f 2631/1183/883 2616/1164/726 2623/1179/882
f 2248/873/54 2625/1172/877 2624/1180/733
f 2249/876/561 2626/1174/878 2625/1181/877
f 2250/878/563 2627/1175/879 2626/1174/878
f 2251/875/564 2628/1178/737 2627/1177/879
f 2628/1178/737 2253/882/567 2629/1182/880
f 2253/879/567 2630/1174/881 2629/1175/880
f 2630/1174/881 2255/876/571 2631/1181/883
f 2255/882/571 2624/1180/733 2631/1183/883
f 2632/1186/54 2641/1196/560 2633/1185/561
f 2641/1198/560 2634/1189/563 2633/1187/561
f 2642/1188/562 2635/1191/564 2634/1189/563
f 2635/1185/564 2644/1193/566 2636/1186/3
f 2636/1186/3 2645/1202/568 2637/1194/567
f 2645/1190/568 2638/1189/569 2637/1191/567
f 2646/1188/570 2639/1187/571 2638/1189/569
f 2647/1204/572 2632/1186/54 2639/1194/571
f 2640/1184/573 2649/1206/574 2641/1196/560
f 2649/1197/574 2642/1188/562 2641/1198/560
f 2650/1199/575 2643/1190/565 2642/1188/562
f 2651/1200/576 2644/1193/566 2643/1192/565
f 2644/1193/566 2653/1211/583 2645/1202/568
f 2653/1203/583 2646/1188/570 2645/1190/568
f 2646/1188/570 2655/1197/579 2647/1198/572
f 2647/1204/572 2648/1195/580 2640/1184/573
f 2656/1205/38 2649/1206/574 2648/1195/580
f 2649/1197/574 2658/1207/581 2650/1199/575
f 2658/1207/581 2651/1203/576 2650/1199/575
f 2659/1209/582 2652/1201/577 2651/1200/576
f 2652/1201/577 2661/1210/584 2653/1211/583
f 2661/1208/584 2654/1199/578 2653/1203/583
f 2662/1207/585 2655/1197/579 2654/1199/578
f 2663/1212/586 2648/1195/580 2655/1213/579
f 2664/1225/587 2657/1215/588 2656/1205/38
f 2665/1216/884 2658/1207/581 2657/1217/588
f 2658/1207/581 2667/1218/590 2659/1208/582
f 2667/1219/590 2660/1220/52 2659/1209/582
f 2660/1220/52 2669/1221/598 2661/1210/584
f 2669/1218/598 2662/1207/585 2661/1208/584
f 2662/1207/585 2671/1216/885 2663/1217/586
f 2671/1223/885 2656/1205/38 2663/1212/586
f 2672/1224/602 2665/1214/884 2664/1225/587
f 2673/1234/594 2666/1222/595 2665/1216/884
f 2674/1226/596 2667/1218/590 2666/1222/595
f 2675/1228/605 2668/1229/591 2667/1219/590
f 2676/1237/597 2669/1221/598 2668/1229/591
f 2677/1227/599 2670/1222/592 2669/1218/598
f 2678/1226/607 2671/1216/885 2670/1222/592
f 2679/1240/600 2664/1225/587 2671/1223/885
f 2680/1231/601 2673/1232/594 2672/1224/602
f 2673/1234/594 2682/1235/611 2674/1226/596
f 2682/1235/611 2675/1227/605 2674/1226/596
f 2683/1236/604 2676/1237/597 2675/1228/605
f 2676/1237/597 2685/1238/606 2677/1230/599
f 2685/1239/606 2678/1226/607 2677/1227/599
f 2686/1235/616 2679/1234/600 2678/1226/607
f 2679/1240/600 2680/1231/601 2672/1224/602
f 2680/1231/601 2689/1232/618 2681/1241/603
f 2689/1242/618 2682/1235/611 2681/1233/603
f 2682/1235/611 2691/1246/612 2683/1239/604
f 2691/1251/612 2684/1244/613 2683/1236/604
f 2692/1237/614 2685/1238/606 2684/1244/613
f 2693/1246/622 2686/1235/616 2685/1239/606
f 2686/1235/616 2695/1242/625 2687/1233/608
f 2695/1240/625 2680/1231/601 2687/1247/608
f 2696/1225/626 2689/1232/618 2688/1248/609
f 2697/1255/886 2690/1243/610 2689/1242/618
f 2698/1249/619 2691/1246/612 2690/1243/610
f 2691/1251/612 2700/1252/621 2692/1237/614
f 2692/1237/614 2701/1221/623 2693/1245/622
f 2701/1250/623 2694/1243/615 2693/1246/622
f 2702/1249/630 2695/1242/625 2694/1243/615
f 2703/1259/887 2688/1248/609 2695/1240/625
f 2704/1253/39 2697/1254/886 2696/1225/626
f 2697/1255/886 2706/1256/628 2698/1249/619
f 2698/1249/619 2707/1257/633 2699/1250/620
f 2699/1219/620 2708/1258/53 2700/1252/621
f 2708/1258/53 2701/1221/623 2700/1252/621
f 2701/1250/623 2710/1256/629 2702/1249/630
f 2702/1249/630 2711/1261/639 2703/1255/887
f 2703/1259/887 2704/1253/39 2696/1225/626
f 2704/1253/39 2713/1206/641 2705/1260/627
f 2705/1261/627 2714/1262/632 2706/1256/628
f 2714/1262/632 2707/1257/633 2706/1256/628
f 2707/1265/633 2716/1201/635 2708/1258/53
f 2716/1201/635 2709/1266/636 2708/1258/53
f 2709/1257/636 2718/1262/638 2710/1256/629
f 2718/1262/638 2711/1261/639 2710/1256/629
f 2719/1213/647 2704/1253/39 2711/1267/639
f 2720/1184/640 2713/1206/641 2712/1195/631
f 2721/1268/642 2714/1262/632 2713/1269/641
f 2714/1262/632 2723/1274/643 2715/1263/634
f 2723/1271/643 2716/1201/635 2715/1264/634
f 2724/1277/644 2717/1273/637 2716/1201/635
f 2725/1274/645 2718/1262/638 2717/1263/637
f 2726/1270/646 2719/1269/647 2718/1262/638
f 2719/1213/647 2720/1184/640 2712/1195/631
f 2720/1184/640 2729/1185/649 2721/1196/642
f 2721/1268/642 2730/1280/656 2722/1270/650
f 2730/1280/656 2723/1274/643 2722/1270/650
f 2731/1185/651 2724/1277/644 2723/1271/643
f 2732/1186/1 2725/1272/645 2724/1277/644
f 2733/1276/652 2726/1270/646 2725/1274/645
f 2734/1280/660 2727/1268/648 2726/1270/646
f 2735/1194/653 2720/1184/640 2727/1204/648
f 2736/1278/654 2729/1185/649 2728/1186/5
f 2737/1283/655 2730/1280/656 2729/1275/649
f 2738/1279/657 2731/1276/651 2730/1280/656
f 2739/1281/658 2732/1186/1 2731/1185/651
f 2732/1186/1 2741/1282/659 2733/1194/652
f 2733/1276/652 2742/1279/661 2734/1280/660
f 2742/1279/661 2735/1275/653 2734/1280/660
f 2735/1194/653 2736/1278/654 2728/1186/5
f 2744/1294/662 2737/1285/655 2736/1278/654
f 2737/1283/655 2746/1286/663 2738/1279/657
f 2738/1279/657 2747/1287/664 2739/1288/658
f 2747/1289/664 2740/1290/665 2739/1281/658
f 2740/1290/665 2749/1291/667 2741/1282/659
f 2741/1288/659 2750/1286/668 2742/1279/661
f 2750/1286/668 2743/1283/669 2742/1279/661
f 2751/1292/674 2736/1278/654 2743/1293/669
f 2744/1294/662 2753/1295/676 2745/1284/670
f 2745/1296/670 2754/1297/671 2746/1286/663
f 2754/1297/671 2747/1287/664 2746/1286/663
f 2755/1298/678 2748/1299/666 2747/1289/664
f 2748/1299/666 2757/1310/681 2749/1291/667
f 2757/1307/681 2750/1286/668 2749/1287/667
f 2758/1297/672 2751/1296/674 2750/1286/668
f 2759/1302/673 2744/1294/662 2751/1292/674
f 2752/1304/41 2761/1313/888 2753/1295/676
f 2761/1305/888 2754/1297/671 2753/1301/676
f 2762/1306/677 2755/1307/678 2754/1297/671
f 2763/1308/688 2756/1300/51 2755/1298/678
f 2756/1300/51 2765/1309/680 2757/1310/681
f 2757/1307/681 2766/1306/682 2758/1297/672
f 2766/1306/682 2759/1301/673 2758/1297/672
f 2767/1311/889 2752/1304/41 2759/1302/673
f 2760/1303/685 2769/1320/693 2761/1313/888
f 2761/1305/888 2770/1322/686 2762/1306/677
f 2762/1306/677 2771/1315/687 2763/1316/688
f 2771/1325/687 2764/1318/679 2763/1308/688
f 2772/1317/689 2765/1309/680 2764/1318/679
f 2773/1315/697 2766/1306/682 2765/1316/680
f 2774/1322/690 2767/1305/889 2766/1306/682
f 2767/1311/889 2768/1312/684 2760/1303/685
f 2776/1319/701 2769/1320/693 2768/1312/684
f 2777/1321/692 2770/1322/686 2769/1314/693
f 2770/1322/686 2779/1323/695 2771/1315/687
f 2771/1325/687 2780/1326/696 2772/1317/689
f 2780/1326/696 2773/1327/697 2772/1317/689
f 2781/1323/698 2774/1322/690 2773/1315/697
f 2782/1332/699 2775/1314/691 2774/1322/690
f 2775/1328/691 2776/1319/701 2768/1312/684
f 2784/1224/708 2777/1330/692 2776/1329/701
f 2777/1321/692 2786/1333/904 2778/1332/694
f 2786/1333/904 2779/1323/695 2778/1332/694
f 2787/1251/703 2780/1244/696 2779/1236/695
f 2780/1244/696 2789/1245/705 2781/1238/698
f 2789/1334/705 2782/1332/699 2781/1323/698
f 2782/1332/699 2791/1331/706 2783/1321/700
f 2791/1240/706 2776/1329/701 2783/1335/700
f 2784/1224/708 2793/1214/901 2785/1232/702
f 2793/1337/901 2786/1333/904 2785/1331/702
f 2786/1333/904 2795/1338/711 2787/1334/703
f 2795/1219/711 2788/1237/704 2787/1251/703
f 2788/1237/704 2797/1221/720 2789/1245/705
f 2797/1338/720 2790/1333/714 2789/1334/705
f 2790/1333/714 2799/1337/890 2791/1331/706
f 2799/1223/890 2784/1224/708 2791/1240/706
f 2792/1336/707 2801/1215/715 2793/1214/901
f 2801/1339/715 2794/1340/716 2793/1337/901
f 2794/1340/716 2803/1342/905 2795/1338/711
f 2803/1265/905 2796/1229/712 2795/1219/711
f 2804/1220/50 2797/1221/720 2796/1229/712
f 2805/1342/719 2798/1340/713 2797/1338/720
f 2798/1340/713 2807/1339/721 2799/1337/890
f 2799/1223/890 2800/1253/40 2792/1336/707
f 2800/1253/40 2809/1346/724 2801/1215/715
f 2801/1339/715 2810/1344/731 2802/1341/717
f 2810/1344/731 2803/1342/905 2802/1341/717
f 2803/1265/905 2812/1201/726 2804/1220/50
f 2812/1201/726 2805/1266/719 2804/1220/50
f 2813/1349/727 2806/1341/728 2805/1342/719
f 2814/1344/729 2807/1339/721 2806/1341/728
f 2815/1345/736 2800/1253/40 2807/1212/721
f 2816/1184/737 2809/1346/724 2808/1195/723
f 2817/1347/730 2810/1344/731 2809/1343/724
f 2818/1350/732 2811/1349/725 2810/1344/731
f 2819/1192/740 2812/1201/726 2811/1200/725
f 2812/1201/726 2821/1202/741 2813/1211/727
f 2813/1349/727 2822/1350/734 2814/1344/729
f 2814/1344/729 2823/1347/735 2815/1343/736
f 2823/1355/735 2808/1195/723 2815/1345/736
f 2816/1184/737 2825/1185/738 2817/1351/730
f 2825/1352/738 2818/1350/732 2817/1347/730
f 2826/1353/739 2819/1348/740 2818/1350/732
f 2827/1185/747 2820/1193/733 2819/1192/740
f 2820/1193/733 2829/1194/742 2821/1202/741
f 2829/1354/742 2822/1350/734 2821/1348/741
f 2830/1353/743 2823/1347/735 2822/1350/734
f 2831/1194/744 2816/1184/737 2823/1355/735
f 2832/1278/566 2825/1185/738 2824/1186/3
f 2833/1358/745 2826/1353/739 2825/1352/738
f 2834/1356/746 2827/1354/747 2826/1353/739
f 2835/1281/748 2828/1186/54 2827/1185/747
f 2836/1290/573 2829/1194/742 2828/1186/54
f 2837/1357/749 2830/1353/743 2829/1354/742
f 2838/1356/754 2831/1352/744 2830/1353/743
f 2839/1293/750 2824/1186/3 2831/1194/744
f 2832/1278/566 2841/1284/758 2833/1285/745
f 2833/1358/745 2842/1359/751 2834/1356/746
f 2834/1356/746 2843/1360/752 2835/1357/748
f 2835/1281/748 2844/1299/580 2836/1290/573
f 2844/1299/580 2837/1282/749 2836/1290/573
f 2845/1360/753 2838/1356/754 2837/1357/749
f 2846/1359/755 2839/1358/750 2838/1356/754
f 2847/1292/756 2832/1278/566 2839/1293/750
f 2840/1294/577 2849/1368/757 2841/1284/758
f 2849/1362/757 2842/1359/751 2841/1363/758
f 2850/1364/764 2843/1360/752 2842/1359/751
f 2851/1365/759 2844/1299/580 2843/1289/752
f 2844/1299/580 2853/1366/760 2845/1291/753
f 2845/1360/753 2854/1364/761 2846/1359/755
f 2854/1364/761 2847/1363/756 2846/1359/755
f 2855/1367/762 2840/1294/577 2847/1292/756
f 2848/1361/52 2857/1313/893 2849/1368/757
f 2857/1369/893 2850/1364/764 2849/1362/757
f 2850/1364/764 2859/1374/765 2851/1371/759
f 2851/1365/759 2860/1373/587 2852/1372/38
f 2852/1372/38 2861/1309/766 2853/1366/760
f 2861/1374/766 2854/1364/761 2853/1371/760
f 2854/1364/761 2863/1369/894 2855/1362/762
f 2863/1311/894 2848/1361/52 2855/1367/762
f 2856/1303/591 2865/1320/772 2857/1313/893
f 2865/1375/772 2858/1370/769 2857/1369/893
f 2858/1370/769 2867/1376/774 2859/1374/765
f 2867/1325/774 2860/1373/587 2859/1308/765
f 2860/1373/587 2869/1327/775 2861/1309/766
f 2869/1376/775 2862/1370/767 2861/1374/766
f 2862/1370/767 2871/1375/777 2863/1369/894
f 2871/1328/777 2856/1303/591 2863/1311/894
f 2864/1312/597 2873/1377/778 2865/1320/772
f 2873/1378/778 2866/1379/768 2865/1375/772
f 2866/1379/768 2875/1380/780 2867/1376/774
f 2875/1324/780 2868/1317/602 2867/1325/774
f 2876/1381/601 2869/1327/775 2868/1317/602
f 2877/1380/781 2870/1379/770 2869/1376/775
f 2878/1382/776 2871/1375/777 2870/1379/770
f 2871/1328/777 2872/1748/613 2864/1312/597
f 2880/1390/614 2873/1377/778 2872/1748/613
f 2873/1378/778 2882/1385/779 2874/1382/773
f 2882/1385/779 2875/1380/780 2874/1382/773
f 2883/1387/788 2876/1381/601 2875/1324/780
f 2876/1381/601 2885/1388/782 2877/1749/781
f 2877/1380/781 2886/1385/783 2878/1382/776
f 2878/1382/776 2887/1391/792 2879/1378/784
f 2887/1395/792 2872/1748/613 2879/1383/784
f 2888/1303/621 2881/1384/786 2880/1390/614
f 2881/1391/786 2890/1392/787 2882/1385/779
f 2890/1392/787 2883/1386/788 2882/1385/779
f 2883/1387/788 2892/1318/626 2884/1393/609
f 2884/1393/609 2893/1309/790 2885/1388/782
f 2885/1386/782 2894/1392/796 2886/1385/783
f 2886/1385/783 2895/1396/791 2887/1391/792
f 2887/1395/792 2888/1303/621 2880/1390/614
f 2896/1304/53 2889/1313/895 2888/1303/621
f 2889/1396/895 2898/1397/793 2890/1392/787
f 2890/1392/787 2899/1398/794 2891/1394/789
f 2891/1308/789 2900/1300/39 2892/1318/626
f 2900/1300/39 2893/1309/790 2892/1318/626
f 2901/1398/795 2894/1392/796 2893/1394/790
f 2894/1392/796 2903/1401/803 2895/1396/791
f 2903/1302/803 2888/1303/621 2895/1311/791
f 2904/1399/635 2897/1295/798 2896/1304/53
f 2897/1401/798 2906/1404/799 2898/1397/793
f 2906/1404/799 2899/1398/794 2898/1397/793
f 2899/1298/794 2908/1403/631 2900/1300/39
f 2908/1403/631 2901/1310/795 2900/1300/39
f 2909/1402/801 2902/1397/797 2901/1398/795
f 2902/1397/797 2911/1400/802 2903/1401/803
f 2903/1302/803 2904/1399/635 2896/1304/53
f 2912/1405/644 2905/1406/804 2904/1399/635
f 2913/1407/805 2906/1404/799 2905/1400/804
f 2914/1408/806 2907/1402/800 2906/1404/799
f 2907/1410/800 2916/1417/640 2908/1403/631
f 2916/1417/640 2909/1412/801 2908/1403/631
f 2909/1402/801 2918/1408/808 2910/1404/809
f 2910/1404/809 2919/1407/815 2911/1400/802
f 2919/1418/815 2904/1399/635 2911/1413/802
f 2912/1405/644 2921/1185/810 2913/1414/805
f 2913/1407/805 2922/1415/817 2914/1408/806
f 2922/1415/817 2915/1416/807 2914/1408/806
f 2915/1409/807 2924/1186/5 2916/1417/640
f 2924/1186/5 2917/1411/812 2916/1417/640
f 2917/1416/812 2926/1415/820 2918/1408/808
f 2926/1415/820 2919/1407/815 2918/1408/808
f 2927/1194/814 2912/1405/644 2919/1418/815
f 2928/1184/665 2921/1185/810 2920/1186/1
f 2929/1424/821 2922/1415/817 2921/1419/810
f 2930/1420/816 2923/1421/811 2922/1415/817
f 2923/1185/811 2932/1277/654 2924/1186/5
f 2924/1186/5 2933/1272/825 2925/1194/813
f 2933/1426/825 2926/1415/820 2925/1421/813
f 2926/1415/820 2935/1424/827 2927/1419/814
f 2935/1204/827 2920/1186/1 2927/1194/814
f 2928/1184/665 2937/1346/829 2929/1196/821
f 2929/1424/821 2938/1425/822 2930/1420/816
f 2938/1425/822 2931/1426/818 2930/1420/816
f 2939/1432/823 2932/1277/654 2931/1271/818
f 2932/1277/654 2941/1428/824 2933/1272/825
f 2933/1426/825 2942/1425/832 2934/1420/819
f 2934/1420/819 2943/1423/826 2935/1424/827
f 2943/1345/826 2928/1184/665 2935/1204/827
f 2944/1253/51 2937/1346/829 2936/1422/666
f 2945/1429/828 2938/1425/822 2937/1423/829
f 2946/1434/835 2939/1431/823 2938/1425/822
f 2939/1432/823 2948/1258/41 2940/1427/662
f 2948/1258/41 2941/1428/824 2940/1427/662
f 2949/1430/837 2942/1425/832 2941/1431/824
f 2950/1434/831 2943/1423/826 2942/1425/832
f 2951/1267/833 2936/1422/666 2943/1345/826
f 2952/1225/679 2945/1260/828 2944/1253/51
f 2953/1433/897 2946/1434/835 2945/1429/828
f 2954/1435/841 2947/1430/830 2946/1434/835
f 2947/1265/830 2956/1252/685 2948/1258/41
f 2948/1258/41 2957/1221/838 2949/1266/837
f 2949/1430/837 2958/1435/843 2950/1434/831
f 2958/1435/843 2951/1429/833 2950/1434/831
f 2959/1259/898 2944/1253/51 2951/1267/833
f 2952/1225/679 2961/1438/846 2953/1254/897
f 2961/1440/846 2954/1435/841 2953/1433/897
f 2962/1437/840 2955/1436/836 2954/1435/841
f 2963/1228/848 2956/1252/685 2955/1219/836
f 2956/1252/685 2965/1230/842 2957/1221/838
f 2965/1442/842 2958/1435/843 2957/1436/838
f 2966/1437/844 2959/1433/898 2958/1435/843
f 2959/1259/898 2960/1224/689 2952/1225/679
f 2968/1329/696 2961/1438/846 2960/1224/689
f 2961/1440/846 2970/1441/847 2962/1437/840
f 2962/1437/840 2971/1444/855 2963/1442/848
f 2971/1750/855 2964/1237/684 2963/1228/848
f 2972/1443/701 2965/1230/842 2964/1237/684
f 2973/1444/849 2966/1437/844 2965/1442/842
f 2966/1437/844 2975/1439/851 2967/1440/845
f 2975/1335/851 2960/1224/689 2967/1445/845
f 2968/1446/696 2977/1447/853 2969/1448/852
f 2977/1449/853 2970/1441/847 2969/1439/852
f 2978/1450/854 2971/1444/855 2970/1441/847
f 2971/1453/855 2980/1317/708 2972/1452/701
f 2980/1317/708 2973/1454/849 2972/1452/701
f 2973/1444/849 2982/1450/857 2974/1441/850
f 2982/1450/857 2975/1439/851 2974/1441/850
f 2975/1457/851 2976/1459/704 2968/1446/696
f 2976/1459/704 2985/1466/863 2977/1447/853
f 2977/1449/853 2986/1461/858 2978/1450/854
f 2986/1461/858 2979/1455/859 2978/1450/854
f 2979/1451/859 2988/1462/707 2980/1317/708
f 2980/1317/708 2989/1473/867 2981/1463/856
f 2981/1455/856 2990/1461/861 2982/1450/857
f 2990/1461/861 2983/1449/862 2982/1450/857
f 2991/1464/870 2976/1459/704 2983/1456/862
f 2992/1476/50 2985/1466/863 2984/1458/712
f 2993/1467/864 2986/1461/858 2985/1460/863
f 2994/1468/865 2987/1469/860 2986/1461/858
f 2987/1471/860 2996/1472/40 2988/1462/707
f 2996/1472/40 2989/1473/867 2988/1462/707
f 2989/1469/867 2998/1468/868 2990/1461/861
f 2990/1461/861 2999/1467/869 2991/1460/870
f 2999/1475/869 2984/1458/712 2991/1464/870
f 3000/1294/726 2993/1465/864 2992/1476/50
f 3001/1478/871 2994/1468/865 2993/1467/864
f 2994/1468/865 3003/1482/874 2995/1474/873
f 2995/1470/873 3004/1480/723 2996/1472/40
f 3004/1480/723 2997/1481/866 2996/1472/40
f 3005/1482/875 2998/1468/868 2997/1474/866
f 2998/1468/868 3007/1478/882 2999/1467/869
f 3007/1489/882 2992/1476/50 2999/1475/869
f 3000/1294/726 3009/1483/877 3001/1477/871
f 3009/1484/877 3002/1479/872 3001/1478/871
f 3002/1479/872 3011/1487/879 3003/1482/874
f 3011/1486/879 3004/1480/723 3003/1289/874
f 3012/1290/737 3005/1291/875 3004/1480/723
f 3013/1487/880 3006/1479/876 3005/1482/875
f 3014/1485/881 3007/1478/882 3006/1479/876
f 3007/1489/882 3008/1490/733 3000/1294/726
f 2632/1186/54 3009/1483/877 3008/1490/733
f 2633/1187/561 3010/1485/878 3009/1484/877
f 2634/1189/563 3011/1487/879 3010/1485/878
f 2635/1185/564 3012/1290/737 3011/1486/879
f 2636/1186/3 3013/1491/880 3012/1290/737
f 3013/1487/880 2638/1189/569 3014/1485/881
f 2638/1189/569 3015/1484/883 3014/1485/881
f 3015/1488/883 2632/1186/54 3008/1490/733
s 0
f 3436/1752/1 3401/1753/1 3430/1754/1
f 3450/1755/2 3429/1756/2 3444/1757/2
f 3421/1758/3 3435/1759/3 3449/1760/3
f 3409/1761/4 3415/1757/4 3402/1756/4
f 3422/1762/5 3443/1754/5 3416/1753/5
f 3400/1763/395 3404/1764/395 3406/1765/395
f 3401/1753/908 3404/1766/908 3403/1767/908
f 3402/1756/8 3404/1768/8 3405/1769/8
f 3407/1762/909 3411/1770/909 3413/1771/909
f 3408/1763/483 3411/1764/483 3410/1772/483
f 3409/1761/910 3411/1773/910 3412/1774/910
f 3414/1758/911 3418/1775/911 3420/1776/911
f 3415/1757/912 3418/1777/912 3417/1778/912
f 3416/1753/200 3418/1766/200 3419/1779/200
f 3421/1758/397 3425/1775/397 3427/1780/397
f 3422/1762/913 3425/1770/913 3424/1781/913
f 3423/1755/202 3425/1782/202 3426/1783/202
f 3428/1759/914 3432/1784/914 3434/1785/914
f 3429/1756/915 3432/1768/915 3431/1786/915
f 3430/1754/916 3432/1787/916 3433/1788/916
f 3435/1759/316 3439/1784/316 3441/1789/316
f 3436/1752/917 3439/1790/917 3438/1791/917
f 3437/1761/206 3439/1773/206 3440/1792/206
f 3442/1760/207 3446/1793/207 3448/1794/207
f 3443/1754/918 3446/1787/918 3445/1795/918
f 3444/1757/26 3446/1777/26 3447/1796/26
f 3449/1760/209 3453/1793/209 3455/1797/209
f 3450/1755/919 3453/1782/919 3452/1798/919
f 3451/1752/29 3453/1790/29 3454/1799/29
f 3400/1763/30 3417/1780/30 3414/1758/30
f 3406/1786/31 3415/1757/31 3417/1778/31
f 3407/1762/32 3405/1779/32 3401/1753/32
f 3413/1792/33 3402/1756/33 3405/1769/33
f 3421/1758/34 3412/1765/34 3408/1763/34
f 3427/1798/35 3409/1761/35 3412/1774/35
f 3416/1753/36 3426/1771/36 3422/1762/36
f 3419/1796/37 3423/1755/37 3426/1783/37
f 3414/1758/38 3445/1797/38 3442/1760/38
f 3420/1767/39 3443/1754/39 3445/1795/39
f 3449/1760/40 3424/1776/40 3421/1758/40
f 3455/1791/41 3422/1762/41 3424/1781/41
f 3444/1757/42 3454/1783/42 3450/1755/42
f 3447/1788/43 3451/1752/43 3454/1799/43
f 3442/1760/44 3431/1789/44 3428/1759/44
f 3448/1778/45 3429/1756/45 3431/1786/45
f 3435/1759/46 3452/1794/46 3449/1760/46
f 3441/1774/47 3450/1755/47 3452/1798/47
f 3430/1754/48 3440/1799/48 3436/1752/48
f 3433/1769/49 3437/1761/49 3440/1792/49
f 3428/1759/50 3403/1772/50 3400/1763/50
f 3434/1795/51 3401/1753/51 3403/1767/51
f 3408/1763/52 3438/1785/52 3435/1759/52
f 3410/1781/53 3436/1752/53 3438/1791/53
f 3442/1760/54 3400/1763/54 3414/1758/54
f 3477/1800/920 3457/1801/920 3474/1802/920
f 3484/1803/921 3472/1804/921 3483/1805/921
f 3468/1806/922 3476/1807/922 3487/1808/922
f 3461/1809/923 3464/1810/923 3459/1811/923
f 3469/1812/924 3481/1813/924 3466/1814/924
f 3476/1807/402 3479/1815/402 3478/1816/402
f 3456/1817/925 3465/1818/925 3467/1819/925
f 3458/1820/926 3464/1810/926 3465/1821/926
f 3460/1812/405 3459/1822/405 3457/1801/405
f 3468/1806/927 3463/1823/927 3462/1824/927
f 3470/1825/406 3461/1809/406 3463/1826/406
f 3466/1814/928 3471/1827/928 3469/1812/928
f 3467/1819/929 3482/1828/929 3480/1829/929
f 3467/1830/930 3481/1813/930 3482/1831/930
f 3487/1808/931 3470/1832/931 3468/1806/931
f 3487/1833/932 3469/1812/932 3470/1834/932
f 3483/1805/933 3486/1835/933 3484/1803/933
f 3480/1829/934 3473/1836/934 3475/1837/934
f 3482/1838/935 3472/1804/935 3473/1839/935
f 3476/1807/936 3485/1840/936 3487/1808/936
f 3478/1841/937 3484/1803/937 3485/1842/937
f 3474/1802/938 3479/1843/938 3477/1800/938
f 3474/1844/939 3478/1841/939 3479/1845/939
f 3475/1837/940 3458/1846/940 3456/1817/940
f 3475/1847/941 3457/1801/941 3458/1848/941
f 3462/1824/942 3479/1815/942 3476/1807/942
f 3462/1849/943 3477/1800/943 3479/1843/943
f 3480/1829/944 3456/1817/944 3467/1819/944
s 1
f 3517/1850/945 3489/1851/946 3515/1852/947
f 3501/1853/948 3504/1854/949 3499/1855/950
f 3507/1856/951 3509/1857/952 3504/1854/949
f 3512/1858/953 3515/1859/947 3509/1860/952
f 3497/1861/954 3499/1862/950 3494/1863/955
f 3511/1864/956 3506/1865/957 3500/1866/958
f 3491/1867/959 3494/1868/955 3489/1851/946
f 3494/1868/955 3488/1869/960 3489/1851/946
f 3497/1870/954 3492/1871/961 3496/1872/962
f 3499/1862/950 3495/1873/963 3494/1863/955
f 3498/1874/964 3493/1875/965 3495/1876/963
f 3497/1861/954 3502/1877/966 3501/1878/948
f 3496/1879/962 3500/1866/958 3502/1880/966
f 3499/1855/950 3505/1881/967 3498/1882/964
f 3501/1853/948 3506/1883/957 3507/1856/951
f 3509/1857/952 3505/1881/967 3504/1854/949
f 3505/1884/967 3508/1864/968 3503/1885/969
f 3512/1886/953 3506/1883/957 3513/1887/970
f 3506/1865/957 3511/1864/956 3513/1888/970
f 3515/1859/947 3510/1889/971 3509/1860/952
f 3514/1890/972 3508/1864/968 3510/1891/971
f 3512/1858/953 3516/1892/973 3517/1893/945
f 3515/1852/947 3488/1869/960 3514/1894/972
f 3517/1850/945 3492/1871/961 3491/1867/959
f 3492/1895/961 3516/1896/973 3490/1897/974
f 3508/1864/968 3514/1890/972 3493/1875/965
f 3547/1898/975 3519/1899/976 3544/1900/977
f 3531/1901/978 3534/1902/979 3529/1903/980
f 3536/1904/981 3538/1905/982 3534/1902/979
f 3541/1906/983 3544/1907/977 3538/1908/982
f 3526/1909/984 3529/1910/980 3523/1911/985
f 3540/1864/986 3535/1912/987 3530/1866/988
f 3521/1913/989 3523/1914/985 3519/1899/976
f 3519/1899/976 3524/1915/990 3518/1916/991
f 3521/1913/989 3527/1917/992 3526/1918/984
f 3520/1919/993 3525/1920/994 3527/1921/992
f 3529/1910/980 3524/1922/990 3523/1911/985
f 3528/1923/995 3522/1875/996 3524/1924/990
f 3526/1909/984 3532/1925/997 3531/1926/978
f 3527/1921/992 3530/1866/988 3532/1927/997
f 3534/1902/979 3528/1928/995 3529/1903/980
f 3536/1904/981 3532/1929/997 3535/1930/987
f 3534/1902/979 3539/1931/998 3533/1932/999
f 3536/1904/981 3542/1933/1000 3541/1934/983
f 3542/1935/1000 3535/1912/987 3540/1864/986
f 3544/1907/977 3539/1936/998 3538/1908/982
f 3545/1937/1001 3537/1864/1002 3539/1938/998
f 3541/1906/983 3546/1939/1003 3547/1940/975
f 3519/1899/976 3545/1941/1001 3544/1900/977
f 3545/1937/1001 3518/1942/991 3543/1943/1004
f 3521/1913/989 3546/1944/1003 3520/1945/993
f 3537/1864/1002 3543/1943/1004 3522/1875/996
f 3576/1946/1005 3549/1947/1006 3574/1948/1007
f 3562/1949/1008 3564/1950/1009 3560/1951/1010
f 3567/1952/1011 3570/1953/1012 3564/1950/1009
f 3572/1954/1013 3574/1955/1007 3570/1956/1012
f 3558/1957/1014 3560/1958/1010 3555/1959/1015
f 3566/1885/1016 3561/1960/1017 3551/1897/1018
f 3552/1961/1019 3555/1962/1015 3549/1947/1006
f 3549/1947/1006 3556/1963/1020 3550/1964/1021
f 3550/1965/1021 3554/1875/1022 3548/1897/1023
f 3558/1966/1014 3553/1967/1024 3557/1968/1025
f 3560/1958/1010 3556/1969/1020 3555/1959/1015
f 3559/1970/1026 3554/1875/1022 3556/1971/1020
f 3558/1957/1014 3561/1972/1017 3562/1973/1008
f 3560/1951/1010 3565/1974/1027 3559/1975/1026
f 3562/1949/1008 3568/1976/1028 3567/1952/1011
f 3568/1977/1028 3561/1960/1017 3566/1885/1016
f 3570/1953/1012 3565/1974/1027 3564/1950/1009
f 3569/1978/1029 3563/1885/1030 3565/1979/1027
f 3572/1980/1013 3568/1976/1028 3571/1981/1031
f 3574/1955/1007 3569/1982/1029 3570/1956/1012
f 3572/1954/1013 3575/1983/1032 3576/1984/1005
f 3574/1948/1007 3550/1964/1021 3573/1985/1033
f 3576/1946/1005 3553/1967/1024 3552/1961/1019
f 3575/1986/1032 3551/1897/1018 3553/1987/1024
f 3563/1885/1030 3569/1978/1029 3573/1988/1033
f 3606/1989/1005 3578/1990/1034 3604/1991/1035
f 3591/1992/1036 3594/1993/1009 3589/1951/1037
f 3597/1994/1011 3600/1953/1012 3594/1993/1009
f 3602/1995/1038 3604/1955/1035 3600/1956/1012
f 3587/1957/1039 3589/1958/1037 3584/1996/1040
f 3596/1885/1041 3590/1866/1042 3580/1897/1043
f 3581/1997/1019 3584/1998/1040 3578/1990/1034
f 3578/1990/1034 3585/1999/1044 3579/2000/1045
f 3585/2001/1044 3577/1897/1046 3579/2002/1045
f 3587/1966/1039 3582/2003/1024 3586/2004/1047
f 3589/1958/1037 3585/1922/1044 3584/1996/1040
f 3588/2005/1048 3583/1875/1049 3585/2001/1044
f 3587/1957/1039 3592/1877/1050 3591/2006/1036
f 3586/2007/1047 3590/1866/1042 3592/2008/1050
f 3589/1951/1037 3595/2009/1027 3588/1975/1048
f 3591/1992/1036 3598/1976/1051 3597/1994/1011
f 3598/1977/1051 3590/1866/1042 3596/1885/1041
f 3600/1953/1012 3595/2009/1027 3594/1993/1009
f 3599/2010/1029 3593/1885/1030 3595/2011/1027
f 3602/2012/1038 3598/1976/1051 3601/2013/1031
f 3604/1955/1035 3599/1982/1029 3600/1956/1012
f 3602/1995/1038 3605/1983/1032 3606/1984/1005
f 3604/1991/1035 3579/2000/1045 3603/2014/1052
f 3606/1989/1005 3582/2003/1024 3581/1997/1019
f 3605/2015/1032 3580/1897/1043 3582/2016/1024
f 3593/1885/1030 3599/2010/1029 3603/2017/1052
s 0
f 3612/2018/1053 3607/2019/1053 3611/2020/1053
f 3614/2021/1054 3611/2022/1054 3613/2023/1054
f 3610/2024/1055 3612/2025/1055 3614/2026/1055
f 3608/2027/1056 3609/2028/1056 3607/2029/1056
f 3610/2030/1057 3613/2031/1057 3609/2032/1057
f 3613/2033/1058 3607/2034/1058 3609/2035/1058
f 3620/2036/1053 3615/2037/1053 3619/2038/1053
f 3622/2021/1059 3619/2039/1059 3621/2040/1059
f 3618/2041/1055 3620/2042/1055 3622/2043/1055
f 3616/2044/1060 3617/2045/1060 3615/2046/1060
f 3618/2047/1057 3621/2048/1057 3617/2049/1057
f 3621/2050/1058 3615/2051/1058 3617/2052/1058
f 3659/1752/1 3624/1753/1 3653/1754/1
f 3673/1755/2 3652/1756/2 3667/1757/2
f 3644/1758/3 3658/1759/3 3672/1760/3
f 3632/1761/4 3638/1757/4 3625/1756/4
f 3645/1762/5 3666/1754/5 3639/1753/5
f 3623/1763/395 3627/1764/395 3629/1765/395
f 3624/1753/908 3627/1766/908 3626/1767/908
f 3625/1756/8 3627/1768/8 3628/1769/8
f 3630/1762/9 3634/1770/9 3636/1771/9
f 3631/1763/483 3634/1764/483 3633/1772/483
f 3632/1761/910 3634/1773/910 3635/1774/910
f 3637/1758/911 3641/1775/911 3643/1776/911
f 3638/1757/912 3641/1777/912 3640/1778/912
f 3639/1753/1061 3641/1766/1061 3642/1779/1061
f 3644/1758/397 3648/1775/397 3650/1780/397
f 3645/1762/913 3648/1770/913 3647/1781/913
f 3646/1755/202 3648/1782/202 3649/1783/202
f 3651/1759/914 3655/1784/914 3657/1785/914
f 3652/1756/915 3655/1768/915 3654/1786/915
f 3653/1754/203 3655/1787/203 3656/1788/203
f 3658/1759/316 3662/1784/316 3664/1789/316
f 3659/1752/917 3662/1790/917 3661/1791/917
f 3660/1761/206 3662/1773/206 3663/1792/206
f 3665/1760/207 3669/1793/207 3671/1794/207
f 3666/1754/918 3669/1787/918 3668/1795/918
f 3667/1757/26 3669/1777/26 3670/1796/26
f 3672/1760/209 3676/1793/209 3678/1797/209
f 3673/1755/919 3676/1782/919 3675/1798/919
f 3674/1752/1062 3676/1790/1062 3677/1799/1062
f 3623/1763/30 3640/1780/30 3637/1758/30
f 3629/1786/31 3638/1757/31 3640/1778/31
f 3630/1762/32 3628/1779/32 3624/1753/32
f 3636/1792/33 3625/1756/33 3628/1769/33
f 3644/1758/34 3635/1765/34 3631/1763/34
f 3650/1798/35 3632/1761/35 3635/1774/35
f 3639/1753/36 3649/1771/36 3645/1762/36
f 3642/1796/37 3646/1755/37 3649/1783/37
f 3637/1758/38 3668/1797/38 3665/1760/38
f 3643/1767/39 3666/1754/39 3668/1795/39
f 3672/1760/40 3647/1776/40 3644/1758/40
f 3678/1791/41 3645/1762/41 3647/1781/41
f 3667/1757/42 3677/1783/42 3673/1755/42
f 3670/1788/43 3674/1752/43 3677/1799/43
f 3665/1760/44 3654/1789/44 3651/1759/44
f 3671/1778/45 3652/1756/45 3654/1786/45
f 3658/1759/46 3675/1794/46 3672/1760/46
f 3664/1774/47 3673/1755/47 3675/1798/47
f 3653/1754/48 3663/1799/48 3659/1752/48
f 3656/1769/49 3660/1761/49 3663/1792/49
f 3651/1759/50 3626/1772/50 3623/1763/50
f 3657/1795/51 3624/1753/51 3626/1767/51
f 3631/1763/52 3661/1785/52 3658/1759/52
f 3633/1781/53 3659/1752/53 3661/1791/53
f 3665/1760/54 3623/1763/54 3637/1758/54
f 3700/1800/920 3680/1801/920 3697/1802/920
f 3707/1803/921 3695/1804/921 3706/2053/921
f 3691/1806/922 3699/1807/922 3710/1808/922
f 3683/1809/923 3687/1810/923 3682/2054/923
f 3692/1812/924 3704/1813/924 3689/1814/924
f 3691/1806/320 3694/2055/320 3693/2056/320
f 3679/1817/925 3688/2057/925 3690/1819/925
f 3681/2058/926 3687/1810/926 3688/2059/926
f 3686/2060/1063 3682/1822/1063 3680/1801/1063
f 3691/1806/1064 3685/2061/1064 3684/1824/1064
f 3693/2062/1065 3683/1809/1065 3685/2063/1065
f 3689/1814/1066 3694/2064/1066 3692/1812/1066
f 3689/2065/1067 3693/2062/1067 3694/2066/1067
f 3690/1819/1068 3705/2067/1068 3703/1829/1068
f 3690/1830/930 3704/1813/930 3705/2068/930
f 3710/1808/1069 3694/2055/1069 3691/1806/1069
f 3710/1833/1070 3692/1812/1070 3694/2064/1070
f 3706/2053/1071 3709/2069/1071 3707/1803/1071
f 3706/2070/1072 3708/1800/1072 3709/2071/1072
f 3703/1829/934 3696/2072/934 3698/1837/934
f 3705/2073/935 3695/1804/935 3696/2074/935
f 3699/1807/1073 3709/2075/1073 3710/1808/1073
f 3701/2076/233 3707/1803/233 3709/2069/233
f 3697/1802/1074 3702/2077/1074 3700/1800/1074
f 3698/1837/1075 3681/2078/1075 3679/1817/1075
f 3698/1847/941 3680/1801/941 3681/2079/941
f 3684/1824/1076 3701/2080/1076 3699/1807/1076
f 3684/1849/1077 3700/1800/1077 3701/2081/1077
f 3703/1829/944 3679/1817/944 3690/1819/944
s 1
f 3741/2082/1078 3712/1851/1079 3739/2083/947
f 3725/2084/1080 3728/2085/949 3723/1855/1081
f 3731/1856/951 3733/2086/952 3728/2085/949
f 3736/2087/953 3739/2088/947 3733/1860/952
f 3720/2089/1082 3723/2090/1081 3717/1863/1083
f 3735/1864/1084 3730/2091/957 3724/1866/1085
f 3714/2092/1086 3717/2093/1083 3712/1851/1079
f 3717/2093/1083 3711/2094/960 3712/1851/1079
f 3714/2092/1086 3721/2095/1087 3720/2096/1082
f 3715/2097/1088 3719/1920/1089 3721/2098/1087
f 3723/2090/1081 3718/2099/963 3717/1863/1083
f 3722/2100/964 3716/1875/965 3718/2101/963
f 3720/2089/1082 3726/2102/1090 3725/1878/1080
f 3721/2098/1087 3724/1866/1085 3726/2103/1090
f 3723/1855/1081 3729/2104/967 3722/2105/964
f 3725/2084/1080 3730/2106/957 3731/1856/951
f 3733/2086/952 3729/2104/967 3728/2085/949
f 3729/2107/967 3732/1864/968 3727/1885/1091
f 3736/2108/953 3730/2106/957 3737/2109/970
f 3730/2091/957 3735/1864/1084 3737/2110/970
f 3739/2088/947 3734/2111/971 3733/1860/952
f 3738/2112/972 3732/1864/968 3734/2113/971
f 3736/2087/953 3740/2114/1092 3741/1893/1078
f 3739/2083/947 3711/2094/960 3738/2115/972
f 3741/2082/1078 3715/2116/1088 3714/2092/1086
f 3715/2097/1088 3740/2117/1092 3713/1897/1093
f 3732/1864/968 3738/2112/972 3716/1875/965
f 3771/2118/1094 3743/2119/1095 3768/2120/1096
f 3755/2121/978 3758/2122/1097 3753/2123/1098
f 3760/2124/1099 3762/2125/1100 3758/2122/1097
f 3765/2126/1101 3768/2127/1096 3762/1908/1100
f 3750/1909/984 3753/2128/1098 3747/1911/1102
f 3764/1864/1103 3759/2129/1104 3754/1866/988
f 3745/1913/989 3747/2130/1102 3743/2119/1095
f 3743/2119/1095 3748/2131/1105 3742/2132/1106
f 3745/1913/989 3751/2133/992 3750/2134/984
f 3744/2135/993 3749/1920/994 3751/2098/992
f 3753/2128/1098 3748/2136/1105 3747/1911/1102
f 3752/2137/1107 3746/1875/1108 3748/2138/1105
f 3750/1909/984 3756/2139/997 3755/1926/978
f 3751/2098/992 3754/1866/988 3756/2140/997
f 3758/2122/1097 3752/2141/1107 3753/2123/1098
f 3760/2124/1099 3756/1917/997 3759/2142/1104
f 3758/2122/1097 3763/2143/1109 3757/2144/1110
f 3760/2124/1099 3766/2145/1111 3765/2146/1101
f 3759/2129/1104 3764/1864/1103 3766/2147/1111
f 3768/2127/1096 3763/2148/1109 3762/1908/1100
f 3769/2149/1112 3761/1864/1113 3763/2150/1109
f 3765/2126/1101 3770/2151/1114 3771/1940/1094
f 3743/2119/1095 3769/2152/1112 3768/2120/1096
f 3742/2153/1106 3767/1943/1115 3769/2149/1112
f 3745/1913/989 3770/2154/1114 3744/2155/993
f 3761/1864/1113 3767/1943/1115 3746/1875/1108
f 3801/2156/1116 3773/2157/1117 3799/1948/1118
f 3786/1949/1119 3789/2158/1120 3784/1903/1121
f 3792/2159/1122 3795/1953/1123 3789/2158/1120
f 3797/2160/1124 3799/2161/1118 3795/1956/1123
f 3782/2162/1125 3784/2163/1121 3779/1959/1126
f 3791/1885/1127 3785/1866/1128 3775/1897/1129
f 3776/1997/1130 3779/2164/1126 3773/2157/1117
f 3779/2164/1126 3774/2165/1131 3773/2157/1117
f 3780/2166/1132 3772/1897/1133 3774/2167/1131
f 3782/2168/1125 3777/2169/1134 3781/2170/1135
f 3784/2163/1121 3780/2171/1132 3779/1959/1126
f 3783/2172/1136 3778/1875/1137 3780/2166/1132
f 3782/2162/1125 3787/2173/1138 3786/1973/1119
f 3781/2174/1135 3785/1866/1128 3787/2175/1138
f 3789/2158/1120 3783/2176/1136 3784/1903/1121
f 3786/1949/1119 3793/2177/1139 3792/2159/1122
f 3787/2175/1138 3791/1885/1127 3793/2178/1139
f 3795/1953/1123 3790/2179/1140 3789/2158/1120
f 3794/2180/1141 3788/1885/1142 3790/2181/1140
f 3797/2182/1124 3793/2177/1139 3796/1981/1143
f 3799/2161/1118 3794/1982/1141 3795/1956/1123
f 3797/2160/1124 3800/2183/1144 3801/1984/1116
f 3799/1948/1118 3774/2165/1131 3798/1985/1145
f 3801/2156/1116 3777/2169/1134 3776/1997/1130
f 3800/2184/1144 3775/1897/1129 3777/2185/1134
f 3788/1885/1142 3794/2180/1141 3798/1988/1145
f 3831/2156/1146 3803/2186/1117 3829/2187/1118
f 3816/2188/1119 3819/2189/1147 3814/1903/1121
f 3822/2190/1148 3825/2191/1149 3819/2189/1147
f 3827/2192/1150 3829/2193/1118 3825/1956/1149
f 3812/2194/1125 3814/2163/1121 3809/1996/1126
f 3821/1885/1127 3815/1866/1128 3805/1897/1129
f 3806/2195/1151 3809/2196/1126 3803/2186/1117
f 3809/2196/1126 3804/2197/1131 3803/2186/1117
f 3810/2198/1132 3802/1897/1133 3804/2199/1131
f 3812/2168/1125 3807/2169/1134 3811/2200/1135
f 3814/2163/1121 3810/2201/1132 3809/1996/1126
f 3813/2202/1152 3808/1875/1137 3810/2198/1132
f 3812/2194/1125 3817/2203/1138 3816/2006/1119
f 3811/2204/1135 3815/1866/1128 3817/2205/1138
f 3819/2189/1147 3813/2206/1152 3814/1903/1121
f 3816/2188/1119 3823/2207/1139 3822/2190/1148
f 3817/2205/1138 3821/1885/1127 3823/2208/1139
f 3825/2191/1149 3820/2209/1153 3819/2189/1147
f 3824/2210/1154 3818/1885/1155 3820/2211/1153
f 3827/2212/1150 3823/2207/1139 3826/2213/1156
f 3829/2193/1118 3824/2214/1154 3825/1956/1149
f 3827/2192/1150 3830/1983/1144 3831/1984/1146
f 3829/2187/1118 3804/2197/1131 3828/2215/1145
f 3831/2156/1146 3807/2169/1134 3806/2195/1151
f 3830/2216/1144 3805/1897/1129 3807/2185/1134
f 3818/1885/1155 3824/2210/1154 3828/2217/1145
s 0
f 3837/2018/1053 3832/2218/1053 3836/2020/1053
f 3839/2219/1054 3836/2220/1054 3838/2023/1054
f 3835/2221/1055 3837/2222/1055 3839/2223/1055
f 3833/2044/1056 3834/2224/1056 3832/2225/1056
f 3835/2226/1057 3838/2227/1057 3834/2228/1057
f 3838/2229/1058 3832/2230/1058 3834/2231/1058
f 3845/2036/1053 3840/2232/1053 3844/2020/1053
f 3847/2233/1059 3844/2022/1059 3846/2234/1059
f 3843/2235/1055 3845/2236/1055 3847/2237/1055
f 3841/2238/1060 3842/2045/1060 3840/2239/1060
f 3843/2240/1057 3846/2241/1057 3842/2049/1057
f 3846/2242/1058 3840/2243/1058 3842/2244/1058
f 3884/2245/1 3849/2246/1 3878/2247/1
f 3898/2248/2 3877/2249/2 3892/2250/2
f 3869/2251/3 3883/2252/3 3897/2253/3
f 3857/2254/4 3863/2250/4 3850/2249/4
f 3870/2255/5 3891/2247/5 3864/2246/5
f 3848/2256/1157 3852/2257/1157 3854/2258/1157
f 3849/2246/1158 3852/2259/1158 3851/2260/1158
f 3850/2249/8 3852/2261/8 3853/2262/8
f 3855/2255/9 3859/2263/9 3861/2264/9
f 3856/2256/10 3859/2257/10 3858/2265/10
f 3857/2254/1159 3859/2266/1159 3860/2267/1159
f 3862/2251/12 3866/2268/12 3868/2269/12
f 3863/2250/199 3866/2270/199 3865/2271/199
f 3864/2246/200 3866/2259/200 3867/2272/200
f 3869/2251/397 3873/2268/397 3875/2273/397
f 3870/2255/913 3873/2263/913 3872/2274/913
f 3871/2248/1160 3873/2275/1160 3874/2276/1160
f 3876/2252/18 3880/2277/18 3882/2278/18
f 3877/2249/484 3880/2261/484 3879/2279/484
f 3878/2247/203 3880/2280/203 3881/2281/203
f 3883/2252/316 3887/2277/316 3889/2282/316
f 3884/2245/917 3887/2283/917 3886/2284/917
f 3885/2254/1161 3887/2266/1161 3888/2285/1161
f 3890/2253/1162 3894/2286/1162 3896/2287/1162
f 3891/2247/1163 3894/2280/1163 3893/2288/1163
f 3892/2250/26 3894/2270/26 3895/2289/26
f 3897/2253/27 3901/2286/27 3903/2290/27
f 3898/2248/919 3901/2275/919 3900/2291/919
f 3899/2245/29 3901/2283/29 3902/2292/29
f 3848/2256/30 3865/2273/30 3862/2251/30
f 3854/2279/31 3863/2250/31 3865/2271/31
f 3855/2255/32 3853/2272/32 3849/2246/32
f 3861/2285/33 3850/2249/33 3853/2262/33
f 3869/2251/34 3860/2258/34 3856/2256/34
f 3875/2291/35 3857/2254/35 3860/2267/35
f 3864/2246/36 3874/2264/36 3870/2255/36
f 3867/2289/37 3871/2248/37 3874/2276/37
f 3862/2251/38 3893/2290/38 3890/2253/38
f 3868/2260/39 3891/2247/39 3893/2288/39
f 3897/2253/40 3872/2269/40 3869/2251/40
f 3903/2284/41 3870/2255/41 3872/2274/41
f 3892/2250/42 3902/2276/42 3898/2248/42
f 3895/2281/43 3899/2245/43 3902/2292/43
f 3890/2253/44 3879/2282/44 3876/2252/44
f 3896/2271/45 3877/2249/45 3879/2279/45
f 3883/2252/46 3900/2287/46 3897/2253/46
f 3889/2267/47 3898/2248/47 3900/2291/47
f 3878/2247/48 3888/2292/48 3884/2245/48
f 3881/2262/49 3885/2254/49 3888/2285/49
f 3876/2252/50 3851/2265/50 3848/2256/50
f 3882/2288/51 3849/2246/51 3851/2260/51
f 3856/2256/52 3886/2278/52 3883/2252/52
f 3858/2274/53 3884/2245/53 3886/2284/53
f 3890/2253/54 3848/2256/54 3862/2251/54
f 3932/2293/1 3905/2294/1 3927/2295/1
f 3943/2296/2 3926/2297/2 3939/2298/2
f 3920/2299/1164 3931/2300/1164 3947/2301/1164
f 3911/2302/4 3915/2298/4 3906/2297/4
f 3921/2303/5 3938/2295/5 3916/2294/5
f 3904/2304/55 3908/2305/55 3909/2306/55
f 3905/2294/1165 3908/2307/1165 3907/2308/1165
f 3911/2302/1166 3913/2309/1166 3914/2310/1166
f 3915/2298/1167 3918/2311/1167 3917/2312/1167
f 3920/2299/1168 3924/2313/1168 3925/2314/1168
f 3921/2303/1169 3924/2315/1169 3923/2316/1169
f 3926/2297/1170 3929/2317/1170 3928/2318/1170
f 3931/2300/1171 3935/2319/1171 3936/2320/1171
f 3932/2293/1172 3935/2321/1172 3934/2322/1172
f 3937/2323/1173 3941/2324/1173 3942/2325/1173
f 3938/2295/1174 3941/2326/1174 3940/2327/1174
f 3943/2296/1175 3946/2328/1175 3945/2329/1175
f 3904/2304/1176 3917/2314/1176 3919/2330/1176
f 3909/2318/31 3915/2298/31 3917/2312/31
f 3910/2303/1177 3908/2307/1177 3905/2294/1177
f 3913/2309/1178 3906/2297/1178 3908/2331/1178
f 3920/2299/1179 3914/2306/1179 3912/2332/1179
f 3925/2329/35 3911/2302/35 3914/2310/35
f 3916/2294/72 3924/2315/72 3921/2303/72
f 3918/2311/1180 3922/2296/1180 3924/2328/1180
f 3919/2330/1181 3940/2333/1181 3937/2323/1181
f 3919/2308/1182 3938/2295/1182 3940/2327/1182
f 3947/2301/1183 3923/2334/1183 3920/2299/1183
f 3947/2322/1184 3921/2303/1184 3923/2316/1184
f 3939/2298/1185 3946/2328/1185 3943/2296/1185
f 3941/2326/1186 3944/2293/1186 3946/2321/1186
f 3937/2323/1187 3928/2320/1187 3930/2335/1187
f 3942/2312/45 3926/2297/45 3928/2318/45
f 3931/2300/1188 3945/2325/1188 3947/2301/1188
f 3936/2310/47 3943/2296/47 3945/2329/47
f 3927/2295/1189 3935/2321/1189 3932/2293/1189
f 3929/2317/1190 3933/2302/1190 3935/2336/1190
f 3930/2335/1191 3907/2337/1191 3904/2304/1191
f 3930/2327/1192 3905/2294/1192 3907/2308/1192
f 3912/2332/1193 3934/2338/1193 3931/2300/1193
f 3912/2316/1194 3932/2293/1194 3934/2322/1194
f 3937/2323/1195 3904/2304/1195 3919/2330/1195
f 3984/2339/1 3949/2340/1 3978/2341/1
f 3998/2342/2 3977/2343/2 3992/2344/2
f 3969/2345/3 3983/2346/3 3997/2347/3
f 3957/2348/4 3963/2344/4 3950/2343/4
f 3970/2349/5 3991/2341/5 3964/2340/5
f 3948/2350/395 3952/2351/395 3954/2352/395
f 3949/2340/7 3952/2353/7 3951/2354/7
f 3950/2343/396 3952/2355/396 3953/2356/396
f 3955/2349/198 3959/2357/198 3961/2358/198
f 3956/2350/1196 3959/2351/1196 3958/2359/1196
f 3957/2348/910 3959/2360/910 3960/2361/910
f 3962/2345/911 3966/2362/911 3968/2363/911
f 3963/2344/912 3966/2364/912 3965/2365/912
f 3964/2340/200 3966/2353/200 3967/2366/200
f 3969/2345/15 3973/2362/15 3975/2367/15
f 3970/2349/913 3973/2357/913 3972/2368/913
f 3971/2342/202 3973/2369/202 3974/2370/202
f 3976/2346/914 3980/2371/914 3982/2372/914
f 3977/2343/915 3980/2355/915 3979/2373/915
f 3978/2341/203 3980/2374/203 3981/2375/203
f 3983/2346/316 3987/2371/316 3989/2376/316
f 3984/2339/205 3987/2377/205 3986/2378/205
f 3985/2348/1161 3987/2360/1161 3988/2379/1161
f 3990/2347/24 3994/2380/24 3996/2381/24
f 3991/2341/317 3994/2374/317 3993/2382/317
f 3992/2344/1197 3994/2364/1197 3995/2383/1197
f 3997/2347/1198 4001/2380/1198 4003/2384/1198
f 3998/2342/1199 4001/2369/1199 4000/2385/1199
f 3999/2339/210 4001/2377/210 4002/2386/210
f 3948/2350/30 3965/2367/30 3962/2345/30
f 3954/2373/31 3963/2344/31 3965/2365/31
f 3955/2349/32 3953/2366/32 3949/2340/32
f 3961/2379/33 3950/2343/33 3953/2356/33
f 3969/2345/34 3960/2352/34 3956/2350/34
f 3975/2385/35 3957/2348/35 3960/2361/35
f 3964/2340/36 3974/2358/36 3970/2349/36
f 3967/2383/37 3971/2342/37 3974/2370/37
f 3962/2345/38 3993/2384/38 3990/2347/38
f 3968/2354/39 3991/2341/39 3993/2382/39
f 3997/2347/40 3972/2363/40 3969/2345/40
f 4003/2378/41 3970/2349/41 3972/2368/41
f 3992/2344/42 4002/2370/42 3998/2342/42
f 3995/2375/43 3999/2339/43 4002/2386/43
f 3990/2347/44 3979/2376/44 3976/2346/44
f 3996/2365/45 3977/2343/45 3979/2373/45
f 3983/2346/46 4000/2381/46 3997/2347/46
f 3989/2361/47 3998/2342/47 4000/2385/47
f 3978/2341/48 3988/2386/48 3984/2339/48
f 3981/2356/49 3985/2348/49 3988/2379/49
f 3976/2346/50 3951/2359/50 3948/2350/50
f 3982/2382/51 3949/2340/51 3951/2354/51
f 3956/2350/52 3986/2372/52 3983/2346/52
f 3958/2368/53 3984/2339/53 3986/2378/53
f 3990/2347/54 3948/2350/54 3962/2345/54
f 4024/2387/1200 4005/2388/1200 4021/2389/1200
f 4032/2390/1201 4020/2391/1201 4030/2392/1201
f 4016/2393/1202 4023/2394/1202 4031/2395/1202
f 4009/2396/1203 4012/2397/1203 4007/2398/1203
f 4017/2399/5 4028/2400/5 4013/2388/5
f 4016/2393/216 4019/2401/216 4018/2402/216
f 4023/2394/402 4026/2403/402 4025/2404/402
f 4032/2390/1204 4033/2405/1204 4031/2406/1204
f 4004/2407/1205 4014/2408/1205 4015/2409/1205
f 4006/2410/1206 4012/2397/1206 4014/2411/1206
f 4008/2399/405 4007/2412/405 4005/2388/405
f 4016/2393/1207 4011/2413/1207 4010/2414/1207
f 4018/2415/1208 4009/2396/1208 4011/2416/1208
f 4013/2388/326 4019/2417/326 4017/2399/326
f 4014/2411/1067 4018/2415/1067 4019/2418/1067
f 4015/2409/1209 4029/2419/1209 4027/2420/1209
f 4015/2421/1210 4028/2400/1210 4029/2422/1210
f 4031/2395/1211 4019/2401/1211 4016/2393/1211
f 4033/2423/1212 4017/2399/1212 4019/2417/1212
f 4030/2392/1213 4033/2405/1213 4032/2390/1213
f 4027/2420/1214 4020/2424/1214 4022/2425/1214
f 4025/2426/1215 4032/2390/1215 4031/2406/1215
f 4021/2389/1216 4026/2427/1216 4024/2387/1216
f 4021/2428/1217 4025/2426/1217 4026/2429/1217
f 4022/2425/1218 4006/2430/1218 4004/2407/1218
f 4022/2431/1219 4005/2388/1219 4006/2432/1219
f 4010/2414/1220 4026/2403/1220 4023/2394/1220
f 4010/2433/1221 4024/2387/1221 4026/2427/1221
f 4027/2420/1222 4004/2407/1222 4015/2409/1222
f 4057/2434/1223 4035/2435/1223 4054/2436/1223
f 4066/2437/1224 4052/2438/1224 4064/2439/1224
f 4047/2440/1225 4056/2441/1225 4069/2442/1225
f 4039/2443/1226 4043/2444/1226 4038/2445/1226
f 4048/2446/1227 4062/2447/1227 4045/2448/1227
f 4035/2435/1228 4037/2449/1228 4036/2450/1228
f 4048/2446/1229 4050/2451/1229 4049/2452/1229
f 4056/2441/62 4058/2453/62 4060/2454/62
f 4061/2455/102 4063/2456/102 4065/2457/102
f 4034/2458/1230 4044/2459/1230 4046/2460/1230
f 4037/2461/1231 4043/2444/1231 4044/2462/1231
f 4042/2463/1232 4038/2464/1232 4035/2435/1232
f 4047/2440/1233 4041/2465/1233 4040/2466/1233
f 4050/2467/1234 4039/2443/1234 4041/2468/1234
f 4045/2448/1235 4051/2469/1235 4048/2446/1235
f 4046/2460/1236 4063/2456/1236 4061/2455/1236
f 4046/2450/1237 4062/2447/1237 4063/2470/1237
f 4069/2442/1238 4049/2471/1238 4047/2440/1238
f 4069/2472/1239 4048/2446/1239 4049/2452/1239
f 4064/2439/1240 4068/2473/1240 4066/2437/1240
f 4061/2455/1241 4053/2474/1241 4055/2475/1241
f 4065/2476/1242 4052/2438/1242 4053/2477/1242
f 4056/2441/1243 4067/2478/1243 4069/2442/1243
f 4060/2479/1244 4066/2437/1244 4067/2480/1244
f 4054/2436/1245 4059/2481/1245 4057/2434/1245
f 4055/2475/1246 4036/2482/1246 4034/2458/1246
f 4055/2483/1247 4035/2435/1247 4036/2450/1247
f 4040/2466/1248 4058/2453/1248 4056/2441/1248
f 4040/2452/1249 4057/2434/1249 4058/2484/1249
f 4061/2455/1250 4034/2458/1250 4046/2460/1250
f 4075/2485/1251 4070/2486/1251 4074/2487/1251
f 4077/2488/1252 4074/2489/1252 4076/2490/1252
f 4073/2491/1253 4075/2492/1253 4077/2493/1253
f 4071/2494/1254 4072/2495/1254 4070/2496/1254
f 4073/2497/1255 4076/2498/1255 4072/2499/1255
f 4076/2500/1256 4070/2501/1256 4072/2502/1256
s 1
f 4097/2506/1257 4082/2507/1258 4096/2508/1259
f 4087/2509/1260 4088/2510/1261 4086/2511/1262
f 4089/2512/1263 4090/2513/1264 4088/2514/1261
f 4091/2515/1265 4092/2516/1266 4090/2513/1264
f 4093/2517/1267 4094/2518/1268 4092/2516/1266
f 4095/2519/1269 4096/2520/1259 4094/2518/1268
f 4085/2521/1270 4086/2511/1262 4084/2522/1271
f 4095/2523/1269 4091/2524/1265 4087/2525/1260
f 4083/2526/1272 4084/2522/1271 4082/2507/1258
f 4094/2527/1268 4086/2528/1262 4090/2529/1264
f 4113/2530/1273 4098/2531/1274 4112/2532/1275
f 4103/2533/1276 4104/2534/1277 4102/2535/1278
f 4105/2536/1279 4106/2537/1280 4104/2538/1277
f 4107/2539/1281 4108/2540/1282 4106/2537/1280
f 4109/2541/1283 4110/2542/1284 4108/2540/1282
f 4111/2543/1285 4112/2544/1275 4110/2542/1284
f 4101/2545/1286 4102/2535/1278 4100/2546/1287
f 4111/2547/1285 4107/2548/1281 4103/2549/1276
f 4099/2550/1288 4100/2546/1287 4098/2531/1274
f 4106/2551/1280 4110/2552/1284 4098/2553/1274
f 4129/2554/1257 4114/2555/1258 4128/2556/1289
f 4119/2557/1260 4120/2558/1261 4118/2559/1262
f 4121/2560/1290 4122/2561/1264 4120/2562/1261
f 4123/2563/1265 4124/2564/1266 4122/2561/1264
f 4125/2565/1267 4126/2566/1268 4124/2564/1266
f 4127/2567/1269 4128/2568/1289 4126/2566/1268
f 4117/2569/1270 4118/2559/1262 4116/2570/1291
f 4127/2571/1269 4123/2572/1265 4119/2573/1260
f 4115/2574/1272 4116/2570/1291 4114/2555/1258
f 4126/2575/1268 4118/2576/1262 4122/2577/1264
f 4145/2578/1273 4130/2579/1274 4144/2580/1275
f 4135/2581/1276 4136/2582/1277 4134/2583/1278
f 4137/2584/1279 4138/2585/1280 4136/2586/1277
f 4139/2587/1281 4140/2588/1282 4138/2585/1280
f 4141/2589/1283 4142/2590/1284 4140/2588/1282
f 4143/2591/1285 4144/2592/1275 4142/2590/1284
f 4133/2593/1286 4134/2583/1278 4132/2594/1287
f 4143/2595/1285 4139/2596/1281 4135/2597/1276
f 4131/2598/1288 4132/2594/1287 4130/2579/1274
f 4138/2599/1280 4142/2600/1284 4130/2601/1274
s 0
f 4151/2602/1292 4146/2603/1292 4150/2604/1292
f 4153/2605/1293 4150/2606/1293 4152/2607/1293
f 4149/2608/1294 4151/2609/1294 4153/2610/1294
f 4147/2611/1295 4148/2612/1295 4146/2613/1295
f 4149/2614/1296 4152/2615/1296 4148/2616/1296
f 4152/2617/1297 4146/2618/1297 4148/2619/1297
f 4190/2339/1 4155/2340/1 4184/2341/1
f 4204/2342/2 4183/2343/2 4198/2344/2
f 4175/2345/3 4189/2346/3 4203/2347/3
f 4163/2348/4 4169/2344/4 4156/2343/4
f 4176/2349/5 4197/2341/5 4170/2340/5
f 4154/2350/1157 4158/2351/1157 4160/2352/1157
f 4155/2340/908 4158/2353/908 4157/2354/908
f 4156/2343/8 4158/2355/8 4159/2356/8
f 4161/2349/198 4165/2357/198 4167/2358/198
f 4162/2350/1196 4165/2351/1196 4164/2359/1196
f 4163/2348/910 4165/2360/910 4166/2361/910
f 4168/2345/911 4172/2362/911 4174/2363/911
f 4169/2344/912 4172/2364/912 4171/2365/912
f 4170/2340/200 4172/2353/200 4173/2366/200
f 4175/2345/201 4179/2362/201 4181/2367/201
f 4176/2349/16 4179/2357/16 4178/2368/16
f 4177/2342/1160 4179/2369/1160 4180/2370/1160
f 4182/2346/914 4186/2371/914 4188/2372/914
f 4183/2343/915 4186/2355/915 4185/2373/915
f 4184/2341/203 4186/2374/203 4187/2375/203
f 4189/2346/204 4193/2371/204 4195/2376/204
f 4190/2339/205 4193/2377/205 4192/2378/205
f 4191/2348/1161 4193/2360/1161 4194/2379/1161
f 4196/2347/207 4200/2380/207 4202/2381/207
f 4197/2341/317 4200/2374/317 4199/2382/317
f 4198/2344/398 4200/2364/398 4201/2383/398
f 4203/2347/1198 4207/2380/1198 4209/2384/1198
f 4204/2342/1199 4207/2369/1199 4206/2385/1199
f 4205/2339/210 4207/2377/210 4208/2386/210
f 4154/2350/30 4171/2367/30 4168/2345/30
f 4160/2373/31 4169/2344/31 4171/2365/31
f 4161/2349/32 4159/2366/32 4155/2340/32
f 4167/2379/33 4156/2343/33 4159/2356/33
f 4175/2345/34 4166/2352/34 4162/2350/34
f 4181/2385/35 4163/2348/35 4166/2361/35
f 4170/2340/36 4180/2358/36 4176/2349/36
f 4173/2383/37 4177/2342/37 4180/2370/37
f 4168/2345/38 4199/2384/38 4196/2347/38
f 4174/2354/39 4197/2341/39 4199/2382/39
f 4203/2347/40 4178/2363/40 4175/2345/40
f 4209/2378/41 4176/2349/41 4178/2368/41
f 4198/2344/42 4208/2370/42 4204/2342/42
f 4201/2375/43 4205/2339/43 4208/2386/43
f 4196/2347/44 4185/2376/44 4182/2346/44
f 4202/2365/45 4183/2343/45 4185/2373/45
f 4189/2346/46 4206/2381/46 4203/2347/46
f 4195/2361/47 4204/2342/47 4206/2385/47
f 4184/2341/48 4194/2386/48 4190/2339/48
f 4187/2356/49 4191/2348/49 4194/2379/49
f 4182/2346/50 4157/2359/50 4154/2350/50
f 4188/2382/51 4155/2340/51 4157/2354/51
f 4162/2350/52 4192/2372/52 4189/2346/52
f 4164/2368/53 4190/2339/53 4192/2378/53
f 4196/2347/54 4154/2350/54 4168/2345/54
f 4229/2387/1200 4211/2388/1200 4227/2620/1200
f 4237/2390/1298 4225/2621/1298 4235/2622/1298
f 4221/2393/1202 4228/2394/1202 4236/2623/1202
f 4215/2396/1299 4218/2624/1299 4213/2625/1299
f 4222/2399/1300 4233/2400/1300 4219/2626/1300
f 4228/2394/1301 4231/2627/1301 4230/2404/1301
f 4237/2390/1302 4238/2628/1302 4236/2406/1302
f 4210/2407/1303 4218/2629/1303 4220/2630/1303
f 4214/2399/405 4213/2412/405 4211/2388/405
f 4221/2393/1304 4217/2631/1304 4216/2632/1304
f 4223/2633/1305 4215/2396/1305 4217/2634/1305
f 4219/2626/1306 4224/2635/1306 4222/2399/1306
f 4220/2630/1209 4234/2636/1209 4232/2420/1209
f 4220/2421/1210 4233/2400/1210 4234/2422/1210
f 4236/2623/1307 4223/2637/1307 4221/2393/1307
f 4238/2638/1308 4222/2399/1308 4223/2639/1308
f 4235/2622/1213 4238/2628/1213 4237/2390/1213
f 4234/2640/1309 4225/2621/1309 4226/2641/1309
f 4230/2642/1215 4237/2390/1215 4236/2406/1215
f 4227/2620/1216 4231/2643/1216 4229/2387/1216
f 4227/2428/1217 4230/2642/1217 4231/2644/1217
f 4226/2645/1310 4212/2646/1310 4210/2407/1310
f 4226/2422/1311 4211/2388/1311 4212/2647/1311
f 4216/2632/1220 4231/2627/1220 4228/2394/1220
f 4216/2433/1221 4229/2387/1221 4231/2643/1221
f 4232/2420/1222 4210/2407/1222 4220/2630/1222
f 4262/2434/1223 4240/2435/1223 4259/2436/1223
f 4271/2437/1224 4257/2438/1224 4269/2648/1224
f 4252/2440/1225 4261/2441/1225 4274/2649/1225
f 4244/2443/1226 4248/2444/1226 4243/2650/1226
f 4253/2446/1227 4267/2447/1227 4250/2448/1227
f 4240/2435/183 4242/2449/183 4241/2450/183
f 4253/2446/1229 4255/2451/1229 4254/2452/1229
f 4261/2441/62 4263/2453/62 4265/2454/62
f 4266/2455/102 4268/2456/102 4270/2457/102
f 4239/2458/1230 4249/2651/1230 4251/2652/1230
f 4242/2653/1231 4248/2444/1231 4249/2654/1231
f 4247/2463/1232 4243/2464/1232 4240/2435/1232
f 4252/2440/1233 4246/2655/1233 4245/2656/1233
f 4255/2657/1234 4244/2443/1234 4246/2658/1234
f 4250/2448/1235 4256/2469/1235 4253/2446/1235
f 4251/2652/1236 4268/2456/1236 4266/2455/1236
f 4251/2450/1237 4267/2447/1237 4268/2659/1237
f 4274/2649/1238 4254/2471/1238 4252/2440/1238
f 4274/2472/1239 4253/2446/1239 4254/2452/1239
f 4269/2648/1240 4273/2473/1240 4271/2437/1240
f 4266/2455/1241 4258/2660/1241 4260/2661/1241
f 4270/2476/1242 4257/2438/1242 4258/2662/1242
f 4261/2441/1243 4272/2663/1243 4274/2649/1243
f 4265/2479/1244 4271/2437/1244 4272/2664/1244
f 4259/2436/1245 4264/2481/1245 4262/2434/1245
f 4260/2661/1246 4241/2482/1246 4239/2458/1246
f 4260/2483/1247 4240/2435/1247 4241/2450/1247
f 4245/2656/1248 4263/2453/1248 4261/2441/1248
f 4245/2452/1249 4262/2434/1249 4263/2484/1249
f 4266/2455/1250 4239/2458/1250 4251/2652/1250
f 4280/2665/1251 4275/2666/1251 4279/2667/1251
f 4282/2668/1252 4279/2669/1252 4281/2670/1252
f 4278/2671/1253 4280/2672/1253 4282/2673/1253
f 4276/2674/1254 4277/2675/1254 4275/2676/1254
f 4278/2677/1255 4281/2678/1255 4277/2679/1255
f 4281/2680/1256 4275/2681/1256 4277/2682/1256
s 1
f 4302/2683/1312 4287/2684/1258 4301/2685/1259
f 4292/2686/1260 4293/2687/1261 4291/2688/1262
f 4294/2689/1313 4295/2690/1264 4293/2691/1261
f 4296/2692/1265 4297/2693/1314 4295/2690/1264
f 4298/2694/1267 4299/2695/1268 4297/2693/1314
f 4300/2696/1269 4301/2697/1259 4299/2695/1268
f 4290/2698/1270 4291/2688/1262 4289/2699/1315
f 4300/2700/1269 4296/2701/1265 4292/2702/1260
f 4288/2703/1272 4289/2699/1315 4287/2684/1258
f 4299/2704/1268 4291/2705/1262 4295/2706/1264
f 4318/2707/1316 4303/2708/1274 4317/2709/1317
f 4308/2710/1276 4309/2711/1318 4307/2712/1278
f 4310/2713/1319 4311/2714/1280 4309/2715/1318
f 4312/2716/1281 4313/2717/1320 4311/2714/1280
f 4314/2718/1283 4315/2719/1284 4313/2717/1320
f 4316/2720/1285 4317/2721/1317 4315/2719/1284
f 4306/2722/1321 4307/2712/1278 4305/2723/1322
f 4316/2724/1285 4312/2725/1281 4308/2726/1276
f 4304/2727/1288 4305/2723/1322 4303/2708/1274
f 4311/2728/1280 4315/2729/1284 4303/2730/1274
f 4334/2731/1312 4319/2732/1258 4333/2733/1259
f 4324/2734/1260 4325/2735/1261 4323/2736/1262
f 4326/2737/1290 4327/2738/1264 4325/2739/1261
f 4328/2740/1265 4329/2741/1314 4327/2738/1264
f 4330/2742/1267 4331/2743/1268 4329/2741/1314
f 4332/2744/1269 4333/2745/1259 4331/2743/1268
f 4322/2746/1270 4323/2736/1262 4321/2747/1291
f 4332/2748/1269 4328/2701/1265 4324/2749/1260
f 4320/2750/1272 4321/2747/1291 4319/2732/1258
f 4331/2751/1268 4323/2752/1262 4327/2753/1264
f 4350/2754/1316 4335/2755/1274 4349/2756/1317
f 4340/2757/1276 4341/2758/1323 4339/2759/1278
f 4342/2760/1319 4343/2761/1280 4341/2762/1323
f 4344/2716/1281 4345/2763/1324 4343/2761/1280
f 4346/2764/1283 4347/2765/1284 4345/2763/1324
f 4348/2766/1285 4349/2767/1317 4347/2765/1284
f 4338/2768/1286 4339/2759/1278 4337/2769/1322
f 4348/2770/1285 4344/2725/1281 4340/2771/1276
f 4336/2772/1288 4337/2769/1322 4335/2755/1274
f 4343/2773/1280 4347/2729/1284 4335/2774/1274
s 0
f 4356/2775/1292 4351/2776/1292 4355/2777/1292
f 4358/2778/1325 4355/2779/1325 4357/2780/1325
f 4354/2781/1294 4356/2782/1294 4358/2783/1294
f 4352/2784/1295 4353/2785/1295 4351/2786/1295
f 4354/2787/1296 4357/2788/1296 4353/2789/1296
f 4357/2790/1297 4351/2791/1297 4353/2792/1297
f 4395/2793/1 4360/2794/1 4389/2795/1
f 4409/2796/2 4388/2797/2 4403/2798/2
f 4380/2799/3 4394/2800/3 4408/2801/3
f 4368/2802/4 4374/2798/4 4361/2797/4
f 4381/2803/5 4402/2795/5 4375/2794/5
f 4359/2804/6 4363/2805/6 4365/2806/6
f 4360/2794/908 4363/2807/908 4362/2808/908
f 4361/2797/8 4363/2809/8 4364/2810/8
f 4366/2803/198 4370/2811/198 4372/2812/198
f 4367/2804/483 4370/2805/483 4369/2813/483
f 4368/2802/11 4370/2814/11 4371/2815/11
f 4373/2799/911 4377/2816/911 4379/2817/911
f 4374/2798/13 4377/2818/13 4376/2819/13
f 4375/2794/200 4377/2807/200 4378/2820/200
f 4380/2799/314 4384/2816/314 4386/2821/314
f 4381/2803/913 4384/2811/913 4383/2822/913
f 4382/2796/17 4384/2823/17 4385/2824/17
f 4387/2800/914 4391/2825/914 4393/2826/914
f 4388/2797/484 4391/2809/484 4390/2827/484
f 4389/2795/203 4391/2828/203 4392/2829/203
f 4394/2800/21 4398/2825/21 4400/2830/21
f 4395/2793/1326 4398/2831/1326 4397/2832/1326
f 4396/2802/23 4398/2814/23 4399/2833/23
f 4401/2801/1162 4405/2834/1162 4407/2835/1162
f 4402/2795/918 4405/2828/918 4404/2836/918
f 4403/2798/26 4405/2818/26 4406/2837/26
f 4408/2801/209 4412/2834/209 4414/2838/209
f 4409/2796/919 4412/2823/919 4411/2839/919
f 4410/2793/210 4412/2831/210 4413/2840/210
f 4359/2804/30 4376/2821/30 4373/2799/30
f 4365/2827/31 4374/2798/31 4376/2819/31
f 4366/2803/32 4364/2820/32 4360/2794/32
f 4372/2833/33 4361/2797/33 4364/2810/33
f 4380/2799/34 4371/2806/34 4367/2804/34
f 4386/2839/35 4368/2802/35 4371/2815/35
f 4375/2794/36 4385/2812/36 4381/2803/36
f 4378/2837/37 4382/2796/37 4385/2824/37
f 4373/2799/38 4404/2838/38 4401/2801/38
f 4379/2808/39 4402/2795/39 4404/2836/39
f 4408/2801/40 4383/2817/40 4380/2799/40
f 4414/2832/41 4381/2803/41 4383/2822/41
f 4403/2798/42 4413/2824/42 4409/2796/42
f 4406/2829/43 4410/2793/43 4413/2840/43
f 4401/2801/44 4390/2830/44 4387/2800/44
f 4407/2819/45 4388/2797/45 4390/2827/45
f 4394/2800/46 4411/2835/46 4408/2801/46
f 4400/2815/47 4409/2796/47 4411/2839/47
f 4389/2795/48 4399/2840/48 4395/2793/48
f 4392/2810/49 4396/2802/49 4399/2833/49
f 4387/2800/50 4362/2813/50 4359/2804/50
f 4393/2836/51 4360/2794/51 4362/2808/51
f 4367/2804/52 4397/2826/52 4394/2800/52
f 4369/2822/53 4395/2793/53 4397/2832/53
f 4401/2801/54 4359/2804/54 4373/2799/54
s 1
f 4463/2841/1327 4415/2842/1328 4462/2843/1329
f 4423/2844/1330 4425/2845/1331 4421/2846/1332
f 4426/2847/1333 4427/2848/1334 4425/2845/1331
f 4430/2849/1335 4431/2850/1336 4427/2848/1334
f 4433/2851/1337 4435/2852/1338 4431/2850/1336
f 4436/2853/1339 4437/2854/1340 4435/2855/1338
f 4439/2856/1341 4441/2857/1342 4437/2854/1340
f 4442/2858/1343 4443/2859/1344 4441/2857/1342
f 4445/2860/1345 4447/2861/1346 4443/2859/1344
f 4448/2862/1347 4449/2863/1348 4447/2861/1346
f 4451/2864/1349 4452/2865/1350 4449/2863/1348
f 4453/2858/1351 4455/2866/1352 4452/2865/1350
f 4457/2867/1353 4458/2868/1354 4455/2866/1352
f 4460/2869/1355 4462/2843/1329 4458/2870/1354
f 4420/2871/1356 4421/2846/1332 4419/2872/1357
f 4429/2873/1358 4422/2874/1359 4444/2875/1360
f 4417/2849/1361 4419/2872/1357 4415/2842/1328
f 4419/2876/1357 4418/2877/1362 4415/2878/1328
f 4421/2879/1332 4418/2877/1362 4419/2876/1357
f 4423/2879/1330 4416/2880/1363 4422/2874/1359
f 4425/2881/1331 4424/2882/1364 4421/2879/1332
f 4425/2881/1331 4428/2883/1365 4424/2882/1364
f 4426/2881/1333 4429/2873/1358 4430/2884/1335
f 4431/2850/1336 4428/2885/1365 4427/2848/1334
f 4433/2886/1337 4429/2873/1358 4432/2887/1366
f 4433/2886/1337 4432/2887/1366 4436/2888/1339
f 4437/2889/1340 4434/2890/1367 4435/2888/1338
f 4436/2888/1339 4438/2891/1368 4439/2889/1341
f 4439/2889/1341 4438/2891/1368 4442/2892/1343
f 4443/2893/1344 4440/2894/1369 4441/2892/1342
f 4442/2892/1343 4444/2875/1360 4445/2893/1345
f 4445/2893/1345 4444/2875/1360 4448/2895/1347
f 4449/2896/1348 4446/2897/1370 4447/2895/1346
f 4451/2896/1349 4444/2875/1360 4450/2898/1371
f 4452/2899/1350 4454/2900/1372 4449/2896/1348
f 4451/2896/1349 4450/2898/1371 4453/2899/1351
f 4453/2858/1351 4456/2901/1373 4457/2867/1353
f 4455/2902/1352 4461/2903/1374 4454/2900/1372
f 4456/2904/1373 4459/2905/1375 4460/2906/1355
f 4460/2906/1355 4459/2905/1375 4463/2907/1327
f 4415/2878/1328 4461/2903/1374 4462/2907/1329
f 4463/2907/1327 4416/2880/1363 4417/2878/1361
f 4440/2894/1369 4454/2900/1372 4461/2903/1374
f 4527/2908/1376 4465/2909/1377 4525/2910/1378
f 4475/2911/1379 4477/2912/1380 4472/2913/1381
f 4479/2914/1382 4480/2909/1383 4477/2912/1380
f 4483/2915/1384 4484/2916/1385 4480/2909/1383
f 4487/2908/1386 4488/2917/1387 4484/2916/1385
f 4491/2918/1388 4493/2919/1389 4488/2913/1387
f 4495/2914/1390 4496/2909/1391 4493/2919/1389
f 4499/2920/1392 4500/2916/1393 4496/2909/1391
f 4503/2908/1394 4504/2917/1395 4500/2916/1393
f 4507/2921/1396 4509/2922/1397 4504/2917/1395
f 4511/2908/1398 4512/2909/1399 4509/2922/1397
f 4515/2923/1400 4516/2924/1401 4512/2909/1399
f 4519/2914/1402 4520/2913/1403 4516/2924/1401
f 4523/2925/1404 4525/2910/1378 4520/2917/1403
f 4471/2914/1405 4472/2913/1381 4468/2924/1406
f 4506/2926/1407 4490/2927/1408 4474/2928/1409
f 4467/2929/1410 4468/2924/1406 4465/2909/1377
f 4465/2909/1377 4469/2930/1411 4464/2931/1412
f 4467/2929/1410 4470/2932/1413 4471/2914/1405
f 4468/2924/1406 4473/2933/1414 4469/2930/1411
f 4475/1233/1379 4470/2934/1413 4474/2928/1409
f 4477/2912/1380 4473/2933/1414 4472/2913/1381
f 4479/2914/1382 4475/2911/1379 4478/2932/1415
f 4477/2935/1380 4481/2936/1416 4476/2937/1417
f 4478/2938/1415 4482/2939/1418 4483/1187/1384
f 4484/2916/1385 4481/2931/1416 4480/2909/1383
f 4483/2915/1384 4486/2940/1419 4487/2908/1386
f 4484/2916/1385 4489/2941/1420 4485/2942/1421
f 4491/2943/1388 4486/2944/1419 4490/2927/1408
f 4488/2913/1387 4493/2919/1389 4489/2933/1420
f 4491/2918/1388 4494/2932/1422 4495/2914/1390
f 4497/2945/1423 4492/2946/1424 4493/2947/1389
f 4499/2920/1392 4494/2932/1422 4498/2948/1425
f 4496/2909/1391 4501/2942/1426 4497/2931/1423
f 4499/2920/1392 4502/2940/1427 4503/2908/1394
f 4500/2916/1393 4505/2941/1428 4501/2942/1426
f 4507/2949/1396 4502/2950/1427 4506/2926/1407
f 4509/2922/1397 4505/2941/1428 4504/2917/1395
f 4511/2908/1398 4507/2921/1396 4510/2940/1429
f 4509/2951/1397 4513/2952/1430 4508/2953/1431
f 4510/2954/1429 4514/2955/1432 4515/1352/1400
f 4516/2924/1401 4513/2931/1430 4512/2909/1399
f 4519/2914/1402 4515/2923/1400 4518/2932/1433
f 4516/2924/1401 4521/2933/1434 4517/2930/1435
f 4518/2956/1433 4522/2957/1436 4523/2958/1404
f 4520/2917/1403 4525/2910/1378 4521/2941/1434
f 4527/2908/1376 4523/2925/1404 4526/2940/1437
f 4464/2959/1412 4524/2960/1438 4525/1301/1378
f 4526/2961/1437 4466/2962/1439 4467/1275/1410
f 4492/2946/1424 4508/2953/1431 4524/2960/1438
f 4536/2963/1440 4529/2964/1441 4528/2965/1442
f 4530/2966/1443 4537/2967/1444 4531/2968/1445
f 4537/2969/1444 4532/2970/1446 4531/2971/1445
f 4538/2972/1447 4534/2973/1448 4533/2974/1449
f 4535/2975/1450 4536/2963/1440 4528/2965/1442
f 4536/2963/1440 4541/2976/1451 4529/2964/1441
f 4541/2977/1451 4530/2966/1443 4529/2978/1441
f 4542/2979/1452 4537/2967/1444 4530/2966/1443
f 4537/2969/1444 4543/2980/1453 4532/2970/1446
f 4538/2972/1447 4544/2981/1454 4534/2973/1448
f 4544/2981/1454 4539/2982/1455 4534/2973/1448
f 4545/2983/1456 4541/2976/1451 4540/2984/1457
f 4542/2979/1452 4547/2985/1458 4537/2967/1444
f 4543/2980/1453 4548/2986/1459 4538/2987/1447
f 4548/2988/1459 4544/2981/1454 4538/2972/1447
f 4539/2989/1455 4545/2983/1456 4540/2984/1457
f 4546/2990/1460 4551/2991/1461 4542/2979/1452
f 4547/2992/1458 4552/2993/1462 4543/2994/1453
f 4552/2993/1462 4548/2995/1459 4543/2994/1453
f 4550/2996/1463 4554/2997/1464 4546/2998/1460
f 4554/2999/1464 4551/2991/1461 4546/2990/1460
f 4555/3000/1465 4552/2993/1462 4547/2992/1458
f 4548/2988/1459 4557/3001/1466 4544/2981/1454
f 4557/3001/1466 4549/3002/1467 4544/2981/1454
f 4549/3003/1467 4553/3004/1468 4550/2996/1463
f 4555/3000/1465 4561/3005/1469 4552/2993/1462
f 4561/3005/1469 4556/3006/1470 4552/2993/1462
f 4559/2963/1471 4563/3007/1472 4554/2997/1464
f 4563/3008/1472 4560/3009/1473 4554/2999/1464
f 4564/3010/1474 4561/3005/1469 4555/3000/1465
f 4561/3005/1469 4566/3011/1475 4556/3006/1470
f 4566/3012/1475 4557/3001/1466 4556/3013/1470
f 4567/3014/1476 4559/2963/1471 4558/3015/1477
f 4569/3016/1478 4564/3017/1474 4560/3009/1473
f 4571/3018/1479 4567/3019/1476 4557/3001/1466
f 4568/3020/1480 4573/3021/1481 4563/3007/1472
f 4565/3022/1482 4575/3023/1483 4566/3011/1475
f 4575/3024/1483 4571/3018/1479 4566/3012/1475
f 4576/3025/1484 4568/3020/1480 4567/3014/1476
f 4577/3026/1485 4573/3021/1481 4572/3027/1486
f 4579/3028/1487 4574/3029/1488 4570/3030/1489
f 4580/3031/1490 4575/3023/1483 4574/3029/1488
f 4581/2996/1491 4578/3032/1492 4577/3033/1485
f 4578/3034/1492 4582/3035/1493 4569/3016/1478
f 4575/3024/1483 4584/3036/1494 4571/3018/1479
f 4584/3036/1494 4576/3037/1484 4571/3018/1479
f 4585/3038/1495 4577/3033/1485 4576/3039/1484
f 4586/3004/1496 4578/3032/1492 4581/2996/1491
f 4587/3040/1497 4582/3035/1493 4578/3034/1492
f 4579/3041/1487 4589/3042/1498 4580/3043/1490
f 4589/3042/1498 4583/3044/1499 4580/3043/1490
f 4584/3036/1494 4590/3045/1500 4585/3046/1495
f 4585/3038/1495 4586/3004/1496 4581/2996/1491
f 4591/2963/1501 4587/3047/1497 4586/3004/1496
f 4592/3048/1502 4582/3035/1493 4587/3040/1497
f 4593/3049/1503 4588/3050/1504 4582/3035/1493
f 4588/3051/1504 4594/3052/1505 4589/3042/1498
f 4594/3052/1505 4583/3044/1499 4589/3042/1498
f 4595/3053/1506 4584/3036/1494 4583/3054/1499
f 4597/2965/1507 4592/3055/1502 4591/2963/1501
f 4593/3049/1503 4598/3056/1508 4588/3050/1504
f 4598/3010/1508 4594/3052/1505 4588/3051/1504
f 4596/3057/1509 4600/3058/1510 4590/3045/1500
f 4600/3059/1510 4591/2963/1501 4590/3060/1500
f 4601/3061/1511 4592/3055/1502 4597/2965/1507
f 4602/3062/1512 4593/3049/1503 4592/3048/1502
f 4598/3010/1508 4604/3063/1513 4594/3052/1505
f 4604/3063/1513 4599/3064/1514 4594/3052/1505
f 4600/3059/1510 4601/3061/1511 4597/2965/1507
f 4606/3065/1515 4602/3066/1512 4601/3061/1511
f 4602/3062/1512 4607/3067/1516 4593/3049/1503
f 4607/3067/1516 4603/3068/1517 4593/3049/1503
f 4604/3063/1513 4608/3069/1518 4599/3064/1514
f 4600/3059/1510 4606/3065/1515 4601/3061/1511
f 4610/3070/1519 4602/3066/1512 4606/3065/1515
f 4611/3071/1520 4607/3067/1516 4602/3062/1512
f 4603/3072/1517 4613/3031/1521 4604/3063/1513
f 4613/3031/1521 4608/3069/1518 4604/3063/1513
f 4609/3073/1522 4610/3070/1519 4606/3065/1515
f 4615/3074/1523 4611/3075/1520 4610/3070/1519
f 4605/3076/1524 4618/3077/1525 4609/3078/1522
f 4609/3073/1522 4615/3074/1523 4610/3070/1519
f 4615/3026/1523 4620/3021/1526 4611/3079/1520
f 4611/3071/1520 4621/3080/1527 4607/3067/1516
f 4621/3080/1527 4612/3081/1528 4607/3067/1516
f 4622/3082/1529 4616/3083/1530 4612/3028/1528
f 4616/3083/1530 4623/3084/1531 4614/3085/1532
f 4623/3086/1531 4617/3087/1533 4614/3088/1532
f 4624/3089/1534 4621/3080/1527 4620/3090/1526
f 4622/3082/1529 4625/3091/1535 4616/3083/1530
f 4625/3091/1535 4623/3084/1531 4616/3083/1530
f 4626/3092/1536 4617/3087/1533 4623/3086/1531
f 4617/3087/1533 4628/3093/1537 4618/3077/1525
f 4628/3094/1537 4619/3095/1538 4618/3096/1525
f 4629/2965/1539 4624/3097/1534 4619/3095/1538
f 4621/3080/1527 4631/3098/1540 4622/3099/1529
f 4631/3010/1540 4625/3091/1535 4622/3082/1529
f 4627/3100/1541 4633/3101/1542 4628/3093/1537
f 4628/3094/1537 4629/2965/1539 4619/3095/1538
f 4629/2965/1539 4635/3102/1543 4624/3097/1534
f 4630/3103/1544 4636/3104/1545 4631/3098/1540
f 4637/3105/1546 4627/3100/1541 4626/3092/1536
f 4638/3004/1547 4635/3102/1543 4634/2963/1548
f 4635/3106/1543 4640/3107/1549 4630/3103/1544
f 4641/3108/1550 4637/3109/1546 4632/3110/1551
f 4637/3105/1546 4643/3111/1552 4627/3100/1541
f 4643/3111/1552 4633/3101/1542 4627/3100/1541
f 4644/3112/1553 4634/2963/1548 4633/3113/1542
f 4645/3114/1554 4639/3115/1555 4638/3004/1547
f 4646/3116/1556 4641/3108/1550 4636/3117/1545
f 4643/3111/1552 4647/3118/1557 4644/3119/1553
f 4647/3120/1557 4638/3004/1547 4644/3112/1553
f 4648/3121/1558 4639/3115/1555 4645/3114/1554
f 4639/3122/1555 4650/3123/1559 4640/3107/1549
f 4641/3108/1550 4652/3124/1560 4642/3125/1561
f 4642/3126/1561 4653/3127/1562 4643/3111/1552
f 4653/3127/1562 4647/3118/1557 4643/3111/1552
f 4654/3128/1563 4649/3129/1564 4648/3130/1558
f 4655/3131/1565 4650/3123/1559 4649/3132/1564
f 4656/3133/1566 4651/3083/1567 4646/3028/1556
f 4653/3127/1562 4658/3134/1568 4647/3118/1557
f 4658/3135/1568 4648/3130/1558 4647/3136/1557
f 4659/3137/1569 4655/3138/1565 4654/3128/1563
f 4650/3123/1559 4531/2968/1445 4656/3139/1566
f 4656/3133/1566 4660/3091/1570 4651/3083/1567
f 4660/3091/1570 4657/3140/1571 4651/3083/1567
f 4659/3137/1569 4529/2964/1441 4655/3138/1565
f 4655/3131/1565 4530/2966/1443 4650/3123/1559
f 4530/2966/1443 4531/2968/1445 4650/3123/1559
f 4532/2970/1446 4657/3140/1571 4660/3091/1570
f 4657/3141/1571 4534/2973/1448 4653/3127/1562
f 4534/2973/1448 4658/3134/1568 4653/3127/1562
f 4535/2975/1450 4659/3137/1569 4658/3135/1568
f 4661/2965/1572 4670/3142/1573 4662/3143/1574
f 4663/2966/1575 4671/3144/1576 4664/2968/1577
f 4671/3145/1576 4665/3146/1578 4664/2971/1577
f 4672/2972/1579 4667/2973/1580 4666/2974/1581
f 4673/3147/1582 4661/2965/1572 4668/3148/1583
f 4674/3149/1584 4671/3144/1576 4663/2966/1575
f 4671/3145/1576 4675/3042/1585 4665/3146/1578
f 4675/3042/1585 4672/2987/1579 4665/3146/1578
f 4672/2972/1579 4676/3150/1586 4667/2973/1580
f 4676/3150/1586 4673/3151/1582 4667/2973/1580
f 4677/3152/1587 4669/3153/1588 4673/3147/1582
f 4678/2983/1589 4670/3142/1573 4669/3153/1588
f 4674/3149/1584 4680/3154/1590 4671/3144/1576
f 4680/3155/1590 4675/3042/1585 4671/3145/1576
f 4675/3042/1585 4682/2986/1591 4672/2987/1579
f 4682/3156/1591 4676/3150/1586 4672/2972/1579
f 4677/3152/1587 4678/2983/1589 4669/3153/1588
f 4684/3157/1592 4676/3150/1586 4682/3156/1591
f 4676/3150/1586 4686/3158/1593 4677/3159/1587
f 4686/3038/1593 4678/3033/1589 4677/3039/1587
f 4683/2996/1594 4688/3160/1595 4679/3161/1596
f 4679/3162/1596 4689/3163/1597 4674/3149/1584
f 4689/3163/1597 4680/3154/1590 4674/3149/1584
f 4680/3164/1590 4691/3165/1598 4681/3166/1599
f 4691/3165/1598 4684/3167/1592 4681/3166/1599
f 4686/3038/1593 4687/3004/1600 4683/2996/1594
f 4694/3168/1601 4685/3169/1602 4684/3157/1592
f 4696/2965/1603 4688/3160/1595 4693/2963/1604
f 4697/3170/1605 4689/3163/1597 4688/3171/1595
f 4689/3163/1597 4699/3017/1606 4690/3172/1607
f 4690/3173/1607 4700/2965/1608 4691/3165/1598
f 4700/2965/1608 4694/3109/1601 4691/3165/1598
f 4702/3014/1609 4693/2963/1604 4692/3015/1610
f 4699/3010/1606 4705/3174/1611 4700/2965/1608
f 4705/3174/1611 4701/3175/1612 4700/2965/1608
f 4703/3020/1613 4707/3176/1614 4697/3177/1605
f 4697/3170/1605 4708/3178/1615 4698/3179/1616
f 4705/3174/1611 4709/3023/1617 4701/3175/1612
f 4709/3024/1617 4695/3180/1618 4701/3181/1612
f 4710/3182/1619 4702/3019/1609 4695/3180/1618
f 4711/3025/1620 4703/3020/1613 4702/3014/1609
f 4713/3028/1621 4705/3174/1611 4704/3030/1622
f 4714/3031/1623 4709/3023/1617 4705/3174/1611
f 4715/3183/1624 4708/3178/1615 4707/3184/1614
f 4709/3024/1617 4718/3036/1625 4710/3182/1619
f 4718/3036/1625 4711/3037/1620 4710/3182/1619
f 4719/3038/1626 4712/3185/1627 4711/3039/1620
f 4720/3004/1628 4715/3186/1624 4712/3185/1627
f 4713/3041/1621 4722/3042/1498 4714/3043/1623
f 4722/3042/1498 4717/3044/1499 4714/3043/1623
f 4718/3036/1625 4723/3045/1500 4719/3046/1626
f 4719/3038/1626 4720/3004/1628 4712/3185/1627
f 4724/2963/1629 4715/3186/1624 4720/3004/1628
f 4725/3048/1630 4716/3187/1631 4715/3183/1624
f 4726/3049/1632 4721/3050/1633 4716/3187/1631
f 4721/3051/1633 4727/3052/1505 4722/3042/1498
f 4727/3052/1505 4717/3044/1499 4722/3042/1498
f 4728/3053/1506 4718/3036/1625 4717/3054/1499
f 4730/2965/1507 4725/3055/1630 4724/2963/1629
f 4726/3049/1632 4731/3056/1508 4721/3050/1633
f 4731/3010/1508 4727/3052/1505 4721/3051/1633
f 4729/3057/1509 4733/3058/1510 4723/3045/1500
f 4733/3059/1510 4724/2963/1629 4723/3060/1500
f 4734/3061/1634 4725/3055/1630 4730/2965/1507
f 4735/3188/1635 4726/3049/1632 4725/3048/1630
f 4731/3010/1508 4737/3063/1513 4727/3052/1505
f 4737/3063/1513 4732/3064/1514 4727/3052/1505
f 4733/3059/1510 4734/3061/1634 4730/2965/1507
f 4739/3065/1636 4735/3189/1635 4734/3061/1634
f 4735/3188/1635 4741/3067/1637 4726/3049/1632
f 4741/3067/1637 4736/3068/1517 4726/3049/1632
f 4737/3063/1513 4742/3069/1518 4732/3064/1514
f 4733/3059/1510 4739/3065/1636 4734/3061/1634
f 4744/3070/1638 4740/3190/1639 4739/3065/1636
f 4736/3072/1517 4746/3031/1521 4737/3063/1513
f 4746/3031/1521 4742/3069/1518 4737/3063/1513
f 4743/3073/1522 4744/3070/1638 4739/3065/1636
f 4748/3074/1640 4740/3190/1639 4744/3070/1638
f 4749/3191/1641 4741/3067/1637 4740/3192/1639
f 4738/3193/1524 4752/3077/1642 4743/3078/1522
f 4743/3073/1522 4748/3074/1640 4744/3070/1638
f 4749/3191/1641 4754/3194/1643 4741/3067/1637
f 4754/3194/1643 4745/3081/1644 4741/3067/1637
f 4755/3195/1645 4750/3083/1646 4745/3028/1644
f 4750/3083/1646 4756/3084/1531 4747/3085/1532
f 4756/3086/1531 4751/3087/1647 4747/3088/1532
f 4753/3027/1648 4758/3196/1649 4749/3197/1641
f 4758/3198/1649 4754/3194/1643 4749/3191/1641
f 4755/3195/1645 4760/3091/1650 4750/3083/1646
f 4760/3091/1650 4756/3084/1531 4750/3083/1646
f 4761/3092/1651 4751/3087/1647 4756/3086/1531
f 4751/3087/1647 4763/3199/1652 4752/3077/1642
f 4763/3200/1652 4753/3027/1648 4752/3096/1642
f 4765/3201/1653 4759/3202/1654 4754/3194/1643
f 4765/3201/1653 4768/3203/1655 4759/3202/1654
f 4769/3204/1656 4762/3100/1657 4761/3092/1651
f 4770/3147/1658 4764/3205/1659 4763/3200/1652
f 4771/3004/1660 4767/3206/1661 4764/3205/1659
f 4767/3207/1661 4772/3208/1662 4765/3201/1653
f 4772/3208/1662 4768/3203/1655 4765/3201/1653
f 4769/3204/1656 4774/3111/1663 4762/3100/1657
f 4774/3111/1663 4770/3106/1658 4762/3100/1657
f 4770/3147/1658 4771/3004/1660 4764/3205/1659
f 4776/3114/1664 4767/3206/1661 4771/3004/1660
f 4777/3209/1665 4772/3208/1662 4767/3207/1661
f 4778/3210/1666 4773/3211/1667 4768/3212/1655
f 4773/3211/1667 4779/3213/1668 4769/3214/1656
f 4780/3121/1669 4777/3215/1665 4776/3114/1664
f 4777/3209/1665 4782/3216/1670 4772/3208/1662
f 4782/3216/1670 4778/3217/1666 4772/3208/1662
f 4783/3218/1671 4773/3211/1667 4778/3210/1666
f 4779/3219/1668 4785/3127/1672 4774/3111/1663
f 4785/3127/1672 4775/3220/1673 4774/3111/1663
f 4786/3221/1674 4776/3114/1664 4775/3222/1673
f 4787/3128/1675 4781/3223/1676 4780/3130/1669
f 4789/3137/1677 4781/3223/1676 4787/3128/1675
f 4782/3216/1670 4664/2968/1577 4783/3224/1671
f 4783/3225/1671 4790/3091/1678 4784/3083/1679
f 4790/3091/1678 4788/3140/1680 4784/3083/1679
f 4668/3148/1583 4787/3128/1675 4786/3226/1674
f 4662/3227/1574 4663/2966/1575 4782/3216/1670
f 4663/2966/1575 4664/2968/1577 4782/3216/1670
f 4665/3146/1578 4788/3140/1680 4790/3091/1678
f 4788/3141/1680 4667/2973/1580 4785/3127/1672
f 4667/2973/1580 4668/3228/1583 4785/3127/1672
f 4799/2963/1681 4792/2964/1682 4791/2965/1683
f 4792/2978/1682 4800/3229/1684 4793/3230/1685
f 4793/3230/1685 4801/3144/1686 4794/2968/1687
f 4801/3145/1686 4795/2970/1688 4794/2971/1687
f 4802/2972/1689 4797/3231/1690 4796/3232/1691
f 4797/3231/1690 4804/3151/1692 4798/3233/1693
f 4804/3147/1692 4791/2965/1683 4798/3234/1693
f 4799/2963/1681 4806/2976/1694 4792/2964/1682
f 4806/2977/1694 4800/3229/1684 4792/2978/1682
f 4801/3145/1686 4807/3042/1695 4795/2970/1688
f 4808/3152/1696 4799/2963/1681 4804/3147/1692
f 4809/2983/1697 4806/2976/1694 4805/2984/1698
f 4806/2977/1694 4811/3235/1699 4800/3229/1684
f 4800/3229/1684 4812/3156/1700 4801/3144/1686
f 4812/3155/1700 4807/3042/1695 4801/3145/1686
f 4807/3042/1695 4814/2986/1701 4802/2987/1689
f 4814/2988/1701 4803/3236/1702 4802/2972/1689
f 4808/3152/1696 4809/2983/1697 4805/2984/1698
f 4803/3236/1702 4818/3158/1703 4808/3159/1696
f 4818/3038/1703 4809/3033/1697 4808/3039/1696
f 4815/2996/1704 4820/2997/1705 4810/2998/1706
f 4820/2999/1705 4811/3235/1699 4810/2990/1706
f 4821/3237/1707 4816/3238/1708 4811/3235/1699
f 4816/3239/1708 4822/3042/1709 4813/3166/1710
f 4822/3042/1709 4814/2995/1701 4813/3166/1710
f 4818/3038/1703 4819/3004/1711 4815/2996/1704
f 4821/3237/1707 4826/3168/1712 4816/3238/1708
f 4816/3239/1708 4827/3240/1713 4822/3042/1709
f 4827/3240/1713 4823/2987/1714 4822/3042/1709
f 4825/2963/1715 4829/3007/1716 4820/2997/1705
f 4829/3008/1716 4821/3237/1707 4820/2999/1705
f 4827/3240/1713 4831/3241/1717 4823/2987/1714
f 4823/3242/1714 4832/3243/1718 4817/3244/1719
f 4817/3244/1719 4833/3245/1720 4824/3246/1721
f 4833/3247/1720 4825/2963/1715 4824/3248/1721
f 4835/3016/1722 4830/3181/1723 4821/3237/1707
f 4830/3249/1723 4836/3174/1724 4827/3240/1713
f 4836/3174/1724 4831/3241/1717 4827/3240/1713
f 4834/3020/1725 4838/3021/1481 4829/3007/1716
f 4835/3016/1722 4839/3250/1726 4830/3181/1723
f 4839/3251/1726 4836/3174/1724 4830/3249/1723
f 4836/3174/1724 4840/3252/1727 4831/3241/1717
f 4831/3253/1717 4841/3254/1728 4832/3243/1718
f 4841/3254/1728 4833/3245/1720 4832/3243/1718
f 4842/3025/1729 4834/3020/1725 4833/3247/1720
f 4843/3026/1485 4838/3021/1481 4837/3027/1486
f 4845/3031/1730 4840/3252/1727 4836/3174/1724
f 4846/2996/1491 4844/3032/1492 4843/3033/1485
f 4844/3034/1492 4847/3035/1731 4835/3016/1722
f 4835/3016/1722 4848/3255/1732 4839/3250/1726
f 4848/3155/1732 4845/3043/1730 4839/3256/1726
f 4840/3257/1727 4850/3036/1733 4841/3254/1728
f 4850/3036/1733 4842/3037/1729 4841/3254/1728
f 4851/3038/1495 4843/3033/1485 4842/3039/1729
f 4852/3004/1496 4844/3032/1492 4846/2996/1491
f 4853/3040/1497 4847/3035/1731 4844/3034/1492
f 4848/3155/1732 4855/3258/1734 4845/3043/1730
f 4855/3258/1734 4849/3044/1735 4845/3043/1730
f 4850/3036/1733 4856/3045/1500 4851/3046/1495
f 4851/3038/1495 4852/3004/1496 4846/2996/1491
f 4857/2963/1501 4853/3047/1497 4852/3004/1496
f 4858/3048/1736 4847/3035/1731 4853/3040/1497
f 4859/3259/1737 4854/3260/1738 4847/3035/1731
f 4860/3053/1739 4850/3036/1733 4849/3054/1735
f 4862/2965/1507 4858/3055/1736 4857/2963/1501
f 4854/3261/1738 4864/2965/1740 4855/3258/1734
f 4864/2965/1740 4860/3109/1739 4855/3258/1734
f 4861/3057/1509 4866/3058/1510 4856/3045/1500
f 4866/3059/1510 4857/2963/1501 4856/3060/1500
f 4867/3061/1741 4858/3055/1736 4862/2965/1507
f 4868/3262/1742 4859/3259/1737 4858/3048/1736
f 4863/3263/1743 4870/3063/1744 4864/2965/1740
f 4870/3063/1744 4865/3064/1745 4864/2965/1740
f 4866/3059/1510 4867/3061/1741 4862/2965/1507
f 4872/3065/1746 4868/3264/1742 4867/3061/1741
f 4873/3265/1747 4870/3063/1744 4863/3263/1743
f 4870/3063/1744 4874/3069/1518 4865/3064/1745
f 4866/3059/1510 4872/3065/1746 4867/3061/1741
f 4876/3070/1748 4868/3264/1742 4872/3065/1746
f 4873/3265/1747 4879/3031/1749 4870/3063/1744
f 4879/3031/1749 4874/3069/1518 4870/3063/1744
f 4875/3073/1522 4876/3070/1748 4872/3065/1746
f 4881/3074/1750 4877/3266/1751 4876/3070/1748
f 4871/3076/1752 4885/3077/1753 4875/3078/1522
f 4875/3073/1522 4881/3074/1750 4876/3070/1748
f 4881/3026/1750 4887/3267/1754 4877/3079/1751
f 4888/3195/1755 4883/3083/1646 4878/3028/1756
f 4883/3083/1646 4889/3084/1531 4880/3085/1532
f 4889/3086/1531 4884/3087/1647 4880/3088/1532
f 4891/3268/1757 4888/3086/1755 4882/3269/1758
f 4888/3195/1755 4893/3091/1650 4883/3083/1646
f 4893/3091/1650 4889/3084/1531 4883/3083/1646
f 4894/3092/1651 4884/3087/1647 4889/3086/1531
f 4884/3087/1647 4896/3199/1759 4885/3077/1753
f 4896/3200/1759 4886/3027/1760 4885/3096/1753
f 4890/3020/1761 4898/3010/1762 4887/3267/1754
f 4898/714/1762 4891/3268/1757 4887/3270/1754
f 4900/2963/1763 4898/3010/1762 4897/2965/1764
f 4891/3268/1757 4902/3203/1765 4892/3202/1766
f 4903/3204/1767 4895/3100/1768 4894/3092/1651
f 4904/3271/1769 4897/2965/1764 4896/3200/1759
f 4905/3004/1770 4901/3206/1771 4900/2963/1763
f 4901/3207/1771 4906/3272/1772 4891/3268/1757
f 4906/3272/1772 4902/3203/1765 4891/3268/1757
f 4903/3204/1767 4908/3273/1773 4895/3100/1768
f 4908/3273/1773 4904/3274/1769 4895/3100/1768
f 4909/3114/1774 4901/3206/1771 4905/3004/1770
f 4910/3275/1775 4906/3272/1772 4901/3207/1771
f 4911/3116/1776 4907/3211/1777 4902/3212/1765
f 4907/3211/1777 4912/3276/1778 4903/3214/1767
f 4908/3273/1773 4913/3118/1779 4904/3274/1769
f 4913/3120/1779 4905/3004/1770 4904/3271/1769
f 4914/3121/1780 4910/3277/1775 4909/3114/1774
f 4916/3128/1781 4910/3129/1775 4914/3130/1780
f 4917/3131/1782 4906/3272/1772 4910/3275/1775
f 4793/3230/1685 4911/3278/1776 4906/3272/1772
f 4918/3133/1783 4915/3083/1784 4911/3028/1776
f 4919/3139/1785 4908/3273/1773 4912/3279/1778
f 4908/3273/1773 4920/3280/1786 4913/3118/1779
f 4920/3281/1786 4914/3130/1780 4913/3136/1779
f 4921/3137/1787 4917/3138/1782 4916/3128/1781
f 4793/3230/1685 4794/2968/1687 4918/3139/1783
f 4918/3133/1783 4922/3091/1788 4915/3083/1784
f 4922/3091/1788 4919/3282/1785 4915/3083/1784
f 4796/3232/1691 4797/3231/1690 4919/3139/1785
f 4798/3234/1693 4916/3128/1781 4920/3281/1786
f 4921/3137/1787 4792/2964/1682 4917/3138/1782
f 4795/2970/1688 4796/3283/1691 4922/3091/1788
s 0
f 4934/3284/1789 4924/3285/1789 4931/3286/1789
f 4938/3287/1790 4932/3288/1790 4935/3289/1790
f 4929/3290/1791 4933/3291/1791 4937/3292/1791
f 4926/3293/1792 4928/3294/1792 4923/3295/1792
f 4930/3296/1793 4936/3297/1793 4927/3298/1793
f 4923/3299/1794 4928/3300/1794 4927/3301/1794
f 4926/3293/1795 4923/3295/1795 4924/3285/1795
f 4929/3290/1796 4926/3302/1796 4925/3303/1796
f 4928/3294/1797 4929/3304/1797 4930/3305/1797
f 4927/3301/1798 4936/3306/1798 4935/3307/1798
f 4937/3292/1799 4930/3308/1799 4929/3290/1799
f 4936/3297/1800 4937/3309/1800 4938/3287/1800
f 4935/3307/1801 4932/3310/1801 4931/3311/1801
f 4933/3291/1802 4938/3312/1802 4937/3292/1802
f 4932/3288/1803 4933/3313/1803 4934/3314/1803
f 4931/3311/1804 4924/3315/1804 4923/3299/1804
f 4925/3303/1805 4934/3316/1805 4933/3291/1805
f 4935/3307/1806 4923/3299/1806 4927/3301/1806
f 4950/3317/1789 4940/3318/1789 4947/3319/1789
f 4954/3320/1790 4948/3321/1790 4951/3289/1790
f 4945/3322/1791 4949/3323/1791 4953/3292/1791
f 4942/3324/1792 4944/3325/1792 4939/3295/1792
f 4946/3326/1793 4952/3327/1793 4943/3328/1793
f 4939/3329/1807 4944/3330/1807 4943/3331/1807
f 4942/3324/1808 4939/3295/1808 4940/3318/1808
f 4945/3322/1796 4942/3332/1796 4941/3303/1796
f 4944/3325/1797 4945/3304/1797 4946/3305/1797
f 4943/3331/1798 4952/3333/1798 4951/3307/1798
f 4953/3292/1799 4946/3308/1799 4945/3322/1799
f 4952/3327/1800 4953/3334/1800 4954/3320/1800
f 4951/3307/1801 4948/3310/1801 4947/3311/1801
f 4949/3323/1802 4954/3312/1802 4953/3292/1802
f 4948/3321/1803 4949/3313/1803 4950/3335/1803
f 4947/3311/1804 4940/3336/1804 4939/3329/1804
f 4941/3303/1805 4950/3337/1805 4949/3323/1805
f 4951/3307/1806 4939/3329/1806 4943/3331/1806
f 4969/3338/1809 4956/3339/1809 4966/3340/1809
f 4972/3341/1810 4965/3342/1810 4971/3343/1810
f 4963/3344/1811 4968/3345/1811 4974/3346/1811
f 4958/3347/1812 4960/3348/1812 4956/3349/1812
f 4964/3350/1813 4971/3351/1813 4961/3352/1813
f 4955/3353/1814 4960/3354/1814 4962/3355/1814
f 4963/3344/1815 4958/3356/1815 4957/3357/1815
f 4962/3358/1816 4971/3351/1816 4970/3359/1816
f 4974/3360/1817 4964/3350/1817 4963/3361/1817
f 4971/3343/1818 4973/3362/1818 4972/3341/1818
f 4970/3363/1819 4965/3364/1819 4967/3365/1819
f 4968/3345/1820 4972/3366/1820 4974/3346/1820
f 4967/3367/1821 4956/3339/1821 4955/3368/1821
f 4957/3369/1822 4969/3338/1822 4968/3370/1822
f 4970/3363/1823 4955/3353/1823 4962/3355/1823
f 4977/3371/1824 4978/3372/1824 4975/3373/1824
f 4976/3374/1825 4975/3373/1825 4978/3372/1825
s 1
f 4990/3375/1826 4979/3376/1827 4989/3377/1828
f 4984/3378/1829 4985/3379/1830 4983/3380/1831
f 4986/3381/1832 4987/3382/1833 4985/3379/1830
f 4988/3383/1834 4989/3384/1828 4987/3385/1833
f 4982/3386/1835 4983/3387/1831 4981/3388/1836
f 4988/3389/1834 4986/3390/1832 4984/3391/1829
f 4980/3392/1837 4981/3393/1836 4979/3376/1827
f 4987/3394/1833 4989/3395/1828 4981/3396/1836
f 5002/3375/1826 4991/3397/1827 5001/3398/1828
f 4996/3378/1829 4997/3379/1830 4995/3380/1831
f 4998/3399/1832 4999/3382/1833 4997/3379/1830
f 5000/3400/1834 5001/3401/1828 4999/3385/1833
f 4994/3386/1835 4995/3387/1831 4993/3402/1836
f 5000/3403/1834 4998/3404/1832 4996/3391/1829
f 4992/3392/1837 4993/3405/1836 4991/3397/1827
f 4999/3394/1833 5001/3406/1828 4993/3407/1836
f 5014/3408/1826 5003/3409/1838 5013/3410/1828
f 5008/3411/1829 5009/3412/1830 5007/3413/1831
f 5010/3414/1832 5011/3415/1833 5009/3412/1830
f 5012/3416/1834 5013/3417/1828 5011/3418/1833
f 5006/3419/1835 5007/3420/1831 5005/3421/1836
f 5012/3422/1834 5010/3423/1832 5008/3424/1829
f 5004/3425/1837 5005/3426/1836 5003/3409/1838
f 5011/3427/1833 5013/3428/1828 5005/3429/1836
f 5026/3408/1826 5015/3430/1827 5025/3431/1839
f 5020/3432/1829 5021/3433/1830 5019/3413/1831
f 5022/3434/1832 5023/3435/1833 5021/3433/1830
f 5024/3436/1834 5025/3437/1839 5023/3438/1833
f 5018/3419/1835 5019/3420/1831 5017/3439/1836
f 5024/3440/1834 5022/3441/1832 5020/3442/1829
f 5016/3425/1837 5017/3443/1836 5015/3430/1827
f 5023/3444/1833 5025/3445/1839 5017/3446/1836
s 0
f 5032/3447/1840 5030/3448/1840 5028/3449/1840
f 5034/3449/1841 5030/3448/1841 5035/3447/1841
f 5029/3450/4 5034/3451/4 5028/3452/4
f 5033/3453/5 5035/3454/5 5032/3455/5
f 37/1/1 8/11/1 2/2/1
f 51/4/2 38/10/2 30/5/2
f 22/7/3 9/12/3 36/8/3
f 10/10/4 24/4/4 16/6/4
f 23/11/5 52/1/5 44/3/5
f 1/12/1842 4/21/1842 5/13/1842
f 2/2/1843 6/28/1843 5/15/1843
f 3/5/1844 7/35/1844 5/17/1844
f 8/11/1845 11/30/1845 12/19/1845
f 9/12/1846 13/14/1846 12/13/1846
f 10/10/1847 14/41/1847 12/22/1847
f 15/7/1848 18/29/1848 19/24/1848
f 16/6/1849 20/45/1849 19/26/1849
f 17/2/1850 21/16/1850 19/15/1850
f 22/7/1851 25/25/1851 26/24/1851
f 23/11/1852 27/20/1852 26/19/1852
f 24/4/1853 28/47/1853 26/31/1853
f 29/8/1854 32/38/1854 33/33/1854
f 30/5/1855 34/18/1855 33/17/1855
f 31/3/1856 35/44/1856 33/36/1856
f 36/8/1857 39/34/1857 40/33/1857
f 37/1/1858 41/48/1858 40/39/1858
f 38/10/1859 42/23/1859 40/22/1859
f 43/9/1860 46/46/1860 47/42/1860
f 44/3/1861 48/37/1861 47/36/1861
f 45/6/1862 49/27/1862 47/26/1862
f 50/9/1863 53/43/1863 54/42/1863
f 51/4/1864 55/32/1864 54/31/1864
f 52/1/1865 56/40/1865 54/39/1865
f 1/12/30 7/14/30 18/29/30
f 7/35/31 3/5/31 16/6/31
f 8/11/32 14/20/32 6/28/32
f 14/41/33 10/10/33 3/5/33
f 22/7/34 28/29/34 13/14/34
f 28/47/35 24/4/35 10/10/35
f 17/2/36 20/28/36 27/20/36
f 20/45/37 16/6/37 24/4/37
f 15/7/38 21/25/38 46/46/38
f 21/16/39 17/2/39 44/3/39
f 50/9/40 56/46/40 25/25/40
f 56/40/41 52/1/41 23/11/41
f 45/6/42 48/45/42 55/32/42
f 48/37/43 44/3/43 52/1/43
f 43/9/44 49/43/44 32/38/44
f 49/27/45 45/6/45 30/5/45
f 36/8/46 42/38/46 53/43/46
f 42/23/47 38/10/47 51/4/47
f 31/3/48 34/37/48 41/48/48
f 34/18/49 30/5/49 38/10/49
f 29/8/50 35/34/50 4/21/50
f 35/44/51 31/3/51 2/2/51
f 9/12/52 11/21/52 39/34/52
f 11/30/53 8/11/53 37/1/53
f 43/9/54 29/8/54 1/12/54
f 85/49/1866 67/89/1866 58/50/1866
f 97/52/2 86/58/2 80/53/2
f 73/55/3 63/60/3 84/56/3
f 64/58/4 75/52/4 69/54/4
f 74/59/5 98/49/5 91/51/5
f 57/60/1867 60/102/1867 61/61/1867
f 59/53/1868 62/87/1868 61/90/1868
f 63/60/1869 66/62/1869 65/3456/1869
f 64/58/1870 67/77/1870 65/65/1870
f 69/54/1871 72/92/1871 71/88/1871
f 73/55/1872 76/95/1872 77/69/1872
f 75/52/1873 78/91/1873 77/93/1873
f 80/53/1874 83/101/1874 82/99/1874
f 85/49/1875 88/85/1875 87/104/1875
f 86/58/1876 89/66/1876 87/65/1876
f 90/57/1877 93/94/1877 94/78/1877
f 92/54/1878 95/98/1878 94/3457/1878
f 96/57/1879 99/100/1879 100/3458/1879
f 97/52/1880 101/96/1880 100/82/1880
f 68/55/30 57/60/30 62/62/30
f 62/87/31 59/53/31 69/54/31
f 67/77/1881 64/58/1881 59/53/1881
f 73/55/34 78/70/34 66/62/34
f 78/91/35 75/52/35 64/58/35
f 70/50/1882 72/68/1882 77/71/1882
f 72/92/37 69/54/37 75/52/37
f 68/55/1883 71/86/1883 93/94/1883
f 93/81/1884 71/67/1884 70/50/1884
f 96/57/1885 100/3458/1885 76/95/1885
f 76/72/1886 100/84/1886 98/49/1886
f 92/54/1887 94/3457/1887 101/96/1887
f 94/80/1888 91/51/1888 98/49/1888
f 79/56/44 90/57/44 95/79/44
f 95/98/45 92/54/45 80/53/45
f 96/57/46 84/56/46 89/76/46
f 99/83/47 89/66/47 86/58/47
f 81/51/48 83/74/48 88/85/48
f 83/101/49 80/53/49 86/58/49
f 79/56/1889 82/97/1889 60/102/1889
f 60/64/1890 82/73/1890 81/51/1890
f 63/60/1891 65/3456/1891 87/75/1891
f 65/103/1892 67/89/1892 85/49/1892
f 90/57/54 79/56/54 57/60/54
f 113/105/1893 105/121/1893 102/106/1893
f 117/108/1894 112/127/1894 111/109/1894
f 109/111/1895 105/124/1895 112/112/1895
f 104/114/1896 108/3459/1896 107/115/1896
f 108/117/1897 117/3460/1897 114/118/1897
f 102/132/1898 103/3461/1898 106/133/1898
f 105/3462/1899 104/114/1899 103/116/1899
f 109/3463/1900 108/3459/1900 104/114/1900
f 114/118/1901 106/3464/1901 107/119/1901
f 108/117/1902 116/3465/1902 117/3460/1902
f 115/3466/1903 114/118/1903 117/3460/1903
f 114/131/1904 115/3467/1904 110/3468/1904
f 102/106/1905 110/3469/1905 111/107/1905
f 114/131/54 110/3468/54 102/132/54
f 149/134/1 124/144/1 119/135/1
f 161/137/2 150/143/2 143/138/2
f 136/140/3 125/145/3 148/141/3
f 126/143/4 138/137/4 131/139/4
f 137/144/5 162/134/5 155/136/5
f 119/135/1906 122/156/1906 121/146/1906
f 120/138/1907 123/174/1907 121/148/1907
f 124/144/1908 127/180/1908 128/150/1908
f 126/143/1909 129/167/1909 128/175/1909
f 130/140/1910 133/158/1910 134/3470/1910
f 131/139/1911 135/170/1911 134/154/1911
f 137/144/1912 140/151/1912 139/157/1912
f 138/137/1913 141/171/1913 139/159/1913
f 143/138/1914 146/149/1914 145/177/1914
f 144/136/1915 147/179/1915 145/161/1915
f 149/134/1875 152/173/1875 151/181/1875
f 150/143/1916 153/178/1916 151/166/1916
f 155/136/1917 158/163/1917 157/176/1917
f 156/139/1918 159/155/1918 157/154/1918
f 160/142/1919 163/169/1919 164/172/1919
f 161/137/1920 165/160/1920 164/159/1920
f 118/145/30 123/147/30 133/158/30
f 123/174/31 120/138/31 131/139/31
f 124/144/32 129/151/32 122/156/32
f 129/167/33 126/143/33 120/138/33
f 136/140/1921 141/158/1921 128/152/1921
f 141/171/35 138/137/35 126/143/35
f 132/135/36 135/156/36 140/151/36
f 135/170/37 131/139/37 138/137/37
f 130/140/1922 134/3470/1922 157/168/1922
f 134/146/1923 132/135/1923 155/136/1923
f 160/142/1924 164/172/1924 139/157/1924
f 164/172/1925 162/134/1925 137/144/1925
f 156/139/42 158/170/42 165/160/42
f 158/163/43 155/136/43 162/134/43
f 154/142/1926 159/169/1926 145/161/1926
f 159/155/45 156/139/45 143/138/45
f 148/141/46 153/165/46 163/169/46
f 153/178/47 150/143/47 161/137/47
f 144/136/48 146/163/48 152/173/48
f 146/149/49 143/138/49 150/143/49
f 142/141/1927 147/162/1927 121/146/1927
f 147/179/51 144/136/51 119/135/51
f 125/145/1928 127/153/1928 151/164/1928
f 127/180/53 124/144/53 149/134/53
f 154/142/54 142/141/54 118/145/54
f 171/182/1929 167/3471/1929 166/183/1929
f 173/185/1930 171/3472/1930 170/186/1930
f 169/188/1931 167/3471/1931 171/182/1931
f 167/190/1932 169/3473/1932 168/191/1932
f 169/188/1933 173/189/1933 172/193/1933
f 172/193/1934 170/184/1934 166/183/1934
s 1
f 189/195/123 175/215/138 174/196/124
f 179/198/126 181/3474/129 180/199/127
f 181/201/129 183/204/131 182/202/130
f 183/204/131 185/206/133 184/205/132
f 185/206/133 187/208/135 186/207/134
f 187/208/135 189/3475/123 188/209/125
f 177/210/136 179/198/126 178/200/128
f 179/213/126 177/3476/136 189/3477/123
f 177/3476/136 175/3478/138 189/3477/123
f 189/3477/123 187/214/135 179/213/126
f 187/214/135 185/3479/133 181/212/129
f 185/3479/133 183/3480/131 181/212/129
f 175/215/138 177/210/136 176/211/137
f 188/218/125 174/3481/124 176/3482/137
f 176/3482/137 178/3483/128 180/216/127
f 180/216/127 182/3484/130 184/217/132
f 184/217/132 186/3485/134 188/218/125
f 188/218/125 176/3482/137 180/216/127
f 205/219/123 191/239/138 190/220/124
f 195/222/126 197/3486/129 196/223/127
f 197/225/129 199/228/131 198/226/130
f 199/228/131 201/230/133 200/229/132
f 201/230/133 203/232/135 202/231/134
f 203/232/135 205/3487/123 204/233/125
f 193/234/140 195/222/126 194/224/139
f 195/237/126 193/3488/140 205/3489/123
f 193/3488/140 191/3490/138 205/3489/123
f 205/3489/123 203/238/135 195/237/126
f 203/238/135 201/3491/133 197/236/129
f 201/3491/133 199/3492/131 197/236/129
f 191/239/138 193/234/140 192/235/137
f 204/242/125 190/3493/124 192/3494/137
f 192/3494/137 194/3495/139 196/240/127
f 196/240/127 198/3496/130 200/241/132
f 200/241/132 202/3497/134 204/242/125
f 204/242/125 192/3494/137 196/240/127
f 221/243/123 207/263/138 206/244/141
f 211/246/126 213/3498/129 212/247/127
f 213/249/129 215/252/131 214/250/130
f 215/252/131 217/254/133 216/253/132
f 217/254/133 219/256/135 218/255/142
f 219/256/135 221/3499/123 220/257/125
f 209/258/140 211/246/126 210/248/128
f 211/261/126 209/3500/140 221/3501/123
f 209/3500/140 207/3502/138 221/3501/123
f 221/3501/123 219/262/135 211/261/126
f 219/262/135 217/3503/133 213/260/129
f 217/3503/133 215/3504/131 213/260/129
f 207/263/138 209/258/140 208/259/137
f 220/266/125 206/3505/141 208/3506/137
f 208/3506/137 210/3507/128 212/264/127
f 212/264/127 214/3508/130 216/265/132
f 216/265/132 218/3509/142 220/266/125
f 220/266/125 208/3506/137 212/264/127
s 0
f 253/134/1 228/144/1 223/135/1
f 265/137/2 254/143/2 247/138/2
f 240/140/3 229/145/3 252/141/3
f 230/143/4 242/137/4 235/139/4
f 241/144/5 266/134/5 259/136/5
f 223/135/1935 226/156/1935 225/267/1935
f 224/138/1907 227/174/1907 225/148/1907
f 229/145/1869 232/147/1869 231/3510/1869
f 230/143/1936 233/167/1936 231/166/1936
f 235/139/1937 238/170/1937 237/275/1937
f 236/135/1938 239/276/1938 237/270/1938
f 241/144/1939 244/151/1939 243/271/1939
f 242/137/1913 245/171/1913 243/159/1913
f 246/141/1940 249/165/1940 250/164/1940
f 247/138/1941 251/149/1941 250/148/1941
f 253/134/1942 256/173/1942 255/280/1942
f 254/143/1916 257/178/1916 255/166/1916
f 259/136/1943 262/163/1943 261/277/1943
f 260/139/1918 263/155/1918 261/154/1918
f 265/137/1944 268/160/1944 267/279/1944
f 266/134/1945 269/278/1945 267/273/1945
f 222/145/1946 227/147/1946 237/268/1946
f 227/174/31 224/138/31 235/139/31
f 228/144/32 233/151/32 226/156/32
f 233/167/33 230/143/33 224/138/33
f 240/140/34 245/158/34 232/147/34
f 245/171/35 242/137/35 230/143/35
f 236/135/36 238/156/36 244/151/36
f 238/170/37 235/139/37 242/137/37
f 234/140/1947 239/269/1947 261/272/1947
f 239/276/39 236/135/39 259/136/39
f 264/142/1948 269/274/1948 243/271/1948
f 269/278/41 266/134/41 241/144/41
f 260/139/42 262/170/42 268/160/42
f 262/163/43 259/136/43 266/134/43
f 258/142/44 263/169/44 249/165/44
f 263/155/45 260/139/45 247/138/45
f 252/141/1949 257/165/1949 267/273/1949
f 257/178/47 254/143/47 265/137/47
f 248/136/48 251/163/48 256/173/48
f 251/149/49 247/138/49 254/143/49
f 246/141/1950 250/164/1950 225/267/1950
f 250/164/1951 248/136/1951 223/135/1951
f 229/145/1891 231/3510/1891 255/164/1891
f 231/157/1952 228/144/1952 253/134/1952
f 258/142/54 246/141/54 222/145/54
f 275/281/1929 271/3511/1929 270/282/1929
f 277/284/1930 275/3512/1930 274/285/1930
f 273/287/1931 271/3511/1931 275/281/1931
f 271/289/1932 273/3513/1932 272/290/1932
f 273/287/1933 277/288/1933 276/292/1933
f 276/292/1934 274/283/1934 270/282/1934
s 1
f 293/294/123 279/314/138 278/295/124
f 283/297/126 285/3514/129 284/298/127
f 285/300/129 287/303/131 286/301/130
f 287/303/131 289/305/163 288/304/132
f 289/305/163 291/307/135 290/306/142
f 291/307/135 293/3515/123 292/308/125
f 281/309/140 283/297/126 282/299/139
f 283/312/126 281/3516/140 293/3517/123
f 281/3516/140 279/3518/138 293/3517/123
f 293/3517/123 291/313/135 283/312/126
f 291/313/135 289/3519/163 285/311/129
f 289/3519/163 287/3520/131 285/311/129
f 279/314/138 281/309/140 280/310/137
f 292/317/125 278/3521/124 280/3522/137
f 280/3522/137 282/3523/139 284/315/127
f 284/315/127 286/3524/130 288/316/132
f 288/316/132 290/3525/142 292/317/125
f 292/317/125 280/3522/137 284/315/127
f 309/318/123 295/338/138 294/319/124
f 299/321/126 301/3526/129 300/322/127
f 301/324/129 303/327/131 302/325/130
f 303/327/131 305/329/133 304/328/132
f 305/329/133 307/331/135 306/330/134
f 307/331/135 309/3527/123 308/332/125
f 297/333/140 299/321/126 298/323/128
f 299/336/126 297/3528/140 309/3529/123
f 297/3528/140 295/3530/138 309/3529/123
f 309/3529/123 307/337/135 299/336/126
f 307/337/135 305/3531/133 301/335/129
f 305/3531/133 303/3532/131 301/335/129
f 295/338/138 297/333/140 296/334/137
f 308/341/125 294/3533/124 296/3534/137
f 296/3534/137 298/3535/128 300/339/127
f 300/339/127 302/3536/130 304/340/132
f 304/340/132 306/3537/134 308/341/125
f 308/341/125 296/3534/137 300/339/127
f 325/342/123 311/362/138 310/343/124
f 315/345/126 317/3538/129 316/346/127
f 317/348/129 319/351/131 318/349/130
f 319/351/131 321/353/163 320/352/132
f 321/353/163 323/355/135 322/354/142
f 323/355/135 325/3539/123 324/356/125
f 313/357/140 315/345/126 314/347/139
f 315/360/126 313/3540/140 325/3541/123
f 313/3540/140 311/3542/138 325/3541/123
f 325/3541/123 323/361/135 315/360/126
f 323/361/135 321/3543/163 317/359/129
f 321/3543/163 319/3544/131 317/359/129
f 311/362/138 313/357/140 312/358/137
f 324/365/125 310/3545/124 312/3546/137
f 312/3546/137 314/3547/139 316/363/127
f 316/363/127 318/3548/130 320/364/132
f 320/364/132 322/3549/142 324/365/125
f 324/365/125 312/3546/137 316/363/127
s 0
f 357/366/1 332/376/1 327/367/1
f 369/369/2 358/375/2 351/370/2
f 344/372/3 333/377/3 356/373/3
f 334/375/4 346/369/4 339/371/4
f 345/376/5 370/366/5 363/368/5
f 327/367/1906 330/389/1906 329/416/1906
f 328/370/1907 331/408/1907 329/380/1907
f 332/376/1908 335/417/1908 336/382/1908
f 334/375/1953 337/401/1953 336/411/1953
f 339/371/1937 342/404/1937 341/409/1937
f 340/367/1938 343/412/1938 341/388/1938
f 345/376/1939 348/383/1939 347/413/1939
f 346/369/1913 349/410/1913 347/392/1913
f 351/370/1954 354/381/1954 353/414/1954
f 352/368/1915 355/402/1915 353/396/1915
f 356/373/1955 359/395/1955 360/456/1955
f 357/366/1956 361/407/1956 360/398/1956
f 362/374/1957 365/406/1957 366/405/1957
f 363/368/1958 367/397/1958 366/396/1958
f 369/369/1959 372/393/1959 371/415/1959
f 370/366/1945 373/399/1945 371/398/1945
f 326/377/1960 331/379/1960 341/386/1960
f 331/408/31 328/370/31 339/371/31
f 332/376/32 337/383/32 330/389/32
f 337/401/33 334/375/33 328/370/33
f 344/372/1961 349/391/1961 336/384/1961
f 349/410/35 346/369/35 334/375/35
f 340/367/36 342/389/36 348/383/36
f 342/404/37 339/371/37 346/369/37
f 338/372/38 343/387/38 365/406/38
f 343/412/39 340/367/39 363/368/39
f 368/374/1962 373/406/1962 347/390/1962
f 373/399/41 370/366/41 345/376/41
f 364/371/42 367/404/42 372/393/42
f 367/397/43 363/368/43 370/366/43
f 362/374/1963 366/405/1963 353/394/1963
f 366/403/1964 364/371/1964 351/370/1964
f 356/373/1965 360/456/1965 371/405/1965
f 360/400/1966 358/375/1966 369/369/1966
f 352/368/48 354/397/48 361/407/48
f 354/381/49 351/370/49 358/375/49
f 350/373/1967 355/395/1967 329/378/1967
f 355/402/51 352/368/51 327/367/51
f 333/377/52 335/385/52 359/395/52
f 335/417/53 332/376/53 357/366/53
f 362/374/54 350/373/54 326/377/54
f 379/418/1968 375/3550/1968 374/419/1968
f 381/421/1969 379/3551/1969 378/422/1969
f 377/424/1970 375/3552/1970 379/425/1970
f 375/427/1971 377/3553/1971 376/428/1971
f 377/430/1972 381/3554/1972 380/431/1972
f 380/433/1973 378/3555/1973 374/434/1973
f 387/436/1968 383/3556/1968 382/437/1968
f 389/439/1969 387/3557/1969 386/440/1969
f 385/442/1970 383/3558/1970 387/443/1970
f 383/445/1971 385/3559/1971 384/446/1971
f 385/448/1972 389/3560/1972 388/449/1972
f 388/451/1973 386/3561/1973 382/452/1973
f 421/366/1 396/376/1 391/367/1
f 433/369/2 422/375/2 415/370/2
f 408/372/3 397/377/3 420/373/3
f 398/375/4 410/369/4 403/371/4
f 409/376/5 434/366/5 427/368/5
f 390/377/1974 393/385/1974 394/384/1974
f 391/367/1975 395/389/1975 394/388/1975
f 396/376/1908 399/417/1908 400/382/1908
f 398/375/1976 401/401/1976 400/400/1976
f 403/371/1977 406/404/1977 405/409/1977
f 404/367/1938 407/412/1938 405/388/1938
f 408/372/1978 411/387/1978 412/3562/1978
f 409/376/1979 413/383/1979 412/382/1979
f 415/370/1914 418/381/1914 417/466/1914
f 416/368/1915 419/402/1915 417/396/1915
f 421/366/1875 424/407/1875 423/469/1875
f 422/375/1916 425/467/1916 423/459/1916
f 427/368/1943 430/397/1943 429/464/1943
f 428/371/1918 431/465/1918 429/462/1918
f 433/369/1980 436/393/1980 435/468/1980
f 434/366/1945 437/399/1945 435/398/1945
f 390/377/1981 394/384/1981 405/386/1981
f 394/454/1982 392/370/1982 403/371/1982
f 396/376/32 401/383/32 395/389/32
f 401/401/33 398/375/33 392/370/33
f 408/372/1983 412/3562/1983 400/455/1983
f 412/415/1984 410/369/1984 398/375/1984
f 404/367/36 406/389/36 413/383/36
f 406/404/37 403/371/37 410/369/37
f 402/372/1985 407/387/1985 429/460/1985
f 407/412/39 404/367/39 427/368/39
f 432/374/40 437/406/40 411/387/40
f 437/399/41 434/366/41 409/376/41
f 428/371/42 430/404/42 436/393/42
f 430/397/43 427/368/43 434/366/43
f 426/374/1986 431/461/1986 417/456/1986
f 431/465/45 428/371/45 415/370/45
f 420/373/1987 425/458/1987 435/463/1987
f 425/467/47 422/375/47 433/369/47
f 416/368/48 418/397/48 424/407/48
f 418/381/49 415/370/49 422/375/49
f 414/373/50 419/395/50 393/385/50
f 419/402/51 416/368/51 391/367/51
f 397/377/1988 399/385/1988 423/457/1988
f 399/417/53 396/376/53 421/366/53
f 426/374/54 414/373/54 390/377/54
f 443/470/1968 439/3563/1968 438/471/1968
f 445/473/1969 443/3564/1969 442/474/1969
f 441/476/1970 439/3565/1970 443/477/1970
f 439/479/1971 441/3566/1971 440/480/1971
f 441/482/1972 445/3567/1972 444/483/1972
f 444/485/1973 442/3568/1973 438/486/1973
f 451/488/1968 447/3569/1968 446/489/1968
f 453/491/1969 451/3570/1969 450/492/1969
f 449/494/1970 447/3571/1970 451/495/1970
f 447/497/1971 449/3572/1971 448/498/1971
f 449/500/1972 453/3573/1972 452/501/1972
f 452/503/1973 450/3574/1973 446/504/1973
f 490/506/1 461/512/1 455/507/1
f 504/506/2 491/512/2 483/507/2
f 475/509/3 462/513/3 489/510/3
f 463/512/4 477/506/4 469/508/4
f 476/512/5 505/506/5 497/508/5
f 454/513/1842 457/521/1842 458/514/1842
f 455/507/1989 459/518/1989 458/516/1989
f 456/507/1844 460/517/1844 458/516/1844
f 461/512/1990 464/522/1990 465/519/1990
f 462/513/1991 466/515/1991 465/514/1991
f 463/512/1992 467/520/1992 465/519/1992
f 468/509/1848 471/527/1848 472/523/1848
f 469/508/1993 473/532/1993 472/525/1993
f 470/507/1850 474/517/1850 472/516/1850
f 475/509/1994 478/524/1994 479/523/1994
f 476/512/1995 480/520/1995 479/519/1995
f 477/506/1853 481/534/1853 479/528/1853
f 482/510/1996 485/533/1996 486/530/1996
f 483/507/1997 487/518/1997 486/516/1997
f 484/508/1998 488/526/1998 486/525/1998
f 489/510/1857 492/531/1857 493/530/1857
f 490/506/1999 494/529/1999 493/528/1999
f 491/512/1859 495/522/1859 493/519/1859
f 496/511/1860 499/537/1860 500/535/1860
f 497/508/2000 501/532/2000 500/525/2000
f 498/508/1862 502/526/1862 500/525/1862
f 503/511/2001 506/536/2001 507/535/2001
f 504/506/2002 508/529/2002 507/528/2002
f 505/506/1865 509/534/1865 507/528/1865
f 454/513/30 460/515/30 471/527/30
f 460/517/31 456/507/31 469/508/31
f 461/512/32 467/520/32 459/518/32
f 467/520/33 463/512/33 456/507/33
f 475/509/34 481/527/34 466/515/34
f 481/534/35 477/506/35 463/512/35
f 470/507/36 473/518/36 480/520/36
f 473/532/37 469/508/37 477/506/37
f 468/509/38 474/524/38 499/537/38
f 474/517/39 470/507/39 497/508/39
f 503/511/40 509/537/40 478/524/40
f 509/534/41 505/506/41 476/512/41
f 498/508/42 501/532/42 508/529/42
f 501/532/43 497/508/43 505/506/43
f 496/511/44 502/536/44 485/533/44
f 502/526/45 498/508/45 483/507/45
f 489/510/46 495/533/46 506/536/46
f 495/522/47 491/512/47 504/506/47
f 484/508/48 487/532/48 494/529/48
f 487/518/49 483/507/49 491/512/49
f 482/510/50 488/531/50 457/521/50
f 488/526/51 484/508/51 455/507/51
f 462/513/52 464/521/52 492/531/52
f 464/522/53 461/512/53 490/506/53
f 496/511/54 482/510/54 454/513/54
f 530/538/1 514/545/1 511/539/1
f 537/538/2003 532/3575/2003 525/539/2003
f 521/542/2004 516/559/2004 529/543/2004
f 515/545/2005 523/560/2005 518/546/2005
f 522/545/5 538/538/5 534/540/5
f 514/545/2006 516/578/2006 517/557/2006
f 519/548/2007 520/566/2007 518/3576/2007
f 526/540/2008 528/576/2008 527/3577/2008
f 530/538/2009 532/575/2009 531/579/2009
f 534/540/2010 536/541/2010 535/567/2010
f 538/538/2011 540/568/2011 539/569/2011
f 510/549/2012 512/551/2012 518/554/2012
f 514/545/2013 517/557/2013 513/556/2013
f 517/557/2014 515/545/2014 512/547/2014
f 521/542/2015 523/553/2015 517/558/2015
f 519/562/2016 518/546/2016 523/560/2016
f 520/566/2017 519/548/2017 534/540/2017
f 540/568/2018 538/538/2018 522/545/2018
f 536/541/2019 534/540/2019 538/538/2019
f 533/565/2020 535/564/2020 527/570/2020
f 535/567/2021 536/541/2021 525/539/2021
f 529/543/2022 531/577/2022 539/573/2022
f 531/574/2023 532/3575/2023 537/538/2023
f 526/540/2024 527/3577/2024 532/575/2024
f 527/572/2025 525/539/2025 532/3575/2025
f 528/576/2026 526/540/2026 511/539/2026
f 516/578/2027 514/545/2027 530/538/2027
f 533/565/2028 528/571/2028 510/549/2028
s 1
f 601/580/240 543/606/274 542/581/241
f 551/583/243 555/586/246 553/584/244
f 555/586/246 559/587/248 556/581/247
f 559/587/248 563/589/250 560/588/249
f 563/589/250 567/835/252 564/590/251
f 567/591/252 570/593/254 569/592/253
f 570/593/254 574/594/256 571/581/255
f 574/594/256 578/589/258 576/595/257
f 578/589/258 582/596/260 579/590/259
f 582/596/260 585/589/262 583/597/261
f 585/589/262 589/599/264 587/598/263
f 589/599/264 593/586/266 590/600/265
f 593/586/266 597/830/268 594/585/267
f 597/601/268 601/580/240 599/582/242
f 547/586/269 551/583/243 548/585/245
f 550/605/273 546/612/276 600/645/299
f 600/645/299 596/642/297 550/605/273
f 596/642/297 592/641/296 588/637/293
f 588/637/293 584/636/292 581/603/271
f 581/603/271 577/633/289 573/3578/288
f 573/3578/288 566/604/272 581/603/271
f 566/604/272 562/625/284 558/619/282
f 558/619/282 554/618/279 550/605/273
f 596/642/297 588/637/293 581/603/271
f 566/604/272 558/619/282 550/605/273
f 550/605/273 596/642/297 581/603/271
f 543/606/274 547/586/269 545/602/270
f 545/609/270 544/611/278 541/646/275
f 543/789/274 600/645/299 546/612/276
f 545/602/270 548/585/245 549/614/277
f 547/586/269 546/608/276 551/583/243
f 549/610/277 553/617/244 552/616/281
f 551/613/243 550/605/273 554/618/279
f 553/584/244 556/581/247 557/607/280
f 555/586/246 554/608/279 559/587/248
f 556/581/247 560/588/249 561/621/283
f 559/620/248 558/619/282 562/625/284
f 560/588/249 564/590/251 565/623/285
f 563/589/250 562/622/284 567/835/252
f 569/626/253 568/628/287 565/3579/285
f 571/581/255 572/607/286 569/592/253
f 570/626/254 566/604/272 573/3578/288
f 572/627/286 576/632/257 575/631/291
f 574/594/256 573/629/288 577/622/289
f 576/595/257 579/590/259 580/623/290
f 578/589/258 577/622/289 582/596/260
f 583/718/261 586/639/295 580/630/290
f 584/636/292 582/634/260 581/603/271
f 583/718/261 587/635/263 586/639/295
f 585/589/262 584/622/292 589/599/264
f 587/598/263 590/600/265 591/640/294
f 589/635/264 588/637/293 592/641/296
f 594/585/267 595/614/298 591/640/294
f 597/830/268 593/586/266 592/608/296
f 599/644/242 598/647/300 595/721/298
f 601/644/240 597/643/268 596/642/297
f 542/581/241 541/607/275 599/582/242
f 543/789/274 601/644/240 600/645/299
f 598/647/300 541/646/275 544/611/278
f 544/611/278 549/610/277 552/616/281
f 552/616/281 557/615/280 568/628/287
f 557/615/280 561/3580/283 568/628/287
f 561/3580/283 565/3579/285 568/628/287
f 568/628/287 572/627/286 575/631/291
f 575/631/291 580/630/290 586/639/295
f 586/639/295 591/638/294 598/647/300
f 591/638/294 595/721/298 598/647/300
f 598/647/300 544/611/278 568/628/287
f 544/611/278 552/616/281 568/628/287
f 568/628/287 575/631/291 598/647/300
f 613/648/301 603/665/312 602/649/302
f 607/651/304 609/654/307 608/652/305
f 609/654/307 611/3581/309 610/655/308
f 611/656/309 613/3582/301 612/657/303
f 605/659/310 607/3583/304 606/660/306
f 607/664/304 605/3584/310 611/662/309
f 605/3584/310 603/3585/312 611/662/309
f 603/3585/312 613/3586/301 611/662/309
f 603/665/312 605/3587/310 604/666/311
f 612/668/303 602/3588/302 604/669/311
f 604/669/311 606/3589/306 608/3590/305
f 608/3590/305 610/667/308 604/669/311
s 0
f 650/506/1 621/512/1 615/507/1
f 664/506/2 651/512/2 643/507/2
f 635/509/3 622/513/3 649/510/3
f 623/512/4 637/506/4 629/508/4
f 636/512/5 665/506/5 657/508/5
f 614/513/1842 617/521/1842 618/514/1842
f 615/507/1989 619/518/1989 618/516/1989
f 616/507/2029 620/517/2029 618/516/2029
f 621/512/1845 624/522/1845 625/519/1845
f 622/513/2030 626/515/2030 625/514/2030
f 623/512/1992 627/520/1992 625/519/1992
f 628/509/1848 631/527/1848 632/523/1848
f 629/508/1993 633/532/1993 632/525/1993
f 630/507/2031 634/517/2031 632/516/2031
f 635/509/1851 638/524/1851 639/523/1851
f 636/512/1995 640/520/1995 639/519/1995
f 637/506/1853 641/534/1853 639/528/1853
f 642/510/1996 645/533/1996 646/530/1996
f 643/507/1997 647/518/1997 646/516/1997
f 644/508/1856 648/526/1856 646/525/1856
f 649/510/2032 652/531/2032 653/530/2032
f 650/506/1999 654/529/1999 653/528/1999
f 651/512/1859 655/522/1859 653/519/1859
f 656/511/1860 659/537/1860 660/535/1860
f 657/508/2000 661/532/2000 660/525/2000
f 658/508/1862 662/526/1862 660/525/1862
f 663/511/2033 666/536/2033 667/535/2033
f 664/506/2002 668/529/2002 667/528/2002
f 665/506/2034 669/534/2034 667/528/2034
f 614/513/30 620/515/30 631/527/30
f 620/517/31 616/507/31 629/508/31
f 621/512/32 627/520/32 619/518/32
f 627/520/33 623/512/33 616/507/33
f 635/509/34 641/527/34 626/515/34
f 641/534/35 637/506/35 623/512/35
f 630/507/36 633/518/36 640/520/36
f 633/532/37 629/508/37 637/506/37
f 628/509/38 634/524/38 659/537/38
f 634/517/39 630/507/39 657/508/39
f 663/511/40 669/537/40 638/524/40
f 669/534/41 665/506/41 636/512/41
f 658/508/42 661/532/42 668/529/42
f 661/532/43 657/508/43 665/506/43
f 656/511/44 662/536/44 645/533/44
f 662/526/45 658/508/45 643/507/45
f 649/510/46 655/533/46 666/536/46
f 655/522/47 651/512/47 664/506/47
f 644/508/48 647/532/48 654/529/48
f 647/518/49 643/507/49 651/512/49
f 642/510/50 648/531/50 617/521/50
f 648/526/51 644/508/51 615/507/51
f 622/513/52 624/521/52 652/531/52
f 624/522/53 621/512/53 650/506/53
f 656/511/54 642/510/54 614/513/54
f 690/538/2035 676/678/2035 671/539/2035
f 697/538/2003 692/3591/2003 685/539/2003
f 681/542/2004 674/681/2004 689/543/2004
f 675/672/2036 683/560/2036 677/540/2036
f 682/545/5 698/538/5 694/540/5
f 676/678/2037 674/578/2037 675/672/2037
f 678/539/2038 680/566/2038 679/3592/2038
f 686/540/2008 688/576/2008 687/3593/2008
f 690/538/2039 692/575/2039 691/693/2039
f 694/540/2040 696/670/2040 695/685/2040
f 698/538/2011 700/568/2011 699/686/2011
f 670/549/2041 672/551/2041 679/675/2041
f 676/678/2042 675/672/2042 672/547/2042
f 681/542/2043 683/553/2043 675/680/2043
f 678/539/2044 679/3592/2044 684/682/2044
f 679/677/2045 677/540/2045 683/560/2045
f 680/566/2046 678/539/2046 694/540/2046
f 700/568/2018 698/538/2018 682/545/2018
f 696/670/2019 694/540/2019 698/538/2019
f 693/565/2020 695/684/2020 687/687/2020
f 695/685/2021 696/670/2021 685/539/2021
f 689/543/2047 691/692/2047 699/690/2047
f 691/691/2023 692/3591/2023 697/538/2023
f 686/540/2048 687/3593/2048 692/575/2048
f 687/689/2025 685/539/2025 692/3591/2025
f 688/576/2026 686/540/2026 671/539/2026
f 674/578/2049 676/678/2049 690/538/2049
f 693/565/2028 688/688/2028 670/549/2028
s 1
f 762/589/332 703/594/366 702/581/333
f 712/694/335 716/586/338 714/695/336
f 716/586/338 720/587/340 717/581/339
f 720/587/340 724/589/342 721/588/341
f 724/589/342 728/776/344 725/590/343
f 728/696/344 732/697/346 730/592/345
f 732/697/346 735/698/348 733/581/347
f 735/698/348 739/589/350 737/699/349
f 739/589/350 743/601/352 740/590/351
f 743/601/352 747/589/354 745/700/353
f 747/589/354 750/702/356 748/701/355
f 750/702/356 754/586/358 752/703/357
f 754/586/358 758/772/360 755/585/359
f 758/704/360 762/589/332 760/582/334
f 708/586/361 712/694/335 709/585/337
f 711/605/365 707/708/368 704/3594/393
f 704/3594/393 761/3595/391 711/605/365
f 761/3595/391 757/642/390 711/605/365
f 757/642/390 753/641/387 749/637/386
f 749/637/386 746/719/384 742/603/363
f 742/603/363 738/716/381 731/712/378
f 731/712/378 727/706/364 742/603/363
f 727/706/364 723/711/375 719/619/374
f 719/619/374 715/710/371 711/605/365
f 757/642/390 749/637/386 742/603/363
f 727/706/364 719/619/374 711/605/365
f 711/605/365 757/642/390 742/603/363
f 703/594/366 708/586/361 706/705/362
f 706/609/362 705/611/370 701/723/367
f 703/594/366 704/629/393 707/608/368
f 706/705/362 709/585/337 710/614/369
f 708/586/361 707/608/368 712/694/335
f 710/707/369 714/617/336 713/616/373
f 712/613/335 711/605/365 715/710/371
f 714/695/336 717/581/339 718/607/372
f 720/587/340 716/586/338 715/608/371
f 721/588/341 722/621/376 718/607/372
f 720/620/340 719/619/374 723/711/375
f 725/590/343 726/623/377 722/621/376
f 728/776/344 724/589/342 723/622/375
f 730/626/345 729/628/380 726/3596/377
f 732/626/346 728/624/344 727/706/364
f 733/581/347 734/607/379 730/592/345
f 734/713/379 737/632/349 736/631/383
f 735/714/348 731/712/378 738/716/381
f 737/699/349 740/590/351 741/623/382
f 739/589/350 738/622/381 743/601/352
f 745/718/353 744/717/385 741/715/382
f 746/719/384 743/634/352 742/603/363
f 748/635/355 751/722/389 744/717/385
f 750/702/356 747/589/354 746/622/384
f 748/635/355 752/720/357 751/722/389
f 753/641/387 750/635/356 749/637/386
f 755/585/359 756/614/388 752/703/357
f 758/772/360 754/586/358 753/608/387
f 760/644/334 759/647/392 756/721/388
f 758/643/360 757/642/390 761/3595/391
f 702/581/333 701/607/367 760/582/334
f 703/594/366 762/589/332 761/622/391
f 759/647/392 701/723/367 705/611/370
f 705/611/370 710/707/369 713/616/373
f 713/616/373 718/709/372 729/628/380
f 718/709/372 722/3597/376 729/628/380
f 722/3597/376 726/3596/377 729/628/380
f 729/628/380 734/713/379 736/631/383
f 736/631/383 741/715/382 744/717/385
f 744/717/385 751/722/389 759/647/392
f 751/722/389 756/721/388 759/647/392
f 759/647/392 705/611/370 729/628/380
f 705/611/370 713/616/373 729/628/380
f 729/628/380 736/631/383 759/647/392
f 774/724/394 764/741/312 763/725/302
f 768/727/304 770/730/307 769/728/305
f 770/730/307 772/3598/309 771/731/308
f 772/732/309 774/3599/394 773/733/303
f 766/735/310 768/3600/304 767/736/306
f 768/740/304 766/3601/310 772/738/309
f 766/3601/310 764/3602/312 772/738/309
f 764/3602/312 774/3603/394 772/738/309
f 764/741/312 766/3604/310 765/742/311
f 773/744/303 763/3605/302 765/745/311
f 765/745/311 767/3606/306 769/3607/305
f 769/3607/305 771/743/308 765/745/311
s 0
f 811/506/1 782/512/1 776/507/1
f 825/506/2 812/512/2 804/507/2
f 796/509/3 783/513/3 810/510/3
f 784/512/4 798/506/4 790/508/4
f 797/512/5 826/506/5 818/508/5
f 775/513/1842 778/521/1842 779/514/1842
f 776/507/1989 780/518/1989 779/516/1989
f 777/507/1844 781/517/1844 779/516/1844
f 782/512/1990 785/522/1990 786/519/1990
f 783/513/1991 787/515/1991 786/514/1991
f 784/512/1992 788/520/1992 786/519/1992
f 789/509/2050 792/527/2050 793/523/2050
f 790/508/2051 794/532/2051 793/525/2051
f 791/507/1850 795/517/1850 793/516/1850
f 796/509/2052 799/524/2052 800/523/2052
f 797/512/1995 801/520/1995 800/519/1995
f 798/506/1853 802/534/1853 800/528/1853
f 803/510/1854 806/533/1854 807/530/1854
f 804/507/2053 808/518/2053 807/516/2053
f 805/508/1998 809/526/1998 807/525/1998
f 810/510/1857 813/531/1857 814/530/1857
f 811/506/1999 815/529/1999 814/528/1999
f 812/512/1859 816/522/1859 814/519/1859
f 817/511/1860 820/537/1860 821/535/1860
f 818/508/2000 822/532/2000 821/525/2000
f 819/508/2054 823/526/2054 821/525/2054
f 824/511/2055 827/536/2055 828/535/2055
f 825/506/2002 829/529/2002 828/528/2002
f 826/506/1865 830/534/1865 828/528/1865
f 775/513/30 781/515/30 792/527/30
f 781/517/31 777/507/31 790/508/31
f 782/512/32 788/520/32 780/518/32
f 788/520/33 784/512/33 777/507/33
f 796/509/34 802/527/34 787/515/34
f 802/534/35 798/506/35 784/512/35
f 791/507/36 794/518/36 801/520/36
f 794/532/37 790/508/37 798/506/37
f 789/509/38 795/524/38 820/537/38
f 795/517/39 791/507/39 818/508/39
f 824/511/40 830/537/40 799/524/40
f 830/534/41 826/506/41 797/512/41
f 819/508/42 822/532/42 829/529/42
f 822/532/43 818/508/43 826/506/43
f 817/511/44 823/536/44 806/533/44
f 823/526/45 819/508/45 804/507/45
f 810/510/46 816/533/46 827/536/46
f 816/522/47 812/512/47 825/506/47
f 805/508/48 808/532/48 815/529/48
f 808/518/49 804/507/49 812/512/49
f 803/510/50 809/531/50 778/521/50
f 809/526/51 805/508/51 776/507/51
f 783/513/52 785/521/52 813/531/52
f 785/522/53 782/512/53 811/506/53
f 817/511/54 803/510/54 775/513/54
f 852/538/1 835/545/1 832/539/1
f 859/746/2056 853/766/2056 847/539/2056
f 843/542/2004 837/559/2004 851/543/2004
f 836/545/2057 846/3608/2057 839/540/2057
f 844/545/2058 860/763/2058 856/540/2058
f 832/539/2059 834/748/2059 833/754/2059
f 835/545/2060 837/578/2060 838/758/2060
f 840/539/2061 842/566/2061 841/3609/2061
f 844/545/2062 846/759/2062 845/762/2062
f 848/540/2063 850/576/2063 849/3577/2063
f 860/763/2064 861/568/2064 859/746/2064
f 831/549/2065 833/768/2065 841/753/2065
f 833/754/2066 834/748/2066 839/540/2066
f 835/545/2067 838/758/2067 834/748/2067
f 838/758/2068 836/545/2068 834/748/2068
f 843/542/2069 845/761/2069 838/756/2069
f 845/757/2070 846/3608/2070 836/545/2070
f 840/539/2071 841/3609/2071 846/759/2071
f 841/755/2072 839/540/2072 846/3608/2072
f 842/566/2046 840/539/2046 856/540/2046
f 861/568/2073 860/763/2073 844/545/2073
f 857/747/2074 858/760/2074 860/763/2074
f 858/760/2075 856/540/2075 860/763/2075
f 855/565/2076 857/752/2076 849/764/2076
f 851/543/2077 853/750/2077 859/765/2077
f 848/540/2078 849/3577/2078 854/686/2078
f 849/556/2079 847/539/2079 853/766/2079
f 850/576/2026 848/540/2026 832/539/2026
f 837/578/2027 835/545/2027 852/538/2027
f 855/565/2028 850/571/2028 831/549/2028
s 1
f 923/769/421 864/698/455 863/581/422
f 872/770/424 876/586/427 874/771/425
f 876/586/427 879/702/429 877/701/428
f 879/702/429 883/589/431 881/699/430
f 883/589/431 887/704/433 884/590/432
f 887/772/433 891/586/435 889/705/434
f 891/586/435 895/594/437 892/581/436
f 895/594/437 899/589/439 897/773/438
f 899/589/439 903/774/441 900/590/440
f 903/774/441 907/589/443 905/775/442
f 907/589/443 911/587/445 908/581/444
f 911/587/445 915/586/447 912/600/446
f 915/586/447 919/696/449 916/585/448
f 919/776/449 923/769/421 921/582/423
f 868/586/450 872/770/424 869/585/426
f 871/605/454 867/708/457 922/787/481
f 922/787/481 918/642/479 871/605/454
f 918/642/479 914/786/477 910/637/476
f 910/637/476 906/785/473 902/603/452
f 902/603/452 898/716/470 894/3610/469
f 894/3610/469 890/3611/466 902/603/452
f 890/3611/466 886/706/453 902/603/452
f 886/706/453 882/711/463 878/619/462
f 878/619/462 875/778/460 871/605/454
f 918/642/479 910/637/476 902/603/452
f 886/706/453 878/619/462 871/605/454
f 871/605/454 918/642/479 902/603/452
f 864/698/455 868/586/450 866/703/451
f 862/788/456 866/609/451 865/611/459
f 864/789/455 922/787/481 867/708/457
f 866/703/451 869/585/426 870/614/458
f 868/586/450 867/608/457 872/770/424
f 874/617/425 873/616/461 870/777/458
f 875/778/460 872/613/424 871/605/454
f 877/620/428 880/781/465 873/616/461
f 879/702/429 876/586/427 875/608/460
f 877/620/428 881/779/430 880/781/465
f 882/711/463 879/620/429 878/619/462
f 884/590/432 885/623/464 881/699/430
f 887/704/433 883/589/431 882/622/463
f 889/626/434 888/628/468 885/780/464
f 887/624/433 886/706/453 890/3611/466
f 892/581/436 893/607/467 889/705/434
f 895/594/437 891/586/435 890/608/466
f 897/632/438 896/631/472 893/782/467
f 895/594/437 894/629/469 898/622/470
f 897/773/438 900/590/440 901/623/471
f 899/589/439 898/622/470 903/774/441
f 901/783/471 905/718/442 904/717/475
f 903/634/441 902/603/452 906/785/473
f 905/775/442 908/581/444 909/607/474
f 911/587/445 907/589/443 906/622/473
f 912/600/446 913/640/478 909/607/474
f 911/635/445 910/637/476 914/786/477
f 916/585/448 917/614/480 913/640/478
f 919/696/449 915/586/447 914/608/477
f 921/644/423 920/647/482 917/3612/480
f 923/644/421 919/643/449 918/642/479
f 863/581/422 862/607/456 921/582/423
f 920/647/482 862/788/456 865/611/459
f 865/611/459 870/777/458 873/616/461
f 873/616/461 880/781/465 888/628/468
f 880/781/465 885/780/464 888/628/468
f 888/628/468 893/782/467 896/631/472
f 896/631/472 901/783/471 904/717/475
f 904/717/475 909/784/474 920/647/482
f 909/784/474 913/3613/478 920/647/482
f 913/3613/478 917/3612/480 920/647/482
f 920/647/482 865/611/459 888/628/468
f 865/611/459 873/616/461 888/628/468
f 888/628/468 896/631/472 920/647/482
f 935/790/301 925/807/312 924/791/302
f 929/793/304 931/796/307 930/794/305
f 931/796/307 933/3614/309 932/797/308
f 933/798/309 935/3615/301 934/799/303
f 927/801/310 929/3616/304 928/802/306
f 929/806/304 927/3617/310 933/804/309
f 927/3617/310 925/3618/312 933/804/309
f 925/3618/312 935/3619/301 933/804/309
f 925/807/312 927/3620/310 926/808/311
f 934/810/303 924/3621/302 926/811/311
f 926/811/311 928/3622/306 930/3623/305
f 930/3623/305 932/809/308 926/811/311
s 0
f 972/506/1 943/512/1 937/507/1
f 986/506/2 973/512/2 965/507/2
f 957/509/3 944/513/3 971/510/3
f 945/512/4 959/506/4 951/508/4
f 958/512/5 987/506/5 979/508/5
f 936/513/1842 939/521/1842 940/514/1842
f 937/507/1989 941/518/1989 940/516/1989
f 938/507/1844 942/517/1844 940/516/1844
f 943/512/1845 946/522/1845 947/519/1845
f 944/513/2080 948/515/2080 947/514/2080
f 945/512/1992 949/520/1992 947/519/1992
f 950/509/2050 953/527/2050 954/523/2050
f 951/508/2051 955/532/2051 954/525/2051
f 952/507/2031 956/517/2031 954/516/2031
f 957/509/1851 960/524/1851 961/523/1851
f 958/512/1995 962/520/1995 961/519/1995
f 959/506/1853 963/534/1853 961/528/1853
f 964/510/1854 967/533/1854 968/530/1854
f 965/507/2053 969/518/2053 968/516/2053
f 966/508/1856 970/526/1856 968/525/1856
f 971/510/2081 974/531/2081 975/530/2081
f 972/506/1999 976/529/1999 975/528/1999
f 973/512/1859 977/522/1859 975/519/1859
f 978/511/1860 981/537/1860 982/535/1860
f 979/508/2000 983/532/2000 982/525/2000
f 980/508/1862 984/526/1862 982/525/1862
f 985/511/2033 988/536/2033 989/535/2033
f 986/506/2002 990/529/2002 989/528/2002
f 987/506/2034 991/534/2034 989/528/2034
f 936/513/30 942/515/30 953/527/30
f 942/517/31 938/507/31 951/508/31
f 943/512/32 949/520/32 941/518/32
f 949/520/33 945/512/33 938/507/33
f 957/509/34 963/527/34 948/515/34
f 963/534/35 959/506/35 945/512/35
f 952/507/36 955/518/36 962/520/36
f 955/532/37 951/508/37 959/506/37
f 950/509/38 956/524/38 981/537/38
f 956/517/39 952/507/39 979/508/39
f 985/511/40 991/537/40 960/524/40
f 991/534/41 987/506/41 958/512/41
f 980/508/42 983/532/42 990/529/42
f 983/532/43 979/508/43 987/506/43
f 978/511/44 984/536/44 967/533/44
f 984/526/45 980/508/45 965/507/45
f 971/510/46 977/533/46 988/536/46
f 977/522/47 973/512/47 986/506/47
f 966/508/48 969/532/48 976/529/48
f 969/518/49 965/507/49 973/512/49
f 964/510/50 970/531/50 939/521/50
f 970/526/51 966/508/51 937/507/51
f 944/513/52 946/521/52 974/531/52
f 946/522/53 943/512/53 972/506/53
f 978/511/54 964/510/54 936/513/54
f 1012/538/1 996/545/1 993/539/1
f 1019/538/2082 1013/766/2082 1008/813/2082
f 1004/542/2004 998/681/2004 1011/543/2004
f 997/545/2057 1007/3624/2057 1000/540/2057
f 1005/545/5 1020/538/5 1016/540/5
f 993/539/2083 995/814/2083 994/817/2083
f 996/545/2060 998/578/2060 999/820/2060
f 1001/539/2061 1003/566/2061 1002/3592/2061
f 1005/545/2084 1007/759/2084 1006/822/2084
f 1009/812/2085 1010/576/2085 1008/3625/2085
f 1020/538/2086 1022/568/2086 1021/686/2086
f 992/549/2065 994/827/2065 1002/816/2065
f 994/817/2066 995/814/2066 1000/540/2066
f 996/545/2067 999/820/2067 995/814/2067
f 999/820/2068 997/545/2068 995/814/2068
f 1004/542/2087 1006/821/2087 999/818/2087
f 1006/819/2070 1007/3624/2070 997/545/2070
f 1001/539/2088 1002/3592/2088 1007/759/2088
f 1002/677/2072 1000/540/2072 1007/3624/2072
f 1003/566/2046 1001/539/2046 1016/540/2046
f 1022/568/2018 1020/538/2018 1005/545/2018
f 1017/747/2089 1018/677/2089 1021/686/2089
f 1018/677/2090 1016/540/2090 1020/538/2090
f 1015/565/2091 1017/752/2091 1008/823/2091
f 1011/543/2092 1013/750/2092 1021/690/2092
f 1009/825/2093 1008/813/2093 1013/766/2093
f 1010/576/2094 1009/812/2094 993/539/2094
f 998/578/2027 996/545/2027 1012/538/2027
f 1015/565/2028 1010/688/2028 992/549/2028
s 1
f 1083/828/499 1025/594/533 1024/581/500
f 1034/829/502 1037/586/505 1035/602/503
f 1037/586/505 1041/599/507 1039/598/506
f 1041/599/507 1045/589/509 1042/588/508
f 1045/589/509 1049/601/511 1046/590/510
f 1049/830/511 1053/831/513 1051/592/512
f 1053/831/513 1056/606/515 1054/581/514
f 1056/606/515 1060/589/517 1058/832/516
f 1060/589/517 1064/833/519 1061/590/518
f 1064/833/519 1068/589/521 1066/834/520
f 1068/589/521 1072/587/523 1069/581/522
f 1072/587/523 1076/586/525 1073/600/524
f 1076/586/525 1080/591/527 1077/585/526
f 1080/835/527 1083/828/499 1082/773/501
f 1030/586/528 1034/829/502 1031/585/504
f 1033/605/532 1029/838/535 1026/3626/559
f 1026/3626/559 1079/849/557 1033/605/532
f 1079/849/557 1075/848/555 1071/637/553
f 1071/637/553 1067/847/550 1063/603/530
f 1063/603/530 1059/845/547 1052/842/544
f 1052/842/544 1048/706/531 1063/603/530
f 1048/706/531 1044/711/542 1040/619/539
f 1040/619/539 1036/839/538 1033/605/532
f 1079/849/557 1071/637/553 1063/603/530
f 1048/706/531 1040/619/539 1033/605/532
f 1033/605/532 1079/849/557 1063/603/530
f 1025/594/533 1030/586/528 1028/836/529
f 1023/850/534 1028/609/529 1027/611/537
f 1025/594/533 1026/629/559 1029/608/535
f 1028/836/529 1031/585/504 1032/614/536
f 1030/586/528 1029/608/535 1034/829/502
f 1035/617/503 1038/841/541 1032/837/536
f 1036/839/538 1034/613/502 1033/605/532
f 1035/617/503 1039/620/506 1038/841/541
f 1037/586/505 1036/608/538 1041/599/507
f 1039/598/506 1042/588/508 1043/621/540
f 1041/620/507 1040/619/539 1044/711/542
f 1046/590/510 1047/623/543 1043/621/540
f 1049/601/511 1045/589/509 1044/622/542
f 1051/626/512 1050/628/546 1047/780/543
f 1053/626/513 1049/624/511 1048/706/531
f 1054/581/514 1055/607/545 1051/592/512
f 1056/714/515 1053/626/513 1052/842/544
f 1058/632/516 1057/631/549 1055/843/545
f 1056/714/515 1052/842/544 1059/845/547
f 1058/832/516 1061/590/518 1062/623/548
f 1060/589/517 1059/622/547 1064/833/519
f 1062/844/548 1066/718/520 1065/717/552
f 1064/634/519 1063/603/530 1067/847/550
f 1066/834/520 1069/581/522 1070/607/551
f 1068/589/521 1067/622/550 1072/587/523
f 1069/581/522 1073/600/524 1074/640/554
f 1072/635/523 1071/637/553 1075/848/555
f 1073/600/524 1077/585/526 1078/614/556
f 1076/586/525 1075/608/555 1080/591/527
f 1082/644/501 1081/647/558 1078/3627/556
f 1024/581/500 1023/607/534 1082/773/501
f 1083/644/499 1079/849/557 1026/3626/559
f 1081/647/558 1023/850/534 1027/611/537
f 1027/611/537 1032/837/536 1038/841/541
f 1038/841/541 1043/840/540 1050/628/546
f 1043/840/540 1047/780/543 1050/628/546
f 1050/628/546 1055/843/545 1057/631/549
f 1057/631/549 1062/844/548 1065/717/552
f 1065/717/552 1070/846/551 1081/647/558
f 1070/846/551 1074/3628/554 1081/647/558
f 1074/3628/554 1078/3627/556 1081/647/558
f 1081/647/558 1027/611/537 1050/628/546
f 1027/611/537 1038/841/541 1050/628/546
f 1050/628/546 1057/631/549 1081/647/558
f 1095/851/394 1085/868/312 1084/852/302
f 1089/854/304 1091/857/307 1090/855/305
f 1091/857/307 1093/3629/309 1092/858/308
f 1093/859/309 1095/3630/394 1094/860/303
f 1087/862/310 1089/3631/304 1088/863/306
f 1089/867/304 1087/3632/310 1093/865/309
f 1087/3632/310 1085/3633/312 1093/865/309
f 1085/3633/312 1095/3634/394 1093/865/309
f 1085/868/312 1087/3635/310 1086/869/311
f 1094/871/303 1084/3636/302 1086/872/311
f 1086/872/311 1088/3637/306 1090/3638/305
f 1090/3638/305 1092/870/308 1086/872/311
f 1096/873/54 1104/885/573 1105/874/560
f 1097/876/561 1105/888/560 1106/877/562
f 1106/877/562 1107/883/565 1099/879/564
f 1107/880/565 1108/881/566 1100/873/3
f 1108/881/566 1109/892/568 1101/882/567
f 1109/883/568 1110/877/570 1102/878/569
f 1110/877/570 1111/888/572 1103/876/571
f 1111/884/572 1104/885/573 1096/873/54
f 1104/885/573 1112/893/580 1113/886/574
f 1113/887/574 1114/889/575 1106/877/562
f 1114/889/575 1115/897/576 1107/883/565
f 1115/890/576 1116/891/577 1108/881/566
f 1116/891/577 1117/900/583 1109/892/568
f 1109/883/568 1117/897/583 1118/889/578
f 1110/877/570 1118/889/578 1119/887/579
f 1111/884/572 1119/902/579 1112/893/580
f 1120/894/38 1121/904/588 1113/886/574
f 1113/887/574 1121/906/588 1122/895/581
f 1114/889/575 1122/895/581 1123/896/582
f 1123/898/582 1124/899/52 1116/891/577
f 1124/899/52 1125/910/584 1117/900/583
f 1125/896/584 1126/895/585 1118/889/578
f 1126/895/585 1127/906/586 1119/887/579
f 1127/901/586 1120/894/38 1112/893/580
f 1128/903/587 1129/914/589 1121/904/588
f 1129/905/589 1130/911/595 1122/895/581
f 1122/895/581 1130/911/595 1131/907/590
f 1131/908/590 1132/909/591 1124/899/52
f 1132/909/591 1133/918/598 1125/910/584
f 1125/896/584 1133/907/598 1134/911/592
f 1126/895/585 1134/911/592 1135/905/593
f 1135/912/593 1128/903/587 1120/894/38
f 1128/903/587 1136/922/602 1137/913/594
f 1137/915/594 1138/916/596 1130/911/595
f 1138/916/596 1139/919/605 1131/907/590
f 1131/908/590 1139/926/605 1140/917/597
f 1140/917/597 1141/928/599 1133/918/598
f 1141/919/599 1142/916/607 1134/911/592
f 1134/911/592 1142/916/607 1143/915/600
f 1143/920/600 1136/922/602 1128/903/587
f 1144/921/601 1145/930/603 1137/913/594
f 1145/923/603 1146/932/611 1138/916/596
f 1138/916/596 1146/932/611 1147/924/604
f 1147/925/604 1148/934/613 1140/917/597
f 1140/917/597 1148/934/613 1149/927/606
f 1149/924/606 1150/932/616 1142/916/607
f 1142/916/607 1150/932/616 1151/923/608
f 1143/920/600 1151/936/608 1144/921/601
f 1152/929/609 1153/913/618 1145/930/603
f 1145/923/603 1153/939/618 1154/931/610
f 1154/931/610 1155/941/612 1147/924/604
f 1155/933/612 1156/935/614 1148/934/613
f 1156/935/614 1157/943/622 1149/927/606
f 1149/924/606 1157/941/622 1158/931/615
f 1158/931/615 1159/939/625 1151/923/608
f 1151/936/608 1159/920/625 1152/929/609
f 1152/929/609 1160/946/626 1161/937/617
f 1161/938/617 1162/940/619 1154/931/610
f 1162/940/619 1163/944/620 1155/941/612
f 1163/908/620 1164/942/621 1156/935/614
f 1164/942/621 1165/918/623 1157/943/622
f 1165/944/623 1166/940/630 1158/931/615
f 1158/931/615 1166/940/630 1167/938/624
f 1167/945/624 1160/946/626 1152/929/609
f 1168/894/39 1169/951/627 1161/937/617
f 1169/947/627 1170/948/628 1162/940/619
f 1170/948/628 1171/953/633 1163/944/620
f 1163/908/620 1171/898/633 1172/949/53
f 1172/949/53 1173/910/636 1165/918/623
f 1165/944/623 1173/953/636 1174/948/629
f 1174/948/629 1175/947/639 1167/938/624
f 1167/945/624 1175/956/639 1168/894/39
f 1176/950/631 1177/886/641 1169/951/627
f 1169/947/627 1177/958/641 1178/952/632
f 1178/952/632 1179/955/634 1171/953/633
f 1179/890/634 1180/954/635 1172/949/53
f 1180/954/635 1181/900/637 1173/910/636
f 1181/955/637 1182/952/638 1174/948/629
f 1182/952/638 1183/958/647 1175/947/639
f 1175/956/639 1183/902/647 1176/950/631
f 1184/885/640 1185/874/642 1177/886/641
f 1185/957/642 1186/960/650 1178/952/632
f 1178/952/632 1186/960/650 1187/959/643
f 1187/880/643 1188/881/644 1180/954/635
f 1188/881/644 1189/892/645 1181/900/637
f 1189/959/645 1190/960/646 1182/952/638
f 1190/960/646 1191/957/648 1183/958/647
f 1191/884/648 1184/885/640 1176/950/631
f 1184/885/640 1192/873/5 1193/875/649
f 1193/961/649 1194/965/656 1186/960/650
f 1186/960/650 1194/965/656 1195/962/651
f 1195/875/651 1196/873/1 1188/881/644
f 1188/881/644 1196/873/1 1197/882/652
f 1197/962/652 1198/965/660 1190/960/646
f 1190/960/646 1198/965/660 1199/961/653
f 1199/882/653 1192/873/5 1184/885/640
f 1200/963/654 1201/971/655 1193/875/649
f 1201/964/655 1202/966/657 1194/965/656
f 1202/966/657 1203/969/658 1195/962/651
f 1203/967/658 1204/974/665 1196/873/1
f 1196/873/1 1204/974/665 1205/968/659
f 1205/969/659 1206/966/661 1198/965/660
f 1206/966/661 1207/964/669 1199/961/653
f 1199/882/653 1207/977/669 1200/963/654
f 1208/970/662 1209/979/670 1201/971/655
f 1201/964/655 1209/980/670 1210/972/663
f 1210/972/663 1211/976/664 1203/969/658
f 1211/973/664 1212/975/666 1204/974/665
f 1212/975/666 1213/983/667 1205/968/659
f 1213/976/667 1214/972/668 1206/966/661
f 1214/972/668 1215/980/674 1207/964/669
f 1207/977/669 1215/985/674 1208/970/662
f 1216/978/41 1217/987/676 1209/979/670
f 1209/980/670 1217/984/676 1218/981/671
f 1218/981/671 1219/990/678 1211/976/664
f 1211/973/664 1219/991/678 1220/982/51
f 1220/982/51 1221/994/681 1213/983/667
f 1213/976/667 1221/990/681 1222/981/672
f 1214/972/668 1222/981/672 1223/984/673
f 1215/985/674 1223/996/673 1216/978/41
f 1216/978/41 1224/998/685 1225/986/675
f 1225/988/675 1226/989/677 1218/981/671
f 1226/989/677 1227/1001/688 1219/990/678
f 1219/991/678 1227/1003/688 1228/992/679
f 1220/982/51 1228/992/679 1229/993/680
f 1221/990/681 1229/1001/680 1230/989/682
f 1222/981/672 1230/989/682 1231/988/683
f 1231/995/683 1224/998/685 1216/978/41
f 1232/997/684 1233/1007/693 1225/986/675
f 1225/988/675 1233/1005/693 1234/999/686
f 1226/989/677 1234/999/686 1235/1000/687
f 1235/1002/687 1236/1004/689 1228/992/679
f 1236/1004/689 1237/1012/697 1229/993/680
f 1229/1001/680 1237/1000/697 1238/999/690
f 1230/989/682 1238/999/690 1239/1005/691
f 1231/995/683 1239/1014/691 1232/997/684
f 1232/997/684 1240/3639/701 1241/1006/692
f 1233/1005/693 1241/1018/692 1242/1008/694
f 1234/999/686 1242/1008/694 1243/1009/695
f 1243/1010/695 1244/1011/696 1236/1004/689
f 1244/1011/696 1245/1077/698 1237/1012/697
f 1245/1009/698 1246/1008/699 1238/999/690
f 1246/1008/699 1247/1018/700 1239/1005/691
f 1247/1013/700 1240/3639/701 1232/997/684
f 1240/1015/701 1248/922/708 1249/913/702
f 1249/1017/702 1250/1023/710 1242/1008/694
f 1242/1008/694 1250/1023/710 1251/1019/703
f 1243/925/695 1251/933/703 1252/917/704
f 1244/934/696 1252/917/704 1253/943/705
f 1253/1019/705 1254/1023/714 1246/1008/699
f 1246/1008/699 1254/1023/714 1255/1017/706
f 1255/920/706 1248/922/708 1240/1015/701
f 1256/903/707 1257/914/709 1249/913/702
f 1257/1022/709 1258/1025/716 1250/1023/710
f 1250/1023/710 1258/1025/716 1259/1024/711
f 1251/933/703 1259/908/711 1260/909/712
f 1260/909/712 1261/918/720 1253/943/705
f 1253/1019/705 1261/1024/720 1262/1025/713
f 1262/1025/713 1263/1022/722 1255/1017/706
f 1255/920/706 1263/912/722 1256/903/707
f 1264/894/40 1265/904/715 1257/914/709
f 1265/1026/715 1266/1027/717 1258/1025/716
f 1266/1027/717 1267/1028/718 1259/1024/711
f 1267/898/718 1268/949/50 1260/909/712
f 1260/909/712 1268/949/50 1269/910/719
f 1269/1028/719 1270/1027/728 1262/1025/713
f 1262/1025/713 1270/1027/728 1271/1026/721
f 1271/901/721 1264/894/40 1256/903/707
f 1272/893/723 1273/1033/724 1265/904/715
f 1273/1029/724 1274/1031/731 1266/1027/717
f 1266/1027/717 1274/1031/731 1275/1030/725
f 1275/890/725 1276/891/726 1268/949/50
f 1276/891/726 1277/900/727 1269/910/719
f 1277/1030/727 1278/1031/729 1270/1027/728
f 1278/1031/729 1279/1029/736 1271/1026/721
f 1271/901/721 1279/1037/736 1272/893/723
f 1272/893/723 1280/1038/737 1281/1032/730
f 1281/1034/730 1282/1035/732 1274/1031/731
f 1282/1035/732 1283/1040/740 1275/1030/725
f 1275/890/725 1283/1041/740 1284/881/733
f 1284/881/733 1285/1042/741 1277/900/727
f 1277/1030/727 1285/1040/741 1286/1035/734
f 1278/1031/729 1286/1035/734 1287/1034/735
f 1287/1036/735 1280/1038/737 1272/893/723
f 1280/1038/737 1288/873/3 1289/875/738
f 1281/1034/730 1289/1045/738 1290/1039/739
f 1290/1039/739 1291/1043/747 1283/1040/740
f 1283/1041/740 1291/875/747 1292/873/54
f 1292/873/54 1293/882/742 1285/1042/741
f 1293/1043/742 1294/1039/743 1286/1035/734
f 1294/1039/743 1295/1045/744 1287/1034/735
f 1295/882/744 1288/873/3 1280/1038/737
f 1296/963/566 1297/971/745 1289/875/738
f 1297/1044/745 1298/1046/746 1290/1039/739
f 1298/1046/746 1299/1047/748 1291/1043/747
f 1299/967/748 1300/974/573 1292/873/54
f 1292/873/54 1300/974/573 1301/968/749
f 1301/1047/749 1302/1046/754 1294/1039/743
f 1294/1039/743 1302/1046/754 1303/1044/750
f 1303/977/750 1296/963/566 1288/873/3
f 1304/970/577 1305/979/758 1297/971/745
f 1297/1044/745 1305/1052/758 1306/1048/751
f 1306/1048/751 1307/1049/752 1299/1047/748
f 1307/973/752 1308/975/580 1300/974/573
f 1300/974/573 1308/975/580 1309/983/753
f 1309/1049/753 1310/1048/755 1302/1046/754
f 1310/1048/755 1311/1052/756 1303/1044/750
f 1311/985/756 1304/970/577 1296/963/566
f 1304/970/577 1312/1058/52 1313/1050/757
f 1313/1051/757 1314/1056/764 1306/1048/751
f 1306/1048/751 1314/1056/764 1315/1053/759
f 1315/1054/759 1316/1062/38 1308/975/580
f 1308/975/580 1316/1062/38 1317/1055/760
f 1309/1049/753 1317/1053/760 1318/1056/761
f 1310/1048/755 1318/1056/761 1319/1051/762
f 1319/1057/762 1312/1058/52 1304/970/577
f 1312/1058/52 1320/998/591 1321/986/763
f 1321/1059/763 1322/1063/769 1314/1056/764
f 1314/1056/764 1322/1063/769 1323/1060/765
f 1323/1061/765 1324/992/587 1316/1062/38
f 1324/992/587 1325/1065/766 1317/1055/760
f 1325/1060/766 1326/1063/767 1318/1056/761
f 1326/1063/767 1327/1059/771 1319/1051/762
f 1319/1057/762 1327/995/771 1320/998/591
f 1328/997/597 1329/1007/772 1321/986/763
f 1321/1059/763 1329/1067/772 1330/1064/768
f 1330/1064/768 1331/1069/774 1323/1060/765
f 1323/1061/765 1331/1002/774 1332/1004/602
f 1332/1004/602 1333/1012/775 1325/1065/766
f 1325/1060/766 1333/1069/775 1334/1064/770
f 1334/1064/770 1335/1067/777 1327/1059/771
f 1327/995/771 1335/1014/777 1328/997/597
f 1336/1066/613 1337/1006/778 1329/1007/772
f 1329/1067/772 1337/1072/778 1338/1068/773
f 1338/1068/773 1339/1074/780 1331/1069/774
f 1331/1002/774 1339/1075/780 1340/1070/601
f 1340/1070/601 1341/1077/781 1333/1012/775
f 1333/1069/775 1341/1074/781 1342/1068/776
f 1342/1068/776 1343/1072/784 1335/1067/777
f 1335/1014/777 1343/1079/784 1336/1066/613
f 1344/1071/614 1345/1080/786 1337/1006/778
f 1337/1072/778 1345/1082/786 1346/1073/779
f 1346/1073/779 1347/1078/788 1339/1074/780
f 1339/1075/780 1347/1084/788 1348/1076/609
f 1348/1076/609 1349/1085/782 1341/1077/781
f 1349/1078/782 1350/1073/783 1342/1068/776
f 1350/1073/783 1351/1082/792 1343/1072/784
f 1343/1079/784 1351/1087/792 1344/1071/614
f 1344/1071/614 1352/998/621 1353/986/785
f 1353/1081/785 1354/1083/787 1346/1073/779
f 1354/1083/787 1355/1086/789 1347/1078/788
f 1355/1003/789 1356/992/626 1348/1076/609
f 1356/992/626 1357/993/790 1349/1085/782
f 1357/1086/790 1358/1083/796 1350/1073/783
f 1350/1073/783 1358/1083/796 1359/1081/791
f 1359/995/791 1352/998/621 1344/1071/614
f 1360/978/53 1361/987/798 1353/986/785
f 1353/1081/785 1361/1091/798 1362/1088/793
f 1362/1088/793 1363/1089/794 1355/1086/789
f 1363/991/794 1364/982/39 1356/992/626
f 1364/982/39 1365/994/795 1357/993/790
f 1365/1089/795 1366/1088/797 1358/1083/796
f 1366/1088/797 1367/1091/803 1359/1081/791
f 1359/995/791 1367/996/803 1360/978/53
f 1368/1090/635 1369/1098/804 1361/987/798
f 1361/1091/798 1369/1095/804 1370/1092/799
f 1362/1088/793 1370/1092/799 1371/1093/800
f 1363/991/794 1371/1102/800 1372/1094/631
f 1372/1094/631 1373/1104/801 1365/994/795
f 1373/1093/801 1374/1092/809 1366/1088/797
f 1366/1088/797 1374/1092/809 1375/1095/802
f 1375/1096/802 1368/1090/635 1360/978/53
f 1376/1097/644 1377/1105/805 1369/1098/804
f 1377/1099/805 1378/1100/806 1370/1092/799
f 1378/1100/806 1379/1108/807 1371/1093/800
f 1379/1101/807 1380/1103/640 1372/1094/631
f 1380/1103/640 1381/1109/812 1373/1104/801
f 1373/1093/801 1381/1108/812 1382/1100/808
f 1382/1100/808 1383/1099/815 1375/1095/802
f 1375/1096/802 1383/1110/815 1376/1097/644
f 1384/873/1 1385/875/810 1377/1105/805
f 1385/1106/810 1386/1112/817 1378/1100/806
f 1378/1100/806 1386/1112/817 1387/1107/811
f 1379/1101/807 1387/875/811 1388/873/5
f 1388/873/5 1389/882/813 1381/1109/812
f 1389/1107/813 1390/1112/820 1382/1100/808
f 1382/1100/808 1390/1112/820 1391/1106/814
f 1383/1110/815 1391/882/814 1384/873/1
f 1392/885/665 1393/874/821 1385/875/810
f 1385/1106/810 1393/1115/821 1394/1111/816
f 1386/1112/817 1394/1111/816 1395/1113/818
f 1395/880/818 1396/881/654 1388/873/5
f 1396/881/654 1397/892/825 1389/882/813
f 1389/1107/813 1397/1113/825 1398/1111/819
f 1398/1111/819 1399/1115/827 1391/1106/814
f 1391/882/814 1399/884/827 1392/885/665
f 1400/1114/666 1401/1033/829 1393/874/821
f 1393/1115/821 1401/1119/829 1402/1116/822
f 1394/1111/816 1402/1116/822 1403/1117/823
f 1395/880/818 1403/1122/823 1404/891/662
f 1396/881/654 1404/891/662 1405/1118/824
f 1405/1117/824 1406/1116/832 1398/1111/819
f 1398/1111/819 1406/1116/832 1407/1119/826
f 1407/1037/826 1400/1114/666 1392/885/665
f 1400/1114/666 1408/894/51 1409/951/828
f 1409/1120/828 1410/1123/835 1402/1116/822
f 1402/1116/822 1410/1123/835 1411/1121/830
f 1411/898/830 1412/949/41 1404/891/662
f 1412/949/41 1413/910/837 1405/1118/824
f 1405/1117/824 1413/1121/837 1414/1123/831
f 1406/1116/832 1414/1123/831 1415/1120/833
f 1415/956/833 1408/894/51 1400/1114/666
f 1408/894/51 1416/946/679 1417/937/834
f 1417/1124/834 1418/1128/841 1410/1123/835
f 1410/1123/835 1418/1128/841 1419/1125/836
f 1419/908/836 1420/942/685 1412/949/41
f 1420/942/685 1421/918/838 1413/910/837
f 1421/1125/838 1422/1128/843 1414/1123/831
f 1414/1123/831 1422/1128/843 1423/1124/839
f 1423/945/839 1416/946/679 1408/894/51
f 1424/1126/689 1425/1131/846 1417/937/834
f 1417/1124/834 1425/1132/846 1426/1127/840
f 1426/1127/840 1427/1129/848 1419/1125/836
f 1419/908/836 1427/926/848 1428/917/684
f 1420/942/685 1428/917/684 1429/928/842
f 1429/1129/842 1430/1127/844 1422/1128/843
f 1430/1127/844 1431/1132/845 1423/1124/839
f 1431/1130/845 1424/1126/689 1416/946/679
f 1432/1015/696 1433/1016/852 1425/1131/846
f 1425/1132/846 1433/1138/852 1434/1133/847
f 1434/1133/847 1435/1134/855 1427/1129/848
f 1427/926/848 1435/925/855 1436/934/701
f 1436/934/701 1437/1020/849 1429/928/842
f 1437/1134/849 1438/1133/850 1430/1127/844
f 1438/1133/850 1439/1138/851 1431/1132/845
f 1439/1021/851 1432/1015/696 1424/1126/689
f 1440/997/704 1441/1146/853 1433/1135/852
f 1441/1137/853 1442/1139/854 1434/1133/847
f 1442/1139/854 1443/1143/859 1435/1134/855
f 1435/1140/855 1443/1149/859 1444/1004/708
f 1444/1004/708 1445/1151/856 1437/1142/849
f 1445/1143/856 1446/1139/857 1438/1133/850
f 1446/1139/857 1447/1137/862 1439/1138/851
f 1439/1144/851 1447/1152/862 1440/997/704
f 1448/1145/712 1449/1154/863 1441/1146/853
f 1441/1137/853 1449/1156/863 1450/1147/858
f 1450/1147/858 1451/1158/860 1443/1143/859
f 1451/1148/860 1452/1150/707 1444/1004/708
f 1452/1150/707 1453/1161/867 1445/1151/856
f 1445/1143/856 1453/1158/867 1454/1147/861
f 1454/1147/861 1455/1156/870 1447/1137/862
f 1447/1152/862 1455/1163/870 1448/1145/712
f 1456/1153/50 1457/1165/864 1449/1154/863
f 1457/1155/864 1458/1157/865 1450/1147/858
f 1458/1157/865 1459/1168/873 1451/1158/860
f 1451/1148/860 1459/1170/873 1460/1159/40
f 1452/1150/707 1460/1159/40 1461/1160/866
f 1453/1158/867 1461/1168/866 1462/1157/868
f 1454/1147/861 1462/1157/868 1463/1155/869
f 1463/1162/869 1456/1153/50 1448/1145/712
f 1464/1164/726 1465/1173/871 1457/1165/864
f 1465/1166/871 1466/1167/872 1458/1157/865
f 1466/1167/872 1467/1176/874 1459/1168/873
f 1467/1169/874 1468/975/723 1460/1159/40
f 1460/1159/40 1468/975/723 1469/1171/875
f 1461/1168/866 1469/1176/875 1470/1167/876
f 1470/1167/876 1471/1166/882 1463/1155/869
f 1463/1162/869 1471/1179/882 1464/1164/726
f 1464/1164/726 1472/1180/733 1473/1172/877
f 1465/1166/871 1473/1181/877 1474/1174/878
f 1466/1167/872 1474/1174/878 1475/1175/879
f 1475/1177/879 1476/1178/737 1468/975/723
f 1476/1178/737 1477/1182/880 1469/1171/875
f 1477/1175/880 1478/1174/881 1470/1167/876
f 1478/1174/881 1479/1181/883 1471/1166/882
f 1471/1179/882 1479/1183/883 1472/1180/733
f 1472/1180/733 1096/873/54 1097/875/561
f 1097/876/561 1098/878/563 1474/1174/878
f 1474/1174/878 1098/878/563 1099/879/564
f 1099/875/564 1100/873/3 1476/1178/737
f 1476/1178/737 1100/873/3 1101/882/567
f 1101/879/567 1102/878/569 1478/1174/881
f 1102/878/569 1103/876/571 1479/1181/883
f 1103/882/571 1096/873/54 1472/1180/733
f 1488/1184/573 1489/1196/560 1481/1185/561
f 1481/1187/561 1489/1198/560 1490/1188/562
f 1482/1189/563 1490/1188/562 1491/1190/565
f 1491/1192/565 1492/1193/566 1484/1186/3
f 1492/1193/566 1493/1202/568 1485/1194/567
f 1493/1190/568 1494/1188/570 1486/1189/569
f 1494/1188/570 1495/1198/572 1487/1187/571
f 1487/1194/571 1495/1204/572 1488/1184/573
f 1496/1195/580 1497/1206/574 1489/1196/560
f 1497/1197/574 1498/1199/575 1490/1188/562
f 1498/1199/575 1499/1203/576 1491/1190/565
f 1499/1200/576 1500/1201/577 1492/1193/566
f 1500/1201/577 1501/1211/583 1493/1202/568
f 1501/1203/583 1502/1199/578 1494/1188/570
f 1502/1199/578 1503/1197/579 1495/1198/572
f 1495/1204/572 1503/1213/579 1496/1195/580
f 1504/1205/38 1505/1215/588 1497/1206/574
f 1497/1197/574 1505/1217/588 1506/1207/581
f 1498/1199/575 1506/1207/581 1507/1208/582
f 1507/1209/582 1508/1220/52 1500/1201/577
f 1500/1201/577 1508/1220/52 1509/1210/584
f 1501/1203/583 1509/1208/584 1510/1207/585
f 1510/1207/585 1511/1217/586 1503/1197/579
f 1511/1212/586 1504/1205/38 1496/1195/580
f 1504/1205/38 1512/1225/587 1513/1214/884
f 1513/1216/884 1514/1222/595 1506/1207/581
f 1506/1207/581 1514/1222/595 1515/1218/590
f 1515/1219/590 1516/1229/591 1508/1220/52
f 1508/1220/52 1516/1229/591 1517/1221/598
f 1517/1218/598 1518/1222/592 1510/1207/585
f 1518/1222/592 1519/1216/885 1511/1217/586
f 1519/1223/885 1512/1225/587 1504/1205/38
f 1520/1224/602 1521/1232/594 1513/1214/884
f 1513/1216/884 1521/1234/594 1522/1226/596
f 1514/1222/595 1522/1226/596 1523/1227/605
f 1523/1228/605 1524/1237/597 1516/1229/591
f 1516/1229/591 1524/1237/597 1525/1230/599
f 1525/1227/599 1526/1226/607 1518/1222/592
f 1526/1226/607 1527/1234/600 1519/1216/885
f 1519/1223/885 1527/1240/600 1520/1224/602
f 1528/1231/601 1529/1241/603 1521/1232/594
f 1529/1233/603 1530/1235/611 1522/1226/596
f 1530/1235/611 1531/1239/604 1523/1227/605
f 1531/1236/604 1532/1244/613 1524/1237/597
f 1524/1237/597 1532/1244/613 1533/1238/606
f 1533/1239/606 1534/1235/616 1526/1226/607
f 1534/1235/616 1535/1233/608 1527/1234/600
f 1527/1240/600 1535/1247/608 1528/1231/601
f 1528/1231/601 1536/1248/609 1537/1232/618
f 1537/1242/618 1538/1243/610 1530/1235/611
f 1538/1243/610 1539/1246/612 1531/1239/604
f 1531/1236/604 1539/1251/612 1540/1237/614
f 1532/1244/613 1540/1237/614 1541/1245/622
f 1541/1246/622 1542/1243/615 1534/1235/616
f 1534/1235/616 1542/1243/615 1543/1242/625
f 1535/1247/608 1543/1240/625 1536/1248/609
f 1544/1225/626 1545/1254/886 1537/1232/618
f 1537/1242/618 1545/1255/886 1546/1249/619
f 1538/1243/610 1546/1249/619 1547/1250/620
f 1539/1251/612 1547/1219/620 1548/1252/621
f 1548/1252/621 1549/1221/623 1541/1245/622
f 1549/1250/623 1550/1249/630 1542/1243/615
f 1550/1249/630 1551/1255/887 1543/1242/625
f 1543/1240/625 1551/1259/887 1544/1225/626
f 1552/1253/39 1553/1260/627 1545/1254/886
f 1545/1255/886 1553/1261/627 1554/1256/628
f 1546/1249/619 1554/1256/628 1555/1257/633
f 1547/1219/620 1555/1265/633 1556/1258/53
f 1556/1258/53 1557/1266/636 1549/1221/623
f 1557/1257/636 1558/1256/629 1550/1249/630
f 1558/1256/629 1559/1261/639 1551/1255/887
f 1551/1259/887 1559/1267/639 1552/1253/39
f 1560/1195/631 1561/1206/641 1553/1260/627
f 1553/1261/627 1561/1269/641 1562/1262/632
f 1554/1256/628 1562/1262/632 1563/1263/634
f 1563/1264/634 1564/1201/635 1556/1258/53
f 1564/1201/635 1565/1273/637 1557/1266/636
f 1557/1257/636 1565/1263/637 1566/1262/638
f 1566/1262/638 1567/1269/647 1559/1261/639
f 1567/1213/647 1560/1195/631 1552/1253/39
f 1560/1195/631 1568/1184/640 1569/1196/642
f 1569/1268/642 1570/1270/650 1562/1262/632
f 1570/1270/650 1571/1274/643 1563/1263/634
f 1571/1271/643 1572/1277/644 1564/1201/635
f 1564/1201/635 1572/1277/644 1573/1272/645
f 1573/1274/645 1574/1270/646 1566/1262/638
f 1574/1270/646 1575/1268/648 1567/1269/647
f 1575/1204/648 1568/1184/640 1560/1195/631
f 1576/1186/5 1577/1185/649 1569/1196/642
f 1577/1275/649 1578/1280/656 1570/1270/650
f 1570/1270/650 1578/1280/656 1579/1276/651
f 1571/1271/643 1579/1185/651 1580/1186/1
f 1572/1277/644 1580/1186/1 1581/1194/652
f 1581/1276/652 1582/1280/660 1574/1270/646
f 1574/1270/646 1582/1280/660 1583/1275/653
f 1575/1204/648 1583/1194/653 1576/1186/5
f 1584/1278/654 1585/1285/655 1577/1185/649
f 1577/1275/649 1585/1283/655 1586/1279/657
f 1586/1279/657 1587/1288/658 1579/1276/651
f 1587/1281/658 1588/1290/665 1580/1186/1
f 1580/1186/1 1588/1290/665 1589/1282/659
f 1581/1276/652 1589/1288/659 1590/1279/661
f 1582/1280/660 1590/1279/661 1591/1283/669
f 1583/1194/653 1591/1293/669 1584/1278/654
f 1584/1278/654 1592/1294/662 1593/1284/670
f 1585/1283/655 1593/1296/670 1594/1286/663
f 1586/1279/657 1594/1286/663 1595/1287/664
f 1595/1289/664 1596/1299/666 1588/1290/665
f 1588/1290/665 1596/1299/666 1597/1291/667
f 1597/1287/667 1598/1286/668 1590/1279/661
f 1598/1286/668 1599/1296/674 1591/1283/669
f 1599/1292/674 1592/1294/662 1584/1278/654
f 1592/1294/662 1600/1304/41 1601/1295/676
f 1593/1296/670 1601/1301/676 1602/1297/671
f 1602/1297/671 1603/1307/678 1595/1287/664
f 1603/1298/678 1604/1300/51 1596/1299/666
f 1604/1300/51 1605/1310/681 1597/1291/667
f 1597/1287/667 1605/1307/681 1606/1297/672
f 1598/1286/668 1606/1297/672 1607/1301/673
f 1607/1302/673 1600/1304/41 1592/1294/662
f 1608/1303/685 1609/1313/888 1601/1295/676
f 1609/1305/888 1610/1306/677 1602/1297/671
f 1610/1306/677 1611/1316/688 1603/1307/678
f 1611/1308/688 1612/1318/679 1604/1300/51
f 1604/1300/51 1612/1318/679 1613/1309/680
f 1605/1307/681 1613/1316/680 1614/1306/682
f 1606/1297/672 1614/1306/682 1615/1305/889
f 1615/1311/889 1608/1303/685 1600/1304/41
f 1616/1312/684 1617/1320/693 1609/1313/888
f 1617/1314/693 1618/1322/686 1610/1306/677
f 1610/1306/677 1618/1322/686 1619/1315/687
f 1611/1308/688 1619/1325/687 1620/1317/689
f 1620/1317/689 1621/1327/697 1613/1309/680
f 1621/1315/697 1622/1322/690 1614/1306/682
f 1614/1306/682 1622/1322/690 1623/1314/691
f 1615/1311/889 1623/1328/691 1616/1312/684
f 1624/1319/701 1625/3640/692 1617/1320/693
f 1625/1321/692 1626/1332/694 1618/1322/686
f 1618/1322/686 1626/1332/694 1627/1323/695
f 1627/1324/695 1628/1326/696 1620/1317/689
f 1628/1326/696 1629/1389/698 1621/1327/697
f 1629/1323/698 1630/1332/699 1622/1322/690
f 1622/1322/690 1630/1332/699 1631/1321/700
f 1623/1328/691 1631/3641/700 1624/1319/701
f 1624/1329/701 1632/1224/708 1633/1232/702
f 1633/1331/702 1634/1333/710 1626/1332/694
f 1634/1333/710 1635/1334/703 1627/1323/695
f 1635/1251/703 1636/1237/704 1628/1244/696
f 1636/1237/704 1637/1245/705 1629/1238/698
f 1637/1334/705 1638/1333/714 1630/1332/699
f 1630/1332/699 1638/1333/714 1639/1331/706
f 1631/1335/700 1639/1240/706 1632/1224/708
f 1640/1336/707 1641/1214/709 1633/1232/702
f 1641/1337/709 1642/1340/716 1634/1333/710
f 1634/1333/710 1642/1340/716 1643/1338/711
f 1643/1219/711 1644/1229/712 1636/1237/704
f 1636/1237/704 1644/1229/712 1645/1221/720
f 1645/1338/720 1646/1340/713 1638/1333/714
f 1638/1333/714 1646/1340/713 1647/1337/890
f 1647/1223/890 1640/1336/707 1632/1224/708
f 1640/1336/707 1648/1253/40 1649/1215/715
f 1649/1339/715 1650/1341/717 1642/1340/716
f 1650/1341/717 1651/1342/718 1643/1338/711
f 1651/1265/718 1652/1220/50 1644/1229/712
f 1644/1229/712 1652/1220/50 1653/1266/891
f 1653/1342/891 1654/1341/728 1646/1340/713
f 1646/1340/713 1654/1341/728 1655/1339/721
f 1655/1212/721 1648/1253/40 1640/1336/707
f 1656/1195/723 1657/1346/724 1649/1215/715
f 1657/1343/724 1658/1344/731 1650/1341/717
f 1658/1344/731 1659/1349/725 1651/1342/718
f 1651/1265/718 1659/1200/725 1660/1201/726
f 1660/1201/726 1661/1211/727 1653/1266/891
f 1653/1342/891 1661/1349/727 1662/1344/729
f 1654/1341/728 1662/1344/729 1663/1343/736
f 1663/1345/736 1656/1195/723 1648/1253/40
f 1664/1184/737 1665/1351/730 1657/1346/724
f 1665/1347/730 1666/1350/732 1658/1344/731
f 1658/1344/731 1666/1350/732 1667/1348/740
f 1667/1192/740 1668/1193/733 1660/1201/726
f 1668/1193/733 1669/1202/741 1661/1211/727
f 1661/1349/727 1669/1348/741 1670/1350/734
f 1662/1344/729 1670/1350/734 1671/1347/735
f 1663/1345/736 1671/1355/735 1664/1184/737
f 1664/1184/737 1672/1186/3 1673/1185/738
f 1673/1352/738 1674/1353/739 1666/1350/732
f 1674/1353/739 1675/1354/747 1667/1348/740
f 1675/1185/747 1676/1186/54 1668/1193/733
f 1668/1193/733 1676/1186/54 1677/1194/742
f 1677/1354/742 1678/1353/743 1670/1350/734
f 1670/1350/734 1678/1353/743 1679/1352/744
f 1679/1194/744 1672/1186/3 1664/1184/737
f 1680/1278/566 1681/1285/745 1673/1185/738
f 1673/1352/738 1681/1358/745 1682/1356/746
f 1674/1353/739 1682/1356/746 1683/1357/748
f 1683/1281/748 1684/1290/573 1676/1186/54
f 1684/1290/573 1685/1282/749 1677/1194/742
f 1685/1357/749 1686/1356/754 1678/1353/743
f 1686/1356/754 1687/1358/750 1679/1352/744
f 1679/1194/744 1687/1293/750 1680/1278/566
f 1688/1294/577 1689/1284/758 1681/1285/745
f 1681/1358/745 1689/1363/758 1690/1359/751
f 1690/1359/751 1691/1360/892 1683/1357/748
f 1691/1289/892 1692/1299/580 1684/1290/573
f 1692/1299/580 1693/1291/753 1685/1282/749
f 1693/1360/753 1694/1359/755 1686/1356/754
f 1694/1359/755 1695/1363/756 1687/1358/750
f 1687/1293/750 1695/1292/756 1688/1294/577
f 1696/1361/52 1697/1368/757 1689/1284/758
f 1697/1362/757 1698/1364/764 1690/1359/751
f 1698/1364/764 1699/1371/759 1691/1360/892
f 1699/1365/759 1700/1372/38 1692/1299/580
f 1692/1299/580 1700/1372/38 1701/1366/760
f 1693/1360/753 1701/1371/760 1702/1364/761
f 1702/1364/761 1703/1362/762 1695/1363/756
f 1703/1367/762 1696/1361/52 1688/1294/577
f 1696/1361/52 1704/1303/591 1705/1313/893
f 1705/1369/893 1706/1370/769 1698/1364/764
f 1706/1370/769 1707/1374/765 1699/1371/759
f 1707/1308/765 1708/1373/587 1700/1372/38
f 1708/1373/587 1709/1309/766 1701/1366/760
f 1709/1374/766 1710/1370/767 1702/1364/761
f 1702/1364/761 1710/1370/767 1711/1369/894
f 1711/1311/894 1704/1303/591 1696/1361/52
f 1704/1303/591 1712/1312/597 1713/1320/772
f 1713/1375/772 1714/1379/768 1706/1370/769
f 1706/1370/769 1714/1379/768 1715/1376/774
f 1707/1308/765 1715/1325/774 1716/1317/602
f 1716/1317/602 1717/1327/775 1709/1309/766
f 1717/1376/775 1718/1379/770 1710/1370/767
f 1710/1370/767 1718/1379/770 1719/1375/777
f 1719/1328/777 1712/1312/597 1704/1303/591
f 1712/1312/597 1720/1319/613 1721/1377/778
f 1721/1378/778 1722/1382/773 1714/1379/768
f 1714/1379/768 1722/1382/773 1723/1380/780
f 1715/1325/774 1723/1324/780 1724/1381/601
f 1724/1381/601 1725/1389/781 1717/1327/775
f 1717/1376/775 1725/1380/781 1726/1382/776
f 1726/1382/776 1727/1378/784 1719/1375/777
f 1727/1383/784 1720/1319/613 1712/1312/597
f 1720/1319/613 1728/1390/614 1729/1384/786
f 1721/1378/778 1729/1391/786 1730/1385/779
f 1722/1382/773 1730/1385/779 1731/1386/788
f 1731/1387/788 1732/1393/609 1724/1381/601
f 1724/1381/601 1732/1393/609 1733/1388/782
f 1733/1386/782 1734/1385/783 1726/1382/776
f 1734/1385/783 1735/1391/792 1727/1378/784
f 1727/1383/784 1735/1395/792 1728/1390/614
f 1728/1390/614 1736/1303/621 1737/1313/895
f 1729/1391/786 1737/1396/895 1738/1392/787
f 1738/1392/787 1739/1394/789 1731/1386/788
f 1739/1308/789 1740/1318/626 1732/1393/609
f 1732/1393/609 1740/1318/626 1741/1309/790
f 1741/1394/790 1742/1392/796 1734/1385/783
f 1742/1392/796 1743/1396/896 1735/1391/792
f 1735/1395/792 1743/1311/896 1736/1303/621
f 1744/1304/53 1745/1295/798 1737/1313/895
f 1737/1396/895 1745/1401/798 1746/1397/793
f 1738/1392/787 1746/1397/793 1747/1398/794
f 1739/1308/789 1747/1298/794 1748/1300/39
f 1748/1300/39 1749/1310/795 1741/1309/790
f 1749/1398/795 1750/1397/797 1742/1392/796
f 1750/1397/797 1751/1401/803 1743/1396/896
f 1743/1311/896 1751/1302/803 1744/1304/53
f 1752/1399/635 1753/1406/804 1745/1295/798
f 1753/1400/804 1754/1404/799 1746/1397/793
f 1746/1397/793 1754/1404/799 1755/1402/800
f 1747/1298/794 1755/1410/800 1756/1403/631
f 1756/1403/631 1757/1412/801 1749/1310/795
f 1749/1398/795 1757/1402/801 1758/1404/809
f 1758/1404/809 1759/1400/802 1751/1401/803
f 1751/1302/803 1759/1413/802 1752/1399/635
f 1760/1405/644 1761/1414/805 1753/1406/804
f 1761/1407/805 1762/1408/806 1754/1404/799
f 1762/1408/806 1763/1416/807 1755/1402/800
f 1763/1409/807 1764/1417/640 1756/1403/631
f 1756/1403/631 1764/1417/640 1765/1411/812
f 1757/1402/801 1765/1416/812 1766/1408/808
f 1758/1404/809 1766/1408/808 1767/1407/815
f 1759/1413/802 1767/1418/815 1760/1405/644
f 1760/1405/644 1768/1186/1 1769/1185/810
f 1761/1407/805 1769/1419/810 1770/1415/817
f 1770/1415/817 1771/1421/811 1763/1416/807
f 1763/1409/807 1771/1185/811 1772/1186/5
f 1772/1186/5 1773/1194/813 1765/1411/812
f 1765/1416/812 1773/1421/813 1774/1415/820
f 1774/1415/820 1775/1419/814 1767/1407/815
f 1767/1418/815 1775/1194/814 1768/1186/1
f 1768/1186/1 1776/1184/665 1777/1196/821
f 1769/1419/810 1777/1424/821 1778/1420/816
f 1778/1420/816 1779/1426/818 1771/1421/811
f 1779/1271/818 1780/1277/654 1772/1186/5
f 1780/1277/654 1781/1272/825 1773/1194/813
f 1773/1421/813 1781/1426/825 1782/1420/819
f 1782/1420/819 1783/1424/827 1775/1419/814
f 1783/1204/827 1776/1184/665 1768/1186/1
f 1784/1422/666 1785/1346/829 1777/1196/821
f 1785/1423/829 1786/1425/822 1778/1420/816
f 1786/1425/822 1787/1431/823 1779/1426/818
f 1779/1271/818 1787/1432/823 1788/1427/662
f 1780/1277/654 1788/1427/662 1789/1428/824
f 1781/1426/825 1789/1431/824 1790/1425/832
f 1790/1425/832 1791/1423/826 1783/1424/827
f 1791/1345/826 1784/1422/666 1776/1184/665
f 1792/1253/51 1793/1260/828 1785/1346/829
f 1793/1429/828 1794/1434/835 1786/1425/822
f 1786/1425/822 1794/1434/835 1795/1430/830
f 1795/1265/830 1796/1258/41 1788/1427/662
f 1796/1258/41 1797/1266/837 1789/1428/824
f 1797/1430/837 1798/1434/831 1790/1425/832
f 1790/1425/832 1798/1434/831 1799/1429/833
f 1791/1345/826 1799/1267/833 1792/1253/51
f 1792/1253/51 1800/1225/679 1801/1254/897
f 1801/1433/897 1802/1435/841 1794/1434/835
f 1802/1435/841 1803/1436/836 1795/1430/830
f 1803/1219/836 1804/1252/685 1796/1258/41
f 1796/1258/41 1804/1252/685 1805/1221/838
f 1805/1436/838 1806/1435/843 1798/1434/831
f 1806/1435/843 1807/1433/898 1799/1429/833
f 1807/1259/898 1800/1225/679 1792/1253/51
f 1808/1224/689 1809/1438/846 1801/1254/897
f 1801/1433/897 1809/1440/846 1810/1437/840
f 1810/1437/840 1811/1442/848 1803/1436/836
f 1811/1228/848 1812/1237/684 1804/1252/685
f 1804/1252/685 1812/1237/684 1813/1230/842
f 1805/1436/838 1813/1442/842 1814/1437/899
f 1814/1437/899 1815/1440/845 1807/1433/898
f 1807/1259/898 1815/1445/845 1808/1224/689
f 1808/1224/689 1816/1329/696 1817/1330/852
f 1817/1439/852 1818/1441/847 1810/1437/840
f 1818/1441/847 1819/1444/855 1811/1442/848
f 1811/1228/848 1819/1750/855 1820/1443/701
f 1820/1443/701 1821/3642/849 1813/1230/842
f 1821/1444/849 1822/1441/850 1814/1437/899
f 1814/1437/899 1822/1441/850 1823/1439/851
f 1815/1445/845 1823/1335/851 1816/1329/696
f 1816/1446/696 1824/1459/704 1825/1447/853
f 1825/1449/853 1826/1450/854 1818/1441/847
f 1826/1450/854 1827/1455/859 1819/1444/855
f 1827/1451/859 1828/1317/708 1820/1452/701
f 1828/1317/708 1829/1463/856 1821/1454/849
f 1829/1455/856 1830/1450/857 1822/1441/850
f 1830/1450/857 1831/1449/862 1823/1439/851
f 1831/1456/862 1824/1459/704 1816/1446/696
f 1832/1458/712 1833/1466/863 1825/1447/853
f 1833/1460/863 1834/1461/858 1826/1450/854
f 1834/1461/858 1835/1469/860 1827/1455/859
f 1827/1451/859 1835/1471/860 1836/1462/707
f 1836/1462/707 1837/1473/867 1829/1463/856
f 1829/1455/856 1837/1469/867 1838/1461/861
f 1838/1461/861 1839/1460/900 1831/1449/862
f 1839/1464/900 1832/1458/712 1824/1459/704
f 1832/1458/712 1840/1476/50 1841/1465/864
f 1841/1467/864 1842/1468/865 1834/1461/858
f 1842/1468/865 1843/1474/873 1835/1469/860
f 1843/1470/873 1844/1472/40 1836/1462/707
f 1844/1472/40 1845/1481/866 1837/1473/867
f 1845/1474/866 1846/1468/868 1838/1461/861
f 1846/1468/868 1847/1467/869 1839/1460/900
f 1847/1475/869 1840/1476/50 1832/1458/712
f 1840/1476/50 1848/1294/726 1849/1477/871
f 1849/1478/871 1850/1479/872 1842/1468/865
f 1850/1479/872 1851/1482/874 1843/1474/873
f 1843/1470/873 1851/1289/874 1852/1480/723
f 1852/1480/723 1853/1291/875 1845/1481/866
f 1853/1482/875 1854/1479/876 1846/1468/868
f 1846/1468/868 1854/1479/876 1855/1478/882
f 1847/1475/869 1855/1489/882 1848/1294/726
f 1848/1294/726 1856/1490/733 1857/1483/877
f 1857/1484/877 1858/1485/878 1850/1479/872
f 1858/1485/878 1859/1487/879 1851/1482/874
f 1859/1486/879 1860/1290/737 1852/1480/723
f 1860/1290/737 1861/1491/880 1853/1291/875
f 1861/1487/880 1862/1485/881 1854/1479/876
f 1862/1485/881 1863/1484/883 1855/1478/882
f 1863/1488/883 1856/1490/733 1848/1294/726
f 1480/1186/54 1481/1185/561 1857/1483/877
f 1481/1187/561 1482/1189/563 1858/1485/878
f 1482/1189/563 1483/1191/564 1859/1487/879
f 1483/1185/564 1484/1186/3 1860/1290/737
f 1484/1186/3 1485/1194/567 1861/1491/880
f 1861/1487/880 1485/1191/567 1486/1189/569
f 1486/1189/569 1487/1187/571 1863/1484/883
f 1487/1194/571 1480/1186/54 1856/1490/733
f 2256/885/573 2257/874/560 2249/875/561
f 2257/888/560 2258/877/562 2250/878/563
f 2258/877/562 2259/883/565 2251/879/564
f 2259/880/565 2260/881/566 2252/873/3
f 2260/881/566 2261/892/568 2253/882/567
f 2261/883/568 2262/877/570 2254/878/569
f 2262/877/570 2263/888/572 2255/876/571
f 2255/882/571 2263/884/572 2256/885/573
f 2264/893/580 2265/886/574 2257/874/560
f 2265/887/574 2266/889/575 2258/877/562
f 2266/889/575 2267/897/576 2259/883/565
f 2267/890/576 2268/891/577 2260/881/566
f 2268/891/577 2269/900/583 2261/892/568
f 2261/883/568 2269/897/583 2270/889/578
f 2262/877/570 2270/889/578 2271/887/579
f 2271/902/579 2264/893/580 2256/885/573
f 2272/894/38 2273/904/588 2265/886/574
f 2273/906/588 2274/895/581 2266/889/575
f 2266/889/575 2274/895/581 2275/896/582
f 2275/898/582 2276/899/52 2268/891/577
f 2276/899/52 2277/910/584 2269/900/583
f 2277/896/584 2278/895/585 2270/889/578
f 2278/895/585 2279/906/586 2271/887/579
f 2279/901/586 2272/894/38 2264/893/580
f 2280/903/587 2281/914/589 2273/904/588
f 2281/905/589 2282/911/595 2274/895/581
f 2282/911/595 2283/907/590 2275/896/582
f 2283/908/590 2284/909/591 2276/899/52
f 2276/899/52 2284/909/591 2285/918/598
f 2277/896/584 2285/907/598 2286/911/592
f 2286/911/592 2287/905/593 2279/906/586
f 2287/912/593 2280/903/587 2272/894/38
f 2288/922/602 2289/913/594 2281/914/589
f 2289/915/594 2290/916/596 2282/911/595
f 2290/916/596 2291/919/605 2283/907/590
f 2291/926/605 2292/917/597 2284/909/591
f 2284/909/591 2292/917/597 2293/928/599
f 2293/919/599 2294/916/607 2286/911/592
f 2286/911/592 2294/916/607 2295/915/600
f 2295/920/600 2288/922/602 2280/903/587
f 2296/921/601 2297/930/603 2289/913/594
f 2297/923/603 2298/932/611 2290/916/596
f 2298/932/611 2299/924/604 2291/919/605
f 2299/1746/604 2300/934/613 2292/917/597
f 2292/917/597 2300/934/613 2301/927/606
f 2301/924/606 2302/932/616 2294/916/607
f 2294/916/607 2302/932/616 2303/923/608
f 2295/920/600 2303/936/608 2296/921/601
f 2304/929/609 2305/913/618 2297/930/603
f 2297/923/603 2305/939/618 2306/931/610
f 2306/931/610 2307/941/612 2299/924/604
f 2307/933/612 2308/935/614 2300/934/613
f 2300/934/613 2308/935/614 2309/943/622
f 2309/941/622 2310/931/615 2302/932/616
f 2310/931/615 2311/939/625 2303/923/608
f 2303/936/608 2311/920/625 2304/929/609
f 2312/946/626 2313/937/617 2305/913/618
f 2305/939/618 2313/938/617 2314/940/619
f 2306/931/610 2314/940/619 2315/944/620
f 2307/933/612 2315/908/620 2316/942/621
f 2316/942/621 2317/918/623 2309/943/622
f 2317/944/623 2318/940/630 2310/931/615
f 2318/940/630 2319/938/624 2311/939/625
f 2311/920/625 2319/945/624 2312/946/626
f 2320/894/39 2321/951/627 2313/937/617
f 2321/947/627 2322/948/628 2314/940/619
f 2322/948/628 2323/953/633 2315/944/620
f 2315/908/620 2323/898/633 2324/949/53
f 2324/949/53 2325/910/636 2317/918/623
f 2325/953/636 2326/948/629 2318/940/630
f 2326/948/629 2327/947/639 2319/938/624
f 2319/945/624 2327/956/639 2320/894/39
f 2320/894/39 2328/950/631 2329/886/641
f 2321/947/627 2329/958/641 2330/952/632
f 2322/948/628 2330/952/632 2331/955/634
f 2331/890/634 2332/954/635 2324/949/53
f 2332/954/635 2333/900/637 2325/910/636
f 2333/955/637 2334/952/638 2326/948/629
f 2334/952/638 2335/958/647 2327/947/639
f 2327/956/639 2335/902/647 2328/950/631
f 2336/885/640 2337/874/642 2329/886/641
f 2337/957/642 2338/960/650 2330/952/632
f 2338/960/650 2339/959/643 2331/955/634
f 2331/890/634 2339/880/643 2340/881/644
f 2332/954/635 2340/881/644 2341/892/645
f 2341/959/645 2342/960/646 2334/952/638
f 2342/960/646 2343/957/648 2335/958/647
f 2335/902/647 2343/884/648 2336/885/640
f 2336/885/640 2344/873/5 2345/875/649
f 2345/961/649 2346/965/656 2338/960/650
f 2338/960/650 2346/965/656 2347/962/651
f 2347/875/651 2348/873/1 2340/881/644
f 2340/881/644 2348/873/1 2349/882/652
f 2349/962/652 2350/965/660 2342/960/646
f 2342/960/646 2350/965/660 2351/961/653
f 2351/882/653 2344/873/5 2336/885/640
f 2344/873/5 2352/963/654 2353/971/655
f 2345/961/649 2353/964/655 2354/966/657
f 2346/965/656 2354/966/657 2355/969/658
f 2355/967/658 2356/974/665 2348/873/1
f 2348/873/1 2356/974/665 2357/968/659
f 2357/969/659 2358/966/661 2350/965/660
f 2350/965/660 2358/966/661 2359/964/669
f 2351/882/653 2359/977/669 2352/963/654
f 2360/970/662 2361/979/670 2353/971/655
f 2353/964/655 2361/980/670 2362/972/663
f 2354/966/657 2362/972/663 2363/976/664
f 2363/973/664 2364/975/666 2356/974/665
f 2356/974/665 2364/975/666 2365/983/667
f 2365/976/667 2366/972/668 2358/966/661
f 2366/972/668 2367/980/674 2359/964/669
f 2359/977/669 2367/985/674 2360/970/662
f 2368/978/41 2369/987/676 2361/979/670
f 2361/980/670 2369/984/676 2370/981/671
f 2370/981/671 2371/990/678 2363/976/664
f 2363/973/664 2371/991/678 2372/982/51
f 2372/982/51 2373/994/681 2365/983/667
f 2365/976/667 2373/990/681 2374/981/672
f 2374/981/672 2375/984/673 2367/980/674
f 2367/985/674 2375/996/673 2368/978/41
f 2368/978/41 2376/998/685 2377/986/675
f 2369/984/676 2377/988/675 2378/989/677
f 2370/981/671 2378/989/677 2379/1001/688
f 2371/991/678 2379/1003/688 2380/992/679
f 2380/992/679 2381/993/680 2373/994/681
f 2381/1001/680 2382/989/682 2374/981/672
f 2374/981/672 2382/989/682 2383/988/683
f 2383/995/683 2376/998/685 2368/978/41
f 2384/997/684 2385/1007/693 2377/986/675
f 2385/1005/693 2386/999/686 2378/989/677
f 2386/999/686 2387/1000/687 2379/1001/688
f 2379/1003/688 2387/1002/687 2388/1004/689
f 2388/1004/689 2389/1012/697 2381/993/680
f 2381/1001/680 2389/1000/697 2390/999/690
f 2382/989/682 2390/999/690 2391/1005/691
f 2383/995/683 2391/1014/691 2384/997/684
f 2384/997/684 2392/3639/701 2393/1006/692
f 2393/1018/692 2394/1008/694 2386/999/686
f 2394/1008/694 2395/1009/695 2387/1000/687
f 2395/1010/695 2396/1011/696 2388/1004/689
f 2388/1004/689 2396/1011/696 2397/1077/698
f 2397/1009/698 2398/1008/699 2390/999/690
f 2390/999/690 2398/1008/699 2399/1018/700
f 2399/1013/700 2392/3639/701 2384/997/684
f 2392/1015/701 2400/922/708 2401/913/702
f 2393/1018/692 2401/1017/702 2402/1023/710
f 2394/1008/694 2402/1023/710 2403/1019/703
f 2403/933/703 2404/917/704 2396/934/696
f 2396/934/696 2404/917/704 2405/943/705
f 2405/1019/705 2406/1023/714 2398/1008/699
f 2398/1008/699 2406/1023/714 2407/1017/706
f 2407/920/706 2400/922/708 2392/1015/701
f 2408/903/707 2409/914/709 2401/913/702
f 2401/1017/702 2409/1022/709 2410/1025/716
f 2410/1025/716 2411/1024/711 2403/1019/703
f 2403/933/703 2411/908/711 2412/909/712
f 2412/909/712 2413/918/720 2405/943/705
f 2413/1024/720 2414/1025/713 2406/1023/714
f 2406/1023/714 2414/1025/713 2415/1022/722
f 2407/920/706 2415/912/722 2408/903/707
f 2416/894/40 2417/904/715 2409/914/709
f 2417/1026/715 2418/1027/717 2410/1025/716
f 2418/1027/717 2419/1028/718 2411/1024/711
f 2419/898/718 2420/949/50 2412/909/712
f 2412/909/712 2420/949/50 2421/910/719
f 2413/1024/720 2421/1028/719 2422/1027/728
f 2414/1025/713 2422/1027/728 2423/1026/721
f 2415/912/722 2423/901/721 2416/894/40
f 2424/893/723 2425/1033/724 2417/904/715
f 2425/1029/724 2426/1031/731 2418/1027/717
f 2418/1027/717 2426/1031/731 2427/1030/725
f 2427/890/725 2428/891/726 2420/949/50
f 2420/949/50 2428/891/726 2429/900/727
f 2429/1030/727 2430/1031/729 2422/1027/728
f 2430/1031/729 2431/1029/736 2423/1026/721
f 2423/901/721 2431/1037/736 2424/893/723
f 2424/893/723 2432/1038/737 2433/1032/730
f 2433/1034/730 2434/1035/732 2426/1031/731
f 2434/1035/732 2435/1040/740 2427/1030/725
f 2427/890/725 2435/1041/740 2436/881/733
f 2436/881/733 2437/1042/741 2429/900/727
f 2429/1030/727 2437/1040/741 2438/1035/734
f 2430/1031/729 2438/1035/734 2439/1034/735
f 2439/1036/735 2432/1038/737 2424/893/723
f 2440/873/3 2441/875/738 2433/1032/730
f 2433/1034/730 2441/1045/738 2442/1039/739
f 2442/1039/739 2443/1043/747 2435/1040/740
f 2435/1041/740 2443/875/747 2444/873/54
f 2444/873/54 2445/882/742 2437/1042/741
f 2445/1043/742 2446/1039/743 2438/1035/734
f 2446/1039/743 2447/1045/744 2439/1034/735
f 2447/882/744 2440/873/3 2432/1038/737
f 2448/963/566 2449/971/745 2441/875/738
f 2449/1044/745 2450/1046/746 2442/1039/739
f 2450/1046/746 2451/1047/748 2443/1043/747
f 2451/967/748 2452/974/573 2444/873/54
f 2444/873/54 2452/974/573 2453/968/749
f 2453/1047/749 2454/1046/754 2446/1039/743
f 2446/1039/743 2454/1046/754 2455/1044/750
f 2447/882/744 2455/977/750 2448/963/566
f 2456/970/577 2457/979/758 2449/971/745
f 2449/1044/745 2457/1052/758 2458/1048/751
f 2450/1046/746 2458/1048/751 2459/1049/752
f 2459/973/752 2460/975/580 2452/974/573
f 2452/974/573 2460/975/580 2461/983/753
f 2461/1049/753 2462/1048/755 2454/1046/754
f 2462/1048/755 2463/1052/756 2455/1044/750
f 2463/985/756 2456/970/577 2448/963/566
f 2456/970/577 2464/1058/52 2465/1050/757
f 2465/1051/757 2466/1056/764 2458/1048/751
f 2466/1056/764 2467/1053/759 2459/1049/752
f 2467/1054/759 2468/1062/38 2460/975/580
f 2460/975/580 2468/1062/38 2469/1055/760
f 2469/1053/760 2470/1056/761 2462/1048/755
f 2462/1048/755 2470/1056/761 2471/1051/762
f 2471/1057/762 2464/1058/52 2456/970/577
f 2472/998/591 2473/986/763 2465/1050/757
f 2465/1051/757 2473/1059/763 2474/1063/769
f 2466/1056/764 2474/1063/769 2475/1060/765
f 2475/1061/765 2476/992/587 2468/1062/38
f 2468/1062/38 2476/992/587 2477/1065/766
f 2477/1060/766 2478/1063/767 2470/1056/761
f 2470/1056/761 2478/1063/767 2479/1059/771
f 2471/1057/762 2479/995/771 2472/998/591
f 2480/997/597 2481/1007/772 2473/986/763
f 2473/1059/763 2481/1067/772 2482/1064/768
f 2482/1064/768 2483/1069/774 2475/1060/765
f 2483/1002/774 2484/1004/602 2476/992/587
f 2476/992/587 2484/1004/602 2485/1012/775
f 2477/1060/766 2485/1069/775 2486/1064/770
f 2486/1064/770 2487/1067/777 2479/1059/771
f 2487/1014/777 2480/997/597 2472/998/591
f 2488/1066/613 2489/1747/778 2481/1007/772
f 2489/1072/778 2490/1068/773 2482/1064/768
f 2490/1068/773 2491/1074/780 2483/1069/774
f 2491/1075/780 2492/1070/601 2484/1004/602
f 2492/1070/601 2493/1077/781 2485/1012/775
f 2485/1069/775 2493/1074/781 2494/1068/776
f 2494/1068/776 2495/1072/784 2487/1067/777
f 2487/1014/777 2495/1079/784 2488/1066/613
f 2496/1071/614 2497/1080/786 2489/1747/778
f 2489/1072/778 2497/1082/786 2498/1073/779
f 2498/1073/779 2499/1078/788 2491/1074/780
f 2491/1075/780 2499/1084/788 2500/1076/609
f 2500/1076/609 2501/1085/782 2493/1077/781
f 2501/1078/782 2502/1073/783 2494/1068/776
f 2502/1073/783 2503/1082/792 2495/1072/784
f 2495/1079/784 2503/1087/792 2496/1071/614
f 2496/1071/614 2504/998/621 2505/986/785
f 2505/1081/785 2506/1083/787 2498/1073/779
f 2498/1073/779 2506/1083/787 2507/1086/789
f 2507/1003/789 2508/992/626 2500/1076/609
f 2500/1076/609 2508/992/626 2509/993/790
f 2509/1086/790 2510/1083/796 2502/1073/783
f 2502/1073/783 2510/1083/796 2511/1081/791
f 2511/995/791 2504/998/621 2496/1071/614
f 2512/978/53 2513/987/798 2505/986/785
f 2513/1091/798 2514/1088/793 2506/1083/787
f 2514/1088/793 2515/1089/794 2507/1086/789
f 2515/991/794 2516/982/39 2508/992/626
f 2508/992/626 2516/982/39 2517/994/795
f 2509/1086/790 2517/1089/795 2518/1088/797
f 2518/1088/797 2519/1091/803 2511/1081/791
f 2511/995/791 2519/996/803 2512/978/53
f 2520/1090/635 2521/1098/804 2513/987/798
f 2513/1091/798 2521/1095/804 2522/1092/799
f 2514/1088/793 2522/1092/799 2523/1093/800
f 2515/991/794 2523/1102/800 2524/1094/631
f 2524/1094/631 2525/1104/801 2517/994/795
f 2517/1089/795 2525/1093/801 2526/1092/809
f 2518/1088/797 2526/1092/809 2527/1095/802
f 2527/1096/802 2520/1090/635 2512/978/53
f 2528/1097/644 2529/1105/805 2521/1098/804
f 2529/1099/805 2530/1100/806 2522/1092/799
f 2530/1100/806 2531/1108/807 2523/1093/800
f 2531/1101/807 2532/1103/640 2524/1094/631
f 2524/1094/631 2532/1103/640 2533/1109/812
f 2525/1093/801 2533/1108/812 2534/1100/808
f 2534/1100/808 2535/1099/815 2527/1095/802
f 2527/1096/802 2535/1110/815 2528/1097/644
f 2536/873/1 2537/875/810 2529/1105/805
f 2537/1106/810 2538/1112/817 2530/1100/806
f 2538/1112/817 2539/1107/811 2531/1108/807
f 2531/1101/807 2539/875/811 2540/873/5
f 2540/873/5 2541/882/813 2533/1109/812
f 2541/1107/813 2542/1112/820 2534/1100/808
f 2542/1112/820 2543/1106/814 2535/1099/815
f 2535/1110/815 2543/882/814 2536/873/1
f 2544/885/665 2545/874/821 2537/875/810
f 2537/1106/810 2545/1115/821 2546/1111/816
f 2538/1112/817 2546/1111/816 2547/1113/818
f 2547/880/818 2548/881/654 2540/873/5
f 2540/873/5 2548/881/654 2549/892/825
f 2541/1107/813 2549/1113/825 2550/1111/819
f 2550/1111/819 2551/1115/827 2543/1106/814
f 2543/882/814 2551/884/827 2544/885/665
f 2544/885/665 2552/1114/666 2553/1033/829
f 2545/1115/821 2553/1119/829 2554/1116/822
f 2546/1111/816 2554/1116/822 2555/1117/823
f 2547/880/818 2555/1122/823 2556/891/662
f 2556/891/662 2557/1118/824 2549/892/825
f 2549/1113/825 2557/1117/824 2558/1116/832
f 2550/1111/819 2558/1116/832 2559/1119/826
f 2559/1037/826 2552/1114/666 2544/885/665
f 2552/1114/666 2560/894/51 2561/951/828
f 2561/1120/828 2562/1123/835 2554/1116/822
f 2554/1116/822 2562/1123/835 2563/1121/830
f 2563/898/830 2564/949/41 2556/891/662
f 2556/891/662 2564/949/41 2565/910/837
f 2557/1117/824 2565/1121/837 2566/1123/831
f 2558/1116/832 2566/1123/831 2567/1120/833
f 2567/956/833 2560/894/51 2552/1114/666
f 2560/894/51 2568/946/679 2569/937/834
f 2561/1120/828 2569/1124/834 2570/1128/841
f 2562/1123/835 2570/1128/841 2571/1125/836
f 2571/908/836 2572/942/685 2564/949/41
f 2564/949/41 2572/942/685 2573/918/838
f 2565/1121/837 2573/1125/838 2574/1128/843
f 2566/1123/831 2574/1128/843 2575/1124/898
f 2575/945/898 2568/946/679 2560/894/51
f 2576/1126/689 2577/1131/846 2569/937/834
f 2569/1124/834 2577/1132/846 2578/1127/840
f 2578/1127/840 2579/1129/848 2571/1125/836
f 2579/926/848 2580/917/684 2572/942/685
f 2572/942/685 2580/917/684 2581/928/842
f 2573/1125/838 2581/1129/842 2582/1127/844
f 2582/1127/844 2583/1132/845 2575/1124/898
f 2583/1130/845 2576/1126/689 2568/946/679
f 2584/1015/696 2585/1016/852 2577/1131/846
f 2577/1132/846 2585/1138/852 2586/1133/847
f 2586/1133/847 2587/1134/855 2579/1129/848
f 2579/926/848 2587/925/855 2588/934/701
f 2588/934/701 2589/1020/849 2581/928/842
f 2581/1129/842 2589/1134/849 2590/1133/850
f 2590/1133/850 2591/1138/851 2583/1132/845
f 2591/1021/851 2584/1015/696 2576/1126/689
f 2592/997/704 2593/1146/853 2585/1135/852
f 2585/1138/852 2593/1137/853 2594/1139/854
f 2594/1139/854 2595/1143/859 2587/1134/855
f 2587/1140/855 2595/1149/859 2596/1004/708
f 2596/1004/708 2597/1151/856 2589/1142/849
f 2597/1143/856 2598/1139/857 2590/1133/850
f 2598/1139/857 2599/1137/862 2591/1138/851
f 2591/1144/851 2599/1152/862 2592/997/704
f 2600/1145/712 2601/1154/863 2593/1146/853
f 2593/1137/853 2601/1156/863 2602/1147/858
f 2602/1147/858 2603/1158/860 2595/1143/859
f 2603/1148/860 2604/1150/707 2596/1004/708
f 2604/1150/707 2605/1161/867 2597/1151/856
f 2597/1143/856 2605/1158/867 2606/1147/861
f 2606/1147/861 2607/1156/870 2599/1137/862
f 2599/1152/862 2607/1163/870 2600/1145/712
f 2608/1153/50 2609/1165/864 2601/1154/863
f 2609/1155/864 2610/1157/865 2602/1147/858
f 2610/1157/865 2611/1168/873 2603/1158/860
f 2611/1170/873 2612/1159/40 2604/1150/707
f 2612/1159/40 2613/1160/866 2605/1161/867
f 2613/1168/866 2614/1157/868 2606/1147/861
f 2614/1157/868 2615/1155/869 2607/1156/870
f 2615/1162/869 2608/1153/50 2600/1145/712
f 2616/1164/726 2617/1173/871 2609/1165/864
f 2617/1166/871 2618/1167/872 2610/1157/865
f 2618/1167/872 2619/1176/874 2611/1168/873
f 2619/1169/874 2620/975/723 2612/1159/40
f 2612/1159/40 2620/975/723 2621/1171/875
f 2613/1168/866 2621/1176/875 2622/1167/876
f 2614/1157/868 2622/1167/876 2623/1166/882
f 2615/1162/869 2623/1179/882 2616/1164/726
f 2616/1164/726 2624/1180/733 2625/1172/877
f 2617/1166/871 2625/1181/877 2626/1174/878
f 2626/1174/878 2627/1175/879 2619/1176/874
f 2619/1169/874 2627/1177/879 2628/1178/737
f 2628/1178/737 2629/1182/880 2621/1171/875
f 2629/1175/880 2630/1174/881 2622/1167/876
f 2630/1174/881 2631/1181/883 2623/1166/882
f 2631/1183/883 2624/1180/733 2616/1164/726
f 2248/873/54 2249/875/561 2625/1172/877
f 2249/876/561 2250/878/563 2626/1174/878
f 2250/878/563 2251/879/564 2627/1175/879
f 2251/875/564 2252/873/3 2628/1178/737
f 2628/1178/737 2252/873/3 2253/882/567
f 2253/879/567 2254/878/569 2630/1174/881
f 2630/1174/881 2254/878/569 2255/876/571
f 2255/882/571 2248/873/54 2624/1180/733
f 2632/1186/54 2640/1184/573 2641/1196/560
f 2641/1198/560 2642/1188/562 2634/1189/563
f 2642/1188/562 2643/1190/565 2635/1191/564
f 2635/1185/564 2643/1192/565 2644/1193/566
f 2636/1186/3 2644/1193/566 2645/1202/568
f 2645/1190/568 2646/1188/570 2638/1189/569
f 2646/1188/570 2647/1198/572 2639/1187/571
f 2647/1204/572 2640/1184/573 2632/1186/54
f 2640/1184/573 2648/1195/580 2649/1206/574
f 2649/1197/574 2650/1199/575 2642/1188/562
f 2650/1199/575 2651/1203/576 2643/1190/565
f 2651/1200/576 2652/1201/577 2644/1193/566
f 2644/1193/566 2652/1201/577 2653/1211/583
f 2653/1203/583 2654/1199/578 2646/1188/570
f 2646/1188/570 2654/1199/578 2655/1197/579
f 2647/1204/572 2655/1213/579 2648/1195/580
f 2656/1205/38 2657/1215/588 2649/1206/574
f 2649/1197/574 2657/1217/588 2658/1207/581
f 2658/1207/581 2659/1208/582 2651/1203/576
f 2659/1209/582 2660/1220/52 2652/1201/577
f 2652/1201/577 2660/1220/52 2661/1210/584
f 2661/1208/584 2662/1207/585 2654/1199/578
f 2662/1207/585 2663/1217/586 2655/1197/579
f 2663/1212/586 2656/1205/38 2648/1195/580
f 2664/1225/587 2665/1214/884 2657/1215/588
f 2665/1216/884 2666/1222/595 2658/1207/581
f 2658/1207/581 2666/1222/595 2667/1218/590
f 2667/1219/590 2668/1229/591 2660/1220/52
f 2660/1220/52 2668/1229/591 2669/1221/598
f 2669/1218/598 2670/1222/592 2662/1207/585
f 2662/1207/585 2670/1222/592 2671/1216/885
f 2671/1223/885 2664/1225/587 2656/1205/38
f 2672/1224/602 2673/1232/594 2665/1214/884
f 2673/1234/594 2674/1226/596 2666/1222/595
f 2674/1226/596 2675/1227/605 2667/1218/590
f 2675/1228/605 2676/1237/597 2668/1229/591
f 2676/1237/597 2677/1230/599 2669/1221/598
f 2677/1227/599 2678/1226/607 2670/1222/592
f 2678/1226/607 2679/1234/600 2671/1216/885
f 2679/1240/600 2672/1224/602 2664/1225/587
f 2680/1231/601 2681/1241/603 2673/1232/594
f 2673/1234/594 2681/1233/603 2682/1235/611
f 2682/1235/611 2683/1239/604 2675/1227/605
f 2683/1236/604 2684/1244/613 2676/1237/597
f 2676/1237/597 2684/1244/613 2685/1238/606
f 2685/1239/606 2686/1235/616 2678/1226/607
f 2686/1235/616 2687/1233/608 2679/1234/600
f 2679/1240/600 2687/1247/608 2680/1231/601
f 2680/1231/601 2688/1248/609 2689/1232/618
f 2689/1242/618 2690/1243/610 2682/1235/611
f 2682/1235/611 2690/1243/610 2691/1246/612
f 2691/1251/612 2692/1237/614 2684/1244/613
f 2692/1237/614 2693/1245/622 2685/1238/606
f 2693/1246/622 2694/1243/615 2686/1235/616
f 2686/1235/616 2694/1243/615 2695/1242/625
f 2695/1240/625 2688/1248/609 2680/1231/601
f 2696/1225/626 2697/1254/886 2689/1232/618
f 2697/1255/886 2698/1249/619 2690/1243/610
f 2698/1249/619 2699/1250/620 2691/1246/612
f 2691/1251/612 2699/1219/620 2700/1252/621
f 2692/1237/614 2700/1252/621 2701/1221/623
f 2701/1250/623 2702/1249/630 2694/1243/615
f 2702/1249/630 2703/1255/887 2695/1242/625
f 2703/1259/887 2696/1225/626 2688/1248/609
f 2704/1253/39 2705/1260/627 2697/1254/886
f 2697/1255/886 2705/1261/627 2706/1256/628
f 2698/1249/619 2706/1256/628 2707/1257/633
f 2699/1219/620 2707/1265/633 2708/1258/53
f 2708/1258/53 2709/1266/636 2701/1221/623
f 2701/1250/623 2709/1257/636 2710/1256/629
f 2702/1249/630 2710/1256/629 2711/1261/639
f 2703/1259/887 2711/1267/639 2704/1253/39
f 2704/1253/39 2712/1195/631 2713/1206/641
f 2705/1261/627 2713/1269/641 2714/1262/632
f 2714/1262/632 2715/1263/634 2707/1257/633
f 2707/1265/633 2715/1264/634 2716/1201/635
f 2716/1201/635 2717/1273/637 2709/1266/636
f 2709/1257/636 2717/1263/637 2718/1262/638
f 2718/1262/638 2719/1269/647 2711/1261/639
f 2719/1213/647 2712/1195/631 2704/1253/39
f 2720/1184/640 2721/1196/642 2713/1206/641
f 2721/1268/642 2722/1270/650 2714/1262/632
f 2714/1262/632 2722/1270/650 2723/1274/643
f 2723/1271/643 2724/1277/644 2716/1201/635
f 2724/1277/644 2725/1272/645 2717/1273/637
f 2725/1274/645 2726/1270/646 2718/1262/638
f 2726/1270/646 2727/1268/648 2719/1269/647
f 2719/1213/647 2727/1204/648 2720/1184/640
f 2720/1184/640 2728/1186/5 2729/1185/649
f 2721/1268/642 2729/1275/649 2730/1280/656
f 2730/1280/656 2731/1276/651 2723/1274/643
f 2731/1185/651 2732/1186/1 2724/1277/644
f 2732/1186/1 2733/1194/652 2725/1272/645
f 2733/1276/652 2734/1280/660 2726/1270/646
f 2734/1280/660 2735/1275/653 2727/1268/648
f 2735/1194/653 2728/1186/5 2720/1184/640
f 2736/1278/654 2737/1285/655 2729/1185/649
f 2737/1283/655 2738/1279/657 2730/1280/656
f 2738/1279/657 2739/1288/658 2731/1276/651
f 2739/1281/658 2740/1290/665 2732/1186/1
f 2732/1186/1 2740/1290/665 2741/1282/659
f 2733/1276/652 2741/1288/659 2742/1279/661
f 2742/1279/661 2743/1283/669 2735/1275/653
f 2735/1194/653 2743/1293/669 2736/1278/654
f 2744/1294/662 2745/1284/670 2737/1285/655
f 2737/1283/655 2745/1296/670 2746/1286/663
f 2738/1279/657 2746/1286/663 2747/1287/664
f 2747/1289/664 2748/1299/666 2740/1290/665
f 2740/1290/665 2748/1299/666 2749/1291/667
f 2741/1288/659 2749/1287/667 2750/1286/668
f 2750/1286/668 2751/1296/674 2743/1283/669
f 2751/1292/674 2744/1294/662 2736/1278/654
f 2744/1294/662 2752/1304/41 2753/1295/676
f 2745/1296/670 2753/1301/676 2754/1297/671
f 2754/1297/671 2755/1307/678 2747/1287/664
f 2755/1298/678 2756/1300/51 2748/1299/666
f 2748/1299/666 2756/1300/51 2757/1310/681
f 2757/1307/681 2758/1297/672 2750/1286/668
f 2758/1297/672 2759/1301/673 2751/1296/674
f 2759/1302/673 2752/1304/41 2744/1294/662
f 2752/1304/41 2760/1303/685 2761/1313/888
f 2761/1305/888 2762/1306/677 2754/1297/671
f 2762/1306/677 2763/1316/688 2755/1307/678
f 2763/1308/688 2764/1318/679 2756/1300/51
f 2756/1300/51 2764/1318/679 2765/1309/680
f 2757/1307/681 2765/1316/680 2766/1306/682
f 2766/1306/682 2767/1305/889 2759/1301/673
f 2767/1311/889 2760/1303/685 2752/1304/41
f 2760/1303/685 2768/1312/684 2769/1320/693
f 2761/1305/888 2769/1314/693 2770/1322/686
f 2762/1306/677 2770/1322/686 2771/1315/687
f 2771/1325/687 2772/1317/689 2764/1318/679
f 2772/1317/689 2773/1327/697 2765/1309/680
f 2773/1315/697 2774/1322/690 2766/1306/682
f 2774/1322/690 2775/1314/691 2767/1305/889
f 2767/1311/889 2775/1328/691 2768/1312/684
f 2776/1319/701 2777/3640/692 2769/1320/693
f 2777/1321/692 2778/1332/694 2770/1322/686
f 2770/1322/686 2778/1332/694 2779/1323/695
f 2771/1325/687 2779/1324/695 2780/1326/696
f 2780/1326/696 2781/1389/698 2773/1327/697
f 2781/1323/698 2782/1332/699 2774/1322/690
f 2782/1332/699 2783/1321/700 2775/1314/691
f 2775/1328/691 2783/3641/700 2776/1319/701
f 2784/1224/708 2785/1232/702 2777/1330/692
f 2777/1321/692 2785/1331/702 2786/1333/904
f 2786/1333/904 2787/1334/703 2779/1323/695
f 2787/1251/703 2788/1237/704 2780/1244/696
f 2780/1244/696 2788/1237/704 2789/1245/705
f 2789/1334/705 2790/1333/714 2782/1332/699
f 2782/1332/699 2790/1333/714 2791/1331/706
f 2791/1240/706 2784/1224/708 2776/1329/701
f 2784/1224/708 2792/1336/707 2793/1214/901
f 2793/1337/901 2794/1340/716 2786/1333/904
f 2786/1333/904 2794/1340/716 2795/1338/711
f 2795/1219/711 2796/1229/712 2788/1237/704
f 2788/1237/704 2796/1229/712 2797/1221/720
f 2797/1338/720 2798/1340/713 2790/1333/714
f 2790/1333/714 2798/1340/713 2799/1337/890
f 2799/1223/890 2792/1336/707 2784/1224/708
f 2792/1336/707 2800/1253/40 2801/1215/715
f 2801/1339/715 2802/1341/717 2794/1340/716
f 2794/1340/716 2802/1341/717 2803/1342/905
f 2803/1265/905 2804/1220/50 2796/1229/712
f 2804/1220/50 2805/1266/719 2797/1221/720
f 2805/1342/719 2806/1341/728 2798/1340/713
f 2798/1340/713 2806/1341/728 2807/1339/721
f 2799/1223/890 2807/1212/721 2800/1253/40
f 2800/1253/40 2808/1195/723 2809/1346/724
f 2801/1339/715 2809/1343/724 2810/1344/731
f 2810/1344/731 2811/1349/725 2803/1342/905
f 2803/1265/905 2811/1200/725 2812/1201/726
f 2812/1201/726 2813/1211/727 2805/1266/719
f 2813/1349/727 2814/1344/729 2806/1341/728
f 2814/1344/729 2815/1343/736 2807/1339/721
f 2815/1345/736 2808/1195/723 2800/1253/40
f 2816/1184/737 2817/1351/730 2809/1346/724
f 2817/1347/730 2818/1350/732 2810/1344/731
f 2818/1350/732 2819/1348/740 2811/1349/725
f 2819/1192/740 2820/1193/733 2812/1201/726
f 2812/1201/726 2820/1193/733 2821/1202/741
f 2813/1349/727 2821/1348/741 2822/1350/734
f 2814/1344/729 2822/1350/734 2823/1347/735
f 2823/1355/735 2816/1184/737 2808/1195/723
f 2816/1184/737 2824/1186/3 2825/1185/738
f 2825/1352/738 2826/1353/739 2818/1350/732
f 2826/1353/739 2827/1354/747 2819/1348/740
f 2827/1185/747 2828/1186/54 2820/1193/733
f 2820/1193/733 2828/1186/54 2829/1194/742
f 2829/1354/742 2830/1353/743 2822/1350/734
f 2830/1353/743 2831/1352/744 2823/1347/735
f 2831/1194/744 2824/1186/3 2816/1184/737
f 2832/1278/566 2833/1285/745 2825/1185/738
f 2833/1358/745 2834/1356/746 2826/1353/739
f 2834/1356/746 2835/1357/748 2827/1354/747
f 2835/1281/748 2836/1290/573 2828/1186/54
f 2836/1290/573 2837/1282/749 2829/1194/742
f 2837/1357/749 2838/1356/754 2830/1353/743
f 2838/1356/754 2839/1358/750 2831/1352/744
f 2839/1293/750 2832/1278/566 2824/1186/3
f 2832/1278/566 2840/1294/577 2841/1284/758
f 2833/1358/745 2841/1363/758 2842/1359/751
f 2834/1356/746 2842/1359/751 2843/1360/752
f 2835/1281/748 2843/1289/752 2844/1299/580
f 2844/1299/580 2845/1291/753 2837/1282/749
f 2845/1360/753 2846/1359/755 2838/1356/754
f 2846/1359/755 2847/1363/756 2839/1358/750
f 2847/1292/756 2840/1294/577 2832/1278/566
f 2840/1294/577 2848/1361/52 2849/1368/757
f 2849/1362/757 2850/1364/764 2842/1359/751
f 2850/1364/764 2851/1371/759 2843/1360/752
f 2851/1365/759 2852/1372/38 2844/1299/580
f 2844/1299/580 2852/1372/38 2853/1366/760
f 2845/1360/753 2853/1371/760 2854/1364/761
f 2854/1364/761 2855/1362/762 2847/1363/756
f 2855/1367/762 2848/1361/52 2840/1294/577
f 2848/1361/52 2856/1303/591 2857/1313/893
f 2857/1369/893 2858/1370/769 2850/1364/764
f 2850/1364/764 2858/1370/769 2859/1374/765
f 2851/1365/759 2859/1308/765 2860/1373/587
f 2852/1372/38 2860/1373/587 2861/1309/766
f 2861/1374/766 2862/1370/767 2854/1364/761
f 2854/1364/761 2862/1370/767 2863/1369/894
f 2863/1311/894 2856/1303/591 2848/1361/52
f 2856/1303/591 2864/1312/597 2865/1320/772
f 2865/1375/772 2866/1379/768 2858/1370/769
f 2858/1370/769 2866/1379/768 2867/1376/774
f 2867/1325/774 2868/1317/602 2860/1373/587
f 2860/1373/587 2868/1317/602 2869/1327/775
f 2869/1376/775 2870/1379/770 2862/1370/767
f 2862/1370/767 2870/1379/770 2871/1375/777
f 2871/1328/777 2864/1312/597 2856/1303/591
f 2864/1312/597 2872/1748/613 2873/1377/778
f 2873/1378/778 2874/1382/773 2866/1379/768
f 2866/1379/768 2874/1382/773 2875/1380/780
f 2875/1324/780 2876/1381/601 2868/1317/602
f 2876/1381/601 2877/1749/781 2869/1327/775
f 2877/1380/781 2878/1382/776 2870/1379/770
f 2878/1382/776 2879/1378/784 2871/1375/777
f 2871/1328/777 2879/1383/784 2872/1748/613
f 2880/1390/614 2881/1384/786 2873/1377/778
f 2873/1378/778 2881/1391/786 2882/1385/779
f 2882/1385/779 2883/1386/788 2875/1380/780
f 2883/1387/788 2884/1393/609 2876/1381/601
f 2876/1381/601 2884/1393/609 2885/1388/782
f 2877/1380/781 2885/1386/782 2886/1385/783
f 2878/1382/776 2886/1385/783 2887/1391/792
f 2887/1395/792 2880/1390/614 2872/1748/613
f 2888/1303/621 2889/1313/895 2881/1384/786
f 2881/1391/786 2889/1396/895 2890/1392/787
f 2890/1392/787 2891/1394/789 2883/1386/788
f 2883/1387/788 2891/1308/789 2892/1318/626
f 2884/1393/609 2892/1318/626 2893/1309/790
f 2885/1386/782 2893/1394/790 2894/1392/796
f 2886/1385/783 2894/1392/796 2895/1396/791
f 2887/1395/792 2895/1311/791 2888/1303/621
f 2896/1304/53 2897/1295/798 2889/1313/895
f 2889/1396/895 2897/1401/798 2898/1397/793
f 2890/1392/787 2898/1397/793 2899/1398/794
f 2891/1308/789 2899/1298/794 2900/1300/39
f 2900/1300/39 2901/1310/795 2893/1309/790
f 2901/1398/795 2902/1397/797 2894/1392/796
f 2894/1392/796 2902/1397/797 2903/1401/803
f 2903/1302/803 2896/1304/53 2888/1303/621
f 2904/1399/635 2905/1406/804 2897/1295/798
f 2897/1401/798 2905/1400/804 2906/1404/799
f 2906/1404/799 2907/1402/800 2899/1398/794
f 2899/1298/794 2907/1410/800 2908/1403/631
f 2908/1403/631 2909/1412/801 2901/1310/795
f 2909/1402/801 2910/1404/809 2902/1397/797
f 2902/1397/797 2910/1404/809 2911/1400/802
f 2903/1302/803 2911/1413/802 2904/1399/635
f 2912/1405/644 2913/1414/805 2905/1406/804
f 2913/1407/805 2914/1408/806 2906/1404/799
f 2914/1408/806 2915/1416/807 2907/1402/800
f 2907/1410/800 2915/1409/807 2916/1417/640
f 2916/1417/640 2917/1411/812 2909/1412/801
f 2909/1402/801 2917/1416/812 2918/1408/808
f 2910/1404/809 2918/1408/808 2919/1407/815
f 2919/1418/815 2912/1405/644 2904/1399/635
f 2912/1405/644 2920/1186/1 2921/1185/810
f 2913/1407/805 2921/1419/810 2922/1415/817
f 2922/1415/817 2923/1421/811 2915/1416/807
f 2915/1409/807 2923/1185/811 2924/1186/5
f 2924/1186/5 2925/1194/813 2917/1411/812
f 2917/1416/812 2925/1421/813 2926/1415/820
f 2926/1415/820 2927/1419/814 2919/1407/815
f 2927/1194/814 2920/1186/1 2912/1405/644
f 2928/1184/665 2929/1196/821 2921/1185/810
f 2929/1424/821 2930/1420/816 2922/1415/817
f 2930/1420/816 2931/1426/818 2923/1421/811
f 2923/1185/811 2931/1271/818 2932/1277/654
f 2924/1186/5 2932/1277/654 2933/1272/825
f 2933/1426/825 2934/1420/819 2926/1415/820
f 2926/1415/820 2934/1420/819 2935/1424/827
f 2935/1204/827 2928/1184/665 2920/1186/1
f 2928/1184/665 2936/1422/666 2937/1346/829
f 2929/1424/821 2937/1423/829 2938/1425/822
f 2938/1425/822 2939/1431/823 2931/1426/818
f 2939/1432/823 2940/1427/662 2932/1277/654
f 2932/1277/654 2940/1427/662 2941/1428/824
f 2933/1426/825 2941/1431/824 2942/1425/832
f 2934/1420/819 2942/1425/832 2943/1423/826
f 2943/1345/826 2936/1422/666 2928/1184/665
f 2944/1253/51 2945/1260/828 2937/1346/829
f 2945/1429/828 2946/1434/835 2938/1425/822
f 2946/1434/835 2947/1430/830 2939/1431/823
f 2939/1432/823 2947/1265/830 2948/1258/41
f 2948/1258/41 2949/1266/837 2941/1428/824
f 2949/1430/837 2950/1434/831 2942/1425/832
f 2950/1434/831 2951/1429/833 2943/1423/826
f 2951/1267/833 2944/1253/51 2936/1422/666
f 2952/1225/679 2953/1254/897 2945/1260/828
f 2953/1433/897 2954/1435/841 2946/1434/835
f 2954/1435/841 2955/1436/836 2947/1430/830
f 2947/1265/830 2955/1219/836 2956/1252/685
f 2948/1258/41 2956/1252/685 2957/1221/838
f 2949/1430/837 2957/1436/838 2958/1435/843
f 2958/1435/843 2959/1433/898 2951/1429/833
f 2959/1259/898 2952/1225/679 2944/1253/51
f 2952/1225/679 2960/1224/689 2961/1438/846
f 2961/1440/846 2962/1437/840 2954/1435/841
f 2962/1437/840 2963/1442/848 2955/1436/836
f 2963/1228/848 2964/1237/684 2956/1252/685
f 2956/1252/685 2964/1237/684 2965/1230/842
f 2965/1442/842 2966/1437/844 2958/1435/843
f 2966/1437/844 2967/1440/845 2959/1433/898
f 2959/1259/898 2967/1445/845 2960/1224/689
f 2968/1329/696 2969/1330/852 2961/1438/846
f 2961/1440/846 2969/1439/852 2970/1441/847
f 2962/1437/840 2970/1441/847 2971/1444/855
f 2971/1750/855 2972/1443/701 2964/1237/684
f 2972/1443/701 2973/3642/849 2965/1230/842
f 2973/1444/849 2974/1441/850 2966/1437/844
f 2966/1437/844 2974/1441/850 2975/1439/851
f 2975/1335/851 2968/1329/696 2960/1224/689
f 2968/1446/696 2976/1459/704 2977/1447/853
f 2977/1449/853 2978/1450/854 2970/1441/847
f 2978/1450/854 2979/1455/859 2971/1444/855
f 2971/1453/855 2979/1451/859 2980/1317/708
f 2980/1317/708 2981/1463/856 2973/1454/849
f 2973/1444/849 2981/1455/856 2982/1450/857
f 2982/1450/857 2983/1449/862 2975/1439/851
f 2975/1457/851 2983/1456/862 2976/1459/704
f 2976/1459/704 2984/1458/712 2985/1466/863
f 2977/1449/853 2985/1460/863 2986/1461/858
f 2986/1461/858 2987/1469/860 2979/1455/859
f 2979/1451/859 2987/1471/860 2988/1462/707
f 2980/1317/708 2988/1462/707 2989/1473/867
f 2981/1455/856 2989/1469/867 2990/1461/861
f 2990/1461/861 2991/1460/870 2983/1449/862
f 2991/1464/870 2984/1458/712 2976/1459/704
f 2992/1476/50 2993/1465/864 2985/1466/863
f 2993/1467/864 2994/1468/865 2986/1461/858
f 2994/1468/865 2995/1474/873 2987/1469/860
f 2987/1471/860 2995/1470/873 2996/1472/40
f 2996/1472/40 2997/1481/866 2989/1473/867
f 2989/1469/867 2997/1474/866 2998/1468/868
f 2990/1461/861 2998/1468/868 2999/1467/869
f 2999/1475/869 2992/1476/50 2984/1458/712
f 3000/1294/726 3001/1477/871 2993/1465/864
f 3001/1478/871 3002/1479/872 2994/1468/865
f 2994/1468/865 3002/1479/872 3003/1482/874
f 2995/1470/873 3003/1289/874 3004/1480/723
f 3004/1480/723 3005/1291/875 2997/1481/866
f 3005/1482/875 3006/1479/876 2998/1468/868
f 2998/1468/868 3006/1479/876 3007/1478/882
f 3007/1489/882 3000/1294/726 2992/1476/50
f 3000/1294/726 3008/1490/733 3009/1483/877
f 3009/1484/877 3010/1485/878 3002/1479/872
f 3002/1479/872 3010/1485/878 3011/1487/879
f 3011/1486/879 3012/1290/737 3004/1480/723
f 3012/1290/737 3013/1491/880 3005/1291/875
f 3013/1487/880 3014/1485/881 3006/1479/876
f 3014/1485/881 3015/1484/883 3007/1478/882
f 3007/1489/882 3015/1488/883 3008/1490/733
f 2632/1186/54 2633/1185/561 3009/1483/877
f 2633/1187/561 2634/1189/563 3010/1485/878
f 2634/1189/563 2635/1191/564 3011/1487/879
f 2635/1185/564 2636/1186/3 3012/1290/737
f 2636/1186/3 2637/1194/567 3013/1491/880
f 3013/1487/880 2637/1191/567 2638/1189/569
f 2638/1189/569 2639/1187/571 3015/1484/883
f 3015/1488/883 2639/1194/571 2632/1186/54
s 0
f 3436/1752/1 3407/1762/1 3401/1753/1
f 3450/1755/2 3437/1761/2 3429/1756/2
f 3421/1758/3 3408/1763/3 3435/1759/3
f 3409/1761/4 3423/1755/4 3415/1757/4
f 3422/1762/5 3451/1752/5 3443/1754/5
f 3400/1763/2095 3403/1772/2095 3404/1764/2095
f 3401/1753/2096 3405/1779/2096 3404/1766/2096
f 3402/1756/2097 3406/1786/2097 3404/1768/2097
f 3407/1762/2098 3410/1781/2098 3411/1770/2098
f 3408/1763/2080 3412/1765/2080 3411/1764/2080
f 3409/1761/1992 3413/1792/1992 3411/1773/1992
f 3414/1758/2050 3417/1780/2050 3418/1775/2050
f 3415/1757/1849 3419/1796/1849 3418/1777/1849
f 3416/1753/2099 3420/1767/2099 3418/1766/2099
f 3421/1758/2052 3424/1776/2052 3425/1775/2052
f 3422/1762/1852 3426/1771/1852 3425/1770/1852
f 3423/1755/2100 3427/1798/2100 3425/1782/2100
f 3428/1759/1996 3431/1789/1996 3432/1784/1996
f 3429/1756/1855 3433/1769/1855 3432/1768/1855
f 3430/1754/2101 3434/1795/2101 3432/1787/2101
f 3435/1759/2032 3438/1785/2032 3439/1784/2032
f 3436/1752/2102 3440/1799/2102 3439/1790/2102
f 3437/1761/2103 3441/1774/2103 3439/1773/2103
f 3442/1760/2104 3445/1797/2104 3446/1793/2104
f 3443/1754/2000 3447/1788/2000 3446/1787/2000
f 3444/1757/2105 3448/1778/2105 3446/1777/2105
f 3449/1760/2001 3452/1794/2001 3453/1793/2001
f 3450/1755/2002 3454/1783/2002 3453/1782/2002
f 3451/1752/2106 3455/1791/2106 3453/1790/2106
f 3400/1763/30 3406/1765/30 3417/1780/30
f 3406/1786/31 3402/1756/31 3415/1757/31
f 3407/1762/32 3413/1771/32 3405/1779/32
f 3413/1792/33 3409/1761/33 3402/1756/33
f 3421/1758/34 3427/1780/34 3412/1765/34
f 3427/1798/35 3423/1755/35 3409/1761/35
f 3416/1753/36 3419/1779/36 3426/1771/36
f 3419/1796/37 3415/1757/37 3423/1755/37
f 3414/1758/38 3420/1776/38 3445/1797/38
f 3420/1767/39 3416/1753/39 3443/1754/39
f 3449/1760/40 3455/1797/40 3424/1776/40
f 3455/1791/41 3451/1752/41 3422/1762/41
f 3444/1757/42 3447/1796/42 3454/1783/42
f 3447/1788/43 3443/1754/43 3451/1752/43
f 3442/1760/44 3448/1794/44 3431/1789/44
f 3448/1778/45 3444/1757/45 3429/1756/45
f 3435/1759/46 3441/1789/46 3452/1794/46
f 3441/1774/47 3437/1761/47 3450/1755/47
f 3430/1754/48 3433/1788/48 3440/1799/48
f 3433/1769/49 3429/1756/49 3437/1761/49
f 3428/1759/50 3434/1785/50 3403/1772/50
f 3434/1795/51 3430/1754/51 3401/1753/51
f 3408/1763/52 3410/1772/52 3438/1785/52
f 3410/1781/53 3407/1762/53 3436/1752/53
f 3442/1760/54 3428/1759/54 3400/1763/54
f 3477/1800/1 3460/1812/1 3457/1801/1
f 3484/1803/2107 3478/1841/2107 3472/1804/2107
f 3468/1806/2108 3462/1824/2108 3476/1807/2108
f 3461/1809/2109 3471/3643/2109 3464/1810/2109
f 3469/1812/2110 3486/3644/2110 3481/1813/2110
f 3457/1801/2111 3459/1822/2111 3458/1848/2111
f 3460/1812/2112 3462/1849/2112 3463/3645/2112
f 3464/1810/2113 3466/2065/2113 3465/1821/2113
f 3466/1814/2114 3467/1830/2114 3465/3646/2114
f 3469/1812/2115 3471/1827/2115 3470/1834/2115
f 3472/1804/2116 3474/1844/2116 3473/1839/2116
f 3474/1802/2117 3475/1847/2117 3473/3647/2117
f 3481/1813/2118 3483/2070/2118 3482/1831/2118
f 3484/1803/2119 3486/1835/2119 3485/1842/2119
f 3486/3644/2120 3487/1833/2120 3485/3648/2120
f 3456/1817/2121 3458/1846/2121 3465/1818/2121
f 3458/1820/2122 3459/1811/2122 3464/1810/2122
f 3460/1812/2123 3463/3645/2123 3459/1822/2123
f 3463/1826/2124 3461/1809/2124 3459/1811/2124
f 3468/1806/2125 3470/1832/2125 3463/1823/2125
f 3470/1825/2126 3471/3643/2126 3461/1809/2126
f 3466/2065/2127 3464/1810/2127 3471/3643/2127
f 3467/1830/2128 3466/1814/2128 3481/1813/2128
f 3487/1833/2129 3486/3644/2129 3469/1812/2129
f 3483/2070/2130 3481/1813/2130 3486/3644/2130
f 3480/1829/2131 3482/1828/2131 3473/1836/2131
f 3482/1838/2132 3483/1805/2132 3472/1804/2132
f 3476/1807/2133 3478/1816/2133 3485/1840/2133
f 3474/1844/2134 3472/1804/2134 3478/1841/2134
f 3475/1847/2135 3474/1802/2135 3457/1801/2135
f 3462/1849/2027 3460/1812/2027 3477/1800/2027
f 3480/1829/2136 3475/1837/2136 3456/1817/2136
s 1
f 3517/1850/945 3491/1867/959 3489/1851/946
f 3501/1853/948 3507/1856/951 3504/1854/949
f 3507/1856/951 3512/1886/953 3509/1857/952
f 3512/1858/953 3517/1893/945 3515/1859/947
f 3497/1861/954 3501/1878/948 3499/1862/950
f 3500/1866/958 3496/1879/962 3511/1864/956
f 3496/1879/962 3490/1897/974 3511/1864/956
f 3490/1897/974 3516/1896/973 3511/1864/956
f 3491/1867/959 3497/1870/954 3494/1868/955
f 3494/1868/955 3495/3649/963 3488/1869/960
f 3488/3650/960 3495/1876/963 3493/1875/965
f 3497/1870/954 3491/1867/959 3492/1871/961
f 3492/1895/961 3490/1897/974 3496/1879/962
f 3499/1862/950 3498/3651/964 3495/1873/963
f 3497/1861/954 3496/3652/962 3502/1877/966
f 3499/1855/950 3504/1854/949 3505/1881/967
f 3505/1884/967 3503/1885/969 3498/1874/964
f 3501/1853/948 3502/3653/966 3506/1883/957
f 3506/1865/957 3502/1880/966 3500/1866/958
f 3509/1857/952 3510/3654/971 3505/1881/967
f 3505/1884/967 3510/1891/971 3508/1864/968
f 3512/1886/953 3507/1856/951 3506/1883/957
f 3515/1859/947 3514/3655/972 3510/1889/971
f 3512/1858/953 3513/3656/970 3516/1892/973
f 3513/1888/970 3511/1864/956 3516/1896/973
f 3515/1852/947 3489/1851/946 3488/1869/960
f 3517/1850/945 3516/3657/973 3492/1871/961
f 3514/1890/972 3488/3650/960 3493/1875/965
f 3493/1875/965 3498/1874/964 3503/1885/969
f 3503/1885/969 3508/1864/968 3493/1875/965
f 3547/1898/975 3521/1913/989 3519/1899/976
f 3531/1901/978 3536/1904/981 3534/1902/979
f 3536/1904/981 3541/1934/983 3538/1905/982
f 3541/1906/983 3547/1940/975 3544/1907/977
f 3526/1909/984 3531/1926/978 3529/1910/980
f 3530/1866/988 3525/1920/994 3540/1864/986
f 3525/1920/994 3520/1919/993 3540/1864/986
f 3520/1919/993 3546/3658/1003 3540/1864/986
f 3521/1913/989 3526/1918/984 3523/1914/985
f 3519/1899/976 3523/1914/985 3524/1915/990
f 3524/1924/990 3522/1875/996 3518/1942/991
f 3521/1913/989 3520/1945/993 3527/1917/992
f 3529/1910/980 3528/3659/995 3524/1922/990
f 3526/1909/984 3527/3660/992 3532/1925/997
f 3527/1921/992 3525/1920/994 3530/1866/988
f 3534/1902/979 3533/1932/999 3528/1928/995
f 3536/1904/981 3531/1901/978 3532/1929/997
f 3535/1912/987 3532/1927/997 3530/1866/988
f 3534/1902/979 3538/1905/982 3539/1931/998
f 3533/3661/999 3539/1938/998 3537/1864/1002
f 3536/1904/981 3535/1930/987 3542/1933/1000
f 3544/1907/977 3545/3662/1001 3539/1936/998
f 3545/1937/1001 3543/1943/1004 3537/1864/1002
f 3541/1906/983 3542/3663/1000 3546/1939/1003
f 3542/1935/1000 3540/1864/986 3546/3658/1003
f 3519/1899/976 3518/1916/991 3545/1941/1001
f 3521/1913/989 3547/1898/975 3546/1944/1003
f 3543/1943/1004 3518/1942/991 3522/1875/996
f 3522/1875/996 3528/1923/995 3533/3661/999
f 3533/3661/999 3537/1864/1002 3522/1875/996
f 3576/1946/1005 3552/1961/1019 3549/1947/1006
f 3562/1949/1008 3567/1952/1011 3564/1950/1009
f 3567/1952/1011 3572/1980/1013 3570/1953/1012
f 3572/1954/1013 3576/1984/1005 3574/1955/1007
f 3558/1957/1014 3562/1973/1008 3560/1958/1010
f 3561/1960/1017 3557/3664/1025 3551/1897/1018
f 3551/1897/1018 3575/1986/1032 3571/3665/1031
f 3571/3665/1031 3566/1885/1016 3551/1897/1018
f 3552/1961/1019 3558/1966/1014 3555/1962/1015
f 3549/1947/1006 3555/1962/1015 3556/1963/1020
f 3550/1965/1021 3556/1971/1020 3554/1875/1022
f 3558/1966/1014 3552/1961/1019 3553/1967/1024
f 3557/3664/1025 3553/1987/1024 3551/1897/1018
f 3560/1958/1010 3559/3666/1026 3556/1969/1020
f 3558/1957/1014 3557/3667/1025 3561/1972/1017
f 3560/1951/1010 3564/1950/1009 3565/1974/1027
f 3559/1970/1026 3565/1979/1027 3563/1885/1030
f 3562/1949/1008 3561/3668/1017 3568/1976/1028
f 3570/1953/1012 3569/3669/1029 3565/1974/1027
f 3572/1980/1013 3567/1952/1011 3568/1976/1028
f 3571/3665/1031 3568/1977/1028 3566/1885/1016
f 3574/1955/1007 3573/3670/1033 3569/1982/1029
f 3572/1954/1013 3571/3671/1031 3575/1983/1032
f 3574/1948/1007 3549/1947/1006 3550/1964/1021
f 3573/1988/1033 3550/1965/1021 3548/1897/1023
f 3576/1946/1005 3575/3672/1032 3553/1967/1024
f 3573/1988/1033 3548/1897/1023 3563/1885/1030
f 3548/1897/1023 3554/1875/1022 3563/1885/1030
f 3554/1875/1022 3559/1970/1026 3563/1885/1030
f 3606/1989/1005 3581/1997/1019 3578/1990/1034
f 3591/1992/1036 3597/1994/1011 3594/1993/1009
f 3597/1994/1011 3602/2012/1038 3600/1953/1012
f 3602/1995/1038 3606/1984/1005 3604/1955/1035
f 3587/1957/1039 3591/2006/1036 3589/1958/1037
f 3590/1866/1042 3586/2007/1047 3580/1897/1043
f 3580/1897/1043 3605/2015/1032 3601/3673/1031
f 3601/3673/1031 3596/1885/1041 3580/1897/1043
f 3581/1997/1019 3587/1966/1039 3584/1998/1040
f 3578/1990/1034 3584/1998/1040 3585/1999/1044
f 3585/2001/1044 3583/1875/1049 3577/1897/1046
f 3587/1966/1039 3581/1997/1019 3582/2003/1024
f 3586/2007/1047 3582/2016/1024 3580/1897/1043
f 3589/1958/1037 3588/3674/1048 3585/1922/1044
f 3587/1957/1039 3586/3675/1047 3592/1877/1050
f 3589/1951/1037 3594/1993/1009 3595/2009/1027
f 3588/2005/1048 3595/2011/1027 3593/1885/1030
f 3591/1992/1036 3592/3676/1050 3598/1976/1051
f 3598/1977/1051 3592/2008/1050 3590/1866/1042
f 3600/1953/1012 3599/3677/1029 3595/2009/1027
f 3602/2012/1038 3597/1994/1011 3598/1976/1051
f 3601/3673/1031 3598/1977/1051 3596/1885/1041
f 3604/1955/1035 3603/3678/1052 3599/1982/1029
f 3602/1995/1038 3601/3679/1031 3605/1983/1032
f 3604/1991/1035 3578/1990/1034 3579/2000/1045
f 3603/2017/1052 3579/2002/1045 3577/1897/1046
f 3606/1989/1005 3605/3680/1032 3582/2003/1024
f 3603/2017/1052 3577/1897/1046 3593/1885/1030
f 3577/1897/1046 3583/1875/1049 3593/1885/1030
f 3583/1875/1049 3588/2005/1048 3593/1885/1030
s 0
f 3612/2018/2137 3608/3681/2137 3607/2019/2137
f 3614/2021/2138 3612/3682/2138 3611/2022/2138
f 3610/2024/2139 3608/3683/2139 3612/2025/2139
f 3608/2027/2140 3610/3684/2140 3609/2028/2140
f 3610/2030/2141 3614/3685/2141 3613/2031/2141
f 3613/2033/2142 3611/3686/2142 3607/2034/2142
f 3620/2036/2137 3616/3687/2137 3615/2037/2137
f 3622/2021/2143 3620/3688/2143 3619/2039/2143
f 3618/2041/2139 3616/3689/2139 3620/2042/2139
f 3616/2044/2144 3618/3690/2144 3617/2045/2144
f 3618/2047/2141 3622/3685/2141 3621/2048/2141
f 3621/2050/2142 3619/3691/2142 3615/2051/2142
f 3659/1752/1 3630/1762/1 3624/1753/1
f 3673/1755/2 3660/1761/2 3652/1756/2
f 3644/1758/3 3631/1763/3 3658/1759/3
f 3632/1761/4 3646/1755/4 3638/1757/4
f 3645/1762/5 3674/1752/5 3666/1754/5
f 3623/1763/2095 3626/1772/2095 3627/1764/2095
f 3624/1753/1989 3628/1779/1989 3627/1766/1989
f 3625/1756/2097 3629/1786/2097 3627/1768/2097
f 3630/1762/2098 3633/1781/2098 3634/1770/2098
f 3631/1763/2080 3635/1765/2080 3634/1764/2080
f 3632/1761/1992 3636/1792/1992 3634/1773/1992
f 3637/1758/2050 3640/1780/2050 3641/1775/2050
f 3638/1757/1849 3642/1796/1849 3641/1777/1849
f 3639/1753/2099 3643/1767/2099 3641/1766/2099
f 3644/1758/2052 3647/1776/2052 3648/1775/2052
f 3645/1762/2145 3649/1771/2145 3648/1770/2145
f 3646/1755/2100 3650/1798/2100 3648/1782/2100
f 3651/1759/1996 3654/1789/1996 3655/1784/1996
f 3652/1756/1855 3656/1769/1855 3655/1768/1855
f 3653/1754/2101 3657/1795/2101 3655/1787/2101
f 3658/1759/2032 3661/1785/2032 3662/1784/2032
f 3659/1752/1858 3663/1799/1858 3662/1790/1858
f 3660/1761/2103 3664/1774/2103 3662/1773/2103
f 3665/1760/2104 3668/1797/2104 3669/1793/2104
f 3666/1754/2146 3670/1788/2146 3669/1787/2146
f 3667/1757/2105 3671/1778/2105 3669/1777/2105
f 3672/1760/2001 3675/1794/2001 3676/1793/2001
f 3673/1755/2002 3677/1783/2002 3676/1782/2002
f 3674/1752/2106 3678/1791/2106 3676/1790/2106
f 3623/1763/30 3629/1765/30 3640/1780/30
f 3629/1786/31 3625/1756/31 3638/1757/31
f 3630/1762/32 3636/1771/32 3628/1779/32
f 3636/1792/33 3632/1761/33 3625/1756/33
f 3644/1758/34 3650/1780/34 3635/1765/34
f 3650/1798/35 3646/1755/35 3632/1761/35
f 3639/1753/36 3642/1779/36 3649/1771/36
f 3642/1796/37 3638/1757/37 3646/1755/37
f 3637/1758/38 3643/1776/38 3668/1797/38
f 3643/1767/39 3639/1753/39 3666/1754/39
f 3672/1760/40 3678/1797/40 3647/1776/40
f 3678/1791/41 3674/1752/41 3645/1762/41
f 3667/1757/42 3670/1796/42 3677/1783/42
f 3670/1788/43 3666/1754/43 3674/1752/43
f 3665/1760/44 3671/1794/44 3654/1789/44
f 3671/1778/45 3667/1757/45 3652/1756/45
f 3658/1759/46 3664/1789/46 3675/1794/46
f 3664/1774/47 3660/1761/47 3673/1755/47
f 3653/1754/48 3656/1788/48 3663/1799/48
f 3656/1769/49 3652/1756/49 3660/1761/49
f 3651/1759/50 3657/1785/50 3626/1772/50
f 3657/1795/51 3653/1754/51 3624/1753/51
f 3631/1763/52 3633/1772/52 3661/1785/52
f 3633/1781/53 3630/1762/53 3659/1752/53
f 3665/1760/54 3651/1759/54 3623/1763/54
f 3700/1800/2147 3686/2060/2147 3680/1801/2147
f 3707/1803/2148 3702/3692/2148 3695/1804/2148
f 3691/1806/2108 3684/1824/2108 3699/1807/2108
f 3683/1809/2149 3693/2062/2149 3687/1810/2149
f 3692/1812/5 3708/1800/5 3704/1813/5
f 3680/1801/2150 3682/1822/2150 3681/2079/2150
f 3686/2060/2151 3684/1849/2151 3685/3693/2151
f 3683/1809/2152 3686/3694/2152 3685/2063/2152
f 3687/1810/2153 3689/2065/2153 3688/2059/2153
f 3689/1814/2114 3690/1830/2114 3688/3646/2114
f 3695/1804/2116 3697/1844/2116 3696/2074/2116
f 3697/1802/2117 3698/1847/2117 3696/3647/2117
f 3700/1800/2154 3702/2077/2154 3701/2081/2154
f 3704/1813/2155 3706/2070/2155 3705/2068/2155
f 3708/1800/2011 3710/1833/2011 3709/2071/2011
f 3679/1817/2121 3681/2078/2121 3688/2057/2121
f 3681/2058/2122 3682/2054/2122 3687/1810/2122
f 3686/3694/2156 3683/1809/2156 3682/2054/2156
f 3691/1806/2157 3693/2056/2157 3685/2061/2157
f 3689/2065/2158 3687/1810/2158 3693/2062/2158
f 3690/1830/2159 3689/1814/2159 3704/1813/2159
f 3710/1833/2018 3708/1800/2018 3692/1812/2018
f 3706/2070/2019 3704/1813/2019 3708/1800/2019
f 3703/1829/2131 3705/2067/2131 3696/2072/2131
f 3705/2073/2132 3706/2053/2132 3695/1804/2132
f 3699/1807/2160 3701/2080/2160 3709/2075/2160
f 3701/2076/2161 3702/3692/2161 3707/1803/2161
f 3697/1844/2162 3695/1804/2162 3702/3692/2162
f 3698/1847/2135 3697/1802/2135 3680/1801/2135
f 3684/1849/2163 3686/2060/2163 3700/1800/2163
f 3703/1829/2136 3698/1837/2136 3679/1817/2136
s 1
f 3741/2082/1078 3714/2092/1086 3712/1851/1079
f 3725/2084/1080 3731/1856/951 3728/2085/949
f 3731/1856/951 3736/2108/953 3733/2086/952
f 3736/2087/953 3741/1893/1078 3739/2088/947
f 3720/2089/1082 3725/1878/1080 3723/2090/1081
f 3724/1866/1085 3719/1920/1089 3735/1864/1084
f 3719/1920/1089 3713/1897/1093 3735/1864/1084
f 3713/1897/1093 3740/2117/1092 3735/1864/1084
f 3714/2092/1086 3720/2096/1082 3717/2093/1083
f 3717/2093/1083 3718/3695/963 3711/2094/960
f 3711/3696/960 3718/2101/963 3716/1875/965
f 3714/2092/1086 3715/2116/1088 3721/2095/1087
f 3715/2097/1088 3713/1897/1093 3719/1920/1089
f 3723/2090/1081 3722/3697/964 3718/2099/963
f 3720/2089/1082 3721/3698/1087 3726/2102/1090
f 3721/2098/1087 3719/1920/1089 3724/1866/1085
f 3723/1855/1081 3728/2085/949 3729/2104/967
f 3729/2107/967 3727/1885/1091 3722/2100/964
f 3725/2084/1080 3726/3699/1090 3730/2106/957
f 3730/2091/957 3726/2103/1090 3724/1866/1085
f 3733/2086/952 3734/3700/971 3729/2104/967
f 3729/2107/967 3734/2113/971 3732/1864/968
f 3736/2108/953 3731/1856/951 3730/2106/957
f 3739/2088/947 3738/3655/972 3734/2111/971
f 3736/2087/953 3737/3701/970 3740/2114/1092
f 3737/2110/970 3735/1864/1084 3740/2117/1092
f 3739/2083/947 3712/1851/1079 3711/2094/960
f 3741/2082/1078 3740/3702/1092 3715/2116/1088
f 3738/2112/972 3711/3696/960 3716/1875/965
f 3716/1875/965 3722/2100/964 3727/1885/1091
f 3727/1885/1091 3732/1864/968 3716/1875/965
f 3771/2118/1094 3745/1913/989 3743/2119/1095
f 3755/2121/978 3760/2124/1099 3758/2122/1097
f 3760/2124/1099 3765/2146/1101 3762/2125/1100
f 3765/2126/1101 3771/1940/1094 3768/2127/1096
f 3750/1909/984 3755/1926/978 3753/2128/1098
f 3754/1866/988 3749/1920/994 3764/1864/1103
f 3749/1920/994 3744/2135/993 3764/1864/1103
f 3744/2135/993 3770/3703/1114 3764/1864/1103
f 3745/1913/989 3750/2134/984 3747/2130/1102
f 3743/2119/1095 3747/2130/1102 3748/2131/1105
f 3742/2153/1106 3748/2138/1105 3746/1875/1108
f 3745/1913/989 3744/2155/993 3751/2133/992
f 3753/2128/1098 3752/3704/1107 3748/2136/1105
f 3750/1909/984 3751/3705/992 3756/2139/997
f 3751/2098/992 3749/1920/994 3754/1866/988
f 3758/2122/1097 3757/2144/1110 3752/2141/1107
f 3760/2124/1099 3755/2121/978 3756/1917/997
f 3759/2129/1104 3756/2140/997 3754/1866/988
f 3758/2122/1097 3762/2125/1100 3763/2143/1109
f 3763/2150/1109 3761/1864/1113 3757/3706/1110
f 3760/2124/1099 3759/2142/1104 3766/2145/1111
f 3768/2127/1096 3769/3707/1112 3763/2148/1109
f 3769/2149/1112 3767/1943/1115 3761/1864/1113
f 3765/2126/1101 3766/3708/1111 3770/2151/1114
f 3766/2147/1111 3764/1864/1103 3770/3703/1114
f 3743/2119/1095 3742/2132/1106 3769/2152/1112
f 3745/1913/989 3771/2118/1094 3770/2154/1114
f 3767/1943/1115 3742/2153/1106 3746/1875/1108
f 3746/1875/1108 3752/2137/1107 3757/3706/1110
f 3757/3706/1110 3761/1864/1113 3746/1875/1108
f 3801/2156/1116 3776/1997/1130 3773/2157/1117
f 3786/1949/1119 3792/2159/1122 3789/2158/1120
f 3792/2159/1122 3797/2182/1124 3795/1953/1123
f 3797/2160/1124 3801/1984/1116 3799/2161/1118
f 3782/2162/1125 3786/1973/1119 3784/2163/1121
f 3785/1866/1128 3781/2174/1135 3775/1897/1129
f 3775/1897/1129 3800/2184/1144 3796/3709/1143
f 3796/3709/1143 3791/1885/1127 3775/1897/1129
f 3776/1997/1130 3782/2168/1125 3779/2164/1126
f 3779/2164/1126 3780/3710/1132 3774/2165/1131
f 3780/2166/1132 3778/1875/1137 3772/1897/1133
f 3782/2168/1125 3776/1997/1130 3777/2169/1134
f 3777/2185/1134 3775/1897/1129 3781/2174/1135
f 3784/2163/1121 3783/3711/1136 3780/2171/1132
f 3782/2162/1125 3781/3652/1135 3787/2173/1138
f 3789/2158/1120 3790/2179/1140 3783/2176/1136
f 3790/2181/1140 3788/1885/1142 3783/2172/1136
f 3786/1949/1119 3787/3712/1138 3793/2177/1139
f 3787/2175/1138 3785/1866/1128 3791/1885/1127
f 3795/1953/1123 3794/3713/1141 3790/2179/1140
f 3797/2182/1124 3792/2159/1122 3793/2177/1139
f 3796/3709/1143 3793/2178/1139 3791/1885/1127
f 3799/2161/1118 3798/3670/1145 3794/1982/1141
f 3797/2160/1124 3796/3671/1143 3800/2183/1144
f 3799/1948/1118 3773/2157/1117 3774/2165/1131
f 3798/1988/1145 3774/2167/1131 3772/1897/1133
f 3801/2156/1116 3800/3714/1144 3777/2169/1134
f 3798/1988/1145 3772/1897/1133 3788/1885/1142
f 3772/1897/1133 3778/1875/1137 3788/1885/1142
f 3778/1875/1137 3783/2172/1136 3788/1885/1142
f 3831/2156/1146 3806/2195/1151 3803/2186/1117
f 3816/2188/1119 3822/2190/1148 3819/2189/1147
f 3822/2190/1148 3827/2212/1150 3825/2191/1149
f 3827/2192/1150 3831/1984/1146 3829/2193/1118
f 3812/2194/1125 3816/2006/1119 3814/2163/1121
f 3815/1866/1128 3811/2204/1135 3805/1897/1129
f 3805/1897/1129 3830/2216/1144 3826/3715/1156
f 3826/3715/1156 3821/1885/1127 3805/1897/1129
f 3806/2195/1151 3812/2168/1125 3809/2196/1126
f 3809/2196/1126 3810/3716/1132 3804/2197/1131
f 3810/2198/1132 3808/1875/1137 3802/1897/1133
f 3812/2168/1125 3806/2195/1151 3807/2169/1134
f 3807/2185/1134 3805/1897/1129 3811/2204/1135
f 3814/2163/1121 3813/3717/1152 3810/2201/1132
f 3812/2194/1125 3811/3652/1135 3817/2203/1138
f 3819/2189/1147 3820/2209/1153 3813/2206/1152
f 3813/2202/1152 3820/2211/1153 3818/1885/1155
f 3816/2188/1119 3817/3718/1138 3823/2207/1139
f 3817/2205/1138 3815/1866/1128 3821/1885/1127
f 3825/2191/1149 3824/3713/1154 3820/2209/1153
f 3827/2212/1150 3822/2190/1148 3823/2207/1139
f 3826/3715/1156 3823/2208/1139 3821/1885/1127
f 3829/2193/1118 3828/3719/1145 3824/2214/1154
f 3827/2192/1150 3826/3720/1156 3830/1983/1144
f 3829/2187/1118 3803/2186/1117 3804/2197/1131
f 3828/2217/1145 3804/2199/1131 3802/1897/1133
f 3831/2156/1146 3830/3714/1144 3807/2169/1134
f 3828/2217/1145 3802/1897/1133 3818/1885/1155
f 3802/1897/1133 3808/1875/1137 3818/1885/1155
f 3808/1875/1137 3813/2202/1152 3818/1885/1155
s 0
f 3837/2018/2137 3833/3721/2137 3832/2218/2137
f 3839/2219/2138 3837/3722/2138 3836/2220/2138
f 3835/2221/2139 3833/3723/2139 3837/2222/2139
f 3833/2044/2140 3835/3724/2140 3834/2224/2140
f 3835/2226/2141 3839/3685/2141 3838/2227/2141
f 3838/2229/2142 3836/3686/2142 3832/2230/2142
f 3845/2036/2137 3841/3725/2137 3840/2232/2137
f 3847/2233/2143 3845/3726/2143 3844/2022/2143
f 3843/2235/2139 3841/3727/2139 3845/2236/2139
f 3841/2238/2144 3843/3728/2144 3842/2045/2144
f 3843/2240/2141 3847/3729/2141 3846/2241/2141
f 3846/2242/2142 3844/3730/2142 3840/2243/2142
f 3884/2245/1 3855/2255/1 3849/2246/1
f 3898/2248/2 3885/2254/2 3877/2249/2
f 3869/2251/3 3856/2256/3 3883/2252/3
f 3857/2254/4 3871/2248/4 3863/2250/4
f 3870/2255/5 3899/2245/5 3891/2247/5
f 3848/2256/1842 3851/2265/1842 3852/2257/1842
f 3849/2246/1989 3853/2272/1989 3852/2259/1989
f 3850/2249/2029 3854/2279/2029 3852/2261/2029
f 3855/2255/2098 3858/2274/2098 3859/2263/2098
f 3856/2256/2080 3860/2258/2080 3859/2257/2080
f 3857/2254/2164 3861/2285/2164 3859/2266/2164
f 3862/2251/2165 3865/2273/2165 3866/2268/2165
f 3863/2250/1849 3867/2289/1849 3866/2270/1849
f 3864/2246/2166 3868/2260/2166 3866/2259/2166
f 3869/2251/1851 3872/2269/1851 3873/2268/1851
f 3870/2255/1852 3874/2264/1852 3873/2263/1852
f 3871/2248/2167 3875/2291/2167 3873/2275/2167
f 3876/2252/2168 3879/2282/2168 3880/2277/2168
f 3877/2249/1855 3881/2262/1855 3880/2261/1855
f 3878/2247/2169 3882/2288/2169 3880/2280/2169
f 3883/2252/1857 3886/2278/1857 3887/2277/1857
f 3884/2245/1858 3888/2292/1858 3887/2283/1858
f 3885/2254/2103 3889/2267/2103 3887/2266/2103
f 3890/2253/1860 3893/2290/1860 3894/2286/1860
f 3891/2247/2000 3895/2281/2000 3894/2280/2000
f 3892/2250/2054 3896/2271/2054 3894/2270/2054
f 3897/2253/2001 3900/2287/2001 3901/2286/2001
f 3898/2248/2170 3902/2276/2170 3901/2275/2170
f 3899/2245/2106 3903/2284/2106 3901/2283/2106
f 3848/2256/30 3854/2258/30 3865/2273/30
f 3854/2279/31 3850/2249/31 3863/2250/31
f 3855/2255/32 3861/2264/32 3853/2272/32
f 3861/2285/33 3857/2254/33 3850/2249/33
f 3869/2251/34 3875/2273/34 3860/2258/34
f 3875/2291/35 3871/2248/35 3857/2254/35
f 3864/2246/36 3867/2272/36 3874/2264/36
f 3867/2289/37 3863/2250/37 3871/2248/37
f 3862/2251/38 3868/2269/38 3893/2290/38
f 3868/2260/39 3864/2246/39 3891/2247/39
f 3897/2253/40 3903/2290/40 3872/2269/40
f 3903/2284/41 3899/2245/41 3870/2255/41
f 3892/2250/42 3895/2289/42 3902/2276/42
f 3895/2281/43 3891/2247/43 3899/2245/43
f 3890/2253/44 3896/2287/44 3879/2282/44
f 3896/2271/45 3892/2250/45 3877/2249/45
f 3883/2252/46 3889/2282/46 3900/2287/46
f 3889/2267/47 3885/2254/47 3898/2248/47
f 3878/2247/48 3881/2281/48 3888/2292/48
f 3881/2262/49 3877/2249/49 3885/2254/49
f 3876/2252/50 3882/2278/50 3851/2265/50
f 3882/2288/51 3878/2247/51 3849/2246/51
f 3856/2256/52 3858/2265/52 3886/2278/52
f 3858/2274/53 3855/2255/53 3884/2245/53
f 3890/2253/54 3876/2252/54 3848/2256/54
f 3932/2293/1 3910/2303/1 3905/2294/1
f 3943/2296/2 3933/2302/2 3926/2297/2
f 3920/2299/2171 3912/2332/2171 3931/2300/2171
f 3911/2302/4 3922/2296/4 3915/2298/4
f 3921/2303/5 3944/2293/5 3938/2295/5
f 3904/2304/1867 3907/2337/1867 3908/2305/1867
f 3906/2297/1868 3909/2318/1868 3908/2331/1868
f 3910/2303/2172 3912/2316/2172 3913/2315/2172
f 3912/2332/2173 3914/2306/2173 3913/2305/2173
f 3919/2330/2174 3917/2314/2174 3918/2313/2174
f 3916/2294/2175 3919/2308/2175 3918/2307/2175
f 3920/2299/2176 3923/2334/2176 3924/2313/2176
f 3922/2296/2177 3925/2329/2177 3924/2328/2177
f 3930/2335/2178 3928/2320/2178 3929/2319/2178
f 3927/2295/2179 3930/2327/2179 3929/2326/2179
f 3931/2300/2180 3934/2338/2180 3935/2319/2180
f 3933/2302/2181 3936/2310/2181 3935/2336/2181
f 3937/2323/1877 3940/2333/1877 3941/2324/1877
f 3939/2298/2182 3942/2312/2182 3941/3731/2182
f 3947/2301/2183 3945/2325/2183 3946/2324/2183
f 3944/2293/2184 3947/2322/2184 3946/2321/2184
f 3904/2304/2185 3909/2306/2185 3917/2314/2185
f 3909/2318/31 3906/2297/31 3915/2298/31
f 3910/2303/2186 3913/2315/2186 3908/2307/2186
f 3913/2309/2187 3911/2302/2187 3906/2297/2187
f 3920/2299/2188 3925/2314/2188 3914/2306/2188
f 3925/2329/35 3922/2296/35 3911/2302/35
f 3916/2294/2189 3918/2307/2189 3924/2315/2189
f 3918/2311/2190 3915/2298/2190 3922/2296/2190
f 3919/2308/2046 3916/2294/2046 3938/2295/2046
f 3947/2322/2018 3944/2293/2018 3921/2303/2018
f 3939/2298/2191 3941/3731/2191 3946/2328/2191
f 3941/2326/1888 3938/2295/1888 3944/2293/1888
f 3937/2323/2192 3942/2325/2192 3928/2320/2192
f 3942/2312/45 3939/2298/45 3926/2297/45
f 3931/2300/2193 3936/2320/2193 3945/2325/2193
f 3936/2310/47 3933/2302/47 3943/2296/47
f 3927/2295/2194 3929/2326/2194 3935/2321/2194
f 3929/2317/2195 3926/2297/2195 3933/2302/2195
f 3930/2327/2026 3927/2295/2026 3905/2294/2026
f 3912/2316/2027 3910/2303/2027 3932/2293/2027
f 3937/2323/2196 3930/2335/2196 3904/2304/2196
f 3984/2339/1 3955/2349/1 3949/2340/1
f 3998/2342/2 3985/2348/2 3977/2343/2
f 3969/2345/3 3956/2350/3 3983/2346/3
f 3957/2348/4 3971/2342/4 3963/2344/4
f 3970/2349/5 3999/2339/5 3991/2341/5
f 3948/2350/2095 3951/2359/2095 3952/2351/2095
f 3949/2340/1989 3953/2366/1989 3952/2353/1989
f 3950/2343/2097 3954/2373/2097 3952/2355/2097
f 3955/2349/1845 3958/2368/1845 3959/2357/1845
f 3956/2350/2030 3960/2352/2030 3959/2351/2030
f 3957/2348/2164 3961/2379/2164 3959/2360/2164
f 3962/2345/2165 3965/2367/2165 3966/2362/2165
f 3963/2344/1849 3967/2383/1849 3966/2364/1849
f 3964/2340/2099 3968/2354/2099 3966/2353/2099
f 3969/2345/2197 3972/2363/2197 3973/2362/2197
f 3970/2349/1995 3974/2358/1995 3973/2357/1995
f 3971/2342/2100 3975/2385/2100 3973/2369/2100
f 3976/2346/1996 3979/2376/1996 3980/2371/1996
f 3977/2343/2053 3981/2356/2053 3980/2355/2053
f 3978/2341/1998 3982/2382/1998 3980/2374/1998
f 3983/2346/2198 3986/2372/2198 3987/2371/2198
f 3984/2339/1999 3988/2386/1999 3987/2377/1999
f 3985/2348/2199 3989/2361/2199 3987/2360/2199
f 3990/2347/2104 3993/2384/2104 3994/2380/2104
f 3991/2341/2000 3995/2375/2000 3994/2374/2000
f 3992/2344/2105 3996/2365/2105 3994/2364/2105
f 3997/2347/2033 4000/2381/2033 4001/2380/2033
f 3998/2342/2170 4002/2370/2170 4001/2369/2170
f 3999/2339/2034 4003/2378/2034 4001/2377/2034
f 3948/2350/30 3954/2352/30 3965/2367/30
f 3954/2373/31 3950/2343/31 3963/2344/31
f 3955/2349/32 3961/2358/32 3953/2366/32
f 3961/2379/33 3957/2348/33 3950/2343/33
f 3969/2345/34 3975/2367/34 3960/2352/34
f 3975/2385/35 3971/2342/35 3957/2348/35
f 3964/2340/36 3967/2366/36 3974/2358/36
f 3967/2383/37 3963/2344/37 3971/2342/37
f 3962/2345/38 3968/2363/38 3993/2384/38
f 3968/2354/39 3964/2340/39 3991/2341/39
f 3997/2347/40 4003/2384/40 3972/2363/40
f 4003/2378/41 3999/2339/41 3970/2349/41
f 3992/2344/42 3995/2383/42 4002/2370/42
f 3995/2375/43 3991/2341/43 3999/2339/43
f 3990/2347/44 3996/2381/44 3979/2376/44
f 3996/2365/45 3992/2344/45 3977/2343/45
f 3983/2346/46 3989/2376/46 4000/2381/46
f 3989/2361/47 3985/2348/47 3998/2342/47
f 3978/2341/48 3981/2375/48 3988/2386/48
f 3981/2356/49 3977/2343/49 3985/2348/49
f 3976/2346/50 3982/2372/50 3951/2359/50
f 3982/2382/51 3978/2341/51 3949/2340/51
f 3956/2350/52 3958/2359/52 3986/2372/52
f 3958/2368/53 3955/2349/53 3984/2339/53
f 3990/2347/54 3976/2346/54 3948/2350/54
f 4024/2387/1 4008/2399/1 4005/2388/1
f 4032/2390/2200 4025/2426/2200 4020/2391/2200
f 4016/2393/2201 4010/2414/2201 4023/2394/2201
f 4009/2396/2202 4018/2415/2202 4012/2397/2202
f 4017/2399/2203 4033/2423/2203 4028/2400/2203
f 4005/2388/2150 4007/2412/2150 4006/2432/2150
f 4008/2399/2060 4010/2433/2060 4011/3732/2060
f 4013/2388/2061 4015/2421/2061 4014/3733/2061
f 4021/2389/2085 4022/2431/2085 4020/3734/2085
f 4028/2400/2118 4030/3735/2118 4029/2422/2118
f 4004/2407/2204 4006/2430/2204 4014/2408/2204
f 4006/2410/2205 4007/2398/2205 4012/2397/2205
f 4008/2399/2206 4011/3732/2206 4007/2412/2206
f 4011/2416/2207 4009/2396/2207 4007/2398/2207
f 4016/2393/2208 4018/2402/2208 4011/2413/2208
f 4013/2388/2209 4014/3733/2209 4019/2417/2209
f 4014/2411/2210 4012/2397/2210 4018/2415/2210
f 4015/2421/2046 4013/2388/2046 4028/2400/2046
f 4031/2395/2211 4033/3736/2211 4019/2401/2211
f 4030/3735/2212 4028/2400/2212 4033/2423/2212
f 4027/2420/2213 4029/2419/2213 4020/2424/2213
f 4029/3737/2214 4030/2392/2214 4020/2391/2214
f 4023/2394/2215 4025/2404/2215 4031/2395/2215
f 4021/2428/2216 4020/2391/2216 4025/2426/2216
f 4022/2431/2217 4021/2389/2217 4005/2388/2217
f 4010/2433/2027 4008/2399/2027 4024/2387/2027
f 4027/2420/2218 4022/2425/2218 4004/2407/2218
f 4057/2434/2219 4042/2463/2219 4035/2435/2219
f 4066/2437/2220 4059/3738/2220 4052/2438/2220
f 4047/2440/2221 4040/2466/2221 4056/2441/2221
f 4039/2443/2222 4051/3739/2222 4043/2444/2222
f 4048/2446/2223 4068/3740/2223 4062/2447/2223
f 4034/2458/1974 4036/2482/1974 4037/2465/1974
f 4035/2435/2224 4038/2464/2224 4037/2449/2224
f 4042/2463/2225 4040/2452/2225 4041/2451/2225
f 4039/2443/2226 4042/3741/2226 4041/2468/2226
f 4043/2444/2113 4045/3742/2113 4044/2462/2113
f 4045/2448/2114 4046/2450/2114 4044/2449/2114
f 4047/2440/1978 4049/2471/1978 4050/2459/1978
f 4048/2446/2227 4051/2469/2227 4050/2451/2227
f 4052/2438/2116 4054/3743/2116 4053/2477/2116
f 4054/2436/2117 4055/2483/2117 4053/3744/2117
f 4057/2434/2228 4059/2481/2228 4058/2484/2228
f 4059/3738/2229 4060/2479/2229 4058/3745/2229
f 4062/2447/2230 4064/3746/2230 4063/2470/2230
f 4064/2439/2231 4065/2476/2231 4063/3747/2231
f 4066/2437/2232 4068/2473/2232 4067/2480/2232
f 4068/3740/2233 4069/2472/2233 4067/3748/2233
f 4034/2458/2234 4037/2465/2234 4044/2459/2234
f 4037/2461/2235 4038/2445/2235 4043/2444/2235
f 4042/3741/2236 4039/2443/2236 4038/2445/2236
f 4047/2440/2237 4050/2459/2237 4041/2465/2237
f 4050/2467/2238 4051/3739/2238 4039/2443/2238
f 4045/3742/2239 4043/2444/2239 4051/3739/2239
f 4046/2450/2240 4045/2448/2240 4062/2447/2240
f 4069/2472/2241 4068/3740/2241 4048/2446/2241
f 4064/3746/2242 4062/2447/2242 4068/3740/2242
f 4061/2455/2243 4065/2457/2243 4053/2474/2243
f 4065/2476/2244 4064/2439/2244 4052/2438/2244
f 4056/2441/2245 4060/2454/2245 4067/2478/2245
f 4060/2479/2246 4059/3738/2246 4066/2437/2246
f 4054/3743/2247 4052/2438/2247 4059/3738/2247
f 4055/2483/2248 4054/2436/2248 4035/2435/2248
f 4040/2452/2249 4042/2463/2249 4057/2434/2249
f 4061/2455/2250 4055/2475/2250 4034/2458/2250
f 4075/2485/2251 4071/3749/2251 4070/2486/2251
f 4077/2488/2252 4075/3750/2252 4074/2489/2252
f 4073/2491/2253 4071/3751/2253 4075/2492/2253
f 4071/2494/2254 4073/3752/2254 4072/2495/2254
f 4073/2497/2255 4077/3753/2255 4076/2498/2255
f 4076/2500/2256 4074/3754/2256 4070/2501/2256
s 1
f 4097/2506/1257 4083/2526/1272 4082/2507/1258
f 4087/2509/1260 4089/3756/1263 4088/2510/1261
f 4089/2512/1263 4091/2515/1265 4090/2513/1264
f 4091/2515/1265 4093/2517/1267 4092/2516/1266
f 4093/2517/1267 4095/2519/1269 4094/2518/1268
f 4095/2519/1269 4097/3757/1257 4096/2520/1259
f 4085/2521/1270 4087/2509/1260 4086/2511/1262
f 4087/2525/1260 4085/3758/1270 4083/3759/1272
f 4083/3759/1272 4097/3760/1257 4095/2523/1269
f 4095/2523/1269 4093/3761/1267 4091/2524/1265
f 4091/2524/1265 4089/3762/1263 4087/2525/1260
f 4087/2525/1260 4083/3759/1272 4095/2523/1269
f 4083/2526/1272 4085/2521/1270 4084/2522/1271
f 4096/3763/1259 4082/3764/1258 4094/2527/1268
f 4082/3764/1258 4084/3765/1271 4086/2528/1262
f 4086/2528/1262 4088/3766/1261 4090/2529/1264
f 4090/2529/1264 4092/3767/1266 4094/2527/1268
f 4082/3764/1258 4086/2528/1262 4094/2527/1268
f 4113/2530/1273 4099/2550/1288 4098/2531/1274
f 4103/2533/1276 4105/3768/1279 4104/2534/1277
f 4105/2536/1279 4107/2539/1281 4106/2537/1280
f 4107/2539/1281 4109/2541/1283 4108/2540/1282
f 4109/2541/1283 4111/2543/1285 4110/2542/1284
f 4111/2543/1285 4113/3769/1273 4112/2544/1275
f 4101/2545/1286 4103/2533/1276 4102/2535/1278
f 4103/2549/1276 4101/3770/1286 4099/3771/1288
f 4099/3771/1288 4113/3772/1273 4111/2547/1285
f 4111/2547/1285 4109/3773/1283 4107/2548/1281
f 4107/2548/1281 4105/3774/1279 4103/2549/1276
f 4103/2549/1276 4099/3771/1288 4111/2547/1285
f 4099/2550/1288 4101/2545/1286 4100/2546/1287
f 4112/3775/1275 4098/2553/1274 4110/2552/1284
f 4098/2553/1274 4100/3776/1287 4102/3777/1278
f 4106/2551/1280 4102/3777/1278 4104/3778/1277
f 4098/2553/1274 4102/3777/1278 4106/2551/1280
f 4106/2551/1280 4108/3779/1282 4110/2552/1284
f 4129/2554/1257 4115/2574/1272 4114/2555/1258
f 4119/2557/1260 4121/3780/1290 4120/2558/1261
f 4121/2560/1290 4123/2563/1265 4122/2561/1264
f 4123/2563/1265 4125/2565/1267 4124/2564/1266
f 4125/2565/1267 4127/2567/1269 4126/2566/1268
f 4127/2567/1269 4129/3781/1257 4128/2568/1289
f 4117/2569/1270 4119/2557/1260 4118/2559/1262
f 4119/2573/1260 4117/3782/1270 4115/3783/1272
f 4115/3783/1272 4129/3784/1257 4127/2571/1269
f 4127/2571/1269 4125/3785/1267 4123/2572/1265
f 4123/2572/1265 4121/3786/1290 4119/2573/1260
f 4119/2573/1260 4115/3783/1272 4127/2571/1269
f 4115/2574/1272 4117/2569/1270 4116/2570/1291
f 4128/3787/1289 4114/3764/1258 4126/2575/1268
f 4114/3764/1258 4116/3788/1291 4118/2576/1262
f 4118/2576/1262 4120/3789/1261 4122/2577/1264
f 4122/2577/1264 4124/3790/1266 4126/2575/1268
f 4114/3764/1258 4118/2576/1262 4126/2575/1268
f 4145/2578/1273 4131/2598/1288 4130/2579/1274
f 4135/2581/1276 4137/3791/1279 4136/2582/1277
f 4137/2584/1279 4139/2587/1281 4138/2585/1280
f 4139/2587/1281 4141/2589/1283 4140/2588/1282
f 4141/2589/1283 4143/2591/1285 4142/2590/1284
f 4143/2591/1285 4145/3792/1273 4144/2592/1275
f 4133/2593/1286 4135/2581/1276 4134/2583/1278
f 4135/2597/1276 4133/3793/1286 4131/3794/1288
f 4131/3794/1288 4145/3795/1273 4143/2595/1285
f 4143/2595/1285 4141/3796/1283 4139/2596/1281
f 4139/2596/1281 4137/3797/1279 4135/2597/1276
f 4135/2597/1276 4131/3794/1288 4143/2595/1285
f 4131/2598/1288 4133/2593/1286 4132/2594/1287
f 4144/3798/1275 4130/2601/1274 4142/2600/1284
f 4130/2601/1274 4132/3799/1287 4134/3800/1278
f 4138/2599/1280 4134/3800/1278 4136/3801/1277
f 4130/2601/1274 4134/3800/1278 4138/2599/1280
f 4138/2599/1280 4140/3802/1282 4142/2600/1284
s 0
f 4151/2602/2257 4147/3803/2257 4146/2603/2257
f 4153/2605/2258 4151/3804/2258 4150/2606/2258
f 4149/2608/2259 4147/3805/2259 4151/2609/2259
f 4147/2611/2260 4149/3806/2260 4148/2612/2260
f 4149/2614/2261 4153/3807/2261 4152/2615/2261
f 4152/2617/2262 4150/3808/2262 4146/2618/2262
f 4190/2339/1 4161/2349/1 4155/2340/1
f 4204/2342/2 4191/2348/2 4183/2343/2
f 4175/2345/3 4162/2350/3 4189/2346/3
f 4163/2348/4 4177/2342/4 4169/2344/4
f 4176/2349/5 4205/2339/5 4197/2341/5
f 4154/2350/2095 4157/2359/2095 4158/2351/2095
f 4155/2340/1989 4159/2366/1989 4158/2353/1989
f 4156/2343/2097 4160/2373/2097 4158/2355/2097
f 4161/2349/2098 4164/2368/2098 4165/2357/2098
f 4162/2350/1846 4166/2352/1846 4165/2351/1846
f 4163/2348/1992 4167/2379/1992 4165/2360/1992
f 4168/2345/2050 4171/2367/2050 4172/2362/2050
f 4169/2344/2051 4173/2383/2051 4172/2364/2051
f 4170/2340/1850 4174/2354/1850 4172/2353/1850
f 4175/2345/2197 4178/2363/2197 4179/2362/2197
f 4176/2349/1995 4180/2358/1995 4179/2357/1995
f 4177/2342/2100 4181/2385/2100 4179/2369/2100
f 4182/2346/1854 4185/2376/1854 4186/2371/1854
f 4183/2343/2263 4187/2356/2263 4186/2355/2263
f 4184/2341/1998 4188/2382/1998 4186/2374/1998
f 4189/2346/2198 4192/2372/2198 4193/2371/2198
f 4190/2339/1999 4194/2386/1999 4193/2377/1999
f 4191/2348/2199 4195/2361/2199 4193/2360/2199
f 4196/2347/2104 4199/2384/2104 4200/2380/2104
f 4197/2341/2000 4201/2375/2000 4200/2374/2000
f 4198/2344/2105 4202/2365/2105 4200/2364/2105
f 4203/2347/2001 4206/2381/2001 4207/2380/2001
f 4204/2342/2170 4208/2370/2170 4207/2369/2170
f 4205/2339/2034 4209/2378/2034 4207/2377/2034
f 4154/2350/30 4160/2352/30 4171/2367/30
f 4160/2373/31 4156/2343/31 4169/2344/31
f 4161/2349/32 4167/2358/32 4159/2366/32
f 4167/2379/33 4163/2348/33 4156/2343/33
f 4175/2345/34 4181/2367/34 4166/2352/34
f 4181/2385/35 4177/2342/35 4163/2348/35
f 4170/2340/36 4173/2366/36 4180/2358/36
f 4173/2383/37 4169/2344/37 4177/2342/37
f 4168/2345/38 4174/2363/38 4199/2384/38
f 4174/2354/39 4170/2340/39 4197/2341/39
f 4203/2347/40 4209/2384/40 4178/2363/40
f 4209/2378/41 4205/2339/41 4176/2349/41
f 4198/2344/42 4201/2383/42 4208/2370/42
f 4201/2375/43 4197/2341/43 4205/2339/43
f 4196/2347/44 4202/2381/44 4185/2376/44
f 4202/2365/45 4198/2344/45 4183/2343/45
f 4189/2346/46 4195/2376/46 4206/2381/46
f 4195/2361/47 4191/2348/47 4204/2342/47
f 4184/2341/48 4187/2375/48 4194/2386/48
f 4187/2356/49 4183/2343/49 4191/2348/49
f 4182/2346/50 4188/2372/50 4157/2359/50
f 4188/2382/51 4184/2341/51 4155/2340/51
f 4162/2350/52 4164/2359/52 4192/2372/52
f 4164/2368/53 4161/2349/53 4190/2339/53
f 4196/2347/54 4182/2346/54 4154/2350/54
f 4229/2387/1 4214/2399/1 4211/2388/1
f 4237/2390/2264 4230/2642/2264 4225/2621/2264
f 4221/2393/2201 4216/2632/2201 4228/2394/2201
f 4215/2396/2265 4224/3809/2265 4218/2624/2265
f 4222/2399/2203 4238/2638/2203 4233/2400/2203
f 4211/2388/2150 4213/2412/2150 4212/2647/2150
f 4214/2399/2060 4216/2433/2060 4217/3810/2060
f 4219/2626/2266 4220/2421/2266 4218/3811/2266
f 4222/2399/2115 4224/2635/2115 4223/2639/2115
f 4225/2621/2267 4227/2428/2267 4226/2641/2267
f 4233/2400/2118 4235/3735/2118 4234/2422/2118
f 4210/2407/2268 4212/2646/2268 4218/2629/2268
f 4212/3812/2269 4213/2625/2269 4218/2624/2269
f 4214/2399/2206 4217/3810/2206 4213/2412/2206
f 4217/2634/2207 4215/2396/2207 4213/2625/2207
f 4221/2393/2270 4223/2637/2270 4217/2631/2270
f 4223/2633/2271 4224/3809/2271 4215/2396/2271
f 4219/3813/2272 4218/2624/2272 4224/3809/2272
f 4220/2421/2273 4219/2626/2273 4233/2400/2273
f 4236/2623/2274 4238/3814/2274 4223/2637/2274
f 4235/3735/2212 4233/2400/2212 4238/2638/2212
f 4232/2420/2275 4234/2636/2275 4226/2645/2275
f 4234/2640/2276 4235/2622/2276 4225/2621/2276
f 4228/2394/2215 4230/2404/2215 4236/2623/2215
f 4227/2428/2277 4225/2621/2277 4230/2642/2277
f 4226/2422/2278 4227/2620/2278 4211/2388/2278
f 4216/2433/2027 4214/2399/2027 4229/2387/2027
f 4232/2420/2279 4226/2645/2279 4210/2407/2279
f 4262/2434/2219 4247/2463/2219 4240/2435/2219
f 4271/2437/2220 4264/3815/2220 4257/2438/2220
f 4252/2440/2221 4245/2656/2221 4261/2441/2221
f 4244/2443/2222 4256/3816/2222 4248/2444/2222
f 4253/2446/2223 4273/3740/2223 4267/2447/2223
f 4239/2458/1974 4241/2482/1974 4242/3817/1974
f 4240/2435/2224 4243/2464/2224 4242/2449/2224
f 4247/2463/2225 4245/2452/2225 4246/2451/2225
f 4244/2443/2226 4247/3741/2226 4246/2658/2226
f 4248/2444/2113 4250/3742/2113 4249/2654/2113
f 4250/2448/2114 4251/2450/2114 4249/2449/2114
f 4252/2440/1978 4254/2471/1978 4255/3818/1978
f 4253/2446/2227 4256/2469/2227 4255/2451/2227
f 4257/2438/2116 4259/3743/2116 4258/2662/2116
f 4259/2436/2117 4260/2483/2117 4258/3744/2117
f 4262/2434/2280 4264/2481/2280 4263/2484/2280
f 4264/3815/2281 4265/2479/2281 4263/3745/2281
f 4267/2447/2282 4269/3746/2282 4268/2659/2282
f 4269/2648/2231 4270/2476/2231 4268/3747/2231
f 4271/2437/2232 4273/2473/2232 4272/2664/2232
f 4273/3740/2233 4274/2472/2233 4272/3748/2233
f 4239/2458/2234 4242/3817/2234 4249/2651/2234
f 4242/2653/2283 4243/2650/2283 4248/2444/2283
f 4247/3741/2236 4244/2443/2236 4243/2650/2236
f 4252/2440/2237 4255/3818/2237 4246/2655/2237
f 4255/2657/2238 4256/3816/2238 4244/2443/2238
f 4250/3742/2239 4248/2444/2239 4256/3816/2239
f 4251/2450/2240 4250/2448/2240 4267/2447/2240
f 4274/2472/2241 4273/3740/2241 4253/2446/2241
f 4269/3746/2242 4267/2447/2242 4273/3740/2242
f 4266/2455/2243 4270/2457/2243 4258/2660/2243
f 4270/2476/2244 4269/2648/2244 4257/2438/2244
f 4261/2441/2245 4265/2454/2245 4272/2663/2245
f 4265/2479/2246 4264/3815/2246 4271/2437/2246
f 4259/3743/2247 4257/2438/2247 4264/3815/2247
f 4260/2483/2248 4259/2436/2248 4240/2435/2248
f 4245/2452/2249 4247/2463/2249 4262/2434/2249
f 4266/2455/2250 4260/2661/2250 4239/2458/2250
f 4280/2665/2251 4276/3819/2251 4275/2666/2251
f 4282/2668/2252 4280/3820/2252 4279/2669/2252
f 4278/2671/2253 4276/3821/2253 4280/2672/2253
f 4276/2674/2254 4278/3822/2254 4277/2675/2254
f 4278/2677/2255 4282/3823/2255 4281/2678/2255
f 4281/2680/2256 4279/3824/2256 4275/2681/2256
s 1
f 4302/2683/1312 4288/2703/1272 4287/2684/1258
f 4292/2686/1260 4294/3825/1313 4293/2687/1261
f 4294/2689/1313 4296/2692/1265 4295/2690/1264
f 4296/2692/1265 4298/2694/1267 4297/2693/1314
f 4298/2694/1267 4300/2696/1269 4299/2695/1268
f 4300/2696/1269 4302/3826/1312 4301/2697/1259
f 4290/2698/1270 4292/2686/1260 4291/2688/1262
f 4292/2702/1260 4290/3827/1270 4288/3828/1272
f 4288/3828/1272 4302/3829/1312 4300/2700/1269
f 4300/2700/1269 4298/3830/1267 4296/2701/1265
f 4296/2701/1265 4294/3831/1313 4292/2702/1260
f 4292/2702/1260 4288/3828/1272 4300/2700/1269
f 4288/2703/1272 4290/2698/1270 4289/2699/1315
f 4301/3832/1259 4287/3833/1258 4299/2704/1268
f 4287/3833/1258 4289/3834/1315 4291/2705/1262
f 4291/2705/1262 4293/3835/1261 4295/2706/1264
f 4295/2706/1264 4297/3836/1314 4299/2704/1268
f 4287/3833/1258 4291/2705/1262 4299/2704/1268
f 4318/2707/1316 4304/2727/1288 4303/2708/1274
f 4308/2710/1276 4310/3837/1319 4309/2711/1318
f 4310/2713/1319 4312/2716/1281 4311/2714/1280
f 4312/2716/1281 4314/2718/1283 4313/2717/1320
f 4314/2718/1283 4316/2720/1285 4315/2719/1284
f 4316/2720/1285 4318/3838/1316 4317/2721/1317
f 4306/2722/1321 4308/2710/1276 4307/2712/1278
f 4308/2726/1276 4306/3839/1321 4304/3840/1288
f 4304/3840/1288 4318/3841/1316 4316/2724/1285
f 4316/2724/1285 4314/3842/1283 4312/2725/1281
f 4312/2725/1281 4310/3843/1319 4308/2726/1276
f 4308/2726/1276 4304/3840/1288 4316/2724/1285
f 4304/2727/1288 4306/2722/1321 4305/2723/1322
f 4317/3844/1317 4303/2730/1274 4315/2729/1284
f 4303/2730/1274 4305/3845/1322 4307/3846/1278
f 4311/2728/1280 4307/3846/1278 4309/3847/1318
f 4303/2730/1274 4307/3846/1278 4311/2728/1280
f 4311/2728/1280 4313/3848/1320 4315/2729/1284
f 4334/2731/1312 4320/2750/1272 4319/2732/1258
f 4324/2734/1260 4326/3849/1290 4325/2735/1261
f 4326/2737/1290 4328/2740/1265 4327/2738/1264
f 4328/2740/1265 4330/2742/1267 4329/2741/1314
f 4330/2742/1267 4332/2744/1269 4331/2743/1268
f 4332/2744/1269 4334/3850/1312 4333/2745/1259
f 4322/2746/1270 4324/2734/1260 4323/2736/1262
f 4324/2749/1260 4322/3851/1270 4320/3852/1272
f 4320/3852/1272 4334/3853/1312 4332/2748/1269
f 4332/2748/1269 4330/3854/1267 4328/2701/1265
f 4328/2701/1265 4326/3855/1290 4324/2749/1260
f 4324/2749/1260 4320/3852/1272 4332/2748/1269
f 4320/2750/1272 4322/2746/1270 4321/2747/1291
f 4333/3856/1259 4319/3857/1258 4331/2751/1268
f 4319/3857/1258 4321/3858/1291 4323/2752/1262
f 4323/2752/1262 4325/3859/1261 4327/2753/1264
f 4327/2753/1264 4329/3860/1314 4331/2751/1268
f 4319/3857/1258 4323/2752/1262 4331/2751/1268
f 4350/2754/1316 4336/2772/1288 4335/2755/1274
f 4340/2757/1276 4342/3861/1319 4341/2758/1323
f 4342/2760/1319 4344/2716/1281 4343/2761/1280
f 4344/2716/1281 4346/2764/1283 4345/2763/1324
f 4346/2764/1283 4348/2766/1285 4347/2765/1284
f 4348/2766/1285 4350/3862/1316 4349/2767/1317
f 4338/2768/1286 4340/2757/1276 4339/2759/1278
f 4340/2771/1276 4338/3863/1286 4336/3864/1288
f 4336/3864/1288 4350/3865/1316 4348/2770/1285
f 4348/2770/1285 4346/3866/1283 4344/2725/1281
f 4344/2725/1281 4342/3867/1319 4340/2771/1276
f 4340/2771/1276 4336/3864/1288 4348/2770/1285
f 4336/2772/1288 4338/2768/1286 4337/2769/1322
f 4349/3868/1317 4335/2774/1274 4347/2729/1284
f 4335/2774/1274 4337/3869/1322 4339/3870/1278
f 4343/2773/1280 4339/3870/1278 4341/3871/1323
f 4335/2774/1274 4339/3870/1278 4343/2773/1280
f 4343/2773/1280 4345/3872/1324 4347/2729/1284
s 0
f 4356/2775/2257 4352/3873/2257 4351/2776/2257
f 4358/2778/2284 4356/3874/2284 4355/2779/2284
f 4354/2781/2259 4352/3875/2259 4356/2782/2259
f 4352/2784/2260 4354/3876/2260 4353/2785/2260
f 4354/2787/2261 4358/3877/2261 4357/2788/2261
f 4357/2790/2262 4355/3878/2262 4351/2791/2262
f 4395/2793/1 4366/2803/1 4360/2794/1
f 4409/2796/2 4396/2802/2 4388/2797/2
f 4380/2799/3 4367/2804/3 4394/2800/3
f 4368/2802/4 4382/2796/4 4374/2798/4
f 4381/2803/5 4410/2793/5 4402/2795/5
f 4359/2804/2095 4362/2813/2095 4363/2805/2095
f 4360/2794/1989 4364/2820/1989 4363/2807/1989
f 4361/2797/1844 4365/2827/1844 4363/2809/1844
f 4366/2803/2285 4369/2822/2285 4370/2811/2285
f 4367/2804/1846 4371/2806/1846 4370/2805/1846
f 4368/2802/1847 4372/2833/1847 4370/2814/1847
f 4373/2799/2165 4376/2821/2165 4377/2816/2165
f 4374/2798/1849 4378/2837/1849 4377/2818/1849
f 4375/2794/2099 4379/2808/2099 4377/2807/2099
f 4380/2799/2052 4383/2817/2052 4384/2816/2052
f 4381/2803/1995 4385/2812/1995 4384/2811/1995
f 4382/2796/1853 4386/2839/1853 4384/2823/1853
f 4387/2800/1854 4390/2830/1854 4391/2825/1854
f 4388/2797/1855 4392/2810/1855 4391/2809/1855
f 4389/2795/2169 4393/2836/2169 4391/2828/2169
f 4394/2800/2032 4397/2826/2032 4398/2825/2032
f 4395/2793/1999 4399/2840/1999 4398/2831/1999
f 4396/2802/2103 4400/2815/2103 4398/2814/2103
f 4401/2801/2104 4404/2838/2104 4405/2834/2104
f 4402/2795/2000 4406/2829/2000 4405/2828/2000
f 4403/2798/2054 4407/2819/2054 4405/2818/2054
f 4408/2801/2033 4411/2835/2033 4412/2834/2033
f 4409/2796/1864 4413/2824/1864 4412/2823/1864
f 4410/2793/2286 4414/2832/2286 4412/2831/2286
f 4359/2804/30 4365/2806/30 4376/2821/30
f 4365/2827/31 4361/2797/31 4374/2798/31
f 4366/2803/32 4372/2812/32 4364/2820/32
f 4372/2833/33 4368/2802/33 4361/2797/33
f 4380/2799/34 4386/2821/34 4371/2806/34
f 4386/2839/35 4382/2796/35 4368/2802/35
f 4375/2794/36 4378/2820/36 4385/2812/36
f 4378/2837/37 4374/2798/37 4382/2796/37
f 4373/2799/38 4379/2817/38 4404/2838/38
f 4379/2808/39 4375/2794/39 4402/2795/39
f 4408/2801/40 4414/2838/40 4383/2817/40
f 4414/2832/41 4410/2793/41 4381/2803/41
f 4403/2798/42 4406/2837/42 4413/2824/42
f 4406/2829/43 4402/2795/43 4410/2793/43
f 4401/2801/44 4407/2835/44 4390/2830/44
f 4407/2819/45 4403/2798/45 4388/2797/45
f 4394/2800/46 4400/2830/46 4411/2835/46
f 4400/2815/47 4396/2802/47 4409/2796/47
f 4389/2795/48 4392/2829/48 4399/2840/48
f 4392/2810/49 4388/2797/49 4396/2802/49
f 4387/2800/50 4393/2826/50 4362/2813/50
f 4393/2836/51 4389/2795/51 4360/2794/51
f 4367/2804/52 4369/2813/52 4397/2826/52
f 4369/2822/53 4366/2803/53 4395/2793/53
f 4401/2801/54 4387/2800/54 4359/2804/54
s 1
f 4463/2841/1327 4417/2849/1361 4415/2842/1328
f 4423/2844/1330 4426/2847/1333 4425/2845/1331
f 4426/2847/1333 4430/2849/1335 4427/2848/1334
f 4430/2849/1335 4433/2851/1337 4431/2850/1336
f 4433/2851/1337 4436/3879/1339 4435/2852/1338
f 4436/2853/1339 4439/2856/1341 4437/2854/1340
f 4439/2856/1341 4442/2858/1343 4441/2857/1342
f 4442/2858/1343 4445/2860/1345 4443/2859/1344
f 4445/2860/1345 4448/2862/1347 4447/2861/1346
f 4448/2862/1347 4451/2864/1349 4449/2863/1348
f 4451/2864/1349 4453/2858/1351 4452/2865/1350
f 4453/2858/1351 4457/2867/1353 4455/2866/1352
f 4457/2867/1353 4460/3880/1355 4458/2868/1354
f 4460/2869/1355 4463/2841/1327 4462/2843/1329
f 4420/2871/1356 4423/2844/1330 4421/2846/1332
f 4459/2905/1375 4456/2904/1373 4450/2898/1371
f 4422/2874/1359 4416/2880/1363 4459/2905/1375
f 4459/2905/1375 4450/2898/1371 4422/2874/1359
f 4450/2898/1371 4444/2875/1360 4422/2874/1359
f 4444/2875/1360 4438/2891/1368 4432/2887/1366
f 4432/2887/1366 4429/2873/1358 4444/2875/1360
f 4417/2849/1361 4420/2871/1356 4419/2872/1357
f 4420/2876/1356 4417/2878/1361 4416/2880/1363
f 4421/2879/1332 4424/2882/1364 4418/2877/1362
f 4423/2879/1330 4420/2876/1356 4416/2880/1363
f 4426/2881/1333 4423/2879/1330 4422/2874/1359
f 4427/2848/1334 4428/2885/1365 4425/2845/1331
f 4426/2881/1333 4422/2874/1359 4429/2873/1358
f 4431/2886/1336 4434/2890/1367 4428/2883/1365
f 4433/2886/1337 4430/2884/1335 4429/2873/1358
f 4431/2886/1336 4435/2888/1338 4434/2890/1367
f 4437/2889/1340 4440/2894/1369 4434/2890/1367
f 4436/2888/1339 4432/2887/1366 4438/2891/1368
f 4437/2889/1340 4441/2892/1342 4440/2894/1369
f 4443/2893/1344 4446/2897/1370 4440/2894/1369
f 4442/2892/1343 4438/2891/1368 4444/2875/1360
f 4443/2893/1344 4447/2895/1346 4446/2897/1370
f 4449/2896/1348 4454/2900/1372 4446/2897/1370
f 4451/2896/1349 4448/2895/1347 4444/2875/1360
f 4452/2899/1350 4455/2902/1352 4454/2900/1372
f 4453/2899/1351 4450/2898/1371 4456/2904/1373
f 4455/2902/1352 4458/2906/1354 4461/2903/1374
f 4457/2867/1353 4456/2901/1373 4460/3880/1355
f 4458/2906/1354 4462/2907/1329 4461/2903/1374
f 4415/2878/1328 4418/2877/1362 4461/2903/1374
f 4463/2907/1327 4459/2905/1375 4416/2880/1363
f 4461/2903/1374 4418/2877/1362 4424/2882/1364
f 4424/2882/1364 4428/2883/1365 4440/2894/1369
f 4428/2883/1365 4434/2890/1367 4440/2894/1369
f 4440/2894/1369 4446/2897/1370 4454/2900/1372
f 4461/2903/1374 4424/2882/1364 4440/2894/1369
f 4527/2908/1376 4467/2929/1410 4465/2909/1377
f 4475/2911/1379 4479/2914/1382 4477/2912/1380
f 4479/2914/1382 4483/2915/1384 4480/2909/1383
f 4483/2915/1384 4487/2908/1386 4484/2916/1385
f 4487/2908/1386 4491/3881/1388 4488/2917/1387
f 4491/2918/1388 4495/2914/1390 4493/2919/1389
f 4495/2914/1390 4499/2920/1392 4496/2909/1391
f 4499/2920/1392 4503/2908/1394 4500/2916/1393
f 4503/2908/1394 4507/2921/1396 4504/2917/1395
f 4507/2921/1396 4511/2908/1398 4509/2922/1397
f 4511/2908/1398 4515/2923/1400 4512/2909/1399
f 4515/2923/1400 4519/2914/1402 4516/2924/1401
f 4519/2914/1402 4523/3882/1404 4520/2913/1403
f 4523/2925/1404 4527/2908/1376 4525/2910/1378
f 4471/2914/1405 4475/2911/1379 4472/2913/1381
f 4474/2928/1409 4470/2934/1413 4466/2962/1439
f 4466/2962/1439 4526/2961/1437 4522/2957/1436
f 4522/2957/1436 4518/2956/1433 4514/2955/1432
f 4514/2955/1432 4510/2954/1429 4506/2926/1407
f 4506/2926/1407 4502/2950/1427 4498/3883/1425
f 4498/3883/1425 4494/3884/1422 4490/2927/1408
f 4490/2927/1408 4486/2944/1419 4482/2939/1418
f 4482/2939/1418 4478/2938/1415 4474/2928/1409
f 4474/2928/1409 4466/2962/1439 4522/2957/1436
f 4522/2957/1436 4514/2955/1432 4506/2926/1407
f 4506/2926/1407 4498/3883/1425 4490/2927/1408
f 4490/2927/1408 4482/2939/1418 4474/2928/1409
f 4474/2928/1409 4522/2957/1436 4506/2926/1407
f 4467/2929/1410 4471/2914/1405 4468/2924/1406
f 4465/2909/1377 4468/2924/1406 4469/2930/1411
f 4467/1275/1410 4466/2962/1439 4470/2934/1413
f 4468/2924/1406 4472/2913/1381 4473/2933/1414
f 4471/2914/1405 4470/2932/1413 4475/2911/1379
f 4477/2935/1380 4476/2937/1417 4473/3885/1414
f 4478/2938/1415 4475/1233/1379 4474/2928/1409
f 4480/2909/1383 4481/2931/1416 4477/2912/1380
f 4479/2914/1382 4478/2932/1415 4483/2915/1384
f 4484/2916/1385 4485/2942/1421 4481/2931/1416
f 4486/2944/1419 4483/1187/1384 4482/2939/1418
f 4484/2916/1385 4488/2917/1387 4489/2941/1420
f 4487/2908/1386 4486/2940/1419 4491/3881/1388
f 4493/2947/1389 4492/2946/1424 4489/3886/1420
f 4491/2943/1388 4490/2927/1408 4494/3884/1422
f 4496/2909/1391 4497/2931/1423 4493/2919/1389
f 4499/2920/1392 4495/2914/1390 4494/2932/1422
f 4496/2909/1391 4500/2916/1393 4501/2942/1426
f 4499/2920/1392 4498/2948/1425 4502/2940/1427
f 4500/2916/1393 4504/2917/1395 4505/2941/1428
f 4503/2908/1394 4502/2940/1427 4507/2921/1396
f 4505/3887/1428 4509/2951/1397 4508/2953/1431
f 4507/2949/1396 4506/2926/1407 4510/2954/1429
f 4512/2909/1399 4513/2931/1430 4509/2922/1397
f 4511/2908/1398 4510/2940/1429 4515/2923/1400
f 4516/2924/1401 4517/2930/1435 4513/2931/1430
f 4518/2956/1433 4515/1352/1400 4514/2955/1432
f 4516/2924/1401 4520/2913/1403 4521/2933/1434
f 4519/2914/1402 4518/2932/1433 4523/3882/1404
f 4521/3888/1434 4525/1301/1378 4524/2960/1438
f 4523/2958/1404 4522/2957/1436 4526/2961/1437
f 4525/2910/1378 4465/2909/1377 4464/2931/1412
f 4527/2908/1376 4526/2940/1437 4467/2929/1410
f 4524/2960/1438 4464/2959/1412 4469/3889/1411
f 4469/3889/1411 4473/3885/1414 4524/2960/1438
f 4473/3885/1414 4476/2937/1417 4524/2960/1438
f 4476/2937/1417 4481/2936/1416 4485/3890/1421
f 4485/3890/1421 4489/3886/1420 4476/2937/1417
f 4489/3886/1420 4492/2946/1424 4476/2937/1417
f 4492/2946/1424 4497/2945/1423 4501/3891/1426
f 4501/3891/1426 4505/3887/1428 4492/2946/1424
f 4505/3887/1428 4508/2953/1431 4492/2946/1424
f 4508/2953/1431 4513/2952/1430 4517/3892/1435
f 4517/3892/1435 4521/3888/1434 4508/2953/1431
f 4521/3888/1434 4524/2960/1438 4508/2953/1431
f 4524/2960/1438 4476/2937/1417 4492/2946/1424
f 4532/2970/1446 4538/2987/1447 4533/2975/1449
f 4534/2973/1448 4539/2982/1455 4535/620/1450
f 4535/2975/1450 4539/2989/1455 4536/2963/1440
f 4536/2963/1440 4540/2984/1457 4541/2976/1451
f 4541/2977/1451 4542/2979/1452 4530/2966/1443
f 4532/2970/1446 4543/2980/1453 4538/2987/1447
f 4539/2989/1455 4540/2984/1457 4536/2963/1440
f 4545/2983/1456 4546/3893/1460 4541/2976/1451
f 4541/2977/1451 4546/2990/1460 4542/2979/1452
f 4537/2969/1444 4547/3155/1458 4543/2980/1453
f 4544/2981/1454 4549/3002/1467 4539/2982/1455
f 4539/2989/1455 4549/3894/1467 4545/2983/1456
f 4545/3033/1456 4550/2996/1463 4546/2998/1460
f 4542/2979/1452 4551/2991/1461 4547/2985/1458
f 4549/3003/1467 4550/2996/1463 4545/3033/1456
f 4550/2996/1463 4553/3004/1468 4554/2997/1464
f 4551/2991/1461 4555/3895/1465 4547/2985/1458
f 4552/2993/1462 4556/3006/1470 4548/2995/1459
f 4548/2988/1459 4556/3013/1470 4557/3001/1466
f 4557/3001/1466 4558/3896/1477 4549/3002/1467
f 4549/3003/1467 4558/3015/1477 4553/3004/1468
f 4553/3004/1468 4559/2963/1471 4554/2997/1464
f 4554/2999/1464 4560/3009/1473 4551/2991/1461
f 4551/2991/1461 4560/3009/1473 4555/3895/1465
f 4558/3015/1477 4559/2963/1471 4553/3004/1468
f 4559/2963/1471 4562/2965/2287 4563/3007/1472
f 4560/3009/1473 4564/3017/1474 4555/3895/1465
f 4564/3010/1474 4565/3022/1482 4561/3005/1469
f 4561/3005/1469 4565/3022/1482 4566/3011/1475
f 4557/3001/1466 4567/3019/1476 4558/3896/1477
f 4567/3014/1476 4562/2965/2287 4559/2963/1471
f 4562/2965/2287 4568/3020/1480 4563/3007/1472
f 4563/3008/1472 4569/3016/1478 4560/3009/1473
f 4569/3016/1478 4570/3897/1489 4564/3017/1474
f 4564/3010/1474 4570/3030/1489 4565/3022/1482
f 4566/3012/1475 4571/3018/1479 4557/3001/1466
f 4567/3014/1476 4568/3020/1480 4562/2965/2287
f 4568/3020/1480 4572/3027/1486 4573/3021/1481
f 4563/3008/1472 4573/3898/1481 4569/3016/1478
f 4570/3030/1489 4574/3029/1488 4565/3022/1482
f 4565/3022/1482 4574/3029/1488 4575/3023/1483
f 4571/3018/1479 4576/3037/1484 4567/3019/1476
f 4576/3025/1484 4572/3027/1486 4568/3020/1480
f 4577/3026/1485 4578/3079/1492 4573/3021/1481
f 4573/3898/1481 4578/3034/1492 4569/3016/1478
f 4569/3016/1478 4579/3899/1487 4570/3897/1489
f 4579/3028/1487 4580/3031/1490 4574/3029/1488
f 4576/3025/1484 4577/3026/1485 4572/3027/1486
f 4569/3016/1478 4582/3035/1493 4579/3899/1487
f 4580/3043/1490 4583/3044/1499 4575/3900/1483
f 4575/3024/1483 4583/3054/1499 4584/3036/1494
f 4584/3036/1494 4585/3046/1495 4576/3037/1484
f 4585/3038/1495 4581/2996/1491 4577/3033/1485
f 4586/3004/1496 4587/3047/1497 4578/3032/1492
f 4582/3035/1493 4588/3050/1504 4579/3899/1487
f 4579/3041/1487 4588/3051/1504 4589/3042/1498
f 4585/3038/1495 4590/3060/1500 4586/3004/1496
f 4591/2963/1501 4592/3055/1502 4587/3047/1497
f 4592/3048/1502 4593/3049/1503 4582/3035/1493
f 4594/3052/1505 4595/3109/1506 4583/3044/1499
f 4595/3053/1506 4596/3057/1509 4584/3036/1494
f 4584/3036/1494 4596/3057/1509 4590/3045/1500
f 4590/3060/1500 4591/2963/1501 4586/3004/1496
f 4594/3052/1505 4599/3064/1514 4595/3109/1506
f 4595/3053/1506 4599/3901/1514 4596/3057/1509
f 4600/3059/1510 4597/2965/1507 4591/2963/1501
f 4601/3061/1511 4602/3066/1512 4592/3055/1502
f 4593/3049/1503 4603/3068/1517 4598/3056/1508
f 4598/3010/1508 4603/3072/1517 4604/3063/1513
f 4599/3901/1514 4605/3076/1524 4596/3057/1509
f 4596/3057/1509 4605/3076/1524 4600/3058/1510
f 4599/3901/1514 4608/3902/1518 4605/3076/1524
f 4605/3076/1524 4609/3078/1522 4600/3058/1510
f 4600/3059/1510 4609/3073/1522 4606/3065/1515
f 4610/3070/1519 4611/3075/1520 4602/3066/1512
f 4607/3067/1516 4612/3081/1528 4603/3068/1517
f 4603/3072/1517 4612/3903/1528 4613/3031/1521
f 4613/3031/1521 4614/3904/1532 4608/3069/1518
f 4608/3902/1518 4614/3088/1532 4605/3076/1524
f 4612/3903/1528 4616/3905/1530 4613/3031/1521
f 4613/3031/1521 4616/3905/1530 4614/3904/1532
f 4614/3088/1532 4617/3087/1533 4605/3076/1524
f 4605/3076/1524 4617/3087/1533 4618/3077/1525
f 4609/3073/1522 4618/3906/1525 4615/3074/1523
f 4615/3026/1523 4619/3095/1538 4620/3021/1526
f 4611/3071/1520 4620/3090/1526 4621/3080/1527
f 4621/3080/1527 4622/3099/1529 4612/3081/1528
f 4618/3096/1525 4619/3095/1538 4615/3026/1523
f 4619/3095/1538 4624/3097/1534 4620/3021/1526
f 4625/3091/1535 4626/3241/1536 4623/3084/1531
f 4626/3092/1536 4627/3100/1541 4617/3087/1533
f 4617/3087/1533 4627/3100/1541 4628/3093/1537
f 4624/3089/1534 4630/3103/1544 4621/3080/1527
f 4621/3080/1527 4630/3103/1544 4631/3098/1540
f 4631/3010/1540 4632/3110/1551 4625/3091/1535
f 4625/3091/1535 4632/3110/1551 4626/3241/1536
f 4628/3094/1537 4633/3113/1542 4629/2965/1539
f 4629/2965/1539 4634/2963/1548 4635/3102/1543
f 4624/3089/1534 4635/3106/1543 4630/3103/1544
f 4631/3010/1540 4636/3117/1545 4632/3110/1551
f 4632/3110/1551 4637/3109/1546 4626/3241/1536
f 4633/3113/1542 4634/2963/1548 4629/2965/1539
f 4638/3004/1547 4639/3115/1555 4635/3102/1543
f 4635/3106/1543 4639/3122/1555 4640/3107/1549
f 4630/3103/1544 4640/3107/1549 4636/3104/1545
f 4636/3117/1545 4641/3108/1550 4632/3110/1551
f 4641/3108/1550 4642/3125/1561 4637/3109/1546
f 4637/3105/1546 4642/3126/1561 4643/3111/1552
f 4643/3111/1552 4644/3119/1553 4633/3101/1542
f 4644/3112/1553 4638/3004/1547 4634/2963/1548
f 4640/3107/1549 4646/3278/1556 4636/3104/1545
f 4647/3120/1557 4645/3114/1554 4638/3004/1547
f 4648/3121/1558 4649/3907/1564 4639/3115/1555
f 4639/3122/1555 4649/3132/1564 4650/3123/1559
f 4640/3107/1549 4650/3123/1559 4646/3278/1556
f 4646/3116/1556 4651/3908/1567 4641/3108/1550
f 4641/3108/1550 4651/3908/1567 4652/3124/1560
f 4642/3126/1561 4652/3909/1560 4653/3127/1562
f 4647/3120/1557 4648/3121/1558 4645/3114/1554
f 4654/3128/1563 4655/3138/1565 4649/3129/1564
f 4650/3123/1559 4656/3139/1566 4646/3278/1556
f 4651/3083/1567 4657/3140/1571 4652/3085/1560
f 4652/3909/1560 4657/3141/1571 4653/3127/1562
f 4658/3135/1568 4654/3128/1563 4648/3130/1558
f 4656/3133/1566 4531/2971/1445 4660/3091/1570
f 4658/3135/1568 4659/3137/1569 4654/3128/1563
f 4659/3137/1569 4528/2965/1442 4529/2964/1441
f 4655/3131/1565 4529/2978/1441 4530/2966/1443
f 4531/2971/1445 4532/2970/1446 4660/3091/1570
f 4532/2970/1446 4533/2975/1449 4657/3140/1571
f 4657/3141/1571 4533/2974/1449 4534/2973/1448
f 4534/2973/1448 4535/620/1450 4658/3134/1568
f 4535/2975/1450 4528/2965/1442 4659/3137/1569
f 4661/2965/1572 4669/3153/1588 4670/3142/1573
f 4662/3227/1574 4670/3910/1573 4663/2966/1575
f 4665/3146/1578 4672/2987/1579 4666/2975/1581
f 4667/2973/1580 4673/3151/1582 4668/3228/1583
f 4673/3147/1582 4669/3153/1588 4661/2965/1572
f 4670/3910/1573 4674/3149/1584 4663/2966/1575
f 4676/3150/1586 4677/3159/1587 4673/3151/1582
f 4678/2983/1589 4679/3893/1596 4670/3142/1573
f 4670/3910/1573 4679/3162/1596 4674/3149/1584
f 4680/3155/1590 4681/3911/1599 4675/3042/1585
f 4675/3042/1585 4681/3911/1599 4682/2986/1591
f 4678/3033/1589 4683/2996/1594 4679/3161/1596
f 4681/3166/1599 4684/3167/1592 4682/3900/1591
f 4684/3157/1592 4685/3169/1602 4676/3150/1586
f 4676/3150/1586 4685/3169/1602 4686/3158/1593
f 4686/3038/1593 4683/2996/1594 4678/3033/1589
f 4683/2996/1594 4687/3004/1600 4688/3160/1595
f 4679/3162/1596 4688/3171/1595 4689/3163/1597
f 4689/3163/1597 4690/3172/1607 4680/3154/1590
f 4680/3164/1590 4690/3173/1607 4691/3165/1598
f 4685/3169/1602 4692/3896/1610 4686/3158/1593
f 4686/3038/1593 4692/3015/1610 4687/3004/1600
f 4687/3004/1600 4693/2963/1604 4688/3160/1595
f 4691/3165/1598 4694/3109/1601 4684/3167/1592
f 4694/3168/1601 4695/3180/1618 4685/3169/1602
f 4685/3169/1602 4695/3180/1618 4692/3896/1610
f 4692/3015/1610 4693/2963/1604 4687/3004/1600
f 4696/2965/1603 4697/3177/1605 4688/3160/1595
f 4697/3170/1605 4698/3179/1616 4689/3163/1597
f 4689/3163/1597 4698/3179/1616 4699/3017/1606
f 4690/3173/1607 4699/3010/1606 4700/2965/1608
f 4700/2965/1608 4701/3175/1612 4694/3109/1601
f 4694/3168/1601 4701/3181/1612 4695/3180/1618
f 4695/3180/1618 4702/3019/1609 4692/3896/1610
f 4702/3014/1609 4696/2965/1603 4693/2963/1604
f 4696/2965/1603 4703/3020/1613 4697/3177/1605
f 4698/3179/1616 4704/3897/1622 4699/3017/1606
f 4699/3010/1606 4704/3030/1622 4705/3174/1611
f 4702/3014/1609 4703/3020/1613 4696/2965/1603
f 4703/3020/1613 4706/3027/2288 4707/3176/1614
f 4697/3170/1605 4707/3184/1614 4708/3178/1615
f 4698/3179/1616 4708/3178/1615 4704/3897/1622
f 4709/3024/1617 4710/3182/1619 4695/3180/1618
f 4710/3182/1619 4711/3037/1620 4702/3019/1609
f 4711/3025/1620 4706/3027/2288 4703/3020/1613
f 4706/3027/2288 4712/3026/1627 4707/3176/1614
f 4708/3178/1615 4713/3899/1621 4704/3897/1622
f 4713/3028/1621 4714/3031/1623 4705/3174/1611
f 4711/3025/1620 4712/3026/1627 4706/3027/2288
f 4712/3185/1627 4715/3186/1624 4707/3912/1614
f 4715/3183/1624 4716/3187/1631 4708/3178/1615
f 4708/3178/1615 4716/3187/1631 4713/3899/1621
f 4714/3043/1623 4717/3044/1499 4709/3900/1617
f 4709/3024/1617 4717/3054/1499 4718/3036/1625
f 4718/3036/1625 4719/3046/1626 4711/3037/1620
f 4716/3187/1631 4721/3050/1633 4713/3899/1621
f 4713/3041/1621 4721/3051/1633 4722/3042/1498
f 4719/3038/1626 4723/3060/1500 4720/3004/1628
f 4724/2963/1629 4725/3055/1630 4715/3186/1624
f 4725/3048/1630 4726/3049/1632 4716/3187/1631
f 4727/3052/1505 4728/3109/1506 4717/3044/1499
f 4728/3053/1506 4729/3057/1509 4718/3036/1625
f 4718/3036/1625 4729/3057/1509 4723/3045/1500
f 4723/3060/1500 4724/2963/1629 4720/3004/1628
f 4727/3052/1505 4732/3064/1514 4728/3109/1506
f 4728/3053/1506 4732/3901/1514 4729/3057/1509
f 4733/3059/1510 4730/2965/1507 4724/2963/1629
f 4734/3061/1634 4735/3189/1635 4725/3055/1630
f 4726/3049/1632 4736/3068/1517 4731/3056/1508
f 4731/3010/1508 4736/3072/1517 4737/3063/1513
f 4732/3901/1514 4738/3193/1524 4729/3057/1509
f 4729/3057/1509 4738/3193/1524 4733/3058/1510
f 4739/3065/1636 4740/3190/1639 4735/3189/1635
f 4735/3188/1635 4740/3192/1639 4741/3067/1637
f 4732/3901/1514 4742/3902/1518 4738/3193/1524
f 4738/3193/1524 4743/3078/1522 4733/3058/1510
f 4733/3059/1510 4743/3073/1522 4739/3065/1636
f 4741/3067/1637 4745/3081/1644 4736/3068/1517
f 4736/3072/1517 4745/3903/1644 4746/3031/1521
f 4746/3031/1521 4747/3904/1532 4742/3069/1518
f 4742/3902/1518 4747/3088/1532 4738/3193/1524
f 4748/3074/1640 4749/3913/1641 4740/3190/1639
f 4745/3903/1644 4750/3905/1646 4746/3031/1521
f 4746/3031/1521 4750/3905/1646 4747/3904/1532
f 4747/3088/1532 4751/3087/1647 4738/3193/1524
f 4738/3193/1524 4751/3087/1647 4752/3077/1642
f 4743/3073/1522 4752/3906/1642 4748/3074/1640
f 4748/3026/1640 4753/3027/1648 4749/3197/1641
f 4754/3194/1643 4755/3086/1645 4745/3081/1644
f 4752/3096/1642 4753/3027/1648 4748/3026/1640
f 4753/3027/1648 4757/3020/2289 4758/3196/1649
f 4754/3194/1643 4759/3202/1654 4755/3086/1645
f 4755/3195/1645 4759/3914/1654 4760/3091/1650
f 4760/3091/1650 4761/3241/1651 4756/3084/1531
f 4761/3092/1651 4762/3100/1657 4751/3087/1647
f 4751/3087/1647 4762/3100/1657 4763/3199/1652
f 4763/3200/1652 4757/3020/2289 4753/3027/1648
f 4757/3020/2289 4764/3205/1659 4758/3196/1649
f 4758/3198/1649 4765/3201/1653 4754/3194/1643
f 4759/3914/1654 4766/3915/2290 4760/3091/1650
f 4760/3091/1650 4766/3915/2290 4761/3241/1651
f 4763/3200/1652 4764/3205/1659 4757/3020/2289
f 4764/3205/1659 4767/3206/1661 4758/3196/1649
f 4758/3198/1649 4767/3207/1661 4765/3201/1653
f 4759/3914/1654 4768/3212/1655 4766/3915/2290
f 4766/3915/2290 4769/3214/1656 4761/3241/1651
f 4762/3100/1657 4770/3106/1658 4763/3199/1652
f 4768/3212/1655 4773/3211/1667 4766/3915/2290
f 4766/3915/2290 4773/3211/1667 4769/3214/1656
f 4774/3111/1663 4775/3220/1673 4770/3106/1658
f 4770/3147/1658 4775/3222/1673 4771/3004/1660
f 4776/3114/1664 4777/3215/1665 4767/3206/1661
f 4772/3208/1662 4778/3217/1666 4768/3203/1655
f 4769/3204/1656 4779/3219/1668 4774/3111/1663
f 4775/3222/1673 4776/3114/1664 4771/3004/1660
f 4780/3121/1669 4781/3907/1676 4777/3215/1665
f 4777/3209/1665 4781/3916/1676 4782/3216/1670
f 4782/3216/1670 4783/3224/1671 4778/3217/1666
f 4783/3218/1671 4784/3908/1679 4773/3211/1667
f 4773/3211/1667 4784/3908/1679 4779/3213/1668
f 4785/3127/1672 4786/3917/1674 4775/3220/1673
f 4786/3221/1674 4780/3121/1669 4776/3114/1664
f 4784/3083/1679 4788/3140/1680 4779/3085/1668
f 4779/3219/1668 4788/3141/1680 4785/3127/1672
f 4786/3226/1674 4787/3128/1675 4780/3130/1669
f 4789/3137/1677 4662/3143/1574 4781/3223/1676
f 4781/3916/1676 4662/3227/1574 4782/3216/1670
f 4783/3225/1671 4664/2971/1577 4790/3091/1678
f 4785/3127/1672 4668/3228/1583 4786/3917/1674
f 4668/3148/1583 4789/3137/1677 4787/3128/1675
f 4789/3137/1677 4661/2965/1572 4662/3143/1574
f 4664/2971/1577 4665/3146/1578 4790/3091/1678
f 4665/3146/1578 4666/2975/1581 4788/3140/1680
f 4788/3141/1680 4666/2974/1581 4667/2973/1580
f 4668/3148/1583 4661/2965/1572 4789/3137/1677
f 4793/3230/1685 4800/3229/1684 4801/3144/1686
f 4795/2970/1688 4802/2987/1689 4796/3283/1691
f 4802/2972/1689 4803/3236/1702 4797/3231/1690
f 4797/3231/1690 4803/3236/1702 4804/3151/1692
f 4804/3147/1692 4799/2963/1681 4791/2965/1683
f 4799/2963/1681 4805/2984/1698 4806/2976/1694
f 4795/2970/1688 4807/3042/1695 4802/2987/1689
f 4803/3236/1702 4808/3159/1696 4804/3151/1692
f 4808/3152/1696 4805/2984/1698 4799/2963/1681
f 4809/2983/1697 4810/3893/1706 4806/2976/1694
f 4806/2977/1694 4810/2990/1706 4811/3235/1699
f 4800/3229/1684 4811/3235/1699 4812/3156/1700
f 4812/3155/1700 4813/3911/1710 4807/3042/1695
f 4807/3042/1695 4813/3911/1710 4814/2986/1701
f 4809/3033/1697 4815/2996/1704 4810/2998/1706
f 4811/3235/1699 4816/3238/1708 4812/3156/1700
f 4812/3256/1700 4816/3239/1708 4813/3166/1710
f 4814/2988/1701 4817/3244/1719 4803/3236/1702
f 4803/3236/1702 4817/3244/1719 4818/3158/1703
f 4818/3038/1703 4815/2996/1704 4809/3033/1697
f 4815/2996/1704 4819/3004/1711 4820/2997/1705
f 4820/2999/1705 4821/3237/1707 4811/3235/1699
f 4822/3042/1709 4823/2987/1714 4814/2995/1701
f 4814/2988/1701 4823/3242/1714 4817/3244/1719
f 4817/3244/1719 4824/3246/1721 4818/3158/1703
f 4818/3038/1703 4824/3248/1721 4819/3004/1711
f 4819/3004/1711 4825/2963/1715 4820/2997/1705
f 4816/3239/1708 4826/3918/1712 4827/3240/1713
f 4824/3248/1721 4825/2963/1715 4819/3004/1711
f 4825/2963/1715 4828/2965/2291 4829/3007/1716
f 4821/3237/1707 4830/3181/1723 4826/3168/1712
f 4826/3918/1712 4830/3249/1723 4827/3240/1713
f 4823/3242/1714 4831/3253/1717 4832/3243/1718
f 4817/3244/1719 4832/3243/1718 4833/3245/1720
f 4833/3247/1720 4828/2965/2291 4825/2963/1715
f 4828/2965/2291 4834/3020/1725 4829/3007/1716
f 4829/3008/1716 4835/3016/1722 4821/3237/1707
f 4833/3247/1720 4834/3020/1725 4828/2965/2291
f 4834/3020/1725 4837/3027/1486 4838/3021/1481
f 4829/3008/1716 4838/3898/1481 4835/3016/1722
f 4831/3253/1717 4840/3257/1727 4841/3254/1728
f 4841/3254/1728 4842/3037/1729 4833/3245/1720
f 4842/3025/1729 4837/3027/1486 4834/3020/1725
f 4843/3026/1485 4844/3079/1492 4838/3021/1481
f 4838/3898/1481 4844/3034/1492 4835/3016/1722
f 4839/3251/1726 4845/3031/1730 4836/3174/1724
f 4842/3025/1729 4843/3026/1485 4837/3027/1486
f 4835/3016/1722 4847/3035/1731 4848/3255/1732
f 4845/3043/1730 4849/3044/1735 4840/3900/1727
f 4840/3257/1727 4849/3054/1735 4850/3036/1733
f 4850/3036/1733 4851/3046/1495 4842/3037/1729
f 4851/3038/1495 4846/2996/1491 4843/3033/1485
f 4852/3004/1496 4853/3047/1497 4844/3032/1492
f 4847/3035/1731 4854/3260/1738 4848/3255/1732
f 4848/3155/1732 4854/3261/1738 4855/3258/1734
f 4851/3038/1495 4856/3060/1500 4852/3004/1496
f 4857/2963/1501 4858/3055/1736 4853/3047/1497
f 4858/3048/1736 4859/3259/1737 4847/3035/1731
f 4855/3258/1734 4860/3109/1739 4849/3044/1735
f 4860/3053/1739 4861/3057/1509 4850/3036/1733
f 4850/3036/1733 4861/3057/1509 4856/3045/1500
f 4856/3060/1500 4857/2963/1501 4852/3004/1496
f 4859/3259/1737 4863/3919/1743 4854/3260/1738
f 4854/3261/1738 4863/3263/1743 4864/2965/1740
f 4864/2965/1740 4865/3064/1745 4860/3109/1739
f 4860/3053/1739 4865/3901/1745 4861/3057/1509
f 4866/3059/1510 4862/2965/1507 4857/2963/1501
f 4867/3061/1741 4868/3264/1742 4858/3055/1736
f 4868/3262/1742 4869/3920/2292 4859/3259/1737
f 4859/3259/1737 4869/3920/2292 4863/3919/1743
f 4865/3901/1745 4871/3076/1752 4861/3057/1509
f 4861/3057/1509 4871/3076/1752 4866/3058/1510
f 4869/3920/2292 4873/3902/1747 4863/3919/1743
f 4865/3901/1745 4874/3902/1518 4871/3076/1752
f 4871/3076/1752 4875/3078/1522 4866/3058/1510
f 4866/3059/1510 4875/3073/1522 4872/3065/1746
f 4876/3070/1748 4877/3266/1751 4868/3264/1742
f 4868/3262/1742 4877/3921/1751 4869/3920/2292
f 4869/3920/2292 4878/3081/1756 4873/3902/1747
f 4873/3265/1747 4878/3903/1756 4879/3031/1749
f 4879/3031/1749 4880/3904/1532 4874/3069/1518
f 4874/3902/1518 4880/3088/1532 4871/3076/1752
f 4877/3921/1751 4882/3269/1758 4869/3920/2292
f 4869/3920/2292 4882/3269/1758 4878/3081/1756
f 4878/3903/1756 4883/3905/1646 4879/3031/1749
f 4879/3031/1749 4883/3905/1646 4880/3904/1532
f 4880/3088/1532 4884/3087/1647 4871/3076/1752
f 4871/3076/1752 4884/3087/1647 4885/3077/1753
f 4875/3073/1522 4885/3906/1753 4881/3074/1750
f 4881/3026/1750 4886/3027/1760 4887/3267/1754
f 4877/3921/1751 4887/3270/1754 4882/3269/1758
f 4882/3269/1758 4888/3086/1755 4878/3081/1756
f 4885/3096/1753 4886/3027/1760 4881/3026/1750
f 4886/3027/1760 4890/3020/1761 4887/3267/1754
f 4887/3270/1754 4891/3268/1757 4882/3269/1758
f 4891/3268/1757 4892/3202/1766 4888/3086/1755
f 4888/3195/1755 4892/3914/1766 4893/3091/1650
f 4893/3091/1650 4894/3241/1651 4889/3084/1531
f 4894/3092/1651 4895/3100/1768 4884/3087/1647
f 4884/3087/1647 4895/3100/1768 4896/3199/1759
f 4896/3200/1759 4890/3020/1761 4886/3027/1760
f 4890/3020/1761 4897/2965/1764 4898/3010/1762
f 4892/3914/1766 4899/3915/2290 4893/3091/1650
f 4893/3091/1650 4899/3915/2290 4894/3241/1651
f 4896/3200/1759 4897/2965/1764 4890/3020/1761
f 4900/2963/1763 4901/3206/1771 4898/3010/1762
f 4898/714/1762 4901/3207/1771 4891/3268/1757
f 4892/3914/1766 4902/3212/1765 4899/3915/2290
f 4899/3915/2290 4903/3214/1767 4894/3241/1651
f 4895/3100/1768 4904/3274/1769 4896/3199/1759
f 4904/3271/1769 4900/2963/1763 4897/2965/1764
f 4902/3212/1765 4907/3211/1777 4899/3915/2290
f 4899/3915/2290 4907/3211/1777 4903/3214/1767
f 4904/3271/1769 4905/3004/1770 4900/2963/1763
f 4909/3114/1774 4910/3277/1775 4901/3206/1771
f 4906/3272/1772 4911/3278/1776 4902/3203/1765
f 4903/3204/1767 4912/3279/1778 4908/3273/1773
f 4913/3120/1779 4909/3114/1774 4905/3004/1770
f 4911/3116/1776 4915/3908/1784 4907/3211/1777
f 4907/3211/1777 4915/3908/1784 4912/3276/1778
f 4913/3120/1779 4914/3121/1780 4909/3114/1774
f 4916/3128/1781 4917/3138/1782 4910/3129/1775
f 4917/3131/1782 4793/3230/1685 4906/3272/1772
f 4793/3230/1685 4918/3139/1783 4911/3278/1776
f 4915/3083/1784 4919/3282/1785 4912/3085/1778
f 4919/3139/1785 4797/3231/1690 4908/3273/1773
f 4908/3273/1773 4797/3231/1690 4920/3280/1786
f 4920/3281/1786 4916/3128/1781 4914/3130/1780
f 4918/3133/1783 4794/2971/1687 4922/3091/1788
f 4922/3091/1788 4796/3283/1691 4919/3282/1785
f 4797/3231/1690 4798/3233/1693 4920/3280/1786
f 4798/3234/1693 4921/3137/1787 4916/3128/1781
f 4921/3137/1787 4791/2965/1683 4792/2964/1682
f 4917/3131/1782 4792/2978/1682 4793/3230/1685
f 4794/2971/1687 4795/2970/1688 4922/3091/1788
f 4798/3234/1693 4791/2965/1683 4921/3137/1787
s 0
f 4934/3284/2293 4925/3922/2293 4924/3285/2293
f 4938/3287/2294 4933/3313/2294 4932/3288/2294
f 4929/3290/2295 4925/3303/2295 4933/3291/2295
f 4926/3293/2296 4929/3304/2296 4928/3294/2296
f 4930/3296/2297 4937/3309/2297 4936/3297/2297
f 4925/3922/2298 4926/3293/2298 4924/3285/2298
f 4927/3298/2299 4928/3923/2299 4930/3296/2299
f 4935/3289/2300 4936/3297/2300 4938/3287/2300
f 4931/3286/2301 4932/3924/2301 4934/3284/2301
f 4935/3307/2302 4931/3311/2302 4923/3299/2302
f 4950/3317/2293 4941/3925/2293 4940/3318/2293
f 4954/3320/2294 4949/3313/2294 4948/3321/2294
f 4945/3322/2295 4941/3303/2295 4949/3323/2295
f 4942/3324/2296 4945/3304/2296 4944/3325/2296
f 4946/3326/2297 4953/3334/2297 4952/3327/2297
f 4941/3925/2303 4942/3324/2303 4940/3318/2303
f 4943/3328/2304 4944/3926/2304 4946/3326/2304
f 4951/3289/2300 4952/3327/2300 4954/3320/2300
f 4947/3319/2301 4948/3927/2301 4950/3317/2301
f 4951/3307/2302 4947/3311/2302 4939/3329/2302
f 4969/3338/2305 4959/3928/2305 4956/3339/2305
f 4972/3341/2306 4969/3929/2306 4965/3342/2306
f 4963/3344/2307 4957/3357/2307 4968/3345/2307
f 4958/3347/2308 4964/3930/2308 4960/3348/2308
f 4964/3350/2309 4973/3931/2309 4971/3351/2309
f 4959/3928/2310 4957/3369/2310 4958/3932/2310
f 4961/3352/2311 4962/3358/2311 4960/3933/2311
f 4966/3340/2312 4967/3367/2312 4965/3934/2312
f 4973/3931/2313 4974/3360/2313 4972/3935/2313
f 4955/3936/2314 4956/3349/2314 4960/3348/2314
f 4959/3937/2315 4958/3347/2315 4956/3349/2315
f 4963/3938/2316 4964/3930/2316 4958/3347/2316
f 4961/3939/2317 4960/3348/2317 4964/3930/2317
f 4962/3358/2318 4961/3352/2318 4971/3351/2318
f 4974/3360/2319 4973/3931/2319 4964/3350/2319
f 4970/3940/2320 4971/3343/2320 4965/3342/2320
f 4968/3941/2321 4969/3929/2321 4972/3341/2321
f 4966/3942/2322 4965/3342/2322 4969/3929/2322
f 4967/3367/2323 4966/3340/2323 4956/3339/2323
f 4957/3369/2324 4959/3928/2324 4969/3338/2324
f 4970/3363/2325 4967/3365/2325 4955/3353/2325
f 4977/3371/2326 4976/3374/2326 4978/3372/2326
f 4976/3374/2327 4977/3371/2327 4975/3373/2327
s 1
f 4990/3375/1826 4980/3392/1837 4979/3376/1827
f 4984/3378/1829 4986/3381/1832 4985/3379/1830
f 4986/3381/1832 4988/3943/1834 4987/3382/1833
f 4988/3383/1834 4990/3944/1826 4989/3384/1828
f 4982/3386/1835 4984/3945/1829 4983/3387/1831
f 4984/3391/1829 4982/3946/1835 4988/3389/1834
f 4982/3946/1835 4980/3947/1837 4988/3389/1834
f 4980/3947/1837 4990/3948/1826 4988/3389/1834
f 4980/3392/1837 4982/3949/1835 4981/3393/1836
f 4989/3395/1828 4979/3950/1827 4981/3396/1836
f 4981/3396/1836 4983/3951/1831 4985/3952/1830
f 4985/3952/1830 4987/3394/1833 4981/3396/1836
f 5002/3375/1826 4992/3392/1837 4991/3397/1827
f 4996/3378/1829 4998/3399/1832 4997/3379/1830
f 4998/3399/1832 5000/3953/1834 4999/3382/1833
f 5000/3400/1834 5002/3944/1826 5001/3401/1828
f 4994/3386/1835 4996/3945/1829 4995/3387/1831
f 4996/3391/1829 4994/3946/1835 5000/3403/1834
f 4994/3946/1835 4992/3947/1837 5000/3403/1834
f 4992/3947/1837 5002/3948/1826 5000/3403/1834
f 4992/3392/1837 4994/3949/1835 4993/3405/1836
f 5001/3406/1828 4991/3954/1827 4993/3407/1836
f 4993/3407/1836 4995/3951/1831 4997/3952/1830
f 4997/3952/1830 4999/3394/1833 4993/3407/1836
f 5014/3408/1826 5004/3425/1837 5003/3409/1838
f 5008/3411/1829 5010/3414/1832 5009/3412/1830
f 5010/3414/1832 5012/3955/1834 5011/3415/1833
f 5012/3416/1834 5014/3956/1826 5013/3417/1828
f 5006/3419/1835 5008/3957/1829 5007/3420/1831
f 5008/3424/1829 5006/3958/1835 5012/3422/1834
f 5006/3958/1835 5004/3959/1837 5012/3422/1834
f 5004/3959/1837 5014/3960/1826 5012/3422/1834
f 5004/3425/1837 5006/3961/1835 5005/3426/1836
f 5013/3428/1828 5003/3962/1838 5005/3429/1836
f 5005/3429/1836 5007/3963/1831 5009/3964/1830
f 5009/3964/1830 5011/3427/1833 5005/3429/1836
f 5026/3408/1826 5016/3425/1837 5015/3430/1827
f 5020/3432/1829 5022/3434/1832 5021/3433/1830
f 5022/3434/1832 5024/3965/1834 5023/3435/1833
f 5024/3436/1834 5026/3956/1826 5025/3437/1839
f 5018/3419/1835 5020/3966/1829 5019/3420/1831
f 5020/3442/1829 5018/3958/1835 5024/3440/1834
f 5018/3958/1835 5016/3959/1837 5024/3440/1834
f 5016/3959/1837 5026/3960/1826 5024/3440/1834
f 5016/3425/1837 5018/3961/1835 5017/3443/1836
f 5025/3445/1839 5015/3967/1827 5017/3446/1836
f 5017/3446/1836 5019/3963/1831 5021/3968/1830
f 5021/3968/1830 5023/3444/1833 5017/3446/1836
s 0
f 5027/3969/2328 5033/3970/2328 5032/3447/2328
f 5032/3447/2329 5031/3971/2329 5030/3448/2329
f 5030/3448/2330 5029/3972/2330 5028/3449/2330
f 5028/3449/2331 5027/3969/2331 5032/3447/2331
f 5033/3970/2332 5027/3969/2332 5034/3449/2332
f 5034/3449/2333 5029/3972/2333 5030/3448/2333
f 5030/3448/2334 5031/3971/2334 5035/3447/2334
f 5035/3447/2335 5033/3970/2335 5034/3449/2335
f 5028/3455/1 5034/3454/1 5027/3973/1
f 5032/3974/4 5035/3975/4 5031/3976/4
s 1
usemtl signal
f 1872/1492/573 1865/1493/561 1864/1494/54
f 1873/1495/560 1866/1496/563 1865/1497/561
f 1874/1498/562 1867/1499/564 1866/1496/563
f 1875/1500/565 1868/1494/3 1867/1493/564
f 1876/1501/566 1869/1502/567 1868/1494/3
f 1869/1499/567 1878/1498/570 1870/1496/569
f 1878/1498/570 1871/1497/571 1870/1496/569
f 1879/1503/572 1864/1494/54 1871/1502/571
f 1872/1492/573 1881/1504/574 1873/1505/560
f 1881/1506/574 1874/1498/562 1873/1495/560
f 1882/1507/575 1875/1508/565 1874/1498/562
f 1883/1509/576 1876/1501/566 1875/1500/565
f 1884/1510/577 1877/1511/568 1876/1501/566
f 1885/1512/583 1878/1498/570 1877/1508/568
f 1886/1507/578 1879/1495/572 1878/1498/570
f 1879/1503/572 1880/1513/580 1872/1492/573
f 1888/1514/38 1881/1504/574 1880/1513/580
f 1881/1506/574 1890/1515/581 1882/1507/575
f 1890/1515/581 1883/1512/576 1882/1507/575
f 1891/1516/582 1884/1510/577 1883/1509/576
f 1892/1517/52 1885/1518/583 1884/1510/577
f 1893/1519/584 1886/1507/578 1885/1512/583
f 1894/1515/585 1887/1506/579 1886/1507/578
f 1895/1520/586 1880/1513/580 1887/1521/579
f 1888/1514/38 1897/1522/884 1889/1523/588
f 1897/1524/884 1890/1515/581 1889/1525/588
f 1898/1526/595 1891/1519/582 1890/1515/581
f 1891/1516/582 1900/1527/591 1892/1517/52
f 1900/1527/591 1893/1528/584 1892/1517/52
f 1893/1519/584 1902/1526/592 1894/1515/585
f 1902/1526/592 1895/1525/586 1894/1515/585
f 1903/1529/593 1888/1514/38 1895/1520/586
f 1904/1530/602 1897/1522/884 1896/1531/587
f 1905/1532/594 1898/1526/595 1897/1524/884
f 1898/1526/595 1907/1533/605 1899/1534/590
f 1907/1535/605 1900/1527/591 1899/1536/590
f 1908/1537/597 1901/1538/598 1900/1527/591
f 1901/1534/598 1910/1539/607 1902/1526/592
f 1902/1526/592 1911/1532/600 1903/1524/593
f 1903/1529/593 1904/1530/602 1896/1531/587
f 1904/1530/602 1913/1540/603 1905/1541/594
f 1913/1542/603 1906/1539/596 1905/1532/594
f 1914/1543/611 1907/1533/605 1906/1539/596
f 1907/1535/605 1916/1544/613 1908/1537/597
f 1916/1544/613 1909/1545/599 1908/1537/597
f 1917/1546/606 1910/1539/607 1909/1533/599
f 1910/1539/607 1919/1542/608 1911/1532/600
f 1911/1547/600 1912/1548/601 1904/1530/602
f 1920/1530/609 1913/1540/603 1912/1548/601
f 1913/1542/603 1922/1549/610 1914/1543/611
f 1914/1543/611 1923/1550/612 1915/1546/604
f 1923/1535/612 1916/1544/613 1915/1551/604
f 1924/1537/614 1917/1552/606 1916/1544/613
f 1925/1550/622 1918/1543/616 1917/1546/606
f 1926/1549/615 1919/1542/608 1918/1543/616
f 1919/1553/608 1920/1530/609 1912/1548/601
f 1920/1530/609 1929/1522/617 1921/1541/618
f 1921/1554/618 1930/1555/619 1922/1549/610
f 1930/1555/619 1923/1550/612 1922/1549/610
f 1923/1535/612 1932/1527/621 1924/1537/614
f 1932/1527/621 1925/1545/622 1924/1537/614
f 1933/1556/623 1926/1549/615 1925/1550/622
f 1926/1549/615 1935/1557/887 1927/1554/625
f 1935/1529/887 1920/1530/609 1927/1547/625
f 1928/1531/626 1937/1523/627 1929/1522/617
f 1937/1558/627 1930/1555/619 1929/1557/617
f 1938/1559/628 1931/1556/620 1930/1555/619
f 1931/1536/620 1940/1517/53 1932/1527/621
f 1940/1517/53 1933/1538/623 1932/1527/621
f 1941/1560/636 1934/1555/630 1933/1556/623
f 1942/1559/629 1935/1557/887 1934/1555/630
f 1943/1520/639 1928/1531/626 1935/1529/887
f 1936/1514/39 1945/1504/641 1937/1523/627
f 1945/1561/641 1938/1559/628 1937/1558/627
f 1946/1562/632 1939/1560/633 1938/1559/628
f 1939/1516/633 1948/1510/635 1940/1517/53
f 1948/1510/635 1941/1528/636 1940/1517/53
f 1941/1560/636 1950/1562/638 1942/1559/629
f 1942/1559/629 1951/1561/647 1943/1558/639
f 1943/1520/639 1944/1563/631 1936/1514/39
f 1944/1563/631 1953/1505/642 1945/1504/641
f 1953/1564/642 1946/1562/632 1945/1561/641
f 1954/1565/650 1947/1566/634 1946/1562/632
f 1947/1509/634 1956/1567/644 1948/1510/635
f 1956/1567/644 1949/1518/637 1948/1510/635
f 1949/1566/637 1958/1565/646 1950/1562/638
f 1950/1562/638 1959/1564/648 1951/1561/647
f 1951/1521/647 1952/1492/640 1944/1563/631
f 1952/1492/640 1961/1493/649 1953/1505/642
f 1953/1564/642 1962/1568/656 1954/1565/650
f 1954/1565/650 1963/1569/651 1955/1570/643
f 1963/1493/651 1956/1567/644 1955/1500/643
f 1964/1494/1 1957/1511/645 1956/1567/644
f 1957/1570/645 1966/1568/660 1958/1565/646
f 1958/1565/646 1967/1571/653 1959/1564/648
f 1967/1502/653 1952/1492/640 1959/1503/648
f 1960/1494/5 1969/1572/655 1961/1493/649
f 1961/1571/649 1970/1573/657 1962/1568/656
f 1970/1573/657 1963/1569/651 1962/1568/656
f 1971/1574/658 1964/1494/1 1963/1493/651
f 1964/1494/1 1973/1575/659 1965/1502/652
f 1965/1569/652 1974/1573/661 1966/1568/660
f 1974/1573/661 1967/1571/653 1966/1568/660
f 1975/1576/669 1960/1494/5 1967/1502/653
f 1976/1577/662 1969/1572/655 1968/1578/654
f 1969/1579/655 1978/1580/663 1970/1573/657
f 1970/1573/657 1979/1581/664 1971/1582/658
f 1971/1574/658 1980/1583/666 1972/1584/665
f 1980/1583/666 1973/1575/659 1972/1584/665
f 1973/1582/659 1982/1580/668 1974/1573/661
f 1982/1580/668 1975/1579/669 1974/1573/661
f 1975/1576/669 1976/1577/662 1968/1578/654
f 1984/1585/41 1977/1586/670 1976/1577/662
f 1985/1587/676 1978/1580/663 1977/1588/670
f 1978/1580/663 1987/1589/678 1979/1581/664
f 1979/1590/664 1988/1591/51 1980/1583/666
f 1988/1591/51 1981/1592/667 1980/1583/666
f 1989/1589/681 1982/1580/668 1981/1581/667
f 1982/1580/668 1991/1587/673 1983/1588/674
f 1991/1593/673 1976/1577/662 1983/1594/674
f 1992/1595/685 1985/1596/676 1984/1585/41
f 1993/1597/888 1986/1598/671 1985/1587/676
f 1986/1598/671 1995/1599/688 1987/1589/678
f 1995/1600/688 1988/1591/51 1987/1601/678
f 1988/1591/51 1997/1602/680 1989/1603/681
f 1997/1599/680 1990/1598/672 1989/1589/681
f 1990/1598/672 1999/1597/889 1991/1587/673
f 1991/1593/673 1992/1595/685 1984/1585/41
f 1992/1595/685 2001/1604/693 1993/1605/888
f 1993/1597/888 2002/1606/686 1994/1607/677
f 2002/1606/686 1995/1599/688 1994/1607/677
f 1995/1600/688 2004/1608/689 1996/1609/679
f 2004/1608/689 1997/1602/680 1996/1609/679
f 1997/1599/680 2006/1606/690 1998/1607/682
f 2006/1606/690 1999/1597/889 1998/1607/682
f 1999/1610/889 2000/1611/684 1992/1595/685
f 2000/1611/684 2009/1612/692 2001/1604/693
f 2009/1613/692 2002/1606/686 2001/1614/693
f 2010/1615/694 2003/1616/687 2002/1606/686
f 2003/1617/687 2012/1618/696 2004/1608/689
f 2012/1618/696 2005/1619/697 2004/1608/689
f 2005/1616/697 2014/1615/699 2006/1606/690
f 2006/1606/690 2015/1613/700 2007/1614/691
f 2015/1620/700 2000/1611/684 2007/1621/691
f 2016/1530/708 2009/1540/692 2008/1622/701
f 2017/1623/702 2010/1615/694 2009/1613/692
f 2018/1624/710 2011/1625/695 2010/1615/694
f 2019/1535/703 2012/1626/696 2011/1627/695
f 2012/1626/696 2021/1545/705 2013/1628/698
f 2013/1625/698 2022/1624/714 2014/1615/699
f 2014/1615/699 2023/1623/706 2015/1613/700
f 2023/1547/706 2008/1622/701 2015/1553/700
f 2016/1530/708 2025/1522/901 2017/1541/702
f 2025/1629/901 2018/1624/710 2017/1623/702
f 2018/1624/710 2027/1630/711 2019/1631/703
f 2019/1535/703 2028/1527/712 2020/1537/704
f 2028/1527/712 2021/1545/705 2020/1537/704
f 2029/1630/720 2022/1624/714 2021/1631/705
f 2022/1624/714 2031/1629/890 2023/1623/706
f 2031/1529/890 2016/1530/708 2023/1547/706
f 2024/1531/707 2033/1523/715 2025/1522/901
f 2033/1632/715 2026/1633/716 2025/1629/901
f 2026/1633/716 2035/1634/718 2027/1630/711
f 2027/1536/711 2036/1517/50 2028/1527/712
f 2036/1517/50 2029/1538/720 2028/1527/712
f 2029/1630/720 2038/1635/728 2030/1633/713
f 2030/1633/713 2039/1632/721 2031/1629/890
f 2031/1529/890 2032/1514/40 2024/1531/707
f 2032/1514/40 2041/1504/724 2033/1523/715
f 2041/1636/724 2034/1635/717 2033/1632/715
f 2042/1637/731 2035/1634/718 2034/1635/717
f 2043/1509/725 2036/1517/50 2035/1516/718
f 2044/1510/726 2037/1528/719 2036/1517/50
f 2037/1634/719 2046/1637/729 2038/1635/728
f 2038/1635/728 2047/1636/736 2039/1632/721
f 2039/1520/721 2040/1513/723 2032/1514/40
f 2048/1492/737 2041/1504/724 2040/1513/723
f 2049/1638/730 2042/1637/731 2041/1636/724
f 2042/1637/731 2051/1639/740 2043/1640/725
f 2043/1509/725 2052/1501/733 2044/1510/726
f 2044/1510/726 2053/1641/741 2045/1518/902
f 2053/1639/741 2046/1637/729 2045/1640/902
f 2046/1637/729 2055/1638/735 2047/1636/736
f 2055/1642/735 2040/1513/723 2047/1521/736
f 2056/1494/3 2049/1643/730 2048/1492/737
f 2057/1644/738 2050/1645/732 2049/1638/730
f 2058/1646/739 2051/1639/740 2050/1645/732
f 2051/1647/740 2060/1494/54 2052/1501/733
f 2060/1494/54 2053/1641/741 2052/1501/733
f 2053/1639/741 2062/1646/903 2054/1645/734
f 2062/1646/903 2055/1638/735 2054/1645/734
f 2063/1502/744 2048/1492/737 2055/1642/735
f 2064/1578/566 2057/1493/738 2056/1494/3
f 2057/1644/738 2066/1648/746 2058/1646/739
f 2058/1646/739 2067/1649/748 2059/1650/747
f 2067/1574/748 2060/1494/54 2059/1493/747
f 2060/1494/54 2069/1575/749 2061/1502/742
f 2069/1649/749 2062/1646/903 2061/1650/742
f 2062/1646/903 2071/1651/750 2063/1644/744
f 2071/1576/750 2056/1494/3 2063/1502/744
f 2072/1577/577 2065/1572/745 2064/1578/566
f 2073/1652/758 2066/1648/746 2065/1651/745
f 2074/1653/751 2067/1649/748 2066/1648/746
f 2075/1590/752 2068/1584/573 2067/1574/748
f 2068/1584/573 2077/1592/753 2069/1575/749
f 2069/1649/749 2078/1653/755 2070/1648/754
f 2078/1653/755 2071/1651/750 2070/1648/754
f 2071/1576/750 2072/1577/577 2064/1578/566
f 2080/1654/52 2073/1586/758 2072/1577/577
f 2073/1652/758 2082/1655/764 2074/1653/751
f 2082/1655/764 2075/1656/752 2074/1653/751
f 2075/1590/752 2084/1591/38 2076/1583/580
f 2084/1591/38 2077/1592/753 2076/1583/580
f 2085/1657/760 2078/1653/755 2077/1656/753
f 2078/1653/755 2087/1658/762 2079/1652/756
f 2079/1594/756 2080/1654/52 2072/1577/577
f 2088/1595/591 2081/1596/757 2080/1654/52
f 2089/1659/763 2082/1655/764 2081/1658/757
f 2082/1655/764 2091/1660/765 2083/1657/759
f 2083/1661/759 2092/1609/587 2084/1591/38
f 2092/1609/587 2085/1662/760 2084/1591/38
f 2093/1660/766 2086/1655/761 2085/1657/760
f 2086/1655/761 2095/1659/771 2087/1658/762
f 2087/1593/762 2088/1595/591 2080/1654/52
f 2096/1611/597 2089/1605/763 2088/1595/591
f 2089/1659/763 2098/1663/768 2090/1664/769
f 2098/1663/768 2091/1660/765 2090/1664/769
f 2091/1600/765 2100/1608/602 2092/1609/587
f 2100/1608/602 2093/1602/766 2092/1609/587
f 2101/1665/775 2094/1664/767 2093/1660/766
f 2102/1663/770 2095/1659/771 2094/1664/767
f 2095/1610/771 2096/1611/597 2088/1595/591
f 2104/1666/613 2097/1604/772 2096/1611/597
f 2097/1667/772 2106/1668/773 2098/1663/768
f 2098/1663/768 2107/1669/780 2099/1665/774
f 2099/1617/774 2108/1670/601 2100/1608/602
f 2108/1670/601 2101/1619/775 2100/1608/602
f 2109/1669/781 2102/1663/770 2101/1665/775
f 2110/1668/776 2103/1667/777 2102/1663/770
f 2111/1671/784 2096/1611/597 2103/1621/777
f 2112/1611/614 2105/1612/778 2104/1666/613
f 2113/1672/786 2106/1668/773 2105/1673/778
f 2106/1668/773 2115/1674/788 2107/1669/780
f 2115/1617/788 2108/1670/601 2107/1675/780
f 2108/1670/601 2117/1619/782 2109/1676/781
f 2117/1674/782 2110/1668/776 2109/1669/781
f 2118/1677/783 2111/1673/784 2110/1668/776
f 2111/1671/784 2112/1611/614 2104/1666/613
f 2120/1595/621 2113/1678/786 2112/1611/614
f 2121/1679/785 2114/1677/779 2113/1672/786
f 2114/1677/779 2123/1680/789 2115/1674/788
f 2123/1600/789 2116/1608/609 2115/1617/788
f 2124/1609/626 2117/1619/782 2116/1608/609
f 2125/1680/790 2118/1677/783 2117/1674/782
f 2118/1677/783 2127/1679/896 2119/1672/792
f 2119/1681/792 2120/1595/621 2112/1611/614
f 2120/1595/621 2129/1596/798 2121/1605/785
f 2129/1682/798 2122/1683/787 2121/1679/785
f 2130/1684/793 2123/1680/789 2122/1683/787
f 2123/1600/789 2132/1591/39 2124/1609/626
f 2124/1609/626 2133/1603/795 2125/1602/790
f 2125/1680/790 2134/1684/797 2126/1683/796
f 2134/1684/797 2127/1679/896 2126/1683/796
f 2135/1593/803 2120/1595/621 2127/1610/896
f 2136/1685/635 2129/1596/798 2128/1585/53
f 2129/1682/798 2138/1686/799 2130/1684/793
f 2138/1686/799 2131/1687/794 2130/1684/793
f 2131/1601/794 2140/1583/631 2132/1591/39
f 2132/1591/39 2141/1688/801 2133/1603/795
f 2133/1687/795 2142/1686/809 2134/1684/797
f 2142/1686/809 2135/1682/803 2134/1684/797
f 2143/1594/802 2128/1585/53 2135/1593/803
f 2136/1685/635 2145/1572/805 2137/1586/804
f 2145/1689/805 2138/1686/799 2137/1690/804
f 2138/1686/799 2147/1691/807 2139/1692/800
f 2139/1693/800 2148/1584/640 2140/1583/631
f 2140/1583/631 2149/1575/812 2141/1688/801
f 2141/1692/801 2150/1694/808 2142/1686/809
f 2142/1686/809 2151/1689/815 2143/1690/802
f 2151/1576/815 2136/1685/635 2143/1594/802
f 2144/1695/644 2153/1493/810 2145/1572/805
f 2145/1689/805 2154/1696/817 2146/1694/806
f 2146/1694/806 2155/1697/811 2147/1691/807
f 2147/1574/807 2156/1494/5 2148/1584/640
f 2156/1494/5 2149/1575/812 2148/1584/640
f 2149/1691/812 2158/1696/820 2150/1694/808
f 2158/1696/820 2151/1689/815 2150/1694/808
f 2159/1502/814 2144/1695/644 2151/1576/815
f 2160/1492/665 2153/1493/810 2152/1494/1
f 2161/1698/821 2154/1696/817 2153/1699/810
f 2154/1696/817 2163/1700/818 2155/1697/811
f 2163/1500/818 2156/1494/5 2155/1493/811
f 2156/1494/5 2165/1511/825 2157/1502/813
f 2165/1700/825 2158/1696/820 2157/1697/813
f 2166/1701/819 2159/1699/814 2158/1696/820
f 2167/1503/827 2152/1494/1 2159/1502/814
f 2168/1513/666 2161/1505/821 2160/1492/665
f 2169/1702/829 2162/1701/816 2161/1698/821
f 2170/1703/822 2163/1700/818 2162/1701/816
f 2171/1509/823 2164/1567/654 2163/1500/818
f 2164/1567/654 2173/1518/824 2165/1511/825
f 2165/1700/825 2174/1703/832 2166/1701/819
f 2166/1701/819 2175/1702/826 2167/1698/827
f 2175/1704/826 2160/1492/665 2167/1503/827
f 2176/1514/51 2169/1705/829 2168/1513/666
f 2169/1702/829 2178/1706/835 2170/1703/822
f 2178/1706/835 2171/1707/823 2170/1703/822
f 2179/1516/830 2172/1708/662 2171/1509/823
f 2172/1708/662 2181/1528/837 2173/1518/824
f 2173/1707/824 2182/1706/831 2174/1703/832
f 2182/1706/831 2175/1702/826 2174/1703/832
f 2183/1520/833 2168/1513/666 2175/1704/826
f 2176/1514/51 2185/1522/834 2177/1523/828
f 2177/1709/828 2186/1710/841 2178/1706/835
f 2178/1706/835 2187/1711/836 2179/1712/830
f 2179/1516/830 2188/1527/685 2180/1517/41
f 2188/1527/685 2181/1528/837 2180/1517/41
f 2189/1711/838 2182/1706/831 2181/1712/837
f 2190/1710/843 2183/1709/833 2182/1706/831
f 2183/1520/833 2184/1531/679 2176/1514/51
f 2192/1530/689 2185/1522/834 2184/1531/679
f 2193/1713/846 2186/1710/841 2185/1714/834
f 2194/1715/840 2187/1711/836 2186/1710/841
f 2195/1716/848 2188/1527/685 2187/1536/836
f 2196/1537/684 2189/1538/838 2188/1527/685
f 2197/1717/842 2190/1710/843 2189/1711/838
f 2190/1710/843 2199/1713/845 2191/1714/839
f 2191/1529/839 2192/1530/689 2184/1531/679
f 2192/1530/689 2201/1540/852 2193/1541/846
f 2201/1718/852 2194/1715/840 2193/1713/846
f 2194/1715/840 2203/1719/855 2195/1717/848
f 2203/1627/855 2196/1537/684 2195/1716/848
f 2196/1537/684 2205/1628/849 2197/1720/842
f 2205/1719/849 2198/1715/844 2197/1717/842
f 2206/1721/850 2199/1713/845 2198/1715/844
f 2207/1553/851 2192/1530/689 2199/1547/845
f 2208/1611/704 2201/1612/852 2200/1722/696
f 2209/1723/853 2202/1721/847 2201/1718/852
f 2202/1721/847 2211/1724/859 2203/1719/855
f 2211/1617/859 2204/1618/701 2203/1675/855
f 2212/1608/708 2205/1725/849 2204/1618/701
f 2205/1719/849 2214/1726/857 2206/1721/850
f 2214/1726/857 2207/1718/851 2206/1721/850
f 2215/1621/862 2200/1722/696 2207/1620/851
f 2216/1595/712 2209/1604/853 2208/1611/704
f 2217/1727/863 2210/1726/854 2209/1723/853
f 2218/1728/858 2211/1724/859 2210/1726/854
f 2219/1600/860 2212/1608/708 2211/1617/859
f 2212/1608/708 2221/1602/867 2213/1619/856
f 2221/1729/867 2214/1726/857 2213/1724/856
f 2222/1728/861 2215/1723/862 2214/1726/857
f 2223/1610/900 2208/1611/704 2215/1621/862
f 2224/1585/50 2217/1605/863 2216/1595/712
f 2217/1727/863 2226/1730/865 2218/1728/858
f 2218/1728/858 2227/1731/873 2219/1729/860
f 2227/1601/873 2220/1609/707 2219/1600/860
f 2228/1732/40 2221/1602/867 2220/1609/707
f 2229/1731/866 2222/1728/861 2221/1729/867
f 2230/1730/868 2223/1727/900 2222/1728/861
f 2223/1610/900 2224/1585/50 2216/1595/712
f 2232/1577/726 2225/1733/864 2224/1585/50
f 2225/1734/864 2234/1735/872 2226/1730/865
f 2234/1735/872 2227/1731/873 2226/1730/865
f 2227/1601/873 2236/1583/723 2228/1732/40
f 2236/1583/723 2229/1603/866 2228/1732/40
f 2229/1731/866 2238/1735/876 2230/1730/868
f 2238/1735/876 2231/1734/869 2230/1730/868
f 2239/1594/882 2224/1585/50 2231/1736/869
f 2240/1578/733 2233/1586/871 2232/1577/726
f 2241/1737/877 2234/1735/872 2233/1738/871
f 2242/1739/878 2235/1740/874 2234/1735/872
f 2235/1590/874 2244/1584/737 2236/1583/723
f 2236/1583/723 2245/1741/880 2237/1592/875
f 2245/1742/880 2238/1735/876 2237/1740/875
f 2238/1735/876 2247/1737/883 2239/1738/882
f 2247/1743/883 2232/1577/726 2239/1594/882
f 1864/1494/54 2241/1744/877 2240/1578/733
f 1865/1497/561 2242/1739/878 2241/1737/877
f 2242/1739/878 1867/1499/564 2243/1742/879
f 1867/1493/564 2244/1584/737 2243/1745/879
f 1868/1494/3 2245/1741/880 2244/1584/737
f 1869/1499/567 2246/1739/881 2245/1742/880
f 1870/1496/569 2247/1737/883 2246/1739/881
f 2247/1743/883 1864/1494/54 2240/1578/733
f 3024/1492/573 3017/1493/561 3016/1494/54
f 3017/1497/561 3026/1498/562 3018/1496/563
f 3018/1496/563 3027/1508/565 3019/1499/564
f 3027/1500/565 3020/1494/3 3019/1493/564
f 3028/1501/566 3021/1502/567 3020/1494/3
f 3021/1499/567 3030/1498/570 3022/1496/569
f 3030/1498/570 3023/1497/571 3022/1496/569
f 3031/1503/572 3016/1494/54 3023/1502/571
f 3032/1513/580 3025/1505/560 3024/1492/573
f 3033/1506/574 3026/1498/562 3025/1495/560
f 3034/1507/575 3027/1508/565 3026/1498/562
f 3035/1509/576 3028/1501/566 3027/1500/565
f 3036/1510/577 3029/1511/568 3028/1501/566
f 3029/1508/568 3038/1507/578 3030/1498/570
f 3038/1507/578 3031/1495/572 3030/1498/570
f 3031/1503/572 3032/1513/580 3024/1492/573
f 3040/1514/38 3033/1504/574 3032/1513/580
f 3033/1506/574 3042/1515/581 3034/1507/575
f 3042/1515/581 3035/1512/576 3034/1507/575
f 3035/1509/576 3044/1517/52 3036/1510/577
f 3044/1517/52 3037/1518/583 3036/1510/577
f 3045/1519/584 3038/1507/578 3037/1512/583
f 3046/1515/585 3039/1506/579 3038/1507/578
f 3047/1520/586 3032/1513/580 3039/1521/579
f 3040/1514/38 3049/1522/884 3041/1523/588
f 3049/1524/884 3042/1515/581 3041/1525/588
f 3050/1526/595 3043/1519/582 3042/1515/581
f 3043/1516/582 3052/1527/591 3044/1517/52
f 3052/1527/591 3045/1528/584 3044/1517/52
f 3053/1534/598 3046/1515/585 3045/1519/584
f 3054/1526/592 3047/1525/586 3046/1515/585
f 3055/1529/593 3040/1514/38 3047/1520/586
f 3056/1530/602 3049/1522/884 3048/1531/587
f 3057/1532/594 3050/1526/595 3049/1524/884
f 3050/1526/595 3059/1533/605 3051/1534/590
f 3051/1536/590 3060/1537/597 3052/1527/591
f 3052/1527/591 3061/1545/599 3053/1538/598
f 3061/1533/599 3054/1526/592 3053/1534/598
f 3062/1539/607 3055/1524/593 3054/1526/592
f 3063/1547/600 3048/1531/587 3055/1529/593
f 3056/1530/602 3065/1540/603 3057/1541/594
f 3065/1542/603 3058/1539/596 3057/1532/594
f 3066/1543/611 3059/1533/605 3058/1539/596
f 3059/1535/605 3068/1544/613 3060/1537/597
f 3068/1544/613 3061/1545/599 3060/1537/597
f 3069/1546/606 3062/1539/607 3061/1533/599
f 3062/1539/607 3071/1542/608 3063/1532/600
f 3071/1553/608 3056/1530/602 3063/1547/600
f 3064/1622/601 3073/1541/618 3065/1540/603
f 3073/1554/618 3066/1543/611 3065/1542/603
f 3066/1543/611 3075/1550/612 3067/1546/604
f 3075/1535/612 3068/1544/613 3067/1551/604
f 3076/1537/614 3069/1552/606 3068/1544/613
f 3077/1550/622 3070/1543/616 3069/1546/606
f 3078/1549/615 3071/1542/608 3070/1543/616
f 3079/1547/625 3064/1622/601 3071/1553/608
f 3072/1530/609 3081/1522/886 3073/1541/618
f 3073/1554/618 3082/1555/619 3074/1549/610
f 3074/1549/610 3083/1556/620 3075/1550/612
f 3075/1535/612 3084/1527/621 3076/1537/614
f 3076/1537/614 3085/1538/623 3077/1545/622
f 3077/1550/622 3086/1555/630 3078/1549/615
f 3086/1555/630 3079/1554/625 3078/1549/615
f 3087/1529/624 3072/1530/609 3079/1547/625
f 3080/1531/626 3089/1523/627 3081/1522/886
f 3089/1558/627 3082/1555/619 3081/1557/886
f 3090/1559/628 3083/1556/620 3082/1555/619
f 3083/1536/620 3092/1517/53 3084/1527/621
f 3092/1517/53 3085/1538/623 3084/1527/621
f 3093/1560/636 3086/1555/630 3085/1556/623
f 3086/1555/630 3095/1558/639 3087/1557/624
f 3095/1520/639 3080/1531/626 3087/1529/624
f 3096/1563/631 3089/1523/627 3088/1514/39
f 3097/1561/641 3090/1559/628 3089/1558/627
f 3098/1562/632 3091/1560/633 3090/1559/628
f 3091/1516/633 3100/1510/635 3092/1517/53
f 3100/1510/635 3093/1528/636 3092/1517/53
f 3093/1560/636 3102/1562/638 3094/1559/629
f 3094/1559/629 3103/1561/647 3095/1558/639
f 3103/1521/647 3088/1514/39 3095/1520/639
f 3104/1492/640 3097/1504/641 3096/1563/631
f 3105/1564/642 3098/1562/632 3097/1561/641
f 3106/1565/650 3099/1566/634 3098/1562/632
f 3099/1509/634 3108/1567/644 3100/1510/635
f 3108/1567/644 3101/1518/637 3100/1510/635
f 3101/1566/637 3110/1565/646 3102/1562/638
f 3102/1562/638 3111/1564/648 3103/1561/647
f 3111/1503/648 3096/1563/631 3103/1521/647
f 3112/1494/5 3105/1505/642 3104/1492/640
f 3113/1571/649 3106/1565/650 3105/1564/642
f 3114/1568/656 3107/1570/643 3106/1565/650
f 3107/1500/643 3116/1494/1 3108/1567/644
f 3116/1494/1 3109/1511/645 3108/1567/644
f 3109/1570/645 3118/1568/660 3110/1565/646
f 3110/1565/646 3119/1571/653 3111/1564/648
f 3119/1502/653 3104/1492/640 3111/1503/648
f 3112/1494/5 3121/1572/655 3113/1493/649
f 3121/1579/655 3114/1568/656 3113/1571/649
f 3114/1568/656 3123/1582/658 3115/1569/651
f 3123/1574/658 3116/1494/1 3115/1493/651
f 3116/1494/1 3125/1575/659 3117/1502/652
f 3125/1582/659 3118/1568/660 3117/1569/652
f 3126/1573/661 3119/1571/653 3118/1568/660
f 3127/1576/669 3112/1494/5 3119/1502/653
f 3128/1577/662 3121/1572/655 3120/1578/654
f 3121/1579/655 3130/1580/663 3122/1573/657
f 3122/1573/657 3131/1581/664 3123/1582/658
f 3131/1590/664 3124/1584/665 3123/1574/658
f 3124/1584/665 3133/1592/667 3125/1575/659
f 3125/1582/659 3134/1580/668 3126/1573/661
f 3134/1580/668 3127/1579/669 3126/1573/661
f 3127/1576/669 3128/1577/662 3120/1578/654
f 3136/1585/41 3129/1586/670 3128/1577/662
f 3129/1588/670 3138/1598/671 3130/1580/663
f 3130/1580/663 3139/1589/678 3131/1581/664
f 3131/1590/664 3140/1591/51 3132/1583/666
f 3140/1591/51 3133/1592/667 3132/1583/666
f 3141/1589/681 3134/1580/668 3133/1581/667
f 3142/1598/672 3135/1588/674 3134/1580/668
f 3135/1594/674 3136/1585/41 3128/1577/662
f 3136/1585/41 3145/1605/888 3137/1596/676
f 3145/1597/888 3138/1598/671 3137/1587/676
f 3138/1598/671 3147/1599/688 3139/1589/678
f 3147/1600/688 3140/1591/51 3139/1601/678
f 3140/1591/51 3149/1602/680 3141/1603/681
f 3149/1599/680 3142/1598/672 3141/1589/681
f 3150/1607/682 3143/1587/673 3142/1598/672
f 3151/1610/889 3136/1585/41 3143/1593/673
f 3152/1611/684 3145/1605/888 3144/1595/685
f 3153/1614/693 3146/1607/677 3145/1597/888
f 3154/1606/686 3147/1599/688 3146/1607/677
f 3147/1600/688 3156/1608/689 3148/1609/679
f 3148/1609/679 3157/1619/697 3149/1602/680
f 3157/1616/697 3150/1607/682 3149/1599/680
f 3150/1607/682 3159/1614/691 3151/1597/889
f 3151/1610/889 3152/1611/684 3144/1595/685
f 3152/1611/684 3161/1612/692 3153/1604/693
f 3153/1614/693 3162/1615/694 3154/1606/686
f 3154/1606/686 3163/1625/695 3155/1616/687
f 3155/1617/687 3164/1618/696 3156/1608/689
f 3164/1618/696 3157/1619/697 3156/1608/689
f 3165/1625/698 3158/1606/690 3157/1616/697
f 3158/1606/690 3167/1613/700 3159/1614/691
f 3167/1620/700 3152/1611/684 3159/1621/691
f 3160/1622/701 3169/1541/702 3161/1540/692
f 3169/1623/702 3162/1615/694 3161/1613/692
f 3170/1624/710 3163/1625/695 3162/1615/694
f 3163/1627/695 3172/1537/704 3164/1626/696
f 3172/1537/704 3165/1628/698 3164/1626/696
f 3173/1631/705 3166/1615/699 3165/1625/698
f 3166/1615/699 3175/1623/706 3167/1613/700
f 3167/1553/700 3168/1530/708 3160/1622/701
f 3168/1530/708 3177/1522/901 3169/1541/702
f 3177/1629/901 3170/1624/710 3169/1623/702
f 3170/1624/710 3179/1630/711 3171/1631/703
f 3171/1535/703 3180/1527/712 3172/1537/704
f 3180/1527/712 3173/1545/705 3172/1537/704
f 3181/1630/720 3174/1624/714 3173/1631/705
f 3174/1624/714 3183/1629/890 3175/1623/706
f 3183/1529/890 3168/1530/708 3175/1547/706
f 3184/1514/40 3177/1522/901 3176/1531/707
f 3177/1629/901 3186/1635/717 3178/1633/716
f 3178/1633/716 3187/1634/718 3179/1630/711
f 3179/1536/711 3188/1517/50 3180/1527/712
f 3188/1517/50 3181/1538/720 3180/1527/712
f 3189/1634/719 3182/1633/713 3181/1630/720
f 3182/1633/713 3191/1632/721 3183/1629/890
f 3183/1529/890 3184/1514/40 3176/1531/707
f 3184/1514/40 3193/1504/724 3185/1523/715
f 3185/1632/715 3194/1637/731 3186/1635/717
f 3194/1637/731 3187/1634/718 3186/1635/717
f 3187/1516/718 3196/1510/726 3188/1517/50
f 3188/1517/50 3197/1518/727 3189/1528/719
f 3197/1640/727 3190/1635/728 3189/1634/719
f 3198/1637/729 3191/1632/721 3190/1635/728
f 3191/1520/721 3192/1513/723 3184/1514/40
f 3200/1492/737 3193/1504/724 3192/1513/723
f 3193/1636/724 3202/1645/732 3194/1637/731
f 3194/1637/731 3203/1639/740 3195/1640/725
f 3195/1509/725 3204/1501/733 3196/1510/726
f 3196/1510/726 3205/1641/741 3197/1518/727
f 3205/1639/741 3198/1637/729 3197/1640/727
f 3198/1637/729 3207/1638/735 3199/1636/736
f 3207/1642/735 3192/1513/723 3199/1521/736
f 3208/1494/3 3201/1643/730 3200/1492/737
f 3209/1644/738 3202/1645/732 3201/1638/730
f 3210/1646/739 3203/1639/740 3202/1645/732
f 3211/1493/747 3204/1501/733 3203/1647/740
f 3212/1494/54 3205/1641/741 3204/1501/733
f 3213/1650/742 3206/1645/734 3205/1639/741
f 3214/1646/743 3207/1638/735 3206/1645/734
f 3207/1642/735 3208/1494/3 3200/1492/737
f 3216/1578/566 3209/1493/738 3208/1494/3
f 3209/1644/738 3218/1648/746 3210/1646/739
f 3218/1648/746 3211/1650/747 3210/1646/739
f 3211/1493/747 3220/1584/573 3212/1494/54
f 3220/1584/573 3213/1502/742 3212/1494/54
f 3213/1650/742 3222/1648/754 3214/1646/743
f 3222/1648/754 3215/1644/744 3214/1646/743
f 3215/1502/744 3216/1578/566 3208/1494/3
f 3224/1577/577 3217/1572/745 3216/1578/566
f 3225/1652/758 3218/1648/746 3217/1651/745
f 3226/1653/751 3219/1649/748 3218/1648/746
f 3219/1574/748 3228/1583/580 3220/1584/573
f 3228/1583/580 3221/1575/749 3220/1584/573
f 3221/1649/749 3230/1653/755 3222/1648/754
f 3222/1648/754 3231/1652/756 3223/1651/750
f 3223/1576/750 3224/1577/577 3216/1578/566
f 3232/1654/52 3225/1586/758 3224/1577/577
f 3233/1658/757 3226/1653/751 3225/1652/758
f 3234/1655/764 3227/1656/752 3226/1653/751
f 3227/1590/752 3236/1591/38 3228/1583/580
f 3236/1591/38 3229/1592/753 3228/1583/580
f 3229/1656/753 3238/1655/761 3230/1653/755
f 3238/1655/761 3231/1652/756 3230/1653/755
f 3231/1594/756 3232/1654/52 3224/1577/577
f 3240/1595/591 3233/1596/757 3232/1654/52
f 3241/1659/763 3234/1655/764 3233/1658/757
f 3242/1664/769 3235/1657/759 3234/1655/764
f 3235/1661/759 3244/1609/587 3236/1591/38
f 3244/1609/587 3237/1662/760 3236/1591/38
f 3245/1660/766 3238/1655/761 3237/1657/760
f 3238/1655/761 3247/1659/771 3239/1658/762
f 3239/1593/762 3240/1595/591 3232/1654/52
f 3248/1611/597 3241/1605/763 3240/1595/591
f 3241/1659/763 3250/1663/768 3242/1664/769
f 3242/1664/769 3251/1665/774 3243/1660/765
f 3243/1600/765 3252/1608/602 3244/1609/587
f 3252/1608/602 3245/1602/766 3244/1609/587
f 3253/1665/775 3246/1664/767 3245/1660/766
f 3254/1663/906 3247/1659/771 3246/1664/767
f 3247/1610/771 3248/1611/597 3240/1595/591
f 3256/1666/613 3249/1604/772 3248/1611/597
f 3249/1667/772 3258/1668/773 3250/1663/768
f 3258/1668/773 3251/1665/774 3250/1663/768
f 3259/1751/780 3252/1608/602 3251/1617/774
f 3252/1608/602 3261/1676/781 3253/1619/775
f 3261/1669/781 3254/1663/906 3253/1665/775
f 3254/1663/906 3263/1673/784 3255/1667/777
f 3255/1621/777 3256/1666/613 3248/1611/597
f 3264/1611/614 3257/1612/778 3256/1666/613
f 3257/1673/778 3266/1677/779 3258/1668/773
f 3258/1668/773 3267/1674/788 3259/1669/780
f 3267/1617/788 3260/1618/601 3259/1751/780
f 3260/1618/601 3269/1619/782 3261/1676/781
f 3269/1674/782 3262/1668/776 3261/1669/781
f 3270/1677/783 3263/1673/784 3262/1668/776
f 3263/1671/784 3264/1611/614 3256/1666/613
f 3272/1595/621 3265/1678/786 3264/1611/614
f 3265/1672/786 3274/1683/787 3266/1677/779
f 3266/1677/779 3275/1680/789 3267/1674/788
f 3275/1600/789 3268/1608/609 3267/1617/788
f 3268/1608/609 3277/1602/790 3269/1619/782
f 3269/1674/782 3278/1683/796 3270/1677/783
f 3270/1677/783 3279/1679/791 3271/1672/792
f 3271/1681/792 3272/1595/621 3264/1611/614
f 3280/1585/53 3273/1605/785 3272/1595/621
f 3273/1679/785 3282/1684/793 3274/1683/787
f 3282/1684/793 3275/1680/789 3274/1683/787
f 3275/1600/789 3284/1591/39 3276/1609/626
f 3284/1591/39 3277/1602/790 3276/1609/626
f 3277/1680/790 3286/1684/797 3278/1683/796
f 3278/1683/796 3287/1682/803 3279/1679/791
f 3279/1610/791 3280/1585/53 3272/1595/621
f 3288/1685/635 3281/1596/798 3280/1585/53
f 3281/1682/798 3290/1686/799 3282/1684/793
f 3290/1686/799 3283/1687/794 3282/1684/793
f 3283/1601/794 3292/1583/631 3284/1591/39
f 3284/1591/39 3293/1688/801 3285/1603/795
f 3285/1687/795 3294/1686/809 3286/1684/797
f 3294/1686/809 3287/1682/803 3286/1684/797
f 3295/1594/802 3280/1585/53 3287/1593/803
f 3288/1685/635 3297/1572/805 3289/1586/804
f 3297/1689/805 3290/1686/799 3289/1690/804
f 3298/1694/806 3291/1692/800 3290/1686/799
f 3291/1693/800 3300/1584/640 3292/1583/631
f 3300/1584/640 3293/1688/801 3292/1583/631
f 3293/1692/801 3302/1694/808 3294/1686/809
f 3294/1686/809 3303/1689/815 3295/1690/802
f 3303/1576/815 3288/1685/635 3295/1594/802
f 3304/1494/1 3297/1572/805 3296/1695/644
f 3297/1689/805 3306/1696/817 3298/1694/806
f 3298/1694/806 3307/1697/811 3299/1691/807
f 3299/1574/807 3308/1494/5 3300/1584/640
f 3308/1494/5 3301/1575/812 3300/1584/640
f 3301/1691/812 3310/1696/820 3302/1694/808
f 3310/1696/820 3303/1689/815 3302/1694/808
f 3311/1502/814 3296/1695/644 3303/1576/815
f 3312/1492/665 3305/1493/810 3304/1494/1
f 3305/1699/810 3314/1701/816 3306/1696/817
f 3306/1696/817 3315/1700/818 3307/1697/811
f 3315/1500/818 3308/1494/5 3307/1493/811
f 3316/1567/654 3309/1502/813 3308/1494/5
f 3317/1700/825 3310/1696/820 3309/1697/813
f 3318/1701/819 3311/1699/814 3310/1696/820
f 3319/1503/827 3304/1494/1 3311/1502/814
f 3320/1513/666 3313/1505/821 3312/1492/665
f 3321/1702/829 3314/1701/816 3313/1698/821
f 3322/1703/822 3315/1700/818 3314/1701/816
f 3323/1509/823 3316/1567/654 3315/1500/818
f 3316/1567/654 3325/1518/824 3317/1511/825
f 3317/1700/825 3326/1703/832 3318/1701/819
f 3326/1703/832 3319/1698/827 3318/1701/819
f 3319/1503/827 3320/1513/666 3312/1492/665
f 3328/1514/51 3321/1705/829 3320/1513/666
f 3329/1709/828 3322/1703/822 3321/1702/829
f 3330/1706/835 3323/1707/823 3322/1703/822
f 3331/1516/830 3324/1708/662 3323/1509/823
f 3332/1517/41 3325/1518/824 3324/1708/662
f 3333/1712/837 3326/1703/832 3325/1707/824
f 3334/1706/831 3327/1702/826 3326/1703/832
f 3335/1520/833 3320/1513/666 3327/1704/826
f 3336/1531/679 3329/1523/828 3328/1514/51
f 3329/1709/828 3338/1710/841 3330/1706/835
f 3338/1710/841 3331/1712/830 3330/1706/835
f 3339/1536/836 3332/1517/41 3331/1516/830
f 3340/1527/685 3333/1528/837 3332/1517/41
f 3341/1711/838 3334/1706/831 3333/1712/837
f 3334/1706/831 3343/1714/898 3335/1709/833
f 3335/1520/833 3336/1531/679 3328/1514/51
f 3344/1530/689 3337/1522/897 3336/1531/679
f 3337/1714/897 3346/1715/840 3338/1710/841
f 3338/1710/841 3347/1717/848 3339/1711/836
f 3347/1716/848 3340/1527/685 3339/1536/836
f 3348/1537/684 3341/1538/838 3340/1527/685
f 3341/1711/838 3350/1715/844 3342/1710/843
f 3342/1710/843 3351/1713/845 3343/1714/898
f 3343/1529/898 3344/1530/689 3336/1531/679
f 3352/1622/696 3345/1541/846 3344/1530/689
f 3345/1713/846 3354/1721/847 3346/1715/840
f 3346/1715/840 3355/1719/855 3347/1717/848
f 3355/1627/855 3348/1537/684 3347/1716/848
f 3356/1626/701 3349/1720/842 3348/1537/684
f 3357/1719/849 3350/1715/844 3349/1717/842
f 3358/1721/850 3351/1713/845 3350/1715/844
f 3359/1553/851 3344/1530/689 3351/1547/845
f 3360/1611/704 3353/1612/852 3352/1722/696
f 3361/1723/853 3354/1721/847 3353/1718/852
f 3354/1721/847 3363/1724/859 3355/1719/855
f 3363/1617/859 3356/1618/701 3355/1675/855
f 3356/1618/701 3365/1619/856 3357/1725/849
f 3365/1724/856 3358/1721/850 3357/1719/849
f 3358/1721/850 3367/1723/862 3359/1718/851
f 3359/1620/851 3360/1611/704 3352/1722/696
f 3360/1611/704 3369/1605/907 3361/1604/853
f 3361/1723/853 3370/1728/858 3362/1726/854
f 3370/1728/858 3363/1724/859 3362/1726/854
f 3371/1600/860 3364/1608/708 3363/1617/859
f 3364/1608/708 3373/1602/867 3365/1619/856
f 3373/1729/867 3366/1726/857 3365/1724/856
f 3366/1726/857 3375/1727/900 3367/1723/862
f 3367/1621/862 3368/1595/712 3360/1611/704
f 3376/1585/50 3369/1605/907 3368/1595/712
f 3369/1727/907 3378/1730/865 3370/1728/858
f 3378/1730/865 3371/1729/860 3370/1728/858
f 3379/1601/873 3372/1609/707 3371/1600/860
f 3372/1609/707 3381/1603/866 3373/1602/867
f 3381/1731/866 3374/1728/861 3373/1729/867
f 3382/1730/868 3375/1727/900 3374/1728/861
f 3375/1610/900 3376/1585/50 3368/1595/712
f 3384/1577/726 3377/1733/864 3376/1585/50
f 3385/1738/871 3378/1730/865 3377/1734/864
f 3386/1735/872 3379/1731/873 3378/1730/865
f 3387/1590/874 3380/1732/40 3379/1601/873
f 3380/1732/40 3389/1592/875 3381/1603/866
f 3381/1731/866 3390/1735/876 3382/1730/868
f 3390/1735/876 3383/1734/869 3382/1730/868
f 3391/1594/882 3376/1585/50 3383/1736/869
f 3384/1577/726 3393/1744/877 3385/1586/871
f 3393/1737/877 3386/1735/872 3385/1738/871
f 3394/1739/878 3387/1740/874 3386/1735/872
f 3387/1590/874 3396/1584/737 3388/1583/723
f 3388/1583/723 3397/1741/880 3389/1592/875
f 3389/1740/875 3398/1739/881 3390/1735/876
f 3390/1735/876 3399/1737/883 3391/1738/882
f 3399/1743/883 3384/1577/726 3391/1594/882
f 3392/1578/733 3017/1493/561 3393/1744/877
f 3017/1497/561 3394/1739/878 3393/1737/877
f 3394/1739/878 3019/1499/564 3395/1742/879
f 3019/1493/564 3396/1584/737 3395/1745/879
f 3020/1494/3 3397/1741/880 3396/1584/737
f 3397/1742/880 3022/1496/569 3398/1739/881
f 3022/1496/569 3399/1737/883 3398/1739/881
f 3023/1502/571 3392/1578/733 3399/1743/883
f 1872/1492/573 1873/1505/560 1865/1493/561
f 1873/1495/560 1874/1498/562 1866/1496/563
f 1874/1498/562 1875/1508/565 1867/1499/564
f 1875/1500/565 1876/1501/566 1868/1494/3
f 1876/1501/566 1877/1511/568 1869/1502/567
f 1869/1499/567 1877/1508/568 1878/1498/570
f 1878/1498/570 1879/1495/572 1871/1497/571
f 1879/1503/572 1872/1492/573 1864/1494/54
f 1872/1492/573 1880/1513/580 1881/1504/574
f 1881/1506/574 1882/1507/575 1874/1498/562
f 1882/1507/575 1883/1512/576 1875/1508/565
f 1883/1509/576 1884/1510/577 1876/1501/566
f 1884/1510/577 1885/1518/583 1877/1511/568
f 1885/1512/583 1886/1507/578 1878/1498/570
f 1886/1507/578 1887/1506/579 1879/1495/572
f 1879/1503/572 1887/1521/579 1880/1513/580
f 1888/1514/38 1889/1523/588 1881/1504/574
f 1881/1506/574 1889/1525/588 1890/1515/581
f 1890/1515/581 1891/1519/582 1883/1512/576
f 1891/1516/582 1892/1517/52 1884/1510/577
f 1892/1517/52 1893/1528/584 1885/1518/583
f 1893/1519/584 1894/1515/585 1886/1507/578
f 1894/1515/585 1895/1525/586 1887/1506/579
f 1895/1520/586 1888/1514/38 1880/1513/580
f 1888/1514/38 1896/1531/587 1897/1522/884
f 1897/1524/884 1898/1526/595 1890/1515/581
f 1898/1526/595 1899/1534/590 1891/1519/582
f 1891/1516/582 1899/1536/590 1900/1527/591
f 1900/1527/591 1901/1538/598 1893/1528/584
f 1893/1519/584 1901/1534/598 1902/1526/592
f 1902/1526/592 1903/1524/593 1895/1525/586
f 1903/1529/593 1896/1531/587 1888/1514/38
f 1904/1530/602 1905/1541/594 1897/1522/884
f 1905/1532/594 1906/1539/596 1898/1526/595
f 1898/1526/595 1906/1539/596 1907/1533/605
f 1907/1535/605 1908/1537/597 1900/1527/591
f 1908/1537/597 1909/1545/599 1901/1538/598
f 1901/1534/598 1909/1533/599 1910/1539/607
f 1902/1526/592 1910/1539/607 1911/1532/600
f 1903/1529/593 1911/1547/600 1904/1530/602
f 1904/1530/602 1912/1548/601 1913/1540/603
f 1913/1542/603 1914/1543/611 1906/1539/596
f 1914/1543/611 1915/1546/604 1907/1533/605
f 1907/1535/605 1915/1551/604 1916/1544/613
f 1916/1544/613 1917/1552/606 1909/1545/599
f 1917/1546/606 1918/1543/616 1910/1539/607
f 1910/1539/607 1918/1543/616 1919/1542/608
f 1911/1547/600 1919/1553/608 1912/1548/601
f 1920/1530/609 1921/1541/618 1913/1540/603
f 1913/1542/603 1921/1554/618 1922/1549/610
f 1914/1543/611 1922/1549/610 1923/1550/612
f 1923/1535/612 1924/1537/614 1916/1544/613
f 1924/1537/614 1925/1545/622 1917/1552/606
f 1925/1550/622 1926/1549/615 1918/1543/616
f 1926/1549/615 1927/1554/625 1919/1542/608
f 1919/1553/608 1927/1547/625 1920/1530/609
f 1920/1530/609 1928/1531/626 1929/1522/617
f 1921/1554/618 1929/1557/617 1930/1555/619
f 1930/1555/619 1931/1556/620 1923/1550/612
f 1923/1535/612 1931/1536/620 1932/1527/621
f 1932/1527/621 1933/1538/623 1925/1545/622
f 1933/1556/623 1934/1555/630 1926/1549/615
f 1926/1549/615 1934/1555/630 1935/1557/887
f 1935/1529/887 1928/1531/626 1920/1530/609
f 1928/1531/626 1936/1514/39 1937/1523/627
f 1937/1558/627 1938/1559/628 1930/1555/619
f 1938/1559/628 1939/1560/633 1931/1556/620
f 1931/1536/620 1939/1516/633 1940/1517/53
f 1940/1517/53 1941/1528/636 1933/1538/623
f 1941/1560/636 1942/1559/629 1934/1555/630
f 1942/1559/629 1943/1558/639 1935/1557/887
f 1943/1520/639 1936/1514/39 1928/1531/626
f 1936/1514/39 1944/1563/631 1945/1504/641
f 1945/1561/641 1946/1562/632 1938/1559/628
f 1946/1562/632 1947/1566/634 1939/1560/633
f 1939/1516/633 1947/1509/634 1948/1510/635
f 1948/1510/635 1949/1518/637 1941/1528/636
f 1941/1560/636 1949/1566/637 1950/1562/638
f 1942/1559/629 1950/1562/638 1951/1561/647
f 1943/1520/639 1951/1521/647 1944/1563/631
f 1944/1563/631 1952/1492/640 1953/1505/642
f 1953/1564/642 1954/1565/650 1946/1562/632
f 1954/1565/650 1955/1570/643 1947/1566/634
f 1947/1509/634 1955/1500/643 1956/1567/644
f 1956/1567/644 1957/1511/645 1949/1518/637
f 1949/1566/637 1957/1570/645 1958/1565/646
f 1950/1562/638 1958/1565/646 1959/1564/648
f 1951/1521/647 1959/1503/648 1952/1492/640
f 1952/1492/640 1960/1494/5 1961/1493/649
f 1953/1564/642 1961/1571/649 1962/1568/656
f 1954/1565/650 1962/1568/656 1963/1569/651
f 1963/1493/651 1964/1494/1 1956/1567/644
f 1964/1494/1 1965/1502/652 1957/1511/645
f 1957/1570/645 1965/1569/652 1966/1568/660
f 1958/1565/646 1966/1568/660 1967/1571/653
f 1967/1502/653 1960/1494/5 1952/1492/640
f 1960/1494/5 1968/1578/654 1969/1572/655
f 1961/1571/649 1969/1579/655 1970/1573/657
f 1970/1573/657 1971/1582/658 1963/1569/651
f 1971/1574/658 1972/1584/665 1964/1494/1
f 1964/1494/1 1972/1584/665 1973/1575/659
f 1965/1569/652 1973/1582/659 1974/1573/661
f 1974/1573/661 1975/1579/669 1967/1571/653
f 1975/1576/669 1968/1578/654 1960/1494/5
f 1976/1577/662 1977/1586/670 1969/1572/655
f 1969/1579/655 1977/1588/670 1978/1580/663
f 1970/1573/657 1978/1580/663 1979/1581/664
f 1971/1574/658 1979/1590/664 1980/1583/666
f 1980/1583/666 1981/1592/667 1973/1575/659
f 1973/1582/659 1981/1581/667 1982/1580/668
f 1982/1580/668 1983/1588/674 1975/1579/669
f 1975/1576/669 1983/1594/674 1976/1577/662
f 1984/1585/41 1985/1596/676 1977/1586/670
f 1985/1587/676 1986/1598/671 1978/1580/663
f 1978/1580/663 1986/1598/671 1987/1589/678
f 1979/1590/664 1987/1601/678 1988/1591/51
f 1988/1591/51 1989/1603/681 1981/1592/667
f 1989/1589/681 1990/1598/672 1982/1580/668
f 1982/1580/668 1990/1598/672 1991/1587/673
f 1991/1593/673 1984/1585/41 1976/1577/662
f 1992/1595/685 1993/1605/888 1985/1596/676
f 1993/1597/888 1994/1607/677 1986/1598/671
f 1986/1598/671 1994/1607/677 1995/1599/688
f 1995/1600/688 1996/1609/679 1988/1591/51
f 1988/1591/51 1996/1609/679 1997/1602/680
f 1997/1599/680 1998/1607/682 1990/1598/672
f 1990/1598/672 1998/1607/682 1999/1597/889
f 1991/1593/673 1999/1610/889 1992/1595/685
f 1992/1595/685 2000/1611/684 2001/1604/693
f 1993/1597/888 2001/1614/693 2002/1606/686
f 2002/1606/686 2003/1616/687 1995/1599/688
f 1995/1600/688 2003/1617/687 2004/1608/689
f 2004/1608/689 2005/1619/697 1997/1602/680
f 1997/1599/680 2005/1616/697 2006/1606/690
f 2006/1606/690 2007/1614/691 1999/1597/889
f 1999/1610/889 2007/1621/691 2000/1611/684
f 2000/1611/684 2008/1722/701 2009/1612/692
f 2009/1613/692 2010/1615/694 2002/1606/686
f 2010/1615/694 2011/1625/695 2003/1616/687
f 2003/1617/687 2011/1675/695 2012/1618/696
f 2012/1618/696 2013/1725/698 2005/1619/697
f 2005/1616/697 2013/1625/698 2014/1615/699
f 2006/1606/690 2014/1615/699 2015/1613/700
f 2015/1620/700 2008/1722/701 2000/1611/684
f 2016/1530/708 2017/1541/702 2009/1540/692
f 2017/1623/702 2018/1624/710 2010/1615/694
f 2018/1624/710 2019/1631/703 2011/1625/695
f 2019/1535/703 2020/1537/704 2012/1626/696
f 2012/1626/696 2020/1537/704 2021/1545/705
f 2013/1625/698 2021/1631/705 2022/1624/714
f 2014/1615/699 2022/1624/714 2023/1623/706
f 2023/1547/706 2016/1530/708 2008/1622/701
f 2016/1530/708 2024/1531/707 2025/1522/901
f 2025/1629/901 2026/1633/716 2018/1624/710
f 2018/1624/710 2026/1633/716 2027/1630/711
f 2019/1535/703 2027/1536/711 2028/1527/712
f 2028/1527/712 2029/1538/720 2021/1545/705
f 2029/1630/720 2030/1633/713 2022/1624/714
f 2022/1624/714 2030/1633/713 2031/1629/890
f 2031/1529/890 2024/1531/707 2016/1530/708
f 2024/1531/707 2032/1514/40 2033/1523/715
f 2033/1632/715 2034/1635/717 2026/1633/716
f 2026/1633/716 2034/1635/717 2035/1634/718
f 2027/1536/711 2035/1516/718 2036/1517/50
f 2036/1517/50 2037/1528/719 2029/1538/720
f 2029/1630/720 2037/1634/719 2038/1635/728
f 2030/1633/713 2038/1635/728 2039/1632/721
f 2031/1529/890 2039/1520/721 2032/1514/40
f 2032/1514/40 2040/1513/723 2041/1504/724
f 2041/1636/724 2042/1637/731 2034/1635/717
f 2042/1637/731 2043/1640/725 2035/1634/718
f 2043/1509/725 2044/1510/726 2036/1517/50
f 2044/1510/726 2045/1518/902 2037/1528/719
f 2037/1634/719 2045/1640/902 2046/1637/729
f 2038/1635/728 2046/1637/729 2047/1636/736
f 2039/1520/721 2047/1521/736 2040/1513/723
f 2048/1492/737 2049/1643/730 2041/1504/724
f 2049/1638/730 2050/1645/732 2042/1637/731
f 2042/1637/731 2050/1645/732 2051/1639/740
f 2043/1509/725 2051/1647/740 2052/1501/733
f 2044/1510/726 2052/1501/733 2053/1641/741
f 2053/1639/741 2054/1645/734 2046/1637/729
f 2046/1637/729 2054/1645/734 2055/1638/735
f 2055/1642/735 2048/1492/737 2040/1513/723
f 2056/1494/3 2057/1493/738 2049/1643/730
f 2057/1644/738 2058/1646/739 2050/1645/732
f 2058/1646/739 2059/1650/747 2051/1639/740
f 2051/1647/740 2059/1493/747 2060/1494/54
f 2060/1494/54 2061/1502/742 2053/1641/741
f 2053/1639/741 2061/1650/742 2062/1646/903
f 2062/1646/903 2063/1644/744 2055/1638/735
f 2063/1502/744 2056/1494/3 2048/1492/737
f 2064/1578/566 2065/1572/745 2057/1493/738
f 2057/1644/738 2065/1651/745 2066/1648/746
f 2058/1646/739 2066/1648/746 2067/1649/748
f 2067/1574/748 2068/1584/573 2060/1494/54
f 2060/1494/54 2068/1584/573 2069/1575/749
f 2069/1649/749 2070/1648/754 2062/1646/903
f 2062/1646/903 2070/1648/754 2071/1651/750
f 2071/1576/750 2064/1578/566 2056/1494/3
f 2072/1577/577 2073/1586/758 2065/1572/745
f 2073/1652/758 2074/1653/751 2066/1648/746
f 2074/1653/751 2075/1656/752 2067/1649/748
f 2075/1590/752 2076/1583/580 2068/1584/573
f 2068/1584/573 2076/1583/580 2077/1592/753
f 2069/1649/749 2077/1656/753 2078/1653/755
f 2078/1653/755 2079/1652/756 2071/1651/750
f 2071/1576/750 2079/1594/756 2072/1577/577
f 2080/1654/52 2081/1596/757 2073/1586/758
f 2073/1652/758 2081/1658/757 2082/1655/764
f 2082/1655/764 2083/1657/759 2075/1656/752
f 2075/1590/752 2083/1661/759 2084/1591/38
f 2084/1591/38 2085/1662/760 2077/1592/753
f 2085/1657/760 2086/1655/761 2078/1653/755
f 2078/1653/755 2086/1655/761 2087/1658/762
f 2079/1594/756 2087/1593/762 2080/1654/52
f 2088/1595/591 2089/1605/763 2081/1596/757
f 2089/1659/763 2090/1664/769 2082/1655/764
f 2082/1655/764 2090/1664/769 2091/1660/765
f 2083/1661/759 2091/1600/765 2092/1609/587
f 2092/1609/587 2093/1602/766 2085/1662/760
f 2093/1660/766 2094/1664/767 2086/1655/761
f 2086/1655/761 2094/1664/767 2095/1659/771
f 2087/1593/762 2095/1610/771 2088/1595/591
f 2096/1611/597 2097/1604/772 2089/1605/763
f 2089/1659/763 2097/1667/772 2098/1663/768
f 2098/1663/768 2099/1665/774 2091/1660/765
f 2091/1600/765 2099/1617/774 2100/1608/602
f 2100/1608/602 2101/1619/775 2093/1602/766
f 2101/1665/775 2102/1663/770 2094/1664/767
f 2102/1663/770 2103/1667/777 2095/1659/771
f 2095/1610/771 2103/1621/777 2096/1611/597
f 2104/1666/613 2105/1612/778 2097/1604/772
f 2097/1667/772 2105/1673/778 2106/1668/773
f 2098/1663/768 2106/1668/773 2107/1669/780
f 2099/1617/774 2107/1675/780 2108/1670/601
f 2108/1670/601 2109/1676/781 2101/1619/775
f 2109/1669/781 2110/1668/776 2102/1663/770
f 2110/1668/776 2111/1673/784 2103/1667/777
f 2111/1671/784 2104/1666/613 2096/1611/597
f 2112/1611/614 2113/1678/786 2105/1612/778
f 2113/1672/786 2114/1677/779 2106/1668/773
f 2106/1668/773 2114/1677/779 2115/1674/788
f 2115/1617/788 2116/1608/609 2108/1670/601
f 2108/1670/601 2116/1608/609 2117/1619/782
f 2117/1674/782 2118/1677/783 2110/1668/776
f 2118/1677/783 2119/1672/792 2111/1673/784
f 2111/1671/784 2119/1681/792 2112/1611/614
f 2120/1595/621 2121/1605/785 2113/1678/786
f 2121/1679/785 2122/1683/787 2114/1677/779
f 2114/1677/779 2122/1683/787 2123/1680/789
f 2123/1600/789 2124/1609/626 2116/1608/609
f 2124/1609/626 2125/1602/790 2117/1619/782
f 2125/1680/790 2126/1683/796 2118/1677/783
f 2118/1677/783 2126/1683/796 2127/1679/896
f 2119/1681/792 2127/1610/896 2120/1595/621
f 2120/1595/621 2128/1585/53 2129/1596/798
f 2129/1682/798 2130/1684/793 2122/1683/787
f 2130/1684/793 2131/1687/794 2123/1680/789
f 2123/1600/789 2131/1601/794 2132/1591/39
f 2124/1609/626 2132/1591/39 2133/1603/795
f 2125/1680/790 2133/1687/795 2134/1684/797
f 2134/1684/797 2135/1682/803 2127/1679/896
f 2135/1593/803 2128/1585/53 2120/1595/621
f 2136/1685/635 2137/1586/804 2129/1596/798
f 2129/1682/798 2137/1690/804 2138/1686/799
f 2138/1686/799 2139/1692/800 2131/1687/794
f 2131/1601/794 2139/1693/800 2140/1583/631
f 2132/1591/39 2140/1583/631 2141/1688/801
f 2133/1687/795 2141/1692/801 2142/1686/809
f 2142/1686/809 2143/1690/802 2135/1682/803
f 2143/1594/802 2136/1685/635 2128/1585/53
f 2136/1685/635 2144/1695/644 2145/1572/805
f 2145/1689/805 2146/1694/806 2138/1686/799
f 2138/1686/799 2146/1694/806 2147/1691/807
f 2139/1693/800 2147/1574/807 2148/1584/640
f 2140/1583/631 2148/1584/640 2149/1575/812
f 2141/1692/801 2149/1691/812 2150/1694/808
f 2142/1686/809 2150/1694/808 2151/1689/815
f 2151/1576/815 2144/1695/644 2136/1685/635
f 2144/1695/644 2152/1494/1 2153/1493/810
f 2145/1689/805 2153/1699/810 2154/1696/817
f 2146/1694/806 2154/1696/817 2155/1697/811
f 2147/1574/807 2155/1493/811 2156/1494/5
f 2156/1494/5 2157/1502/813 2149/1575/812
f 2149/1691/812 2157/1697/813 2158/1696/820
f 2158/1696/820 2159/1699/814 2151/1689/815
f 2159/1502/814 2152/1494/1 2144/1695/644
f 2160/1492/665 2161/1505/821 2153/1493/810
f 2161/1698/821 2162/1701/816 2154/1696/817
f 2154/1696/817 2162/1701/816 2163/1700/818
f 2163/1500/818 2164/1567/654 2156/1494/5
f 2156/1494/5 2164/1567/654 2165/1511/825
f 2165/1700/825 2166/1701/819 2158/1696/820
f 2166/1701/819 2167/1698/827 2159/1699/814
f 2167/1503/827 2160/1492/665 2152/1494/1
f 2168/1513/666 2169/1705/829 2161/1505/821
f 2169/1702/829 2170/1703/822 2162/1701/816
f 2170/1703/822 2171/1707/823 2163/1700/818
f 2171/1509/823 2172/1708/662 2164/1567/654
f 2164/1567/654 2172/1708/662 2173/1518/824
f 2165/1700/825 2173/1707/824 2174/1703/832
f 2166/1701/819 2174/1703/832 2175/1702/826
f 2175/1704/826 2168/1513/666 2160/1492/665
f 2176/1514/51 2177/1523/828 2169/1705/829
f 2169/1702/829 2177/1709/828 2178/1706/835
f 2178/1706/835 2179/1712/830 2171/1707/823
f 2179/1516/830 2180/1517/41 2172/1708/662
f 2172/1708/662 2180/1517/41 2181/1528/837
f 2173/1707/824 2181/1712/837 2182/1706/831
f 2182/1706/831 2183/1709/833 2175/1702/826
f 2183/1520/833 2176/1514/51 2168/1513/666
f 2176/1514/51 2184/1531/679 2185/1522/834
f 2177/1709/828 2185/1714/834 2186/1710/841
f 2178/1706/835 2186/1710/841 2187/1711/836
f 2179/1516/830 2187/1536/836 2188/1527/685
f 2188/1527/685 2189/1538/838 2181/1528/837
f 2189/1711/838 2190/1710/843 2182/1706/831
f 2190/1710/843 2191/1714/839 2183/1709/833
f 2183/1520/833 2191/1529/839 2184/1531/679
f 2192/1530/689 2193/1541/846 2185/1522/834
f 2193/1713/846 2194/1715/840 2186/1710/841
f 2194/1715/840 2195/1717/848 2187/1711/836
f 2195/1716/848 2196/1537/684 2188/1527/685
f 2196/1537/684 2197/1720/842 2189/1538/838
f 2197/1717/842 2198/1715/844 2190/1710/843
f 2190/1710/843 2198/1715/844 2199/1713/845
f 2191/1529/839 2199/1547/845 2192/1530/689
f 2192/1530/689 2200/1622/696 2201/1540/852
f 2201/1718/852 2202/1721/847 2194/1715/840
f 2194/1715/840 2202/1721/847 2203/1719/855
f 2203/1627/855 2204/1626/701 2196/1537/684
f 2196/1537/684 2204/1626/701 2205/1628/849
f 2205/1719/849 2206/1721/850 2198/1715/844
f 2206/1721/850 2207/1718/851 2199/1713/845
f 2207/1553/851 2200/1622/696 2192/1530/689
f 2208/1611/704 2209/1604/853 2201/1612/852
f 2209/1723/853 2210/1726/854 2202/1721/847
f 2202/1721/847 2210/1726/854 2211/1724/859
f 2211/1617/859 2212/1608/708 2204/1618/701
f 2212/1608/708 2213/1619/856 2205/1725/849
f 2205/1719/849 2213/1724/856 2214/1726/857
f 2214/1726/857 2215/1723/862 2207/1718/851
f 2215/1621/862 2208/1611/704 2200/1722/696
f 2216/1595/712 2217/1605/863 2209/1604/853
f 2217/1727/863 2218/1728/858 2210/1726/854
f 2218/1728/858 2219/1729/860 2211/1724/859
f 2219/1600/860 2220/1609/707 2212/1608/708
f 2212/1608/708 2220/1609/707 2221/1602/867
f 2221/1729/867 2222/1728/861 2214/1726/857
f 2222/1728/861 2223/1727/900 2215/1723/862
f 2223/1610/900 2216/1595/712 2208/1611/704
f 2224/1585/50 2225/1733/864 2217/1605/863
f 2217/1727/863 2225/1734/864 2226/1730/865
f 2218/1728/858 2226/1730/865 2227/1731/873
f 2227/1601/873 2228/1732/40 2220/1609/707
f 2228/1732/40 2229/1603/866 2221/1602/867
f 2229/1731/866 2230/1730/868 2222/1728/861
f 2230/1730/868 2231/1734/869 2223/1727/900
f 2223/1610/900 2231/1736/869 2224/1585/50
f 2232/1577/726 2233/1586/871 2225/1733/864
f 2225/1734/864 2233/1738/871 2234/1735/872
f 2234/1735/872 2235/1740/874 2227/1731/873
f 2227/1601/873 2235/1590/874 2236/1583/723
f 2236/1583/723 2237/1592/875 2229/1603/866
f 2229/1731/866 2237/1740/875 2238/1735/876
f 2238/1735/876 2239/1738/882 2231/1734/869
f 2239/1594/882 2232/1577/726 2224/1585/50
f 2240/1578/733 2241/1744/877 2233/1586/871
f 2241/1737/877 2242/1739/878 2234/1735/872
f 2242/1739/878 2243/1742/879 2235/1740/874
f 2235/1590/874 2243/1745/879 2244/1584/737
f 2236/1583/723 2244/1584/737 2245/1741/880
f 2245/1742/880 2246/1739/881 2238/1735/876
f 2238/1735/876 2246/1739/881 2247/1737/883
f 2247/1743/883 2240/1578/733 2232/1577/726
f 1864/1494/54 1865/1493/561 2241/1744/877
f 1865/1497/561 1866/1496/563 2242/1739/878
f 2242/1739/878 1866/1496/563 1867/1499/564
f 1867/1493/564 1868/1494/3 2244/1584/737
f 1868/1494/3 1869/1502/567 2245/1741/880
f 1869/1499/567 1870/1496/569 2246/1739/881
f 1870/1496/569 1871/1497/571 2247/1737/883
f 2247/1743/883 1871/1502/571 1864/1494/54
f 3024/1492/573 3025/1505/560 3017/1493/561
f 3017/1497/561 3025/1495/560 3026/1498/562
f 3018/1496/563 3026/1498/562 3027/1508/565
f 3027/1500/565 3028/1501/566 3020/1494/3
f 3028/1501/566 3029/1511/568 3021/1502/567
f 3021/1499/567 3029/1508/568 3030/1498/570
f 3030/1498/570 3031/1495/572 3023/1497/571
f 3031/1503/572 3024/1492/573 3016/1494/54
f 3032/1513/580 3033/1504/574 3025/1505/560
f 3033/1506/574 3034/1507/575 3026/1498/562
f 3034/1507/575 3035/1512/576 3027/1508/565
f 3035/1509/576 3036/1510/577 3028/1501/566
f 3036/1510/577 3037/1518/583 3029/1511/568
f 3029/1508/568 3037/1512/583 3038/1507/578
f 3038/1507/578 3039/1506/579 3031/1495/572
f 3031/1503/572 3039/1521/579 3032/1513/580
f 3040/1514/38 3041/1523/588 3033/1504/574
f 3033/1506/574 3041/1525/588 3042/1515/581
f 3042/1515/581 3043/1519/582 3035/1512/576
f 3035/1509/576 3043/1516/582 3044/1517/52
f 3044/1517/52 3045/1528/584 3037/1518/583
f 3045/1519/584 3046/1515/585 3038/1507/578
f 3046/1515/585 3047/1525/586 3039/1506/579
f 3047/1520/586 3040/1514/38 3032/1513/580
f 3040/1514/38 3048/1531/587 3049/1522/884
f 3049/1524/884 3050/1526/595 3042/1515/581
f 3050/1526/595 3051/1534/590 3043/1519/582
f 3043/1516/582 3051/1536/590 3052/1527/591
f 3052/1527/591 3053/1538/598 3045/1528/584
f 3053/1534/598 3054/1526/592 3046/1515/585
f 3054/1526/592 3055/1524/593 3047/1525/586
f 3055/1529/593 3048/1531/587 3040/1514/38
f 3056/1530/602 3057/1541/594 3049/1522/884
f 3057/1532/594 3058/1539/596 3050/1526/595
f 3050/1526/595 3058/1539/596 3059/1533/605
f 3051/1536/590 3059/1535/605 3060/1537/597
f 3052/1527/591 3060/1537/597 3061/1545/599
f 3061/1533/599 3062/1539/607 3054/1526/592
f 3062/1539/607 3063/1532/600 3055/1524/593
f 3063/1547/600 3056/1530/602 3048/1531/587
f 3056/1530/602 3064/1622/601 3065/1540/603
f 3065/1542/603 3066/1543/611 3058/1539/596
f 3066/1543/611 3067/1546/604 3059/1533/605
f 3059/1535/605 3067/1551/604 3068/1544/613
f 3068/1544/613 3069/1552/606 3061/1545/599
f 3069/1546/606 3070/1543/616 3062/1539/607
f 3062/1539/607 3070/1543/616 3071/1542/608
f 3071/1553/608 3064/1622/601 3056/1530/602
f 3064/1622/601 3072/1530/609 3073/1541/618
f 3073/1554/618 3074/1549/610 3066/1543/611
f 3066/1543/611 3074/1549/610 3075/1550/612
f 3075/1535/612 3076/1537/614 3068/1544/613
f 3076/1537/614 3077/1545/622 3069/1552/606
f 3077/1550/622 3078/1549/615 3070/1543/616
f 3078/1549/615 3079/1554/625 3071/1542/608
f 3079/1547/625 3072/1530/609 3064/1622/601
f 3072/1530/609 3080/1531/626 3081/1522/886
f 3073/1554/618 3081/1557/886 3082/1555/619
f 3074/1549/610 3082/1555/619 3083/1556/620
f 3075/1535/612 3083/1536/620 3084/1527/621
f 3076/1537/614 3084/1527/621 3085/1538/623
f 3077/1550/622 3085/1556/623 3086/1555/630
f 3086/1555/630 3087/1557/624 3079/1554/625
f 3087/1529/624 3080/1531/626 3072/1530/609
f 3080/1531/626 3088/1514/39 3089/1523/627
f 3089/1558/627 3090/1559/628 3082/1555/619
f 3090/1559/628 3091/1560/633 3083/1556/620
f 3083/1536/620 3091/1516/633 3092/1517/53
f 3092/1517/53 3093/1528/636 3085/1538/623
f 3093/1560/636 3094/1559/629 3086/1555/630
f 3086/1555/630 3094/1559/629 3095/1558/639
f 3095/1520/639 3088/1514/39 3080/1531/626
f 3096/1563/631 3097/1504/641 3089/1523/627
f 3097/1561/641 3098/1562/632 3090/1559/628
f 3098/1562/632 3099/1566/634 3091/1560/633
f 3091/1516/633 3099/1509/634 3100/1510/635
f 3100/1510/635 3101/1518/637 3093/1528/636
f 3093/1560/636 3101/1566/637 3102/1562/638
f 3094/1559/629 3102/1562/638 3103/1561/647
f 3103/1521/647 3096/1563/631 3088/1514/39
f 3104/1492/640 3105/1505/642 3097/1504/641
f 3105/1564/642 3106/1565/650 3098/1562/632
f 3106/1565/650 3107/1570/643 3099/1566/634
f 3099/1509/634 3107/1500/643 3108/1567/644
f 3108/1567/644 3109/1511/645 3101/1518/637
f 3101/1566/637 3109/1570/645 3110/1565/646
f 3102/1562/638 3110/1565/646 3111/1564/648
f 3111/1503/648 3104/1492/640 3096/1563/631
f 3112/1494/5 3113/1493/649 3105/1505/642
f 3113/1571/649 3114/1568/656 3106/1565/650
f 3114/1568/656 3115/1569/651 3107/1570/643
f 3107/1500/643 3115/1493/651 3116/1494/1
f 3116/1494/1 3117/1502/652 3109/1511/645
f 3109/1570/645 3117/1569/652 3118/1568/660
f 3110/1565/646 3118/1568/660 3119/1571/653
f 3119/1502/653 3112/1494/5 3104/1492/640
f 3112/1494/5 3120/1578/654 3121/1572/655
f 3121/1579/655 3122/1573/657 3114/1568/656
f 3114/1568/656 3122/1573/657 3123/1582/658
f 3123/1574/658 3124/1584/665 3116/1494/1
f 3116/1494/1 3124/1584/665 3125/1575/659
f 3125/1582/659 3126/1573/661 3118/1568/660
f 3126/1573/661 3127/1579/669 3119/1571/653
f 3127/1576/669 3120/1578/654 3112/1494/5
f 3128/1577/662 3129/1586/670 3121/1572/655
f 3121/1579/655 3129/1588/670 3130/1580/663
f 3122/1573/657 3130/1580/663 3131/1581/664
f 3131/1590/664 3132/1583/666 3124/1584/665
f 3124/1584/665 3132/1583/666 3133/1592/667
f 3125/1582/659 3133/1581/667 3134/1580/668
f 3134/1580/668 3135/1588/674 3127/1579/669
f 3127/1576/669 3135/1594/674 3128/1577/662
f 3136/1585/41 3137/1596/676 3129/1586/670
f 3129/1588/670 3137/1587/676 3138/1598/671
f 3130/1580/663 3138/1598/671 3139/1589/678
f 3131/1590/664 3139/1601/678 3140/1591/51
f 3140/1591/51 3141/1603/681 3133/1592/667
f 3141/1589/681 3142/1598/672 3134/1580/668
f 3142/1598/672 3143/1587/673 3135/1588/674
f 3135/1594/674 3143/1593/673 3136/1585/41
f 3136/1585/41 3144/1595/685 3145/1605/888
f 3145/1597/888 3146/1607/677 3138/1598/671
f 3138/1598/671 3146/1607/677 3147/1599/688
f 3147/1600/688 3148/1609/679 3140/1591/51
f 3140/1591/51 3148/1609/679 3149/1602/680
f 3149/1599/680 3150/1607/682 3142/1598/672
f 3150/1607/682 3151/1597/889 3143/1587/673
f 3151/1610/889 3144/1595/685 3136/1585/41
f 3152/1611/684 3153/1604/693 3145/1605/888
f 3153/1614/693 3154/1606/686 3146/1607/677
f 3154/1606/686 3155/1616/687 3147/1599/688
f 3147/1600/688 3155/1617/687 3156/1608/689
f 3148/1609/679 3156/1608/689 3157/1619/697
f 3157/1616/697 3158/1606/690 3150/1607/682
f 3150/1607/682 3158/1606/690 3159/1614/691
f 3151/1610/889 3159/1621/691 3152/1611/684
f 3152/1611/684 3160/1722/701 3161/1612/692
f 3153/1614/693 3161/1613/692 3162/1615/694
f 3154/1606/686 3162/1615/694 3163/1625/695
f 3155/1617/687 3163/1675/695 3164/1618/696
f 3164/1618/696 3165/1725/698 3157/1619/697
f 3165/1625/698 3166/1615/699 3158/1606/690
f 3158/1606/690 3166/1615/699 3167/1613/700
f 3167/1620/700 3160/1722/701 3152/1611/684
f 3160/1622/701 3168/1530/708 3169/1541/702
f 3169/1623/702 3170/1624/710 3162/1615/694
f 3170/1624/710 3171/1631/703 3163/1625/695
f 3163/1627/695 3171/1535/703 3172/1537/704
f 3172/1537/704 3173/1545/705 3165/1628/698
f 3173/1631/705 3174/1624/714 3166/1615/699
f 3166/1615/699 3174/1624/714 3175/1623/706
f 3167/1553/700 3175/1547/706 3168/1530/708
f 3168/1530/708 3176/1531/707 3177/1522/901
f 3177/1629/901 3178/1633/716 3170/1624/710
f 3170/1624/710 3178/1633/716 3179/1630/711
f 3171/1535/703 3179/1536/711 3180/1527/712
f 3180/1527/712 3181/1538/720 3173/1545/705
f 3181/1630/720 3182/1633/713 3174/1624/714
f 3174/1624/714 3182/1633/713 3183/1629/890
f 3183/1529/890 3176/1531/707 3168/1530/708
f 3184/1514/40 3185/1523/715 3177/1522/901
f 3177/1629/901 3185/1632/715 3186/1635/717
f 3178/1633/716 3186/1635/717 3187/1634/718
f 3179/1536/711 3187/1516/718 3188/1517/50
f 3188/1517/50 3189/1528/719 3181/1538/720
f 3189/1634/719 3190/1635/728 3182/1633/713
f 3182/1633/713 3190/1635/728 3191/1632/721
f 3183/1529/890 3191/1520/721 3184/1514/40
f 3184/1514/40 3192/1513/723 3193/1504/724
f 3185/1632/715 3193/1636/724 3194/1637/731
f 3194/1637/731 3195/1640/725 3187/1634/718
f 3187/1516/718 3195/1509/725 3196/1510/726
f 3188/1517/50 3196/1510/726 3197/1518/727
f 3197/1640/727 3198/1637/729 3190/1635/728
f 3198/1637/729 3199/1636/736 3191/1632/721
f 3191/1520/721 3199/1521/736 3192/1513/723
f 3200/1492/737 3201/1643/730 3193/1504/724
f 3193/1636/724 3201/1638/730 3202/1645/732
f 3194/1637/731 3202/1645/732 3203/1639/740
f 3195/1509/725 3203/1647/740 3204/1501/733
f 3196/1510/726 3204/1501/733 3205/1641/741
f 3205/1639/741 3206/1645/734 3198/1637/729
f 3198/1637/729 3206/1645/734 3207/1638/735
f 3207/1642/735 3200/1492/737 3192/1513/723
f 3208/1494/3 3209/1493/738 3201/1643/730
f 3209/1644/738 3210/1646/739 3202/1645/732
f 3210/1646/739 3211/1650/747 3203/1639/740
f 3211/1493/747 3212/1494/54 3204/1501/733
f 3212/1494/54 3213/1502/742 3205/1641/741
f 3213/1650/742 3214/1646/743 3206/1645/734
f 3214/1646/743 3215/1644/744 3207/1638/735
f 3207/1642/735 3215/1502/744 3208/1494/3
f 3216/1578/566 3217/1572/745 3209/1493/738
f 3209/1644/738 3217/1651/745 3218/1648/746
f 3218/1648/746 3219/1649/748 3211/1650/747
f 3211/1493/747 3219/1574/748 3220/1584/573
f 3220/1584/573 3221/1575/749 3213/1502/742
f 3213/1650/742 3221/1649/749 3222/1648/754
f 3222/1648/754 3223/1651/750 3215/1644/744
f 3215/1502/744 3223/1576/750 3216/1578/566
f 3224/1577/577 3225/1586/758 3217/1572/745
f 3225/1652/758 3226/1653/751 3218/1648/746
f 3226/1653/751 3227/1656/752 3219/1649/748
f 3219/1574/748 3227/1590/752 3228/1583/580
f 3228/1583/580 3229/1592/753 3221/1575/749
f 3221/1649/749 3229/1656/753 3230/1653/755
f 3222/1648/754 3230/1653/755 3231/1652/756
f 3223/1576/750 3231/1594/756 3224/1577/577
f 3232/1654/52 3233/1596/757 3225/1586/758
f 3233/1658/757 3234/1655/764 3226/1653/751
f 3234/1655/764 3235/1657/759 3227/1656/752
f 3227/1590/752 3235/1661/759 3236/1591/38
f 3236/1591/38 3237/1662/760 3229/1592/753
f 3229/1656/753 3237/1657/760 3238/1655/761
f 3238/1655/761 3239/1658/762 3231/1652/756
f 3231/1594/756 3239/1593/762 3232/1654/52
f 3240/1595/591 3241/1605/763 3233/1596/757
f 3241/1659/763 3242/1664/769 3234/1655/764
f 3242/1664/769 3243/1660/765 3235/1657/759
f 3235/1661/759 3243/1600/765 3244/1609/587
f 3244/1609/587 3245/1602/766 3237/1662/760
f 3245/1660/766 3246/1664/767 3238/1655/761
f 3238/1655/761 3246/1664/767 3247/1659/771
f 3239/1593/762 3247/1610/771 3240/1595/591
f 3248/1611/597 3249/1604/772 3241/1605/763
f 3241/1659/763 3249/1667/772 3250/1663/768
f 3242/1664/769 3250/1663/768 3251/1665/774
f 3243/1600/765 3251/1617/774 3252/1608/602
f 3252/1608/602 3253/1619/775 3245/1602/766
f 3253/1665/775 3254/1663/906 3246/1664/767
f 3254/1663/906 3255/1667/777 3247/1659/771
f 3247/1610/771 3255/1621/777 3248/1611/597
f 3256/1666/613 3257/1612/778 3249/1604/772
f 3249/1667/772 3257/1673/778 3258/1668/773
f 3258/1668/773 3259/1669/780 3251/1665/774
f 3259/1751/780 3260/1618/601 3252/1608/602
f 3252/1608/602 3260/1618/601 3261/1676/781
f 3261/1669/781 3262/1668/776 3254/1663/906
f 3254/1663/906 3262/1668/776 3263/1673/784
f 3255/1621/777 3263/1671/784 3256/1666/613
f 3264/1611/614 3265/1678/786 3257/1612/778
f 3257/1673/778 3265/1672/786 3266/1677/779
f 3258/1668/773 3266/1677/779 3267/1674/788
f 3267/1617/788 3268/1608/609 3260/1618/601
f 3260/1618/601 3268/1608/609 3269/1619/782
f 3269/1674/782 3270/1677/783 3262/1668/776
f 3270/1677/783 3271/1672/792 3263/1673/784
f 3263/1671/784 3271/1681/792 3264/1611/614
f 3272/1595/621 3273/1605/785 3265/1678/786
f 3265/1672/786 3273/1679/785 3274/1683/787
f 3266/1677/779 3274/1683/787 3275/1680/789
f 3275/1600/789 3276/1609/626 3268/1608/609
f 3268/1608/609 3276/1609/626 3277/1602/790
f 3269/1674/782 3277/1680/790 3278/1683/796
f 3270/1677/783 3278/1683/796 3279/1679/791
f 3271/1681/792 3279/1610/791 3272/1595/621
f 3280/1585/53 3281/1596/798 3273/1605/785
f 3273/1679/785 3281/1682/798 3282/1684/793
f 3282/1684/793 3283/1687/794 3275/1680/789
f 3275/1600/789 3283/1601/794 3284/1591/39
f 3284/1591/39 3285/1603/795 3277/1602/790
f 3277/1680/790 3285/1687/795 3286/1684/797
f 3278/1683/796 3286/1684/797 3287/1682/803
f 3279/1610/791 3287/1593/803 3280/1585/53
f 3288/1685/635 3289/1586/804 3281/1596/798
f 3281/1682/798 3289/1690/804 3290/1686/799
f 3290/1686/799 3291/1692/800 3283/1687/794
f 3283/1601/794 3291/1693/800 3292/1583/631
f 3284/1591/39 3292/1583/631 3293/1688/801
f 3285/1687/795 3293/1692/801 3294/1686/809
f 3294/1686/809 3295/1690/802 3287/1682/803
f 3295/1594/802 3288/1685/635 3280/1585/53
f 3288/1685/635 3296/1695/644 3297/1572/805
f 3297/1689/805 3298/1694/806 3290/1686/799
f 3298/1694/806 3299/1691/807 3291/1692/800
f 3291/1693/800 3299/1574/807 3300/1584/640
f 3300/1584/640 3301/1575/812 3293/1688/801
f 3293/1692/801 3301/1691/812 3302/1694/808
f 3294/1686/809 3302/1694/808 3303/1689/815
f 3303/1576/815 3296/1695/644 3288/1685/635
f 3304/1494/1 3305/1493/810 3297/1572/805
f 3297/1689/805 3305/1699/810 3306/1696/817
f 3298/1694/806 3306/1696/817 3307/1697/811
f 3299/1574/807 3307/1493/811 3308/1494/5
f 3308/1494/5 3309/1502/813 3301/1575/812
f 3301/1691/812 3309/1697/813 3310/1696/820
f 3310/1696/820 3311/1699/814 3303/1689/815
f 3311/1502/814 3304/1494/1 3296/1695/644
f 3312/1492/665 3313/1505/821 3305/1493/810
f 3305/1699/810 3313/1698/821 3314/1701/816
f 3306/1696/817 3314/1701/816 3315/1700/818
f 3315/1500/818 3316/1567/654 3308/1494/5
f 3316/1567/654 3317/1511/825 3309/1502/813
f 3317/1700/825 3318/1701/819 3310/1696/820
f 3318/1701/819 3319/1698/827 3311/1699/814
f 3319/1503/827 3312/1492/665 3304/1494/1
f 3320/1513/666 3321/1705/829 3313/1505/821
f 3321/1702/829 3322/1703/822 3314/1701/816
f 3322/1703/822 3323/1707/823 3315/1700/818
f 3323/1509/823 3324/1708/662 3316/1567/654
f 3316/1567/654 3324/1708/662 3325/1518/824
f 3317/1700/825 3325/1707/824 3326/1703/832
f 3326/1703/832 3327/1702/826 3319/1698/827
f 3319/1503/827 3327/1704/826 3320/1513/666
f 3328/1514/51 3329/1523/828 3321/1705/829
f 3329/1709/828 3330/1706/835 3322/1703/822
f 3330/1706/835 3331/1712/830 3323/1707/823
f 3331/1516/830 3332/1517/41 3324/1708/662
f 3332/1517/41 3333/1528/837 3325/1518/824
f 3333/1712/837 3334/1706/831 3326/1703/832
f 3334/1706/831 3335/1709/833 3327/1702/826
f 3335/1520/833 3328/1514/51 3320/1513/666
f 3336/1531/679 3337/1522/897 3329/1523/828
f 3329/1709/828 3337/1714/897 3338/1710/841
f 3338/1710/841 3339/1711/836 3331/1712/830
f 3339/1536/836 3340/1527/685 3332/1517/41
f 3340/1527/685 3341/1538/838 3333/1528/837
f 3341/1711/838 3342/1710/843 3334/1706/831
f 3334/1706/831 3342/1710/843 3343/1714/898
f 3335/1520/833 3343/1529/898 3336/1531/679
f 3344/1530/689 3345/1541/846 3337/1522/897
f 3337/1714/897 3345/1713/846 3346/1715/840
f 3338/1710/841 3346/1715/840 3347/1717/848
f 3347/1716/848 3348/1537/684 3340/1527/685
f 3348/1537/684 3349/1720/842 3341/1538/838
f 3341/1711/838 3349/1717/842 3350/1715/844
f 3342/1710/843 3350/1715/844 3351/1713/845
f 3343/1529/898 3351/1547/845 3344/1530/689
f 3352/1622/696 3353/1540/852 3345/1541/846
f 3345/1713/846 3353/1718/852 3354/1721/847
f 3346/1715/840 3354/1721/847 3355/1719/855
f 3355/1627/855 3356/1626/701 3348/1537/684
f 3356/1626/701 3357/1628/849 3349/1720/842
f 3357/1719/849 3358/1721/850 3350/1715/844
f 3358/1721/850 3359/1718/851 3351/1713/845
f 3359/1553/851 3352/1622/696 3344/1530/689
f 3360/1611/704 3361/1604/853 3353/1612/852
f 3361/1723/853 3362/1726/854 3354/1721/847
f 3354/1721/847 3362/1726/854 3363/1724/859
f 3363/1617/859 3364/1608/708 3356/1618/701
f 3356/1618/701 3364/1608/708 3365/1619/856
f 3365/1724/856 3366/1726/857 3358/1721/850
f 3358/1721/850 3366/1726/857 3367/1723/862
f 3359/1620/851 3367/1621/862 3360/1611/704
f 3360/1611/704 3368/1595/712 3369/1605/907
f 3361/1723/853 3369/1727/907 3370/1728/858
f 3370/1728/858 3371/1729/860 3363/1724/859
f 3371/1600/860 3372/1609/707 3364/1608/708
f 3364/1608/708 3372/1609/707 3373/1602/867
f 3373/1729/867 3374/1728/861 3366/1726/857
f 3366/1726/857 3374/1728/861 3375/1727/900
f 3367/1621/862 3375/1610/900 3368/1595/712
f 3376/1585/50 3377/1733/864 3369/1605/907
f 3369/1727/907 3377/1734/864 3378/1730/865
f 3378/1730/865 3379/1731/873 3371/1729/860
f 3379/1601/873 3380/1732/40 3372/1609/707
f 3372/1609/707 3380/1732/40 3381/1603/866
f 3381/1731/866 3382/1730/868 3374/1728/861
f 3382/1730/868 3383/1734/869 3375/1727/900
f 3375/1610/900 3383/1736/869 3376/1585/50
f 3384/1577/726 3385/1586/871 3377/1733/864
f 3385/1738/871 3386/1735/872 3378/1730/865
f 3386/1735/872 3387/1740/874 3379/1731/873
f 3387/1590/874 3388/1583/723 3380/1732/40
f 3380/1732/40 3388/1583/723 3389/1592/875
f 3381/1731/866 3389/1740/875 3390/1735/876
f 3390/1735/876 3391/1738/882 3383/1734/869
f 3391/1594/882 3384/1577/726 3376/1585/50
f 3384/1577/726 3392/1578/733 3393/1744/877
f 3393/1737/877 3394/1739/878 3386/1735/872
f 3394/1739/878 3395/1742/879 3387/1740/874
f 3387/1590/874 3395/1745/879 3396/1584/737
f 3388/1583/723 3396/1584/737 3397/1741/880
f 3389/1740/875 3397/1742/880 3398/1739/881
f 3390/1735/876 3398/1739/881 3399/1737/883
f 3399/1743/883 3392/1578/733 3384/1577/726
f 3392/1578/733 3016/1494/54 3017/1493/561
f 3017/1497/561 3018/1496/563 3394/1739/878
f 3394/1739/878 3018/1496/563 3019/1499/564
f 3019/1493/564 3020/1494/3 3396/1584/737
f 3020/1494/3 3021/1502/567 3397/1741/880
f 3397/1742/880 3021/1499/567 3022/1496/569
f 3022/1496/569 3023/1497/571 3399/1737/883
f 3023/1502/571 3016/1494/54 3392/1578/733
s 0
usemtl screen
f 4079/2503/1 4081/2504/1 4078/2505/1
f 4284/2503/5 4286/2504/5 4283/2505/5
f 4079/2503/1 4080/3755/1 4081/2504/1
f 4284/2503/5 4285/3755/5 4286/2504/5
