# Blender 4.3.2
# www.blender.org
mtllib SM_TeleporterTravelHub_LOD2.mtl
o SM_TeleporterTravelHub.001
v -308.706543 -268.561005 0.630520
v -309.175690 -269.418823 2.254265
v -309.334290 -267.789673 13.266152
v -308.765320 -269.270020 12.626261
v -309.334290 267.789673 0.733848
v -308.765320 269.270020 1.373739
v -308.706543 268.561005 13.369480
v -309.175690 269.418823 11.745735
v 289.334290 -267.789673 0.733848
v 288.765320 -269.270020 1.373739
v 288.706543 -268.561005 13.369480
v 289.175690 -269.418823 11.745735
v 288.706543 268.561005 0.630520
v 289.175690 269.418823 2.254265
v 289.334290 267.789673 13.266152
v 288.765320 269.270020 12.626261
v -301.396454 -261.473785 13.526242
v -301.490753 -261.415955 20.415913
v -301.490753 261.415924 13.584087
v -301.396454 261.473785 20.473761
v 281.490753 -261.415924 13.584087
v 281.396454 -261.473785 20.473759
v 281.396454 261.473785 13.526242
v 281.490753 261.415924 20.415915
v -287.773651 -247.802673 20.697342
v -287.809021 -247.780975 23.280970
v -287.809052 247.780991 20.719028
v -287.773651 247.802673 23.302652
v 267.809052 -247.780991 20.719028
v 267.773651 -247.802673 23.302654
v 267.773651 247.802673 20.697346
v 267.809052 247.780991 23.280970
v -291.745544 -266.842194 15.657814
v -291.863403 -266.769867 30.269880
v -291.863403 -253.230133 15.730121
v -291.745544 -253.157822 30.342188
v 271.863403 -266.769867 15.730121
v 271.745544 -266.842194 30.342188
v 271.745544 -253.157822 15.657813
v 271.863403 -253.230133 30.269880
v -269.066071 -267.681488 25.566055
v -269.066071 -267.718536 20.433945
v 249.066071 -267.681488 20.433945
v 249.066071 -267.718536 25.566055
v -180.977539 -257.717194 31.033308
v -179.022003 -257.715881 32.963135
v -177.716553 -259.022278 31.034986
v -177.717758 -260.977325 32.968235
v -179.022476 -262.282837 31.033310
v -180.978012 -262.284149 32.963135
v -182.283447 -260.977753 31.034988
v -182.282257 -259.022705 32.968239
v -0.977491 -257.717194 31.033306
v 0.977969 -257.715851 32.963139
v 2.283457 -259.022278 31.034992
v 2.282264 -260.977295 32.968231
v 0.977491 -262.282837 31.033306
v -0.977967 -262.284149 32.963135
v -2.283454 -260.977722 31.034994
v -2.282265 -259.022736 32.968231
v 179.022476 -257.717194 31.033308
v 180.978012 -257.715881 32.963135
v 182.283447 -259.022278 31.034986
v 182.282257 -260.977325 32.968235
v 180.977524 -262.282837 31.033310
v 179.022003 -262.284149 32.963135
v 177.716568 -260.977753 31.034988
v 177.717758 -259.022705 32.968235
v -291.745544 253.157822 15.657813
v -291.863403 253.230133 30.269880
v -291.863403 266.769867 15.730121
v -291.745544 266.842194 30.342188
v 271.863403 253.230133 15.730121
v 271.745544 253.157822 30.342188
v 271.745544 266.842194 15.657814
v 271.863403 266.769867 30.269880
v -269.066071 267.681488 20.433945
v -269.066071 267.718536 25.566055
v 249.066071 267.718536 20.433945
v 249.066071 267.681488 25.566055
v -180.977539 262.282837 31.033310
v -179.022003 262.284149 32.963135
v -177.716568 260.977753 31.034988
v -177.717758 259.022705 32.968235
v -179.022476 257.717194 31.033308
v -180.978012 257.715881 32.963135
v -182.283447 259.022278 31.034985
v -182.282257 260.977325 32.968235
v -0.977491 262.282837 31.033306
v 0.977968 262.284149 32.963135
v 2.283456 260.977722 31.034994
v 2.282266 259.022736 32.968231
v 0.977492 257.717194 31.033306
v -0.977968 257.715851 32.963139
v -2.283456 259.022278 31.034992
v -2.282262 260.977295 32.968231
v 179.022491 262.282837 31.033310
v 180.978012 262.284149 32.963135
v 182.283447 260.977753 31.034986
v 182.282257 259.022705 32.968239
v 180.977539 257.717194 31.033310
v 179.022003 257.715881 32.963135
v 177.716568 259.022278 31.034986
v 177.717758 260.977325 32.968235
v -306.745544 -257.342194 15.657814
v -306.863403 -257.269867 30.269880
v -306.863403 257.269867 15.730121
v -306.745544 257.342194 30.342188
v -293.136627 -257.269867 15.730122
v -293.254486 -257.342194 30.342186
v -293.254486 257.342194 15.657815
v -293.136627 257.269867 30.269880
v -307.349091 -158.668457 31.131561
v -307.372681 -158.653992 32.853977
v -307.372681 -132.946030 31.146021
v -307.349091 -132.931564 32.868439
v -292.627319 -158.653992 31.146029
v -292.650909 -158.668457 32.868439
v -292.650909 -132.931580 31.131561
v -292.627319 -132.946030 32.853973
v -307.349091 132.931564 31.131561
v -307.372681 132.946030 32.853981
v -307.372681 158.653992 31.146023
v -307.349091 158.668457 32.868439
v -292.627319 132.946030 31.146027
v -292.650909 132.931580 32.868439
v -292.650909 158.668457 31.131561
v -292.627319 158.653992 32.853973
v 273.254486 -257.342194 15.657815
v 273.136627 -257.269867 30.269880
v 273.136627 257.269867 15.730122
v 273.254486 257.342194 30.342186
v 286.863403 -257.269867 15.730121
v 286.745544 -257.342194 30.342188
v 286.745544 257.342194 15.657814
v 286.863403 257.269867 30.269880
v 272.650909 -158.668457 31.131561
v 272.627319 -158.653992 32.853973
v 272.627319 -132.946030 31.146027
v 272.650909 -132.931580 32.868439
v 287.372681 -158.653992 31.146023
v 287.349091 -158.668457 32.868439
v 287.349091 -132.931564 31.131561
v 287.372681 -132.946030 32.853981
v 272.650909 132.931580 31.131561
v 272.627319 132.946030 32.853973
v 272.627319 158.653992 31.146029
v 272.650909 158.668457 32.868439
v 287.372681 132.946030 31.146021
v 287.349091 132.931564 32.868439
v 287.349091 158.668457 31.131561
v 287.372681 158.653992 32.853977
v -303.652191 -263.444275 11.900746
v -304.322388 -264.669739 14.220407
v -301.810699 -263.870483 38.294937
v -304.644684 -263.061768 37.277321
v -303.870483 -264.794952 35.310680
v -304.644684 -232.938248 12.722679
v -303.870483 -231.205063 14.689343
v -301.810669 -232.129532 11.705053
v -303.652191 -232.555740 38.099258
v -304.322388 -231.330292 35.779594
v -271.451019 -262.342346 12.048353
v -272.263855 -264.457184 12.962503
v -272.347839 -263.444275 38.099258
v -271.677643 -264.669739 35.779579
v -272.347839 -232.555740 11.900742
v -271.677643 -231.330276 14.220427
v -271.355347 -232.938248 37.277321
v -272.129547 -231.205063 35.310638
v -274.189362 -232.129532 38.294949
v -301.122772 -261.171112 35.828899
v -301.181702 -261.134949 40.134953
v -301.181702 -234.865067 35.865055
v -301.122772 -234.828918 40.171097
v -274.818298 -261.134949 35.865051
v -274.877228 -261.171112 40.171104
v -274.877258 -234.828918 35.828903
v -274.818298 -234.865067 40.134945
v -288.094971 -238.296677 40.089863
v -282.574463 -239.604706 40.333557
v -285.867493 -238.233582 43.662323
v -281.014618 -241.231552 43.857117
v -278.282684 -245.883194 40.231792
v -278.203491 -246.232620 43.748871
v -279.617859 -253.390594 40.274002
v -279.939148 -253.786987 43.836899
v -284.136505 -256.926422 40.142883
v -289.763031 -257.787689 40.231796
v -286.255737 -257.828308 43.686535
v -293.667236 -256.146606 43.811710
v -296.206940 -253.707657 40.337685
v -297.796539 -249.767380 43.748867
v -297.792328 -246.395248 40.161575
v -296.167603 -242.325668 43.768208
v -293.728760 -239.802628 40.356468
v -291.419739 -238.870819 43.826302
v -288.016479 -243.636688 43.157330
v -287.982666 -243.643921 46.859268
v -284.246094 -245.811188 43.116211
v -284.218872 -245.836990 46.859280
v -284.213043 -250.167389 43.157318
v -284.236176 -250.193039 46.859276
v -287.982666 -252.356094 43.140736
v -288.016479 -252.363327 46.842670
v -291.763855 -250.193039 43.140732
v -291.772552 -250.156570 46.883785
v -291.781158 -245.836975 43.140732
v -291.770538 -245.804108 46.842678
v -303.652191 232.555740 11.900745
v -304.322388 231.330292 14.220409
v -301.810669 232.129532 38.294945
v -304.644684 232.938248 37.277321
v -303.870483 231.205063 35.310661
v -304.644684 263.061768 12.722679
v -303.870483 264.794952 14.689322
v -301.810669 263.870483 11.705061
v -303.652191 263.444275 38.099255
v -304.322388 264.669739 35.779594
v -271.355347 232.938263 12.722679
v -272.129547 231.205063 14.689363
v -274.189362 232.129532 11.705053
v -272.347839 232.555740 38.099258
v -271.677643 231.330276 35.779579
v -272.347839 263.444275 11.900743
v -271.677643 264.669739 14.220425
v -271.451019 262.342346 37.951645
v -272.263855 264.457184 37.037498
v -301.122772 234.828918 35.828903
v -301.181702 234.865067 40.134949
v -301.181702 261.134949 35.865051
v -301.122772 261.171112 40.171104
v -274.818298 234.865067 35.865059
v -274.877258 234.828918 40.171097
v -274.877228 261.171112 35.828896
v -274.818298 261.134949 40.134949
v -287.929871 257.710999 40.077354
v -282.578217 256.393890 40.318378
v -285.884613 257.738800 43.725998
v -281.014618 254.768448 43.857117
v -279.028229 251.858139 40.224819
v -278.203491 249.767395 43.748871
v -278.203491 246.232620 40.251133
v -279.761780 242.332718 43.652596
v -282.271240 239.802643 40.356468
v -284.391907 238.977707 43.878433
v -287.873749 238.300461 40.096100
v -293.442352 239.611481 40.347412
v -290.155701 238.234329 43.643547
v -294.985382 241.231537 43.857117
v -297.735291 245.871002 40.269321
v -297.796539 246.232635 43.748867
v -297.129181 251.419724 40.173698
v -296.167603 253.674347 43.768208
v -293.728760 256.197388 40.356468
v -291.632385 257.085144 43.737553
v -288.016479 252.363327 43.157330
v -287.982666 252.356094 46.859264
v -284.246063 250.188812 43.116211
v -284.218872 250.163025 46.859276
v -284.213043 245.832611 43.157314
v -284.236176 245.806961 46.859276
v -287.982666 243.643921 43.140736
v -288.016479 243.636688 46.842674
v -291.763855 245.806961 43.140732
v -291.772552 245.843430 46.883785
v -291.781158 250.163025 43.140732
v -291.770538 250.195908 46.842678
v 252.347839 -263.444275 11.900743
v 251.677643 -264.669739 14.220425
v 251.451019 -262.342346 37.951645
v 252.263855 -264.457184 37.037498
v 251.355347 -232.938263 12.722679
v 252.129547 -231.205063 14.689363
v 254.189362 -232.129532 11.705053
v 252.347839 -232.555740 38.099258
v 251.677643 -231.330276 35.779579
v 284.644684 -263.061768 12.722679
v 283.870483 -264.794952 14.689322
v 281.810669 -263.870483 11.705061
v 283.652191 -263.444275 38.099255
v 284.322388 -264.669739 35.779594
v 283.652191 -232.555740 11.900745
v 284.322388 -231.330292 14.220409
v 284.644684 -232.938248 37.277321
v 283.870483 -231.205063 35.310661
v 281.810669 -232.129532 38.294945
v 254.877228 -261.171112 35.828896
v 254.818298 -261.134949 40.134949
v 254.818298 -234.865067 35.865059
v 254.877258 -234.828918 40.171097
v 281.181702 -261.134949 35.865051
v 281.122772 -261.171112 40.171104
v 281.122772 -234.828918 35.828903
v 281.181702 -234.865067 40.134949
v 267.873749 -238.300461 40.096100
v 273.442352 -239.611481 40.347412
v 270.155701 -238.234329 43.643547
v 274.985382 -241.231537 43.857117
v 277.735291 -245.871002 40.269321
v 277.796539 -246.232635 43.748867
v 277.129181 -251.419724 40.173698
v 276.167603 -253.674347 43.768208
v 273.728760 -256.197388 40.356468
v 271.632385 -257.085144 43.737553
v 265.884613 -257.738800 43.725998
v 267.929871 -257.710999 40.077354
v 262.578217 -256.393890 40.318378
v 261.014618 -254.768448 43.857117
v 259.028229 -251.858139 40.224819
v 258.203491 -249.767395 43.748871
v 258.203491 -246.232620 40.251133
v 259.761780 -242.332718 43.652596
v 262.271240 -239.802643 40.356468
v 264.391907 -238.977707 43.878433
v 267.983551 -243.636688 43.157330
v 268.017334 -243.643906 46.859268
v 271.753937 -245.811188 43.116219
v 271.781158 -245.836975 46.859268
v 271.786987 -250.167389 43.157326
v 271.763855 -250.193039 46.859268
v 268.017365 -252.356094 43.140736
v 267.983551 -252.363327 46.842670
v 264.236176 -250.193039 43.140728
v 264.227478 -250.156570 46.883789
v 264.218872 -245.836990 43.140724
v 264.229492 -245.804108 46.842686
v 252.347839 232.555740 11.900742
v 251.677643 231.330276 14.220427
v 254.189362 232.129532 38.294949
v 251.355347 232.938248 37.277321
v 252.129547 231.205063 35.310638
v 251.451019 262.342346 12.048353
v 252.263855 264.457184 12.962503
v 252.347839 263.444275 38.099258
v 251.677643 264.669739 35.779579
v 284.644684 232.938248 12.722679
v 283.870483 231.205063 14.689343
v 281.810669 232.129532 11.705053
v 283.652191 232.555740 38.099258
v 284.322388 231.330292 35.779594
v 283.652191 263.444275 11.900746
v 284.322388 264.669739 14.220407
v 284.644684 263.061768 37.277321
v 283.870483 264.794952 35.310680
v 281.810699 263.870483 38.294937
v 254.877258 234.828918 35.828903
v 254.818298 234.865067 40.134945
v 254.818298 261.134949 35.865051
v 254.877228 261.171112 40.171104
v 281.181702 234.865067 35.865055
v 281.122772 234.828918 40.171097
v 281.122772 261.171112 35.828899
v 281.181702 261.134949 40.134953
v 266.255737 257.828308 43.686535
v 269.763031 257.787689 40.231796
v 273.667236 256.146606 43.811710
v 276.206940 253.707657 40.337685
v 277.796539 249.767380 43.748867
v 277.792328 246.395248 40.161575
v 276.167603 242.325668 43.768208
v 273.728760 239.802628 40.356468
v 271.419739 238.870819 43.826302
v 268.094971 238.296677 40.089863
v 262.574463 239.604706 40.333557
v 265.867493 238.233582 43.662323
v 261.014618 241.231552 43.857117
v 258.282684 245.883194 40.231792
v 258.203491 246.232620 43.748871
v 259.617859 253.390594 40.274002
v 259.939148 253.786987 43.836899
v 264.136505 256.926422 40.142883
v 267.983551 252.363327 43.157330
v 268.017365 252.356094 46.859264
v 271.753937 250.188812 43.116219
v 271.781158 250.163025 46.859268
v 271.786987 245.832611 43.157326
v 271.763855 245.806961 46.859272
v 268.017334 243.643906 43.140736
v 267.983551 243.636688 46.842674
v 264.236176 245.806961 43.140724
v 264.227478 245.843430 46.883793
v 264.218872 250.163025 43.140724
v 264.229492 250.195892 46.842682
v -21.999985 0.000000 30.000000
v -9.267533 9.959585 35.184780
v -3.974575 -12.437656 48.166401
v -9.340978 -11.925337 60.890785
v -22.132603 11.136026 66.148987
v -34.723839 10.445284 60.635883
v -40.052666 11.271923 48.024281
v -34.597168 12.118437 35.108982
v -21.999985 24.799973 31.625473
v -4.025703 32.820736 50.740993
v -9.225922 29.511578 63.150650
v -21.999985 49.175606 36.474091
v -9.272064 47.811092 41.566528
v -21.999989 39.858124 71.247421
v -34.724007 53.046188 69.496124
v -39.999989 55.405281 56.781590
v -34.807014 59.048061 44.752235
v -21.999987 72.709839 44.462875
v -9.267448 81.805229 54.115490
v -3.953300 87.598434 70.741745
v -9.276139 70.636116 76.763954
v -21.867374 67.281425 81.193100
v -21.999989 95.000023 55.455185
v -34.723930 88.597473 87.404602
v -39.956009 103.926132 81.892097
v -34.673687 102.730362 65.836929
v -21.999989 125.434525 76.969360
v -9.272066 112.455208 73.445465
v -9.340270 105.399368 100.360481
v -21.999990 93.749245 97.823570
v -9.192966 138.761032 97.755051
v -3.974578 130.299438 107.290047
v -22.132607 116.663391 119.085197
v -34.727913 112.622375 107.377647
v -34.807014 138.761032 97.755035
v -21.999992 150.737106 104.335304
v -9.225319 132.919144 131.426117
v -34.724010 133.705338 132.889740
v -39.953308 149.258224 132.401520
v -21.999998 170.621857 135.858627
v -9.267348 166.128891 138.074310
v -4.025406 153.993851 142.751190
v -21.999996 138.412186 151.742584
v -34.732635 166.128860 138.074265
v -9.276052 151.008087 168.739761
v -34.774063 151.655457 170.267975
v -21.999996 183.525909 170.824371
v -9.267459 181.404892 183.916290
v -3.999998 169.157791 186.352448
v -21.999996 148.752579 180.141861
v -40.025715 169.259003 187.179245
v -34.732536 181.404892 183.916290
v -21.999998 188.374527 195.200058
v -9.340990 159.109222 208.074768
v -21.865795 154.085007 210.646042
v -34.659721 159.079498 209.212982
v -22.000004 189.833527 232.442352
v -9.267358 184.834671 232.114700
v -4.000004 171.849304 231.263550
v -39.974586 171.833603 232.437576
v -34.732643 184.834671 232.114700
v -9.272079 157.909485 240.789200
v -22.000008 151.232422 250.081970
v -34.727924 157.909485 240.789200
v -22.000004 183.525909 269.175598
v -9.267472 175.143112 279.453003
v -3.974289 163.526993 274.632751
v -9.225328 151.186447 271.531464
v -34.607147 150.961929 271.244720
v -40.052681 163.198441 275.398315
v -34.732544 175.143112 279.453003
v -22.000006 175.537109 292.709869
v -22.000004 142.277451 278.933258
v -22.000008 164.544846 314.999969
v -9.272084 159.979095 312.363922
v -4.052685 143.299423 315.749603
v -9.276063 132.595428 308.597473
v -22.274918 128.302948 305.729340
v -34.727928 137.933685 299.636017
v -39.947327 143.299423 315.749573
v -34.727928 159.979095 312.363922
v -22.000008 150.737137 335.664673
v -9.267470 139.059433 341.951813
v -34.723957 119.896858 325.146545
v -34.807030 139.311157 341.617676
v -22.000011 125.434639 363.030548
v -3.907564 105.285583 357.210999
v -9.225338 105.465233 339.957977
v -21.867401 102.493317 335.279083
v -40.046700 104.374054 358.049164
v -9.326309 103.114731 373.906250
v -34.727932 96.958702 346.359039
v -34.727936 112.455231 366.554504
v -22.000011 95.000046 384.544800
v -9.340291 70.843239 362.842163
v -22.000011 77.000038 353.367889
v -34.774078 69.101700 363.866638
v -34.732468 79.927322 386.935577
v -22.000013 72.709862 395.537109
v -9.192994 59.837875 394.979675
v -4.043994 46.302204 386.524902
v -22.000023 49.564877 366.011963
v -40.025421 54.267067 383.513214
v -22.000015 49.175594 403.525909
v -9.272089 41.222630 373.845032
v -34.727936 41.222630 373.845032
v -34.807022 35.668602 401.455811
v -22.000015 24.800001 408.374512
v -9.326319 12.346918 404.844086
v -9.340284 10.069088 379.126587
v -22.000011 10.099524 374.091797
v -34.723969 10.429717 379.129761
v -39.974297 10.447079 392.094940
v -22.000015 0.000017 410.000000
v -4.000013 -9.273223 392.084290
v -34.727936 0.000016 404.727905
v -22.000015 -24.800001 408.374512
v -9.272091 -24.111856 403.147522
v -9.272090 -20.789198 377.909485
v -22.000011 -31.857460 370.974426
v -34.659023 -29.661530 376.774200
v -39.956032 -46.302105 386.524933
v -34.732456 -33.997673 401.934113
v -22.000015 -49.175594 403.525909
v -9.267477 -59.452969 395.143127
v -4.000015 -55.439129 383.318756
v -9.225962 -49.732105 371.655426
v -22.000011 -84.141380 390.621857
v -21.999992 -68.198769 358.293518
v -34.727936 -60.950729 367.148254
v -34.727936 -70.692245 390.666382
v -9.267365 -102.908867 374.014252
v -4.000011 -105.150864 357.035492
v -9.276162 -88.727989 352.790710
v -34.659019 -89.882195 351.830017
v -40.000008 -105.300568 357.230560
v -34.732468 -104.606819 372.686859
v -22.000011 -115.664673 370.737122
v -22.000015 -100.382324 337.181824
v -22.000011 -134.350250 354.350342
v -9.267471 -139.059525 341.951691
v -9.340284 -120.113861 324.858490
v -34.774071 -121.079803 323.982361
v -34.732552 -139.059555 341.951660
v -22.000008 -150.737076 335.664734
v -4.046695 -149.258163 307.598602
v -22.000008 -122.176369 313.749329
v -40.000008 -143.316956 315.761414
v -22.000008 -164.544846 314.999969
v -9.272084 -159.979095 312.363922
v -9.272083 -137.933685 299.636017
v -21.867399 -137.878235 289.164581
v -34.695244 -143.693146 289.395935
v -34.732460 -165.034424 303.782471
v -22.000006 -175.537109 292.709869
v -9.325603 -175.893967 277.680511
v -9.304765 -150.676727 272.536072
v -40.046692 -167.482986 263.600037
v -22.000004 -183.525894 269.175690
v -3.974288 -169.258987 252.820923
v -22.000004 -150.974426 251.857635
v -34.695240 -156.757904 249.840851
v -34.727928 -178.433456 267.811157
v -22.000002 -188.374512 244.800095
v -9.192151 -184.765610 230.374298
v -9.225941 -159.143005 232.089600
v -34.732452 -184.815216 229.959656
v -22.000000 -190.000000 219.999985
v -4.025411 -171.833603 207.562469
v -22.000000 -154.000000 219.999985
v -34.659721 -159.126541 209.930847
v -40.000000 -171.822510 206.732727
v -21.999998 -188.374527 195.200058
v -9.267453 -181.404907 183.916443
v -9.272076 -157.909485 199.210846
v -21.999996 -151.362228 189.892212
v -34.732536 -181.404907 183.916428
v -21.999996 -183.525925 170.824463
v -3.974277 -162.993027 163.794220
v -9.340276 -151.098328 169.088913
v -34.727921 -153.845032 178.777420
v -39.999992 -162.533966 162.713837
v -21.999994 -175.537094 147.290100
v -9.267344 -166.128906 138.074371
v -21.725098 -138.395218 151.751022
v -34.723938 -143.025345 149.467712
v -34.727917 -170.666336 149.307648
v -21.999992 -164.544830 125.000008
v -3.999994 -143.194107 124.320839
v -9.276144 -132.790787 131.272125
v -39.974583 -142.593491 123.311951
v -34.807842 -154.824677 118.632957
v -21.999992 -150.737167 104.335373
v -9.325584 -137.899750 96.511597
v -22.132607 -116.663429 119.085236
v -34.727913 -126.359062 123.041336
v -21.999989 -134.350372 85.649780
v -3.999990 -115.124680 91.760757
v -9.340270 -104.858574 99.886200
v -34.659004 -104.074745 99.060326
v -40.025406 -114.473175 91.246849
v -34.727913 -130.622437 89.377701
v -21.999989 -115.664650 69.262848
v -9.272066 -112.455208 73.445465
v -21.865791 -86.380035 92.061829
v -34.732529 -102.757607 66.212349
v -21.999989 -95.000023 55.455185
v -9.325581 -80.145874 53.139679
v -4.046676 -67.366974 60.584808
v -9.272067 -79.636055 82.066345
v -34.659714 -70.197792 76.839554
v -39.999992 -78.011055 66.333893
v -21.999987 -72.709923 44.462921
v -9.276046 -51.260452 68.992004
v -21.999989 -58.933308 77.722580
v -34.727909 -70.692383 49.333679
v -21.999985 -49.175568 36.474091
v -9.192962 -36.486633 38.706924
v -21.999989 -28.342787 68.326431
v -34.774055 -32.758389 63.796486
v -39.974274 -34.450073 51.065086
v -34.807014 -35.668335 38.544159
v -21.999985 -24.799973 31.625473
v -20.624493 -0.762531 42.122353
v -16.135269 13.042953 43.318356
v -15.053280 -11.403032 46.024563
v -16.206690 9.806286 48.785717
v -18.999985 -11.142176 50.003139
v -21.878004 12.992923 48.967159
v -22.955494 -21.192347 46.437000
v -18.999987 23.233658 43.522812
v -14.999988 34.017784 48.980316
v -18.999989 22.189449 51.454376
v -22.999989 45.289871 50.975952
v -21.904133 34.926395 46.459538
v -18.999987 46.069778 48.065201
v -16.095839 56.523117 52.246361
v -16.121971 53.447746 57.014160
v -18.999989 43.999226 55.792618
v -21.755117 54.714905 57.612919
v -18.999989 68.117638 55.549438
v -14.906467 87.480804 68.478775
v -18.999989 65.056175 62.940475
v -21.776510 78.631172 61.052040
v -17.077835 88.857040 66.095215
v -16.245621 93.928291 76.537285
v -18.999992 96.268608 79.484200
v -21.824219 93.618523 76.305367
v -22.999990 96.874947 75.016602
v -18.999989 108.359512 78.783081
v -16.167145 116.736755 86.887115
v -21.777187 118.207588 87.997147
v -18.999990 125.865013 94.135002
v -15.053284 131.082291 105.043869
v -17.379635 119.025070 98.422821
v -21.878662 128.920074 106.655098
v -22.999992 138.826218 113.474983
v -20.922146 140.989944 111.814552
v -17.437559 135.054489 116.369011
v -17.375484 153.665344 130.400879
v -15.425253 139.612839 112.569626
v -16.244864 153.514221 143.864120
v -19.148136 152.468506 143.895508
v -21.754364 154.495468 145.600891
v -21.904142 158.940720 142.064148
v -18.999996 164.450546 151.882309
v -16.167149 167.653488 163.089401
v -14.946704 165.096085 163.957474
v -22.999996 165.116333 163.950577
v -18.999996 171.934799 173.930206
v -16.121323 168.320541 186.300552
v -18.999996 164.207382 176.000763
v -21.824150 168.092438 186.564438
v -22.695894 170.221878 174.870148
v -20.562435 176.246689 196.796677
v -16.167048 176.930618 208.403351
v -15.093520 174.961639 219.999954
v -19.000002 170.083298 210.834381
v -20.620361 177.868515 218.195343
v -16.244873 171.015152 230.821564
v -21.824228 171.252457 229.228638
v -22.974293 173.831665 232.582199
v -19.000002 176.477173 243.233688
v -16.095858 173.540421 254.926666
v -19.146393 166.778015 254.355820
v -21.904148 173.696228 254.143387
v -19.000004 171.934799 266.069763
v -14.952773 161.268890 288.150238
v -16.245636 162.884796 273.596832
v -21.828430 165.339050 264.302429
v -23.053297 165.096100 276.042511
v -19.000004 159.845749 298.827179
v -16.296734 159.073242 298.446198
v -19.000004 157.059509 285.056213
v -21.878021 153.041626 297.455231
v -21.776524 159.143753 298.234161
v -17.437580 147.425659 305.116272
v -19.000008 141.216888 328.359528
v -16.095860 133.353729 336.417053
v -15.000010 121.654129 345.726318
v -16.301388 128.815002 332.967987
v -19.000008 134.870071 323.489441
v -21.793303 128.000702 334.132874
v -23.000008 129.730423 336.463348
v -22.765820 138.826782 328.095734
v -19.000010 125.864975 345.865051
v -19.000010 120.208122 340.208191
v -21.904152 117.017609 352.827057
v -19.000011 108.359535 361.216888
v -16.167252 100.133644 366.157440
v -16.206713 96.448822 361.803070
v -19.000011 103.489441 354.870056
v -21.755142 95.522079 362.263184
v -23.044502 85.998695 372.241455
v -19.000011 89.000046 374.152496
v -15.000013 64.280296 382.711029
v -19.000011 85.000038 367.224304
v -21.832788 80.199684 377.977051
v -17.375507 67.366272 384.629364
v -17.218302 65.619392 377.113220
v -21.828438 65.504532 378.141907
v -20.620367 47.778835 391.340759
v -16.095867 34.926777 393.540405
v -16.244871 33.051189 388.139557
v -19.000011 43.999218 384.207397
v -21.824158 33.435905 388.092346
v -19.000013 23.233685 396.477173
v -15.025714 10.215105 393.986816
v -19.000011 22.189474 388.545624
v -22.946724 11.403128 393.975433
v -22.641464 23.229803 394.415497
v -19.000013 -11.656224 397.844086
v -16.167059 -11.596358 396.930634
v -16.206707 -9.806083 391.214294
v -20.624523 0.762660 390.122375
v -21.832968 -11.596359 396.930634
v -14.946719 -34.013741 390.998688
v -18.851860 -34.049683 386.970551
v -21.698643 -33.425762 388.041046
v -23.025723 -32.837505 391.165039
v -19.000013 -46.069767 391.934814
v -16.167154 -56.910480 387.653534
v -16.206713 -53.785553 382.842316
v -21.832867 -56.910496 387.653564
v -19.000011 -68.117584 384.450562
v -15.026028 -77.895035 376.056061
v -20.396503 -64.060226 377.590485
v -23.000011 -84.968170 372.928894
v -19.000011 -100.798805 367.128357
v -16.167246 -96.712265 368.443542
v -17.603521 -86.027298 366.757538
v -21.754377 -96.597359 361.679291
v -21.904947 -97.032272 368.203949
v -15.000011 -123.558334 343.558258
v -16.244886 -112.692802 349.087646
v -19.000011 -103.489441 354.870056
v -20.620358 -127.048134 344.495972
v -16.095079 -132.084015 338.040222
v -19.000010 -120.208122 340.208191
v -21.824154 -128.854401 333.002411
v -22.973991 -130.577698 335.631317
v -19.000008 -141.216843 328.359619
v -17.229065 -134.143906 324.662933
v -21.832767 -148.443481 316.712341
v -19.153286 -159.365753 299.943481
v -16.296730 -159.073212 298.446228
v -15.000006 -156.483902 297.169312
v -17.437574 -147.425735 305.116150
v -21.828434 -148.238953 305.585754
v -23.025713 -155.784515 298.146942
v -16.301371 -162.240616 275.073212
v -19.000004 -157.059509 285.056213
v -21.698631 -162.240601 275.073212
v -21.777201 -168.372208 275.214020
v -19.000004 -171.934784 266.069855
v -16.037485 -173.594482 254.530151
v -15.000002 -170.872940 253.988892
v -19.000004 -164.207382 263.999298
v -19.000002 -176.477173 243.233765
v -16.171574 -169.707153 242.342468
v -20.781719 -168.743256 242.719604
v -22.974293 -173.831665 232.582245
v -22.655930 -174.454056 243.843750
v -19.000000 -178.000000 219.999985
v -16.296719 -176.984558 208.399811
v -14.973983 -174.096054 209.431213
v -16.175768 -170.991974 206.796799
v -19.000000 -170.000000 219.999985
v -21.755131 -170.964600 208.406998
v -21.904152 -176.614609 208.023941
v -18.999985 -174.801117 185.230026
v -18.999998 -168.545624 197.810577
v -23.000000 -171.124756 185.961258
v -16.095846 -167.753677 163.477020
v -15.044487 -162.163986 154.608322
v -16.244865 -162.138641 164.553177
v -20.269871 -164.222382 175.996857
v -21.864714 -168.223862 164.436920
v -18.999996 -164.450546 151.882309
v -18.851852 -152.468491 143.895493
v -21.698620 -153.664062 144.221207
v -22.999992 -150.049225 130.044098
v -20.781713 -153.673126 130.699890
v -16.171566 -153.137924 131.585785
v -16.121321 -142.611725 124.452362
v -18.999992 -141.216919 111.640511
v -16.167145 -133.112885 103.263237
v -14.973976 -131.685791 105.632248
v -20.562441 -135.054565 116.369080
v -21.904137 -132.827225 102.982590
v -18.999990 -125.865082 94.135056
v -16.175762 -111.573517 89.754356
v -18.999996 -113.786011 93.251900
v -21.754354 -111.850357 90.024727
v -22.999989 -114.871635 89.014053
v -17.375488 -107.680061 78.415939
v -14.999989 -96.874962 75.016609
v -21.864708 -99.636406 73.510727
v -18.999989 -89.000023 65.847488
v -16.095840 -78.651863 61.412384
v -16.175760 -74.061623 65.314987
v -18.999989 -77.103928 68.120712
v -21.878006 -74.264297 65.384789
v -22.999989 -77.169243 63.516052
v -20.396496 -67.038254 55.220764
v -14.999987 -56.049568 54.883709
v -18.999987 -46.069740 48.065201
v -16.223465 -34.813129 46.116817
v -16.244858 -33.050800 51.860378
v -18.999989 -43.999191 55.792603
v -21.754353 -31.877481 51.512905
v -21.962507 -34.530033 46.405506
v -18.999987 -23.233658 43.522812
v -18.015297 -0.476568 66.576469
v -14.504612 4.382465 68.100952
v -15.296790 8.380783 70.737305
v -18.106831 -0.858087 71.413574
v -15.886419 19.704556 67.936752
v -17.872799 18.696075 72.611008
v -19.487438 19.843824 69.271248
v -18.113548 39.987450 71.971268
v -14.509382 41.975746 73.869789
v -15.984686 38.914749 76.609497
v -18.238998 50.564278 79.895508
v -19.495365 54.080448 77.986511
v -16.127186 59.364250 78.516296
v -15.232223 57.108696 82.127380
v -17.976501 76.677345 87.190941
v -14.482258 78.547798 89.800369
v -16.127178 74.892136 91.687004
v -18.232597 85.281319 97.887238
v -15.987280 92.500031 97.598831
v -15.232224 90.846817 101.606087
v -19.461277 90.084396 97.527046
v -18.201328 108.414536 111.585564
v -15.166127 114.111664 118.021347
v -14.522302 113.033348 119.503281
v -16.127184 105.550102 115.442688
v -18.211409 113.922295 124.056198
v -19.499992 114.898964 121.573097
v -17.793653 121.772041 126.560989
v -15.236044 124.420227 136.865189
v -16.127188 133.226669 143.892105
v -14.697618 139.267548 158.393387
v -18.012707 129.239883 146.685684
v -19.461849 132.695709 145.798874
v -17.872797 142.020935 161.932724
v -14.524507 142.768005 171.950272
v -15.984703 137.449127 163.582535
v -18.767763 137.872604 162.891266
v -15.987281 147.898315 179.203110
v -18.015297 143.637192 182.005859
v -19.286724 149.634033 191.006561
v -15.968733 152.174316 199.965897
v -16.127186 147.388992 201.303894
v -18.219316 148.746017 212.904602
v -15.987288 153.417831 221.127975
v -14.590413 150.074753 211.584549
v -19.413847 151.919189 216.163300
v -18.113554 151.981750 240.323715
v -15.340364 150.286438 249.893875
v -16.023497 147.373627 239.402115
v -19.518808 147.724121 248.604950
v -17.872799 148.385254 259.033020
v -14.483925 147.940170 248.911240
v -17.872801 143.324341 259.130432
v -15.886442 141.781937 278.389984
v -14.500005 135.599442 286.870270
v -16.064173 137.083649 277.129822
v -18.703205 133.455688 287.373352
v -19.452450 139.854279 279.756714
v -15.893171 133.289124 295.963654
v -15.798662 128.759628 294.339294
v -18.767773 132.300781 296.383850
v -17.872799 121.298141 313.960205
v -14.566059 121.211449 311.695770
v -15.984710 117.583534 310.825684
v -19.488907 120.173103 309.936462
v -18.113556 108.644516 328.202972
v -14.511601 105.024994 330.010834
v -15.189005 97.427887 333.447357
v -17.935814 105.240646 324.786194
v -19.477428 99.250130 334.279083
v -15.984717 93.020226 342.009186
v -17.976511 90.489540 337.928253
v -18.722927 85.274857 347.278442
v -15.886471 76.937683 352.635223
v -14.477701 65.970955 356.102783
v -15.987306 73.314346 349.239868
v -18.703217 64.863167 354.693604
v -15.987286 59.752480 361.307953
v -15.893181 56.068756 357.604370
v -19.425320 58.957951 360.112030
v -18.113556 39.987438 368.028778
v -15.232244 39.539188 367.562317
v -14.580406 38.206467 364.951569
v -17.976542 38.472507 363.580292
v -19.409309 27.982576 367.680603
v -15.984694 19.553358 372.173157
v -14.535648 1.263026 371.953857
v -15.737045 12.581473 368.443542
v -19.362366 17.479679 371.256348
v -17.872816 0.701944 373.431610
v -17.793667 0.000014 368.509674
v -16.023485 -20.017075 372.042694
v -14.471353 -30.840662 367.159302
v -15.893177 -18.543926 367.427216
v -18.767778 -19.478735 367.955536
v -19.429441 -22.783773 370.399780
v -17.872799 -39.032837 368.385284
v -17.976538 -38.472218 363.580383
v -16.127224 -58.067291 362.020966
v -14.616167 -43.257637 365.865112
v -16.127186 -57.503067 356.990723
v -18.767776 -57.108650 357.872620
v -19.441414 -61.937157 358.791809
v -18.106838 -75.963531 353.289185
v -15.166140 -86.211617 346.446320
v -14.590422 -82.325439 345.760803
v -18.012733 -75.267807 348.112061
v -18.015308 -93.020302 342.009125
v -16.127211 -90.999596 337.439911
v -18.703876 -98.248779 332.542297
v -19.500010 -99.772911 333.769379
v -16.023510 -108.438095 328.438232
v -14.506620 -119.126488 314.389374
v -16.064196 -105.240753 324.786102
v -19.285034 -109.427429 326.079559
v -17.872803 -121.298164 313.960175
v -15.886448 -118.134483 310.254272
v -18.767773 -118.393845 310.846893
v -16.064190 -132.764313 297.022675
v -14.543533 -133.497620 288.926758
v -18.201342 -128.759583 294.339386
v -19.440437 -132.818481 293.614227
v -18.113571 -141.781906 278.390076
v -15.987282 -136.840424 277.901947
v -18.737152 -141.178741 269.224365
v -16.127197 -148.385239 259.033020
v -14.638264 -141.631226 275.949554
v -16.127197 -143.324356 259.130371
v -19.500004 -148.033371 251.237015
v -18.799118 -149.864304 251.095474
v -15.893155 -152.213089 239.173843
v -14.500000 -151.073990 228.141251
v -15.886435 -147.434586 239.095337
v -19.310871 -149.844864 228.711655
v -16.127197 -153.431625 219.298065
v -16.064175 -148.511414 219.678482
v -18.245251 -153.093658 207.744583
v -14.533590 -150.161850 196.732864
v -15.232231 -147.955536 200.521317
v -18.106846 -147.427261 201.456375
v -19.522308 -148.539764 191.503220
v -18.106840 -148.408234 181.122543
v -15.987286 -143.811279 182.633545
v -18.873386 -141.740768 171.885544
v -15.886432 -141.542892 161.032944
v -14.666764 -146.209244 177.865784
v -16.023493 -137.330353 163.115891
v -19.461775 -139.194458 158.750381
v -17.976507 -132.809036 143.322617
v -14.542942 -130.131744 141.198227
v -15.893162 -128.250610 144.963730
v -18.703856 -124.403610 137.281631
v -16.064169 -121.966454 126.817207
v -16.206331 -117.820656 129.593048
v -19.440426 -118.838051 125.462624
v -18.113552 -108.202972 111.355530
v -14.513445 -105.669952 110.605225
v -15.760983 -100.330948 109.910408
v -18.767759 -105.523186 114.476929
v -15.984688 -93.020248 97.990814
v -17.872795 -90.999596 102.560097
v -19.488890 -93.909477 100.580376
v -15.798650 -76.660652 87.219940
v -16.023464 -74.322655 91.269386
v -18.767757 -74.616135 90.761108
v -19.424297 -74.815735 87.602982
v -18.015297 -59.153023 78.437546
v -14.582184 -60.046688 80.278641
v -15.236038 -48.099934 78.302490
v -18.201332 -56.896973 82.638763
v -16.127190 -39.032970 71.614754
v -14.499989 -29.539423 71.495193
v -17.872793 -37.774235 76.312286
v -19.488888 -41.061127 73.733055
v -15.886420 -20.323723 68.018265
v -16.023468 -19.402071 72.626358
v -18.767756 -19.478712 72.044464
v -19.424294 -18.454571 69.050354
v 22.000019 -12.442405 30.166466
v 34.765850 13.625616 35.425419
v 40.000015 11.273310 48.003178
v 34.659737 -10.069276 60.873470
v 21.867401 11.136025 66.148987
v 9.276165 10.445281 60.635887
v 3.907568 0.000009 47.049419
v 9.272091 0.000000 35.272079
v 22.000015 24.799973 31.625473
v 34.774082 29.511574 63.150654
v 9.192989 36.486698 38.706932
v 22.000015 49.175606 36.474091
v 34.765850 60.932724 45.241207
v 40.000015 66.194824 60.191750
v 22.134212 50.323841 74.064415
v 9.340292 51.592373 69.132935
v 4.025426 54.267094 56.486813
v 22.000011 72.709839 44.462875
v 34.727936 60.950775 72.851776
v 9.325613 80.145882 53.139683
v 22.000011 95.000023 55.455185
v 34.765850 104.087357 66.966492
v 34.695244 87.557991 86.594185
v 22.000008 87.208000 92.709190
v 9.225945 87.288857 86.383736
v 4.000010 95.820175 76.594948
v 22.000011 115.664650 69.262848
v 39.907558 122.294525 97.705475
v 9.267366 122.131439 80.735748
v 22.000011 134.350296 85.649719
v 34.807858 140.269028 99.291443
v 34.840656 120.109978 114.666382
v 22.000008 115.930038 118.331955
v 9.225334 119.957825 114.534599
v 4.025421 130.299438 107.290047
v 22.000008 150.737106 104.335304
v 9.267555 155.074936 118.967209
v 22.000008 164.544830 125.000008
v 34.807030 166.041153 138.582596
v 40.092453 159.785492 153.814651
v 34.659725 142.842178 149.156845
v 21.865805 138.118500 151.058228
v 9.272083 137.933670 140.363968
v 4.000007 159.808243 153.805176
v 22.000004 175.537094 147.290100
v 9.340284 150.867096 168.407715
v 9.272083 170.666336 149.307648
v 22.000004 183.525909 170.824371
v 34.727928 178.433472 172.188889
v 34.727924 153.845016 178.777344
v 22.134205 151.545853 190.613892
v 9.267466 181.404892 183.916290
v 22.000000 188.374527 195.200058
v 34.868008 184.506454 207.906799
v 39.947319 171.975723 208.728149
v 34.723942 159.129730 209.570145
v 9.275984 159.104965 207.714691
v 3.974286 172.094940 209.552750
v 21.999996 189.833527 232.442352
v 22.000000 153.841080 231.878952
v 9.267357 184.834671 232.114716
v 34.727921 183.147537 244.111862
v 40.000000 167.081238 264.769348
v 34.723850 156.637375 251.157059
v 9.276150 156.637360 251.157074
v 3.999996 166.285126 267.502930
v 21.999996 183.525909 269.175598
v 34.807022 174.979614 279.838043
v 21.999998 146.012085 269.564484
v 9.267456 175.143112 279.453003
v 21.999994 175.537109 292.709869
v 34.724014 142.292404 292.237030
v 9.275980 142.292404 292.237061
v 21.999992 164.544846 314.999969
v 34.727917 159.979095 312.363922
v 40.052677 143.299438 315.749542
v 21.999992 128.397537 305.792511
v 3.999996 142.168976 317.401123
v 9.272072 159.979095 312.363922
v 21.999990 150.737137 335.664673
v 34.867992 139.016968 341.914551
v 34.723934 119.896866 325.146515
v 9.276051 119.896851 325.146545
v 9.192972 139.311157 341.617676
v 21.999990 125.434639 363.030548
v 39.974583 114.473038 348.753296
v 21.999992 101.667923 335.930176
v 3.999991 112.115372 350.878357
v 34.597179 102.940193 374.061249
v 34.727913 96.958702 346.359039
v 9.272068 96.958702 346.359039
v 9.326283 103.114731 373.906250
v 21.999987 95.000046 384.544800
v 39.999989 76.282433 374.685211
v 34.723930 70.532494 363.025238
v 21.999990 77.000038 353.367889
v 9.340275 70.843170 362.842194
v 4.025400 75.145546 375.031097
v 21.999987 72.709862 395.537109
v 34.807007 59.837879 394.979675
v 21.999989 49.564873 366.011963
v 9.192968 59.837875 394.979675
v 21.999987 49.175594 403.525909
v 40.043964 20.948709 391.568024
v 34.723839 31.157148 376.637360
v 9.272066 41.222630 373.845032
v 3.999990 33.627110 389.053864
v 21.999973 12.442238 409.833557
v 34.673687 12.346911 404.844055
v 21.999990 10.099527 374.091797
v 9.276035 10.429720 379.129761
v 9.326300 12.346950 404.844086
v 34.723938 -10.429721 379.129761
v 3.953299 -23.811766 391.419098
v 21.999987 -24.800001 408.374512
v 34.806999 -35.668465 401.455841
v 39.999985 -33.627102 389.053864
v 21.999989 -31.857462 370.974426
v 9.272064 -20.789198 377.909485
v 9.192978 -35.668457 401.455841
v 21.999987 -49.175594 403.525909
v 34.723999 -49.536682 371.695190
v 9.275982 -49.536674 371.695190
v 21.999987 -72.709785 395.537140
v 34.727909 -70.692245 390.666382
v 39.974575 -75.145584 375.031036
v 21.999985 -69.847076 357.584778
v 3.999991 -86.364784 369.587952
v 9.192146 -80.291313 386.731140
v 21.999987 -94.999969 384.544861
v 34.674397 -104.432297 372.838562
v 34.659000 -87.398628 353.489471
v 9.276148 -88.727959 352.790710
v 21.999989 -115.664673 370.737122
v 39.999992 -112.115326 350.878387
v 21.999987 -101.667885 335.930206
v 9.272066 -112.455231 366.554504
v 21.999990 -134.350250 354.350342
v 34.807014 -138.761108 342.244873
v 34.727913 -112.622337 332.622375
v 9.276052 -119.896873 325.146515
v 3.999993 -129.671158 333.718536
v 9.267452 -139.059555 341.951660
v 21.999990 -150.737076 335.664734
v 39.953308 -149.258179 307.598572
v 34.659714 -132.772949 308.283600
v 21.999992 -122.176369 313.749329
v 21.999992 -164.544846 314.999969
v 34.732639 -166.128845 301.925751
v 21.999992 -138.293503 288.198792
v 9.276146 -143.236008 290.636200
v 3.999995 -159.581100 286.100647
v 9.267544 -165.034424 303.782471
v 21.999994 -175.537109 292.709869
v 34.695236 -150.676727 272.536102
v 21.999996 -183.525894 269.175690
v 34.674404 -181.917953 254.228455
v 40.052677 -169.033157 253.622910
v 21.999996 -150.974426 251.857635
v 9.225931 -156.849350 249.511673
v 9.272074 -178.433456 267.811157
v 21.999998 -188.374512 244.800095
v 34.727921 -157.909470 240.789276
v 3.953313 -173.060654 221.233444
v 9.267548 -184.815216 229.959656
v 22.000000 -190.000000 219.999985
v 34.727921 -184.727921 219.999985
v 39.947323 -171.975723 208.728195
v 34.774067 -159.143005 207.910477
v 22.000000 -154.000000 219.999985
v 9.340994 -159.109222 208.074783
v 22.000000 -188.374527 195.200058
v 34.732548 -181.404907 183.916428
v 22.000004 -150.974442 188.142410
v 9.267464 -181.404907 183.916428
v 22.000004 -183.525925 170.824463
v 40.043987 -160.300079 155.360031
v 34.659725 -151.098328 169.088928
v 9.340282 -150.867096 168.407715
v 4.000007 -163.218475 164.594894
v 22.000004 -175.537094 147.290100
v 34.732658 -166.128906 138.074371
v 22.000008 -137.584778 150.152908
v 9.272083 -170.666336 149.307648
v 22.000008 -164.544830 125.000008
v 34.727928 -137.933670 140.363968
v 9.225330 -132.697632 131.094574
v 4.025418 -143.896332 125.261803
v 9.192160 -154.824677 118.632950
v 22.000008 -150.737167 104.335373
v 34.732460 -137.726517 96.358322
v 40.000004 -130.878311 107.884598
v 34.774681 -119.957863 114.534630
v 22.000008 -115.930077 118.331993
v 22.000011 -134.350372 85.649780
v 9.275991 -103.817139 98.808754
v 4.000010 -115.124695 91.760773
v 9.272087 -130.622437 89.377701
v 22.000011 -115.664650 69.262848
v 34.674423 -101.239861 65.028320
v 40.025726 -96.476334 77.107971
v 34.659733 -88.283577 87.227066
v 21.865808 -86.380043 92.061836
v 9.192987 -102.393509 66.006409
v 22.000011 -95.000023 55.455185
v 9.340290 -70.197792 76.839554
v 4.046700 -67.366982 60.584812
v 22.000011 -72.709923 44.462921
v 34.868023 -59.435043 44.910442
v 40.000015 -44.769318 52.918762
v 34.774693 -51.153942 68.685410
v 22.132626 -50.576214 74.273582
v 9.272091 -70.692383 49.333679
v 22.000015 -49.175568 36.474091
v 9.225948 -32.758389 63.796486
v 9.192989 -36.486626 38.706924
v 34.727936 -24.111828 36.852448
v 22.000011 -20.101030 67.317490
v 25.000015 0.000000 42.000000
v 27.904163 11.179225 43.333160
v 28.955524 21.192318 46.436996
v 27.824066 -11.225723 48.729515
v 25.000011 0.000000 50.000000
v 22.175865 11.209273 48.981426
v 21.000015 11.411447 45.896305
v 22.095867 -11.179210 43.333160
v 23.603512 24.332880 43.777882
v 27.755142 33.809013 52.011200
v 25.000011 22.189449 51.454376
v 25.000011 46.069778 48.065201
v 25.000011 43.999226 55.792618
v 22.175785 53.237701 56.971416
v 21.000013 57.952469 55.576172
v 22.095867 56.523113 52.246357
v 25.000011 68.117638 55.549438
v 27.777206 80.014885 61.900646
v 28.791649 46.549995 50.296955
v 27.793308 74.580566 65.571274
v 24.853622 76.350449 67.796730
v 23.229061 87.741928 65.280807
v 29.000011 108.771805 82.976181
v 22.175785 93.618538 76.305374
v 21.025719 97.812485 75.748558
v 25.000011 108.359512 78.783081
v 27.904160 116.416939 86.646172
v 27.878033 111.751137 89.874168
v 25.000011 103.489426 85.129913
v 21.309074 107.817406 80.691673
v 25.000008 125.865013 94.135002
v 25.146400 128.784302 108.600594
v 22.175777 127.619423 105.431877
v 22.095860 133.353729 103.582970
v 26.624508 141.583984 112.319855
v 28.974304 145.569550 124.160194
v 27.828434 135.799515 115.797333
v 20.974300 145.569580 124.160240
v 25.000008 154.152527 131.000000
v 27.962524 158.742264 141.716736
v 27.824234 154.684982 145.938324
v 24.853622 152.203247 143.649490
v 22.171577 148.238937 134.414215
v 22.135288 158.241211 140.336685
v 25.000004 164.450546 151.882309
v 29.026020 165.428467 164.732010
v 22.121986 162.985855 166.552277
v 21.053297 165.096069 163.957428
v 25.000008 175.310974 187.240021
v 27.864723 173.467667 184.007080
v 27.755135 168.139633 186.949188
v 24.851852 166.970551 185.950470
v 21.384218 170.024399 173.810577
v 29.025707 173.986832 209.785065
v 22.301380 170.966370 208.794220
v 22.167233 176.911987 210.466415
v 26.562439 177.767502 220.000046
v 27.878014 171.265533 229.442581
v 25.000000 170.000000 219.999985
v 20.974293 173.986832 230.214951
v 26.650036 176.457230 243.231064
v 28.974293 171.165009 252.837509
v 25.000000 168.545624 242.189484
v 22.121983 168.567825 251.716507
v 22.095852 173.540421 254.926666
v 24.999996 171.934799 266.069763
v 27.832844 167.653519 276.910583
v 26.770950 164.696320 262.708832
v 21.047228 162.223862 285.844727
v 24.999996 164.450546 288.117676
v 28.973984 156.799271 296.387939
v 27.878017 154.615204 294.264343
v 23.229046 157.712692 283.840668
v 22.223480 158.947952 298.631226
v 25.000008 148.189301 319.016754
v 27.776512 147.570663 318.337280
v 24.999996 141.528976 314.566742
v 22.050423 142.755310 315.385956
v 29.025700 131.814484 334.020660
v 27.828419 135.799530 324.202637
v 20.973978 130.577698 335.631317
v 22.167149 133.112808 336.736877
v 24.999992 125.864975 345.865051
v 27.755116 113.274063 348.577911
v 24.999992 120.208122 340.208191
v 22.244862 113.274078 348.577881
v 24.999989 108.359535 361.216888
v 27.832836 98.363396 367.211243
v 28.819145 122.202919 346.354340
v 24.999989 103.489441 354.870056
v 21.044481 85.998703 372.241455
v 22.223465 98.705391 367.324677
v 24.999989 89.000046 374.152496
v 28.999985 77.055901 376.253662
v 27.824039 75.913528 373.937439
v 24.999969 75.284569 372.661591
v 22.121326 76.115738 373.863098
v 26.650013 68.110054 384.431915
v 22.095825 57.279060 387.497009
v 24.999992 32.759964 395.311005
v 27.777195 36.369495 393.421570
v 29.026005 34.850697 390.899292
v 27.755127 33.051193 388.139557
v 24.999989 43.999218 384.207397
v 22.244858 33.809444 387.988739
v 24.999989 22.189474 388.545624
v 21.053280 11.403115 393.975433
v 21.336922 25.871248 394.071472
v 26.624489 -0.762445 397.877686
v 28.999985 -22.840443 393.489532
v 26.781712 0.499652 390.265137
v 22.121307 -11.013271 391.307220
v 22.135258 -10.129984 396.872559
v 24.999989 -23.233685 396.477173
v 27.904137 -34.143456 393.696198
v 27.793293 -32.070503 388.469543
v 25.148129 -34.049671 386.970551
v 20.952755 -46.517429 388.784607
v 24.999992 -59.284325 388.203827
v 22.244854 -54.714622 382.387238
v 22.222775 -55.213821 388.372284
v 27.832756 -76.509270 379.796997
v 28.973972 -77.895027 376.056061
v 26.396481 -64.060226 377.590485
v 24.999989 -88.999969 374.152527
v 27.755123 -94.879173 362.692780
v 24.999989 -84.999969 367.224335
v 22.121311 -95.191292 362.849854
v 21.025698 -97.812378 364.251495
v 22.167038 -98.508156 367.428162
v 24.846703 -118.466423 353.244537
v 27.832935 -116.908836 353.308868
v 28.999989 -123.558350 343.558258
v 24.999977 -113.786018 346.748077
v 27.824039 -129.044235 333.168823
v 22.301376 -128.815063 332.967896
v 20.946705 -131.082291 334.956146
v 22.222801 -134.426117 335.444397
v 26.781689 -141.310654 327.801880
v 24.999992 -134.870010 323.489502
v 24.999992 -159.026535 300.732391
v 27.832756 -159.796997 296.509277
v 28.999996 -155.452927 298.918152
v 27.824230 -154.684998 294.061676
v 23.603504 -147.880676 304.082001
v 21.026007 -156.799255 296.388000
v 22.135281 -159.532211 297.045441
v 24.999996 -160.644028 276.620117
v 22.245625 -162.884796 273.596863
v 24.999996 -171.934784 266.069855
v 27.904144 -173.696259 254.143219
v 29.000000 -170.581482 255.995041
v 27.824230 -168.582748 251.502884
v 21.000000 -173.803757 239.977280
v 22.037483 -173.594498 254.530121
v 25.000000 -176.477173 243.233765
v 25.000000 -168.545609 242.189560
v 22.175854 -171.018570 231.209122
v 24.999992 -177.816315 206.269913
v 27.864719 -176.872559 209.869766
v 29.000000 -174.085251 210.618698
v 27.755135 -170.964600 208.407013
v 25.000000 -170.000000 219.999985
v 22.222805 -176.925507 210.245346
v 23.349983 -168.565567 197.807938
v 21.025711 -170.702225 184.835922
v 26.396503 -171.538406 172.873642
v 29.026020 -165.428467 164.732010
v 27.878677 -162.481888 164.618622
v 23.437576 -164.431992 175.940689
v 22.095070 -168.267761 164.631882
v 25.000004 -164.450546 151.882309
v 27.904148 -158.940765 142.064209
v 25.000004 -157.059509 154.943787
v 22.244873 -153.856155 144.557480
v 21.000008 -156.387787 142.878006
v 25.000008 -154.152527 131.000000
v 28.946720 -144.965744 123.137131
v 27.824158 -142.501923 124.783401
v 25.000008 -147.224319 135.000000
v 22.222809 -148.344696 123.089531
v 26.650047 -141.200974 111.652771
v 25.000008 -127.974838 107.769165
v 22.171581 -135.799561 115.797394
v 20.955519 -124.795647 97.528458
v 23.349983 -125.850853 94.149284
v 27.904160 -116.417000 86.646225
v 29.025719 -115.804207 89.749672
v 27.828438 -121.036644 98.963486
v 22.301392 -112.967842 91.184891
v 25.000011 -108.359512 78.783081
v 27.824242 -93.618530 76.305374
v 25.000011 -103.489426 85.129913
v 22.167168 -98.363533 72.788841
v 26.396507 -87.972679 65.380692
v 29.000011 -77.169250 63.516060
v 23.375519 -84.400826 72.288467
v 21.000013 -77.169235 63.516048
v 25.000011 -68.117722 55.549469
v 27.904160 -57.279366 52.503067
v 27.824162 -55.090168 57.709911
v 25.000011 -65.056252 62.940506
v 22.121998 -53.447739 57.014149
v 22.167065 -56.994614 52.099613
v 25.000011 -46.069740 48.065201
v 29.025719 -32.837341 48.834961
v 25.000011 -43.999191 55.792603
v 21.000015 -33.988651 49.127003
v 26.620377 -25.005611 43.888718
v 23.229065 -23.568689 51.496479
v 25.886452 0.312287 66.665710
v 29.458221 2.419903 67.937302
v 28.205357 7.163438 71.257317
v 25.188438 -9.601750 70.649498
v 27.976532 20.016844 67.957291
v 25.987293 18.275599 72.541740
v 24.565655 22.383503 69.596909
v 25.984707 39.248585 71.680908
v 29.490238 43.660564 74.499245
v 28.811584 48.283146 78.343712
v 26.023502 38.472240 76.419662
v 27.872814 59.364246 78.516296
v 25.779072 63.586960 85.320183
v 24.608692 59.752171 80.172401
v 25.886452 76.937592 87.364746
v 28.767776 76.383896 87.699249
v 29.424923 93.387711 99.991302
v 27.793682 74.254860 91.386856
v 26.206352 93.438988 98.227936
v 28.201347 90.509865 102.045174
v 24.512562 91.296333 101.020309
v 28.015312 108.823807 111.850166
v 27.872818 105.550110 115.442688
v 25.761002 113.842140 123.948036
v 24.574703 108.088463 113.115486
v 25.987297 122.401146 127.499947
v 29.461864 121.875290 129.113434
v 28.763958 124.420227 136.865189
v 27.872814 133.226669 143.892105
v 26.127209 129.014969 146.323700
v 24.511108 130.655609 142.481308
v 25.886440 141.542892 161.032959
v 28.767773 141.138992 161.538269
v 29.219414 146.924179 179.520264
v 28.015301 137.449142 163.582550
v 25.296806 142.007599 173.272766
v 24.477695 143.549393 172.358582
v 25.987286 147.898315 179.203094
v 29.391323 150.528091 198.473831
v 28.015305 143.637192 182.005859
v 25.987282 151.958099 198.856781
v 29.347412 149.946121 213.501358
v 25.984688 147.367599 201.079422
v 28.015308 153.423538 220.476608
v 26.206337 148.509674 219.999954
v 24.578594 152.008240 218.624542
v 25.886448 151.981750 240.323715
v 28.771667 150.240631 249.884781
v 28.015297 147.367584 238.920654
v 25.232231 147.955536 239.478729
v 25.984699 148.319107 259.248596
v 29.456470 146.788361 252.026398
v 26.023491 143.580338 258.472290
v 24.550804 143.653580 265.189819
v 26.064167 141.681976 279.034485
v 29.435669 140.594269 277.418640
v 27.935829 137.083649 277.129822
v 24.477421 135.427887 287.598755
v 26.023491 132.809021 296.677429
v 29.422253 130.553314 298.081299
v 28.767761 129.238922 294.616089
v 25.886440 128.592194 294.603180
v 28.031246 121.769753 313.437256
v 27.976498 117.928253 310.489532
v 25.232227 118.393890 310.846832
v 24.564320 120.942520 311.850708
v 27.976494 108.438118 328.438202
v 29.519211 99.898888 332.529266
v 25.987301 104.265884 325.861023
v 24.542942 105.302193 329.797241
v 25.984699 93.020226 342.009186
v 28.771664 85.104530 347.367798
v 27.872780 89.885727 338.294586
v 25.232224 90.846832 338.393890
v 25.886456 76.937782 352.635162
v 29.499989 66.870499 355.599335
v 28.703197 64.863159 354.693604
v 25.987286 73.314346 349.239868
v 28.015305 59.152809 361.562531
v 25.987282 55.817875 357.703705
v 24.553219 56.205204 361.264832
v 26.023491 39.691086 368.129272
v 29.487438 39.348110 366.849121
v 27.872799 39.130604 363.324310
v 25.188412 29.380301 366.746613
v 27.976513 20.016870 372.042694
v 29.528648 8.297917 370.127136
v 28.201321 19.406328 367.406799
v 24.575687 18.454729 370.949646
v 25.984684 0.476421 373.423523
v 25.798645 -0.000045 368.678772
v 27.872803 -19.331161 372.210571
v 29.407753 -3.663106 372.075012
v 28.015285 -19.865482 367.243164
v 25.235874 -30.870855 366.297791
v 24.505684 -23.694252 370.057526
v 28.012688 -38.617851 368.482208
v 29.475483 -48.791164 362.516296
v 28.015316 -38.914940 363.390472
v 24.616142 -43.257702 365.865082
v 26.127197 -58.067272 362.020966
v 28.833862 -68.969505 356.617462
v 26.127174 -57.503044 356.990723
v 25.893162 -75.963524 353.289185
v 27.872807 -74.892075 348.313049
v 24.525585 -83.436218 345.159271
v 26.127201 -92.846428 342.152740
v 29.417797 -90.978874 341.862640
v 28.180065 -100.148178 330.226654
v 26.064171 -90.663086 337.626312
v 28.015285 -108.149803 328.823853
v 25.296791 -111.470757 319.618591
v 24.531906 -110.370285 324.428650
v 26.127201 -121.298164 313.960175
v 29.487041 -118.584541 315.185394
v 28.015297 -117.583466 310.825806
v 25.987282 -132.299805 297.685669
v 28.771511 -138.053772 286.098785
v 29.522308 -135.192291 287.817230
v 28.763947 -134.207001 286.183594
v 25.886436 -128.592178 294.603210
v 24.522305 -135.192276 287.817261
v 25.893154 -141.407272 279.501648
v 25.984692 -137.449173 276.417419
v 27.872803 -148.385239 259.033020
v 29.461777 -150.304108 243.136383
v 28.113560 -143.519211 258.779205
v 25.188427 -146.819489 249.013916
v 24.510677 -147.202881 257.810791
v 25.798656 -152.009537 240.012527
v 27.872803 -147.388962 238.696289
v 28.012722 -153.417831 218.872208
v 29.546249 -150.978699 210.104355
v 28.654602 -149.053345 210.230591
v 26.206333 -148.509674 219.999939
v 24.500000 -151.073990 211.858749
v 25.277077 -152.863831 209.789246
v 27.976524 -152.042709 199.983185
v 25.893158 -147.427277 201.456436
v 25.984695 -148.319122 180.751465
v 28.833874 -144.450989 169.452667
v 29.459507 -142.870636 172.670593
v 26.127209 -143.687714 182.225708
v 24.500004 -143.378647 171.329483
v 26.127201 -142.020935 161.932724
v 28.015301 -137.084381 162.701965
v 25.296810 -133.455704 152.626648
v 25.987293 -133.427658 144.267822
v 29.488911 -130.655579 142.481262
v 27.872803 -128.313049 145.107956
v 24.522320 -125.183815 135.116882
v 25.893169 -122.233612 127.288589
v 29.444286 -117.642204 123.790848
v 28.764114 -113.551857 122.727066
v 26.127205 -118.294548 130.114212
v 27.976524 -108.438202 111.561905
v 25.984703 -105.396439 115.277573
v 24.477432 -99.250168 105.720940
v 25.340370 -101.032074 104.795074
v 28.106850 -94.073044 98.811195
v 28.767776 -90.846817 101.606087
v 25.984703 -90.825752 102.416504
v 25.798672 -76.660637 87.219933
v 29.452461 -77.500214 89.142082
v 28.012737 -75.267860 91.888000
v 25.296814 -67.373306 86.544296
v 24.534698 -60.836876 80.841263
v 27.793678 -58.738266 78.193451
v 29.304123 -42.863773 73.890709
v 28.012730 -57.902023 83.159615
v 26.206352 -39.726158 71.739723
v 29.470779 -29.565891 72.504982
v 25.886448 -38.779140 76.480789
v 28.015320 -19.553307 67.826828
v 27.976532 -19.402071 72.626366
v 24.553246 -21.957424 69.558502
v -39.152184 -216.944290 31.900745
v -39.822380 -218.169724 34.220383
v -37.310669 -217.370483 394.294952
v -40.144669 -216.561768 393.277344
v -39.370472 -218.294952 391.310638
v -40.144669 -179.438232 32.722675
v -39.370476 -177.705063 34.689346
v -37.310669 -178.629532 31.705053
v -39.152184 -179.055740 394.099274
v -39.822380 -177.830292 391.779602
v 40.144672 -216.561783 32.722672
v 39.370476 -218.294952 34.689335
v 37.310677 -217.370483 31.705057
v 39.152184 -216.944275 394.099274
v 39.822380 -218.169724 391.779602
v 39.152184 -179.055725 31.900743
v 39.822384 -177.830292 34.220398
v 40.144672 -179.438248 393.277344
v 39.370476 -177.705063 391.310638
v 37.310661 -178.629532 394.294952
v 41.452675 -213.605316 85.394699
v 41.381954 -213.561935 344.561920
v 41.381954 -182.438080 85.438080
v 41.452675 -182.394699 344.605316
v 46.618046 -213.561935 85.438080
v 46.547329 -213.605316 344.605316
v 46.547329 -182.394684 85.394699
v 46.618046 -182.438080 344.561920
v 47.893299 -194.341721 80.041153
v 50.148186 -194.359787 79.956673
v 47.790535 -196.152939 76.893875
v 50.148186 -196.217422 76.825813
v 47.893299 -199.793503 76.811256
v 50.148186 -199.857635 76.869148
v 47.851814 -201.640228 79.956673
v 50.106705 -201.658295 80.041153
v 47.851818 -199.857635 83.130859
v 50.209473 -199.766449 83.152679
v 47.851818 -196.217422 83.174194
v 50.106701 -196.135223 83.147598
v 47.893303 -194.341721 180.041153
v 50.148182 -194.359787 179.956680
v 47.672817 -196.293335 177.043945
v 49.888405 -196.066864 176.651749
v 47.893295 -199.793503 176.811264
v 50.148186 -199.857635 176.869156
v 47.851814 -201.640213 179.956680
v 50.106705 -201.658295 180.041153
v 48.138786 -199.898438 183.390106
v 50.331234 -199.736969 182.920242
v 47.851818 -196.217422 183.174194
v 50.106705 -196.135223 183.147598
v 48.111603 -194.133743 280.000000
v 50.327190 -194.586639 280.000000
v 47.851818 -196.142365 276.869171
v 50.106697 -196.206497 276.811279
v 47.893303 -199.793503 276.811279
v 50.148186 -199.857651 276.869171
v 47.672810 -201.413361 280.000000
v 49.888401 -201.866257 280.000000
v 47.893295 -199.864807 283.147583
v 50.148186 -199.782593 283.174194
v 47.851818 -196.217422 283.174194
v 50.106705 -196.135208 283.147583
v 48.111599 -194.133759 370.000000
v 50.327194 -194.586655 370.000000
v 47.851818 -196.142365 366.869171
v 50.106693 -196.206497 366.811279
v 47.893307 -199.793503 366.811279
v 50.148186 -199.857651 366.869171
v 47.672810 -201.413361 370.000000
v 49.888401 -201.866257 370.000000
v 47.893299 -199.864792 373.147583
v 50.148186 -199.782593 373.174194
v 47.851822 -196.217407 373.174194
v 50.106705 -196.135208 373.147583
v -159.849121 -82.368439 26.131563
v -159.872681 -82.353981 27.853977
v -159.872681 -77.646027 26.146025
v -159.849121 -77.631569 27.868439
v -80.127319 -82.353981 26.146023
v -80.150894 -82.368439 27.868439
v -80.150894 -77.631569 26.131561
v -80.127319 -77.646027 27.853977
v 80.150894 -82.368439 26.131561
v 80.127319 -82.353981 27.853977
v 80.127319 -77.646027 26.146023
v 80.150894 -77.631569 27.868439
v 159.872681 -82.353981 26.146025
v 159.849121 -82.368439 27.868439
v 159.849121 -77.631569 26.131563
v 159.872681 -77.646027 27.853977
v -39.152184 179.055725 31.900743
v -39.822380 177.830292 34.220394
v -37.310661 178.629532 394.294952
v -40.144669 179.438248 393.277344
v -39.370476 177.705063 391.310638
v -40.144669 216.561783 32.722672
v -39.370476 218.294952 34.689331
v -37.310677 217.370483 31.705057
v -39.152184 216.944275 394.099274
v -39.822380 218.169724 391.779602
v 40.144672 179.438232 32.722672
v 39.370476 177.705063 34.689346
v 37.310665 178.629532 31.705053
v 39.152184 179.055740 394.099274
v 39.822384 177.830292 391.779602
v 39.152187 216.944290 31.900745
v 39.822380 218.169724 34.220383
v 40.144672 216.561768 393.277344
v 39.370472 218.294952 391.310638
v 37.310669 217.370483 394.294952
v 41.452675 182.394684 85.394699
v 41.381954 182.438080 344.561920
v 41.381954 213.561935 85.438087
v 41.452675 213.605316 344.605316
v 46.618046 182.438080 85.438080
v 46.547329 182.394684 344.605316
v 46.547329 213.605316 85.394699
v 46.618046 213.561935 344.561920
v 47.893295 201.658295 80.041153
v 50.148186 201.640228 79.956673
v 47.790531 199.847076 76.893875
v 50.148186 199.782578 76.825813
v 47.893299 196.206512 76.811249
v 50.148182 196.142365 76.869141
v 47.851818 194.359787 79.956673
v 50.106705 194.341721 80.041153
v 47.851818 196.142365 83.130859
v 50.209469 196.233566 83.152679
v 47.851818 199.782578 83.174194
v 50.106705 199.864792 83.147598
v 47.893299 201.658295 180.041153
v 50.148186 201.640228 179.956680
v 47.672813 199.706680 177.043945
v 49.888409 199.933136 176.651749
v 47.893299 196.206497 176.811264
v 50.148186 196.142365 176.869156
v 47.851822 194.359787 179.956680
v 50.106701 194.341721 180.041153
v 48.138786 196.101578 183.390121
v 50.331234 196.263046 182.920242
v 47.851814 199.782578 183.174194
v 50.106709 199.864792 183.147598
v 48.111603 201.866257 280.000000
v 50.327190 201.413361 280.000000
v 47.851814 199.857651 276.869171
v 50.106701 199.793503 276.811279
v 47.893307 196.206497 276.811279
v 50.148186 196.142365 276.869171
v 47.668762 194.602539 280.044159
v 49.861206 194.114853 279.949036
v 47.893295 196.135208 283.147583
v 50.148186 196.217422 283.174194
v 47.851818 199.782593 283.174194
v 50.106709 199.864807 283.147583
v 48.111599 201.866257 370.000000
v 50.327194 201.413361 370.000000
v 47.851814 199.857651 366.869171
v 50.106697 199.793503 366.811279
v 47.893307 196.206497 366.811279
v 50.148186 196.142365 366.869171
v 47.668762 194.602539 370.044159
v 49.861206 194.114853 369.949036
v 47.893299 196.135208 373.147583
v 50.148182 196.217407 373.174194
v 47.851818 199.782593 373.174194
v 50.106705 199.864792 373.147583
v -159.849121 77.631569 26.131563
v -159.872681 77.646027 27.853977
v -159.872681 82.353981 26.146025
v -159.849121 82.368439 27.868439
v -80.127319 77.646027 26.146023
v -80.150894 77.631569 27.868439
v -80.150894 82.368439 26.131561
v -80.127319 82.353981 27.853977
v 80.150894 77.631569 26.131561
v 80.127319 77.646027 27.853977
v 80.127319 82.353981 26.146023
v 80.150894 82.368439 27.868439
v 159.872681 77.646027 26.146025
v 159.849121 77.631569 27.868439
v 159.849121 82.368439 26.131563
v 159.872681 82.353981 27.853977
v -48.152184 -222.944275 402.900757
v -48.822380 -224.169724 405.220428
v -46.310669 -223.370483 429.294952
v -49.144672 -222.561768 428.277344
v -48.370472 -224.294952 426.310638
v -49.144672 222.561768 403.722687
v -48.370476 224.294952 405.689362
v -46.310650 223.370483 402.705078
v -48.152184 222.944275 429.099274
v -48.822380 224.169724 426.779602
v 49.144672 -222.561768 403.722687
v 48.370476 -224.294952 405.689362
v 46.310650 -223.370483 402.705078
v 48.152184 -222.944275 429.099274
v 48.822380 -224.169724 426.779602
v 48.152184 222.944275 402.900757
v 48.822380 224.169724 405.220428
v 49.144672 222.561768 428.277344
v 48.370472 224.294952 426.310638
v 46.310669 223.370483 429.294952
v 50.603561 -179.473755 409.526276
v 50.509270 -179.415909 422.415924
v 50.509270 179.415909 409.584106
v 50.603558 179.473755 422.473755
v 57.490730 -179.415909 409.584106
v 57.396446 -179.473755 422.473755
v 57.396439 179.473755 409.526276
v 57.490730 179.415909 422.415924
v 116.847816 -245.944290 25.900745
v 116.177620 -247.169724 28.220394
v 117.968910 -246.997360 153.862289
v 115.900749 -245.944290 153.152191
v 115.855331 -164.438248 26.722677
v 116.629524 -162.705063 28.689354
v 118.689331 -163.629532 25.705055
v 116.847816 -164.055725 154.099258
v 116.177620 -162.830292 151.779602
v 224.144669 -245.561783 26.722675
v 223.370483 -247.294952 28.689335
v 221.310684 -246.370483 25.705059
v 223.951645 -244.842361 154.048981
v 222.944290 -247.099258 153.152191
v 223.152191 -164.055725 25.900745
v 223.822388 -162.830292 28.220406
v 224.144669 -164.438248 153.277328
v 223.370483 -162.705063 151.310654
v 221.310654 -163.629532 154.294952
v 117.377235 -252.171097 37.328907
v 117.318298 -252.134933 140.634933
v 117.318298 -247.865067 37.365059
v 117.377235 -247.828918 140.671082
v 222.681702 -252.134933 37.365059
v 222.622772 -252.171082 140.671082
v 222.622772 -247.828918 37.328907
v 222.681702 -247.865067 140.634933
v 129.603561 -255.473755 45.026249
v 129.509277 -255.415909 110.915909
v 129.509277 -248.584106 45.084091
v 129.603561 -248.526260 110.973755
v 210.490738 -255.415909 45.084091
v 210.396439 -255.473755 110.973755
v 210.396439 -248.526260 45.026245
v 210.490738 -248.584106 110.915909
v 132.650894 -256.868439 48.131561
v 132.627319 -256.853973 107.853981
v 132.627319 -255.146042 48.146027
v 132.650894 -255.131577 107.868439
v 207.372681 -256.853973 48.146023
v 207.349106 -256.868439 107.868439
v 207.349106 -255.131577 48.131561
v 207.372681 -255.146042 107.853981
v 142.500000 -257.200012 50.500000
v 197.500000 -257.200012 50.500000
v 197.500000 -257.200012 105.500000
v 142.500000 -257.200012 105.500000
v 133.649963 -257.871094 50.017170
v 133.613205 -256.728912 50.032402
v 134.550583 -257.858948 48.491592
v 134.531906 -256.727509 47.887047
v 133.613205 -257.871094 46.967602
v 132.386810 -256.728912 46.967602
v 131.468094 -257.872498 47.887047
v 131.468094 -256.727509 49.112957
v 131.905258 -257.845001 49.605389
v 133.612961 -256.727509 109.031914
v 134.531921 -257.872498 108.112953
v 134.532410 -256.728912 106.886818
v 133.613190 -257.871094 105.967598
v 132.387054 -256.727509 105.968094
v 131.468094 -257.872498 106.887054
v 131.467606 -256.728912 108.113182
v 132.386826 -257.871094 109.032410
v 206.350052 -256.728912 50.017170
v 207.649963 -257.871094 50.017170
v 208.516663 -256.727509 49.149769
v 208.516663 -257.872498 47.850235
v 207.649963 -256.728912 46.982830
v 206.350052 -257.871094 46.982834
v 205.483337 -256.727509 47.850235
v 205.483353 -257.872498 49.149769
v 207.612946 -256.727509 109.031914
v 208.531921 -257.872498 108.112953
v 208.532410 -256.728912 106.886818
v 207.613190 -257.871094 105.967598
v 206.387054 -256.727509 105.968094
v 205.468094 -257.872498 106.887054
v 205.467590 -256.728912 108.113182
v 206.386826 -257.871094 109.032410
v 129.105621 -256.607910 111.092094
v 129.089127 -256.597778 132.897797
v 129.089127 -255.402222 111.102219
v 129.105621 -255.392090 132.907913
v 210.910889 -256.597778 111.102211
v 210.894394 -256.607910 132.907913
v 210.894379 -255.392090 111.092094
v 210.910889 -255.402222 132.897797
v 116.847824 164.055725 25.900745
v 116.177620 162.830292 28.220407
v 118.689346 163.629532 154.294952
v 115.855331 164.438248 153.277328
v 116.629524 162.705063 151.310654
v 115.855331 245.561768 26.722677
v 116.629524 247.294952 28.689342
v 118.689331 246.370483 25.705059
v 116.847816 245.944275 154.099258
v 116.177620 247.169724 151.779602
v 224.144669 164.438232 26.722675
v 223.370483 162.705063 28.689348
v 221.310669 163.629532 25.705055
v 223.152191 164.055725 154.099258
v 223.822388 162.830292 151.779602
v 223.152191 245.944290 25.900747
v 223.822388 247.169724 28.220392
v 224.169724 246.822388 151.779602
v 223.037521 246.236160 153.957153
v 117.377235 247.828918 37.328907
v 117.318298 247.865067 140.634933
v 117.318298 252.134933 37.365059
v 117.377235 252.171097 140.671082
v 222.681702 247.865067 37.365059
v 222.622772 247.828918 140.671082
v 222.622772 252.171097 37.328907
v 222.681702 252.134933 140.634933
v 129.603561 248.526260 45.026249
v 129.509277 248.584106 110.915909
v 129.509277 255.415909 45.084091
v 129.603561 255.473755 110.973755
v 210.490738 248.584106 45.084091
v 210.396439 248.526260 110.973755
v 210.396439 255.473755 45.026245
v 210.490738 255.415909 110.915909
v 132.650894 255.131577 48.131565
v 132.627319 255.146042 107.853973
v 132.627319 256.853973 48.146027
v 132.650894 256.868439 107.868439
v 207.372681 255.146042 48.146023
v 207.349106 255.131577 107.868439
v 207.349106 256.868439 48.131561
v 207.372681 256.853973 107.853981
v 197.500000 257.200012 50.500000
v 142.500000 257.200012 50.500000
v 142.500000 257.200012 105.500000
v 197.500000 257.200012 105.500000
v 133.613205 257.871094 50.032398
v 134.531906 256.727509 49.112957
v 134.531906 257.872498 47.887047
v 133.613205 256.728912 46.967602
v 132.386810 257.871094 46.967602
v 131.468094 256.727509 47.887047
v 131.468094 257.872498 49.112957
v 132.386810 256.728912 50.032402
v 132.991608 257.858948 109.050583
v 134.531921 256.727509 108.112953
v 134.517181 257.871094 108.149948
v 134.105392 257.845001 106.405251
v 133.613190 256.728912 105.967598
v 132.387054 257.872498 105.968094
v 131.468094 256.727509 106.887054
v 131.467606 257.871094 108.113182
v 132.386826 256.728912 109.032410
v 206.350052 257.871094 50.017170
v 207.649963 256.728912 50.017174
v 208.516663 257.872498 49.149769
v 208.516663 256.727509 47.850235
v 207.649963 257.871094 46.982834
v 206.350052 256.728912 46.982830
v 205.483353 257.872498 47.850235
v 205.483337 256.727509 49.149769
v 207.612946 257.872498 109.031906
v 208.531921 256.727509 108.112953
v 208.532410 257.871094 106.886818
v 207.613190 256.728912 105.967598
v 206.387054 257.872498 105.968094
v 205.468094 256.727509 106.887054
v 205.467590 257.871094 108.113182
v 206.386826 256.728912 109.032410
v 129.105621 255.392090 111.092094
v 129.089127 255.402222 132.897797
v 129.089127 256.597778 111.102211
v 129.105621 256.607910 132.907913
v 210.910889 255.402222 111.102219
v 210.894379 255.392090 132.907913
v 210.894394 256.607910 111.092094
v 210.910889 256.597778 132.897797
v -220.652191 -254.944290 25.900747
v -221.322388 -256.169739 28.220387
v -219.531097 -255.997375 203.862289
v -221.599258 -254.944290 203.152191
v -221.644669 -185.438248 26.722672
v -220.870483 -183.705063 28.689348
v -218.810669 -184.629532 25.705053
v -220.652191 -185.055725 204.099258
v -221.322388 -183.830292 201.779602
v -138.451035 -253.842346 26.048353
v -139.263855 -255.957169 26.962488
v -139.347824 -254.944290 204.099258
v -138.677628 -256.169739 201.779602
v -139.347824 -185.055725 25.900742
v -138.677628 -183.830292 28.220413
v -138.330276 -184.177628 201.779587
v -139.462494 -184.763855 203.957153
v -178.792831 -213.203201 193.254913
v -178.514252 -213.258621 302.745087
v -174.357941 -216.053467 193.218460
v -175.081116 -215.412445 302.859589
v -173.138412 -218.747025 302.583313
v -173.178162 -221.207809 193.303925
v -174.269974 -223.778015 302.860016
v -175.040924 -224.599487 193.209915
v -178.512131 -226.708954 193.191116
v -178.792831 -226.796799 302.745087
v -183.725204 -225.825272 193.278122
v -183.944138 -225.635040 302.796143
v -186.723007 -221.384781 193.158112
v -186.309326 -222.372192 302.822235
v -185.859787 -216.216583 193.416718
v -186.781815 -218.486557 302.643951
v -183.708801 -214.189133 302.764740
v -182.863770 -213.912323 193.131226
v -177.480652 -206.193558 302.268524
v -174.617020 -207.282654 317.684814
v -170.339005 -210.168060 302.262451
v -170.184036 -210.395462 317.842804
v -167.360443 -214.607880 302.174744
v -167.201126 -214.813843 317.684814
v -166.193573 -222.519363 302.268555
v -166.291794 -222.956665 317.753876
v -170.168045 -229.660995 302.262482
v -170.386078 -229.818649 317.825287
v -174.606735 -232.629852 302.157227
v -177.485672 -233.796204 317.753876
v -182.519379 -233.806442 302.268555
v -185.383011 -232.717331 317.684814
v -189.660980 -229.831970 302.262482
v -189.815979 -229.604538 317.842804
v -192.639557 -225.392136 302.174744
v -192.798874 -225.186172 317.684814
v -193.806427 -217.480637 302.268524
v -193.708206 -217.043335 317.753906
v -189.831955 -210.339020 302.262482
v -189.613937 -210.181366 317.825287
v -185.393250 -207.370148 302.157227
v -182.514313 -206.203812 317.753876
v -167.720444 -222.802734 282.165588
v -170.201645 -216.729904 282.988403
v -173.168427 -217.746521 280.044342
v -172.708725 -216.175400 277.912842
v -170.405151 -215.778275 277.000000
v -167.955673 -217.210556 277.889038
v -167.576233 -215.931290 280.000031
v -172.496643 -217.392410 282.126953
v -170.163834 -212.605133 282.130554
v -171.733932 -209.634674 280.000031
v -175.718765 -213.186447 282.066071
v -171.557175 -211.210464 277.876099
v -176.597382 -210.275772 283.022766
v -176.902588 -213.568176 280.000000
v -175.744110 -208.579651 282.123932
v -179.096893 -211.984726 277.891937
v -180.821030 -209.329788 277.000000
v -178.680191 -207.676132 277.824493
v -181.734146 -206.753387 279.917694
v -182.748978 -207.955841 282.132050
v -183.629013 -212.540787 282.106201
v -183.164169 -213.429565 280.000000
v -184.408203 -210.846283 282.983948
v -185.744522 -214.212509 277.877533
v -186.334610 -209.589661 277.869476
v -190.330627 -211.761627 280.000031
v -189.820053 -212.569061 282.110992
v -190.144318 -217.484360 283.014191
v -189.774734 -216.579666 277.000000
v -190.955826 -214.376617 277.889038
v -188.228668 -220.282272 282.087189
v -186.884171 -218.220596 280.000031
v -193.182037 -219.785446 280.057892
v -192.127899 -218.809647 282.130554
v -187.859222 -222.702057 277.969452
v -191.856888 -224.099365 277.880493
v -190.482605 -226.586670 282.206360
v -186.431839 -223.097397 280.000031
v -187.966736 -226.812897 277.000000
v -191.206955 -226.731201 280.000031
v -186.578888 -228.249680 283.000031
v -184.291367 -226.829697 282.108093
v -186.066742 -231.728958 280.000000
v -182.900986 -226.491714 280.000031
v -185.110077 -231.191345 277.859863
v -182.982483 -231.935822 282.140167
v -181.813126 -227.828644 277.871979
v -177.681778 -230.156876 277.000000
v -177.215363 -232.937225 279.938324
v -173.225479 -228.494965 283.000031
v -178.404800 -227.830917 282.098541
v -177.399780 -226.725159 280.000000
v -177.335190 -231.959641 277.846100
v -174.600342 -231.121643 282.110992
v -176.547134 -227.169937 277.913879
v -170.750961 -229.249115 280.000000
v -172.683411 -223.800903 282.111267
v -169.638580 -226.906082 277.818756
v -173.554779 -222.975601 279.968842
v -172.748886 -223.463531 277.871979
v -170.977722 -224.666748 277.000000
v -167.196228 -223.142471 280.057922
v -166.980057 -221.356918 292.033813
v -170.405182 -215.778259 295.000031
v -171.989655 -219.142120 294.086121
v -172.890213 -221.622772 292.000000
v -171.813217 -220.000000 289.907471
v -170.225266 -216.579697 289.000000
v -168.271027 -213.933304 292.000031
v -168.473312 -215.939087 294.112701
v -168.772644 -214.940491 289.889038
v -174.316605 -215.727188 292.000000
v -173.665207 -209.246109 294.117035
v -175.635880 -213.111664 294.122498
v -174.969711 -213.733337 289.871948
v -175.988342 -207.224442 292.000031
v -177.865082 -209.768784 289.014160
v -174.407013 -209.050522 289.843597
v -181.207367 -209.284348 295.000031
v -179.884399 -212.638031 291.938568
v -179.958878 -212.035889 289.899872
v -184.389664 -208.334930 294.156494
v -183.778122 -212.700470 294.057434
v -183.841080 -208.142975 289.843536
v -184.565170 -207.749954 292.000000
v -185.744522 -214.212509 289.877533
v -187.409180 -212.802383 288.988403
v -190.439941 -211.948944 291.942139
v -186.531128 -216.703064 292.057800
v -191.857025 -216.158920 294.156494
v -190.156860 -217.681778 295.000031
v -190.955826 -214.376617 289.889038
v -188.228668 -220.282272 294.087189
v -193.182037 -219.785446 292.057892
v -187.859222 -222.702057 289.969452
v -190.133774 -222.681580 289.000000
v -192.139511 -221.367752 289.875977
v -190.972900 -225.563705 294.140167
v -186.431839 -223.097397 292.000031
v -191.206955 -226.731201 292.000031
v -186.686432 -228.119644 295.015076
v -188.774841 -228.774826 289.858276
v -184.806549 -226.393402 294.115356
v -185.752335 -231.944839 292.000031
v -183.795029 -231.859650 294.181274
v -182.900986 -226.491714 292.000031
v -182.318237 -230.156876 289.000000
v -181.813126 -227.828644 289.871979
v -178.137054 -227.958405 294.064514
v -181.560593 -232.081940 289.861511
v -176.857559 -232.803787 291.942139
v -176.780701 -229.759384 294.989166
v -177.399780 -226.725159 292.000031
v -174.346375 -230.930283 294.130554
v -175.511185 -226.734802 289.917664
v -174.889938 -231.191345 289.859863
v -172.033279 -226.812912 289.000000
v -169.669434 -228.238449 292.000000
v -168.278793 -224.029068 294.175537
v -170.977722 -224.666702 295.000031
v -173.270584 -224.228333 294.136505
v -168.334930 -224.389664 289.843536
v -167.002090 -221.464508 302.000031
v -167.691406 -221.455597 304.175537
v -173.073105 -218.328445 302.033234
v -168.149078 -214.110931 302.061707
v -171.276749 -214.518814 305.022766
v -173.493958 -214.854034 304.106201
v -173.265228 -215.511154 299.917664
v -172.604019 -212.317444 298.982452
v -168.764938 -214.979294 299.869446
v -170.163834 -212.605118 304.130585
v -175.582291 -214.460403 302.000000
v -173.268768 -208.793091 302.000031
v -174.346375 -209.069733 299.869446
v -175.744110 -208.579651 304.123932
v -181.198303 -209.364700 304.963684
v -179.142136 -211.989670 299.913940
v -181.734146 -206.753387 301.917694
v -179.958862 -212.035889 304.100159
v -180.705429 -212.803741 301.952637
v -182.748978 -207.955841 304.132050
v -183.219315 -210.240616 299.010864
v -183.795044 -208.140381 299.818756
v -185.006546 -213.722000 304.114380
v -185.773132 -214.226868 299.855347
v -190.330627 -211.761627 302.000031
v -189.820053 -212.569061 304.110992
v -186.021271 -216.063889 302.044342
v -189.798370 -216.729919 305.011627
v -189.774734 -216.579666 299.000000
v -190.955826 -214.376617 299.889038
v -188.228668 -220.282272 304.087189
v -193.182037 -219.785446 302.057892
v -192.127899 -218.809647 304.130554
v -187.859222 -222.702057 299.969452
v -186.842316 -222.394241 302.000000
v -190.482620 -226.586670 304.206360
v -189.022278 -224.666702 305.000031
v -191.406937 -221.218384 299.111115
v -191.206955 -226.731201 302.000031
v -188.774841 -228.774826 299.858276
v -184.806549 -226.393402 304.115356
v -186.971710 -231.095459 302.000031
v -182.318237 -230.156860 305.000031
v -182.900986 -226.491714 302.000031
v -182.318237 -230.156876 299.000000
v -182.712616 -232.061890 304.110992
v -181.813126 -227.828644 299.871979
v -179.785400 -233.182037 301.942139
v -179.053879 -228.000412 304.086121
v -181.560593 -232.081940 299.861511
v -177.399780 -226.725159 302.000031
v -173.059601 -230.373367 304.117035
v -175.531158 -226.757156 299.901550
v -173.665237 -230.753891 299.882996
v -170.525620 -229.474411 302.000031
v -170.998596 -225.865097 304.981445
v -170.869385 -225.737167 299.000000
v -172.683411 -223.800903 304.111267
v -173.554779 -222.975601 301.968842
v -172.169083 -221.619553 299.890930
v -168.085724 -223.079620 299.869446
v -55.698219 -73.736877 410.263153
v -55.745365 -73.707962 421.707947
v -55.745365 -66.292046 410.292084
v -55.698223 -66.263123 421.736877
v -48.254635 -73.707954 410.292084
v -48.301781 -73.736877 421.736877
v -48.301785 -66.263130 410.263153
v -48.254635 -66.292046 421.707947
v -55.698219 66.263130 410.263153
v -55.745365 66.292046 421.707947
v -55.745365 73.707954 410.292084
v -55.698223 73.736877 421.736877
v -48.254635 66.292046 410.292084
v -48.301781 66.263123 421.736877
v -48.301785 73.736877 410.263153
v -48.254635 73.707962 421.707947
v -57.698223 -79.736885 404.263123
v -57.745369 -79.707962 427.707947
v -57.745369 79.707962 404.292053
v -57.698227 79.736885 427.736877
v -54.254631 -79.707962 404.292053
v -54.301773 -79.736885 427.736877
v -54.301777 79.736885 404.263123
v -54.254631 79.707962 427.707947
v -58.133335 -74.000000 409.000000
v -58.133335 74.000000 423.000000
v -58.266670 -74.000000 423.000000
v -58.266670 74.000000 409.000000
v -58.581383 -72.885040 409.000000
v -59.041893 -74.030594 407.339539
v -58.170364 -74.043488 407.325928
v -58.581379 -76.057434 407.168365
v -58.618618 -77.114967 409.000000
v -58.566505 -76.057426 410.831635
v -58.618618 -73.942574 410.831635
v -58.581383 -72.885040 423.000000
v -59.041893 -74.030594 421.339539
v -58.170364 -74.043488 421.325928
v -58.581379 -76.057434 421.168365
v -58.618618 -77.114967 423.000000
v -58.566505 -76.057434 424.831635
v -58.618618 -73.942574 424.831635
v -58.581379 77.114967 409.000000
v -59.041893 75.969406 407.339539
v -58.170364 75.956520 407.325928
v -58.581379 73.942574 407.168365
v -58.618618 72.885040 409.000000
v -58.566505 73.942574 410.831635
v -58.618618 76.057434 410.831635
v -58.581383 77.114967 423.000000
v -59.041893 75.969406 421.339539
v -58.170364 75.956520 421.325928
v -58.581379 73.942574 421.168365
v -58.618618 72.885040 423.000000
v -58.566505 73.942574 424.831635
v -58.618618 76.057434 424.831635
v 159.000000 -10.000000 23.626669
v 191.000000 -10.000000 23.600000
v 191.000000 -22.000000 23.640001
v 221.000000 0.000000 23.640001
v 191.000000 22.000000 23.640001
v 191.000000 10.000000 23.600000
v 159.000000 10.000000 23.653334
v 191.000000 -10.000000 23.680000
v 191.000000 10.000000 23.680000
vn 0.0002 -0.9999 -0.0144
vn 0.9999 0.0003 -0.0144
vn 0.0002 0.0002 1.0000
vn -0.9999 -0.0003 -0.0144
vn -0.0002 0.9999 -0.0144
vn 0.0005 0.8841 -0.4672
vn -0.0005 0.8841 0.4672
vn 0.9264 0.3742 0.0420
vn -0.0005 -0.8841 -0.4672
vn 0.0005 -0.8841 0.4672
vn -0.0002 0.0002 -1.0000
vn 0.0001 -1.0000 -0.0084
vn 0.9999 0.0002 -0.0137
vn 0.0001 0.0001 1.0000
vn -0.9999 -0.0002 -0.0137
vn -0.0001 1.0000 -0.0084
vn -0.0001 0.0001 -1.0000
vn -0.0000 -1.0000 -0.0084
vn 0.9999 0.0001 -0.0137
vn -0.0000 -0.0000 1.0000
vn -0.9999 -0.0001 -0.0137
vn -0.0000 1.0000 -0.0084
vn -0.0000 -0.0000 -1.0000
vn 0.0001 -1.0000 -0.0050
vn 0.9999 0.0086 -0.0080
vn 0.0001 0.0053 1.0000
vn -0.9999 -0.0086 -0.0080
vn -0.0001 1.0000 -0.0049
vn -0.0001 0.0053 -1.0000
vn 0.0001 -1.0000 -0.0072
vn -0.0001 1.0000 -0.0072
vn 0.7598 -0.3220 0.5648
vn 0.3223 -0.7600 -0.5644
vn 0.7606 0.3220 -0.5637
vn -0.3223 -0.7610 0.5629
vn -0.7606 -0.3220 -0.5637
vn -0.7598 0.3220 0.5648
vn -0.3223 0.7600 -0.5644
vn 0.3223 0.7610 0.5629
vn 0.3223 0.7611 0.5629
vn 0.0001 -1.0000 -0.0049
vn -0.0001 1.0000 -0.0050
vn -0.3223 -0.7611 0.5629
vn 0.0053 -1.0000 -0.0049
vn 1.0000 0.0002 -0.0081
vn 0.0053 0.0001 1.0000
vn -1.0000 -0.0002 -0.0081
vn -0.0053 1.0000 -0.0049
vn -0.0053 0.0001 -1.0000
vn 0.0010 -1.0000 -0.0084
vn 0.9999 0.0009 -0.0137
vn 0.0010 0.0006 1.0000
vn -0.9999 -0.0009 -0.0137
vn -0.0010 1.0000 -0.0084
vn -0.0010 0.0006 -1.0000
vn 0.0063 -0.9999 -0.0095
vn 0.9999 0.0082 -0.0134
vn -0.0065 -0.0066 1.0000
vn -0.9999 -0.0108 -0.0132
vn 0.0040 1.0000 0.0060
vn -0.3415 0.0142 -0.9398
vn -0.3415 -0.0142 0.9398
vn 0.0159 0.8822 -0.4706
vn -0.0159 0.8822 0.4706
vn 0.9056 0.4237 0.0169
vn 0.3415 0.0142 0.9398
vn -0.0126 -0.8826 -0.4699
vn 0.0159 -0.8822 0.4706
vn 0.0065 -0.0066 -1.0000
vn 0.0014 -1.0000 -0.0084
vn 0.9999 0.0022 -0.0137
vn 0.0014 0.0014 1.0000
vn -0.9999 -0.0022 -0.0137
vn -0.0014 1.0000 -0.0084
vn -0.0014 0.0014 -1.0000
vn -0.2464 0.7035 0.6666
vn -0.0288 0.7342 -0.6783
vn -0.4703 0.6561 -0.5903
vn 0.5660 0.4973 0.6575
vn 0.7560 0.1580 -0.6353
vn 0.4632 0.6524 -0.5998
vn 0.7779 0.1072 0.6192
vn 0.6823 -0.3943 -0.6157
vn 0.6233 -0.4422 0.6450
vn 0.3296 -0.6778 -0.6573
vn 0.1484 -0.7765 0.6125
vn -0.1657 -0.7696 -0.6166
vn -0.4388 -0.6455 0.6252
vn -0.6618 -0.4593 -0.5925
vn -0.7746 -0.1408 0.6166
vn -0.7689 0.1352 -0.6249
vn -0.6608 0.4278 0.6167
vn 0.1597 0.7895 0.5926
vn -0.6883 0.4013 0.6044
vn -0.0034 0.7967 -0.6044
vn -0.6884 0.3919 -0.6103
vn 0.6840 -0.3995 0.6104
vn 0.0040 -0.7921 -0.6104
vn 0.6912 -0.3961 -0.6044
vn -0.0026 -0.7967 0.6044
vn -0.6853 -0.3992 -0.6091
vn -0.6858 -0.3906 0.6141
vn 0.6884 0.3939 0.6091
vn 0.6812 0.3986 -0.6141
vn 0.0048 0.7921 0.6103
vn -0.0040 -1.0000 0.0060
vn 0.9999 0.0106 -0.0085
vn 0.0047 0.0048 1.0000
vn -0.0126 0.8826 0.4699
vn 0.9291 0.3689 0.0273
vn 0.3415 -0.0142 -0.9398
vn -0.0159 -0.8822 -0.4706
vn -0.2554 0.7143 0.6516
vn -0.0201 0.7365 -0.6761
vn -0.4593 0.6665 -0.5872
vn 0.5456 0.5010 0.6718
vn 0.6854 0.3144 -0.6567
vn 0.4506 0.6656 -0.5949
vn 0.7681 0.1293 0.6272
vn 0.7731 -0.1566 -0.6146
vn 0.6827 -0.4374 0.5853
vn 0.4624 -0.6543 -0.5984
vn 0.2529 -0.6971 0.6709
vn 0.0339 -0.7369 -0.6752
vn -0.1603 -0.7964 0.5831
vn -0.4639 -0.6510 -0.6008
vn -0.5671 -0.4956 0.6579
vn -0.7497 -0.1844 -0.6355
vn -0.7642 -0.1197 0.6338
vn -0.7217 0.2350 -0.6511
vn -0.6497 0.4189 0.6344
vn 0.1490 0.7687 0.6220
vn -0.6882 0.4013 0.6044
vn 0.9999 0.0108 -0.0132
vn -0.9999 -0.0106 -0.0085
vn 0.9057 0.4237 0.0169
vn 0.0126 -0.8826 0.4699
vn -0.2529 0.6971 0.6709
vn -0.0339 0.7369 -0.6752
vn -0.4624 0.6543 -0.5984
vn 0.5671 0.4956 0.6579
vn 0.7497 0.1844 -0.6355
vn 0.4639 0.6510 -0.6008
vn 0.7642 0.1197 0.6338
vn 0.7217 -0.2350 -0.6511
vn 0.6497 -0.4189 0.6344
vn 0.4593 -0.6665 -0.5872
vn 0.2554 -0.7143 0.6516
vn 0.0201 -0.7365 -0.6761
vn -0.1490 -0.7687 0.6220
vn -0.4506 -0.6656 -0.5949
vn -0.5456 -0.5010 0.6718
vn -0.6854 -0.3144 -0.6567
vn -0.7681 -0.1293 0.6272
vn -0.7731 0.1566 -0.6146
vn -0.6827 0.4374 0.5853
vn 0.1603 0.7964 0.5831
vn -0.9999 -0.0082 -0.0134
vn -0.0063 0.9999 -0.0095
vn 0.0126 0.8826 -0.4699
vn -0.0047 0.0048 -1.0000
vn -0.1484 0.7765 0.6125
vn 0.1657 0.7696 -0.6166
vn -0.3296 0.6778 -0.6573
vn 0.7746 0.1408 0.6166
vn 0.7689 -0.1352 -0.6249
vn 0.6618 0.4593 -0.5925
vn 0.6608 -0.4278 0.6167
vn 0.4703 -0.6561 -0.5903
vn 0.2464 -0.7035 0.6666
vn 0.0288 -0.7342 -0.6783
vn -0.1597 -0.7895 0.5926
vn -0.4632 -0.6524 -0.5998
vn -0.5660 -0.4973 0.6575
vn -0.7560 -0.1580 -0.6353
vn -0.7779 -0.1072 0.6192
vn -0.6823 0.3943 -0.6157
vn -0.6233 0.4422 0.6450
vn 0.4388 0.6455 0.6252
vn 0.6979 0.0364 -0.7152
vn 0.9993 0.0074 -0.0378
vn 0.9993 -0.0020 -0.0371
vn 0.7254 0.0511 0.6864
vn 0.7245 -0.1290 0.6771
vn -0.0241 -0.0636 0.9977
vn -0.0006 0.1530 -0.9882
vn 0.7054 0.1896 -0.6830
vn 0.0006 -0.2588 0.9659
vn -0.7238 -0.0411 0.6888
vn -0.9995 0.0114 -0.0305
vn -0.9995 0.0020 -0.0313
vn -0.6972 0.2289 -0.6794
vn -0.6874 0.0475 -0.7247
vn -0.0134 0.2463 -0.9691
vn -0.0091 0.3875 -0.9218
vn 0.9984 0.0293 -0.0493
vn 0.7193 -0.2982 0.6274
vn 0.0248 -0.4384 0.8984
vn -0.7213 -0.2309 0.6530
vn -0.0019 0.4988 -0.8667
vn 0.6966 0.3092 -0.6475
vn -0.9987 0.0337 -0.0379
vn -0.6847 0.3994 -0.6097
vn 0.7057 0.4330 -0.5608
vn -0.0088 -0.6050 0.7962
vn -0.7203 -0.3730 0.5848
vn 0.6915 0.5414 -0.4783
vn -0.7018 -0.5067 0.5008
vn -0.7045 0.5314 -0.4704
vn -0.0000 0.8065 -0.5912
vn -0.0128 0.6615 -0.7498
vn 0.7260 -0.5721 0.3816
vn -0.0132 -0.7569 0.6534
vn 0.7089 -0.4648 0.5306
vn -0.9982 0.0478 -0.0352
vn 0.6925 0.6473 -0.3184
vn 0.9994 0.0259 -0.0216
vn 0.9995 0.0272 -0.0156
vn 0.0002 -0.8969 0.4421
vn -0.7333 -0.5653 0.3777
vn -0.6938 0.6493 -0.3116
vn -0.0000 0.9580 -0.2867
vn -0.0000 0.8969 -0.4423
vn 0.9992 0.0383 -0.0068
vn 0.7157 -0.6613 0.2246
vn 0.0010 -0.9724 0.2333
vn -0.7125 -0.6663 0.2198
vn -0.9993 0.0375 -0.0062
vn -0.0000 0.9948 -0.1017
vn 0.6944 0.7057 -0.1404
vn 0.7122 -0.6999 0.0547
vn 0.0093 -0.9983 0.0574
vn -0.7097 -0.7024 0.0539
vn 0.6924 0.7200 0.0470
vn -0.6924 0.7200 0.0467
vn -0.6945 0.7055 -0.1412
vn 0.7191 -0.6896 -0.0858
vn -0.7181 -0.6900 -0.0904
vn -0.9996 0.0272 0.0023
vn -0.0000 0.9730 0.2307
vn -0.0000 0.9979 0.0654
vn 0.9995 0.0314 0.0075
vn 0.9997 0.0250 0.0009
vn 0.7276 -0.6470 -0.2281
vn 0.0026 -0.9818 -0.1901
vn -0.7180 -0.6594 -0.2229
vn -0.9996 0.0288 0.0078
vn -0.0000 0.9181 0.3964
vn 0.6939 0.6831 0.2276
vn -0.0089 -0.9152 -0.4030
vn -0.6940 0.6833 0.2269
vn 0.7032 0.6178 0.3519
vn 0.9994 0.0292 0.0202
vn -0.0094 -0.8291 -0.5591
vn -0.7136 -0.6132 -0.3388
vn -0.9994 0.0281 0.0195
vn -0.7029 0.6181 0.3520
vn 0.0008 0.7980 0.6027
vn -0.0000 0.8660 0.5000
vn -0.6993 0.5357 0.4732
vn 0.6969 0.5356 0.4769
vn 0.9983 0.0392 0.0425
vn 0.7218 -0.4657 -0.5119
vn 0.7202 -0.5769 -0.3855
vn 0.0129 -0.6706 -0.7417
vn -0.7165 -0.5231 -0.4615
vn -0.9985 0.0323 0.0432
vn 0.0118 0.6623 0.7492
vn 0.6842 0.3985 0.6108
vn -0.7250 -0.4150 -0.5497
vn -0.6836 0.4393 0.5829
vn 0.0020 0.4989 0.8667
vn 0.7005 -0.3199 -0.6379
vn -0.0068 -0.5143 -0.8576
vn 0.0083 0.3829 0.9237
vn 0.7006 0.2392 0.6723
vn 0.9987 0.0101 0.0495
vn 0.0010 0.2582 0.9661
vn 0.7308 -0.1669 -0.6619
vn -0.0039 -0.3164 -0.9486
vn -0.7195 -0.1647 -0.6747
vn -0.9993 0.0120 0.0357
vn -0.7119 -0.3075 -0.6313
vn -0.7006 0.3072 0.6440
vn 0.6975 0.0524 0.7146
vn 0.0027 -0.0620 -0.9981
vn -0.9994 0.0022 0.0350
vn 0.9994 -0.0015 0.0334
vn 0.7024 -0.0488 -0.7101
vn -0.7016 -0.0082 0.7125
vn 0.0020 0.1376 0.9905
vn -0.7013 0.1406 0.6989
vn -0.0027 -0.1142 0.9935
vn 0.0068 -0.0180 0.9998
vn 0.7016 -0.0945 0.7063
vn 0.7194 0.0855 -0.6894
vn -0.7160 0.1108 -0.6892
vn -0.7190 -0.0403 -0.6938
vn -0.6989 -0.1240 0.7044
vn -0.0009 -0.2648 0.9643
vn 0.9994 -0.0113 0.0336
vn 0.7315 0.2192 -0.6457
vn -0.0022 0.2041 -0.9789
vn -0.7023 0.2787 -0.6551
vn -0.9988 -0.0135 0.0475
vn -0.7055 -0.2713 0.6547
vn 0.0115 -0.4426 0.8967
vn 0.6869 -0.3974 0.6084
vn 0.6873 -0.2391 0.6859
vn 0.7267 0.3722 -0.5774
vn -0.0122 0.4407 -0.8976
vn -0.7243 0.3771 -0.5772
vn -0.9985 -0.0355 0.0421
vn 0.0024 -0.6245 0.7810
vn -0.0004 0.6547 -0.7559
vn -0.6869 -0.4041 0.6040
vn 0.0012 -0.6891 0.7246
vn -0.0072 -0.8051 0.5931
vn 0.7089 -0.5275 0.4682
vn 0.9986 -0.0455 0.0264
vn 0.9988 -0.0319 0.0367
vn 0.7015 0.5329 -0.4732
vn 0.0079 0.8045 -0.5939
vn -0.7151 0.5286 -0.4574
vn -0.9990 -0.0370 0.0260
vn -0.7033 -0.5335 0.4699
vn 0.6918 -0.6262 0.3595
vn 0.7270 0.5919 -0.3479
vn 0.0052 0.8936 -0.4488
vn -0.7094 0.6367 -0.3022
vn -0.7010 -0.6359 0.3228
vn -0.0005 -0.9238 0.3828
vn -0.0054 -0.8596 0.5110
vn 0.7169 0.6587 -0.2284
vn -0.9984 -0.0541 0.0131
vn 0.0061 -0.9692 0.2462
vn 0.7007 -0.6779 0.2226
vn 0.9989 -0.0463 0.0092
vn -0.0143 0.9763 -0.2162
vn -0.7153 0.6891 -0.1165
vn -0.6895 -0.6993 0.1886
vn 0.0072 -0.9885 0.1512
vn 0.6992 -0.7138 0.0399
vn 0.7194 0.6925 -0.0532
vn 0.0011 -0.9997 -0.0259
vn 0.0058 1.0000 -0.0051
vn -0.7188 0.6943 0.0347
vn -0.7013 -0.7119 0.0372
vn 0.0004 -0.9943 -0.1062
vn 0.9992 -0.0387 -0.0032
vn 0.7116 0.6964 0.0931
vn 0.0013 0.9798 0.1998
vn 0.0084 -0.9604 -0.2784
vn 0.6995 -0.7009 -0.1396
vn 0.9991 -0.0411 -0.0120
vn 0.7283 0.6484 0.2214
vn -0.7167 0.6725 0.1848
vn -0.9992 -0.0390 -0.0044
vn 0.6945 -0.6448 -0.3192
vn -0.0096 0.8979 0.4402
vn -0.9994 -0.0322 -0.0114
vn -0.7002 -0.6569 -0.2798
vn -0.7000 -0.7009 -0.1371
vn 0.7306 0.5686 0.3781
vn -0.6966 -0.6010 -0.3919
vn 0.0057 -0.9282 -0.3721
vn 0.0099 -0.7966 -0.6044
vn 0.0016 -0.8652 -0.5014
vn -0.0150 0.7535 0.6573
vn -0.7166 0.5532 0.4247
vn -0.7096 0.6315 0.3124
vn -0.9996 -0.0220 -0.0183
vn 0.0061 -0.6978 -0.7162
vn 0.6957 -0.5381 -0.4759
vn 0.9994 -0.0215 -0.0260
vn 0.9993 -0.0297 -0.0219
vn -0.7271 0.4485 0.5198
vn -0.9995 -0.0194 -0.0244
vn -0.7036 -0.5071 -0.4979
vn -0.0038 -0.6171 -0.7869
vn 0.7044 -0.4283 -0.5660
vn 0.7260 0.4518 0.5184
vn 0.0149 0.5612 0.8275
vn 0.0011 -0.5005 -0.8657
vn 0.9984 -0.0191 -0.0538
vn 0.6999 0.3640 0.6146
vn -0.9994 -0.0143 -0.0303
vn -0.6998 -0.3974 -0.5936
vn 0.0061 -0.3706 -0.9288
vn 0.6906 -0.3170 -0.6501
vn 0.0059 0.3775 0.9260
vn -0.7035 -0.2680 -0.6582
vn 0.0057 -0.2777 -0.9606
vn 0.7048 -0.1417 -0.6951
vn -0.7236 0.1425 0.6754
vn -0.7198 0.3025 0.6248
vn -0.9995 -0.0065 -0.0317
vn 0.7187 0.2070 0.6638
vn -0.0125 0.1764 0.9842
vn -0.6969 -0.1331 -0.7047
vn 0.0008 -0.1056 -0.9944
vn 0.0065 0.1434 -0.9896
vn 0.6539 0.0415 -0.7554
vn -0.3707 -0.0160 -0.9286
vn 0.9764 0.0439 -0.2115
vn 0.9740 -0.0128 -0.2261
vn -0.0520 -0.1781 0.9826
vn -0.3918 -0.0581 0.9182
vn 0.0078 0.0645 0.9979
vn -0.9570 0.1023 -0.2715
vn -0.9725 -0.0201 -0.2320
vn -0.0032 0.2597 -0.9657
vn 0.6941 0.2313 -0.6817
vn 0.5800 -0.2680 0.7692
vn 0.6874 -0.0414 0.7251
vn 0.0402 -0.2095 0.9770
vn -0.6983 -0.2581 0.6676
vn -0.7032 0.1164 -0.7014
vn -0.0234 0.3689 -0.9292
vn 0.9783 0.1104 -0.1751
vn -0.6306 0.3501 -0.6927
vn 0.3425 0.4815 -0.8068
vn 0.6863 -0.4044 0.6045
vn -0.0062 -0.4268 0.9043
vn -0.7338 -0.3429 0.5865
vn -0.9783 0.1124 -0.1740
vn -0.0549 0.5797 -0.8130
vn 0.0511 0.7286 -0.6831
vn 0.6903 0.4764 -0.5445
vn 0.9997 -0.0238 0.0092
vn 0.3952 -0.5943 0.7005
vn 0.0082 -0.6159 0.7878
vn -0.6391 -0.5579 0.5294
vn -0.9765 0.1683 -0.1344
vn -0.6737 0.4897 -0.5535
vn 0.7873 0.4946 -0.3682
vn -0.3250 0.7492 -0.5772
vn 0.3960 0.7947 -0.4601
vn 0.6104 -0.7141 0.3426
vn 0.3993 -0.7679 0.5009
vn -0.0130 -0.8800 0.4748
vn -0.5375 -0.7609 0.3633
vn 0.9959 0.0849 -0.0325
vn -0.9971 0.0675 -0.0343
vn -0.6736 0.6579 -0.3368
vn -0.0143 0.9258 -0.3778
vn 0.0573 0.9684 -0.2426
vn 0.6364 0.7298 -0.2496
vn 0.5828 -0.7996 0.1447
vn -0.0065 -0.9486 0.3166
vn -0.8673 0.4843 -0.1155
vn 0.6216 0.7804 -0.0670
vn 0.9664 0.2551 0.0299
vn -0.4008 0.9077 -0.1242
vn -0.4135 0.9105 -0.0014
vn 0.7615 -0.6440 -0.0728
vn -0.0151 -0.9978 0.0641
vn -0.8043 -0.5937 -0.0260
vn -0.8199 -0.5653 0.0910
vn 0.0421 0.9948 0.0923
vn -0.9876 0.1570 -0.0000
vn -0.6856 0.7140 0.1419
vn 0.7105 0.6902 0.1370
vn 0.9690 0.2356 0.0749
vn 0.6580 -0.7270 -0.1963
vn -0.0832 -0.9800 -0.1807
vn -0.7124 -0.6776 -0.1823
vn -0.9751 0.2115 0.0664
vn -0.0072 0.9519 0.3063
vn 0.6754 0.6535 0.3417
vn -0.0547 -0.9195 -0.3893
vn -0.7089 0.6327 0.3117
vn 0.2553 -0.8042 -0.5368
vn -0.5854 -0.7304 -0.3519
vn -0.8909 0.3552 0.2831
vn 0.0342 0.8125 0.5819
vn -0.0013 0.8958 0.4445
vn 0.6913 0.5524 0.4657
vn 0.6282 -0.6093 -0.4838
vn -0.0082 -0.8226 -0.5686
vn -0.7733 -0.4587 -0.4377
vn 0.0250 0.7043 0.7095
vn -0.0422 -0.6694 -0.7417
vn -0.9999 0.0154 -0.0069
vn -0.6951 0.4712 0.5429
vn 0.6901 0.4038 0.6006
vn 0.9473 0.2137 0.2385
vn 0.3461 -0.5163 -0.7834
vn 0.0337 -0.6485 -0.7604
vn -0.6762 -0.4318 -0.5969
vn -0.0366 0.6117 0.7903
vn 0.0074 0.5112 0.8594
vn -0.9793 0.1209 0.1624
vn -0.6392 0.3154 0.7014
vn 0.3068 0.3664 0.8784
vn 0.9871 0.0608 0.1481
vn 0.4538 -0.3582 -0.8160
vn -0.0463 -0.4644 -0.8844
vn -0.5286 -0.3089 -0.7907
vn 0.6702 0.1542 0.7260
vn -0.0573 -0.2982 -0.9528
vn -0.8746 0.0740 0.4792
vn -0.4226 0.2574 0.8690
vn 0.0412 0.0987 0.9943
vn 0.0163 -0.0789 -0.9967
vn -0.8024 -0.1265 -0.5832
vn -0.9998 -0.0164 0.0094
vn 0.7035 -0.0459 0.7092
vn 0.9791 0.0147 0.2027
vn 0.6244 0.0642 -0.7784
vn 0.5942 -0.1593 -0.7884
vn -0.3988 -0.0035 -0.9170
vn -0.7054 -0.0458 0.7074
vn 0.9732 -0.0479 0.2251
vn -0.6826 0.1413 -0.7170
vn -0.9868 -0.0382 0.1575
vn -0.0000 -0.2110 0.9775
vn -0.0000 -0.0654 0.9979
vn 0.6169 0.2379 -0.7503
vn -0.1852 0.1978 -0.9626
vn -0.0008 -0.4258 0.9048
vn 0.6799 -0.2364 0.6942
vn 0.9896 -0.0704 0.1251
vn -0.2800 0.3587 -0.8905
vn -0.9704 -0.0912 0.2237
vn -0.6885 -0.2341 0.6864
vn 0.7120 -0.3640 0.6004
vn 0.3864 0.4646 -0.7968
vn -0.6086 0.4782 -0.6332
vn -0.7073 -0.3745 0.5995
vn 0.6919 0.4552 -0.5605
vn -0.0458 0.6095 -0.7914
vn 0.0193 -0.6060 0.7952
vn 0.6471 -0.5736 0.5022
vn 0.9853 -0.1056 0.1343
vn -0.0197 0.7066 -0.7073
vn -0.9865 -0.1266 0.1036
vn -0.3659 -0.6333 0.6819
vn 0.3419 0.7591 -0.5539
vn 0.0525 -0.8017 0.5955
vn 0.6532 -0.6844 0.3240
vn 0.9998 -0.0125 0.0176
vn -0.6137 0.6785 -0.4038
vn -0.7152 0.5169 -0.4705
vn -0.9809 -0.1760 0.0833
vn -0.6318 -0.6505 0.4215
vn -0.1924 -0.8747 0.4448
vn 0.6546 0.7164 -0.2413
vn 0.3488 0.8027 -0.4838
vn -0.0484 0.9062 -0.4200
vn -0.6577 0.7123 -0.2450
vn 0.0313 -0.9656 0.2582
vn 0.6619 -0.7351 0.1465
vn 0.0452 0.9746 -0.2194
vn -0.8455 -0.5264 0.0899
vn -0.6402 -0.7248 0.2545
vn 0.0457 -0.9935 0.1042
vn 0.6024 0.7934 -0.0875
vn -0.3619 0.9193 -0.1544
vn -1.0000 -0.0000 -0.0024
vn 0.5497 -0.8324 -0.0702
vn 0.9986 -0.0533 -0.0042
vn 0.9994 -0.0351 0.0059
vn 0.0462 0.9981 -0.0407
vn -0.0041 -0.9991 0.0434
vn 0.0922 0.9798 0.1775
vn -0.6559 0.7534 0.0474
vn -0.9884 -0.1464 -0.0394
vn -0.6500 -0.7575 -0.0608
vn 0.6364 -0.7387 -0.2222
vn 0.9802 -0.1808 -0.0809
vn 0.7508 0.6572 0.0657
vn -0.3608 0.8986 0.2496
vn -0.6378 -0.7326 -0.2376
vn 0.0066 -0.9810 -0.1941
vn 0.0101 -0.9133 -0.4072
vn -0.6007 0.7336 0.3177
vn 0.6777 -0.6357 -0.3697
vn 0.4933 0.7370 0.4621
vn -0.1819 0.8785 0.4417
vn 0.7003 0.6802 0.2165
vn -0.3546 -0.8132 -0.4615
vn 0.0120 -0.8096 -0.5868
vn 0.9950 -0.0752 -0.0651
vn -0.2966 0.7137 0.6345
vn -0.0077 0.7111 0.7031
vn -0.7288 0.4223 0.5390
vn -0.9831 -0.1500 -0.1049
vn -0.6950 -0.5401 -0.4746
vn -0.0315 -0.6804 -0.7322
vn 0.3883 -0.5834 -0.7133
vn 0.6372 -0.5731 -0.5153
vn 0.9806 -0.1107 -0.1618
vn 0.6408 0.4843 0.5957
vn -0.6524 -0.4305 -0.6237
vn 0.6651 -0.3209 -0.6743
vn -0.0044 0.5085 0.8610
vn -0.9784 -0.0872 -0.1874
vn -0.9911 -0.0816 -0.1051
vn 0.9734 -0.0758 -0.2161
vn 0.6393 0.3181 0.7001
vn -0.2927 -0.3289 -0.8978
vn -0.0229 -0.4959 -0.8681
vn 0.6483 -0.1480 -0.7469
vn 0.0049 0.3030 0.9530
vn -0.7449 0.2629 0.6132
vn -0.7240 0.1528 0.6727
vn -0.6920 -0.1524 -0.7057
vn 0.6873 0.1364 0.7135
vn 0.1239 -0.0651 -0.9902
vn 0.3435 0.1278 -0.9304
vn 0.8912 0.0187 -0.4532
vn -0.3070 -0.0072 -0.9517
vn -0.4868 0.0301 0.8730
vn -0.9145 0.0479 -0.4017
vn -0.8740 -0.0593 -0.4822
vn 0.9047 0.1085 -0.4119
vn 0.7263 -0.0536 0.6853
vn 0.6450 -0.1689 0.7453
vn -0.5449 -0.1387 0.8270
vn -0.5737 -0.2518 0.7794
vn -0.3288 0.2369 -0.9142
vn 0.2792 0.3805 -0.8816
vn 0.9150 0.1955 -0.3529
vn 0.6657 -0.3177 0.6753
vn 0.6493 -0.3540 0.6731
vn -0.9053 0.2472 -0.3453
vn -0.9146 0.1379 -0.3801
vn -0.3341 0.4604 -0.8224
vn 0.3466 0.5817 -0.7359
vn 0.5746 -0.5350 0.6193
vn 0.5913 0.5997 -0.5392
vn 0.9996 -0.0234 0.0146
vn 0.5485 -0.5622 0.6190
vn -0.5652 -0.4383 0.6989
vn -0.5929 -0.6111 0.5245
vn -0.4138 0.6285 -0.6586
vn -0.2701 0.7771 -0.5685
vn 0.4304 -0.7497 0.5027
vn 0.3366 0.8077 -0.4841
vn 0.8168 0.5244 -0.2406
vn -0.5447 -0.7416 0.3917
vn -0.9929 0.0955 -0.0714
vn -0.9160 0.3483 -0.1994
vn 0.9849 -0.1451 0.0947
vn 0.2007 -0.8936 0.4015
vn -0.6282 -0.7203 0.2943
vn -0.3539 0.8711 -0.3407
vn 0.3587 0.9025 -0.2385
vn -0.4140 -0.8840 0.2171
vn -0.8418 0.5264 -0.1194
vn 0.3777 0.9193 -0.1108
vn 0.3578 -0.9195 0.1627
vn -0.8943 0.4455 -0.0415
vn 0.3790 0.9253 0.0153
vn 0.9798 -0.1992 -0.0194
vn 0.9483 -0.3154 0.0343
vn 0.2203 -0.9736 -0.0600
vn -0.4207 -0.9062 0.0421
vn -0.9844 -0.1669 -0.0553
vn -0.4399 0.8922 0.1020
vn -0.3786 0.8902 0.2533
vn 0.5715 0.8049 0.1599
vn -0.0562 -0.9416 -0.3321
vn 0.3916 0.8567 0.3358
vn 0.3965 -0.8663 -0.3037
vn -0.6502 -0.6692 -0.3596
vn -0.8504 0.4746 0.2273
vn 0.3936 0.8050 0.4439
vn 0.9959 0.0834 0.0352
vn 0.5009 -0.7334 -0.4595
vn 0.9188 0.3076 0.2473
vn 0.4048 -0.7068 -0.5802
vn -0.9514 -0.2587 -0.1672
vn -0.6834 0.6312 0.3668
vn -0.3340 0.7302 0.5961
vn 0.8759 0.3413 0.3412
vn -0.4106 -0.6795 -0.6080
vn -0.3743 0.6811 0.6293
vn 0.4035 0.5606 0.7231
vn -0.9893 0.0943 0.1114
vn -0.6099 0.4351 0.6624
vn 0.3979 0.4473 0.8010
vn 0.4129 -0.4937 -0.7653
vn 0.7404 -0.4362 -0.5114
vn -0.3765 -0.5109 -0.7728
vn -0.6822 -0.3416 -0.6465
vn 0.3133 0.3710 0.8742
vn 0.9941 0.0513 0.0955
vn 0.4050 -0.2985 -0.8642
vn 0.6915 0.1785 0.7000
vn 0.8994 -0.1188 -0.4206
vn -0.0072 -0.2968 -0.9549
vn -0.9640 -0.0551 -0.2602
vn -0.8712 0.2096 0.4438
vn -0.4626 0.2285 0.8566
vn 0.4059 0.1370 0.9036
vn 0.4616 -0.0808 -0.8834
vn -0.8565 0.0428 0.5143
vn -0.4696 0.0403 -0.8819
vn -0.2952 -0.0079 0.9554
vn 0.3647 -0.1163 0.9238
vn 0.9098 0.0024 0.4150
vn 0.3330 0.1149 -0.9359
vn -0.7163 0.0833 -0.6928
vn -0.8785 -0.0780 0.4713
vn 0.8664 -0.1582 0.4736
vn 0.9710 0.0378 -0.2361
vn -0.2629 0.3076 -0.9145
vn -0.3037 -0.2434 0.9211
vn 0.3132 -0.3668 0.8760
vn 0.2707 0.4052 -0.8732
vn -0.7123 0.2491 -0.6562
vn -0.8977 -0.1795 0.4025
vn 0.6458 -0.4289 0.6317
vn 0.9415 0.2121 -0.2620
vn -0.1941 0.4983 -0.8450
vn -0.3829 -0.4585 0.8019
vn -0.3926 -0.5618 0.7281
vn 0.1394 0.6120 -0.7785
vn -0.7058 0.4629 -0.5362
vn -0.9903 -0.0841 0.1102
vn 0.3905 -0.6382 0.6635
vn 0.9195 -0.3069 0.2456
vn 0.2793 0.6682 -0.6895
vn 0.4712 0.7175 -0.5129
vn -0.7851 0.4798 -0.3917
vn -0.8029 -0.4357 0.4070
vn -0.3052 -0.7603 0.5734
vn 0.3252 -0.8165 0.4770
vn 0.9579 0.2720 -0.0923
vn -0.4633 0.7449 -0.4801
vn -0.9208 -0.3359 0.1983
vn 0.8852 -0.4346 0.1657
vn 0.5337 0.7567 -0.3775
vn -0.4172 -0.8417 0.3427
vn 0.3829 -0.8913 0.2429
vn -0.4406 0.8474 -0.2965
vn -0.9924 -0.1181 0.0352
vn 0.3375 -0.9356 0.1041
vn 0.3632 0.9155 -0.1732
vn 0.3855 0.9024 -0.1926
vn -0.9523 0.3046 -0.0179
vn 0.9925 -0.1219 0.0020
vn 0.3388 0.9389 0.0612
vn -0.5830 -0.7980 0.1528
vn -0.4154 -0.9061 -0.0801
vn 0.8678 -0.4870 -0.0988
vn 0.2630 -0.9645 0.0245
vn 0.7026 0.7066 0.0836
vn -0.3255 0.9418 0.0836
vn -0.9879 -0.1540 -0.0179
vn -0.3368 -0.9134 -0.2288
vn 0.5585 0.8121 0.1689
vn 0.3561 -0.8637 -0.3566
vn 0.8969 -0.4267 -0.1164
vn -0.6988 0.6815 0.2174
vn -0.8595 -0.4700 -0.2010
vn 0.9027 -0.3681 -0.2227
vn 0.5539 0.7410 0.3797
vn 0.3592 0.8376 0.4115
vn -0.6786 0.6141 0.4031
vn -0.3339 -0.8161 -0.4717
vn 0.2772 -0.7624 -0.5847
vn 0.2900 0.7279 0.6213
vn -0.8953 -0.3519 -0.2730
vn 0.8911 -0.3080 -0.3331
vn 0.5559 0.5238 0.6455
vn -0.6656 0.5438 0.5111
vn -0.3503 -0.6649 -0.6597
vn 0.3401 -0.5472 -0.7648
vn -0.6225 0.4596 0.6335
vn -0.9261 -0.2223 -0.3048
vn 0.4166 -0.4779 -0.7734
vn 0.8901 -0.1818 -0.4179
vn 0.1078 0.5375 0.8363
vn -0.7170 0.3569 0.5987
vn -0.8707 -0.2454 -0.4263
vn 0.7068 0.2117 0.6749
vn -0.5065 0.3570 0.7849
vn -0.3220 -0.3587 -0.8762
vn 0.2642 -0.2380 -0.9347
vn 0.9850 -0.0279 -0.1701
vn -0.5009 0.1764 0.8473
vn -0.9292 -0.0898 -0.3584
vn 0.3407 -0.1294 -0.9312
vn 0.3143 0.0942 0.9446
vn -0.7172 0.1005 0.6896
vn 0.0012 0.1305 -0.9915
vn 0.6895 0.0527 -0.7223
vn -0.0002 -0.0657 -0.9978
vn 0.7193 -0.1328 0.6819
vn -0.0212 -0.0785 0.9967
vn 0.7100 0.0480 0.7025
vn -0.6834 0.0067 -0.7300
vn 0.0022 0.2579 -0.9662
vn 0.6944 0.2295 -0.6820
vn 0.9993 -0.0018 -0.0370
vn 0.9986 0.0248 -0.0476
vn 0.0031 -0.3270 0.9450
vn -0.7213 -0.0565 0.6904
vn -0.9993 0.0130 -0.0351
vn -0.9986 0.0024 -0.0523
vn 0.0011 0.3829 -0.9238
vn 0.7324 -0.2713 0.6245
vn -0.6970 0.3111 -0.6461
vn -0.7042 0.1418 -0.6957
vn -0.0019 0.5003 -0.8659
vn 0.7077 0.3971 -0.5843
vn 0.7031 -0.3890 0.5952
vn -0.7257 -0.3720 0.5788
vn -0.7173 -0.2248 0.6595
vn -0.9988 0.0248 -0.0414
vn -0.0009 0.6077 -0.7942
vn 0.9983 0.0388 -0.0431
vn -0.6956 0.4743 -0.5396
vn 0.0071 0.7082 -0.7060
vn 0.7011 0.5461 -0.4586
vn 0.7261 -0.5257 0.4432
vn -0.0000 -0.5734 0.8192
vn -0.7282 -0.5117 0.4559
vn -0.0106 0.7931 -0.6090
vn 0.0092 0.8662 -0.4995
vn 0.9987 0.0475 -0.0176
vn 0.7080 -0.6245 0.3297
vn -0.0015 -0.8925 0.4510
vn 0.0004 -0.7528 0.6582
vn -0.7152 -0.5950 0.3666
vn -0.9992 0.0303 -0.0245
vn -0.9988 0.0461 -0.0185
vn -0.7012 0.5959 -0.3914
vn 0.0031 0.9256 -0.3786
vn 0.6977 0.6372 -0.3274
vn -0.7242 -0.6574 0.2084
vn 0.7124 0.6802 -0.1729
vn 0.7117 -0.6773 0.1866
vn 0.0131 -0.9811 0.1932
vn -0.6893 0.6689 -0.2783
vn -0.0061 0.9640 -0.2660
vn -0.0077 0.9927 -0.1200
vn 0.6953 0.7173 -0.0446
vn 0.9995 0.0312 -0.0026
vn -0.7279 -0.6836 0.0533
vn -0.9990 0.0445 -0.0042
vn -0.7036 0.6973 -0.1368
vn -0.6991 0.7133 0.0494
vn 0.0154 0.9979 0.0637
vn 0.7086 0.6998 0.0903
vn 0.9986 0.0526 0.0088
vn 0.7288 -0.6731 -0.1256
vn 0.7320 -0.6802 0.0389
vn 0.0019 -0.9977 -0.0681
vn -0.7249 -0.6773 -0.1252
vn -0.0075 0.9718 0.2355
vn -0.0008 0.9181 0.3964
vn 0.6988 0.6742 0.2391
vn -0.6938 0.6811 0.2341
vn 0.7033 0.6190 0.3496
vn 0.9993 0.0316 0.0192
vn 0.7179 -0.6239 -0.3087
vn -0.0000 -0.8295 -0.5584
vn -0.0000 -0.9454 -0.3259
vn -0.7187 -0.6226 -0.3095
vn -0.9984 0.0555 0.0101
vn -0.7054 0.6170 0.3489
vn 0.0007 0.7980 0.6027
vn 0.6955 0.5367 0.4777
vn -0.9993 0.0310 0.0199
vn -0.6949 0.5377 0.4775
vn 0.9992 0.0251 0.0305
vn 0.7230 -0.5204 -0.4544
vn -0.0003 0.6623 0.7492
vn 0.6859 0.4058 0.6040
vn 0.7142 -0.4180 -0.5614
vn -0.0000 -0.6641 -0.7476
vn -0.7145 -0.4164 -0.5622
vn -0.7228 -0.5193 -0.4560
vn -0.9992 0.0282 0.0300
vn -0.6869 0.4045 0.6037
vn -0.0008 0.4802 0.8772
vn 0.9990 0.0216 0.0402
vn -0.0006 -0.5092 -0.8606
vn -0.7209 -0.3093 -0.6202
vn -0.0002 0.4067 0.9136
vn 0.7050 0.2272 0.6719
vn -0.9993 0.0164 0.0329
vn -0.7010 0.2308 0.6748
vn -0.0000 0.2311 0.9729
vn 0.7257 -0.1457 -0.6724
vn 0.7241 -0.3004 -0.6209
vn -0.0106 -0.3198 -0.9474
vn -0.7204 -0.1762 -0.6708
vn -0.9991 0.0086 0.0415
vn 0.6913 0.0397 0.7215
vn 0.9986 0.0113 0.0514
vn -0.0163 -0.0631 -0.9979
vn -0.6974 0.0466 0.7151
vn -0.9984 -0.0046 0.0568
vn -0.0000 -0.1014 0.9948
vn -0.0000 0.0643 0.9979
vn 0.6975 -0.1320 0.7043
vn 0.9994 -0.0046 0.0345
vn 0.7190 0.0446 -0.6936
vn -0.7316 0.0760 -0.6775
vn -0.7021 -0.0433 -0.7107
vn -0.6960 -0.1468 0.7029
vn -0.0078 -0.2778 0.9606
vn 0.7250 0.2180 -0.6534
vn -0.0123 0.2002 -0.9797
vn -0.7085 0.2288 -0.6676
vn 0.7025 -0.2691 0.6589
vn 0.9993 -0.0173 0.0319
vn -0.7006 -0.2992 0.6478
vn 0.0005 -0.5000 0.8660
vn -0.0065 -0.3706 0.9288
vn 0.7222 0.3791 -0.5785
vn 0.0011 0.4449 -0.8956
vn -0.7267 0.3904 -0.5653
vn -0.9989 -0.0269 0.0375
vn 0.0061 -0.6190 0.7854
vn 0.6965 -0.4056 0.5919
vn 0.9992 -0.0257 0.0301
vn -0.7082 -0.4328 0.5578
vn 0.0064 -0.6930 0.7209
vn 0.7055 -0.5327 0.4674
vn 0.7107 0.5064 -0.4883
vn 0.0111 0.6573 -0.7536
vn -0.9993 -0.0282 0.0227
vn 0.0021 -0.8084 0.5887
vn 0.9983 -0.0473 0.0342
vn 0.0073 0.7962 -0.6050
vn -0.7240 0.5187 -0.4548
vn -0.6939 -0.5441 0.4717
vn 0.6933 -0.6497 0.3118
vn -0.7207 0.6189 -0.3124
vn -0.6975 -0.6346 0.3328
vn 0.0005 -0.9323 0.3617
vn 0.0027 -0.8520 0.5236
vn 0.7157 0.6584 -0.2330
vn -0.0197 0.8988 -0.4379
vn 0.7230 0.5717 -0.3878
vn 0.0165 -0.9622 0.2718
vn 0.9995 -0.0314 0.0095
vn -0.0031 0.9762 -0.2170
vn -0.9988 -0.0442 0.0185
vn -0.7113 -0.6804 0.1765
vn -0.0015 -0.9921 0.1254
vn 0.6905 -0.7103 0.1369
vn 0.7149 0.6946 -0.0806
vn -0.7013 0.7001 -0.1341
vn -0.9983 -0.0578 -0.0053
vn -0.0031 -0.9999 -0.0096
vn 0.7013 -0.7128 0.0060
vn 0.9994 -0.0340 -0.0025
vn 0.0074 0.9998 -0.0164
vn -0.7183 0.6930 0.0616
vn -0.6899 -0.7226 0.0433
vn -0.0072 -0.9938 -0.1111
vn 0.7034 -0.6963 -0.1429
vn 0.9987 -0.0498 -0.0142
vn 0.7252 0.6555 0.2110
vn 0.7269 0.6843 0.0570
vn -0.9994 -0.0328 -0.0111
vn 0.6933 -0.6430 -0.3254
vn -0.7019 -0.6550 -0.2799
vn -0.7035 -0.6979 -0.1341
vn 0.7102 0.6012 0.3663
vn 0.0095 0.8931 0.4498
vn -0.7317 0.5648 0.3816
vn -0.7279 0.6481 0.2239
vn -0.9997 -0.0210 -0.0159
vn -0.6965 -0.6006 -0.3926
vn 0.0105 -0.7966 -0.6044
vn 0.9995 -0.0255 -0.0166
vn 0.7276 0.5114 0.4573
vn 0.0054 -0.6980 -0.7160
vn 0.6942 -0.5346 -0.4820
vn -0.9994 -0.0225 -0.0263
vn -0.7028 -0.5074 -0.4986
vn 0.0084 -0.6246 -0.7809
vn 0.9993 -0.0224 -0.0284
vn 0.0052 0.5579 0.8299
vn 0.0201 0.7504 0.6607
vn -0.7281 0.4445 0.5217
vn 0.0008 -0.4822 -0.8761
vn 0.6916 -0.3935 -0.6056
vn -0.9986 -0.0219 -0.0491
vn -0.7062 -0.3917 -0.5897
vn 0.0134 -0.3939 -0.9191
vn 0.6997 -0.2406 -0.6728
vn 0.9986 -0.0108 -0.0511
vn 0.7164 0.3810 0.5844
vn 0.7211 0.2373 0.6509
vn 0.0213 0.3372 0.9412
vn -0.7272 0.3136 0.6106
vn -0.6911 -0.2756 -0.6681
vn -0.0000 -0.2533 -0.9674
vn -0.7021 0.1420 0.6978
vn -0.7040 -0.1381 -0.6967
vn 0.7099 -0.0887 -0.6987
vn 0.0008 0.1295 0.9916
vn 0.5347 0.0359 0.8443
vn -0.0147 -0.1296 0.9915
vn 0.0519 0.0001 0.9987
vn -0.3002 0.1607 -0.9403
vn -0.0023 0.0004 -1.0000
vn -0.6615 -0.0612 -0.7474
vn 0.8904 0.1122 -0.4412
vn 0.6533 0.0447 -0.7558
vn 0.9826 0.0382 -0.1819
vn -0.7681 -0.1944 0.6101
vn -0.7656 -0.0486 0.6415
vn -0.9808 0.0087 -0.1947
vn -0.6558 0.2338 -0.7178
vn 0.0359 0.3752 -0.9262
vn 0.0101 0.2328 -0.9725
vn 0.7932 -0.1107 0.5989
vn 0.4382 -0.3924 0.8087
vn -0.0453 -0.2592 0.9648
vn -0.4216 0.4546 -0.7846
vn 0.6685 0.3406 -0.6611
vn 0.1785 -0.4564 0.8717
vn -0.7754 -0.3312 0.5377
vn -0.9985 0.0229 -0.0492
vn 0.0558 0.5917 -0.8042
vn 0.6826 0.4989 -0.5340
vn 0.9735 0.1292 -0.1886
vn 0.7840 -0.4244 0.4530
vn 0.0286 -0.5996 0.7998
vn -0.0124 0.7050 -0.7091
vn -0.6342 -0.5679 0.5247
vn -0.9973 0.0133 -0.0723
vn -0.8431 0.3447 -0.4127
vn 0.3540 0.7498 -0.5590
vn 0.7070 -0.5615 0.4300
vn -0.0934 -0.7593 0.6440
vn 0.6928 0.6472 -0.3180
vn 0.9848 0.1418 -0.0999
vn 0.0929 -0.8868 0.4528
vn -0.7360 -0.5829 0.3442
vn -0.9829 0.1535 -0.1014
vn -0.6711 0.6632 -0.3314
vn -0.6743 0.5618 -0.4793
vn 0.0183 0.9389 -0.3438
vn -0.0921 0.8300 -0.5501
vn 0.9747 0.2109 -0.0741
vn -0.9996 0.0244 -0.0155
vn 0.7089 0.6848 -0.1686
vn 0.6349 -0.7057 0.3146
vn 0.1739 -0.9636 0.2029
vn -0.8243 -0.5393 0.1721
vn -0.8016 0.5767 -0.1578
vn -0.6995 -0.7128 0.0518
vn -0.0953 0.9826 -0.1594
vn 0.3613 0.9319 0.0335
vn 0.6766 -0.7350 -0.0439
vn 0.5912 -0.7941 0.1409
vn 0.0124 -0.9998 0.0140
vn -0.9802 0.1974 0.0147
vn -0.6307 0.7744 -0.0495
vn 0.3363 0.9380 0.0837
vn 0.9795 0.2013 -0.0126
vn 0.9928 0.1149 0.0339
vn -0.5257 -0.8368 -0.1530
vn 0.4407 -0.8570 -0.2672
vn -0.0698 -0.9894 -0.1275
vn -0.9690 0.2376 0.0682
vn -0.6810 0.7194 0.1368
vn 0.6830 0.6915 0.2351
vn 0.9797 0.1832 0.0818
vn -0.5108 -0.8073 -0.2955
vn -0.5967 0.7078 0.3781
vn -0.0445 0.9613 0.2720
vn 0.0178 0.9245 0.3808
vn 0.7003 0.5958 0.3932
vn 0.9954 0.0773 0.0557
vn 0.7231 -0.5488 -0.4195
vn 0.7421 -0.5951 -0.3085
vn -0.1494 -0.8308 -0.5362
vn -0.9951 0.0694 0.0700
vn -0.0196 0.7001 0.7137
vn -0.1802 0.8151 0.5505
vn 0.8943 0.2974 0.3345
vn 0.7846 -0.3970 -0.4762
vn 0.0380 -0.7357 -0.6762
vn -0.4963 -0.7291 -0.4712
vn -0.5754 -0.5310 -0.6221
vn -0.5943 0.6147 0.5186
vn 0.0036 0.6436 0.7654
vn -0.6444 0.4336 0.6299
vn 0.7305 -0.3014 -0.6128
vn -0.0021 -0.5687 -0.8225
vn -0.6873 -0.2935 -0.6644
vn -0.9647 0.1054 0.2415
vn -0.1182 0.4416 0.8894
vn 0.3428 0.3725 0.8624
vn 0.6875 0.4046 0.6031
vn 0.9931 0.0528 0.1045
vn -0.6578 0.2364 0.7152
vn 0.9985 0.0010 0.0551
vn -0.0122 -0.3075 -0.9515
vn 0.0008 -0.4402 -0.8979
vn -0.7914 -0.1391 -0.5952
vn -0.8719 0.0568 0.4865
vn -0.9948 0.0009 0.1018
vn -0.0706 0.1671 0.9834
vn 0.3970 0.0365 0.9171
vn 0.6679 0.1800 0.7222
vn 0.9762 -0.0089 0.2169
vn 0.7498 -0.1184 -0.6509
vn 0.2507 -0.0633 -0.9660
vn 0.0078 -0.0811 -0.9967
vn -0.4866 0.0807 -0.8699
vn -0.6632 -0.0394 0.7474
vn 0.6375 -0.1799 0.7491
vn 0.1982 0.2177 -0.9557
vn -0.9638 -0.0505 0.2619
vn -0.6749 0.2529 -0.6932
vn -0.6713 -0.2244 0.7064
vn -0.0538 -0.1436 0.9882
vn 0.1017 -0.3540 0.9297
vn 0.6114 -0.3299 0.7193
vn 0.9998 -0.0117 0.0154
vn 0.6923 0.1432 -0.7072
vn 0.3449 0.3475 -0.8719
vn 0.6209 0.4509 -0.6411
vn -0.7879 0.3382 -0.5146
vn -0.5797 -0.4571 0.6745
vn 0.0129 -0.4913 0.8709
vn 0.6973 -0.4519 0.5564
vn 0.9805 -0.1556 0.1202
vn 0.7143 0.5409 -0.4440
vn 0.0036 0.6601 -0.7512
vn -0.7597 0.4866 -0.4314
vn -0.9998 -0.0107 0.0150
vn -0.9992 -0.0224 0.0335
vn 0.4228 -0.7386 0.5251
vn -0.2025 -0.6574 0.7258
vn 0.9975 -0.0582 0.0404
vn -0.3765 0.7762 -0.5058
vn 0.0885 0.8181 -0.5682
vn -0.9999 0.0136 0.0095
vn -0.6763 -0.6744 0.2964
vn -0.5619 -0.6299 0.5362
vn -0.0064 -0.8688 0.4950
vn 0.7151 0.6408 -0.2792
vn -0.1656 0.9237 -0.3454
vn -0.5063 0.8280 -0.2412
vn 0.0037 -0.9526 0.3043
vn 0.6778 -0.6789 0.2823
vn 0.9987 -0.0490 0.0127
vn -0.6911 -0.7065 0.1523
vn -0.0023 -0.9966 0.0824
vn 0.6552 -0.7428 0.1380
vn 0.7674 0.6310 -0.1132
vn 0.0485 0.9902 -0.1307
vn 0.6772 -0.7355 -0.0181
vn 0.9996 -0.0293 -0.0054
vn 0.0182 0.9998 0.0048
vn -0.7652 0.6429 -0.0356
vn -0.7101 -0.7040 -0.0125
vn 0.7076 0.7049 0.0487
vn -0.3960 0.9103 0.1201
vn -0.9505 -0.3106 0.0111
vn -0.0187 -0.9918 -0.1265
vn 0.3303 -0.9207 -0.2078
vn 0.9851 -0.1616 -0.0582
vn 0.7268 0.6434 0.2403
vn -0.9947 -0.1010 -0.0170
vn -0.6597 -0.7151 -0.2310
vn 0.6892 -0.6498 -0.3205
vn 0.0411 0.9220 0.3850
vn -0.3891 0.8895 0.2394
vn -0.7544 0.5910 0.2855
vn -0.9834 -0.1640 -0.0782
vn -0.0133 -0.8738 -0.4861
vn -0.0511 -0.9187 -0.3917
vn 0.9886 -0.1245 -0.0849
vn -0.0322 0.8695 0.4930
vn -0.6574 -0.6242 -0.4221
vn 0.3822 -0.7208 -0.5782
vn -0.6535 0.6163 0.4395
vn -0.9798 -0.1442 -0.1387
vn 0.9978 -0.0545 -0.0377
vn 0.7246 0.4875 0.4871
vn 0.7865 0.5112 0.3466
vn 0.0023 0.7515 0.6597
vn -0.6984 0.4560 0.5516
vn -0.3059 -0.6740 -0.6724
vn 0.0522 0.5994 0.7987
vn 0.0119 -0.6046 -0.7964
vn 0.2897 -0.4634 -0.8374
vn 0.6351 -0.5099 -0.5802
vn 0.9748 -0.1006 -0.1992
vn 0.6055 0.4497 0.6566
vn -0.3959 0.4548 0.7977
vn -0.9823 -0.0942 -0.1618
vn -0.6682 -0.4069 -0.6229
vn 0.6874 -0.2335 -0.6877
vn 0.0297 0.4286 0.9030
vn -0.6527 -0.2426 -0.7177
vn -0.1155 -0.1964 -0.9737
vn -0.0977 -0.4360 -0.8946
vn 0.6572 0.2398 0.7145
vn -0.0391 0.2062 0.9777
vn -0.6638 0.2367 0.7095
vn 0.3126 -0.1424 -0.9391
vn 0.9831 -0.0344 -0.1798
vn -0.4443 0.1366 0.8854
vn -0.9913 -0.0148 -0.1309
vn 0.3358 0.1246 -0.9337
vn 0.8886 0.0242 -0.4581
vn -0.3828 -0.0014 -0.9238
vn -0.6362 -0.0975 0.7654
vn -0.6879 0.0292 0.7252
vn 0.6109 -0.0672 0.7888
vn -0.9097 0.0565 -0.4115
vn -0.8888 -0.0690 -0.4531
vn 0.8915 0.1303 -0.4339
vn 0.7075 -0.2563 0.6586
vn -0.3070 0.2434 -0.9200
vn 0.3016 0.3694 -0.8790
vn -0.6157 -0.3742 0.6935
vn -0.2933 -0.2511 0.9225
vn -0.8990 0.1827 -0.3980
vn 0.6912 0.3601 -0.6266
vn 0.9142 0.2464 -0.3216
vn 0.1767 -0.4613 0.8695
vn -0.4721 0.4559 -0.7545
vn -0.3342 0.5621 -0.7565
vn 0.4493 -0.5436 0.7090
vn -0.9336 -0.2252 0.2787
vn 0.3359 0.6688 -0.6632
vn 0.2404 -0.7129 0.6588
vn -0.8793 0.3505 -0.3224
vn 0.8738 0.3956 -0.2827
vn 0.7016 -0.6076 0.3721
vn -0.3253 0.7507 -0.5750
vn 0.3021 0.8313 -0.4666
vn -0.5065 -0.7709 0.3861
vn -0.5950 -0.6125 0.5204
vn -0.9305 0.3193 -0.1798
vn 0.6993 0.6612 -0.2716
vn 0.8429 0.5175 -0.1477
vn 0.3825 -0.8308 0.4044
vn -0.6922 -0.6880 0.2179
vn -0.4182 0.8383 -0.3497
vn -0.3652 0.9023 -0.2290
vn 0.8694 0.4858 -0.0902
vn 0.3588 -0.9041 0.2320
vn -0.9913 0.1240 -0.0445
vn -0.3774 0.9157 -0.1385
vn -0.2763 -0.9432 0.1843
vn -0.9218 0.3877 -0.0053
vn 0.3974 0.9176 0.0121
vn 0.9370 -0.3479 0.0330
vn -0.4037 -0.9133 -0.0536
vn 0.6176 0.7735 0.1426
vn 0.0819 -0.9916 -0.1003
vn -0.3515 -0.9246 -0.1466
vn -0.4691 0.8765 0.1080
vn -0.3807 0.8876 0.2594
vn -0.2602 -0.9316 -0.2539
vn -0.9948 -0.1015 0.0002
vn -0.3034 0.8841 0.3554
vn 0.9246 0.3517 0.1462
vn 0.9372 -0.3452 -0.0491
vn 0.4670 -0.8011 -0.3743
vn -0.9808 0.1683 0.0987
vn 0.8767 0.4126 0.2475
vn 0.7122 -0.6153 -0.3379
vn -0.3594 -0.7956 -0.4878
vn 0.3578 0.7229 0.5911
vn -0.3022 0.8312 0.4666
vn 0.2569 -0.7479 -0.6121
vn -0.7136 -0.5621 -0.4181
vn -0.8959 0.3407 0.2852
vn 0.9833 -0.0951 -0.1551
vn -0.4336 -0.6612 -0.6123
vn -0.9004 0.3144 0.3007
vn 0.6190 0.4362 0.6531
vn 0.3721 0.6782 0.6337
vn 0.0702 -0.5668 -0.8208
vn -0.7273 -0.4272 -0.5372
vn -0.4057 0.5598 0.7225
vn 0.6920 -0.3149 -0.6496
vn -0.2885 -0.5153 -0.8070
vn -0.4714 0.4345 0.7674
vn 0.3173 0.3679 0.8740
vn -0.5423 -0.2847 -0.7905
vn -0.9121 0.1592 0.3777
vn 0.9182 0.1014 0.3830
vn 0.9889 0.0518 0.1391
vn 0.5090 -0.2631 -0.8196
vn -0.7156 -0.1526 -0.6817
vn -0.3282 0.2409 0.9134
vn 0.3595 0.1214 0.9252
vn 0.4204 -0.0841 -0.9034
vn -0.8808 0.0569 0.4701
vn 0.8613 -0.0271 0.5074
vn 0.9666 -0.0261 -0.2551
vn -0.3933 0.0432 -0.9184
vn -0.3420 0.0047 0.9397
vn 0.3053 -0.1320 0.9430
vn 0.3929 0.1234 -0.9113
vn -0.8897 -0.0856 0.4485
vn 0.3731 -0.2082 0.9041
vn 0.9938 0.0098 -0.1103
vn 0.3014 0.2512 -0.9198
vn -0.7485 0.1316 -0.6499
vn 0.6538 -0.3371 0.6774
vn -0.2395 0.4347 -0.8681
vn -0.8841 -0.1345 0.4476
vn -0.3180 -0.3571 0.8783
vn -0.4304 -0.4665 0.7728
vn 0.2252 0.4374 -0.8706
vn -0.9854 0.1141 -0.1264
vn -0.3477 -0.5649 0.7483
vn 0.9014 -0.2471 0.3556
vn 0.5859 0.5404 -0.6039
vn -0.3568 0.5825 -0.7304
vn 0.3015 -0.6636 0.6846
vn 0.9140 -0.3243 0.2436
vn -0.7221 0.5295 -0.4452
vn -0.8894 -0.3363 0.3096
vn 0.5454 0.6889 -0.4774
vn -0.3124 -0.7723 0.5532
vn -0.3125 -0.7973 0.5163
vn 0.6941 0.6534 -0.3023
vn -0.4025 0.7590 -0.5117
vn -0.9941 -0.0961 0.0497
vn -0.3938 -0.8560 0.3349
vn 0.5879 -0.7326 0.3430
vn -0.4541 0.8356 -0.3090
vn 0.3213 -0.9112 0.2577
vn 0.9073 -0.4173 0.0522
vn 0.9997 -0.0155 0.0183
vn 0.3393 0.8906 -0.3028
vn -0.8997 -0.4213 0.1146
vn 0.5055 0.8611 -0.0550
vn -0.6781 0.7265 -0.1110
vn -0.4062 -0.9081 0.1017
vn 0.3628 -0.9316 0.0213
vn 0.6863 0.7256 0.0498
vn -0.3985 0.9154 -0.0562
vn -0.9997 0.0148 0.0205
vn -0.3930 0.9070 0.1514
vn 0.6333 -0.7317 -0.2522
vn 0.9880 -0.1542 -0.0073
vn 0.3925 -0.9073 -0.1505
vn 0.9621 0.2460 0.1176
vn -0.9843 -0.1695 -0.0486
vn -0.5611 -0.8249 -0.0679
vn -0.3509 -0.9118 -0.2135
vn -0.3173 -0.8594 -0.4009
vn 0.4343 0.8423 0.3192
vn -0.2407 0.9497 0.2001
vn -0.4720 0.7877 0.3959
vn -0.3374 -0.8300 -0.4440
vn 0.9207 -0.3345 -0.2012
vn 0.5079 0.7276 0.4611
vn -0.3303 -0.7518 -0.5708
vn 0.7461 0.4964 0.4438
vn -0.3945 0.7369 0.5490
vn -0.9940 -0.0870 -0.0659
vn 0.3886 -0.6567 -0.6464
vn 0.8845 -0.3625 -0.2936
vn -0.3980 0.6511 0.6462
vn -0.9999 -0.0021 -0.0117
vn 0.4420 -0.5418 -0.7149
vn 0.5193 0.5306 0.6699
vn -0.3305 0.5521 0.7655
vn -0.5322 -0.5654 -0.6302
vn 0.5450 0.4504 0.7072
vn -0.6594 0.3614 0.6593
vn -0.4122 -0.4620 -0.7853
vn 0.2541 -0.3701 -0.8936
vn 0.9003 -0.2177 -0.3768
vn 0.8557 -0.1620 -0.4914
vn 0.9733 0.0314 0.2275
vn 0.4307 0.3444 0.8342
vn -0.1794 0.3235 0.9290
vn -0.8954 -0.1857 -0.4047
vn -0.3063 -0.2429 -0.9204
vn 0.3614 -0.1165 -0.9251
vn 0.1897 0.1166 0.9749
vn -0.0016 -1.0000 0.0004
vn 1.0000 0.0084 -0.0009
vn -0.0025 -0.0052 1.0000
vn -1.0000 -0.0084 -0.0009
vn 0.0016 1.0000 0.0004
vn -0.3409 0.0116 -0.9400
vn -0.3409 -0.0116 0.9400
vn 0.0061 0.8835 -0.4685
vn -0.0061 0.8835 0.4685
vn 0.9126 0.4088 0.0010
vn 0.3409 -0.0116 -0.9400
vn 0.3409 0.0116 0.9400
vn -0.0061 -0.8834 -0.4685
vn 0.0061 -0.8834 0.4685
vn 0.0025 -0.0052 -1.0000
vn 0.0084 -1.0000 -0.0002
vn 1.0000 0.0023 -0.0003
vn 0.0084 0.0014 1.0000
vn -1.0000 -0.0023 -0.0003
vn -0.0084 1.0000 -0.0002
vn -0.0084 0.0014 -1.0000
vn 0.5923 0.4128 0.6919
vn -0.5923 0.8056 0.0116
vn -0.6117 0.3815 0.6931
vn 0.6119 -0.4073 -0.6779
vn -0.6119 -0.7908 -0.0138
vn -0.5925 -0.3948 -0.7022
vn 0.5925 -0.8055 0.0091
vn -0.6062 -0.4064 0.6836
vn 0.6231 -0.3778 0.6849
vn 0.6062 0.3888 -0.6938
vn -0.6231 0.4042 -0.6696
vn 0.6117 0.7909 -0.0162
vn 0.5860 0.4263 0.6891
vn -0.5848 0.8109 0.0226
vn -0.6272 0.3779 0.6811
vn 0.6237 -0.4005 -0.6712
vn -0.6251 -0.7805 -0.0085
vn -0.5844 -0.4094 -0.7006
vn 0.5831 -0.8124 -0.0042
vn -0.4990 -0.4243 0.7556
vn 0.7182 -0.3556 0.5981
vn 0.6241 0.7812 -0.0155
vn 0.5080 0.4316 -0.7454
vn -0.7121 0.3550 -0.6057
vn 0.5844 0.4021 0.7049
vn -0.5082 0.8612 -0.0012
vn -0.6240 0.3809 0.6824
vn 0.6244 -0.4040 -0.6685
vn 0.5082 -0.8612 -0.0012
vn -0.5848 -0.3858 -0.7136
vn 0.6240 -0.3809 0.6824
vn -0.5844 -0.4021 0.7049
vn 0.5848 0.3858 -0.7136
vn -0.6244 0.4040 -0.6685
vn 0.7116 0.7025 -0.0045
vn -0.7116 -0.7025 -0.0045
vn 0.6239 -0.3809 0.6824
vn -0.6244 0.4039 -0.6685
vn 0.0002 -1.0000 -0.0084
vn 0.9999 0.0050 -0.0136
vn 0.0002 0.0031 1.0000
vn -0.9999 -0.0049 -0.0136
vn -0.0002 1.0000 -0.0084
vn -0.0002 0.0031 -1.0000
vn 0.9999 0.0049 -0.0136
vn -0.9999 -0.0050 -0.0136
vn 0.0061 0.8834 -0.4685
vn -0.0061 0.8834 0.4685
vn -0.0061 -0.8835 -0.4685
vn 0.0061 -0.8835 0.4685
vn 0.5923 0.4129 0.6919
vn 0.6119 -0.4074 -0.6779
vn -0.5080 0.8614 -0.0011
vn -0.6237 0.3810 0.6825
vn 0.6272 -0.4008 -0.6678
vn 0.4990 -0.8665 -0.0104
vn -0.5860 -0.3836 -0.7138
vn 0.6250 -0.3829 0.6802
vn -0.5831 -0.4026 0.7056
vn -0.6241 0.4040 -0.6688
vn 0.7121 0.7021 -0.0046
vn -0.7183 -0.6957 0.0089
vn 0.4990 -0.8665 -0.0103
vn -0.5831 -0.4025 0.7056
vn -0.0013 -1.0000 0.0060
vn 0.9999 0.0008 -0.0139
vn -0.0021 -0.0004 1.0000
vn -0.9999 -0.0008 -0.0139
vn 0.0013 1.0000 0.0060
vn -0.3382 0.0010 -0.9411
vn -0.3382 -0.0010 0.9411
vn 0.0050 0.8836 -0.4682
vn -0.0050 0.8836 0.4682
vn 0.3382 -0.0010 -0.9411
vn 0.3382 0.0010 0.9411
vn -0.0050 -0.8836 -0.4682
vn 0.0050 -0.8836 0.4682
vn 0.0021 -0.0004 -1.0000
vn 0.0084 -1.0000 -0.0044
vn 1.0000 0.0003 -0.0073
vn 0.0084 0.0002 1.0000
vn -1.0000 -0.0003 -0.0073
vn -0.0084 1.0000 -0.0044
vn -0.0084 0.0002 -1.0000
vn -0.0012 -1.0000 0.0016
vn 1.0000 0.0039 -0.0025
vn -0.0019 -0.0031 1.0000
vn -1.0000 -0.0039 -0.0022
vn 0.0012 1.0000 0.0010
vn -0.3393 0.0054 -0.9407
vn -0.3280 -0.0071 0.9447
vn 0.0045 0.8837 -0.4681
vn -0.0045 0.8837 0.4681
vn 0.9118 0.4106 0.0029
vn 0.3393 -0.0054 -0.9407
vn 0.3400 0.0082 0.9404
vn 0.9126 -0.4088 0.0038
vn -0.0045 -0.8837 -0.4681
vn 0.0059 -0.3715 0.9284
vn 0.0019 -0.0024 -1.0000
vn 0.0003 -1.0000 -0.0003
vn 0.9999 0.0137 -0.0006
vn 0.0003 0.0084 1.0000
vn -0.9999 -0.0137 -0.0006
vn -0.0003 1.0000 -0.0003
vn -0.0003 0.0084 -1.0000
vn 0.0007 -1.0000 -0.0009
vn 0.9999 0.0137 -0.0014
vn 0.0007 0.0084 1.0000
vn -0.9999 -0.0137 -0.0014
vn -0.0007 1.0000 -0.0009
vn -0.0007 0.0084 -1.0000
vn 0.0002 -1.0000 -0.0002
vn 0.9999 0.0137 -0.0004
vn 0.0002 0.0084 1.0000
vn -0.9999 -0.0137 -0.0004
vn -0.0002 1.0000 -0.0002
vn -0.0002 0.0084 -1.0000
vn -0.0000 -1.0000 -0.0000
vn -0.5153 -0.5784 0.6324
vn 0.3297 0.5938 0.7340
vn -0.7414 0.5926 0.3149
vn 0.2887 -0.5492 -0.7843
vn -0.3139 0.5504 -0.7737
vn 0.7655 0.5875 -0.2625
vn -0.7627 -0.5494 -0.3413
vn 0.3614 -0.5843 0.7267
vn 0.8158 -0.5653 0.1220
vn -0.3136 -0.5504 0.7738
vn 0.3137 0.5512 0.7732
vn -0.7738 0.5504 0.3137
vn 0.3136 -0.5504 -0.7738
vn -0.3137 0.5512 -0.7732
vn 0.7738 0.5504 -0.3137
vn -0.7732 -0.5512 -0.3137
vn 0.7732 -0.5512 0.3136
vn 0.7685 -0.5512 -0.3249
vn 0.3253 0.5504 -0.7689
vn 0.7685 0.5512 0.3249
vn -0.3253 -0.5504 -0.7689
vn -0.7685 0.5512 -0.3249
vn -0.7685 -0.5512 0.3249
vn -0.3253 0.5504 0.7689
vn 0.3253 -0.5504 0.7689
vn 0.3136 0.5512 0.7732
vn -0.7738 0.5504 0.3136
vn -0.7732 -0.5512 -0.3136
vn 0.0001 -1.0000 -0.0005
vn 0.9999 0.0137 -0.0008
vn 0.0001 0.0084 1.0000
vn -0.9999 -0.0137 -0.0008
vn -0.0001 1.0000 -0.0005
vn -0.0001 0.0084 -1.0000
vn -0.0012 -1.0000 0.0010
vn 1.0000 0.0039 -0.0028
vn 0.0013 0.0017 1.0000
vn -1.0000 -0.0039 -0.0025
vn -0.3393 -0.0054 0.9407
vn -0.0018 0.8840 0.4675
vn 0.8870 0.0020 0.4617
vn 0.0045 -0.8837 0.4681
vn -0.0003 1.0000 -0.0004
vn -0.0000 1.0000 -0.0000
vn -0.3139 -0.5504 0.7737
vn 0.3139 0.5504 0.7737
vn -0.7733 0.5512 0.3134
vn 0.3139 -0.5504 -0.7737
vn 0.7733 0.5512 -0.3134
vn -0.7733 -0.5512 -0.3134
vn 0.7733 -0.5512 0.3134
vn -0.2627 -0.5867 0.7660
vn 0.1222 0.5654 0.8157
vn -0.7843 0.5492 0.2885
vn 0.7335 -0.5945 0.3294
vn 0.6325 0.5784 -0.5151
vn 0.7268 0.5841 0.3613
vn 0.3151 -0.5919 -0.7419
vn -0.3415 0.5494 -0.7626
vn 0.3254 0.5504 -0.7689
vn 0.7738 0.5504 -0.3136
vn 0.7732 -0.5512 0.3137
vn 0.9999 0.0136 -0.0008
vn 0.0026 -1.0000 -0.0012
vn 1.0000 0.0033 -0.0020
vn 0.0017 0.0020 1.0000
vn -1.0000 -0.0046 -0.0016
vn 0.0015 1.0000 0.0007
vn -0.3395 0.0063 -0.9406
vn -0.3285 -0.0083 0.9445
vn 0.0059 0.8835 -0.4684
vn -0.0024 0.8839 0.4676
vn 0.8870 0.0024 0.4618
vn -0.0049 -0.8836 -0.4682
vn 0.0102 -0.8829 0.4694
vn 0.0024 -0.0028 -1.0000
vn -0.4169 0.6574 0.6277
vn 0.1613 0.7732 -0.6133
vn -0.3037 0.6853 -0.6619
vn 0.8159 0.1225 0.5651
vn 0.7740 -0.1099 -0.6236
vn 0.6367 0.4442 -0.6303
vn 0.6357 -0.4365 0.6367
vn 0.5424 -0.5098 -0.6678
vn 0.1477 -0.7571 -0.6364
vn 0.1416 -0.7775 0.6128
vn -0.4288 -0.6676 -0.6087
vn -0.4253 -0.6471 0.6328
vn -0.7547 -0.1649 -0.6350
vn -0.7759 0.2028 0.5973
vn -0.7099 0.4199 -0.5654
vn 0.1447 0.7741 0.6163
vn 0.5401 0.5208 0.6611
vn -0.1449 0.7526 0.6424
vn 0.1448 0.7536 -0.6411
vn -0.2789 0.6897 -0.6682
vn 0.5305 0.5185 0.6706
vn 0.6977 0.2722 -0.6627
vn 0.5149 0.5577 -0.6510
vn 0.7326 0.2658 0.6267
vn 0.7589 -0.1412 -0.6358
vn 0.7539 -0.1622 0.6366
vn 0.5643 -0.5132 -0.6466
vn 0.5279 -0.5366 0.6583
vn 0.2789 -0.6897 -0.6682
vn 0.1449 -0.7526 0.6424
vn -0.1448 -0.7537 -0.6411
vn -0.2860 -0.7192 0.6332
vn -0.5149 -0.5577 -0.6510
vn -0.5305 -0.5185 0.6706
vn -0.6977 -0.2722 -0.6627
vn -0.7326 -0.2658 0.6267
vn -0.7588 0.1412 -0.6358
vn -0.7539 0.1622 0.6366
vn -0.5643 0.5132 -0.6466
vn -0.5279 0.5366 0.6583
vn 0.2860 0.7192 0.6332
vn 0.9403 0.3296 0.0847
vn 0.7193 -0.1594 0.6762
vn 0.9664 -0.2263 -0.1220
vn 0.2073 0.0518 0.9769
vn -0.6217 -0.2037 0.7563
vn -0.7243 0.2932 0.6240
vn -0.9660 -0.2584 0.0007
vn 0.7405 0.1333 -0.6587
vn 0.6146 0.4331 0.6593
vn 0.6007 0.7995 -0.0010
vn -0.3804 -0.5648 0.7324
vn 0.0447 0.1079 0.9932
vn -0.4118 -0.9101 0.0457
vn -0.5457 -0.3507 -0.7611
vn 0.2620 0.7714 0.5799
vn -0.0435 0.2091 -0.9769
vn 0.1403 0.0719 -0.9875
vn 0.5080 0.4902 -0.7083
vn -0.1375 0.9896 -0.0423
vn -0.2173 0.7087 0.6712
vn 0.2853 -0.5692 0.7711
vn -0.0566 0.0767 0.9955
vn 0.4055 -0.9110 0.0757
vn 0.5377 -0.5537 -0.6358
vn -0.1561 -0.6534 -0.7407
vn -0.4039 0.6575 -0.6360
vn 0.1660 0.7806 -0.6025
vn -0.7641 0.6450 -0.0096
vn -0.5795 0.4407 0.6855
vn -0.1572 0.0358 0.9869
vn -0.1635 0.0288 -0.9861
vn -0.7009 0.3248 -0.6350
vn 0.9441 -0.3263 0.0480
vn -0.9990 0.0296 -0.0327
vn -0.7364 0.0872 0.6709
vn 0.7184 0.1999 -0.6662
vn -0.7379 -0.2453 -0.6288
vn -0.6245 -0.3807 0.6820
vn 0.7179 0.0812 0.6913
vn 0.8597 0.4983 -0.1122
vn -0.8271 -0.5556 -0.0850
vn -0.1332 -0.2006 0.9706
vn -0.4957 -0.8678 0.0361
vn -0.1790 -0.1602 -0.9707
vn -0.2847 -0.6631 -0.6923
vn -0.1428 -0.7388 0.6586
vn 0.4205 0.9058 0.0516
vn 0.1958 0.7164 -0.6697
vn 0.1920 -0.9813 0.0108
vn -0.0766 0.8294 0.5534
vn 0.3280 0.5584 0.7620
vn 0.0344 -0.1188 -0.9923
vn 0.1803 -0.7167 -0.6737
vn 0.3351 -0.6950 0.6362
vn -0.3471 0.5978 -0.7226
vn 0.6766 -0.7353 0.0393
vn -0.3846 0.9227 -0.0266
vn 0.6360 -0.4251 -0.6440
vn -0.5949 0.2587 -0.7610
vn 0.1115 0.0008 -0.9938
vn 0.2708 -0.2382 0.9327
vn -0.9169 0.3978 0.0316
vn 0.9992 -0.0383 -0.0143
vn 0.7256 0.2175 0.6528
vn 0.7216 -0.2486 0.6461
vn 0.6795 0.2981 -0.6704
vn 0.7228 -0.2569 -0.6416
vn -0.6760 -0.0697 0.7336
vn -0.8252 -0.5647 -0.0111
vn -0.9587 0.2827 0.0316
vn -0.7224 0.0260 -0.6910
vn 0.1433 0.0745 0.9869
vn -0.4381 -0.7151 0.5447
vn -0.4555 -0.5532 -0.6975
vn 0.1372 0.0228 -0.9903
vn 0.4063 0.6321 -0.6599
vn 0.8648 0.5014 0.0258
vn 0.4389 0.6455 0.6250
vn 0.0149 0.3295 0.9440
vn -0.0082 -0.9941 -0.1084
vn 0.0745 -0.7245 -0.6853
vn 0.0242 0.2028 -0.9789
vn -0.2827 0.6917 0.6646
vn 0.4202 -0.6045 0.6767
vn -0.2170 0.7177 -0.6616
vn 0.2431 0.9698 0.0171
vn 0.4207 -0.4484 -0.7886
vn -0.1269 0.1427 -0.9816
vn 0.8993 -0.4359 -0.0362
vn -0.7412 0.2714 0.6139
vn -0.6871 0.3125 -0.6559
vn -0.7566 0.6532 0.0300
vn -0.9986 0.0084 0.0524
vn 0.5969 0.2228 -0.7708
vn -0.1519 -0.0639 -0.9863
vn -0.7406 -0.0949 -0.6652
vn -0.6564 -0.3159 0.6851
vn -0.1319 0.0108 0.9912
vn 0.6899 0.0771 0.7198
vn 0.8762 0.4744 -0.0846
vn -0.8545 -0.5185 -0.0311
vn -0.1659 -0.1834 0.9689
vn -0.4597 -0.8877 -0.0241
vn -0.1869 -0.7330 0.6541
vn -0.5359 -0.5361 -0.6522
vn 0.4200 0.9074 0.0146
vn 0.1536 0.6114 -0.7763
vn -0.0440 -0.1417 -0.9889
vn -0.0844 -0.7826 -0.6168
vn 0.0101 -0.1293 0.9916
vn -0.1089 0.6552 0.7476
vn -0.3631 0.5944 -0.7176
vn 0.3406 -0.6645 -0.6651
vn 0.1980 -0.9798 0.0286
vn 0.1602 -0.1635 -0.9734
vn 0.7564 -0.6542 0.0024
vn 0.3799 -0.6755 0.6320
vn 0.0713 -0.0640 0.9954
vn -0.5154 0.3900 0.7631
vn -0.3770 0.9257 0.0326
vn 0.9009 0.4314 0.0484
vn 0.7281 -0.0898 0.6796
vn 0.9944 -0.0937 -0.0486
vn 0.1092 0.0622 0.9921
vn 0.3138 -0.1940 0.9294
vn -0.4981 -0.4335 0.7510
vn -0.5936 0.2285 0.7716
vn -0.9796 -0.1782 -0.0930
vn -0.6533 -0.3169 -0.6876
vn 0.2691 -0.1925 -0.9437
vn -0.8307 0.0313 -0.5558
vn 0.6575 0.2626 -0.7062
vn 0.7258 -0.1904 -0.6610
vn 0.5902 0.4761 0.6519
vn 0.1759 0.1720 -0.9693
vn 0.2996 0.6754 -0.6738
vn 0.5344 0.8450 0.0203
vn 0.2413 0.7011 0.6710
vn -0.0075 0.1809 0.9835
vn -0.0869 -0.6361 0.7667
vn 0.1240 -0.9922 0.0110
vn -0.5231 -0.8521 -0.0162
vn -0.1144 -0.7431 -0.6593
vn -0.0888 0.9952 -0.0415
vn -0.2448 0.7196 0.6497
vn -0.0269 0.0931 -0.9953
vn -0.2852 0.7178 -0.6352
vn 0.4801 -0.5835 0.6550
vn 0.4841 -0.4923 -0.7234
vn -0.7532 0.6565 -0.0415
vn 0.8781 -0.4785 0.0036
vn -0.5677 0.4423 0.6944
vn -0.1319 0.0370 0.9906
vn -0.0993 0.0527 -0.9937
vn -0.6865 0.3514 -0.6366
vn -0.9999 0.0056 -0.0151
vn -0.7183 0.0855 0.6905
vn 0.5646 0.2665 -0.7811
vn 0.6702 0.0182 0.7419
vn 0.9316 0.3543 -0.0816
vn -0.4894 -0.0870 -0.8677
vn -0.6237 -0.3939 0.6752
vn -0.8811 -0.4655 -0.0830
vn -0.5100 -0.8592 0.0420
vn -0.5256 -0.5155 -0.6768
vn -0.1795 -0.7601 0.6245
vn 0.4361 0.8993 0.0317
vn 0.1533 0.6117 -0.7761
vn -0.0423 -0.1427 -0.9889
vn -0.1102 -0.7381 -0.6657
vn -0.3852 0.6835 -0.6200
vn 0.3498 -0.7053 -0.6166
vn 0.0712 -0.9973 0.0172
vn 0.7523 -0.6588 -0.0043
vn 0.3697 -0.6776 0.6357
vn -0.0263 -0.1276 0.9915
vn -0.1498 0.7449 0.6502
vn -0.3684 0.9288 -0.0410
vn -0.9002 0.4315 0.0580
vn 0.0039 -1.0000 -0.0025
vn 1.0000 0.0063 -0.0041
vn 0.0039 0.0039 1.0000
vn -1.0000 -0.0063 -0.0041
vn -0.0039 1.0000 -0.0025
vn -0.0039 0.0039 -1.0000
vn 0.0084 -1.0000 -0.0012
vn 1.0000 0.0003 -0.0020
vn -1.0000 -0.0003 -0.0020
vn -0.0084 1.0000 -0.0012
vn -1.0000 -0.0009 -0.0095
vn 1.0000 0.0009 -0.0095
vn 0.6936 0.3555 -0.6265
vn 0.0504 -0.7023 -0.7101
vn -0.6897 0.3666 -0.6245
vn 0.0296 -0.4998 0.8657
vn 0.0237 -0.9939 0.1076
vn 0.0239 0.4029 0.9149
vn 0.0013 -0.0000 -1.0000
vn 0.0013 -0.0000 1.0000
vn -1.0000 -0.0000 -0.0000
vn -0.0002 -0.9999 0.0144
vn 0.9999 -0.0003 0.0144
vn -0.0002 -0.0002 1.0000
vn -0.9999 0.0003 0.0144
vn 0.0002 0.9999 0.0144
vn -0.9606 -0.0011 -0.2781
vn -0.9264 -0.3742 0.0420
vn -0.9606 0.0011 0.2781
vn -0.9264 0.3742 -0.0420
vn -0.0007 0.3970 -0.9178
vn 0.0007 0.3970 0.9178
vn 0.9606 0.0011 -0.2781
vn 0.9606 -0.0011 0.2781
vn 0.9264 -0.3742 -0.0420
vn 0.0007 -0.3970 -0.9178
vn -0.0007 -0.3970 0.9178
vn 0.0002 -0.0002 -1.0000
vn -0.0001 -1.0000 0.0084
vn 0.9999 -0.0002 0.0137
vn -0.0001 -0.0001 1.0000
vn -0.9999 0.0002 0.0137
vn 0.0001 1.0000 0.0084
vn 0.0001 -0.0001 -1.0000
vn -0.0000 -1.0000 0.0084
vn 0.9999 -0.0001 0.0137
vn -0.9999 0.0001 0.0137
vn -0.0000 1.0000 0.0084
vn -0.0001 -1.0000 0.0049
vn 0.9999 -0.0086 0.0080
vn -0.0001 -0.0053 1.0000
vn -0.9999 0.0086 0.0080
vn 0.0001 1.0000 0.0049
vn 0.0001 -0.0053 -1.0000
vn -0.0001 -1.0000 0.0072
vn 0.0001 1.0000 0.0072
vn -0.0053 -1.0000 0.0049
vn 1.0000 -0.0002 0.0081
vn -0.0053 -0.0001 1.0000
vn -1.0000 0.0002 0.0081
vn 0.0053 1.0000 0.0049
vn 0.0053 -0.0001 -1.0000
vn -0.0010 -1.0000 0.0084
vn 0.9999 -0.0009 0.0137
vn -0.0010 -0.0006 1.0000
vn -0.9999 0.0009 0.0137
vn 0.0010 1.0000 0.0084
vn 0.0010 -0.0006 -1.0000
vn 0.0040 -1.0000 -0.0060
vn 0.9999 -0.0106 0.0085
vn 0.0065 0.0066 1.0000
vn -0.9999 0.0108 0.0132
vn -0.0040 1.0000 -0.0060
vn -0.4007 -0.7599 0.5119
vn -0.4007 0.7599 -0.5119
vn 0.4007 0.7599 0.5119
vn -0.9571 -0.0234 -0.2889
vn -0.9057 -0.4237 0.0169
vn -0.9571 0.0234 0.2889
vn -0.9057 0.4237 -0.0169
vn -0.0006 0.9551 -0.2963
vn 0.0006 0.9551 0.2963
vn 0.9564 0.0274 -0.2908
vn 0.9571 -0.0234 0.2889
vn 0.9291 -0.3689 -0.0273
vn 0.0180 -0.4025 -0.9152
vn -0.0006 -0.9551 0.2963
vn 0.0047 -0.0048 -1.0000
vn -0.0014 -1.0000 0.0084
vn 0.9999 -0.0022 0.0137
vn -0.0014 -0.0014 1.0000
vn -0.9999 0.0022 0.0137
vn 0.0014 1.0000 0.0084
vn 0.0014 -0.0014 -1.0000
vn 0.9999 -0.0082 0.0134
vn 0.0063 0.9999 0.0095
vn 0.4007 -0.7599 -0.5119
vn -0.9056 0.4237 -0.0169
vn 0.0180 0.4025 0.9152
vn 0.9571 0.0234 -0.2889
vn 0.9564 -0.0274 0.2908
vn 0.9056 -0.4237 -0.0169
vn 0.0006 -0.9551 -0.2963
vn -0.0065 0.0066 -1.0000
vn -0.0063 -0.9999 0.0095
vn 0.9999 -0.0108 0.0132
vn -0.0047 -0.0048 1.0000
vn -0.9999 0.0082 0.0134
vn -0.9291 -0.3689 0.0273
vn -0.9564 0.0274 0.2908
vn -0.0180 -0.4025 0.9152
vn -0.9999 0.0106 0.0085
vn -0.9564 -0.0274 -0.2908
vn -0.9056 -0.4237 0.0169
vn -0.9291 0.3689 -0.0273
vn -0.0180 0.4025 -0.9152
vn 0.9057 -0.4237 -0.0169
vn -0.0029 -0.0276 -0.9996
vn 0.0927 -0.3155 -0.9444
vn 0.0020 0.9779 0.2092
vn -0.0852 0.4579 -0.8849
vn 0.0016 -1.0000 -0.0004
vn 1.0000 -0.0084 0.0009
vn 0.0025 0.0052 1.0000
vn -1.0000 0.0084 0.0009
vn -0.0016 1.0000 -0.0004
vn -0.9578 -0.0191 -0.2868
vn -0.9126 -0.4088 0.0010
vn -0.9578 0.0191 0.2868
vn -0.9126 0.4088 -0.0010
vn -0.0002 0.9552 -0.2961
vn 0.0002 0.9552 0.2961
vn 0.9578 0.0191 -0.2868
vn 0.9578 -0.0191 0.2868
vn 0.9126 -0.4088 -0.0010
vn 0.0002 -0.9552 -0.2961
vn -0.0002 -0.9552 0.2961
vn -0.0025 0.0052 -1.0000
vn -0.0084 -1.0000 0.0002
vn 1.0000 -0.0023 0.0003
vn -0.0084 -0.0014 1.0000
vn -1.0000 0.0023 0.0003
vn 0.0084 1.0000 0.0002
vn 0.0084 -0.0014 -1.0000
vn -0.0002 -1.0000 0.0084
vn 0.9999 -0.0050 0.0136
vn -0.0002 -0.0031 1.0000
vn -0.9999 0.0049 0.0136
vn 0.0002 1.0000 0.0084
vn 0.0002 -0.0031 -1.0000
vn 0.9999 -0.0049 0.0136
vn -0.9999 0.0050 0.0136
vn 0.0002 0.9552 0.2960
vn 0.0013 -1.0000 -0.0060
vn 0.9999 -0.0008 0.0139
vn 0.0021 0.0004 1.0000
vn -0.9999 0.0008 0.0139
vn -0.0013 1.0000 -0.0060
vn -0.4006 -0.7599 0.5119
vn 0.4006 0.7599 0.5119
vn -0.9605 -0.0016 -0.2784
vn -0.9605 0.0016 0.2784
vn -0.0002 0.9552 -0.2960
vn 0.9605 0.0016 -0.2784
vn 0.9605 -0.0016 0.2784
vn 0.0002 -0.9552 -0.2960
vn -0.0002 -0.9552 0.2960
vn -0.0021 0.0004 -1.0000
vn -0.0084 -1.0000 0.0044
vn 1.0000 -0.0003 0.0073
vn -0.0084 -0.0002 1.0000
vn -1.0000 0.0003 0.0073
vn 0.0084 1.0000 0.0044
vn 0.0084 -0.0002 -1.0000
vn -0.0010 -1.0000 0.0014
vn 1.0000 -0.0024 0.0015
vn -0.0017 -0.0029 1.0000
vn -1.0000 0.0034 0.0025
vn -0.0012 1.0000 -0.0010
vn -0.9594 -0.0088 -0.2819
vn -0.4558 -0.8900 0.0077
vn -0.9596 0.0078 0.2814
vn -0.9118 0.4106 -0.0029
vn 0.9594 0.0088 -0.2819
vn 0.9146 -0.4044 0.0037
vn -0.0019 0.0024 -1.0000
vn -0.0003 -1.0000 0.0003
vn 0.9999 -0.0137 0.0006
vn -0.0003 -0.0084 1.0000
vn -0.9999 0.0137 0.0006
vn 0.0003 1.0000 0.0003
vn 0.0003 -0.0084 -1.0000
vn -0.0007 -1.0000 0.0009
vn 0.9999 -0.0137 0.0014
vn -0.0007 -0.0084 1.0000
vn -0.9999 0.0137 0.0014
vn 0.0007 1.0000 0.0009
vn 0.0007 -0.0084 -1.0000
vn -0.0002 -1.0000 0.0002
vn 0.9999 -0.0137 0.0004
vn -0.0002 -0.0084 1.0000
vn -0.9999 0.0137 0.0004
vn 0.0002 1.0000 0.0002
vn 0.0002 -0.0084 -1.0000
vn -0.0001 -1.0000 0.0005
vn 0.9999 -0.0136 0.0008
vn -0.0001 -0.0084 1.0000
vn -0.9999 0.0137 0.0008
vn 0.0001 1.0000 0.0005
vn 0.0001 -0.0084 -1.0000
vn 0.0012 -1.0000 -0.0010
vn 1.0000 -0.0041 0.0025
vn 0.0019 0.0024 1.0000
vn -1.0000 0.0039 0.0025
vn 0.0032 1.0000 0.0028
vn -0.9118 -0.4106 0.0029
vn -0.9594 0.0088 0.2819
vn 0.0031 0.9652 0.2615
vn 0.9601 -0.0040 0.2795
vn 0.9118 -0.4106 -0.0029
vn 0.0003 1.0000 0.0004
vn 0.9999 -0.0137 0.0008
vn -0.0021 -1.0000 0.0010
vn 1.0000 -0.0048 0.0012
vn -0.0029 -0.0034 1.0000
vn -1.0000 0.0039 0.0018
vn 0.0042 1.0000 0.0020
vn -0.9592 -0.0104 -0.2826
vn -0.4552 -0.8903 0.0055
vn -0.9594 0.0092 0.2820
vn -0.9122 0.4098 -0.0021
vn 0.0040 0.9651 0.2619
vn 0.9589 0.0119 -0.2833
vn 0.9600 -0.0046 0.2798
vn 0.9329 -0.3601 -0.0036
vn 0.0070 -0.3990 -0.9169
vn 0.0018 -0.0021 -1.0000
vn -0.7031 -0.2728 0.6566
vn -0.3516 0.9361 -0.0040
vn 0.3782 0.5174 0.7676
vn -0.0919 -0.0072 0.9957
vn 0.4345 0.5380 0.7224
vn -0.0039 -1.0000 0.0025
vn 1.0000 -0.0063 0.0041
vn -0.0039 -0.0039 1.0000
vn -1.0000 0.0063 0.0041
vn 0.0039 1.0000 0.0025
vn 0.0039 -0.0039 -1.0000
vn -0.0084 -1.0000 0.0012
vn 1.0000 -0.0003 0.0020
vn -1.0000 0.0003 0.0020
vn 0.0084 1.0000 0.0012
vn -1.0000 0.0009 0.0095
vn 1.0000 -0.0009 0.0095
vn 0.0524 0.9662 0.2524
vn -0.0017 0.0013 -1.0000
vn 0.0024 0.0033 -1.0000
vn 0.0024 -0.0033 -1.0000
vn -0.0008 -0.0000 -1.0000
vn -0.0017 -0.0013 1.0000
vn 0.0024 -0.0033 1.0000
vn 0.0024 0.0033 1.0000
vn -0.0008 -0.0000 1.0000
vt 0.654795 0.153633
vt 0.345205 0.149282
vt 0.654673 0.148631
vt 0.638432 0.154462
vt 0.361568 0.148453
vt 0.639256 0.149282
vt 0.345372 0.290499
vt 0.654628 0.012416
vt 0.654719 0.289889
vt 0.361568 0.154462
vt 0.638432 0.148453
vt 0.360744 0.149282
vt 0.345205 0.153633
vt 0.654795 0.149282
vt 0.345327 0.148631
vt 0.654696 0.148418
vt 0.654673 0.154284
vt 0.345304 0.154497
vt 0.639318 0.154253
vt 0.345304 0.148418
vt 0.345327 0.154284
vt 0.654696 0.154497
vt 0.654628 0.290499
vt 0.345372 0.012416
vt 0.345281 0.289889
vt 0.321819 0.152669
vt 0.012209 0.149374
vt 0.321840 0.149443
vt 0.305884 0.152687
vt 0.028117 0.149439
vt 0.305818 0.149367
vt 0.012232 0.289893
vt 0.321761 0.012218
vt 0.321787 0.289877
vt 0.028184 0.152725
vt 0.305883 0.149439
vt 0.028182 0.149367
vt 0.012235 0.152729
vt 0.321791 0.149374
vt 0.012160 0.149443
vt 0.321796 0.289884
vt 0.012204 0.012216
vt 0.012206 0.289878
vt 0.987909 0.816908
vt 0.678093 0.815602
vt 0.987930 0.815629
vt 0.971200 0.816896
vt 0.694800 0.815630
vt 0.971175 0.815604
vt 0.678184 0.954488
vt 0.987933 0.678093
vt 0.987918 0.954443
vt 0.694775 0.816818
vt 0.971200 0.815630
vt 0.694825 0.815604
vt 0.678096 0.816837
vt 0.987907 0.815602
vt 0.678070 0.815629
vt 0.987909 0.954445
vt 0.678091 0.678081
vt 0.678082 0.954443
vt 0.654755 0.352851
vt 0.345264 0.345491
vt 0.654628 0.345575
vt 0.503537 0.352851
vt 0.496323 0.345602
vt 0.503580 0.345307
vt 0.345264 0.352662
vt 0.654692 0.345573
vt 0.654769 0.352527
vt 0.496323 0.352551
vt 0.503537 0.345302
vt 0.496420 0.345307
vt 0.654755 0.345302
vt 0.345244 0.345307
vt 0.654692 0.352580
vt 0.345263 0.352591
vt 0.321966 0.014244
vt 0.012034 0.012790
vt 0.321971 0.012784
vt 0.012029 0.014207
vt 0.111745 0.227091
vt 0.058631 0.107294
vt 0.221677 0.106993
vt 0.112300 0.226896
vt 0.112479 0.107067
vt 0.222110 0.107099
vt 0.222101 0.226976
vt 0.275326 0.107388
vt 0.221599 0.227005
vt 0.111696 0.107029
vt 0.221778 0.036931
vt 0.036864 0.112175
vt 0.111951 0.296946
vt 0.111861 0.226760
vt 0.058675 0.107388
vt 0.221521 0.107067
vt 0.112299 0.227018
vt 0.112331 0.107103
vt 0.222301 0.107030
vt 0.222164 0.226845
vt 0.275141 0.107117
vt 0.221483 0.227164
vt 0.111703 0.106917
vt 0.222047 0.037053
vt 0.036959 0.111879
vt 0.111858 0.296848
vt 0.111823 0.226839
vt 0.058858 0.107117
vt 0.221793 0.107105
vt 0.112470 0.227108
vt 0.112538 0.106905
vt 0.222245 0.107027
vt 0.222335 0.226789
vt 0.275326 0.107388
vt 0.221549 0.227018
vt 0.111853 0.107029
vt 0.222130 0.037145
vt 0.037012 0.112097
vt 0.112126 0.296946
vt 0.345264 0.345491
vt 0.654769 0.345625
vt 0.503677 0.352551
vt 0.496463 0.345302
vt 0.345264 0.352662
vt 0.654692 0.345573
vt 0.654628 0.352578
vt 0.496463 0.352851
vt 0.503677 0.345602
vt 0.496420 0.345307
vt 0.654755 0.345302
vt 0.345499 0.345346
vt 0.654692 0.352580
vt 0.345560 0.352683
vt 0.321971 0.014138
vt 0.012029 0.012716
vt 0.321966 0.012679
vt 0.012034 0.014133
vt 0.111825 0.227065
vt 0.058916 0.107222
vt 0.221685 0.106824
vt 0.112349 0.226909
vt 0.112401 0.106966
vt 0.222292 0.107145
vt 0.222167 0.226845
vt 0.275084 0.107221
vt 0.221552 0.226948
vt 0.111770 0.107241
vt 0.221777 0.037001
vt 0.036923 0.112122
vt 0.112238 0.297017
vt 0.111836 0.226845
vt 0.058859 0.107117
vt 0.221492 0.107165
vt 0.112361 0.227164
vt 0.112480 0.107067
vt 0.222141 0.106917
vt 0.222329 0.226807
vt 0.275325 0.107388
vt 0.221701 0.227018
vt 0.111700 0.107030
vt 0.221967 0.037152
vt 0.036864 0.112176
vt 0.111954 0.296947
vt 0.111702 0.226844
vt 0.058674 0.107388
vt 0.221519 0.107070
vt 0.112452 0.227018
vt 0.112327 0.107134
vt 0.222148 0.107029
vt 0.222208 0.226970
vt 0.274851 0.106885
vt 0.221589 0.227054
vt 0.111678 0.107017
vt 0.221874 0.037054
vt 0.036886 0.111967
vt 0.112117 0.296890
vt 0.503934 0.504125
vt 0.496105 0.495866
vt 0.503617 0.495915
vt 0.654864 0.503805
vt 0.345136 0.496195
vt 0.654732 0.495866
vt 0.496174 0.654673
vt 0.503855 0.345345
vt 0.503551 0.654787
vt 0.345136 0.503805
vt 0.654864 0.496195
vt 0.345243 0.495872
vt 0.496105 0.504134
vt 0.503934 0.495875
vt 0.496383 0.495915
vt 0.503855 0.654655
vt 0.496174 0.345327
vt 0.496449 0.654786
vt 0.254753 0.842300
vt 0.079479 0.823727
vt 0.254741 0.823624
vt 0.320680 0.842476
vt 0.013320 0.823524
vt 0.321030 0.823722
vt 0.079407 0.986621
vt 0.254478 0.679306
vt 0.254682 0.986662
vt 0.013306 0.842273
vt 0.321457 0.825014
vt 0.013316 0.823525
vt 0.079089 0.842265
vt 0.254753 0.823699
vt 0.080359 0.823894
vt 0.254478 0.986694
vt 0.079140 0.679339
vt 0.080622 0.987147
vt 0.254753 0.842301
vt 0.079089 0.823735
vt 0.254741 0.823624
vt 0.320680 0.842476
vt 0.013320 0.823524
vt 0.321030 0.823722
vt 0.079140 0.986661
vt 0.254478 0.679306
vt 0.254682 0.986662
vt 0.012543 0.840986
vt 0.320694 0.823727
vt 0.013071 0.823700
vt 0.079479 0.842273
vt 0.254753 0.823700
vt 0.079489 0.823418
vt 0.254478 0.986694
vt 0.079407 0.679379
vt 0.079512 0.987030
vt 0.503895 0.504134
vt 0.496066 0.495875
vt 0.503617 0.495915
vt 0.654757 0.495872
vt 0.496145 0.654655
vt 0.503826 0.345327
vt 0.345268 0.495866
vt 0.496066 0.504125
vt 0.503895 0.495866
vt 0.496383 0.495915
vt 0.503826 0.654673
vt 0.496145 0.345345
vt 0.496449 0.654787
vt 0.254521 0.842273
vt 0.079247 0.823700
vt 0.254511 0.823418
vt 0.321457 0.840986
vt 0.013306 0.823727
vt 0.320929 0.823700
vt 0.079522 0.986694
vt 0.254860 0.679339
vt 0.253378 0.987147
vt 0.013320 0.842476
vt 0.320680 0.823524
vt 0.012970 0.823722
vt 0.079247 0.842301
vt 0.254911 0.823735
vt 0.079259 0.823624
vt 0.254593 0.986620
vt 0.079522 0.679306
vt 0.079318 0.986662
vt 0.254911 0.842265
vt 0.079247 0.823699
vt 0.253641 0.823894
vt 0.320694 0.842273
vt 0.012543 0.825014
vt 0.320684 0.823525
vt 0.079522 0.986694
vt 0.254593 0.679379
vt 0.254488 0.987030
vt 0.013320 0.842476
vt 0.320680 0.823524
vt 0.012970 0.823722
vt 0.079247 0.842300
vt 0.254521 0.823727
vt 0.079259 0.823624
vt 0.254860 0.986661
vt 0.079522 0.679306
vt 0.079318 0.986662
vt 0.649646 0.261926
vt 0.354578 0.072074
vt 0.646435 0.055057
vt 0.641918 0.280414
vt 0.371849 0.050396
vt 0.645421 0.072074
vt 0.354733 0.311118
vt 0.644359 0.022304
vt 0.628151 0.316724
vt 0.358082 0.280414
vt 0.641918 0.053586
vt 0.350354 0.261926
vt 0.350276 0.072074
vt 0.355641 0.022304
vt 0.348849 0.312278
vt 0.371849 0.316724
vt 0.348849 0.021722
vt 0.371849 0.017276
vt 0.371849 0.045224
vt 0.642901 0.048539
vt 0.628151 0.288776
vt 0.352970 0.284533
vt 0.649724 0.261926
vt 0.651151 0.312278
vt 0.357591 0.048429
vt 0.371849 0.288776
vt 0.645278 0.284926
vt 0.645267 0.311118
vt 0.652768 0.522593
vt 0.349638 0.477097
vt 0.651792 0.476633
vt 0.650363 0.523163
vt 0.348185 0.477386
vt 0.651483 0.477202
vt 0.347357 0.651734
vt 0.651992 0.348363
vt 0.651736 0.652634
vt 0.349637 0.523163
vt 0.653677 0.480526
vt 0.348185 0.522614
vt 0.350329 0.477793
vt 0.651992 0.651637
vt 0.347357 0.348266
vt 0.350972 0.652919
vt 0.773230 0.857467
vt 0.833000 0.808153
vt 0.746577 0.808336
vt 0.943453 0.857424
vt 0.863749 0.808485
vt 0.917272 0.808104
vt 0.861956 0.857645
vt 0.748835 0.807856
vt 0.943357 0.857745
vt 0.892777 0.808576
vt 0.943237 0.807854
vt 0.861395 0.857657
vt 0.803932 0.808603
vt 0.747101 0.857386
vt 0.746828 0.808092
vt 0.804044 0.857810
vt 0.861197 0.808151
vt 0.918889 0.857472
vt 0.943317 0.808122
vt 0.749226 0.708923
vt 0.954982 0.746648
vt 0.940593 0.940593
vt 0.864242 0.857815
vt 0.804673 0.685830
vt 0.686019 0.858194
vt 0.833901 0.977736
vt 0.015044 0.230474
vt 0.148457 0.103587
vt 0.015256 0.103388
vt 0.282246 0.230555
vt 0.148687 0.103217
vt 0.282068 0.103469
vt 0.148608 0.230699
vt 0.015060 0.103445
vt 0.072927 0.230816
vt 0.224394 0.103358
vt 0.072866 0.103355
vt 0.224841 0.230555
vt 0.072903 0.103440
vt 0.224382 0.102881
vt 0.017467 0.091131
vt 0.148849 0.014399
vt 0.280619 0.091126
vt 0.148614 0.230795
vt 0.282004 0.102932
vt 0.016686 0.091125
vt 0.016867 0.243229
vt 0.279852 0.242754
vt 0.649646 0.261926
vt 0.354578 0.072074
vt 0.649724 0.072074
vt 0.628151 0.283605
vt 0.358082 0.053587
vt 0.645422 0.072074
vt 0.355641 0.311696
vt 0.645267 0.022882
vt 0.647645 0.295151
vt 0.358082 0.280414
vt 0.641918 0.053586
vt 0.350354 0.261926
vt 0.350276 0.072074
vt 0.354733 0.022882
vt 0.348849 0.312278
vt 0.371849 0.316724
vt 0.348849 0.021722
vt 0.371849 0.017276
vt 0.642408 0.048429
vt 0.646435 0.278943
vt 0.354722 0.284926
vt 0.644359 0.311696
vt 0.651151 0.021722
vt 0.628151 0.017276
vt 0.628151 0.045224
vt 0.357099 0.048539
vt 0.647030 0.284533
vt 0.652768 0.522593
vt 0.349638 0.477097
vt 0.651792 0.476634
vt 0.650363 0.523163
vt 0.348185 0.477386
vt 0.651483 0.477202
vt 0.347357 0.651734
vt 0.651992 0.348363
vt 0.651736 0.652634
vt 0.349908 0.522571
vt 0.651815 0.477386
vt 0.348185 0.522614
vt 0.348209 0.476633
vt 0.651992 0.651637
vt 0.347357 0.348266
vt 0.348264 0.652634
vt 0.773339 0.858142
vt 0.833000 0.808122
vt 0.746577 0.808336
vt 0.943453 0.857424
vt 0.892858 0.809079
vt 0.917376 0.808224
vt 0.861942 0.857731
vt 0.804005 0.807923
vt 0.747331 0.857755
vt 0.722683 0.808121
vt 0.892725 0.857745
vt 0.833000 0.808121
vt 0.919423 0.808336
vt 0.801523 0.857664
vt 0.748592 0.808245
vt 0.722397 0.856921
vt 0.801843 0.808422
vt 0.804065 0.857515
vt 0.892770 0.808533
vt 0.918812 0.857731
vt 0.725597 0.725597
vt 0.889464 0.696203
vt 0.940593 0.940593
vt 0.863773 0.857878
vt 0.833000 0.687646
vt 0.685126 0.802487
vt 0.836232 0.978718
vt 0.015044 0.230474
vt 0.148608 0.103301
vt 0.015256 0.103387
vt 0.282040 0.230916
vt 0.148614 0.103205
vt 0.281936 0.103437
vt 0.148457 0.230413
vt 0.015060 0.103445
vt 0.072928 0.230816
vt 0.224394 0.103358
vt 0.072866 0.103355
vt 0.224394 0.230642
vt 0.072461 0.103527
vt 0.224418 0.103181
vt 0.017467 0.091131
vt 0.148514 0.014339
vt 0.280441 0.090906
vt 0.148687 0.230783
vt 0.282213 0.103274
vt 0.016686 0.091125
vt 0.016867 0.243229
vt 0.279998 0.242546
vt 0.649646 0.261926
vt 0.354578 0.072074
vt 0.649724 0.072074
vt 0.641918 0.280414
vt 0.358082 0.053586
vt 0.645422 0.072074
vt 0.354733 0.311118
vt 0.644359 0.022304
vt 0.628151 0.316724
vt 0.371849 0.283605
vt 0.641918 0.053587
vt 0.350354 0.261926
vt 0.350276 0.072074
vt 0.355641 0.022304
vt 0.348849 0.312278
vt 0.371849 0.316724
vt 0.642901 0.048539
vt 0.352970 0.284533
vt 0.649724 0.261926
vt 0.645267 0.311118
vt 0.651151 0.021722
vt 0.628151 0.017276
vt 0.651151 0.312278
vt 0.357592 0.048429
vt 0.353565 0.278943
vt 0.645278 0.284926
vt 0.651815 0.522614
vt 0.348517 0.477202
vt 0.651791 0.476633
vt 0.650092 0.522571
vt 0.348185 0.477386
vt 0.650362 0.477097
vt 0.348008 0.651637
vt 0.652643 0.348266
vt 0.649028 0.652919
vt 0.349637 0.523163
vt 0.651815 0.477386
vt 0.347232 0.522593
vt 0.348208 0.476634
vt 0.652643 0.651734
vt 0.348008 0.348363
vt 0.348264 0.652634
vt 0.773275 0.857745
vt 0.833000 0.808121
vt 0.746577 0.808336
vt 0.943603 0.856921
vt 0.864157 0.808422
vt 0.917408 0.808245
vt 0.861935 0.857515
vt 0.773230 0.808533
vt 0.747188 0.857731
vt 0.722683 0.808122
vt 0.892661 0.858142
vt 0.833000 0.808121
vt 0.919423 0.808336
vt 0.802227 0.857878
vt 0.748624 0.808224
vt 0.722547 0.857424
vt 0.773142 0.809079
vt 0.804058 0.857731
vt 0.861995 0.807923
vt 0.918669 0.857755
vt 0.943317 0.808121
vt 0.725407 0.725407
vt 0.957366 0.748930
vt 0.940403 0.940403
vt 0.864477 0.857664
vt 0.829768 0.687282
vt 0.691914 0.774560
vt 0.833000 0.978354
vt 0.015249 0.230850
vt 0.148682 0.103289
vt 0.015391 0.103355
vt 0.282245 0.230555
vt 0.148688 0.103217
vt 0.282069 0.103469
vt 0.148609 0.230698
vt 0.015059 0.103445
vt 0.072927 0.230816
vt 0.224842 0.103445
vt 0.072866 0.103355
vt 0.224393 0.230642
vt 0.072903 0.103440
vt 0.224418 0.103181
vt 0.017467 0.091131
vt 0.148849 0.014399
vt 0.280619 0.091125
vt 0.148846 0.230519
vt 0.282212 0.103274
vt 0.016686 0.091126
vt 0.016960 0.243349
vt 0.279997 0.242546
vt 0.649646 0.261926
vt 0.354579 0.072074
vt 0.649724 0.072074
vt 0.641918 0.280414
vt 0.358082 0.053586
vt 0.355641 0.311696
vt 0.645267 0.022882
vt 0.628151 0.316724
vt 0.358082 0.280414
vt 0.628151 0.050396
vt 0.350354 0.261926
vt 0.353565 0.055057
vt 0.348849 0.021722
vt 0.371849 0.017276
vt 0.642409 0.048429
vt 0.354722 0.284926
vt 0.649724 0.261926
vt 0.644359 0.311696
vt 0.651151 0.021722
vt 0.628151 0.017276
vt 0.651151 0.312278
vt 0.647030 0.284533
vt 0.354733 0.022882
vt 0.352355 0.295151
vt 0.651815 0.522614
vt 0.348517 0.477202
vt 0.649671 0.477793
vt 0.650363 0.523163
vt 0.346323 0.480526
vt 0.650362 0.477097
vt 0.348008 0.651637
vt 0.652643 0.348266
vt 0.651736 0.652634
vt 0.349637 0.523163
vt 0.651815 0.477386
vt 0.347232 0.522593
vt 0.348208 0.476633
vt 0.652643 0.651734
vt 0.348008 0.348363
vt 0.348264 0.652634
vt 0.804605 0.857657
vt 0.862068 0.808603
vt 0.773223 0.808576
vt 0.861956 0.857810
vt 0.804803 0.808151
vt 0.919172 0.808092
vt 0.747111 0.857472
vt 0.892770 0.857467
vt 0.919423 0.808336
vt 0.801758 0.857815
vt 0.748728 0.808104
vt 0.722547 0.857424
vt 0.802251 0.808485
vt 0.804044 0.857645
vt 0.917165 0.807856
vt 0.722643 0.857745
vt 0.722763 0.807854
vt 0.918899 0.857386
vt 0.725407 0.725407
vt 0.957270 0.749026
vt 0.916774 0.957078
vt 0.832099 0.688264
vt 0.686333 0.802979
vt 0.774771 0.973577
vt 0.015044 0.230474
vt 0.148609 0.103301
vt 0.015257 0.103387
vt 0.282245 0.230555
vt 0.148846 0.103481
vt 0.282069 0.103469
vt 0.148682 0.230711
vt 0.015264 0.103084
vt 0.072467 0.230726
vt 0.224394 0.103358
vt 0.072905 0.103034
vt 0.224394 0.230642
vt 0.072903 0.103440
vt 0.224418 0.103181
vt 0.017555 0.091025
vt 0.148946 0.014235
vt 0.280619 0.091125
vt 0.148688 0.230783
vt 0.282213 0.103274
vt 0.016864 0.090906
vt 0.016868 0.243229
vt 0.279997 0.242547
vt 0.654455 0.175316
vt 0.641380 0.194412
vt 0.643639 0.156599
vt 0.632987 0.157028
vt 0.524654 0.177680
vt 0.509312 0.167000
vt 0.490028 0.177680
vt 0.520809 0.167000
vt 0.540117 0.177680
vt 0.508316 0.177680
vt 0.649719 0.207117
vt 0.533444 0.167000
vt 0.508722 0.156320
vt 0.633069 0.175722
vt 0.636369 0.213291
vt 0.643703 0.176419
vt 0.646572 0.216385
vt 0.654337 0.177116
vt 0.510116 0.156320
vt 0.541262 0.167000
vt 0.561009 0.167000
vt 0.623678 0.239630
vt 0.619602 0.225981
vt 0.631063 0.191654
vt 0.558981 0.177680
vt 0.556239 0.167000
vt 0.544338 0.156320
vt 0.579712 0.167000
vt 0.568408 0.177680
vt 0.625778 0.211338
vt 0.614633 0.253279
vt 0.628710 0.252768
vt 0.585768 0.156320
vt 0.549385 0.156320
vt 0.594358 0.177680
vt 0.622970 0.261358
vt 0.638718 0.235408
vt 0.578662 0.167000
vt 0.574088 0.156320
vt 0.602243 0.283055
vt 0.594498 0.156320
vt 0.594498 0.261498
vt 0.610880 0.241088
vt 0.597051 0.167000
vt 0.602243 0.177680
vt 0.604890 0.167000
vt 0.573949 0.177680
vt 0.584354 0.167000
vt 0.588154 0.177680
vt 0.572579 0.290707
vt 0.602243 0.156320
vt 0.568408 0.177680
vt 0.568408 0.305718
vt 0.594214 0.275922
vt 0.564577 0.295725
vt 0.573949 0.277973
vt 0.557029 0.167000
vt 0.572795 0.156320
vt 0.568408 0.305718
vt 0.568408 0.156320
vt 0.541262 0.167000
vt 0.570360 0.167000
vt 0.528095 0.308244
vt 0.542865 0.293278
vt 0.533444 0.167000
vt 0.541550 0.156320
vt 0.527412 0.308380
vt 0.530174 0.177680
vt 0.509972 0.299987
vt 0.509972 0.177680
vt 0.542865 0.177680
vt 0.507810 0.167000
vt 0.509023 0.300049
vt 0.541550 0.293724
vt 0.489884 0.177680
vt 0.489884 0.321337
vt 0.530174 0.318696
vt 0.489884 0.156320
vt 0.530174 0.156320
vt 0.482556 0.177680
vt 0.482556 0.156320
vt 0.509023 0.156320
vt 0.482556 0.299497
vt 0.489599 0.310639
vt 0.458738 0.167000
vt 0.489596 0.167000
vt 0.454369 0.303593
vt 0.490581 0.310703
vt 0.456976 0.177680
vt 0.474845 0.167000
vt 0.457135 0.293277
vt 0.453709 0.303369
vt 0.438991 0.167000
vt 0.450284 0.177680
vt 0.450551 0.167000
vt 0.457135 0.156320
vt 0.450284 0.156320
vt 0.422500 0.177680
vt 0.422500 0.301234
vt 0.450284 0.313460
vt 0.419992 0.286741
vt 0.456976 0.293224
vt 0.428365 0.167000
vt 0.433180 0.156320
vt 0.419992 0.286741
vt 0.422500 0.156320
vt 0.402949 0.167000
vt 0.420288 0.167000
vt 0.398283 0.283516
vt 0.398020 0.283286
vt 0.386183 0.254301
vt 0.399849 0.255052
vt 0.425912 0.277880
vt 0.405502 0.177680
vt 0.425912 0.177680
vt 0.408630 0.167000
vt 0.412073 0.156320
vt 0.385605 0.253515
vt 0.604890 0.167000
vt 0.586090 0.177680
vt 0.609601 0.177680
vt 0.371506 0.253090
vt 0.585679 0.167000
vt 0.581355 0.156320
vt 0.594498 0.156320
vt 0.393976 0.248355
vt 0.412073 0.267261
vt 0.377030 0.261358
vt 0.594358 0.156320
vt 0.609601 0.156320
vt 0.380531 0.226252
vt 0.588052 0.177680
vt 0.564609 0.167000
vt 0.353653 0.217048
vt 0.361766 0.205421
vt 0.550048 0.177680
vt 0.370913 0.201589
vt 0.534589 0.177680
vt 0.541447 0.167000
vt 0.559252 0.177680
vt 0.363315 0.212359
vt 0.379784 0.224736
vt 0.566791 0.156320
vt 0.510309 0.177680
vt 0.345676 0.177309
vt 0.508433 0.167000
vt 0.534589 0.156320
vt 0.356251 0.175723
vt 0.356187 0.159257
vt 0.366911 0.175421
vt 0.500000 0.156320
vt 0.520809 0.167000
vt 0.529831 0.156320
vt 0.479191 0.167000
vt 0.500000 0.167000
vt 0.346326 0.146768
vt 0.508421 0.177680
vt 0.475213 0.156320
vt 0.508722 0.156320
vt 0.368963 0.142213
vt 0.366931 0.175722
vt 0.347952 0.138594
vt 0.345000 0.167000
vt 0.471594 0.156320
vt 0.479768 0.177680
vt 0.363631 0.120709
vt 0.367503 0.149556
vt 0.458450 0.177680
vt 0.473370 0.167000
vt 0.448858 0.156320
vt 0.361713 0.128564
vt 0.356799 0.107684
vt 0.440684 0.156320
vt 0.429640 0.167000
vt 0.414071 0.177680
vt 0.450284 0.177680
vt 0.371398 0.081071
vt 0.353540 0.117284
vt 0.389120 0.092912
vt 0.373276 0.125450
vt 0.425912 0.177680
vt 0.442971 0.167000
vt 0.389816 0.091870
vt 0.376532 0.115858
vt 0.386183 0.079700
vt 0.416114 0.167000
vt 0.424870 0.156320
vt 0.412572 0.156320
vt 0.387270 0.167000
vt 0.402949 0.167000
vt 0.398020 0.177680
vt 0.398020 0.050714
vt 0.427370 0.043322
vt 0.386142 0.079662
vt 0.412300 0.066540
vt 0.412300 0.177680
vt 0.421338 0.167000
vt 0.413118 0.156320
vt 0.419991 0.047259
vt 0.398020 0.050714
vt 0.398020 0.156320
vt 0.422500 0.032766
vt 0.433180 0.177680
vt 0.442181 0.167000
vt 0.442008 0.046910
vt 0.413118 0.065823
vt 0.429975 0.029080
vt 0.429975 0.156320
vt 0.456090 0.177680
vt 0.463847 0.028205
vt 0.458738 0.167000
vt 0.451809 0.177680
vt 0.451809 0.020022
vt 0.472588 0.025620
vt 0.473370 0.167000
vt 0.442008 0.156320
vt 0.475066 0.035993
vt 0.459883 0.017282
vt 0.459883 0.156320
vt 0.479191 0.167000
vt 0.491334 0.012568
vt 0.489892 0.177680
vt 0.491334 0.177680
vt 0.475066 0.156320
vt 0.508421 0.033911
vt 0.491684 0.156320
vt 0.510400 0.023361
vt 0.517444 0.034503
vt 0.489892 0.034022
vt 0.517444 0.177680
vt 0.525155 0.167000
vt 0.508421 0.156320
vt 0.541262 0.167000
vt 0.530174 0.177680
vt 0.530174 0.015304
vt 0.546951 0.030855
vt 0.542580 0.040626
vt 0.534589 0.156320
vt 0.534589 0.037913
vt 0.511094 0.023407
vt 0.568408 0.177680
vt 0.568408 0.028282
vt 0.557029 0.167000
vt 0.547881 0.031171
vt 0.559316 0.023799
vt 0.530174 0.015304
vt 0.559316 0.156320
vt 0.530174 0.156320
vt 0.574088 0.056120
vt 0.574088 0.177680
vt 0.542580 0.177680
vt 0.584720 0.037591
vt 0.584720 0.156320
vt 0.597051 0.167000
vt 0.579712 0.167000
vt 0.581355 0.156320
vt 0.558981 0.156320
vt 0.581355 0.060976
vt 0.580826 0.047805
vt 0.558981 0.047398
vt 0.612729 0.167000
vt 0.603191 0.177680
vt 0.603191 0.051776
vt 0.607166 0.070784
vt 0.580008 0.047259
vt 0.601088 0.080015
vt 0.607625 0.071307
vt 0.390398 0.177680
vt 0.387270 0.167000
vt 0.622970 0.072642
vt 0.412300 0.177680
vt 0.427846 0.167000
vt 0.408630 0.167000
vt 0.413015 0.156320
vt 0.390398 0.156320
vt 0.420288 0.167000
vt 0.405642 0.177680
vt 0.632171 0.111169
vt 0.600460 0.079300
vt 0.433180 0.177680
vt 0.628417 0.101799
vt 0.628602 0.081071
vt 0.414071 0.156320
vt 0.438991 0.167000
vt 0.433037 0.177680
vt 0.450551 0.167000
vt 0.643201 0.107684
vt 0.440684 0.156320
vt 0.458738 0.167000
vt 0.651628 0.136483
vt 0.639430 0.100037
vt 0.472622 0.156320
vt 0.441289 0.156320
vt 0.619736 0.108290
vt 0.641108 0.138221
vt 0.626277 0.124134
vt 0.476320 0.167000
vt 0.457134 0.177680
vt 0.470169 0.156320
vt 0.479191 0.167000
vt 0.469483 0.177680
vt 0.630521 0.139622
vt 0.651765 0.137169
vt 0.520366 0.500000
vt 0.511392 0.502479
vt 0.500000 0.498747
vt 0.654253 0.511392
vt 0.649270 0.529691
vt 0.651868 0.490046
vt 0.519450 0.500000
vt 0.511348 0.497521
vt 0.490275 0.500000
vt 0.646435 0.539207
vt 0.655000 0.500000
vt 0.650507 0.481608
vt 0.540383 0.500000
vt 0.646572 0.549385
vt 0.546650 0.502479
vt 0.508557 0.502479
vt 0.538568 0.500000
vt 0.641883 0.547805
vt 0.649298 0.511348
vt 0.530517 0.497521
vt 0.559709 0.500000
vt 0.549385 0.502479
vt 0.631269 0.575821
vt 0.568582 0.497521
vt 0.577697 0.501527
vt 0.634234 0.577500
vt 0.625269 0.582010
vt 0.642276 0.546650
vt 0.582010 0.502479
vt 0.557025 0.500000
vt 0.581729 0.497521
vt 0.547805 0.497521
vt 0.625458 0.581729
vt 0.626545 0.584555
vt 0.638632 0.568582
vt 0.594983 0.500000
vt 0.610328 0.500000
vt 0.601980 0.502479
vt 0.600349 0.614426
vt 0.605736 0.501253
vt 0.584052 0.500000
vt 0.598859 0.497521
vt 0.598859 0.612442
vt 0.592261 0.620284
vt 0.615224 0.603191
vt 0.603191 0.497521
vt 0.594358 0.502479
vt 0.594415 0.622941
vt 0.616286 0.601980
vt 0.594358 0.622970
vt 0.594598 0.498473
vt 0.577754 0.501253
vt 0.566523 0.634130
vt 0.591339 0.619036
vt 0.566412 0.500000
vt 0.591027 0.501241
vt 0.564958 0.634902
vt 0.577500 0.634234
vt 0.548921 0.644117
vt 0.568094 0.638872
vt 0.568094 0.497521
vt 0.559709 0.500000
vt 0.549716 0.502479
vt 0.529393 0.646807
vt 0.529393 0.502479
vt 0.566523 0.502479
vt 0.564958 0.497521
vt 0.540117 0.497521
vt 0.510116 0.502479
vt 0.510116 0.654337
vt 0.549716 0.646460
vt 0.499972 0.651593
vt 0.520298 0.498759
vt 0.500000 0.498747
vt 0.490546 0.649422
vt 0.507995 0.500000
vt 0.491950 0.497521
vt 0.529209 0.497521
vt 0.491950 0.649514
vt 0.539562 0.649760
vt 0.529209 0.646843
vt 0.500000 0.655000
vt 0.520232 0.653674
vt 0.479634 0.500000
vt 0.489009 0.651800
vt 0.470169 0.651765
vt 0.469482 0.651628
vt 0.440997 0.639681
vt 0.453206 0.642227
vt 0.453206 0.502479
vt 0.469995 0.500000
vt 0.490546 0.502479
vt 0.461166 0.497521
vt 0.461166 0.644929
vt 0.451079 0.644117
vt 0.459617 0.500000
vt 0.431592 0.502479
vt 0.469482 0.502479
vt 0.442975 0.500000
vt 0.431766 0.638803
vt 0.431766 0.497521
vt 0.470169 0.497521
vt 0.425236 0.501241
vt 0.432382 0.633590
vt 0.404853 0.622572
vt 0.405017 0.500000
vt 0.431139 0.500000
vt 0.398283 0.616516
vt 0.431592 0.638718
vt 0.401282 0.612566
vt 0.424979 0.629940
vt 0.409286 0.500000
vt 0.432382 0.497521
vt 0.400351 0.611749
vt 0.389672 0.500000
vt 0.398283 0.502479
vt 0.394631 0.500000
vt 0.400351 0.497521
vt 0.398317 0.613256
vt 0.383945 0.602243
vt 0.405642 0.497521
vt 0.610328 0.500000
vt 0.587428 0.502479
vt 0.609601 0.502479
vt 0.372400 0.587428
vt 0.391008 0.605475
vt 0.584210 0.502479
vt 0.605369 0.500000
vt 0.606095 0.502479
vt 0.590714 0.500000
vt 0.606095 0.497521
vt 0.375700 0.583462
vt 0.602243 0.497521
vt 0.578014 0.500000
vt 0.367963 0.574544
vt 0.362080 0.570025
vt 0.570025 0.497521
vt 0.559510 0.501253
vt 0.356799 0.559316
vt 0.358941 0.555737
vt 0.557250 0.501415
vt 0.574507 0.500000
vt 0.557418 0.497521
vt 0.583462 0.497521
vt 0.361380 0.557418
vt 0.348372 0.530518
vt 0.346453 0.520617
vt 0.350281 0.540117
vt 0.540248 0.498747
vt 0.530518 0.502479
vt 0.529209 0.497521
vt 0.353157 0.529209
vt 0.348132 0.509954
vt 0.489884 0.502479
vt 0.345663 0.489884
vt 0.348064 0.508917
vt 0.491444 0.502479
vt 0.528877 0.502479
vt 0.349959 0.500000
vt 0.345663 0.489884
vt 0.489884 0.497521
vt 0.520232 0.497521
vt 0.350730 0.470308
vt 0.353157 0.470791
vt 0.350527 0.471328
vt 0.489817 0.500000
vt 0.453047 0.502479
vt 0.470285 0.500000
vt 0.440291 0.500000
vt 0.450284 0.502479
vt 0.363827 0.432026
vt 0.357827 0.453047
vt 0.442804 0.498921
vt 0.470791 0.497521
vt 0.367470 0.426356
vt 0.353540 0.450284
vt 0.415571 0.502479
vt 0.370396 0.415571
vt 0.353540 0.450284
vt 0.425269 0.501079
vt 0.376294 0.415650
vt 0.361380 0.442582
vt 0.370591 0.415280
vt 0.415280 0.497521
vt 0.450284 0.497521
vt 0.387211 0.401537
vt 0.370060 0.424979
vt 0.415650 0.497521
vt 0.411992 0.500000
vt 0.396927 0.502479
vt 0.396927 0.384673
vt 0.392783 0.392750
vt 0.401537 0.502479
vt 0.394631 0.500000
vt 0.399098 0.386060
vt 0.390039 0.498747
vt 0.408661 0.380964
vt 0.408941 0.501368
vt 0.405017 0.500000
vt 0.432686 0.363501
vt 0.424979 0.497521
vt 0.401283 0.497521
vt 0.424979 0.370060
vt 0.401283 0.387434
vt 0.431754 0.363961
vt 0.415570 0.370396
vt 0.415570 0.497521
vt 0.430185 0.500000
vt 0.451874 0.358225
vt 0.459617 0.500000
vt 0.469826 0.348304
vt 0.431592 0.361282
vt 0.451874 0.502479
vt 0.461432 0.500000
vt 0.451874 0.497521
vt 0.478908 0.346610
vt 0.451809 0.353022
vt 0.451809 0.497521
vt 0.479634 0.500000
vt 0.469826 0.502479
vt 0.480416 0.502479
vt 0.480473 0.498585
vt 0.489009 0.348200
vt 0.509219 0.348083
vt 0.470308 0.350730
vt 0.480416 0.351242
vt 0.500000 0.500000
vt 0.479768 0.497521
vt 0.519450 0.500000
vt 0.510130 0.497521
vt 0.510130 0.350623
vt 0.529692 0.350730
vt 0.510465 0.345686
vt 0.549385 0.353428
vt 0.510116 0.345663
vt 0.556720 0.359382
vt 0.511534 0.350715
vt 0.511534 0.502479
vt 0.538670 0.499045
vt 0.548505 0.497521
vt 0.530374 0.500000
vt 0.510465 0.497521
vt 0.549385 0.502479
vt 0.566220 0.365720
vt 0.538833 0.355071
vt 0.577500 0.502479
vt 0.577500 0.365766
vt 0.583336 0.502479
vt 0.548447 0.502479
vt 0.577720 0.498585
vt 0.599795 0.385089
vt 0.583336 0.375616
vt 0.591027 0.498759
vt 0.566220 0.497521
vt 0.605369 0.500000
vt 0.613493 0.402340
vt 0.577953 0.369958
vt 0.591339 0.380964
vt 0.602243 0.497521
vt 0.389672 0.500000
vt 0.405333 0.501253
vt 0.390398 0.502479
vt 0.622970 0.405642
vt 0.601980 0.383714
vt 0.626545 0.415445
vt 0.613717 0.402595
vt 0.413007 0.497521
vt 0.390398 0.497521
vt 0.638563 0.431278
vt 0.402595 0.502479
vt 0.432679 0.500000
vt 0.400655 0.500000
vt 0.402340 0.497521
vt 0.636499 0.432686
vt 0.614426 0.399651
vt 0.627891 0.413007
vt 0.644117 0.451079
vt 0.635052 0.435346
vt 0.440462 0.498921
vt 0.421987 0.500000
vt 0.469635 0.502479
vt 0.431278 0.502479
vt 0.651658 0.469635
vt 0.435346 0.502479
vt 0.461432 0.500000
vt 0.435179 0.497521
vt 0.647118 0.472171
vt 0.634970 0.435179
vt 0.651696 0.469826
vt 0.643201 0.440684
vt 0.646909 0.471123
vt 0.472171 0.497521
vt 0.479634 0.500000
vt 0.471123 0.502479
vt 0.469826 0.497521
vt 0.759417 0.250476
vt 0.750000 0.250833
vt 0.750000 0.249579
vt 0.820334 0.250000
vt 0.820971 0.259343
vt 0.821304 0.241335
vt 0.822000 0.250000
vt 0.818894 0.269824
vt 0.821526 0.252080
vt 0.821384 0.259398
vt 0.820076 0.253932
vt 0.768160 0.250421
vt 0.759155 0.249637
vt 0.753932 0.250833
vt 0.816025 0.273838
vt 0.819732 0.259180
vt 0.759398 0.249167
vt 0.768673 0.249524
vt 0.777628 0.250363
vt 0.768635 0.250833
vt 0.811351 0.287047
vt 0.816519 0.277553
vt 0.814980 0.276916
vt 0.776916 0.250833
vt 0.785069 0.250363
vt 0.773805 0.249374
vt 0.807736 0.292434
vt 0.816877 0.275450
vt 0.786086 0.249583
vt 0.777553 0.249167
vt 0.793935 0.250421
vt 0.786000 0.250833
vt 0.805799 0.292816
vt 0.810911 0.285167
vt 0.797879 0.303571
vt 0.807121 0.293831
vt 0.797188 0.303072
vt 0.792816 0.250833
vt 0.799596 0.250363
vt 0.790130 0.249441
vt 0.795284 0.303635
vt 0.807548 0.290199
vt 0.793831 0.249167
vt 0.801005 0.249487
vt 0.793960 0.249679
vt 0.797879 0.250833
vt 0.788992 0.308355
vt 0.799733 0.299733
vt 0.786097 0.250363
vt 0.779032 0.315619
vt 0.788992 0.250833
vt 0.785082 0.249579
vt 0.795226 0.249397
vt 0.785167 0.310911
vt 0.796201 0.303937
vt 0.784992 0.312665
vt 0.793831 0.307121
vt 0.772577 0.317283
vt 0.776850 0.250421
vt 0.776916 0.314980
vt 0.777628 0.249637
vt 0.786000 0.249167
vt 0.768679 0.250421
vt 0.777553 0.250833
vt 0.768635 0.319547
vt 0.768160 0.249579
vt 0.776916 0.249167
vt 0.763663 0.320478
vt 0.777553 0.316519
vt 0.759398 0.321384
vt 0.768204 0.250833
vt 0.759155 0.250363
vt 0.768204 0.317937
vt 0.751828 0.321583
vt 0.763050 0.249167
vt 0.759420 0.250417
vt 0.750000 0.249167
vt 0.750000 0.322000
vt 0.736285 0.319705
vt 0.753928 0.320714
vt 0.740842 0.250417
vt 0.752978 0.249445
vt 0.752978 0.320138
vt 0.736595 0.319658
vt 0.740583 0.249524
vt 0.750000 0.250421
vt 0.731315 0.249637
vt 0.735984 0.250833
vt 0.731847 0.249637
vt 0.740820 0.249167
vt 0.722390 0.250476
vt 0.722447 0.316519
vt 0.735984 0.320465
vt 0.731796 0.250833
vt 0.723157 0.250378
vt 0.718367 0.312654
vt 0.731796 0.317937
vt 0.721747 0.316006
vt 0.731365 0.319547
vt 0.714000 0.312354
vt 0.718591 0.313691
vt 0.714833 0.310911
vt 0.723084 0.314980
vt 0.722447 0.249167
vt 0.713923 0.250460
vt 0.706429 0.306783
vt 0.707287 0.250421
vt 0.718367 0.249167
vt 0.714899 0.250513
vt 0.706900 0.306168
vt 0.714000 0.249167
vt 0.706051 0.249638
vt 0.699088 0.250833
vt 0.706169 0.250833
vt 0.698177 0.299448
vt 0.707184 0.305799
vt 0.700400 0.249622
vt 0.707184 0.249167
vt 0.699088 0.300912
vt 0.706169 0.307121
vt 0.793935 0.250421
vt 0.800912 0.250833
vt 0.801016 0.249524
vt 0.696382 0.296565
vt 0.690313 0.289990
vt 0.687646 0.286000
vt 0.692879 0.293831
vt 0.689089 0.285167
vt 0.696752 0.295725
vt 0.795725 0.250833
vt 0.785082 0.250421
vt 0.792711 0.249583
vt 0.686763 0.280450
vt 0.694201 0.292816
vt 0.683481 0.277553
vt 0.686095 0.280974
vt 0.685020 0.276916
vt 0.776856 0.250460
vt 0.780450 0.249167
vt 0.789990 0.249167
vt 0.777619 0.250421
vt 0.786074 0.250476
vt 0.680453 0.268635
vt 0.681698 0.268301
vt 0.768159 0.249583
vt 0.680404 0.263148
vt 0.683779 0.277944
vt 0.768673 0.249524
vt 0.759420 0.250421
vt 0.678616 0.259398
vt 0.755925 0.250626
vt 0.678643 0.258228
vt 0.750000 0.249679
vt 0.759180 0.249167
vt 0.750000 0.249637
vt 0.759398 0.249167
vt 0.740580 0.250417
vt 0.678177 0.250665
vt 0.680268 0.240820
vt 0.680055 0.255936
vt 0.740840 0.250460
vt 0.679666 0.250000
vt 0.679107 0.239237
vt 0.678000 0.250000
vt 0.681235 0.229596
vt 0.680695 0.235447
vt 0.678616 0.240602
vt 0.731841 0.249583
vt 0.740602 0.249167
vt 0.731315 0.249638
vt 0.722372 0.250362
vt 0.731365 0.250833
vt 0.723159 0.250363
vt 0.685020 0.223084
vt 0.682063 0.231796
vt 0.684639 0.220814
vt 0.680453 0.231365
vt 0.690637 0.209523
vt 0.683481 0.222447
vt 0.690724 0.211241
vt 0.714918 0.249579
vt 0.723085 0.249167
vt 0.689089 0.214833
vt 0.713923 0.249540
vt 0.706065 0.249579
vt 0.709523 0.250833
vt 0.714833 0.250833
vt 0.707302 0.250363
vt 0.697129 0.203844
vt 0.696608 0.203177
vt 0.687646 0.214000
vt 0.698966 0.250417
vt 0.705433 0.193822
vt 0.700267 0.200267
vt 0.694201 0.207184
vt 0.700400 0.250378
vt 0.703844 0.249167
vt 0.707184 0.194201
vt 0.699088 0.249167
vt 0.713906 0.250378
vt 0.706169 0.250833
vt 0.717500 0.187116
vt 0.714899 0.249487
vt 0.707274 0.250476
vt 0.714833 0.189089
vt 0.700006 0.198417
vt 0.715286 0.187272
vt 0.706169 0.192879
vt 0.723626 0.183194
vt 0.714000 0.187646
vt 0.723150 0.250421
vt 0.722390 0.249524
vt 0.731315 0.250363
vt 0.722447 0.250833
vt 0.723084 0.185020
vt 0.726891 0.183728
vt 0.735334 0.180512
vt 0.722447 0.183481
vt 0.740602 0.178616
vt 0.731365 0.180453
vt 0.740820 0.180268
vt 0.731796 0.182063
vt 0.731847 0.250363
vt 0.746137 0.249167
vt 0.726891 0.249167
vt 0.746182 0.179083
vt 0.750000 0.179666
vt 0.750000 0.250378
vt 0.740839 0.250476
vt 0.746137 0.179645
vt 0.735401 0.179651
vt 0.755964 0.249465
vt 0.740582 0.250460
vt 0.735401 0.249167
vt 0.760991 0.179236
vt 0.750000 0.178000
vt 0.759180 0.180268
vt 0.759160 0.249540
vt 0.763378 0.180255
vt 0.755948 0.178390
vt 0.768675 0.249540
vt 0.759398 0.250833
vt 0.768160 0.250421
vt 0.759180 0.250833
vt 0.768635 0.180453
vt 0.777610 0.250476
vt 0.768635 0.250833
vt 0.769901 0.181013
vt 0.768204 0.182063
vt 0.772560 0.183541
vt 0.778869 0.184446
vt 0.777553 0.183481
vt 0.787137 0.188710
vt 0.785167 0.189089
vt 0.776916 0.185020
vt 0.785090 0.250460
vt 0.772560 0.249167
vt 0.776850 0.250417
vt 0.788859 0.191557
vt 0.793945 0.250378
vt 0.792687 0.250321
vt 0.788859 0.249167
vt 0.794669 0.193923
vt 0.786000 0.187646
vt 0.801606 0.200193
vt 0.793831 0.192879
vt 0.801813 0.202638
vt 0.792816 0.194201
vt 0.799733 0.249167
vt 0.799733 0.200267
vt 0.801016 0.249524
vt 0.706065 0.250421
vt 0.698984 0.249524
vt 0.707302 0.249637
vt 0.700267 0.249167
vt 0.702707 0.250598
vt 0.806753 0.206452
vt 0.800912 0.199088
vt 0.812354 0.214000
vt 0.807121 0.206169
vt 0.815934 0.221622
vt 0.714919 0.250417
vt 0.810911 0.214833
vt 0.805799 0.207184
vt 0.706169 0.249167
vt 0.816458 0.227440
vt 0.723135 0.249487
vt 0.714833 0.249167
vt 0.814980 0.223084
vt 0.812548 0.214717
vt 0.722381 0.249579
vt 0.713934 0.250513
vt 0.722447 0.250833
vt 0.819650 0.236146
vt 0.727440 0.250833
vt 0.819097 0.231485
vt 0.816519 0.222447
vt 0.821384 0.240602
vt 0.819547 0.231365
vt 0.819732 0.240820
vt 0.817937 0.231796
vt 0.740602 0.249167
vt 0.731365 0.249167
vt 0.750000 0.249540
vt 0.740820 0.249167
vt 0.740583 0.250476
vt 0.511392 0.177680
vt 0.489595 0.167000
vt 0.524654 0.177680
vt 0.491579 0.177680
vt 0.646049 0.217928
vt 0.654253 0.178392
vt 0.632513 0.221918
vt 0.542037 0.167000
vt 0.636685 0.212359
vt 0.643442 0.167027
vt 0.550928 0.177680
vt 0.623468 0.218142
vt 0.551142 0.177680
vt 0.566963 0.156320
vt 0.530518 0.156320
vt 0.627891 0.253993
vt 0.573171 0.177680
vt 0.572933 0.156320
vt 0.543151 0.156320
vt 0.626180 0.210151
vt 0.619741 0.247008
vt 0.639430 0.233963
vt 0.597051 0.167000
vt 0.586993 0.177680
vt 0.601448 0.268410
vt 0.611493 0.240171
vt 0.616286 0.268980
vt 0.601980 0.156320
vt 0.612730 0.167000
vt 0.600887 0.284244
vt 0.587927 0.177680
vt 0.572886 0.167000
vt 0.588053 0.156320
vt 0.588053 0.267151
vt 0.611652 0.239933
vt 0.600887 0.177680
vt 0.554938 0.299565
vt 0.559252 0.286469
vt 0.587927 0.267261
vt 0.557589 0.167000
vt 0.585016 0.167000
vt 0.566820 0.282736
vt 0.554939 0.299564
vt 0.584430 0.296604
vt 0.584430 0.156320
vt 0.568094 0.177680
vt 0.543151 0.293180
vt 0.534589 0.296087
vt 0.524543 0.167000
vt 0.543151 0.156320
vt 0.510116 0.321337
vt 0.540117 0.316718
vt 0.509419 0.310703
vt 0.510273 0.156320
vt 0.510273 0.299967
vt 0.508723 0.310749
vt 0.489884 0.321337
vt 0.489884 0.156320
vt 0.510116 0.177680
vt 0.462901 0.305562
vt 0.473984 0.297792
vt 0.508722 0.300069
vt 0.473984 0.177680
vt 0.490067 0.167000
vt 0.508722 0.177680
vt 0.473984 0.156320
vt 0.473984 0.297792
vt 0.449952 0.177680
vt 0.449952 0.313347
vt 0.439624 0.177680
vt 0.428365 0.167000
vt 0.458553 0.167000
vt 0.439624 0.156320
vt 0.460600 0.304949
vt 0.418595 0.285808
vt 0.392375 0.262693
vt 0.412073 0.267261
vt 0.585929 0.177680
vt 0.581355 0.177680
vt 0.585016 0.167000
vt 0.594498 0.177680
vt 0.390619 0.260691
vt 0.586090 0.156320
vt 0.371398 0.252929
vt 0.370840 0.230695
vt 0.380531 0.226252
vt 0.353653 0.217048
vt 0.370405 0.229812
vt 0.550048 0.177680
vt 0.369208 0.193016
vt 0.380398 0.225981
vt 0.526016 0.177680
vt 0.558981 0.177680
vt 0.559252 0.156320
vt 0.358756 0.195095
vt 0.550048 0.156320
vt 0.345676 0.177309
vt 0.357585 0.184404
vt 0.345676 0.177309
vt 0.510309 0.156320
vt 0.357942 0.147228
vt 0.510404 0.167000
vt 0.348235 0.137169
vt 0.358756 0.138905
vt 0.366931 0.158278
vt 0.366931 0.175722
vt 0.348235 0.137169
vt 0.470169 0.177680
vt 0.373223 0.125607
vt 0.458607 0.177680
vt 0.491278 0.177680
vt 0.458607 0.156320
vt 0.440684 0.177680
vt 0.370405 0.104188
vt 0.360640 0.099896
vt 0.432896 0.156320
vt 0.470169 0.156320
vt 0.438991 0.167000
vt 0.388424 0.093954
vt 0.426954 0.177680
vt 0.441623 0.167000
vt 0.425912 0.156320
vt 0.389120 0.092912
vt 0.375738 0.095232
vt 0.412732 0.177680
vt 0.372293 0.079732
vt 0.390619 0.073309
vt 0.405642 0.156320
vt 0.397757 0.050945
vt 0.405502 0.177680
vt 0.414984 0.167000
vt 0.405047 0.058727
vt 0.377030 0.072642
vt 0.397757 0.177680
vt 0.427421 0.043293
vt 0.405502 0.072502
vt 0.412073 0.156320
vt 0.431592 0.177680
vt 0.431592 0.028282
vt 0.441019 0.156320
vt 0.441019 0.047398
vt 0.412073 0.066739
vt 0.456090 0.177680
vt 0.442971 0.167000
vt 0.426163 0.177680
vt 0.471905 0.025756
vt 0.445044 0.034378
vt 0.471406 0.177680
vt 0.482556 0.177680
vt 0.475346 0.035937
vt 0.498939 0.023577
vt 0.500000 0.012000
vt 0.471406 0.014990
vt 0.509419 0.023297
vt 0.482556 0.034503
vt 0.475346 0.156320
vt 0.509972 0.034013
vt 0.500000 0.177680
vt 0.553670 0.033942
vt 0.542580 0.040626
vt 0.510108 0.034022
vt 0.546291 0.030631
vt 0.530174 0.177680
vt 0.566820 0.051264
vt 0.566820 0.177680
vt 0.558377 0.167000
vt 0.542580 0.177680
vt 0.574227 0.156320
vt 0.543151 0.040820
vt 0.579190 0.046712
vt 0.584720 0.037591
vt 0.593691 0.057619
vt 0.588053 0.177680
vt 0.603336 0.177680
vt 0.574227 0.056213
vt 0.607166 0.070784
vt 0.603336 0.051903
vt 0.619354 0.086412
vt 0.588053 0.066849
vt 0.405502 0.177680
vt 0.413242 0.156320
vt 0.415410 0.177680
vt 0.601287 0.080242
vt 0.632171 0.111169
vt 0.628796 0.081362
vt 0.414362 0.156320
vt 0.646460 0.117283
vt 0.629497 0.082410
vt 0.638548 0.129848
vt 0.611048 0.093163
vt 0.457293 0.177680
vt 0.457719 0.167000
vt 0.450283 0.177680
vt 0.651628 0.136483
vt 0.479768 0.177680
vt 0.483134 0.167000
vt 0.653674 0.146768
vt 0.633089 0.158579
vt 0.655000 0.167000
vt 0.469483 0.156320
vt 0.490208 0.502479
vt 0.520307 0.498921
vt 0.490233 0.497521
vt 0.540117 0.502479
vt 0.509767 0.502479
vt 0.649250 0.541087
vt 0.650565 0.518400
vt 0.654360 0.509767
vt 0.546473 0.497521
vt 0.509792 0.497521
vt 0.642336 0.546473
vt 0.651868 0.509954
vt 0.649400 0.509792
vt 0.653674 0.520232
vt 0.646777 0.529541
vt 0.565109 0.502479
vt 0.529541 0.502479
vt 0.577730 0.498632
vt 0.569853 0.502479
vt 0.566677 0.500000
vt 0.581729 0.497521
vt 0.625458 0.581729
vt 0.643547 0.550602
vt 0.549385 0.497521
vt 0.616516 0.601717
vt 0.618755 0.594260
vt 0.638005 0.569853
vt 0.597545 0.502479
vt 0.601717 0.502479
vt 0.600030 0.497521
vt 0.600030 0.611415
vt 0.625967 0.585419
vt 0.594358 0.497521
vt 0.594667 0.501253
vt 0.613594 0.597545
vt 0.591339 0.502479
vt 0.597278 0.500000
vt 0.568408 0.638718
vt 0.583690 0.627123
vt 0.566677 0.500000
vt 0.575021 0.497521
vt 0.575021 0.629940
vt 0.583690 0.627123
vt 0.569555 0.497521
vt 0.601717 0.497521
vt 0.568408 0.502479
vt 0.578013 0.500000
vt 0.548224 0.644354
vt 0.531429 0.502479
vt 0.564654 0.502479
vt 0.529715 0.500000
vt 0.546650 0.497521
vt 0.509792 0.649400
vt 0.546650 0.642276
vt 0.528594 0.500000
vt 0.500000 0.501241
vt 0.491764 0.502479
vt 0.528877 0.502479
vt 0.509792 0.497521
vt 0.491084 0.651936
vt 0.508316 0.654455
vt 0.540500 0.649690
vt 0.479768 0.653674
vt 0.508916 0.651936
vt 0.471328 0.649473
vt 0.491764 0.649502
vt 0.472320 0.497521
vt 0.508316 0.497521
vt 0.479701 0.501241
vt 0.461286 0.501368
vt 0.480550 0.500000
vt 0.472320 0.647148
vt 0.443031 0.640464
vt 0.450284 0.646460
vt 0.433347 0.636825
vt 0.442758 0.498632
vt 0.442582 0.638620
vt 0.431418 0.497521
vt 0.469482 0.497521
vt 0.440291 0.500000
vt 0.414232 0.502479
vt 0.450284 0.502479
vt 0.414232 0.628710
vt 0.400433 0.615111
vt 0.408661 0.619036
vt 0.435179 0.634970
vt 0.408661 0.502479
vt 0.417389 0.500000
vt 0.435179 0.502479
vt 0.399098 0.613940
vt 0.431418 0.638632
vt 0.413502 0.500000
vt 0.388857 0.607336
vt 0.387658 0.598972
vt 0.416820 0.497521
vt 0.387658 0.598972
vt 0.416820 0.624488
vt 0.398020 0.497521
vt 0.371506 0.586090
vt 0.398020 0.616286
vt 0.586090 0.497521
vt 0.609601 0.497521
vt 0.365720 0.566220
vt 0.566220 0.502479
vt 0.598972 0.502479
vt 0.566388 0.497521
vt 0.598972 0.497521
vt 0.365803 0.566388
vt 0.559512 0.501241
vt 0.585929 0.502479
vt 0.363501 0.567314
vt 0.371398 0.585929
vt 0.353653 0.550048
vt 0.350874 0.530414
vt 0.565766 0.500000
vt 0.353223 0.529541
vt 0.347171 0.522791
vt 0.348132 0.509954
vt 0.528594 0.500000
vt 0.550048 0.497521
vt 0.500000 0.501253
vt 0.531754 0.502479
vt 0.345000 0.500000
vt 0.348618 0.531754
vt 0.349642 0.480234
vt 0.353091 0.528877
vt 0.500000 0.501415
vt 0.490395 0.497521
vt 0.529541 0.497521
vt 0.350588 0.490395
vt 0.491161 0.497521
vt 0.348236 0.470169
vt 0.353866 0.459747
vt 0.345579 0.491161
vt 0.358116 0.452195
vt 0.451809 0.497521
vt 0.448235 0.500000
vt 0.433209 0.502479
vt 0.470169 0.502479
vt 0.360485 0.433209
vt 0.363827 0.432026
vt 0.352915 0.472005
vt 0.442804 0.501079
vt 0.472005 0.502479
vt 0.375324 0.417102
vt 0.416976 0.497521
vt 0.452195 0.497521
vt 0.375408 0.416976
vt 0.371398 0.414071
vt 0.353022 0.451809
vt 0.414071 0.497521
vt 0.421987 0.500000
vt 0.398020 0.502479
vt 0.383714 0.398020
vt 0.392750 0.392783
vt 0.401283 0.387434
vt 0.401283 0.502479
vt 0.400655 0.500000
vt 0.417102 0.502479
vt 0.401283 0.387434
vt 0.374033 0.414581
vt 0.399651 0.385574
vt 0.405374 0.501415
vt 0.396545 0.500000
vt 0.405642 0.377030
vt 0.431095 0.364286
vt 0.425269 0.498921
vt 0.409286 0.500000
vt 0.401283 0.497521
vt 0.433347 0.363175
vt 0.432739 0.360717
vt 0.399231 0.382652
vt 0.399231 0.497521
vt 0.429511 0.500000
vt 0.450562 0.500000
vt 0.453206 0.357773
vt 0.433209 0.502479
vt 0.433209 0.360485
vt 0.468568 0.351076
vt 0.435346 0.364948
vt 0.469826 0.348304
vt 0.432739 0.497521
vt 0.470169 0.502479
vt 0.472503 0.502479
vt 0.480550 0.500000
vt 0.453206 0.497521
vt 0.508839 0.502479
vt 0.470169 0.348235
vt 0.508183 0.348016
vt 0.472503 0.352816
vt 0.490208 0.497521
vt 0.508508 0.497521
vt 0.469826 0.497521
vt 0.510130 0.502479
vt 0.519517 0.498759
vt 0.519584 0.351242
vt 0.482679 0.349376
vt 0.490208 0.350600
vt 0.511994 0.500000
vt 0.540267 0.501079
vt 0.508839 0.345579
vt 0.548224 0.355646
vt 0.510130 0.350623
vt 0.548304 0.502479
vt 0.530711 0.350933
vt 0.548340 0.353073
vt 0.508508 0.345558
vt 0.548340 0.497521
vt 0.568094 0.361128
vt 0.540117 0.350281
vt 0.557025 0.500000
vt 0.538701 0.498759
vt 0.565916 0.365570
vt 0.567314 0.363501
vt 0.568094 0.502479
vt 0.584554 0.373455
vt 0.548304 0.358286
vt 0.574507 0.500000
vt 0.584590 0.497521
vt 0.594670 0.501241
vt 0.594358 0.377030
vt 0.591339 0.497521
vt 0.565916 0.497521
vt 0.606215 0.391792
vt 0.584590 0.370503
vt 0.613740 0.398870
vt 0.606095 0.393905
vt 0.583180 0.375512
vt 0.606095 0.502479
vt 0.598042 0.500000
vt 0.583180 0.502479
vt 0.612566 0.401283
vt 0.609601 0.390398
vt 0.609964 0.498759
vt 0.393905 0.502479
vt 0.394631 0.500000
vt 0.401283 0.497521
vt 0.405017 0.500000
vt 0.422210 0.501079
vt 0.398283 0.502479
vt 0.616516 0.398283
vt 0.625458 0.418271
vt 0.418271 0.502479
vt 0.425233 0.498747
vt 0.636499 0.432686
vt 0.628602 0.414071
vt 0.646347 0.449952
vt 0.634234 0.422500
vt 0.442975 0.500000
vt 0.646460 0.450283
vt 0.450283 0.497521
vt 0.414071 0.497521
vt 0.449952 0.502479
vt 0.440291 0.500000
vt 0.451874 0.502479
vt 0.453350 0.497521
vt 0.479702 0.501253
vt 0.653674 0.479768
vt 0.649473 0.471328
vt 0.649400 0.490208
vt 0.641775 0.451874
vt 0.480476 0.498632
vt 0.648758 0.480416
vt 0.649270 0.470308
vt 0.642276 0.453350
vt 0.654360 0.490233
vt 0.759420 0.250417
vt 0.750000 0.249524
vt 0.759158 0.249579
vt 0.745498 0.249167
vt 0.753012 0.250556
vt 0.820039 0.245498
vt 0.820904 0.260584
vt 0.820858 0.239655
vt 0.818486 0.270567
vt 0.821732 0.251175
vt 0.820136 0.253012
vt 0.772643 0.250833
vt 0.768679 0.249579
vt 0.779599 0.249443
vt 0.813635 0.279642
vt 0.817937 0.268204
vt 0.816005 0.278255
vt 0.819547 0.268635
vt 0.812354 0.286000
vt 0.806513 0.293931
vt 0.816430 0.272643
vt 0.785061 0.250321
vt 0.786074 0.249524
vt 0.793960 0.249679
vt 0.792816 0.249167
vt 0.806130 0.293070
vt 0.801032 0.250421
vt 0.793831 0.250833
vt 0.799596 0.250363
vt 0.792736 0.250513
vt 0.800497 0.301163
vt 0.792872 0.307561
vt 0.800912 0.300912
vt 0.793935 0.249579
vt 0.800912 0.249167
vt 0.786098 0.250363
vt 0.785069 0.249637
vt 0.795208 0.249374
vt 0.795260 0.303656
vt 0.785768 0.311951
vt 0.786000 0.312354
vt 0.769124 0.319331
vt 0.776850 0.250421
vt 0.771935 0.316671
vt 0.777610 0.249524
vt 0.768679 0.249579
vt 0.760209 0.321068
vt 0.768160 0.250421
vt 0.771935 0.249167
vt 0.772367 0.317402
vt 0.759420 0.249579
vt 0.759158 0.249579
vt 0.750653 0.321717
vt 0.750000 0.250421
vt 0.753260 0.250833
vt 0.735983 0.320465
vt 0.753260 0.320426
vt 0.740842 0.250421
vt 0.740820 0.319732
vt 0.750000 0.320334
vt 0.731321 0.249579
vt 0.735983 0.250833
vt 0.731841 0.249583
vt 0.728793 0.317507
vt 0.740602 0.321384
vt 0.722375 0.249622
vt 0.722628 0.316081
vt 0.734838 0.319208
vt 0.718283 0.313539
vt 0.714000 0.250833
vt 0.714907 0.249524
vt 0.723084 0.249167
vt 0.706064 0.250417
vt 0.713914 0.249583
vt 0.707289 0.250417
vt 0.706458 0.306745
vt 0.697028 0.297092
vt 0.713146 0.311562
vt 0.700387 0.249579
vt 0.700267 0.299733
vt 0.690262 0.289915
vt 0.799733 0.250833
vt 0.792698 0.250363
vt 0.799613 0.249579
vt 0.698249 0.299605
vt 0.793935 0.249579
vt 0.801033 0.250417
vt 0.777619 0.250421
vt 0.789915 0.250833
vt 0.786074 0.249524
vt 0.780450 0.250833
vt 0.776850 0.249579
vt 0.683463 0.276470
vt 0.680856 0.268527
vt 0.686309 0.281409
vt 0.768153 0.250363
vt 0.681183 0.263778
vt 0.768680 0.249583
vt 0.680268 0.259180
vt 0.682063 0.268204
vt 0.678696 0.258665
vt 0.678271 0.248256
vt 0.679290 0.253881
vt 0.750000 0.249487
vt 0.763778 0.249167
vt 0.759163 0.250513
vt 0.740577 0.250363
vt 0.740842 0.250421
vt 0.679380 0.238832
vt 0.682877 0.226952
vt 0.731840 0.250421
vt 0.735505 0.249167
vt 0.731321 0.250421
vt 0.685862 0.217618
vt 0.723159 0.249637
vt 0.681325 0.235505
vt 0.681235 0.229595
vt 0.722372 0.249637
vt 0.717618 0.250833
vt 0.723085 0.250833
vt 0.714931 0.250363
vt 0.691009 0.210723
vt 0.706051 0.249637
vt 0.692457 0.207088
vt 0.698195 0.202628
vt 0.707298 0.249622
vt 0.698968 0.250421
vt 0.705133 0.194140
vt 0.703229 0.197668
vt 0.700823 0.197998
vt 0.692879 0.206169
vt 0.699088 0.249167
vt 0.713915 0.249579
vt 0.718959 0.187055
vt 0.703229 0.249167
vt 0.718156 0.186524
vt 0.722388 0.249540
vt 0.718975 0.250833
vt 0.718959 0.250833
vt 0.723150 0.249579
vt 0.731315 0.250363
vt 0.718975 0.185193
vt 0.739078 0.179189
vt 0.731835 0.250476
vt 0.732203 0.180466
vt 0.740845 0.250363
vt 0.736394 0.249167
vt 0.740585 0.249487
vt 0.740602 0.250833
vt 0.754590 0.179967
vt 0.750000 0.249679
vt 0.736394 0.181148
vt 0.753818 0.179083
vt 0.773733 0.182184
vt 0.754645 0.179138
vt 0.759398 0.178616
vt 0.772245 0.182583
vt 0.754590 0.250833
vt 0.772827 0.182754
vt 0.754789 0.178314
vt 0.754789 0.249167
vt 0.768679 0.249579
vt 0.773733 0.250833
vt 0.768153 0.249638
vt 0.781633 0.187346
vt 0.786085 0.249579
vt 0.785767 0.188049
vt 0.781633 0.249167
vt 0.793925 0.249540
vt 0.795660 0.196694
vt 0.792698 0.249637
vt 0.789857 0.191223
vt 0.801034 0.250417
vt 0.803618 0.203435
vt 0.795283 0.194646
vt 0.707184 0.250833
vt 0.700387 0.249579
vt 0.700267 0.250833
vt 0.702629 0.249167
vt 0.706075 0.250460
vt 0.714918 0.250421
vt 0.707287 0.249579
vt 0.812654 0.218367
vt 0.804017 0.202629
vt 0.713934 0.249487
vt 0.722366 0.250321
vt 0.818853 0.229794
vt 0.811753 0.213373
vt 0.819530 0.235989
vt 0.731835 0.249524
vt 0.718367 0.249167
vt 0.815647 0.221257
vt 0.731310 0.249679
vt 0.722447 0.249167
vt 0.740580 0.250421
vt 0.079796 0.319576
vt 0.012483 0.014424
vt 0.079803 0.014424
vt 0.061955 0.321245
vt 0.030325 0.012755
vt 0.062659 0.014424
vt 0.012879 0.183014
vt 0.079318 0.150934
vt 0.077855 0.183520
vt 0.030325 0.321245
vt 0.061955 0.012755
vt 0.029620 0.014424
vt 0.012483 0.319576
vt 0.079796 0.014424
vt 0.012476 0.014424
vt 0.012879 0.150986
vt 0.012348 0.183118
vt 0.014424 0.183520
vt 0.012348 0.150882
vt 0.014424 0.150480
vt 0.014424 0.012000
vt 0.079559 0.012383
vt 0.077855 0.322000
vt 0.012720 0.321617
vt 0.063136 0.319576
vt 0.079400 0.183014
vt 0.079932 0.150882
vt 0.077855 0.150480
vt 0.079932 0.183118
vt 0.077855 0.012000
vt 0.012720 0.012383
vt 0.014424 0.322000
vt 0.079401 0.321652
vt 0.033486 0.987598
vt 0.027862 0.678394
vt 0.033223 0.678452
vt 0.049255 0.987214
vt 0.012162 0.678786
vt 0.049098 0.678394
vt 0.027910 0.851297
vt 0.033587 0.814691
vt 0.033145 0.851454
vt 0.012389 0.987598
vt 0.049255 0.678786
vt 0.012289 0.678401
vt 0.027815 0.987595
vt 0.033602 0.678405
vt 0.028193 0.678452
vt 0.033507 0.851297
vt 0.027944 0.814681
vt 0.028272 0.851454
vt 0.354785 0.540375
vt 0.485728 0.457769
vt 0.354757 0.460037
vt 0.618359 0.540623
vt 0.487465 0.457561
vt 0.618507 0.460355
vt 0.485728 0.542231
vt 0.354839 0.459377
vt 0.413220 0.540509
vt 0.560012 0.460107
vt 0.413474 0.459392
vt 0.560012 0.539892
vt 0.413169 0.460424
vt 0.559684 0.458867
vt 0.361508 0.427986
vt 0.485949 0.351826
vt 0.613374 0.427449
vt 0.487465 0.542440
vt 0.618245 0.458852
vt 0.359824 0.427449
vt 0.359589 0.573099
vt 0.611520 0.571543
vt 0.354895 0.541398
vt 0.486007 0.459934
vt 0.354918 0.459326
vt 0.617618 0.541752
vt 0.487331 0.459433
vt 0.617938 0.459477
vt 0.486502 0.540140
vt 0.353874 0.470609
vt 0.361648 0.427466
vt 0.486813 0.351750
vt 0.612830 0.426603
vt 0.487019 0.540466
vt 0.618639 0.529730
vt 0.413086 0.459749
vt 0.557977 0.451694
vt 0.560288 0.529497
vt 0.356757 0.548168
vt 0.359920 0.427379
vt 0.359824 0.573629
vt 0.611590 0.572182
vt 0.354271 0.540251
vt 0.486214 0.469977
vt 0.354389 0.460126
vt 0.618359 0.540623
vt 0.486613 0.530913
vt 0.618869 0.460442
vt 0.414243 0.540098
vt 0.558955 0.459901
vt 0.414287 0.459478
vt 0.558991 0.539778
vt 0.414208 0.460221
vt 0.558764 0.458248
vt 0.486617 0.353590
vt 0.613374 0.427448
vt 0.487005 0.643962
vt 0.354272 0.459749
vt 0.487152 0.450992
vt 0.487152 0.549008
vt 0.487005 0.356038
vt 0.357812 0.426677
vt 0.359244 0.572860
vt 0.354271 0.540251
vt 0.486406 0.470008
vt 0.355323 0.459902
vt 0.618358 0.540623
vt 0.486613 0.530913
vt 0.618869 0.460442
vt 0.414243 0.540098
vt 0.560106 0.460127
vt 0.414287 0.459478
vt 0.558991 0.539778
vt 0.414208 0.460222
vt 0.558763 0.458248
vt 0.486617 0.353590
vt 0.613373 0.427449
vt 0.487005 0.643962
vt 0.354272 0.459749
vt 0.487152 0.450992
vt 0.487152 0.549008
vt 0.487005 0.356038
vt 0.357812 0.426677
vt 0.359825 0.573863
vt 0.321653 0.690265
vt 0.012296 0.684268
vt 0.321294 0.684319
vt 0.176085 0.689840
vt 0.157915 0.684681
vt 0.175947 0.684264
vt 0.012398 0.696076
vt 0.321564 0.678422
vt 0.321209 0.696246
vt 0.157915 0.689840
vt 0.176085 0.684681
vt 0.158085 0.684256
vt 0.012296 0.690253
vt 0.321653 0.684256
vt 0.012706 0.684319
vt 0.321564 0.696099
vt 0.012398 0.678446
vt 0.012791 0.696246
vt 0.321704 0.690253
vt 0.012347 0.684256
vt 0.321294 0.684319
vt 0.157915 0.684681
vt 0.175915 0.684256
vt 0.012436 0.696099
vt 0.321602 0.678446
vt 0.321209 0.696246
vt 0.157915 0.689840
vt 0.176085 0.684681
vt 0.158053 0.684264
vt 0.012347 0.690265
vt 0.321704 0.684268
vt 0.012706 0.684319
vt 0.321602 0.696076
vt 0.012436 0.678422
vt 0.012791 0.696246
vt 0.079796 0.319576
vt 0.012483 0.014424
vt 0.079803 0.014424
vt 0.061955 0.321245
vt 0.030325 0.012755
vt 0.062659 0.014424
vt 0.012879 0.183014
vt 0.079400 0.150986
vt 0.077855 0.183520
vt 0.030325 0.321245
vt 0.061955 0.012755
vt 0.029620 0.014424
vt 0.012483 0.319576
vt 0.079796 0.014424
vt 0.012476 0.014424
vt 0.012879 0.150986
vt 0.012348 0.183118
vt 0.014424 0.183520
vt 0.012348 0.150882
vt 0.014424 0.150480
vt 0.079559 0.012383
vt 0.079400 0.183014
vt 0.079932 0.150882
vt 0.079932 0.183118
vt 0.012720 0.012383
vt 0.079559 0.321617
vt 0.033602 0.987595
vt 0.027815 0.678405
vt 0.033223 0.678452
vt 0.049028 0.987598
vt 0.012162 0.678786
vt 0.049098 0.678394
vt 0.027830 0.851309
vt 0.033507 0.814703
vt 0.033476 0.851419
vt 0.012162 0.987214
vt 0.049255 0.678786
vt 0.012319 0.678394
vt 0.027931 0.987598
vt 0.028193 0.678452
vt 0.033507 0.851297
vt 0.027910 0.814703
vt 0.354785 0.540375
vt 0.485728 0.457769
vt 0.354758 0.460037
vt 0.618359 0.540623
vt 0.487465 0.457560
vt 0.618507 0.460355
vt 0.485728 0.542231
vt 0.354839 0.459377
vt 0.413220 0.540509
vt 0.560012 0.460108
vt 0.413474 0.459392
vt 0.560107 0.540498
vt 0.413169 0.460424
vt 0.559684 0.458867
vt 0.361508 0.427986
vt 0.485949 0.351826
vt 0.613374 0.427449
vt 0.486879 0.541362
vt 0.618245 0.458851
vt 0.359824 0.427449
vt 0.359589 0.573099
vt 0.611519 0.571543
vt 0.354895 0.541398
vt 0.485866 0.459762
vt 0.355326 0.459227
vt 0.617618 0.541752
vt 0.487186 0.459608
vt 0.618341 0.459575
vt 0.485866 0.540238
vt 0.354133 0.470546
vt 0.361917 0.427146
vt 0.485975 0.351570
vt 0.612830 0.426603
vt 0.487019 0.540466
vt 0.618639 0.529730
vt 0.414431 0.459486
vt 0.559538 0.451999
vt 0.560288 0.529497
vt 0.357327 0.548305
vt 0.359813 0.426780
vt 0.360104 0.573993
vt 0.611071 0.572332
vt 0.354272 0.540251
vt 0.486250 0.469137
vt 0.354389 0.460126
vt 0.618880 0.540498
vt 0.486439 0.530016
vt 0.617937 0.459477
vt 0.414243 0.540099
vt 0.558955 0.459902
vt 0.414287 0.459478
vt 0.560029 0.539576
vt 0.413086 0.459749
vt 0.558882 0.459227
vt 0.486151 0.353982
vt 0.613926 0.427448
vt 0.486616 0.644336
vt 0.354271 0.459749
vt 0.485590 0.451055
vt 0.486621 0.549088
vt 0.485846 0.355595
vt 0.357812 0.426677
vt 0.354272 0.540251
vt 0.486251 0.469137
vt 0.354389 0.460127
vt 0.618880 0.540498
vt 0.486439 0.530016
vt 0.618341 0.459574
vt 0.413092 0.539873
vt 0.558955 0.459902
vt 0.414287 0.459478
vt 0.414431 0.459486
vt 0.558881 0.459227
vt 0.486151 0.353982
vt 0.613927 0.427449
vt 0.486616 0.644336
vt 0.354271 0.459749
vt 0.485907 0.451106
vt 0.486096 0.356044
vt 0.357812 0.426677
vt 0.359245 0.572860
vt 0.012296 0.684268
vt 0.176085 0.689840
vt 0.157915 0.684681
vt 0.012398 0.696076
vt 0.321564 0.678422
vt 0.321209 0.696246
vt 0.176085 0.684681
vt 0.158085 0.684256
vt 0.012296 0.690253
vt 0.321653 0.684256
vt 0.012706 0.684319
vt 0.321564 0.696099
vt 0.012398 0.678446
vt 0.012791 0.696246
vt 0.012347 0.684256
vt 0.176085 0.689840
vt 0.175915 0.684256
vt 0.012436 0.696099
vt 0.321602 0.678446
vt 0.321209 0.696246
vt 0.157915 0.689840
vt 0.158053 0.684264
vt 0.012347 0.690265
vt 0.321704 0.684268
vt 0.321602 0.696076
vt 0.012436 0.678422
vt 0.012791 0.696246
vt 0.533423 0.173925
vt 0.466577 0.160075
vt 0.533429 0.160075
vt 0.654046 0.175274
vt 0.345954 0.158726
vt 0.654615 0.160075
vt 0.466963 0.321248
vt 0.533037 0.012752
vt 0.531855 0.321615
vt 0.345954 0.175274
vt 0.654046 0.158726
vt 0.345385 0.160075
vt 0.466577 0.173925
vt 0.533423 0.160075
vt 0.466572 0.160075
vt 0.466897 0.012794
vt 0.466467 0.321291
vt 0.468145 0.321615
vt 0.466467 0.012709
vt 0.468145 0.012385
vt 0.468145 0.158116
vt 0.533232 0.158426
vt 0.531855 0.175884
vt 0.466896 0.175603
vt 0.655000 0.173925
vt 0.533103 0.321206
vt 0.533533 0.012709
vt 0.531855 0.012385
vt 0.533533 0.321291
vt 0.531855 0.158116
vt 0.466768 0.158426
vt 0.468145 0.175884
vt 0.533104 0.175603
vt 0.169674 0.838252
vt 0.164326 0.827748
vt 0.169671 0.827660
vt 0.321625 0.838252
vt 0.012375 0.827748
vt 0.321622 0.827690
vt 0.164229 0.987616
vt 0.169771 0.678384
vt 0.169665 0.987722
vt 0.012375 0.838252
vt 0.321625 0.827748
vt 0.012378 0.827690
vt 0.164326 0.838252
vt 0.169674 0.827748
vt 0.164329 0.827660
vt 0.169771 0.987616
vt 0.164229 0.678384
vt 0.164335 0.987722
vt 0.603796 0.319278
vt 0.346370 0.018869
vt 0.605083 0.018869
vt 0.573945 0.319861
vt 0.377487 0.014139
vt 0.575942 0.018869
vt 0.347490 0.265792
vt 0.605109 0.072293
vt 0.599564 0.267226
vt 0.376777 0.319278
vt 0.573945 0.014139
vt 0.375490 0.018869
vt 0.346370 0.315131
vt 0.605063 0.018869
vt 0.346350 0.018869
vt 0.347490 0.068208
vt 0.345985 0.266089
vt 0.351869 0.267226
vt 0.346049 0.067625
vt 0.351869 0.066774
vt 0.351869 0.012000
vt 0.604393 0.013085
vt 0.599564 0.322000
vt 0.347039 0.320915
vt 0.577292 0.315131
vt 0.603942 0.265792
vt 0.605448 0.067911
vt 0.599564 0.066774
vt 0.605448 0.266089
vt 0.374141 0.018869
vt 0.381009 0.320119
vt 0.375125 0.319513
vt 0.599564 0.012000
vt 0.347039 0.013085
vt 0.604232 0.066474
vt 0.321202 0.981294
vt 0.012559 0.678829
vt 0.320665 0.678926
vt 0.172684 0.981418
vt 0.160841 0.679611
vt 0.172898 0.678821
vt 0.012591 0.835732
vt 0.321409 0.824387
vt 0.321301 0.835732
vt 0.161307 0.981294
vt 0.172693 0.678824
vt 0.161164 0.678807
vt 0.012798 0.981294
vt 0.321344 0.678807
vt 0.012804 0.678636
vt 0.321176 0.835752
vt 0.012754 0.824411
vt 0.012818 0.835957
vt 0.653635 0.262957
vt 0.346164 0.013725
vt 0.652222 0.013927
vt 0.512815 0.261286
vt 0.487185 0.015351
vt 0.512272 0.013709
vt 0.346568 0.150070
vt 0.653285 0.126474
vt 0.651887 0.150738
vt 0.487185 0.261286
vt 0.512815 0.015352
vt 0.487857 0.013680
vt 0.346164 0.262912
vt 0.653635 0.013680
vt 0.347778 0.013927
vt 0.653285 0.150163
vt 0.346568 0.126567
vt 0.348114 0.150738
vt 0.321630 0.259350
vt 0.012370 0.012455
vt 0.321626 0.012430
vt 0.170473 0.258897
vt 0.163794 0.012395
vt 0.170291 0.012455
vt 0.012425 0.139088
vt 0.321535 0.132692
vt 0.321156 0.139269
vt 0.163790 0.259341
vt 0.170473 0.012908
vt 0.163674 0.012463
vt 0.012315 0.259338
vt 0.321685 0.012468
vt 0.012753 0.012522
vt 0.321575 0.139088
vt 0.012465 0.132692
vt 0.012844 0.139269
vt 0.246250 0.007500
vt 0.003750 0.492500
vt 0.003750 0.007500
vt 0.391835 0.552111
vt 0.552208 0.447278
vt 0.391887 0.447889
vt 0.552812 0.552710
vt 0.447848 0.447264
vt 0.607890 0.447831
vt 0.447753 0.552791
vt 0.552930 0.447319
vt 0.554183 0.552654
vt 0.447054 0.447379
vt 0.369527 0.446849
vt 0.553166 0.369526
vt 0.651763 0.500193
vt 0.369526 0.553152
vt 0.630505 0.446979
vt 0.446979 0.369347
vt 0.447186 0.552722
vt 0.551958 0.447078
vt 0.391887 0.447887
vt 0.552926 0.552657
vt 0.447971 0.447207
vt 0.608199 0.447629
vt 0.447769 0.552676
vt 0.552926 0.447343
vt 0.552064 0.552840
vt 0.447375 0.447448
vt 0.369484 0.446995
vt 0.553043 0.369335
vt 0.630600 0.552835
vt 0.447216 0.369441
vt 0.369379 0.553154
vt 0.552767 0.630487
vt 0.444911 0.552724
vt 0.391835 0.447888
vt 0.554384 0.447269
vt 0.445772 0.552587
vt 0.445742 0.447081
vt 0.555163 0.447510
vt 0.555106 0.552606
vt 0.607631 0.447753
vt 0.370431 0.555203
vt 0.445078 0.370182
vt 0.629458 0.444827
vt 0.554089 0.552682
vt 0.444875 0.447417
vt 0.370520 0.444742
vt 0.629550 0.555155
vt 0.555349 0.370241
vt 0.447268 0.552735
vt 0.552003 0.447292
vt 0.392635 0.447189
vt 0.552760 0.552654
vt 0.448230 0.447036
vt 0.607878 0.447548
vt 0.447807 0.552685
vt 0.552934 0.447434
vt 0.552028 0.552794
vt 0.447223 0.447533
vt 0.369399 0.446997
vt 0.553046 0.369350
vt 0.630559 0.552784
vt 0.447231 0.369469
vt 0.369496 0.553164
vt 0.553182 0.630361
vt 0.654712 0.427419
vt 0.345288 0.345297
vt 0.654761 0.345275
vt 0.502053 0.427419
vt 0.497950 0.345252
vt 0.502127 0.345296
vt 0.345297 0.388411
vt 0.654787 0.384312
vt 0.654705 0.388485
vt 0.497950 0.427464
vt 0.502050 0.345252
vt 0.497949 0.345253
vt 0.345237 0.427425
vt 0.654763 0.345291
vt 0.345239 0.345275
vt 0.654703 0.388411
vt 0.345213 0.384312
vt 0.345252 0.388404
vt 0.605063 0.315131
vt 0.605083 0.018869
vt 0.575922 0.315131
vt 0.377487 0.014139
vt 0.347490 0.265792
vt 0.603943 0.068208
vt 0.604105 0.266037
vt 0.377487 0.319861
vt 0.573945 0.014139
vt 0.375490 0.018869
vt 0.347490 0.068208
vt 0.345985 0.266089
vt 0.351869 0.267226
vt 0.345985 0.067911
vt 0.351869 0.066774
vt 0.603945 0.012985
vt 0.603945 0.321015
vt 0.347039 0.320915
vt 0.603710 0.265940
vt 0.605448 0.067911
vt 0.599564 0.066774
vt 0.376628 0.321015
vt 0.574551 0.321072
vt 0.347039 0.013085
vt 0.351869 0.322000
vt 0.604393 0.320915
vt 0.321202 0.981294
vt 0.012656 0.678807
vt 0.321348 0.678821
vt 0.172684 0.981418
vt 0.161217 0.678808
vt 0.172898 0.678821
vt 0.012754 0.835707
vt 0.321409 0.824387
vt 0.161307 0.981294
vt 0.173159 0.679611
vt 0.161102 0.678821
vt 0.012559 0.981289
vt 0.013335 0.678926
vt 0.321176 0.835752
vt 0.012824 0.824367
vt 0.013496 0.836029
vt 0.653635 0.262957
vt 0.346164 0.013725
vt 0.652222 0.013927
vt 0.512815 0.261285
vt 0.487185 0.015351
vt 0.512272 0.013709
vt 0.346568 0.150070
vt 0.653285 0.126474
vt 0.651886 0.150738
vt 0.487185 0.261286
vt 0.512815 0.015352
vt 0.487857 0.013680
vt 0.346164 0.262912
vt 0.653635 0.013680
vt 0.347778 0.013927
vt 0.653285 0.150163
vt 0.346568 0.126567
vt 0.348113 0.150739
vt 0.321685 0.259338
vt 0.012315 0.012468
vt 0.321247 0.012522
vt 0.170206 0.259411
vt 0.163527 0.012908
vt 0.170326 0.012463
vt 0.012333 0.139102
vt 0.321575 0.132718
vt 0.321605 0.139102
vt 0.163527 0.258897
vt 0.170206 0.012395
vt 0.163709 0.012455
vt 0.012450 0.259341
vt 0.321630 0.012455
vt 0.012374 0.012430
vt 0.321535 0.139113
vt 0.012425 0.132718
vt 0.012395 0.139102
vt 0.447056 0.552598
vt 0.552153 0.447264
vt 0.391887 0.447887
vt 0.552836 0.552625
vt 0.447744 0.447451
vt 0.607643 0.447258
vt 0.447753 0.552791
vt 0.552929 0.447320
vt 0.552303 0.552777
vt 0.447185 0.447250
vt 0.369526 0.446849
vt 0.552952 0.369344
vt 0.630403 0.553155
vt 0.369527 0.553151
vt 0.630410 0.447082
vt 0.446819 0.369337
vt 0.447136 0.552588
vt 0.499883 0.446888
vt 0.392122 0.447548
vt 0.552013 0.552685
vt 0.392059 0.447831
vt 0.554259 0.447310
vt 0.552952 0.552561
vt 0.448028 0.447079
vt 0.608113 0.447888
vt 0.447822 0.552900
vt 0.553001 0.447497
vt 0.369664 0.446746
vt 0.553090 0.369430
vt 0.630602 0.552821
vt 0.447083 0.369591
vt 0.369328 0.553009
vt 0.500000 0.651862
vt 0.444802 0.552583
vt 0.392426 0.447580
vt 0.554191 0.447094
vt 0.445656 0.552723
vt 0.445814 0.447219
vt 0.554995 0.447489
vt 0.554837 0.552817
vt 0.607893 0.447660
vt 0.370433 0.555175
vt 0.444876 0.370200
vt 0.629550 0.444846
vt 0.554480 0.552605
vt 0.444970 0.447557
vt 0.370432 0.444798
vt 0.629458 0.555173
vt 0.554972 0.370221
vt 0.447594 0.552818
vt 0.552031 0.447108
vt 0.391802 0.447629
vt 0.552627 0.552644
vt 0.448111 0.447064
vt 0.607888 0.447831
vt 0.448007 0.552795
vt 0.552804 0.447447
vt 0.552020 0.552636
vt 0.447007 0.447599
vt 0.369653 0.446838
vt 0.553025 0.369356
vt 0.630564 0.552810
vt 0.447165 0.369542
vt 0.369244 0.553006
vt 0.553158 0.630358
vt 0.654763 0.427425
vt 0.345237 0.345291
vt 0.654710 0.345229
vt 0.502050 0.427464
vt 0.497947 0.345297
vt 0.502051 0.345253
vt 0.345213 0.388404
vt 0.654703 0.384305
vt 0.654748 0.388404
vt 0.497950 0.427464
vt 0.502050 0.345252
vt 0.497873 0.345296
vt 0.345288 0.427419
vt 0.654712 0.345297
vt 0.345239 0.345275
vt 0.654787 0.388404
vt 0.345297 0.384305
vt 0.345252 0.388404
vt 0.488247 0.317065
vt 0.345984 0.016935
vt 0.487657 0.013807
vt 0.478650 0.317065
vt 0.359533 0.012951
vt 0.478664 0.016935
vt 0.346789 0.227518
vt 0.487275 0.106376
vt 0.487559 0.227695
vt 0.356491 0.320044
vt 0.477229 0.013537
vt 0.355567 0.016935
vt 0.345984 0.317065
vt 0.488247 0.016935
vt 0.345970 0.016935
vt 0.346956 0.106376
vt 0.345708 0.227731
vt 0.349935 0.228548
vt 0.345754 0.106063
vt 0.349935 0.105452
vt 0.349935 0.012000
vt 0.487444 0.012708
vt 0.487444 0.321292
vt 0.346465 0.321220
vt 0.356178 0.321246
vt 0.477664 0.321333
vt 0.346787 0.012708
vt 0.349935 0.321194
vt 0.487444 0.321292
vt 0.487275 0.227624
vt 0.020455 0.321494
vt 0.034756 0.012506
vt 0.023625 0.012595
vt 0.034586 0.321477
vt 0.027438 0.012437
vt 0.041679 0.012479
vt 0.020800 0.321525
vt 0.017383 0.012595
vt 0.044563 0.321494
vt 0.034594 0.012523
vt 0.044590 0.012595
vt 0.034756 0.321494
vt 0.020423 0.012524
vt 0.020660 0.321452
vt 0.027543 0.012475
vt 0.034811 0.321536
vt 0.041350 0.012498
vt 0.017412 0.012498
vt 0.034441 0.321451
vt 0.046225 0.157252
vt 0.044488 0.179623
vt 0.020561 0.151846
vt 0.015439 0.177250
vt 0.023232 0.183617
vt 0.013184 0.163605
vt 0.034881 0.149038
vt 0.471364 0.585314
vt 0.528598 0.414353
vt 0.440300 0.415186
vt 0.610195 0.585201
vt 0.559605 0.414603
vt 0.610024 0.414227
vt 0.559594 0.585470
vt 0.471387 0.414509
vt 0.469048 0.585166
vt 0.389947 0.414322
vt 0.610136 0.585397
vt 0.559642 0.414830
vt 0.610053 0.414322
vt 0.528619 0.585609
vt 0.471402 0.414430
vt 0.440410 0.585492
vt 0.389976 0.414228
vt 0.389864 0.585397
vt 0.440363 0.414799
vt 0.440406 0.585470
vt 0.528613 0.414509
vt 0.530954 0.585155
vt 0.610053 0.414322
vt 0.389796 0.585170
vt 0.389947 0.414322
vt 0.559590 0.585492
vt 0.391667 0.391667
vt 0.608420 0.391580
vt 0.608256 0.608256
vt 0.558585 0.358564
vt 0.358442 0.441365
vt 0.441488 0.641261
vt 0.884386 0.833000
vt 0.799896 0.860126
vt 0.794095 0.833000
vt 0.950431 0.872111
vt 0.927568 0.865861
vt 0.918144 0.788980
vt 0.865861 0.860126
vt 0.860147 0.833000
vt 0.792701 0.860126
vt 0.867506 0.805874
vt 0.917394 0.860126
vt 0.954721 0.924553
vt 0.977055 0.799896
vt 0.936646 0.833000
vt 0.885004 0.915794
vt 0.873949 0.949883
vt 0.885004 0.860126
vt 0.871204 0.833000
vt 0.902983 0.833000
vt 0.903791 0.805874
vt 0.934579 0.833000
vt 0.886830 0.860126
vt 0.941912 0.860126
vt 0.886830 0.977347
vt 0.917748 0.877479
vt 0.824057 0.951404
vt 0.944262 0.882238
vt 0.939696 0.944129
vt 0.812024 0.833000
vt 0.799302 0.860126
vt 0.799302 0.981396
vt 0.794863 0.860126
vt 0.778612 0.946208
vt 0.791429 0.918814
vt 0.798371 0.833000
vt 0.779736 0.805874
vt 0.843925 0.805874
vt 0.764417 0.902179
vt 0.843925 0.930230
vt 0.752948 0.805874
vt 0.848971 0.805874
vt 0.729354 0.833000
vt 0.711367 0.925113
vt 0.714792 0.862056
vt 0.716346 0.873877
vt 0.752948 0.964607
vt 0.902526 0.805874
vt 0.934920 0.833000
vt 0.954184 0.805874
vt 0.903639 0.860126
vt 0.855027 0.833000
vt 0.896646 0.833000
vt 0.899009 0.805874
vt 0.835857 0.833000
vt 0.925113 0.860126
vt 0.679693 0.848021
vt 0.744256 0.802394
vt 0.691327 0.784113
vt 0.697420 0.902526
vt 0.784113 0.805874
vt 0.705622 0.752991
vt 0.829884 0.860126
vt 0.794972 0.833000
vt 0.802394 0.805874
vt 0.747961 0.833000
vt 0.752991 0.860126
vt 0.757365 0.738543
vt 0.737252 0.829884
vt 0.703031 0.833000
vt 0.740436 0.754154
vt 0.769694 0.694512
vt 0.757988 0.833000
vt 0.796141 0.860126
vt 0.736359 0.860126
vt 0.797095 0.833000
vt 0.810782 0.805874
vt 0.810782 0.736609
vt 0.867459 0.833000
vt 0.852797 0.735995
vt 0.780953 0.750133
vt 0.852797 0.860126
vt 0.784673 0.860126
vt 0.859847 0.714064
vt 0.866029 0.684175
vt 0.769694 0.805874
vt 0.899613 0.860126
vt 0.876026 0.743808
vt 0.949807 0.833000
vt 0.902762 0.860126
vt 0.864393 0.833000
vt 0.957871 0.749658
vt 0.939695 0.805874
vt 0.866029 0.805874
vt 0.911768 0.805874
vt 0.876026 0.805874
vt 0.944746 0.775242
vt 0.729353 0.833000
vt 0.905112 0.741721
vt 0.790488 0.805874
vt 0.796085 0.833000
vt 0.922281 0.790488
vt 0.757190 0.805874
vt 0.815894 0.833000
vt 0.884185 0.860126
vt 0.784073 0.860126
vt 0.895738 0.805874
vt 0.780020 0.805874
vt 0.843426 0.860126
vt 0.881738 0.833000
vt 0.813772 0.833000
vt 0.833210 0.805874
vt 0.944270 0.882005
vt 0.885183 0.915257
vt 0.930240 0.843426
vt 0.895815 0.860126
vt 0.895815 0.805874
vt 0.894840 0.910206
vt 0.949654 0.873877
vt 0.929014 0.833210
vt 0.902220 0.968621
vt 0.972081 0.895738
vt 0.902220 0.805874
vt 0.962969 0.833000
vt 0.909112 0.962591
vt 0.818868 0.950120
vt 0.885183 0.860126
vt 0.834647 0.833000
vt 0.895896 0.833000
vt 0.894840 0.805874
vt 0.833454 0.932047
vt 0.857556 0.952177
vt 0.779950 0.973528
vt 0.789056 0.917951
vt 0.786802 0.805874
vt 0.881131 0.833000
vt 0.833454 0.805874
vt 0.744152 0.919134
vt 0.786802 0.975904
vt 0.777190 0.833000
vt 0.690096 0.879198
vt 0.932837 0.833000
vt 0.879198 0.860126
vt 0.715649 0.801508
vt 0.679943 0.815755
vt 0.815755 0.805874
vt 0.697271 0.763959
vt 0.714001 0.859816
vt 0.871611 0.833000
vt 0.763959 0.860126
vt 0.755687 0.739646
vt 0.787420 0.689919
vt 0.730871 0.805874
vt 0.806049 0.714064
vt 0.813238 0.680227
vt 0.726524 0.726565
vt 0.813238 0.805874
vt 0.762376 0.833000
vt 0.750546 0.805874
vt 0.871819 0.715212
vt 0.855042 0.739562
vt 0.887233 0.751836
vt 0.896305 0.805874
vt 0.871864 0.833000
vt 0.925637 0.754120
vt 0.896305 0.694512
vt 0.903058 0.860126
vt 0.903058 0.697470
vt 0.944746 0.775242
vt 0.911768 0.860126
vt 0.864351 0.833000
vt 0.855042 0.860126
vt 0.954184 0.805874
vt 0.739774 0.833000
vt 0.917769 0.779736
vt 0.975283 0.784073
vt 0.973531 0.780020
vt 0.905529 0.833000
vt 0.815325 0.860126
vt 0.814505 0.833000
vt 0.982442 0.815325
vt 0.937895 0.898911
vt 0.932088 0.768233
vt 0.907630 0.892496
vt 0.883650 0.860126
vt 0.853575 0.833000
vt 0.914147 0.887239
vt 0.932701 0.770038
vt 0.929991 0.813075
vt 0.972275 0.895282
vt 0.980722 0.794857
vt 0.895282 0.805874
vt 0.794857 0.805874
vt 0.917395 0.860126
vt 0.954721 0.924553
vt 0.915595 0.918673
vt 0.902944 0.968298
vt 0.902944 0.805874
vt 0.918040 0.833000
vt 0.819720 0.950840
vt 0.833455 0.932047
vt 0.824566 0.833000
vt 0.887931 0.833000
vt 0.843381 0.805874
vt 0.843381 0.930265
vt 0.794181 0.950788
vt 0.787342 0.976050
vt 0.787342 0.805874
vt 0.771435 0.910370
vt 0.781461 0.860126
vt 0.833455 0.860126
vt 0.779553 0.805874
vt 0.715569 0.872111
vt 0.764133 0.901928
vt 0.829416 0.860126
vt 0.804689 0.833000
vt 0.880523 0.833000
vt 0.684715 0.811096
vt 0.705634 0.753022
vt 0.753022 0.860126
vt 0.745114 0.833000
vt 0.799468 0.860126
vt 0.886942 0.751621
vt 0.909162 0.805874
vt 0.835577 0.833000
vt 0.941928 0.833000
vt 0.916656 0.860126
vt 0.916656 0.708182
vt 0.806183 0.713912
vt 0.844489 0.735865
vt 0.909162 0.703501
vt 0.844489 0.860126
vt 0.745113 0.833000
vt 0.736359 0.805874
vt 0.813075 0.805874
vt 0.208631 0.315973
vt 0.020499 0.017499
vt 0.208589 0.016650
vt 0.205970 0.316978
vt 0.017837 0.018028
vt 0.205968 0.017499
vt 0.016319 0.262249
vt 0.210148 0.071751
vt 0.208486 0.263897
vt 0.020497 0.316979
vt 0.208631 0.018028
vt 0.017836 0.315973
vt 0.017879 0.016650
vt 0.210148 0.262249
vt 0.016320 0.071751
vt 0.017981 0.263897
vt 0.208631 0.315973
vt 0.020500 0.017499
vt 0.208589 0.016650
vt 0.205970 0.316978
vt 0.017837 0.018028
vt 0.205968 0.017499
vt 0.016319 0.262249
vt 0.210148 0.071750
vt 0.208486 0.263897
vt 0.020497 0.316979
vt 0.208631 0.018028
vt 0.017837 0.315973
vt 0.017879 0.016650
vt 0.210147 0.262249
vt 0.016320 0.071751
vt 0.017981 0.263897
vt 0.170084 0.189436
vt 0.163916 0.144564
vt 0.169725 0.144627
vt 0.321825 0.189011
vt 0.012175 0.144989
vt 0.321687 0.144571
vt 0.164005 0.321578
vt 0.169995 0.012422
vt 0.169640 0.321724
vt 0.012175 0.189011
vt 0.321825 0.144989
vt 0.012313 0.144571
vt 0.163916 0.189436
vt 0.170084 0.144564
vt 0.164275 0.144627
vt 0.169995 0.321578
vt 0.164005 0.012422
vt 0.164360 0.321724
vt 0.345000 0.181662
vt 0.655000 0.152338
vt 0.345000 0.152338
vt 0.655000 0.181662
vt 0.557987 0.531278
vt 0.406207 0.501290
vt 0.557831 0.468485
vt 0.351009 0.424615
vt 0.481746 0.347713
vt 0.613438 0.424088
vt 0.350298 0.424337
vt 0.350415 0.575866
vt 0.612745 0.575289
vt 0.557468 0.468083
vt 0.351181 0.424344
vt 0.482122 0.347645
vt 0.350504 0.576063
vt 0.612771 0.575526
vt 0.557483 0.531377
vt 0.406185 0.501102
vt 0.557509 0.468423
vt 0.351279 0.424226
vt 0.482300 0.347528
vt 0.613639 0.424336
vt 0.350299 0.424337
vt 0.350416 0.575866
vt 0.612936 0.575293
vt 0.406207 0.501290
vt 0.557468 0.468083
vt 0.351181 0.424344
vt 0.482123 0.347645
vt 0.613438 0.424088
vt 0.350503 0.424338
vt 0.350504 0.576063
vt 0.612771 0.575526
vt 0.505000 0.505000
vt 0.655000 0.455000
vt 0.505000 0.405000
vt 0.390000 0.455000
vt 0.450000 0.455200
vt 0.450000 0.454800
vt 0.345000 0.455067
vt 0.505000 0.455200
vt 0.505000 0.454800
vt 0.360744 0.153633
vt 0.345281 0.013026
vt 0.639256 0.153633
vt 0.360914 0.148403
vt 0.360682 0.154253
vt 0.639086 0.154512
vt 0.639318 0.148662
vt 0.345371 0.290768
vt 0.654629 0.290768
vt 0.639086 0.148403
vt 0.360914 0.154512
vt 0.360682 0.148662
vt 0.654719 0.013026
vt 0.654629 0.012147
vt 0.345371 0.012147
vt 0.012192 0.152707
vt 0.028117 0.152664
vt 0.012202 0.012237
vt 0.305827 0.152723
vt 0.321820 0.152688
vt 0.321794 0.012222
vt 0.678152 0.816896
vt 0.694829 0.816922
vt 0.678170 0.678059
vt 0.971204 0.816831
vt 0.987930 0.816896
vt 0.987918 0.678082
vt 0.345499 0.352807
vt 0.496420 0.352846
vt 0.345560 0.345470
vt 0.503580 0.352846
vt 0.058540 0.226524
vt 0.275256 0.226809
vt 0.296613 0.111893
vt 0.222101 0.297104
vt 0.037270 0.221843
vt 0.111738 0.036889
vt 0.297072 0.221966
vt 0.058913 0.226733
vt 0.275085 0.226734
vt 0.296786 0.112189
vt 0.222192 0.297053
vt 0.037221 0.221788
vt 0.111727 0.036833
vt 0.297136 0.221824
vt 0.058913 0.226733
vt 0.275086 0.226734
vt 0.296743 0.112235
vt 0.222100 0.297167
vt 0.037255 0.221980
vt 0.111902 0.036906
vt 0.297083 0.222142
vt 0.345244 0.352846
vt 0.345263 0.345562
vt 0.058914 0.226734
vt 0.275256 0.226809
vt 0.296607 0.111972
vt 0.221987 0.297294
vt 0.037222 0.221791
vt 0.111739 0.036825
vt 0.296960 0.222160
vt 0.058876 0.226609
vt 0.275087 0.226733
vt 0.296779 0.112213
vt 0.222273 0.297167
vt 0.037317 0.222068
vt 0.111633 0.036947
vt 0.297157 0.221848
vt 0.059146 0.227076
vt 0.275460 0.226524
vt 0.296724 0.111919
vt 0.222357 0.297060
vt 0.037372 0.221873
vt 0.111900 0.036833
vt 0.297103 0.221794
vt 0.496383 0.504085
vt 0.345268 0.504134
vt 0.496449 0.345214
vt 0.654757 0.504128
vt 0.503617 0.504085
vt 0.503551 0.345214
vt 0.079489 0.842582
vt 0.012970 0.842278
vt 0.079512 0.678970
vt 0.320929 0.842300
vt 0.254741 0.842376
vt 0.254682 0.679338
vt 0.080359 0.842106
vt 0.012970 0.842278
vt 0.080622 0.678853
vt 0.320684 0.842475
vt 0.254741 0.842376
vt 0.254682 0.679338
vt 0.496383 0.504085
vt 0.345243 0.504128
vt 0.496449 0.345214
vt 0.654732 0.504134
vt 0.503617 0.504085
vt 0.079259 0.842376
vt 0.013316 0.842475
vt 0.079318 0.679338
vt 0.321030 0.842278
vt 0.253641 0.842106
vt 0.254488 0.678970
vt 0.079259 0.842376
vt 0.013071 0.842300
vt 0.079318 0.679338
vt 0.321030 0.842278
vt 0.254511 0.842582
vt 0.253378 0.678853
vt 0.350276 0.261926
vt 0.350276 0.261926
vt 0.649724 0.261926
vt 0.349927 0.050151
vt 0.645278 0.284926
vt 0.655000 0.072074
vt 0.353600 0.284674
vt 0.348645 0.055854
vt 0.647645 0.038849
vt 0.645278 0.015849
vt 0.347612 0.522680
vt 0.348264 0.347366
vt 0.651790 0.523106
vt 0.651736 0.347366
vt 0.746331 0.857792
vt 0.863727 0.981070
vt 0.779061 0.975327
vt 0.708730 0.916974
vt 0.861177 0.684885
vt 0.685379 0.804522
vt 0.980533 0.861478
vt 0.916203 0.959345
vt 0.979666 0.863021
vt 0.958309 0.750253
vt 0.891229 0.692423
vt 0.707959 0.747948
vt 0.747754 0.957904
vt 0.015299 0.230786
vt 0.224448 0.230563
vt 0.072866 0.230645
vt 0.280345 0.243349
vt 0.148379 0.319224
vt 0.016207 0.243128
vt 0.281914 0.230645
vt 0.148515 0.319661
vt 0.280899 0.090494
vt 0.148469 0.014934
vt 0.350276 0.261926
vt 0.350276 0.261926
vt 0.650073 0.050151
vt 0.646400 0.284674
vt 0.645278 0.318151
vt 0.354722 0.284926
vt 0.345000 0.072074
vt 0.347612 0.522680
vt 0.350972 0.347081
vt 0.651790 0.523106
vt 0.651736 0.347366
vt 0.943440 0.857467
vt 0.722547 0.857424
vt 0.863265 0.979804
vt 0.774617 0.973948
vt 0.708634 0.917070
vt 0.802042 0.684982
vt 0.958292 0.748227
vt 0.980533 0.861478
vt 0.685492 0.804476
vt 0.916376 0.959367
vt 0.974086 0.891440
vt 0.980102 0.804647
vt 0.918245 0.708096
vt 0.749687 0.706733
vt 0.690673 0.886939
vt 0.747755 0.957904
vt 0.015299 0.230785
vt 0.224448 0.230563
vt 0.072905 0.230966
vt 0.280437 0.243229
vt 0.148469 0.319066
vt 0.016207 0.243128
vt 0.282048 0.230613
vt 0.148849 0.319601
vt 0.280804 0.090362
vt 0.148379 0.014777
vt 0.352355 0.038849
vt 0.645278 0.284926
vt 0.353600 0.284674
vt 0.354722 0.015849
vt 0.348210 0.523106
vt 0.348264 0.347366
vt 0.652388 0.522680
vt 0.651736 0.347366
vt 0.943453 0.857424
vt 0.722560 0.857467
vt 0.863958 0.981018
vt 0.776536 0.969797
vt 0.707708 0.917773
vt 0.685467 0.804522
vt 0.802735 0.686196
vt 0.891383 0.692052
vt 0.980508 0.861524
vt 0.916313 0.959267
vt 0.980874 0.863513
vt 0.975327 0.779061
vt 0.918246 0.708096
vt 0.749624 0.706633
vt 0.685898 0.861353
vt 0.747755 0.957904
vt 0.015299 0.230785
vt 0.224408 0.230900
vt 0.072866 0.230645
vt 0.280437 0.243229
vt 0.148780 0.319105
vt 0.016411 0.243356
vt 0.282049 0.230613
vt 0.148946 0.319765
vt 0.280899 0.090494
vt 0.148470 0.014934
vt 0.350276 0.261926
vt 0.649724 0.261926
vt 0.651355 0.055854
vt 0.354722 0.318151
vt 0.354722 0.284926
vt 0.348210 0.523106
vt 0.348264 0.347366
vt 0.652388 0.522680
vt 0.649028 0.347081
vt 0.943603 0.856921
vt 0.919668 0.857792
vt 0.804823 0.981115
vt 0.711018 0.919352
vt 0.802273 0.684930
vt 0.886939 0.690673
vt 0.685467 0.804522
vt 0.980621 0.861479
vt 0.861327 0.980170
vt 0.958041 0.918052
vt 0.979981 0.807806
vt 0.918245 0.708096
vt 0.749797 0.706655
vt 0.707691 0.915747
vt 0.015438 0.230819
vt 0.224448 0.230563
vt 0.072866 0.230645
vt 0.280437 0.243229
vt 0.148470 0.319066
vt 0.016207 0.243127
vt 0.282048 0.230613
vt 0.148849 0.319601
vt 0.280899 0.090494
vt 0.148780 0.014895
vt 0.600062 0.255154
vt 0.572795 0.278744
vt 0.433180 0.282736
vt 0.398020 0.177680
vt 0.398283 0.156320
vt 0.387270 0.167000
vt 0.557736 0.156320
vt 0.360485 0.233791
vt 0.348236 0.196831
vt 0.372400 0.079572
vt 0.433180 0.051264
vt 0.456090 0.041077
vt 0.491684 0.012545
vt 0.609601 0.057398
vt 0.615736 0.100180
vt 0.649481 0.508557
vt 0.651628 0.530517
vt 0.606095 0.606095
vt 0.401282 0.502479
vt 0.390398 0.497521
vt 0.376200 0.584210
vt 0.350519 0.491444
vt 0.390398 0.390398
vt 0.548447 0.358334
vt 0.548505 0.353129
vt 0.602243 0.383945
vt 0.606095 0.497521
vt 0.759180 0.319732
vt 0.799600 0.249622
vt 0.699088 0.199088
vt 0.750000 0.250363
vt 0.799629 0.250476
vt 0.651628 0.197518
vt 0.568094 0.305872
vt 0.566820 0.156320
vt 0.559316 0.310201
vt 0.479768 0.320674
vt 0.439624 0.285914
vt 0.439624 0.285914
vt 0.412073 0.177680
vt 0.426163 0.055952
vt 0.456090 0.041077
vt 0.510108 0.177680
vt 0.509972 0.156320
vt 0.526630 0.167000
vt 0.626331 0.124293
vt 0.634828 0.565109
vt 0.622390 0.594875
vt 0.601717 0.616516
vt 0.564654 0.635052
vt 0.569555 0.638152
vt 0.531429 0.651447
vt 0.528877 0.646909
vt 0.390398 0.502479
vt 0.393905 0.502479
vt 0.393905 0.497521
vt 0.425493 0.500000
vt 0.390036 0.498759
vt 0.629940 0.424979
vt 0.702719 0.250523
vt 0.795660 0.250833
vt 0.799613 0.249579
vt 0.012476 0.319576
vt 0.029620 0.319576
vt 0.062659 0.319576
vt 0.079803 0.319576
vt 0.012445 0.321555
vt 0.012445 0.012445
vt 0.079834 0.012445
vt 0.079834 0.321555
vt 0.030021 0.012348
vt 0.029143 0.319576
vt 0.062258 0.321652
vt 0.063136 0.014424
vt 0.062258 0.012348
vt 0.029920 0.321630
vt 0.029143 0.014424
vt 0.027934 0.987690
vt 0.012392 0.987658
vt 0.027941 0.814581
vt 0.049098 0.987606
vt 0.033223 0.987548
vt 0.033145 0.814546
vt 0.354887 0.540582
vt 0.559743 0.540360
vt 0.413474 0.540608
vt 0.613609 0.573099
vt 0.487205 0.646581
vt 0.358394 0.573328
vt 0.618441 0.539963
vt 0.485949 0.648174
vt 0.615094 0.426061
vt 0.487206 0.353419
vt 0.414146 0.470420
vt 0.558787 0.541550
vt 0.558743 0.459236
vt 0.413261 0.541523
vt 0.613094 0.573993
vt 0.486798 0.646543
vt 0.358435 0.574018
vt 0.616718 0.451899
vt 0.415159 0.548293
vt 0.486181 0.647877
vt 0.614491 0.425128
vt 0.487179 0.353278
vt 0.354389 0.539874
vt 0.558911 0.540522
vt 0.413473 0.540608
vt 0.615455 0.573675
vt 0.357812 0.573323
vt 0.359244 0.427140
vt 0.618870 0.539558
vt 0.618569 0.458477
vt 0.485766 0.646545
vt 0.613278 0.572622
vt 0.615455 0.426325
vt 0.354389 0.539873
vt 0.558911 0.540522
vt 0.413474 0.540608
vt 0.615455 0.573675
vt 0.357812 0.573323
vt 0.359245 0.427140
vt 0.618869 0.539558
vt 0.618255 0.458402
vt 0.486042 0.646066
vt 0.613384 0.573221
vt 0.615455 0.426325
vt 0.012706 0.690202
vt 0.158053 0.690257
vt 0.012791 0.678276
vt 0.175915 0.690265
vt 0.321294 0.690202
vt 0.321209 0.678276
vt 0.012706 0.690202
vt 0.158085 0.690265
vt 0.012791 0.678276
vt 0.175947 0.690257
vt 0.321209 0.678276
vt 0.012476 0.319576
vt 0.029620 0.319576
vt 0.062659 0.319576
vt 0.079803 0.319576
vt 0.030021 0.012348
vt 0.062258 0.321652
vt 0.062258 0.012348
vt 0.030021 0.321652
vt 0.028193 0.987548
vt 0.012319 0.987606
vt 0.028272 0.814546
vt 0.049024 0.987658
vt 0.033483 0.987690
vt 0.033145 0.814546
vt 0.354887 0.540582
vt 0.559743 0.540360
vt 0.413474 0.540608
vt 0.613094 0.573994
vt 0.486221 0.646606
vt 0.358394 0.573328
vt 0.617872 0.540773
vt 0.485949 0.648174
vt 0.615094 0.426061
vt 0.487205 0.353419
vt 0.414146 0.470420
vt 0.558787 0.541550
vt 0.560107 0.459502
vt 0.413261 0.541523
vt 0.613094 0.573994
vt 0.486798 0.646544
vt 0.358435 0.574018
vt 0.615870 0.451694
vt 0.413252 0.547921
vt 0.485975 0.648430
vt 0.614781 0.425526
vt 0.486987 0.353816
vt 0.354389 0.539874
vt 0.558911 0.540522
vt 0.414317 0.540773
vt 0.615093 0.573939
vt 0.357812 0.573323
vt 0.359244 0.427140
vt 0.618506 0.539645
vt 0.618880 0.459502
vt 0.486151 0.646018
vt 0.613926 0.572552
vt 0.614490 0.425128
vt 0.355323 0.540098
vt 0.558911 0.540522
vt 0.414318 0.540773
vt 0.615093 0.573939
vt 0.357812 0.573323
vt 0.359825 0.426137
vt 0.618506 0.539645
vt 0.618880 0.459502
vt 0.486151 0.646017
vt 0.613927 0.572551
vt 0.614780 0.425525
vt 0.012706 0.690202
vt 0.158053 0.690257
vt 0.012791 0.678276
vt 0.175915 0.690265
vt 0.012706 0.690202
vt 0.158085 0.690265
vt 0.012791 0.678276
vt 0.175947 0.690257
vt 0.321294 0.690202
vt 0.321209 0.678276
vt 0.466571 0.173925
vt 0.345385 0.173925
vt 0.654615 0.173925
vt 0.533429 0.173925
vt 0.466546 0.175524
vt 0.466546 0.158476
vt 0.533454 0.158476
vt 0.533454 0.175524
vt 0.345709 0.158397
vt 0.345000 0.173925
vt 0.654373 0.175584
vt 0.655000 0.160075
vt 0.654291 0.158397
vt 0.345627 0.175584
vt 0.345000 0.160075
vt 0.164329 0.838340
vt 0.012378 0.838310
vt 0.164335 0.678279
vt 0.321622 0.838310
vt 0.169671 0.838340
vt 0.169665 0.678279
vt 0.351869 0.320878
vt 0.575942 0.315131
vt 0.605083 0.315131
vt 0.346260 0.013260
vt 0.605172 0.013260
vt 0.605172 0.320740
vt 0.376628 0.012985
vt 0.345985 0.319513
vt 0.574805 0.321015
vt 0.577292 0.018869
vt 0.574805 0.012985
vt 0.012804 0.981483
vt 0.161314 0.981418
vt 0.012818 0.824162
vt 0.172686 0.981418
vt 0.321337 0.981357
vt 0.320504 0.824090
vt 0.347778 0.262710
vt 0.487728 0.262928
vt 0.348113 0.125899
vt 0.512143 0.262957
vt 0.652222 0.262710
vt 0.651887 0.125899
vt 0.012453 0.259447
vt 0.163674 0.259342
vt 0.012461 0.132577
vt 0.170291 0.259350
vt 0.321247 0.259283
vt 0.321605 0.132703
vt 0.246250 0.492500
vt 0.499984 0.552730
vt 0.392045 0.552340
vt 0.607889 0.552168
vt 0.554859 0.629904
vt 0.391804 0.608280
vt 0.552951 0.630656
vt 0.391740 0.552075
vt 0.607645 0.552739
vt 0.447089 0.630561
vt 0.630757 0.447183
vt 0.392371 0.552247
vt 0.607686 0.552523
vt 0.554972 0.629779
vt 0.444780 0.629704
vt 0.391918 0.552120
vt 0.607645 0.552740
vt 0.447174 0.630610
vt 0.630720 0.447193
vt 0.345239 0.427441
vt 0.497949 0.427463
vt 0.345252 0.384312
vt 0.502127 0.427420
vt 0.654710 0.427487
vt 0.654748 0.384312
vt 0.346350 0.315131
vt 0.375490 0.315131
vt 0.575942 0.315131
vt 0.605083 0.315131
vt 0.346260 0.320740
vt 0.376628 0.012985
vt 0.374141 0.315131
vt 0.574805 0.321015
vt 0.575092 0.013049
vt 0.012804 0.981483
vt 0.161314 0.981418
vt 0.012818 0.824162
vt 0.172836 0.981311
vt 0.321337 0.981357
vt 0.321295 0.824337
vt 0.347778 0.262710
vt 0.487728 0.262928
vt 0.348114 0.125899
vt 0.512143 0.262957
vt 0.652222 0.262710
vt 0.651887 0.125899
vt 0.012753 0.259283
vt 0.163709 0.259350
vt 0.012844 0.132536
vt 0.170207 0.259410
vt 0.321626 0.259376
vt 0.321156 0.132536
vt 0.391740 0.552074
vt 0.607890 0.552168
vt 0.446979 0.630653
vt 0.553062 0.630611
vt 0.392356 0.552741
vt 0.607890 0.552169
vt 0.447057 0.630600
vt 0.629902 0.554935
vt 0.608197 0.391721
vt 0.392074 0.552462
vt 0.607942 0.552168
vt 0.555349 0.629759
vt 0.445078 0.629818
vt 0.392005 0.552653
vt 0.607994 0.552653
vt 0.447239 0.630683
vt 0.630606 0.446878
vt 0.345239 0.427442
vt 0.497873 0.427420
vt 0.345252 0.384312
vt 0.502051 0.427463
vt 0.654761 0.427441
vt 0.654705 0.384231
vt 0.355567 0.317065
vt 0.478664 0.317065
vt 0.488261 0.317065
vt 0.345906 0.012906
vt 0.356178 0.012754
vt 0.345708 0.320213
vt 0.477847 0.321292
vt 0.479634 0.016935
vt 0.478053 0.012754
vt 0.355267 0.013954
vt 0.487879 0.109417
vt 0.487444 0.105189
vt 0.044561 0.321502
vt 0.023648 0.321551
vt 0.044563 0.321494
vt 0.020933 0.182442
vt 0.012887 0.170733
vt 0.013644 0.160378
vt 0.034820 0.184961
vt 0.034390 0.148884
vt 0.049265 0.170564
vt 0.034390 0.185116
vt 0.046342 0.177297
vt 0.049051 0.163486
vt 0.044422 0.154342
vt 0.020945 0.151572
vt 0.389864 0.585397
vt 0.610204 0.585170
vt 0.558893 0.642179
vt 0.471738 0.648006
vt 0.352533 0.530550
vt 0.358003 0.441183
vt 0.441107 0.357821
vt 0.528331 0.352351
vt 0.647562 0.469410
vt 0.641997 0.558817
vt 0.391663 0.608337
vt 0.528164 0.647993
vt 0.608556 0.608556
vt 0.641658 0.558677
vt 0.647871 0.471887
vt 0.608380 0.391620
vt 0.471836 0.352109
vt 0.391444 0.391444
vt 0.352129 0.528113
vt 0.391620 0.608380
vt 0.981171 0.867506
vt 0.929641 0.805874
vt 0.848971 0.982641
vt 0.939696 0.805874
vt 0.848021 0.860126
vt 0.761933 0.860126
vt 0.763017 0.833000
vt 0.711816 0.805874
vt 0.796141 0.685202
vt 0.899613 0.696223
vt 0.954184 0.860126
vt 0.902983 0.833000
vt 0.873816 0.805874
vt 0.908011 0.833000
vt 0.978272 0.884185
vt 0.929641 0.860126
vt 0.909112 0.860126
vt 0.779950 0.860126
vt 0.792691 0.860126
vt 0.775266 0.833000
vt 0.954184 0.860126
vt 0.773468 0.753858
vt 0.711816 0.860126
vt 0.778013 0.860126
vt 0.787420 0.860126
vt 0.887233 0.805874
vt 0.770185 0.805874
vt 0.779736 0.860126
vt 0.882728 0.805874
vt 0.888810 0.833000
vt 0.737384 0.829416
vt 0.905894 0.860126
vt 0.898852 0.805874
vt 0.721379 0.775299
vt 0.799468 0.684607
vt 0.886942 0.805874
vt 0.736359 0.860126
vt 0.017882 0.316874
vt 0.017981 0.070103
vt 0.208585 0.316874
vt 0.208486 0.070103
vt 0.017882 0.316874
vt 0.017981 0.070103
vt 0.208585 0.316874
vt 0.208486 0.070103
vt 0.164275 0.189373
vt 0.012313 0.189429
vt 0.164360 0.012276
vt 0.321687 0.189429
vt 0.169725 0.189373
vt 0.169640 0.012276
vt 0.613330 0.576198
vt 0.481659 0.651860
vt 0.349756 0.575949
vt 0.481790 0.500834
vt 0.615105 0.531380
vt 0.615244 0.468480
vt 0.481727 0.652465
vt 0.613848 0.423475
vt 0.481659 0.348140
vt 0.481958 0.501223
vt 0.615207 0.468142
vt 0.482125 0.652356
vt 0.613434 0.576064
vt 0.482113 0.651727
vt 0.349988 0.576207
vt 0.482017 0.500691
vt 0.615257 0.531344
vt 0.615441 0.468527
vt 0.481960 0.652401
vt 0.613848 0.423475
vt 0.481659 0.348140
vt 0.482093 0.501062
vt 0.615206 0.468141
vt 0.482124 0.652355
vt 0.481828 0.348118
vt 0.345000 0.405000
vt 0.345000 0.505000
vt 0.505000 0.565000
vt 0.505000 0.345000
vt 0.345000 0.454933
vt 0.550000 0.454800
vt 0.550000 0.455200
vt 0.610000 0.455000
s 0
usemtl factory
f 12/1/1 2/2/1 10/3/1
f 15/4/2 9/5/2 14/6/2
f 7/7/3 11/8/3 15/9/3
f 3/10/4 5/11/4 2/12/4
f 8/13/5 14/14/5 6/15/5
f 6/15/6 14/14/6 13/16/6
f 16/17/7 8/13/7 7/18/7
f 14/6/8 16/19/8 15/4/8
f 10/3/9 2/2/9 1/20/9
f 4/21/10 12/1/10 11/22/10
f 13/23/11 1/24/11 5/25/11
f 22/26/12 17/27/12 21/28/12
f 24/29/13 21/30/13 23/31/13
f 20/32/14 22/33/14 24/34/14
f 18/35/15 19/36/15 17/37/15
f 20/38/16 23/39/16 19/40/16
f 23/41/17 17/42/17 19/43/17
f 30/44/18 25/45/18 29/46/18
f 32/47/19 29/48/19 31/49/19
f 28/50/20 30/51/20 32/52/20
f 26/53/21 27/54/21 25/55/21
f 28/56/22 31/57/22 27/58/22
f 31/59/23 25/60/23 27/61/23
f 38/62/24 33/63/24 37/64/24
f 40/65/25 37/66/25 39/67/25
f 36/68/26 38/69/26 40/70/26
f 34/71/27 35/72/27 33/73/27
f 36/68/28 39/74/28 35/75/28
f 39/76/29 33/63/29 35/77/29
f 44/78/30 42/79/30 43/80/30
f 41/81/31 43/80/31 42/79/31
s 1
f 48/82/32 49/83/33 47/84/34
f 50/85/35 51/86/36 49/87/33
f 52/88/37 45/89/38 51/86/36
f 46/90/39 47/84/34 45/91/38
f 49/92/33 51/93/36 45/94/38
f 56/95/32 57/96/33 55/97/34
f 58/98/35 59/99/36 57/100/33
f 60/101/37 53/102/38 59/99/36
f 54/103/40 55/97/34 53/104/38
f 57/105/33 59/106/36 53/107/38
f 64/108/32 65/109/33 63/110/34
f 66/111/35 67/112/36 65/113/33
f 68/114/37 61/115/38 67/112/36
f 62/116/39 63/110/34 61/117/38
f 65/118/33 67/119/36 61/120/38
s 0
f 74/62/41 69/121/41 73/122/41
f 76/123/25 73/124/25 75/67/25
f 72/125/26 74/126/26 76/127/26
f 70/128/27 71/129/27 69/130/27
f 72/125/42 75/131/42 71/132/42
f 75/133/29 69/121/29 71/134/29
f 80/135/30 77/136/30 79/137/30
f 78/138/31 79/137/31 77/136/31
s 1
f 84/139/32 85/140/33 83/141/34
f 86/142/35 87/143/36 85/144/33
f 88/145/37 81/146/38 87/143/36
f 82/147/39 83/141/34 81/148/38
f 85/149/33 87/150/36 81/151/38
f 92/152/32 93/153/33 91/154/34
f 94/155/43 95/156/36 93/157/33
f 96/158/37 89/159/38 95/156/36
f 90/160/39 91/154/34 89/161/38
f 93/162/33 95/163/36 89/164/38
f 100/165/32 101/166/33 99/167/34
f 102/168/35 103/169/36 101/170/33
f 104/171/37 97/172/38 103/169/36
f 98/173/39 99/167/34 97/174/38
f 101/175/33 103/176/36 97/177/38
s 0
f 110/178/44 105/179/44 109/180/44
f 112/181/45 109/182/45 111/183/45
f 108/184/46 110/185/46 112/186/46
f 106/187/47 107/188/47 105/189/47
f 108/190/48 111/191/48 107/192/48
f 111/193/49 105/194/49 107/195/49
f 118/196/50 113/197/50 117/198/50
f 120/199/51 117/200/51 119/201/51
f 116/202/52 118/203/52 120/204/52
f 114/205/53 115/206/53 113/207/53
f 116/208/54 119/209/54 115/210/54
f 119/211/55 113/212/55 115/213/55
f 126/214/50 121/215/50 125/216/50
f 128/217/51 125/218/51 127/219/51
f 124/220/52 126/221/52 128/222/52
f 122/223/53 123/224/53 121/225/53
f 124/226/54 127/227/54 123/228/54
f 127/229/55 121/230/55 123/231/55
f 134/232/44 129/233/44 133/234/44
f 136/181/45 133/182/45 135/235/45
f 132/236/46 134/237/46 136/186/46
f 130/187/47 131/188/47 129/238/47
f 132/239/48 135/240/48 131/241/48
f 135/242/49 129/243/49 131/244/49
f 142/245/50 137/246/50 141/247/50
f 144/248/51 141/249/51 143/250/51
f 140/251/52 142/252/52 144/253/52
f 138/254/53 139/255/53 137/256/53
f 140/257/54 143/258/54 139/259/54
f 143/260/55 137/261/55 139/262/55
f 150/263/50 145/264/50 149/265/50
f 152/266/51 149/267/51 151/268/51
f 148/269/52 150/270/52 152/271/52
f 146/272/53 147/273/53 145/274/53
f 148/275/54 151/276/54 147/277/54
f 151/278/55 145/279/55 147/280/55
f 166/281/56 154/282/56 164/283/56
f 169/284/57 163/285/57 168/286/57
f 161/287/58 165/288/58 171/289/58
f 156/290/59 158/291/59 154/282/59
f 162/292/60 168/286/60 159/293/60
f 153/294/61 158/295/61 160/296/61
f 161/287/62 156/297/62 155/298/62
f 160/299/63 168/286/63 167/300/63
f 171/301/64 162/292/64 161/302/64
f 168/286/65 170/303/65 169/284/65
f 165/288/66 169/304/66 171/289/66
f 164/283/67 154/282/67 153/305/67
f 155/306/68 166/281/68 165/307/68
f 167/308/69 153/294/69 160/296/69
f 177/309/70 172/310/70 176/311/70
f 179/312/71 176/313/71 178/314/71
f 175/315/72 177/316/72 179/317/72
f 173/318/73 174/319/73 172/310/73
f 175/320/74 178/314/74 174/321/74
f 178/322/75 172/323/75 174/324/75
s 1
f 197/325/76 180/326/77 196/327/78
f 183/328/79 184/329/80 181/330/81
f 185/331/82 186/332/83 184/329/80
f 187/333/84 188/334/85 186/335/83
f 190/336/86 189/337/87 188/334/85
f 191/338/88 192/339/89 189/337/87
f 193/340/90 194/341/91 192/339/89
f 195/342/92 196/343/78 194/341/91
f 191/344/88 187/345/84 183/346/79
f 182/347/93 181/330/81 180/326/77
f 189/348/87 194/349/91 180/350/77
f 209/351/94 198/352/95 208/353/96
f 203/354/97 204/355/98 202/356/99
f 205/357/100 206/358/101 204/355/98
f 207/359/102 208/360/96 206/361/101
f 201/362/103 202/363/99 200/364/104
f 207/365/102 205/366/100 203/367/97
f 199/368/105 200/369/104 198/352/95
f 206/370/101 208/371/96 200/372/104
s 0
f 224/373/106 211/374/106 221/375/106
f 227/376/107 220/377/107 226/378/107
f 218/379/108 223/380/108 227/381/108
f 213/382/59 215/383/59 211/374/59
f 219/384/60 226/378/60 216/385/60
f 210/386/61 215/387/61 217/388/61
f 218/379/62 213/389/62 212/390/62
f 217/299/63 226/378/63 225/391/63
f 228/392/109 219/384/109 218/393/109
f 226/378/110 228/392/110 227/376/110
f 225/394/111 220/395/111 222/396/111
f 222/397/112 211/374/112 210/398/112
f 212/306/68 224/373/68 223/399/68
f 225/394/69 210/386/69 217/388/69
f 234/400/70 229/401/70 233/402/70
f 236/403/71 233/404/71 235/405/71
f 232/406/72 234/407/72 236/408/72
f 230/409/73 231/410/73 229/401/73
f 232/411/74 235/405/74 231/412/74
f 235/413/75 229/414/75 231/415/75
s 1
f 256/416/113 237/417/114 255/418/115
f 240/419/116 241/420/117 238/421/118
f 242/422/119 243/423/120 241/420/117
f 244/424/121 245/425/122 243/423/120
f 246/426/123 247/427/124 245/428/122
f 249/429/125 248/430/126 247/427/124
f 250/431/127 251/432/128 248/430/126
f 252/433/129 253/434/130 251/432/128
f 254/435/131 255/343/115 253/434/130
f 250/436/127 246/437/123 240/438/116
f 239/439/132 238/421/118 237/417/114
f 247/440/124 251/441/128 237/442/114
f 268/443/133 257/444/95 267/445/96
f 262/446/97 263/447/98 261/448/99
f 264/449/100 265/450/101 263/447/98
f 266/451/102 267/452/96 265/453/101
f 260/454/103 261/455/99 259/456/104
f 266/457/102 264/458/100 262/459/97
f 258/460/105 259/461/104 257/444/95
f 265/462/101 267/463/96 259/464/104
s 0
f 282/465/106 270/466/106 279/467/106
f 285/468/134 278/469/134 284/470/134
f 276/471/58 281/472/58 287/473/58
f 271/474/135 273/475/135 270/466/135
f 277/476/60 284/470/60 274/477/60
f 269/478/61 273/479/61 275/480/61
f 275/299/63 284/470/63 283/481/63
f 287/301/64 277/476/64 276/482/64
f 284/470/136 286/483/136 285/468/136
f 283/484/111 278/485/111 280/486/111
f 281/472/66 285/487/66 287/473/66
f 280/397/112 270/466/112 269/488/112
f 272/489/137 282/465/137 281/490/137
f 283/484/69 269/478/69 275/480/69
f 293/491/70 288/492/70 292/493/70
f 295/494/71 292/495/71 294/496/71
f 291/497/72 293/498/72 295/499/72
f 289/500/73 290/501/73 288/492/73
f 291/502/74 294/496/74 290/503/74
f 294/504/75 288/505/75 290/506/75
s 1
f 315/507/138 296/508/139 314/509/140
f 299/510/141 300/511/142 297/512/143
f 301/513/144 302/514/145 300/511/142
f 303/515/146 304/516/147 302/514/145
f 305/517/148 307/518/149 304/519/147
f 306/520/150 308/521/151 307/518/149
f 309/522/152 310/523/153 308/521/151
f 311/524/154 312/525/155 310/523/153
f 313/526/156 314/527/140 312/525/155
f 309/528/152 303/529/146 299/530/141
f 298/531/157 297/512/143 296/508/139
f 307/532/149 310/533/153 296/534/139
f 327/535/94 316/536/95 326/537/96
f 321/538/97 322/539/98 320/540/99
f 323/541/100 324/542/101 322/539/98
f 325/543/102 326/544/96 324/545/101
f 319/546/103 320/547/99 318/548/104
f 325/549/102 323/550/100 321/551/97
f 317/552/105 318/553/104 316/536/95
f 324/554/101 326/555/96 318/556/104
s 0
f 341/557/106 329/558/106 338/559/106
f 344/560/134 337/561/134 343/378/134
f 335/562/58 340/563/58 346/564/58
f 331/565/158 333/566/158 329/558/158
f 336/567/159 343/378/159 334/568/159
f 335/562/62 331/569/62 330/570/62
f 334/568/160 343/378/160 342/571/160
f 346/301/64 336/567/64 335/572/64
f 343/378/136 345/573/136 344/560/136
f 342/574/111 337/575/111 339/576/111
f 340/563/66 344/577/66 346/564/66
f 339/397/112 329/558/112 328/398/112
f 330/306/68 341/557/68 340/578/68
f 342/574/161 328/579/161 333/580/161
f 352/581/70 347/582/70 351/583/70
f 354/584/71 351/585/71 353/586/71
f 350/587/72 352/588/72 354/589/72
f 348/590/73 349/591/73 347/582/73
f 350/592/74 353/586/74 349/593/74
f 353/594/75 347/595/75 349/596/75
s 1
f 355/597/162 356/598/163 372/599/164
f 359/600/165 360/601/166 358/602/167
f 361/603/168 362/516/169 360/601/166
f 363/604/170 364/326/171 362/605/169
f 366/606/172 365/607/173 364/326/171
f 367/608/174 368/609/175 365/607/173
f 369/610/176 370/611/177 368/609/175
f 371/612/178 372/599/164 370/613/177
f 357/614/179 358/602/167 356/598/163
f 367/615/174 361/616/168 357/617/179
f 364/618/171 368/619/175 372/620/164
f 384/621/133 373/622/95 383/623/96
f 378/624/97 379/625/98 377/626/99
f 380/627/100 381/628/101 379/625/98
f 382/629/102 383/630/96 381/631/101
f 376/632/103 377/633/99 375/634/104
f 382/635/102 380/636/100 378/637/97
f 374/638/105 375/639/104 373/622/95
f 381/640/101 383/641/96 375/642/104
f 386/643/180 394/644/181 387/645/182
f 394/644/181 388/646/183 387/645/182
f 395/647/184 389/648/185 388/649/183
f 393/650/186 397/651/187 386/652/180
f 397/653/187 394/644/181 386/643/180
f 398/654/188 390/655/189 389/648/185
f 390/656/189 400/657/190 391/658/191
f 391/658/191 401/659/192 392/660/193
f 392/661/193 396/662/194 393/650/186
f 402/663/195 397/651/187 396/662/194
f 397/653/187 404/664/196 394/644/181
f 394/644/181 405/665/197 395/666/184
f 405/667/197 398/654/188 395/647/184
f 406/668/198 399/669/199 398/654/188
f 407/670/200 403/671/201 402/663/195
f 399/672/199 409/673/202 400/657/190
f 400/657/190 410/674/203 401/659/192
f 410/675/203 402/663/195 401/676/192
f 407/670/200 412/677/204 403/671/201
f 412/678/204 404/664/196 403/679/201
f 405/667/197 414/680/205 406/668/198
f 414/680/205 408/681/206 406/668/198
f 415/682/207 404/664/196 412/678/204
f 414/680/205 418/683/208 408/681/206
f 418/684/208 409/673/202 408/685/206
f 409/673/202 419/682/209 410/674/203
f 420/686/210 415/687/207 411/688/211
f 421/689/212 417/690/213 413/691/214
f 418/684/208 423/692/215 409/673/202
f 423/692/215 419/682/209 409/673/202
f 419/693/209 420/686/210 411/688/211
f 420/686/210 425/694/216 415/687/207
f 425/695/216 416/696/217 415/682/207
f 426/697/218 421/698/212 416/696/217
f 427/699/219 422/700/220 417/690/213
f 423/692/215 428/701/221 419/682/209
f 428/702/221 420/686/210 419/693/209
f 431/703/222 425/694/216 424/704/223
f 425/695/216 433/705/224 426/697/218
f 433/705/224 429/706/225 426/697/218
f 434/707/226 430/708/227 427/699/219
f 435/709/228 428/701/221 423/692/215
f 428/702/221 431/703/222 424/704/223
f 437/650/229 432/710/230 431/703/222
f 433/705/224 438/711/231 429/706/225
f 438/712/231 434/707/226 429/713/225
f 439/714/232 430/708/227 434/707/226
f 440/715/233 435/709/228 430/716/227
f 437/650/229 442/717/234 432/710/230
f 442/718/234 433/705/224 432/719/230
f 435/709/228 445/718/235 436/719/236
f 445/720/235 437/650/229 436/721/236
f 446/722/237 439/714/232 438/712/231
f 439/714/232 448/723/238 440/724/233
f 448/725/238 444/726/239 440/715/233
f 449/727/240 442/717/234 441/728/241
f 442/718/234 451/729/242 443/730/243
f 451/729/242 446/725/237 443/730/243
f 452/731/244 447/732/245 446/722/237
f 453/733/246 444/726/239 448/725/238
f 454/734/247 445/718/235 444/726/239
f 445/720/235 449/727/240 441/728/241
f 456/735/248 450/736/249 449/727/240
f 452/731/244 457/737/250 447/732/245
f 457/737/250 453/738/246 447/732/245
f 455/739/251 456/735/248 449/727/240
f 456/735/248 459/740/252 450/736/249
f 459/741/252 451/729/242 450/742/249
f 460/743/253 452/744/244 451/729/242
f 452/731/244 462/745/254 457/737/250
f 457/737/250 463/746/255 453/738/246
f 453/733/246 464/747/256 454/734/247
f 454/734/247 465/741/257 455/742/251
f 465/748/257 456/735/248 455/739/251
f 466/749/258 459/740/252 458/750/259
f 464/747/256 469/751/260 465/741/257
f 465/748/257 466/749/258 458/750/259
f 467/752/261 471/753/262 460/743/253
f 460/743/253 472/754/263 461/755/264
f 472/756/263 462/745/254 461/757/264
f 473/758/265 468/759/266 462/745/254
f 474/760/267 469/751/260 464/747/256
f 470/761/268 475/762/269 467/763/261
f 475/764/269 471/753/262 467/752/261
f 473/765/265 476/766/270 468/767/266
f 476/768/270 474/760/267 468/769/266
f 474/760/267 477/770/271 469/751/260
f 477/771/271 470/761/268 469/772/260
f 478/670/272 475/762/269 470/761/268
f 471/753/262 479/773/273 472/754/263
f 472/774/263 480/775/274 473/765/265
f 480/775/274 476/766/270 473/765/265
f 477/771/271 478/670/272 470/761/268
f 483/663/275 475/762/269 478/670/272
f 484/776/276 471/753/262 475/764/269
f 485/777/277 479/773/273 471/753/262
f 488/662/278 484/778/276 483/663/275
f 485/777/277 489/779/279 479/773/273
f 489/780/279 486/781/280 479/782/273
f 490/779/281 487/783/282 481/784/283
f 482/785/284 488/662/278 483/663/275
f 488/662/278 493/786/285 484/778/276
f 493/787/285 485/777/277 484/776/276
f 489/780/279 495/788/286 486/781/280
f 495/788/286 490/789/281 486/781/280
f 490/779/281 497/790/287 487/783/282
f 493/787/285 499/791/288 485/777/277
f 499/791/288 494/792/289 485/777/277
f 500/793/290 492/794/291 491/795/292
f 501/796/293 493/786/285 498/797/294
f 502/798/295 499/791/288 493/787/285
f 503/722/296 495/788/286 494/799/289
f 495/788/286 505/800/297 496/801/298
f 505/802/297 497/790/287 496/803/298
f 497/790/287 507/804/299 500/805/290
f 507/806/299 498/797/294 500/793/290
f 508/727/300 502/807/295 501/796/293
f 502/798/295 510/808/301 499/791/288
f 510/808/301 503/809/296 499/791/288
f 511/810/302 504/811/303 503/722/296
f 504/811/303 514/812/304 505/800/297
f 506/813/305 515/814/306 507/804/299
f 515/815/306 508/727/300 507/806/299
f 512/816/307 516/817/308 509/818/309
f 516/819/308 510/808/301 509/820/309
f 510/808/301 518/821/310 511/822/302
f 518/823/310 513/824/311 511/810/302
f 519/825/312 506/813/305 514/826/304
f 520/827/313 515/814/306 506/813/305
f 522/749/314 516/817/308 512/816/307
f 518/823/310 523/828/315 513/824/311
f 523/828/315 519/829/312 513/824/311
f 521/830/316 522/749/314 512/816/307
f 524/831/317 516/817/308 522/749/314
f 521/830/316 524/831/317 522/749/314
f 529/832/318 525/833/319 524/831/317
f 525/834/319 530/835/320 517/836/321
f 530/835/320 526/837/322 517/836/321
f 526/838/322 531/839/323 523/828/315
f 531/839/323 527/840/324 523/828/315
f 532/841/325 528/842/326 520/827/313
f 528/843/326 529/832/318 524/831/317
f 529/832/318 534/740/327 525/833/319
f 534/844/327 530/835/320 525/834/319
f 535/845/328 531/839/323 526/838/322
f 536/846/329 527/840/324 531/839/323
f 537/847/330 532/841/325 527/848/324
f 532/841/325 538/849/331 528/842/326
f 538/850/331 529/832/318 528/843/326
f 539/735/332 534/740/327 533/750/333
f 541/851/334 536/846/329 535/845/328
f 542/852/335 538/849/331 532/841/325
f 538/850/331 539/735/332 533/750/333
f 543/853/336 540/854/337 539/735/332
f 540/855/337 544/856/338 530/835/320
f 541/851/334 545/857/339 536/846/329
f 545/857/339 537/858/330 536/846/329
f 546/859/340 542/852/335 537/847/330
f 542/852/335 547/860/341 538/849/331
f 547/861/341 539/735/332 538/850/331
f 548/862/342 540/854/337 543/853/336
f 549/863/343 544/856/338 540/855/337
f 550/864/344 545/857/339 541/851/334
f 547/861/341 548/862/342 543/853/336
f 552/797/345 549/865/343 548/862/342
f 550/864/344 554/797/346 545/857/339
f 554/797/346 546/866/340 545/857/339
f 555/867/347 542/852/335 546/859/340
f 551/868/348 552/797/345 548/862/342
f 557/650/349 549/865/343 552/797/345
f 553/869/350 559/870/351 550/871/344
f 559/872/351 554/797/346 550/864/344
f 560/873/352 555/874/347 554/797/346
f 551/868/348 557/650/349 552/797/345
f 562/875/353 558/876/354 557/650/349
f 558/877/354 563/878/355 553/869/350
f 553/869/350 564/879/356 559/870/351
f 560/873/352 565/880/357 555/874/347
f 565/881/357 556/882/358 555/867/347
f 562/875/353 568/883/359 558/876/354
f 568/884/359 563/878/355 558/877/354
f 569/885/360 565/880/357 560/873/352
f 566/886/361 571/887/362 561/888/363
f 571/889/362 562/875/353 561/890/363
f 563/878/355 574/891/364 564/879/356
f 574/892/364 569/885/360 564/893/356
f 566/886/361 576/894/365 571/887/362
f 576/895/365 567/663/366 571/889/362
f 577/896/367 568/883/359 572/897/368
f 574/892/364 579/690/369 569/885/360
f 569/885/360 580/898/370 570/899/371
f 580/900/370 575/901/372 570/902/371
f 581/903/373 578/904/374 577/896/367
f 578/905/374 582/906/375 573/907/376
f 582/906/375 574/891/364 573/907/376
f 584/908/377 575/901/372 580/900/370
f 585/909/378 576/894/365 575/901/372
f 586/772/379 577/896/367 576/895/365
f 587/749/380 578/910/374 581/911/373
f 588/912/381 582/906/375 578/905/374
f 583/913/382 589/914/383 579/915/369
f 589/914/383 584/916/377 579/915/369
f 586/917/379 587/749/380 581/911/373
f 591/918/384 588/919/381 587/749/380
f 588/912/381 593/920/385 582/906/375
f 593/920/385 583/921/382 582/906/375
f 594/922/386 589/914/383 583/913/382
f 584/908/377 596/923/387 585/909/378
f 596/923/387 590/924/388 585/909/378
f 590/925/388 591/918/384 587/749/380
f 597/926/389 592/927/390 591/918/384
f 594/922/386 599/928/391 589/914/383
f 596/923/387 600/929/392 590/924/388
f 600/930/392 591/918/384 590/925/388
f 601/931/393 592/927/390 597/926/389
f 602/932/394 593/920/385 592/933/390
f 599/928/391 604/934/395 595/935/396
f 595/936/396 605/937/397 596/923/387
f 605/937/397 600/929/392 596/923/387
f 600/930/392 601/931/393 597/926/389
f 602/932/394 387/645/182 593/920/385
f 593/920/385 388/646/183 598/938/398
f 388/649/183 603/939/399 598/940/398
f 606/941/400 607/942/401 601/931/393
f 607/942/401 386/652/180 602/943/394
f 386/643/180 387/645/182 602/932/394
f 603/939/399 390/655/189 604/934/395
f 390/656/189 605/937/397 604/944/395
f 391/658/191 606/945/400 605/937/397
f 392/661/193 607/942/401 606/941/400
f 615/946/402 609/947/403 608/948/404
f 609/949/403 616/950/405 610/951/406
f 617/952/407 613/953/408 612/954/409
f 618/955/410 608/956/404 614/957/411
f 620/958/412 609/947/403 615/946/402
f 621/959/413 616/950/405 609/949/403
f 622/960/414 617/952/407 611/961/415
f 623/962/416 613/953/408 617/952/407
f 624/963/417 618/955/410 613/964/408
f 619/965/418 620/958/412 615/946/402
f 625/966/419 621/967/413 620/958/412
f 621/959/413 626/968/420 616/950/405
f 628/969/421 620/958/412 619/965/418
f 625/966/419 629/970/422 621/967/413
f 629/971/422 626/968/420 621/959/413
f 626/968/420 630/972/423 622/973/414
f 630/974/423 627/975/424 622/960/414
f 627/975/424 632/976/425 624/977/417
f 632/978/425 618/955/410 624/963/417
f 633/979/426 628/980/421 618/955/410
f 628/969/421 634/981/427 629/970/422
f 637/982/428 635/983/429 634/981/427
f 638/984/430 630/972/423 626/968/420
f 639/985/431 631/986/432 630/974/423
f 631/986/432 640/987/433 632/976/425
f 640/988/433 633/979/426 632/978/425
f 641/989/434 636/990/435 633/979/426
f 636/991/435 637/982/428 634/981/427
f 637/982/428 645/992/436 635/983/429
f 645/993/436 638/984/430 635/994/429
f 641/989/434 642/995/437 636/990/435
f 636/991/435 642/996/437 637/982/428
f 644/997/438 645/992/436 642/996/437
f 638/984/430 646/998/439 643/999/440
f 647/1000/441 640/987/433 643/1001/440
f 648/1002/442 641/989/434 640/988/433
f 644/1003/438 652/1004/443 645/993/436
f 653/1004/444 649/1005/445 641/989/434
f 649/1006/445 650/1007/446 644/997/438
f 654/958/447 651/1008/448 650/1007/446
f 652/1004/443 655/1009/449 646/998/439
f 655/1010/449 647/1000/441 646/1011/439
f 656/962/450 648/1012/442 647/1000/441
f 658/1013/451 650/1007/446 649/1006/445
f 654/958/447 660/1014/452 651/1008/448
f 660/1015/452 652/1004/443 651/1016/448
f 661/1017/453 655/1009/449 652/1004/443
f 659/1018/454 654/958/447 658/1013/451
f 663/1019/455 660/1014/452 659/1018/454
f 661/1017/453 664/1020/456 655/1009/449
f 662/1021/457 665/1022/458 657/1023/459
f 665/1024/458 658/1025/451 657/1026/459
f 658/1025/451 663/1027/455 659/1028/454
f 667/1029/460 660/1014/452 663/1019/455
f 666/1030/461 670/1031/462 663/1027/455
f 668/1032/463 672/1033/464 661/1017/453
f 661/1017/453 673/1034/465 664/1020/456
f 673/1035/465 669/1036/466 664/1037/456
f 669/1036/466 674/1038/467 665/1022/458
f 674/1039/467 666/1030/461 665/1024/458
f 675/1040/468 670/1031/462 666/1030/461
f 671/1041/469 677/1042/470 668/1043/463
f 678/1044/471 674/1038/467 669/1036/466
f 675/1040/468 680/1045/472 670/1031/462
f 680/1046/472 671/1041/469 670/1047/462
f 681/1048/473 678/1044/471 673/1035/465
f 679/1049/474 689/1050/475 675/1040/468
f 682/1051/476 677/1042/470 676/1052/477
f 683/1053/478 672/1033/464 677/1054/470
f 672/1033/464 685/1055/479 681/1056/473
f 686/1057/480 679/1058/474 681/1048/473
f 687/1059/481 689/1050/475 679/1049/474
f 680/1046/472 682/1051/476 676/1052/477
f 690/1060/482 683/1061/478 682/1051/476
f 691/1062/483 687/1063/481 686/1057/480
f 688/1064/484 692/1065/485 689/1050/475
f 689/1066/475 690/1060/482 682/1051/476
f 690/1067/482 694/1068/486 683/1069/478
f 694/1070/486 684/1071/487 683/1053/478
f 695/1072/488 691/1073/483 685/1074/479
f 696/1075/489 687/1076/481 691/1073/483
f 697/1077/490 688/1064/484 687/1059/481
f 692/1078/485 693/981/491 690/1067/482
f 699/1079/492 694/1068/486 693/981/491
f 698/1080/493 702/1081/494 692/1065/485
f 702/1082/494 693/981/491 692/1078/485
f 699/1079/492 703/1083/495 694/1068/486
f 703/1084/495 700/1085/496 694/1070/486
f 704/1086/497 701/1087/498 695/1072/488
f 701/1087/498 705/1088/499 697/1089/490
f 705/1090/499 698/1080/493 697/1077/490
f 707/1091/500 700/1085/496 703/1084/495
f 709/962/501 705/1088/499 704/1086/497
f 705/1090/499 715/1092/502 698/1080/493
f 698/1080/493 706/1093/503 702/1081/494
f 706/1094/503 703/1083/495 702/1082/494
f 711/946/504 707/1095/500 706/1094/503
f 713/952/505 710/1096/506 709/962/501
f 710/1097/506 714/1098/507 715/1092/502
f 711/946/504 717/1099/508 707/1095/500
f 717/1100/508 712/1101/509 707/1091/500
f 718/1102/510 713/952/505 708/1103/511
f 713/952/505 719/948/512 710/1096/506
f 719/1104/512 714/1098/507 710/1097/506
f 714/1098/507 720/1105/513 715/1092/502
f 720/1106/513 711/946/504 715/1107/502
f 717/1100/508 721/1108/514 712/1101/509
f 723/1109/515 714/1098/507 719/1104/512
f 724/1110/516 720/1105/513 714/1098/507
f 725/1041/517 717/1099/508 716/1111/518
f 727/1112/519 722/1113/520 718/1102/510
f 720/1106/513 725/1041/517 716/1111/518
f 729/1114/521 726/1115/522 725/1041/517
f 730/1116/523 727/1117/519 721/1108/514
f 722/1113/520 731/1118/524 723/1119/515
f 723/1109/515 732/1120/525 724/1110/516
f 732/1120/525 728/1121/526 724/1110/516
f 729/1114/521 734/1122/527 726/1115/522
f 734/1123/527 730/1116/523 726/1124/522
f 735/1125/528 731/1118/524 727/1112/519
f 736/1126/529 732/1120/525 731/1127/524
f 732/1120/525 737/1128/530 728/1121/526
f 737/1129/530 729/1114/521 728/1130/526
f 730/1116/523 739/1131/531 735/1132/528
f 740/1057/532 736/1133/529 735/1125/528
f 733/1134/533 742/1135/534 734/1122/527
f 742/1136/534 738/1137/535 734/1123/527
f 739/1138/531 743/1139/536 740/1057/532
f 743/1139/536 736/1133/529 740/1057/532
f 736/1126/529 745/1140/537 732/1120/525
f 745/1140/537 737/1128/530 732/1120/525
f 741/1141/538 733/1134/533 737/1129/530
f 738/1137/535 747/1142/539 739/1131/531
f 747/1143/539 743/1139/536 739/1138/531
f 746/1144/540 750/1042/541 742/1135/534
f 742/1136/534 751/1145/542 738/1137/535
f 751/1145/542 747/1142/539 738/1137/535
f 747/1143/539 753/1146/543 744/1147/544
f 753/1148/543 745/1140/537 744/1149/544
f 754/1150/545 748/1151/546 745/1140/537
f 748/1152/546 749/1153/547 746/1144/540
f 751/1145/542 755/1154/548 752/1148/549
f 756/1044/550 753/1146/543 752/1048/549
f 757/1154/551 754/1150/545 753/1148/543
f 759/1155/552 750/1042/541 749/1153/547
f 760/1156/553 751/1145/542 750/1157/541
f 755/1158/548 762/1159/554 756/1044/550
f 762/1159/554 757/1160/551 756/1044/550
f 757/1154/551 767/1161/555 754/1150/545
f 767/1161/555 758/1162/556 754/1150/545
f 758/1163/556 759/1155/552 749/1153/547
f 763/1164/557 760/1165/553 759/1155/552
f 764/1166/558 762/1159/554 755/1158/548
f 762/1159/554 765/1167/559 757/1160/551
f 757/1154/551 766/1168/560 767/1161/555
f 758/1163/556 763/1164/557 759/1155/552
f 763/1164/557 769/1014/561 760/1165/553
f 760/1156/553 770/1169/562 761/1170/563
f 770/1169/562 764/1171/558 761/1170/563
f 764/1166/558 772/1172/564 765/1167/559
f 767/1173/555 768/1172/565 763/1164/557
f 776/1174/566 773/1175/567 772/1172/564
f 773/1176/567 777/1177/568 766/1168/560
f 777/1177/568 774/1178/569 766/1168/560
f 778/1179/570 770/1169/562 769/1180/561
f 779/1181/571 771/1182/572 770/1169/562
f 771/1183/572 781/1184/573 776/1174/566
f 776/1174/566 781/1184/573 773/1175/567
f 782/1185/574 775/1186/575 774/1187/569
f 783/1007/576 778/1188/570 775/1186/575
f 785/1189/577 777/1177/568 781/1190/573
f 782/1185/574 783/1007/576 775/1186/575
f 783/1007/576 788/1191/578 778/1188/570
f 788/1192/578 779/1181/571 778/1179/570
f 789/1193/579 784/1000/580 780/1194/581
f 787/1195/582 783/1007/576 782/1185/574
f 790/981/583 788/1191/578 787/1195/582
f 788/1192/578 792/1196/584 779/1181/571
f 792/1196/584 789/1197/579 779/1181/571
f 784/1000/580 793/1198/585 785/1199/577
f 789/1193/579 797/1200/586 793/1198/585
f 798/1201/587 786/1202/588 793/1203/585
f 794/1204/589 795/1067/590 790/981/583
f 795/1205/590 800/1206/591 791/1207/592
f 800/1208/591 792/1196/584 791/1209/592
f 801/1210/593 796/1211/594 792/1196/584
f 802/1212/595 795/1205/590 794/1213/589
f 804/1214/596 801/1210/593 800/1208/591
f 796/1215/594 806/1216/597 797/1217/586
f 806/1216/597 798/1218/587 797/1217/586
f 798/1201/587 808/1219/598 799/1220/599
f 808/1219/598 802/1221/595 799/1220/599
f 810/1222/600 805/1223/601 801/1210/593
f 809/1224/602 803/1225/603 802/1212/595
f 809/1224/602 812/1226/604 804/1227/596
f 812/1228/604 810/1222/600 804/1214/596
f 805/1229/601 814/1230/605 806/1216/597
f 814/1230/605 807/1231/606 806/1216/597
f 815/1232/607 808/1219/598 807/1233/606
f 808/1219/598 816/1234/608 809/1235/602
f 610/951/406 813/1236/609 810/1222/600
f 612/954/409 815/1237/607 814/1230/605
f 608/948/404 812/1226/604 817/1238/610
f 609/949/403 610/951/406 812/1228/604
f 611/961/415 612/954/409 813/1239/609
f 608/948/404 817/1238/610 816/1240/608
f 1004/650/789 997/1547/790 996/1548/791
f 1005/1549/792 1000/648/793 999/1550/794
f 1003/793/795 1004/650/789 996/1548/791
f 1007/662/796 997/1547/790 1004/650/789
f 1008/1551/797 998/658/798 997/1552/790
f 1009/1553/799 1005/666/792 998/658/798
f 1010/1554/800 1001/655/801 1000/648/793
f 1001/656/801 1012/1555/802 1002/1556/803
f 1013/663/804 1008/1557/797 1007/662/796
f 1009/1553/799 1014/1558/805 1005/666/792
f 1014/1559/805 1010/1554/800 1005/1549/792
f 1015/1560/806 1007/662/796 1006/1561/807
f 1016/670/808 1008/1557/797 1013/663/804
f 1017/1562/809 1009/1553/799 1008/1551/797
f 1018/1563/810 1010/1554/800 1014/1559/805
f 1010/1554/800 1020/1564/811 1011/1565/812
f 1011/1566/812 1021/1567/813 1012/1555/802
f 1021/1567/813 1015/1568/806 1012/1555/802
f 1022/1569/814 1017/1570/809 1016/670/808
f 1023/1571/815 1018/1572/810 1009/1553/799
f 1021/1567/813 1024/1573/816 1015/1568/806
f 1024/1574/816 1016/670/808 1015/1560/806
f 1025/1575/817 1017/1570/809 1022/1569/814
f 1026/1576/818 1023/1571/815 1017/1562/809
f 1027/1577/819 1019/1578/820 1018/1563/810
f 1019/1578/820 1029/1579/821 1020/1564/811
f 1029/1580/821 1021/1567/813 1020/1581/811
f 1024/1574/816 1025/1575/817 1022/1569/814
f 1031/686/822 1026/1582/818 1025/1575/817
f 1024/1574/816 1031/686/822 1025/1575/817
f 1033/897/823 1026/1582/818 1031/686/822
f 1026/1576/818 1035/1583/824 1023/1571/815
f 1023/1571/815 1036/1584/825 1027/1585/819
f 1027/1577/819 1037/1586/826 1028/1587/827
f 1037/1586/826 1029/1579/821 1028/1587/827
f 1038/1588/828 1030/696/829 1029/1580/821
f 1039/1589/830 1032/1590/831 1030/696/829
f 1032/1591/831 1033/897/823 1031/686/822
f 1040/663/832 1034/1592/833 1033/897/823
f 1041/1593/834 1039/1589/830 1038/1588/828
f 1032/1591/831 1040/663/832 1033/897/823
f 1040/663/832 1044/651/835 1034/1592/833
f 1035/1583/824 1045/1594/836 1036/1584/825
f 1045/780/836 1037/1586/826 1036/782/825
f 1046/1595/837 1041/1596/834 1037/1586/826
f 1042/889/838 1043/703/839 1040/663/832
f 1048/650/840 1044/651/835 1043/703/839
f 1049/1597/841 1035/1583/824 1044/1598/835
f 1050/1599/842 1045/1594/836 1035/1583/824
f 1046/1595/837 1052/1600/843 1041/1596/834
f 1052/1601/843 1039/1589/830 1041/1593/834
f 1053/1602/844 1047/719/845 1039/1589/830
f 1047/721/845 1048/650/840 1043/703/839
f 1053/1602/844 1056/1603/846 1047/719/845
f 1056/1604/846 1048/650/840 1047/721/845
f 1054/728/847 1057/807/848 1049/1605/841
f 1049/1597/841 1058/1606/849 1050/1599/842
f 1050/1599/842 1059/1607/850 1051/1608/851
f 1059/1609/850 1055/1610/852 1051/1611/851
f 1055/1610/852 1060/1612/853 1052/1600/843
f 1060/1613/853 1053/1602/844 1052/1601/843
f 1062/727/854 1057/807/848 1054/728/847
f 1056/1604/846 1062/727/854 1054/728/847
f 1066/735/855 1063/1614/856 1062/727/854
f 1065/739/857 1066/735/855 1062/727/854
f 1066/735/855 1070/740/858 1063/1614/856
f 1063/1615/856 1071/747/859 1058/1606/849
f 1067/1616/860 1072/1617/861 1064/1618/862
f 1072/1617/861 1068/1619/863 1064/1618/862
f 1061/1620/864 1074/741/865 1065/742/857
f 1074/748/865 1066/735/855 1065/739/857
f 1075/749/866 1070/740/858 1069/750/259
f 1076/752/867 1071/747/859 1070/741/858
f 1073/1621/868 1079/751/869 1074/741/865
f 1074/748/865 1075/749/866 1069/750/259
f 1081/1622/870 1077/1623/871 1071/747/859
f 1080/761/872 1084/1624/873 1076/763/867
f 1081/1622/870 1085/768/874 1077/1623/871
f 1085/1625/874 1082/1626/875 1077/1627/871
f 1082/1626/875 1086/766/876 1078/767/877
f 1086/768/876 1083/1628/878 1078/1623/877
f 1083/1628/878 1087/764/879 1079/751/869
f 1087/1629/879 1080/761/872 1079/772/869
f 1088/670/880 1084/1624/873 1080/761/872
f 1084/1630/873 1089/1631/881 1081/1622/870
f 1089/1631/881 1085/768/874 1081/1622/870
f 1085/1625/874 1091/775/882 1082/1626/875
f 1091/775/882 1086/766/876 1082/1626/875
f 1092/1632/883 1083/1628/878 1086/768/876
f 1087/1629/879 1088/670/880 1080/761/872
f 1094/663/884 1084/1624/873 1088/670/880
f 1095/1633/885 1089/1631/881 1084/1630/873
f 1093/1634/886 1097/776/887 1087/764/879
f 1087/1629/879 1094/663/884 1088/670/880
f 1098/662/888 1095/1635/885 1094/663/884
f 1089/1631/881 1100/1636/889 1090/1637/890
f 1100/1638/889 1096/781/891 1090/1639/890
f 1096/781/891 1101/789/892 1092/1640/883
f 1101/779/892 1093/1634/886 1092/1632/883
f 1102/1641/893 1097/776/887 1093/1634/886
f 1097/1642/887 1098/662/888 1094/663/884
f 1098/662/888 1104/786/894 1095/1635/885
f 1104/1643/894 1099/1644/895 1095/1633/885
f 1100/1638/889 1105/788/896 1096/781/891
f 1105/788/896 1101/789/892 1096/781/891
f 1102/1641/893 1107/1645/897 1097/776/887
f 1107/1646/897 1098/662/888 1097/1642/887
f 1109/1647/898 1107/1645/897 1102/1641/893
f 1110/796/899 1104/786/894 1103/1648/900
f 1111/1649/901 1099/1644/895 1104/1643/894
f 1112/1650/902 1108/1651/903 1099/1644/895
f 1105/788/896 1114/723/904 1106/801/905
f 1114/809/904 1109/1647/898 1106/1652/905
f 1109/1647/898 1115/1653/906 1107/1645/897
f 1107/1646/897 1110/796/899 1103/1648/900
f 1116/727/907 1111/1654/901 1110/796/899
f 1112/1650/902 1117/1655/908 1108/1651/903
f 1117/1656/908 1113/811/909 1108/1657/903
f 1113/811/909 1118/1658/910 1114/723/904
f 1118/1655/910 1109/1647/898 1114/809/904
f 1116/727/907 1120/1659/911 1111/1654/901
f 1120/814/911 1112/1650/902 1111/1649/901
f 1121/1660/912 1117/1655/908 1112/1650/902
f 1109/1647/898 1124/1661/913 1115/1653/906
f 1124/1662/913 1116/727/907 1115/1663/906
f 1125/750/914 1120/1659/911 1119/1664/915
f 1121/1660/912 1127/1665/916 1117/1655/908
f 1127/1666/916 1122/1667/917 1117/1656/908
f 1122/1667/917 1128/1668/918 1118/1658/910
f 1128/1669/918 1123/1670/919 1118/1655/910
f 1124/1662/913 1125/750/914 1119/1664/915
f 1129/749/920 1126/1671/921 1125/750/914
f 1126/1672/921 1130/1673/922 1121/1660/912
f 1130/1673/922 1127/1665/916 1121/1660/912
f 1132/1674/923 1125/750/914 1124/1662/913
f 1133/831/924 1126/1671/921 1129/749/920
f 1134/1675/925 1130/1673/922 1126/1672/921
f 1135/1676/926 1131/1677/927 1127/1666/916
f 1128/1669/918 1137/1678/928 1123/1670/919
f 1137/1678/928 1132/1679/923 1123/1670/919
f 1132/1674/923 1133/831/924 1129/749/920
f 1139/832/929 1134/1680/925 1133/831/924
f 1134/1675/925 1140/1681/930 1130/1673/922
f 1140/1681/930 1135/1682/926 1130/1673/922
f 1135/1676/926 1142/839/931 1131/1677/927
f 1142/839/931 1136/1683/932 1131/1677/927
f 1138/843/933 1139/832/929 1133/831/924
f 1139/832/929 1144/1684/934 1134/1680/925
f 1144/1685/934 1140/1681/930 1134/1675/925
f 1142/839/931 1146/1686/935 1136/1683/932
f 1146/1687/935 1137/1678/928 1136/1688/932
f 1137/1678/928 1148/849/936 1138/842/933
f 1148/850/936 1139/832/929 1138/843/933
f 1149/735/937 1144/1684/934 1143/750/938
f 1150/1689/939 1145/1690/940 1141/1691/941
f 1148/850/936 1149/735/937 1143/750/938
f 1151/853/942 1144/1684/934 1149/735/937
f 1144/1685/934 1153/1692/943 1140/1681/930
f 1150/1689/939 1154/857/944 1145/1690/940
f 1154/857/944 1146/1686/935 1145/1690/940
f 1147/1693/945 1156/860/946 1148/849/936
f 1156/861/946 1149/735/937 1148/850/936
f 1157/862/947 1152/1694/948 1151/853/942
f 1158/1695/949 1154/857/944 1150/1689/939
f 1155/1696/950 1159/1697/951 1147/1693/945
f 1159/1697/951 1156/860/946 1147/1693/945
f 1156/861/946 1157/862/947 1151/853/942
f 1161/797/952 1152/1694/948 1157/862/947
f 1162/1698/953 1153/1692/943 1152/1699/948
f 1163/1700/954 1158/1701/949 1153/1692/943
f 1158/1695/949 1165/797/955 1154/857/944
f 1165/797/955 1155/1702/950 1154/857/944
f 1166/1703/956 1159/1697/951 1155/1696/950
f 1160/868/957 1161/797/952 1157/862/947
f 1167/650/958 1162/1704/953 1161/797/952
f 1160/868/957 1167/650/958 1161/797/952
f 1168/888/959 1172/1705/960 1163/1700/954
f 1163/1700/954 1173/1706/961 1164/1707/962
f 1166/1703/956 1175/1708/963 1159/1697/951
f 1171/875/353 1177/883/964 1168/1709/959
f 1177/884/964 1172/1705/960 1168/888/959
f 1175/1708/963 1179/887/965 1170/888/966
f 1179/889/965 1171/875/353 1170/890/966
f 1172/1705/960 1181/1710/967 1173/1706/961
f 1181/1711/967 1178/1712/968 1173/1713/961
f 1178/1712/968 1182/1714/969 1174/1596/970
f 1174/1715/970 1183/1716/971 1175/1708/963
f 1175/1708/963 1184/1717/972 1179/887/965
f 1184/895/972 1176/663/366 1179/889/965
f 1185/896/973 1177/883/964 1180/897/368
f 1177/884/964 1187/1718/974 1172/1705/960
f 1187/1718/974 1181/1710/967 1172/1705/960
f 1188/1719/975 1178/1712/968 1181/1711/967
f 1190/903/976 1186/1720/977 1185/896/973
f 1182/1721/969 1192/1722/978 1183/1716/971
f 1192/1722/978 1184/1717/972 1183/1716/971
f 1193/772/979 1185/896/973 1184/895/972
f 1194/749/980 1186/910/977 1190/911/976
f 1186/1723/977 1196/1724/981 1187/1718/974
f 1196/1724/981 1188/1725/975 1187/1718/974
f 1188/1726/975 1198/914/982 1189/915/983
f 1198/914/982 1191/1727/984 1189/915/983
f 1193/917/979 1194/749/980 1190/911/976
f 1200/918/985 1195/1728/986 1194/749/980
f 1191/1729/984 1202/1730/987 1192/1722/978
f 1202/1730/987 1199/1731/988 1192/1722/978
f 1199/1732/988 1200/918/985 1194/749/980
f 1203/926/989 1195/1728/986 1200/918/985
f 1204/1733/990 1196/1724/981 1195/1734/986
f 1205/1735/991 1197/1736/992 1196/1724/981
f 1206/1737/993 1198/914/982 1197/1691/992
f 1207/1738/994 1201/935/995 1198/914/982
f 1208/930/996 1200/918/985 1199/1732/988
f 1209/931/997 1204/1739/990 1203/926/989
f 1207/1738/994 1210/934/998 1201/935/995
f 1202/1730/987 1211/1740/999 1208/929/996
f 1208/930/996 1209/931/997 1203/926/989
f 1209/931/997 1212/1741/1000 1204/1739/990
f 1206/1737/993 1213/1742/1001 1207/1738/994
f 1213/1742/1001 1210/934/998 1207/1738/994
f 1002/1556/803 1211/1740/999 1202/1730/987
f 997/1552/790 1205/1735/991 1212/1743/1000
f 998/658/798 999/1744/794 1205/1735/991
f 1213/1742/1001 1001/655/801 1210/934/998
f 1001/656/801 1002/1556/803 1210/944/998
f 1002/1556/803 1003/1745/795 1211/1740/999
f 1003/793/795 996/1548/791 1211/1746/999
f 1217/1747/1002 1224/952/1003 1218/1172/1004
f 1222/1748/1005 1214/1172/1006 1221/1749/1007
f 1222/1748/1005 1232/1750/1008 1215/1751/1009
f 1232/1752/1008 1216/1753/1010 1215/1754/1009
f 1224/952/1003 1227/1755/1011 1219/1756/1012
f 1227/1757/1011 1220/1758/1013 1219/1759/1012
f 1220/1758/1013 1229/959/1014 1222/1760/1005
f 1230/966/1015 1232/1750/1008 1225/958/1016
f 1232/1752/1008 1223/1761/1017 1216/1753/1010
f 1233/1762/1018 1226/962/1019 1223/1763/1017
f 1235/1764/1020 1231/1765/1021 1230/966/1015
f 1234/1766/1022 1237/1767/1023 1227/1755/1011
f 1237/1768/1023 1228/1769/1024 1227/1757/1011
f 1228/1769/1024 1235/971/1020 1229/959/1014
f 1235/1764/1020 1230/966/1015 1229/1770/1014
f 1239/981/1025 1231/1765/1021 1235/1764/1020
f 1240/1771/1026 1236/1772/1027 1231/1773/1021
f 1241/1774/1028 1234/1766/1022 1233/1762/1018
f 1242/1075/1029 1237/1767/1023 1234/1766/1022
f 1244/982/1030 1240/1775/1026 1239/981/1025
f 1242/1075/1029 1246/1776/1031 1237/1767/1023
f 1246/1777/1031 1238/1778/1032 1237/1768/1023
f 1243/1779/1033 1244/982/1030 1239/981/1025
f 1244/982/1030 1248/1780/1034 1240/1775/1026
f 1248/995/1034 1236/1772/1027 1240/1771/1026
f 1236/1772/1027 1250/999/1035 1241/1781/1028
f 1250/1782/1035 1245/1783/1036 1241/1774/1028
f 1253/1784/1037 1249/1785/1038 1248/995/1034
f 1250/1782/1035 1255/1786/1039 1245/1783/1036
f 1245/1783/1036 1256/1787/1040 1246/1776/1031
f 1256/1788/1040 1251/1789/1041 1246/1777/1031
f 1257/1790/1042 1248/1780/1034 1247/1791/1043
f 1258/1007/1044 1253/1792/1037 1252/1793/1045
f 1253/1784/1037 1259/1794/1046 1249/1785/1038
f 1256/1788/1040 1261/1004/1047 1251/1789/1041
f 1257/1790/1042 1258/1007/1044 1252/1793/1045
f 1258/1007/1044 1263/1795/1048 1253/1792/1037
f 1254/1796/1049 1265/1797/1050 1255/1786/1039
f 1265/1797/1050 1260/1798/1051 1255/1786/1039
f 1266/1013/1052 1258/1007/1044 1257/1790/1042
f 1268/1799/1053 1261/1004/1047 1260/1800/1051
f 1262/1801/1054 1270/1802/1055 1263/1795/1048
f 1271/1803/1056 1265/1797/1050 1264/1804/1057
f 1272/1172/1058 1268/1805/1053 1265/1797/1050
f 1273/1806/1059 1269/1807/1060 1266/1808/1052
f 1274/1809/1061 1267/1810/1062 1270/1027/1055
f 1275/1811/1063 1271/1812/1056 1267/1810/1062
f 1272/1172/1058 1277/1813/1064 1268/1805/1053
f 1269/1814/1060 1274/1815/1061 1270/1802/1055
f 1275/1811/1063 1281/1039/1065 1271/1812/1056
f 1281/1816/1065 1276/1817/1066 1271/1803/1056
f 1277/1818/1064 1282/1819/1067 1273/1806/1059
f 1282/1819/1067 1278/1032/1068 1273/1806/1059
f 1280/1820/1069 1284/1821/1070 1275/1811/1063
f 1284/1821/1070 1281/1039/1065 1275/1811/1063
f 1281/1816/1065 1286/1822/1071 1277/1813/1064
f 1286/1823/1071 1282/1819/1067 1277/1818/1064
f 1287/1824/1072 1279/1041/1073 1278/1825/1068
f 1283/1826/1074 1289/1827/1075 1280/1828/1069
f 1289/1829/1075 1284/1821/1070 1280/1820/1069
f 1289/1829/1075 1292/1830/1076 1284/1821/1070
f 1284/1821/1070 1293/1831/1077 1285/1832/1078
f 1293/1833/1077 1290/1834/1079 1285/1835/1078
f 1294/1836/1080 1287/1837/1072 1282/1819/1067
f 1296/1060/1081 1289/1827/1075 1288/1838/1082
f 1302/1839/1083 1292/1830/1076 1289/1829/1075
f 1292/1830/1076 1297/1840/1084 1293/1831/1077
f 1293/1833/1077 1298/1062/1085 1290/1834/1079
f 1298/1062/1085 1291/1841/1086 1290/1834/1079
f 1299/1842/1087 1294/1836/1080 1291/1843/1086
f 1295/1844/1088 1296/1060/1081 1288/1838/1082
f 1300/981/1089 1302/1069/1083 1296/1067/1081
f 1302/1839/1083 1297/1840/1084 1292/1830/1076
f 1294/1836/1080 1305/1845/1090 1295/1846/1088
f 1305/1847/1090 1296/1067/1081 1295/1848/1088
f 1302/1839/1083 1308/1849/1091 1297/1840/1084
f 1308/1850/1091 1303/1075/1092 1297/1851/1084
f 1303/1075/1092 1310/1852/1093 1299/1853/1087
f 1310/1854/1093 1304/1080/1094 1299/1842/1087
f 1306/1079/1095 1311/1855/1096 1301/1856/1097
f 1311/1084/1096 1307/1857/1098 1301/1858/1097
f 1304/1080/1094 1312/1859/1099 1305/1845/1090
f 1305/1847/1090 1311/1855/1096 1306/1079/1095
f 1311/1084/1096 1315/1860/1100 1307/1857/1098
f 1315/1860/1100 1308/1849/1091 1307/1857/1098
f 1308/1850/1091 1317/962/1101 1309/1861/1102
f 1317/962/1101 1310/1852/1093 1309/1861/1102
f 1318/1862/1103 1304/1080/1094 1310/1854/1093
f 1321/1863/1104 1312/1859/1099 1304/1080/1094
f 1318/1862/1103 1320/1864/1105 1321/1863/1104
f 1321/1107/1104 1313/1865/1106 1312/1866/1099
f 1313/1865/1106 1322/1867/1107 1314/1868/1108
f 1322/1869/1107 1315/1860/1100 1314/1870/1108
f 1323/1871/1109 1316/1872/1110 1315/1860/1100
f 1324/1873/1111 1319/952/1112 1316/1103/1110
f 1319/952/1112 1325/1874/1113 1318/1875/1103
f 1325/1876/1113 1320/1864/1105 1318/1862/1103
f 1326/1877/1114 1313/1865/1106 1321/1107/1104
f 1328/1878/1115 1323/1871/1109 1322/1869/1107
f 1330/1113/1116 1325/1874/1113 1324/1873/1111
f 1331/1879/1117 1326/1880/1114 1320/1864/1105
f 1333/1881/1118 1331/1879/1117 1325/1876/1113
f 1334/1882/1119 1327/1029/1120 1326/1877/1114
f 1332/1883/1121 1335/1884/1122 1328/1885/1115
f 1335/1886/1122 1323/1871/1109 1328/1878/1115
f 1336/1887/1123 1329/1888/1124 1323/1871/1109
f 1337/1889/1125 1330/1113/1116 1329/1890/1124
f 1336/1887/1123 1339/1891/1126 1337/1127/1125
f 1337/1889/1125 1341/1892/1127 1333/1893/1118
f 1341/1894/1127 1331/1879/1117 1333/1881/1118
f 1331/1879/1117 1343/1895/1128 1334/1896/1119
f 1343/1897/1128 1332/1883/1121 1334/1882/1119
f 1338/1898/1129 1345/1899/1130 1335/1884/1122
f 1345/1900/1130 1336/1887/1123 1335/1886/1122
f 1346/1901/1131 1348/1902/1132 1339/1891/1126
f 1348/1903/1132 1347/1904/1133 1339/1905/1126
f 1349/1906/1134 1342/1907/1135 1341/1894/1127
f 1350/1908/1136 1343/1895/1128 1342/1907/1135
f 1352/1909/1137 1345/1899/1130 1344/1910/1138
f 1352/1911/1137 1356/1912/1139 1346/1901/1131
f 1356/1912/1139 1348/1902/1132 1346/1901/1131
f 1348/1903/1132 1358/1913/1140 1353/1914/1141
f 1353/1914/1141 1358/1913/1140 1349/1915/1134
f 1349/1906/1134 1359/1916/1142 1350/1908/1136
f 1350/1908/1136 1360/1917/1143 1351/1918/1144
f 1351/1919/1144 1354/1920/1145 1352/1909/1137
f 1357/1229/1146 1361/1921/1147 1358/1913/1140
f 1362/1922/1148 1359/1916/1142 1358/1148/1140
f 1363/1155/1149 1355/1923/1150 1354/1920/1145
f 1355/1924/1150 1365/1925/1151 1356/1912/1139
f 1365/1925/1151 1357/1926/1146 1356/1912/1139
f 1359/1916/1142 1368/1927/1152 1360/1917/1143
f 1360/1928/1143 1363/1155/1149 1354/1920/1145
f 1369/1164/1153 1364/1929/1154 1363/1155/1149
f 1366/1930/1155 1370/1931/1156 1361/1921/1147
f 1370/1931/1156 1362/1932/1148 1361/1921/1147
f 1369/1164/1153 1373/1933/1157 1364/1929/1154
f 1364/1934/1154 1374/1935/1158 1365/1925/1151
f 1374/1935/1158 1366/1936/1155 1365/1925/1151
f 1366/1930/1155 1376/1172/1159 1370/1931/1156
f 1376/1172/1159 1371/1937/1160 1370/1931/1156
f 1377/1938/1161 1369/1164/1153 1368/1939/1152
f 1375/1940/1162 1378/1941/1163 1376/1172/1159
f 1376/1172/1159 1378/1941/1163 1371/1937/1160
f 1378/1942/1163 1367/1943/1164 1371/1944/1160
f 1372/1945/1165 1380/1946/1166 1373/1933/1157
f 1373/1947/1157 1381/1948/1167 1374/1935/1158
f 1381/1948/1167 1375/1949/1162 1374/1935/1158
f 1382/1950/1168 1378/1941/1163 1375/1940/1162
f 1379/1951/1169 1384/1952/1170 1377/1953/1161
f 1384/1954/1170 1372/1945/1165 1377/1938/1161
f 1386/1955/1171 1381/1948/1167 1380/1956/1166
f 1382/1950/1168 1387/1957/1172 1383/1958/1173
f 1388/1959/1174 1379/1951/1169 1383/1190/1173
f 1389/1960/1175 1384/1952/1170 1379/1951/1169
f 1390/1793/1176 1386/1961/1171 1385/1007/1177
f 1391/1962/1178 1382/1963/1168 1381/1948/1167
f 1382/1950/1168 1393/1964/1179 1387/1957/1172
f 1394/1965/1180 1385/1007/1177 1384/1954/1170
f 1390/1793/1176 1395/1966/1181 1386/1961/1171
f 1395/1967/1181 1391/1962/1178 1386/1955/1171
f 1393/1964/1179 1397/1968/1182 1388/1969/1174
f 1397/1203/1182 1389/1960/1175 1388/1959/1174
f 1398/1970/1183 1394/1971/1180 1389/1960/1175
f 1394/1965/1180 1395/1966/1181 1390/1793/1176
f 1395/1967/1181 1401/1972/1184 1391/1962/1178
f 1391/1962/1178 1402/1973/1185 1392/1974/1186
f 1402/1975/1185 1396/1976/1187 1392/1977/1186
f 1403/1978/1188 1398/1970/1183 1397/1203/1182
f 1398/1970/1183 1399/1979/1189 1394/1971/1180
f 1399/1980/1189 1395/1966/1181 1394/1965/1180
f 1402/1981/1185 1406/1057/1190 1396/1982/1187
f 1406/1057/1190 1403/1983/1188 1396/1982/1187
f 1404/1984/1191 1408/1985/1192 1400/1986/1193
f 1400/1987/1193 1409/1219/1194 1401/1972/1184
f 1409/1219/1194 1405/1988/1195 1401/1972/1184
f 1405/1989/1195 1410/1990/1196 1406/1057/1190
f 1406/1057/1190 1410/1990/1196 1403/1983/1188
f 1403/1978/1188 1411/1991/1197 1398/1970/1183
f 1411/1991/1197 1407/1992/1198 1398/1970/1183
f 1413/1993/1199 1409/1219/1194 1408/1994/1192
f 1405/1989/1195 1415/1995/1200 1410/1990/1196
f 1411/1991/1197 1417/1996/1201 1407/1992/1198
f 1417/1997/1201 1408/1985/1192 1407/1998/1198
f 1418/1041/1202 1413/1999/1199 1412/2000/1203
f 1414/2001/1204 1420/1230/1205 1415/1995/1200
f 1420/1230/1205 1416/2002/1206 1415/1995/1200
f 1418/1041/1202 1422/2003/1207 1413/1999/1199
f 1422/2004/1207 1419/2005/1208 1413/1993/1199
f 1419/2005/1208 1217/2006/1002 1414/2007/1204
f 1217/1747/1002 1420/1230/1205 1414/2001/1204
f 1423/2008/1209 1416/2002/1206 1420/1230/1205
f 1423/2009/1209 1421/2010/1210 1416/2011/1206
f 1417/1997/1201 1422/2003/1207 1418/1041/1202
f 1215/1754/1009 1419/2005/1208 1422/2004/1207
f 1216/1753/1010 1217/2006/1002 1419/2005/1208
f 1423/2009/1209 1220/1758/1013 1421/2010/1210
f 1220/1758/1013 1221/2012/1007 1421/2010/1210
f 1221/1749/1007 1214/1172/1006 1422/2003/1207
s 0
f 1614/2208/1387 1601/2209/1387 1611/2210/1387
f 1617/2211/1388 1610/2212/1388 1616/2213/1388
f 1608/2214/1389 1613/2215/1389 1619/2216/1389
f 1603/2217/1390 1605/2218/1390 1601/2219/1390
f 1609/2220/1391 1616/2221/1391 1606/2222/1391
f 1600/2223/1392 1605/2224/1392 1607/2225/1392
f 1608/2214/1393 1603/2226/1393 1602/2227/1393
f 1607/2228/1394 1616/2221/1394 1615/2229/1394
f 1619/2230/1395 1609/2220/1395 1608/2231/1395
f 1616/2213/1396 1618/2232/1396 1617/2211/1396
f 1615/2233/1397 1610/2234/1397 1612/2235/1397
f 1613/2215/1398 1617/2236/1398 1619/2216/1398
f 1612/2237/1399 1601/2209/1399 1600/2238/1399
f 1602/2239/1400 1614/2208/1400 1613/2240/1400
f 1615/2233/1401 1600/2223/1401 1607/2225/1401
f 1625/2241/1402 1620/2242/1402 1624/2243/1402
f 1627/2244/1403 1624/2245/1403 1626/2246/1403
f 1623/2247/1404 1625/2248/1404 1627/2249/1404
f 1621/2250/1405 1622/2251/1405 1620/2252/1405
f 1623/2253/1406 1626/2254/1406 1622/2255/1406
f 1626/2256/1407 1620/2257/1407 1622/2258/1407
s 1
f 1639/2259/1408 1628/2260/1409 1638/2261/1410
f 1633/2262/1411 1634/2263/1412 1632/2264/1413
f 1635/2265/1414 1636/2266/1415 1634/2263/1412
f 1637/2267/1416 1638/2268/1410 1636/2269/1415
f 1631/2270/1417 1632/2271/1413 1630/2272/1418
f 1637/2273/1416 1635/2274/1414 1633/2275/1411
f 1629/2276/1419 1630/2277/1418 1628/2260/1409
f 1636/2278/1415 1638/2279/1410 1630/2280/1418
f 1651/2281/1420 1640/2282/1421 1650/2283/1422
f 1645/2284/1423 1646/2285/1424 1644/2286/1425
f 1647/2287/1426 1648/2288/1427 1646/2285/1424
f 1649/2289/1428 1647/2290/1426 1645/2291/1423
f 1641/2292/1429 1643/2293/1430 1640/2282/1421
f 1644/2294/1425 1642/2295/1431 1643/2296/1430
f 1647/2287/1426 1649/2297/1428 1648/2288/1427
f 1648/2298/1427 1650/2299/1422 1642/2300/1431
f 1663/2301/1432 1652/2302/1433 1662/2303/1434
f 1657/2304/1435 1659/2305/1436 1656/2306/1437
f 1661/2307/1438 1662/2308/1434 1660/2309/1439
f 1655/2310/1440 1656/2311/1437 1654/2312/1441
f 1659/2313/1436 1657/2314/1435 1653/2315/1442
f 1660/2316/1439 1658/2317/1443 1659/2305/1436
f 1663/2301/1432 1653/2318/1442 1652/2302/1433
f 1658/2319/1443 1660/2320/1439 1662/2321/1434
f 1675/2322/1432 1664/2323/1433 1674/2324/1434
f 1669/2325/1435 1671/2326/1436 1668/2327/1437
f 1673/2328/1444 1674/2329/1434 1672/2330/1439
f 1667/2331/1440 1668/2332/1437 1666/2333/1445
f 1671/2334/1436 1669/2335/1435 1665/2336/1442
f 1672/2337/1439 1670/2338/1443 1671/2326/1436
f 1675/2322/1432 1665/2339/1442 1664/2323/1433
f 1670/2340/1443 1672/2341/1439 1674/2342/1434
s 0
f 1681/2343/1446 1676/2344/1446 1680/2345/1446
f 1683/2346/1447 1680/2347/1447 1682/2348/1447
f 1679/2349/1448 1681/2350/1448 1683/2351/1448
f 1677/2352/1449 1678/2353/1449 1676/2354/1449
f 1679/2355/1450 1682/2356/1450 1678/2357/1450
f 1682/2358/1451 1676/2359/1451 1678/2360/1451
f 1689/2361/1446 1684/2362/1446 1688/2363/1446
f 1691/2346/1452 1688/2364/1452 1690/2365/1452
f 1687/2366/1448 1689/2367/1448 1691/2368/1448
f 1685/2369/1453 1686/2370/1453 1684/2371/1453
f 1687/2372/1450 1690/2373/1450 1686/2374/1450
f 1690/2375/1451 1684/2376/1451 1686/2377/1451
f 1706/2378/1387 1693/2379/1387 1703/2380/1387
f 1709/2381/1388 1702/2382/1388 1708/2383/1388
f 1700/2384/1389 1705/2385/1389 1711/2386/1389
f 1695/2387/1390 1697/2388/1390 1693/2389/1390
f 1701/2390/1391 1708/2391/1391 1698/2392/1391
f 1692/2393/1392 1697/2394/1392 1699/2395/1392
f 1700/2384/1393 1695/2396/1393 1694/2397/1393
f 1699/2228/1454 1708/2391/1454 1707/2398/1454
f 1711/2230/1455 1701/2390/1455 1700/2231/1455
f 1708/2383/1396 1710/2232/1396 1709/2381/1396
f 1707/2399/1397 1702/2400/1397 1704/2235/1397
f 1705/2385/1398 1709/2401/1398 1711/2386/1398
f 1704/2237/1456 1693/2379/1456 1692/2402/1456
f 1694/2239/1457 1706/2378/1457 1705/2403/1457
f 1707/2399/1401 1692/2393/1401 1699/2395/1401
f 1717/2404/1402 1712/2405/1402 1716/2406/1402
f 1719/2407/1403 1716/2408/1403 1718/2409/1403
f 1715/2410/1404 1717/2411/1404 1719/2412/1404
f 1713/2413/1405 1714/2414/1405 1712/2415/1405
f 1715/2416/1406 1718/2254/1406 1714/2417/1406
f 1718/2418/1407 1712/2419/1407 1714/2258/1407
s 1
f 1731/2420/1458 1720/2421/1409 1730/2422/1410
f 1725/2423/1459 1726/2424/1412 1724/2425/1413
f 1727/2426/1414 1728/2427/1415 1726/2424/1412
f 1729/2428/1416 1730/2429/1410 1728/2430/1415
f 1723/2431/1417 1724/2432/1413 1722/2433/1418
f 1729/2434/1416 1727/2435/1414 1725/2436/1459
f 1721/2437/1419 1722/2438/1418 1720/2421/1409
f 1728/2439/1415 1730/2440/1410 1722/2441/1418
f 1743/2442/1420 1732/2443/1421 1742/2444/1422
f 1737/2445/1423 1738/2446/1424 1736/2447/1425
f 1739/2448/1426 1740/2449/1427 1738/2446/1424
f 1741/2450/1428 1739/2451/1426 1737/2452/1423
f 1733/2453/1429 1735/2454/1430 1732/2443/1421
f 1736/2455/1425 1734/2456/1431 1735/2457/1430
f 1739/2448/1426 1741/2458/1428 1740/2449/1427
f 1740/2459/1427 1742/2460/1422 1734/2461/1431
f 1755/2462/1432 1744/2463/1460 1754/2464/1461
f 1749/2465/1462 1751/2466/1463 1748/2467/1464
f 1753/2468/1465 1754/2469/1461 1752/2470/1466
f 1747/2471/1440 1748/2472/1464 1746/2473/1467
f 1751/2474/1463 1749/2475/1462 1745/2476/1468
f 1752/2477/1466 1750/2478/1469 1751/2466/1463
f 1755/2462/1432 1745/2479/1468 1744/2463/1460
f 1750/2480/1469 1752/2481/1466 1754/2321/1461
f 1767/2482/1432 1756/2483/1460 1766/2484/1461
f 1761/2485/1462 1763/2486/1470 1760/2487/1464
f 1765/2488/1465 1766/2489/1461 1764/2490/1471
f 1759/2471/1440 1760/2491/1464 1758/2492/1467
f 1763/2493/1470 1761/2494/1462 1757/2495/1468
f 1764/2496/1471 1762/2497/1469 1763/2486/1470
f 1767/2482/1432 1757/2479/1468 1756/2483/1460
f 1762/2498/1469 1764/2499/1471 1766/2500/1461
s 0
f 1773/2343/1446 1768/2501/1446 1772/2345/1446
f 1775/2502/1447 1772/2503/1447 1774/2348/1447
f 1771/2504/1448 1773/2505/1448 1775/2506/1448
f 1769/2369/1449 1770/2507/1449 1768/2508/1449
f 1771/2509/1450 1774/2510/1450 1770/2511/1450
f 1774/2512/1451 1768/2513/1451 1770/2514/1451
f 1781/2361/1446 1776/2515/1446 1780/2345/1446
f 1783/2516/1452 1780/2347/1452 1782/2517/1452
f 1779/2518/1448 1781/2519/1448 1783/2520/1448
f 1777/2521/1453 1778/2370/1453 1776/2522/1453
f 1779/2523/1450 1782/2524/1450 1778/2374/1450
f 1782/2525/1451 1776/2526/1451 1778/2527/1451
f 1798/2528/1472 1785/2529/1472 1795/2530/1472
f 1801/2531/1473 1794/2532/1473 1800/2533/1473
f 1792/2534/1474 1797/2535/1474 1803/2536/1474
f 1787/2537/1475 1789/2538/1475 1785/2539/1475
f 1793/2540/1476 1800/2541/1476 1790/2542/1476
f 1784/2543/1477 1789/2544/1477 1791/2545/1477
f 1792/2534/1478 1787/2546/1478 1786/2547/1478
f 1791/2548/1479 1800/2541/1479 1799/2549/1479
f 1803/2550/1480 1793/2540/1480 1792/2551/1480
f 1800/2533/65 1802/2552/65 1801/2531/65
f 1799/2553/1481 1794/2554/1481 1796/2555/1481
f 1797/2535/1482 1801/2556/1482 1803/2536/1482
f 1796/2557/1483 1785/2529/1483 1784/2558/1483
f 1786/2559/1484 1798/2528/1484 1797/2560/1484
f 1799/2553/1485 1784/2543/1485 1791/2545/1485
f 1809/2561/1486 1804/2562/1486 1808/2563/1486
f 1811/2564/1487 1808/2565/1487 1810/2566/1487
f 1807/2567/1488 1809/2568/1488 1811/2569/1488
f 1805/2570/1489 1806/2571/1489 1804/2572/1489
f 1807/2573/1490 1810/2574/1490 1806/2575/1490
f 1810/2576/1491 1804/2577/1491 1806/2578/1491
f 1825/2579/1492 1813/2580/1492 1822/2581/1492
f 1828/2582/1493 1821/2583/1493 1827/2584/1493
f 1819/2585/1494 1824/2586/1494 1830/2587/1494
f 1815/2588/1495 1816/2589/1495 1813/2590/1495
f 1820/2591/1496 1827/2592/1496 1817/2593/1496
f 1812/2594/1497 1816/2595/1497 1818/2596/1497
f 1819/2585/1498 1815/2597/1498 1814/2598/1498
f 1818/2599/1499 1827/2592/1499 1826/2600/1499
f 1830/2601/1500 1820/2591/1500 1819/2602/1500
f 1827/2584/1501 1829/2603/1501 1828/2582/1501
f 1826/2604/1502 1821/2605/1502 1823/2606/1502
f 1824/2586/1503 1828/2607/1503 1830/2587/1503
f 1822/2608/1504 1824/2609/1504 1825/2610/1504
f 1823/2611/1505 1813/2580/1505 1812/2612/1505
f 1814/2598/1506 1825/2613/1506 1824/2586/1506
f 1826/2604/1507 1812/2594/1507 1818/2596/1507
f 1836/2614/1508 1831/2615/1508 1835/2616/1508
f 1838/2617/1509 1835/2618/1509 1837/2619/1509
f 1834/2620/1510 1836/2621/1510 1838/2622/1510
f 1832/2623/1511 1833/2624/1511 1831/2625/1511
f 1834/2626/1512 1837/2627/1512 1833/2628/1512
f 1837/2629/1513 1831/2630/1513 1833/2631/1513
f 1844/2632/1514 1839/2633/1514 1843/2634/1514
f 1846/2635/1515 1843/2636/1515 1845/2637/1515
f 1842/2638/1516 1844/2639/1516 1846/2640/1516
f 1840/2641/1517 1841/2642/1517 1839/2643/1517
f 1842/2644/1518 1845/2645/1518 1841/2646/1518
f 1845/2647/1519 1839/2648/1519 1841/2649/1519
f 1852/2650/1520 1847/2651/1520 1851/2652/1520
f 1854/2653/1521 1851/2654/1521 1853/2655/1521
f 1850/2656/1522 1852/2657/1522 1854/2658/1522
f 1848/2659/1523 1849/2660/1523 1847/2661/1523
f 1850/2662/1524 1853/2663/1524 1849/2664/1524
f 1853/2665/1525 1847/2666/1525 1849/2667/1525
s 1
f 1867/2671/1527 1860/2672/1528 1866/2673/1529
f 1863/2674/1530 1864/2675/1531 1862/2676/1532
f 1865/2677/1533 1866/2678/1529 1864/2675/1531
f 1859/2679/1534 1862/2680/1532 1860/2672/1528
f 1865/2681/1533 1863/2682/1530 1861/2683/1535
f 1866/2684/1529 1862/2685/1532 1864/2686/1531
f 1875/2687/1536 1868/2688/1537 1874/2689/1538
f 1871/2690/1539 1872/2691/1540 1870/2692/1541
f 1873/2693/1542 1874/2694/1538 1872/2691/1540
f 1869/2695/1543 1870/2696/1541 1868/2688/1537
f 1873/2697/1542 1871/2698/1539 1869/2699/1543
f 1872/2700/1540 1874/2701/1538 1868/2702/1537
f 1879/2703/1544 1880/2704/1545 1878/2705/1546
f 1881/2706/1547 1882/2707/1548 1880/2708/1545
f 1883/2709/1549 1876/2710/1550 1882/2707/1548
f 1883/2711/1549 1881/2712/1547 1879/2713/1544
f 1877/2714/1551 1878/2705/1546 1876/2715/1550
f 1882/2716/1548 1878/2717/1546 1880/2718/1545
f 1891/2719/1536 1884/2720/1552 1890/2721/1553
f 1887/2722/1539 1888/2723/1540 1886/2724/1541
f 1889/2725/1554 1890/2726/1553 1888/2723/1540
f 1885/2727/1543 1886/2728/1541 1884/2720/1552
f 1889/2729/1554 1887/2730/1539 1885/2731/1543
f 1888/2732/1540 1890/2733/1553 1884/2734/1552
s 0
f 1897/2735/1555 1892/2736/1555 1896/2737/1555
f 1899/2738/1556 1896/2739/1556 1898/2740/1556
f 1895/2741/1557 1897/2742/1557 1899/2743/1557
f 1893/2744/1558 1894/2745/1558 1892/2746/1558
f 1895/2747/1559 1898/2748/1559 1894/2749/1559
f 1898/2750/1560 1892/2751/1560 1894/2752/1560
f 1914/2753/1561 1901/2580/1561 1911/2754/1561
f 1917/2755/1562 1910/2756/1562 1916/2584/1562
f 1908/2757/1563 1913/2758/1563 1918/2759/1563
f 1903/2760/1564 1905/2761/1564 1901/2762/1564
f 1909/2591/1496 1916/2592/1496 1906/2593/1496
f 1900/2763/1497 1905/2764/1497 1907/2765/1497
f 1908/2757/1565 1903/2766/1565 1902/2767/1565
f 1907/2599/1499 1916/2592/1499 1915/2768/1499
f 1918/2769/1566 1909/2591/1566 1908/2770/1566
f 1915/2771/1502 1910/2772/1502 1912/2773/1502
f 1913/2774/1567 1917/2755/1567 1918/2775/1567
f 1912/2611/1505 1901/2580/1505 1900/2776/1505
f 1902/2777/1568 1914/2753/1568 1913/2778/1568
f 1915/2771/1507 1900/2763/1507 1907/2765/1507
f 1924/2779/1508 1919/2780/1508 1923/2781/1508
f 1926/2782/1509 1923/2783/1509 1925/2784/1509
f 1922/2785/1510 1924/2786/1510 1926/2622/1510
f 1920/2787/1511 1921/2788/1511 1919/2789/1511
f 1922/2790/1569 1925/2627/1569 1921/2791/1569
f 1925/2792/1513 1919/2793/1513 1921/2794/1513
f 1932/2795/1514 1927/2796/1514 1931/2797/1514
f 1934/2798/1515 1931/2799/1515 1933/2800/1515
f 1930/2801/1516 1932/2802/1516 1934/2803/1516
f 1928/2804/1517 1929/2805/1517 1927/2806/1517
f 1930/2807/1518 1933/2808/1518 1929/2809/1518
f 1933/2810/1519 1927/2811/1519 1929/2812/1519
f 1940/2813/1520 1935/2814/1520 1939/2815/1520
f 1942/2816/1521 1939/2817/1521 1941/2818/1521
f 1938/2819/1522 1940/2820/1522 1942/2821/1522
f 1936/2822/1523 1937/2823/1523 1935/2824/1523
f 1938/2825/1524 1941/2826/1524 1937/2827/1524
f 1941/2828/1525 1935/2829/1525 1937/2830/1525
s 1
f 1954/2831/1571 1947/2832/1572 1953/2833/1573
f 1950/2834/1574 1951/2835/1531 1949/2836/1575
f 1952/2837/1576 1953/2838/1573 1951/2835/1531
f 1948/2839/1577 1949/2840/1575 1947/2832/1572
f 1952/2841/1576 1950/2842/1574 1948/2843/1577
f 1953/2844/1573 1949/2845/1575 1951/2846/1531
f 1963/2847/1578 1955/2848/1579 1962/2849/1580
f 1956/2850/1581 1958/2851/1582 1957/2852/1583
f 1959/2853/1584 1960/2854/1585 1958/2855/1582
f 1961/2856/1542 1962/2857/1580 1960/2854/1585
f 1961/2858/1542 1959/2859/1584 1956/2860/1581
f 1963/2847/1578 1957/2852/1583 1955/2848/1579
f 1960/2861/1585 1962/2862/1580 1955/2863/1579
f 1967/2864/1544 1968/2865/1586 1966/2866/1546
f 1969/2867/1547 1970/2868/1548 1968/2869/1586
f 1971/2870/1549 1964/2871/1550 1970/2868/1548
f 1971/2872/1549 1969/2873/1547 1967/2874/1544
f 1965/2875/1551 1966/2866/1546 1964/2876/1550
f 1970/2877/1548 1966/2878/1546 1968/2879/1586
f 1979/2880/1536 1972/2881/1552 1978/2882/1553
f 1975/2883/1539 1976/2884/1540 1974/2885/1587
f 1977/2886/1542 1978/2887/1553 1976/2884/1540
f 1973/2888/1588 1974/2889/1587 1972/2881/1552
f 1977/2890/1542 1975/2891/1539 1973/2892/1588
f 1976/2893/1540 1978/2894/1553 1972/2895/1552
s 0
f 1985/2896/1555 1980/2897/1555 1984/2898/1555
f 1987/2899/1589 1984/2900/1589 1986/2901/1589
f 1983/2902/1557 1985/2903/1557 1987/2904/1557
f 1981/2905/1558 1982/2906/1558 1980/2907/1558
f 1983/2908/1559 1986/2909/1559 1982/2910/1559
f 1986/2911/1560 1980/2912/1560 1982/2913/1560
f 2000/2914/1590 1989/2915/1590 1998/2916/1590
f 2003/2917/1591 1997/2918/1591 2002/2919/1591
f 1995/2920/1592 1999/2921/1592 2004/2922/1592
f 1991/2923/1593 1992/2924/1593 1989/2925/1593
f 1996/2926/1594 2002/2927/1594 1993/2928/1594
f 1988/2929/1595 1992/2930/1595 1994/2931/1595
f 1995/2920/1596 1991/2932/1596 1990/2933/1596
f 1994/2934/1597 2002/2927/1597 2001/2935/1597
f 2004/2936/1598 1996/2926/1598 1995/2937/1598
f 1999/2938/1599 2003/2917/1599 2004/2939/1599
f 1998/2916/1600 1989/2915/1600 1988/2940/1600
f 1990/2941/1601 2000/2914/1601 1999/2942/1601
f 2001/2943/1602 1988/2929/1602 1994/2931/1602
s 1
f 2021/2944/1603 2005/2945/1604 2022/2946/1605
f 2009/2947/1606 2010/2948/1607 2007/2949/1608
f 2011/2950/1609 2012/2951/1610 2010/2948/1607
f 2011/2952/1609 2013/2953/1611 2012/2954/1610
f 2014/2955/1612 2015/2956/1613 2013/2953/1611
f 2016/2957/1614 2017/2958/1615 2015/2956/1613
f 2020/2959/1616 2019/2960/1617 2017/2958/1615
f 2021/2944/1603 2022/2946/1605 2019/2961/1617
f 2006/2962/1618 2007/2949/1608 2005/2945/1604
f 2011/2963/1609 2008/2964/1619 2016/2965/1614
f 2019/2966/1617 2022/2967/1605 2017/2968/1615
f 2013/2969/1611 2017/2968/1615 2022/2967/1605
f 2046/2970/1620 2023/2971/1621 2045/2972/1622
f 2026/2973/1623 2027/2974/1624 2025/2975/1625
f 2028/2976/1626 2029/2977/1627 2027/2974/1624
f 2030/2978/1628 2031/2979/1629 2029/2977/1627
f 2032/2980/1630 2033/2981/1631 2031/2982/1629
f 2034/2983/1632 2035/2984/1633 2033/2981/1631
f 2036/2985/1634 2037/2986/1635 2035/2984/1633
f 2038/2987/1636 2039/2988/1637 2037/2986/1635
f 2040/2989/1638 2041/2990/1639 2039/2988/1637
f 2042/2991/1640 2043/2992/1641 2041/2990/1639
f 2044/2993/1642 2045/2972/1622 2043/2994/1641
f 2024/2995/1643 2025/2975/1625 2023/2971/1621
f 2038/2996/1636 2032/2997/1630 2026/2998/1623
f 2033/2999/1631 2039/3000/1637 2045/3001/1622
f 2053/3002/1644 2047/3003/1645 2108/3004/1646
f 2048/3005/1647 2054/3006/1648 2103/3007/1649
f 2054/3008/1648 2049/3009/1650 2103/3010/1649
f 2052/3011/1651 2053/3002/1644 2108/3004/1646
f 2053/3002/1644 2055/3012/1652 2047/3003/1645
f 2055/3013/1652 2048/3005/1647 2047/3014/1645
f 2056/3015/1653 2055/3012/1652 2053/3002/1644
f 2048/3005/1647 2057/3016/1654 2054/3006/1648
f 2052/3011/1651 2056/3015/1653 2053/3002/1644
f 2055/3013/1652 2059/3017/1655 2048/3005/1647
f 2057/3018/1654 2060/3019/1656 2049/3020/1650
f 2060/3019/1656 2050/3021/1657 2049/3020/1650
f 2056/3022/1653 2061/3023/1658 2055/3024/1652
f 2061/3025/1658 2059/3017/1655 2055/3013/1652
f 2050/3026/1657 2063/3027/1659 2051/3028/1660
f 2063/3027/1659 2058/3029/1661 2051/3028/1660
f 2065/3030/1662 2066/3031/1663 2061/3023/1658
f 2066/3032/1663 2059/3017/1655 2061/3025/1658
f 2067/3033/1664 2060/3019/1656 2057/3018/1654
f 2069/3034/1665 2067/3035/1664 2059/3017/1655
f 2068/3036/1666 2070/3037/1667 2062/3038/1668
f 2070/3039/1667 2063/3027/1659 2062/3040/1668
f 2071/3041/1669 2065/3030/1662 2064/3042/1670
f 2072/3043/1671 2066/3031/1663 2065/3030/1662
f 2073/3044/1672 2074/3045/1673 2069/3034/1665
f 2070/3039/1667 2075/3046/1674 2063/3027/1659
f 2075/3046/1674 2071/3047/1669 2063/3027/1659
f 2076/3048/1675 2072/3049/1671 2071/3050/1669
f 2067/3051/1664 2078/3052/1676 2068/3053/1666
f 2078/3052/1676 2070/3054/1667 2068/3053/1666
f 2079/3055/1677 2073/3056/1672 2072/3049/1671
f 2080/3057/1678 2074/3045/1673 2073/3044/1672
f 2081/3058/1679 2075/3046/1674 2070/3039/1667
f 2075/3046/1674 2082/3059/1680 2076/3060/1675
f 2082/3061/1680 2079/3055/1677 2076/3048/1675
f 2083/3062/1681 2074/3045/1673 2080/3057/1678
f 2077/3063/1682 2084/3064/1683 2078/3052/1676
f 2084/3064/1683 2081/3065/1679 2078/3052/1676
f 2086/3066/1684 2083/3067/1681 2079/3055/1677
f 2083/3062/1681 2087/3068/1685 2074/3045/1673
f 2087/3068/1685 2077/3069/1682 2074/3045/1673
f 2082/3061/1680 2086/3066/1684 2079/3055/1677
f 2089/3070/1686 2083/3067/1681 2086/3066/1684
f 2085/3071/1687 2091/3072/1688 2082/3059/1680
f 2082/3061/1680 2089/3070/1686 2086/3066/1684
f 2089/3073/1686 2092/3074/1689 2083/3075/1681
f 2090/3076/1690 2093/3077/1691 2081/3065/1679
f 2093/3078/1691 2085/3071/1687 2081/3058/1679
f 2095/3079/1692 2092/3074/1689 2089/3073/1686
f 2087/3068/1685 2097/3080/1693 2088/3081/1694
f 2097/3082/1693 2090/3076/1690 2088/3083/1694
f 2094/3084/1695 2099/3085/1696 2091/3072/1688
f 2091/3086/1688 2095/3079/1692 2089/3073/1686
f 2095/3079/1692 2100/3087/1697 2092/3074/1689
f 2101/3088/1698 2094/3084/1695 2093/3078/1691
f 2102/3089/1699 2100/3087/1697 2095/3079/1692
f 2103/3090/1649 2098/3091/1700 2097/3082/1693
f 2094/3084/1695 2104/3092/1701 2099/3085/1696
f 2104/3093/1701 2095/3079/1692 2099/3094/1696
f 2098/3091/1700 2106/3095/1702 2101/3096/1698
f 2101/3088/1698 2107/3097/1703 2094/3084/1695
f 2107/3097/1703 2104/3092/1701 2094/3084/1695
f 2108/3004/1646 2047/3003/1645 2102/3098/1699
f 2047/3014/1645 2048/3005/1647 2096/3099/1704
f 2048/3005/1647 2103/3007/1649 2096/3099/1704
f 2049/3009/1650 2106/3100/1702 2105/3101/1705
f 2106/3102/1702 2051/3028/1660 2107/3097/1703
f 2051/3028/1660 2104/3092/1701 2107/3097/1703
f 2052/3011/1651 2108/3004/1646 2104/3103/1701
f 2109/3104/1706 2116/3105/1707 2165/3106/1708
f 2117/3107/1709 2109/3104/1706 2168/3108/1710
f 2111/3109/1711 2118/3110/1712 2112/3111/1713
f 2118/3110/1712 2113/3112/1714 2112/3111/1713
f 2110/3113/1715 2120/3114/1716 2111/3115/1711
f 2120/3116/1716 2118/3110/1712 2111/3109/1711
f 2118/3110/1712 2121/3117/1717 2113/3112/1714
f 2121/3118/1717 2114/3119/1718 2113/3120/1714
f 2114/3119/1718 2124/3121/1719 2117/3122/1709
f 2124/3123/1719 2115/3124/1720 2117/3050/1709
f 2119/3125/1721 2125/3126/1722 2110/3113/1715
f 2125/3126/1722 2120/3114/1716 2110/3113/1715
f 2120/3127/1716 2126/3128/1723 2118/3129/1712
f 2126/3128/1723 2121/3130/1717 2118/3129/1712
f 2127/3131/1724 2123/3132/1725 2121/3118/1717
f 2128/3133/1726 2125/3126/1722 2119/3125/1721
f 2125/3126/1722 2129/3134/1727 2120/3114/1716
f 2130/3135/1728 2122/3136/1729 2124/3123/1719
f 2126/3128/1723 2132/3037/1730 2127/3137/1724
f 2132/3039/1730 2123/3132/1725 2127/3131/1724
f 2133/3138/1731 2130/3139/1728 2123/3132/1725
f 2135/3140/1732 2132/3037/1730 2126/3128/1723
f 2136/3141/1733 2125/3126/1722 2128/3133/1726
f 2138/3048/1734 2134/3142/1735 2130/3050/1728
f 2140/3055/1736 2136/3143/1733 2134/3142/1735
f 2141/3058/1737 2133/3138/1731 2132/3039/1730
f 2142/3144/1738 2143/3145/1739 2138/3060/1734
f 2143/3146/1739 2140/3055/1736 2138/3048/1734
f 2144/3147/1740 2137/3148/1741 2136/3141/1733
f 2139/3063/1742 2145/3064/1743 2135/3149/1732
f 2145/3064/1743 2141/3065/1737 2135/3149/1732
f 2146/3066/1744 2144/3150/1740 2140/3055/1736
f 2144/3147/1740 2147/3151/1745 2137/3148/1741
f 2147/3151/1745 2139/3069/1742 2137/3148/1741
f 2143/3146/1739 2146/3066/1744 2140/3055/1736
f 2150/3070/1746 2144/3150/1740 2146/3066/1744
f 2151/3152/1747 2147/3151/1745 2144/3147/1740
f 2148/3153/1748 2150/3070/1746 2146/3066/1744
f 2152/3076/1749 2154/3077/1750 2141/3065/1737
f 2154/3078/1750 2153/3154/1751 2141/3058/1737
f 2153/3154/1751 2156/3155/1752 2148/3156/1748
f 2156/3157/1752 2150/3158/1746 2148/3159/1748
f 2158/3160/1753 2155/3161/1754 2147/3151/1745
f 2161/3162/1755 2153/3154/1751 2154/3078/1750
f 2162/3163/1756 2157/3164/1757 2156/3157/1752
f 2161/3162/1755 2163/3165/1758 2153/3154/1751
f 2163/3165/1758 2162/3166/1756 2153/3154/1751
f 2164/3089/1759 2160/3167/1760 2157/3164/1757
f 2160/3168/1760 2166/3169/1761 2158/3160/1753
f 2166/3169/1761 2155/3161/1754 2158/3160/1753
f 2167/3170/1762 2159/3171/1763 2155/3172/1754
f 2168/3173/1710 2164/3089/1759 2162/3163/1756
f 2109/3104/1706 2165/3106/1708 2164/3174/1759
f 2166/3169/1761 2111/3115/1711 2167/3175/1762
f 2165/3176/1708 2110/3113/1715 2166/3169/1761
f 2110/3113/1715 2111/3115/1711 2166/3169/1761
f 2113/3120/1714 2114/3119/1718 2163/3165/1758
f 2114/3119/1718 2168/3177/1710 2163/3165/1758
f 2172/3178/1764 2170/3179/1765 2169/3180/1766
f 2170/3181/1765 2173/3182/1767 2224/3183/1768
f 2224/3183/1768 2174/3184/1769 2226/3007/1770
f 2174/3185/1769 2171/3186/1771 2226/3010/1770
f 2175/3187/1772 2225/3188/1773 2228/3189/1774
f 2225/3188/1773 2177/3190/1775 2229/3191/1776
f 2177/3192/1775 2169/3180/1766 2229/3193/1776
f 2172/3178/1764 2178/3194/1777 2170/3179/1765
f 2178/3195/1777 2173/3182/1767 2170/3181/1765
f 2176/3196/1778 2181/3197/1779 2177/3190/1775
f 2181/3198/1779 2172/3124/1764 2177/3050/1775
f 2180/3199/1780 2182/3023/1781 2178/3024/1777
f 2182/3025/1781 2173/3182/1767 2178/3195/1777
f 2183/3200/1782 2174/3184/1769 2173/3182/1767
f 2183/3200/1782 2186/3201/1783 2174/3184/1769
f 2174/3185/1769 2187/3202/1784 2179/3203/1785
f 2187/3202/1784 2184/3204/1786 2179/3203/1785
f 2185/3030/1787 2188/3031/1788 2182/3023/1781
f 2188/3032/1788 2183/3200/1782 2182/3025/1781
f 2184/3205/1786 2189/3206/1789 2176/3196/1778
f 2176/3196/1778 2190/3207/1790 2181/3197/1779
f 2190/3208/1790 2185/3030/1787 2181/3198/1779
f 2183/3200/1782 2191/3209/1791 2186/3201/1783
f 2191/3210/1791 2187/3202/1784 2186/3211/1783
f 2187/3202/1784 2192/3212/1792 2184/3204/1786
f 2193/3043/1793 2188/3031/1788 2185/3030/1787
f 2195/3140/1794 2192/3212/1792 2187/3202/1784
f 2194/3044/1795 2196/3213/1796 2183/3200/1782
f 2192/3214/1792 2197/3046/1797 2189/3206/1789
f 2197/3046/1797 2190/3207/1790 2189/3206/1789
f 2198/3048/1798 2193/3049/1793 2190/3050/1790
f 2200/3055/1799 2194/3056/1795 2193/3049/1793
f 2201/3057/1800 2196/3213/1796 2194/3044/1795
f 2202/3058/1801 2197/3046/1797 2192/3214/1792
f 2199/3215/1802 2203/3216/1803 2195/3217/1794
f 2203/3216/1803 2202/3065/1801 2195/3217/1794
f 2197/3046/1797 2206/3218/1804 2198/3060/1798
f 2206/3146/1804 2200/3055/1799 2198/3048/1798
f 2204/3219/1805 2196/3213/1796 2201/3057/1800
f 2207/3066/1806 2204/3220/1805 2200/3055/1799
f 2206/3146/1804 2207/3066/1806 2200/3055/1799
f 2210/3070/1807 2204/3220/1805 2207/3066/1806
f 2208/3153/1808 2210/3070/1807 2207/3066/1806
f 2210/3221/1807 2214/3222/1809 2204/3075/1805
f 2212/3076/1810 2215/3077/1811 2202/3065/1801
f 2215/3078/1811 2213/3154/1812 2202/3058/1801
f 2213/3154/1812 2218/3155/1813 2208/3156/1808
f 2218/3157/1813 2210/3221/1807 2208/3159/1808
f 2221/3223/1814 2213/3154/1812 2215/3078/1811
f 2222/3224/1815 2216/3225/1816 2218/3157/1813
f 2223/3226/1817 2220/3227/1818 2216/3225/1816
f 2220/3228/1818 2224/3183/1768 2211/3229/1819
f 2224/3183/1768 2217/3230/1820 2211/3229/1819
f 2221/3223/1814 2225/3188/1773 2213/3154/1812
f 2225/3188/1773 2222/3231/1815 2213/3154/1812
f 2226/3090/1770 2219/3171/1821 2217/3232/1820
f 2170/3181/1765 2224/3183/1768 2220/3228/1818
f 2228/3189/1774 2225/3188/1773 2221/3223/1814
f 2225/3188/1773 2229/3191/1776 2222/3231/1815
f 2229/3193/1776 2223/3233/1817 2222/3234/1815
f 2169/3180/1766 2170/3179/1765 2223/3233/1817
f 2171/3186/1771 2228/3235/1774 2227/3101/1822
s 0
f 2235/3236/1823 2230/3237/1823 2234/3238/1823
f 2237/3239/1824 2234/3240/1824 2236/3241/1824
f 2233/3242/1825 2235/3243/1825 2237/3244/1825
f 2231/3245/1826 2232/3246/1826 2230/3237/1826
f 2233/3247/1827 2236/3241/1827 2232/3248/1827
f 2236/3249/1828 2230/3250/1828 2232/3251/1828
f 2243/3252/1823 2238/3253/1823 2242/3254/1823
f 2245/3255/1824 2242/3256/1824 2244/3257/1824
f 2241/3258/1825 2243/3259/1825 2245/3260/1825
f 2239/3261/1826 2240/3262/1826 2238/3253/1826
f 2241/3263/1827 2244/3257/1827 2240/3264/1827
f 2244/3265/1828 2238/3266/1828 2240/3267/1828
f 2251/3268/1829 2246/3269/1829 2250/3270/1829
f 2253/3271/1830 2250/3272/1830 2252/3273/1830
f 2249/3274/1488 2251/3275/1488 2253/3276/1488
f 2247/3277/1831 2248/3278/1831 2246/3279/1831
f 2249/3280/1832 2252/3281/1832 2248/3282/1832
f 2252/3283/1491 2246/3284/1491 2248/3285/1491
f 2256/3286/1833 2257/3287/1833 2254/3288/1833
f 2255/3289/1834 2254/3288/1834 2257/3287/1834
s 1
f 2260/3290/1835 2261/3291/1836 2259/3292/1837
f 2263/3293/1838 2262/3294/1839 2261/3295/1836
f 2263/3296/1838 2264/3297/1840 2259/3298/1837
f 2267/3290/1835 2268/3291/1836 2266/3299/1837
f 2270/3300/1838 2269/3301/1839 2268/3295/1836
f 2270/3296/1838 2271/3302/1840 2266/3303/1837
f 2274/3304/1835 2275/3305/1836 2273/3306/1837
f 2277/3307/1838 2276/3308/1839 2275/3309/1836
f 2277/3310/1838 2278/3311/1840 2273/3312/1837
f 2281/3304/1835 2282/3313/1836 2280/3314/1837
f 2284/3315/1838 2283/3316/1839 2282/3317/1836
f 2284/3318/1838 2285/3319/1840 2280/3320/1837
s 0
f 2291/3321/1841 2289/3322/1841 2287/3323/1841
f 2293/3323/1842 2289/3322/1842 2294/3321/1842
f 2288/3324/1843 2293/3325/1843 2287/3326/1843
f 2292/3327/1570 2294/3328/1570 2291/3329/1570
f 12/1/1844 4/21/1844 2/2/1844
f 15/4/1845 12/3330/1845 9/5/1845
f 7/7/1846 3/3331/1846 11/8/1846
f 3/10/1847 8/3332/1847 5/11/1847
f 8/13/1848 16/17/1848 14/14/1848
f 1/3333/1849 2/12/1849 5/11/1849
f 4/3334/1850 3/10/1850 2/12/1850
f 7/3335/1851 8/3332/1851 3/10/1851
f 6/3336/1852 5/11/1852 8/3332/1852
f 5/25/1853 6/3337/1853 13/23/1853
f 15/9/1854 16/3338/1854 7/7/1854
f 13/3339/1855 14/6/1855 9/5/1855
f 11/3340/1856 12/3330/1856 15/4/1856
f 10/3341/1857 9/5/1857 12/3330/1857
f 9/3342/1858 10/3343/1858 1/24/1858
f 3/3331/1859 4/3344/1859 11/8/1859
f 13/23/1860 9/3342/1860 1/24/1860
f 22/26/1861 18/3345/1861 17/27/1861
f 24/29/1862 22/3346/1862 21/30/1862
f 20/32/1863 18/3347/1863 22/33/1863
f 18/35/1864 20/3348/1864 19/36/1864
f 20/38/1865 24/3349/1865 23/39/1865
f 23/41/1866 21/3350/1866 17/42/1866
f 30/44/1867 26/3351/1867 25/45/1867
f 32/47/1868 30/3352/1868 29/48/1868
f 28/50/20 26/3353/20 30/51/20
f 26/53/1869 28/3354/1869 27/54/1869
f 28/56/1870 32/3355/1870 31/57/1870
f 31/59/23 29/3356/23 25/60/23
f 38/62/1871 34/3357/1871 33/63/1871
f 40/65/1872 38/3358/1872 37/66/1872
f 36/68/1873 34/3359/1873 38/69/1873
f 34/71/1874 36/3360/1874 35/72/1874
f 36/68/1875 40/70/1875 39/74/1875
f 39/76/1876 37/64/1876 33/63/1876
f 44/78/1877 41/81/1877 42/79/1877
f 41/81/1878 44/78/1878 43/80/1878
s 1
f 52/3361/37 46/90/39 45/91/38
f 48/3362/32 50/85/35 49/87/33
f 50/85/35 52/88/37 51/86/36
f 46/90/39 48/82/32 47/84/34
f 48/3363/32 46/3364/39 52/3365/37
f 52/3365/37 50/3366/35 48/3363/32
f 45/94/38 47/3367/34 49/92/33
f 60/3368/37 54/103/40 53/104/38
f 56/3369/32 58/98/35 57/100/33
f 58/98/35 60/101/37 59/99/36
f 54/103/40 56/95/32 55/97/34
f 56/3370/32 54/3371/40 60/3372/37
f 60/3372/37 58/3373/35 56/3370/32
f 53/107/38 55/3374/34 57/105/33
f 68/3375/37 62/116/39 61/117/38
f 64/3376/32 66/111/35 65/113/33
f 66/111/35 68/114/37 67/112/36
f 62/116/39 64/108/32 63/110/34
f 64/3377/32 62/3378/39 68/3379/37
f 68/3379/37 66/3380/35 64/3377/32
f 61/120/38 63/3381/34 65/118/33
s 0
f 74/62/1871 70/3382/1871 69/121/1871
f 76/123/1872 74/3358/1872 73/124/1872
f 72/125/1873 70/3383/1873 74/126/1873
f 70/128/1874 72/3360/1874 71/129/1874
f 72/125/1875 76/127/1875 75/131/1875
f 75/133/1876 73/122/1876 69/121/1876
f 80/135/1877 78/138/1877 77/136/1877
f 78/138/1878 80/135/1878 79/137/1878
s 1
f 88/3384/37 82/147/39 81/148/38
f 84/3385/32 86/142/35 85/144/33
f 86/142/35 88/145/37 87/143/36
f 82/147/39 84/139/32 83/141/34
f 84/3386/32 82/3387/39 88/3388/37
f 88/3388/37 86/3389/35 84/3386/32
f 81/151/38 83/3390/34 85/149/33
f 96/3391/37 90/160/39 89/161/38
f 92/3392/32 94/155/43 93/157/33
f 94/155/43 96/158/37 95/156/36
f 90/160/39 92/152/32 91/154/34
f 92/3393/32 90/3394/39 96/3395/37
f 96/3395/37 94/3396/43 92/3393/32
f 89/164/38 91/3397/34 93/162/33
f 104/3398/37 98/173/39 97/174/38
f 100/3399/32 102/168/35 101/170/33
f 102/168/35 104/171/37 103/169/36
f 98/173/39 100/165/32 99/167/34
f 100/3400/32 98/3401/39 104/3402/37
f 104/3402/37 102/3403/35 100/3400/32
f 97/177/38 99/3404/34 101/175/33
s 0
f 110/178/1879 106/3405/1879 105/179/1879
f 112/181/1880 110/3406/1880 109/182/1880
f 108/184/1881 106/3407/1881 110/185/1881
f 106/187/1882 108/3408/1882 107/188/1882
f 108/190/1883 112/3409/1883 111/191/1883
f 111/193/1884 109/3410/1884 105/194/1884
f 118/196/1885 114/3411/1885 113/197/1885
f 120/199/1886 118/3412/1886 117/200/1886
f 116/202/1887 114/3413/1887 118/203/1887
f 114/205/1888 116/3414/1888 115/206/1888
f 116/208/1889 120/3415/1889 119/209/1889
f 119/211/1890 117/3416/1890 113/212/1890
f 126/214/1885 122/3417/1885 121/215/1885
f 128/217/1886 126/3418/1886 125/218/1886
f 124/220/1887 122/3419/1887 126/221/1887
f 122/223/1888 124/3420/1888 123/224/1888
f 124/226/1889 128/3421/1889 127/227/1889
f 127/229/1890 125/3422/1890 121/230/1890
f 134/232/1879 130/3423/1879 129/233/1879
f 136/181/1880 134/3424/1880 133/182/1880
f 132/236/1881 130/3425/1881 134/237/1881
f 130/187/1882 132/3426/1882 131/188/1882
f 132/239/1883 136/3427/1883 135/240/1883
f 135/242/1884 133/3410/1884 129/243/1884
f 142/245/1885 138/3428/1885 137/246/1885
f 144/248/1886 142/3429/1886 141/249/1886
f 140/251/1887 138/3430/1887 142/252/1887
f 138/254/1888 140/3431/1888 139/255/1888
f 140/257/1889 144/3432/1889 143/258/1889
f 143/260/1890 141/3433/1890 137/261/1890
f 150/263/1885 146/3434/1885 145/264/1885
f 152/266/1886 150/3435/1886 149/267/1886
f 148/269/1887 146/3436/1887 150/270/1887
f 146/272/1888 148/3437/1888 147/273/1888
f 148/275/1889 152/3438/1889 151/276/1889
f 151/278/1890 149/3439/1890 145/279/1890
f 166/281/1891 157/3440/1891 154/282/1891
f 169/284/1892 166/3441/1892 163/285/1892
f 161/287/1893 155/298/1893 165/288/1893
f 156/290/1894 162/3442/1894 158/291/1894
f 162/292/1895 170/303/1895 168/286/1895
f 157/3440/1896 155/306/1896 156/290/1896
f 159/293/1897 160/299/1897 158/3443/1897
f 170/303/1898 171/301/1898 169/284/1898
f 153/305/1899 154/282/1899 158/291/1899
f 157/3440/1900 156/290/1900 154/282/1900
f 161/3444/1901 162/3442/1901 156/290/1901
f 159/3445/1902 158/291/1902 162/3442/1902
f 160/299/1903 159/293/1903 168/286/1903
f 171/301/1904 170/303/1904 162/292/1904
f 167/300/1905 168/286/1905 163/285/1905
f 165/3446/1906 166/3441/1906 169/284/1906
f 164/3447/1907 163/285/1907 166/3441/1907
f 163/3448/1908 164/3449/1908 153/294/1908
f 155/306/1909 157/3440/1909 166/281/1909
f 167/308/1910 163/3448/1910 153/294/1910
f 177/309/1911 173/318/1911 172/310/1911
f 179/312/1912 177/3450/1912 176/313/1912
f 175/315/1913 173/3451/1913 177/316/1913
f 173/318/1914 175/3452/1914 174/319/1914
f 175/320/1915 179/312/1915 178/314/1915
f 178/322/1916 176/3453/1916 172/323/1916
s 1
f 197/325/76 182/347/93 180/326/77
f 183/328/79 185/331/82 184/329/80
f 185/331/82 187/3454/84 186/332/83
f 187/333/84 190/336/86 188/334/85
f 190/336/86 191/338/88 189/337/87
f 191/338/88 193/340/90 192/339/89
f 193/340/90 195/342/92 194/341/91
f 195/431/92 197/325/76 196/327/78
f 182/347/93 183/328/79 181/330/81
f 183/346/79 182/3455/93 197/3456/76
f 197/3456/76 195/3457/92 183/346/79
f 190/3458/86 187/345/84 191/344/88
f 195/3457/92 193/3459/90 191/344/88
f 187/345/84 185/3460/82 183/346/79
f 183/346/79 195/3457/92 191/344/88
f 180/350/77 181/3461/81 184/3462/80
f 184/3462/80 186/3463/83 188/3464/85
f 189/348/87 192/3465/89 194/349/91
f 194/349/91 196/3466/78 180/350/77
f 180/350/77 184/3462/80 188/3464/85
f 188/3464/85 189/348/87 180/350/77
f 209/351/94 199/368/105 198/352/95
f 203/354/97 205/357/100 204/355/98
f 205/357/100 207/3467/102 206/358/101
f 207/359/102 209/3468/94 208/360/96
f 201/362/103 203/3469/97 202/363/99
f 203/367/97 201/3470/103 207/365/102
f 201/3470/103 199/3471/105 207/365/102
f 199/3471/105 209/3472/94 207/365/102
f 199/368/105 201/3473/103 200/369/104
f 208/371/96 198/3474/95 200/372/104
f 200/372/104 202/3475/99 204/3476/98
f 204/3476/98 206/370/101 200/372/104
s 0
f 224/373/1891 214/3477/1891 211/374/1891
f 227/376/1917 224/3478/1917 220/377/1917
f 218/379/1893 212/390/1893 223/380/1893
f 213/382/1894 219/573/1894 215/383/1894
f 219/384/1918 228/392/1918 226/378/1918
f 214/3477/1896 212/306/1896 213/382/1896
f 216/385/1897 217/299/1897 215/3443/1897
f 221/375/1919 222/397/1919 220/3479/1919
f 210/398/1899 211/374/1899 215/383/1899
f 214/3477/1900 213/382/1900 211/374/1900
f 218/3480/1901 219/573/1901 213/382/1901
f 216/3445/1920 215/383/1920 219/573/1920
f 217/299/1903 216/385/1903 226/378/1903
f 227/381/1921 228/3481/1921 218/379/1921
f 225/391/1922 226/378/1922 220/377/1922
f 223/3482/1923 224/3478/1923 227/376/1923
f 221/3483/1924 220/377/1924 224/3478/1924
f 222/397/1925 221/375/1925 211/374/1925
f 212/306/1909 214/3477/1909 224/373/1909
f 225/394/1926 222/396/1926 210/386/1926
f 234/400/1911 230/409/1911 229/401/1911
f 236/403/1912 234/3484/1912 233/404/1912
f 232/406/1913 230/3485/1913 234/407/1913
f 230/409/1914 232/3486/1914 231/410/1914
f 232/411/1915 236/403/1915 235/405/1915
f 235/413/1916 233/3487/1916 229/414/1916
s 1
f 256/416/113 239/439/132 237/417/114
f 240/419/116 242/422/119 241/420/117
f 242/422/119 244/424/121 243/423/120
f 244/3488/121 246/426/123 245/428/122
f 246/426/123 249/429/125 247/427/124
f 249/429/125 250/431/127 248/430/126
f 250/431/127 252/433/129 251/432/128
f 252/433/129 254/435/131 253/434/130
f 254/3489/131 256/416/113 255/418/115
f 239/439/132 240/419/116 238/421/118
f 239/3490/132 256/3491/113 240/438/116
f 256/3491/113 254/3492/131 240/438/116
f 250/436/127 249/3493/125 246/437/123
f 246/437/123 244/3494/121 242/3495/119
f 254/3492/131 252/3496/129 250/436/127
f 246/437/123 242/3495/119 240/438/116
f 240/438/116 254/3492/131 250/436/127
f 237/442/114 238/3497/118 241/3498/117
f 241/3498/117 243/3499/120 247/440/124
f 243/3499/120 245/3500/122 247/440/124
f 247/440/124 248/3501/126 251/441/128
f 251/441/128 253/3502/130 237/442/114
f 253/3502/130 255/3503/115 237/442/114
f 237/442/114 241/3498/117 247/440/124
f 268/443/133 258/460/105 257/444/95
f 262/446/97 264/449/100 263/447/98
f 264/449/100 266/3504/102 265/450/101
f 266/451/102 268/3505/133 267/452/96
f 260/454/103 262/3506/97 261/455/99
f 262/459/97 260/3507/103 266/457/102
f 260/3507/103 258/3508/105 266/457/102
f 258/3508/105 268/3509/133 266/457/102
f 258/460/105 260/3510/103 259/461/104
f 267/463/96 257/3511/95 259/464/104
f 259/464/104 261/3512/99 263/3513/98
f 263/3513/98 265/462/101 259/464/104
s 0
f 282/465/1927 272/489/1927 270/466/1927
f 285/468/1928 282/3440/1928 278/469/1928
f 276/471/1929 271/3514/1929 281/472/1929
f 271/474/1930 277/3442/1930 273/475/1930
f 277/476/1895 286/483/1895 284/470/1895
f 274/477/1897 275/299/1897 273/3443/1897
f 279/467/1919 280/397/1919 278/3479/1919
f 286/483/1898 287/301/1898 285/468/1898
f 269/488/1899 270/466/1899 273/475/1899
f 272/489/1931 271/474/1931 270/466/1931
f 276/3515/1932 277/3442/1932 271/474/1932
f 274/3445/1920 273/475/1920 277/3442/1920
f 275/299/1903 274/477/1903 284/470/1903
f 287/301/1904 286/483/1904 277/476/1904
f 283/481/1922 284/470/1922 278/469/1922
f 281/3516/1906 282/3440/1906 285/468/1906
f 279/3483/1924 278/469/1924 282/3440/1924
f 280/397/1925 279/467/1925 270/466/1925
f 271/3514/1933 272/3517/1933 281/472/1933
f 283/484/1926 280/486/1926 269/478/1926
f 293/491/1911 289/500/1911 288/492/1911
f 295/494/1912 293/3518/1912 292/495/1912
f 291/497/1913 289/3519/1913 293/498/1913
f 289/500/1914 291/3520/1914 290/501/1914
f 291/502/1915 295/494/1915 294/496/1915
f 294/504/1916 292/3521/1916 288/505/1916
s 1
f 315/507/138 298/531/157 296/508/139
f 299/510/141 301/513/144 300/511/142
f 301/513/144 303/515/146 302/514/145
f 303/3522/146 305/517/148 304/519/147
f 305/517/148 306/520/150 307/518/149
f 306/520/150 309/522/152 308/521/151
f 309/522/152 311/524/154 310/523/153
f 311/524/154 313/526/156 312/525/155
f 313/3523/156 315/507/138 314/509/140
f 298/531/157 299/510/141 297/512/143
f 299/530/141 298/3524/157 315/3525/138
f 315/3525/138 313/3526/156 311/3527/154
f 306/3528/150 305/3529/148 309/528/152
f 305/3529/148 303/529/146 309/528/152
f 315/3525/138 311/3527/154 309/528/152
f 303/529/146 301/3530/144 299/530/141
f 299/530/141 315/3525/138 309/528/152
f 296/534/139 297/3531/143 300/3532/142
f 300/3532/142 302/3533/145 307/532/149
f 302/3533/145 304/3534/147 307/532/149
f 307/532/149 308/3535/151 310/533/153
f 310/533/153 312/3536/155 296/534/139
f 312/3536/155 314/3537/140 296/534/139
f 296/534/139 300/3532/142 307/532/149
f 327/535/94 317/552/105 316/536/95
f 321/538/97 323/541/100 322/539/98
f 323/541/100 325/3538/102 324/542/101
f 325/543/102 327/3539/94 326/544/96
f 319/546/103 321/3540/97 320/547/99
f 321/551/97 319/3541/103 325/549/102
f 319/3541/103 317/3542/105 325/549/102
f 317/3542/105 327/3543/94 325/549/102
f 317/552/105 319/3544/103 318/553/104
f 326/555/96 316/3545/95 318/556/104
f 318/556/104 320/3546/99 322/3547/98
f 322/3547/98 324/554/101 318/556/104
s 0
f 341/557/1891 332/3548/1891 329/558/1891
f 344/560/1928 341/3478/1928 337/561/1928
f 335/562/1893 330/570/1893 340/563/1893
f 331/565/1934 336/3549/1934 333/566/1934
f 336/567/1895 345/573/1895 343/378/1895
f 332/3548/1896 330/306/1896 331/565/1896
f 338/559/1919 339/397/1919 337/3479/1919
f 345/573/1898 346/301/1898 344/560/1898
f 328/398/1935 329/558/1935 333/566/1935
f 332/3548/1936 331/565/1936 329/558/1936
f 335/3480/1901 336/3549/1901 331/565/1901
f 334/3550/1937 333/566/1937 336/3549/1937
f 333/580/1938 334/3551/1938 342/574/1938
f 346/301/1904 345/573/1904 336/567/1904
f 342/571/1922 343/378/1922 337/561/1922
f 340/3552/1906 341/3478/1906 344/560/1906
f 338/3483/1939 337/561/1939 341/3478/1939
f 339/397/1925 338/559/1925 329/558/1925
f 330/306/1909 332/3548/1909 341/557/1909
f 342/574/1926 339/576/1926 328/579/1926
f 352/581/1911 348/590/1911 347/582/1911
f 354/584/1912 352/3553/1912 351/585/1912
f 350/587/1913 348/3554/1913 352/588/1913
f 348/590/1914 350/3555/1914 349/591/1914
f 350/592/1915 354/584/1915 353/586/1915
f 353/594/1916 351/3556/1916 347/595/1916
s 1
f 357/614/179 359/600/165 358/602/167
f 359/600/165 361/603/168 360/601/166
f 361/3557/168 363/604/170 362/605/169
f 363/604/170 366/606/172 364/326/171
f 366/606/172 367/608/174 365/607/173
f 367/608/174 369/610/176 368/609/175
f 369/610/176 371/3558/178 370/611/177
f 371/612/178 355/597/162 372/599/164
f 355/3559/162 371/3560/178 357/617/179
f 367/615/174 366/3561/172 363/3562/170
f 363/3562/170 361/616/168 367/615/174
f 371/3560/178 369/3563/176 367/615/174
f 361/616/168 359/3564/165 357/617/179
f 357/617/179 371/3560/178 367/615/174
f 355/597/162 357/614/179 356/598/163
f 356/3565/163 358/3566/167 360/3567/166
f 360/3567/166 362/3568/169 364/618/171
f 364/618/171 365/3569/173 368/619/175
f 368/619/175 370/3570/177 372/620/164
f 372/620/164 356/3565/163 364/618/171
f 356/3565/163 360/3567/166 364/618/171
f 384/621/133 374/638/105 373/622/95
f 378/624/97 380/627/100 379/625/98
f 380/627/100 382/3571/102 381/628/101
f 382/629/102 384/3572/133 383/630/96
f 376/632/103 378/3573/97 377/633/99
f 378/637/97 376/3574/103 382/635/102
f 376/3574/103 374/3575/105 382/635/102
f 374/3575/105 384/3576/133 382/635/102
f 374/638/105 376/3577/103 375/639/104
f 383/641/96 373/3578/95 375/642/104
f 375/642/104 377/3579/99 379/3580/98
f 379/3580/98 381/640/101 375/642/104
f 385/797/1940 393/650/186 386/652/180
f 394/644/181 395/666/184 388/646/183
f 392/661/193 393/650/186 385/797/1940
f 393/650/186 396/662/194 397/651/187
f 395/647/184 398/654/188 389/648/185
f 398/654/188 399/669/199 390/655/189
f 390/656/189 399/672/199 400/657/190
f 391/658/191 400/657/190 401/659/192
f 392/661/193 401/676/192 396/662/194
f 402/663/195 403/671/201 397/651/187
f 397/653/187 403/679/201 404/664/196
f 394/644/181 404/664/196 405/665/197
f 405/667/197 406/668/198 398/654/188
f 401/676/192 402/663/195 396/662/194
f 406/668/198 408/681/206 399/669/199
f 399/672/199 408/685/206 409/673/202
f 400/657/190 409/673/202 410/674/203
f 410/675/203 407/670/200 402/663/195
f 407/670/200 411/688/211 412/677/204
f 404/664/196 413/3581/214 405/665/197
f 405/667/197 413/691/214 414/680/205
f 410/675/203 411/688/211 407/670/200
f 411/688/211 415/687/207 412/677/204
f 415/682/207 416/696/217 404/664/196
f 404/664/196 416/696/217 413/3581/214
f 413/691/214 417/690/213 414/680/205
f 414/680/205 417/690/213 418/683/208
f 410/675/203 419/693/209 411/688/211
f 416/696/217 421/698/212 413/3581/214
f 417/690/213 422/700/220 418/683/208
f 418/684/208 422/3582/220 423/692/215
f 420/686/210 424/704/223 425/694/216
f 425/695/216 426/697/218 416/696/217
f 421/689/212 427/699/219 417/690/213
f 428/702/221 424/704/223 420/686/210
f 426/697/218 429/706/225 421/698/212
f 421/689/212 429/713/225 427/699/219
f 427/699/219 430/708/227 422/700/220
f 422/3582/220 430/716/227 423/692/215
f 431/703/222 432/710/230 425/694/216
f 425/695/216 432/719/230 433/705/224
f 429/713/225 434/707/226 427/699/219
f 430/716/227 435/709/228 423/692/215
f 435/709/228 436/719/236 428/701/221
f 428/702/221 436/721/236 431/703/222
f 438/712/231 439/714/232 434/707/226
f 439/714/232 440/724/233 430/708/227
f 436/721/236 437/650/229 431/703/222
f 437/650/229 441/728/241 442/717/234
f 442/718/234 443/730/243 433/705/224
f 433/705/224 443/730/243 438/711/231
f 440/715/233 444/726/239 435/709/228
f 435/709/228 444/726/239 445/718/235
f 445/720/235 441/728/241 437/650/229
f 443/730/243 446/725/237 438/711/231
f 446/722/237 447/732/245 439/714/232
f 439/714/232 447/732/245 448/723/238
f 449/727/240 450/736/249 442/717/234
f 442/718/234 450/742/249 451/729/242
f 451/729/242 452/744/244 446/725/237
f 447/732/245 453/738/246 448/723/238
f 453/733/246 454/734/247 444/726/239
f 454/734/247 455/742/251 445/718/235
f 445/720/235 455/739/251 449/727/240
f 456/735/248 458/750/259 459/740/252
f 459/741/252 460/743/253 451/729/242
f 460/743/253 461/755/264 452/744/244
f 452/731/244 461/757/264 462/745/254
f 457/737/250 462/745/254 463/746/255
f 453/733/246 463/3583/255 464/747/256
f 454/734/247 464/747/256 465/741/257
f 465/748/257 458/750/259 456/735/248
f 466/749/258 467/3584/261 459/740/252
f 459/741/252 467/752/261 460/743/253
f 462/745/254 468/759/266 463/746/255
f 463/3583/255 468/769/266 464/747/256
f 465/748/257 469/3585/260 466/749/258
f 466/749/258 470/3586/268 467/3584/261
f 460/743/253 471/753/262 472/754/263
f 472/756/263 473/758/265 462/745/254
f 468/769/266 474/760/267 464/747/256
f 469/3585/260 470/3586/268 466/749/258
f 472/774/263 479/782/273 480/775/274
f 480/775/274 481/3587/283 476/766/270
f 476/768/270 481/784/283 474/760/267
f 474/760/267 482/3588/284 477/770/271
f 477/771/271 482/785/284 478/670/272
f 483/663/275 484/778/276 475/762/269
f 484/776/276 485/777/277 471/753/262
f 479/782/273 486/781/280 480/775/274
f 480/775/274 486/781/280 481/3587/283
f 481/784/283 487/783/282 474/760/267
f 474/760/267 487/783/282 482/3588/284
f 482/785/284 483/663/275 478/670/272
f 486/781/280 490/789/281 481/3587/283
f 487/783/282 491/3589/292 482/3588/284
f 482/785/284 491/795/292 488/662/278
f 488/662/278 492/794/291 493/786/285
f 485/777/277 494/792/289 489/779/279
f 489/780/279 494/799/289 495/788/286
f 495/788/286 496/801/298 490/789/281
f 490/779/281 496/803/298 497/790/287
f 487/783/282 497/790/287 491/3589/292
f 491/795/292 492/794/291 488/662/278
f 492/794/291 498/797/294 493/786/285
f 497/790/287 500/805/290 491/3589/292
f 500/793/290 498/797/294 492/794/291
f 501/796/293 502/807/295 493/786/285
f 499/791/288 503/809/296 494/792/289
f 503/722/296 504/811/303 495/788/286
f 495/788/286 504/811/303 505/800/297
f 505/802/297 506/813/305 497/790/287
f 497/790/287 506/813/305 507/804/299
f 507/806/299 501/796/293 498/797/294
f 508/727/300 509/818/309 502/807/295
f 502/798/295 509/820/309 510/808/301
f 510/808/301 511/822/302 503/809/296
f 507/806/299 508/727/300 501/796/293
f 508/727/300 512/816/307 509/818/309
f 511/810/302 513/824/311 504/811/303
f 504/811/303 513/824/311 514/812/304
f 505/802/297 514/826/304 506/813/305
f 515/815/306 512/816/307 508/727/300
f 516/819/308 517/836/321 510/808/301
f 510/808/301 517/836/321 518/821/310
f 513/824/311 519/829/312 514/812/304
f 519/825/312 520/827/313 506/813/305
f 520/827/313 521/3590/316 515/814/306
f 515/815/306 521/830/316 512/816/307
f 524/831/317 525/833/319 516/817/308
f 516/819/308 525/834/319 517/836/321
f 517/836/321 526/837/322 518/821/310
f 518/823/310 526/838/322 523/828/315
f 523/828/315 527/840/324 519/829/312
f 519/825/312 527/848/324 520/827/313
f 520/827/313 528/842/326 521/3590/316
f 521/830/316 528/843/326 524/831/317
f 527/848/324 532/841/325 520/827/313
f 529/832/318 533/750/333 534/740/327
f 530/835/320 535/3591/328 526/837/322
f 535/845/328 536/846/329 531/839/323
f 536/846/329 537/858/330 527/840/324
f 538/850/331 533/750/333 529/832/318
f 539/735/332 540/854/337 534/740/327
f 534/844/327 540/855/337 530/835/320
f 530/835/320 541/3592/334 535/3591/328
f 537/847/330 542/852/335 532/841/325
f 530/835/320 544/856/338 541/3592/334
f 545/857/339 546/866/340 537/858/330
f 547/861/341 543/853/336 539/735/332
f 548/862/342 549/865/343 540/854/337
f 544/856/338 550/871/344 541/3592/334
f 542/852/335 551/3593/348 547/860/341
f 547/861/341 551/868/348 548/862/342
f 549/863/343 553/869/350 544/856/338
f 544/856/338 553/869/350 550/871/344
f 554/797/346 555/874/347 546/866/340
f 555/867/347 556/882/358 542/852/335
f 542/852/335 556/882/358 551/3593/348
f 557/650/349 558/876/354 549/865/343
f 549/863/343 558/877/354 553/869/350
f 559/872/351 560/873/352 554/797/346
f 556/882/358 561/888/363 551/3593/348
f 551/868/348 561/890/363 557/650/349
f 553/869/350 563/878/355 564/879/356
f 559/872/351 564/893/356 560/873/352
f 565/881/357 566/886/361 556/882/358
f 556/882/358 566/886/361 561/888/363
f 561/890/363 562/875/353 557/650/349
f 562/875/353 567/663/366 568/883/359
f 564/893/356 569/885/360 560/873/352
f 569/885/360 570/899/371 565/880/357
f 565/881/357 570/902/371 566/886/361
f 571/889/362 567/663/366 562/875/353
f 567/663/366 572/897/368 568/883/359
f 568/884/359 573/907/376 563/878/355
f 563/878/355 573/907/376 574/891/364
f 570/902/371 575/901/372 566/886/361
f 566/886/361 575/901/372 576/894/365
f 576/895/365 572/897/368 567/663/366
f 577/896/367 578/904/374 568/883/359
f 568/884/359 578/905/374 573/907/376
f 569/885/360 579/690/369 580/898/370
f 576/895/365 577/896/367 572/897/368
f 582/906/375 583/921/382 574/891/364
f 574/892/364 583/1627/382 579/690/369
f 579/690/369 584/767/377 580/898/370
f 584/908/377 585/909/378 575/901/372
f 585/909/378 586/3594/379 576/894/365
f 586/772/379 581/903/373 577/896/367
f 587/749/380 588/919/381 578/910/374
f 585/909/378 590/924/388 586/3594/379
f 586/917/379 590/925/388 587/749/380
f 591/918/384 592/927/390 588/919/381
f 588/912/381 592/933/390 593/920/385
f 593/920/385 594/3595/386 583/921/382
f 589/914/383 595/935/396 584/916/377
f 584/908/377 595/936/396 596/923/387
f 593/920/385 598/938/398 594/3595/386
f 594/922/386 598/940/398 599/928/391
f 589/914/383 599/928/391 595/935/396
f 600/930/392 597/926/389 591/918/384
f 601/931/393 602/943/394 592/927/390
f 598/940/398 603/939/399 599/928/391
f 599/928/391 603/939/399 604/934/395
f 595/936/396 604/944/395 605/937/397
f 605/937/397 606/945/400 600/929/392
f 600/930/392 606/941/400 601/931/393
f 601/931/393 607/942/401 602/943/394
f 593/920/385 387/645/182 388/646/183
f 607/942/401 385/797/1940 386/652/180
f 388/649/183 389/648/185 603/939/399
f 603/939/399 389/648/185 390/655/189
f 390/656/189 391/658/191 605/937/397
f 391/658/191 392/660/193 606/945/400
f 392/661/193 385/797/1940 607/942/401
f 610/951/406 616/950/405 611/3596/415
f 611/961/415 617/952/407 612/954/409
f 613/964/408 618/955/410 614/957/411
f 618/955/410 619/3597/418 608/956/404
f 608/948/404 619/965/418 615/946/402
f 620/958/412 621/967/413 609/947/403
f 616/950/405 622/973/414 611/3596/415
f 622/960/414 623/962/416 617/952/407
f 623/962/416 624/977/417 613/953/408
f 616/950/405 626/968/420 622/973/414
f 622/960/414 627/975/424 623/962/416
f 623/962/416 627/975/424 624/977/417
f 618/955/410 628/980/421 619/3597/418
f 628/969/421 625/966/419 620/958/412
f 630/974/423 631/986/432 627/975/424
f 627/975/424 631/986/432 632/976/425
f 632/978/425 633/979/426 618/955/410
f 628/969/421 629/970/422 625/966/419
f 634/981/427 635/983/429 629/970/422
f 629/971/422 635/994/429 626/968/420
f 633/979/426 636/990/435 628/980/421
f 628/969/421 636/991/435 634/981/427
f 635/994/429 638/984/430 626/968/420
f 638/984/430 639/3598/431 630/972/423
f 631/986/432 639/985/431 640/987/433
f 640/988/433 641/989/434 633/979/426
f 637/982/428 642/996/437 645/992/436
f 638/984/430 643/999/440 639/3598/431
f 639/985/431 643/1001/440 640/987/433
f 638/984/430 645/993/436 646/998/439
f 643/1001/440 646/1011/439 647/1000/441
f 647/1000/441 648/1012/442 640/987/433
f 641/989/434 649/1005/445 642/995/437
f 642/996/437 649/1006/445 644/997/438
f 650/1007/446 651/1008/448 644/997/438
f 644/1003/438 651/1016/448 652/1004/443
f 645/993/436 652/1004/443 646/998/439
f 648/1002/442 653/1004/444 641/989/434
f 655/1010/449 656/962/450 647/1000/441
f 656/962/450 657/1023/459 648/1012/442
f 648/1002/442 657/1026/459 653/1004/444
f 653/1004/444 658/1025/451 649/1005/445
f 658/1013/451 654/958/447 650/1007/446
f 654/958/447 659/1018/454 660/1014/452
f 660/1015/452 661/1017/453 652/1004/443
f 655/1010/449 662/1021/457 656/962/450
f 656/962/450 662/1021/457 657/1023/459
f 657/1026/459 658/1025/451 653/1004/444
f 655/1010/449 664/1037/456 662/1021/457
f 665/1024/458 666/1030/461 658/1025/451
f 658/1025/451 666/1030/461 663/1027/455
f 667/1029/460 668/1043/463 660/1014/452
f 660/1015/452 668/1032/463 661/1017/453
f 664/1037/456 669/1036/466 662/1021/457
f 662/1021/457 669/1036/466 665/1022/458
f 663/1019/455 670/1047/462 667/1029/460
f 667/1029/460 671/1041/469 668/1043/463
f 661/1017/453 672/1033/464 673/1034/465
f 674/1039/467 675/1040/468 666/1030/461
f 670/1047/462 671/1041/469 667/1029/460
f 671/1041/469 676/1052/477 677/1042/470
f 668/1032/463 677/1054/470 672/1033/464
f 673/1035/465 678/1044/471 669/1036/466
f 678/1044/471 679/1058/474 674/1038/467
f 674/1039/467 679/1049/474 675/1040/468
f 680/1046/472 676/1052/477 671/1041/469
f 672/1033/464 681/1056/473 673/1034/465
f 678/1044/471 681/1048/473 679/1058/474
f 675/1040/468 689/1050/475 680/1045/472
f 682/1051/476 683/1061/478 677/1042/470
f 683/1053/478 684/1071/487 672/1033/464
f 672/1033/464 684/1071/487 685/1055/479
f 681/1048/473 685/3599/479 686/1057/480
f 686/1057/480 687/1063/481 679/1058/474
f 687/1059/481 688/1064/484 689/1050/475
f 680/1046/472 689/1066/475 682/1051/476
f 685/3599/479 691/1062/483 686/1057/480
f 689/1066/475 692/3600/485 690/1060/482
f 690/1067/482 693/981/491 694/1068/486
f 684/1071/487 695/3601/488 685/1055/479
f 695/1072/488 696/1075/489 691/1073/483
f 696/1075/489 697/1089/490 687/1076/481
f 697/1077/490 698/1080/493 688/1064/484
f 688/1064/484 698/1080/493 692/1065/485
f 694/1070/486 700/1085/496 684/1071/487
f 684/1071/487 700/1085/496 695/3601/488
f 695/1072/488 701/1087/498 696/1075/489
f 696/1075/489 701/1087/498 697/1089/490
f 702/1082/494 699/1079/492 693/981/491
f 700/1085/496 704/1090/497 695/3601/488
f 701/1087/498 704/1086/497 705/1088/499
f 702/1082/494 703/1083/495 699/1079/492
f 706/1094/503 707/1095/500 703/1083/495
f 700/1085/496 708/1872/511 704/1090/497
f 704/1086/497 708/1103/511 709/962/501
f 709/962/501 710/1096/506 705/1088/499
f 705/1090/499 710/1097/506 715/1092/502
f 698/1080/493 715/1092/502 706/1093/503
f 707/1091/500 712/1101/509 700/1085/496
f 700/1085/496 712/1101/509 708/1872/511
f 708/1103/511 713/952/505 709/962/501
f 706/1094/503 715/1107/502 711/946/504
f 711/946/504 716/1111/518 717/1099/508
f 712/1101/509 718/3602/510 708/1872/511
f 718/1102/510 719/948/512 713/952/505
f 720/1106/513 716/1111/518 711/946/504
f 712/1101/509 721/1108/514 718/3602/510
f 718/1102/510 722/1113/520 719/948/512
f 722/1113/520 723/1119/515 719/948/512
f 723/1109/515 724/1110/516 714/1098/507
f 725/1041/517 726/1115/522 717/1099/508
f 717/1100/508 726/1124/522 721/1108/514
f 721/1108/514 727/1117/519 718/3602/510
f 724/1110/516 728/1121/526 720/1105/513
f 720/1106/513 728/1130/526 725/1041/517
f 726/1124/522 730/1116/523 721/1108/514
f 727/1112/519 731/1118/524 722/1113/520
f 723/1109/515 731/1127/524 732/1120/525
f 728/1130/526 729/1114/521 725/1041/517
f 729/1114/521 733/1134/533 734/1122/527
f 730/1116/523 735/1132/528 727/1117/519
f 735/1125/528 736/1133/529 731/1118/524
f 737/1129/530 733/1134/533 729/1114/521
f 734/1123/527 738/1137/535 730/1116/523
f 730/1116/523 738/1137/535 739/1131/531
f 735/1125/528 739/1138/531 740/1057/532
f 733/1134/533 741/1141/538 742/1135/534
f 743/1139/536 744/1147/544 736/1133/529
f 736/1126/529 744/1149/544 745/1140/537
f 745/1140/537 741/3603/538 737/1128/530
f 741/1141/538 746/1144/540 742/1135/534
f 743/1139/536 747/1143/539 744/1147/544
f 745/1140/537 748/1151/546 741/3603/538
f 741/1141/538 748/1152/546 746/1144/540
f 746/1144/540 749/1153/547 750/1042/541
f 742/1136/534 750/1157/541 751/1145/542
f 751/1145/542 752/1148/549 747/1142/539
f 747/1143/539 752/1048/549 753/1146/543
f 753/1148/543 754/1150/545 745/1140/537
f 752/1048/549 755/1158/548 756/1044/550
f 756/1044/550 757/1160/551 753/1146/543
f 754/1150/545 758/1162/556 748/1151/546
f 748/1152/546 758/1163/556 749/1153/547
f 759/1155/552 760/1165/553 750/1042/541
f 760/1156/553 761/1170/563 751/1145/542
f 751/1145/542 761/1170/563 755/1154/548
f 761/1170/563 764/1171/558 755/1154/548
f 764/1166/558 765/1167/559 762/1159/554
f 757/1154/551 765/1171/559 766/1168/560
f 758/1163/556 767/1173/555 763/1164/557
f 763/1164/557 768/1172/565 769/1014/561
f 760/1156/553 769/1180/561 770/1169/562
f 770/1169/562 771/1182/572 764/1171/558
f 764/1166/558 771/1183/572 772/1172/564
f 772/1172/564 773/1175/567 765/1167/559
f 765/1171/559 773/1176/567 766/1168/560
f 766/1168/560 774/1178/569 767/1161/555
f 767/1173/555 774/1187/569 768/1172/565
f 768/1172/565 775/1186/575 769/1014/561
f 771/1183/572 776/1174/566 772/1172/564
f 774/1187/569 775/1186/575 768/1172/565
f 775/1186/575 778/1188/570 769/1014/561
f 778/1179/570 779/1181/571 770/1169/562
f 779/1181/571 780/3604/581 771/1182/572
f 771/1183/572 780/1194/581 781/1184/573
f 773/1176/567 781/1190/573 777/1177/568
f 777/1177/568 782/3605/574 774/1178/569
f 780/1194/581 784/1000/580 781/1184/573
f 784/1000/580 785/1199/577 781/1184/573
f 785/1189/577 786/1202/588 777/1177/568
f 777/1177/568 786/1202/588 782/3605/574
f 783/1007/576 787/1195/582 788/1191/578
f 779/1181/571 789/1197/579 780/3604/581
f 786/1202/588 787/1192/582 782/3605/574
f 790/981/583 791/983/592 788/1191/578
f 788/1192/578 791/1209/592 792/1196/584
f 789/1193/579 793/1198/585 784/1000/580
f 785/1189/577 793/1203/585 786/1202/588
f 786/1202/588 794/3606/589 787/1192/582
f 787/1195/582 794/1204/589 790/981/583
f 790/981/583 795/1067/590 791/983/592
f 792/1196/584 796/1211/594 789/1197/579
f 789/1193/579 796/1975/594 797/1200/586
f 797/1200/586 798/3607/587 793/1198/585
f 798/1201/587 799/1220/599 786/1202/588
f 786/1202/588 799/1220/599 794/3606/589
f 800/1208/591 801/1210/593 792/1196/584
f 799/1220/599 802/1221/595 794/3606/589
f 802/1212/595 800/1206/591 795/1205/590
f 803/1225/603 804/1227/596 800/1206/591
f 801/1210/593 805/1223/601 796/1211/594
f 796/1215/594 805/1229/601 806/1216/597
f 806/1216/597 807/1231/606 798/1218/587
f 798/1201/587 807/1233/606 808/1219/598
f 802/1212/595 803/1225/603 800/1206/591
f 803/1225/603 809/1224/602 804/1227/596
f 804/1214/596 810/1222/600 801/1210/593
f 808/1219/598 809/1235/602 802/1221/595
f 809/1224/602 811/1041/1941 812/1226/604
f 810/1222/600 813/1236/609 805/1223/601
f 805/1229/601 813/1239/609 814/1230/605
f 814/1230/605 815/1237/607 807/1231/606
f 815/1232/607 614/957/411 808/1219/598
f 808/1219/598 614/957/411 816/1234/608
f 809/1224/602 816/1240/608 811/1041/1941
f 811/1041/1941 817/1238/610 812/1226/604
f 812/1228/604 610/951/406 810/1222/600
f 813/1239/609 612/954/409 814/1230/605
f 816/1240/608 817/1238/610 811/1041/1941
f 608/948/404 609/947/403 812/1226/604
f 610/951/406 611/3596/415 813/1236/609
f 612/954/409 613/953/408 815/1237/607
f 815/1232/607 613/964/408 614/957/411
f 614/957/411 608/956/404 816/1234/608
f 998/658/798 1005/666/792 999/1744/794
f 1002/1556/803 1006/3613/807 1003/1745/795
f 1003/793/795 1006/1561/807 1004/650/789
f 1007/662/796 1008/1557/797 997/1547/790
f 1008/1551/797 1009/1553/799 998/658/798
f 1005/1549/792 1010/1554/800 1000/648/793
f 1010/1554/800 1011/1565/812 1001/655/801
f 1001/656/801 1011/1566/812 1012/1555/802
f 1002/1556/803 1012/1555/802 1006/3613/807
f 1006/1561/807 1007/662/796 1004/650/789
f 1012/1555/802 1015/1568/806 1006/3613/807
f 1015/1560/806 1013/663/804 1007/662/796
f 1016/670/808 1017/1570/809 1008/1557/797
f 1009/1553/799 1018/1572/810 1014/1558/805
f 1018/1563/810 1019/1578/820 1010/1554/800
f 1010/1554/800 1019/1578/820 1020/1564/811
f 1011/1566/812 1020/1581/811 1021/1567/813
f 1015/1560/806 1016/670/808 1013/663/804
f 1017/1562/809 1023/1571/815 1009/1553/799
f 1024/1574/816 1022/1569/814 1016/670/808
f 1025/1575/817 1026/1582/818 1017/1570/809
f 1023/1571/815 1027/1585/819 1018/1572/810
f 1027/1577/819 1028/1587/827 1019/1578/820
f 1019/1578/820 1028/1587/827 1029/1579/821
f 1029/1580/821 1030/696/829 1021/1567/813
f 1021/1567/813 1030/696/829 1024/1573/816
f 1030/696/829 1032/1590/831 1024/1573/816
f 1024/1574/816 1032/1591/831 1031/686/822
f 1033/897/823 1034/1592/833 1026/1582/818
f 1026/1576/818 1034/3614/833 1035/1583/824
f 1023/1571/815 1035/1583/824 1036/1584/825
f 1027/1577/819 1036/782/825 1037/1586/826
f 1037/1586/826 1038/3615/828 1029/1579/821
f 1038/1588/828 1039/1589/830 1030/696/829
f 1037/1586/826 1041/1596/834 1038/3615/828
f 1039/1589/830 1042/3616/838 1032/1590/831
f 1032/1591/831 1042/889/838 1040/663/832
f 1040/663/832 1043/703/839 1044/651/835
f 1034/3614/833 1044/1598/835 1035/1583/824
f 1045/780/836 1046/1595/837 1037/1586/826
f 1039/1589/830 1047/719/845 1042/3616/838
f 1042/889/838 1047/721/845 1043/703/839
f 1048/650/840 1049/1605/841 1044/651/835
f 1049/1597/841 1050/1599/842 1035/1583/824
f 1050/1599/842 1051/1608/851 1045/1594/836
f 1045/780/836 1051/1611/851 1046/1595/837
f 1052/1601/843 1053/1602/844 1039/1589/830
f 1048/650/840 1054/728/847 1049/1605/841
f 1051/1611/851 1055/1610/852 1046/1595/837
f 1046/1595/837 1055/1610/852 1052/1600/843
f 1056/1604/846 1054/728/847 1048/650/840
f 1049/1597/841 1057/3617/848 1058/1606/849
f 1050/1599/842 1058/1606/849 1059/1607/850
f 1060/1613/853 1061/1620/864 1053/1602/844
f 1053/1602/844 1061/1620/864 1056/1603/846
f 1062/727/854 1063/1614/856 1057/807/848
f 1057/3617/848 1063/1615/856 1058/1606/849
f 1059/1609/850 1064/1618/862 1055/1610/852
f 1055/1610/852 1064/1618/862 1060/1612/853
f 1061/1620/864 1065/742/857 1056/1603/846
f 1056/1604/846 1065/739/857 1062/727/854
f 1058/1606/849 1067/3618/860 1059/1607/850
f 1059/1609/850 1067/1616/860 1064/1618/862
f 1064/1618/862 1068/1619/863 1060/1612/853
f 1060/1613/853 1068/3619/863 1061/1620/864
f 1066/735/855 1069/750/259 1070/740/858
f 1063/1615/856 1070/741/858 1071/747/859
f 1058/1606/849 1071/747/859 1067/3618/860
f 1068/3619/863 1073/1621/868 1061/1620/864
f 1061/1620/864 1073/1621/868 1074/741/865
f 1074/748/865 1069/750/259 1066/735/855
f 1075/749/866 1076/3584/867 1070/740/858
f 1071/747/859 1077/1623/871 1067/3618/860
f 1067/1616/860 1077/3620/871 1072/1617/861
f 1072/1617/861 1078/1683/877 1068/1619/863
f 1068/3619/863 1078/1623/877 1073/1621/868
f 1074/748/865 1079/3585/869 1075/749/866
f 1075/749/866 1080/3586/872 1076/3584/867
f 1076/752/867 1081/1622/870 1071/747/859
f 1077/3620/871 1082/758/875 1072/1617/861
f 1072/1617/861 1082/758/875 1078/1683/877
f 1078/1623/877 1083/1628/878 1073/1621/868
f 1073/1621/868 1083/1628/878 1079/751/869
f 1079/3585/869 1080/3586/872 1075/749/866
f 1076/752/867 1084/1630/873 1081/1622/870
f 1089/1631/881 1090/1637/890 1085/768/874
f 1085/1625/874 1090/1639/890 1091/775/882
f 1091/775/882 1092/1640/883 1086/766/876
f 1092/1632/883 1093/1634/886 1083/1628/878
f 1083/1628/878 1093/1634/886 1087/764/879
f 1094/663/884 1095/1635/885 1084/1624/873
f 1090/1639/890 1096/781/891 1091/775/882
f 1091/775/882 1096/781/891 1092/1640/883
f 1087/1629/879 1097/1642/887 1094/663/884
f 1095/1633/885 1099/1644/895 1089/1631/881
f 1089/1631/881 1099/1644/895 1100/1636/889
f 1101/779/892 1102/1641/893 1093/1634/886
f 1098/662/888 1103/1648/900 1104/786/894
f 1105/788/896 1106/801/905 1101/789/892
f 1101/779/892 1106/1652/905 1102/1641/893
f 1107/1646/897 1103/1648/900 1098/662/888
f 1099/1644/895 1108/1651/903 1100/1636/889
f 1100/1638/889 1108/1657/903 1105/788/896
f 1106/1652/905 1109/1647/898 1102/1641/893
f 1110/796/899 1111/1654/901 1104/786/894
f 1111/1649/901 1112/1650/902 1099/1644/895
f 1108/1657/903 1113/811/909 1105/788/896
f 1105/788/896 1113/811/909 1114/723/904
f 1107/1646/897 1115/1663/906 1110/796/899
f 1115/1663/906 1116/727/907 1110/796/899
f 1116/727/907 1119/1664/915 1120/1659/911
f 1120/814/911 1121/1660/912 1112/1650/902
f 1117/1656/908 1122/1667/917 1113/811/909
f 1113/811/909 1122/1667/917 1118/1658/910
f 1118/1655/910 1123/1670/919 1109/1647/898
f 1109/1647/898 1123/1670/919 1124/1661/913
f 1124/1662/913 1119/1664/915 1116/727/907
f 1125/750/914 1126/1671/921 1120/1659/911
f 1120/814/911 1126/1672/921 1121/1660/912
f 1127/1666/916 1131/1677/927 1122/1667/917
f 1122/1667/917 1131/1677/927 1128/1668/918
f 1123/1670/919 1132/1679/923 1124/1661/913
f 1132/1674/923 1129/749/920 1125/750/914
f 1133/831/924 1134/1680/925 1126/1671/921
f 1130/1673/922 1135/1682/926 1127/1665/916
f 1131/1677/927 1136/1683/932 1128/1668/918
f 1128/1669/918 1136/1688/932 1137/1678/928
f 1137/1678/928 1138/842/933 1132/1679/923
f 1132/1674/923 1138/843/933 1133/831/924
f 1140/1681/930 1141/3621/941 1135/1682/926
f 1135/1676/926 1141/1691/941 1142/839/931
f 1139/832/929 1143/750/938 1144/1684/934
f 1141/1691/941 1145/1690/940 1142/839/931
f 1142/839/931 1145/1690/940 1146/1686/935
f 1146/1687/935 1147/1693/945 1137/1678/928
f 1137/1678/928 1147/1693/945 1148/849/936
f 1148/850/936 1143/750/938 1139/832/929
f 1140/1681/930 1150/3622/939 1141/3621/941
f 1151/853/942 1152/1694/948 1144/1684/934
f 1144/1685/934 1152/1699/948 1153/1692/943
f 1140/1681/930 1153/1692/943 1150/3622/939
f 1154/857/944 1155/1702/950 1146/1686/935
f 1146/1687/935 1155/1696/950 1147/1693/945
f 1156/861/946 1151/853/942 1149/735/937
f 1153/1692/943 1158/1701/949 1150/3622/939
f 1159/1697/951 1160/3593/957 1156/860/946
f 1156/861/946 1160/868/957 1157/862/947
f 1161/797/952 1162/1704/953 1152/1694/948
f 1162/1698/953 1163/1700/954 1153/1692/943
f 1163/1700/954 1164/1707/962 1158/1701/949
f 1158/1695/949 1164/3623/962 1165/797/955
f 1165/797/955 1166/3624/956 1155/1702/950
f 1167/650/958 1168/1709/959 1162/1704/953
f 1162/1698/953 1168/888/959 1163/1700/954
f 1164/3623/962 1169/3625/1942 1165/797/955
f 1165/797/955 1169/3625/1942 1166/3624/956
f 1159/1697/951 1170/888/966 1160/3593/957
f 1160/868/957 1170/890/966 1167/650/958
f 1167/650/958 1171/875/353 1168/1709/959
f 1163/1700/954 1172/1705/960 1173/1706/961
f 1164/3623/962 1173/1713/961 1169/3625/1942
f 1169/3625/1942 1174/1596/970 1166/3624/956
f 1166/1703/956 1174/1715/970 1175/1708/963
f 1159/1697/951 1175/1708/963 1170/888/966
f 1170/890/966 1171/875/353 1167/650/958
f 1171/875/353 1176/663/366 1177/883/964
f 1173/1713/961 1178/1712/968 1169/3625/1942
f 1169/3625/1942 1178/1712/968 1174/1596/970
f 1179/889/965 1176/663/366 1171/875/353
f 1176/663/366 1180/897/368 1177/883/964
f 1174/1715/970 1182/1721/969 1183/1716/971
f 1175/1708/963 1183/1716/971 1184/1717/972
f 1184/895/972 1180/897/368 1176/663/366
f 1185/896/973 1186/1720/977 1177/883/964
f 1177/884/964 1186/1723/977 1187/1718/974
f 1187/1718/974 1188/1725/975 1181/1710/967
f 1188/1719/975 1189/1587/983 1178/1712/968
f 1178/1712/968 1189/1587/983 1182/1714/969
f 1184/895/972 1185/896/973 1180/897/368
f 1189/1587/983 1191/767/984 1182/1714/969
f 1182/1721/969 1191/1729/984 1192/1722/978
f 1192/1722/978 1193/3594/979 1184/1717/972
f 1193/772/979 1190/903/976 1185/896/973
f 1194/749/980 1195/1728/986 1186/910/977
f 1186/1723/977 1195/1734/986 1196/1724/981
f 1196/1724/981 1197/1736/992 1188/1725/975
f 1188/1726/975 1197/1691/992 1198/914/982
f 1192/1722/978 1199/1731/988 1193/3594/979
f 1193/917/979 1199/1732/988 1194/749/980
f 1198/914/982 1201/935/995 1191/1727/984
f 1191/1729/984 1201/936/995 1202/1730/987
f 1203/926/989 1204/1739/990 1195/1728/986
f 1204/1733/990 1205/1735/991 1196/1724/981
f 1205/1735/991 1206/3626/993 1197/1736/992
f 1206/1737/993 1207/1738/994 1198/914/982
f 1202/1730/987 1208/929/996 1199/1731/988
f 1208/930/996 1203/926/989 1200/918/985
f 1201/936/995 1210/944/998 1202/1730/987
f 1208/930/996 1211/1746/999 1209/931/997
f 1209/931/997 996/1548/791 1212/1741/1000
f 1204/1733/990 1212/1743/1000 1205/1735/991
f 1205/1735/991 999/1744/794 1206/3626/993
f 1206/1737/993 999/1550/794 1213/1742/1001
f 1210/944/998 1002/1556/803 1202/1730/987
f 1211/1746/999 996/1548/791 1209/931/997
f 996/1548/791 997/1547/790 1212/1741/1000
f 997/1552/790 998/658/798 1205/1735/991
f 999/1550/794 1000/648/793 1213/1742/1001
f 1213/1742/1001 1000/648/793 1001/655/801
f 1214/1172/1006 1222/1748/1005 1215/1751/1009
f 1216/1753/1010 1223/1761/1017 1217/2006/1002
f 1217/1747/1002 1223/1763/1017 1224/952/1003
f 1218/1172/1004 1224/952/1003 1219/1756/1012
f 1220/1758/1013 1222/1760/1005 1221/2012/1007
f 1222/1748/1005 1225/958/1016 1232/1750/1008
f 1223/1763/1017 1226/962/1019 1224/952/1003
f 1224/952/1003 1226/962/1019 1227/1755/1011
f 1227/1757/1011 1228/1769/1024 1220/1758/1013
f 1220/1758/1013 1228/1769/1024 1229/959/1014
f 1222/1748/1005 1229/1770/1014 1225/958/1016
f 1230/966/1015 1231/1765/1021 1232/1750/1008
f 1232/1752/1008 1233/3627/1018 1223/1761/1017
f 1233/1762/1018 1234/1766/1022 1226/962/1019
f 1226/962/1019 1234/1766/1022 1227/1755/1011
f 1229/1770/1014 1230/966/1015 1225/958/1016
f 1231/1773/1021 1236/1772/1027 1232/1752/1008
f 1232/1752/1008 1236/1772/1027 1233/3627/1018
f 1237/1768/1023 1238/1778/1032 1228/1769/1024
f 1228/1769/1024 1238/1778/1032 1235/971/1020
f 1239/981/1025 1240/1775/1026 1231/1765/1021
f 1236/1772/1027 1241/1781/1028 1233/3627/1018
f 1241/1774/1028 1242/1075/1029 1234/1766/1022
f 1238/1778/1032 1243/3628/1033 1235/971/1020
f 1243/1779/1033 1239/981/1025 1235/1764/1020
f 1241/1774/1028 1245/1783/1036 1242/1075/1029
f 1242/1075/1029 1245/1783/1036 1246/1776/1031
f 1246/1777/1031 1243/3628/1033 1238/1778/1032
f 1243/1779/1033 1247/1791/1043 1244/982/1030
f 1248/995/1034 1249/1785/1038 1236/1772/1027
f 1236/1772/1027 1249/1785/1038 1250/999/1035
f 1246/1777/1031 1251/1789/1041 1243/3628/1033
f 1243/3628/1033 1251/1789/1041 1247/3629/1043
f 1247/1791/1043 1248/1780/1034 1244/982/1030
f 1252/1793/1045 1253/1792/1037 1248/1780/1034
f 1249/1785/1038 1254/3630/1049 1250/999/1035
f 1250/1782/1035 1254/1796/1049 1255/1786/1039
f 1245/1783/1036 1255/1786/1039 1256/1787/1040
f 1251/1789/1041 1257/3631/1042 1247/3629/1043
f 1257/1790/1042 1252/1793/1045 1248/1780/1034
f 1249/1785/1038 1259/1794/1046 1254/3630/1049
f 1255/1786/1039 1260/1798/1051 1256/1787/1040
f 1256/1788/1040 1260/1800/1051 1261/1004/1047
f 1251/1789/1041 1261/1004/1047 1257/3631/1042
f 1258/1007/1044 1262/1801/1054 1263/1795/1048
f 1253/1784/1037 1263/3632/1048 1259/1794/1046
f 1259/1794/1046 1264/3633/1057 1254/3630/1049
f 1254/1796/1049 1264/1804/1057 1265/1797/1050
f 1261/1004/1047 1266/1808/1052 1257/3631/1042
f 1266/1013/1052 1262/1801/1054 1258/1007/1044
f 1263/3632/1048 1267/1810/1062 1259/1794/1046
f 1259/1794/1046 1267/1810/1062 1264/3633/1057
f 1265/1797/1050 1268/1805/1053 1260/1798/1051
f 1268/1799/1053 1266/1808/1052 1261/1004/1047
f 1266/1013/1052 1269/1814/1060 1262/1801/1054
f 1263/3632/1048 1270/1027/1055 1267/1810/1062
f 1267/1810/1062 1271/1812/1056 1264/3633/1057
f 1271/1803/1056 1272/1172/1058 1265/1797/1050
f 1268/1799/1053 1273/1806/1059 1266/1808/1052
f 1269/1814/1060 1270/1802/1055 1262/1801/1054
f 1274/1809/1061 1275/1811/1063 1267/1810/1062
f 1271/1803/1056 1276/1817/1066 1272/1172/1058
f 1272/1172/1058 1276/1817/1066 1277/1813/1064
f 1268/1799/1053 1277/1818/1064 1273/1806/1059
f 1273/1806/1059 1278/1032/1068 1269/1807/1060
f 1269/1814/1060 1278/1825/1068 1274/1815/1061
f 1279/1041/1073 1280/1828/1069 1274/1815/1061
f 1274/1809/1061 1280/1820/1069 1275/1811/1063
f 1276/1817/1066 1281/1816/1065 1277/1813/1064
f 1278/1825/1068 1279/1041/1073 1274/1815/1061
f 1279/1041/1073 1283/1826/1074 1280/1828/1069
f 1284/1821/1070 1285/1832/1078 1281/1039/1065
f 1285/1835/1078 1286/1822/1071 1281/1816/1065
f 1282/1819/1067 1287/1837/1072 1278/1032/1068
f 1287/1824/1072 1283/1826/1074 1279/1041/1073
f 1283/1826/1074 1288/1838/1082 1289/1827/1075
f 1285/1835/1078 1290/1834/1079 1286/1822/1071
f 1286/1822/1071 1290/1834/1079 1291/1841/1086
f 1286/1823/1071 1291/1843/1086 1282/1819/1067
f 1287/1824/1072 1288/1838/1082 1283/1826/1074
f 1284/1821/1070 1292/1830/1076 1293/1831/1077
f 1291/1843/1086 1294/1836/1080 1282/1819/1067
f 1294/1836/1080 1295/1846/1088 1287/1837/1072
f 1287/1824/1072 1295/1844/1088 1288/1838/1082
f 1296/1060/1081 1302/3634/1083 1289/1827/1075
f 1293/1833/1077 1297/3635/1084 1298/1062/1085
f 1298/1062/1085 1299/3636/1087 1291/1841/1086
f 1300/981/1089 1301/1856/1097 1302/1069/1083
f 1297/1851/1084 1303/1075/1092 1298/1073/1085
f 1298/1073/1085 1303/1075/1092 1299/1853/1087
f 1299/1842/1087 1304/1080/1094 1294/1836/1080
f 1294/1836/1080 1304/1080/1094 1305/1845/1090
f 1305/1847/1090 1300/981/1089 1296/1067/1081
f 1300/981/1089 1306/1079/1095 1301/1856/1097
f 1301/1858/1097 1307/1857/1098 1302/1839/1083
f 1302/1839/1083 1307/1857/1098 1308/1849/1091
f 1308/1850/1091 1309/1861/1102 1303/1075/1092
f 1303/1075/1092 1309/1861/1102 1310/1852/1093
f 1305/1847/1090 1306/1079/1095 1300/981/1089
f 1305/1847/1090 1312/1866/1099 1311/1855/1096
f 1311/1855/1096 1313/1865/1106 1314/1868/1108
f 1311/1084/1096 1314/1870/1108 1315/1860/1100
f 1315/1860/1100 1316/1872/1110 1308/1849/1091
f 1308/1850/1091 1316/1103/1110 1317/962/1101
f 1317/962/1101 1318/1875/1103 1310/1852/1093
f 1318/1862/1103 1321/1863/1104 1304/1080/1094
f 1312/1866/1099 1313/1865/1106 1311/1855/1096
f 1316/1103/1110 1319/952/1112 1317/962/1101
f 1317/962/1101 1319/952/1112 1318/1875/1103
f 1322/1869/1107 1323/1871/1109 1315/1860/1100
f 1323/1871/1109 1324/1104/1111 1316/1872/1110
f 1319/952/1112 1324/1873/1111 1325/1874/1113
f 1320/1864/1105 1326/1880/1114 1321/1863/1104
f 1326/1877/1114 1322/1867/1107 1313/1865/1106
f 1327/1029/1120 1328/1885/1115 1322/1867/1107
f 1323/1871/1109 1329/1888/1124 1324/1104/1111
f 1329/1890/1124 1330/1113/1116 1324/1873/1111
f 1325/1876/1113 1331/1879/1117 1320/1864/1105
f 1326/1877/1114 1327/1029/1120 1322/1867/1107
f 1327/1029/1120 1332/1883/1121 1328/1885/1115
f 1330/1113/1116 1333/1893/1118 1325/1874/1113
f 1331/1879/1117 1334/1896/1119 1326/1880/1114
f 1334/1882/1119 1332/1883/1121 1327/1029/1120
f 1335/1886/1122 1336/1887/1123 1323/1871/1109
f 1336/1887/1123 1337/1127/1125 1329/1888/1124
f 1330/1113/1116 1337/1889/1125 1333/1893/1118
f 1332/1883/1121 1338/1898/1129 1335/1884/1122
f 1337/1889/1125 1339/1905/1126 1340/3637/1943
f 1337/1889/1125 1340/3637/1943 1341/1892/1127
f 1341/1894/1127 1342/1907/1135 1331/1879/1117
f 1331/1879/1117 1342/1907/1135 1343/1895/1128
f 1343/1897/1128 1338/1898/1129 1332/1883/1121
f 1338/1898/1129 1344/1910/1138 1345/1899/1130
f 1345/1900/1130 1346/1901/1131 1336/1887/1123
f 1336/1887/1123 1346/1901/1131 1339/1891/1126
f 1339/1905/1126 1347/1904/1133 1340/3637/1943
f 1340/3637/1943 1347/1904/1133 1341/1892/1127
f 1343/1897/1128 1344/1910/1138 1338/1898/1129
f 1347/1904/1133 1349/1915/1134 1341/1892/1127
f 1349/1906/1134 1350/1908/1136 1342/1907/1135
f 1350/1908/1136 1351/1918/1144 1343/1895/1128
f 1343/1897/1128 1351/1919/1144 1344/1910/1138
f 1345/1900/1130 1352/1911/1137 1346/1901/1131
f 1348/1903/1132 1353/1914/1141 1347/1904/1133
f 1347/1904/1133 1353/1914/1141 1349/1915/1134
f 1351/1919/1144 1352/1909/1137 1344/1910/1138
f 1354/1920/1145 1355/1923/1150 1352/1909/1137
f 1352/1911/1137 1355/1924/1150 1356/1912/1139
f 1356/1912/1139 1357/1926/1146 1348/1902/1132
f 1348/1903/1132 1357/1229/1146 1358/1913/1140
f 1349/1906/1134 1358/1148/1140 1359/1916/1142
f 1350/1908/1136 1359/1916/1142 1360/1917/1143
f 1351/1919/1144 1360/1928/1143 1354/1920/1145
f 1361/1921/1147 1362/1932/1148 1358/1913/1140
f 1363/1155/1149 1364/1929/1154 1355/1923/1150
f 1355/1924/1150 1364/1934/1154 1365/1925/1151
f 1365/1925/1151 1366/1936/1155 1357/1926/1146
f 1357/1229/1146 1366/1930/1155 1361/1921/1147
f 1362/1922/1148 1367/1943/1164 1359/1916/1142
f 1359/1916/1142 1367/1943/1164 1368/1927/1152
f 1360/1928/1143 1368/1939/1152 1363/1155/1149
f 1370/1931/1156 1371/1937/1160 1362/1932/1148
f 1362/1922/1148 1371/1944/1160 1367/1943/1164
f 1368/1939/1152 1369/1164/1153 1363/1155/1149
f 1369/1164/1153 1372/1945/1165 1373/1933/1157
f 1364/1934/1154 1373/1947/1157 1374/1935/1158
f 1374/1935/1158 1375/1949/1162 1366/1936/1155
f 1366/1930/1155 1375/1940/1162 1376/1172/1159
f 1367/1943/1164 1377/1953/1161 1368/1927/1152
f 1377/1938/1161 1372/1945/1165 1369/1164/1153
f 1378/1942/1163 1379/1951/1169 1367/1943/1164
f 1367/1943/1164 1379/1951/1169 1377/1953/1161
f 1373/1947/1157 1380/1956/1166 1381/1948/1167
f 1381/1948/1167 1382/1963/1168 1375/1949/1162
f 1382/1950/1168 1383/1958/1173 1378/1941/1163
f 1378/1942/1163 1383/1190/1173 1379/1951/1169
f 1384/1954/1170 1380/1946/1166 1372/1945/1165
f 1385/1007/1177 1386/1961/1171 1380/1946/1166
f 1387/1957/1172 1388/1969/1174 1383/1958/1173
f 1388/1959/1174 1389/1960/1175 1379/1951/1169
f 1384/1954/1170 1385/1007/1177 1380/1946/1166
f 1386/1955/1171 1391/1962/1178 1381/1948/1167
f 1391/1962/1178 1392/1974/1186 1382/1963/1168
f 1382/1950/1168 1392/1977/1186 1393/1964/1179
f 1387/1957/1172 1393/1964/1179 1388/1969/1174
f 1389/1960/1175 1394/1971/1180 1384/1952/1170
f 1394/1965/1180 1390/1793/1176 1385/1007/1177
f 1392/1977/1186 1396/1976/1187 1393/1964/1179
f 1393/1964/1179 1396/1976/1187 1397/1968/1182
f 1397/1203/1182 1398/1970/1183 1389/1960/1175
f 1399/1980/1189 1400/1069/1193 1395/1966/1181
f 1395/1967/1181 1400/1987/1193 1401/1972/1184
f 1391/1962/1178 1401/1972/1184 1402/1973/1185
f 1396/1976/1187 1403/3607/1188 1397/1968/1182
f 1399/3638/1189 1404/1984/1191 1400/1986/1193
f 1401/1972/1184 1405/1988/1195 1402/1973/1185
f 1402/1981/1185 1405/1989/1195 1406/1057/1190
f 1398/1970/1183 1407/1992/1198 1399/1979/1189
f 1399/3638/1189 1407/1998/1198 1404/1984/1191
f 1400/1987/1193 1408/1994/1192 1409/1219/1194
f 1403/1978/1188 1410/3639/1196 1411/1991/1197
f 1407/1998/1198 1408/1985/1192 1404/1984/1191
f 1412/2000/1203 1413/1999/1199 1408/1985/1192
f 1409/1219/1194 1414/2007/1204 1405/1988/1195
f 1405/1989/1195 1414/2001/1204 1415/1995/1200
f 1415/1995/1200 1416/2002/1206 1410/1990/1196
f 1410/3639/1196 1416/2011/1206 1411/1991/1197
f 1417/1997/1201 1412/2000/1203 1408/1985/1192
f 1413/1993/1199 1419/2005/1208 1409/1219/1194
f 1409/1219/1194 1419/2005/1208 1414/2007/1204
f 1416/2011/1206 1421/2010/1210 1411/1991/1197
f 1411/1991/1197 1421/2010/1210 1417/1996/1201
f 1417/1997/1201 1418/1041/1202 1412/2000/1203
f 1217/1747/1002 1423/2008/1209 1420/1230/1205
f 1421/2010/1210 1221/2012/1007 1417/1996/1201
f 1417/1997/1201 1221/1749/1007 1422/2003/1207
f 1214/1172/1006 1215/1751/1009 1422/2003/1207
f 1215/1754/1009 1216/1753/1010 1419/2005/1208
f 1217/1747/1002 1218/1172/1004 1423/2008/1209
f 1218/1172/1004 1219/1756/1012 1423/2008/1209
f 1423/2009/1209 1219/1759/1012 1220/1758/1013
s 0
f 1614/2208/1944 1604/3643/1944 1601/2209/1944
f 1617/2211/1945 1614/3644/1945 1610/2212/1945
f 1608/2214/1946 1602/2227/1946 1613/2215/1946
f 1603/2217/1947 1609/3645/1947 1605/2218/1947
f 1609/2220/1948 1618/3646/1948 1616/2221/1948
f 1604/3643/1896 1602/2239/1896 1603/3647/1896
f 1606/2222/1897 1607/2228/1897 1605/3648/1897
f 1611/2210/1919 1612/2237/1919 1610/3649/1919
f 1618/3646/1898 1619/2230/1898 1617/3650/1898
f 1600/3651/1949 1601/2219/1949 1605/2218/1949
f 1604/3652/1950 1603/2217/1950 1601/2219/1950
f 1608/3653/1951 1609/3645/1951 1603/2217/1951
f 1606/3654/1952 1605/2218/1952 1609/3645/1952
f 1607/2228/1953 1606/2222/1953 1616/2221/1953
f 1619/2230/1954 1618/3646/1954 1609/2220/1954
f 1615/3655/1955 1616/2213/1955 1610/2212/1955
f 1613/3656/1956 1614/3644/1956 1617/2211/1956
f 1611/3657/1957 1610/2212/1957 1614/3644/1957
f 1612/2237/1958 1611/2210/1958 1601/2209/1958
f 1602/2239/1959 1604/3643/1959 1614/2208/1959
f 1615/2233/1960 1612/2235/1960 1600/2223/1960
f 1625/2241/1961 1621/3658/1961 1620/2242/1961
f 1627/2244/1962 1625/3659/1962 1624/2245/1962
f 1623/2247/1963 1621/3660/1963 1625/2248/1963
f 1621/2250/1964 1623/3661/1964 1622/2251/1964
f 1623/2253/1965 1627/3662/1965 1626/2254/1965
f 1626/2256/1966 1624/3663/1966 1620/2257/1966
s 1
f 1639/2259/1408 1629/2276/1419 1628/2260/1409
f 1633/2262/1411 1635/2265/1414 1634/2263/1412
f 1635/2265/1414 1637/3664/1416 1636/2266/1415
f 1637/2267/1416 1639/3665/1408 1638/2268/1410
f 1631/2270/1417 1633/3666/1411 1632/2271/1413
f 1633/2275/1411 1631/3667/1417 1637/2273/1416
f 1631/3667/1417 1629/3668/1419 1637/2273/1416
f 1629/3668/1419 1639/3669/1408 1637/2273/1416
f 1629/2276/1419 1631/3670/1417 1630/2277/1418
f 1638/2279/1410 1628/3671/1409 1630/2280/1418
f 1630/2280/1418 1632/3672/1413 1634/3673/1412
f 1634/3673/1412 1636/2278/1415 1630/2280/1418
f 1651/2281/1420 1641/2292/1429 1640/2282/1421
f 1645/2284/1423 1647/2287/1426 1646/2285/1424
f 1648/3674/1427 1651/3675/1420 1650/3676/1422
f 1643/2296/1430 1645/3677/1423 1644/2294/1425
f 1645/2291/1423 1643/3678/1430 1649/2289/1428
f 1643/3678/1430 1641/3679/1429 1649/2289/1428
f 1641/3679/1429 1651/3680/1420 1649/2289/1428
f 1640/2282/1421 1643/2293/1430 1642/3681/1431
f 1648/3674/1427 1649/3682/1428 1651/3675/1420
f 1650/2299/1422 1640/3683/1421 1642/2300/1431
f 1642/2300/1431 1644/3684/1425 1646/3685/1424
f 1646/3685/1424 1648/2298/1427 1642/2300/1431
f 1659/2305/1436 1661/3686/1438 1660/2316/1439
f 1661/2307/1438 1663/3687/1432 1662/2308/1434
f 1655/2310/1440 1657/3688/1435 1656/2311/1437
f 1657/2314/1435 1655/3689/1440 1653/2315/1442
f 1653/2315/1442 1663/3690/1432 1661/3691/1438
f 1661/3691/1438 1659/2313/1436 1653/2315/1442
f 1652/2302/1433 1655/3692/1440 1654/3693/1441
f 1655/3692/1440 1652/2302/1433 1653/2318/1442
f 1656/2306/1437 1659/2305/1436 1658/2317/1443
f 1662/2321/1434 1652/3694/1433 1658/2319/1443
f 1652/3694/1433 1654/3695/1441 1658/2319/1443
f 1654/3695/1441 1656/3696/1437 1658/2319/1443
f 1671/2326/1436 1673/3697/1444 1672/2337/1439
f 1673/2328/1444 1675/3698/1432 1674/2329/1434
f 1667/2331/1440 1669/3699/1435 1668/2332/1437
f 1669/2335/1435 1667/3700/1440 1665/2336/1442
f 1665/2336/1442 1675/3701/1432 1673/3702/1444
f 1673/3702/1444 1671/2334/1436 1665/2336/1442
f 1664/2323/1433 1667/3703/1440 1666/3704/1445
f 1667/3703/1440 1664/2323/1433 1665/2339/1442
f 1668/2327/1437 1671/2326/1436 1670/2338/1443
f 1674/2342/1434 1664/3705/1433 1670/2340/1443
f 1664/3705/1433 1666/3706/1445 1670/2340/1443
f 1666/3706/1445 1668/3707/1437 1670/2340/1443
s 0
f 1681/2343/1967 1677/3708/1967 1676/2344/1967
f 1683/2346/1968 1681/3709/1968 1680/2347/1968
f 1679/2349/1969 1677/3710/1969 1681/2350/1969
f 1677/2352/1970 1679/3711/1970 1678/2353/1970
f 1679/2355/1971 1683/3712/1971 1682/2356/1971
f 1682/2358/1972 1680/3713/1972 1676/2359/1972
f 1689/2361/1967 1685/3714/1967 1684/2362/1967
f 1691/2346/1973 1689/3715/1973 1688/2364/1973
f 1687/2366/1969 1685/3716/1969 1689/2367/1969
f 1685/2369/1974 1687/3717/1974 1686/2370/1974
f 1687/2372/1971 1691/3712/1971 1690/2373/1971
f 1690/2375/1972 1688/3718/1972 1684/2376/1972
f 1706/2378/1944 1696/3719/1944 1693/2379/1944
f 1709/2381/1945 1706/3720/1945 1702/2382/1945
f 1700/2384/1946 1694/2397/1946 1705/2385/1946
f 1695/2387/1947 1701/3721/1947 1697/2388/1947
f 1701/2390/1948 1710/3722/1948 1708/2391/1948
f 1696/3719/1896 1694/2239/1896 1695/3647/1896
f 1698/2392/1897 1699/2228/1897 1697/3648/1897
f 1703/2380/1919 1704/2237/1919 1702/3649/1919
f 1710/3722/1898 1711/2230/1898 1709/3650/1898
f 1692/3723/1949 1693/2389/1949 1697/2388/1949
f 1696/3652/1950 1695/2387/1950 1693/2389/1950
f 1700/3724/1951 1701/3721/1951 1695/2387/1951
f 1698/3654/1952 1697/2388/1952 1701/3721/1952
f 1699/2228/1953 1698/2392/1953 1708/2391/1953
f 1711/2230/1975 1710/3722/1975 1701/2390/1975
f 1707/3725/1955 1708/2383/1955 1702/2382/1955
f 1705/3726/1956 1706/3720/1956 1709/2381/1956
f 1703/3657/1957 1702/2382/1957 1706/3720/1957
f 1704/2237/1958 1703/2380/1958 1693/2379/1958
f 1694/2239/1959 1696/3719/1959 1706/2378/1959
f 1707/2399/1960 1704/2235/1960 1692/2393/1960
f 1717/2404/1961 1713/3727/1961 1712/2405/1961
f 1719/2407/1962 1717/3728/1962 1716/2408/1962
f 1715/2410/1963 1713/3729/1963 1717/2411/1963
f 1713/2413/1964 1715/3730/1964 1714/2414/1964
f 1715/2416/1965 1719/3731/1965 1718/2254/1965
f 1718/2418/1966 1716/3732/1966 1712/2419/1966
s 1
f 1731/2420/1458 1721/2437/1419 1720/2421/1409
f 1725/2423/1459 1727/2426/1414 1726/2424/1412
f 1727/2426/1414 1729/3733/1416 1728/2427/1415
f 1729/2428/1416 1731/3734/1458 1730/2429/1410
f 1723/2431/1417 1725/3735/1459 1724/2432/1413
f 1725/2436/1459 1723/3736/1417 1729/2434/1416
f 1723/3736/1417 1721/3737/1419 1729/2434/1416
f 1721/3737/1419 1731/3738/1458 1729/2434/1416
f 1721/2437/1419 1723/3739/1417 1722/2438/1418
f 1730/2440/1410 1720/3740/1409 1722/2441/1418
f 1722/2441/1418 1724/3741/1413 1726/3742/1412
f 1726/3742/1412 1728/2439/1415 1722/2441/1418
f 1743/2442/1420 1733/2453/1429 1732/2443/1421
f 1737/2445/1423 1739/2448/1426 1738/2446/1424
f 1740/3743/1427 1743/3744/1420 1742/3745/1422
f 1735/2457/1430 1737/3746/1423 1736/2455/1425
f 1737/2452/1423 1735/3747/1430 1741/2450/1428
f 1735/3747/1430 1733/3748/1429 1741/2450/1428
f 1733/3748/1429 1743/3749/1420 1741/2450/1428
f 1732/2443/1421 1735/2454/1430 1734/3750/1431
f 1740/3743/1427 1741/3751/1428 1743/3744/1420
f 1742/2460/1422 1732/3752/1421 1734/2461/1431
f 1734/2461/1431 1736/3753/1425 1738/3754/1424
f 1738/3754/1424 1740/2459/1427 1734/2461/1431
f 1751/2466/1463 1753/3755/1465 1752/2477/1466
f 1753/2468/1465 1755/3756/1432 1754/2469/1461
f 1747/2471/1440 1749/3757/1462 1748/2472/1464
f 1749/2475/1462 1747/3758/1440 1745/2476/1468
f 1745/2476/1468 1755/3759/1432 1753/3760/1465
f 1753/3760/1465 1751/2474/1463 1745/2476/1468
f 1744/2463/1460 1747/3761/1440 1746/3762/1467
f 1747/3761/1440 1744/2463/1460 1745/2479/1468
f 1751/2466/1463 1750/2478/1469 1748/2467/1464
f 1754/2321/1461 1744/3763/1460 1750/2480/1469
f 1744/3763/1460 1746/3764/1467 1750/2480/1469
f 1746/3764/1467 1748/3765/1464 1750/2480/1469
f 1763/2486/1470 1765/3766/1465 1764/2496/1471
f 1765/2488/1465 1767/3767/1432 1766/2489/1461
f 1759/2471/1440 1761/3768/1462 1760/2491/1464
f 1761/2494/1462 1759/3769/1440 1757/2495/1468
f 1757/2495/1468 1767/3770/1432 1765/3771/1465
f 1765/3771/1465 1763/2493/1470 1757/2495/1468
f 1756/2483/1460 1759/3772/1440 1758/3773/1467
f 1759/3772/1440 1756/2483/1460 1757/2479/1468
f 1763/2486/1470 1762/2497/1469 1760/2487/1464
f 1766/2500/1461 1756/3774/1460 1762/2498/1469
f 1756/3774/1460 1758/3775/1467 1762/2498/1469
f 1758/3775/1467 1760/3776/1464 1762/2498/1469
s 0
f 1773/2343/1967 1769/3777/1967 1768/2501/1967
f 1775/2502/1968 1773/3778/1968 1772/2503/1968
f 1771/2504/1969 1769/3779/1969 1773/2505/1969
f 1769/2369/1970 1771/3780/1970 1770/2507/1970
f 1771/2509/1971 1775/3712/1971 1774/2510/1971
f 1774/2512/1972 1772/3713/1972 1768/2513/1972
f 1781/2361/1967 1777/3781/1967 1776/2515/1967
f 1783/2516/1973 1781/3782/1973 1780/2347/1973
f 1779/2518/1969 1777/3783/1969 1781/2519/1969
f 1777/2521/1974 1779/3784/1974 1778/2370/1974
f 1779/2523/1971 1783/3785/1971 1782/2524/1971
f 1782/2525/1972 1780/3786/1972 1776/2526/1972
f 1798/2528/1976 1788/3787/1976 1785/2529/1976
f 1801/2531/1977 1798/3788/1977 1794/2532/1977
f 1792/2534/1978 1786/2547/1978 1797/2535/1978
f 1787/2537/1979 1793/3789/1979 1789/2538/1979
f 1793/2540/1980 1802/3790/1980 1800/2541/1980
f 1788/3787/1981 1786/2559/1981 1787/3791/1981
f 1790/2542/1897 1791/2548/1897 1789/3792/1897
f 1795/2530/1919 1796/2557/1919 1794/3793/1919
f 1802/3790/1982 1803/2550/1982 1801/3794/1982
f 1784/3795/1983 1785/2539/1983 1789/2538/1983
f 1788/3796/1936 1787/2537/1936 1785/2539/1936
f 1792/3797/1984 1793/3789/1984 1787/2537/1984
f 1790/3798/1920 1789/2538/1920 1793/3789/1920
f 1791/2548/1985 1790/2542/1985 1800/2541/1985
f 1803/2550/1975 1802/3790/1975 1793/2540/1975
f 1799/3799/1986 1800/2533/1986 1794/2532/1986
f 1797/3800/1987 1798/3788/1987 1801/2531/1987
f 1795/3801/1924 1794/2532/1924 1798/3788/1924
f 1796/2557/1988 1795/2530/1988 1785/2529/1988
f 1786/2559/1989 1788/3787/1989 1798/2528/1989
f 1799/2553/1990 1796/2555/1990 1784/2543/1990
f 1809/2561/1991 1805/3802/1991 1804/2562/1991
f 1811/2564/1992 1809/3803/1992 1808/2565/1992
f 1807/2567/1993 1805/3804/1993 1809/2568/1993
f 1805/2570/1994 1807/3805/1994 1806/2571/1994
f 1807/2573/1995 1811/3806/1995 1810/2574/1995
f 1810/2576/1996 1808/3807/1996 1804/2577/1996
f 1825/2579/1997 1814/3808/1997 1813/2580/1997
f 1828/2582/1998 1824/2609/1998 1821/2583/1998
f 1819/2585/1999 1814/2598/1999 1824/2586/1999
f 1815/2588/2000 1820/3809/2000 1816/2589/2000
f 1820/2591/2001 1829/3810/2001 1827/2592/2001
f 1817/2593/1897 1818/2599/1897 1816/3811/1897
f 1822/2581/1919 1823/2611/1919 1821/3812/1919
f 1829/3810/1898 1830/2601/1898 1828/3813/1898
f 1812/3814/2002 1813/2590/2002 1816/2589/2002
f 1814/3808/2003 1815/3815/2003 1813/2580/2003
f 1819/3816/2004 1820/3809/2004 1815/2588/2004
f 1817/3817/2005 1816/2589/2005 1820/3809/2005
f 1818/2599/1985 1817/2593/1985 1827/2592/1985
f 1830/2601/1975 1829/3810/1975 1820/2591/1975
f 1826/3818/2006 1827/2584/2006 1821/2583/2006
f 1822/2608/2007 1821/2583/2007 1824/2609/2007
f 1823/2611/1988 1822/2581/1988 1813/2580/1988
f 1826/2604/2008 1823/2606/2008 1812/2594/2008
f 1836/2614/2009 1832/3819/2009 1831/2615/2009
f 1838/2617/2010 1836/3820/2010 1835/2618/2010
f 1834/2620/2011 1832/3821/2011 1836/2621/2011
f 1832/2623/2012 1834/3822/2012 1833/2624/2012
f 1834/2626/2013 1838/3823/2013 1837/2627/2013
f 1837/2629/2014 1835/3824/2014 1831/2630/2014
f 1844/2632/2015 1840/3825/2015 1839/2633/2015
f 1846/2635/2016 1844/3826/2016 1843/2636/2016
f 1842/2638/2017 1840/3827/2017 1844/2639/2017
f 1840/2641/2018 1842/3828/2018 1841/2642/2018
f 1842/2644/2019 1846/3829/2019 1845/2645/2019
f 1845/2647/2020 1843/3830/2020 1839/2648/2020
f 1852/2650/2021 1848/3831/2021 1847/2651/2021
f 1854/2653/2022 1852/3832/2022 1851/2654/2022
f 1850/2656/2023 1848/3833/2023 1852/2657/2023
f 1848/2659/2024 1850/3834/2024 1849/2660/2024
f 1850/2662/2025 1854/3835/2025 1853/2663/2025
f 1853/2665/2026 1851/3836/2026 1847/2666/2026
s 1
f 1867/2671/1527 1859/2679/1534 1860/2672/1528
f 1861/3838/1535 1863/3839/1530 1862/2680/1532
f 1863/2674/1530 1865/2677/1533 1864/2675/1531
f 1865/2677/1533 1867/3840/1527 1866/2678/1529
f 1859/2679/1534 1861/3838/1535 1862/2680/1532
f 1859/3841/1534 1867/3842/1527 1865/2681/1533
f 1861/2683/1535 1859/3841/1534 1865/2681/1533
f 1860/3843/1528 1862/2685/1532 1866/2684/1529
f 1869/2695/1543 1871/3844/1539 1870/2696/1541
f 1871/2690/1539 1873/2693/1542 1872/2691/1540
f 1873/2693/1542 1875/3845/1536 1874/2694/1538
f 1869/2699/1543 1875/3846/1536 1873/2697/1542
f 1875/2687/1536 1869/2695/1543 1868/2688/1537
f 1868/2702/1537 1870/3847/1541 1872/2700/1540
f 1883/3848/1549 1877/2714/1551 1876/2715/1550
f 1879/3849/1544 1881/2706/1547 1880/2708/1545
f 1881/2706/1547 1883/2709/1549 1882/2707/1548
f 1877/2714/1551 1879/2703/1544 1878/2705/1546
f 1879/2713/1544 1877/3850/1551 1883/2711/1549
f 1876/3851/1550 1878/2717/1546 1882/2716/1548
f 1885/2727/1543 1887/3852/1539 1886/2728/1541
f 1887/2722/1539 1889/2725/1554 1888/2723/1540
f 1889/2725/1554 1891/3853/1536 1890/2726/1553
f 1885/2731/1543 1891/3854/1536 1889/2729/1554
f 1891/2719/1536 1885/2727/1543 1884/2720/1552
f 1884/2734/1552 1886/3855/1541 1888/2732/1540
s 0
f 1897/2735/2027 1893/3856/2027 1892/2736/2027
f 1899/2738/2028 1897/3857/2028 1896/2739/2028
f 1895/2741/2029 1893/3858/2029 1897/2742/2029
f 1893/2744/2030 1895/3859/2030 1894/2745/2030
f 1895/2747/2031 1899/3860/2031 1898/2748/2031
f 1898/2750/2032 1896/3861/2032 1892/2751/2032
f 1914/2753/2033 1904/3862/2033 1901/2580/2033
f 1917/2755/2034 1914/3863/2034 1910/2756/2034
f 1908/2757/2035 1902/2767/2035 1913/2758/2035
f 1903/2760/2036 1909/3864/2036 1905/2761/2036
f 1909/2591/2037 1917/3865/2037 1916/2592/2037
f 1904/3862/1896 1902/2777/1896 1903/3866/1896
f 1906/2593/1897 1907/2599/1897 1905/3811/1897
f 1911/2754/1919 1912/2611/1919 1910/3812/1919
f 1900/3867/2002 1901/2762/2002 1905/2761/2002
f 1904/3868/2038 1903/2760/2038 1901/2762/2038
f 1908/3869/2039 1909/3864/2039 1903/2760/2039
f 1906/3817/2005 1905/2761/2005 1909/3864/2005
f 1907/2599/1985 1906/2593/1985 1916/2592/1985
f 1918/2769/2040 1917/3865/2040 1909/2591/2040
f 1915/3870/2006 1916/2584/2006 1910/2756/2006
f 1913/2774/2041 1914/3863/2041 1917/2755/2041
f 1911/2608/2042 1910/2756/2042 1914/3863/2042
f 1912/2611/1988 1911/2754/1988 1901/2580/1988
f 1902/2777/1989 1904/3862/1989 1914/2753/1989
f 1915/2771/2008 1912/2773/2008 1900/2763/2008
f 1924/2779/2009 1920/3871/2009 1919/2780/2009
f 1926/2782/2010 1924/3872/2010 1923/2783/2010
f 1922/2785/2011 1920/3873/2011 1924/2786/2011
f 1920/2787/2012 1922/3874/2012 1921/2788/2012
f 1922/2790/2043 1926/3875/2043 1925/2627/2043
f 1925/2792/2014 1923/3876/2014 1919/2793/2014
f 1932/2795/2015 1928/3877/2015 1927/2796/2015
f 1934/2798/2016 1932/3878/2016 1931/2799/2016
f 1930/2801/2017 1928/3879/2017 1932/2802/2017
f 1928/2804/2018 1930/3880/2018 1929/2805/2018
f 1930/2807/2019 1934/3881/2019 1933/2808/2019
f 1933/2810/2020 1931/3882/2020 1927/2811/2020
f 1940/2813/2021 1936/3883/2021 1935/2814/2021
f 1942/2816/2022 1940/3884/2022 1939/2817/2022
f 1938/2819/2023 1936/3885/2023 1940/2820/2023
f 1936/2822/2024 1938/3886/2024 1937/2823/2024
f 1938/2825/2025 1942/3887/2025 1941/2826/2025
f 1941/2828/2026 1939/3888/2026 1935/2829/2026
s 1
f 1948/2839/1577 1950/3889/1574 1949/2840/1575
f 1950/2834/1574 1952/2837/1576 1951/2835/1531
f 1952/2837/1576 1954/3890/1571 1953/2838/1573
f 1948/2843/1577 1954/3891/1571 1952/2841/1576
f 1954/2831/1571 1948/2839/1577 1947/2832/1572
f 1947/3892/1572 1949/2845/1575 1953/2844/1573
f 1956/2850/1581 1959/3893/1584 1958/2851/1582
f 1959/2853/1584 1961/2856/1542 1960/2854/1585
f 1961/2856/1542 1963/3894/1578 1962/2857/1580
f 1956/2860/1581 1963/3895/1578 1961/2858/1542
f 1963/2847/1578 1956/2850/1581 1957/2852/1583
f 1960/2861/1585 1957/3896/1583 1958/3897/1582
f 1955/2863/1579 1957/3896/1583 1960/2861/1585
f 1971/3898/1549 1965/2875/1551 1964/2876/1550
f 1967/3899/1544 1969/2867/1547 1968/2869/1586
f 1969/2867/1547 1971/2870/1549 1970/2868/1548
f 1965/2875/1551 1967/2864/1544 1966/2866/1546
f 1967/2874/1544 1965/3900/1551 1971/2872/1549
f 1964/3901/1550 1966/2878/1546 1970/2877/1548
f 1973/2888/1588 1975/3902/1539 1974/2889/1587
f 1975/2883/1539 1977/2886/1542 1976/2884/1540
f 1977/2886/1542 1979/3903/1536 1978/2887/1553
f 1973/2892/1588 1979/3904/1536 1977/2890/1542
f 1979/2880/1536 1973/2888/1588 1972/2881/1552
f 1972/2895/1552 1974/3905/1587 1976/2893/1540
s 0
f 1985/2896/2027 1981/3906/2027 1980/2897/2027
f 1987/2899/2044 1985/3907/2044 1984/2900/2044
f 1983/2902/2029 1981/3908/2029 1985/2903/2029
f 1981/2905/2030 1983/3909/2030 1982/2906/2030
f 1983/2908/2031 1987/3910/2031 1986/2909/2031
f 1986/2911/2032 1984/3911/2032 1980/2912/2032
f 2000/2914/2045 1990/2941/2045 1989/2915/2045
f 2003/2917/2046 2000/3912/2046 1997/2918/2046
f 1995/2920/2047 1990/2933/2047 1999/2921/2047
f 1991/2923/2048 1996/3913/2048 1992/2924/2048
f 1996/2926/2049 2003/3914/2049 2002/2927/2049
f 1993/2928/1897 1994/2934/1897 1992/3915/1897
f 1988/3916/2050 1989/2925/2050 1992/2924/2050
f 1990/2941/2051 1991/3917/2051 1989/2915/2051
f 1995/3918/2052 1996/3913/2052 1991/2923/2052
f 1993/3919/2053 1992/2924/2053 1996/3913/2053
f 1994/2934/1953 1993/2928/1953 2002/2927/1953
f 2004/2936/2054 2003/3914/2054 1996/2926/2054
f 2001/3920/2055 2002/2919/2055 1997/2918/2055
f 1999/2938/2056 2000/3912/2056 2003/2917/2056
f 1998/3921/2057 1997/2918/2057 2000/3912/2057
f 1997/3922/2058 1998/3923/2058 1988/2929/2058
f 2001/2943/2059 1997/3922/2059 1988/2929/2059
s 1
f 2021/2944/1603 2006/2962/1618 2005/2945/1604
f 2008/3924/1619 2009/2947/1606 2007/2949/1608
f 2009/2947/1606 2011/2950/1609 2010/2948/1607
f 2011/2952/1609 2014/2955/1612 2013/2953/1611
f 2014/2955/1612 2016/2957/1614 2015/2956/1613
f 2016/2957/1614 2018/3925/2060 2017/2958/1615
f 2018/3925/2060 2020/2959/1616 2017/2958/1615
f 2020/2959/1616 2021/3926/1603 2019/2960/1617
f 2006/2962/1618 2008/3924/1619 2007/2949/1608
f 2021/3927/1603 2020/3928/1616 2018/3929/2060
f 2008/2964/1619 2006/3930/1618 2021/3927/1603
f 2021/3927/1603 2018/3929/2060 2008/2964/1619
f 2018/3929/2060 2016/2965/1614 2008/2964/1619
f 2016/2965/1614 2014/3931/1612 2011/2963/1609
f 2009/3932/1606 2008/2964/1619 2011/2963/1609
f 2022/2967/1605 2005/3933/1604 2007/3934/1608
f 2007/3934/1608 2010/3935/1607 2013/2969/1611
f 2010/3935/1607 2012/3936/1610 2013/2969/1611
f 2013/2969/1611 2015/3937/1613 2017/2968/1615
f 2022/2967/1605 2007/3934/1608 2013/2969/1611
f 2026/2973/1623 2028/2976/1626 2027/2974/1624
f 2028/2976/1626 2030/2978/1628 2029/2977/1627
f 2030/2978/1628 2032/3938/1630 2031/2979/1629
f 2032/2980/1630 2034/2983/1632 2033/2981/1631
f 2034/2983/1632 2036/2985/1634 2035/2984/1633
f 2036/2985/1634 2038/2987/1636 2037/2986/1635
f 2038/2987/1636 2040/2989/1638 2039/2988/1637
f 2040/2989/1638 2042/2991/1640 2041/2990/1639
f 2042/2991/1640 2044/3939/1642 2043/2992/1641
f 2044/2993/1642 2046/2970/1620 2045/2972/1622
f 2024/2995/1643 2026/2973/1623 2025/2975/1625
f 2026/2998/1623 2024/3940/1643 2046/3941/1620
f 2042/3942/1640 2040/3943/1638 2038/2996/1636
f 2038/2996/1636 2036/3944/1634 2034/3945/1632
f 2030/3946/1628 2028/3947/1626 2026/2998/1623
f 2026/2998/1623 2046/3941/1620 2044/3948/1642
f 2044/3948/1642 2042/3942/1640 2038/2996/1636
f 2038/2996/1636 2034/3945/1632 2032/2997/1630
f 2032/2997/1630 2030/3946/1628 2026/2998/1623
f 2026/2998/1623 2044/3948/1642 2038/2996/1636
f 2046/2970/1620 2024/2995/1643 2023/2971/1621
f 2023/3949/1621 2025/3950/1625 2045/3001/1622
f 2025/3950/1625 2027/3951/1624 2045/3001/1622
f 2029/3952/1627 2031/3953/1629 2027/3951/1624
f 2031/3953/1629 2033/2999/1631 2027/3951/1624
f 2035/3954/1633 2037/3955/1635 2033/2999/1631
f 2037/3955/1635 2039/3000/1637 2033/2999/1631
f 2041/3956/1639 2043/3957/1641 2039/3000/1637
f 2043/3957/1641 2045/3001/1622 2039/3000/1637
f 2045/3001/1622 2027/3951/1624 2033/2999/1631
f 2054/3008/1648 2057/3116/1654 2049/3009/1650
f 2051/3028/1660 2058/3029/1661 2052/3958/1651
f 2052/3011/1651 2058/3959/1661 2056/3015/1653
f 2048/3005/1647 2059/3017/1655 2057/3016/1654
f 2060/3019/1656 2062/3038/1668 2050/3021/1657
f 2050/3026/1657 2062/3040/1668 2063/3027/1659
f 2063/3027/1659 2064/3960/1670 2058/3029/1661
f 2058/3961/1661 2064/3042/1670 2056/3022/1653
f 2056/3022/1653 2065/3030/1662 2061/3023/1658
f 2064/3042/1670 2065/3030/1662 2056/3022/1653
f 2059/3017/1655 2067/3035/1664 2057/3016/1654
f 2067/3033/1664 2068/3036/1666 2060/3019/1656
f 2060/3019/1656 2068/3036/1666 2062/3038/1668
f 2066/3032/1663 2069/3034/1665 2059/3017/1655
f 2063/3027/1659 2071/3047/1669 2064/3960/1670
f 2072/3043/1671 2073/3075/1672 2066/3031/1663
f 2066/3032/1663 2073/3044/1672 2069/3034/1665
f 2071/3041/1669 2072/3043/1671 2065/3030/1662
f 2069/3034/1665 2074/3045/1673 2067/3035/1664
f 2075/3046/1674 2076/3060/1675 2071/3047/1669
f 2074/3045/1673 2077/3069/1682 2067/3035/1664
f 2067/3051/1664 2077/3063/1682 2078/3052/1676
f 2079/3055/1677 2080/3962/1678 2073/3056/1672
f 2078/3052/1676 2081/3065/1679 2070/3054/1667
f 2076/3048/1675 2079/3055/1677 2072/3049/1671
f 2079/3055/1677 2083/3067/1681 2080/3962/1678
f 2081/3058/1679 2085/3071/1687 2075/3046/1674
f 2075/3046/1674 2085/3071/1687 2082/3059/1680
f 2087/3068/1685 2088/3081/1694 2077/3069/1682
f 2077/3063/1682 2088/3963/1694 2084/3064/1683
f 2088/3963/1694 2090/3964/1690 2084/3064/1683
f 2084/3064/1683 2090/3964/1690 2081/3065/1679
f 2082/3061/1680 2091/3965/1688 2089/3070/1686
f 2083/3062/1681 2092/3966/1689 2087/3068/1685
f 2093/3078/1691 2094/3084/1695 2085/3071/1687
f 2085/3071/1687 2094/3084/1695 2091/3072/1688
f 2092/3966/1689 2096/3099/1704 2087/3068/1685
f 2087/3068/1685 2096/3099/1704 2097/3080/1693
f 2097/3082/1693 2098/3091/1700 2090/3076/1690
f 2090/3076/1690 2098/3091/1700 2093/3077/1691
f 2091/3086/1688 2099/3094/1696 2095/3079/1692
f 2092/3966/1689 2100/3967/1697 2096/3099/1704
f 2098/3091/1700 2101/3096/1698 2093/3077/1691
f 2096/3099/1704 2103/3007/1649 2097/3080/1693
f 2104/3093/1701 2102/3089/1699 2095/3079/1692
f 2102/3089/1699 2047/3968/1645 2100/3087/1697
f 2100/3967/1697 2047/3014/1645 2096/3099/1704
f 2103/3090/1649 2105/3969/1705 2098/3091/1700
f 2098/3091/1700 2105/3969/1705 2106/3095/1702
f 2101/3088/1698 2106/3102/1702 2107/3097/1703
f 2104/3103/1701 2108/3004/1646 2102/3098/1699
f 2103/3010/1649 2049/3009/1650 2105/3101/1705
f 2049/3009/1650 2050/3970/1657 2106/3100/1702
f 2106/3102/1702 2050/3026/1657 2051/3028/1660
f 2051/3028/1660 2052/3958/1651 2104/3092/1701
f 2109/3104/1706 2115/3971/1720 2116/3105/1707
f 2165/3176/1708 2116/3972/1707 2110/3113/1715
f 2114/3119/1718 2117/3122/1709 2168/3177/1710
f 2117/3107/1709 2115/3971/1720 2109/3104/1706
f 2115/3971/1720 2119/3973/1721 2116/3105/1707
f 2116/3972/1707 2119/3125/1721 2110/3113/1715
f 2115/3124/1720 2122/3136/1729 2119/3974/1721
f 2121/3118/1717 2123/3132/1725 2114/3119/1718
f 2114/3119/1718 2123/3132/1725 2124/3121/1719
f 2124/3123/1719 2122/3136/1729 2115/3124/1720
f 2126/3128/1723 2127/3137/1724 2121/3130/1717
f 2122/3136/1729 2128/3975/1726 2119/3974/1721
f 2120/3127/1716 2129/3976/1727 2126/3128/1723
f 2123/3132/1725 2130/3139/1728 2124/3121/1719
f 2122/3136/1729 2131/3977/2061 2128/3975/1726
f 2130/3135/1728 2131/3977/2061 2122/3136/1729
f 2132/3039/1730 2133/3138/1731 2123/3132/1725
f 2131/3977/2061 2134/3043/1735 2128/3975/1726
f 2129/3976/1727 2135/3140/1732 2126/3128/1723
f 2130/3135/1728 2134/3043/1735 2131/3977/2061
f 2134/3142/1735 2136/3143/1733 2128/3978/1726
f 2136/3141/1733 2137/3148/1741 2125/3126/1722
f 2125/3126/1722 2137/3148/1741 2129/3134/1727
f 2133/3138/1731 2138/3060/1734 2130/3139/1728
f 2137/3148/1741 2139/3069/1742 2129/3134/1727
f 2129/3051/1727 2139/3063/1742 2135/3149/1732
f 2135/3149/1732 2141/3065/1737 2132/3054/1730
f 2141/3058/1737 2142/3144/1738 2133/3138/1731
f 2133/3138/1731 2142/3144/1738 2138/3060/1734
f 2138/3048/1734 2140/3055/1736 2134/3142/1735
f 2140/3055/1736 2144/3150/1740 2136/3143/1733
f 2142/3144/1738 2148/3156/1748 2143/3145/1739
f 2143/3146/1739 2148/3153/1748 2146/3066/1744
f 2147/3151/1745 2149/3979/2062 2139/3069/1742
f 2139/3063/1742 2149/3963/2062 2145/3064/1743
f 2150/3070/1746 2151/3980/1747 2144/3150/1740
f 2149/3963/2062 2152/3964/1749 2145/3064/1743
f 2145/3064/1743 2152/3964/1749 2141/3065/1737
f 2141/3058/1737 2153/3154/1751 2142/3144/1738
f 2142/3144/1738 2153/3154/1751 2148/3156/1748
f 2147/3151/1745 2155/3161/1754 2149/3979/2062
f 2149/3981/2062 2155/3172/1754 2152/3076/1749
f 2150/3158/1746 2157/3164/1757 2151/3982/1747
f 2151/3152/1747 2158/3160/1753 2147/3151/1745
f 2155/3172/1754 2159/3171/1763 2152/3076/1749
f 2152/3076/1749 2159/3171/1763 2154/3077/1750
f 2156/3157/1752 2157/3164/1757 2150/3158/1746
f 2157/3164/1757 2160/3167/1760 2151/3982/1747
f 2151/3152/1747 2160/3168/1760 2158/3160/1753
f 2159/3171/1763 2161/3983/1755 2154/3077/1750
f 2153/3154/1751 2162/3166/1756 2156/3155/1752
f 2162/3163/1756 2164/3089/1759 2157/3164/1757
f 2164/3089/1759 2165/3968/1708 2160/3167/1760
f 2160/3168/1760 2165/3176/1708 2166/3169/1761
f 2166/3169/1761 2167/3175/1762 2155/3161/1754
f 2167/3170/1762 2112/3969/1713 2159/3171/1763
f 2159/3171/1763 2112/3969/1713 2161/3983/1755
f 2163/3165/1758 2168/3177/1710 2162/3166/1756
f 2112/3111/1713 2113/3112/1714 2161/3984/1755
f 2161/3162/1755 2113/3120/1714 2163/3165/1758
f 2167/3985/1762 2111/3109/1711 2112/3111/1713
f 2168/3108/1710 2109/3104/1706 2164/3174/1759
f 2224/3183/1768 2173/3182/1767 2174/3184/1769
f 2171/3186/1771 2175/3986/1772 2228/3235/1774
f 2175/3187/1772 2176/3196/1778 2225/3188/1773
f 2225/3188/1773 2176/3196/1778 2177/3190/1775
f 2177/3192/1775 2172/3178/1764 2169/3180/1766
f 2174/3185/1769 2179/3987/1785 2171/3186/1771
f 2171/3186/1771 2179/3987/1785 2175/3986/1772
f 2172/3124/1764 2180/3199/1780 2178/3024/1777
f 2181/3198/1779 2180/3199/1780 2172/3124/1764
f 2182/3025/1781 2183/3200/1782 2173/3182/1767
f 2179/3203/1785 2184/3204/1786 2175/3021/1772
f 2175/3187/1772 2184/3205/1786 2176/3196/1778
f 2180/3199/1780 2185/3030/1787 2182/3023/1781
f 2174/3185/1769 2186/3211/1783 2187/3202/1784
f 2181/3198/1779 2185/3030/1787 2180/3199/1780
f 2176/3196/1778 2189/3206/1789 2190/3207/1790
f 2184/3205/1786 2192/3214/1792 2189/3206/1789
f 2193/3043/1793 2194/3075/1795 2188/3031/1788
f 2188/3032/1788 2194/3044/1795 2183/3200/1782
f 2191/3210/1791 2195/3140/1794 2187/3202/1784
f 2190/3208/1790 2193/3043/1793 2185/3030/1787
f 2183/3200/1782 2196/3213/1796 2191/3209/1791
f 2197/3046/1797 2198/3060/1798 2190/3207/1790
f 2196/3213/1796 2199/3988/1802 2191/3209/1791
f 2191/3989/1791 2199/3215/1802 2195/3217/1794
f 2200/3055/1799 2201/3962/1800 2194/3056/1795
f 2195/3217/1794 2202/3065/1801 2192/3990/1792
f 2198/3048/1798 2200/3055/1799 2193/3049/1793
f 2200/3055/1799 2204/3220/1805 2201/3962/1800
f 2204/3219/1805 2205/3991/2063 2196/3213/1796
f 2196/3213/1796 2205/3991/2063 2199/3988/1802
f 2202/3058/1801 2206/3218/1804 2197/3046/1797
f 2206/3146/1804 2208/3153/1808 2207/3066/1806
f 2205/3991/2063 2209/3979/2064 2199/3988/1802
f 2199/3215/1802 2209/3963/2064 2203/3216/1803
f 2204/3219/1805 2211/3229/1819 2205/3991/2063
f 2205/3991/2063 2211/3229/1819 2209/3979/2064
f 2209/3963/2064 2212/3964/1810 2203/3216/1803
f 2203/3216/1803 2212/3964/1810 2202/3065/1801
f 2202/3058/1801 2213/3154/1812 2206/3218/1804
f 2206/3218/1804 2213/3154/1812 2208/3156/1808
f 2204/3219/1805 2214/3992/1809 2211/3229/1819
f 2210/3221/1807 2216/3225/1816 2214/3222/1809
f 2211/3229/1819 2217/3230/1820 2209/3979/2064
f 2209/3981/2064 2217/3232/1820 2212/3076/1810
f 2218/3157/1813 2216/3225/1816 2210/3221/1807
f 2217/3232/1820 2219/3171/1821 2212/3076/1810
f 2212/3076/1810 2219/3171/1821 2215/3077/1811
f 2216/3225/1816 2220/3227/1818 2214/3222/1809
f 2214/3992/1809 2220/3228/1818 2211/3229/1819
f 2219/3171/1821 2221/3993/1814 2215/3077/1811
f 2213/3154/1812 2222/3231/1815 2218/3155/1813
f 2222/3224/1815 2223/3226/1817 2216/3225/1816
f 2224/3183/1768 2226/3007/1770 2217/3230/1820
f 2226/3090/1770 2227/3969/1822 2219/3171/1821
f 2219/3171/1821 2227/3969/1822 2221/3993/1814
f 2223/3233/1817 2170/3179/1765 2220/3994/1818
f 2227/3101/1822 2228/3235/1774 2221/3984/1814
f 2229/3193/1776 2169/3180/1766 2223/3233/1817
f 2226/3010/1770 2171/3186/1771 2227/3101/1822
s 0
f 2235/3236/2065 2231/3245/2065 2230/3237/2065
f 2237/3239/2066 2235/3995/2066 2234/3240/2066
f 2233/3242/2067 2231/3996/2067 2235/3243/2067
f 2231/3245/2068 2233/3997/2068 2232/3246/2068
f 2233/3247/2069 2237/3239/2069 2236/3241/2069
f 2236/3249/2070 2234/3998/2070 2230/3250/2070
f 2243/3252/2065 2239/3261/2065 2238/3253/2065
f 2245/3255/2066 2243/3999/2066 2242/3256/2066
f 2241/3258/2067 2239/4000/2067 2243/3259/2067
f 2239/3261/2068 2241/4001/2068 2240/3262/2068
f 2241/3263/2069 2245/3255/2069 2244/3257/2069
f 2244/3265/2070 2242/4002/2070 2238/3266/2070
f 2251/3268/2071 2247/4003/2071 2246/3269/2071
f 2253/3271/2072 2251/4004/2072 2250/3272/2072
f 2249/3274/1993 2247/4005/1993 2251/3275/1993
f 2247/3277/2073 2249/4006/2073 2248/3278/2073
f 2249/3280/2074 2253/4007/2074 2252/3281/2074
f 2252/3283/1996 2250/4008/1996 2246/3284/1996
f 2256/3286/2075 2255/3289/2075 2257/3287/2075
f 2255/3289/2076 2256/3286/2076 2254/3288/2076
s 1
f 2261/3295/1836 2260/4009/1835 2263/3293/1838
f 2260/4009/1835 2258/4010/2077 2263/3293/1838
f 2258/4010/2077 2264/4011/1840 2263/3293/1838
f 2258/4012/2077 2260/4013/1835 2259/4014/1837
f 2264/3297/1840 2258/4015/2077 2259/3298/1837
f 2259/3298/1837 2261/4016/1836 2262/4017/1839
f 2262/4017/1839 2263/3296/1838 2259/3298/1837
f 2268/3295/1836 2267/4009/1835 2270/3300/1838
f 2267/4009/1835 2265/4010/2077 2270/3300/1838
f 2265/4010/2077 2271/4011/1840 2270/3300/1838
f 2265/4018/2077 2267/4013/1835 2266/4019/1837
f 2271/3302/1840 2265/4020/2077 2266/3303/1837
f 2266/3303/1837 2268/4016/1836 2269/4017/1839
f 2269/4017/1839 2270/3296/1838 2266/3303/1837
f 2275/3309/1836 2274/4021/1835 2277/3307/1838
f 2274/4021/1835 2272/4022/2077 2277/3307/1838
f 2272/4022/2077 2278/4023/1840 2277/3307/1838
f 2272/4024/2077 2274/4025/1835 2273/4026/1837
f 2278/3311/1840 2272/4027/2077 2273/3312/1837
f 2273/3312/1837 2275/4028/1836 2276/4029/1839
f 2276/4029/1839 2277/3310/1838 2273/3312/1837
f 2282/3317/1836 2281/4021/1835 2284/3315/1838
f 2281/4021/1835 2279/4022/2077 2284/3315/1838
f 2279/4022/2077 2285/4023/1840 2284/3315/1838
f 2279/4030/2077 2281/4025/1835 2280/4031/1837
f 2285/3319/1840 2279/4032/2077 2280/3320/1837
f 2280/3320/1837 2282/4028/1836 2283/4033/1839
f 2283/4033/1839 2284/3318/1838 2280/3320/1837
s 0
f 2286/4034/2078 2292/4035/2078 2291/3321/2078
f 2291/3321/2079 2290/4036/2079 2289/3322/2079
f 2289/3322/2080 2288/4037/2080 2287/3323/2080
f 2287/3323/2081 2286/4034/2081 2291/3321/2081
f 2292/4035/2082 2286/4034/2082 2293/3323/2082
f 2293/3323/2083 2288/4037/2083 2289/3322/2083
f 2289/3322/2084 2290/4036/2084 2294/3321/2084
f 2294/3321/2085 2292/4035/2085 2293/3323/2085
f 2287/3329/1526 2293/3328/1526 2286/4038/1526
f 2291/4039/1843 2294/4040/1843 2290/4041/1843
s 1
usemtl signal
f 822/1241/611 819/1242/612 818/1243/613
f 821/1244/614 824/1245/615 995/1246/616
f 824/1245/615 818/1247/613 995/1246/616
f 826/1248/617 819/1249/612 822/1250/611
f 826/1248/617 820/1251/618 819/1249/612
f 827/1252/619 823/1253/620 820/1254/618
f 828/1255/621 824/1245/615 823/1256/620
f 824/1257/615 825/1258/622 822/1241/611
f 830/1259/623 826/1260/617 825/1258/622
f 833/1261/624 826/1248/617 830/1262/623
f 833/1261/624 831/1263/625 826/1248/617
f 831/1264/625 834/1265/626 828/1266/621
f 828/1255/621 838/1267/627 829/1268/628
f 832/1269/629 830/1259/623 829/1270/628
f 836/1271/630 833/1272/624 832/1269/629
f 833/1261/624 837/1273/631 834/1274/626
f 840/1275/632 833/1261/624 836/1276/630
f 841/1277/633 837/1273/631 833/1261/624
f 837/1278/631 842/1279/634 835/1280/635
f 843/1281/636 838/1267/627 835/1282/635
f 838/1283/627 839/1284/637 836/1271/630
f 845/1285/638 840/1286/632 839/1284/637
f 841/1277/633 846/1287/639 842/1288/634
f 845/1285/638 847/1289/640 840/1286/632
f 840/1275/632 848/1290/641 841/1277/633
f 848/1290/641 846/1287/639 841/1277/633
f 846/1291/639 849/1292/642 843/1293/636
f 849/1294/642 844/1295/643 843/1281/636
f 844/1295/643 850/1296/644 845/1297/638
f 852/1298/645 846/1287/639 848/1290/641
f 846/1291/639 853/1299/646 849/1292/642
f 854/1300/647 850/1296/644 849/1294/642
f 851/1301/648 847/1289/640 850/1302/644
f 851/1301/648 855/1303/649 848/1304/641
f 855/1305/649 852/1298/645 848/1290/641
f 856/1306/650 854/1307/647 853/1299/646
f 854/1300/647 857/1308/651 850/1296/644
f 850/1296/644 857/1308/651 851/1309/648
f 858/1310/652 852/1298/645 855/1305/649
f 852/1311/645 859/1312/653 856/1306/650
f 856/1313/650 863/1314/654 857/1308/651
f 857/1315/651 858/1316/652 855/1303/649
f 863/1317/654 858/1316/652 857/1315/651
f 861/1318/655 869/1319/656 862/1320/657
f 866/1321/658 860/1322/659 862/1242/657
f 860/1323/659 867/1324/660 863/1314/654
f 864/1325/661 861/1326/655 863/1317/654
f 868/1327/662 865/1328/663 864/1325/661
f 870/1329/664 867/1330/660 866/1321/658
f 871/1331/665 865/1328/663 868/1327/662
f 871/1332/665 869/1319/656 865/1333/663
f 869/1334/656 873/1335/666 870/1329/664
f 874/1336/667 867/1324/660 870/1337/664
f 867/1324/660 875/1338/668 868/1339/662
f 876/1340/669 872/1341/670 871/1332/665
f 872/1341/670 877/1342/671 873/1343/666
f 875/1344/668 876/1345/669 871/1331/665
f 876/1340/669 880/1346/672 872/1341/670
f 880/1346/672 877/1342/671 872/1341/670
f 881/1347/673 874/1348/667 877/1349/671
f 874/1336/667 882/1350/674 875/1338/668
f 882/1350/674 878/1340/675 875/1338/668
f 878/1351/675 879/1352/676 876/1345/669
f 879/1352/676 884/1353/677 880/1354/672
f 884/1355/677 881/1356/673 880/1346/672
f 886/1357/678 882/1358/674 881/1347/673
f 882/1350/674 883/1359/679 879/1360/676
f 888/1361/680 884/1362/677 883/1363/679
f 887/1364/681 890/1365/682 883/1359/679
f 891/1366/683 884/1355/677 888/1367/680
f 884/1355/677 893/1368/684 885/1369/685
f 885/1370/685 893/1371/684 889/1372/686
f 894/1373/687 887/1364/681 889/1374/686
f 895/1375/688 892/1376/689 891/1366/683
f 892/1376/689 896/1377/690 893/1368/684
f 896/1378/690 894/1379/687 893/1371/684
f 890/1380/682 895/1381/688 891/1382/683
f 899/1383/691 892/1376/689 895/1375/688
f 900/1384/692 896/1377/690 892/1376/689
f 901/1385/693 894/1379/687 896/1378/690
f 894/1373/687 902/1386/694 897/1387/695
f 897/1270/695 898/1388/696 895/1381/688
f 903/1389/697 899/1260/691 898/1388/696
f 903/1390/697 900/1384/692 899/1383/691
f 900/1311/692 905/1391/698 901/1385/693
f 902/1386/694 906/1392/699 898/1383/696
f 908/1393/700 902/1394/694 905/1391/698
f 907/1395/701 903/1389/697 906/1396/699
f 909/1397/702 904/1242/703 907/1395/701
f 904/1398/703 911/1399/704 905/1400/698
f 911/1401/704 908/1393/700 905/1391/698
f 912/1399/705 906/1392/699 908/1402/700
f 906/1392/699 913/1403/706 907/1404/701
f 917/1405/707 910/1406/708 909/1407/702
f 911/1401/704 915/1408/709 912/1330/705
f 913/1409/706 914/1410/710 909/1397/702
f 916/1411/711 917/1412/707 914/1410/710
f 910/1334/708 918/1413/712 915/1408/709
f 919/1414/713 913/1403/706 915/1415/709
f 913/1403/706 920/1416/714 914/1417/710
f 922/1418/715 917/1405/707 916/1419/711
f 917/1405/707 923/1420/716 918/1414/712
f 924/1421/717 919/1422/713 918/1413/712
f 924/1423/717 920/1416/714 919/1414/713
f 920/1344/714 921/1424/718 916/1411/711
f 925/1425/719 922/1426/715 921/1424/718
f 923/1427/716 926/1428/720 924/1421/717
f 927/1429/721 920/1416/714 924/1423/717
f 928/1430/722 921/1431/718 920/1416/714
f 929/1432/723 922/1426/715 925/1425/719
f 922/1418/715 930/1433/724 923/1420/716
f 923/1420/716 931/1434/725 926/1435/720
f 931/1436/725 927/1437/721 926/1428/720
f 930/1433/724 934/1438/726 931/1434/725
f 931/1436/725 935/1358/727 927/1437/721
f 935/1438/727 928/1430/722 927/1429/721
f 932/1439/728 933/1352/729 929/1432/723
f 936/1440/730 930/1441/724 933/1352/729
f 930/1433/724 937/1442/731 934/1438/726
f 938/1443/732 935/1358/727 934/1444/726
f 938/1445/732 932/1446/728 935/1438/727
f 932/1446/728 939/1447/733 933/1448/729
f 944/1449/734 937/1442/731 936/1450/730
f 937/1427/731 941/1451/735 938/1443/732
f 940/1452/736 936/1440/730 939/1351/733
f 943/1453/737 944/1454/734 940/1452/736
f 944/1449/734 941/1455/735 937/1442/731
f 942/1456/738 946/1457/739 939/1447/733
f 946/1457/739 940/1458/736 939/1447/733
f 948/1459/740 944/1449/734 943/1460/737
f 944/1449/734 950/1461/741 945/1462/742
f 945/1463/742 951/1464/743 942/1465/738
f 949/1466/744 953/1467/745 950/1461/741
f 953/1468/745 951/1464/743 950/1469/741
f 951/1470/743 947/1471/746 946/1457/739
f 954/1472/747 948/1473/740 947/1474/746
f 955/1475/748 949/1466/744 952/1476/749
f 949/1466/744 956/1477/750 953/1467/745
f 953/1468/745 957/1478/751 951/1464/743
f 958/1479/752 954/1480/747 951/1470/743
f 959/1481/753 955/1482/748 954/1472/747
f 960/1483/754 957/1478/751 956/1484/750
f 958/1479/752 959/1485/753 954/1480/747
f 962/1486/755 963/1487/756 959/1481/753
f 963/1488/756 960/1489/754 955/1475/748
f 961/1490/757 965/1491/758 958/1479/752
f 965/1491/758 959/1485/753 958/1479/752
f 962/1492/755 967/1493/759 963/1488/756
f 963/1488/756 968/1494/760 964/1495/761
f 968/1496/760 961/1497/757 964/1498/761
f 969/1499/762 965/1491/758 961/1490/757
f 965/1270/758 966/1269/763 962/1486/755
f 970/1500/764 967/1272/759 966/1269/763
f 971/1501/765 969/1502/762 968/1496/760
f 965/1491/758 972/1503/766 966/1504/763
f 974/1505/767 967/1493/759 970/1506/764
f 967/1493/759 975/1507/768 971/1508/765
f 971/1501/765 976/1509/769 969/1502/762
f 976/1510/769 972/1503/766 969/1499/762
f 973/1511/770 970/1500/764 972/1283/766
f 977/1512/771 974/1353/767 973/1513/770
f 978/1514/772 976/1515/769 975/1516/768
f 976/1510/769 979/1517/773 972/1503/766
f 979/1517/773 973/1518/770 972/1503/766
f 980/1519/774 974/1505/767 977/1520/771
f 985/1521/775 975/1507/768 974/1505/767
f 981/1522/776 978/1514/772 975/1516/768
f 982/1523/777 979/1517/773 978/1524/772
f 983/1351/778 977/1512/771 979/1525/773
f 985/1521/775 986/1526/779 981/1523/776
f 987/1527/780 982/1528/777 981/1522/776
f 987/1529/780 983/1530/778 982/1523/777
f 983/1351/778 984/1531/781 980/1532/774
f 988/1453/782 985/1533/775 984/1531/781
f 989/1534/783 986/1526/779 985/1521/775
f 986/1535/779 990/1329/784 987/1527/780
f 987/1529/780 991/1536/785 983/1530/778
f 991/1536/785 984/1537/781 983/1530/778
f 992/1538/786 989/1534/783 988/1539/782
f 986/1535/779 993/1321/787 990/1329/784
f 994/1540/788 991/1536/785 990/1541/784
f 995/1542/616 988/1453/782 991/1543/785
f 819/1249/612 989/1534/783 992/1538/786
f 989/1534/783 820/1251/618 993/1540/787
f 821/1544/614 994/1545/788 993/1321/787
f 821/1244/614 995/1246/616 994/1540/788
f 995/1542/616 818/1243/613 992/1546/786
f 1428/2013/1211 1425/1242/1212 1424/2014/1213
f 1429/2015/1214 1427/2016/1215 1426/2017/1216
f 1427/2018/1215 1430/2019/1217 1599/2020/1218
f 1430/2019/1217 1424/1247/1213 1599/2020/1218
f 1432/2021/1219 1425/2022/1212 1428/1250/1211
f 1432/2021/1219 1426/2023/1216 1425/2022/1212
f 1433/2024/1220 1429/2015/1214 1426/2017/1216
f 1430/1257/1217 1431/2025/1221 1428/2013/1211
f 1435/1259/1222 1432/1260/1219 1431/2025/1221
f 1433/2024/1220 1436/2026/1223 1434/1385/1224
f 1436/2027/1223 1430/2019/1217 1434/2028/1224
f 1437/2029/1225 1431/2030/1221 1430/2019/1217
f 1439/2031/1226 1432/2021/1219 1435/1262/1222
f 1440/2032/1227 1433/2033/1220 1432/2021/1219
f 1433/2024/1220 1441/2034/1228 1436/2026/1223
f 1438/2035/1229 1435/1259/1222 1437/1270/1225
f 1442/2036/1230 1439/1272/1226 1438/2035/1229
f 1440/2032/1227 1443/1273/1231 1441/1274/1228
f 1441/2034/1228 1444/2037/1232 1436/2026/1223
f 1444/2038/1232 1437/2029/1225 1436/2027/1223
f 1444/2038/1232 1438/2031/1229 1437/2029/1225
f 1442/2036/1230 1445/2039/1233 1440/2040/1227
f 1446/2041/1234 1444/2037/1232 1443/2042/1231
f 1444/2038/1232 1448/2043/1235 1442/1276/1230
f 1450/2044/1236 1440/2032/1227 1445/2045/1233
f 1440/2032/1227 1451/1287/1237 1446/1288/1234
f 1449/2046/1238 1445/2039/1233 1448/2047/1235
f 1449/2046/1238 1452/2048/1239 1450/2040/1236
f 1451/1291/1237 1453/2049/1240 1447/2050/1241
f 1447/2051/1241 1454/2052/1242 1448/2043/1235
f 1454/2052/1242 1449/1297/1238 1448/2043/1235
f 1456/1309/1243 1450/2044/1236 1452/2053/1239
f 1457/2054/1244 1451/1287/1237 1450/2044/1236
f 1451/1291/1237 1458/2055/1245 1453/2049/1240
f 1459/2056/1246 1454/2052/1242 1453/1294/1240
f 1455/2057/1247 1452/2048/1239 1454/1302/1242
f 1461/2058/1248 1456/1304/1243 1455/2057/1247
f 1462/2059/1249 1458/1300/1245 1457/2054/1244
f 1463/2060/1250 1459/2061/1246 1458/2055/1245
f 1460/2062/1251 1461/1305/1248 1455/1309/1247
f 1464/2063/1252 1457/1260/1244 1461/2058/1248
f 1466/2064/1253 1459/2061/1246 1463/2060/1250
f 1459/2056/1246 1469/2065/1254 1460/2062/1251
f 1460/2062/1251 1464/1310/1252 1461/1305/1248
f 1467/2066/1255 1462/1482/1249 1464/2063/1252
f 1465/2067/1256 1468/1393/1257 1466/2064/1253
f 1471/2068/1258 1465/2069/1256 1467/1318/1255
f 1472/2070/1259 1468/1393/1257 1465/2067/1256
f 1473/2071/1260 1469/2065/1254 1468/2072/1257
f 1470/1325/1261 1467/2066/1255 1469/1317/1254
f 1474/2073/1262 1471/2074/1258 1470/1325/1261
f 1472/2070/1259 1476/2075/1263 1473/1330/1260
f 1473/2071/1260 1477/2076/1264 1469/2065/1254
f 1477/2076/1264 1470/2077/1261 1469/2065/1254
f 1478/2078/1265 1471/2074/1258 1474/2073/1262
f 1471/2068/1258 1479/2079/1266 1475/2080/1267
f 1475/1334/1267 1480/1335/1268 1476/2075/1263
f 1481/2081/1269 1474/1339/1262 1477/2076/1264
f 1478/2078/1265 1483/2082/1270 1479/1454/1266
f 1479/2079/1266 1484/1342/1271 1480/1343/1268
f 1480/1335/1268 1485/2083/1272 1477/2084/1264
f 1485/1342/1272 1481/2081/1269 1477/2076/1264
f 1486/2085/1273 1483/2082/1270 1482/2086/1274
f 1484/1427/1271 1487/2087/1275 1485/2083/1272
f 1488/1356/1276 1481/2081/1269 1485/1342/1272
f 1481/2081/1269 1489/2088/1277 1482/1340/1274
f 1486/1360/1273 1491/2089/1278 1483/2090/1270
f 1483/2090/1270 1491/2089/1278 1487/1356/1275
f 1492/2091/1279 1488/1358/1276 1487/2087/1275
f 1492/2092/1279 1489/2088/1277 1488/1356/1276
f 1493/1439/1280 1486/2085/1273 1489/1525/1277
f 1495/2093/1281 1491/2089/1278 1490/1359/1282
f 1491/2094/1278 1496/2095/1283 1492/2096/1279
f 1497/1374/1284 1493/2097/1280 1492/2092/1279
f 1493/2047/1280 1494/2098/1285 1490/2099/1282
f 1491/2089/1278 1500/1373/1286 1496/1374/1283
f 1501/1292/1287 1497/2037/1284 1496/2095/1283
f 1501/1368/1287 1493/2097/1280 1497/1374/1284
f 1493/2097/1280 1498/1366/1288 1494/1367/1285
f 1502/2100/1289 1495/2101/1281 1498/2102/1288
f 1500/2103/1286 1503/2104/1290 1501/1292/1287
f 1503/1377/1290 1504/2105/1291 1501/1368/1287
f 1502/1375/1289 1506/2106/1292 1499/2107/1293
f 1506/2106/1292 1500/1373/1286 1499/2107/1293
f 1500/2103/1286 1507/2108/1294 1503/2104/1290
f 1508/2109/1295 1504/2105/1291 1503/1377/1290
f 1504/1270/1291 1505/2110/1296 1502/2100/1289
f 1509/2013/1297 1506/1260/1292 1505/2110/1296
f 1506/2106/1292 1511/2111/1298 1507/2112/1294
f 1504/2105/1291 1512/2113/1299 1505/1383/1296
f 1516/2114/1300 1510/2115/1301 1509/1390/1297
f 1514/2116/1302 1508/2117/1295 1511/2118/1298
f 1514/1402/1302 1512/2113/1299 1508/2109/1295
f 1512/1396/1299 1513/1243/1303 1509/2013/1297
f 1515/2119/1304 1516/1242/1300 1513/1243/1303
f 1510/1242/1301 1517/2120/1305 1514/2116/1302
f 1514/1402/1302 1519/2121/1306 1512/2113/1299
f 1519/2121/1306 1513/1404/1303 1512/2113/1299
f 1520/1417/1307 1516/2114/1300 1515/1407/1304
f 1521/2122/1308 1517/1399/1305 1516/2114/1300
f 1522/2123/1309 1518/2124/1310 1517/2120/1305
f 1519/1409/1306 1520/2125/1307 1515/2119/1304
f 1525/2126/1311 1521/2122/1308 1520/1417/1307
f 1526/2127/1312 1518/2124/1310 1522/2123/1309
f 1518/2128/1310 1523/2129/1313 1519/2121/1306
f 1523/1543/1313 1524/2130/1314 1520/2125/1307
f 1527/1424/1315 1525/2131/1311 1524/2130/1314
f 1521/2132/1308 1528/2133/1316 1526/2127/1312
f 1529/2134/1317 1523/2129/1313 1526/1414/1312
f 1523/2129/1313 1527/1431/1315 1524/1419/1314
f 1530/2135/1318 1525/2131/1311 1527/1424/1315
f 1531/2136/1319 1532/2137/1320 1528/1423/1316
f 1533/2138/1321 1529/1528/1317 1528/2133/1316
f 1534/2139/1322 1531/1354/1319 1530/2135/1318
f 1538/2140/1323 1532/2137/1320 1531/2136/1319
f 1535/2141/1324 1529/2134/1317 1533/1435/1321
f 1529/2134/1317 1536/2142/1325 1530/2143/1318
f 1538/2140/1323 1539/1438/1326 1532/2137/1320
f 1536/2144/1325 1537/1352/1327 1534/2139/1322
f 1540/2145/1328 1538/1441/1323 1537/1352/1327
f 1538/2140/1323 1543/2146/1329 1539/1438/1326
f 1539/1347/1326 1544/2083/1330 1535/2147/1324
f 1535/2141/1324 1545/2148/1331 1536/2142/1325
f 1536/2142/1325 1540/1450/1328 1537/1448/1327
f 1546/2149/1332 1541/2150/1333 1540/2145/1328
f 1543/2151/1329 1547/2152/1334 1544/2083/1330
f 1545/2148/1331 1546/1458/1332 1540/1450/1328
f 1548/2153/1335 1541/2150/1333 1546/2149/1332
f 1541/2154/1333 1549/2155/1336 1542/2148/1337
f 1549/2155/1336 1543/2146/1329 1542/2148/1337
f 1543/2151/1329 1550/2156/1338 1547/2152/1334
f 1547/1455/1334 1552/2157/1339 1545/2148/1331
f 1552/2157/1339 1546/1458/1332 1545/2148/1331
f 1554/2158/1340 1551/2159/1341 1550/2156/1338
f 1553/2160/1342 1548/2153/1335 1552/1543/1339
f 1555/1326/1343 1549/2161/1336 1553/2160/1342
f 1549/2155/1336 1557/2162/1344 1554/1461/1340
f 1558/2163/1345 1551/2159/1341 1554/2158/1340
f 1551/2164/1341 1559/2165/1346 1552/2157/1339
f 1559/2165/1346 1553/1459/1342 1552/2157/1339
f 1562/1477/1347 1559/2165/1346 1558/1467/1345
f 1564/2166/1348 1556/2167/1349 1561/2168/1350
f 1565/2169/1351 1557/2162/1344 1556/2167/1349
f 1565/1311/1351 1562/1478/1347 1557/2170/1344
f 1562/1477/1347 1567/2171/1352 1559/2165/1346
f 1567/2171/1352 1560/2172/1353 1559/2165/1346
f 1560/2173/1353 1563/2174/1354 1561/2013/1350
f 1568/1301/1355 1564/2175/1348 1563/2174/1354
f 1569/1299/1356 1566/2176/1357 1565/1311/1351
f 1570/2177/1358 1567/2171/1352 1566/1489/1357
f 1571/2178/1359 1564/2175/1348 1568/1301/1355
f 1564/2166/1348 1572/2179/1360 1565/2169/1351
f 1572/2179/1360 1569/1495/1356 1565/2169/1351
f 1573/1265/1361 1570/2180/1358 1569/1299/1356
f 1567/2171/1352 1571/1504/1359 1568/1492/1355
f 1575/2181/1362 1572/1272/1360 1571/2178/1359
f 1572/2179/1360 1577/2182/1363 1573/1494/1361
f 1578/2183/1364 1570/2180/1358 1573/1265/1361
f 1574/2184/1365 1575/1506/1362 1571/1504/1359
f 1579/2185/1366 1576/2040/1367 1575/2181/1362
f 1580/1510/1368 1574/2184/1365 1578/1508/1364
f 1581/2186/1369 1575/1506/1362 1574/2184/1365
f 1583/1520/1370 1576/2187/1367 1579/1518/1366
f 1576/2187/1367 1584/1524/1371 1577/2182/1363
f 1584/2188/1371 1580/2189/1368 1577/2190/1363
f 1585/1524/1372 1581/2186/1369 1580/1510/1368
f 1582/2191/1373 1583/2192/1370 1579/1432/1366
f 1588/2193/1374 1585/2194/1372 1584/2188/1371
f 1589/2195/1375 1581/2186/1369 1585/1524/1372
f 1581/2186/1369 1586/1519/1376 1582/2196/1373
f 1582/2191/1373 1586/2197/1376 1583/2192/1370
f 1591/2198/1377 1587/2082/1378 1586/2197/1376
f 1592/2199/1379 1588/1523/1374 1587/2200/1378
f 1595/2201/1380 1593/1529/1381 1592/2199/1379
f 1593/1451/1381 1596/2202/1382 1589/2203/1375
f 1589/2195/1375 1599/2020/1218 1590/2204/1383
f 1594/2205/1384 1591/2198/1377 1590/2206/1383
f 1594/2205/1384 1597/2207/1385 1592/1412/1379
f 1597/1538/1385 1595/2201/1380 1592/2199/1379
f 1595/1334/1380 1598/1321/1386 1596/2202/1382
f 1425/2022/1212 1595/2201/1380 1597/1538/1385
f 1595/2201/1380 1426/2023/1216 1598/1540/1386
f 1426/2017/1216 1427/2016/1215 1598/1321/1386
f 1424/2014/1213 1597/2207/1385 1599/1542/1218
f 820/1254/618 823/1253/620 821/1544/614
f 821/1244/614 823/1256/620 824/1245/615
f 824/1257/615 822/1241/611 818/1243/613
f 822/1241/611 825/1258/622 826/1260/617
f 826/1248/617 827/2028/619 820/1251/618
f 827/1252/619 828/1266/621 823/1253/620
f 828/1255/621 829/1268/628 824/1245/615
f 829/1268/628 825/2030/622 824/1245/615
f 826/1248/617 831/1263/625 827/2028/619
f 831/1264/625 828/1266/621 827/1252/619
f 829/1270/628 830/1259/623 825/1258/622
f 830/1259/623 832/1269/629 833/1272/624
f 833/1261/624 834/1274/626 831/1263/625
f 834/1265/626 835/1280/635 828/1266/621
f 828/1255/621 835/1282/635 838/1267/627
f 838/1267/627 832/2031/629 829/1268/628
f 837/1278/631 835/1280/635 834/1265/626
f 832/1269/629 838/1283/627 836/1271/630
f 836/1271/630 839/1284/637 840/1286/632
f 840/1275/632 841/1277/633 833/1261/624
f 841/1277/633 842/1288/634 837/1273/631
f 842/1279/634 843/1293/636 835/1280/635
f 843/1281/636 844/1295/643 838/1267/627
f 838/1267/627 844/1295/643 839/2045/637
f 846/1291/639 843/1293/636 842/1279/634
f 844/1295/643 845/1297/638 839/2045/637
f 840/1275/632 847/2053/640 848/1290/641
f 849/1294/642 850/1296/644 844/1295/643
f 850/1302/644 847/1289/640 845/1285/638
f 847/1289/640 851/1301/648 848/1304/641
f 852/1298/645 853/1300/646 846/1287/639
f 853/1299/646 854/1307/647 849/1292/642
f 853/1299/646 852/1311/645 856/1306/650
f 854/1300/647 856/1313/650 857/1308/651
f 851/1301/648 857/1315/651 855/1303/649
f 858/1310/652 862/1320/657 852/1298/645
f 862/1320/657 859/3608/653 852/1298/645
f 859/1312/653 860/1322/659 856/1306/650
f 856/1313/650 860/1323/659 863/1314/654
f 858/1310/652 861/1318/655 862/1320/657
f 862/1242/657 860/1322/659 859/1312/653
f 863/1317/654 861/1326/655 858/1316/652
f 861/1326/655 864/1325/661 865/1328/663
f 861/1318/655 865/1333/663 869/1319/656
f 869/1319/656 866/2071/658 862/1320/657
f 860/1322/659 866/1321/658 867/1330/660
f 867/1324/660 864/2077/661 863/1314/654
f 866/1321/658 869/1334/656 870/1329/664
f 867/1324/660 868/1339/662 864/2077/661
f 871/1332/665 872/1341/670 869/1319/656
f 869/1319/656 872/1341/670 873/1343/666
f 873/1335/666 874/1348/667 870/1329/664
f 874/1336/667 875/1338/668 867/1324/660
f 875/1344/668 871/1331/665 868/1327/662
f 873/1335/666 877/1349/671 874/1348/667
f 875/1344/668 878/1351/675 876/1345/669
f 876/1345/669 879/1352/676 880/1354/672
f 880/1346/672 881/1356/673 877/1342/671
f 881/1347/673 882/1358/674 874/1348/667
f 882/1350/674 879/1360/676 878/1340/675
f 879/1352/676 883/1513/679 884/1353/677
f 884/1355/677 885/1369/685 881/1356/673
f 881/1347/673 885/2190/685 886/1357/678
f 882/1350/674 886/2092/678 887/1364/681
f 882/1350/674 887/1364/681 883/1359/679
f 885/1370/685 889/1372/686 886/3609/678
f 886/2092/678 889/1374/686 887/1364/681
f 890/1380/682 888/1361/680 883/1363/679
f 891/1366/683 892/1376/689 884/1355/677
f 884/1355/677 892/1376/689 893/1368/684
f 893/1371/684 894/1379/687 889/1372/686
f 894/1373/687 897/1387/695 887/1364/681
f 887/1364/681 897/1387/695 890/1365/682
f 890/1380/682 891/1382/683 888/1361/680
f 890/1380/682 897/1270/695 895/1381/688
f 895/1381/688 898/1388/696 899/1260/691
f 899/1383/691 900/1384/692 892/1376/689
f 900/1311/692 901/1385/693 896/1378/690
f 894/1373/687 901/2112/693 902/1386/694
f 897/1387/695 902/1386/694 898/1383/696
f 903/1390/697 904/1398/703 900/1384/692
f 900/1384/692 904/1398/703 905/1400/698
f 901/1385/693 905/1391/698 902/1394/694
f 906/1396/699 903/1389/697 898/1388/696
f 907/1395/701 904/1242/703 903/1389/697
f 902/1386/694 908/1402/700 906/1392/699
f 904/1398/703 909/1407/702 910/1406/708
f 904/1398/703 910/1406/708 911/1399/704
f 908/1393/700 911/1401/704 912/1330/705
f 912/1399/705 913/1403/706 906/1392/699
f 913/1409/706 909/1397/702 907/1395/701
f 914/1410/710 917/1412/707 909/1397/702
f 910/1334/708 915/1408/709 911/1401/704
f 912/1399/705 915/1415/709 913/1403/706
f 917/1405/707 918/1414/712 910/1406/708
f 918/1413/712 919/1422/713 915/1408/709
f 919/1414/713 920/1416/714 913/1403/706
f 914/1410/710 920/1344/714 916/1411/711
f 921/1424/718 922/1426/715 916/1411/711
f 922/1418/715 923/1420/716 917/1405/707
f 918/1413/712 923/1427/716 924/1421/717
f 926/1428/720 927/1437/721 924/1421/717
f 927/1429/721 928/1430/722 920/1416/714
f 928/1430/722 925/2143/719 921/1431/718
f 922/1418/715 929/3610/723 930/1433/724
f 923/1420/716 930/1433/724 931/1434/725
f 928/1430/722 932/1446/728 925/2143/719
f 932/1439/728 929/1432/723 925/1425/719
f 933/1352/729 930/1441/724 929/1432/723
f 931/1436/725 934/1444/726 935/1358/727
f 935/1438/727 932/1446/728 928/1430/722
f 936/1450/730 937/1442/731 930/1433/724
f 937/1427/731 938/1443/732 934/1444/726
f 938/1445/732 939/1447/733 932/1446/728
f 933/1352/729 939/1351/733 936/1440/730
f 936/1440/730 940/1452/736 944/1454/734
f 938/1443/732 941/1451/735 942/1465/738
f 938/1445/732 942/1456/738 939/1447/733
f 944/1449/734 945/1462/742 941/1455/735
f 941/1451/735 945/1463/742 942/1465/738
f 946/1457/739 947/1471/746 940/1458/736
f 947/1474/746 943/1453/737 940/1452/736
f 948/1459/740 949/1466/744 944/1449/734
f 944/1449/734 949/1466/744 950/1461/741
f 945/1463/742 950/1469/741 951/1464/743
f 942/1456/738 951/1470/743 946/1457/739
f 947/1474/746 948/1473/740 943/1453/737
f 948/1459/740 952/1476/749 949/1466/744
f 951/1470/743 954/1480/747 947/1471/746
f 954/1472/747 952/3611/749 948/1473/740
f 954/1472/747 955/1482/748 952/3611/749
f 949/1466/744 955/1475/748 956/1477/750
f 956/1484/750 957/1478/751 953/1468/745
f 957/1477/751 958/1479/752 951/1470/743
f 959/1481/753 963/1487/756 955/1482/748
f 955/1475/748 960/1489/754 956/1477/750
f 957/1478/751 960/1483/754 961/1497/757
f 957/1477/751 961/1490/757 958/1479/752
f 963/1488/756 964/1495/761 960/1489/754
f 960/1483/754 964/1498/761 961/1497/757
f 965/1270/758 962/1486/755 959/1481/753
f 962/1486/755 966/1269/763 967/1272/759
f 963/1488/756 967/1493/759 968/1494/760
f 968/1496/760 969/1502/762 961/1497/757
f 967/1493/759 971/1508/765 968/1494/760
f 969/1499/762 972/1503/766 965/1491/758
f 966/1269/763 972/1283/766 970/1500/764
f 970/1500/764 973/1511/770 974/1362/767
f 967/1493/759 974/1505/767 975/1507/768
f 971/1501/765 975/3612/768 976/1509/769
f 976/1510/769 978/1524/772 979/1517/773
f 979/1525/773 977/1512/771 973/1513/770
f 980/1519/774 985/1521/775 974/1505/767
f 985/1521/775 981/1523/776 975/1507/768
f 978/1514/772 981/1522/776 982/1528/777
f 982/1523/777 983/1530/778 979/1517/773
f 983/1351/778 980/1532/774 977/1512/771
f 984/1531/781 985/1533/775 980/1532/774
f 986/1535/779 987/1527/780 981/1522/776
f 985/1521/775 988/1539/782 989/1534/783
f 987/1529/780 990/1541/784 991/1536/785
f 991/1543/785 988/1453/782 984/1531/781
f 989/1534/783 993/1540/787 986/1526/779
f 990/1329/784 993/1321/787 994/1545/788
f 994/1540/788 995/1246/616 991/1536/785
f 995/1542/616 992/1546/786 988/1453/782
f 818/1243/613 819/1242/612 992/1546/786
f 989/1534/783 819/1249/612 820/1251/618
f 820/1254/618 821/1544/614 993/1321/787
f 1427/2018/1215 1429/1256/1214 1430/2019/1217
f 1430/1257/1217 1428/2013/1211 1424/2014/1213
f 1431/2025/1221 1432/1260/1219 1428/2013/1211
f 1432/2021/1219 1433/2033/1220 1426/2023/1216
f 1433/2024/1220 1434/1385/1224 1429/2015/1214
f 1429/1256/1214 1434/2028/1224 1430/2019/1217
f 1436/2027/1223 1437/2029/1225 1430/2019/1217
f 1437/1270/1225 1435/1259/1222 1431/2025/1221
f 1435/1259/1222 1438/2035/1229 1439/1272/1226
f 1439/2031/1226 1440/2032/1227 1432/2021/1219
f 1440/2032/1227 1441/1274/1228 1433/2033/1220
f 1442/2036/1230 1440/2040/1227 1439/1272/1226
f 1441/2034/1228 1443/2042/1231 1444/2037/1232
f 1444/2038/1232 1442/1276/1230 1438/2031/1229
f 1440/2032/1227 1446/1288/1234 1443/1273/1231
f 1446/2041/1234 1447/2050/1241 1444/2037/1232
f 1447/2051/1241 1448/2043/1235 1444/2038/1232
f 1448/2047/1235 1445/2039/1233 1442/2036/1230
f 1445/2039/1233 1449/2046/1238 1450/2040/1236
f 1440/2032/1227 1450/2044/1236 1451/1287/1237
f 1451/1291/1237 1447/2050/1241 1446/2041/1234
f 1447/2051/1241 1453/1294/1240 1454/2052/1242
f 1454/1302/1242 1452/2048/1239 1449/2046/1238
f 1452/2048/1239 1455/2057/1247 1456/1304/1243
f 1456/1309/1243 1457/2054/1244 1450/2044/1236
f 1457/2054/1244 1458/1300/1245 1451/1287/1237
f 1458/2055/1245 1459/2061/1246 1453/2049/1240
f 1459/2056/1246 1460/2062/1251 1454/2052/1242
f 1454/2052/1242 1460/2062/1251 1455/1309/1247
f 1461/2058/1248 1457/1260/1244 1456/1304/1243
f 1462/2059/1249 1463/1313/1250 1458/1300/1245
f 1464/2063/1252 1462/1482/1249 1457/1260/1244
f 1462/2059/1249 1465/2069/1256 1463/1313/1250
f 1463/2060/1250 1465/2067/1256 1466/2064/1253
f 1459/2056/1246 1466/3608/1253 1469/2065/1254
f 1460/2062/1251 1469/2065/1254 1464/1310/1252
f 1467/1318/1255 1465/2069/1256 1462/2059/1249
f 1466/3608/1253 1468/2072/1257 1469/2065/1254
f 1469/1317/1254 1467/2066/1255 1464/2063/1252
f 1467/2066/1255 1470/1325/1261 1471/2074/1258
f 1471/2068/1258 1475/2080/1267 1465/2069/1256
f 1465/2069/1256 1475/2080/1267 1472/2071/1259
f 1468/1393/1257 1472/2070/1259 1473/1330/1260
f 1475/1334/1267 1476/2075/1263 1472/2070/1259
f 1473/2071/1260 1476/1337/1263 1477/2076/1264
f 1477/2076/1264 1474/1339/1262 1470/2077/1261
f 1478/2078/1265 1479/1454/1266 1471/2074/1258
f 1475/2080/1267 1479/2079/1266 1480/1343/1268
f 1480/1335/1268 1477/2084/1264 1476/2075/1263
f 1481/2081/1269 1478/1332/1265 1474/1339/1262
f 1478/2078/1265 1482/2086/1274 1483/2082/1270
f 1479/2079/1266 1483/2090/1270 1484/1342/1271
f 1484/1427/1271 1485/2083/1272 1480/1335/1268
f 1481/2081/1269 1482/1340/1274 1478/1332/1265
f 1483/2090/1270 1487/1356/1275 1484/1342/1271
f 1485/2083/1272 1487/2087/1275 1488/1358/1276
f 1488/1356/1276 1489/2088/1277 1481/2081/1269
f 1482/2086/1274 1489/1525/1277 1486/2085/1273
f 1486/1360/1273 1490/1359/1282 1491/2089/1278
f 1487/2087/1275 1491/2190/1278 1492/2091/1279
f 1492/2092/1279 1493/2097/1280 1489/2088/1277
f 1493/1439/1280 1490/1432/1282 1486/2085/1273
f 1490/2099/1282 1494/2098/1285 1495/2101/1281
f 1496/2095/1283 1497/2037/1284 1492/2096/1279
f 1494/2098/1285 1498/2102/1288 1495/2101/1281
f 1495/2093/1281 1499/2107/1293 1491/2089/1278
f 1491/2089/1278 1499/2107/1293 1500/1373/1286
f 1496/2095/1283 1500/2103/1286 1501/1292/1287
f 1501/1368/1287 1504/2105/1291 1493/2097/1280
f 1493/2097/1280 1504/2105/1291 1498/1366/1288
f 1495/2093/1281 1502/1375/1289 1499/2107/1293
f 1498/2102/1288 1504/1270/1291 1502/2100/1289
f 1502/2100/1289 1505/2110/1296 1506/1260/1292
f 1506/2106/1292 1507/2112/1294 1500/1373/1286
f 1503/2104/1290 1507/2108/1294 1508/2117/1295
f 1506/2106/1292 1509/1390/1297 1510/2115/1301
f 1506/2106/1292 1510/2115/1301 1511/2111/1298
f 1507/2108/1294 1511/2118/1298 1508/2117/1295
f 1508/2109/1295 1512/2113/1299 1504/2105/1291
f 1512/1396/1299 1509/2013/1297 1505/2110/1296
f 1513/1243/1303 1516/1242/1300 1509/2013/1297
f 1510/1242/1301 1514/2116/1302 1511/2118/1298
f 1516/2114/1300 1517/1399/1305 1510/2115/1301
f 1517/2120/1305 1518/2124/1310 1514/2116/1302
f 1514/1402/1302 1518/2128/1310 1519/2121/1306
f 1513/1243/1303 1519/1409/1306 1515/2119/1304
f 1520/1417/1307 1521/2122/1308 1516/2114/1300
f 1521/2122/1308 1522/1415/1309 1517/1399/1305
f 1519/1409/1306 1523/1543/1313 1520/2125/1307
f 1524/2130/1314 1525/2131/1311 1520/2125/1307
f 1522/2123/1309 1521/2132/1308 1526/2127/1312
f 1518/2128/1310 1526/1414/1312 1523/2129/1313
f 1525/2126/1311 1531/2136/1319 1521/2122/1308
f 1531/2136/1319 1528/1423/1316 1521/2122/1308
f 1528/2133/1316 1529/1528/1317 1526/2127/1312
f 1523/2129/1313 1529/2134/1317 1527/1431/1315
f 1530/2135/1318 1531/1354/1319 1525/2131/1311
f 1528/2133/1316 1532/3640/1320 1533/2138/1321
f 1529/2134/1317 1530/2143/1318 1527/1431/1315
f 1531/2136/1319 1534/3610/1322 1538/2140/1323
f 1533/2138/1321 1532/3640/1320 1535/2147/1324
f 1535/2141/1324 1536/2142/1325 1529/2134/1317
f 1530/2135/1318 1536/2144/1325 1534/2139/1322
f 1537/1352/1327 1538/1441/1323 1534/2139/1322
f 1532/3640/1320 1539/1347/1326 1535/2147/1324
f 1540/2145/1328 1541/2150/1333 1538/1441/1323
f 1538/2140/1323 1541/2154/1333 1542/2148/1337
f 1538/2140/1323 1542/2148/1337 1543/2146/1329
f 1543/2151/1329 1544/2083/1330 1539/1347/1326
f 1535/2141/1324 1544/1445/1330 1545/2148/1331
f 1536/2142/1325 1545/2148/1331 1540/1450/1328
f 1544/1445/1330 1547/1455/1334 1545/2148/1331
f 1541/2154/1333 1548/1460/1335 1549/2155/1336
f 1549/2155/1336 1550/1462/1338 1543/2146/1329
f 1547/2152/1334 1550/2156/1338 1551/2159/1341
f 1547/1455/1334 1551/2164/1341 1552/2157/1339
f 1552/1543/1339 1548/2153/1335 1546/2149/1332
f 1548/2153/1335 1553/2160/1342 1549/2161/1336
f 1549/2155/1336 1554/1461/1340 1550/1462/1338
f 1549/2155/1336 1555/1476/1343 1556/2167/1349
f 1549/2155/1336 1556/2167/1349 1557/2162/1344
f 1554/2158/1340 1557/2170/1344 1558/2163/1345
f 1551/2164/1341 1558/1467/1345 1559/2165/1346
f 1559/2165/1346 1560/2172/1353 1553/1459/1342
f 1560/2173/1353 1555/1326/1343 1553/2160/1342
f 1555/1476/1343 1561/2168/1350 1556/2167/1349
f 1557/2170/1344 1562/1478/1347 1558/2163/1345
f 1560/2173/1353 1561/2013/1350 1555/1326/1343
f 1563/2174/1354 1564/2175/1348 1561/2013/1350
f 1564/2166/1348 1565/2169/1351 1556/2167/1349
f 1565/1311/1351 1566/2176/1357 1562/1478/1347
f 1562/1477/1347 1566/1489/1357 1567/2171/1352
f 1567/2171/1352 1563/1485/1354 1560/2172/1353
f 1569/1299/1356 1570/2180/1358 1566/2176/1357
f 1567/2171/1352 1568/1492/1355 1563/1485/1354
f 1571/2178/1359 1572/1272/1360 1564/2175/1348
f 1572/2179/1360 1573/1494/1361 1569/1495/1356
f 1570/2177/1358 1574/2184/1365 1567/2171/1352
f 1567/2171/1352 1574/2184/1365 1571/1504/1359
f 1575/2181/1362 1576/2040/1367 1572/1272/1360
f 1572/2179/1360 1576/2187/1367 1577/2182/1363
f 1577/3641/1363 1578/2183/1364 1573/1265/1361
f 1570/2177/1358 1578/1508/1364 1574/2184/1365
f 1577/3641/1363 1580/3642/1368 1578/2183/1364
f 1580/1510/1368 1581/2186/1369 1574/2184/1365
f 1581/2186/1369 1582/2196/1373 1575/1506/1362
f 1582/2047/1373 1579/2185/1366 1575/2181/1362
f 1583/1520/1370 1587/2200/1378 1576/2187/1367
f 1576/2187/1367 1587/2200/1378 1584/1524/1371
f 1584/2188/1371 1585/2194/1372 1580/2189/1368
f 1583/2192/1370 1586/2197/1376 1587/2082/1378
f 1587/2200/1378 1588/1523/1374 1584/1524/1371
f 1585/2194/1372 1588/2193/1374 1589/2203/1375
f 1589/2195/1375 1590/2204/1383 1581/2186/1369
f 1581/2186/1369 1590/2204/1383 1586/1519/1376
f 1587/2200/1378 1591/1537/1377 1592/2199/1379
f 1592/2199/1379 1593/1529/1381 1588/1523/1374
f 1588/2193/1374 1593/1451/1381 1589/2203/1375
f 1586/2197/1376 1590/2206/1383 1591/2198/1377
f 1594/2205/1384 1592/1412/1379 1591/2198/1377
f 1595/1334/1380 1596/2202/1382 1593/1451/1381
f 1589/2195/1375 1596/1541/1382 1599/2020/1218
f 1599/2020/1218 1594/1539/1384 1590/2204/1383
f 1596/2202/1382 1598/1321/1386 1427/2016/1215
f 1596/1541/1382 1427/2018/1215 1599/2020/1218
f 1599/1542/1218 1597/2207/1385 1594/2205/1384
f 1597/2207/1385 1424/2014/1213 1425/1242/1212
f 1595/2201/1380 1425/2022/1212 1426/2023/1216
s 0
usemtl screen
f 1856/2668/1526 1858/2669/1526 1855/2670/1526
f 1944/2668/1570 1946/2669/1570 1943/2670/1570
f 1856/2668/1526 1857/3837/1526 1858/2669/1526
f 1944/2668/1570 1945/3837/1570 1946/2669/1570
