# Blender 4.3.2
# www.blender.org
mtllib FactoryPipe_In.mtl
o FactoryPipe_In
v 88.249977 99.380455 -4.882250
v 34.249981 97.640602 -19.110874
v 34.249981 95.867134 -26.530006
v 34.249981 93.519333 -33.979755
v 34.249981 33.979733 -93.519341
v 34.249981 26.529980 -95.867134
v 88.249977 21.794044 -97.053429
v 43.749981 4.882210 -99.380455
v 43.749981 -4.882290 -99.380455
v 43.749981 -14.299102 -98.475525
v 34.249981 -26.530058 -95.867119
v 34.249981 -33.979809 -93.519310
v 34.249981 -93.519287 -33.979862
v 34.249981 -95.867088 -26.530128
v 88.249977 -95.149765 -29.083464
v 88.249977 -97.053383 -21.794209
v 88.249977 -98.423340 -14.599877
v 88.249977 -99.380447 -4.882421
v 43.749981 -99.380463 4.882059
v 34.249981 -95.867195 26.529783
v 34.249981 -93.519417 33.979519
v 34.249981 -26.530218 95.867065
v 88.249977 -21.794273 97.053375
v 88.249977 -4.882403 99.380447
v 34.249981 26.529943 95.867142
v 34.249981 97.640648 19.110638
v 88.249977 97.053467 21.793839
v 43.749981 98.475571 14.298802
v 88.249977 98.423401 14.599468
v 43.749981 99.380463 4.881962
v 43.749981 99.380455 -4.882247
v 43.749981 98.475540 -14.299054
v 88.249977 98.423370 -14.599727
v 88.249977 97.053421 -21.794077
v 34.249981 19.110846 -97.640617
v 43.749981 14.299023 -98.475548
v 88.249977 14.599693 -98.423370
v 88.249977 4.882210 -99.380455
v 88.249977 -4.882290 -99.380455
v 88.249977 -14.599771 -98.423363
v 34.249981 -19.110922 -97.640594
v 88.249977 -21.794121 -97.053406
v 88.249977 -29.083395 -95.149788
v 34.249981 -97.640579 -19.111013
v 43.749981 -98.475510 -14.299205
v 43.749981 -99.380440 -4.882419
v 88.249977 -99.380463 4.882057
v 43.749981 -98.475571 14.298850
v 88.249977 -98.423401 14.599517
v 34.249981 -97.640648 19.110662
v 88.249977 -97.053467 21.793852
v 88.249977 -95.149872 29.083118
v 34.249981 -34.003292 93.511551
v 88.249977 -29.083561 95.149734
v 34.249981 -19.111071 97.640572
v 43.749981 -14.299239 98.475502
v 88.249977 -14.599907 98.423332
v 43.749981 -4.882403 99.380440
v 43.749981 4.882121 99.380455
v 88.249977 4.882121 99.380455
v 43.749981 14.298959 98.475555
v 88.249977 14.599627 98.423378
v 34.249981 19.110794 97.640625
v 88.249977 21.793997 97.053436
v 88.249977 29.083288 95.149826
v 34.249981 34.003033 93.511642
v 34.249981 93.511696 34.002880
v 34.249981 95.867195 26.529793
v 88.249977 99.380463 4.881960
v 82.749977 -92.742058 -33.183754
v 82.953674 -93.524231 33.981247
v 82.953674 33.981438 93.524162
v 82.953674 93.524216 33.981293
v 88.249977 95.149811 -29.083347
v 82.749977 94.625748 -33.857632
v 82.953674 34.004768 -93.516449
v 87.749977 29.173756 -96.173088
v 82.749977 -33.857685 -94.625732
v 82.749977 -94.625710 -33.857738
v 82.749977 -94.625832 33.857391
v 82.749977 -33.857857 94.625671
v 82.749977 33.857594 94.625763
v 87.749977 96.173141 29.173574
v 44.249981 100.379547 -4.931330
v 87.749977 100.379547 -4.931332
v 44.249981 99.412842 -14.746499
v 87.749977 99.412842 -14.746502
v 34.749977 98.569511 -19.606695
v 87.749977 98.029121 -22.013178
v 34.749977 96.830902 -26.796719
v 34.749977 94.625748 -33.857632
v 34.749977 26.796692 -96.830910
v 34.749977 33.857609 -94.625763
v 34.749977 19.606665 -98.569527
v 87.749977 22.013145 -98.029121
v 44.249981 14.746468 -99.412849
v 87.749977 14.746468 -99.412849
v 44.249981 4.931292 -100.379547
v 87.749977 4.931292 -100.379547
v 44.249981 -4.931373 -100.379547
v 87.749977 -4.931373 -100.379547
v 44.249981 -14.746547 -99.412834
v 87.749977 -14.746547 -99.412834
v 34.749977 -19.606743 -98.569504
v 87.749977 -22.013224 -98.029114
v 34.749977 -26.796770 -96.830894
v 87.749977 -29.173836 -96.173065
v 34.749977 -33.857685 -94.625732
v 34.749977 -96.830872 -26.796841
v 34.749977 -94.625710 -33.857738
v 87.749977 -96.173050 -29.173903
v 87.749977 -98.029091 -22.013313
v 34.749977 -98.569489 -19.606834
v 44.249981 -99.412811 -14.746651
v 87.749977 -99.412811 -14.746655
v 44.249981 -100.379539 -4.931503
v 87.749977 -100.379539 -4.931505
v 44.249981 -100.379562 4.931139
v 87.749977 -100.379562 4.931138
v 44.249981 -99.412872 14.746293
v 87.749977 -99.412872 14.746290
v 34.749977 -98.569557 19.606478
v 87.749977 -98.029175 22.012953
v 34.749977 -96.830963 26.796494
v 87.749977 -96.173149 29.173553
v 34.749977 -94.625832 33.857391
v 34.749977 -26.796930 96.830841
v 34.749977 -33.857857 94.625671
v 87.749977 -29.174004 96.173012
v 87.749977 -22.013374 98.029076
v 34.749977 -19.606890 98.569473
v 44.249981 -14.746684 99.412804
v 87.749977 -14.746684 99.412804
v 44.249981 -4.931487 100.379539
v 87.749977 -4.931487 100.379539
v 44.249981 4.931202 100.379547
v 87.749977 4.931202 100.379547
v 44.249981 14.746401 99.412849
v 87.749977 14.746401 99.412849
v 34.749977 19.606609 98.569527
v 87.749977 22.013098 98.029137
v 34.749977 26.796658 96.830925
v 87.749977 29.173729 96.173103
v 34.749977 33.857594 94.625763
v 34.749977 96.830963 26.796501
v 34.749977 94.625816 33.857441
v 34.749977 98.569557 19.606451
v 87.749977 98.029175 22.012938
v 44.249981 99.412880 14.746244
v 87.749977 99.412880 14.746242
v 44.249981 100.379562 4.931042
v 87.749977 100.379562 4.931040
v 44.249981 98.381355 -4.833165
v 87.749977 98.381355 -4.833168
v 44.249981 97.433891 -14.452950
v 87.749977 97.433891 -14.452952
v 34.749977 96.607353 -19.216396
v 87.749977 96.077713 -21.574974
v 34.749977 94.903351 -26.263294
v 34.749977 92.742088 -33.183651
v 34.749977 26.263268 -94.903358
v 34.749977 33.183624 -92.742104
v 34.749977 19.216366 -96.607361
v 87.749977 21.574944 -96.077728
v 44.249981 14.452919 -97.433891
v 87.749977 14.452919 -97.433891
v 44.249981 4.833128 -98.381355
v 87.749977 4.833128 -98.381355
v 44.249981 -4.833207 -98.381355
v 87.749977 -4.833207 -98.381355
v 44.249981 -14.452997 -97.433884
v 87.749977 -14.452997 -97.433884
v 34.749977 -19.216444 -96.607346
v 87.749977 -21.575018 -96.077705
v 34.749977 -26.263344 -94.903336
v 34.749977 -33.183704 -92.742073
v 34.749977 -94.903313 -26.263416
v 34.749977 -92.742058 -33.183754
v 87.749977 -94.258591 -28.593155
v 87.749977 -96.077690 -21.575106
v 34.749977 -96.607330 -19.216534
v 44.249981 -97.433868 -14.453099
v 87.749977 -97.433868 -14.453103
v 44.249981 -98.381348 -4.833334
v 87.749977 -98.381348 -4.833336
v 44.249981 -98.381363 4.832978
v 87.749977 -98.381363 4.832976
v 44.249981 -97.433922 14.452748
v 87.749977 -97.433922 14.452745
v 34.749977 -96.607391 19.216185
v 87.749977 -96.077766 21.574753
v 34.749977 -94.903412 26.263069
v 34.749977 -92.742172 33.183418
v 34.749977 -26.263502 94.903290
v 34.749977 -33.183872 92.742012
v 34.749977 -19.216589 96.607315
v 87.749977 -21.575169 96.077667
v 44.249981 -14.453131 97.433861
v 87.749977 -14.453131 97.433861
v 44.249981 -4.833319 98.381348
v 87.749977 -4.833319 98.381348
v 44.249981 4.833040 98.381355
v 87.749977 4.833040 98.381355
v 44.249981 14.452854 97.433899
v 87.749977 14.452854 97.433899
v 34.749977 19.216314 96.607368
v 87.749977 21.574896 96.077736
v 34.749977 26.263231 94.903374
v 34.749977 33.183609 92.742111
v 34.749977 94.903412 26.263083
v 34.749977 92.742165 33.183460
v 34.749977 96.607399 19.216160
v 87.749977 96.077766 21.574739
v 44.249981 97.433922 14.452699
v 87.749977 97.433922 14.452696
v 44.249981 98.381363 4.832882
v 87.749977 98.381363 4.832880
v 87.749977 94.258621 -28.593040
v 82.749977 92.742088 -33.183651
v 82.953674 93.516441 -34.004791
v 87.749977 96.173080 -29.173786
v 82.749977 33.183624 -92.742104
v 87.749977 28.593012 -94.258629
v 88.249977 29.083321 -95.149818
v 82.749977 33.857609 -94.625763
v 87.749977 -28.593090 -94.258606
v 82.749977 -33.183704 -92.742073
v 87.749977 -94.258690 28.592813
v 82.749977 -92.742172 33.183418
v 82.749977 -33.183872 92.742012
v 87.749977 -28.593254 94.258560
v 87.749977 28.592985 94.258644
v 82.749977 33.183609 92.742111
v 82.749977 92.742165 33.183460
v 87.749977 94.258682 28.592834
v 88.249977 95.149872 29.083136
v 82.749977 94.625816 33.857441
v 82.953674 -34.004845 -93.516418
v 82.953674 -93.524101 -33.981586
v 82.953674 -34.005016 93.516365
v 60.948318 96.855103 -16.765734
v 60.948318 97.367424 -13.475378
v 75.264374 97.367424 -13.475381
v 75.264374 96.855103 -16.765734
v 75.264374 13.475102 97.367439
v 60.948318 13.475102 97.367439
v 60.948318 -96.855125 16.765400
v 75.264374 -96.855125 16.765398
v 60.948318 -16.765612 -96.855110
v 75.264374 -16.765612 -96.855110
v 75.264374 -13.475256 -97.367424
v 60.948318 -13.475256 -97.367424
v 75.264374 16.765457 96.855125
v 75.264374 -97.367439 13.475042
v 60.948318 -97.367439 13.475044
v 60.948318 16.765457 96.855125
v 60.948318 -98.281357 -1.665179
v 60.948318 -98.281357 1.664821
v 75.264374 -98.281357 1.664821
v 75.264374 -98.281357 -1.665180
v 60.948318 -1.665139 98.281357
v 60.948318 1.664861 98.281357
v 75.264374 1.664861 98.281357
v 75.264374 -1.665139 98.281357
v 60.948318 1.664961 -98.281357
v 60.948318 -1.665040 -98.281357
v 75.264374 -1.665040 -98.281357
v 75.264374 1.664961 -98.281357
v 75.264374 -1.665142 100.479546
v 75.264374 1.664858 100.479546
v 60.948318 1.664858 100.479546
v 60.948318 -1.665142 100.479546
v 75.264374 -100.479553 -1.665184
v 75.264374 -100.479553 1.664817
v 60.948318 -100.479553 1.664817
v 60.948318 -100.479553 -1.665183
v 75.264374 1.664959 -100.479553
v 75.264374 -1.665041 -100.479553
v 60.948318 -1.665041 -100.479553
v 60.948318 1.664959 -100.479553
v 75.264374 100.479568 1.664854
v 75.264374 100.479568 -1.665146
v 60.948318 100.479568 -1.665145
v 60.948318 100.479568 1.664855
v 75.264374 98.281357 -1.665143
v 75.264374 98.281357 1.664857
v 60.948318 98.281357 1.664858
v 60.948318 98.281357 -1.665143
v 60.948318 -97.367416 -13.475399
v 60.948318 -96.855095 -16.765755
v 75.264374 -97.367416 -13.475400
v 75.264374 -96.855095 -16.765755
v 60.948318 -13.475379 97.367409
v 60.948318 -16.765734 96.855095
v 75.264374 -13.475379 97.367409
v 75.264374 -16.765734 96.855095
v 60.948318 13.475175 -97.367424
v 60.948318 16.765530 -96.855110
v 75.264374 13.475175 -97.367424
v 75.264374 16.765530 -96.855110
v 75.264374 96.855125 16.765448
v 75.264374 97.367439 13.475095
v 60.948318 96.855125 16.765450
v 60.948318 97.367439 13.475095
v 60.948318 99.687660 -13.836649
v 75.264374 99.687660 -13.836649
v 60.948318 -99.687675 13.836307
v 60.948318 -99.175362 17.126661
v 60.948318 99.175346 -17.127005
v 75.264374 -17.126877 -99.175346
v 60.948318 -17.126877 -99.175346
v 75.264374 99.175346 -17.127005
v 60.948318 -13.836522 -99.687660
v 75.264374 -13.836522 -99.687660
v 75.264374 -99.175362 17.126661
v 75.264374 -99.687675 13.836307
v 60.948318 13.836365 99.687660
v 75.264374 13.836365 99.687660
v 60.948318 17.126720 99.175346
v 75.264374 17.126720 99.175346
v 75.264374 -13.836648 99.687637
v 75.264374 -17.127003 99.175323
v 60.948318 -13.836648 99.687637
v 60.948318 -17.127003 99.175323
v 75.264374 -99.687645 -13.836670
v 75.264374 -99.175331 -17.127026
v 60.948318 -99.687645 -13.836670
v 60.948318 -99.175331 -17.127026
v 75.264374 13.836442 -99.687660
v 75.264374 17.126797 -99.175346
v 60.948318 13.836442 -99.687660
v 60.948318 17.126797 -99.175346
v 75.264374 99.687683 13.836360
v 75.264374 99.175369 17.126715
v 60.948318 99.687683 13.836360
v 60.948318 99.175369 17.126715
v -49.999981 -0.000024 -97.500000
v 65.249977 0.000000 -75.393555
v -49.999981 -19.021326 -95.626564
v 65.249977 -14.708561 -73.944878
v -49.999981 -37.311668 -90.078255
v 65.249977 -28.851873 -69.654556
v -49.999981 -54.168118 -81.068298
v 65.249977 -41.886425 -62.687450
v -49.999981 -68.942932 -68.942917
v 65.249977 -53.311306 -53.311302
v -49.999981 -81.068314 -54.168098
v 65.249985 -62.687458 -41.886417
v -49.999981 -90.078285 -37.311638
v 65.249985 -69.654587 -28.851875
v -49.999981 -95.626595 -19.021320
v 65.249985 -73.944901 -14.708561
v -49.999981 -97.500031 -0.000012
v 65.249985 -75.393562 -0.000006
v -49.999981 -95.626602 19.021290
v 65.249985 -73.944908 14.708543
v -49.999981 -90.078285 37.311619
v 65.249985 -69.654587 28.851843
v -49.999981 -81.068329 54.168083
v 65.249985 -62.687481 41.886395
v -49.999981 -68.942947 68.942902
v 65.249977 -53.311317 53.311287
v -49.999981 -54.168129 81.068283
v 65.249977 -41.886421 62.687447
v -49.999981 -37.311657 90.078262
v 65.249977 -28.851875 69.654572
v -49.999981 -19.021320 95.626572
v 65.249977 -14.708561 73.944878
v -49.999981 -0.000006 97.500000
v 65.249985 0.000006 75.393555
v -49.999981 19.021309 95.626556
v 65.249977 14.708561 73.944878
v -49.999981 37.311649 90.078232
v 65.249977 28.851873 69.654541
v -49.999981 54.168110 81.068268
v 65.249977 41.886425 62.687428
v -49.999981 68.942917 68.942871
v 65.249977 53.311317 53.311264
v -49.999992 81.068298 54.168045
v 65.249977 62.687450 41.886375
v -49.999992 90.078262 37.311565
v 65.249977 69.654564 28.851818
v -49.999992 95.626541 19.021231
v 65.249962 73.944878 14.708495
v -49.999992 97.499969 -0.000089
v 65.249962 75.393532 -0.000072
v -49.999992 95.626518 -19.021404
v 65.249977 73.944855 -14.708620
v -49.999992 90.078186 -37.311733
v 65.249977 69.654503 -28.851933
v -49.999992 81.068199 -54.168190
v 65.249977 62.687386 -41.886490
v -49.999981 68.942802 -68.942986
v 65.249977 53.311211 -53.311359
v -49.999981 54.167969 -81.068352
v 65.249977 41.886318 -62.687500
v -49.999981 37.311478 -90.078316
v 65.249977 28.851757 -69.654610
v -49.999981 19.021135 -95.626595
v 65.249985 14.708424 -73.944908
v 55.749969 -19.021315 -95.626564
v 55.749969 -0.000006 -97.500000
v 53.249973 -41.873425 -93.309380
v 55.749969 -55.563755 -83.157028
v 55.749969 -70.719238 -70.719238
v 55.749981 -83.157036 -55.563747
v 53.249985 -93.309387 -41.873425
v 55.749981 -95.626579 -19.021320
v 55.749981 -97.500015 -0.000012
v 55.749981 -95.626595 19.021284
v 53.249985 -93.309418 41.873394
v 55.749981 -83.157051 55.563728
v 55.749969 -70.719254 70.719223
v 55.749969 -55.563759 83.157021
v 53.249973 -41.873425 93.309380
v 55.749969 -19.021303 95.626572
v 55.749981 0.000012 97.500000
v 55.749969 19.021320 95.626556
v 53.249973 41.873444 93.309357
v 55.749969 55.563770 83.156998
v 55.749969 70.719246 70.719193
v 55.749969 83.157043 55.563690
v 53.249973 93.309387 41.873352
v 55.749958 95.626556 19.021231
v 55.749958 97.499985 -0.000089
v 55.749969 95.626518 -19.021399
v 53.249973 93.309311 -41.873528
v 55.749969 83.156944 -55.563839
v 55.749969 70.719131 -70.719322
v 55.749969 55.563622 -83.157089
v 53.249973 41.873276 -93.309418
v 55.749981 19.021147 -95.626595
v 66.749969 -18.531221 -93.162735
v 66.749969 -0.000006 -94.987907
v 66.749969 -36.350304 -87.757370
v 66.749969 -52.772469 -78.979561
v 66.749969 -67.166603 -67.166595
v 66.749985 -78.979576 -52.772457
v 66.749985 -87.757401 -36.350304
v 66.749985 -93.162750 -18.531233
v 66.749985 -94.987915 -0.000012
v 66.749985 -93.162766 18.531204
v 66.749985 -87.757408 36.350273
v 66.749985 -78.979584 52.772434
v 66.749969 -67.166611 67.166588
v 66.749969 -52.772461 78.979561
v 66.749969 -36.350304 87.757401
v 66.749969 -18.531221 93.162743
v 66.749985 0.000012 94.987907
v 66.749969 18.531239 93.162727
v 66.749969 36.350311 87.757362
v 66.749969 52.772476 78.979530
v 66.749969 67.166611 67.166557
v 66.749969 78.979568 52.772404
v 66.749969 87.757401 36.350231
v 66.749962 93.162727 18.531149
v 66.749962 94.987885 -0.000083
v 66.749969 93.162704 -18.531311
v 66.749969 87.757317 -36.350388
v 66.749969 78.979477 -52.772541
v 66.749969 67.166496 -67.166672
v 66.749969 52.772339 -78.979622
v 66.749969 36.350163 -87.757446
v 66.749985 18.531067 -93.162766
v 63.849632 18.862080 -94.826897
v 63.849621 36.999470 -89.325020
v 63.849621 53.714989 -80.390396
v 63.849621 68.366272 -68.366455
v 63.849621 80.390259 -53.715195
v 63.849621 89.324898 -36.999710
v 63.849621 94.826828 -18.862331
v 63.849609 96.684624 -0.000083
v 63.849609 94.826866 18.862164
v 63.849621 89.324974 36.999546
v 63.849621 80.390343 53.715057
v 63.849621 68.366394 68.366333
v 63.849621 53.715134 80.390320
v 63.849621 36.999630 89.324936
v 63.849621 18.862253 94.826851
v 63.849632 0.000012 96.684639
v 63.849621 -18.862236 94.826874
v 63.849621 -36.999615 89.324974
v 63.849621 -53.715115 80.390335
v 63.849621 -68.366394 68.366364
v 63.849632 -80.390366 53.715088
v 63.849632 -89.324989 36.999584
v 63.849632 -94.826889 18.862217
v 63.849632 -96.684654 -0.000012
v 63.849632 -94.826881 -18.862247
v 63.849632 -89.324974 -36.999619
v 63.849632 -80.390350 -53.715111
v 63.849621 -68.366386 -68.366364
v 63.849621 -53.715122 -80.390343
v 63.849621 -36.999615 -89.324951
v 63.849621 -18.862247 -94.826866
v 63.849621 -0.000006 -96.684639
v 66.749969 -15.002614 -75.423180
v 66.749969 0.000000 -76.900810
v 66.749969 -29.428684 -71.047081
v 66.749969 -42.723816 -63.940693
v 66.749969 -54.377098 -54.377090
v 66.749985 -63.940704 -42.723804
v 66.749985 -71.047104 -29.428679
v 66.749985 -75.423195 -15.002614
v 66.749985 -76.900826 -0.000006
v 66.749985 -75.423203 15.002596
v 66.749985 -71.047119 29.428650
v 66.749985 -63.940723 42.723785
v 66.749969 -54.377110 54.377079
v 66.749969 -42.723812 63.940685
v 66.749969 -29.428679 71.047089
v 66.749969 -15.002608 75.423180
v 66.749985 0.000006 76.900810
v 66.749969 15.002614 75.423172
v 66.749969 29.428673 71.047066
v 66.749969 42.723816 63.940666
v 66.749969 54.377110 54.377056
v 66.749969 63.940697 42.723763
v 66.749969 71.047089 29.428619
v 66.749962 75.423180 15.002542
v 66.749962 76.900795 -0.000072
v 66.749969 75.423149 -15.002674
v 66.749969 71.047035 -29.428732
v 66.749969 63.940620 -42.723877
v 66.749969 54.377003 -54.377151
v 66.749969 42.723701 -63.940746
v 66.749969 29.428556 -71.047127
v 66.749985 15.002471 -75.423203
v 37.749977 -14.708561 -73.944878
v 37.749977 0.000000 -75.393555
v 37.749977 -28.851879 -69.654556
v 37.749977 -41.886425 -62.687450
v 37.749977 -53.311306 -53.311302
v 37.749989 -62.687458 -41.886417
v 37.749989 -69.654587 -28.851875
v 37.749989 -73.944893 -14.708561
v 37.749989 -75.393562 -0.000006
v 37.749989 -73.944916 14.708549
v 37.749989 -69.654587 28.851843
v 37.749989 -62.687481 41.886395
v 37.749977 -53.311317 53.311287
v 37.749977 -41.886425 62.687450
v 37.749977 -28.851879 69.654564
v 37.749977 -14.708561 73.944885
v 37.749989 0.000000 75.393555
v 37.749977 14.708555 73.944878
v 37.749977 28.851873 69.654541
v 37.749977 41.886425 62.687428
v 37.749977 53.311317 53.311264
v 37.749977 62.687450 41.886375
v 37.749977 69.654564 28.851818
v 37.749966 73.944878 14.708495
v 37.749966 75.393532 -0.000072
v 37.749977 73.944855 -14.708620
v 37.749977 69.654503 -28.851933
v 37.749977 62.687386 -41.886490
v 37.749977 53.311211 -53.311359
v 37.749977 41.886314 -62.687504
v 37.749977 28.851753 -69.654602
v 37.749989 14.708418 -73.944908
v 37.749977 -0.000012 -0.000000
v 37.749977 -0.000006 -80.000000
v 37.749977 39.999996 -69.282028
v 37.749981 69.282028 -39.999992
v 37.749981 79.999992 0.000012
v 37.749981 69.282005 40.000011
v 37.749977 39.999985 69.282036
v 37.749977 -0.000006 80.000000
v 37.749977 -40.000000 69.282028
v 37.749969 -69.282036 40.000023
v 37.749969 -80.000015 0.000030
v 37.749969 -69.282059 -39.999966
v 37.749977 -40.000057 -69.282013
v -0.000028 -0.000012 -97.500000
v -0.000022 -19.021326 -95.626572
v 2.499978 -41.873436 -93.309380
v -0.000022 -55.563766 -83.157028
v -0.000022 -70.719254 -70.719238
v -0.000022 -83.157043 -55.563747
v 2.499978 -93.309387 -41.873425
v -0.000022 -95.626595 -19.021315
v -0.000022 -97.500023 -0.000012
v -0.000022 -95.626595 19.021284
v 2.499978 -93.309418 41.873394
v -0.000022 -83.157059 55.563725
v -0.000022 -70.719261 70.719231
v -0.000022 -55.563770 83.157021
v 2.499978 -41.873436 93.309380
v -0.000022 -19.021315 95.626572
v -0.000022 0.000000 97.500000
v -0.000022 19.021320 95.626556
v 2.499978 41.873432 93.309364
v -0.000022 55.563759 83.156998
v -0.000022 70.719246 70.719193
v -0.000034 83.157036 55.563690
v 2.499966 93.309380 41.873352
v -0.000034 95.626556 19.021231
v -0.000034 97.499977 -0.000089
v -0.000034 95.626518 -19.021404
v 2.499966 93.309303 -41.873516
v -0.000034 83.156937 -55.563843
v -0.000022 70.719131 -70.719315
v -0.000022 55.563618 -83.157089
v 2.499978 41.873272 -93.309425
v -0.000022 19.021141 -95.626587
v 21.370811 -0.000012 -97.500000
v 34.379143 -0.000006 -97.500000
v 34.379143 -19.021315 -95.626556
v 21.370811 -19.021315 -95.626564
v 36.879139 -41.873436 -93.309380
v 18.870813 -41.873436 -93.309380
v 34.379143 -54.168118 -81.068298
v 21.370811 -54.168118 -81.068298
v 34.379143 -68.942924 -68.942917
v 21.370811 -68.942924 -68.942917
v 34.379150 -81.068314 -54.168098
v 21.370817 -81.068314 -54.168098
v 36.879147 -93.309387 -41.873425
v 18.870821 -93.309387 -41.873425
v 34.379150 -95.626579 -19.021320
v 21.370817 -95.626579 -19.021320
v 34.379150 -97.500023 -0.000012
v 21.370817 -97.500023 -0.000012
v 34.379150 -95.626595 19.021284
v 21.370817 -95.626595 19.021284
v 36.879147 -93.309418 41.873394
v 18.870821 -93.309418 41.873394
v 34.379150 -81.068321 54.168095
v 21.370817 -81.068321 54.168095
v 34.379143 -68.942932 68.942902
v 21.370811 -68.942932 68.942902
v 34.379143 -54.168118 81.068298
v 21.370811 -54.168121 81.068291
v 36.879139 -41.873432 93.309387
v 18.870813 -41.873436 93.309380
v 34.379143 -19.021309 95.626572
v 21.370811 -19.021309 95.626564
v 34.379150 0.000006 97.500000
v 21.370817 0.000006 97.500000
v 34.379143 19.021320 95.626556
v 21.370811 19.021320 95.626556
v 36.879139 41.873432 93.309364
v 18.870813 41.873432 93.309364
v 34.379143 54.168121 81.068268
v 21.370811 54.168121 81.068268
v 34.379143 68.942940 68.942871
v 21.370811 68.942940 68.942871
v 34.379143 81.068306 54.168045
v 21.370811 81.068306 54.168045
v 36.879139 93.309387 41.873352
v 18.870813 93.309387 41.873352
v 34.379135 95.626556 19.021231
v 21.370800 95.626556 19.021231
v 34.379135 97.499985 -0.000089
v 21.370800 97.499977 -0.000089
v 34.379143 95.626518 -19.021399
v 21.370811 95.626518 -19.021404
v 36.879139 93.309311 -41.873528
v 18.870813 93.309303 -41.873516
v 34.379143 81.068214 -54.168201
v 21.370811 81.068214 -54.168201
v 34.379143 68.942818 -68.943001
v 21.370811 68.942818 -68.943001
v 34.379143 54.167980 -81.068359
v 21.370811 54.167980 -81.068359
v 36.879139 41.873272 -93.309425
v 18.870813 41.873272 -93.309425
v 34.379150 19.021147 -95.626595
v 21.370817 19.021147 -95.626595
v 55.749969 -54.168118 -81.068298
v 55.749969 -37.311642 -90.078255
v 55.749969 -68.942924 -68.942917
v 55.749981 -81.068314 -54.168098
v 55.749981 -90.078270 -37.311638
v 55.749981 -81.068321 54.168095
v 55.749981 -90.078285 37.311615
v 55.749969 -68.942932 68.942902
v 55.749969 -54.168110 81.068291
v 55.749969 -37.311642 90.078270
v 55.749969 54.168121 81.068268
v 55.749969 37.311649 90.078232
v 55.749969 68.942940 68.942871
v 55.749969 81.068306 54.168045
v 55.749969 90.078270 37.311565
v 55.749969 81.068214 -54.168201
v 55.749969 90.078186 -37.311726
v 55.749969 68.942818 -68.943001
v 55.749969 54.167980 -81.068359
v 55.749969 37.311493 -90.078316
v 21.370811 -37.311657 -90.078255
v -0.000022 -37.311657 -90.078255
v 21.370817 -90.078270 -37.311638
v -0.000022 -90.078270 -37.311642
v 21.370817 -90.078285 37.311615
v -0.000022 -90.078285 37.311615
v 21.370811 -37.311649 90.078262
v -0.000022 -37.311649 90.078262
v 21.370811 37.311649 90.078232
v -0.000022 37.311649 90.078232
v 21.370811 90.078270 37.311565
v -0.000034 90.078262 37.311573
v 21.370811 90.078186 -37.311733
v -0.000034 90.078186 -37.311733
v 21.370811 37.311489 -90.078308
v -0.000022 37.311489 -90.078308
v -0.000022 54.167973 -81.068352
v -0.000022 68.942810 -68.942993
v -0.000034 81.068207 -54.168194
v -0.000034 81.068298 54.168045
v -0.000022 68.942932 68.942871
v -0.000022 54.168121 81.068268
v -0.000022 -54.168121 81.068291
v -0.000022 -68.942940 68.942902
v -0.000022 -81.068329 54.168087
v -0.000022 -81.068314 -54.168098
v -0.000022 -68.942924 -68.942917
v -0.000022 -54.168118 -81.068298
v 34.379143 -37.311642 -90.078247
v 34.379150 -90.078270 -37.311638
v 34.379150 -90.078285 37.311615
v 34.379143 -37.311642 90.078270
v 34.379143 37.311649 90.078232
v 34.379143 90.078270 37.311565
v 34.379143 90.078186 -37.311726
v 34.379143 37.311489 -90.078316
v 21.370811 55.563622 -83.157089
v 34.379143 55.563622 -83.157089
v 21.370811 70.719131 -70.719322
v 34.379143 70.719131 -70.719322
v 21.370811 83.156944 -55.563839
v 34.379143 83.156944 -55.563839
v 21.370811 83.157043 55.563690
v 34.379143 83.157043 55.563690
v 21.370811 70.719246 70.719193
v 34.379143 70.719246 70.719193
v 21.370811 55.563770 83.156998
v 34.379143 55.563770 83.156998
v 21.370811 -55.563770 83.157021
v 34.379143 -55.563766 83.157013
v 21.370811 -70.719254 70.719223
v 34.379143 -70.719254 70.719223
v 21.370817 -83.157051 55.563728
v 34.379150 -83.157051 55.563728
v 21.370817 -83.157036 -55.563747
v 34.379150 -83.157036 -55.563747
v 21.370811 -70.719238 -70.719238
v 34.379143 -70.719238 -70.719238
v 21.370811 -55.563755 -83.157028
v 34.379143 -55.563755 -83.157028
v 53.249973 -56.959415 -85.245758
v 55.749969 -38.490128 -92.283058
v 53.249973 -72.495560 -72.495560
v 53.249985 -85.245773 -56.959396
v 55.749981 -92.283073 -38.490135
v 53.249985 -85.245781 56.959389
v 55.749981 -92.283089 38.490097
v 53.249973 -72.495575 72.495544
v 53.249973 -56.959408 85.245750
v 55.749969 -38.490135 92.283073
v 53.249973 56.959419 85.245728
v 55.749969 38.490147 92.283043
v 53.249973 72.495583 72.495514
v 53.249973 85.245773 56.959332
v 55.749969 92.283073 38.490063
v 53.249973 85.245674 -56.959499
v 55.749969 92.282997 -38.490223
v 53.249973 72.495453 -72.495636
v 53.249973 56.959267 -85.245811
v 55.749969 38.489986 -92.283119
v 21.370811 -38.490139 -92.283058
v -0.000022 -38.490150 -92.283058
v 21.370817 -92.283073 -38.490135
v -0.000022 -92.283081 -38.490128
v 21.370817 -92.283089 38.490097
v -0.000022 -92.283089 38.490097
v 21.370811 -38.490139 92.283073
v -0.000022 -38.490139 92.283073
v 21.370811 38.490147 92.283043
v -0.000022 38.490147 92.283043
v 21.370811 92.283073 38.490063
v -0.000034 92.283073 38.490059
v 21.370811 92.282990 -38.490223
v -0.000034 92.282990 -38.490223
v 21.370811 38.489975 -92.283119
v -0.000022 38.489975 -92.283127
v 2.499978 56.959259 -85.245819
v 2.499978 72.495445 -72.495644
v 2.499966 85.245667 -56.959492
v 2.499966 85.245773 56.959332
v 2.499978 72.495567 72.495514
v 2.499978 56.959419 85.245728
v 2.499978 -56.959419 85.245750
v 2.499978 -72.495583 72.495537
v 2.499978 -85.245789 56.959385
v 2.499978 -85.245773 -56.959396
v 2.499978 -72.495560 -72.495560
v 2.499978 -56.959415 -85.245758
v 34.379143 -38.490139 -92.283058
v 34.379150 -92.283073 -38.490135
v 34.379150 -92.283089 38.490097
v 34.379143 -38.490139 92.283073
v 34.379143 38.490147 92.283043
v 34.379143 92.283073 38.490063
v 34.379143 92.282997 -38.490223
v 34.379143 38.489979 -92.283119
v 18.870813 56.959267 -85.245811
v 36.879139 56.959267 -85.245811
v 18.870813 72.495453 -72.495636
v 36.879139 72.495453 -72.495636
v 18.870813 85.245674 -56.959499
v 36.879139 85.245674 -56.959499
v 18.870813 85.245773 56.959332
v 36.879139 85.245773 56.959332
v 18.870813 72.495583 72.495514
v 36.879139 72.495583 72.495514
v 18.870813 56.959419 85.245728
v 36.879139 56.959419 85.245728
v 18.870813 -56.959419 85.245750
v 36.879139 -56.959415 85.245758
v 18.870813 -72.495575 72.495544
v 36.879139 -72.495575 72.495544
v 18.870821 -85.245781 56.959377
v 36.879147 -85.245781 56.959389
v 18.870821 -85.245773 -56.959396
v 36.879147 -85.245773 -56.959396
v 18.870813 -72.495560 -72.495560
v 36.879139 -72.495560 -72.495560
v 18.870813 -56.959415 -85.245758
v 36.879139 -56.959404 -85.245758
v -0.000028 -0.000012 -97.510056
v -0.000022 19.023102 -95.636436
v -3.000028 -0.000013 -97.510056
v -3.000022 19.023102 -95.636436
v -0.000022 37.315334 -90.087593
v -3.000022 37.315334 -90.087593
v -0.000022 54.173557 -81.076714
v -3.000022 54.173557 -81.076714
v -0.000022 68.949913 -68.950096
v -3.000022 68.949913 -68.950096
v -0.000034 81.076561 -54.173779
v -3.000034 81.076561 -54.173779
v -0.000034 90.087471 -37.315578
v -3.000034 90.087471 -37.315578
v -0.000034 95.636375 -19.023365
v -3.000034 95.636375 -19.023365
v -0.000034 97.510025 -0.000089
v -3.000034 97.510025 -0.000089
v -0.000034 95.636406 19.023191
v -3.000034 95.636406 19.023191
v -0.000034 90.087547 37.315414
v -3.000034 90.087547 37.315414
v -0.000034 81.076653 54.173630
v -3.000034 81.076653 54.173630
v -0.000022 68.950035 68.949982
v -3.000022 68.950035 68.949982
v -0.000022 54.173706 81.076622
v -3.000022 54.173706 81.076622
v -0.000022 37.315495 90.087524
v -3.000022 37.315495 90.087524
v -0.000022 19.023281 95.636406
v -3.000022 19.023279 95.636406
v -0.000022 0.000000 97.510056
v -3.000022 -0.000000 97.510056
v -0.000022 -19.023275 95.636421
v -3.000022 -19.023275 95.636421
v -0.000022 -37.315495 90.087547
v -3.000022 -37.315495 90.087547
v -0.000022 -54.173706 81.076645
v -3.000022 -54.173706 81.076645
v -0.000022 -68.950043 68.950005
v -3.000022 -68.950043 68.950005
v -0.000022 -81.076683 54.173672
v -3.000022 -81.076683 54.173672
v -0.000022 -90.087570 37.315456
v -3.000022 -90.087570 37.315456
v -0.000022 -95.636444 19.023245
v -3.000022 -95.636444 19.023245
v -0.000022 -97.510078 -0.000012
v -3.000022 -97.510078 -0.000012
v -0.000022 -95.636444 -19.023275
v -3.000022 -95.636444 -19.023275
v -0.000022 -90.087555 -37.315487
v -3.000022 -90.087555 -37.315487
v -0.000022 -81.076668 -54.173683
v -3.000022 -81.076668 -54.173683
v -0.000022 -68.950027 -68.950020
v -3.000022 -68.950027 -68.950020
v -0.000022 -54.173702 -81.076653
v -3.000022 -54.173702 -81.076653
v -0.000022 -37.315498 -90.087540
v -3.000022 -37.315498 -90.087540
v -0.000022 -19.023287 -95.636421
v -3.000022 -19.023287 -95.636421
v 57.750977 -0.000012 -97.316116
v 57.750980 18.985268 -95.446243
v 55.750977 19.023092 -95.636391
v 55.750977 -0.000013 -97.509995
v 57.750980 37.241123 -89.908424
v 55.750977 37.315315 -90.087547
v 57.750980 54.065819 -80.915466
v 55.750977 54.173531 -81.076668
v 57.750980 68.812782 -68.812965
v 55.750977 68.949875 -68.950066
v 57.750969 80.915314 -54.066040
v 55.750965 81.076523 -54.173748
v 57.750969 89.908310 -37.241364
v 55.750965 90.087425 -37.315559
v 57.750969 95.446175 -18.985529
v 55.750965 95.636330 -19.023354
v 57.750969 97.316093 -0.000089
v 55.750965 97.509972 -0.000089
v 57.750969 95.446213 18.985357
v 55.750965 95.636360 19.023182
v 57.750969 89.908379 37.241207
v 55.750965 90.087494 37.315399
v 57.750969 80.915405 54.065887
v 55.750965 81.076607 54.173599
v 57.750980 68.812904 68.812851
v 55.750977 68.949997 68.949944
v 57.750980 54.065968 80.915375
v 55.750977 54.173679 81.076584
v 57.750980 37.241280 89.908356
v 55.750977 37.315475 90.087471
v 57.750980 18.985447 95.446213
v 55.750977 19.023270 95.636360
v 57.750980 0.000000 97.316116
v 55.750977 -0.000000 97.509995
v 57.750980 -18.985441 95.446220
v 55.750977 -19.023266 95.636375
v 57.750980 -37.241283 89.908386
v 55.750977 -37.315475 90.087502
v 57.750980 -54.065968 80.915398
v 55.750977 -54.173679 81.076607
v 57.750980 -68.812912 68.812874
v 55.750977 -68.950012 68.949966
v 57.750980 -80.915436 54.065929
v 55.750977 -81.076637 54.173641
v 57.750980 -89.908401 37.241245
v 55.750977 -90.087524 37.315441
v 57.750980 -95.446243 18.985411
v 55.750977 -95.636398 19.023235
v 57.750980 -97.316139 -0.000012
v 55.750977 -97.510025 -0.000012
v 57.750980 -95.446243 -18.985441
v 55.750977 -95.636398 -19.023266
v 57.750980 -89.908394 -37.241276
v 55.750977 -90.087509 -37.315472
v 57.750980 -80.915421 -54.065941
v 55.750977 -81.076630 -54.173653
v 57.750980 -68.812897 -68.812889
v 55.750977 -68.949989 -68.949982
v 57.750980 -54.065960 -80.915405
v 55.750977 -54.173672 -81.076607
v 57.750980 -37.241287 -89.908371
v 55.750977 -37.315483 -90.087494
v 57.750980 -18.985453 -95.446220
v 55.750977 -19.023277 -95.636375
v 18.912376 -73.202278 -71.791283
v 2.458416 -73.202309 -71.791252
v 2.458416 -71.791260 -73.202301
v 18.912376 -71.791290 -73.202271
v 18.912376 -71.791306 73.202255
v 2.458416 -71.791283 73.202286
v 2.458416 -73.202324 71.791237
v 18.912376 -73.202286 71.791275
v 18.912376 73.202293 71.791245
v 2.458416 73.202309 71.791214
v 2.458416 71.791267 73.202255
v 18.912376 71.791306 73.202225
v 18.912376 71.791183 -73.202354
v 2.458416 71.791145 -73.202385
v 2.458416 73.202194 -71.791344
v 18.912376 73.202171 -71.791374
v 53.291534 -73.202309 -71.791252
v 36.837578 -73.202278 -71.791283
v 36.837578 -71.791290 -73.202271
v 53.291534 -71.791260 -73.202301
v 34.279144 -69.649673 -68.238609
v 21.470810 -69.649673 -68.238609
v 21.470810 -68.238617 -69.649666
v 34.279144 -68.238617 -69.649666
v 53.291534 -71.791275 73.202286
v 36.837578 -71.791306 73.202255
v 36.837578 -73.202286 71.791275
v 53.291534 -73.202316 71.791245
v 34.279144 -68.238625 69.649658
v 21.470810 -68.238625 69.649658
v 21.470810 -69.649681 68.238602
v 34.279144 -69.649681 68.238602
v 53.291534 73.202324 71.791214
v 36.837578 73.202293 71.791245
v 36.837578 71.791306 73.202225
v 53.291534 71.791283 73.202255
v 34.279144 69.649689 68.238571
v 21.470810 69.649689 68.238571
v 21.470810 68.238632 69.649628
v 34.279144 68.238632 69.649628
v 53.291534 71.791153 -73.202377
v 36.837578 71.791183 -73.202354
v 36.837578 73.202171 -71.791374
v 53.291534 73.202202 -71.791336
v 34.279144 68.238510 -69.649750
v 21.470810 68.238510 -69.649750
v 21.470810 69.649567 -68.238693
v 34.279144 69.649567 -68.238693
v 55.849968 -68.167732 -69.579094
v 55.849968 -69.579102 -68.167725
v 55.849968 -71.384560 -69.973297
v 55.849968 -69.973305 -71.384552
v 55.849968 -69.579109 68.167717
v 55.849968 -68.167747 69.579086
v 55.849968 -69.973312 71.384544
v 55.849968 -71.384575 69.973282
v 55.849968 68.167755 69.579056
v 55.849968 69.579124 68.167686
v 55.849968 71.384567 69.973251
v 55.849968 69.973312 71.384514
v 55.849968 69.578995 -68.167809
v 55.849968 68.167625 -69.579178
v 55.849968 69.973198 -71.384636
v 55.849968 71.384453 -69.973389
v -0.100021 68.167618 -69.579170
v -0.100021 69.578987 -68.167809
v -0.100021 71.384445 -69.973381
v -0.100021 69.973190 -71.384636
v -0.100021 69.579109 68.167686
v -0.100021 68.167740 69.579056
v -0.100021 69.973305 71.384514
v -0.100021 71.384567 69.973251
v -0.100021 -68.167755 69.579086
v -0.100021 -69.579124 68.167709
v -0.100021 -71.384583 69.973289
v -0.100021 -69.973320 71.384552
v -0.100021 -69.579109 -68.167725
v -0.100021 -68.167732 -69.579102
v -0.100021 -69.973312 -71.384552
v -0.100021 -71.384575 -69.973297
v 21.470810 71.384377 -69.973480
v 21.470810 69.973297 -71.384552
v 34.279144 71.384377 -69.973480
v 34.279144 69.973297 -71.384552
v 21.470810 69.973412 71.384438
v 21.470810 71.384483 69.973358
v 34.279144 69.973412 71.384438
v 34.279144 71.384483 69.973358
v 21.470810 -71.384491 69.973389
v 21.470810 -69.973412 71.384460
v 34.279144 -71.384491 69.973389
v 34.279144 -69.973412 71.384460
v 21.470810 -69.973404 -71.384468
v 21.470810 -71.384476 -69.973396
v 34.279144 -69.973404 -71.384468
v 34.279144 -71.384476 -69.973396
v 6.485398 -92.532722 43.347706
v 14.885397 -92.532722 43.347706
v 14.885397 -86.040115 55.494499
v 6.485398 -86.040123 55.494507
v 6.485392 86.040100 55.494453
v 14.885391 86.040100 55.494453
v 14.885391 92.532700 43.347664
v 6.485392 92.532692 43.347664
v 40.864555 86.040100 55.494453
v 49.264557 86.040100 55.494453
v 49.264557 92.532700 43.347664
v 40.864555 92.532700 43.347664
v 40.864563 -92.532722 43.347706
v 49.264561 -92.532722 43.347706
v 49.264561 -86.040115 55.494511
v 40.864563 -86.040115 55.494511
v 66.571465 -7.574623 85.264008
v 66.571465 -7.574623 86.996063
v 75.847237 -6.919918 86.130035
v 74.847237 -7.574619 86.996063
v 74.847237 -7.574619 85.264008
v 66.571465 -4.537308 92.256836
v 66.571465 -3.037308 93.122864
v 75.847237 -3.459958 92.122864
v 74.847237 -3.037309 93.122864
v 74.847237 -4.537309 92.256836
v 66.571457 3.037327 93.122864
v 66.571457 4.537326 92.256836
v 75.847237 3.459975 92.122864
v 74.847237 4.537325 92.256836
v 74.847237 3.037326 93.122864
v 66.571465 7.574639 86.996063
v 66.571465 7.574639 85.264008
v 75.847237 6.919938 86.130035
v 74.847237 7.574639 85.264008
v 74.847237 7.574639 86.996063
v 66.571465 4.537324 80.003227
v 66.571465 3.037324 79.137199
v 75.847237 3.459973 80.137199
v 74.847237 3.037323 79.137199
v 74.847237 4.537323 80.003227
v 66.571465 -3.037311 79.137199
v 66.571465 -4.537311 80.003227
v 75.847252 -3.459955 80.137199
v 74.847252 -4.537306 80.003227
v 74.847252 -3.037306 79.137199
v 75.357742 -0.000004 81.630005
v 75.357742 -3.181984 82.948021
v 75.357742 -4.500003 86.130005
v 75.357742 -3.181983 89.311989
v 75.357742 -0.000002 90.630005
v 75.357742 3.181978 89.311989
v 75.357742 4.499997 86.130005
v 75.357742 3.181977 82.948021
v 77.611107 -0.000012 82.171204
v 77.111107 -0.000010 81.630005
v 77.611107 -2.799308 83.330711
v 77.111107 -3.181990 82.948021
v 77.611107 -3.958815 86.130005
v 77.111107 -4.500009 86.130005
v 77.611107 -2.799308 88.929298
v 77.111107 -3.181989 89.311989
v 77.611107 -0.000010 90.088806
v 77.111107 -0.000008 90.630005
v 77.611107 2.799287 88.929298
v 77.111107 3.181972 89.311989
v 77.611107 3.958793 86.130005
v 77.111107 4.499990 86.130005
v 77.611107 2.799286 83.330711
v 77.111107 3.181971 82.948021
v 66.571472 -49.149624 69.982071
v 66.571472 -50.009132 71.485817
v 75.847244 -49.010971 71.058830
v 74.847244 -50.009125 71.485809
v 74.847244 -49.149620 69.982071
v 66.571480 -49.982777 77.560387
v 66.571480 -49.110256 79.056618
v 75.847244 -48.980949 77.978691
v 74.847252 -49.110252 79.056610
v 74.847244 -49.982777 77.560379
v 66.571465 -43.836334 82.071075
v 66.571465 -42.104301 82.063560
v 75.847244 -42.973156 81.412628
v 74.847244 -42.104301 82.063560
v 74.847252 -43.836334 82.071075
v 66.571472 -36.856747 79.003456
v 66.571472 -35.997238 77.499710
v 75.847244 -36.995392 77.926689
v 74.847244 -35.997234 77.499702
v 74.847244 -36.856743 79.003456
v 66.571465 -36.023590 71.425140
v 66.571465 -36.896114 69.928909
v 75.847244 -37.025414 71.006821
v 74.847237 -36.896114 69.928909
v 74.847244 -36.023590 71.425133
v 66.571465 -42.170033 66.914444
v 66.571465 -43.902065 66.921959
v 75.847260 -43.033207 67.572891
v 74.847260 -43.902061 66.921959
v 74.847252 -42.170029 66.914436
v 75.357750 -40.770107 70.585892
v 75.357750 -44.186710 70.151154
v 75.357750 -46.910019 72.259659
v 75.357750 -47.344753 75.676262
v 75.357750 -45.236252 78.399567
v 75.357750 -41.819649 78.834305
v 75.357750 -39.096340 76.725800
v 75.357750 -38.661606 73.309196
v 77.611115 -41.038673 71.055748
v 77.111115 -40.770111 70.585884
v 77.611115 -44.044380 70.673294
v 77.111115 -44.186718 70.151154
v 77.611115 -46.440166 72.528214
v 77.111115 -46.910023 72.259651
v 77.611115 -46.822613 75.533913
v 77.111115 -47.344757 75.676254
v 77.611115 -44.967693 77.929703
v 77.111115 -45.236252 78.399567
v 77.611115 -41.961990 78.312149
v 77.111115 -41.819649 78.834297
v 77.611115 -39.566204 76.457230
v 77.111115 -39.096344 76.725792
v 77.611115 -39.183754 73.451530
v 77.111115 -38.661610 73.309196
v 66.571487 -77.447479 36.088284
v 66.571487 -78.950104 36.949749
v 75.847260 -77.873161 37.086998
v 74.847260 -78.950104 36.949749
v 74.847260 -77.447479 36.088284
v 66.571487 -82.003380 42.201279
v 66.571487 -82.008644 43.933323
v 75.847260 -81.351318 43.069290
v 74.847260 -82.008644 43.933323
v 74.847260 -82.003380 42.201279
v 66.571472 -78.987320 49.203312
v 66.571472 -77.489952 50.073887
v 75.847260 -77.909561 49.072613
v 74.847260 -77.489952 50.073887
v 74.847260 -78.987320 49.203312
v 66.571487 -71.415359 50.092339
v 66.571487 -69.912735 49.230877
v 75.847260 -70.989670 49.093632
v 74.847260 -69.912735 49.230877
v 74.847260 -71.415359 50.092339
v 66.571487 -66.859451 43.979343
v 66.571487 -66.854187 42.247303
v 75.847260 -67.511520 43.111332
v 74.847260 -66.854187 42.247303
v 74.847260 -66.859451 43.979343
v 66.571487 -69.875511 36.977310
v 66.571487 -71.372879 36.106731
v 75.847267 -70.953262 37.108021
v 74.847267 -71.372871 36.106739
v 74.847267 -69.875511 36.977314
v 75.357758 -70.527473 40.852139
v 75.357758 -73.253510 38.747181
v 75.357758 -76.669548 39.186359
v 75.357758 -78.774506 41.912407
v 75.357758 -78.335327 45.328442
v 75.357758 -75.609276 47.433395
v 75.357758 -72.193245 46.994221
v 75.357758 -70.088287 44.268173
v 77.611122 -70.996979 41.121304
v 77.111122 -70.527473 40.852131
v 77.611122 -73.395180 39.269501
v 77.111122 -73.253517 38.747177
v 77.611122 -76.400383 39.655861
v 77.111122 -76.669556 39.186352
v 77.611122 -78.252182 42.054062
v 77.111122 -78.774513 41.912399
v 77.611122 -77.865822 45.059265
v 77.111122 -78.335335 45.328434
v 77.611122 -75.467628 46.911064
v 77.111122 -75.609283 47.433395
v 77.611122 -72.462425 46.524704
v 77.111122 -72.193245 46.994217
v 77.611122 -70.610619 44.126507
v 77.111122 -70.088287 44.268166
v 66.571487 -85.244659 -7.469508
v 66.571487 -86.976707 -7.467350
v 75.847260 -86.109871 -6.813726
v 74.847260 -86.976707 -7.467344
v 74.847260 -85.244659 -7.469502
v 66.571487 -92.233704 -4.423490
v 66.571487 -93.097862 -2.922412
v 75.847260 -92.098389 -3.346309
v 74.847260 -93.097862 -2.922412
v 74.847260 -92.233704 -4.423490
v 66.571472 -93.090302 3.152218
v 66.571472 -92.222412 4.651138
v 75.847260 -92.089775 3.573623
v 74.847260 -92.222412 4.651138
v 74.847260 -93.090302 3.152218
v 66.571487 -86.957855 7.681902
v 66.571487 -85.225800 7.679744
v 75.847260 -86.092644 7.026125
v 74.847260 -85.225800 7.679744
v 74.847260 -86.957855 7.681902
v 66.571487 -79.968803 4.635883
v 66.571487 -79.104645 3.134806
v 75.847260 -80.104118 3.558702
v 74.847260 -79.104645 3.134806
v 74.847260 -79.968803 4.635883
v 66.571487 -79.112206 -2.939825
v 66.571487 -79.980103 -4.438745
v 75.847267 -80.112732 -3.361224
v 74.847267 -79.980103 -4.438738
v 74.847267 -79.112206 -2.939819
v 75.357758 -81.601234 0.100584
v 75.357758 -82.923210 -3.079752
v 75.357758 -86.106834 -4.393807
v 75.357758 -89.287170 -3.071830
v 75.357758 -90.601227 0.111791
v 75.357758 -89.279243 3.292128
v 75.357758 -86.095627 4.606183
v 75.357758 -82.915291 3.284205
v 77.611122 -82.142426 0.101252
v 77.111122 -81.601234 0.100578
v 77.611122 -83.305420 -2.696602
v 77.111122 -82.923210 -3.079758
v 77.611122 -86.106155 -3.852621
v 77.111122 -86.106834 -4.393814
v 77.611122 -88.904007 -2.689633
v 77.111122 -89.287170 -3.071836
v 77.611122 -90.060028 0.111106
v 77.111122 -90.601227 0.111785
v 77.611122 -88.897034 2.908959
v 77.111122 -89.279243 3.292122
v 77.611122 -86.096298 4.064979
v 77.111122 -86.095627 4.606177
v 77.611122 -83.298454 2.901991
v 77.111122 -82.915291 3.284199
v 66.571487 -70.018677 -49.049206
v 66.571487 -71.523514 -49.906788
v 75.847260 -71.095261 -48.909172
v 74.847260 -71.523514 -49.906788
v 74.847260 -70.018677 -49.049206
v 66.571487 -77.598045 -49.872646
v 66.571487 -79.093155 -48.998211
v 75.847260 -78.015068 -48.870285
v 74.847260 -79.093155 -48.998211
v 74.847260 -77.598045 -49.872646
v 66.571472 -82.100861 -43.720432
v 66.571472 -82.091125 -41.988407
v 75.847260 -81.441299 -42.858097
v 74.847260 -82.091125 -41.988407
v 74.847260 -82.100861 -43.720432
v 66.571487 -79.024300 -36.744781
v 66.571487 -77.519455 -35.887203
v 75.847260 -77.947708 -36.884804
v 74.847260 -77.519455 -35.887203
v 74.847260 -79.024292 -36.744781
v 66.571487 -71.444916 -35.921333
v 66.571487 -69.949806 -36.795780
v 75.847260 -71.027893 -36.923691
v 74.847260 -69.949806 -36.795780
v 74.847260 -71.444916 -35.921333
v 66.571487 -66.942108 -42.073555
v 66.571487 -66.951843 -43.805584
v 75.847267 -67.601662 -42.935883
v 74.847267 -66.951843 -43.805573
v 74.847267 -66.942108 -42.073555
v 75.357758 -70.611755 -40.668926
v 75.357758 -70.181396 -44.086082
v 75.357758 -72.293388 -46.806690
v 75.357758 -75.710556 -47.237034
v 75.357758 -78.431152 -45.125053
v 75.357758 -78.861504 -41.707893
v 75.357758 -76.749512 -38.987289
v 75.357758 -73.332359 -38.556942
v 77.611122 -71.081955 -40.936897
v 77.111122 -70.611748 -40.668938
v 77.611122 -70.703354 -43.943081
v 77.111122 -70.181396 -44.086094
v 77.611122 -72.561348 -46.336494
v 77.111122 -72.293388 -46.806690
v 77.611122 -75.567535 -46.715088
v 77.111122 -75.710548 -47.237049
v 77.611122 -77.960945 -44.857094
v 77.111122 -78.431145 -45.125053
v 77.611122 -78.339539 -41.850910
v 77.111122 -78.861504 -41.707893
v 77.611122 -76.481552 -39.457497
v 77.111122 -76.749512 -38.987301
v 77.611122 -73.475357 -39.078899
v 77.111122 -73.332359 -38.556942
v 66.571472 -36.169895 -77.379105
v 66.571472 -37.033333 -78.880600
v 75.847244 -37.169170 -77.803482
v 74.847244 -37.033340 -78.880600
v 74.847244 -36.169903 -77.379105
v 66.571472 -42.288868 -81.926987
v 66.571472 -44.020916 -81.929970
v 75.847244 -43.156021 -81.273781
v 74.847244 -44.020916 -81.929970
v 74.847244 -42.288868 -81.926987
v 66.571465 -49.286934 -78.901733
v 66.571465 -50.155544 -77.403236
v 75.847244 -49.154819 -77.824165
v 74.847244 -50.155544 -77.403236
v 74.847244 -49.286938 -78.901733
v 66.571472 -50.166027 -71.328613
v 66.571472 -49.302593 -69.827126
v 75.847244 -49.166759 -70.904243
v 74.847244 -49.302593 -69.827126
v 74.847244 -50.166023 -71.328613
v 66.571472 -44.047058 -66.780731
v 66.571472 -42.315010 -66.777740
v 75.847244 -43.179901 -67.433945
v 74.847244 -42.315010 -66.777740
v 74.847244 -44.047058 -66.780731
v 66.571472 -37.048988 -69.805977
v 66.571472 -36.180378 -71.304489
v 75.847260 -37.181110 -70.883560
v 74.847260 -36.180382 -71.304489
v 74.847260 -37.048992 -69.805977
v 75.357750 -40.924664 -70.452858
v 75.357750 -38.823288 -73.181656
v 75.357750 -39.266949 -76.597122
v 75.357750 -41.995758 -78.698494
v 75.357750 -45.411213 -78.254829
v 75.357750 -47.512589 -75.526024
v 75.357750 -47.068932 -72.110573
v 75.357750 -44.340122 -70.009193
v 77.611115 -41.194447 -70.922005
v 77.111115 -40.924660 -70.452858
v 77.611115 -39.345795 -73.322632
v 77.111115 -38.823284 -73.181664
v 77.611115 -39.736099 -76.327324
v 77.111115 -39.266945 -76.597122
v 77.611115 -42.136726 -78.175987
v 77.111115 -41.995750 -78.698494
v 77.611115 -45.141418 -77.785683
v 77.111115 -45.411209 -78.254829
v 77.611115 -46.990070 -75.385056
v 77.111115 -47.512581 -75.526024
v 77.611115 -46.599766 -72.380363
v 77.111115 -47.068924 -72.110573
v 77.611115 -44.199142 -70.531700
v 77.111115 -44.340118 -70.009193
v 66.571465 7.364443 -85.225945
v 66.571465 7.360000 -86.957985
v 75.847237 6.707518 -86.090286
v 74.847237 7.359996 -86.957985
v 74.847237 7.364439 -85.225945
v 66.571465 4.309204 -92.210968
v 66.571465 2.806988 -93.073135
v 75.847237 3.232201 -92.074219
v 74.847237 2.806989 -93.073135
v 74.847237 4.309204 -92.210968
v 66.571457 -3.267627 -93.057556
v 66.571457 -4.765401 -92.187683
v 75.847237 -3.687710 -92.056480
v 74.847237 -4.765400 -92.187683
v 74.847237 -3.267627 -93.057556
v 66.571465 -7.789213 -86.919136
v 66.571465 -7.784770 -85.187096
v 75.847237 -7.132293 -86.054794
v 74.847237 -7.784770 -85.187096
v 74.847237 -7.789212 -86.919136
v 66.571465 -4.733975 -79.934113
v 66.571465 -3.231759 -79.071930
v 75.847237 -3.656971 -80.070847
v 74.847237 -3.231759 -79.071930
v 74.847237 -4.733974 -79.934113
v 66.571465 2.842856 -79.087517
v 66.571465 4.340629 -79.957382
v 75.847252 3.262934 -80.088600
v 74.847252 4.340624 -79.957382
v 74.847252 2.842851 -79.087517
v 75.357742 -0.200834 -81.572525
v 75.357742 2.977756 -82.898705
v 75.357742 4.287611 -86.084053
v 75.357742 2.961435 -89.262650
v 75.357742 -0.223916 -90.572495
v 75.357742 -3.402506 -89.246315
v 75.357742 -4.712359 -86.060974
v 75.357742 -3.386185 -82.882385
v 77.611107 -0.202214 -82.113724
v 77.111107 -0.200828 -81.572525
v 77.611107 2.594100 -83.280403
v 77.111107 2.977762 -82.898705
v 77.611107 3.746424 -86.082664
v 77.111107 4.287617 -86.084053
v 77.611107 2.579742 -88.878975
v 77.111107 2.961441 -89.262650
v 77.611107 -0.222520 -90.031296
v 77.111107 -0.223910 -90.572495
v 77.611107 -3.018834 -88.864616
v 77.111107 -3.402499 -89.246315
v 77.611107 -4.171158 -86.062355
v 77.111107 -4.712353 -86.060974
v 77.611107 -3.004476 -83.266052
v 77.111107 -3.386178 -82.882385
v 66.571472 48.948799 -70.055321
v 66.571472 49.804451 -71.561264
v 75.847244 48.807388 -71.131729
v 74.847244 49.804451 -71.561264
v 74.847244 48.948799 -70.055328
v 66.571472 49.762516 -77.635750
v 66.571472 48.886158 -79.129730
v 75.847244 48.759624 -78.051483
v 74.847244 48.886154 -79.129730
v 74.847244 49.762516 -77.635750
v 66.571465 43.604530 -82.130661
v 66.571465 41.872520 -82.118713
v 75.847244 42.743042 -81.470001
v 74.847244 41.872517 -82.118713
v 74.847244 43.604527 -82.130661
v 66.571472 36.632832 -79.045151
v 66.571472 35.777180 -77.539207
v 75.847244 36.774239 -77.968750
v 74.847244 35.777180 -77.539207
v 74.847244 36.632828 -79.045151
v 66.571472 35.819111 -71.464729
v 66.571472 36.695469 -69.970741
v 75.847244 36.822006 -71.048988
v 74.847244 36.695473 -69.970741
v 74.847244 35.819111 -71.464729
v 66.571472 41.977100 -66.969810
v 66.571472 43.709106 -66.981766
v 75.847260 42.838581 -67.630470
v 74.847260 43.709106 -66.981766
v 74.847260 41.977097 -66.969810
v 75.357750 40.567764 -70.637657
v 75.357750 43.985474 -70.211685
v 75.357750 46.703362 -72.327164
v 75.357750 47.129333 -75.744865
v 75.357750 45.013855 -78.462753
v 75.357750 41.596146 -78.888725
v 75.357750 38.878258 -76.773247
v 75.357750 38.452290 -73.355545
v 77.611115 40.835129 -71.108200
v 77.111115 40.567772 -70.637657
v 77.611115 43.841805 -70.733452
v 77.111115 43.985477 -70.211685
v 77.611115 46.232826 -72.594513
v 77.111115 46.703369 -72.327164
v 77.611115 46.607563 -75.601181
v 77.111115 47.129337 -75.744865
v 77.611115 44.746502 -77.992210
v 77.111115 45.013855 -78.462753
v 77.611115 41.739826 -78.366943
v 77.111115 41.596149 -78.888725
v 77.611115 39.348812 -76.505890
v 77.111115 38.878262 -76.773247
v 77.611115 38.974072 -73.499214
v 77.111115 38.452293 -73.355545
v 66.571472 77.310722 -36.251446
v 66.571465 78.811089 -37.116859
v 75.847244 77.733788 -37.251278
v 74.847244 78.811089 -37.116859
v 74.847244 77.310722 -36.251457
v 66.571465 81.850571 -42.376385
v 66.571472 81.851288 -44.108437
v 75.847244 81.196236 -43.242680
v 74.847244 81.851288 -44.108425
v 74.847244 81.850578 -42.376373
v 66.571465 78.816154 -49.370476
v 66.571465 77.316513 -50.237114
v 75.847244 77.738747 -49.236938
v 74.847244 77.316513 -50.237114
v 74.847244 78.816154 -49.370476
v 66.571472 71.241882 -50.239628
v 66.571480 69.741524 -49.374233
v 75.847244 70.818825 -49.239811
v 74.847244 69.741531 -49.374233
v 74.847244 71.241882 -50.239628
v 66.571480 66.702034 -44.114704
v 66.571472 66.701317 -42.382656
v 75.847244 67.356377 -43.248413
v 74.847244 66.701317 -42.382656
v 74.847244 66.702034 -44.114704
v 66.571472 69.736450 -37.120613
v 66.571472 71.236092 -36.253963
v 75.847260 70.813858 -37.254139
v 74.847260 71.236099 -36.253975
v 74.847260 69.736458 -37.120613
v 75.357750 70.378242 -40.997131
v 75.357750 73.109802 -38.899334
v 75.357750 76.524673 -39.347477
v 75.357750 78.622475 -42.079029
v 75.357750 78.174332 -45.493908
v 75.357750 75.442772 -47.591705
v 75.357750 72.027901 -47.143562
v 75.357750 69.930107 -44.412003
v 77.611115 70.847046 -41.267536
v 77.111115 70.378242 -40.997131
v 77.611115 73.250099 -39.422020
v 77.111115 73.109802 -38.899334
v 77.611115 76.254272 -39.816269
v 77.111115 76.524673 -39.347466
v 77.611115 78.099777 -42.219315
v 77.111115 78.622475 -42.079029
v 77.611115 77.705536 -45.223495
v 77.111115 78.174332 -45.493896
v 77.611115 75.302490 -47.068996
v 77.111115 75.442772 -47.591694
v 77.611115 72.298309 -46.674747
v 77.111115 72.027901 -47.143562
v 77.611115 70.452812 -44.271706
v 77.111115 69.930107 -44.412003
v 66.571472 85.207054 7.259330
v 66.571472 86.939087 7.252643
v 75.847244 86.070541 6.601283
v 74.847244 86.939087 7.252643
v 74.847244 85.207054 7.259324
v 66.571472 92.188110 4.195049
v 66.571472 93.048332 2.691713
v 75.847244 92.049973 3.118220
v 74.847244 93.048340 2.691719
v 74.847244 92.188110 4.195049
v 66.571465 93.024887 -3.382876
v 66.571465 92.153076 -4.879519
v 75.847244 92.023262 -3.801658
v 74.847244 92.153076 -4.879519
v 74.847244 93.024895 -3.382871
v 66.571472 86.880615 -7.896502
v 66.571472 85.148582 -7.889815
v 75.847244 86.017128 -7.238461
v 74.847244 85.148582 -7.889815
v 74.847244 86.880615 -7.896502
v 66.571472 79.899559 -4.832221
v 66.571472 79.039330 -3.328884
v 75.847244 80.037689 -3.755391
v 74.847244 79.039330 -3.328884
v 74.847244 79.899559 -4.832221
v 66.571472 79.062775 2.745699
v 66.571472 79.934586 4.242347
v 75.847260 80.064400 3.164481
v 74.847260 79.934586 4.242341
v 74.847260 79.062775 2.745699
v 75.357750 81.543839 -0.301201
v 75.357750 82.874130 2.875666
v 75.357750 86.061172 4.181388
v 75.357750 89.238045 2.851096
v 75.357750 90.543770 -0.335947
v 75.357750 89.213478 -3.512814
v 75.357750 86.026436 -4.818542
v 75.357750 82.849571 -3.488250
v 77.611115 82.085030 -0.303288
v 77.111115 81.543839 -0.301201
v 77.611115 83.255333 2.491514
v 77.111115 82.874130 2.875672
v 77.611115 86.059090 3.640208
v 77.111115 86.061172 4.181395
v 77.611115 88.853889 2.469900
v 77.111115 89.238045 2.851102
v 77.611115 90.002579 -0.333848
v 77.111115 90.543770 -0.335941
v 77.611115 88.832275 -3.128650
v 77.111115 89.213478 -3.512808
v 77.611115 86.028519 -4.277339
v 77.111115 86.026436 -4.818537
v 77.611115 83.233727 -3.107037
v 77.111115 82.849571 -3.488244
v 66.571472 70.091995 48.848358
v 66.571472 71.599037 49.702076
v 75.847244 71.168221 48.705566
v 74.847244 71.599045 49.702076
v 74.847244 70.092003 48.848354
v 66.571472 77.673462 49.652351
v 66.571472 79.166321 48.774082
v 75.847244 78.087914 48.648930
v 74.847244 79.166321 48.774082
v 74.847244 77.673462 49.652351
v 66.571465 82.160477 43.488605
v 66.571465 82.146301 41.756615
v 75.847244 81.498711 42.627968
v 74.847244 82.146301 41.756615
v 74.847244 82.160477 43.488605
v 66.571472 79.066032 36.520870
v 66.571472 77.558990 35.667152
v 75.847244 77.989807 36.663662
v 74.847244 77.558990 35.667152
v 74.847244 79.066032 36.520870
v 66.571472 71.484566 35.716869
v 66.571472 69.991699 36.595146
v 75.847244 71.070114 36.720295
v 74.847244 69.991707 36.595146
v 74.847244 71.484566 35.716869
v 66.571472 66.997543 41.880619
v 66.571472 67.011726 43.612610
v 75.847260 67.659317 42.741249
v 74.847260 67.011726 43.612606
v 74.847260 66.997551 41.880615
v 75.357750 70.663582 40.466583
v 75.357750 70.241997 43.884834
v 75.357750 72.360954 46.600006
v 75.357750 75.779213 47.021599
v 75.357750 78.494385 44.902634
v 75.357750 78.915970 41.484383
v 75.357750 76.797012 38.769211
v 75.357750 73.378761 38.347622
v 77.611115 71.134476 40.733341
v 77.111115 70.663582 40.466587
v 77.611115 70.763588 43.740494
v 77.111115 70.241997 43.884838
v 77.611115 72.627708 46.129128
v 77.111115 72.360954 46.600014
v 77.611115 75.634857 46.500011
v 77.111115 75.779205 47.021599
v 77.611115 78.023491 44.635887
v 77.111115 78.494385 44.902641
v 77.611115 78.394379 41.628735
v 77.111115 78.915970 41.484390
v 77.611115 76.530251 39.240105
v 77.111115 76.797012 38.769215
v 77.611115 73.523102 38.869221
v 77.111115 73.378761 38.347626
v 66.571472 36.333065 77.242264
v 66.571472 37.200436 78.741486
v 75.847244 37.333450 77.664017
v 74.847244 37.200443 78.741486
v 74.847244 36.333069 77.242264
v 66.571472 42.463947 81.774078
v 66.571472 44.195999 81.772522
v 75.847244 43.329384 81.118599
v 74.847244 44.195995 81.772522
v 74.847244 42.463943 81.774071
v 66.571465 49.454056 78.730484
v 66.571465 50.318729 77.229706
v 75.847244 49.319111 77.653252
v 74.847244 50.318729 77.229706
v 74.847244 49.454056 78.730484
v 66.571472 50.313274 71.155083
v 66.571472 49.445908 69.655861
v 75.847244 49.312901 70.733330
v 74.847244 49.445908 69.655861
v 74.847244 50.313274 71.155083
v 66.571472 44.182404 66.623268
v 66.571472 42.450352 66.624817
v 75.847244 43.316959 67.278740
v 74.847244 42.450348 66.624817
v 74.847244 44.182400 66.623268
v 66.571472 37.192291 69.666862
v 66.571472 36.327614 71.167633
v 75.847260 37.327240 70.744087
v 74.847260 36.327618 71.167633
v 74.847260 37.192299 69.666855
v 75.357750 41.069653 70.303558
v 75.357750 38.975441 73.037872
v 75.357750 39.428059 76.452148
v 75.357750 42.162369 78.546364
v 75.357750 45.576649 78.093750
v 75.357750 47.670860 75.359436
v 75.357750 47.218243 71.945152
v 75.357750 44.483936 69.850945
v 77.611115 41.340668 70.772011
v 77.111115 41.069649 70.303558
v 77.611115 39.498314 73.177475
v 77.111115 38.975437 73.037872
v 77.611115 39.896496 76.181137
v 77.111115 39.428051 76.452156
v 77.611115 42.301960 78.023491
v 77.111115 42.162361 78.546371
v 77.611115 45.305626 77.625305
v 77.111115 45.576645 78.093750
v 77.611115 47.147976 75.219841
v 77.111115 47.670856 75.359436
v 77.611115 46.749790 72.216179
v 77.111115 47.218239 71.945160
v 77.611115 44.344326 70.373825
v 77.111115 44.483929 69.850945
v 22.355045 97.084656 10.447793
v 22.355045 -97.868614 10.447811
v 30.603106 97.576431 -5.223909
v 31.003105 97.651649 -4.531089
v 30.603106 -97.619202 -5.223897
v 31.003105 -97.694801 -4.531076
v 13.706984 97.651649 -4.531089
v 14.106984 97.576431 -5.223909
v 13.706984 -97.694801 -4.531076
v 14.106984 -97.619202 -5.223897
v 16.295834 98.000374 -0.047064
v 28.414255 98.000374 -0.047064
v 28.414261 -98.041656 -0.047064
v 16.295828 -98.041656 -0.047063
v 54.286568 98.152229 -24.458685
v 49.129986 98.152229 -24.458685
v 54.286568 24.575659 -97.684898
v 49.129986 24.575659 -97.684898
v 54.286568 -24.575737 -97.684883
v 49.129986 -24.575737 -97.684883
v 54.286568 -98.152199 -24.458815
v 49.129986 -98.152199 -24.458815
v 54.286568 -98.152283 24.458433
v 49.129986 -98.152283 24.458433
v 54.286568 -24.575897 97.684822
v 49.129982 -24.575897 97.684822
v 54.286568 24.575617 97.684898
v 49.129982 24.575617 97.684898
v 54.286568 98.152283 24.458433
v 49.129986 98.152283 24.458433
v 49.129986 100.087502 14.775612
v 49.129986 101.060745 4.940854
v 49.129982 4.964666 100.579536
v 49.129982 14.846471 99.610916
v 49.129982 -4.964953 100.579521
v 49.129982 -14.846759 99.610863
v 49.129986 -100.087502 14.775661
v 49.129986 -101.060745 4.940952
v 49.129986 -101.060722 -4.941342
v 49.129986 -100.087440 -14.776047
v 49.129986 -14.846620 -99.610916
v 49.129986 -4.964838 -100.579559
v 49.129986 4.964756 -100.579559
v 49.129986 14.846539 -99.610931
v 49.129986 100.087463 -14.775894
v 49.129986 101.060738 -4.941168
v 54.286568 100.087502 14.775612
v 54.286568 101.060745 4.940854
v 54.286568 4.964666 100.579536
v 54.286568 14.846471 99.610916
v 54.286568 -4.964953 100.579521
v 54.286568 -14.846759 99.610863
v 54.286568 -100.087502 14.775661
v 54.286568 -101.060745 4.940952
v 54.286568 -101.060722 -4.941342
v 54.286568 -100.087440 -14.776047
v 54.286568 -14.846620 -99.610916
v 54.286568 -4.964838 -100.579559
v 54.286568 4.964756 -100.579559
v 54.286568 14.846539 -99.610931
v 54.286568 100.087463 -14.775894
v 54.286568 101.060738 -4.941168
v 38.025093 -24.455912 97.577980
v 38.025093 -28.858635 96.379265
v 43.225143 -28.858635 96.379265
v 43.225143 -24.455912 97.577980
v 38.025093 28.858641 96.379257
v 38.025093 24.455919 97.577972
v 43.225143 24.455919 97.577972
v 43.225143 28.858641 96.379257
v 38.025093 24.455935 -97.577995
v 38.025093 28.858658 -96.379280
v 43.225143 28.858658 -96.379280
v 43.225143 24.455935 -97.577995
v 38.025093 -28.858644 -96.379280
v 38.025093 -24.455921 -97.577995
v 43.225143 -24.455921 -97.577995
v 43.225143 -28.858644 -96.379280
v 38.025093 98.044815 24.339455
v 38.025093 96.840378 28.721214
v 43.225143 96.840378 28.721214
v 43.225143 98.044815 24.339455
v 38.025093 96.840363 -28.721252
v 38.025093 98.044815 -24.339489
v 43.225143 98.044815 -24.339489
v 43.225143 96.840363 -28.721252
v 38.025093 -98.044815 -24.339495
v 38.025093 -96.840363 -28.721254
v 43.225143 -96.840363 -28.721254
v 43.225143 -98.044815 -24.339495
v 38.025093 -96.840363 28.721231
v 38.025093 -98.044815 24.339468
v 43.225143 -98.044815 24.339468
v 43.225143 -96.840363 28.721231
vn 0.0007 0.0887 -0.9961
vn 0.0099 -0.1370 -0.9905
vn 0.0235 -0.1478 -0.9887
vn 0.0127 -0.1826 0.9831
vn 0.0058 -0.1462 0.9892
vn -0.0002 -0.1482 0.9890
vn 0.3407 0.3601 -0.8685
vn -0.0046 -0.1965 -0.9805
vn -0.3865 -0.8605 0.3318
vn -0.0284 -0.9747 -0.2219
vn 0.0104 -0.9571 -0.2896
vn 0.3858 0.6993 -0.6018
vn 0.0271 0.2636 -0.9643
vn -0.0046 0.1965 -0.9805
vn 0.0077 -0.9904 -0.1382
vn -0.0029 -0.9890 -0.1482
vn 0.0125 -0.9830 -0.1834
vn 0.0154 -0.9987 0.0487
vn 0.0147 -0.9987 0.0491
vn 0.3386 0.7667 0.5455
vn 0.0025 0.9988 -0.0489
vn -0.0124 0.9987 0.0487
vn 0.0008 1.0000 -0.0058
vn 0.4575 0.7036 -0.5438
vn 0.0058 0.9892 0.1461
vn -0.0002 0.9890 0.1482
vn -0.4872 0.8446 -0.2219
vn -0.0145 0.9747 -0.2230
vn 0.0022 0.9808 -0.1949
vn 0.3965 0.3540 -0.8470
vn 0.0272 -0.2636 -0.9642
vn 0.0024 -0.1945 -0.9809
vn -0.0537 0.9941 -0.0947
vn 0.0272 0.2636 -0.9643
vn 0.0060 0.3324 -0.9431
vn -0.0004 -0.3387 -0.9409
vn 0.0048 -0.3312 -0.9435
vn -0.0230 0.9905 -0.1355
vn 0.0272 0.9646 -0.2624
vn 0.0101 0.9573 -0.2890
vn 0.3618 0.6812 -0.6365
vn 0.0057 0.1463 -0.9892
vn 0.0025 0.1944 -0.9809
vn 0.0127 0.0853 -0.9963
vn 0.0013 0.0487 -0.9988
vn 0.0062 0.0491 -0.9988
vn 0.0008 -0.0058 -1.0000
vn -0.4564 -0.5470 -0.7018
vn -0.3242 0.4759 0.8176
vn -0.0022 0.0491 0.9988
vn -0.0022 -0.0491 0.9988
vn -0.4872 -0.2219 -0.8446
vn 0.3965 -0.3540 0.8470
vn 0.0272 0.2636 0.9642
vn 0.0024 0.1945 0.9809
vn -0.0535 -0.0813 -0.9953
vn 0.0272 -0.9643 -0.2636
vn 0.0071 -0.9445 -0.3285
vn 0.0241 -0.9447 0.3270
vn 0.0021 -0.9392 0.3434
vn 0.0070 -0.9445 0.3284
vn 0.3858 0.6018 0.6993
vn 0.0271 0.9643 0.2636
vn -0.0046 0.9805 0.1965
vn 0.3618 -0.6365 -0.6812
vn 0.0057 -0.9892 -0.1463
vn 0.0025 -0.9809 -0.1944
vn 0.0127 -0.9963 -0.0853
vn 0.0013 -0.9988 -0.0487
vn -0.0023 -0.9988 -0.0491
vn 0.0008 -1.0000 0.0058
vn -0.4564 -0.7018 0.5470
vn -0.8572 -0.0938 0.5063
vn -1.0000 -0.0003 -0.0000
vn -0.4872 -0.8446 0.2219
vn -0.0145 -0.9747 0.2230
vn 0.0022 -0.9808 0.1949
vn 0.0271 -0.2624 -0.9646
vn 0.0101 -0.2890 -0.9573
vn -0.0521 -0.9939 0.0974
vn 0.0272 -0.2636 0.9643
vn 0.0071 -0.3286 0.9445
vn 0.0025 0.3466 0.9380
vn 0.0092 0.3258 0.9454
vn 0.3618 -0.6812 0.6365
vn 0.0025 -0.1944 0.9809
vn 0.0210 -0.0835 0.9963
vn -0.4563 0.4760 0.7518
vn 0.0008 0.0058 1.0000
vn -0.4543 0.5541 0.6976
vn -0.8572 0.5063 0.0938
vn -1.0000 -0.0000 0.0002
vn -0.4872 0.2219 0.8446
vn -0.0230 -0.9905 0.1356
vn 0.0272 -0.9646 0.2624
vn 0.0118 -0.9574 0.2884
vn -0.0518 0.0841 0.9951
vn 0.0273 0.9643 0.2636
vn 0.0082 0.9458 0.3247
vn 0.7075 -0.1520 -0.6902
vn 0.3618 0.6365 0.6812
vn 0.0025 0.9809 0.1944
vn 0.0079 -0.9890 0.1480
vn 0.0241 0.9447 -0.3270
vn -0.0004 0.9409 -0.3387
vn 0.0048 0.9435 -0.3312
vn -0.3242 -0.4759 -0.8176
vn -0.0022 0.0491 -0.9988
vn 0.0099 0.1370 -0.9905
vn 0.0136 0.1480 -0.9889
vn 0.7088 -0.6894 0.1495
vn 0.0078 0.9903 -0.1384
vn -0.1407 0.4101 -0.9011
vn 0.4569 -0.7945 0.4000
vn -0.3245 0.7672 -0.5533
vn 0.4423 0.6441 -0.6241
vn -0.0022 0.9988 -0.0491
vn -0.3294 0.8207 -0.4669
vn -0.0022 0.9988 0.0491
vn 0.0099 0.9905 0.1370
vn 0.0136 0.9889 0.1480
vn 0.7075 0.1520 0.6902
vn 0.3407 -0.3601 0.8685
vn 0.0078 0.1384 0.9903
vn -0.0046 0.1965 0.9805
vn 0.4540 -0.4106 -0.7908
vn -0.3759 0.0482 0.9254
vn 0.0136 -0.1426 0.9897
vn -0.8572 -0.5064 -0.0939
vn -1.0000 -0.0000 -0.0004
vn -0.0234 -0.2975 0.9544
vn 0.0271 0.2624 0.9646
vn 0.0118 0.2884 0.9574
vn 0.7088 0.6894 -0.1495
vn -0.6242 -0.7260 0.2887
vn -0.1407 -0.4101 0.9011
vn -0.9998 0.0123 0.0139
vn -1.0000 0.0002 -0.0000
vn -0.0897 -0.7456 0.6603
vn 0.0088 0.3407 0.9401
vn 0.0747 0.9276 0.3661
vn -0.0332 0.9855 -0.1663
vn -0.0904 0.6506 0.7540
vn 0.0097 0.9387 -0.3445
vn 0.0730 0.3679 -0.9270
vn -0.0307 -0.1663 -0.9856
vn -0.0888 0.7524 -0.6527
vn 0.0108 -0.3481 -0.9374
vn 0.0746 -0.9288 -0.3630
vn 0.0731 -0.3709 0.9258
vn 0.0271 -0.2624 0.9646
vn 0.0115 -0.2879 0.9576
vn -0.0897 -0.6603 -0.7456
vn 0.0088 -0.9401 0.3407
vn 0.9998 0.0126 -0.0141
vn 1.0000 0.0003 -0.0000
vn -0.8572 0.0939 -0.5064
vn 0.9998 0.0103 -0.0140
vn 1.0000 0.0008 -0.0012
vn -0.8489 0.0950 0.5199
vn -0.8534 0.0948 0.5126
vn -1.0000 0.0002 0.0013
vn -0.4258 -0.3074 -0.8510
vn -1.0000 0.0012 0.0005
vn -0.8535 -0.5125 -0.0948
vn 0.9999 -0.0105 -0.0132
vn 1.0000 -0.0000 -0.0001
vn -1.0000 -0.0000 -0.0000
vn 0.9998 -0.0141 -0.0126
vn 0.9998 0.0144 -0.0139
vn -0.8490 0.5199 -0.0942
vn -0.8991 0.0211 0.4372
vn 0.9998 -0.0140 -0.0103
vn -0.8534 0.5125 -0.0948
vn -1.0000 0.0013 -0.0002
vn 0.9999 0.0071 -0.0102
vn 0.7074 0.1520 -0.6902
vn -0.4257 -0.8510 0.3075
vn -1.0000 0.0005 -0.0012
vn 0.9999 -0.0102 0.0071
vn 0.9213 0.1175 -0.3707
vn -0.8535 -0.0948 0.5125
vn 0.9999 -0.0132 0.0106
vn -0.8528 -0.0872 -0.5149
vn -0.9998 -0.0136 0.0140
vn 0.9998 -0.0126 0.0141
vn 1.0000 -0.0005 -0.0000
vn 0.9998 -0.0103 0.0140
vn -0.8534 -0.0948 -0.5126
vn -1.0000 -0.0002 -0.0013
vn 0.9999 -0.0102 -0.0071
vn 0.9273 -0.3569 0.1125
vn -0.4270 0.3073 0.8504
vn -1.0000 -0.0012 -0.0005
vn 0.9999 0.0071 0.0102
vn 0.9221 -0.3686 -0.1175
vn -0.8535 0.5125 0.0948
vn 0.9999 0.0105 0.0132
vn -0.8528 -0.5149 0.0872
vn -0.9998 0.0139 0.0123
vn 1.0000 0.0013 0.0006
vn 0.9998 0.0140 0.0103
vn 0.9998 -0.0129 0.0153
vn -0.8534 -0.5125 0.0948
vn -1.0000 -0.0013 0.0002
vn 0.9999 -0.0071 0.0102
vn 0.7088 -0.1495 0.6894
vn -0.0516 0.9405 -0.3359
vn -1.0000 -0.0005 0.0012
vn -0.8535 0.0948 -0.5125
vn 1.0000 0.0001 -0.0000
vn -0.4653 -0.6847 -0.5609
vn 0.9999 0.0086 -0.0112
vn -0.8936 0.1021 0.4372
vn -0.6720 0.7330 -0.1052
vn -0.9139 -0.0822 0.3975
vn 0.8981 0.0605 0.4355
vn -0.8951 0.4339 -0.1025
vn -0.6726 -0.1037 -0.7327
vn -0.8925 -0.0996 -0.4399
vn -0.5378 -0.7050 0.4624
vn -0.4688 0.4778 -0.7430
vn -0.8940 -0.4368 0.1001
vn -0.6682 0.0943 0.7380
vn -0.7896 -0.6063 0.0949
vn 0.3764 -0.3098 -0.8731
vn 0.9181 -0.1088 -0.3810
vn 0.3773 0.3044 -0.8746
vn 0.3782 0.8735 0.3065
vn 0.9221 0.3687 0.1175
vn 0.3764 -0.8731 0.3099
vn 0.3765 0.3093 0.8733
vn 0.3782 -0.8735 -0.3065
vn 0.3765 0.8733 -0.3093
vn 0.3801 -0.3081 0.8721
vn 0.9213 -0.1175 0.3707
vn 0.3769 0.3095 -0.8730
vn 0.9181 -0.3808 0.1098
vn 0.9174 0.1096 0.3827
vn 0.9174 0.3827 -0.1096
vn -0.0000 0.9881 -0.1538
vn -0.0000 1.0000 -0.0000
vn -0.0000 -0.0000 -1.0000
vn -0.0000 -0.0000 1.0000
vn -0.0000 -1.0000 -0.0000
vn -0.0000 -0.1538 -0.9881
vn -0.0000 0.1538 0.9881
vn -0.0000 -0.9881 0.1538
vn -0.0000 -0.9881 0.1539
vn -0.0000 0.9881 -0.1539
vn -0.0000 0.9881 0.1538
vn -0.0000 0.9881 0.1539
vn -0.0000 0.1538 -0.9881
vn -0.0000 -0.1538 0.9881
vn -0.0000 -0.9881 -0.1538
vn 0.0165 0.0377 -0.9992
vn -0.0000 -0.1951 -0.9808
vn 0.0125 -0.2279 -0.9736
vn -0.0000 -0.3522 -0.9359
vn -0.0000 -0.5130 -0.8584
vn -0.0000 -0.5556 -0.8315
vn -0.0000 -0.4714 -0.8819
vn -0.0000 -0.5963 -0.8028
vn -0.0000 -0.7071 -0.7071
vn -0.0000 -0.7414 -0.6710
vn -0.0000 -0.8315 -0.5556
vn -0.0000 -0.8581 -0.5135
vn -0.0000 -0.8819 -0.4714
vn 0.0670 -0.9151 -0.3976
vn -0.0000 -0.9808 -0.1951
vn -0.0000 -0.9359 -0.3522
vn -0.0004 -1.0000 -0.0000
vn -0.0000 -0.9808 0.1951
vn 0.0126 -0.9736 0.2278
vn -0.0000 -0.9359 0.3522
vn -0.0000 -0.8584 0.5130
vn -0.0000 -0.8315 0.5556
vn -0.0000 -0.8819 0.4714
vn -0.0000 -0.6710 0.7415
vn -0.0000 -0.7071 0.7071
vn -0.0000 -0.5556 0.8315
vn -0.0000 -0.5135 0.8581
vn -0.0000 -0.4714 0.8819
vn 0.0670 -0.3976 0.9151
vn -0.0000 -0.1951 0.9808
vn -0.0000 -0.3522 0.9359
vn 0.0125 -0.1621 0.9867
vn 0.0125 0.0335 0.9994
vn -0.0000 0.1951 0.9808
vn 0.0126 0.2278 0.9736
vn -0.0000 0.3522 0.9359
vn -0.0000 0.5130 0.8584
vn -0.0000 0.5556 0.8315
vn -0.0000 0.4714 0.8819
vn -0.0000 0.5963 0.8028
vn -0.0000 0.7071 0.7071
vn -0.0000 0.7414 0.6710
vn -0.0000 0.8315 0.5556
vn -0.0000 0.8581 0.5135
vn -0.0000 0.8819 0.4714
vn -0.0000 0.9359 0.3522
vn -0.0004 0.9808 0.1951
vn -0.0000 0.9808 0.1951
vn 0.0126 0.9994 -0.0335
vn -0.0000 0.9808 -0.1951
vn 0.0125 0.9736 -0.2279
vn -0.0000 0.9359 -0.3522
vn -0.0000 0.8584 -0.5130
vn -0.0000 0.8315 -0.5556
vn -0.0000 0.8819 -0.4714
vn -0.0000 0.8028 -0.5963
vn -0.0000 0.7071 -0.7071
vn -0.0000 0.6710 -0.7414
vn -0.0000 0.5556 -0.8315
vn -0.0000 0.5135 -0.8581
vn -0.0000 0.4714 -0.8819
vn 0.3881 -0.1722 -0.9054
vn 0.0670 0.3976 -0.9151
vn -0.0000 0.1951 -0.9808
vn -0.0000 0.3522 -0.9359
vn 0.7526 -0.5112 -0.4150
vn 0.3097 0.1855 -0.9326
vn 0.9999 -0.0027 0.0135
vn 0.3072 -0.1895 -0.9326
vn 0.3019 -0.0002 -0.9534
vn 0.3073 -0.3678 -0.8777
vn 0.1005 -0.5106 -0.8539
vn 0.0167 -0.3519 -0.9359
vn 0.3072 -0.5255 -0.7934
vn 0.1005 -0.6674 -0.7379
vn 0.3072 -0.6702 -0.6756
vn 0.1005 -0.7984 -0.5936
vn 0.3072 -0.8807 -0.3606
vn 0.3057 -0.7894 -0.5324
vn 0.3072 -0.9341 -0.1819
vn 0.3072 -0.9516 0.0039
vn 0.1001 -0.9759 -0.1941
vn 0.3073 -0.9326 0.1895
vn 0.0164 -0.9359 0.3519
vn 0.3072 -0.7891 0.5319
vn 0.3057 -0.8812 0.3605
vn 0.3072 -0.6702 0.6756
vn 0.1005 -0.8539 0.5106
vn 0.3072 -0.5255 0.7934
vn 0.1005 -0.7379 0.6674
vn 0.3072 -0.3606 0.8807
vn 0.1005 -0.5935 0.7985
vn 0.3073 -0.1818 0.9341
vn 0.3073 0.0039 0.9516
vn 0.3072 0.1895 0.9326
vn 0.0167 0.3519 0.9359
vn 0.3073 0.3605 0.8807
vn 0.1005 0.5105 0.8540
vn 0.3072 0.6756 0.6702
vn 0.3057 0.5255 0.7940
vn 0.3072 0.7934 0.5255
vn 0.1005 0.6674 0.7379
vn 0.3072 0.8807 0.3606
vn 0.1005 0.7985 0.5935
vn 0.3072 0.9341 0.1818
vn 0.0670 0.9152 0.3975
vn 0.3073 0.9516 -0.0039
vn 0.3072 0.9341 -0.1819
vn 0.0167 0.9359 -0.3519
vn 0.3072 0.8807 -0.3606
vn 0.1005 0.8539 -0.5106
vn 0.3072 0.7934 -0.5255
vn 0.1005 0.7380 -0.6673
vn 0.3072 0.5255 -0.7934
vn 0.3057 0.6762 -0.6703
vn 0.3072 0.3606 -0.8807
vn 0.1005 0.5935 -0.7985
vn 0.0502 0.2440 -0.9685
vn 0.9622 0.2560 0.0934
vn 1.0000 -0.0001 -0.0006
vn 0.9532 -0.2435 0.1794
vn 1.0000 -0.0003 -0.0008
vn 0.9527 0.3000 -0.0494
vn 0.8603 -0.1856 0.4748
vn 0.9527 0.2846 -0.1069
vn 0.7487 -0.6614 -0.0443
vn 0.9519 0.2573 -0.1662
vn 0.7523 -0.6541 0.0783
vn 0.9524 0.2212 -0.2099
vn 0.7523 -0.6263 0.2044
vn 1.0000 0.0081 0.0016
vn 0.7581 -0.5741 0.3095
vn 0.9532 0.0726 0.2936
vn 1.0000 0.0054 -0.0000
vn 0.9527 0.0692 -0.2961
vn 0.8603 0.3676 0.3532
vn 0.9527 0.0101 -0.3039
vn 0.7523 -0.2984 0.5874
vn 0.9519 -0.0551 -0.3013
vn 0.7523 -0.1780 0.6343
vn 0.9524 -0.1093 -0.2847
vn 0.7523 -0.0509 0.6568
vn 1.0000 0.0030 -0.0045
vn 0.7581 0.0663 0.6488
vn 0.9529 -0.2062 -0.2226
vn 0.8603 0.4979 -0.1094
vn 0.9999 0.0027 -0.0135
vn 0.7557 0.3150 0.5742
vn 0.9524 -0.2786 -0.1240
vn 0.8603 0.4182 -0.2917
vn 1.0000 -0.0011 -0.0053
vn 0.7557 0.5108 0.4100
vn 0.9527 -0.3039 -0.0101
vn 0.8603 0.2747 -0.4295
vn 0.9527 -0.3000 0.0494
vn 0.7523 0.6343 0.1780
vn 0.9517 -0.2848 0.1146
vn 0.7523 0.6568 0.0509
vn 1.0000 -0.0045 -0.0030
vn 0.7581 0.6488 -0.0663
vn 0.9524 -0.2212 0.2099
vn 0.8619 -0.1119 -0.4946
vn 1.0000 0.0067 0.0013
vn 0.7521 0.5744 -0.3231
vn 0.9527 -0.0692 -0.2961
vn 1.0000 -0.0054 -0.0000
vn 0.9519 -0.0644 0.2995
vn 0.8603 -0.3676 -0.3532
vn 0.9527 -0.0101 0.3039
vn 0.7487 0.2940 -0.5941
vn 0.9527 0.0494 0.3000
vn 0.7523 0.1780 -0.6343
vn 0.9524 0.1093 0.2847
vn 0.7523 0.0509 -0.6568
vn 0.9999 -0.0076 0.0114
vn 0.7581 -0.0663 -0.6488
vn 0.9524 0.2099 0.2212
vn 0.8619 -0.4946 0.1119
vn 0.7581 -0.3095 -0.5741
vn 0.8603 -0.4182 0.2917
vn 0.3844 -0.0012 0.9232
vn 0.3918 0.3440 0.8533
vn 0.3929 0.1884 0.9001
vn 0.3918 0.5036 0.7700
vn 0.3918 0.6442 0.6569
vn 0.3918 0.7601 0.5184
vn 0.3918 0.8534 0.3438
vn 0.3918 0.9200 0.0089
vn 0.3929 0.9037 0.1704
vn 0.3918 0.9041 -0.1707
vn 0.3918 0.8534 -0.3438
vn 0.3918 0.7697 -0.5040
vn 0.3918 0.6442 -0.6569
vn 0.3918 0.5037 -0.7699
vn 0.3918 0.1882 -0.9006
vn 0.3929 0.3434 -0.8531
vn 0.3933 -0.0088 -0.9194
vn 0.3918 -0.3438 -0.8534
vn 0.3918 -0.5037 -0.7699
vn 0.3918 -0.6443 -0.6568
vn 0.3918 -0.8466 -0.3602
vn 0.3929 -0.7697 -0.5033
vn 0.3918 -0.9006 -0.1884
vn 0.3918 -0.9200 -0.0089
vn 0.3918 -0.9040 0.1709
vn 0.3918 -0.8466 0.3603
vn 0.3918 -0.7600 0.5186
vn 0.3918 -0.6444 0.6567
vn 0.3918 -0.3603 0.8466
vn 0.3929 -0.5032 0.7697
vn 0.3918 -0.1881 0.9006
vn -0.0000 -0.3827 -0.9239
vn -0.0000 0.9239 0.3827
vn -0.0000 -0.9239 -0.3827
vn -0.0000 0.9239 -0.3827
vn -0.0000 -0.9239 0.3827
vn -0.0000 0.3827 -0.9239
vn -0.0000 0.3827 0.9239
vn -0.0000 -0.3827 0.9239
vn 1.0000 -0.0000 -0.0000
vn 0.9989 0.0225 0.0421
vn 0.9989 -0.0369 0.0303
vn 0.9989 0.0421 -0.0225
vn 0.9989 0.0369 -0.0303
vn 0.9989 -0.0303 0.0369
vn 0.9989 0.0303 -0.0369
vn 0.9989 -0.0225 0.0421
vn 0.9989 0.0225 -0.0421
vn 0.9989 -0.0421 -0.0225
vn 0.9989 0.0303 0.0369
vn 0.9989 -0.0225 -0.0421
vn 0.9989 -0.0303 -0.0369
vn 0.9989 0.0369 0.0303
vn 0.9989 0.0421 0.0225
vn 0.9989 -0.0369 -0.0303
vn 0.9989 -0.0421 0.0225
vn -0.0477 0.8809 -0.4709
vn -0.0000 -0.4288 0.9034
vn -0.0000 -0.5129 -0.8584
vn -0.0477 -0.4709 -0.8809
vn -0.0000 0.9034 0.4288
vn -0.0477 -0.8809 0.4709
vn -0.0000 0.4288 -0.9034
vn -0.0477 0.4709 0.8809
vn -0.0000 -0.9034 -0.4288
vn 0.7339 -0.2957 -0.6116
vn 0.7104 -0.4310 -0.5565
vn 0.7104 -0.3492 -0.6111
vn 0.7104 -0.5312 -0.4617
vn 0.7104 -0.4617 -0.5312
vn 0.7104 -0.6112 -0.3491
vn 0.7104 -0.5566 -0.4308
vn 0.7063 -0.6004 -0.3750
vn 0.6787 -0.6342 -0.3702
vn 0.7339 -0.6116 0.2957
vn 0.7104 -0.5565 0.4310
vn 0.7104 -0.6111 0.3492
vn 0.7104 -0.4617 0.5312
vn 0.7104 -0.5312 0.4617
vn 0.7104 -0.3491 0.6112
vn 0.7104 -0.4308 0.5566
vn 0.7063 -0.3750 0.6004
vn 0.6787 -0.3702 0.6342
vn 0.7339 0.2957 0.6116
vn 0.7104 0.4310 0.5565
vn 0.7104 0.3492 0.6111
vn 0.7104 0.5312 0.4617
vn 0.7104 0.4617 0.5312
vn 0.7104 0.6112 0.3491
vn 0.7104 0.5566 0.4308
vn 0.7063 0.6004 0.3750
vn 0.6787 0.6342 0.3702
vn 0.7339 0.6116 -0.2957
vn 0.7104 0.5565 -0.4310
vn 0.7104 0.6111 -0.3492
vn 0.7104 0.4616 -0.5313
vn 0.7104 0.5311 -0.4618
vn 0.7104 0.4310 -0.5565
vn 0.7104 0.3492 -0.6111
vn 0.7063 0.3750 -0.6004
vn 0.6787 0.3702 -0.6342
vn -0.0000 0.2903 -0.9569
vn -0.0000 -0.9569 0.2903
vn -0.0000 -0.9569 -0.2903
vn -0.0000 0.2903 0.9569
vn -0.0000 -0.2903 0.9569
vn -0.0000 0.9569 -0.2903
vn -0.0000 0.9569 0.2903
vn -0.0000 -0.2903 -0.9569
vn -0.7071 0.3333 -0.6236
vn -0.7088 0.3919 -0.5865
vn -0.7088 0.4988 -0.4988
vn -0.7088 0.5865 -0.3919
vn -0.7071 0.6236 -0.3333
vn -0.7071 0.6236 0.3333
vn -0.7088 0.5865 0.3919
vn -0.7088 0.4988 0.4988
vn -0.7088 0.3919 0.5865
vn -0.7071 0.3333 0.6236
vn -0.7071 -0.3333 0.6236
vn -0.7088 -0.3919 0.5865
vn -0.7088 -0.4988 0.4988
vn -0.7088 -0.5865 0.3919
vn -0.7071 -0.6236 0.3333
vn -0.7071 -0.6236 -0.3333
vn -0.7088 -0.5865 -0.3919
vn -0.7088 -0.4988 -0.4988
vn -0.7088 -0.3919 -0.5865
vn -0.7071 -0.3333 -0.6236
vn -0.0477 0.2900 -0.9558
vn -0.0276 0.2527 -0.9672
vn -0.0477 -0.9558 0.2900
vn -0.0276 -0.9672 -0.2527
vn -0.0477 -0.9558 -0.2900
vn 0.0276 0.3272 0.9445
vn -0.0276 -0.2527 0.9672
vn -0.0477 -0.2900 0.9558
vn 0.0276 0.9445 -0.3272
vn -0.0276 0.9672 0.2527
vn -0.0477 0.9559 0.2899
vn 0.0276 -0.3272 -0.9445
vn 0.7071 0.3333 -0.6236
vn 0.7088 0.3919 -0.5865
vn 0.7088 0.4988 -0.4988
vn 0.7088 0.5865 -0.3919
vn 0.7071 0.6236 -0.3333
vn 0.7071 0.6236 0.3333
vn 0.7088 0.5865 0.3919
vn 0.7088 0.4988 0.4988
vn 0.7088 0.3919 0.5865
vn 0.7071 0.3333 0.6236
vn 0.7071 -0.3333 0.6236
vn 0.7088 -0.3919 0.5865
vn 0.7088 -0.4988 0.4988
vn 0.7088 -0.5865 0.3919
vn 0.7071 -0.6236 0.3333
vn 0.7071 -0.6236 -0.3333
vn 0.7088 -0.5865 -0.3919
vn 0.7088 -0.4988 -0.4988
vn 0.7088 -0.3919 -0.5865
vn 0.7071 -0.3333 -0.6236
vn 0.0965 -0.0000 -0.9953
vn 0.0965 0.1942 -0.9762
vn 0.0965 0.3809 -0.9196
vn 0.0965 0.5530 -0.8276
vn 0.0965 0.7038 -0.7038
vn 0.0965 0.8276 -0.5530
vn 0.0965 0.9196 -0.3809
vn 0.0965 0.9762 -0.1942
vn 0.0965 0.9953 -0.0000
vn 0.0965 0.9762 0.1942
vn 0.0965 0.9196 0.3809
vn 0.0965 0.8276 0.5530
vn 0.0965 0.7038 0.7038
vn 0.0965 0.5530 0.8276
vn 0.0965 0.3809 0.9196
vn 0.0965 0.1942 0.9762
vn 0.0965 -0.0000 0.9953
vn 0.0965 -0.1942 0.9762
vn 0.0965 -0.3809 0.9196
vn 0.0965 -0.5530 0.8276
vn 0.0965 -0.7038 0.7038
vn 0.0965 -0.8276 0.5530
vn 0.0965 -0.9196 0.3809
vn 0.0965 -0.9762 0.1942
vn 0.0965 -0.9953 -0.0000
vn 0.0965 -0.9762 -0.1942
vn 0.0965 -0.9196 -0.3809
vn 0.0965 -0.8276 -0.5530
vn 0.0965 -0.7038 -0.7038
vn 0.0965 -0.5530 -0.8276
vn 0.0965 -0.3809 -0.9196
vn 0.0965 -0.1942 -0.9762
vn -0.0000 -0.8639 -0.5037
vn -0.0071 -0.8637 -0.5040
vn -0.0000 -0.8660 -0.5000
vn -0.0503 0.6187 0.7840
vn -0.0000 0.8664 0.4993
vn -0.0000 0.8637 0.5039
vn -0.0503 0.9883 -0.1438
vn -0.0000 0.8656 -0.5007
vn -0.0000 0.8683 -0.4961
vn -0.0503 0.3697 -0.9278
vn -0.0000 -0.0008 -1.0000
vn -0.0000 0.0046 -1.0000
vn -0.0001 -0.0043 1.0000
vn -0.0071 -0.0046 1.0000
vn 0.9671 -0.0488 0.2495
vn 0.9670 -0.1928 -0.1663
vn 0.9671 0.2405 -0.0825
vn -0.0046 -0.8645 0.5025
vn 0.5312 -0.5872 0.6108
vn 0.6567 -0.3358 0.6753
vn -0.0037 -0.8672 0.4979
vn 0.5312 0.8225 0.2031
vn 0.4869 0.8650 -0.1214
vn 0.4869 0.3273 -0.8098
vn 0.5312 -0.2354 -0.8139
vn 0.6567 -0.4169 -0.6284
vn 0.4869 -0.5376 -0.6884
vn -0.0000 -0.8683 0.4961
vn -0.0000 -0.8656 0.5007
vn 0.4047 0.6315 -0.6614
vn 0.4097 -0.6450 0.6451
vn 0.4097 -0.0000 0.9122
vn 0.4096 0.6451 0.6451
vn 0.4099 0.9121 -0.0000
vn 0.3824 0.0416 -0.9231
vn 0.3824 -0.6232 -0.6822
vn 0.8790 -0.0000 -0.4768
vn 0.8794 -0.3367 -0.3367
vn 0.3330 -0.9427 -0.0220
vn 0.8786 -0.4776 -0.0000
vn 0.8794 -0.3367 0.3367
vn 0.8790 -0.0000 0.4768
vn 0.8793 0.3368 0.3367
vn 0.8786 0.4776 -0.0000
vn 0.8794 0.3367 -0.3367
vn -0.0000 -0.5001 -0.8660
vn -0.0046 -0.5012 -0.8653
vn -0.0000 -0.5077 -0.8615
vn -0.0524 0.1473 0.9877
vn -0.0000 0.5044 0.8635
vn -0.0000 0.5038 0.8638
vn -0.0499 0.9295 0.3655
vn -0.0000 1.0000 -0.0086
vn -0.0000 1.0000 0.0002
vn -0.0532 0.7819 -0.6212
vn -0.0000 0.4956 -0.8686
vn -0.0000 0.4962 -0.8682
vn -0.0001 -0.4999 0.8661
vn -0.0042 -0.4986 0.8668
vn -0.0000 -0.4923 0.8704
vn 0.9671 -0.1662 0.1925
vn 0.9671 -0.0836 -0.2401
vn 0.9669 0.2510 0.0450
vn -0.0071 -0.9999 0.0089
vn 0.5312 -0.8129 0.2389
vn 0.6563 -0.6267 0.4200
vn -0.0037 -1.0000 0.0020
vn 0.5312 0.6133 0.5845
vn 0.4870 0.8113 0.3235
vn 0.4858 0.6891 -0.5377
vn 0.5312 0.1995 -0.8234
vn 0.6567 -0.0501 -0.7525
vn 0.4869 -0.1252 -0.8644
vn -0.0000 -1.0000 0.0043
vn -0.0000 -1.0000 0.0051
vn 0.4047 0.8765 -0.2608
vn -0.0000 0.9648 -0.2630
vn -0.0000 -0.8682 -0.4962
vn 0.4097 -0.8801 0.2399
vn -0.0000 -0.9648 0.2630
vn 0.4097 -0.4527 0.7920
vn -0.0000 -0.4962 0.8682
vn 0.4097 0.2399 0.8801
vn -0.0000 0.2630 0.9648
vn 0.4099 0.7919 0.4526
vn -0.0000 0.8682 0.4962
vn 0.3824 0.4942 -0.7807
vn -0.0000 -0.2630 -0.9648
vn 0.3824 -0.2025 -0.9015
vn 0.8790 0.2366 -0.4140
vn 0.8794 -0.1252 -0.4594
vn 0.3331 -0.8075 -0.4868
vn 0.8787 -0.4145 -0.2369
vn 0.8795 -0.4592 0.1252
vn 0.8790 -0.2366 0.4140
vn 0.8794 0.1252 0.4594
vn 0.8787 0.4145 0.2369
vn 0.8794 0.4594 -0.1252
vn -0.0000 0.0038 -1.0000
vn -0.0071 0.0076 -0.9999
vn -0.0000 0.0030 -1.0000
vn -0.0503 -0.3725 0.9267
vn -0.0000 -0.0023 1.0000
vn -0.0000 -0.0076 1.0000
vn -0.0503 0.6163 0.7859
vn -0.0000 0.8649 0.5020
vn -0.0000 0.8622 0.5066
vn -0.0503 0.9888 -0.1408
vn -0.0000 0.8654 -0.5011
vn -0.0000 0.8698 -0.4934
vn -0.0001 -0.8697 0.4937
vn -0.0071 -0.8698 0.4934
vn -0.0000 -0.8675 0.4974
vn 0.9671 -0.2407 0.0818
vn 0.9670 0.0484 -0.2500
vn 0.9671 0.1912 0.1676
vn -0.0046 -0.8660 -0.5001
vn 0.5312 -0.8219 -0.2056
vn 0.6567 -0.7528 0.0446
vn -0.0037 -0.8633 -0.5047
vn 0.5312 0.2329 0.8146
vn 0.4869 0.5355 0.6900
vn 0.4869 0.8653 -0.1188
vn 0.5312 0.5890 -0.6090
vn 0.6592 0.3387 -0.6714
vn 0.4859 0.3334 -0.8079
vn -0.0000 -0.8622 -0.5066
vn -0.0000 -0.8649 -0.5020
vn 0.4047 0.8879 0.2189
vn -0.0000 0.8675 -0.4974
vn -0.0000 0.9651 0.2617
vn 0.4046 -0.4730 -0.7827
vn -0.0000 -0.9651 -0.2618
vn -0.0000 -0.4974 -0.8675
vn 0.4097 -0.7914 0.4537
vn 0.4099 -0.2387 0.8803
vn -0.0000 -0.2618 0.9651
vn -0.0000 0.4974 0.8675
vn 0.3824 0.4229 0.8215
vn 0.3824 0.8215 -0.4230
vn -0.0000 0.2617 -0.9651
vn 0.3824 0.2819 -0.8799
vn 0.8790 0.4136 -0.2371
vn 0.8795 0.1246 -0.4594
vn 0.8787 -0.2374 -0.4141
vn 0.3537 -0.9126 -0.2051
vn 0.8794 -0.4595 -0.1246
vn 0.8790 -0.4137 0.2372
vn 0.8795 -0.1246 0.4594
vn 0.8787 0.2375 0.4142
vn 0.8794 0.4595 0.1246
vn 0.0001 0.5026 -0.8645
vn -0.0046 0.5015 -0.8651
vn -0.0000 0.4950 -0.8689
vn -0.0499 -0.7832 0.6198
vn -0.0000 -0.4982 0.8670
vn -0.0000 -0.5029 0.8644
vn -0.0499 0.1451 0.9882
vn -0.0000 0.5018 0.8650
vn 0.0001 0.4971 0.8677
vn -0.0499 0.9283 0.3684
vn -0.0000 1.0000 -0.0020
vn -0.0000 1.0000 0.0033
vn -0.0001 -1.0000 -0.0030
vn -0.0071 -1.0000 -0.0034
vn -0.0000 -1.0000 0.0012
vn 0.9670 -0.2502 -0.0473
vn 0.9670 0.1660 -0.1930
vn 0.9670 0.0841 0.2403
vn -0.0037 -0.5031 -0.8642
vn 0.5312 -0.6115 -0.5864
vn 0.6567 -0.6757 -0.3349
vn -0.0071 -0.4971 -0.8677
vn 0.5312 -0.2021 0.8228
vn 0.4870 0.1228 0.8647
vn 0.4870 0.8103 0.3260
vn 0.5312 0.8136 -0.2364
vn 0.6567 0.6279 -0.4177
vn 0.4870 0.6875 -0.5387
vn -0.0000 -0.5004 -0.8658
vn -0.0000 -0.5011 -0.8654
vn 0.4047 0.6622 0.6307
vn -0.0000 1.0000 -0.0013
vn -0.0000 0.7080 0.7062
vn -0.0000 -0.0012 -1.0000
vn 0.4097 -0.6459 -0.6442
vn -0.0000 -0.7080 -0.7062
vn 0.4097 -0.9122 0.0011
vn 0.4099 -0.6442 0.6458
vn -0.0000 -0.7062 0.7080
vn -0.0000 0.0013 1.0000
vn 0.3824 -0.0405 0.9231
vn 0.3824 0.9231 0.0405
vn -0.0000 0.7062 -0.7080
vn 0.3623 -0.0450 -0.9310
vn 0.3536 0.6309 -0.6906
vn 0.8790 0.4768 -0.0006
vn 0.8795 0.3362 -0.3370
vn 0.8787 -0.0006 -0.4774
vn 0.8794 -0.3371 -0.3363
vn 0.8790 -0.4768 0.0006
vn 0.8794 -0.3363 0.3371
vn 0.8787 0.0006 0.4773
vn 0.8794 0.3371 0.3363
vn -0.0000 0.8653 -0.5012
vn -0.0064 0.8653 -0.5013
vn -0.0000 0.8632 -0.5049
vn -0.0503 -0.9875 0.1493
vn -0.0000 -0.8610 0.5085
vn 0.0001 -0.8655 0.5009
vn -0.0524 -0.3651 0.9295
vn -0.0000 0.0064 1.0000
vn -0.0000 0.0056 1.0000
vn -0.0499 0.6232 0.7805
vn -0.0000 0.8692 0.4944
vn -0.0000 0.8666 0.4991
vn -0.0001 -0.8667 -0.4988
vn -0.0064 -0.8667 -0.4987
vn -0.0000 -0.8688 -0.4951
vn 0.9670 -0.1937 -0.1652
vn 0.9670 0.2399 -0.0852
vn 0.9670 -0.0462 0.2504
vn -0.0046 -0.0086 -1.0000
vn 0.5312 -0.2399 -0.8126
vn 0.6563 -0.4208 -0.6262
vn -0.0037 -0.0032 -1.0000
vn 0.5312 -0.5837 0.6141
vn 0.4859 -0.3264 0.8108
vn 0.4870 0.5417 0.6851
vn 0.5312 0.8237 0.1985
vn 0.6563 0.7527 -0.0514
vn 0.4870 0.8642 -0.1266
vn 0.0001 -0.0011 -1.0000
vn -0.0000 -0.0064 -1.0000
vn 0.4047 0.2619 0.8761
vn -0.0000 0.8688 0.4951
vn -0.0000 0.2642 0.9645
vn -0.0000 0.4951 -0.8688
vn 0.4097 -0.2411 -0.8798
vn -0.0000 -0.2642 -0.9645
vn 0.4099 -0.7925 -0.4516
vn -0.0000 -0.9645 0.2642
vn 0.3824 -0.9013 0.2037
vn -0.0000 -0.4951 0.8688
vn 0.3824 -0.4932 0.7814
vn 0.3824 0.7813 0.4933
vn -0.0000 0.9645 -0.2643
vn 0.3824 0.9013 -0.2037
vn 0.8794 0.4592 -0.1258
vn 0.8787 0.2363 -0.4147
vn 0.3297 0.4787 -0.8137
vn 0.8795 -0.1258 -0.4591
vn 0.8790 -0.4143 -0.2361
vn 0.8794 -0.4592 0.1258
vn 0.8787 -0.2363 0.4147
vn 0.8794 0.1258 0.4592
vn 0.9050 0.3475 0.2455
vn -0.0000 1.0000 0.0060
vn -0.0071 1.0000 0.0063
vn -0.0000 1.0000 0.0017
vn -0.0499 -0.9272 -0.3711
vn -0.0000 -1.0000 -0.0009
vn -0.0000 -1.0000 -0.0063
vn -0.0499 -0.7850 0.6174
vn -0.0000 -0.5008 0.8656
vn -0.0000 -0.5054 0.8629
vn -0.0503 0.1421 0.9886
vn -0.0000 0.4992 0.8665
vn 0.0001 0.4946 0.8691
vn -0.0001 -0.4948 -0.8690
vn -0.0071 -0.4945 -0.8692
vn -0.0000 -0.4985 -0.8669
vn 0.9670 -0.0834 -0.2405
vn 0.9671 0.2495 0.0492
vn 0.9670 -0.1666 0.1925
vn -0.0042 0.4992 -0.8665
vn 0.5312 0.2045 -0.8222
vn 0.6567 -0.0455 -0.7528
vn -0.0039 0.5037 -0.8639
vn 0.5312 -0.8143 0.2340
vn 0.4870 -0.6891 0.5367
vn 0.4870 0.1202 0.8651
vn 0.5312 0.6098 0.5882
vn 0.6567 0.6747 0.3369
vn 0.4869 0.8092 0.3287
vn -0.0000 0.5054 -0.8629
vn -0.0000 0.5008 -0.8656
vn 0.4046 -0.2178 0.8882
vn -0.0000 0.4985 0.8669
vn -0.0000 -0.2605 0.9655
vn -0.0000 0.8669 -0.4985
vn 0.4096 0.2376 -0.8808
vn -0.0000 0.2605 -0.9655
vn 0.4097 -0.4548 -0.7908
vn 0.4099 -0.8806 -0.2376
vn -0.0000 -0.9655 -0.2605
vn -0.0000 -0.8669 0.4985
vn 0.3824 -0.8210 0.4240
vn 0.3824 0.4240 0.8210
vn -0.0000 0.9655 0.2605
vn 0.3824 0.8803 0.2807
vn 0.8794 0.4597 0.1240
vn 0.8787 0.4139 -0.2380
vn 0.3295 0.8249 -0.4592
vn 0.8793 0.1241 -0.4598
vn 0.8790 -0.2377 -0.4134
vn 0.8794 -0.4597 -0.1240
vn 0.8787 -0.4139 0.2380
vn 0.8793 -0.1241 0.4598
vn 0.9050 0.1753 0.3877
vn -0.0000 0.8652 0.5015
vn -0.0071 0.8650 0.5018
vn -0.0000 0.8673 0.4978
vn -0.0499 -0.6208 -0.7824
vn -0.0000 -0.8677 -0.4971
vn -0.0000 -0.8650 -0.5017
vn -0.0499 -0.9880 0.1464
vn -0.0000 -0.8644 0.5029
vn -0.0000 -0.8670 0.4983
vn -0.0503 -0.3673 0.9287
vn -0.0000 0.0033 1.0000
vn -0.0000 -0.0020 1.0000
vn -0.0002 0.0017 -1.0000
vn -0.0064 0.0016 -1.0000
vn -0.0000 -0.0026 -1.0000
vn 0.9670 0.0470 -0.2502
vn 0.9671 0.1922 0.1665
vn 0.9669 -0.2400 0.0862
vn -0.0042 0.8634 -0.5045
vn 0.5312 0.5856 -0.6123
vn 0.6563 0.3339 -0.6765
vn -0.0039 0.8660 -0.5000
vn 0.5312 -0.8231 -0.2010
vn 0.4870 -0.8646 0.1239
vn 0.4870 -0.3250 0.8107
vn 0.5312 0.2375 0.8133
vn 0.6567 0.4185 0.6274
vn 0.4869 0.5394 0.6870
vn -0.0000 0.8670 -0.4983
vn -0.0000 0.8643 -0.5029
vn 0.4046 -0.6299 0.6630
vn -0.0000 0.0026 1.0000
vn -0.0000 -0.7053 0.7089
vn -0.0000 1.0000 -0.0026
vn 0.4097 0.6434 -0.6467
vn -0.0000 0.7053 -0.7089
vn 0.4097 -0.0023 -0.9122
vn 0.4099 -0.6466 -0.6433
vn -0.0000 -0.7089 -0.7053
vn -0.0000 -1.0000 0.0026
vn 0.3824 -0.9231 -0.0394
vn 0.3824 -0.0394 0.9231
vn -0.0000 0.7089 0.7053
vn 0.3824 0.6250 0.6806
vn 0.8794 0.3376 0.3358
vn 0.8787 0.4774 -0.0012
vn 0.3295 0.9441 0.0107
vn 0.8794 0.3358 -0.3376
vn 0.8790 -0.0012 -0.4768
vn 0.8793 -0.3376 -0.3359
vn 0.8786 -0.4776 0.0012
vn 0.8793 -0.3359 0.3376
vn 0.9050 -0.0402 0.4236
vn -0.0000 0.5023 0.8647
vn -0.0071 0.5020 0.8649
vn -0.0000 0.5060 0.8626
vn -0.0499 -0.1507 -0.9873
vn -0.0000 -0.5066 -0.8622
vn -0.0000 -0.5020 -0.8649
vn -0.0499 -0.9304 -0.3631
vn -0.0000 -1.0000 0.0077
vn -0.0000 -1.0000 0.0023
vn -0.0503 -0.7798 0.6241
vn -0.0000 -0.4933 0.8698
vn -0.0000 -0.4980 0.8672
vn -0.0002 0.4977 -0.8673
vn -0.0071 0.4980 -0.8671
vn -0.0000 0.4940 -0.8695
vn 0.9670 0.1649 -0.1939
vn 0.9671 0.0842 0.2399
vn 0.9670 -0.2504 -0.0459
vn -0.0042 0.9999 -0.0096
vn 0.5312 0.8122 -0.2410
vn 0.6567 0.6255 -0.4212
vn -0.0039 1.0000 -0.0043
vn 0.5312 -0.6148 -0.5829
vn 0.4870 -0.8121 -0.3214
vn 0.4870 -0.6844 0.5426
vn 0.5312 -0.1974 0.8239
vn 0.6567 0.0520 0.7524
vn 0.4869 0.1274 0.8641
vn -0.0000 1.0000 -0.0023
vn -0.0000 1.0000 -0.0077
vn 0.4047 -0.8758 0.2631
vn -0.0000 -0.4940 0.8695
vn -0.0000 -0.9641 0.2655
vn 0.4047 0.8053 0.4332
vn -0.0000 0.9641 -0.2655
vn -0.0000 0.8695 0.4940
vn 0.4099 0.4506 -0.7930
vn -0.0000 -0.2655 -0.9641
vn 0.4099 -0.7930 -0.4506
vn -0.0000 -0.8695 -0.4940
vn 0.3824 -0.4922 0.7820
vn -0.0000 0.2655 0.9641
vn 0.3824 0.2049 0.9010
vn 0.8790 -0.2356 0.4146
vn 0.8794 0.1264 0.4591
vn 0.8786 0.4152 0.2359
vn 0.8794 0.4591 -0.1264
vn 0.3623 0.8861 -0.2890
vn 0.8790 0.2356 -0.4146
vn 0.8793 -0.1264 -0.4592
vn 0.3624 -0.2888 -0.8862
vn 0.8787 -0.4151 -0.2359
vn 0.8794 -0.4591 0.1264
vn -0.0499 -0.3699 0.9277
vn -0.0000 0.0039 1.0000
vn 0.0001 -0.0050 1.0000
vn -0.0503 0.3701 -0.9276
vn -0.0000 -0.0004 -1.0000
vn -0.0000 0.0050 -1.0000
vn -0.0503 -0.6183 -0.7843
vn -0.0000 -0.8679 -0.4967
vn -0.0000 -0.8635 -0.5043
vn -0.0532 -0.9884 0.1423
vn -0.0000 -0.8658 0.5003
vn -0.0000 -0.8662 0.4996
vn -0.0001 0.8684 -0.4959
vn -0.0071 0.8685 -0.4956
vn -0.0000 0.8662 -0.4996
vn 0.9671 0.2405 -0.0824
vn 0.9670 -0.0477 0.2501
vn 0.9671 -0.1917 -0.1671
vn -0.0071 0.8681 0.4964
vn 0.4858 0.5344 0.6917
vn 0.5312 0.8225 0.2035
vn 0.6567 0.7527 -0.0465
vn -0.0037 0.8646 0.5024
vn 0.5312 -0.2350 -0.8140
vn 0.4869 -0.5374 -0.6886
vn 0.4859 -0.8661 0.1175
vn 0.5312 -0.5874 0.6106
vn 0.4869 -0.3277 0.8097
vn -0.0000 0.8658 0.5004
vn -0.0000 0.8662 0.4997
vn 0.4047 -0.8884 -0.2166
vn -0.0000 -0.9658 -0.2592
vn 0.4047 0.4751 0.7813
vn -0.0000 0.9658 0.2592
vn -0.0000 0.4996 0.8662
vn 0.4097 0.7902 -0.4558
vn 0.4097 0.2365 -0.8811
vn -0.0000 0.2592 -0.9658
vn 0.4099 -0.4557 -0.7901
vn -0.0000 -0.4996 -0.8662
vn 0.3824 -0.8204 0.4251
vn -0.0000 -0.2592 0.9658
vn 0.3824 -0.2795 0.8807
vn 0.8790 -0.4131 0.2382
vn 0.8794 -0.1234 0.4599
vn 0.8786 0.2386 0.4137
vn 0.8793 0.4600 0.1235
vn 0.3624 0.9104 0.1996
vn 0.8790 0.4131 -0.2383
vn 0.8794 0.1234 -0.4599
vn 0.8787 -0.2385 -0.4135
vn 0.8794 -0.4599 -0.1234
vn -0.0000 -0.5003 0.8658
vn -0.0046 -0.4992 0.8665
vn -0.0000 -0.4927 0.8702
vn -0.0499 0.7816 -0.6218
vn -0.0000 0.4960 -0.8683
vn -0.0000 0.5006 -0.8657
vn -0.0503 -0.1476 -0.9878
vn -0.0000 -0.5040 -0.8637
vn -0.0000 -0.4994 -0.8664
vn -0.0499 -0.9293 -0.3660
vn -0.0000 -1.0000 0.0046
vn 0.0001 -1.0000 -0.0007
vn -0.0001 1.0000 0.0004
vn -0.0071 1.0000 0.0007
vn -0.0000 1.0000 -0.0039
vn 0.9670 0.2503 0.0466
vn 0.9669 -0.1645 0.1948
vn 0.9670 -0.0848 -0.2401
vn -0.0065 0.5069 0.8620
vn 0.5312 0.6131 0.5848
vn 0.6567 0.6766 0.3332
vn -0.0039 0.5011 0.8654
vn 0.5312 0.1999 -0.8233
vn 0.4870 -0.1251 -0.8644
vn 0.4869 -0.8111 -0.3242
vn 0.5312 -0.8130 0.2385
vn 0.6567 -0.6268 0.4193
vn 0.4870 -0.6861 0.5405
vn -0.0000 0.5033 0.8641
vn -0.0000 0.5040 0.8637
vn 0.4047 -0.6638 -0.6290
vn -0.0000 -1.0000 0.0039
vn -0.0000 -0.7098 -0.7044
vn 0.4097 0.6475 0.6425
vn -0.0000 0.7098 0.7044
vn 0.4097 0.9122 -0.0035
vn 0.4096 0.6426 -0.6476
vn -0.0000 0.7044 -0.7098
vn 0.4099 -0.0035 -0.9121
vn -0.0000 -0.0039 -1.0000
vn 0.3824 -0.9232 -0.0382
vn -0.0000 -0.7044 0.7098
vn 0.3824 -0.6797 0.6259
vn 0.8793 -0.3355 0.3381
vn 0.3331 -0.0183 0.9427
vn 0.8787 0.0018 0.4774
vn 0.8795 0.3379 0.3353
vn 0.8790 0.4768 -0.0018
vn 0.8793 0.3355 -0.3381
vn 0.8787 -0.0018 -0.4774
vn 0.8794 -0.3380 -0.3354
vn 0.9050 -0.4236 -0.0396
vn 0.0001 -0.8623 0.5064
vn -0.0071 -0.8642 0.5031
vn -0.0000 -0.8619 0.5071
vn -0.0499 0.9871 -0.1520
vn -0.0000 0.8615 -0.5077
vn -0.0000 0.8642 -0.5031
vn -0.0499 0.3619 -0.9309
vn -0.0000 -0.0090 -1.0000
vn -0.0000 -0.0036 -1.0000
vn -0.0499 -0.6252 -0.7789
vn -0.0000 -0.8722 -0.4892
vn -0.0000 -0.8678 -0.4969
vn -0.0001 0.8680 0.4966
vn -0.0064 0.8680 0.4965
vn -0.0000 0.8701 0.4929
vn 0.9670 0.1942 0.1647
vn 0.9670 -0.2397 0.0858
vn 0.9669 0.0440 -0.2512
vn -0.0042 0.0109 0.9999
vn 0.5312 0.2420 0.8119
vn 0.6563 0.4225 0.6251
vn -0.0039 0.0056 1.0000
vn 0.5312 0.5821 -0.6156
vn 0.4870 0.3204 -0.8125
vn 0.4870 -0.5435 -0.6837
vn 0.5312 -0.8242 -0.1964
vn 0.6592 -0.7503 0.0509
vn 0.4858 -0.8652 0.1244
vn -0.0000 0.0036 1.0000
vn -0.0000 0.0090 1.0000
vn 0.4047 -0.2642 -0.8755
vn -0.0000 -0.8701 -0.4929
vn -0.0000 -0.2667 -0.9638
vn -0.0000 -0.4929 0.8701
vn 0.4097 0.2433 0.8792
vn -0.0000 0.2667 0.9638
vn 0.4096 0.7938 0.4496
vn 0.4097 0.8792 -0.2433
vn -0.0000 0.9638 -0.2667
vn 0.4099 0.4496 -0.7936
vn -0.0000 0.4929 -0.8701
vn 0.3824 -0.7826 -0.4912
vn -0.0000 -0.9638 0.2667
vn 0.3623 -0.4209 0.8316
vn 0.3536 -0.8897 0.2888
vn 0.8790 -0.4149 -0.2350
vn 0.8795 -0.4587 0.1270
vn 0.8787 -0.2353 0.4153
vn 0.8795 0.1270 0.4587
vn 0.8790 0.4149 0.2350
vn 0.8794 0.4589 -0.1270
vn 0.8787 0.2353 -0.4154
vn 0.8794 -0.1270 -0.4589
vn -0.0000 -1.0000 0.0001
vn -0.0071 -1.0000 -0.0037
vn -0.0000 -1.0000 0.0009
vn -0.0503 0.9281 0.3688
vn -0.0000 1.0000 -0.0017
vn 0.0001 1.0000 0.0037
vn -0.0000 0.5029 -0.8643
vn -0.0064 0.5028 -0.8644
vn -0.0000 0.4992 -0.8665
vn -0.0503 -0.1446 -0.9882
vn -0.0000 -0.5045 -0.8634
vn -0.0000 -0.4968 -0.8678
vn -0.0532 0.1436 0.9882
vn -0.0000 0.5015 0.8652
vn -0.0001 0.5008 0.8656
vn 0.9671 0.0828 0.2404
vn 0.9670 -0.2501 -0.0474
vn 0.9670 0.1661 -0.1929
vn -0.0046 -0.4967 0.8679
vn 0.5312 -0.2024 0.8227
vn -0.0005 -0.4995 0.8663
vn 0.4869 0.8101 0.3266
vn 0.5312 0.8137 -0.2361
vn 0.6563 0.6282 -0.4179
vn 0.4869 0.6879 -0.5383
vn 0.5312 -0.6113 -0.5866
vn 0.6591 -0.6728 -0.3360
vn 0.4859 -0.8092 -0.3302
vn -0.0000 -0.5032 0.8642
vn -0.0000 -0.4955 0.8686
vn 0.4047 0.2154 -0.8887
vn -0.0000 -0.5008 -0.8656
vn -0.0000 0.2579 -0.9662
vn 0.4047 -0.7807 0.4761
vn -0.0000 -0.2580 0.9662
vn -0.0000 -0.8656 0.5008
vn 0.4097 0.4568 0.7896
vn -0.0000 0.5008 0.8656
vn 0.4097 0.8814 0.2353
vn -0.0000 0.9662 0.2580
vn 0.4099 0.7895 -0.4568
vn -0.0000 0.8656 -0.5008
vn 0.3824 -0.4262 -0.8198
vn -0.0000 -0.9662 -0.2579
vn 0.3824 -0.8811 -0.2784
vn 0.8790 -0.2388 -0.4127
vn 0.8794 -0.4600 -0.1228
vn 0.8786 -0.4134 0.2392
vn 0.8794 -0.1228 0.4600
vn 0.3623 -0.1982 0.9107
vn 0.8790 0.2388 0.4127
vn 0.8794 0.4600 0.1228
vn 0.8787 0.4132 -0.2390
vn 0.8794 0.1228 -0.4600
vn -0.0000 -0.9941 -0.1085
vn -0.0000 -0.9957 -0.0928
vn -0.0000 -0.9995 -0.0322
vn -0.0000 -0.9999 0.0165
vn -0.0000 0.9942 -0.1079
vn -0.0000 0.9957 -0.0928
vn -0.0000 0.9957 -0.0927
vn -0.0000 0.9962 0.0869
vn -0.0000 1.0000 0.0064
vn -0.0000 1.0000 0.0063
vn -0.0000 0.9988 0.0493
vn -0.0000 0.9988 -0.0493
vn -0.0000 0.9891 0.1474
vn -0.0000 0.9806 0.1960
vn -0.0000 0.1942 0.9810
vn -0.0000 0.1460 0.9893
vn -0.0000 0.0488 0.9988
vn -0.0000 -0.0488 0.9988
vn -0.0000 -0.1461 0.9893
vn -0.0000 -0.1942 0.9810
vn -0.0000 -0.9891 0.1474
vn -0.0000 -0.9806 0.1960
vn -0.0000 -0.9988 0.0493
vn -0.0000 -0.9988 -0.0493
vn -0.0000 -0.9891 -0.1474
vn -0.0000 -0.9806 -0.1960
vn -0.0000 -0.1460 -0.9893
vn -0.0000 -0.1942 -0.9810
vn -0.0000 -0.1461 -0.9893
vn -0.0000 -0.0488 -0.9988
vn -0.0000 0.0488 -0.9988
vn -0.0000 0.1461 -0.9893
vn -0.0000 0.1460 -0.9893
vn -0.0000 0.1942 -0.9810
vn -0.0000 0.9891 -0.1474
vn -0.0000 0.9806 -0.1960
vn -0.0000 -0.2627 0.9649
vn -0.0000 0.2627 0.9649
vn -0.0000 0.2627 -0.9649
vn -0.0000 -0.2627 -0.9649
vn -0.0000 0.9642 0.2650
vn -0.0000 0.9642 -0.2650
vn -0.0000 -0.9642 -0.2650
vn -0.0000 -0.9642 0.2650
vn -0.0477 -0.8809 -0.4709
vn -0.0000 -0.8028 0.5962
vn -0.0477 -0.4709 0.8809
vn -0.0477 0.8809 0.4709
vn -0.0477 0.4709 -0.8809
vn 0.7063 -0.3750 -0.6004
vn 0.7063 -0.6004 0.3750
vn 0.7063 0.3750 0.6004
vn 0.7063 0.6004 -0.3750
vn 0.0276 -0.9445 0.3272
vn -0.0477 0.2900 0.9559
vn -0.0477 0.9558 -0.2900
vn -0.0477 -0.2900 -0.9559
vn -0.0000 0.9942 -0.1080
vt 0.462109 0.080195
vt 0.459891 0.068965
vt 0.459891 0.080195
vt 0.464328 0.246862
vt 0.466547 0.235632
vt 0.466547 0.246862
vt 0.458227 0.080195
vt 0.458781 0.066512
vt 0.433821 0.066512
vt 0.432712 0.080195
vt 0.434376 0.080195
vt 0.468211 0.080195
vt 0.469320 0.066512
vt 0.467656 0.066512
vt 0.431048 0.068965
vt 0.431048 0.080195
vt 0.428829 0.080195
vt 0.426611 0.068965
vt 0.426611 0.080195
vt 0.428829 0.246862
vt 0.426611 0.235632
vt 0.428829 0.235632
vt 0.424392 0.246862
vt 0.426611 0.246862
vt 0.431048 0.235632
vt 0.431048 0.246862
vt 0.424392 0.235632
vt 0.422728 0.246862
vt 0.423283 0.233179
vt 0.387229 0.246862
vt 0.386120 0.233179
vt 0.387784 0.233179
vt 0.399987 0.245571
vt 0.398323 0.233179
vt 0.399987 0.233179
vt 0.384456 0.245571
vt 0.384456 0.233179
vt 0.493725 0.080195
vt 0.492616 0.066512
vt 0.492061 0.080195
vt 0.397213 0.246862
vt 0.395549 0.235632
vt 0.396659 0.233179
vt 0.391112 0.246862
vt 0.393331 0.235632
vt 0.393331 0.246862
vt 0.388893 0.246862
vt 0.391112 0.235632
vt 0.393331 0.068965
vt 0.391112 0.080195
vt 0.393331 0.080195
vt 0.388893 0.235632
vt 0.458227 0.246862
vt 0.457117 0.233179
vt 0.458781 0.233179
vt 0.506483 0.245571
vt 0.504819 0.233179
vt 0.506483 0.233179
vt 0.492616 0.233179
vt 0.490952 0.245571
vt 0.490952 0.233179
vt 0.503709 0.080195
vt 0.504819 0.066512
vt 0.503155 0.066512
vt 0.503709 0.246862
vt 0.502045 0.235632
vt 0.503155 0.233179
vt 0.497608 0.246862
vt 0.499827 0.235632
vt 0.499827 0.246862
vt 0.495389 0.246862
vt 0.497608 0.235632
vt 0.501976 0.235503
vt 0.499827 0.235503
vt 0.495389 0.235632
vt 0.493725 0.246862
vt 0.494280 0.233179
vt 0.457117 0.066512
vt 0.456563 0.080195
vt 0.470984 0.245571
vt 0.469320 0.233179
vt 0.470984 0.233179
vt 0.455453 0.245571
vt 0.455453 0.233179
vt 0.468211 0.246862
vt 0.467656 0.233179
vt 0.462109 0.246862
vt 0.464328 0.235632
vt 0.459891 0.246862
vt 0.462109 0.235632
vt 0.466477 0.235503
vt 0.464328 0.235503
vt 0.459891 0.235632
vt 0.422728 0.080195
vt 0.421619 0.066512
vt 0.421064 0.080195
vt 0.435485 0.245571
vt 0.433821 0.233179
vt 0.435485 0.233179
vt 0.398877 0.246862
vt 0.432712 0.246862
vt 0.432157 0.233179
vt 0.424392 0.080195
vt 0.421619 0.233179
vt 0.419955 0.245571
vt 0.419955 0.233179
vt 0.464328 0.068965
vt 0.464328 0.080195
vt 0.466547 0.068965
vt 0.466547 0.080195
vt 0.505373 0.246862
vt 0.495389 0.068965
vt 0.494280 0.066512
vt 0.502045 0.246862
vt 0.497608 0.068965
vt 0.495389 0.080195
vt 0.497608 0.080195
vt 0.499827 0.068965
vt 0.499827 0.080195
vt 0.502045 0.068965
vt 0.502045 0.080195
vt 0.469875 0.246862
vt 0.387229 0.080195
vt 0.388893 0.068965
vt 0.387784 0.066512
vt 0.395549 0.246862
vt 0.395549 0.068965
vt 0.395549 0.080195
vt 0.395480 0.235503
vt 0.393331 0.235503
vt 0.397213 0.080195
vt 0.386120 0.066512
vt 0.385565 0.080195
vt 0.434376 0.246862
vt 0.424392 0.068965
vt 0.423283 0.066512
vt 0.428829 0.235503
vt 0.426611 0.235503
vt 0.384456 0.078905
vt 0.384456 0.066512
vt 0.506483 0.078905
vt 0.505373 0.080195
vt 0.490952 0.078905
vt 0.490952 0.066512
vt 0.470984 0.078905
vt 0.469875 0.080195
vt 0.455453 0.078905
vt 0.455453 0.066512
vt 0.435485 0.078905
vt 0.399987 0.078905
vt 0.398323 0.066512
vt 0.398877 0.080195
vt 0.419955 0.078905
vt 0.419955 0.066512
vt 0.426611 0.246991
vt 0.428829 0.246991
vt 0.430979 0.235503
vt 0.424392 0.246991
vt 0.431048 0.246991
vt 0.424461 0.235503
vt 0.423352 0.233050
vt 0.421619 0.233050
vt 0.419844 0.233050
vt 0.398323 0.233050
vt 0.396589 0.233050
vt 0.395549 0.246991
vt 0.397213 0.246991
vt 0.391112 0.235503
vt 0.391112 0.246991
vt 0.393331 0.246991
vt 0.388963 0.068836
vt 0.391112 0.068965
vt 0.391112 0.068836
vt 0.388893 0.246991
vt 0.395480 0.068836
vt 0.388963 0.235503
vt 0.387853 0.233050
vt 0.386120 0.233050
vt 0.387229 0.246991
vt 0.385565 0.246862
vt 0.384345 0.233050
vt 0.504819 0.233050
vt 0.503709 0.246991
vt 0.505421 0.246991
vt 0.503085 0.233050
vt 0.502045 0.246991
vt 0.495458 0.235503
vt 0.497608 0.235503
vt 0.497608 0.246991
vt 0.499827 0.246991
vt 0.501976 0.068836
vt 0.495389 0.246991
vt 0.502045 0.080325
vt 0.499827 0.080325
vt 0.494349 0.233050
vt 0.492616 0.233050
vt 0.493725 0.246991
vt 0.492061 0.246862
vt 0.490841 0.233050
vt 0.469320 0.233050
vt 0.468211 0.246991
vt 0.469922 0.246991
vt 0.467587 0.233050
vt 0.466547 0.246991
vt 0.459960 0.235503
vt 0.462109 0.235503
vt 0.464328 0.246991
vt 0.466477 0.068836
vt 0.459891 0.246991
vt 0.462109 0.246991
vt 0.466547 0.080325
vt 0.464328 0.080325
vt 0.458851 0.233050
vt 0.457117 0.233050
vt 0.458227 0.246991
vt 0.456563 0.246862
vt 0.455337 0.233050
vt 0.433821 0.233050
vt 0.432088 0.233050
vt 0.432712 0.246991
vt 0.424461 0.068836
vt 0.426611 0.068836
vt 0.428829 0.068965
vt 0.428829 0.068836
vt 0.428829 0.080325
vt 0.426611 0.080325
vt 0.430979 0.068836
vt 0.424392 0.080325
vt 0.431048 0.080325
vt 0.422728 0.080325
vt 0.421619 0.066383
vt 0.423352 0.066383
vt 0.398323 0.066383
vt 0.399987 0.066512
vt 0.400097 0.066383
vt 0.396659 0.066512
vt 0.396589 0.066383
vt 0.397213 0.080325
vt 0.395549 0.080325
vt 0.393331 0.080325
vt 0.393331 0.068836
vt 0.391112 0.080325
vt 0.388893 0.080195
vt 0.388893 0.080325
vt 0.387229 0.080325
vt 0.386120 0.066383
vt 0.387853 0.066383
vt 0.504819 0.066383
vt 0.506483 0.066512
vt 0.506593 0.066383
vt 0.503709 0.080325
vt 0.503085 0.066383
vt 0.495458 0.068836
vt 0.497608 0.068836
vt 0.499827 0.068836
vt 0.497608 0.080325
vt 0.495389 0.080325
vt 0.493725 0.080325
vt 0.492616 0.066383
vt 0.494349 0.066383
vt 0.469320 0.066383
vt 0.470984 0.066512
vt 0.471100 0.066383
vt 0.467587 0.066383
vt 0.468211 0.080325
vt 0.459960 0.068836
vt 0.462109 0.068965
vt 0.462109 0.068836
vt 0.464328 0.068836
vt 0.462109 0.080325
vt 0.459891 0.080325
vt 0.458227 0.080325
vt 0.457117 0.066383
vt 0.458851 0.066383
vt 0.433821 0.066383
vt 0.435485 0.066512
vt 0.435602 0.066383
vt 0.432157 0.066512
vt 0.432088 0.066383
vt 0.432712 0.080325
vt 0.419838 0.078957
vt 0.421016 0.246991
vt 0.421064 0.246862
vt 0.400103 0.078957
vt 0.398925 0.080325
vt 0.398925 0.246991
vt 0.400103 0.245624
vt 0.384340 0.078957
vt 0.490841 0.078957
vt 0.471100 0.078957
vt 0.469922 0.080325
vt 0.455342 0.078957
vt 0.435596 0.078957
vt 0.434424 0.080325
vt 0.435596 0.245624
vt 0.419844 0.066383
vt 0.419838 0.245624
vt 0.400097 0.233050
vt 0.384345 0.066383
vt 0.384340 0.245624
vt 0.506593 0.078957
vt 0.506593 0.245624
vt 0.506593 0.233050
vt 0.490841 0.066383
vt 0.490841 0.245624
vt 0.471100 0.245624
vt 0.471100 0.233050
vt 0.455337 0.066383
vt 0.455342 0.245624
vt 0.435602 0.233050
vt 0.422728 0.246991
vt 0.434424 0.246991
vt 0.421016 0.080325
vt 0.385518 0.080325
vt 0.492013 0.080325
vt 0.456515 0.080325
vt 0.385518 0.246991
vt 0.505421 0.080325
vt 0.492013 0.246991
vt 0.456515 0.246991
vt 0.858851 0.309085
vt 0.859616 0.305389
vt 0.858851 0.305389
vt 0.858837 0.309085
vt 0.859602 0.305389
vt 0.858837 0.305389
vt 0.858837 0.309085
vt 0.859601 0.305389
vt 0.858837 0.305389
vt 0.858845 0.305389
vt 0.859594 0.309085
vt 0.858845 0.309085
vt 0.858859 0.305389
vt 0.859608 0.309085
vt 0.858859 0.309085
vt 0.858845 0.305389
vt 0.859594 0.309085
vt 0.858845 0.309085
vt 0.858859 0.309085
vt 0.859608 0.305389
vt 0.859608 0.309085
vt 0.859615 0.305389
vt 0.858851 0.309085
vt 0.859615 0.309085
vt 0.858859 0.305389
vt 0.647292 0.396571
vt 0.642792 0.384571
vt 0.647292 0.384571
vt 0.642792 0.396571
vt 0.638292 0.384571
vt 0.182436 0.088711
vt 0.178517 0.079518
vt 0.182436 0.079518
vt 0.178517 0.088711
vt 0.174017 0.079518
vt 0.174017 0.088711
vt 0.169517 0.079518
vt 0.169517 0.088711
vt 0.165598 0.079518
vt 0.620292 0.396571
vt 0.615792 0.384571
vt 0.620292 0.384571
vt 0.611292 0.396571
vt 0.611292 0.384571
vt 0.606792 0.384571
vt 0.606792 0.396571
vt 0.602292 0.384571
vt 0.146435 0.088711
vt 0.142516 0.079518
vt 0.146435 0.079518
vt 0.138016 0.088711
vt 0.138016 0.079518
vt 0.133516 0.079518
vt 0.133516 0.088711
vt 0.129597 0.079518
vt 0.584291 0.396571
vt 0.579791 0.384571
vt 0.584291 0.384571
vt 0.579791 0.396571
vt 0.575291 0.384571
vt 0.575291 0.396571
vt 0.570791 0.384571
vt 0.570791 0.396571
vt 0.566291 0.384571
vt 0.110435 0.088711
vt 0.106516 0.079518
vt 0.110435 0.079518
vt 0.106516 0.088711
vt 0.102016 0.079518
vt 0.102016 0.088711
vt 0.097516 0.079518
vt 0.097516 0.088711
vt 0.093597 0.079518
vt 0.548291 0.384571
vt 0.543791 0.396571
vt 0.543791 0.384571
vt 0.539291 0.384571
vt 0.539291 0.396571
vt 0.534791 0.384571
vt 0.534791 0.396571
vt 0.530291 0.384571
vt 0.074434 0.088711
vt 0.070515 0.079518
vt 0.074434 0.079518
vt 0.070515 0.088711
vt 0.066015 0.079518
vt 0.066015 0.088711
vt 0.061515 0.079518
vt 0.061515 0.088711
vt 0.057596 0.079518
vt 0.254910 0.047081
vt 0.260124 0.052948
vt 0.256155 0.053338
vt 0.512290 0.396571
vt 0.507790 0.384571
vt 0.512290 0.384571
vt 0.503290 0.396571
vt 0.503290 0.384571
vt 0.260124 0.106962
vt 0.253469 0.106752
vt 0.253555 0.106315
vt 0.266780 0.106752
vt 0.260124 0.109437
vt 0.260124 0.107407
vt 0.273179 0.104810
vt 0.267176 0.108742
vt 0.280205 0.103345
vt 0.273956 0.106686
vt 0.279078 0.101658
vt 0.285683 0.098850
vt 0.284247 0.097415
vt 0.290178 0.093373
vt 0.291643 0.086347
vt 0.288490 0.092245
vt 0.293584 0.079947
vt 0.293518 0.087124
vt 0.294239 0.073292
vt 0.295575 0.080343
vt 0.293584 0.066636
vt 0.296269 0.073292
vt 0.293518 0.059460
vt 0.295575 0.066240
vt 0.288490 0.054338
vt 0.291643 0.060236
vt 0.284247 0.049169
vt 0.290178 0.053211
vt 0.279078 0.044926
vt 0.285683 0.047733
vt 0.273179 0.041773
vt 0.280205 0.043238
vt 0.266780 0.039832
vt 0.273956 0.039898
vt 0.260124 0.039177
vt 0.267176 0.037841
vt 0.253469 0.039832
vt 0.260124 0.037147
vt 0.246292 0.039898
vt 0.253073 0.037841
vt 0.247069 0.041773
vt 0.240043 0.043238
vt 0.236001 0.049169
vt 0.241171 0.044926
vt 0.231758 0.054338
vt 0.234566 0.047733
vt 0.228606 0.060236
vt 0.230071 0.053211
vt 0.226664 0.066636
vt 0.226730 0.059460
vt 0.226009 0.073292
vt 0.224673 0.066240
vt 0.224674 0.080343
vt 0.223979 0.073292
vt 0.226664 0.079947
vt 0.226730 0.087124
vt 0.228606 0.086347
vt 0.230071 0.093373
vt 0.231758 0.092245
vt 0.234566 0.098850
vt 0.241171 0.101658
vt 0.236001 0.097415
vt 0.247069 0.104810
vt 0.240043 0.103346
vt 0.253073 0.108742
vt 0.246292 0.106686
vt 0.260124 0.100550
vt 0.266693 0.106315
vt 0.265442 0.100027
vt 0.273009 0.104399
vt 0.275268 0.095957
vt 0.270556 0.098476
vt 0.279399 0.092567
vt 0.278830 0.101287
vt 0.282789 0.088436
vt 0.283932 0.097100
vt 0.285308 0.083723
vt 0.288120 0.091998
vt 0.293147 0.079861
vt 0.291231 0.086177
vt 0.286859 0.078610
vt 0.293794 0.073292
vt 0.286859 0.067974
vt 0.287383 0.073292
vt 0.285308 0.062860
vt 0.293147 0.066723
vt 0.282789 0.058148
vt 0.291231 0.060407
vt 0.279399 0.054017
vt 0.288120 0.054586
vt 0.278830 0.045296
vt 0.283932 0.049484
vt 0.270556 0.048108
vt 0.275268 0.050627
vt 0.266693 0.040269
vt 0.273009 0.042185
vt 0.260124 0.046033
vt 0.265442 0.046557
vt 0.253555 0.040269
vt 0.260124 0.039622
vt 0.249693 0.048108
vt 0.254806 0.046557
vt 0.244980 0.050627
vt 0.247239 0.042185
vt 0.240849 0.054017
vt 0.241418 0.045296
vt 0.232129 0.054586
vt 0.236316 0.049484
vt 0.234940 0.062860
vt 0.237459 0.058148
vt 0.227101 0.066723
vt 0.229017 0.060407
vt 0.233389 0.067974
vt 0.226454 0.073292
vt 0.233389 0.078610
vt 0.232865 0.073292
vt 0.234940 0.083723
vt 0.227101 0.079861
vt 0.237459 0.088436
vt 0.229017 0.086177
vt 0.240849 0.092567
vt 0.232129 0.091998
vt 0.241418 0.101287
vt 0.236316 0.097100
vt 0.249693 0.098476
vt 0.244980 0.095957
vt 0.247239 0.104399
vt 0.254806 0.100027
vt 0.260124 0.100016
vt 0.270351 0.097982
vt 0.265338 0.099503
vt 0.274971 0.095512
vt 0.279021 0.092189
vt 0.282345 0.088139
vt 0.284814 0.083519
vt 0.286849 0.073292
vt 0.286335 0.078505
vt 0.286335 0.068078
vt 0.284814 0.063065
vt 0.282345 0.058444
vt 0.279021 0.054395
vt 0.274971 0.051071
vt 0.265338 0.047081
vt 0.270351 0.048602
vt 0.260124 0.046567
vt 0.249897 0.048602
vt 0.245277 0.051071
vt 0.241227 0.054395
vt 0.235434 0.063065
vt 0.237904 0.058444
vt 0.233913 0.068078
vt 0.233400 0.073292
vt 0.233913 0.078505
vt 0.235434 0.083519
vt 0.237904 0.088139
vt 0.241227 0.092189
vt 0.249897 0.097982
vt 0.245277 0.095512
vt 0.254911 0.099503
vt 0.274510 0.087677
vt 0.256155 0.093245
vt 0.252339 0.054496
vt 0.277040 0.084594
vt 0.260124 0.093636
vt 0.248821 0.056376
vt 0.278920 0.081077
vt 0.245738 0.058906
vt 0.280078 0.077261
vt 0.243208 0.061989
vt 0.280469 0.073292
vt 0.241329 0.065506
vt 0.280078 0.069323
vt 0.240171 0.069323
vt 0.278920 0.065506
vt 0.239780 0.073292
vt 0.277040 0.061989
vt 0.240171 0.077261
vt 0.274510 0.058906
vt 0.241329 0.081077
vt 0.271427 0.056376
vt 0.243208 0.084595
vt 0.267910 0.054496
vt 0.264093 0.093245
vt 0.245738 0.087677
vt 0.264093 0.053338
vt 0.267910 0.092088
vt 0.248822 0.090208
vt 0.271427 0.090207
vt 0.252339 0.092088
vt 0.977604 0.021962
vt 0.977604 0.037295
vt 0.969937 0.035241
vt 0.964325 0.029629
vt 0.962271 0.021962
vt 0.964325 0.014295
vt 0.969937 0.008683
vt 0.977604 0.006628
vt 0.985271 0.008683
vt 0.990883 0.014295
vt 0.992937 0.021962
vt 0.990883 0.029629
vt 0.985271 0.035241
vt 0.503493 0.069436
vt 0.498993 0.033436
vt 0.503493 0.033436
vt 0.507993 0.033436
vt 0.512493 0.069436
vt 0.512493 0.033436
vt 0.516993 0.033436
vt 0.521493 0.069436
vt 0.521493 0.033436
vt 0.525994 0.069436
vt 0.525994 0.033436
vt 0.530494 0.069436
vt 0.530494 0.033436
vt 0.534994 0.069436
vt 0.534994 0.033436
vt 0.539494 0.069436
vt 0.539494 0.033436
vt 0.543994 0.069436
vt 0.543994 0.033436
vt 0.548494 0.069436
vt 0.548494 0.033436
vt 0.552994 0.033436
vt 0.557494 0.069436
vt 0.557494 0.033436
vt 0.561994 0.069436
vt 0.561994 0.033436
vt 0.566494 0.069436
vt 0.566494 0.033436
vt 0.570994 0.069436
vt 0.570994 0.033436
vt 0.575494 0.069436
vt 0.575494 0.033436
vt 0.579994 0.069436
vt 0.579994 0.033436
vt 0.584494 0.069436
vt 0.584494 0.033436
vt 0.588994 0.069436
vt 0.588994 0.033436
vt 0.593494 0.069436
vt 0.593494 0.033436
vt 0.597995 0.069436
vt 0.597995 0.033436
vt 0.602495 0.069436
vt 0.602495 0.033436
vt 0.606995 0.033436
vt 0.611495 0.069436
vt 0.611495 0.033436
vt 0.615995 0.069436
vt 0.615995 0.033436
vt 0.620495 0.069436
vt 0.620495 0.033436
vt 0.624995 0.033436
vt 0.629495 0.069436
vt 0.629495 0.033436
vt 0.633995 0.069436
vt 0.633995 0.033436
vt 0.638495 0.033436
vt 0.642995 0.069436
vt 0.642995 0.033436
vt 0.507790 0.360570
vt 0.503290 0.372571
vt 0.503290 0.360570
vt 0.507790 0.372571
vt 0.512290 0.372571
vt 0.512290 0.360570
vt 0.061515 0.055518
vt 0.057596 0.064710
vt 0.057596 0.055518
vt 0.516790 0.372571
vt 0.066015 0.055518
vt 0.061515 0.064710
vt 0.521291 0.384571
vt 0.521291 0.372571
vt 0.070515 0.064710
vt 0.070515 0.055518
vt 0.525791 0.384571
vt 0.525791 0.372571
vt 0.074434 0.064710
vt 0.074434 0.055518
vt 0.530291 0.372571
vt 0.534791 0.372571
vt 0.530291 0.360570
vt 0.534791 0.360570
vt 0.539291 0.372571
vt 0.539291 0.360570
vt 0.543791 0.372571
vt 0.543791 0.360570
vt 0.548291 0.360570
vt 0.548291 0.372571
vt 0.097516 0.055518
vt 0.093597 0.064710
vt 0.093597 0.055518
vt 0.552791 0.384571
vt 0.552791 0.372571
vt 0.102016 0.064710
vt 0.102016 0.055518
vt 0.557291 0.384571
vt 0.557291 0.372571
vt 0.106516 0.064710
vt 0.106516 0.055518
vt 0.561791 0.384571
vt 0.561791 0.372571
vt 0.110435 0.064710
vt 0.110435 0.055518
vt 0.566291 0.372571
vt 0.570791 0.372571
vt 0.566291 0.360570
vt 0.570791 0.360570
vt 0.575291 0.372571
vt 0.575291 0.360570
vt 0.579791 0.372571
vt 0.579791 0.360570
vt 0.584291 0.360570
vt 0.584291 0.372571
vt 0.133516 0.064710
vt 0.129597 0.055518
vt 0.133516 0.055518
vt 0.588791 0.384571
vt 0.588791 0.372571
vt 0.138016 0.064710
vt 0.138016 0.055518
vt 0.593291 0.384571
vt 0.593291 0.372571
vt 0.142516 0.064710
vt 0.142516 0.055518
vt 0.597792 0.372571
vt 0.146435 0.064710
vt 0.146435 0.055518
vt 0.602292 0.372571
vt 0.606792 0.372571
vt 0.602292 0.360570
vt 0.606792 0.360570
vt 0.611292 0.372571
vt 0.611292 0.360570
vt 0.615792 0.372571
vt 0.615792 0.360570
vt 0.620292 0.360570
vt 0.620292 0.372571
vt 0.169517 0.064710
vt 0.165598 0.055518
vt 0.169517 0.055518
vt 0.624792 0.384571
vt 0.624792 0.372571
vt 0.174017 0.064710
vt 0.174017 0.055518
vt 0.629292 0.384571
vt 0.629292 0.372571
vt 0.178517 0.064710
vt 0.178517 0.055518
vt 0.633792 0.384571
vt 0.633792 0.372571
vt 0.182436 0.064710
vt 0.182436 0.055518
vt 0.638292 0.372571
vt 0.642792 0.372571
vt 0.638292 0.360570
vt 0.642792 0.360570
vt 0.647292 0.372571
vt 0.647292 0.360570
vt 0.183781 0.090119
vt 0.178906 0.091369
vt 0.178906 0.090119
vt 0.174030 0.090119
vt 0.174030 0.091369
vt 0.169154 0.090119
vt 0.169154 0.091369
vt 0.164278 0.090119
vt 0.164278 0.091369
vt 0.147781 0.090119
vt 0.142905 0.091369
vt 0.142905 0.090119
vt 0.138029 0.090119
vt 0.138029 0.091369
vt 0.133153 0.091369
vt 0.133153 0.090119
vt 0.128278 0.090119
vt 0.128278 0.091369
vt 0.111780 0.090119
vt 0.106905 0.091369
vt 0.106905 0.090119
vt 0.102029 0.090119
vt 0.102029 0.091369
vt 0.097153 0.090119
vt 0.097153 0.091369
vt 0.092277 0.090119
vt 0.092277 0.091369
vt 0.075780 0.090119
vt 0.070904 0.091369
vt 0.070904 0.090119
vt 0.066028 0.090119
vt 0.066028 0.091369
vt 0.061152 0.091369
vt 0.061152 0.090119
vt 0.056277 0.090119
vt 0.056277 0.091369
vt 0.183781 0.054118
vt 0.185031 0.066118
vt 0.183781 0.066118
vt 0.164278 0.066118
vt 0.163028 0.054118
vt 0.164278 0.054118
vt 0.147781 0.054118
vt 0.149031 0.066118
vt 0.147781 0.066118
vt 0.128278 0.066118
vt 0.127028 0.054118
vt 0.128278 0.054118
vt 0.111780 0.054118
vt 0.113030 0.066118
vt 0.111780 0.066118
vt 0.092277 0.054118
vt 0.091027 0.066118
vt 0.091027 0.054118
vt 0.075780 0.054118
vt 0.077030 0.066118
vt 0.075780 0.066118
vt 0.056276 0.066118
vt 0.055026 0.054118
vt 0.056276 0.054118
vt 0.056277 0.054118
vt 0.061152 0.052868
vt 0.061152 0.054118
vt 0.066028 0.052868
vt 0.066028 0.054118
vt 0.070904 0.052868
vt 0.070904 0.054118
vt 0.075780 0.054118
vt 0.075780 0.052868
vt 0.092277 0.054118
vt 0.097153 0.052868
vt 0.097153 0.054118
vt 0.102029 0.052868
vt 0.102029 0.054118
vt 0.106905 0.052868
vt 0.106905 0.054118
vt 0.111780 0.054118
vt 0.111780 0.052868
vt 0.128278 0.054118
vt 0.133153 0.052868
vt 0.133153 0.054118
vt 0.138029 0.052868
vt 0.138029 0.054118
vt 0.142905 0.052868
vt 0.142905 0.054118
vt 0.147781 0.054118
vt 0.147781 0.052868
vt 0.164278 0.054118
vt 0.169154 0.052868
vt 0.169154 0.054118
vt 0.174030 0.054118
vt 0.174030 0.052868
vt 0.178906 0.054118
vt 0.178906 0.052868
vt 0.183781 0.054118
vt 0.183781 0.052868
vt 0.183781 0.078119
vt 0.185031 0.090119
vt 0.183781 0.090119
vt 0.164278 0.090119
vt 0.163028 0.078119
vt 0.164278 0.078119
vt 0.147781 0.078119
vt 0.149031 0.090119
vt 0.147781 0.090119
vt 0.128277 0.090119
vt 0.127028 0.078119
vt 0.128277 0.078119
vt 0.111780 0.078119
vt 0.113030 0.090119
vt 0.111780 0.090119
vt 0.092277 0.090119
vt 0.091027 0.078119
vt 0.092277 0.078119
vt 0.075780 0.078119
vt 0.077030 0.090119
vt 0.075780 0.090119
vt 0.056276 0.090119
vt 0.055026 0.078119
vt 0.056276 0.078119
vt 0.056277 0.066118
vt 0.061152 0.067368
vt 0.056277 0.067368
vt 0.056277 0.078119
vt 0.061152 0.076869
vt 0.061152 0.078119
vt 0.066028 0.066118
vt 0.061152 0.066118
vt 0.066028 0.076869
vt 0.066028 0.078119
vt 0.070904 0.067368
vt 0.066028 0.067368
vt 0.070904 0.076869
vt 0.070904 0.078119
vt 0.075780 0.066118
vt 0.070904 0.066118
vt 0.075780 0.078119
vt 0.075780 0.076869
vt 0.092277 0.066118
vt 0.097153 0.067368
vt 0.092277 0.067368
vt 0.092277 0.078119
vt 0.097153 0.076869
vt 0.097153 0.078119
vt 0.097153 0.066118
vt 0.102029 0.067368
vt 0.102029 0.076869
vt 0.102029 0.078119
vt 0.102029 0.066118
vt 0.106905 0.067368
vt 0.106905 0.076869
vt 0.106905 0.078119
vt 0.111780 0.066118
vt 0.106905 0.066118
vt 0.111780 0.078119
vt 0.111780 0.076869
vt 0.128278 0.066118
vt 0.133153 0.067368
vt 0.128278 0.067368
vt 0.128278 0.078119
vt 0.133153 0.076869
vt 0.133153 0.078119
vt 0.133153 0.066118
vt 0.138029 0.067368
vt 0.138029 0.076869
vt 0.138029 0.078119
vt 0.138029 0.066118
vt 0.142905 0.067368
vt 0.142905 0.076869
vt 0.142905 0.078119
vt 0.147781 0.066118
vt 0.142905 0.066118
vt 0.147781 0.078119
vt 0.147781 0.076869
vt 0.164278 0.066118
vt 0.169154 0.067368
vt 0.164278 0.067368
vt 0.164278 0.078119
vt 0.169154 0.076869
vt 0.169154 0.078119
vt 0.169154 0.066118
vt 0.174030 0.067368
vt 0.174030 0.076869
vt 0.174030 0.078119
vt 0.174030 0.066118
vt 0.178906 0.067368
vt 0.178906 0.076869
vt 0.178906 0.078119
vt 0.183781 0.066118
vt 0.178906 0.066118
vt 0.183781 0.078119
vt 0.183781 0.076869
vt 0.178893 0.090114
vt 0.174017 0.090114
vt 0.169141 0.090114
vt 0.165598 0.088711
vt 0.164265 0.090114
vt 0.142892 0.090114
vt 0.142516 0.088711
vt 0.138016 0.090114
vt 0.133140 0.090114
vt 0.129597 0.088711
vt 0.128265 0.090114
vt 0.106891 0.090114
vt 0.102016 0.090114
vt 0.097140 0.090114
vt 0.093597 0.088711
vt 0.092264 0.090114
vt 0.070891 0.090114
vt 0.066015 0.090114
vt 0.061139 0.090114
vt 0.057596 0.088711
vt 0.056263 0.090114
vt 0.183768 0.066114
vt 0.164265 0.066114
vt 0.164265 0.054114
vt 0.147768 0.066114
vt 0.128265 0.066114
vt 0.128265 0.054114
vt 0.111767 0.066114
vt 0.092264 0.066114
vt 0.092264 0.054114
vt 0.075767 0.066114
vt 0.056263 0.066114
vt 0.056263 0.054114
vt 0.061139 0.054114
vt 0.066015 0.054114
vt 0.070891 0.054114
vt 0.075767 0.054114
vt 0.097140 0.054114
vt 0.102016 0.054114
vt 0.106891 0.054114
vt 0.111767 0.054114
vt 0.133140 0.054114
vt 0.138016 0.054114
vt 0.142892 0.054114
vt 0.147768 0.054114
vt 0.169141 0.054114
vt 0.174017 0.054114
vt 0.178892 0.054114
vt 0.183768 0.054114
vt 0.183768 0.078114
vt 0.183768 0.090114
vt 0.164265 0.078114
vt 0.147768 0.090114
vt 0.128265 0.078114
vt 0.111767 0.090114
vt 0.092264 0.078114
vt 0.075767 0.090114
vt 0.056263 0.078114
vt 0.061139 0.066114
vt 0.061139 0.078114
vt 0.066015 0.066114
vt 0.066015 0.078114
vt 0.066015 0.064710
vt 0.070891 0.078114
vt 0.070891 0.066114
vt 0.075767 0.078114
vt 0.097140 0.066114
vt 0.097140 0.078114
vt 0.097516 0.064710
vt 0.102016 0.078114
vt 0.102016 0.066114
vt 0.106891 0.078114
vt 0.106891 0.066114
vt 0.111767 0.078114
vt 0.129597 0.064710
vt 0.133140 0.066114
vt 0.133140 0.078114
vt 0.138016 0.078114
vt 0.138016 0.066114
vt 0.142892 0.078114
vt 0.142892 0.066114
vt 0.147768 0.078114
vt 0.165598 0.064710
vt 0.169141 0.066114
vt 0.169141 0.078114
vt 0.174017 0.078114
vt 0.174017 0.066114
vt 0.178893 0.078114
vt 0.178892 0.066114
vt 0.507437 0.445730
vt 0.503795 0.473121
vt 0.507437 0.473121
vt 0.511079 0.473121
vt 0.511079 0.445730
vt 0.514722 0.473121
vt 0.514722 0.445730
vt 0.518364 0.473121
vt 0.518364 0.445730
vt 0.522007 0.445730
vt 0.522007 0.473121
vt 0.525649 0.473121
vt 0.525649 0.445730
vt 0.529292 0.473121
vt 0.529292 0.445730
vt 0.532934 0.473121
vt 0.532934 0.445730
vt 0.536577 0.473121
vt 0.536577 0.445730
vt 0.540219 0.473121
vt 0.540219 0.445730
vt 0.543862 0.473121
vt 0.543862 0.445730
vt 0.547504 0.473121
vt 0.547504 0.445730
vt 0.551146 0.473121
vt 0.551147 0.445730
vt 0.554789 0.473121
vt 0.554789 0.445730
vt 0.558431 0.445730
vt 0.558431 0.473121
vt 0.562074 0.473121
vt 0.562074 0.445730
vt 0.565716 0.473121
vt 0.565716 0.445730
vt 0.569359 0.473121
vt 0.569359 0.445730
vt 0.573001 0.473121
vt 0.573001 0.445730
vt 0.576644 0.473121
vt 0.576644 0.445730
vt 0.580286 0.473121
vt 0.580286 0.445730
vt 0.583929 0.473121
vt 0.583929 0.445730
vt 0.587571 0.473121
vt 0.587571 0.445730
vt 0.591213 0.473121
vt 0.591214 0.445730
vt 0.594856 0.473121
vt 0.594856 0.445730
vt 0.598498 0.473121
vt 0.598498 0.445730
vt 0.602141 0.473121
vt 0.602141 0.445730
vt 0.605783 0.473121
vt 0.605783 0.445730
vt 0.609426 0.473121
vt 0.609426 0.445730
vt 0.613068 0.473121
vt 0.613068 0.445730
vt 0.616711 0.473121
vt 0.616711 0.445730
vt 0.620353 0.445730
vt 0.620353 0.473121
vt 0.503795 0.445730
vt 0.613354 0.447081
vt 0.587497 0.472522
vt 0.587497 0.447081
vt 0.613354 0.472522
vt 0.512849 0.447081
vt 0.538706 0.472522
vt 0.512849 0.472522
vt 0.580012 0.447081
vt 0.546204 0.472522
vt 0.546204 0.447081
vt 0.538706 0.447081
vt 0.508894 0.447081
vt 0.505377 0.472522
vt 0.505377 0.447081
vt 0.505370 0.447081
vt 0.508894 0.472522
vt 0.505370 0.472522
vt 0.505375 0.472522
vt 0.505375 0.447081
vt 0.505368 0.472522
vt 0.505368 0.447081
vt 0.620806 0.472522
vt 0.617296 0.447081
vt 0.620806 0.447081
vt 0.617296 0.472522
vt 0.580012 0.472522
vt 0.583542 0.447081
vt 0.583542 0.472522
vt 0.542649 0.447081
vt 0.542649 0.472522
vt 0.630100 0.524251
vt 0.745155 0.448508
vt 0.745155 0.524251
vt 0.745130 0.448517
vt 0.630078 0.524260
vt 0.630078 0.448517
vt 0.745130 0.448507
vt 0.630078 0.524251
vt 0.630078 0.448507
vt 0.630098 0.524261
vt 0.745155 0.448516
vt 0.745155 0.524260
vt 0.089305 0.031687
vt 0.086712 0.030630
vt 0.086759 0.030218
vt 0.083709 0.035832
vt 0.085921 0.037548
vt 0.083376 0.036078
vt 0.086712 0.037136
vt 0.089305 0.036078
vt 0.086759 0.037548
vt 0.089344 0.035187
vt 0.089724 0.032413
vt 0.089724 0.035353
vt 0.082957 0.032413
vt 0.083337 0.035187
vt 0.082957 0.035353
vt 0.086340 0.030911
vt 0.088914 0.035369
vt 0.083766 0.035369
vt 0.085968 0.030630
vt 0.083766 0.032397
vt 0.083337 0.032578
vt 0.083709 0.031934
vt 0.086340 0.036855
vt 0.085968 0.037136
vt 0.088972 0.035832
vt 0.088914 0.032397
vt 0.088972 0.031934
vt 0.089344 0.032578
vt 0.085921 0.030218
vt 0.083376 0.031687
vt 0.409967 0.360507
vt 0.410753 0.359115
vt 0.410115 0.360655
vt 0.408575 0.356938
vt 0.407184 0.357724
vt 0.407036 0.357576
vt 0.406607 0.359115
vt 0.406398 0.359115
vt 0.407184 0.360507
vt 0.407036 0.360655
vt 0.408575 0.361084
vt 0.408575 0.361293
vt 0.410543 0.359115
vt 0.410115 0.357576
vt 0.409967 0.357724
vt 0.410307 0.359115
vt 0.409799 0.357891
vt 0.408575 0.357148
vt 0.408575 0.357384
vt 0.407351 0.357891
vt 0.406844 0.359115
vt 0.407351 0.360340
vt 0.408575 0.360847
vt 0.409799 0.360340
vt 0.747309 0.256537
vt 0.624363 0.261578
vt 0.627274 0.256537
vt 0.731382 0.294206
vt 0.687292 0.370574
vt 0.643201 0.294206
vt 0.747309 0.256536
vt 0.624363 0.261578
vt 0.750220 0.261578
vt 0.750220 0.261578
vt 0.687292 0.370573
vt 0.731382 0.294206
vt 0.643201 0.294206
vt 0.166897 0.954831
vt 0.181979 0.938198
vt 0.181979 0.954831
vt 0.166897 0.971465
vt 0.181979 0.971465
vt 0.166897 0.997353
vt 0.181979 0.997353
vt 0.166897 0.895640
vt 0.181979 0.921541
vt 0.166897 0.921541
vt 0.166897 0.938198
vt 0.181979 0.938198
vt 0.166897 0.954831
vt 0.181979 0.954831
vt 0.166897 0.971465
vt 0.181979 0.971465
vt 0.166897 0.997338
vt 0.181979 0.997338
vt 0.166897 0.921576
vt 0.181979 0.895684
vt 0.181979 0.921576
vt 0.166897 0.938198
vt 0.166897 0.997381
vt 0.181979 0.997381
vt 0.166897 0.921567
vt 0.181979 0.895672
vt 0.181979 0.921567
vt 0.166897 0.997370
vt 0.181979 0.997370
vt 0.166897 0.921550
vt 0.181979 0.895652
vt 0.181979 0.921550
vt 0.360719 0.302778
vt 0.283994 0.369805
vt 0.283994 0.302778
vt 0.859616 0.309085
vt 0.859602 0.309085
vt 0.859601 0.309085
vt 0.859594 0.305389
vt 0.859608 0.305389
vt 0.859594 0.305389
vt 0.858851 0.305389
vt 0.638292 0.396571
vt 0.615792 0.396571
vt 0.602292 0.396571
vt 0.566291 0.396571
vt 0.548291 0.396571
vt 0.530291 0.396571
vt 0.507790 0.396571
vt 0.498993 0.069436
vt 0.507993 0.069436
vt 0.516993 0.069436
vt 0.552994 0.069436
vt 0.606995 0.069436
vt 0.624995 0.069436
vt 0.638495 0.069436
vt 0.516790 0.384571
vt 0.597792 0.384571
vt 0.183781 0.091369
vt 0.147781 0.091369
vt 0.111780 0.091369
vt 0.075780 0.091369
vt 0.185031 0.054118
vt 0.163028 0.066118
vt 0.149031 0.054118
vt 0.127028 0.066118
vt 0.113030 0.054118
vt 0.092277 0.066118
vt 0.077030 0.054118
vt 0.055026 0.066118
vt 0.056277 0.052868
vt 0.092277 0.052868
vt 0.128278 0.052868
vt 0.164278 0.052868
vt 0.185031 0.078119
vt 0.163028 0.090119
vt 0.149031 0.078119
vt 0.127028 0.090119
vt 0.113030 0.078119
vt 0.091027 0.090119
vt 0.077030 0.078119
vt 0.055026 0.090119
vt 0.056277 0.076869
vt 0.075780 0.067368
vt 0.092277 0.076869
vt 0.111780 0.067368
vt 0.128278 0.076869
vt 0.147781 0.067368
vt 0.164278 0.076869
vt 0.183781 0.067368
vt 0.630100 0.448509
vt 0.745130 0.524259
vt 0.745130 0.524251
vt 0.630098 0.448516
vt 0.627274 0.256536
vt 0.181979 0.895640
vt 0.166897 0.895684
vt 0.166897 0.895672
vt 0.166897 0.895652
vt 0.360719 0.369805
s 1
usemtl MI_MyNewMachine
f 203/1/1 204/2/2 205/3/3
f 135/4/4 132/5/5 133/6/6
f 207/7/7 204/2/2 206/8/8
f 210/9/9 213/10/10 235/11/11
f 197/12/12 194/13/13 196/14/14
f 213/10/10 214/15/15 215/16/16
f 217/17/17 153/18/18 154/19/19
f 152/20/20 84/21/21 151/22/22
f 87/23/23 84/21/21 85/24/24
f 152/20/20 149/25/25 150/26/26
f 86/27/27 89/28/28 88/29/29
f 105/30/30 106/31/31 104/32/32
f 225/33/33 92/34/34 93/35/35
f 106/31/31 78/36/36 108/37/37
f 191/38/38 192/39/39 228/40/40
f 95/41/41 96/42/42 94/43/43
f 101/44/44 98/45/45 99/46/46
f 103/47/47 100/48/48 101/44/44
f 167/49/49 170/50/50 168/51/51
f 102/52/52 105/30/30 104/32/32
f 141/53/53 142/54/54 140/55/55
f 79/56/56 109/57/57 110/58/58
f 124/59/59 80/60/60 126/61/61
f 180/62/62 177/63/63 181/64/64
f 112/65/65 114/66/66 113/67/67
f 119/68/68 116/69/69 117/70/70
f 121/71/71 118/72/72 119/68/68
f 45/73/73 116/69/69 46/74/74
f 120/75/75 123/76/76 122/77/77
f 207/7/7 208/78/78 232/79/79
f 81/80/80 127/81/81 128/82/82
f 142/54/54 82/83/83 144/84/84
f 130/85/85 132/5/5 131/86/86
f 137/87/87 134/88/88 135/4/4
f 139/89/89 136/90/90 137/87/87
f 56/91/91 134/88/88 58/92/92
f 138/93/93 141/53/53 140/55/55
f 158/94/94 159/95/95 218/96/96
f 237/97/97 145/98/98 146/99/99
f 95/41/41 92/34/34 77/100/100
f 148/101/101 149/25/25 147/102/102
f 153/18/18 156/103/103 154/19/19
f 90/104/104 75/105/105 91/106/106
f 200/107/107 203/1/1 201/108/108
f 197/12/12 198/109/109 199/110/110
f 89/28/28 90/104/104 88/29/29
f 112/65/65 109/57/57 111/111/111
f 191/38/38 188/112/112 190/113/113
f 117/70/70 114/66/66 115/114/114
f 186/115/115 189/116/116 187/117/117
f 184/118/118 187/117/117 185/119/119
f 180/62/62 182/120/120 183/121/121
f 130/85/85 127/81/81 129/122/122
f 123/76/76 124/59/59 122/77/77
f 174/123/123 171/124/124 173/125/125
f 99/46/46 96/42/42 97/126/126
f 165/127/127 168/51/51 166/128/128
f 36/129/129 98/45/45 8/130/130
f 164/131/131 165/127/127 166/128/128
f 174/123/123 175/132/132 226/133/133
f 148/101/101 145/98/98 83/134/134
f 158/94/94 155/135/135 157/136/136
f 30/137/137 84/21/21 31/138/138
f 227/139/139 175/132/132 176/140/140
f 70/141/141 177/63/63 179/142/142
f 229/143/143 192/39/39 193/144/144
f 230/145/145 194/13/13 231/146/146
f 233/147/147 208/78/78 209/148/148
f 234/149/149 210/9/9 235/11/11
f 222/150/150 161/151/151 223/152/152
f 219/153/153 159/95/95 160/154/154
f 1/155/155 152/20/20 69/156/156
f 28/157/157 151/22/22 30/137/137
f 33/158/158 85/24/24 1/155/155
f 29/159/159 152/20/20 150/26/26
f 32/160/160 88/29/29 2/161/161
f 33/158/158 89/28/28 87/23/23
f 3/162/162 88/29/29 90/104/104
f 3/162/162 91/106/106 4/163/163
f 6/164/164 93/35/35 92/34/34
f 6/164/164 94/43/43 35/165/165
f 36/129/129 94/43/43 96/42/42
f 37/166/166 95/41/41 7/167/167
f 37/166/166 99/46/46 97/126/126
f 8/130/130 100/48/48 9/168/168
f 39/169/169 99/46/46 38/170/170
f 10/171/171 169/172/172 9/173/168
f 40/174/173 101/44/44 39/169/169
f 36/175/129 167/49/49 165/127/127
f 10/176/171 104/32/32 41/177/174
f 40/174/173 105/30/30 103/47/47
f 11/178/175 104/32/32 106/31/31
f 42/179/176 107/180/177 105/30/30
f 11/178/175 108/37/37 12/181/178
f 14/182/179 110/58/58 109/57/57
f 16/183/180 111/111/111 15/184/181
f 14/182/179 113/67/67 44/185/182
f 45/73/73 113/67/67 114/66/66
f 17/186/183 112/65/65 16/183/180
f 48/187/184 118/72/72 120/75/75
f 46/74/74 118/72/72 19/188/185
f 47/189/186 117/70/70 18/190/187
f 45/191/73 184/118/118 182/120/120
f 49/192/188 119/68/68 47/189/186
f 17/193/183 185/119/119 18/194/187
f 48/187/184 122/77/77 50/195/189
f 49/192/188 123/76/76 121/71/71
f 20/196/190 122/77/77 124/59/59
f 51/197/191 125/198/192 123/76/76
f 20/196/190 126/61/61 21/199/193
f 22/200/194 128/82/82 127/81/81
f 23/201/195 129/122/122 54/202/196
f 22/200/194 131/86/86 55/203/197
f 56/91/91 131/86/86 132/5/5
f 57/204/198 130/85/85 23/201/195
f 61/205/199 136/90/90 138/93/93
f 59/206/200 134/88/88 136/90/90
f 24/207/201 137/87/87 135/4/4
f 56/208/91 200/107/107 198/109/109
f 62/209/202 137/87/87 60/210/203
f 57/211/198 201/108/108 24/212/201
f 61/205/199 140/55/55 63/213/204
f 62/209/202 141/53/53 139/89/89
f 25/214/205 140/55/55 142/54/54
f 64/215/206 143/216/207 141/53/53
f 25/214/205 144/84/84 66/217/208
f 68/218/209 146/99/99 145/98/98
f 68/218/209 147/102/102 26/219/210
f 28/157/157 147/102/102 149/25/25
f 29/159/159 148/101/101 27/220/211
f 32/221/160 153/18/18 31/222/138
f 31/222/138 216/223/212 30/224/137
f 69/225/156 154/19/19 1/226/155
f 28/227/157 216/223/212 214/15/15
f 1/226/155 156/103/103 33/228/158
f 29/229/159 217/17/17 69/225/156
f 32/221/160 157/136/136 155/135/135
f 34/230/213 156/103/103 158/94/94
f 3/231/162 157/136/136 2/232/161
f 198/109/109 201/108/108 199/110/110
f 3/231/162 160/154/154 159/95/95
f 6/233/164 162/234/214 5/235/215
f 6/233/164 163/236/216 161/151/151
f 36/175/129 163/236/216 35/237/165
f 7/238/167 166/128/128 37/239/166
f 37/239/166 168/51/51 38/240/170
f 8/241/130 169/172/172 167/49/49
f 38/240/170 170/50/50 39/242/169
f 39/242/169 172/243/217 40/244/173
f 10/176/171 100/48/48 102/52/52
f 10/171/171 173/125/125 171/124/124
f 42/245/176 172/243/217 174/123/123
f 11/246/175 173/125/125 41/247/174
f 215/16/16 216/223/212 217/17/17
f 11/246/175 176/140/140 175/132/132
f 14/248/179 178/249/218 13/250/219
f 16/251/180 179/142/142 180/62/62
f 14/248/179 181/64/64 177/63/63
f 45/191/73 181/64/64 44/252/182
f 16/251/180 183/121/121 17/193/183
f 48/253/184 186/115/115 19/254/185
f 19/254/185 184/118/118 46/255/74
f 18/194/187 187/117/117 47/256/186
f 18/190/187 115/114/114 17/186/183
f 47/256/186 189/116/116 49/257/188
f 48/253/184 190/113/113 188/112/112
f 51/258/191 189/116/116 191/38/38
f 20/259/190 190/113/113 50/260/189
f 182/120/120 185/119/119 183/121/121
f 20/259/190 193/144/144 192/39/39
f 22/261/194 195/262/220 53/263/221
f 22/261/194 196/14/14 194/13/13
f 56/208/91 196/14/14 55/264/197
f 23/265/195 199/110/110 57/211/198
f 61/266/199 202/267/222 59/268/200
f 58/269/92 202/267/222 200/107/107
f 24/212/201 203/1/1 60/270/203
f 135/4/4 57/204/198 24/207/201
f 60/270/203 205/3/3 62/271/202
f 61/266/199 206/8/8 204/2/2
f 64/272/206 205/3/3 207/7/7
f 25/273/205 206/8/8 63/274/204
f 25/273/205 209/148/148 208/78/78
f 68/275/209 211/276/223 67/277/224
f 68/275/209 212/278/225 210/9/9
f 28/227/157 212/278/225 26/279/210
f 27/280/211 215/16/16 29/229/159
f 32/160/160 84/21/21 86/27/27
f 220/281/226 218/96/96 219/153/153
f 74/282/227 75/105/105 221/283/228
f 76/284/229 223/152/152 224/285/230
f 224/286/230 225/33/33 76/287/229
f 238/288/231 226/133/133 227/139/139
f 71/289/232 228/40/40 229/143/143
f 240/290/233 231/146/146 54/291/196
f 72/292/234 232/79/79 233/147/147
f 73/293/235 235/11/11 236/294/236
f 73/295/235 83/134/134 237/97/97
f 220/281/226 160/154/154 4/296/163
f 220/297/226 91/106/106 75/105/105
f 76/284/229 162/234/214 222/150/150
f 76/287/229 93/35/35 5/298/215
f 238/288/231 176/140/140 12/299/178
f 238/300/231 108/37/37 78/36/36
f 239/301/237 178/249/218 70/141/141
f 239/302/237 110/58/58 13/303/219
f 71/289/232 193/144/144 21/304/193
f 71/305/232 126/61/61 80/60/60
f 240/290/233 195/262/220 230/145/145
f 240/306/233 128/82/82 53/307/221
f 72/292/234 209/148/148 66/308/208
f 72/309/234 144/84/84 82/83/83
f 73/293/235 211/276/223 234/149/149
f 73/295/235 146/99/99 67/310/224
f 34/311/213 221/283/228 89/28/28
f 7/167/167 77/100/100 224/286/230
f 27/220/211 83/134/134 236/312/236
f 34/230/213 218/96/96 74/313/227
f 7/238/167 223/152/152 164/131/131
f 42/245/176 226/133/133 43/314/238
f 51/258/191 228/40/40 52/315/239
f 23/265/195 231/146/146 197/12/12
f 64/272/206 232/79/79 65/316/240
f 27/280/211 235/11/11 213/10/10
f 43/317/238 78/36/36 107/180/177
f 239/301/237 179/142/142 15/318/181
f 239/302/237 111/111/111 79/56/56
f 71/305/232 125/198/192 52/319/239
f 54/202/196 81/80/80 240/306/233
f 72/309/234 143/216/207 65/320/240
f 169/172/172 172/243/217 170/50/50
f 164/131/131 161/151/151 163/236/216
f 248/321/241 255/322/241 247/323/241
f 259/321/242 257/322/242 258/323/242
f 263/324/243 261/325/243 262/326/243
f 267/327/244 265/328/244 266/329/244
f 271/330/244 269/331/244 270/332/244
f 275/333/245 273/334/245 274/335/245
f 279/336/243 277/337/243 278/338/243
f 282/339/242 284/340/242 281/341/242
f 287/342/245 285/343/245 286/344/245
f 253/324/246 246/325/246 256/326/246
f 250/327/247 252/328/247 249/329/247
f 319/330/247 318/331/247 320/332/247
f 308/333/248 316/334/249 315/335/249
f 311/336/246 314/337/246 310/338/246
f 309/345/241 306/341/250 312/339/250
f 242/342/249 244/343/249 243/344/249
f 291/321/251 290/322/252 289/323/252
f 295/324/253 294/325/253 293/326/253
f 299/327/254 298/328/254 297/329/254
f 323/330/254 322/331/254 321/332/254
f 327/333/255 326/334/255 325/335/255
f 331/336/253 330/337/253 329/338/253
f 335/345/252 334/341/251 333/339/251
f 303/342/255 302/343/255 301/344/255
f 402/346/256 608/347/257 607/348/243
f 401/349/258 718/350/259 608/347/257
f 403/351/260 829/352/261 610/353/262
f 750/354/263 827/355/264 829/352/261
f 752/356/265 825/357/266 827/355/264
f 753/358/267 618/359/268 825/357/266
f 674/360/269 620/361/270 719/362/271
f 620/361/270 409/363/272 622/364/245
f 409/363/272 624/365/273 622/364/245
f 410/366/274 720/367/275 624/365/273
f 411/368/276 823/369/277 626/370/278
f 823/369/277 757/371/279 821/372/280
f 757/371/279 819/373/281 821/372/280
f 758/374/282 634/375/283 819/373/281
f 679/376/284 636/377/285 721/378/286
f 416/379/287 638/380/244 636/377/285
f 417/381/288 640/382/289 638/380/244
f 418/383/290 722/384/291 640/382/289
f 419/385/292 817/386/293 642/387/294
f 760/388/295 815/389/296 817/386/293
f 762/390/297 813/391/298 815/389/296
f 763/392/299 650/393/300 813/391/298
f 723/394/301 424/395/302 652/396/303
f 424/395/302 654/397/242 652/396/303
f 425/398/304 656/399/305 654/397/242
f 426/400/306 724/401/307 656/399/305
f 427/402/308 811/403/309 658/404/310
f 765/405/311 809/406/312 811/403/309
f 767/407/313 807/408/314 809/406/312
f 768/409/315 666/410/316 807/408/314
f 372/411/317 545/412/243 546/413/257
f 689/414/318 668/415/319 725/416/320
f 668/415/319 402/417/256 607/418/243
f 434/419/321 465/420/322 464/421/323
f 495/422/324 402/423/256 496/424/325
f 494/425/326 401/426/258 495/422/324
f 494/425/326 670/427/327 671/428/328
f 493/429/329 672/430/330 670/427/327
f 492/431/331 673/432/332 672/430/330
f 490/433/333 673/432/332 491/434/334
f 489/435/335 674/436/269 490/433/333
f 488/437/336 408/438/337 489/435/335
f 487/439/338 409/440/272 488/437/336
f 487/439/338 676/441/339 410/442/274
f 485/443/340 676/441/339 486/444/341
f 484/445/342 675/446/343 485/443/340
f 483/447/344 677/448/345 484/445/342
f 482/449/346 678/450/347 483/447/344
f 481/451/348 679/452/284 482/449/346
f 480/453/349 416/454/287 481/451/348
f 479/455/350 417/456/288 480/453/349
f 479/455/350 681/457/351 418/458/290
f 478/459/352 680/460/353 681/457/351
f 476/461/354 680/460/353 477/462/355
f 475/463/356 682/464/357 476/461/354
f 474/465/358 683/466/359 475/463/356
f 473/467/360 684/468/361 474/465/358
f 472/469/362 424/470/302 473/467/360
f 472/469/362 426/471/306 425/472/304
f 471/473/363 686/474/364 426/471/306
f 470/475/365 685/476/366 686/474/364
f 469/477/367 687/478/368 685/476/366
f 467/479/369 687/478/368 468/480/370
f 466/481/371 688/482/372 467/479/369
f 466/481/371 432/483/373 689/484/318
f 498/485/374 433/486/375 434/419/321
f 497/487/376 435/488/377 433/486/375
f 500/489/378 435/488/377 499/490/379
f 501/491/380 436/492/381 500/489/378
f 502/493/382 437/494/383 501/491/380
f 503/495/384 438/496/385 502/493/382
f 503/495/384 440/497/386 439/498/387
f 504/499/388 441/500/389 440/497/386
f 506/501/390 441/500/389 505/502/391
f 507/503/392 442/504/393 506/501/390
f 508/505/394 443/506/395 507/503/392
f 509/507/396 444/508/397 508/505/394
f 509/507/396 446/509/398 445/510/399
f 511/511/400 446/509/398 510/512/401
f 511/511/400 448/513/402 447/514/403
f 513/515/404 448/513/402 512/516/405
f 513/515/404 450/517/406 449/518/407
f 515/519/408 450/517/406 514/520/409
f 516/521/410 451/522/411 515/519/408
f 517/523/412 452/524/413 516/521/410
f 517/523/412 454/525/414 453/526/415
f 519/527/416 454/525/414 518/528/417
f 519/527/416 456/529/418 455/530/419
f 520/531/420 457/532/421 456/529/418
f 522/533/422 457/532/421 521/534/423
f 523/535/424 458/536/425 522/533/422
f 524/537/426 459/538/427 523/535/424
f 525/539/428 460/540/429 524/537/426
f 525/539/428 462/541/430 461/542/431
f 527/543/432 462/541/430 526/544/433
f 527/543/432 464/421/323 463/545/434
f 498/485/374 464/421/323 528/546/435
f 433/486/375 496/424/325 434/419/321
f 435/488/377 495/422/324 433/486/375
f 435/488/377 493/429/329 494/425/326
f 437/494/383 493/429/329 436/492/381
f 438/496/385 492/431/331 437/494/383
f 439/498/387 491/434/334 438/496/385
f 439/498/387 489/435/335 490/433/333
f 441/500/389 489/435/335 440/497/386
f 442/504/393 488/437/336 441/500/389
f 443/506/395 487/439/338 442/504/393
f 444/508/397 486/444/341 443/506/395
f 445/510/399 485/443/340 444/508/397
f 445/510/399 483/447/344 484/445/342
f 446/509/398 482/449/346 483/447/344
f 447/514/403 481/451/348 482/449/346
f 449/518/407 481/451/348 448/513/402
f 450/517/406 480/453/349 449/518/407
f 451/522/411 479/455/350 450/517/406
f 452/524/413 478/459/352 451/522/411
f 453/526/415 477/462/355 452/524/413
f 453/526/415 475/463/356 476/461/354
f 454/525/414 474/465/358 475/463/356
f 456/529/418 474/465/358 455/530/419
f 456/529/418 472/469/362 473/467/360
f 457/532/421 471/473/363 472/469/362
f 459/538/427 471/473/363 458/536/425
f 460/540/429 470/475/365 459/538/427
f 461/542/431 469/477/367 460/540/429
f 461/542/431 467/479/369 468/480/370
f 463/545/434 467/479/369 462/541/430
f 463/545/434 465/420/322 466/481/371
f 338/547/436 497/487/376 498/485/374
f 342/548/437 497/487/376 340/549/438
f 344/550/439 499/490/379 342/548/437
f 346/551/440 500/489/378 344/550/439
f 348/552/441 501/491/380 346/551/440
f 348/552/441 503/495/384 502/493/382
f 350/553/442 504/499/388 503/495/384
f 354/554/443 504/499/388 352/555/444
f 356/556/445 505/502/391 354/554/443
f 358/557/446 506/501/390 356/556/445
f 360/558/447 507/503/392 358/557/446
f 360/558/447 509/507/396 508/505/394
f 362/559/448 510/512/401 509/507/396
f 364/560/449 511/511/400 510/512/401
f 368/561/450 511/511/400 366/562/451
f 370/563/452 512/516/405 368/561/450
f 372/411/317 513/515/404 370/563/452
f 374/564/453 514/520/409 372/411/317
f 376/565/454 515/519/408 374/564/453
f 378/566/455 516/521/410 376/565/454
f 378/566/455 518/528/417 517/523/412
f 382/567/456 518/528/417 380/568/457
f 384/569/458 519/527/416 382/567/456
f 386/570/459 520/531/420 384/569/458
f 388/571/460 521/534/423 386/570/459
f 388/571/460 523/535/424 522/533/422
f 390/572/461 524/537/426 523/535/424
f 392/573/462 525/539/428 524/537/426
f 394/574/463 526/544/433 525/539/428
f 398/575/464 526/544/433 396/576/465
f 400/577/466 527/543/432 398/575/464
f 338/547/436 528/546/435 400/577/466
f 344/550/439 533/578/296 346/551/440
f 398/575/464 560/579/285 400/577/466
f 372/411/317 547/580/467 374/564/453
f 346/551/440 534/581/298 348/552/441
f 338/547/436 560/579/285 530/582/244
f 374/564/453 548/583/261 376/565/454
f 348/552/441 535/584/468 350/553/442
f 376/565/454 549/585/264 378/566/455
f 350/553/442 536/586/303 352/555/444
f 378/566/455 550/587/266 380/568/457
f 352/555/444 537/588/242 354/554/443
f 380/568/457 551/589/469 382/567/456
f 354/554/443 538/590/305 356/556/445
f 384/569/458 551/589/469 552/591/270
f 356/556/445 539/592/470 358/557/446
f 384/569/458 553/593/245 386/570/459
f 358/557/446 540/594/309 360/558/447
f 386/570/459 554/595/273 388/571/460
f 362/559/448 540/594/309 541/596/312
f 388/571/460 555/597/471 390/572/461
f 362/559/448 542/598/314 364/560/449
f 390/572/461 556/599/277 392/573/462
f 364/560/449 543/600/472 366/562/451
f 338/547/436 529/601/289 340/549/438
f 392/573/462 557/602/280 394/574/463
f 366/562/451 544/603/319 368/561/450
f 340/549/438 531/604/473 342/548/437
f 396/576/465 557/602/280 558/605/281
f 368/561/450 545/412/243 370/563/452
f 344/550/439 531/604/473 532/606/293
f 396/576/465 559/607/474 398/575/464
f 561/608/475 562/609/475 563/610/475
f 561/608/475 563/610/475 564/611/475
f 561/608/475 564/611/475 565/612/475
f 561/608/475 565/612/475 566/613/475
f 561/608/475 566/613/475 567/614/475
f 561/608/475 567/614/475 568/615/475
f 561/608/475 568/615/475 569/616/475
f 561/608/475 569/616/475 570/617/475
f 561/608/475 570/617/475 571/618/475
f 561/608/475 571/618/475 572/619/475
f 561/608/475 572/619/475 573/620/475
f 561/608/475 573/620/475 562/609/475
f 605/621/319 337/622/243 399/623/319
f 397/624/472 605/621/319 399/623/319
f 706/625/314 397/624/472 395/626/314
f 393/627/312 706/625/314 395/626/314
f 708/628/309 393/627/312 391/629/309
f 703/630/307 391/629/309 389/631/470
f 599/632/305 389/631/470 387/633/305
f 598/634/242 387/633/305 385/635/242
f 597/636/303 385/635/242 383/637/303
f 701/638/301 383/637/303 381/639/468
f 709/640/298 381/639/468 379/641/298
f 377/642/296 709/640/298 379/641/298
f 711/643/293 377/642/296 375/644/293
f 699/645/291 375/644/293 373/646/473
f 591/647/289 373/646/473 371/648/289
f 590/649/244 371/648/289 369/650/244
f 589/651/285 369/650/244 367/652/285
f 697/653/286 367/652/285 365/654/474
f 712/655/281 365/654/474 363/656/281
f 713/657/280 363/656/281 361/658/280
f 714/659/277 361/658/280 359/660/277
f 695/661/275 359/660/277 357/662/471
f 583/663/273 357/662/471 355/664/273
f 353/665/245 583/663/273 355/664/273
f 581/666/270 353/665/245 351/667/270
f 693/668/271 351/667/270 349/669/469
f 715/670/266 349/669/469 347/671/266
f 345/672/264 715/670/266 347/671/266
f 717/673/261 345/672/264 343/674/261
f 691/675/259 343/674/261 341/676/467
f 339/677/257 691/675/259 341/676/467
f 574/678/243 339/677/257 337/679/243
f 605/680/319 606/681/243 574/682/243
f 669/683/319 607/418/243 606/681/243
f 704/684/320 605/680/319 705/685/320
f 725/416/320 669/683/319 704/684/320
f 786/686/314 667/687/316 604/688/316
f 665/689/314 725/416/320 704/684/320
f 787/690/312 806/691/314 786/686/314
f 662/692/312 665/689/314 663/693/312
f 810/694/309 787/690/312 788/695/309
f 660/696/309 663/693/312 661/697/309
f 659/698/310 788/695/309 600/699/310
f 702/700/307 660/696/309 661/697/309
f 657/701/305 703/702/307 599/703/305
f 657/701/305 724/401/307 702/700/307
f 655/704/242 599/703/305 598/705/242
f 654/397/242 657/701/305 655/704/242
f 653/706/303 598/705/242 597/707/303
f 652/396/303 655/704/242 653/706/303
f 701/708/301 653/706/303 597/707/303
f 700/709/301 652/396/303 653/706/303
f 789/710/298 651/711/300 596/712/300
f 648/713/298 700/709/301 649/714/298
f 814/715/296 789/710/298 790/716/296
f 646/717/296 649/714/298 647/718/296
f 816/719/293 790/716/296 791/720/293
f 644/721/293 647/718/296 645/722/293
f 643/723/294 791/720/293 592/724/294
f 722/384/291 645/722/293 698/725/291
f 641/726/289 699/727/291 591/728/289
f 640/382/289 698/725/291 641/726/289
f 639/729/244 591/728/289 590/730/244
f 639/729/244 640/382/289 641/726/289
f 637/731/285 590/730/244 589/732/285
f 636/377/285 639/729/244 637/731/285
f 697/733/286 637/731/285 589/732/285
f 721/378/286 637/731/285 696/734/286
f 818/735/281 588/736/283 792/737/281
f 632/738/281 696/734/286 633/739/281
f 820/740/280 792/737/281 793/741/280
f 630/742/280 633/739/281 631/743/280
f 822/744/277 793/741/280 794/745/277
f 629/746/277 630/742/280 631/743/280
f 627/747/278 794/745/277 584/748/278
f 720/367/275 629/746/277 694/749/275
f 625/750/273 695/751/275 583/752/273
f 624/365/273 694/749/275 625/750/273
f 623/753/245 583/752/273 582/754/245
f 622/364/245 625/750/273 623/753/245
f 621/755/270 582/754/245 581/756/270
f 620/361/270 623/753/245 621/755/270
f 693/757/271 621/755/270 581/756/270
f 719/362/271 621/755/270 692/758/271
f 824/759/266 580/760/268 795/761/266
f 616/762/266 692/758/271 617/763/266
f 826/764/264 795/761/266 796/765/264
f 614/766/264 617/763/266 615/767/264
f 828/768/261 796/765/264 797/769/261
f 612/770/261 615/767/264 613/771/261
f 611/772/262 797/769/261 576/773/262
f 690/774/259 612/770/261 613/771/261
f 609/775/257 691/776/259 575/777/257
f 609/775/257 718/350/259 690/774/259
f 606/778/243 575/777/257 574/779/243
f 607/348/243 609/775/257 606/778/243
f 496/424/325 432/483/373 465/420/322
f 751/780/476 670/781/477 404/782/478
f 405/783/479 670/781/477 672/784/480
f 406/785/481 672/784/480 673/786/482
f 754/787/483 673/786/482 674/788/484
f 756/789/478 675/790/485 412/791/486
f 413/792/487 675/790/485 677/793/488
f 413/792/487 678/794/489 414/795/490
f 759/796/484 678/794/489 679/797/482
f 761/798/486 680/799/479 420/800/491
f 421/801/477 680/799/479 682/802/481
f 422/803/480 682/802/481 683/804/483
f 764/805/482 683/804/483 684/806/489
f 766/807/491 685/808/487 428/809/476
f 429/810/485 685/808/487 687/811/490
f 429/810/485 688/812/484 430/813/488
f 769/814/489 688/812/484 689/815/483
f 771/816/310 690/817/310 770/818/310
f 772/819/283 693/820/283 773/821/283
f 775/822/262 694/823/262 774/824/262
f 776/825/300 697/826/300 777/827/300
f 779/828/278 698/829/278 778/830/278
f 781/831/316 700/832/316 701/833/316
f 783/834/294 702/835/294 782/836/294
f 784/837/268 705/838/268 785/839/268
f 785/840/168 706/841/168 603/842/168
f 603/842/168 707/843/168 602/844/168
f 602/844/168 708/845/168 601/846/168
f 783/847/168 708/845/168 703/848/168
f 781/849/168 709/850/168 595/851/168
f 595/851/168 710/852/168 594/853/168
f 594/853/168 711/854/168 593/855/168
f 779/856/168 711/854/168 699/857/168
f 777/858/168 712/859/168 587/860/168
f 587/860/168 713/861/168 586/862/168
f 586/862/168 714/863/168 585/864/168
f 775/865/168 714/863/168 695/866/168
f 773/867/168 715/868/168 579/869/168
f 578/870/168 715/868/168 716/871/168
f 577/872/168 716/871/168 717/873/168
f 771/874/168 717/873/168 691/875/168
f 798/876/310 671/877/308 751/878/492
f 754/879/493 719/880/283 799/881/283
f 800/882/262 676/883/494 756/884/495
f 759/885/496 721/886/300 801/887/300
f 802/888/278 681/889/276 761/890/497
f 764/891/498 723/892/316 803/893/316
f 804/894/294 686/895/292 766/896/499
f 769/897/500 725/898/268 805/899/268
f 784/900/475 665/901/475 704/902/475
f 805/903/168 664/904/168 727/905/168
f 728/906/475 665/901/475 726/907/475
f 727/905/168 662/908/168 729/909/168
f 728/906/475 661/910/475 663/911/475
f 729/909/168 660/912/168 731/913/168
f 782/914/475 661/910/475 730/915/475
f 804/916/168 660/912/168 724/917/168
f 780/918/475 649/919/475 700/920/475
f 803/921/168 648/922/168 733/923/168
f 732/924/475 647/925/475 649/919/475
f 733/923/168 646/926/168 735/927/168
f 734/928/475 645/929/475 647/925/475
f 735/927/168 644/930/168 737/931/168
f 778/932/475 645/929/475 736/933/475
f 802/934/168 644/930/168 722/935/168
f 776/936/475 633/937/475 696/938/475
f 801/939/168 632/940/168 739/941/168
f 738/942/475 631/943/475 633/937/475
f 739/941/168 630/944/168 741/945/168
f 740/946/475 629/947/475 631/943/475
f 741/945/168 628/948/168 743/949/168
f 774/950/475 629/947/475 742/951/475
f 800/952/168 628/948/168 720/953/168
f 772/954/475 617/955/475 692/956/475
f 799/957/168 616/958/168 745/959/168
f 744/960/475 615/961/475 617/955/475
f 745/959/168 614/962/168 747/963/168
f 746/964/475 613/965/475 615/961/475
f 747/963/168 612/966/168 749/967/168
f 770/968/475 613/965/475 748/969/475
f 798/970/168 612/966/168 718/971/168
f 403/351/501 404/972/502 750/354/503
f 750/354/503 405/973/504 752/356/505
f 752/356/505 406/974/506 753/358/507
f 407/975/508 406/974/506 754/976/509
f 411/368/510 412/977/511 755/978/512
f 755/978/512 413/979/513 757/371/514
f 757/371/514 414/980/515 758/374/516
f 415/981/517 414/980/515 759/982/518
f 419/385/519 420/983/520 760/388/521
f 760/388/521 421/984/522 762/390/523
f 762/390/523 422/985/524 763/392/525
f 423/986/526 422/985/524 764/987/527
f 427/402/528 428/988/529 765/405/530
f 765/405/530 429/989/531 767/407/532
f 768/409/533 429/989/531 430/990/534
f 431/991/535 430/990/534 769/992/536
f 576/773/537 770/993/537 611/772/537
f 580/760/538 772/994/538 773/995/538
f 584/748/539 774/996/539 627/747/539
f 588/736/540 776/997/540 777/998/540
f 592/724/541 778/999/541 643/723/541
f 596/712/542 780/1000/542 781/1001/542
f 600/699/543 782/1002/543 659/698/543
f 604/688/544 784/1003/544 785/1004/544
f 604/688/545 603/1005/546 786/686/546
f 787/690/547 603/1005/546 602/1006/547
f 788/695/548 602/1006/547 601/1007/548
f 600/699/549 601/1007/548 783/1008/549
f 596/712/550 595/1009/551 789/710/551
f 790/716/552 595/1009/551 594/1010/552
f 791/720/553 594/1010/552 593/1011/553
f 592/724/554 593/1011/553 779/1012/554
f 588/736/555 587/1013/556 792/737/556
f 792/737/556 586/1014/557 793/741/557
f 793/741/557 585/1015/558 794/745/558
f 584/748/559 585/1015/558 775/1016/559
f 580/760/560 579/1017/561 795/761/561
f 795/761/561 578/1018/562 796/765/562
f 796/765/562 577/1019/563 797/769/563
f 576/773/564 577/1019/563 771/1020/564
f 403/351/565 798/1021/537 751/1022/566
f 618/359/538 754/976/567 799/1023/538
f 626/370/539 756/1024/568 411/368/569
f 415/981/570 801/1025/540 634/375/540
f 642/387/541 761/1026/571 419/385/572
f 423/986/573 803/1027/542 650/393/542
f 658/404/543 766/1028/574 427/402/575
f 431/991/576 805/1029/544 666/410/544
f 667/687/577 726/1030/578 784/1003/577
f 666/410/545 727/1031/546 807/408/546
f 806/691/578 728/1032/579 726/1030/578
f 807/408/546 729/1033/547 809/406/547
f 810/694/580 728/1032/579 808/1034/579
f 811/403/548 729/1033/547 731/1035/548
f 659/698/581 730/1036/580 810/694/580
f 658/404/549 731/1035/548 804/1037/549
f 651/711/582 732/1038/583 780/1000/582
f 650/393/550 733/1039/551 813/391/551
f 814/715/584 732/1038/583 812/1040/583
f 815/389/552 733/1039/551 735/1041/552
f 816/719/585 734/1042/584 814/715/584
f 817/386/553 735/1041/552 737/1043/553
f 643/723/586 736/1044/585 816/719/585
f 642/387/554 737/1043/553 802/1045/554
f 635/1046/587 738/1047/588 776/997/587
f 634/375/555 739/1048/556 819/373/556
f 820/740/589 738/1047/588 818/735/588
f 821/372/557 739/1048/556 741/1049/557
f 822/744/590 740/1050/589 820/740/589
f 823/369/558 741/1049/557 743/1051/558
f 627/747/591 742/1052/590 822/744/590
f 626/370/559 743/1051/558 800/1053/559
f 619/1054/592 744/1055/593 772/994/592
f 618/359/560 745/1056/561 825/357/561
f 826/764/594 744/1055/593 824/759/593
f 827/355/562 745/1056/561 747/1057/562
f 828/768/595 746/1058/594 826/764/594
f 827/355/562 749/1059/563 829/352/563
f 611/772/596 748/1060/595 828/768/595
f 610/353/564 749/1059/563 798/1021/564
f 1096/1169/629 1074/1170/630 1070/1171/631
f 1083/1172/632 1085/1173/633 1081/1174/634
f 1088/1175/635 1090/1176/636 1086/1177/637
f 1093/1178/638 1095/1179/639 1091/1180/640
f 1076/1181/641 1084/1182/642 1080/1183/244
f 1072/1184/643 1092/1185/644 1082/1186/645
f 1072/1184/643 1073/1187/646 1074/1170/630
f 1077/1188/647 1078/1189/648 1079/1190/649
f 1082/1186/645 1083/1172/632 1084/1182/642
f 1087/1191/650 1088/1175/635 1089/1192/651
f 1092/1185/644 1093/1178/638 1094/1193/652
f 1097/1194/653 1098/1195/654 1099/1196/655
f 1079/1190/649 1072/1184/643 1077/1188/647
f 1074/1170/630 1071/1197/656 1070/1171/631
f 1076/1181/641 1079/1190/649 1078/1189/648
f 1078/1189/648 1082/1186/645 1084/1182/642
f 1081/1174/634 1084/1182/642 1083/1172/632
f 1089/1192/651 1082/1186/645 1087/1191/650
f 1086/1177/637 1089/1192/651 1088/1175/635
f 1094/1193/652 1087/1191/650 1092/1185/644
f 1091/1180/640 1094/1193/652 1093/1178/638
f 1099/1196/655 1092/1185/644 1097/1194/653
f 1096/1169/629 1099/1196/655 1098/1195/654
f 1098/1195/654 1072/1184/643 1074/1170/630
f 1073/1187/646 1075/1198/657 1071/1197/656
f 1123/1199/658 1100/1200/243 1107/1201/312
f 1102/1202/245 1115/1203/659 1103/1204/280
f 1103/1204/280 1117/1205/660 1104/1206/244
f 1104/1206/244 1119/1207/661 1105/1208/296
f 1105/1208/296 1121/1209/662 1106/1210/242
f 1121/1209/662 1107/1201/312 1106/1210/242
f 1109/1211/663 1101/1212/264 1100/1200/243
f 1111/1213/664 1102/1202/245 1101/1212/264
f 1111/1213/664 1108/1214/665 1110/1215/666
f 1113/1216/667 1110/1215/666 1112/1217/668
f 1113/1216/667 1114/1218/669 1115/1203/659
f 1115/1203/659 1116/1219/670 1117/1205/660
f 1117/1205/660 1118/1220/671 1119/1207/661
f 1121/1209/662 1118/1220/671 1120/1221/672
f 1121/1209/662 1122/1222/673 1123/1199/658
f 1123/1199/658 1108/1214/665 1109/1211/663
f 1120/1221/672 1116/1219/670 1112/1217/668
f 1150/1169/674 1128/1170/675 1124/1171/676
f 1137/1172/677 1139/1173/678 1135/1174/679
f 1142/1175/680 1144/1176/681 1140/1177/682
f 1147/1178/683 1149/1179/684 1145/1180/685
f 1130/1181/686 1138/1182/687 1134/1183/688
f 1126/1184/689 1146/1185/690 1136/1186/691
f 1126/1184/689 1127/1187/692 1128/1170/675
f 1131/1188/693 1132/1189/694 1133/1190/695
f 1136/1186/691 1137/1172/677 1138/1182/687
f 1141/1191/696 1142/1175/680 1143/1192/697
f 1146/1185/690 1147/1178/683 1148/1193/698
f 1151/1194/699 1152/1195/700 1153/1196/701
f 1133/1190/695 1126/1184/689 1131/1188/693
f 1124/1171/676 1127/1187/692 1125/1197/702
f 1130/1181/686 1133/1190/695 1132/1189/694
f 1138/1182/687 1131/1188/693 1136/1186/691
f 1137/1172/677 1134/1183/688 1138/1182/687
f 1137/1172/677 1141/1191/696 1143/1192/697
f 1140/1177/682 1143/1192/697 1142/1175/680
f 1142/1175/680 1146/1185/690 1148/1193/698
f 1147/1178/683 1144/1176/681 1148/1193/698
f 1153/1196/701 1146/1185/690 1151/1194/699
f 1150/1169/674 1153/1196/701 1152/1195/700
f 1152/1195/700 1126/1184/689 1128/1170/675
f 1127/1187/692 1129/1198/703 1125/1197/702
f 1177/1199/704 1154/1200/685 1161/1201/705
f 1156/1202/706 1169/1203/707 1157/1204/708
f 1157/1204/708 1171/1205/709 1158/1206/710
f 1158/1206/710 1173/1207/711 1159/1208/712
f 1159/1208/712 1175/1209/713 1160/1210/714
f 1175/1209/713 1161/1201/705 1160/1210/714
f 1163/1211/715 1155/1212/716 1154/1200/685
f 1165/1213/717 1156/1202/706 1155/1212/716
f 1165/1213/717 1162/1214/718 1164/1215/719
f 1167/1216/720 1164/1215/719 1166/1217/721
f 1169/1203/707 1166/1217/721 1168/1218/722
f 1169/1203/707 1170/1219/723 1171/1205/709
f 1171/1205/709 1172/1220/724 1173/1207/711
f 1173/1207/711 1174/1221/725 1175/1209/713
f 1175/1209/713 1176/1222/726 1177/1199/704
f 1177/1199/704 1162/1214/718 1163/1211/715
f 1174/1221/725 1170/1219/723 1166/1217/721
f 1204/1169/727 1182/1170/728 1178/1171/729
f 1191/1172/730 1193/1173/731 1189/1174/732
f 1196/1175/733 1198/1176/734 1194/1177/735
f 1201/1178/736 1203/1179/737 1199/1180/738
f 1184/1181/739 1192/1182/740 1188/1183/741
f 1180/1184/742 1200/1185/743 1190/1186/744
f 1180/1184/742 1181/1187/745 1182/1170/728
f 1185/1188/746 1186/1189/747 1187/1190/748
f 1190/1186/744 1191/1172/730 1192/1182/740
f 1195/1191/749 1196/1175/733 1197/1192/750
f 1200/1185/743 1201/1178/736 1202/1193/751
f 1205/1194/752 1206/1195/753 1207/1196/754
f 1187/1190/748 1180/1184/742 1185/1188/746
f 1182/1170/728 1179/1197/755 1178/1171/729
f 1184/1181/739 1187/1190/748 1186/1189/747
f 1186/1189/747 1190/1186/744 1192/1182/740
f 1189/1174/732 1192/1182/740 1191/1172/730
f 1197/1192/750 1190/1186/744 1195/1191/749
f 1194/1177/735 1197/1192/750 1196/1175/733
f 1202/1193/751 1195/1191/749 1200/1185/743
f 1199/1180/738 1202/1193/751 1201/1178/736
f 1207/1196/754 1200/1185/743 1205/1194/752
f 1206/1195/753 1203/1179/737 1207/1196/754
f 1206/1195/753 1180/1184/742 1182/1170/728
f 1181/1187/745 1183/1198/756 1179/1197/755
f 1231/1199/757 1208/1200/758 1215/1201/759
f 1221/1216/760 1211/1204/761 1210/1202/762
f 1211/1204/761 1225/1205/763 1212/1206/741
f 1212/1206/741 1227/1207/764 1213/1208/765
f 1227/1207/764 1214/1210/766 1213/1208/765
f 1229/1209/767 1215/1201/759 1214/1210/766
f 1217/1211/768 1209/1212/769 1208/1200/758
f 1219/1213/770 1210/1202/762 1209/1212/769
f 1219/1213/770 1216/1214/771 1218/1215/772
f 1219/1213/770 1220/1217/773 1221/1216/760
f 1223/1203/774 1220/1217/773 1222/1218/775
f 1225/1205/763 1222/1218/775 1224/1219/776
f 1227/1207/764 1224/1219/776 1226/1220/777
f 1227/1207/764 1228/1221/778 1229/1209/767
f 1229/1209/767 1230/1222/779 1231/1199/757
f 1231/1199/757 1216/1214/771 1217/1211/768
f 1228/1221/778 1224/1219/776 1220/1217/773
f 1258/1169/780 1236/1170/781 1232/1171/782
f 1245/1172/783 1247/1173/784 1243/1174/785
f 1250/1175/786 1252/1176/787 1248/1177/788
f 1255/1178/789 1257/1179/790 1253/1180/791
f 1238/1181/792 1246/1182/793 1242/1183/794
f 1234/1184/795 1254/1185/796 1244/1186/797
f 1234/1184/795 1235/1187/798 1236/1170/781
f 1239/1188/799 1240/1189/800 1241/1190/801
f 1244/1186/797 1245/1172/783 1246/1182/793
f 1249/1191/802 1250/1175/786 1251/1192/803
f 1254/1185/796 1255/1178/789 1256/1193/804
f 1259/1194/805 1260/1195/806 1261/1196/807
f 1235/1187/798 1239/1188/799 1241/1190/801
f 1232/1171/782 1235/1187/798 1233/1197/808
f 1238/1181/792 1241/1190/801 1240/1189/800
f 1240/1189/800 1244/1186/797 1246/1182/793
f 1243/1174/785 1246/1182/793 1245/1172/783
f 1245/1172/783 1249/1191/802 1251/1192/803
f 1248/1177/788 1251/1192/803 1250/1175/786
f 1250/1175/786 1254/1185/796 1256/1193/804
f 1253/1180/791 1256/1193/804 1255/1178/789
f 1255/1178/789 1259/1194/805 1261/1196/807
f 1258/1169/780 1261/1196/807 1260/1195/806
f 1260/1195/806 1234/1184/795 1236/1170/781
f 1233/1197/808 1241/1190/801 1237/1198/809
f 1285/1199/810 1262/1200/811 1269/1201/812
f 1264/1202/813 1277/1203/814 1265/1204/815
f 1265/1204/815 1279/1205/816 1266/1206/794
f 1266/1206/794 1281/1207/817 1267/1208/818
f 1281/1207/817 1268/1210/819 1267/1208/818
f 1283/1209/820 1269/1201/812 1268/1210/819
f 1271/1211/821 1263/1212/822 1262/1200/811
f 1263/1212/822 1275/1216/823 1264/1202/813
f 1273/1213/824 1270/1214/825 1272/1215/826
f 1273/1213/824 1274/1217/827 1275/1216/823
f 1275/1216/823 1276/1218/828 1277/1203/814
f 1277/1203/814 1278/1219/829 1279/1205/816
f 1279/1205/816 1280/1220/830 1281/1207/817
f 1281/1207/817 1282/1221/831 1283/1209/820
f 1285/1199/810 1282/1221/831 1284/1222/832
f 1271/1211/821 1284/1222/832 1270/1214/825
f 1282/1221/831 1278/1219/829 1274/1217/827
f 1312/1169/833 1290/1170/834 1286/1171/835
f 1299/1172/836 1301/1173/837 1297/1174/838
f 1304/1175/839 1306/1176/840 1302/1177/841
f 1309/1178/842 1311/1179/843 1307/1180/844
f 1292/1181/845 1300/1182/846 1296/1183/847
f 1288/1184/848 1308/1185/849 1298/1186/850
f 1288/1184/848 1289/1187/851 1290/1170/834
f 1293/1188/852 1294/1189/853 1295/1190/854
f 1298/1186/850 1299/1172/836 1300/1182/846
f 1303/1191/855 1304/1175/839 1305/1192/856
f 1308/1185/849 1309/1178/842 1310/1193/857
f 1313/1194/858 1314/1195/859 1315/1196/860
f 1295/1190/854 1288/1184/848 1293/1188/852
f 1290/1170/834 1287/1197/861 1286/1171/835
f 1292/1181/845 1295/1190/854 1294/1189/853
f 1300/1182/846 1293/1188/852 1298/1186/850
f 1297/1174/838 1300/1182/846 1299/1172/836
f 1305/1192/856 1298/1186/850 1303/1191/855
f 1304/1175/839 1301/1173/837 1305/1192/856
f 1304/1175/839 1308/1185/849 1310/1193/857
f 1307/1180/844 1310/1193/857 1309/1178/842
f 1309/1178/842 1313/1194/858 1315/1196/860
f 1312/1169/833 1315/1196/860 1314/1195/859
f 1290/1170/834 1313/1194/858 1288/1184/848
f 1289/1187/851 1291/1198/862 1287/1197/861
f 1339/1199/863 1316/1200/864 1323/1201/865
f 1318/1202/866 1331/1203/867 1319/1204/868
f 1319/1204/868 1333/1205/869 1320/1206/847
f 1333/1205/869 1321/1208/870 1320/1206/847
f 1335/1207/871 1322/1210/872 1321/1208/870
f 1337/1209/873 1323/1201/865 1322/1210/872
f 1325/1211/874 1317/1212/875 1316/1200/864
f 1327/1213/876 1318/1202/866 1317/1212/875
f 1325/1211/874 1326/1215/877 1327/1213/876
f 1327/1213/876 1328/1217/878 1329/1216/879
f 1331/1203/867 1328/1217/878 1330/1218/880
f 1331/1203/867 1332/1219/881 1333/1205/869
f 1333/1205/869 1334/1220/882 1335/1207/871
f 1335/1207/871 1336/1221/883 1337/1209/873
f 1339/1199/863 1336/1221/883 1338/1222/884
f 1325/1211/874 1338/1222/884 1324/1214/885
f 1336/1221/883 1332/1219/881 1328/1217/878
f 1366/1169/886 1344/1170/887 1340/1171/888
f 1353/1172/889 1355/1173/890 1351/1174/891
f 1358/1175/892 1360/1176/893 1356/1177/894
f 1363/1178/895 1365/1179/896 1361/1180/897
f 1346/1181/898 1354/1182/899 1350/1183/900
f 1342/1184/901 1362/1185/902 1352/1186/903
f 1342/1184/901 1343/1187/904 1344/1170/887
f 1347/1188/905 1348/1189/906 1349/1190/907
f 1352/1186/903 1353/1172/889 1354/1182/899
f 1357/1191/908 1358/1175/892 1359/1192/909
f 1362/1185/902 1363/1178/895 1364/1193/910
f 1367/1194/911 1368/1195/912 1369/1196/913
f 1343/1187/904 1347/1188/905 1349/1190/907
f 1344/1170/887 1341/1197/914 1340/1171/888
f 1346/1181/898 1349/1190/907 1348/1189/906
f 1348/1189/906 1352/1186/903 1354/1182/899
f 1351/1174/891 1354/1182/899 1353/1172/889
f 1353/1172/889 1357/1191/908 1359/1192/909
f 1356/1177/894 1359/1192/909 1358/1175/892
f 1358/1175/892 1362/1185/902 1364/1193/910
f 1361/1180/897 1364/1193/910 1363/1178/895
f 1369/1196/913 1362/1185/902 1367/1194/911
f 1366/1169/886 1369/1196/913 1368/1195/912
f 1368/1195/912 1342/1184/901 1344/1170/887
f 1343/1187/904 1345/1198/915 1341/1197/914
f 1393/1199/916 1370/1200/917 1377/1201/918
f 1372/1202/919 1385/1203/920 1373/1204/921
f 1373/1204/921 1387/1205/922 1374/1206/900
f 1374/1206/900 1389/1207/923 1375/1208/924
f 1389/1207/923 1376/1210/925 1375/1208/924
f 1391/1209/926 1377/1201/918 1376/1210/925
f 1379/1211/927 1371/1212/928 1370/1200/917
f 1381/1213/929 1372/1202/919 1371/1212/928
f 1379/1211/927 1380/1215/930 1381/1213/929
f 1381/1213/929 1382/1217/931 1383/1216/932
f 1383/1216/932 1384/1218/933 1385/1203/920
f 1387/1205/922 1384/1218/933 1386/1219/934
f 1387/1205/922 1388/1220/935 1389/1207/923
f 1389/1207/923 1390/1221/936 1391/1209/926
f 1391/1209/926 1392/1222/937 1393/1199/916
f 1379/1211/927 1392/1222/937 1378/1214/938
f 1390/1221/936 1386/1219/934 1382/1217/931
f 1420/1169/939 1398/1170/940 1394/1171/941
f 1407/1172/942 1409/1173/943 1405/1174/944
f 1412/1175/945 1414/1176/946 1410/1177/947
f 1417/1178/948 1419/1179/949 1415/1180/950
f 1400/1181/951 1408/1182/952 1404/1183/953
f 1396/1184/954 1416/1185/955 1406/1186/956
f 1396/1184/954 1397/1187/957 1398/1170/940
f 1401/1188/958 1402/1189/959 1403/1190/960
f 1406/1186/956 1407/1172/942 1408/1182/952
f 1411/1191/961 1412/1175/945 1413/1192/962
f 1416/1185/955 1417/1178/948 1418/1193/963
f 1421/1194/964 1422/1195/965 1423/1196/966
f 1397/1187/957 1401/1188/958 1403/1190/960
f 1398/1170/940 1395/1197/967 1394/1171/941
f 1400/1181/951 1403/1190/960 1402/1189/959
f 1408/1182/952 1401/1188/958 1406/1186/956
f 1405/1174/944 1408/1182/952 1407/1172/942
f 1407/1172/942 1411/1191/961 1413/1192/962
f 1410/1177/947 1413/1192/962 1412/1175/945
f 1412/1175/945 1416/1185/955 1418/1193/963
f 1415/1180/950 1418/1193/963 1417/1178/948
f 1423/1196/966 1416/1185/955 1421/1194/964
f 1420/1169/939 1423/1196/966 1422/1195/965
f 1422/1195/965 1396/1184/954 1398/1170/940
f 1397/1187/957 1399/1198/968 1395/1197/967
f 1447/1199/969 1424/1200/970 1431/1201/971
f 1426/1202/972 1439/1203/973 1427/1204/974
f 1427/1204/974 1441/1205/975 1428/1206/953
f 1428/1206/953 1443/1207/976 1429/1208/977
f 1443/1207/976 1430/1210/978 1429/1208/977
f 1445/1209/979 1431/1201/971 1430/1210/978
f 1433/1211/980 1425/1212/981 1424/1200/970
f 1435/1213/982 1426/1202/972 1425/1212/981
f 1433/1211/980 1434/1215/983 1435/1213/982
f 1435/1213/982 1436/1217/984 1437/1216/985
f 1437/1216/985 1438/1218/986 1439/1203/973
f 1439/1203/973 1440/1219/987 1441/1205/975
f 1441/1205/975 1442/1220/988 1443/1207/976
f 1445/1209/979 1442/1220/988 1444/1221/989
f 1445/1209/979 1446/1222/990 1447/1199/969
f 1433/1211/980 1446/1222/990 1432/1214/991
f 1444/1221/989 1440/1219/987 1436/1217/984
f 1474/1169/992 1452/1170/993 1448/1171/994
f 1461/1172/995 1463/1173/996 1459/1174/997
f 1466/1175/998 1468/1176/999 1464/1177/1000
f 1471/1178/1001 1473/1179/1002 1469/1180/1003
f 1454/1181/1004 1462/1182/1005 1458/1183/1006
f 1450/1184/1007 1470/1185/1008 1460/1186/1009
f 1450/1184/1007 1451/1187/1010 1452/1170/993
f 1455/1188/1011 1456/1189/1012 1457/1190/1013
f 1460/1186/1009 1461/1172/995 1462/1182/1005
f 1465/1191/1014 1466/1175/998 1467/1192/1015
f 1470/1185/1008 1471/1178/1001 1472/1193/1016
f 1475/1194/1017 1476/1195/1018 1477/1196/1019
f 1451/1187/1010 1455/1188/1011 1457/1190/1013
f 1452/1170/993 1449/1197/1020 1448/1171/994
f 1454/1181/1004 1457/1190/1013 1456/1189/1012
f 1456/1189/1012 1460/1186/1009 1462/1182/1005
f 1459/1174/997 1462/1182/1005 1461/1172/995
f 1461/1172/995 1465/1191/1014 1467/1192/1015
f 1464/1177/1000 1467/1192/1015 1466/1175/998
f 1466/1175/998 1470/1185/1008 1472/1193/1016
f 1469/1180/1003 1472/1193/1016 1471/1178/1001
f 1477/1196/1019 1470/1185/1008 1475/1194/1017
f 1474/1169/992 1477/1196/1019 1476/1195/1018
f 1476/1195/1018 1450/1184/1007 1452/1170/993
f 1451/1187/1010 1453/1198/1021 1449/1197/1020
f 1501/1199/1022 1478/1200/1023 1485/1201/1024
f 1491/1216/1025 1481/1204/1026 1480/1202/1027
f 1481/1204/1026 1495/1205/1028 1482/1206/1006
f 1495/1205/1028 1483/1208/1029 1482/1206/1006
f 1483/1208/1029 1499/1209/1030 1484/1210/1031
f 1499/1209/1030 1485/1201/1024 1484/1210/1031
f 1487/1211/1032 1479/1212/1033 1478/1200/1023
f 1489/1213/1034 1480/1202/1027 1479/1212/1033
f 1489/1213/1034 1486/1214/1035 1488/1215/1036
f 1491/1216/1025 1488/1215/1036 1490/1217/1037
f 1491/1216/1025 1492/1218/1038 1493/1203/1039
f 1493/1203/1039 1494/1219/1040 1495/1205/1028
f 1495/1205/1028 1496/1220/1041 1497/1207/1042
f 1499/1209/1030 1496/1220/1041 1498/1221/1043
f 1501/1199/1022 1498/1221/1043 1500/1222/1044
f 1487/1211/1032 1500/1222/1044 1486/1214/1035
f 1498/1221/1043 1494/1219/1040 1490/1217/1037
f 1530/1195/1045 1502/1171/1046 1528/1169/1047
f 1515/1172/1048 1517/1173/1049 1513/1174/1050
f 1520/1175/1051 1522/1176/1052 1518/1177/1053
f 1525/1178/1054 1527/1179/1055 1523/1180/1056
f 1508/1181/1057 1516/1182/1058 1512/1183/1059
f 1504/1184/1060 1524/1185/1061 1514/1186/1062
f 1504/1184/1060 1505/1187/1063 1506/1170/1064
f 1509/1188/1065 1510/1189/1066 1511/1190/1067
f 1514/1186/1062 1515/1172/1048 1516/1182/1058
f 1519/1191/1068 1520/1175/1051 1521/1192/1069
f 1524/1185/1061 1525/1178/1054 1526/1193/1070
f 1529/1194/1071 1530/1195/1045 1531/1196/1072
f 1511/1190/1067 1504/1184/1060 1509/1188/1065
f 1502/1171/1046 1505/1187/1063 1503/1197/1073
f 1508/1181/1057 1511/1190/1067 1510/1189/1066
f 1510/1189/1066 1514/1186/1062 1516/1182/1058
f 1513/1174/1050 1516/1182/1058 1515/1172/1048
f 1521/1192/1069 1514/1186/1062 1519/1191/1068
f 1518/1177/1053 1521/1192/1069 1520/1175/1051
f 1526/1193/1070 1519/1191/1068 1524/1185/1061
f 1525/1178/1054 1522/1176/1052 1526/1193/1070
f 1531/1196/1072 1524/1185/1061 1529/1194/1071
f 1528/1169/1047 1531/1196/1072 1530/1195/1045
f 1530/1195/1045 1504/1184/1060 1506/1170/1064
f 1505/1187/1063 1507/1198/1074 1503/1197/1073
f 1555/1199/1075 1532/1200/1056 1539/1201/1076
f 1545/1216/1077 1535/1204/1078 1534/1202/1079
f 1535/1204/1078 1549/1205/1080 1536/1206/1059
f 1536/1206/1059 1551/1207/1081 1537/1208/1082
f 1537/1208/1082 1553/1209/1083 1538/1210/1084
f 1553/1209/1083 1539/1201/1076 1538/1210/1084
f 1541/1211/1085 1533/1212/1086 1532/1200/1056
f 1543/1213/1087 1534/1202/1079 1533/1212/1086
f 1543/1213/1087 1540/1214/1088 1542/1215/1089
f 1545/1216/1077 1542/1215/1089 1544/1217/1090
f 1545/1216/1077 1546/1218/1091 1547/1203/1092
f 1549/1205/1080 1546/1218/1091 1548/1219/1093
f 1549/1205/1080 1550/1220/1094 1551/1207/1081
f 1551/1207/1081 1552/1221/1095 1553/1209/1083
f 1555/1199/1075 1552/1221/1095 1554/1222/1096
f 1541/1211/1085 1554/1222/1096 1540/1214/1088
f 1552/1221/1095 1548/1219/1093 1544/1217/1090
f 1582/1169/1097 1560/1170/1098 1556/1171/1099
f 1569/1172/1100 1571/1173/1101 1567/1174/1102
f 1574/1175/1103 1576/1176/1104 1572/1177/1105
f 1579/1178/1106 1581/1179/1107 1577/1180/1108
f 1562/1181/1109 1570/1182/1110 1566/1183/1111
f 1558/1184/1112 1578/1185/1113 1568/1186/1114
f 1558/1184/1112 1559/1187/1115 1560/1170/1098
f 1563/1188/1116 1564/1189/1117 1565/1190/1118
f 1568/1186/1114 1569/1172/1100 1570/1182/1110
f 1573/1191/1119 1574/1175/1103 1575/1192/1120
f 1578/1185/1113 1579/1178/1106 1580/1193/1121
f 1583/1194/1122 1584/1195/1123 1585/1196/1124
f 1559/1187/1115 1563/1188/1116 1565/1190/1118
f 1556/1171/1099 1559/1187/1115 1557/1197/1125
f 1562/1181/1109 1565/1190/1118 1564/1189/1117
f 1564/1189/1117 1568/1186/1114 1570/1182/1110
f 1567/1174/1102 1570/1182/1110 1569/1172/1100
f 1569/1172/1100 1573/1191/1119 1575/1192/1120
f 1572/1177/1105 1575/1192/1120 1574/1175/1103
f 1580/1193/1121 1573/1191/1119 1578/1185/1113
f 1577/1180/1108 1580/1193/1121 1579/1178/1106
f 1579/1178/1106 1583/1194/1122 1585/1196/1124
f 1582/1169/1097 1585/1196/1124 1584/1195/1123
f 1584/1195/1123 1558/1184/1112 1560/1170/1098
f 1559/1187/1115 1561/1198/1126 1557/1197/1125
f 1609/1199/1127 1586/1200/1128 1593/1201/1129
f 1588/1202/1046 1601/1203/1130 1589/1204/1131
f 1589/1204/1131 1603/1205/1132 1590/1206/1111
f 1590/1206/1111 1605/1207/1133 1591/1208/1134
f 1591/1208/1134 1607/1209/1135 1592/1210/1136
f 1607/1209/1135 1593/1201/1129 1592/1210/1136
f 1595/1211/1137 1587/1212/1138 1586/1200/1128
f 1597/1213/1139 1588/1202/1046 1587/1212/1138
f 1595/1211/1137 1596/1215/1140 1597/1213/1139
f 1599/1216/1141 1596/1215/1140 1598/1217/1142
f 1601/1203/1130 1598/1217/1142 1600/1218/1143
f 1601/1203/1130 1602/1219/1144 1603/1205/1132
f 1603/1205/1132 1604/1220/1145 1605/1207/1133
f 1607/1209/1135 1604/1220/1145 1606/1221/1146
f 1609/1199/1127 1606/1221/1146 1608/1222/1147
f 1595/1211/1137 1608/1222/1147 1594/1214/1148
f 1606/1221/1146 1602/1219/1144 1598/1217/1142
f 1636/1169/1149 1614/1170/1150 1610/1171/1151
f 1623/1172/1152 1625/1173/1153 1621/1174/1154
f 1628/1175/1155 1630/1176/1156 1626/1177/1157
f 1633/1178/1158 1635/1179/1159 1631/1180/1160
f 1616/1181/1161 1624/1182/1162 1620/1183/1163
f 1612/1184/1164 1632/1185/1165 1622/1186/1166
f 1612/1184/1164 1613/1187/1167 1614/1170/1150
f 1617/1188/1168 1618/1189/1169 1619/1190/1170
f 1622/1186/1166 1623/1172/1152 1624/1182/1162
f 1627/1191/1171 1628/1175/1155 1629/1192/1172
f 1632/1185/1165 1633/1178/1158 1634/1193/1173
f 1637/1194/1174 1638/1195/1175 1639/1196/1176
f 1613/1187/1167 1617/1188/1168 1619/1190/1170
f 1614/1170/1150 1611/1197/1177 1610/1171/1151
f 1616/1181/1161 1619/1190/1170 1618/1189/1169
f 1624/1182/1162 1617/1188/1168 1622/1186/1166
f 1621/1174/1154 1624/1182/1162 1623/1172/1152
f 1623/1172/1152 1627/1191/1171 1629/1192/1172
f 1626/1177/1157 1629/1192/1172 1628/1175/1155
f 1628/1175/1155 1632/1185/1165 1634/1193/1173
f 1631/1180/1160 1634/1193/1173 1633/1178/1158
f 1633/1178/1158 1637/1194/1174 1639/1196/1176
f 1638/1195/1175 1635/1179/1159 1639/1196/1176
f 1638/1195/1175 1612/1184/1164 1614/1170/1150
f 1613/1187/1167 1615/1198/1178 1611/1197/1177
f 1663/1199/1179 1640/1200/1180 1647/1201/1181
f 1642/1202/1182 1655/1203/1183 1643/1204/1184
f 1643/1204/1184 1657/1205/1185 1644/1206/1163
f 1644/1206/1163 1659/1207/1186 1645/1208/1187
f 1645/1208/1187 1661/1209/1188 1646/1210/1189
f 1661/1209/1188 1647/1201/1181 1646/1210/1189
f 1649/1211/1190 1641/1212/1191 1640/1200/1180
f 1641/1212/1191 1653/1216/1192 1642/1202/1182
f 1651/1213/1193 1648/1214/1194 1650/1215/1195
f 1651/1213/1193 1652/1217/1196 1653/1216/1192
f 1655/1203/1183 1652/1217/1196 1654/1218/1197
f 1655/1203/1183 1656/1219/1198 1657/1205/1185
f 1659/1207/1186 1656/1219/1198 1658/1220/1199
f 1661/1209/1188 1658/1220/1199 1660/1221/1200
f 1663/1199/1179 1660/1221/1200 1662/1222/1201
f 1649/1211/1190 1662/1222/1201 1648/1214/1194
f 1660/1221/1200 1656/1219/1198 1652/1217/1196
f 1690/1169/1202 1668/1170/1203 1664/1171/1204
f 1677/1172/1205 1679/1173/1206 1675/1174/1207
f 1680/1177/1208 1688/1193/1209 1684/1176/1210
f 1687/1178/1211 1689/1179/1212 1685/1180/1213
f 1672/1189/1214 1674/1183/1215 1670/1181/1216
f 1666/1184/1217 1686/1185/1218 1676/1186/1219
f 1666/1184/1217 1667/1187/1220 1668/1170/1203
f 1671/1188/1221 1672/1189/1214 1673/1190/1222
f 1676/1186/1219 1677/1172/1205 1678/1182/1223
f 1681/1191/1224 1682/1175/1225 1683/1192/1226
f 1686/1185/1218 1687/1178/1211 1688/1193/1209
f 1691/1194/1227 1692/1195/1228 1693/1196/1229
f 1673/1190/1222 1666/1184/1217 1671/1188/1221
f 1668/1170/1203 1665/1197/1230 1664/1171/1204
f 1672/1189/1214 1669/1198/1231 1673/1190/1222
f 1678/1182/1223 1671/1188/1221 1676/1186/1219
f 1675/1174/1207 1678/1182/1223 1677/1172/1205
f 1683/1192/1226 1676/1186/1219 1681/1191/1224
f 1680/1177/1208 1683/1192/1226 1682/1175/1225
f 1688/1193/1209 1681/1191/1224 1686/1185/1218
f 1685/1180/1213 1688/1193/1209 1687/1178/1211
f 1693/1196/1229 1686/1185/1218 1691/1194/1227
f 1692/1195/1228 1689/1179/1212 1693/1196/1229
f 1692/1195/1228 1666/1184/1217 1668/1170/1203
f 1667/1187/1220 1669/1198/1231 1665/1197/1230
f 1717/1199/1232 1694/1200/1233 1701/1201/1234
f 1707/1216/1235 1697/1204/1236 1696/1202/1237
f 1697/1204/1236 1711/1205/1238 1698/1206/1239
f 1698/1206/1239 1713/1207/1240 1699/1208/1241
f 1699/1208/1241 1715/1209/1242 1700/1210/1243
f 1715/1209/1242 1701/1201/1234 1700/1210/1243
f 1703/1211/1244 1695/1212/1245 1694/1200/1233
f 1705/1213/1246 1696/1202/1237 1695/1212/1245
f 1705/1213/1246 1702/1214/1247 1704/1215/1248
f 1707/1216/1235 1704/1215/1248 1706/1217/1249
f 1707/1216/1235 1708/1218/1250 1709/1203/1251
f 1709/1203/1251 1710/1219/1252 1711/1205/1238
f 1711/1205/1238 1712/1220/1253 1713/1207/1240
f 1713/1207/1240 1714/1221/1254 1715/1209/1242
f 1717/1199/1232 1714/1221/1254 1716/1222/1255
f 1703/1211/1244 1716/1222/1255 1702/1214/1247
f 1714/1221/1254 1710/1219/1252 1706/1217/1249
f 203/1/1 202/267/222 204/2/2
f 135/4/4 134/88/88 132/5/5
f 207/7/7 205/3/3 204/2/2
f 210/9/9 212/278/225 213/10/10
f 197/12/12 231/146/146 194/13/13
f 213/10/10 212/278/225 214/15/15
f 217/17/17 216/223/212 153/18/18
f 152/20/20 85/24/24 84/21/21
f 87/23/23 86/27/27 84/21/21
f 152/20/20 151/22/22 149/25/25
f 86/27/27 87/23/23 89/28/28
f 105/30/30 107/180/177 106/31/31
f 225/33/33 77/100/100 92/34/34
f 106/31/31 107/180/177 78/36/36
f 191/38/38 190/113/113 192/39/39
f 95/41/41 97/126/126 96/42/42
f 101/44/44 100/48/48 98/45/45
f 103/47/47 102/52/52 100/48/48
f 167/49/49 169/172/172 170/50/50
f 102/52/52 103/47/47 105/30/30
f 141/53/53 143/216/207 142/54/54
f 79/56/56 111/111/111 109/57/57
f 124/59/59 125/198/192 80/60/60
f 180/62/62 179/142/142 177/63/63
f 112/65/65 115/114/114 114/66/66
f 119/68/68 118/72/72 116/69/69
f 121/71/71 120/75/75 118/72/72
f 45/73/73 114/66/66 116/69/69
f 120/75/75 121/71/71 123/76/76
f 207/7/7 206/8/8 208/78/78
f 81/80/80 129/122/122 127/81/81
f 142/54/54 143/216/207 82/83/83
f 130/85/85 133/6/6 132/5/5
f 137/87/87 136/90/90 134/88/88
f 139/89/89 138/93/93 136/90/90
f 56/91/91 132/5/5 134/88/88
f 138/93/93 139/89/89 141/53/53
f 158/94/94 157/136/136 159/95/95
f 237/97/97 83/134/134 145/98/98
f 95/41/41 94/43/43 92/34/34
f 148/101/101 150/26/26 149/25/25
f 153/18/18 155/135/135 156/103/103
f 90/104/104 221/283/228 75/105/105
f 200/107/107 202/267/222 203/1/1
f 197/12/12 196/14/14 198/109/109
f 89/28/28 221/283/228 90/104/104
f 112/65/65 113/67/67 109/57/57
f 191/38/38 189/116/116 188/112/112
f 117/70/70 116/69/69 114/66/66
f 186/115/115 188/112/112 189/116/116
f 184/118/118 186/115/115 187/117/117
f 180/62/62 181/64/64 182/120/120
f 130/85/85 131/86/86 127/81/81
f 123/76/76 125/198/192 124/59/59
f 174/123/123 172/243/217 171/124/124
f 99/46/46 98/45/45 96/42/42
f 165/127/127 167/49/49 168/51/51
f 36/129/129 96/42/42 98/45/45
f 164/131/131 163/236/216 165/127/127
f 174/123/123 173/125/125 175/132/132
f 148/101/101 147/102/102 145/98/98
f 158/94/94 156/103/103 155/135/135
f 30/137/137 151/22/22 84/21/21
f 227/139/139 226/133/133 175/132/132
f 70/141/141 178/249/218 177/63/63
f 229/143/143 228/40/40 192/39/39
f 230/145/145 195/262/220 194/13/13
f 233/147/147 232/79/79 208/78/78
f 234/149/149 211/276/223 210/9/9
f 222/150/150 162/234/214 161/151/151
f 219/153/153 218/96/96 159/95/95
f 1/155/155 85/24/24 152/20/20
f 28/157/157 149/25/25 151/22/22
f 33/158/158 87/23/23 85/24/24
f 29/159/159 69/156/156 152/20/20
f 32/160/160 86/27/27 88/29/29
f 33/158/158 34/311/213 89/28/28
f 3/162/162 2/161/161 88/29/29
f 3/162/162 90/104/104 91/106/106
f 6/164/164 5/298/215 93/35/35
f 6/164/164 92/34/34 94/43/43
f 36/129/129 35/165/165 94/43/43
f 37/166/166 97/126/126 95/41/41
f 37/166/166 38/170/170 99/46/46
f 8/130/130 98/45/45 100/48/48
f 39/169/169 101/44/44 99/46/46
f 10/171/171 171/124/124 169/172/172
f 40/174/173 103/47/47 101/44/44
f 36/175/129 8/241/130 167/49/49
f 10/176/171 102/52/52 104/32/32
f 40/174/173 42/179/176 105/30/30
f 11/178/175 41/177/174 104/32/32
f 42/179/176 43/317/238 107/180/177
f 11/178/175 106/31/31 108/37/37
f 14/182/179 13/303/219 110/58/58
f 16/183/180 112/65/65 111/111/111
f 14/182/179 109/57/57 113/67/67
f 45/73/73 44/185/182 113/67/67
f 17/186/183 115/114/114 112/65/65
f 48/187/184 19/188/185 118/72/72
f 46/74/74 116/69/69 118/72/72
f 47/189/186 119/68/68 117/70/70
f 45/191/73 46/255/74 184/118/118
f 49/192/188 121/71/71 119/68/68
f 17/193/183 183/121/121 185/119/119
f 48/187/184 120/75/75 122/77/77
f 49/192/188 51/197/191 123/76/76
f 20/196/190 50/195/189 122/77/77
f 51/197/191 52/319/239 125/198/192
f 20/196/190 124/59/59 126/61/61
f 22/200/194 53/307/221 128/82/82
f 23/201/195 130/85/85 129/122/122
f 22/200/194 127/81/81 131/86/86
f 56/91/91 55/203/197 131/86/86
f 57/204/198 133/6/6 130/85/85
f 61/205/199 59/206/200 136/90/90
f 59/206/200 58/92/92 134/88/88
f 24/207/201 60/210/203 137/87/87
f 56/208/91 58/269/92 200/107/107
f 62/209/202 139/89/89 137/87/87
f 57/211/198 199/110/110 201/108/108
f 61/205/199 138/93/93 140/55/55
f 62/209/202 64/215/206 141/53/53
f 25/214/205 63/213/204 140/55/55
f 64/215/206 65/320/240 143/216/207
f 25/214/205 142/54/54 144/84/84
f 68/218/209 67/310/224 146/99/99
f 68/218/209 145/98/98 147/102/102
f 28/157/157 26/219/210 147/102/102
f 29/159/159 150/26/26 148/101/101
f 32/221/160 155/135/135 153/18/18
f 31/222/138 153/18/18 216/223/212
f 69/225/156 217/17/17 154/19/19
f 28/227/157 30/224/137 216/223/212
f 1/226/155 154/19/19 156/103/103
f 29/229/159 215/16/16 217/17/17
f 32/221/160 2/232/161 157/136/136
f 34/230/213 33/228/158 156/103/103
f 3/231/162 159/95/95 157/136/136
f 198/109/109 200/107/107 201/108/108
f 3/231/162 4/296/163 160/154/154
f 6/233/164 161/151/151 162/234/214
f 6/233/164 35/237/165 163/236/216
f 36/175/129 165/127/127 163/236/216
f 7/238/167 164/131/131 166/128/128
f 37/239/166 166/128/128 168/51/51
f 8/241/130 9/173/168 169/172/172
f 38/240/170 168/51/51 170/50/50
f 39/242/169 170/50/50 172/243/217
f 10/176/171 9/168/168 100/48/48
f 10/171/171 41/247/174 173/125/125
f 42/245/176 40/244/173 172/243/217
f 11/246/175 175/132/132 173/125/125
f 215/16/16 214/15/15 216/223/212
f 11/246/175 12/299/178 176/140/140
f 14/248/179 177/63/63 178/249/218
f 16/251/180 15/318/181 179/142/142
f 14/248/179 44/252/182 181/64/64
f 45/191/73 182/120/120 181/64/64
f 16/251/180 180/62/62 183/121/121
f 48/253/184 188/112/112 186/115/115
f 19/254/185 186/115/115 184/118/118
f 18/194/187 185/119/119 187/117/117
f 18/190/187 117/70/70 115/114/114
f 47/256/186 187/117/117 189/116/116
f 48/253/184 50/260/189 190/113/113
f 51/258/191 49/257/188 189/116/116
f 20/259/190 192/39/39 190/113/113
f 182/120/120 184/118/118 185/119/119
f 20/259/190 21/304/193 193/144/144
f 22/261/194 194/13/13 195/262/220
f 22/261/194 55/264/197 196/14/14
f 56/208/91 198/109/109 196/14/14
f 23/265/195 197/12/12 199/110/110
f 61/266/199 204/2/2 202/267/222
f 58/269/92 59/268/200 202/267/222
f 24/212/201 201/108/108 203/1/1
f 135/4/4 133/6/6 57/204/198
f 60/270/203 203/1/1 205/3/3
f 61/266/199 63/274/204 206/8/8
f 64/272/206 62/271/202 205/3/3
f 25/273/205 208/78/78 206/8/8
f 25/273/205 66/308/208 209/148/148
f 68/275/209 210/9/9 211/276/223
f 68/275/209 26/279/210 212/278/225
f 28/227/157 214/15/15 212/278/225
f 27/280/211 213/10/10 215/16/16
f 32/160/160 31/138/138 84/21/21
f 220/281/226 74/313/227 218/96/96
f 74/282/227 220/297/226 75/105/105
f 76/284/229 222/150/150 223/152/152
f 224/286/230 77/100/100 225/33/33
f 238/288/231 43/314/238 226/133/133
f 71/289/232 52/315/239 228/40/40
f 240/290/233 230/145/145 231/146/146
f 72/292/234 65/316/240 232/79/79
f 73/293/235 234/149/149 235/11/11
f 73/295/235 236/312/236 83/134/134
f 220/281/226 219/153/153 160/154/154
f 220/297/226 4/163/163 91/106/106
f 76/284/229 5/235/215 162/234/214
f 76/287/229 225/33/33 93/35/35
f 238/288/231 227/139/139 176/140/140
f 238/300/231 12/181/178 108/37/37
f 239/301/237 13/250/219 178/249/218
f 239/302/237 79/56/56 110/58/58
f 71/289/232 229/143/143 193/144/144
f 71/305/232 21/199/193 126/61/61
f 240/290/233 53/263/221 195/262/220
f 240/306/233 81/80/80 128/82/82
f 72/292/234 233/147/147 209/148/148
f 72/309/234 66/217/208 144/84/84
f 73/293/235 67/277/224 211/276/223
f 73/295/235 237/97/97 146/99/99
f 34/311/213 74/282/227 221/283/228
f 7/167/167 95/41/41 77/100/100
f 27/220/211 148/101/101 83/134/134
f 34/230/213 158/94/94 218/96/96
f 7/238/167 224/285/230 223/152/152
f 42/245/176 174/123/123 226/133/133
f 51/258/191 191/38/38 228/40/40
f 23/265/195 54/291/196 231/146/146
f 64/272/206 207/7/7 232/79/79
f 27/280/211 236/294/236 235/11/11
f 43/317/238 238/300/231 78/36/36
f 239/301/237 70/141/141 179/142/142
f 239/302/237 15/184/181 111/111/111
f 71/305/232 80/60/60 125/198/192
f 54/202/196 129/122/122 81/80/80
f 72/309/234 82/83/83 143/216/207
f 169/172/172 171/124/124 172/243/217
f 164/131/131 223/152/152 161/151/151
f 248/321/241 254/1271/241 255/322/241
f 259/321/242 260/1271/242 257/322/242
f 263/324/243 264/1272/243 261/325/243
f 267/327/244 268/1273/244 265/328/244
f 271/330/244 272/1274/244 269/331/244
f 275/333/245 276/1275/245 273/334/245
f 279/336/243 280/1276/243 277/337/243
f 282/339/242 283/345/242 284/340/242
f 287/342/245 288/1277/245 285/343/245
f 253/324/246 245/1272/246 246/325/246
f 250/327/247 251/1273/247 252/328/247
f 319/330/247 317/1274/247 318/331/247
f 308/333/248 307/1275/248 316/334/249
f 311/336/246 313/1276/246 314/337/246
f 309/345/241 305/340/241 306/341/250
f 242/342/249 241/1277/249 244/343/249
f 291/321/251 292/1271/251 290/322/252
f 295/324/253 296/1272/253 294/325/253
f 299/327/254 300/1273/254 298/328/254
f 323/330/254 324/1274/254 322/331/254
f 327/333/255 328/1275/255 326/334/255
f 331/336/253 332/1276/253 330/337/253
f 335/345/252 336/340/252 334/341/251
f 303/342/255 304/1277/255 302/343/255
f 402/346/256 401/349/258 608/347/257
f 401/349/258 671/1278/328 718/350/259
f 403/351/260 750/354/263 829/352/261
f 750/354/263 752/356/265 827/355/264
f 752/356/265 753/358/267 825/357/266
f 753/358/267 407/975/1300 618/359/268
f 674/360/269 408/1279/337 620/361/270
f 620/361/270 408/1279/337 409/363/272
f 409/363/272 410/366/274 624/365/273
f 410/366/274 676/1280/339 720/367/275
f 411/368/276 755/978/1301 823/369/277
f 823/369/277 755/978/1301 757/371/279
f 757/371/279 758/374/282 819/373/281
f 758/374/282 415/981/1302 634/375/283
f 679/376/284 416/379/287 636/377/285
f 416/379/287 417/381/288 638/380/244
f 417/381/288 418/383/290 640/382/289
f 418/383/290 681/1281/351 722/384/291
f 419/385/292 760/388/295 817/386/293
f 760/388/295 762/390/297 815/389/296
f 762/390/297 763/392/299 813/391/298
f 763/392/299 423/986/1303 650/393/300
f 723/394/301 684/1282/361 424/395/302
f 424/395/302 425/398/304 654/397/242
f 425/398/304 426/400/306 656/399/305
f 426/400/306 686/1283/364 724/401/307
f 427/402/308 765/405/311 811/403/309
f 765/405/311 767/407/313 809/406/312
f 767/407/313 768/409/315 807/408/314
f 768/409/315 431/991/1304 666/410/316
f 372/411/317 370/563/452 545/412/243
f 689/414/318 432/1284/373 668/415/319
f 668/415/319 432/1284/373 402/417/256
f 434/419/321 496/424/325 465/420/322
f 495/422/324 401/426/258 402/423/256
f 494/425/326 671/428/328 401/426/258
f 494/425/326 493/429/329 670/427/327
f 493/429/329 492/431/331 672/430/330
f 492/431/331 491/434/334 673/432/332
f 490/433/333 674/436/269 673/432/332
f 489/435/335 408/438/337 674/436/269
f 488/437/336 409/440/272 408/438/337
f 487/439/338 410/442/274 409/440/272
f 487/439/338 486/444/341 676/441/339
f 485/443/340 675/446/343 676/441/339
f 484/445/342 677/448/345 675/446/343
f 483/447/344 678/450/347 677/448/345
f 482/449/346 679/452/284 678/450/347
f 481/451/348 416/454/287 679/452/284
f 480/453/349 417/456/288 416/454/287
f 479/455/350 418/458/290 417/456/288
f 479/455/350 478/459/352 681/457/351
f 478/459/352 477/462/355 680/460/353
f 476/461/354 682/464/357 680/460/353
f 475/463/356 683/466/359 682/464/357
f 474/465/358 684/468/361 683/466/359
f 473/467/360 424/470/302 684/468/361
f 472/469/362 425/472/304 424/470/302
f 472/469/362 471/473/363 426/471/306
f 471/473/363 470/475/365 686/474/364
f 470/475/365 469/477/367 685/476/366
f 469/477/367 468/480/370 687/478/368
f 467/479/369 688/482/372 687/478/368
f 466/481/371 689/484/318 688/482/372
f 466/481/371 465/420/322 432/483/373
f 498/485/374 497/487/376 433/486/375
f 497/487/376 499/490/379 435/488/377
f 500/489/378 436/492/381 435/488/377
f 501/491/380 437/494/383 436/492/381
f 502/493/382 438/496/385 437/494/383
f 503/495/384 439/498/387 438/496/385
f 503/495/384 504/499/388 440/497/386
f 504/499/388 505/502/391 441/500/389
f 506/501/390 442/504/393 441/500/389
f 507/503/392 443/506/395 442/504/393
f 508/505/394 444/508/397 443/506/395
f 509/507/396 445/510/399 444/508/397
f 509/507/396 510/512/401 446/509/398
f 511/511/400 447/514/403 446/509/398
f 511/511/400 512/516/405 448/513/402
f 513/515/404 449/518/407 448/513/402
f 513/515/404 514/520/409 450/517/406
f 515/519/408 451/522/411 450/517/406
f 516/521/410 452/524/413 451/522/411
f 517/523/412 453/526/415 452/524/413
f 517/523/412 518/528/417 454/525/414
f 519/527/416 455/530/419 454/525/414
f 519/527/416 520/531/420 456/529/418
f 520/531/420 521/534/423 457/532/421
f 522/533/422 458/536/425 457/532/421
f 523/535/424 459/538/427 458/536/425
f 524/537/426 460/540/429 459/538/427
f 525/539/428 461/542/431 460/540/429
f 525/539/428 526/544/433 462/541/430
f 527/543/432 463/545/434 462/541/430
f 527/543/432 528/546/435 464/421/323
f 498/485/374 434/419/321 464/421/323
f 433/486/375 495/422/324 496/424/325
f 435/488/377 494/425/326 495/422/324
f 435/488/377 436/492/381 493/429/329
f 437/494/383 492/431/331 493/429/329
f 438/496/385 491/434/334 492/431/331
f 439/498/387 490/433/333 491/434/334
f 439/498/387 440/497/386 489/435/335
f 441/500/389 488/437/336 489/435/335
f 442/504/393 487/439/338 488/437/336
f 443/506/395 486/444/341 487/439/338
f 444/508/397 485/443/340 486/444/341
f 445/510/399 484/445/342 485/443/340
f 445/510/399 446/509/398 483/447/344
f 446/509/398 447/514/403 482/449/346
f 447/514/403 448/513/402 481/451/348
f 449/518/407 480/453/349 481/451/348
f 450/517/406 479/455/350 480/453/349
f 451/522/411 478/459/352 479/455/350
f 452/524/413 477/462/355 478/459/352
f 453/526/415 476/461/354 477/462/355
f 453/526/415 454/525/414 475/463/356
f 454/525/414 455/530/419 474/465/358
f 456/529/418 473/467/360 474/465/358
f 456/529/418 457/532/421 472/469/362
f 457/532/421 458/536/425 471/473/363
f 459/538/427 470/475/365 471/473/363
f 460/540/429 469/477/367 470/475/365
f 461/542/431 468/480/370 469/477/367
f 461/542/431 462/541/430 467/479/369
f 463/545/434 466/481/371 467/479/369
f 463/545/434 464/421/323 465/420/322
f 338/547/436 340/549/438 497/487/376
f 342/548/437 499/490/379 497/487/376
f 344/550/439 500/489/378 499/490/379
f 346/551/440 501/491/380 500/489/378
f 348/552/441 502/493/382 501/491/380
f 348/552/441 350/553/442 503/495/384
f 350/553/442 352/555/444 504/499/388
f 354/554/443 505/502/391 504/499/388
f 356/556/445 506/501/390 505/502/391
f 358/557/446 507/503/392 506/501/390
f 360/558/447 508/505/394 507/503/392
f 360/558/447 362/559/448 509/507/396
f 362/559/448 364/560/449 510/512/401
f 364/560/449 366/562/451 511/511/400
f 368/561/450 512/516/405 511/511/400
f 370/563/452 513/515/404 512/516/405
f 372/411/317 514/520/409 513/515/404
f 374/564/453 515/519/408 514/520/409
f 376/565/454 516/521/410 515/519/408
f 378/566/455 517/523/412 516/521/410
f 378/566/455 380/568/457 518/528/417
f 382/567/456 519/527/416 518/528/417
f 384/569/458 520/531/420 519/527/416
f 386/570/459 521/534/423 520/531/420
f 388/571/460 522/533/422 521/534/423
f 388/571/460 390/572/461 523/535/424
f 390/572/461 392/573/462 524/537/426
f 392/573/462 394/574/463 525/539/428
f 394/574/463 396/576/465 526/544/433
f 398/575/464 527/543/432 526/544/433
f 400/577/466 528/546/435 527/543/432
f 338/547/436 498/485/374 528/546/435
f 344/550/439 532/606/293 533/578/296
f 398/575/464 559/607/474 560/579/285
f 372/411/317 546/413/257 547/580/467
f 346/551/440 533/578/296 534/581/298
f 338/547/436 400/577/466 560/579/285
f 374/564/453 547/580/467 548/583/261
f 348/552/441 534/581/298 535/584/468
f 376/565/454 548/583/261 549/585/264
f 350/553/442 535/584/468 536/586/303
f 378/566/455 549/585/264 550/587/266
f 352/555/444 536/586/303 537/588/242
f 380/568/457 550/587/266 551/589/469
f 354/554/443 537/588/242 538/590/305
f 384/569/458 382/567/456 551/589/469
f 356/556/445 538/590/305 539/592/470
f 384/569/458 552/591/270 553/593/245
f 358/557/446 539/592/470 540/594/309
f 386/570/459 553/593/245 554/595/273
f 362/559/448 360/558/447 540/594/309
f 388/571/460 554/595/273 555/597/471
f 362/559/448 541/596/312 542/598/314
f 390/572/461 555/597/471 556/599/277
f 364/560/449 542/598/314 543/600/472
f 338/547/436 530/582/244 529/601/289
f 392/573/462 556/599/277 557/602/280
f 366/562/451 543/600/472 544/603/319
f 340/549/438 529/601/289 531/604/473
f 396/576/465 394/574/463 557/602/280
f 368/561/450 544/603/319 545/412/243
f 344/550/439 342/548/437 531/604/473
f 396/576/465 558/605/281 559/607/474
f 605/621/319 574/1285/243 337/622/243
f 397/624/472 705/1286/320 605/621/319
f 706/625/314 705/1286/320 397/624/472
f 393/627/312 707/1287/312 706/625/314
f 708/628/309 707/1287/312 393/627/312
f 703/630/307 708/628/309 391/629/309
f 599/632/305 703/630/307 389/631/470
f 598/634/242 599/632/305 387/633/305
f 597/636/303 598/634/242 385/635/242
f 701/638/301 597/636/303 383/637/303
f 709/640/298 701/638/301 381/639/468
f 377/642/296 710/1288/296 709/640/298
f 711/643/293 710/1288/296 377/642/296
f 699/645/291 711/643/293 375/644/293
f 591/647/289 699/645/291 373/646/473
f 590/649/244 591/647/289 371/648/289
f 589/651/285 590/649/244 369/650/244
f 697/653/286 589/651/285 367/652/285
f 712/655/281 697/653/286 365/654/474
f 713/657/280 712/655/281 363/656/281
f 714/659/277 713/657/280 361/658/280
f 695/661/275 714/659/277 359/660/277
f 583/663/273 695/661/275 357/662/471
f 353/665/245 582/1289/245 583/663/273
f 581/666/270 582/1289/245 353/665/245
f 693/668/271 581/666/270 351/667/270
f 715/670/266 693/668/271 349/669/469
f 345/672/264 716/1290/264 715/670/266
f 717/673/261 716/1290/264 345/672/264
f 691/675/259 717/673/261 343/674/261
f 339/677/257 575/1291/257 691/675/259
f 574/678/243 575/1291/257 339/677/257
f 605/680/319 669/683/319 606/681/243
f 669/683/319 668/415/319 607/418/243
f 704/684/320 669/683/319 605/680/319
f 725/416/320 668/415/319 669/683/319
f 786/686/314 806/691/314 667/687/316
f 665/689/314 664/1292/314 725/416/320
f 787/690/312 808/1034/312 806/691/314
f 662/692/312 664/1292/314 665/689/314
f 810/694/309 808/1034/312 787/690/312
f 660/696/309 662/692/312 663/693/312
f 659/698/310 810/694/309 788/695/309
f 702/700/307 724/401/307 660/696/309
f 657/701/305 702/700/307 703/702/307
f 657/701/305 656/399/305 724/401/307
f 655/704/242 657/701/305 599/703/305
f 654/397/242 656/399/305 657/701/305
f 653/706/303 655/704/242 598/705/242
f 652/396/303 654/397/242 655/704/242
f 701/708/301 700/709/301 653/706/303
f 700/709/301 723/394/301 652/396/303
f 789/710/298 812/1040/298 651/711/300
f 648/713/298 723/394/301 700/709/301
f 814/715/296 812/1040/298 789/710/298
f 646/717/296 648/713/298 649/714/298
f 816/719/293 814/715/296 790/716/296
f 644/721/293 646/717/296 647/718/296
f 643/723/294 816/719/293 791/720/293
f 722/384/291 644/721/293 645/722/293
f 641/726/289 698/725/291 699/727/291
f 640/382/289 722/384/291 698/725/291
f 639/729/244 641/726/289 591/728/289
f 639/729/244 638/380/244 640/382/289
f 637/731/285 639/729/244 590/730/244
f 636/377/285 638/380/244 639/729/244
f 697/733/286 696/734/286 637/731/285
f 721/378/286 636/377/285 637/731/285
f 818/735/281 635/1046/283 588/736/283
f 632/738/281 721/378/286 696/734/286
f 820/740/280 818/735/281 792/737/281
f 630/742/280 632/738/281 633/739/281
f 822/744/277 820/740/280 793/741/280
f 629/746/277 628/1293/277 630/742/280
f 627/747/278 822/744/277 794/745/277
f 720/367/275 628/1293/277 629/746/277
f 625/750/273 694/749/275 695/751/275
f 624/365/273 720/367/275 694/749/275
f 623/753/245 625/750/273 583/752/273
f 622/364/245 624/365/273 625/750/273
f 621/755/270 623/753/245 582/754/245
f 620/361/270 622/364/245 623/753/245
f 693/757/271 692/758/271 621/755/270
f 719/362/271 620/361/270 621/755/270
f 824/759/266 619/1054/268 580/760/268
f 616/762/266 719/362/271 692/758/271
f 826/764/264 824/759/266 795/761/266
f 614/766/264 616/762/266 617/763/266
f 828/768/261 826/764/264 796/765/264
f 612/770/261 614/766/264 615/767/264
f 611/772/262 828/768/261 797/769/261
f 690/774/259 718/350/259 612/770/261
f 609/775/257 690/774/259 691/776/259
f 609/775/257 608/347/257 718/350/259
f 606/778/243 609/775/257 575/777/257
f 607/348/243 608/347/257 609/775/257
f 496/424/325 402/423/256 432/483/373
f 751/780/476 671/1294/491 670/781/477
f 405/783/479 404/782/478 670/781/477
f 406/785/481 405/783/479 672/784/480
f 754/787/483 406/785/481 673/786/482
f 756/789/478 676/1295/476 675/790/485
f 413/792/487 412/791/486 675/790/485
f 413/792/487 677/793/488 678/794/489
f 759/796/484 414/795/490 678/794/489
f 761/798/486 681/1296/478 680/799/479
f 421/801/477 420/800/491 680/799/479
f 422/803/480 421/801/477 682/802/481
f 764/805/482 422/803/480 683/804/483
f 766/807/491 686/1297/486 685/808/487
f 429/810/485 428/809/476 685/808/487
f 429/810/485 687/811/490 688/812/484
f 769/814/489 430/813/488 688/812/484
f 771/816/310 691/1298/310 690/817/310
f 772/819/283 692/1299/283 693/820/283
f 775/822/262 695/1300/262 694/823/262
f 776/825/300 696/1301/300 697/826/300
f 779/828/278 699/1302/278 698/829/278
f 781/831/316 780/1303/316 700/832/316
f 783/834/294 703/1304/294 702/835/294
f 784/837/268 704/1305/268 705/838/268
f 785/840/168 705/1306/168 706/841/168
f 603/842/168 706/841/168 707/843/168
f 602/844/168 707/843/168 708/845/168
f 783/847/168 601/846/168 708/845/168
f 781/849/168 701/1307/168 709/850/168
f 595/851/168 709/850/168 710/852/168
f 594/853/168 710/852/168 711/854/168
f 779/856/168 593/855/168 711/854/168
f 777/858/168 697/1308/168 712/859/168
f 587/860/168 712/859/168 713/861/168
f 586/862/168 713/861/168 714/863/168
f 775/865/168 585/864/168 714/863/168
f 773/867/168 693/1309/168 715/868/168
f 578/870/168 579/869/168 715/868/168
f 577/872/168 578/870/168 716/871/168
f 771/874/168 577/872/168 717/873/168
f 798/876/310 718/1310/310 671/877/308
f 754/879/493 674/1311/1302 719/880/283
f 800/882/262 720/1312/262 676/883/494
f 759/885/496 679/1313/1303 721/886/300
f 802/888/278 722/1314/278 681/889/276
f 764/891/498 684/1315/1304 723/892/316
f 804/894/294 724/1316/294 686/895/292
f 769/897/500 689/1317/1300 725/898/268
f 784/900/475 726/907/475 665/901/475
f 805/903/168 725/1318/168 664/904/168
f 728/906/475 663/911/475 665/901/475
f 727/905/168 664/904/168 662/908/168
f 728/906/475 730/915/475 661/910/475
f 729/909/168 662/908/168 660/912/168
f 782/914/475 702/1319/475 661/910/475
f 804/916/168 731/913/168 660/912/168
f 780/918/475 732/924/475 649/919/475
f 803/921/168 723/1320/168 648/922/168
f 732/924/475 734/928/475 647/925/475
f 733/923/168 648/922/168 646/926/168
f 734/928/475 736/933/475 645/929/475
f 735/927/168 646/926/168 644/930/168
f 778/932/475 698/1321/475 645/929/475
f 802/934/168 737/931/168 644/930/168
f 776/936/475 738/942/475 633/937/475
f 801/939/168 721/1322/168 632/940/168
f 738/942/475 740/946/475 631/943/475
f 739/941/168 632/940/168 630/944/168
f 740/946/475 742/951/475 629/947/475
f 741/945/168 630/944/168 628/948/168
f 774/950/475 694/1323/475 629/947/475
f 800/952/168 743/949/168 628/948/168
f 772/954/475 744/960/475 617/955/475
f 799/957/168 719/1324/168 616/958/168
f 744/960/475 746/964/475 615/961/475
f 745/959/168 616/958/168 614/962/168
f 746/964/475 748/969/475 613/965/475
f 747/963/168 614/962/168 612/966/168
f 770/968/475 690/1325/475 613/965/475
f 798/970/168 749/967/168 612/966/168
f 403/351/501 751/1022/1305 404/972/502
f 750/354/503 404/972/502 405/973/504
f 752/356/505 405/973/504 406/974/506
f 407/975/508 753/358/507 406/974/506
f 411/368/510 756/1024/1306 412/977/511
f 755/978/512 412/977/511 413/979/513
f 757/371/514 413/979/513 414/980/515
f 415/981/517 758/374/516 414/980/515
f 419/385/519 761/1026/1307 420/983/520
f 760/388/521 420/983/520 421/984/522
f 762/390/523 421/984/522 422/985/524
f 423/986/526 763/392/525 422/985/524
f 427/402/528 766/1028/1308 428/988/529
f 765/405/530 428/988/529 429/989/531
f 768/409/533 767/407/532 429/989/531
f 431/991/535 768/409/533 430/990/534
f 576/773/537 771/1020/537 770/993/537
f 580/760/538 619/1054/538 772/994/538
f 584/748/539 775/1016/539 774/996/539
f 588/736/540 635/1046/540 776/997/540
f 592/724/541 779/1012/541 778/999/541
f 596/712/542 651/711/542 780/1000/542
f 600/699/543 783/1008/543 782/1002/543
f 604/688/544 667/687/544 784/1003/544
f 604/688/545 785/1004/545 603/1005/546
f 787/690/547 786/686/546 603/1005/546
f 788/695/548 787/690/547 602/1006/547
f 600/699/549 788/695/548 601/1007/548
f 596/712/550 781/1001/550 595/1009/551
f 790/716/552 789/710/551 595/1009/551
f 791/720/553 790/716/552 594/1010/552
f 592/724/554 791/720/553 593/1011/553
f 588/736/555 777/998/555 587/1013/556
f 792/737/556 587/1013/556 586/1014/557
f 793/741/557 586/1014/557 585/1015/558
f 584/748/559 794/745/558 585/1015/558
f 580/760/560 773/995/560 579/1017/561
f 795/761/561 579/1017/561 578/1018/562
f 796/765/562 578/1018/562 577/1019/563
f 576/773/564 797/769/563 577/1019/563
f 403/351/565 610/353/537 798/1021/537
f 618/359/538 407/975/1309 754/976/567
f 626/370/539 800/1053/539 756/1024/568
f 415/981/570 759/982/1310 801/1025/540
f 642/387/541 802/1045/541 761/1026/571
f 423/986/573 764/987/1311 803/1027/542
f 658/404/543 804/1037/543 766/1028/574
f 431/991/576 769/992/1312 805/1029/544
f 667/687/577 806/691/578 726/1030/578
f 666/410/545 805/1029/545 727/1031/546
f 806/691/578 808/1034/579 728/1032/579
f 807/408/546 727/1031/546 729/1033/547
f 810/694/580 730/1036/580 728/1032/579
f 811/403/548 809/406/547 729/1033/547
f 659/698/581 782/1002/581 730/1036/580
f 658/404/549 811/403/548 731/1035/548
f 651/711/582 812/1040/583 732/1038/583
f 650/393/550 803/1027/550 733/1039/551
f 814/715/584 734/1042/584 732/1038/583
f 815/389/552 813/391/551 733/1039/551
f 816/719/585 736/1044/585 734/1042/584
f 817/386/553 815/389/552 735/1041/552
f 643/723/586 778/999/586 736/1044/585
f 642/387/554 817/386/553 737/1043/553
f 635/1046/587 818/735/588 738/1047/588
f 634/375/555 801/1025/555 739/1048/556
f 820/740/589 740/1050/589 738/1047/588
f 821/372/557 819/373/556 739/1048/556
f 822/744/590 742/1052/590 740/1050/589
f 823/369/558 821/372/557 741/1049/557
f 627/747/591 774/996/591 742/1052/590
f 626/370/559 823/369/558 743/1051/558
f 619/1054/592 824/759/593 744/1055/593
f 618/359/560 799/1023/560 745/1056/561
f 826/764/594 746/1058/594 744/1055/593
f 827/355/562 825/357/561 745/1056/561
f 828/768/595 748/1060/595 746/1058/594
f 827/355/562 747/1057/562 749/1059/563
f 611/772/596 770/993/596 748/1060/595
f 610/353/564 829/352/563 749/1059/563
f 1096/1169/629 1098/1195/654 1074/1170/630
f 1083/1172/632 1089/1192/651 1085/1173/633
f 1088/1175/635 1094/1193/652 1090/1176/636
f 1093/1178/638 1099/1196/655 1095/1179/639
f 1076/1181/641 1078/1189/648 1084/1182/642
f 1082/1186/645 1077/1188/647 1072/1184/643
f 1072/1184/643 1097/1194/653 1092/1185/644
f 1092/1185/644 1087/1191/650 1082/1186/645
f 1079/1190/649 1073/1187/646 1072/1184/643
f 1074/1170/630 1073/1187/646 1071/1197/656
f 1076/1181/641 1075/1198/657 1079/1190/649
f 1078/1189/648 1077/1188/647 1082/1186/645
f 1081/1174/634 1080/1183/244 1084/1182/642
f 1089/1192/651 1083/1172/632 1082/1186/645
f 1086/1177/637 1085/1173/633 1089/1192/651
f 1094/1193/652 1088/1175/635 1087/1191/650
f 1091/1180/640 1090/1176/636 1094/1193/652
f 1099/1196/655 1093/1178/638 1092/1185/644
f 1096/1169/629 1095/1179/639 1099/1196/655
f 1098/1195/654 1097/1194/653 1072/1184/643
f 1073/1187/646 1079/1190/649 1075/1198/657
f 1123/1199/658 1109/1211/663 1100/1200/243
f 1102/1202/245 1113/1216/667 1115/1203/659
f 1103/1204/280 1115/1203/659 1117/1205/660
f 1104/1206/244 1117/1205/660 1119/1207/661
f 1105/1208/296 1119/1207/661 1121/1209/662
f 1121/1209/662 1123/1199/658 1107/1201/312
f 1109/1211/663 1111/1213/664 1101/1212/264
f 1111/1213/664 1113/1216/667 1102/1202/245
f 1111/1213/664 1109/1211/663 1108/1214/665
f 1113/1216/667 1111/1213/664 1110/1215/666
f 1113/1216/667 1112/1217/668 1114/1218/669
f 1115/1203/659 1114/1218/669 1116/1219/670
f 1117/1205/660 1116/1219/670 1118/1220/671
f 1121/1209/662 1119/1207/661 1118/1220/671
f 1121/1209/662 1120/1221/672 1122/1222/673
f 1123/1199/658 1122/1222/673 1108/1214/665
f 1112/1217/668 1110/1215/666 1108/1214/665
f 1108/1214/665 1122/1222/673 1120/1221/672
f 1120/1221/672 1118/1220/671 1116/1219/670
f 1116/1219/670 1114/1218/669 1112/1217/668
f 1112/1217/668 1108/1214/665 1120/1221/672
f 1150/1169/674 1152/1195/700 1128/1170/675
f 1137/1172/677 1143/1192/697 1139/1173/678
f 1142/1175/680 1148/1193/698 1144/1176/681
f 1147/1178/683 1153/1196/701 1149/1179/684
f 1130/1181/686 1132/1189/694 1138/1182/687
f 1136/1186/691 1131/1188/693 1126/1184/689
f 1126/1184/689 1151/1194/699 1146/1185/690
f 1146/1185/690 1141/1191/696 1136/1186/691
f 1133/1190/695 1127/1187/692 1126/1184/689
f 1124/1171/676 1128/1170/675 1127/1187/692
f 1130/1181/686 1129/1198/703 1133/1190/695
f 1138/1182/687 1132/1189/694 1131/1188/693
f 1137/1172/677 1135/1174/679 1134/1183/688
f 1137/1172/677 1136/1186/691 1141/1191/696
f 1140/1177/682 1139/1173/678 1143/1192/697
f 1142/1175/680 1141/1191/696 1146/1185/690
f 1147/1178/683 1145/1180/685 1144/1176/681
f 1153/1196/701 1147/1178/683 1146/1185/690
f 1150/1169/674 1149/1179/684 1153/1196/701
f 1152/1195/700 1151/1194/699 1126/1184/689
f 1127/1187/692 1133/1190/695 1129/1198/703
f 1177/1199/704 1163/1211/715 1154/1200/685
f 1156/1202/706 1167/1216/720 1169/1203/707
f 1157/1204/708 1169/1203/707 1171/1205/709
f 1158/1206/710 1171/1205/709 1173/1207/711
f 1159/1208/712 1173/1207/711 1175/1209/713
f 1175/1209/713 1177/1199/704 1161/1201/705
f 1163/1211/715 1165/1213/717 1155/1212/716
f 1165/1213/717 1167/1216/720 1156/1202/706
f 1165/1213/717 1163/1211/715 1162/1214/718
f 1167/1216/720 1165/1213/717 1164/1215/719
f 1169/1203/707 1167/1216/720 1166/1217/721
f 1169/1203/707 1168/1218/722 1170/1219/723
f 1171/1205/709 1170/1219/723 1172/1220/724
f 1173/1207/711 1172/1220/724 1174/1221/725
f 1175/1209/713 1174/1221/725 1176/1222/726
f 1177/1199/704 1176/1222/726 1162/1214/718
f 1166/1217/721 1164/1215/719 1162/1214/718
f 1162/1214/718 1176/1222/726 1174/1221/725
f 1174/1221/725 1172/1220/724 1170/1219/723
f 1170/1219/723 1168/1218/722 1166/1217/721
f 1166/1217/721 1162/1214/718 1174/1221/725
f 1204/1169/727 1206/1195/753 1182/1170/728
f 1191/1172/730 1197/1192/750 1193/1173/731
f 1196/1175/733 1202/1193/751 1198/1176/734
f 1201/1178/736 1207/1196/754 1203/1179/737
f 1184/1181/739 1186/1189/747 1192/1182/740
f 1190/1186/744 1185/1188/746 1180/1184/742
f 1180/1184/742 1205/1194/752 1200/1185/743
f 1200/1185/743 1195/1191/749 1190/1186/744
f 1187/1190/748 1181/1187/745 1180/1184/742
f 1182/1170/728 1181/1187/745 1179/1197/755
f 1184/1181/739 1183/1198/756 1187/1190/748
f 1186/1189/747 1185/1188/746 1190/1186/744
f 1189/1174/732 1188/1183/741 1192/1182/740
f 1197/1192/750 1191/1172/730 1190/1186/744
f 1194/1177/735 1193/1173/731 1197/1192/750
f 1202/1193/751 1196/1175/733 1195/1191/749
f 1199/1180/738 1198/1176/734 1202/1193/751
f 1207/1196/754 1201/1178/736 1200/1185/743
f 1206/1195/753 1204/1169/727 1203/1179/737
f 1206/1195/753 1205/1194/752 1180/1184/742
f 1181/1187/745 1187/1190/748 1183/1198/756
f 1231/1199/757 1217/1211/768 1208/1200/758
f 1221/1216/760 1223/1203/774 1211/1204/761
f 1211/1204/761 1223/1203/774 1225/1205/763
f 1212/1206/741 1225/1205/763 1227/1207/764
f 1227/1207/764 1229/1209/767 1214/1210/766
f 1229/1209/767 1231/1199/757 1215/1201/759
f 1217/1211/768 1219/1213/770 1209/1212/769
f 1219/1213/770 1221/1216/760 1210/1202/762
f 1219/1213/770 1217/1211/768 1216/1214/771
f 1219/1213/770 1218/1215/772 1220/1217/773
f 1223/1203/774 1221/1216/760 1220/1217/773
f 1225/1205/763 1223/1203/774 1222/1218/775
f 1227/1207/764 1225/1205/763 1224/1219/776
f 1227/1207/764 1226/1220/777 1228/1221/778
f 1229/1209/767 1228/1221/778 1230/1222/779
f 1231/1199/757 1230/1222/779 1216/1214/771
f 1220/1217/773 1218/1215/772 1216/1214/771
f 1216/1214/771 1230/1222/779 1228/1221/778
f 1228/1221/778 1226/1220/777 1224/1219/776
f 1224/1219/776 1222/1218/775 1220/1217/773
f 1220/1217/773 1216/1214/771 1228/1221/778
f 1258/1169/780 1260/1195/806 1236/1170/781
f 1245/1172/783 1251/1192/803 1247/1173/784
f 1250/1175/786 1256/1193/804 1252/1176/787
f 1255/1178/789 1261/1196/807 1257/1179/790
f 1238/1181/792 1240/1189/800 1246/1182/793
f 1244/1186/797 1239/1188/799 1234/1184/795
f 1234/1184/795 1259/1194/805 1254/1185/796
f 1254/1185/796 1249/1191/802 1244/1186/797
f 1235/1187/798 1234/1184/795 1239/1188/799
f 1232/1171/782 1236/1170/781 1235/1187/798
f 1238/1181/792 1237/1198/809 1241/1190/801
f 1240/1189/800 1239/1188/799 1244/1186/797
f 1243/1174/785 1242/1183/794 1246/1182/793
f 1245/1172/783 1244/1186/797 1249/1191/802
f 1248/1177/788 1247/1173/784 1251/1192/803
f 1250/1175/786 1249/1191/802 1254/1185/796
f 1253/1180/791 1252/1176/787 1256/1193/804
f 1255/1178/789 1254/1185/796 1259/1194/805
f 1258/1169/780 1257/1179/790 1261/1196/807
f 1260/1195/806 1259/1194/805 1234/1184/795
f 1233/1197/808 1235/1187/798 1241/1190/801
f 1285/1199/810 1271/1211/821 1262/1200/811
f 1264/1202/813 1275/1216/823 1277/1203/814
f 1265/1204/815 1277/1203/814 1279/1205/816
f 1266/1206/794 1279/1205/816 1281/1207/817
f 1281/1207/817 1283/1209/820 1268/1210/819
f 1283/1209/820 1285/1199/810 1269/1201/812
f 1271/1211/821 1273/1213/824 1263/1212/822
f 1263/1212/822 1273/1213/824 1275/1216/823
f 1273/1213/824 1271/1211/821 1270/1214/825
f 1273/1213/824 1272/1215/826 1274/1217/827
f 1275/1216/823 1274/1217/827 1276/1218/828
f 1277/1203/814 1276/1218/828 1278/1219/829
f 1279/1205/816 1278/1219/829 1280/1220/830
f 1281/1207/817 1280/1220/830 1282/1221/831
f 1285/1199/810 1283/1209/820 1282/1221/831
f 1271/1211/821 1285/1199/810 1284/1222/832
f 1274/1217/827 1272/1215/826 1270/1214/825
f 1270/1214/825 1284/1222/832 1282/1221/831
f 1282/1221/831 1280/1220/830 1278/1219/829
f 1278/1219/829 1276/1218/828 1274/1217/827
f 1274/1217/827 1270/1214/825 1282/1221/831
f 1312/1169/833 1314/1195/859 1290/1170/834
f 1299/1172/836 1305/1192/856 1301/1173/837
f 1304/1175/839 1310/1193/857 1306/1176/840
f 1309/1178/842 1315/1196/860 1311/1179/843
f 1292/1181/845 1294/1189/853 1300/1182/846
f 1298/1186/850 1293/1188/852 1288/1184/848
f 1288/1184/848 1313/1194/858 1308/1185/849
f 1308/1185/849 1303/1191/855 1298/1186/850
f 1295/1190/854 1289/1187/851 1288/1184/848
f 1290/1170/834 1289/1187/851 1287/1197/861
f 1292/1181/845 1291/1198/862 1295/1190/854
f 1300/1182/846 1294/1189/853 1293/1188/852
f 1297/1174/838 1296/1183/847 1300/1182/846
f 1305/1192/856 1299/1172/836 1298/1186/850
f 1304/1175/839 1302/1177/841 1301/1173/837
f 1304/1175/839 1303/1191/855 1308/1185/849
f 1307/1180/844 1306/1176/840 1310/1193/857
f 1309/1178/842 1308/1185/849 1313/1194/858
f 1312/1169/833 1311/1179/843 1315/1196/860
f 1290/1170/834 1314/1195/859 1313/1194/858
f 1289/1187/851 1295/1190/854 1291/1198/862
f 1339/1199/863 1325/1211/874 1316/1200/864
f 1318/1202/866 1329/1216/879 1331/1203/867
f 1319/1204/868 1331/1203/867 1333/1205/869
f 1333/1205/869 1335/1207/871 1321/1208/870
f 1335/1207/871 1337/1209/873 1322/1210/872
f 1337/1209/873 1339/1199/863 1323/1201/865
f 1325/1211/874 1327/1213/876 1317/1212/875
f 1327/1213/876 1329/1216/879 1318/1202/866
f 1325/1211/874 1324/1214/885 1326/1215/877
f 1327/1213/876 1326/1215/877 1328/1217/878
f 1331/1203/867 1329/1216/879 1328/1217/878
f 1331/1203/867 1330/1218/880 1332/1219/881
f 1333/1205/869 1332/1219/881 1334/1220/882
f 1335/1207/871 1334/1220/882 1336/1221/883
f 1339/1199/863 1337/1209/873 1336/1221/883
f 1325/1211/874 1339/1199/863 1338/1222/884
f 1328/1217/878 1326/1215/877 1324/1214/885
f 1324/1214/885 1338/1222/884 1336/1221/883
f 1336/1221/883 1334/1220/882 1332/1219/881
f 1332/1219/881 1330/1218/880 1328/1217/878
f 1328/1217/878 1324/1214/885 1336/1221/883
f 1366/1169/886 1368/1195/912 1344/1170/887
f 1353/1172/889 1359/1192/909 1355/1173/890
f 1358/1175/892 1364/1193/910 1360/1176/893
f 1363/1178/895 1369/1196/913 1365/1179/896
f 1346/1181/898 1348/1189/906 1354/1182/899
f 1352/1186/903 1347/1188/905 1342/1184/901
f 1342/1184/901 1367/1194/911 1362/1185/902
f 1362/1185/902 1357/1191/908 1352/1186/903
f 1343/1187/904 1342/1184/901 1347/1188/905
f 1344/1170/887 1343/1187/904 1341/1197/914
f 1346/1181/898 1345/1198/915 1349/1190/907
f 1348/1189/906 1347/1188/905 1352/1186/903
f 1351/1174/891 1350/1183/900 1354/1182/899
f 1353/1172/889 1352/1186/903 1357/1191/908
f 1356/1177/894 1355/1173/890 1359/1192/909
f 1358/1175/892 1357/1191/908 1362/1185/902
f 1361/1180/897 1360/1176/893 1364/1193/910
f 1369/1196/913 1363/1178/895 1362/1185/902
f 1366/1169/886 1365/1179/896 1369/1196/913
f 1368/1195/912 1367/1194/911 1342/1184/901
f 1343/1187/904 1349/1190/907 1345/1198/915
f 1393/1199/916 1379/1211/927 1370/1200/917
f 1372/1202/919 1383/1216/932 1385/1203/920
f 1373/1204/921 1385/1203/920 1387/1205/922
f 1374/1206/900 1387/1205/922 1389/1207/923
f 1389/1207/923 1391/1209/926 1376/1210/925
f 1391/1209/926 1393/1199/916 1377/1201/918
f 1379/1211/927 1381/1213/929 1371/1212/928
f 1381/1213/929 1383/1216/932 1372/1202/919
f 1379/1211/927 1378/1214/938 1380/1215/930
f 1381/1213/929 1380/1215/930 1382/1217/931
f 1383/1216/932 1382/1217/931 1384/1218/933
f 1387/1205/922 1385/1203/920 1384/1218/933
f 1387/1205/922 1386/1219/934 1388/1220/935
f 1389/1207/923 1388/1220/935 1390/1221/936
f 1391/1209/926 1390/1221/936 1392/1222/937
f 1379/1211/927 1393/1199/916 1392/1222/937
f 1382/1217/931 1380/1215/930 1378/1214/938
f 1378/1214/938 1392/1222/937 1390/1221/936
f 1390/1221/936 1388/1220/935 1386/1219/934
f 1386/1219/934 1384/1218/933 1382/1217/931
f 1382/1217/931 1378/1214/938 1390/1221/936
f 1420/1169/939 1422/1195/965 1398/1170/940
f 1407/1172/942 1413/1192/962 1409/1173/943
f 1412/1175/945 1418/1193/963 1414/1176/946
f 1417/1178/948 1423/1196/966 1419/1179/949
f 1400/1181/951 1402/1189/959 1408/1182/952
f 1406/1186/956 1401/1188/958 1396/1184/954
f 1396/1184/954 1421/1194/964 1416/1185/955
f 1416/1185/955 1411/1191/961 1406/1186/956
f 1397/1187/957 1396/1184/954 1401/1188/958
f 1398/1170/940 1397/1187/957 1395/1197/967
f 1400/1181/951 1399/1198/968 1403/1190/960
f 1408/1182/952 1402/1189/959 1401/1188/958
f 1405/1174/944 1404/1183/953 1408/1182/952
f 1407/1172/942 1406/1186/956 1411/1191/961
f 1410/1177/947 1409/1173/943 1413/1192/962
f 1412/1175/945 1411/1191/961 1416/1185/955
f 1415/1180/950 1414/1176/946 1418/1193/963
f 1423/1196/966 1417/1178/948 1416/1185/955
f 1420/1169/939 1419/1179/949 1423/1196/966
f 1422/1195/965 1421/1194/964 1396/1184/954
f 1397/1187/957 1403/1190/960 1399/1198/968
f 1447/1199/969 1433/1211/980 1424/1200/970
f 1426/1202/972 1437/1216/985 1439/1203/973
f 1427/1204/974 1439/1203/973 1441/1205/975
f 1428/1206/953 1441/1205/975 1443/1207/976
f 1443/1207/976 1445/1209/979 1430/1210/978
f 1445/1209/979 1447/1199/969 1431/1201/971
f 1433/1211/980 1435/1213/982 1425/1212/981
f 1435/1213/982 1437/1216/985 1426/1202/972
f 1433/1211/980 1432/1214/991 1434/1215/983
f 1435/1213/982 1434/1215/983 1436/1217/984
f 1437/1216/985 1436/1217/984 1438/1218/986
f 1439/1203/973 1438/1218/986 1440/1219/987
f 1441/1205/975 1440/1219/987 1442/1220/988
f 1445/1209/979 1443/1207/976 1442/1220/988
f 1445/1209/979 1444/1221/989 1446/1222/990
f 1433/1211/980 1447/1199/969 1446/1222/990
f 1436/1217/984 1434/1215/983 1432/1214/991
f 1432/1214/991 1446/1222/990 1444/1221/989
f 1444/1221/989 1442/1220/988 1440/1219/987
f 1440/1219/987 1438/1218/986 1436/1217/984
f 1436/1217/984 1432/1214/991 1444/1221/989
f 1474/1169/992 1476/1195/1018 1452/1170/993
f 1461/1172/995 1467/1192/1015 1463/1173/996
f 1466/1175/998 1472/1193/1016 1468/1176/999
f 1471/1178/1001 1477/1196/1019 1473/1179/1002
f 1454/1181/1004 1456/1189/1012 1462/1182/1005
f 1460/1186/1009 1455/1188/1011 1450/1184/1007
f 1450/1184/1007 1475/1194/1017 1470/1185/1008
f 1470/1185/1008 1465/1191/1014 1460/1186/1009
f 1451/1187/1010 1450/1184/1007 1455/1188/1011
f 1452/1170/993 1451/1187/1010 1449/1197/1020
f 1454/1181/1004 1453/1198/1021 1457/1190/1013
f 1456/1189/1012 1455/1188/1011 1460/1186/1009
f 1459/1174/997 1458/1183/1006 1462/1182/1005
f 1461/1172/995 1460/1186/1009 1465/1191/1014
f 1464/1177/1000 1463/1173/996 1467/1192/1015
f 1466/1175/998 1465/1191/1014 1470/1185/1008
f 1469/1180/1003 1468/1176/999 1472/1193/1016
f 1477/1196/1019 1471/1178/1001 1470/1185/1008
f 1474/1169/992 1473/1179/1002 1477/1196/1019
f 1476/1195/1018 1475/1194/1017 1450/1184/1007
f 1451/1187/1010 1457/1190/1013 1453/1198/1021
f 1501/1199/1022 1487/1211/1032 1478/1200/1023
f 1491/1216/1025 1493/1203/1039 1481/1204/1026
f 1481/1204/1026 1493/1203/1039 1495/1205/1028
f 1495/1205/1028 1497/1207/1042 1483/1208/1029
f 1483/1208/1029 1497/1207/1042 1499/1209/1030
f 1499/1209/1030 1501/1199/1022 1485/1201/1024
f 1487/1211/1032 1489/1213/1034 1479/1212/1033
f 1489/1213/1034 1491/1216/1025 1480/1202/1027
f 1489/1213/1034 1487/1211/1032 1486/1214/1035
f 1491/1216/1025 1489/1213/1034 1488/1215/1036
f 1491/1216/1025 1490/1217/1037 1492/1218/1038
f 1493/1203/1039 1492/1218/1038 1494/1219/1040
f 1495/1205/1028 1494/1219/1040 1496/1220/1041
f 1499/1209/1030 1497/1207/1042 1496/1220/1041
f 1501/1199/1022 1499/1209/1030 1498/1221/1043
f 1487/1211/1032 1501/1199/1022 1500/1222/1044
f 1490/1217/1037 1488/1215/1036 1486/1214/1035
f 1486/1214/1035 1500/1222/1044 1498/1221/1043
f 1498/1221/1043 1496/1220/1041 1494/1219/1040
f 1494/1219/1040 1492/1218/1038 1490/1217/1037
f 1490/1217/1037 1486/1214/1035 1498/1221/1043
f 1530/1195/1045 1506/1170/1064 1502/1171/1046
f 1515/1172/1048 1521/1192/1069 1517/1173/1049
f 1520/1175/1051 1526/1193/1070 1522/1176/1052
f 1525/1178/1054 1531/1196/1072 1527/1179/1055
f 1508/1181/1057 1510/1189/1066 1516/1182/1058
f 1514/1186/1062 1509/1188/1065 1504/1184/1060
f 1504/1184/1060 1529/1194/1071 1524/1185/1061
f 1524/1185/1061 1519/1191/1068 1514/1186/1062
f 1511/1190/1067 1505/1187/1063 1504/1184/1060
f 1502/1171/1046 1506/1170/1064 1505/1187/1063
f 1508/1181/1057 1507/1198/1074 1511/1190/1067
f 1510/1189/1066 1509/1188/1065 1514/1186/1062
f 1513/1174/1050 1512/1183/1059 1516/1182/1058
f 1521/1192/1069 1515/1172/1048 1514/1186/1062
f 1518/1177/1053 1517/1173/1049 1521/1192/1069
f 1526/1193/1070 1520/1175/1051 1519/1191/1068
f 1525/1178/1054 1523/1180/1056 1522/1176/1052
f 1531/1196/1072 1525/1178/1054 1524/1185/1061
f 1528/1169/1047 1527/1179/1055 1531/1196/1072
f 1530/1195/1045 1529/1194/1071 1504/1184/1060
f 1505/1187/1063 1511/1190/1067 1507/1198/1074
f 1555/1199/1075 1541/1211/1085 1532/1200/1056
f 1545/1216/1077 1547/1203/1092 1535/1204/1078
f 1535/1204/1078 1547/1203/1092 1549/1205/1080
f 1536/1206/1059 1549/1205/1080 1551/1207/1081
f 1537/1208/1082 1551/1207/1081 1553/1209/1083
f 1553/1209/1083 1555/1199/1075 1539/1201/1076
f 1541/1211/1085 1543/1213/1087 1533/1212/1086
f 1543/1213/1087 1545/1216/1077 1534/1202/1079
f 1543/1213/1087 1541/1211/1085 1540/1214/1088
f 1545/1216/1077 1543/1213/1087 1542/1215/1089
f 1545/1216/1077 1544/1217/1090 1546/1218/1091
f 1549/1205/1080 1547/1203/1092 1546/1218/1091
f 1549/1205/1080 1548/1219/1093 1550/1220/1094
f 1551/1207/1081 1550/1220/1094 1552/1221/1095
f 1555/1199/1075 1553/1209/1083 1552/1221/1095
f 1541/1211/1085 1555/1199/1075 1554/1222/1096
f 1544/1217/1090 1542/1215/1089 1540/1214/1088
f 1540/1214/1088 1554/1222/1096 1552/1221/1095
f 1552/1221/1095 1550/1220/1094 1548/1219/1093
f 1548/1219/1093 1546/1218/1091 1544/1217/1090
f 1544/1217/1090 1540/1214/1088 1552/1221/1095
f 1582/1169/1097 1584/1195/1123 1560/1170/1098
f 1569/1172/1100 1575/1192/1120 1571/1173/1101
f 1574/1175/1103 1580/1193/1121 1576/1176/1104
f 1579/1178/1106 1585/1196/1124 1581/1179/1107
f 1562/1181/1109 1564/1189/1117 1570/1182/1110
f 1568/1186/1114 1563/1188/1116 1558/1184/1112
f 1558/1184/1112 1583/1194/1122 1578/1185/1113
f 1578/1185/1113 1573/1191/1119 1568/1186/1114
f 1559/1187/1115 1558/1184/1112 1563/1188/1116
f 1556/1171/1099 1560/1170/1098 1559/1187/1115
f 1562/1181/1109 1561/1198/1126 1565/1190/1118
f 1564/1189/1117 1563/1188/1116 1568/1186/1114
f 1567/1174/1102 1566/1183/1111 1570/1182/1110
f 1569/1172/1100 1568/1186/1114 1573/1191/1119
f 1572/1177/1105 1571/1173/1101 1575/1192/1120
f 1580/1193/1121 1574/1175/1103 1573/1191/1119
f 1577/1180/1108 1576/1176/1104 1580/1193/1121
f 1579/1178/1106 1578/1185/1113 1583/1194/1122
f 1582/1169/1097 1581/1179/1107 1585/1196/1124
f 1584/1195/1123 1583/1194/1122 1558/1184/1112
f 1559/1187/1115 1565/1190/1118 1561/1198/1126
f 1609/1199/1127 1595/1211/1137 1586/1200/1128
f 1588/1202/1046 1599/1216/1141 1601/1203/1130
f 1589/1204/1131 1601/1203/1130 1603/1205/1132
f 1590/1206/1111 1603/1205/1132 1605/1207/1133
f 1591/1208/1134 1605/1207/1133 1607/1209/1135
f 1607/1209/1135 1609/1199/1127 1593/1201/1129
f 1595/1211/1137 1597/1213/1139 1587/1212/1138
f 1597/1213/1139 1599/1216/1141 1588/1202/1046
f 1595/1211/1137 1594/1214/1148 1596/1215/1140
f 1599/1216/1141 1597/1213/1139 1596/1215/1140
f 1601/1203/1130 1599/1216/1141 1598/1217/1142
f 1601/1203/1130 1600/1218/1143 1602/1219/1144
f 1603/1205/1132 1602/1219/1144 1604/1220/1145
f 1607/1209/1135 1605/1207/1133 1604/1220/1145
f 1609/1199/1127 1607/1209/1135 1606/1221/1146
f 1595/1211/1137 1609/1199/1127 1608/1222/1147
f 1598/1217/1142 1596/1215/1140 1594/1214/1148
f 1594/1214/1148 1608/1222/1147 1606/1221/1146
f 1606/1221/1146 1604/1220/1145 1602/1219/1144
f 1602/1219/1144 1600/1218/1143 1598/1217/1142
f 1598/1217/1142 1594/1214/1148 1606/1221/1146
f 1636/1169/1149 1638/1195/1175 1614/1170/1150
f 1623/1172/1152 1629/1192/1172 1625/1173/1153
f 1628/1175/1155 1634/1193/1173 1630/1176/1156
f 1633/1178/1158 1639/1196/1176 1635/1179/1159
f 1616/1181/1161 1618/1189/1169 1624/1182/1162
f 1622/1186/1166 1617/1188/1168 1612/1184/1164
f 1612/1184/1164 1637/1194/1174 1632/1185/1165
f 1632/1185/1165 1627/1191/1171 1622/1186/1166
f 1613/1187/1167 1612/1184/1164 1617/1188/1168
f 1614/1170/1150 1613/1187/1167 1611/1197/1177
f 1616/1181/1161 1615/1198/1178 1619/1190/1170
f 1624/1182/1162 1618/1189/1169 1617/1188/1168
f 1621/1174/1154 1620/1183/1163 1624/1182/1162
f 1623/1172/1152 1622/1186/1166 1627/1191/1171
f 1626/1177/1157 1625/1173/1153 1629/1192/1172
f 1628/1175/1155 1627/1191/1171 1632/1185/1165
f 1631/1180/1160 1630/1176/1156 1634/1193/1173
f 1633/1178/1158 1632/1185/1165 1637/1194/1174
f 1638/1195/1175 1636/1169/1149 1635/1179/1159
f 1638/1195/1175 1637/1194/1174 1612/1184/1164
f 1613/1187/1167 1619/1190/1170 1615/1198/1178
f 1663/1199/1179 1649/1211/1190 1640/1200/1180
f 1642/1202/1182 1653/1216/1192 1655/1203/1183
f 1643/1204/1184 1655/1203/1183 1657/1205/1185
f 1644/1206/1163 1657/1205/1185 1659/1207/1186
f 1645/1208/1187 1659/1207/1186 1661/1209/1188
f 1661/1209/1188 1663/1199/1179 1647/1201/1181
f 1649/1211/1190 1651/1213/1193 1641/1212/1191
f 1641/1212/1191 1651/1213/1193 1653/1216/1192
f 1651/1213/1193 1649/1211/1190 1648/1214/1194
f 1651/1213/1193 1650/1215/1195 1652/1217/1196
f 1655/1203/1183 1653/1216/1192 1652/1217/1196
f 1655/1203/1183 1654/1218/1197 1656/1219/1198
f 1659/1207/1186 1657/1205/1185 1656/1219/1198
f 1661/1209/1188 1659/1207/1186 1658/1220/1199
f 1663/1199/1179 1661/1209/1188 1660/1221/1200
f 1649/1211/1190 1663/1199/1179 1662/1222/1201
f 1652/1217/1196 1650/1215/1195 1648/1214/1194
f 1648/1214/1194 1662/1222/1201 1660/1221/1200
f 1660/1221/1200 1658/1220/1199 1656/1219/1198
f 1656/1219/1198 1654/1218/1197 1652/1217/1196
f 1652/1217/1196 1648/1214/1194 1660/1221/1200
f 1690/1169/1202 1692/1195/1228 1668/1170/1203
f 1677/1172/1205 1683/1192/1226 1679/1173/1206
f 1680/1177/1208 1682/1175/1225 1688/1193/1209
f 1687/1178/1211 1693/1196/1229 1689/1179/1212
f 1672/1189/1214 1678/1182/1223 1674/1183/1215
f 1676/1186/1219 1671/1188/1221 1666/1184/1217
f 1666/1184/1217 1691/1194/1227 1686/1185/1218
f 1686/1185/1218 1681/1191/1224 1676/1186/1219
f 1673/1190/1222 1667/1187/1220 1666/1184/1217
f 1668/1170/1203 1667/1187/1220 1665/1197/1230
f 1672/1189/1214 1670/1181/1216 1669/1198/1231
f 1678/1182/1223 1672/1189/1214 1671/1188/1221
f 1675/1174/1207 1674/1183/1215 1678/1182/1223
f 1683/1192/1226 1677/1172/1205 1676/1186/1219
f 1680/1177/1208 1679/1173/1206 1683/1192/1226
f 1688/1193/1209 1682/1175/1225 1681/1191/1224
f 1685/1180/1213 1684/1176/1210 1688/1193/1209
f 1693/1196/1229 1687/1178/1211 1686/1185/1218
f 1692/1195/1228 1690/1169/1202 1689/1179/1212
f 1692/1195/1228 1691/1194/1227 1666/1184/1217
f 1667/1187/1220 1673/1190/1222 1669/1198/1231
f 1717/1199/1232 1703/1211/1244 1694/1200/1233
f 1707/1216/1235 1709/1203/1251 1697/1204/1236
f 1697/1204/1236 1709/1203/1251 1711/1205/1238
f 1698/1206/1239 1711/1205/1238 1713/1207/1240
f 1699/1208/1241 1713/1207/1240 1715/1209/1242
f 1715/1209/1242 1717/1199/1232 1701/1201/1234
f 1703/1211/1244 1705/1213/1246 1695/1212/1245
f 1705/1213/1246 1707/1216/1235 1696/1202/1237
f 1705/1213/1246 1703/1211/1244 1702/1214/1247
f 1707/1216/1235 1705/1213/1246 1704/1215/1248
f 1707/1216/1235 1706/1217/1249 1708/1218/1250
f 1709/1203/1251 1708/1218/1250 1710/1219/1252
f 1711/1205/1238 1710/1219/1252 1712/1220/1253
f 1713/1207/1240 1712/1220/1253 1714/1221/1254
f 1717/1199/1232 1715/1209/1242 1714/1221/1254
f 1703/1211/1244 1717/1199/1232 1716/1222/1255
f 1706/1217/1249 1704/1215/1248 1702/1214/1247
f 1702/1214/1247 1716/1222/1255 1714/1221/1254
f 1714/1221/1254 1712/1220/1253 1710/1219/1252
f 1710/1219/1252 1708/1218/1250 1706/1217/1249
f 1706/1217/1249 1702/1214/1247 1714/1221/1254
usemtl Decal_Color_Masked
f 831/1061/319 832/1062/243 833/1063/319
f 831/1061/319 835/1064/472 834/1065/472
f 834/1065/472 837/1066/314 836/1067/314
f 836/1067/314 839/1068/312 838/1069/312
f 840/1070/309 839/1068/312 841/1071/309
f 840/1070/309 843/1072/470 842/1073/470
f 842/1073/470 845/1074/305 844/1075/305
f 844/1075/305 847/1076/242 846/1077/242
f 846/1077/242 849/1078/303 848/1079/303
f 848/1079/303 851/1080/468 850/1081/468
f 850/1081/468 853/1082/298 852/1083/298
f 852/1083/298 855/1084/296 854/1085/296
f 854/1085/296 857/1086/293 856/1087/293
f 856/1087/293 859/1088/473 858/1089/473
f 860/1090/289 859/1088/473 861/1091/289
f 860/1090/289 863/1092/244 862/1093/244
f 862/1093/244 865/1094/285 864/1095/285
f 864/1095/285 867/1096/474 866/1097/474
f 866/1097/474 869/1098/281 868/1099/281
f 868/1099/281 871/1100/280 870/1101/280
f 870/1101/280 873/1102/277 872/1103/277
f 872/1103/277 875/1104/471 874/1105/471
f 874/1105/471 877/1106/273 876/1107/273
f 876/1107/273 879/1108/245 878/1109/245
f 878/1109/245 881/1110/270 880/1111/270
f 880/1111/270 883/1112/469 882/1113/469
f 882/1113/469 885/1114/266 884/1115/266
f 884/1115/266 887/1116/264 886/1117/264
f 886/1117/264 889/1118/261 888/1119/261
f 888/1119/261 891/1120/467 890/1121/467
f 890/1121/467 893/1122/257 892/1123/257
f 830/1124/243 893/1122/257 832/1125/243
f 894/1126/597 896/1063/598 895/1061/598
f 898/1065/599 896/1063/598 899/1064/599
f 898/1065/599 901/1066/600 900/1067/600
f 900/1067/600 903/1068/601 902/1069/601
f 904/1070/602 903/1068/601 905/1071/602
f 904/1070/602 907/1072/603 906/1073/603
f 906/1073/603 909/1074/604 908/1075/604
f 908/1075/604 911/1076/605 910/1077/605
f 912/1079/606 911/1076/605 913/1078/606
f 912/1079/606 915/1080/607 914/1081/607
f 914/1081/607 917/1082/608 916/1083/608
f 916/1083/608 919/1084/609 918/1085/609
f 918/1085/609 921/1086/610 920/1087/610
f 922/1089/611 921/1086/610 923/1088/611
f 922/1089/611 925/1091/612 924/1090/612
f 924/1090/612 927/1092/613 926/1093/613
f 926/1093/613 929/1094/614 928/1095/614
f 928/1095/614 931/1096/615 930/1097/615
f 930/1097/615 933/1098/616 932/1099/616
f 934/1101/617 933/1098/616 935/1100/617
f 936/1103/618 935/1100/617 937/1102/618
f 938/1105/619 937/1102/618 939/1104/619
f 938/1105/619 941/1106/620 940/1107/620
f 940/1107/620 943/1108/621 942/1109/621
f 944/1111/622 943/1108/621 945/1110/622
f 944/1111/622 947/1112/623 946/1113/623
f 946/1113/623 949/1114/624 948/1115/624
f 948/1115/624 951/1116/625 950/1117/625
f 950/1117/625 953/1118/626 952/1119/626
f 954/1121/627 953/1118/626 955/1120/627
f 956/1123/628 955/1120/627 957/1122/628
f 956/1123/628 897/1125/597 894/1124/597
f 959/1127/264 961/1128/264 958/1129/264
f 963/1127/280 965/1128/280 962/1129/280
f 967/1127/296 969/1128/296 966/1129/296
f 970/1129/312 972/1130/312 973/1128/312
f 974/1131/264 976/1132/264 977/1133/264
f 979/1134/264 981/1135/264 978/1136/264
f 983/1137/280 985/1133/280 982/1131/280
f 987/1134/280 989/1135/280 986/1136/280
f 990/1131/296 992/1132/296 993/1133/296
f 995/1134/296 997/1135/296 994/1136/296
f 998/1131/312 1000/1132/312 1001/1133/312
f 1003/1134/312 1005/1135/312 1002/1136/312
f 1008/1138/475 1006/1139/475 1007/1140/475
f 1011/1141/475 1013/1142/475 1010/1143/475
f 1016/1138/475 1014/1144/475 1015/1145/475
f 1020/1138/475 1018/1146/475 1019/1147/475
f 1023/1148/168 1025/1149/168 1022/1150/168
f 1028/1151/168 1026/1150/168 1027/1148/168
f 1032/1151/168 1030/1150/168 1031/1148/168
f 1036/1151/168 1034/1150/168 1035/1148/168
f 1004/1152/475 1039/1153/475 1038/1154/475
f 1005/1135/168 1041/1155/168 1002/1136/168
f 996/1152/475 1043/1153/475 1042/1154/475
f 997/1135/168 1045/1155/168 994/1136/168
f 988/1152/475 1047/1153/475 1046/1154/475
f 989/1135/168 1049/1155/168 986/1136/168
f 1050/1154/475 979/1134/475 1051/1153/475
f 1052/1156/168 978/1136/168 981/1135/168
f 974/1131/594 1009/1142/594 1008/1138/594
f 1012/1138/589 985/1133/589 1013/1142/589
f 1016/1138/584 993/1133/584 1017/1142/584
f 998/1131/579 1021/1142/579 1020/1138/579
f 972/1130/547 1025/1149/547 1024/1151/547
f 1028/1151/552 967/1127/552 1029/1149/552
f 1032/1151/557 963/1127/557 1033/1149/557
f 1036/1151/562 959/1127/562 1037/1149/562
f 1038/1154/579 970/1129/579 973/1128/579
f 1000/1132/547 1041/1155/547 1040/1156/547
f 969/1128/584 1043/1153/584 966/1129/584
f 992/1132/552 1045/1155/552 1044/1156/552
f 1046/1154/589 962/1129/589 965/1128/589
f 1048/1156/557 983/1137/557 1049/1155/557
f 961/1128/594 1051/1153/594 958/1129/594
f 976/1132/562 1053/1155/562 1052/1156/562
f 1056/1157/278 1054/1158/278 1055/1159/278
f 1060/1160/300 1058/1161/300 1059/1162/300
f 1064/1163/300 1062/1164/300 1063/1165/300
f 1068/1166/278 1066/1167/278 1067/1168/278
f 1722/1223/1256 1726/1224/1257 1727/1225/1256
f 1730/1226/1258 1719/1227/1259 1731/1228/1258
f 1720/1229/1260 1724/1230/1261 1721/1231/1262
f 1730/1226/1258 1726/1224/1257 1723/1232/1257
f 1718/1233/1263 1729/1234/1264 1728/1235/1265
f 1721/1231/1262 1728/1235/1265 1729/1234/1264
s 0
f 1782/1268/1292 1780/1269/1292 1781/1270/1292
f 1786/1268/1293 1784/1269/1293 1785/1270/1293
f 1790/1268/1294 1788/1269/1294 1789/1270/1294
f 1794/1268/1295 1792/1269/1295 1793/1270/1295
f 1798/1268/1296 1796/1269/1296 1797/1270/1296
f 1802/1268/1297 1800/1269/1297 1801/1270/1297
f 1806/1268/1298 1804/1269/1298 1805/1270/1298
f 1810/1268/1299 1808/1269/1299 1809/1270/1299
s 1
f 831/1061/319 830/1126/243 832/1062/243
f 831/1061/319 833/1063/319 835/1064/472
f 834/1065/472 835/1064/472 837/1066/314
f 836/1067/314 837/1066/314 839/1068/312
f 840/1070/309 838/1069/312 839/1068/312
f 840/1070/309 841/1071/309 843/1072/470
f 842/1073/470 843/1072/470 845/1074/305
f 844/1075/305 845/1074/305 847/1076/242
f 846/1077/242 847/1076/242 849/1078/303
f 848/1079/303 849/1078/303 851/1080/468
f 850/1081/468 851/1080/468 853/1082/298
f 852/1083/298 853/1082/298 855/1084/296
f 854/1085/296 855/1084/296 857/1086/293
f 856/1087/293 857/1086/293 859/1088/473
f 860/1090/289 858/1089/473 859/1088/473
f 860/1090/289 861/1091/289 863/1092/244
f 862/1093/244 863/1092/244 865/1094/285
f 864/1095/285 865/1094/285 867/1096/474
f 866/1097/474 867/1096/474 869/1098/281
f 868/1099/281 869/1098/281 871/1100/280
f 870/1101/280 871/1100/280 873/1102/277
f 872/1103/277 873/1102/277 875/1104/471
f 874/1105/471 875/1104/471 877/1106/273
f 876/1107/273 877/1106/273 879/1108/245
f 878/1109/245 879/1108/245 881/1110/270
f 880/1111/270 881/1110/270 883/1112/469
f 882/1113/469 883/1112/469 885/1114/266
f 884/1115/266 885/1114/266 887/1116/264
f 886/1117/264 887/1116/264 889/1118/261
f 888/1119/261 889/1118/261 891/1120/467
f 890/1121/467 891/1120/467 893/1122/257
f 830/1124/243 892/1123/257 893/1122/257
f 894/1126/597 897/1062/597 896/1063/598
f 898/1065/599 895/1061/598 896/1063/598
f 898/1065/599 899/1064/599 901/1066/600
f 900/1067/600 901/1066/600 903/1068/601
f 904/1070/602 902/1069/601 903/1068/601
f 904/1070/602 905/1071/602 907/1072/603
f 906/1073/603 907/1072/603 909/1074/604
f 908/1075/604 909/1074/604 911/1076/605
f 912/1079/606 910/1077/605 911/1076/605
f 912/1079/606 913/1078/606 915/1080/607
f 914/1081/607 915/1080/607 917/1082/608
f 916/1083/608 917/1082/608 919/1084/609
f 918/1085/609 919/1084/609 921/1086/610
f 922/1089/611 920/1087/610 921/1086/610
f 922/1089/611 923/1088/611 925/1091/612
f 924/1090/612 925/1091/612 927/1092/613
f 926/1093/613 927/1092/613 929/1094/614
f 928/1095/614 929/1094/614 931/1096/615
f 930/1097/615 931/1096/615 933/1098/616
f 934/1101/617 932/1099/616 933/1098/616
f 936/1103/618 934/1101/617 935/1100/617
f 938/1105/619 936/1103/618 937/1102/618
f 938/1105/619 939/1104/619 941/1106/620
f 940/1107/620 941/1106/620 943/1108/621
f 944/1111/622 942/1109/621 943/1108/621
f 944/1111/622 945/1110/622 947/1112/623
f 946/1113/623 947/1112/623 949/1114/624
f 948/1115/624 949/1114/624 951/1116/625
f 950/1117/625 951/1116/625 953/1118/626
f 954/1121/627 952/1119/626 953/1118/626
f 956/1123/628 954/1121/627 955/1120/627
f 956/1123/628 957/1122/628 897/1125/597
f 959/1127/264 960/1130/264 961/1128/264
f 963/1127/280 964/1130/280 965/1128/280
f 967/1127/296 968/1130/296 969/1128/296
f 970/1129/312 971/1127/312 972/1130/312
f 974/1131/264 975/1137/264 976/1132/264
f 979/1134/264 980/1152/264 981/1135/264
f 983/1137/280 984/1132/280 985/1133/280
f 987/1134/280 988/1152/280 989/1135/280
f 990/1131/296 991/1137/296 992/1132/296
f 995/1134/296 996/1152/296 997/1135/296
f 998/1131/312 999/1137/312 1000/1132/312
f 1003/1134/312 1004/1152/312 1005/1135/312
f 1008/1138/475 1009/1142/475 1006/1139/475
f 1011/1141/475 1012/1138/475 1013/1142/475
f 1016/1138/475 1017/1142/475 1014/1144/475
f 1020/1138/475 1021/1142/475 1018/1146/475
f 1023/1148/168 1024/1151/168 1025/1149/168
f 1028/1151/168 1029/1149/168 1026/1150/168
f 1032/1151/168 1033/1149/168 1030/1150/168
f 1036/1151/168 1037/1149/168 1034/1150/168
f 1004/1152/475 1003/1134/475 1039/1153/475
f 1005/1135/168 1040/1156/168 1041/1155/168
f 996/1152/475 995/1134/475 1043/1153/475
f 997/1135/168 1044/1156/168 1045/1155/168
f 988/1152/475 987/1134/475 1047/1153/475
f 989/1135/168 1048/1156/168 1049/1155/168
f 1050/1154/475 980/1152/475 979/1134/475
f 1052/1156/168 1053/1155/168 978/1136/168
f 974/1131/594 977/1133/594 1009/1142/594
f 1012/1138/589 982/1131/589 985/1133/589
f 1016/1138/584 990/1131/584 993/1133/584
f 998/1131/579 1001/1133/579 1021/1142/579
f 972/1130/547 971/1127/547 1025/1149/547
f 1028/1151/552 968/1130/552 967/1127/552
f 1032/1151/557 964/1130/557 963/1127/557
f 1036/1151/562 960/1130/562 959/1127/562
f 1038/1154/579 1039/1153/579 970/1129/579
f 1000/1132/547 999/1137/547 1041/1155/547
f 969/1128/584 1042/1154/584 1043/1153/584
f 992/1132/552 991/1137/552 1045/1155/552
f 1046/1154/589 1047/1153/589 962/1129/589
f 1048/1156/557 984/1132/557 983/1137/557
f 961/1128/594 1050/1154/594 1051/1153/594
f 976/1132/562 975/1137/562 1053/1155/562
f 1056/1157/278 1057/1326/278 1054/1158/278
f 1060/1160/300 1061/1327/300 1058/1161/300
f 1064/1163/300 1065/1328/300 1062/1164/300
f 1068/1166/278 1069/1329/278 1066/1167/278
f 1722/1223/1256 1723/1232/1257 1726/1224/1257
f 1720/1229/1260 1725/1330/1313 1724/1230/1261
f 1730/1226/1258 1731/1228/1258 1726/1224/1257
f 1721/1231/1262 1724/1230/1261 1728/1235/1265
s 0
f 1782/1268/1292 1783/1335/1292 1780/1269/1292
f 1786/1268/1293 1787/1335/1293 1784/1269/1293
f 1790/1268/1294 1791/1335/1294 1788/1269/1294
f 1794/1268/1295 1795/1335/1295 1792/1269/1295
f 1798/1268/1296 1799/1335/1296 1796/1269/1296
f 1802/1268/1297 1803/1335/1297 1800/1269/1297
f 1806/1268/1298 1807/1335/1298 1804/1269/1298
f 1810/1268/1299 1811/1335/1299 1808/1269/1299
s 1
usemtl Decal_Normal
f 1765/1236/1266 1763/1237/1267 1749/1238/1266
f 1764/1239/1268 1749/1238/1266 1748/1240/1268
f 1746/1241/1269 1748/1240/1268 1747/1242/1269
f 1744/1243/1270 1751/1244/1271 1767/1245/1271
f 1766/1246/1272 1751/1244/1271 1750/1247/1272
f 1768/1248/1273 1750/1247/1272 1752/1249/1273
f 1769/1250/1274 1752/1249/1273 1753/1251/1274
f 1742/1252/1275 1753/1251/1274 1743/1253/1275
f 1770/1254/1276 1741/1255/1277 1754/1256/1276
f 1771/1257/1278 1754/1256/1276 1755/1237/1278
f 1772/1236/1279 1755/1237/1278 1756/1238/1279
f 1773/1239/1280 1756/1238/1279 1757/1240/1280
f 1738/1258/1281 1757/1240/1280 1739/1259/1281
f 1774/1260/1282 1737/1261/1283 1758/1262/1284
f 1775/1257/1285 1758/1262/1284 1759/1237/1285
f 1776/1236/1286 1759/1237/1285 1760/1238/1286
f 1777/1239/1287 1760/1238/1286 1761/1240/1288
f 1734/1263/1289 1761/1240/1288 1735/1264/1289
f 1778/1265/1290 1733/1266/1291 1762/1267/1290
f 1779/1257/1267 1762/1267/1290 1763/1237/1267
f 1765/1236/1266 1779/1257/1267 1763/1237/1267
f 1764/1239/1268 1765/1236/1266 1749/1238/1266
f 1746/1241/1269 1764/1239/1268 1748/1240/1268
f 1744/1243/1270 1745/1331/1270 1751/1244/1271
f 1766/1246/1272 1767/1245/1271 1751/1244/1271
f 1768/1248/1273 1766/1246/1272 1750/1247/1272
f 1769/1250/1274 1768/1248/1273 1752/1249/1273
f 1742/1252/1275 1769/1250/1274 1753/1251/1274
f 1770/1254/1276 1740/1332/1277 1741/1255/1277
f 1771/1257/1278 1770/1254/1276 1754/1256/1276
f 1772/1236/1279 1771/1257/1278 1755/1237/1278
f 1773/1239/1280 1772/1236/1279 1756/1238/1279
f 1738/1258/1281 1773/1239/1280 1757/1240/1280
f 1774/1260/1282 1736/1333/1283 1737/1261/1283
f 1775/1257/1285 1774/1260/1282 1758/1262/1284
f 1776/1236/1286 1775/1257/1285 1759/1237/1285
f 1777/1239/1287 1776/1236/1286 1760/1238/1286
f 1734/1263/1289 1777/1239/1287 1761/1240/1288
f 1778/1265/1290 1732/1334/1291 1733/1266/1291
f 1779/1257/1267 1778/1265/1290 1762/1267/1290
