# Blender 4.3.2
# www.blender.org
mtllib FactoryPipe_Out.mtl
o FactoryPipe_Out
v 84.249977 99.380455 -4.882250
v 6.749980 97.640602 -19.110874
v 6.749980 95.867134 -26.530006
v 6.749980 93.519333 -33.979755
v 6.749980 33.979733 -93.519341
v 6.749980 26.529980 -95.867134
v 84.249977 21.794044 -97.053429
v 16.249987 4.882210 -99.380455
v 16.249987 -4.882290 -99.380455
v 16.249987 -14.299102 -98.475525
v 6.749980 -26.530058 -95.867119
v 6.749980 -33.979809 -93.519310
v 6.749980 -93.519287 -33.979862
v 6.749980 -95.867088 -26.530128
v 84.249977 -95.149765 -29.083464
v 84.249977 -97.053383 -21.794209
v 84.249977 -98.423340 -14.599877
v 84.249977 -99.380447 -4.882421
v 16.249987 -99.380463 4.882059
v 6.749980 -95.867195 26.529783
v 6.749980 -93.519417 33.979519
v 6.749980 -26.530218 95.867065
v 84.249977 -21.794273 97.053375
v 84.249977 -4.882403 99.380447
v 6.749980 26.529943 95.867142
v 6.749980 97.640648 19.110638
v 84.249977 97.053467 21.793839
v 16.249987 98.475571 14.298802
v 84.249977 98.423401 14.599468
v 16.249987 99.380463 4.881962
v 16.249987 99.380455 -4.882247
v 16.249987 98.475540 -14.299054
v 84.249977 98.423370 -14.599727
v 84.249977 97.053421 -21.794077
v 6.749980 19.110846 -97.640617
v 16.249987 14.299023 -98.475548
v 84.249977 14.599693 -98.423370
v 84.249977 4.882210 -99.380455
v 84.249977 -4.882290 -99.380455
v 84.249977 -14.599771 -98.423363
v 6.749980 -19.110922 -97.640594
v 84.249977 -21.794121 -97.053406
v 84.249977 -29.083395 -95.149788
v 6.749980 -97.640579 -19.111013
v 16.249987 -98.475510 -14.299205
v 16.249987 -99.380440 -4.882419
v 84.249977 -99.380463 4.882057
v 16.249987 -98.475571 14.298850
v 84.249977 -98.423401 14.599517
v 6.749980 -97.640648 19.110662
v 84.249977 -97.053467 21.793852
v 84.249977 -95.149872 29.083118
v 6.749980 -34.003292 93.511551
v 84.249977 -29.083561 95.149734
v 6.749980 -19.111071 97.640572
v 16.249987 -14.299239 98.475502
v 84.249977 -14.599907 98.423332
v 16.249987 -4.882403 99.380440
v 16.249987 4.882121 99.380455
v 84.249977 4.882121 99.380455
v 16.249987 14.298959 98.475555
v 84.249977 14.599627 98.423378
v 6.749980 19.110794 97.640625
v 84.249977 21.793997 97.053436
v 84.249977 29.083288 95.149826
v 6.749980 34.003033 93.511642
v 6.749980 93.511696 34.002880
v 6.749980 95.867195 26.529793
v 84.249977 99.380463 4.881960
v 83.749977 -92.742058 -33.183754
v 84.253677 -93.524231 33.981247
v 84.253677 33.981438 93.524162
v 84.253677 93.524216 33.981293
v 84.249977 95.149811 -29.083347
v 83.749977 94.625748 -33.857632
v 84.253677 34.004768 -93.516449
v 83.749977 29.173756 -96.173088
v 83.749977 -33.857685 -94.625732
v 83.749977 -94.625710 -33.857738
v 83.749977 -94.625832 33.857391
v 83.749977 -33.857857 94.625671
v 83.749977 33.857594 94.625763
v 83.749977 96.173141 29.173574
v 16.749985 100.379547 -4.931330
v 83.749977 100.379547 -4.931332
v 16.749985 99.412842 -14.746499
v 83.749977 99.412842 -14.746502
v 7.249979 98.569511 -19.606695
v 83.749977 98.029121 -22.013178
v 7.249979 96.830902 -26.796719
v 7.249979 94.625748 -33.857632
v 7.249979 26.796692 -96.830910
v 7.249979 33.857609 -94.625763
v 7.249979 19.606665 -98.569527
v 83.749977 22.013145 -98.029121
v 16.749985 14.746468 -99.412849
v 83.749977 14.746468 -99.412849
v 16.749985 4.931292 -100.379547
v 83.749977 4.931292 -100.379547
v 16.749985 -4.931373 -100.379547
v 83.749977 -4.931373 -100.379547
v 16.749985 -14.746547 -99.412834
v 83.749977 -14.746547 -99.412834
v 7.249979 -19.606743 -98.569504
v 83.749977 -22.013224 -98.029114
v 7.249979 -26.796770 -96.830894
v 83.749977 -29.173836 -96.173065
v 7.249979 -33.857685 -94.625732
v 7.249979 -96.830872 -26.796841
v 7.249979 -94.625710 -33.857738
v 83.749977 -96.173050 -29.173903
v 83.749977 -98.029091 -22.013313
v 7.249979 -98.569489 -19.606834
v 16.749985 -99.412811 -14.746651
v 83.749977 -99.412811 -14.746655
v 16.749985 -100.379539 -4.931503
v 83.749977 -100.379539 -4.931505
v 16.749985 -100.379562 4.931139
v 83.749977 -100.379562 4.931138
v 16.749985 -99.412872 14.746293
v 83.749977 -99.412872 14.746290
v 7.249979 -98.569557 19.606478
v 83.749977 -98.029175 22.012953
v 7.249979 -96.830963 26.796494
v 83.749977 -96.173149 29.173553
v 7.249979 -94.625832 33.857391
v 7.249979 -26.796930 96.830841
v 7.249979 -33.857857 94.625671
v 83.749977 -29.174004 96.173012
v 83.749977 -22.013374 98.029076
v 7.249979 -19.606890 98.569473
v 16.749985 -14.746684 99.412804
v 83.749977 -14.746684 99.412804
v 16.749985 -4.931487 100.379539
v 83.749977 -4.931487 100.379539
v 16.749985 4.931202 100.379547
v 83.749977 4.931202 100.379547
v 16.749985 14.746401 99.412849
v 83.749977 14.746401 99.412849
v 7.249979 19.606609 98.569527
v 83.749977 22.013098 98.029137
v 7.249979 26.796658 96.830925
v 83.749977 29.173729 96.173103
v 7.249979 33.857594 94.625763
v 7.249979 96.830963 26.796501
v 7.249979 94.625816 33.857441
v 7.249979 98.569557 19.606451
v 83.749977 98.029175 22.012938
v 16.749985 99.412880 14.746244
v 83.749977 99.412880 14.746242
v 16.749985 100.379562 4.931042
v 83.749977 100.379562 4.931040
v 16.749985 98.381355 -4.833165
v 83.749977 98.381355 -4.833168
v 16.749985 97.433891 -14.452950
v 83.749977 97.433891 -14.452952
v 7.249979 96.607353 -19.216396
v 83.749977 96.077713 -21.574974
v 7.249979 94.903351 -26.263294
v 7.249979 92.742088 -33.183651
v 7.249979 26.263268 -94.903358
v 7.249979 33.183624 -92.742104
v 7.249979 19.216366 -96.607361
v 83.749977 21.574944 -96.077728
v 16.749985 14.452919 -97.433891
v 83.749977 14.452919 -97.433891
v 16.749985 4.833128 -98.381355
v 83.749977 4.833128 -98.381355
v 16.749985 -4.833207 -98.381355
v 83.749977 -4.833207 -98.381355
v 16.749985 -14.452997 -97.433884
v 83.749977 -14.452997 -97.433884
v 7.249979 -19.216444 -96.607346
v 83.749977 -21.575018 -96.077705
v 7.249979 -26.263344 -94.903336
v 7.249979 -33.183704 -92.742073
v 7.249979 -94.903313 -26.263416
v 7.249979 -92.742058 -33.183754
v 83.749977 -94.258591 -28.593155
v 83.749977 -96.077690 -21.575106
v 7.249979 -96.607330 -19.216534
v 16.749985 -97.433868 -14.453099
v 83.749977 -97.433868 -14.453103
v 16.749985 -98.381348 -4.833334
v 83.749977 -98.381348 -4.833336
v 16.749985 -98.381363 4.832978
v 83.749977 -98.381363 4.832976
v 16.749985 -97.433922 14.452748
v 83.749977 -97.433922 14.452745
v 7.249979 -96.607391 19.216185
v 83.749977 -96.077766 21.574753
v 7.249979 -94.903412 26.263069
v 7.249979 -92.742172 33.183418
v 7.249979 -26.263502 94.903290
v 7.249979 -33.183872 92.742012
v 7.249979 -19.216589 96.607315
v 83.749977 -21.575169 96.077667
v 16.749985 -14.453131 97.433861
v 83.749977 -14.453131 97.433861
v 16.749985 -4.833319 98.381348
v 83.749977 -4.833319 98.381348
v 16.749985 4.833040 98.381355
v 83.749977 4.833040 98.381355
v 16.749985 14.452854 97.433899
v 83.749977 14.452854 97.433899
v 7.249979 19.216314 96.607368
v 83.749977 21.574896 96.077736
v 7.249979 26.263231 94.903374
v 7.249979 33.183609 92.742111
v 7.249979 94.903412 26.263083
v 7.249979 92.742165 33.183460
v 7.249979 96.607399 19.216160
v 83.749977 96.077766 21.574739
v 16.749985 97.433922 14.452699
v 83.749977 97.433922 14.452696
v 16.749985 98.381363 4.832882
v 83.749977 98.381363 4.832880
v 83.749977 94.258621 -28.593040
v 83.749977 92.742088 -33.183651
v 84.253677 93.516441 -34.004791
v 83.749977 96.173080 -29.173786
v 83.749977 33.183624 -92.742104
v 83.749977 28.593012 -94.258629
v 84.249977 29.083321 -95.149818
v 83.749977 33.857609 -94.625763
v 83.749977 -28.593090 -94.258606
v 83.749977 -33.183704 -92.742073
v 83.749977 -94.258690 28.592813
v 83.749977 -92.742172 33.183418
v 83.749977 -33.183872 92.742012
v 83.749977 -28.593254 94.258560
v 83.749977 28.592985 94.258644
v 83.749977 33.183609 92.742111
v 83.749977 92.742165 33.183460
v 83.749977 94.258682 28.592834
v 84.249977 95.149872 29.083136
v 83.749977 94.625816 33.857441
v 84.253677 -34.004845 -93.516418
v 84.253677 -93.524101 -33.981586
v 84.253677 -34.005016 93.516365
v 71.200493 98.181358 -4.824215
v 71.196251 97.630630 -11.306158
v 74.523094 97.452049 -12.754004
v 74.530487 98.181358 -4.824219
v 71.196182 11.307209 -97.639374
v 71.200485 4.824385 -98.181358
v 74.530479 4.824385 -98.181358
v 74.523026 12.755038 -97.460793
v 71.200439 -4.824673 -98.181358
v 74.530426 -4.824673 -98.181358
v 71.200081 -11.311480 -97.654236
v 74.530998 -12.755277 -97.475800
v 71.196182 -97.639320 -11.307395
v 71.200485 -98.181351 -4.824593
v 74.530479 -98.181351 -4.824593
v 74.523041 -97.460762 -12.755225
v 71.200508 -98.181366 4.824111
v 74.530502 -98.181366 4.824111
v 71.196251 -97.630653 11.305957
v 74.523094 -97.452080 12.753799
v 71.196167 -11.307415 97.639336
v 71.200485 -4.824569 98.181351
v 74.530479 -4.824581 98.181351
v 74.523026 -12.755246 97.460762
v 74.532013 4.939939 100.579544
v 74.539574 13.037251 99.845276
v 71.206253 11.614522 100.020744
v 71.202019 4.939939 100.579544
v 74.531990 -4.940345 100.579536
v 71.201996 -4.940345 100.579536
v 74.539703 -13.036548 99.836357
v 71.206383 -11.613820 100.011841
v 74.532013 -100.579559 4.939874
v 74.539551 -99.845284 13.037157
v 71.206245 -100.020752 11.614417
v 71.202019 -100.579559 4.939874
v 74.531990 -100.579536 -4.940362
v 71.201996 -100.579536 -4.940362
v 74.539665 -99.836365 -13.036532
v 71.206360 -100.011864 -11.613796
v 74.532059 -4.939904 -100.579544
v 74.532410 -13.039236 -99.860252
v 71.201523 -11.615915 -100.036133
v 71.202072 -4.939904 -100.579544
v 74.531990 4.940149 -100.579544
v 71.201996 4.940149 -100.579544
v 74.539688 13.036331 -99.836395
v 71.206375 11.613613 -100.011871
v 74.532028 100.579544 -4.940155
v 74.539558 99.845268 -13.037355
v 71.206245 100.020744 -11.614635
v 71.202034 100.579544 -4.940151
v 74.531975 100.587555 4.940582
v 71.201988 100.588287 4.940436
v 71.200470 98.190025 4.824752
v 74.530464 98.189285 4.824591
v 71.200508 4.824176 98.181358
v 71.196251 11.306054 97.630646
v 74.523094 12.753902 97.452065
v 74.530502 4.824176 98.181358
v 74.539688 99.836411 13.036214
v 71.206375 100.011887 11.613488
v 71.196182 97.639427 11.306856
v 74.523026 97.460854 12.754710
v 63.873142 -18.456593 99.002327
v 58.625984 -23.290205 97.977783
v 63.876850 -17.976145 96.649986
v 58.632713 -22.699625 95.650978
v 58.624012 -27.087597 94.480934
v 66.154404 -20.836458 98.528969
v 58.625992 23.289925 97.977852
v 63.873093 18.456379 99.002365
v 58.626049 27.709875 96.798653
v 63.876801 17.975939 96.650024
v 58.632713 22.699352 95.651039
v 66.154358 20.836246 98.529015
v 66.134384 -20.377666 96.172325
v 63.873142 99.002411 18.456150
v 58.625992 97.977890 23.289768
v 58.632690 95.651070 22.699200
v 63.876839 96.650070 17.975716
v 58.624012 94.481064 27.087164
v 58.625977 97.977837 -23.289995
v 63.873081 99.002350 -18.456463
v 58.626049 96.798637 -27.709938
v 63.876812 96.650002 -17.976019
v 58.632706 95.651016 -22.699421
v 66.154343 98.528992 -20.836334
v 63.873131 18.456364 -99.002373
v 58.625984 23.289965 -97.977837
v 58.632702 22.699390 -95.651024
v 63.876862 17.975922 -96.650032
v 58.624012 27.087358 -94.481010
v 66.154388 20.836235 -98.529015
v 58.623356 -23.290291 -97.977760
v 63.868038 -18.456879 -99.002266
v 58.626049 -27.708786 -96.798965
v 63.878506 -17.975800 -96.650063
v 66.149849 -20.836248 -98.529015
v 58.633537 -22.699390 -95.651016
v 63.873119 -99.002335 -18.456533
v 58.625973 -97.977791 -23.290121
v 58.632702 -95.650993 -22.699547
v 63.876850 -96.650002 -17.976088
v 58.624012 -94.480965 -27.087507
v 66.154381 -98.528984 -20.836407
v 63.876801 -96.650047 17.975803
v 58.632702 -95.651070 22.699198
v 58.625973 -97.977890 23.289768
v 63.873058 -99.002388 18.456245
v 58.626049 -96.798698 27.709705
v 66.154404 98.529053 20.836018
v 66.135880 -20.377483 -96.172371
v 66.134384 -96.172340 -20.377619
v 66.134338 20.377460 96.172363
v 66.134399 20.377447 -96.172371
v 66.134354 96.172348 -20.377546
v 66.134338 -96.172386 20.377333
v 66.134377 96.172409 20.377237
v 58.626049 96.798691 27.709719
v 58.626049 -27.710148 96.798569
v 58.624012 27.087330 94.481018
v 58.624012 94.481003 -27.087393
v 58.626049 27.709909 -96.798637
v 58.624012 -27.087807 -94.480881
v 58.626049 -96.798599 -27.710056
v 58.624012 -94.481064 27.087168
v 66.154320 -98.529037 20.836115
v -49.999981 -0.000024 -97.500000
v 65.249977 0.000000 -75.393555
v -49.999981 -19.021326 -95.626564
v 65.249977 -14.708561 -73.944878
v -49.999981 -37.311668 -90.078255
v 65.249977 -28.851873 -69.654556
v -49.999981 -54.168118 -81.068298
v 65.249977 -41.886425 -62.687450
v -49.999981 -68.942932 -68.942917
v 65.249977 -53.311306 -53.311302
v -49.999981 -81.068314 -54.168098
v 65.249985 -62.687458 -41.886417
v -49.999981 -90.078285 -37.311638
v 65.249985 -69.654587 -28.851875
v -49.999981 -95.626595 -19.021320
v 65.249985 -73.944901 -14.708561
v -49.999981 -97.500031 -0.000012
v 65.249985 -75.393562 -0.000006
v -49.999981 -95.626602 19.021290
v 65.249985 -73.944908 14.708543
v -49.999981 -90.078285 37.311619
v 65.249985 -69.654587 28.851843
v -49.999981 -81.068329 54.168083
v 65.249985 -62.687481 41.886395
v -49.999981 -68.942947 68.942902
v 65.249977 -53.311317 53.311287
v -49.999981 -54.168129 81.068283
v 65.249977 -41.886421 62.687447
v -49.999981 -37.311657 90.078262
v 65.249977 -28.851875 69.654572
v -49.999981 -19.021320 95.626572
v 65.249977 -14.708561 73.944878
v -49.999981 -0.000006 97.500000
v 65.249985 0.000006 75.393555
v -49.999981 19.021309 95.626556
v 65.249977 14.708561 73.944878
v -49.999981 37.311649 90.078232
v 65.249977 28.851873 69.654541
v -49.999981 54.168110 81.068268
v 65.249977 41.886425 62.687428
v -49.999981 68.942917 68.942871
v 65.249977 53.311317 53.311264
v -49.999992 81.068298 54.168045
v 65.249977 62.687450 41.886375
v -49.999992 90.078262 37.311565
v 65.249977 69.654564 28.851818
v -49.999992 95.626541 19.021231
v 65.249962 73.944878 14.708495
v -49.999992 97.499969 -0.000089
v 65.249962 75.393532 -0.000072
v -49.999992 95.626518 -19.021404
v 65.249977 73.944855 -14.708620
v -49.999992 90.078186 -37.311733
v 65.249977 69.654503 -28.851933
v -49.999992 81.068199 -54.168190
v 65.249977 62.687386 -41.886490
v -49.999981 68.942802 -68.942986
v 65.249977 53.311211 -53.311359
v -49.999981 54.167969 -81.068352
v 65.249977 41.886318 -62.687500
v -49.999981 37.311478 -90.078316
v 65.249977 28.851757 -69.654610
v -49.999981 19.021135 -95.626595
v 65.249985 14.708424 -73.944908
v 55.749969 -19.021315 -95.626564
v 55.749969 -0.000006 -97.500000
v 53.249973 -41.873425 -93.309380
v 55.749969 -55.563755 -83.157028
v 55.749969 -70.719238 -70.719238
v 55.749981 -83.157036 -55.563747
v 53.249985 -93.309387 -41.873425
v 55.749981 -95.626579 -19.021320
v 55.749981 -97.500015 -0.000012
v 55.749981 -95.626595 19.021284
v 53.249985 -93.309418 41.873394
v 55.749981 -83.157051 55.563728
v 55.749969 -70.719254 70.719223
v 55.749969 -55.563759 83.157021
v 53.249973 -41.873425 93.309380
v 55.749969 -19.021303 95.626572
v 55.749981 0.000012 97.500000
v 55.749969 19.021320 95.626556
v 53.249973 41.873444 93.309357
v 55.749969 55.563770 83.156998
v 55.749969 70.719246 70.719193
v 55.749969 83.157043 55.563690
v 53.249973 93.309387 41.873352
v 55.749958 95.626556 19.021231
v 55.749958 97.499985 -0.000089
v 55.749969 95.626518 -19.021399
v 53.249973 93.309311 -41.873528
v 55.749969 83.156944 -55.563839
v 55.749969 70.719131 -70.719322
v 55.749969 55.563622 -83.157089
v 53.249973 41.873276 -93.309418
v 55.749981 19.021147 -95.626595
v 66.749969 -18.531221 -93.162735
v 66.749969 -0.000006 -94.987907
v 66.749969 -36.350304 -87.757370
v 66.749969 -52.772469 -78.979561
v 66.749969 -67.166603 -67.166595
v 66.749985 -78.979576 -52.772457
v 66.749985 -87.757401 -36.350304
v 66.749985 -93.162750 -18.531233
v 66.749985 -94.987915 -0.000012
v 66.749985 -93.162766 18.531204
v 66.749985 -87.757408 36.350273
v 66.749985 -78.979584 52.772434
v 66.749969 -67.166611 67.166588
v 66.749969 -52.772461 78.979561
v 66.749969 -36.350304 87.757401
v 66.749969 -18.531221 93.162743
v 66.749985 0.000012 94.987907
v 66.749969 18.531239 93.162727
v 66.749969 36.350311 87.757362
v 66.749969 52.772476 78.979530
v 66.749969 67.166611 67.166557
v 66.749969 78.979568 52.772404
v 66.749969 87.757401 36.350231
v 66.749962 93.162727 18.531149
v 66.749962 94.987885 -0.000083
v 66.749969 93.162704 -18.531311
v 66.749969 87.757317 -36.350388
v 66.749969 78.979477 -52.772541
v 66.749969 67.166496 -67.166672
v 66.749969 52.772339 -78.979622
v 66.749969 36.350163 -87.757446
v 66.749985 18.531067 -93.162766
v 63.849632 18.862080 -94.826897
v 63.849621 36.999470 -89.325020
v 63.849621 53.714989 -80.390396
v 63.849621 68.366272 -68.366455
v 63.849621 80.390259 -53.715195
v 63.849621 89.324898 -36.999710
v 63.849621 94.826828 -18.862331
v 63.849609 96.684624 -0.000083
v 63.849609 94.826866 18.862164
v 63.849621 89.324974 36.999546
v 63.849621 80.390343 53.715057
v 63.849621 68.366394 68.366333
v 63.849621 53.715134 80.390320
v 63.849621 36.999630 89.324936
v 63.849621 18.862253 94.826851
v 63.849632 0.000012 96.684639
v 63.849621 -18.862236 94.826874
v 63.849621 -36.999615 89.324974
v 63.849621 -53.715115 80.390335
v 63.849621 -68.366394 68.366364
v 63.849632 -80.390366 53.715088
v 63.849632 -89.324989 36.999584
v 63.849632 -94.826889 18.862217
v 63.849632 -96.684654 -0.000012
v 63.849632 -94.826881 -18.862247
v 63.849632 -89.324974 -36.999619
v 63.849632 -80.390350 -53.715111
v 63.849621 -68.366386 -68.366364
v 63.849621 -53.715122 -80.390343
v 63.849621 -36.999615 -89.324951
v 63.849621 -18.862247 -94.826866
v 63.849621 -0.000006 -96.684639
v 66.749969 -15.002614 -75.423180
v 66.749969 0.000000 -76.900810
v 66.749969 -29.428684 -71.047081
v 66.749969 -42.723816 -63.940693
v 66.749969 -54.377098 -54.377090
v 66.749985 -63.940704 -42.723804
v 66.749985 -71.047104 -29.428679
v 66.749985 -75.423195 -15.002614
v 66.749985 -76.900826 -0.000006
v 66.749985 -75.423203 15.002596
v 66.749985 -71.047119 29.428650
v 66.749985 -63.940723 42.723785
v 66.749969 -54.377110 54.377079
v 66.749969 -42.723812 63.940685
v 66.749969 -29.428679 71.047089
v 66.749969 -15.002608 75.423180
v 66.749985 0.000006 76.900810
v 66.749969 15.002614 75.423172
v 66.749969 29.428673 71.047066
v 66.749969 42.723816 63.940666
v 66.749969 54.377110 54.377056
v 66.749969 63.940697 42.723763
v 66.749969 71.047089 29.428619
v 66.749962 75.423180 15.002542
v 66.749962 76.900795 -0.000072
v 66.749969 75.423149 -15.002674
v 66.749969 71.047035 -29.428732
v 66.749969 63.940620 -42.723877
v 66.749969 54.377003 -54.377151
v 66.749969 42.723701 -63.940746
v 66.749969 29.428556 -71.047127
v 66.749985 15.002471 -75.423203
v 37.749977 -14.708561 -73.944878
v 37.749977 0.000000 -75.393555
v 37.749977 -28.851879 -69.654556
v 37.749977 -41.886425 -62.687450
v 37.749977 -53.311306 -53.311302
v 37.749989 -62.687458 -41.886417
v 37.749989 -69.654587 -28.851875
v 37.749989 -73.944893 -14.708561
v 37.749989 -75.393562 -0.000006
v 37.749989 -73.944916 14.708549
v 37.749989 -69.654587 28.851843
v 37.749989 -62.687481 41.886395
v 37.749977 -53.311317 53.311287
v 37.749977 -41.886425 62.687450
v 37.749977 -28.851879 69.654564
v 37.749977 -14.708561 73.944885
v 37.749989 0.000000 75.393555
v 37.749977 14.708555 73.944878
v 37.749977 28.851873 69.654541
v 37.749977 41.886425 62.687428
v 37.749977 53.311317 53.311264
v 37.749977 62.687450 41.886375
v 37.749977 69.654564 28.851818
v 37.749966 73.944878 14.708495
v 37.749966 75.393532 -0.000072
v 37.749977 73.944855 -14.708620
v 37.749977 69.654503 -28.851933
v 37.749977 62.687386 -41.886490
v 37.749977 53.311211 -53.311359
v 37.749977 41.886314 -62.687504
v 37.749977 28.851753 -69.654602
v 37.749989 14.708418 -73.944908
v 37.749977 -0.000012 -0.000000
v 37.749977 -0.000006 -80.000000
v 37.749977 39.999996 -69.282028
v 37.749981 69.282028 -39.999992
v 37.749981 79.999992 0.000012
v 37.749981 69.282005 40.000011
v 37.749977 39.999985 69.282036
v 37.749977 -0.000006 80.000000
v 37.749977 -40.000000 69.282028
v 37.749969 -69.282036 40.000023
v 37.749969 -80.000015 0.000030
v 37.749969 -69.282059 -39.999966
v 37.749977 -40.000057 -69.282013
v -0.000028 -0.000012 -97.500000
v -0.000022 -19.021326 -95.626572
v 2.499978 -41.873436 -93.309380
v -0.000022 -55.563766 -83.157028
v -0.000022 -70.719254 -70.719238
v -0.000022 -83.157043 -55.563747
v 2.499978 -93.309387 -41.873425
v -0.000022 -95.626595 -19.021315
v -0.000022 -97.500023 -0.000012
v -0.000022 -95.626595 19.021284
v 2.499978 -93.309418 41.873394
v -0.000022 -83.157059 55.563725
v -0.000022 -70.719261 70.719231
v -0.000022 -55.563770 83.157021
v 2.499978 -41.873436 93.309380
v -0.000022 -19.021315 95.626572
v -0.000022 0.000000 97.500000
v -0.000022 19.021320 95.626556
v 2.499978 41.873432 93.309364
v -0.000022 55.563759 83.156998
v -0.000022 70.719246 70.719193
v -0.000034 83.157036 55.563690
v 2.499966 93.309380 41.873352
v -0.000034 95.626556 19.021231
v -0.000034 97.499977 -0.000089
v -0.000034 95.626518 -19.021404
v 2.499966 93.309303 -41.873516
v -0.000034 83.156937 -55.563843
v -0.000022 70.719131 -70.719315
v -0.000022 55.563618 -83.157089
v 2.499978 41.873272 -93.309425
v -0.000022 19.021141 -95.626587
v 21.370811 -0.000012 -97.500000
v 34.379143 -0.000006 -97.500000
v 34.379143 -19.021315 -95.626556
v 21.370811 -19.021315 -95.626564
v 36.879139 -41.873436 -93.309380
v 18.870813 -41.873436 -93.309380
v 34.379143 -54.168118 -81.068298
v 21.370811 -54.168118 -81.068298
v 34.379143 -68.942924 -68.942917
v 21.370811 -68.942924 -68.942917
v 34.379150 -81.068314 -54.168098
v 21.370817 -81.068314 -54.168098
v 36.879147 -93.309387 -41.873425
v 18.870821 -93.309387 -41.873425
v 34.379150 -95.626579 -19.021320
v 21.370817 -95.626579 -19.021320
v 34.379150 -97.500023 -0.000012
v 21.370817 -97.500023 -0.000012
v 34.379150 -95.626595 19.021284
v 21.370817 -95.626595 19.021284
v 36.879147 -93.309418 41.873394
v 18.870821 -93.309418 41.873394
v 34.379150 -81.068321 54.168095
v 21.370817 -81.068321 54.168095
v 34.379143 -68.942932 68.942902
v 21.370811 -68.942932 68.942902
v 34.379143 -54.168118 81.068298
v 21.370811 -54.168121 81.068291
v 36.879139 -41.873432 93.309387
v 18.870813 -41.873436 93.309380
v 34.379143 -19.021309 95.626572
v 21.370811 -19.021309 95.626564
v 34.379150 0.000006 97.500000
v 21.370817 0.000006 97.500000
v 34.379143 19.021320 95.626556
v 21.370811 19.021320 95.626556
v 36.879139 41.873432 93.309364
v 18.870813 41.873432 93.309364
v 34.379143 54.168121 81.068268
v 21.370811 54.168121 81.068268
v 34.379143 68.942940 68.942871
v 21.370811 68.942940 68.942871
v 34.379143 81.068306 54.168045
v 21.370811 81.068306 54.168045
v 36.879139 93.309387 41.873352
v 18.870813 93.309387 41.873352
v 34.379135 95.626556 19.021231
v 21.370800 95.626556 19.021231
v 34.379135 97.499985 -0.000089
v 21.370800 97.499977 -0.000089
v 34.379143 95.626518 -19.021399
v 21.370811 95.626518 -19.021404
v 36.879139 93.309311 -41.873528
v 18.870813 93.309303 -41.873516
v 34.379143 81.068214 -54.168201
v 21.370811 81.068214 -54.168201
v 34.379143 68.942818 -68.943001
v 21.370811 68.942818 -68.943001
v 34.379143 54.167980 -81.068359
v 21.370811 54.167980 -81.068359
v 36.879139 41.873272 -93.309425
v 18.870813 41.873272 -93.309425
v 34.379150 19.021147 -95.626595
v 21.370817 19.021147 -95.626595
v 55.749969 -54.168118 -81.068298
v 55.749969 -37.311642 -90.078255
v 55.749969 -68.942924 -68.942917
v 55.749981 -81.068314 -54.168098
v 55.749981 -90.078270 -37.311638
v 55.749981 -81.068321 54.168095
v 55.749981 -90.078285 37.311615
v 55.749969 -68.942932 68.942902
v 55.749969 -54.168110 81.068291
v 55.749969 -37.311642 90.078270
v 55.749969 54.168121 81.068268
v 55.749969 37.311649 90.078232
v 55.749969 68.942940 68.942871
v 55.749969 81.068306 54.168045
v 55.749969 90.078270 37.311565
v 55.749969 81.068214 -54.168201
v 55.749969 90.078186 -37.311726
v 55.749969 68.942818 -68.943001
v 55.749969 54.167980 -81.068359
v 55.749969 37.311493 -90.078316
v 21.370811 -37.311657 -90.078255
v -0.000022 -37.311657 -90.078255
v 21.370817 -90.078270 -37.311638
v -0.000022 -90.078270 -37.311642
v 21.370817 -90.078285 37.311615
v -0.000022 -90.078285 37.311615
v 21.370811 -37.311649 90.078262
v -0.000022 -37.311649 90.078262
v 21.370811 37.311649 90.078232
v -0.000022 37.311649 90.078232
v 21.370811 90.078270 37.311565
v -0.000034 90.078262 37.311573
v 21.370811 90.078186 -37.311733
v -0.000034 90.078186 -37.311733
v 21.370811 37.311489 -90.078308
v -0.000022 37.311489 -90.078308
v -0.000022 54.167973 -81.068352
v -0.000022 68.942810 -68.942993
v -0.000034 81.068207 -54.168194
v -0.000034 81.068298 54.168045
v -0.000022 68.942932 68.942871
v -0.000022 54.168121 81.068268
v -0.000022 -54.168121 81.068291
v -0.000022 -68.942940 68.942902
v -0.000022 -81.068329 54.168087
v -0.000022 -81.068314 -54.168098
v -0.000022 -68.942924 -68.942917
v -0.000022 -54.168118 -81.068298
v 34.379143 -37.311642 -90.078247
v 34.379150 -90.078270 -37.311638
v 34.379150 -90.078285 37.311615
v 34.379143 -37.311642 90.078270
v 34.379143 37.311649 90.078232
v 34.379143 90.078270 37.311565
v 34.379143 90.078186 -37.311726
v 34.379143 37.311489 -90.078316
v 21.370811 55.563622 -83.157089
v 34.379143 55.563622 -83.157089
v 21.370811 70.719131 -70.719322
v 34.379143 70.719131 -70.719322
v 21.370811 83.156944 -55.563839
v 34.379143 83.156944 -55.563839
v 21.370811 83.157043 55.563690
v 34.379143 83.157043 55.563690
v 21.370811 70.719246 70.719193
v 34.379143 70.719246 70.719193
v 21.370811 55.563770 83.156998
v 34.379143 55.563770 83.156998
v 21.370811 -55.563770 83.157021
v 34.379143 -55.563766 83.157013
v 21.370811 -70.719254 70.719223
v 34.379143 -70.719254 70.719223
v 21.370817 -83.157051 55.563728
v 34.379150 -83.157051 55.563728
v 21.370817 -83.157036 -55.563747
v 34.379150 -83.157036 -55.563747
v 21.370811 -70.719238 -70.719238
v 34.379143 -70.719238 -70.719238
v 21.370811 -55.563755 -83.157028
v 34.379143 -55.563755 -83.157028
v 53.249973 -56.959415 -85.245758
v 55.749969 -38.490128 -92.283058
v 53.249973 -72.495560 -72.495560
v 53.249985 -85.245773 -56.959396
v 55.749981 -92.283073 -38.490135
v 53.249985 -85.245781 56.959389
v 55.749981 -92.283089 38.490097
v 53.249973 -72.495575 72.495544
v 53.249973 -56.959408 85.245750
v 55.749969 -38.490135 92.283073
v 53.249973 56.959419 85.245728
v 55.749969 38.490147 92.283043
v 53.249973 72.495583 72.495514
v 53.249973 85.245773 56.959332
v 55.749969 92.283073 38.490063
v 53.249973 85.245674 -56.959499
v 55.749969 92.282997 -38.490223
v 53.249973 72.495453 -72.495636
v 53.249973 56.959267 -85.245811
v 55.749969 38.489986 -92.283119
v 21.370811 -38.490139 -92.283058
v -0.000022 -38.490150 -92.283058
v 21.370817 -92.283073 -38.490135
v -0.000022 -92.283081 -38.490128
v 21.370817 -92.283089 38.490097
v -0.000022 -92.283089 38.490097
v 21.370811 -38.490139 92.283073
v -0.000022 -38.490139 92.283073
v 21.370811 38.490147 92.283043
v -0.000022 38.490147 92.283043
v 21.370811 92.283073 38.490063
v -0.000034 92.283073 38.490059
v 21.370811 92.282990 -38.490223
v -0.000034 92.282990 -38.490223
v 21.370811 38.489975 -92.283119
v -0.000022 38.489975 -92.283127
v 2.499978 56.959259 -85.245819
v 2.499978 72.495445 -72.495644
v 2.499966 85.245667 -56.959492
v 2.499966 85.245773 56.959332
v 2.499978 72.495567 72.495514
v 2.499978 56.959419 85.245728
v 2.499978 -56.959419 85.245750
v 2.499978 -72.495583 72.495537
v 2.499978 -85.245789 56.959385
v 2.499978 -85.245773 -56.959396
v 2.499978 -72.495560 -72.495560
v 2.499978 -56.959415 -85.245758
v 34.379143 -38.490139 -92.283058
v 34.379150 -92.283073 -38.490135
v 34.379150 -92.283089 38.490097
v 34.379143 -38.490139 92.283073
v 34.379143 38.490147 92.283043
v 34.379143 92.283073 38.490063
v 34.379143 92.282997 -38.490223
v 34.379143 38.489979 -92.283119
v 18.870813 56.959267 -85.245811
v 36.879139 56.959267 -85.245811
v 18.870813 72.495453 -72.495636
v 36.879139 72.495453 -72.495636
v 18.870813 85.245674 -56.959499
v 36.879139 85.245674 -56.959499
v 18.870813 85.245773 56.959332
v 36.879139 85.245773 56.959332
v 18.870813 72.495583 72.495514
v 36.879139 72.495583 72.495514
v 18.870813 56.959419 85.245728
v 36.879139 56.959419 85.245728
v 18.870813 -56.959419 85.245750
v 36.879139 -56.959415 85.245758
v 18.870813 -72.495575 72.495544
v 36.879139 -72.495575 72.495544
v 18.870821 -85.245781 56.959377
v 36.879147 -85.245781 56.959389
v 18.870821 -85.245773 -56.959396
v 36.879147 -85.245773 -56.959396
v 18.870813 -72.495560 -72.495560
v 36.879139 -72.495560 -72.495560
v 18.870813 -56.959415 -85.245758
v 36.879139 -56.959404 -85.245758
v -0.000028 -0.000012 -97.510056
v -0.000022 19.023102 -95.636436
v -3.000028 -0.000013 -97.510056
v -3.000022 19.023102 -95.636436
v -0.000022 37.315334 -90.087593
v -3.000022 37.315334 -90.087593
v -0.000022 54.173557 -81.076714
v -3.000022 54.173557 -81.076714
v -0.000022 68.949913 -68.950096
v -3.000022 68.949913 -68.950096
v -0.000034 81.076561 -54.173779
v -3.000034 81.076561 -54.173779
v -0.000034 90.087471 -37.315578
v -3.000034 90.087471 -37.315578
v -0.000034 95.636375 -19.023365
v -3.000034 95.636375 -19.023365
v -0.000034 97.510025 -0.000089
v -3.000034 97.510025 -0.000089
v -0.000034 95.636406 19.023191
v -3.000034 95.636406 19.023191
v -0.000034 90.087547 37.315414
v -3.000034 90.087547 37.315414
v -0.000034 81.076653 54.173630
v -3.000034 81.076653 54.173630
v -0.000022 68.950035 68.949982
v -3.000022 68.950035 68.949982
v -0.000022 54.173706 81.076622
v -3.000022 54.173706 81.076622
v -0.000022 37.315495 90.087524
v -3.000022 37.315495 90.087524
v -0.000022 19.023281 95.636406
v -3.000022 19.023279 95.636406
v -0.000022 0.000000 97.510056
v -3.000022 -0.000000 97.510056
v -0.000022 -19.023275 95.636421
v -3.000022 -19.023275 95.636421
v -0.000022 -37.315495 90.087547
v -3.000022 -37.315495 90.087547
v -0.000022 -54.173706 81.076645
v -3.000022 -54.173706 81.076645
v -0.000022 -68.950043 68.950005
v -3.000022 -68.950043 68.950005
v -0.000022 -81.076683 54.173672
v -3.000022 -81.076683 54.173672
v -0.000022 -90.087570 37.315456
v -3.000022 -90.087570 37.315456
v -0.000022 -95.636444 19.023245
v -3.000022 -95.636444 19.023245
v -0.000022 -97.510078 -0.000012
v -3.000022 -97.510078 -0.000012
v -0.000022 -95.636444 -19.023275
v -3.000022 -95.636444 -19.023275
v -0.000022 -90.087555 -37.315487
v -3.000022 -90.087555 -37.315487
v -0.000022 -81.076668 -54.173683
v -3.000022 -81.076668 -54.173683
v -0.000022 -68.950027 -68.950020
v -3.000022 -68.950027 -68.950020
v -0.000022 -54.173702 -81.076653
v -3.000022 -54.173702 -81.076653
v -0.000022 -37.315498 -90.087540
v -3.000022 -37.315498 -90.087540
v -0.000022 -19.023287 -95.636421
v -3.000022 -19.023287 -95.636421
v 57.750977 -0.000012 -97.316116
v 57.750980 18.985268 -95.446243
v 55.750977 19.023092 -95.636391
v 55.750977 -0.000013 -97.509995
v 57.750980 37.241123 -89.908424
v 55.750977 37.315315 -90.087547
v 57.750980 54.065819 -80.915466
v 55.750977 54.173531 -81.076668
v 57.750980 68.812782 -68.812965
v 55.750977 68.949875 -68.950066
v 57.750969 80.915314 -54.066040
v 55.750965 81.076523 -54.173748
v 57.750969 89.908310 -37.241364
v 55.750965 90.087425 -37.315559
v 57.750969 95.446175 -18.985529
v 55.750965 95.636330 -19.023354
v 57.750969 97.316093 -0.000089
v 55.750965 97.509972 -0.000089
v 57.750969 95.446213 18.985357
v 55.750965 95.636360 19.023182
v 57.750969 89.908379 37.241207
v 55.750965 90.087494 37.315399
v 57.750969 80.915405 54.065887
v 55.750965 81.076607 54.173599
v 57.750980 68.812904 68.812851
v 55.750977 68.949997 68.949944
v 57.750980 54.065968 80.915375
v 55.750977 54.173679 81.076584
v 57.750980 37.241280 89.908356
v 55.750977 37.315475 90.087471
v 57.750980 18.985447 95.446213
v 55.750977 19.023270 95.636360
v 57.750980 0.000000 97.316116
v 55.750977 -0.000000 97.509995
v 57.750980 -18.985441 95.446220
v 55.750977 -19.023266 95.636375
v 57.750980 -37.241283 89.908386
v 55.750977 -37.315475 90.087502
v 57.750980 -54.065968 80.915398
v 55.750977 -54.173679 81.076607
v 57.750980 -68.812912 68.812874
v 55.750977 -68.950012 68.949966
v 57.750980 -80.915436 54.065929
v 55.750977 -81.076637 54.173641
v 57.750980 -89.908401 37.241245
v 55.750977 -90.087524 37.315441
v 57.750980 -95.446243 18.985411
v 55.750977 -95.636398 19.023235
v 57.750980 -97.316139 -0.000012
v 55.750977 -97.510025 -0.000012
v 57.750980 -95.446243 -18.985441
v 55.750977 -95.636398 -19.023266
v 57.750980 -89.908394 -37.241276
v 55.750977 -90.087509 -37.315472
v 57.750980 -80.915421 -54.065941
v 55.750977 -81.076630 -54.173653
v 57.750980 -68.812897 -68.812889
v 55.750977 -68.949989 -68.949982
v 57.750980 -54.065960 -80.915405
v 55.750977 -54.173672 -81.076607
v 57.750980 -37.241287 -89.908371
v 55.750977 -37.315483 -90.087494
v 57.750980 -18.985453 -95.446220
v 55.750977 -19.023277 -95.636375
v 18.912376 -73.202278 -71.791283
v 2.458416 -73.202309 -71.791252
v 2.458416 -71.791260 -73.202301
v 18.912376 -71.791290 -73.202271
v 18.912376 -71.791306 73.202255
v 2.458416 -71.791283 73.202286
v 2.458416 -73.202324 71.791237
v 18.912376 -73.202286 71.791275
v 18.912376 73.202293 71.791245
v 2.458416 73.202309 71.791214
v 2.458416 71.791267 73.202255
v 18.912376 71.791306 73.202225
v 18.912376 71.791183 -73.202354
v 2.458416 71.791145 -73.202385
v 2.458416 73.202194 -71.791344
v 18.912376 73.202171 -71.791374
v 53.291534 -73.202309 -71.791252
v 36.837578 -73.202278 -71.791283
v 36.837578 -71.791290 -73.202271
v 53.291534 -71.791260 -73.202301
v 34.279144 -69.649673 -68.238609
v 21.470810 -69.649673 -68.238609
v 21.470810 -68.238617 -69.649666
v 34.279144 -68.238617 -69.649666
v 53.291534 -71.791275 73.202286
v 36.837578 -71.791306 73.202255
v 36.837578 -73.202286 71.791275
v 53.291534 -73.202316 71.791245
v 34.279144 -68.238625 69.649658
v 21.470810 -68.238625 69.649658
v 21.470810 -69.649681 68.238602
v 34.279144 -69.649681 68.238602
v 53.291534 73.202324 71.791214
v 36.837578 73.202293 71.791245
v 36.837578 71.791306 73.202225
v 53.291534 71.791283 73.202255
v 34.279144 69.649689 68.238571
v 21.470810 69.649689 68.238571
v 21.470810 68.238632 69.649628
v 34.279144 68.238632 69.649628
v 53.291534 71.791153 -73.202377
v 36.837578 71.791183 -73.202354
v 36.837578 73.202171 -71.791374
v 53.291534 73.202202 -71.791336
v 34.279144 68.238510 -69.649750
v 21.470810 68.238510 -69.649750
v 21.470810 69.649567 -68.238693
v 34.279144 69.649567 -68.238693
v 55.849968 -68.167732 -69.579094
v 55.849968 -69.579102 -68.167725
v 55.849968 -71.384560 -69.973297
v 55.849968 -69.973305 -71.384552
v 55.849968 -69.579109 68.167717
v 55.849968 -68.167747 69.579086
v 55.849968 -69.973312 71.384544
v 55.849968 -71.384575 69.973282
v 55.849968 68.167755 69.579056
v 55.849968 69.579124 68.167686
v 55.849968 71.384567 69.973251
v 55.849968 69.973312 71.384514
v 55.849968 69.578995 -68.167809
v 55.849968 68.167625 -69.579178
v 55.849968 69.973198 -71.384636
v 55.849968 71.384453 -69.973389
v -0.100021 68.167618 -69.579170
v -0.100021 69.578987 -68.167809
v -0.100021 71.384445 -69.973381
v -0.100021 69.973190 -71.384636
v -0.100021 69.579109 68.167686
v -0.100021 68.167740 69.579056
v -0.100021 69.973305 71.384514
v -0.100021 71.384567 69.973251
v -0.100021 -68.167755 69.579086
v -0.100021 -69.579124 68.167709
v -0.100021 -71.384583 69.973289
v -0.100021 -69.973320 71.384552
v -0.100021 -69.579109 -68.167725
v -0.100021 -68.167732 -69.579102
v -0.100021 -69.973312 -71.384552
v -0.100021 -71.384575 -69.973297
v 21.470810 71.384377 -69.973480
v 21.470810 69.973297 -71.384552
v 34.279144 71.384377 -69.973480
v 34.279144 69.973297 -71.384552
v 21.470810 69.973412 71.384438
v 21.470810 71.384483 69.973358
v 34.279144 69.973412 71.384438
v 34.279144 71.384483 69.973358
v 21.470810 -71.384491 69.973389
v 21.470810 -69.973412 71.384460
v 34.279144 -71.384491 69.973389
v 34.279144 -69.973412 71.384460
v 21.470810 -69.973404 -71.384468
v 21.470810 -71.384476 -69.973396
v 34.279144 -69.973404 -71.384468
v 34.279144 -71.384476 -69.973396
v 6.485398 -92.532722 43.347706
v 14.885397 -92.532722 43.347706
v 14.885397 -86.040115 55.494499
v 6.485398 -86.040123 55.494507
v 6.485392 86.040100 55.494453
v 14.885391 86.040100 55.494453
v 14.885391 92.532700 43.347664
v 6.485392 92.532692 43.347664
v 40.864555 86.040100 55.494453
v 49.264557 86.040100 55.494453
v 49.264557 92.532700 43.347664
v 40.864555 92.532700 43.347664
v 40.864563 -92.532722 43.347706
v 49.264561 -92.532722 43.347706
v 49.264561 -86.040115 55.494511
v 40.864563 -86.040115 55.494511
v 66.571465 -7.574623 85.264008
v 66.571465 -7.574623 86.996063
v 75.847237 -6.919918 86.130035
v 74.847237 -7.574619 86.996063
v 74.847237 -7.574619 85.264008
v 66.571465 -4.537308 92.256836
v 66.571465 -3.037308 93.122864
v 75.847237 -3.459958 92.122864
v 74.847237 -3.037309 93.122864
v 74.847237 -4.537309 92.256836
v 66.571457 3.037327 93.122864
v 66.571457 4.537326 92.256836
v 75.847237 3.459975 92.122864
v 74.847237 4.537325 92.256836
v 74.847237 3.037326 93.122864
v 66.571465 7.574639 86.996063
v 66.571465 7.574639 85.264008
v 75.847237 6.919938 86.130035
v 74.847237 7.574639 85.264008
v 74.847237 7.574639 86.996063
v 66.571465 4.537324 80.003227
v 66.571465 3.037324 79.137199
v 75.847237 3.459973 80.137199
v 74.847237 3.037323 79.137199
v 74.847237 4.537323 80.003227
v 66.571465 -3.037311 79.137199
v 66.571465 -4.537311 80.003227
v 75.847252 -3.459955 80.137199
v 74.847252 -4.537306 80.003227
v 74.847252 -3.037306 79.137199
v 75.357742 -0.000004 81.630005
v 75.357742 -3.181984 82.948021
v 75.357742 -4.500003 86.130005
v 75.357742 -3.181983 89.311989
v 75.357742 -0.000002 90.630005
v 75.357742 3.181978 89.311989
v 75.357742 4.499997 86.130005
v 75.357742 3.181977 82.948021
v 77.611107 -0.000012 82.171204
v 77.111107 -0.000010 81.630005
v 77.611107 -2.799308 83.330711
v 77.111107 -3.181990 82.948021
v 77.611107 -3.958815 86.130005
v 77.111107 -4.500009 86.130005
v 77.611107 -2.799308 88.929298
v 77.111107 -3.181989 89.311989
v 77.611107 -0.000010 90.088806
v 77.111107 -0.000008 90.630005
v 77.611107 2.799287 88.929298
v 77.111107 3.181972 89.311989
v 77.611107 3.958793 86.130005
v 77.111107 4.499990 86.130005
v 77.611107 2.799286 83.330711
v 77.111107 3.181971 82.948021
v 66.571472 -49.149624 69.982071
v 66.571472 -50.009132 71.485817
v 75.847244 -49.010971 71.058830
v 74.847244 -50.009125 71.485809
v 74.847244 -49.149620 69.982071
v 66.571480 -49.982777 77.560387
v 66.571480 -49.110256 79.056618
v 75.847244 -48.980949 77.978691
v 74.847252 -49.110252 79.056610
v 74.847244 -49.982777 77.560379
v 66.571465 -43.836334 82.071075
v 66.571465 -42.104301 82.063560
v 75.847244 -42.973156 81.412628
v 74.847244 -42.104301 82.063560
v 74.847252 -43.836334 82.071075
v 66.571472 -36.856747 79.003456
v 66.571472 -35.997238 77.499710
v 75.847244 -36.995392 77.926689
v 74.847244 -35.997234 77.499702
v 74.847244 -36.856743 79.003456
v 66.571465 -36.023590 71.425140
v 66.571465 -36.896114 69.928909
v 75.847244 -37.025414 71.006821
v 74.847237 -36.896114 69.928909
v 74.847244 -36.023590 71.425133
v 66.571465 -42.170033 66.914444
v 66.571465 -43.902065 66.921959
v 75.847260 -43.033207 67.572891
v 74.847260 -43.902061 66.921959
v 74.847252 -42.170029 66.914436
v 75.357750 -40.770107 70.585892
v 75.357750 -44.186710 70.151154
v 75.357750 -46.910019 72.259659
v 75.357750 -47.344753 75.676262
v 75.357750 -45.236252 78.399567
v 75.357750 -41.819649 78.834305
v 75.357750 -39.096340 76.725800
v 75.357750 -38.661606 73.309196
v 77.611115 -41.038673 71.055748
v 77.111115 -40.770111 70.585884
v 77.611115 -44.044380 70.673294
v 77.111115 -44.186718 70.151154
v 77.611115 -46.440166 72.528214
v 77.111115 -46.910023 72.259651
v 77.611115 -46.822613 75.533913
v 77.111115 -47.344757 75.676254
v 77.611115 -44.967693 77.929703
v 77.111115 -45.236252 78.399567
v 77.611115 -41.961990 78.312149
v 77.111115 -41.819649 78.834297
v 77.611115 -39.566204 76.457230
v 77.111115 -39.096344 76.725792
v 77.611115 -39.183754 73.451530
v 77.111115 -38.661610 73.309196
v 66.571487 -77.447479 36.088284
v 66.571487 -78.950104 36.949749
v 75.847260 -77.873161 37.086998
v 74.847260 -78.950104 36.949749
v 74.847260 -77.447479 36.088284
v 66.571487 -82.003380 42.201279
v 66.571487 -82.008644 43.933323
v 75.847260 -81.351318 43.069290
v 74.847260 -82.008644 43.933323
v 74.847260 -82.003380 42.201279
v 66.571472 -78.987320 49.203312
v 66.571472 -77.489952 50.073887
v 75.847260 -77.909561 49.072613
v 74.847260 -77.489952 50.073887
v 74.847260 -78.987320 49.203312
v 66.571487 -71.415359 50.092339
v 66.571487 -69.912735 49.230877
v 75.847260 -70.989670 49.093632
v 74.847260 -69.912735 49.230877
v 74.847260 -71.415359 50.092339
v 66.571487 -66.859451 43.979343
v 66.571487 -66.854187 42.247303
v 75.847260 -67.511520 43.111332
v 74.847260 -66.854187 42.247303
v 74.847260 -66.859451 43.979343
v 66.571487 -69.875511 36.977310
v 66.571487 -71.372879 36.106731
v 75.847267 -70.953262 37.108021
v 74.847267 -71.372871 36.106739
v 74.847267 -69.875511 36.977314
v 75.357758 -70.527473 40.852139
v 75.357758 -73.253510 38.747181
v 75.357758 -76.669548 39.186359
v 75.357758 -78.774506 41.912407
v 75.357758 -78.335327 45.328442
v 75.357758 -75.609276 47.433395
v 75.357758 -72.193245 46.994221
v 75.357758 -70.088287 44.268173
v 77.611122 -70.996979 41.121304
v 77.111122 -70.527473 40.852131
v 77.611122 -73.395180 39.269501
v 77.111122 -73.253517 38.747177
v 77.611122 -76.400383 39.655861
v 77.111122 -76.669556 39.186352
v 77.611122 -78.252182 42.054062
v 77.111122 -78.774513 41.912399
v 77.611122 -77.865822 45.059265
v 77.111122 -78.335335 45.328434
v 77.611122 -75.467628 46.911064
v 77.111122 -75.609283 47.433395
v 77.611122 -72.462425 46.524704
v 77.111122 -72.193245 46.994217
v 77.611122 -70.610619 44.126507
v 77.111122 -70.088287 44.268166
v 66.571487 -85.244659 -7.469508
v 66.571487 -86.976707 -7.467350
v 75.847260 -86.109871 -6.813726
v 74.847260 -86.976707 -7.467344
v 74.847260 -85.244659 -7.469502
v 66.571487 -92.233704 -4.423490
v 66.571487 -93.097862 -2.922412
v 75.847260 -92.098389 -3.346309
v 74.847260 -93.097862 -2.922412
v 74.847260 -92.233704 -4.423490
v 66.571472 -93.090302 3.152218
v 66.571472 -92.222412 4.651138
v 75.847260 -92.089775 3.573623
v 74.847260 -92.222412 4.651138
v 74.847260 -93.090302 3.152218
v 66.571487 -86.957855 7.681902
v 66.571487 -85.225800 7.679744
v 75.847260 -86.092644 7.026125
v 74.847260 -85.225800 7.679744
v 74.847260 -86.957855 7.681902
v 66.571487 -79.968803 4.635883
v 66.571487 -79.104645 3.134806
v 75.847260 -80.104118 3.558702
v 74.847260 -79.104645 3.134806
v 74.847260 -79.968803 4.635883
v 66.571487 -79.112206 -2.939825
v 66.571487 -79.980103 -4.438745
v 75.847267 -80.112732 -3.361224
v 74.847267 -79.980103 -4.438738
v 74.847267 -79.112206 -2.939819
v 75.357758 -81.601234 0.100584
v 75.357758 -82.923210 -3.079752
v 75.357758 -86.106834 -4.393807
v 75.357758 -89.287170 -3.071830
v 75.357758 -90.601227 0.111791
v 75.357758 -89.279243 3.292128
v 75.357758 -86.095627 4.606183
v 75.357758 -82.915291 3.284205
v 77.611122 -82.142426 0.101252
v 77.111122 -81.601234 0.100578
v 77.611122 -83.305420 -2.696602
v 77.111122 -82.923210 -3.079758
v 77.611122 -86.106155 -3.852621
v 77.111122 -86.106834 -4.393814
v 77.611122 -88.904007 -2.689633
v 77.111122 -89.287170 -3.071836
v 77.611122 -90.060028 0.111106
v 77.111122 -90.601227 0.111785
v 77.611122 -88.897034 2.908959
v 77.111122 -89.279243 3.292122
v 77.611122 -86.096298 4.064979
v 77.111122 -86.095627 4.606177
v 77.611122 -83.298454 2.901991
v 77.111122 -82.915291 3.284199
v 66.571487 -70.018677 -49.049206
v 66.571487 -71.523514 -49.906788
v 75.847260 -71.095261 -48.909172
v 74.847260 -71.523514 -49.906788
v 74.847260 -70.018677 -49.049206
v 66.571487 -77.598045 -49.872646
v 66.571487 -79.093155 -48.998211
v 75.847260 -78.015068 -48.870285
v 74.847260 -79.093155 -48.998211
v 74.847260 -77.598045 -49.872646
v 66.571472 -82.100861 -43.720432
v 66.571472 -82.091125 -41.988407
v 75.847260 -81.441299 -42.858097
v 74.847260 -82.091125 -41.988407
v 74.847260 -82.100861 -43.720432
v 66.571487 -79.024300 -36.744781
v 66.571487 -77.519455 -35.887203
v 75.847260 -77.947708 -36.884804
v 74.847260 -77.519455 -35.887203
v 74.847260 -79.024292 -36.744781
v 66.571487 -71.444916 -35.921333
v 66.571487 -69.949806 -36.795780
v 75.847260 -71.027893 -36.923691
v 74.847260 -69.949806 -36.795780
v 74.847260 -71.444916 -35.921333
v 66.571487 -66.942108 -42.073555
v 66.571487 -66.951843 -43.805584
v 75.847267 -67.601662 -42.935883
v 74.847267 -66.951843 -43.805573
v 74.847267 -66.942108 -42.073555
v 75.357758 -70.611755 -40.668926
v 75.357758 -70.181396 -44.086082
v 75.357758 -72.293388 -46.806690
v 75.357758 -75.710556 -47.237034
v 75.357758 -78.431152 -45.125053
v 75.357758 -78.861504 -41.707893
v 75.357758 -76.749512 -38.987289
v 75.357758 -73.332359 -38.556942
v 77.611122 -71.081955 -40.936897
v 77.111122 -70.611748 -40.668938
v 77.611122 -70.703354 -43.943081
v 77.111122 -70.181396 -44.086094
v 77.611122 -72.561348 -46.336494
v 77.111122 -72.293388 -46.806690
v 77.611122 -75.567535 -46.715088
v 77.111122 -75.710548 -47.237049
v 77.611122 -77.960945 -44.857094
v 77.111122 -78.431145 -45.125053
v 77.611122 -78.339539 -41.850910
v 77.111122 -78.861504 -41.707893
v 77.611122 -76.481552 -39.457497
v 77.111122 -76.749512 -38.987301
v 77.611122 -73.475357 -39.078899
v 77.111122 -73.332359 -38.556942
v 66.571472 -36.169895 -77.379105
v 66.571472 -37.033333 -78.880600
v 75.847244 -37.169170 -77.803482
v 74.847244 -37.033340 -78.880600
v 74.847244 -36.169903 -77.379105
v 66.571472 -42.288868 -81.926987
v 66.571472 -44.020916 -81.929970
v 75.847244 -43.156021 -81.273781
v 74.847244 -44.020916 -81.929970
v 74.847244 -42.288868 -81.926987
v 66.571465 -49.286934 -78.901733
v 66.571465 -50.155544 -77.403236
v 75.847244 -49.154819 -77.824165
v 74.847244 -50.155544 -77.403236
v 74.847244 -49.286938 -78.901733
v 66.571472 -50.166027 -71.328613
v 66.571472 -49.302593 -69.827126
v 75.847244 -49.166759 -70.904243
v 74.847244 -49.302593 -69.827126
v 74.847244 -50.166023 -71.328613
v 66.571472 -44.047058 -66.780731
v 66.571472 -42.315010 -66.777740
v 75.847244 -43.179901 -67.433945
v 74.847244 -42.315010 -66.777740
v 74.847244 -44.047058 -66.780731
v 66.571472 -37.048988 -69.805977
v 66.571472 -36.180378 -71.304489
v 75.847260 -37.181110 -70.883560
v 74.847260 -36.180382 -71.304489
v 74.847260 -37.048992 -69.805977
v 75.357750 -40.924664 -70.452858
v 75.357750 -38.823288 -73.181656
v 75.357750 -39.266949 -76.597122
v 75.357750 -41.995758 -78.698494
v 75.357750 -45.411213 -78.254829
v 75.357750 -47.512589 -75.526024
v 75.357750 -47.068932 -72.110573
v 75.357750 -44.340122 -70.009193
v 77.611115 -41.194447 -70.922005
v 77.111115 -40.924660 -70.452858
v 77.611115 -39.345795 -73.322632
v 77.111115 -38.823284 -73.181664
v 77.611115 -39.736099 -76.327324
v 77.111115 -39.266945 -76.597122
v 77.611115 -42.136726 -78.175987
v 77.111115 -41.995750 -78.698494
v 77.611115 -45.141418 -77.785683
v 77.111115 -45.411209 -78.254829
v 77.611115 -46.990070 -75.385056
v 77.111115 -47.512581 -75.526024
v 77.611115 -46.599766 -72.380363
v 77.111115 -47.068924 -72.110573
v 77.611115 -44.199142 -70.531700
v 77.111115 -44.340118 -70.009193
v 66.571465 7.364443 -85.225945
v 66.571465 7.360000 -86.957985
v 75.847237 6.707518 -86.090286
v 74.847237 7.359996 -86.957985
v 74.847237 7.364439 -85.225945
v 66.571465 4.309204 -92.210968
v 66.571465 2.806988 -93.073135
v 75.847237 3.232201 -92.074219
v 74.847237 2.806989 -93.073135
v 74.847237 4.309204 -92.210968
v 66.571457 -3.267627 -93.057556
v 66.571457 -4.765401 -92.187683
v 75.847237 -3.687710 -92.056480
v 74.847237 -4.765400 -92.187683
v 74.847237 -3.267627 -93.057556
v 66.571465 -7.789213 -86.919136
v 66.571465 -7.784770 -85.187096
v 75.847237 -7.132293 -86.054794
v 74.847237 -7.784770 -85.187096
v 74.847237 -7.789212 -86.919136
v 66.571465 -4.733975 -79.934113
v 66.571465 -3.231759 -79.071930
v 75.847237 -3.656971 -80.070847
v 74.847237 -3.231759 -79.071930
v 74.847237 -4.733974 -79.934113
v 66.571465 2.842856 -79.087517
v 66.571465 4.340629 -79.957382
v 75.847252 3.262934 -80.088600
v 74.847252 4.340624 -79.957382
v 74.847252 2.842851 -79.087517
v 75.357742 -0.200834 -81.572525
v 75.357742 2.977756 -82.898705
v 75.357742 4.287611 -86.084053
v 75.357742 2.961435 -89.262650
v 75.357742 -0.223916 -90.572495
v 75.357742 -3.402506 -89.246315
v 75.357742 -4.712359 -86.060974
v 75.357742 -3.386185 -82.882385
v 77.611107 -0.202214 -82.113724
v 77.111107 -0.200828 -81.572525
v 77.611107 2.594100 -83.280403
v 77.111107 2.977762 -82.898705
v 77.611107 3.746424 -86.082664
v 77.111107 4.287617 -86.084053
v 77.611107 2.579742 -88.878975
v 77.111107 2.961441 -89.262650
v 77.611107 -0.222520 -90.031296
v 77.111107 -0.223910 -90.572495
v 77.611107 -3.018834 -88.864616
v 77.111107 -3.402499 -89.246315
v 77.611107 -4.171158 -86.062355
v 77.111107 -4.712353 -86.060974
v 77.611107 -3.004476 -83.266052
v 77.111107 -3.386178 -82.882385
v 66.571472 48.948799 -70.055321
v 66.571472 49.804451 -71.561264
v 75.847244 48.807388 -71.131729
v 74.847244 49.804451 -71.561264
v 74.847244 48.948799 -70.055328
v 66.571472 49.762516 -77.635750
v 66.571472 48.886158 -79.129730
v 75.847244 48.759624 -78.051483
v 74.847244 48.886154 -79.129730
v 74.847244 49.762516 -77.635750
v 66.571465 43.604530 -82.130661
v 66.571465 41.872520 -82.118713
v 75.847244 42.743042 -81.470001
v 74.847244 41.872517 -82.118713
v 74.847244 43.604527 -82.130661
v 66.571472 36.632832 -79.045151
v 66.571472 35.777180 -77.539207
v 75.847244 36.774239 -77.968750
v 74.847244 35.777180 -77.539207
v 74.847244 36.632828 -79.045151
v 66.571472 35.819111 -71.464729
v 66.571472 36.695469 -69.970741
v 75.847244 36.822006 -71.048988
v 74.847244 36.695473 -69.970741
v 74.847244 35.819111 -71.464729
v 66.571472 41.977100 -66.969810
v 66.571472 43.709106 -66.981766
v 75.847260 42.838581 -67.630470
v 74.847260 43.709106 -66.981766
v 74.847260 41.977097 -66.969810
v 75.357750 40.567764 -70.637657
v 75.357750 43.985474 -70.211685
v 75.357750 46.703362 -72.327164
v 75.357750 47.129333 -75.744865
v 75.357750 45.013855 -78.462753
v 75.357750 41.596146 -78.888725
v 75.357750 38.878258 -76.773247
v 75.357750 38.452290 -73.355545
v 77.611115 40.835129 -71.108200
v 77.111115 40.567772 -70.637657
v 77.611115 43.841805 -70.733452
v 77.111115 43.985477 -70.211685
v 77.611115 46.232826 -72.594513
v 77.111115 46.703369 -72.327164
v 77.611115 46.607563 -75.601181
v 77.111115 47.129337 -75.744865
v 77.611115 44.746502 -77.992210
v 77.111115 45.013855 -78.462753
v 77.611115 41.739826 -78.366943
v 77.111115 41.596149 -78.888725
v 77.611115 39.348812 -76.505890
v 77.111115 38.878262 -76.773247
v 77.611115 38.974072 -73.499214
v 77.111115 38.452293 -73.355545
v 66.571472 77.310722 -36.251446
v 66.571465 78.811089 -37.116859
v 75.847244 77.733788 -37.251278
v 74.847244 78.811089 -37.116859
v 74.847244 77.310722 -36.251457
v 66.571465 81.850571 -42.376385
v 66.571472 81.851288 -44.108437
v 75.847244 81.196236 -43.242680
v 74.847244 81.851288 -44.108425
v 74.847244 81.850578 -42.376373
v 66.571465 78.816154 -49.370476
v 66.571465 77.316513 -50.237114
v 75.847244 77.738747 -49.236938
v 74.847244 77.316513 -50.237114
v 74.847244 78.816154 -49.370476
v 66.571472 71.241882 -50.239628
v 66.571480 69.741524 -49.374233
v 75.847244 70.818825 -49.239811
v 74.847244 69.741531 -49.374233
v 74.847244 71.241882 -50.239628
v 66.571480 66.702034 -44.114704
v 66.571472 66.701317 -42.382656
v 75.847244 67.356377 -43.248413
v 74.847244 66.701317 -42.382656
v 74.847244 66.702034 -44.114704
v 66.571472 69.736450 -37.120613
v 66.571472 71.236092 -36.253963
v 75.847260 70.813858 -37.254139
v 74.847260 71.236099 -36.253975
v 74.847260 69.736458 -37.120613
v 75.357750 70.378242 -40.997131
v 75.357750 73.109802 -38.899334
v 75.357750 76.524673 -39.347477
v 75.357750 78.622475 -42.079029
v 75.357750 78.174332 -45.493908
v 75.357750 75.442772 -47.591705
v 75.357750 72.027901 -47.143562
v 75.357750 69.930107 -44.412003
v 77.611115 70.847046 -41.267536
v 77.111115 70.378242 -40.997131
v 77.611115 73.250099 -39.422020
v 77.111115 73.109802 -38.899334
v 77.611115 76.254272 -39.816269
v 77.111115 76.524673 -39.347466
v 77.611115 78.099777 -42.219315
v 77.111115 78.622475 -42.079029
v 77.611115 77.705536 -45.223495
v 77.111115 78.174332 -45.493896
v 77.611115 75.302490 -47.068996
v 77.111115 75.442772 -47.591694
v 77.611115 72.298309 -46.674747
v 77.111115 72.027901 -47.143562
v 77.611115 70.452812 -44.271706
v 77.111115 69.930107 -44.412003
v 66.571472 85.207054 7.259330
v 66.571472 86.939087 7.252643
v 75.847244 86.070541 6.601283
v 74.847244 86.939087 7.252643
v 74.847244 85.207054 7.259324
v 66.571472 92.188110 4.195049
v 66.571472 93.048332 2.691713
v 75.847244 92.049973 3.118220
v 74.847244 93.048340 2.691719
v 74.847244 92.188110 4.195049
v 66.571465 93.024887 -3.382876
v 66.571465 92.153076 -4.879519
v 75.847244 92.023262 -3.801658
v 74.847244 92.153076 -4.879519
v 74.847244 93.024895 -3.382871
v 66.571472 86.880615 -7.896502
v 66.571472 85.148582 -7.889815
v 75.847244 86.017128 -7.238461
v 74.847244 85.148582 -7.889815
v 74.847244 86.880615 -7.896502
v 66.571472 79.899559 -4.832221
v 66.571472 79.039330 -3.328884
v 75.847244 80.037689 -3.755391
v 74.847244 79.039330 -3.328884
v 74.847244 79.899559 -4.832221
v 66.571472 79.062775 2.745699
v 66.571472 79.934586 4.242347
v 75.847260 80.064400 3.164481
v 74.847260 79.934586 4.242341
v 74.847260 79.062775 2.745699
v 75.357750 81.543839 -0.301201
v 75.357750 82.874130 2.875666
v 75.357750 86.061172 4.181388
v 75.357750 89.238045 2.851096
v 75.357750 90.543770 -0.335947
v 75.357750 89.213478 -3.512814
v 75.357750 86.026436 -4.818542
v 75.357750 82.849571 -3.488250
v 77.611115 82.085030 -0.303288
v 77.111115 81.543839 -0.301201
v 77.611115 83.255333 2.491514
v 77.111115 82.874130 2.875672
v 77.611115 86.059090 3.640208
v 77.111115 86.061172 4.181395
v 77.611115 88.853889 2.469900
v 77.111115 89.238045 2.851102
v 77.611115 90.002579 -0.333848
v 77.111115 90.543770 -0.335941
v 77.611115 88.832275 -3.128650
v 77.111115 89.213478 -3.512808
v 77.611115 86.028519 -4.277339
v 77.111115 86.026436 -4.818537
v 77.611115 83.233727 -3.107037
v 77.111115 82.849571 -3.488244
v 66.571472 70.091995 48.848358
v 66.571472 71.599037 49.702076
v 75.847244 71.168221 48.705566
v 74.847244 71.599045 49.702076
v 74.847244 70.092003 48.848354
v 66.571472 77.673462 49.652351
v 66.571472 79.166321 48.774082
v 75.847244 78.087914 48.648930
v 74.847244 79.166321 48.774082
v 74.847244 77.673462 49.652351
v 66.571465 82.160477 43.488605
v 66.571465 82.146301 41.756615
v 75.847244 81.498711 42.627968
v 74.847244 82.146301 41.756615
v 74.847244 82.160477 43.488605
v 66.571472 79.066032 36.520870
v 66.571472 77.558990 35.667152
v 75.847244 77.989807 36.663662
v 74.847244 77.558990 35.667152
v 74.847244 79.066032 36.520870
v 66.571472 71.484566 35.716869
v 66.571472 69.991699 36.595146
v 75.847244 71.070114 36.720295
v 74.847244 69.991707 36.595146
v 74.847244 71.484566 35.716869
v 66.571472 66.997543 41.880619
v 66.571472 67.011726 43.612610
v 75.847260 67.659317 42.741249
v 74.847260 67.011726 43.612606
v 74.847260 66.997551 41.880615
v 75.357750 70.663582 40.466583
v 75.357750 70.241997 43.884834
v 75.357750 72.360954 46.600006
v 75.357750 75.779213 47.021599
v 75.357750 78.494385 44.902634
v 75.357750 78.915970 41.484383
v 75.357750 76.797012 38.769211
v 75.357750 73.378761 38.347622
v 77.611115 71.134476 40.733341
v 77.111115 70.663582 40.466587
v 77.611115 70.763588 43.740494
v 77.111115 70.241997 43.884838
v 77.611115 72.627708 46.129128
v 77.111115 72.360954 46.600014
v 77.611115 75.634857 46.500011
v 77.111115 75.779205 47.021599
v 77.611115 78.023491 44.635887
v 77.111115 78.494385 44.902641
v 77.611115 78.394379 41.628735
v 77.111115 78.915970 41.484390
v 77.611115 76.530251 39.240105
v 77.111115 76.797012 38.769215
v 77.611115 73.523102 38.869221
v 77.111115 73.378761 38.347626
v 66.571472 36.333065 77.242264
v 66.571472 37.200436 78.741486
v 75.847244 37.333450 77.664017
v 74.847244 37.200443 78.741486
v 74.847244 36.333069 77.242264
v 66.571472 42.463947 81.774078
v 66.571472 44.195999 81.772522
v 75.847244 43.329384 81.118599
v 74.847244 44.195995 81.772522
v 74.847244 42.463943 81.774071
v 66.571465 49.454056 78.730484
v 66.571465 50.318729 77.229706
v 75.847244 49.319111 77.653252
v 74.847244 50.318729 77.229706
v 74.847244 49.454056 78.730484
v 66.571472 50.313274 71.155083
v 66.571472 49.445908 69.655861
v 75.847244 49.312901 70.733330
v 74.847244 49.445908 69.655861
v 74.847244 50.313274 71.155083
v 66.571472 44.182404 66.623268
v 66.571472 42.450352 66.624817
v 75.847244 43.316959 67.278740
v 74.847244 42.450348 66.624817
v 74.847244 44.182400 66.623268
v 66.571472 37.192291 69.666862
v 66.571472 36.327614 71.167633
v 75.847260 37.327240 70.744087
v 74.847260 36.327618 71.167633
v 74.847260 37.192299 69.666855
v 75.357750 41.069653 70.303558
v 75.357750 38.975441 73.037872
v 75.357750 39.428059 76.452148
v 75.357750 42.162369 78.546364
v 75.357750 45.576649 78.093750
v 75.357750 47.670860 75.359436
v 75.357750 47.218243 71.945152
v 75.357750 44.483936 69.850945
v 77.611115 41.340668 70.772011
v 77.111115 41.069649 70.303558
v 77.611115 39.498314 73.177475
v 77.111115 38.975437 73.037872
v 77.611115 39.896496 76.181137
v 77.111115 39.428051 76.452156
v 77.611115 42.301960 78.023491
v 77.111115 42.162361 78.546371
v 77.611115 45.305626 77.625305
v 77.111115 45.576645 78.093750
v 77.611115 47.147976 75.219841
v 77.111115 47.670856 75.359436
v 77.611115 46.749790 72.216179
v 77.111115 47.218239 71.945160
v 77.611115 44.344326 70.373825
v 77.111115 44.483929 69.850945
v 42.355042 100.428535 10.447793
v 42.355042 -101.234375 10.447811
v 50.603104 100.970932 -5.223909
v 51.003105 101.015045 -4.531089
v 50.603104 -101.010071 -5.223897
v 51.003105 -101.054588 -4.531076
v 33.706982 101.015045 -4.531089
v 34.106983 100.970932 -5.223909
v 33.706982 -101.054588 -4.531076
v 34.106983 -101.010071 -5.223897
v 38.031013 -101.504097 2.958368
v 46.679073 -101.504097 2.958368
v 46.679073 101.081406 2.958352
v 38.031013 101.081406 2.958352
v 43.119465 4.964666 100.579536
v 43.119465 14.846471 99.610916
v 43.119465 -4.964953 100.579521
v 43.119465 -14.846759 99.610863
v 48.276054 4.964666 100.579536
v 48.276054 14.846471 99.610916
v 48.276054 -4.964953 100.579521
v 48.276054 -14.846759 99.610863
v 11.466779 -24.455912 97.577980
v 11.466779 -28.858635 96.379265
v 16.666832 -28.858635 96.379265
v 16.666832 -24.455912 97.577980
v 11.466779 28.858641 96.379257
v 11.466779 24.455919 97.577972
v 16.666832 24.455919 97.577972
v 16.666832 28.858641 96.379257
v 11.466779 24.455935 -97.577995
v 11.466779 28.858658 -96.379280
v 16.666832 28.858658 -96.379280
v 16.666832 24.455935 -97.577995
v 11.466779 -28.858644 -96.379280
v 11.466779 -24.455921 -97.577995
v 16.666832 -24.455921 -97.577995
v 16.666832 -28.858644 -96.379280
v 11.466779 98.044815 24.339455
v 11.466779 96.840378 28.721214
v 16.666832 96.840378 28.721214
v 16.666832 98.044815 24.339455
v 11.466779 96.840363 -28.721252
v 11.466779 98.044815 -24.339489
v 16.666832 98.044815 -24.339489
v 16.666832 96.840363 -28.721252
v 11.466779 -98.044815 -24.339495
v 11.466779 -96.840363 -28.721254
v 16.666832 -96.840363 -28.721254
v 16.666832 -98.044815 -24.339495
v 11.466779 -96.840363 28.721231
v 11.466779 -98.044815 24.339468
v 16.666832 -98.044815 24.339468
v 16.666832 -96.840363 28.721231
v 27.119463 4.964666 100.579536
v 27.119463 14.846471 99.610916
v 27.119463 -4.964953 100.579521
v 27.119463 -14.846759 99.610863
v 32.276051 4.964666 100.579536
v 32.276051 14.846471 99.610916
v 32.276051 -4.964953 100.579521
v 32.276051 -14.846759 99.610863
v 43.119465 -21.332850 98.326836
v 48.276054 -21.332850 98.326836
v 43.119465 21.332567 98.326897
v 48.276054 21.332567 98.326897
v 27.119463 -21.332850 98.326836
v 32.276051 -21.332851 98.326836
v 27.119463 21.332567 98.326897
v 32.276051 21.332567 98.326904
vn -0.0088 0.0423 -0.9991
vn 0.0106 -0.1360 -0.9907
vn 0.0235 -0.1478 -0.9887
vn 0.0040 -0.1374 0.9905
vn 0.0057 -0.1455 0.9893
vn -0.0002 -0.1482 0.9890
vn 0.3715 0.3713 -0.8510
vn 0.0018 -0.2073 -0.9783
vn -0.4056 -0.8539 0.3260
vn -0.0288 -0.9747 -0.2218
vn -0.0052 -0.9587 -0.2843
vn 0.4009 0.6993 -0.5919
vn 0.0160 0.2635 -0.9645
vn 0.0018 0.2073 -0.9783
vn 0.0078 -0.9905 -0.1376
vn -0.0035 -0.9890 -0.1482
vn 0.0036 -0.9904 -0.1383
vn 0.0165 -0.9987 0.0487
vn 0.0245 -0.9985 0.0491
vn 0.3814 0.7465 0.5453
vn 0.0115 0.9987 -0.0489
vn -0.0070 0.9988 0.0487
vn -0.0083 0.9986 -0.0525
vn 0.4575 0.7036 -0.5438
vn 0.3775 0.6785 0.6301
vn 0.0037 0.9895 0.1443
vn -0.4717 0.8501 -0.2339
vn -0.0146 0.9720 -0.2346
vn 0.0018 0.9809 -0.1947
vn 0.4116 0.3576 -0.8383
vn 0.0171 -0.2634 -0.9645
vn 0.0083 -0.1836 -0.9830
vn -0.0205 0.3066 -0.9516
vn -0.0024 0.3071 -0.9517
vn 0.0171 0.2634 -0.9645
vn 0.0030 -0.3629 -0.9318
vn 0.0053 -0.3306 -0.9437
vn -0.0251 0.9883 -0.1502
vn 0.0160 0.9617 -0.2738
vn -0.0050 0.9558 -0.2941
vn 0.3924 0.6823 -0.6169
vn 0.0055 0.1457 -0.9893
vn 0.0083 0.1836 -0.9830
vn 0.0040 0.0396 -0.9992
vn 0.0016 0.0487 -0.9988
vn 0.0060 0.0491 -0.9988
vn -0.0083 -0.0525 -0.9986
vn -0.4564 -0.5472 -0.7017
vn -0.3622 0.4886 0.7938
vn -0.0028 0.0491 0.9988
vn -0.0028 -0.0491 0.9988
vn -0.4717 -0.2339 -0.8501
vn 0.4116 -0.3576 0.8383
vn 0.0171 0.2634 0.9645
vn 0.0083 0.1836 0.9830
vn -0.0197 -0.9530 -0.3024
vn -0.0024 -0.9517 -0.3071
vn 0.0171 -0.9645 -0.2634
vn 0.4073 -0.8658 -0.2907
vn 0.0075 -0.9447 0.3277
vn 0.0169 -0.9679 0.2506
vn 0.4009 0.5919 0.6993
vn 0.0160 0.9645 0.2635
vn 0.0018 0.9783 0.2073
vn 0.3924 -0.6169 -0.6823
vn 0.0055 -0.9893 -0.1457
vn 0.0083 -0.9830 -0.1836
vn 0.0040 -0.9992 -0.0396
vn -0.0070 -0.9988 -0.0487
vn -0.0025 -0.9988 -0.0491
vn -0.0083 -0.9986 0.0525
vn -0.4543 -0.6975 0.5542
vn -0.8531 -0.0950 0.5131
vn -0.9999 -0.0136 -0.0006
vn -0.4717 -0.8501 0.2339
vn -0.0146 -0.9720 0.2346
vn 0.0018 -0.9809 0.1947
vn 0.0160 -0.2738 -0.9617
vn -0.0050 -0.2941 -0.9558
vn -0.0194 -0.3024 0.9530
vn -0.0024 -0.3071 0.9517
vn 0.0171 -0.2634 0.9645
vn 0.0030 0.3629 0.9318
vn 0.0096 0.3250 0.9457
vn 0.3924 -0.6823 0.6169
vn 0.0083 -0.1836 0.9830
vn 0.0124 -0.0384 0.9992
vn -0.4563 0.4762 0.7517
vn -0.0083 0.0525 0.9986
vn -0.4543 0.5542 0.6975
vn -0.8531 0.5131 0.0950
vn -0.9999 -0.0006 0.0136
vn -0.4717 0.2339 0.8501
vn -0.0251 -0.9883 0.1502
vn 0.0160 -0.9617 0.2738
vn -0.0050 -0.9558 0.2941
vn -0.0187 0.9543 0.2983
vn -0.0024 0.9517 0.3071
vn 0.0171 0.9645 0.2634
vn 0.3924 0.6169 0.6823
vn 0.0083 0.9830 0.1835
vn -0.0035 -0.9890 0.1481
vn 0.4073 0.8658 0.2907
vn 0.0053 0.9437 -0.3306
vn 0.0169 0.9679 -0.2506
vn -0.3669 -0.4793 -0.7973
vn -0.0028 0.0491 -0.9988
vn 0.0106 0.1360 -0.9907
vn 0.0136 0.1480 -0.9889
vn 0.0079 0.9904 -0.1378
vn -0.1479 0.4042 -0.9027
vn 0.4569 -0.7945 0.4001
vn -0.3672 0.7467 -0.5547
vn 0.4422 0.6438 -0.6245
vn -0.0180 0.9986 -0.0491
vn -0.3622 0.7938 -0.4886
vn 0.0081 0.9988 0.0491
vn 0.0106 0.9907 0.1360
vn 0.0136 0.9889 0.1480
vn 0.3715 -0.3713 0.8510
vn 0.0079 0.1378 0.9904
vn 0.0018 0.2073 0.9783
vn 0.4540 -0.4106 -0.7907
vn -0.4004 0.0440 0.9153
vn 0.0136 -0.1426 0.9897
vn -0.8531 -0.5131 -0.0950
vn -0.9999 0.0006 -0.0136
vn -0.0275 -0.2591 0.9655
vn 0.0160 0.2738 0.9617
vn -0.0050 0.2941 0.9558
vn -0.6239 -0.7264 0.2883
vn -0.1479 -0.4042 0.9027
vn -0.9999 0.0136 -0.0006
vn 0.0105 0.3422 0.9396
vn -0.0125 0.3516 0.9361
vn -0.0026 0.9739 0.2269
vn 0.0109 0.9385 0.3451
vn 0.0107 0.9384 -0.3453
vn -0.0113 0.9368 -0.3496
vn -0.0026 0.2269 -0.9739
vn 0.0109 0.3450 -0.9385
vn 0.0116 -0.3490 -0.9371
vn -0.0092 -0.3469 -0.9379
vn 0.0128 -0.9375 -0.3479
vn 0.4172 -0.7184 0.5566
vn 0.0095 -0.3430 0.9393
vn 0.0160 -0.2738 0.9617
vn 0.0105 -0.9396 0.3422
vn -0.0125 -0.9361 0.3516
vn 0.9999 0.0140 -0.0007
vn 0.9999 0.0139 0.0007
vn -0.8531 0.0950 -0.5131
vn -0.9999 0.0136 0.0006
vn 0.9999 0.0127 -0.0018
vn 0.9999 0.0127 0.0018
vn -0.8531 0.0950 0.5131
vn -0.8536 0.1051 0.5102
vn -1.0000 0.0090 -0.0025
vn -0.7089 -0.2328 -0.6658
vn -1.0000 0.0025 -0.0090
vn -0.8536 -0.5102 -0.1051
vn 0.9999 0.0018 -0.0127
vn 1.0000 0.0020 -0.0091
vn -0.9999 -0.0006 -0.0136
vn 0.9999 -0.0007 -0.0139
vn 0.9999 0.0007 -0.0139
vn -0.8531 0.5131 -0.0950
vn -0.8994 0.0211 0.4367
vn 0.9999 -0.0018 -0.0127
vn -0.8536 0.5102 -0.1051
vn -1.0000 -0.0025 -0.0090
vn 1.0000 -0.0020 -0.0091
vn -0.7089 -0.6658 0.2328
vn -1.0000 -0.0090 -0.0025
vn 1.0000 -0.0091 -0.0020
vn 1.0000 -0.0064 -0.0018
vn -0.8536 -0.1051 0.5102
vn 0.9999 -0.0127 -0.0018
vn -0.8531 -0.0950 -0.5131
vn -0.9999 -0.0136 0.0006
vn 0.9999 -0.0140 0.0007
vn 0.9999 -0.0139 -0.0007
vn 0.9999 -0.0127 0.0018
vn -0.8536 -0.1051 -0.5102
vn -1.0000 -0.0090 0.0025
vn 1.0000 -0.0091 0.0020
vn -0.7088 0.2329 0.6658
vn -1.0000 -0.0025 0.0090
vn 1.0000 -0.0020 0.0091
vn 1.0000 -0.0018 0.0064
vn -0.8536 0.5102 0.1051
vn 0.9999 -0.0018 0.0127
vn -0.8531 -0.5131 0.0950
vn -0.9999 0.0006 0.0136
vn 0.9999 -0.0007 0.0139
vn 0.9999 0.0018 0.0127
vn 0.9999 0.0007 0.0140
vn -0.8536 -0.5102 0.1051
vn -1.0000 0.0025 0.0090
vn 1.0000 0.0020 0.0091
vn -0.7055 0.6690 -0.2339
vn -1.0000 0.0090 0.0025
vn -0.8536 0.1051 -0.5102
vn 1.0000 0.0091 0.0020
vn -0.4652 -0.6845 -0.5614
vn 1.0000 0.0091 -0.0020
vn -0.7089 0.6658 0.2328
vn -0.9138 -0.0824 0.3978
vn 0.8984 0.0604 0.4351
vn -0.7088 0.2329 -0.6658
vn -0.7055 -0.6690 -0.2339
vn -0.4662 0.4864 -0.7390
vn -0.7055 -0.2339 0.6690
vn -0.7876 -0.6087 0.0959
vn 1.0000 0.0064 -0.0018
vn 0.7061 -0.2336 -0.6684
vn 0.8251 0.5383 -0.1717
vn 1.0000 0.0019 -0.0064
vn 0.8401 -0.1915 0.5076
vn 0.8842 0.3263 -0.3342
vn 0.7061 0.6684 0.2336
vn 1.0000 -0.0018 -0.0064
vn 0.7061 -0.6684 0.2336
vn 1.0000 -0.0064 0.0018
vn 0.7095 0.2327 0.6652
vn 0.8383 0.1924 -0.5101
vn 1.0000 0.0019 0.0064
vn 0.7096 0.6651 -0.2327
vn 1.0000 0.0064 0.0018
vn 0.8422 -0.5077 -0.1818
vn 0.8835 0.3332 0.3292
vn 0.7096 -0.2327 0.6651
vn 0.2326 -0.9674 -0.0999
vn 0.1914 0.6655 -0.7215
vn 0.7095 0.2327 -0.6652
vn 0.0030 -0.2436 -0.9699
vn 0.2307 -0.0877 0.9691
vn 0.7062 -0.6683 -0.2337
vn 0.0118 -0.9669 0.2547
vn 0.2345 0.9679 0.0901
vn 0.0025 -0.9992 0.0392
vn -0.0075 -0.9992 -0.0401
vn 0.0005 -0.9989 -0.0463
vn 0.0022 -0.0390 -0.9992
vn -0.0063 0.0398 -0.9992
vn 0.0008 0.0461 -0.9989
vn 0.0044 -0.0409 0.9992
vn -0.0032 0.0357 0.9994
vn -0.0051 -0.0470 0.9989
vn 0.0044 -0.9925 0.1225
vn -0.0033 -0.9993 0.0386
vn 0.0012 -0.1172 0.9931
vn -0.0023 -0.1205 0.9927
vn 0.0008 0.9989 -0.0464
vn -0.0030 0.9993 0.0377
vn 0.0044 0.9992 0.0409
vn 0.0037 0.1221 0.9925
vn 0.0042 0.0435 0.9990
vn 0.0013 0.9931 0.1172
vn -0.0022 0.9927 0.1205
vn -0.0037 0.9991 -0.0419
vn 0.0042 0.9991 0.0433
vn 0.0005 0.9988 0.0489
vn 0.0043 0.9925 -0.1225
vn -0.0048 0.9989 -0.0472
vn 0.0013 0.1172 -0.9931
vn -0.0022 0.1205 -0.9927
vn -0.0019 -0.0462 0.9989
vn 0.0008 0.0373 0.9993
vn 0.0039 -0.0432 0.9991
vn 0.0012 -0.9988 -0.0481
vn 0.0008 -0.9993 0.0373
vn 0.0039 -0.9991 -0.0432
vn -0.0031 0.0419 0.9991
vn 0.0069 0.1195 0.9928
vn 0.0053 -0.1177 0.9930
vn -0.0013 -0.1204 0.9927
vn -0.0022 -0.9989 0.0458
vn 0.0068 -0.9928 0.1195
vn -0.0019 0.0462 -0.9989
vn 0.0009 -0.0354 -0.9994
vn 0.0040 0.0432 -0.9991
vn 0.0053 -0.9930 -0.1177
vn -0.0012 -0.9927 -0.1205
vn -0.0039 -0.0407 -0.9992
vn 0.0066 -0.1193 -0.9928
vn 0.0053 0.1177 -0.9930
vn -0.0013 0.1204 -0.9927
vn 0.0069 0.9928 -0.1195
vn 0.0028 0.9989 -0.0461
vn 0.0044 -0.1225 -0.9925
vn -0.0028 -0.0388 -0.9992
vn 0.0049 0.9929 0.1185
vn -0.0019 0.9927 0.1210
vn 0.0012 -0.9930 -0.1182
vn -0.0024 -0.9927 -0.1204
vn 0.0070 -0.1880 0.9821
vn 0.0094 -0.1897 0.9818
vn 0.0143 -0.2460 0.9692
vn 0.0139 -0.2566 0.9664
vn -0.0123 0.1916 -0.9814
vn -0.0094 0.1832 -0.9830
vn -0.0060 0.2431 -0.9700
vn -0.0116 0.2586 -0.9659
vn 0.0084 0.1880 0.9821
vn -0.0004 0.1194 0.9928
vn 0.0144 0.2486 0.9685
vn 0.0124 0.1856 0.9826
vn -0.0079 -0.1966 -0.9804
vn -0.0015 -0.1232 -0.9924
vn -0.0041 -0.2469 -0.9690
vn -0.0083 -0.1834 -0.9830
vn 0.0070 0.9821 0.1880
vn 0.0094 0.9818 0.1898
vn 0.0143 0.9692 0.2460
vn 0.0139 0.9664 0.2566
vn -0.0123 -0.9814 -0.1916
vn -0.0094 -0.9830 -0.1832
vn -0.0086 -0.9702 -0.2421
vn -0.0122 -0.9658 -0.2591
vn 0.0084 0.9821 -0.1880
vn -0.0004 0.9928 -0.1194
vn 0.0143 0.9692 -0.2460
vn 0.0123 0.9826 -0.1856
vn -0.0124 -0.9815 0.1912
vn -0.0015 -0.9924 0.1232
vn -0.0040 -0.9690 0.2469
vn -0.0083 -0.9830 0.1834
vn 0.0070 0.1880 -0.9821
vn 0.0094 0.1897 -0.9818
vn 0.0143 0.2460 -0.9692
vn 0.0138 0.2568 -0.9664
vn -0.0123 -0.1916 0.9814
vn -0.0094 -0.1832 0.9830
vn -0.0060 -0.2431 0.9700
vn -0.0117 -0.2587 0.9659
vn 0.0081 -0.1883 -0.9821
vn 0.0123 -0.1863 -0.9824
vn 0.0143 -0.2485 -0.9685
vn -0.0067 0.1980 0.9802
vn -0.0022 0.1232 0.9924
vn -0.0040 0.2469 0.9690
vn -0.0077 0.1834 0.9830
vn 0.0070 -0.9821 -0.1880
vn 0.0094 -0.9818 -0.1897
vn 0.0143 -0.9692 -0.2460
vn 0.0138 -0.9664 -0.2567
vn -0.0123 0.9814 0.1916
vn -0.0094 0.9830 0.1833
vn -0.0060 0.9700 0.2431
vn -0.0115 0.9659 0.2587
vn -0.0124 0.9815 -0.1912
vn -0.0015 0.9924 -0.1232
vn -0.0060 0.9700 -0.2431
vn -0.0083 0.9830 -0.1834
vn 0.0084 -0.9821 0.1880
vn -0.0004 -0.9928 0.1194
vn 0.0143 -0.9685 0.2486
vn 0.0123 -0.9826 0.1856
vn 0.0165 0.0377 -0.9992
vn -0.0000 -0.1951 -0.9808
vn -0.0000 -0.0000 -1.0000
vn 0.0125 -0.2279 -0.9736
vn -0.0000 -0.3522 -0.9359
vn -0.0000 -0.5130 -0.8584
vn -0.0000 -0.5556 -0.8315
vn -0.0000 -0.4714 -0.8819
vn -0.0000 -0.5963 -0.8028
vn -0.0000 -0.7071 -0.7071
vn -0.0000 -0.7414 -0.6710
vn -0.0000 -0.8315 -0.5556
vn -0.0000 -0.8581 -0.5135
vn -0.0000 -0.8819 -0.4714
vn 0.0670 -0.9151 -0.3976
vn -0.0000 -0.9808 -0.1951
vn -0.0000 -0.9359 -0.3522
vn -0.0004 -1.0000 -0.0000
vn -0.0000 -1.0000 -0.0000
vn -0.0000 -0.9808 0.1951
vn 0.0126 -0.9736 0.2278
vn -0.0000 -0.9359 0.3522
vn -0.0000 -0.8584 0.5130
vn -0.0000 -0.8315 0.5556
vn -0.0000 -0.8819 0.4714
vn -0.0000 -0.6710 0.7415
vn -0.0000 -0.7071 0.7071
vn -0.0000 -0.5556 0.8315
vn -0.0000 -0.5135 0.8581
vn -0.0000 -0.4714 0.8819
vn 0.0670 -0.3976 0.9151
vn -0.0000 -0.1951 0.9808
vn -0.0000 -0.3522 0.9359
vn 0.0125 -0.1621 0.9867
vn -0.0000 -0.0000 1.0000
vn 0.0125 0.0335 0.9994
vn -0.0000 0.1951 0.9808
vn 0.0126 0.2278 0.9736
vn -0.0000 0.3522 0.9359
vn -0.0000 0.5130 0.8584
vn -0.0000 0.5556 0.8315
vn -0.0000 0.4714 0.8819
vn -0.0000 0.5963 0.8028
vn -0.0000 0.7071 0.7071
vn -0.0000 0.7414 0.6710
vn -0.0000 0.8315 0.5556
vn -0.0000 0.8581 0.5135
vn -0.0000 0.8819 0.4714
vn -0.0000 0.9359 0.3522
vn -0.0004 0.9808 0.1951
vn -0.0000 0.9808 0.1951
vn -0.0000 1.0000 -0.0000
vn 0.0126 0.9994 -0.0335
vn -0.0000 0.9808 -0.1951
vn 0.0125 0.9736 -0.2279
vn -0.0000 0.9359 -0.3522
vn -0.0000 0.8584 -0.5130
vn -0.0000 0.8315 -0.5556
vn -0.0000 0.8819 -0.4714
vn -0.0000 0.8028 -0.5963
vn -0.0000 0.7071 -0.7071
vn -0.0000 0.6710 -0.7414
vn -0.0000 0.5556 -0.8315
vn -0.0000 0.5135 -0.8581
vn -0.0000 0.4714 -0.8819
vn 0.3881 -0.1722 -0.9054
vn 0.0670 0.3976 -0.9151
vn -0.0000 0.1951 -0.9808
vn -0.0000 0.3522 -0.9359
vn 0.7526 -0.5112 -0.4150
vn 0.3097 0.1855 -0.9326
vn 0.9999 -0.0027 0.0135
vn 0.3072 -0.1895 -0.9326
vn 0.3019 -0.0002 -0.9534
vn 0.3073 -0.3678 -0.8777
vn 0.1005 -0.5106 -0.8539
vn 0.0167 -0.3519 -0.9359
vn 0.3072 -0.5255 -0.7934
vn 0.1005 -0.6674 -0.7379
vn 0.3072 -0.6702 -0.6756
vn 0.1005 -0.7984 -0.5936
vn 0.3072 -0.8807 -0.3606
vn 0.3057 -0.7894 -0.5324
vn 0.3072 -0.9341 -0.1819
vn 0.3072 -0.9516 0.0039
vn 0.1001 -0.9759 -0.1941
vn 0.3073 -0.9326 0.1895
vn 0.0164 -0.9359 0.3519
vn 0.3072 -0.7891 0.5319
vn 0.3057 -0.8812 0.3605
vn 0.3072 -0.6702 0.6756
vn 0.1005 -0.8539 0.5106
vn 0.3072 -0.5255 0.7934
vn 0.1005 -0.7379 0.6674
vn 0.3072 -0.3606 0.8807
vn 0.1005 -0.5935 0.7985
vn 0.3073 -0.1818 0.9341
vn 0.3073 0.0039 0.9516
vn 0.3072 0.1895 0.9326
vn 0.0167 0.3519 0.9359
vn 0.3073 0.3605 0.8807
vn 0.1005 0.5105 0.8540
vn 0.3072 0.6756 0.6702
vn 0.3057 0.5255 0.7940
vn 0.3072 0.7934 0.5255
vn 0.1005 0.6674 0.7379
vn 0.3072 0.8807 0.3606
vn 0.1005 0.7985 0.5935
vn 0.3072 0.9341 0.1818
vn 0.0670 0.9152 0.3975
vn 0.3073 0.9516 -0.0039
vn 0.3072 0.9341 -0.1819
vn 0.0167 0.9359 -0.3519
vn 0.3072 0.8807 -0.3606
vn 0.1005 0.8539 -0.5106
vn 0.3072 0.7934 -0.5255
vn 0.1005 0.7380 -0.6673
vn 0.3072 0.5255 -0.7934
vn 0.3057 0.6762 -0.6703
vn 0.3072 0.3606 -0.8807
vn 0.1005 0.5935 -0.7985
vn 0.0502 0.2440 -0.9685
vn 0.9622 0.2560 0.0934
vn 1.0000 -0.0001 -0.0006
vn 0.9532 -0.2435 0.1794
vn 1.0000 -0.0003 -0.0008
vn 0.9527 0.3000 -0.0494
vn 0.8603 -0.1856 0.4748
vn 0.9527 0.2846 -0.1069
vn 0.7487 -0.6614 -0.0443
vn 0.9519 0.2573 -0.1662
vn 0.7523 -0.6541 0.0783
vn 0.9524 0.2212 -0.2099
vn 0.7523 -0.6263 0.2044
vn 1.0000 0.0081 0.0016
vn 0.7581 -0.5741 0.3095
vn 0.9532 0.0726 0.2936
vn 1.0000 0.0054 -0.0000
vn 0.9527 0.0692 -0.2961
vn 0.8603 0.3676 0.3532
vn 0.9527 0.0101 -0.3039
vn 0.7523 -0.2984 0.5874
vn 0.9519 -0.0551 -0.3013
vn 0.7523 -0.1780 0.6343
vn 0.9524 -0.1093 -0.2847
vn 0.7523 -0.0509 0.6568
vn 1.0000 0.0030 -0.0045
vn 0.7581 0.0663 0.6488
vn 0.9529 -0.2062 -0.2226
vn 0.8603 0.4979 -0.1094
vn 0.9999 0.0027 -0.0135
vn 0.7557 0.3150 0.5742
vn 0.9524 -0.2786 -0.1240
vn 0.8603 0.4182 -0.2917
vn 1.0000 -0.0011 -0.0053
vn 0.7557 0.5108 0.4100
vn 0.9527 -0.3039 -0.0101
vn 0.8603 0.2747 -0.4295
vn 0.9527 -0.3000 0.0494
vn 0.7523 0.6343 0.1780
vn 0.9517 -0.2848 0.1146
vn 0.7523 0.6568 0.0509
vn 1.0000 -0.0045 -0.0030
vn 0.7581 0.6488 -0.0663
vn 0.9524 -0.2212 0.2099
vn 0.8619 -0.1119 -0.4946
vn 1.0000 0.0067 0.0013
vn 0.7521 0.5744 -0.3231
vn 0.9527 -0.0692 -0.2961
vn 1.0000 -0.0054 -0.0000
vn 0.9519 -0.0644 0.2995
vn 0.8603 -0.3676 -0.3532
vn 0.9527 -0.0101 0.3039
vn 0.7487 0.2940 -0.5941
vn 0.9527 0.0494 0.3000
vn 0.7523 0.1780 -0.6343
vn 0.9524 0.1093 0.2847
vn 0.7523 0.0509 -0.6568
vn 0.9999 -0.0076 0.0114
vn 0.7581 -0.0663 -0.6488
vn 0.9524 0.2099 0.2212
vn 0.8619 -0.4946 0.1119
vn 0.7581 -0.3095 -0.5741
vn 0.8603 -0.4182 0.2917
vn 0.3844 -0.0012 0.9232
vn 0.3918 0.3440 0.8533
vn 0.3929 0.1884 0.9001
vn 0.3918 0.5036 0.7700
vn 0.3918 0.6442 0.6569
vn 0.3918 0.7601 0.5184
vn 0.3918 0.8534 0.3438
vn 0.3918 0.9200 0.0089
vn 0.3929 0.9037 0.1704
vn 0.3918 0.9041 -0.1707
vn 0.3918 0.8534 -0.3438
vn 0.3918 0.7697 -0.5040
vn 0.3918 0.6442 -0.6569
vn 0.3918 0.5037 -0.7699
vn 0.3918 0.1882 -0.9006
vn 0.3929 0.3434 -0.8531
vn 0.3933 -0.0088 -0.9194
vn 0.3918 -0.3438 -0.8534
vn 0.3918 -0.5037 -0.7699
vn 0.3918 -0.6443 -0.6568
vn 0.3918 -0.8466 -0.3602
vn 0.3929 -0.7697 -0.5033
vn 0.3918 -0.9006 -0.1884
vn 0.3918 -0.9200 -0.0089
vn 0.3918 -0.9040 0.1709
vn 0.3918 -0.8466 0.3603
vn 0.3918 -0.7600 0.5186
vn 0.3918 -0.6444 0.6567
vn 0.3918 -0.3603 0.8466
vn 0.3929 -0.5032 0.7697
vn 0.3918 -0.1881 0.9006
vn -0.0000 -0.3827 -0.9239
vn -0.0000 0.9239 0.3827
vn -0.0000 -0.9239 -0.3827
vn -0.0000 0.9239 -0.3827
vn -0.0000 -0.9239 0.3827
vn -0.0000 0.3827 -0.9239
vn -0.0000 0.3827 0.9239
vn -0.0000 -0.3827 0.9239
vn 1.0000 -0.0000 -0.0000
vn 0.9989 0.0225 0.0421
vn 0.9989 -0.0369 0.0303
vn 0.9989 0.0421 -0.0225
vn 0.9989 0.0369 -0.0303
vn 0.9989 -0.0303 0.0369
vn 0.9989 0.0303 -0.0369
vn 0.9989 -0.0225 0.0421
vn 0.9989 0.0225 -0.0421
vn 0.9989 -0.0421 -0.0225
vn 0.9989 0.0303 0.0369
vn 0.9989 -0.0225 -0.0421
vn 0.9989 -0.0303 -0.0369
vn 0.9989 0.0369 0.0303
vn 0.9989 0.0421 0.0225
vn 0.9989 -0.0369 -0.0303
vn 0.9989 -0.0421 0.0225
vn -1.0000 -0.0000 -0.0000
vn -0.0477 0.8809 -0.4709
vn -0.0000 -0.4288 0.9034
vn -0.0000 -0.5129 -0.8584
vn -0.0477 -0.4709 -0.8809
vn -0.0000 0.9034 0.4288
vn -0.0477 -0.8809 0.4709
vn -0.0000 0.4288 -0.9034
vn -0.0477 0.4709 0.8809
vn -0.0000 -0.9034 -0.4288
vn 0.7339 -0.2957 -0.6116
vn 0.7104 -0.4310 -0.5565
vn 0.7104 -0.3492 -0.6111
vn 0.7104 -0.5312 -0.4617
vn 0.7104 -0.4617 -0.5312
vn 0.7104 -0.6112 -0.3491
vn 0.7104 -0.5566 -0.4308
vn 0.7063 -0.6004 -0.3750
vn 0.6787 -0.6342 -0.3702
vn 0.7339 -0.6116 0.2957
vn 0.7104 -0.5565 0.4310
vn 0.7104 -0.6111 0.3492
vn 0.7104 -0.4617 0.5312
vn 0.7104 -0.5312 0.4617
vn 0.7104 -0.3491 0.6112
vn 0.7104 -0.4308 0.5566
vn 0.7063 -0.3750 0.6004
vn 0.6787 -0.3702 0.6342
vn 0.7339 0.2957 0.6116
vn 0.7104 0.4310 0.5565
vn 0.7104 0.3492 0.6111
vn 0.7104 0.5312 0.4617
vn 0.7104 0.4617 0.5312
vn 0.7104 0.6112 0.3491
vn 0.7104 0.5566 0.4308
vn 0.7063 0.6004 0.3750
vn 0.6787 0.6342 0.3702
vn 0.7339 0.6116 -0.2957
vn 0.7104 0.5565 -0.4310
vn 0.7104 0.6111 -0.3492
vn 0.7104 0.4616 -0.5313
vn 0.7104 0.5311 -0.4618
vn 0.7104 0.4310 -0.5565
vn 0.7104 0.3492 -0.6111
vn 0.7063 0.3750 -0.6004
vn 0.6787 0.3702 -0.6342
vn -0.0000 0.2903 -0.9569
vn -0.0000 -0.9569 0.2903
vn -0.0000 -0.9569 -0.2903
vn -0.0000 0.2903 0.9569
vn -0.0000 -0.2903 0.9569
vn -0.0000 0.9569 -0.2903
vn -0.0000 0.9569 0.2903
vn -0.0000 -0.2903 -0.9569
vn -0.7071 0.3333 -0.6236
vn -0.7088 0.3919 -0.5865
vn -0.7088 0.4988 -0.4988
vn -0.7088 0.5865 -0.3919
vn -0.7071 0.6236 -0.3333
vn -0.7071 0.6236 0.3333
vn -0.7088 0.5865 0.3919
vn -0.7088 0.4988 0.4988
vn -0.7088 0.3919 0.5865
vn -0.7071 0.3333 0.6236
vn -0.7071 -0.3333 0.6236
vn -0.7088 -0.3919 0.5865
vn -0.7088 -0.4988 0.4988
vn -0.7088 -0.5865 0.3919
vn -0.7071 -0.6236 0.3333
vn -0.7071 -0.6236 -0.3333
vn -0.7088 -0.5865 -0.3919
vn -0.7088 -0.4988 -0.4988
vn -0.7088 -0.3919 -0.5865
vn -0.7071 -0.3333 -0.6236
vn -0.0477 0.2900 -0.9558
vn -0.0276 0.2527 -0.9672
vn -0.0477 -0.9558 0.2900
vn -0.0276 -0.9672 -0.2527
vn -0.0477 -0.9558 -0.2900
vn 0.0276 0.3272 0.9445
vn -0.0276 -0.2527 0.9672
vn -0.0477 -0.2900 0.9558
vn 0.0276 0.9445 -0.3272
vn -0.0276 0.9672 0.2527
vn -0.0477 0.9559 0.2899
vn 0.0276 -0.3272 -0.9445
vn 0.7071 0.3333 -0.6236
vn 0.7088 0.3919 -0.5865
vn 0.7088 0.4988 -0.4988
vn 0.7088 0.5865 -0.3919
vn 0.7071 0.6236 -0.3333
vn 0.7071 0.6236 0.3333
vn 0.7088 0.5865 0.3919
vn 0.7088 0.4988 0.4988
vn 0.7088 0.3919 0.5865
vn 0.7071 0.3333 0.6236
vn 0.7071 -0.3333 0.6236
vn 0.7088 -0.3919 0.5865
vn 0.7088 -0.4988 0.4988
vn 0.7088 -0.5865 0.3919
vn 0.7071 -0.6236 0.3333
vn 0.7071 -0.6236 -0.3333
vn 0.7088 -0.5865 -0.3919
vn 0.7088 -0.4988 -0.4988
vn 0.7088 -0.3919 -0.5865
vn 0.7071 -0.3333 -0.6236
vn 0.0965 -0.0000 -0.9953
vn 0.0965 0.1942 -0.9762
vn 0.0965 0.3809 -0.9196
vn 0.0965 0.5530 -0.8276
vn 0.0965 0.7038 -0.7038
vn 0.0965 0.8276 -0.5530
vn 0.0965 0.9196 -0.3809
vn 0.0965 0.9762 -0.1942
vn 0.0965 0.9953 -0.0000
vn 0.0965 0.9762 0.1942
vn 0.0965 0.9196 0.3809
vn 0.0965 0.8276 0.5530
vn 0.0965 0.7038 0.7038
vn 0.0965 0.5530 0.8276
vn 0.0965 0.3809 0.9196
vn 0.0965 0.1942 0.9762
vn 0.0965 -0.0000 0.9953
vn 0.0965 -0.1942 0.9762
vn 0.0965 -0.3809 0.9196
vn 0.0965 -0.5530 0.8276
vn 0.0965 -0.7038 0.7038
vn 0.0965 -0.8276 0.5530
vn 0.0965 -0.9196 0.3809
vn 0.0965 -0.9762 0.1942
vn 0.0965 -0.9953 -0.0000
vn 0.0965 -0.9762 -0.1942
vn 0.0965 -0.9196 -0.3809
vn 0.0965 -0.8276 -0.5530
vn 0.0965 -0.7038 -0.7038
vn 0.0965 -0.5530 -0.8276
vn 0.0965 -0.3809 -0.9196
vn 0.0965 -0.1942 -0.9762
vn -0.0000 -0.8639 -0.5037
vn -0.0071 -0.8637 -0.5040
vn -0.0000 -0.8660 -0.5000
vn -0.0503 0.6187 0.7840
vn -0.0000 0.8664 0.4993
vn -0.0000 0.8637 0.5039
vn -0.0503 0.9883 -0.1438
vn -0.0000 0.8656 -0.5007
vn -0.0000 0.8683 -0.4961
vn -0.0503 0.3697 -0.9278
vn -0.0000 -0.0008 -1.0000
vn -0.0000 0.0046 -1.0000
vn -0.0001 -0.0043 1.0000
vn -0.0071 -0.0046 1.0000
vn 0.9671 -0.0488 0.2495
vn 0.9670 -0.1928 -0.1663
vn 0.9671 0.2405 -0.0825
vn -0.0046 -0.8645 0.5025
vn 0.5312 -0.5872 0.6108
vn 0.6567 -0.3358 0.6753
vn -0.0037 -0.8672 0.4979
vn 0.5312 0.8225 0.2031
vn 0.4869 0.8650 -0.1214
vn 0.4869 0.3273 -0.8098
vn 0.5312 -0.2354 -0.8139
vn 0.6567 -0.4169 -0.6284
vn 0.4869 -0.5376 -0.6884
vn -0.0000 -0.8683 0.4961
vn -0.0000 -0.8656 0.5007
vn 0.4047 0.6315 -0.6614
vn 0.4097 -0.6450 0.6451
vn 0.4097 -0.0000 0.9122
vn 0.4096 0.6451 0.6451
vn 0.4099 0.9121 -0.0000
vn 0.3824 0.0416 -0.9231
vn 0.3824 -0.6232 -0.6822
vn 0.8790 -0.0000 -0.4768
vn 0.8794 -0.3367 -0.3367
vn 0.3330 -0.9427 -0.0220
vn 0.8786 -0.4776 -0.0000
vn 0.8794 -0.3367 0.3367
vn 0.8790 -0.0000 0.4768
vn 0.8793 0.3368 0.3367
vn 0.8786 0.4776 -0.0000
vn 0.8794 0.3367 -0.3367
vn -0.0000 -0.5001 -0.8660
vn -0.0046 -0.5012 -0.8653
vn -0.0000 -0.5077 -0.8615
vn -0.0524 0.1473 0.9877
vn -0.0000 0.5044 0.8635
vn -0.0000 0.5038 0.8638
vn -0.0499 0.9295 0.3655
vn -0.0000 1.0000 -0.0086
vn -0.0000 1.0000 0.0002
vn -0.0532 0.7819 -0.6212
vn -0.0000 0.4956 -0.8686
vn -0.0000 0.4962 -0.8682
vn -0.0001 -0.4999 0.8661
vn -0.0042 -0.4986 0.8668
vn -0.0000 -0.4923 0.8704
vn 0.9671 -0.1662 0.1925
vn 0.9671 -0.0836 -0.2401
vn 0.9669 0.2510 0.0450
vn -0.0071 -0.9999 0.0089
vn 0.5312 -0.8129 0.2389
vn 0.6563 -0.6267 0.4200
vn -0.0037 -1.0000 0.0020
vn 0.5312 0.6133 0.5845
vn 0.4870 0.8113 0.3235
vn 0.4858 0.6891 -0.5377
vn 0.5312 0.1995 -0.8234
vn 0.6567 -0.0501 -0.7525
vn 0.4869 -0.1252 -0.8644
vn -0.0000 -1.0000 0.0043
vn -0.0000 -1.0000 0.0051
vn 0.4047 0.8765 -0.2608
vn -0.0000 0.9648 -0.2630
vn -0.0000 -0.8682 -0.4962
vn 0.4097 -0.8801 0.2399
vn -0.0000 -0.9648 0.2630
vn 0.4097 -0.4527 0.7920
vn -0.0000 -0.4962 0.8682
vn 0.4097 0.2399 0.8801
vn -0.0000 0.2630 0.9648
vn 0.4099 0.7919 0.4526
vn -0.0000 0.8682 0.4962
vn 0.3824 0.4942 -0.7807
vn -0.0000 -0.2630 -0.9648
vn 0.3824 -0.2025 -0.9015
vn 0.8790 0.2366 -0.4140
vn 0.8794 -0.1252 -0.4594
vn 0.3331 -0.8075 -0.4868
vn 0.8787 -0.4145 -0.2369
vn 0.8795 -0.4592 0.1252
vn 0.8790 -0.2366 0.4140
vn 0.8794 0.1252 0.4594
vn 0.8787 0.4145 0.2369
vn 0.8794 0.4594 -0.1252
vn -0.0000 0.0038 -1.0000
vn -0.0071 0.0076 -0.9999
vn -0.0000 0.0030 -1.0000
vn -0.0503 -0.3725 0.9267
vn -0.0000 -0.0023 1.0000
vn -0.0000 -0.0076 1.0000
vn -0.0503 0.6163 0.7859
vn -0.0000 0.8649 0.5020
vn -0.0000 0.8622 0.5066
vn -0.0503 0.9888 -0.1408
vn -0.0000 0.8654 -0.5011
vn -0.0000 0.8698 -0.4934
vn -0.0001 -0.8697 0.4937
vn -0.0071 -0.8698 0.4934
vn -0.0000 -0.8675 0.4974
vn 0.9671 -0.2407 0.0818
vn 0.9670 0.0484 -0.2500
vn 0.9671 0.1912 0.1676
vn -0.0046 -0.8660 -0.5001
vn 0.5312 -0.8219 -0.2056
vn 0.6567 -0.7528 0.0446
vn -0.0037 -0.8633 -0.5047
vn 0.5312 0.2329 0.8146
vn 0.4869 0.5355 0.6900
vn 0.4869 0.8653 -0.1188
vn 0.5312 0.5890 -0.6090
vn 0.6592 0.3387 -0.6714
vn 0.4859 0.3334 -0.8079
vn -0.0000 -0.8622 -0.5066
vn -0.0000 -0.8649 -0.5020
vn 0.4047 0.8879 0.2189
vn -0.0000 0.8675 -0.4974
vn -0.0000 0.9651 0.2617
vn 0.4046 -0.4730 -0.7827
vn -0.0000 -0.9651 -0.2618
vn -0.0000 -0.4974 -0.8675
vn 0.4097 -0.7914 0.4537
vn 0.4099 -0.2387 0.8803
vn -0.0000 -0.2618 0.9651
vn -0.0000 0.4974 0.8675
vn 0.3824 0.4229 0.8215
vn 0.3824 0.8215 -0.4230
vn -0.0000 0.2617 -0.9651
vn 0.3824 0.2819 -0.8799
vn 0.8790 0.4136 -0.2371
vn 0.8795 0.1246 -0.4594
vn 0.8787 -0.2374 -0.4141
vn 0.3537 -0.9126 -0.2051
vn 0.8794 -0.4595 -0.1246
vn 0.8790 -0.4137 0.2372
vn 0.8795 -0.1246 0.4594
vn 0.8787 0.2375 0.4142
vn 0.8794 0.4595 0.1246
vn 0.0001 0.5026 -0.8645
vn -0.0046 0.5015 -0.8651
vn -0.0000 0.4950 -0.8689
vn -0.0499 -0.7832 0.6198
vn -0.0000 -0.4982 0.8670
vn -0.0000 -0.5029 0.8644
vn -0.0499 0.1451 0.9882
vn -0.0000 0.5018 0.8650
vn 0.0001 0.4971 0.8677
vn -0.0499 0.9283 0.3684
vn -0.0000 1.0000 -0.0020
vn -0.0000 1.0000 0.0033
vn -0.0001 -1.0000 -0.0030
vn -0.0071 -1.0000 -0.0034
vn -0.0000 -1.0000 0.0012
vn 0.9670 -0.2502 -0.0473
vn 0.9670 0.1660 -0.1930
vn 0.9670 0.0841 0.2403
vn -0.0037 -0.5031 -0.8642
vn 0.5312 -0.6115 -0.5864
vn 0.6567 -0.6757 -0.3349
vn -0.0071 -0.4971 -0.8677
vn 0.5312 -0.2021 0.8228
vn 0.4870 0.1228 0.8647
vn 0.4870 0.8103 0.3260
vn 0.5312 0.8136 -0.2364
vn 0.6567 0.6279 -0.4177
vn 0.4870 0.6875 -0.5387
vn -0.0000 -0.5004 -0.8658
vn -0.0000 -0.5011 -0.8654
vn 0.4047 0.6622 0.6307
vn -0.0000 1.0000 -0.0013
vn -0.0000 0.7080 0.7062
vn -0.0000 -0.0012 -1.0000
vn 0.4097 -0.6459 -0.6442
vn -0.0000 -0.7080 -0.7062
vn 0.4097 -0.9122 0.0011
vn 0.4099 -0.6442 0.6458
vn -0.0000 -0.7062 0.7080
vn -0.0000 0.0013 1.0000
vn 0.3824 -0.0405 0.9231
vn 0.3824 0.9231 0.0405
vn -0.0000 0.7062 -0.7080
vn 0.3623 -0.0450 -0.9310
vn 0.3536 0.6309 -0.6906
vn 0.8790 0.4768 -0.0006
vn 0.8795 0.3362 -0.3370
vn 0.8787 -0.0006 -0.4774
vn 0.8794 -0.3371 -0.3363
vn 0.8790 -0.4768 0.0006
vn 0.8794 -0.3363 0.3371
vn 0.8787 0.0006 0.4773
vn 0.8794 0.3371 0.3363
vn -0.0000 0.8653 -0.5012
vn -0.0064 0.8653 -0.5013
vn -0.0000 0.8632 -0.5049
vn -0.0503 -0.9875 0.1493
vn -0.0000 -0.8610 0.5085
vn 0.0001 -0.8655 0.5009
vn -0.0524 -0.3651 0.9295
vn -0.0000 0.0064 1.0000
vn -0.0000 0.0056 1.0000
vn -0.0499 0.6232 0.7805
vn -0.0000 0.8692 0.4944
vn -0.0000 0.8666 0.4991
vn -0.0001 -0.8667 -0.4988
vn -0.0064 -0.8667 -0.4987
vn -0.0000 -0.8688 -0.4951
vn 0.9670 -0.1937 -0.1652
vn 0.9670 0.2399 -0.0852
vn 0.9670 -0.0462 0.2504
vn -0.0046 -0.0086 -1.0000
vn 0.5312 -0.2399 -0.8126
vn 0.6563 -0.4208 -0.6262
vn -0.0037 -0.0032 -1.0000
vn 0.5312 -0.5837 0.6141
vn 0.4859 -0.3264 0.8108
vn 0.4870 0.5417 0.6851
vn 0.5312 0.8237 0.1985
vn 0.6563 0.7527 -0.0514
vn 0.4870 0.8642 -0.1266
vn 0.0001 -0.0011 -1.0000
vn -0.0000 -0.0064 -1.0000
vn 0.4047 0.2619 0.8761
vn -0.0000 0.8688 0.4951
vn -0.0000 0.2642 0.9645
vn -0.0000 0.4951 -0.8688
vn 0.4097 -0.2411 -0.8798
vn -0.0000 -0.2642 -0.9645
vn 0.4099 -0.7925 -0.4516
vn -0.0000 -0.9645 0.2642
vn 0.3824 -0.9013 0.2037
vn -0.0000 -0.4951 0.8688
vn 0.3824 -0.4932 0.7814
vn 0.3824 0.7813 0.4933
vn -0.0000 0.9645 -0.2643
vn 0.3824 0.9013 -0.2037
vn 0.8794 0.4592 -0.1258
vn 0.8787 0.2363 -0.4147
vn 0.3297 0.4787 -0.8137
vn 0.8795 -0.1258 -0.4591
vn 0.8790 -0.4143 -0.2361
vn 0.8794 -0.4592 0.1258
vn 0.8787 -0.2363 0.4147
vn 0.8794 0.1258 0.4592
vn 0.9050 0.3475 0.2455
vn -0.0000 1.0000 0.0060
vn -0.0071 1.0000 0.0063
vn -0.0000 1.0000 0.0017
vn -0.0499 -0.9272 -0.3711
vn -0.0000 -1.0000 -0.0009
vn -0.0000 -1.0000 -0.0063
vn -0.0499 -0.7850 0.6174
vn -0.0000 -0.5008 0.8656
vn -0.0000 -0.5054 0.8629
vn -0.0503 0.1421 0.9886
vn -0.0000 0.4992 0.8665
vn 0.0001 0.4946 0.8691
vn -0.0001 -0.4948 -0.8690
vn -0.0071 -0.4945 -0.8692
vn -0.0000 -0.4985 -0.8669
vn 0.9670 -0.0834 -0.2405
vn 0.9671 0.2495 0.0492
vn 0.9670 -0.1666 0.1925
vn -0.0042 0.4992 -0.8665
vn 0.5312 0.2045 -0.8222
vn 0.6567 -0.0455 -0.7528
vn -0.0039 0.5037 -0.8639
vn 0.5312 -0.8143 0.2340
vn 0.4870 -0.6891 0.5367
vn 0.4870 0.1202 0.8651
vn 0.5312 0.6098 0.5882
vn 0.6567 0.6747 0.3369
vn 0.4869 0.8092 0.3287
vn -0.0000 0.5054 -0.8629
vn -0.0000 0.5008 -0.8656
vn 0.4046 -0.2178 0.8882
vn -0.0000 0.4985 0.8669
vn -0.0000 -0.2605 0.9655
vn -0.0000 0.8669 -0.4985
vn 0.4096 0.2376 -0.8808
vn -0.0000 0.2605 -0.9655
vn 0.4097 -0.4548 -0.7908
vn 0.4099 -0.8806 -0.2376
vn -0.0000 -0.9655 -0.2605
vn -0.0000 -0.8669 0.4985
vn 0.3824 -0.8210 0.4240
vn 0.3824 0.4240 0.8210
vn -0.0000 0.9655 0.2605
vn 0.3824 0.8803 0.2807
vn 0.8794 0.4597 0.1240
vn 0.8787 0.4139 -0.2380
vn 0.3295 0.8249 -0.4592
vn 0.8793 0.1241 -0.4598
vn 0.8790 -0.2377 -0.4134
vn 0.8794 -0.4597 -0.1240
vn 0.8787 -0.4139 0.2380
vn 0.8793 -0.1241 0.4598
vn 0.9050 0.1753 0.3877
vn -0.0000 0.8652 0.5015
vn -0.0071 0.8650 0.5018
vn -0.0000 0.8673 0.4978
vn -0.0499 -0.6208 -0.7824
vn -0.0000 -0.8677 -0.4971
vn -0.0000 -0.8650 -0.5017
vn -0.0499 -0.9880 0.1464
vn -0.0000 -0.8644 0.5029
vn -0.0000 -0.8670 0.4983
vn -0.0503 -0.3673 0.9287
vn -0.0000 0.0033 1.0000
vn -0.0000 -0.0020 1.0000
vn -0.0002 0.0017 -1.0000
vn -0.0064 0.0016 -1.0000
vn -0.0000 -0.0026 -1.0000
vn 0.9670 0.0470 -0.2502
vn 0.9671 0.1922 0.1665
vn 0.9669 -0.2400 0.0862
vn -0.0042 0.8634 -0.5045
vn 0.5312 0.5856 -0.6123
vn 0.6563 0.3339 -0.6765
vn -0.0039 0.8660 -0.5000
vn 0.5312 -0.8231 -0.2010
vn 0.4870 -0.8646 0.1239
vn 0.4870 -0.3250 0.8107
vn 0.5312 0.2375 0.8133
vn 0.6567 0.4185 0.6274
vn 0.4869 0.5394 0.6870
vn -0.0000 0.8670 -0.4983
vn -0.0000 0.8643 -0.5029
vn 0.4046 -0.6299 0.6630
vn -0.0000 0.0026 1.0000
vn -0.0000 -0.7053 0.7089
vn -0.0000 1.0000 -0.0026
vn 0.4097 0.6434 -0.6467
vn -0.0000 0.7053 -0.7089
vn 0.4097 -0.0023 -0.9122
vn 0.4099 -0.6466 -0.6433
vn -0.0000 -0.7089 -0.7053
vn -0.0000 -1.0000 0.0026
vn 0.3824 -0.9231 -0.0394
vn 0.3824 -0.0394 0.9231
vn -0.0000 0.7089 0.7053
vn 0.3824 0.6250 0.6806
vn 0.8794 0.3376 0.3358
vn 0.8787 0.4774 -0.0012
vn 0.3295 0.9441 0.0107
vn 0.8794 0.3358 -0.3376
vn 0.8790 -0.0012 -0.4768
vn 0.8793 -0.3376 -0.3359
vn 0.8786 -0.4776 0.0012
vn 0.8793 -0.3359 0.3376
vn 0.9050 -0.0402 0.4236
vn -0.0000 0.5023 0.8647
vn -0.0071 0.5020 0.8649
vn -0.0000 0.5060 0.8626
vn -0.0499 -0.1507 -0.9873
vn -0.0000 -0.5066 -0.8622
vn -0.0000 -0.5020 -0.8649
vn -0.0499 -0.9304 -0.3631
vn -0.0000 -1.0000 0.0077
vn -0.0000 -1.0000 0.0023
vn -0.0503 -0.7798 0.6241
vn -0.0000 -0.4933 0.8698
vn -0.0000 -0.4980 0.8672
vn -0.0002 0.4977 -0.8673
vn -0.0071 0.4980 -0.8671
vn -0.0000 0.4940 -0.8695
vn 0.9670 0.1649 -0.1939
vn 0.9671 0.0842 0.2399
vn 0.9670 -0.2504 -0.0459
vn -0.0042 0.9999 -0.0096
vn 0.5312 0.8122 -0.2410
vn 0.6567 0.6255 -0.4212
vn -0.0039 1.0000 -0.0043
vn 0.5312 -0.6148 -0.5829
vn 0.4870 -0.8121 -0.3214
vn 0.4870 -0.6844 0.5426
vn 0.5312 -0.1974 0.8239
vn 0.6567 0.0520 0.7524
vn 0.4869 0.1274 0.8641
vn -0.0000 1.0000 -0.0023
vn -0.0000 1.0000 -0.0077
vn 0.4047 -0.8758 0.2631
vn -0.0000 -0.4940 0.8695
vn -0.0000 -0.9641 0.2655
vn 0.4047 0.8053 0.4332
vn -0.0000 0.9641 -0.2655
vn -0.0000 0.8695 0.4940
vn 0.4099 0.4506 -0.7930
vn -0.0000 -0.2655 -0.9641
vn 0.4099 -0.7930 -0.4506
vn -0.0000 -0.8695 -0.4940
vn 0.3824 -0.4922 0.7820
vn -0.0000 0.2655 0.9641
vn 0.3824 0.2049 0.9010
vn 0.8790 -0.2356 0.4146
vn 0.8794 0.1264 0.4591
vn 0.8786 0.4152 0.2359
vn 0.8794 0.4591 -0.1264
vn 0.3623 0.8861 -0.2890
vn 0.8790 0.2356 -0.4146
vn 0.8793 -0.1264 -0.4592
vn 0.3624 -0.2888 -0.8862
vn 0.8787 -0.4151 -0.2359
vn 0.8794 -0.4591 0.1264
vn -0.0499 -0.3699 0.9277
vn -0.0000 0.0039 1.0000
vn 0.0001 -0.0050 1.0000
vn -0.0503 0.3701 -0.9276
vn -0.0000 -0.0004 -1.0000
vn -0.0000 0.0050 -1.0000
vn -0.0503 -0.6183 -0.7843
vn -0.0000 -0.8679 -0.4967
vn -0.0000 -0.8635 -0.5043
vn -0.0532 -0.9884 0.1423
vn -0.0000 -0.8658 0.5003
vn -0.0000 -0.8662 0.4996
vn -0.0001 0.8684 -0.4959
vn -0.0071 0.8685 -0.4956
vn -0.0000 0.8662 -0.4996
vn 0.9671 0.2405 -0.0824
vn 0.9670 -0.0477 0.2501
vn 0.9671 -0.1917 -0.1671
vn -0.0071 0.8681 0.4964
vn 0.4858 0.5344 0.6917
vn 0.5312 0.8225 0.2035
vn 0.6567 0.7527 -0.0465
vn -0.0037 0.8646 0.5024
vn 0.5312 -0.2350 -0.8140
vn 0.4869 -0.5374 -0.6886
vn 0.4859 -0.8661 0.1175
vn 0.5312 -0.5874 0.6106
vn 0.4869 -0.3277 0.8097
vn -0.0000 0.8658 0.5004
vn -0.0000 0.8662 0.4997
vn 0.4047 -0.8884 -0.2166
vn -0.0000 -0.9658 -0.2592
vn 0.4047 0.4751 0.7813
vn -0.0000 0.9658 0.2592
vn -0.0000 0.4996 0.8662
vn 0.4097 0.7902 -0.4558
vn 0.4097 0.2365 -0.8811
vn -0.0000 0.2592 -0.9658
vn 0.4099 -0.4557 -0.7901
vn -0.0000 -0.4996 -0.8662
vn 0.3824 -0.8204 0.4251
vn -0.0000 -0.2592 0.9658
vn 0.3824 -0.2795 0.8807
vn 0.8790 -0.4131 0.2382
vn 0.8794 -0.1234 0.4599
vn 0.8786 0.2386 0.4137
vn 0.8793 0.4600 0.1235
vn 0.3624 0.9104 0.1996
vn 0.8790 0.4131 -0.2383
vn 0.8794 0.1234 -0.4599
vn 0.8787 -0.2385 -0.4135
vn 0.8794 -0.4599 -0.1234
vn -0.0000 -0.5003 0.8658
vn -0.0046 -0.4992 0.8665
vn -0.0000 -0.4927 0.8702
vn -0.0499 0.7816 -0.6218
vn -0.0000 0.4960 -0.8683
vn -0.0000 0.5006 -0.8657
vn -0.0503 -0.1476 -0.9878
vn -0.0000 -0.5040 -0.8637
vn -0.0000 -0.4994 -0.8664
vn -0.0499 -0.9293 -0.3660
vn -0.0000 -1.0000 0.0046
vn 0.0001 -1.0000 -0.0007
vn -0.0001 1.0000 0.0004
vn -0.0071 1.0000 0.0007
vn -0.0000 1.0000 -0.0039
vn 0.9670 0.2503 0.0466
vn 0.9669 -0.1645 0.1948
vn 0.9670 -0.0848 -0.2401
vn -0.0065 0.5069 0.8620
vn 0.5312 0.6131 0.5848
vn 0.6567 0.6766 0.3332
vn -0.0039 0.5011 0.8654
vn 0.5312 0.1999 -0.8233
vn 0.4870 -0.1251 -0.8644
vn 0.4869 -0.8111 -0.3242
vn 0.5312 -0.8130 0.2385
vn 0.6567 -0.6268 0.4193
vn 0.4870 -0.6861 0.5405
vn -0.0000 0.5033 0.8641
vn -0.0000 0.5040 0.8637
vn 0.4047 -0.6638 -0.6290
vn -0.0000 -1.0000 0.0039
vn -0.0000 -0.7098 -0.7044
vn 0.4097 0.6475 0.6425
vn -0.0000 0.7098 0.7044
vn 0.4097 0.9122 -0.0035
vn 0.4096 0.6426 -0.6476
vn -0.0000 0.7044 -0.7098
vn 0.4099 -0.0035 -0.9121
vn -0.0000 -0.0039 -1.0000
vn 0.3824 -0.9232 -0.0382
vn -0.0000 -0.7044 0.7098
vn 0.3824 -0.6797 0.6259
vn 0.8793 -0.3355 0.3381
vn 0.3331 -0.0183 0.9427
vn 0.8787 0.0018 0.4774
vn 0.8795 0.3379 0.3353
vn 0.8790 0.4768 -0.0018
vn 0.8793 0.3355 -0.3381
vn 0.8787 -0.0018 -0.4774
vn 0.8794 -0.3380 -0.3354
vn 0.9050 -0.4236 -0.0396
vn 0.0001 -0.8623 0.5064
vn -0.0071 -0.8642 0.5031
vn -0.0000 -0.8619 0.5071
vn -0.0499 0.9871 -0.1520
vn -0.0000 0.8615 -0.5077
vn -0.0000 0.8642 -0.5031
vn -0.0499 0.3619 -0.9309
vn -0.0000 -0.0090 -1.0000
vn -0.0000 -0.0036 -1.0000
vn -0.0499 -0.6252 -0.7789
vn -0.0000 -0.8722 -0.4892
vn -0.0000 -0.8678 -0.4969
vn -0.0001 0.8680 0.4966
vn -0.0064 0.8680 0.4965
vn -0.0000 0.8701 0.4929
vn 0.9670 0.1942 0.1647
vn 0.9670 -0.2397 0.0858
vn 0.9669 0.0440 -0.2512
vn -0.0042 0.0109 0.9999
vn 0.5312 0.2420 0.8119
vn 0.6563 0.4225 0.6251
vn -0.0039 0.0056 1.0000
vn 0.5312 0.5821 -0.6156
vn 0.4870 0.3204 -0.8125
vn 0.4870 -0.5435 -0.6837
vn 0.5312 -0.8242 -0.1964
vn 0.6592 -0.7503 0.0509
vn 0.4858 -0.8652 0.1244
vn -0.0000 0.0036 1.0000
vn -0.0000 0.0090 1.0000
vn 0.4047 -0.2642 -0.8755
vn -0.0000 -0.8701 -0.4929
vn -0.0000 -0.2667 -0.9638
vn -0.0000 -0.4929 0.8701
vn 0.4097 0.2433 0.8792
vn -0.0000 0.2667 0.9638
vn 0.4096 0.7938 0.4496
vn 0.4097 0.8792 -0.2433
vn -0.0000 0.9638 -0.2667
vn 0.4099 0.4496 -0.7936
vn -0.0000 0.4929 -0.8701
vn 0.3824 -0.7826 -0.4912
vn -0.0000 -0.9638 0.2667
vn 0.3623 -0.4209 0.8316
vn 0.3536 -0.8897 0.2888
vn 0.8790 -0.4149 -0.2350
vn 0.8795 -0.4587 0.1270
vn 0.8787 -0.2353 0.4153
vn 0.8795 0.1270 0.4587
vn 0.8790 0.4149 0.2350
vn 0.8794 0.4589 -0.1270
vn 0.8787 0.2353 -0.4154
vn 0.8794 -0.1270 -0.4589
vn -0.0000 -1.0000 0.0001
vn -0.0071 -1.0000 -0.0037
vn -0.0000 -1.0000 0.0009
vn -0.0503 0.9281 0.3688
vn -0.0000 1.0000 -0.0017
vn 0.0001 1.0000 0.0037
vn -0.0000 0.5029 -0.8643
vn -0.0064 0.5028 -0.8644
vn -0.0000 0.4992 -0.8665
vn -0.0503 -0.1446 -0.9882
vn -0.0000 -0.5045 -0.8634
vn -0.0000 -0.4968 -0.8678
vn -0.0532 0.1436 0.9882
vn -0.0000 0.5015 0.8652
vn -0.0001 0.5008 0.8656
vn 0.9671 0.0828 0.2404
vn 0.9670 -0.2501 -0.0474
vn 0.9670 0.1661 -0.1929
vn -0.0046 -0.4967 0.8679
vn 0.5312 -0.2024 0.8227
vn -0.0005 -0.4995 0.8663
vn 0.4869 0.8101 0.3266
vn 0.5312 0.8137 -0.2361
vn 0.6563 0.6282 -0.4179
vn 0.4869 0.6879 -0.5383
vn 0.5312 -0.6113 -0.5866
vn 0.6591 -0.6728 -0.3360
vn 0.4859 -0.8092 -0.3302
vn -0.0000 -0.5032 0.8642
vn -0.0000 -0.4955 0.8686
vn 0.4047 0.2154 -0.8887
vn -0.0000 -0.5008 -0.8656
vn -0.0000 0.2579 -0.9662
vn 0.4047 -0.7807 0.4761
vn -0.0000 -0.2580 0.9662
vn -0.0000 -0.8656 0.5008
vn 0.4097 0.4568 0.7896
vn -0.0000 0.5008 0.8656
vn 0.4097 0.8814 0.2353
vn -0.0000 0.9662 0.2580
vn 0.4099 0.7895 -0.4568
vn -0.0000 0.8656 -0.5008
vn 0.3824 -0.4262 -0.8198
vn -0.0000 -0.9662 -0.2579
vn 0.3824 -0.8811 -0.2784
vn 0.8790 -0.2388 -0.4127
vn 0.8794 -0.4600 -0.1228
vn 0.8786 -0.4134 0.2392
vn 0.8794 -0.1228 0.4600
vn 0.3623 -0.1982 0.9107
vn 0.8790 0.2388 0.4127
vn 0.8794 0.4600 0.1228
vn 0.8787 0.4132 -0.2390
vn 0.8794 0.1228 -0.4600
vn -0.0000 -0.9981 -0.0620
vn -0.0000 -0.9979 -0.0641
vn -0.0000 0.9997 0.0231
vn -0.0000 0.9962 0.0868
vn -0.0000 0.9980 -0.0635
vn -0.0000 0.9993 -0.0362
vn -0.0000 -0.9996 -0.0280
vn -0.0000 0.0488 0.9988
vn -0.0000 0.1461 0.9893
vn -0.0000 -0.0488 0.9988
vn -0.0000 -0.1461 0.9893
vn -0.0000 0.1942 0.9810
vn -0.0000 0.1460 0.9893
vn -0.0000 -0.2627 0.9649
vn -0.0000 0.2627 0.9649
vn -0.0000 0.2627 -0.9649
vn -0.0000 -0.2627 -0.9649
vn -0.0000 0.9642 0.2650
vn -0.0000 0.9642 -0.2650
vn -0.0000 -0.9642 -0.2650
vn -0.0000 -0.9642 0.2650
vn -0.0000 -0.1942 0.9810
vn -0.0000 -0.9994 0.0360
vn -0.0014 -0.1198 -0.9928
vn 0.0140 0.2569 0.9663
vn -0.0116 -0.2588 -0.9659
vn 0.0141 0.9664 -0.2568
vn -0.0125 -0.9658 0.2590
vn 0.0141 -0.2568 -0.9664
vn -0.0122 0.2589 0.9658
vn -0.0122 0.9658 -0.2590
vn 0.0140 -0.9663 0.2569
vn -0.0477 -0.8809 -0.4709
vn -0.0000 -0.8028 0.5962
vn -0.0477 -0.4709 0.8809
vn -0.0477 0.8809 0.4709
vn -0.0477 0.4709 -0.8809
vn 0.7063 -0.3750 -0.6004
vn 0.7063 -0.6004 0.3750
vn 0.7063 0.3750 0.6004
vn 0.7063 0.6004 -0.3750
vn 0.0276 -0.9445 0.3272
vn -0.0477 0.2900 0.9559
vn -0.0477 0.9558 -0.2900
vn -0.0477 -0.2900 -0.9559
vt 0.130610 0.080195
vt 0.128391 0.068965
vt 0.128391 0.080195
vt 0.132829 0.246862
vt 0.135047 0.235632
vt 0.135047 0.246862
vt 0.126727 0.080195
vt 0.127282 0.066512
vt 0.102322 0.066512
vt 0.101213 0.080195
vt 0.102877 0.080195
vt 0.136711 0.080195
vt 0.137821 0.066512
vt 0.136157 0.066512
vt 0.099549 0.068965
vt 0.099549 0.080195
vt 0.097330 0.080195
vt 0.095111 0.068965
vt 0.095111 0.080195
vt 0.097330 0.246862
vt 0.095111 0.235632
vt 0.097330 0.235632
vt 0.092893 0.246862
vt 0.095111 0.246862
vt 0.099549 0.246862
vt 0.099549 0.235632
vt 0.092893 0.235632
vt 0.091229 0.246862
vt 0.091783 0.233179
vt 0.055730 0.246862
vt 0.054621 0.233179
vt 0.056285 0.233179
vt 0.068487 0.233179
vt 0.067378 0.246862
vt 0.066823 0.233179
vt 0.054066 0.246862
vt 0.052957 0.233179
vt 0.162226 0.080195
vt 0.161117 0.066512
vt 0.160562 0.080195
vt 0.065714 0.246862
vt 0.064050 0.235632
vt 0.065159 0.233179
vt 0.059613 0.246862
vt 0.061831 0.235632
vt 0.061831 0.246862
vt 0.057394 0.246862
vt 0.059613 0.235632
vt 0.061831 0.068965
vt 0.059613 0.080195
vt 0.061831 0.080195
vt 0.057394 0.235632
vt 0.126727 0.246862
vt 0.125618 0.233179
vt 0.127282 0.233179
vt 0.174983 0.233179
vt 0.173874 0.246862
vt 0.173319 0.233179
vt 0.160562 0.246862
vt 0.159453 0.233179
vt 0.161117 0.233179
vt 0.172210 0.080195
vt 0.173319 0.066512
vt 0.171655 0.066512
vt 0.172210 0.246862
vt 0.170546 0.235632
vt 0.171655 0.233179
vt 0.166109 0.246862
vt 0.168327 0.235632
vt 0.168327 0.246862
vt 0.163890 0.246862
vt 0.166109 0.235632
vt 0.170477 0.235503
vt 0.168327 0.235503
vt 0.163890 0.235632
vt 0.162226 0.246862
vt 0.162781 0.233179
vt 0.125618 0.066512
vt 0.125063 0.080195
vt 0.139485 0.233179
vt 0.138375 0.246862
vt 0.137821 0.233179
vt 0.125063 0.246862
vt 0.123954 0.233179
vt 0.136711 0.246862
vt 0.136157 0.233179
vt 0.130610 0.246862
vt 0.132829 0.235632
vt 0.128391 0.246862
vt 0.130610 0.235632
vt 0.134978 0.235503
vt 0.132829 0.235503
vt 0.128391 0.235632
vt 0.091229 0.080195
vt 0.090119 0.066512
vt 0.089565 0.080195
vt 0.103986 0.233179
vt 0.102877 0.246862
vt 0.102322 0.233179
vt 0.101213 0.246862
vt 0.100658 0.233179
vt 0.092893 0.080195
vt 0.089565 0.246862
vt 0.088455 0.233179
vt 0.090119 0.233179
vt 0.132829 0.068965
vt 0.132829 0.080195
vt 0.135047 0.068965
vt 0.135047 0.080195
vt 0.163890 0.068965
vt 0.162781 0.066512
vt 0.170546 0.246862
vt 0.166109 0.068965
vt 0.163890 0.080195
vt 0.166109 0.080195
vt 0.168327 0.068965
vt 0.168327 0.080195
vt 0.170546 0.068965
vt 0.170546 0.080195
vt 0.055730 0.080195
vt 0.057394 0.068965
vt 0.056285 0.066512
vt 0.064050 0.246862
vt 0.064050 0.068965
vt 0.064050 0.080195
vt 0.063981 0.235503
vt 0.061831 0.235503
vt 0.065714 0.080195
vt 0.054621 0.066512
vt 0.054066 0.080195
vt 0.092893 0.068965
vt 0.091783 0.066512
vt 0.095111 0.235503
vt 0.052957 0.066512
vt 0.052957 0.078905
vt 0.173874 0.080195
vt 0.174983 0.066512
vt 0.159453 0.066512
vt 0.159453 0.078905
vt 0.138375 0.080195
vt 0.139485 0.066512
vt 0.123954 0.066512
vt 0.123954 0.078905
vt 0.103986 0.066512
vt 0.067378 0.080195
vt 0.068487 0.066512
vt 0.066823 0.066512
vt 0.088455 0.066512
vt 0.088455 0.078905
vt 0.095111 0.246991
vt 0.097330 0.246991
vt 0.099479 0.235503
vt 0.097330 0.235503
vt 0.092893 0.246991
vt 0.099549 0.246991
vt 0.092962 0.235503
vt 0.091853 0.233050
vt 0.090119 0.233050
vt 0.088345 0.233050
vt 0.066823 0.233050
vt 0.065090 0.233050
vt 0.064050 0.246991
vt 0.065714 0.246991
vt 0.059613 0.235503
vt 0.059613 0.246991
vt 0.061831 0.246991
vt 0.057463 0.068836
vt 0.059613 0.068965
vt 0.059613 0.068836
vt 0.057394 0.246991
vt 0.063981 0.068836
vt 0.057463 0.235503
vt 0.056354 0.233050
vt 0.054621 0.233050
vt 0.055730 0.246991
vt 0.052846 0.233050
vt 0.173319 0.233050
vt 0.172210 0.246991
vt 0.173922 0.246991
vt 0.171586 0.233050
vt 0.170546 0.246991
vt 0.163959 0.235503
vt 0.166109 0.235503
vt 0.166109 0.246991
vt 0.168327 0.246991
vt 0.170477 0.068836
vt 0.163890 0.246991
vt 0.170546 0.080325
vt 0.168327 0.080325
vt 0.162850 0.233050
vt 0.161117 0.233050
vt 0.162226 0.246991
vt 0.159342 0.233050
vt 0.137821 0.233050
vt 0.136711 0.246991
vt 0.138423 0.246991
vt 0.136087 0.233050
vt 0.135047 0.246991
vt 0.128461 0.235503
vt 0.130610 0.235503
vt 0.132829 0.246991
vt 0.134978 0.068836
vt 0.128391 0.246991
vt 0.130610 0.246991
vt 0.135047 0.080325
vt 0.132829 0.080325
vt 0.127351 0.233050
vt 0.125618 0.233050
vt 0.126727 0.246991
vt 0.123838 0.233050
vt 0.102322 0.233050
vt 0.100589 0.233050
vt 0.101213 0.246991
vt 0.092962 0.068836
vt 0.095111 0.068836
vt 0.097330 0.068965
vt 0.097330 0.068836
vt 0.097330 0.080325
vt 0.095111 0.080325
vt 0.099479 0.068836
vt 0.092893 0.080325
vt 0.099549 0.080325
vt 0.091229 0.080325
vt 0.090119 0.066383
vt 0.091853 0.066383
vt 0.066823 0.066383
vt 0.068598 0.066383
vt 0.065159 0.066512
vt 0.065090 0.066383
vt 0.065714 0.080325
vt 0.064050 0.080325
vt 0.061831 0.080325
vt 0.061831 0.068836
vt 0.059613 0.080325
vt 0.057394 0.080195
vt 0.057394 0.080325
vt 0.055730 0.080325
vt 0.054621 0.066383
vt 0.056354 0.066383
vt 0.173319 0.066383
vt 0.175094 0.066383
vt 0.172210 0.080325
vt 0.171586 0.066383
vt 0.163959 0.068836
vt 0.166109 0.068836
vt 0.168327 0.068836
vt 0.166109 0.080325
vt 0.163890 0.080325
vt 0.162226 0.080325
vt 0.161117 0.066383
vt 0.162850 0.066383
vt 0.137821 0.066383
vt 0.139601 0.066383
vt 0.136087 0.066383
vt 0.136711 0.080325
vt 0.128461 0.068836
vt 0.130610 0.068965
vt 0.130610 0.068836
vt 0.132829 0.068836
vt 0.130610 0.080325
vt 0.128391 0.080325
vt 0.126727 0.080325
vt 0.125618 0.066383
vt 0.127351 0.066383
vt 0.102322 0.066383
vt 0.104102 0.066383
vt 0.100658 0.066512
vt 0.100589 0.066383
vt 0.101213 0.080325
vt 0.089517 0.080325
vt 0.088339 0.078957
vt 0.089517 0.246991
vt 0.088455 0.245571
vt 0.067426 0.080325
vt 0.068487 0.078905
vt 0.067426 0.246991
vt 0.068487 0.245571
vt 0.068604 0.245624
vt 0.054018 0.080325
vt 0.052840 0.078957
vt 0.160514 0.080325
vt 0.159342 0.078957
vt 0.138423 0.080325
vt 0.139485 0.078905
vt 0.125016 0.080325
vt 0.123843 0.078957
vt 0.102924 0.080325
vt 0.103986 0.078905
vt 0.102924 0.246991
vt 0.103986 0.245571
vt 0.104097 0.245624
vt 0.088345 0.066383
vt 0.088339 0.245624
vt 0.068604 0.078957
vt 0.068598 0.233050
vt 0.052846 0.066383
vt 0.052957 0.245571
vt 0.052840 0.245624
vt 0.174983 0.078905
vt 0.175094 0.078957
vt 0.175094 0.233050
vt 0.174983 0.245571
vt 0.159342 0.066383
vt 0.159453 0.245571
vt 0.159342 0.245624
vt 0.139601 0.078957
vt 0.139601 0.233050
vt 0.139485 0.245571
vt 0.123838 0.066383
vt 0.123954 0.245571
vt 0.123843 0.245624
vt 0.104097 0.078957
vt 0.104102 0.233050
vt 0.091229 0.246991
vt 0.054018 0.246991
vt 0.173922 0.080325
vt 0.175094 0.245624
vt 0.160514 0.246991
vt 0.139601 0.245624
vt 0.125016 0.246991
vt 0.979017 0.291812
vt 0.979567 0.290523
vt 0.979017 0.290523
vt 0.979017 0.291812
vt 0.979567 0.290523
vt 0.979017 0.290523
vt 0.979017 0.290523
vt 0.979567 0.291812
vt 0.979567 0.290523
vt 0.979017 0.292682
vt 0.979567 0.291812
vt 0.979017 0.289654
vt 0.979566 0.289459
vt 0.979017 0.291812
vt 0.979567 0.290523
vt 0.979017 0.290523
vt 0.979017 0.292682
vt 0.979017 0.291812
vt 0.979017 0.289654
vt 0.979566 0.289459
vt 0.979017 0.290523
vt 0.979567 0.290523
vt 0.979017 0.292682
vt 0.979567 0.291812
vt 0.979017 0.289654
vt 0.979566 0.289459
vt 0.979567 0.291812
vt 0.979018 0.292685
vt 0.979018 0.289650
vt 0.979568 0.289463
vt 0.979018 0.292685
vt 0.979018 0.289650
vt 0.979568 0.289463
vt 0.979017 0.292685
vt 0.979018 0.289650
vt 0.979568 0.289463
vt 0.979018 0.292685
vt 0.979017 0.292682
vt 0.979018 0.289650
vt 0.979568 0.289463
vt 0.979017 0.289653
vt 0.979566 0.289459
vt 0.978184 0.288431
vt 0.977808 0.288748
vt 0.976942 0.288103
vt 0.976942 0.287506
vt 0.978181 0.288426
vt 0.977809 0.288753
vt 0.976944 0.288108
vt 0.976942 0.287503
vt 0.978184 0.293904
vt 0.979568 0.292873
vt 0.976942 0.294232
vt 0.977808 0.293587
vt 0.978181 0.293909
vt 0.979566 0.292876
vt 0.976944 0.294227
vt 0.977809 0.293582
vt 0.978184 0.288431
vt 0.977808 0.288748
vt 0.976942 0.288103
vt 0.976942 0.287506
vt 0.978181 0.288426
vt 0.977809 0.288753
vt 0.976944 0.288108
vt 0.976942 0.287503
vt 0.978184 0.293904
vt 0.979568 0.292872
vt 0.976942 0.294232
vt 0.977808 0.293587
vt 0.978181 0.293909
vt 0.979566 0.292876
vt 0.976944 0.294227
vt 0.977809 0.293582
vt 0.978184 0.288431
vt 0.977808 0.288748
vt 0.976942 0.288103
vt 0.976942 0.287506
vt 0.978181 0.288426
vt 0.977809 0.288753
vt 0.976944 0.288108
vt 0.976942 0.287503
vt 0.978184 0.293904
vt 0.977807 0.293587
vt 0.976942 0.294232
vt 0.978182 0.293909
vt 0.979567 0.292876
vt 0.976944 0.294227
vt 0.977809 0.293583
vt 0.978184 0.288431
vt 0.977808 0.288748
vt 0.976942 0.288103
vt 0.976942 0.287506
vt 0.978181 0.288426
vt 0.977809 0.288753
vt 0.976944 0.288108
vt 0.976942 0.287503
vt 0.978181 0.293909
vt 0.979566 0.292876
vt 0.976944 0.294227
vt 0.977809 0.293583
vt 0.978184 0.293904
vt 0.979568 0.292873
vt 0.976942 0.294232
vt 0.977808 0.293587
vt 0.647292 0.396571
vt 0.642792 0.384571
vt 0.647292 0.384571
vt 0.642792 0.396571
vt 0.638292 0.384571
vt 0.182436 0.088711
vt 0.178517 0.079518
vt 0.182436 0.079518
vt 0.178517 0.088711
vt 0.174017 0.079518
vt 0.174017 0.088711
vt 0.169517 0.079518
vt 0.169517 0.088711
vt 0.165598 0.079518
vt 0.620292 0.396571
vt 0.615792 0.384571
vt 0.620292 0.384571
vt 0.611292 0.396571
vt 0.611292 0.384571
vt 0.606792 0.384571
vt 0.606792 0.396571
vt 0.602292 0.384571
vt 0.146435 0.088711
vt 0.142516 0.079518
vt 0.146435 0.079518
vt 0.138016 0.088711
vt 0.138016 0.079518
vt 0.133516 0.079518
vt 0.133516 0.088711
vt 0.129597 0.079518
vt 0.584291 0.396571
vt 0.579791 0.384571
vt 0.584291 0.384571
vt 0.579791 0.396571
vt 0.575291 0.384571
vt 0.575291 0.396571
vt 0.570791 0.384571
vt 0.570791 0.396571
vt 0.566291 0.384571
vt 0.110435 0.088711
vt 0.106516 0.079518
vt 0.110435 0.079518
vt 0.106516 0.088711
vt 0.102016 0.079518
vt 0.102016 0.088711
vt 0.097516 0.079518
vt 0.097516 0.088711
vt 0.093597 0.079518
vt 0.548291 0.384571
vt 0.543791 0.396571
vt 0.543791 0.384571
vt 0.539291 0.384571
vt 0.539291 0.396571
vt 0.534791 0.384571
vt 0.534791 0.396571
vt 0.530291 0.384571
vt 0.074434 0.088711
vt 0.070515 0.079518
vt 0.074434 0.079518
vt 0.070515 0.088711
vt 0.066015 0.079518
vt 0.066015 0.088711
vt 0.061515 0.079518
vt 0.061515 0.088711
vt 0.057596 0.079518
vt 0.254910 0.047081
vt 0.260124 0.052948
vt 0.256155 0.053338
vt 0.512290 0.396571
vt 0.507790 0.384571
vt 0.512290 0.384571
vt 0.503290 0.396571
vt 0.503290 0.384571
vt 0.260124 0.106962
vt 0.253469 0.106752
vt 0.253555 0.106315
vt 0.266780 0.106752
vt 0.260124 0.109437
vt 0.260124 0.107407
vt 0.273179 0.104810
vt 0.267176 0.108742
vt 0.280205 0.103345
vt 0.273956 0.106686
vt 0.279078 0.101658
vt 0.285683 0.098850
vt 0.284247 0.097415
vt 0.290178 0.093373
vt 0.291643 0.086347
vt 0.288490 0.092245
vt 0.293584 0.079947
vt 0.293518 0.087124
vt 0.294239 0.073292
vt 0.295575 0.080343
vt 0.293584 0.066636
vt 0.296269 0.073292
vt 0.293518 0.059460
vt 0.295575 0.066240
vt 0.288490 0.054338
vt 0.291643 0.060236
vt 0.284247 0.049169
vt 0.290178 0.053211
vt 0.279078 0.044926
vt 0.285683 0.047733
vt 0.273179 0.041773
vt 0.280205 0.043238
vt 0.266780 0.039832
vt 0.273956 0.039898
vt 0.260124 0.039177
vt 0.267176 0.037841
vt 0.253469 0.039832
vt 0.260124 0.037147
vt 0.246292 0.039898
vt 0.253073 0.037841
vt 0.247069 0.041773
vt 0.240043 0.043238
vt 0.236001 0.049169
vt 0.241171 0.044926
vt 0.231758 0.054338
vt 0.234566 0.047733
vt 0.228606 0.060236
vt 0.230071 0.053211
vt 0.226664 0.066636
vt 0.226730 0.059460
vt 0.226009 0.073292
vt 0.224673 0.066240
vt 0.224674 0.080343
vt 0.223979 0.073292
vt 0.226664 0.079947
vt 0.226730 0.087124
vt 0.228606 0.086347
vt 0.230071 0.093373
vt 0.231758 0.092245
vt 0.234566 0.098850
vt 0.241171 0.101658
vt 0.236001 0.097415
vt 0.247069 0.104810
vt 0.240043 0.103346
vt 0.253073 0.108742
vt 0.246292 0.106686
vt 0.260124 0.100550
vt 0.266693 0.106315
vt 0.265442 0.100027
vt 0.273009 0.104399
vt 0.275268 0.095957
vt 0.270556 0.098476
vt 0.279399 0.092567
vt 0.278830 0.101287
vt 0.282789 0.088436
vt 0.283932 0.097100
vt 0.285308 0.083723
vt 0.288120 0.091998
vt 0.293147 0.079861
vt 0.291231 0.086177
vt 0.286859 0.078610
vt 0.293794 0.073292
vt 0.286859 0.067974
vt 0.287383 0.073292
vt 0.285308 0.062860
vt 0.293147 0.066723
vt 0.282789 0.058148
vt 0.291231 0.060407
vt 0.279399 0.054017
vt 0.288120 0.054586
vt 0.278830 0.045296
vt 0.283932 0.049484
vt 0.270556 0.048108
vt 0.275268 0.050627
vt 0.266693 0.040269
vt 0.273009 0.042185
vt 0.260124 0.046033
vt 0.265442 0.046557
vt 0.253555 0.040269
vt 0.260124 0.039622
vt 0.249693 0.048108
vt 0.254806 0.046557
vt 0.244980 0.050627
vt 0.247239 0.042185
vt 0.240849 0.054017
vt 0.241418 0.045296
vt 0.232129 0.054586
vt 0.236316 0.049484
vt 0.234940 0.062860
vt 0.237459 0.058148
vt 0.227101 0.066723
vt 0.229017 0.060407
vt 0.233389 0.067974
vt 0.226454 0.073292
vt 0.233389 0.078610
vt 0.232865 0.073292
vt 0.234940 0.083723
vt 0.227101 0.079861
vt 0.237459 0.088436
vt 0.229017 0.086177
vt 0.240849 0.092567
vt 0.232129 0.091998
vt 0.241418 0.101287
vt 0.236316 0.097100
vt 0.249693 0.098476
vt 0.244980 0.095957
vt 0.247239 0.104399
vt 0.254806 0.100027
vt 0.260124 0.100016
vt 0.270351 0.097982
vt 0.265338 0.099503
vt 0.274971 0.095512
vt 0.279021 0.092189
vt 0.282345 0.088139
vt 0.284814 0.083519
vt 0.286849 0.073292
vt 0.286335 0.078505
vt 0.286335 0.068078
vt 0.284814 0.063065
vt 0.282345 0.058444
vt 0.279021 0.054395
vt 0.274971 0.051071
vt 0.265338 0.047081
vt 0.270351 0.048602
vt 0.260124 0.046567
vt 0.249897 0.048602
vt 0.245277 0.051071
vt 0.241227 0.054395
vt 0.235434 0.063065
vt 0.237904 0.058444
vt 0.233913 0.068078
vt 0.233400 0.073292
vt 0.233913 0.078505
vt 0.235434 0.083519
vt 0.237904 0.088139
vt 0.241227 0.092189
vt 0.249897 0.097982
vt 0.245277 0.095512
vt 0.254911 0.099503
vt 0.274510 0.087677
vt 0.256155 0.093245
vt 0.252339 0.054496
vt 0.277040 0.084594
vt 0.260124 0.093636
vt 0.248821 0.056376
vt 0.278920 0.081077
vt 0.245738 0.058906
vt 0.280078 0.077261
vt 0.243208 0.061989
vt 0.280469 0.073292
vt 0.241329 0.065506
vt 0.280078 0.069323
vt 0.240171 0.069323
vt 0.278920 0.065506
vt 0.239780 0.073292
vt 0.277040 0.061989
vt 0.240171 0.077261
vt 0.274510 0.058906
vt 0.241329 0.081077
vt 0.271427 0.056376
vt 0.243208 0.084595
vt 0.267910 0.054496
vt 0.264093 0.093245
vt 0.245738 0.087677
vt 0.264093 0.053338
vt 0.267910 0.092088
vt 0.248822 0.090208
vt 0.271427 0.090207
vt 0.252339 0.092088
vt 0.977604 0.021962
vt 0.977604 0.037295
vt 0.969937 0.035241
vt 0.964325 0.029629
vt 0.962271 0.021962
vt 0.964325 0.014295
vt 0.969937 0.008683
vt 0.977604 0.006628
vt 0.985271 0.008683
vt 0.990883 0.014295
vt 0.992937 0.021962
vt 0.990883 0.029629
vt 0.985271 0.035241
vt 0.503493 0.069436
vt 0.498993 0.033436
vt 0.503493 0.033436
vt 0.507993 0.033436
vt 0.512493 0.069436
vt 0.512493 0.033436
vt 0.516993 0.033436
vt 0.521493 0.069436
vt 0.521493 0.033436
vt 0.525994 0.069436
vt 0.525994 0.033436
vt 0.530494 0.069436
vt 0.530494 0.033436
vt 0.534994 0.069436
vt 0.534994 0.033436
vt 0.539494 0.069436
vt 0.539494 0.033436
vt 0.543994 0.069436
vt 0.543994 0.033436
vt 0.548494 0.069436
vt 0.548494 0.033436
vt 0.552994 0.033436
vt 0.557494 0.069436
vt 0.557494 0.033436
vt 0.561994 0.069436
vt 0.561994 0.033436
vt 0.566494 0.069436
vt 0.566494 0.033436
vt 0.570994 0.069436
vt 0.570994 0.033436
vt 0.575494 0.069436
vt 0.575494 0.033436
vt 0.579994 0.069436
vt 0.579994 0.033436
vt 0.584494 0.069436
vt 0.584494 0.033436
vt 0.588994 0.069436
vt 0.588994 0.033436
vt 0.593494 0.069436
vt 0.593494 0.033436
vt 0.597995 0.069436
vt 0.597995 0.033436
vt 0.602495 0.069436
vt 0.602495 0.033436
vt 0.606995 0.033436
vt 0.611495 0.069436
vt 0.611495 0.033436
vt 0.615995 0.069436
vt 0.615995 0.033436
vt 0.620495 0.069436
vt 0.620495 0.033436
vt 0.624995 0.033436
vt 0.629495 0.069436
vt 0.629495 0.033436
vt 0.633995 0.069436
vt 0.633995 0.033436
vt 0.638495 0.033436
vt 0.642995 0.069436
vt 0.642995 0.033436
vt 0.507790 0.360570
vt 0.503290 0.372571
vt 0.503290 0.360570
vt 0.507790 0.372571
vt 0.512290 0.372571
vt 0.512290 0.360570
vt 0.061515 0.055518
vt 0.057596 0.064710
vt 0.057596 0.055518
vt 0.516790 0.372571
vt 0.066015 0.055518
vt 0.061515 0.064710
vt 0.521291 0.384571
vt 0.521291 0.372571
vt 0.070515 0.064710
vt 0.070515 0.055518
vt 0.525791 0.384571
vt 0.525791 0.372571
vt 0.074434 0.064710
vt 0.074434 0.055518
vt 0.530291 0.372571
vt 0.534791 0.372571
vt 0.530291 0.360570
vt 0.534791 0.360570
vt 0.539291 0.372571
vt 0.539291 0.360570
vt 0.543791 0.372571
vt 0.543791 0.360570
vt 0.548291 0.360570
vt 0.548291 0.372571
vt 0.097516 0.055518
vt 0.093597 0.064710
vt 0.093597 0.055518
vt 0.552791 0.384571
vt 0.552791 0.372571
vt 0.102016 0.064710
vt 0.102016 0.055518
vt 0.557291 0.384571
vt 0.557291 0.372571
vt 0.106516 0.064710
vt 0.106516 0.055518
vt 0.561791 0.384571
vt 0.561791 0.372571
vt 0.110435 0.064710
vt 0.110435 0.055518
vt 0.566291 0.372571
vt 0.570791 0.372571
vt 0.566291 0.360570
vt 0.570791 0.360570
vt 0.575291 0.372571
vt 0.575291 0.360570
vt 0.579791 0.372571
vt 0.579791 0.360570
vt 0.584291 0.360570
vt 0.584291 0.372571
vt 0.133516 0.064710
vt 0.129597 0.055518
vt 0.133516 0.055518
vt 0.588791 0.384571
vt 0.588791 0.372571
vt 0.138016 0.064710
vt 0.138016 0.055518
vt 0.593291 0.384571
vt 0.593291 0.372571
vt 0.142516 0.064710
vt 0.142516 0.055518
vt 0.597792 0.372571
vt 0.146435 0.064710
vt 0.146435 0.055518
vt 0.602292 0.372571
vt 0.606792 0.372571
vt 0.602292 0.360570
vt 0.606792 0.360570
vt 0.611292 0.372571
vt 0.611292 0.360570
vt 0.615792 0.372571
vt 0.615792 0.360570
vt 0.620292 0.360570
vt 0.620292 0.372571
vt 0.169517 0.064710
vt 0.165598 0.055518
vt 0.169517 0.055518
vt 0.624792 0.384571
vt 0.624792 0.372571
vt 0.174017 0.064710
vt 0.174017 0.055518
vt 0.629292 0.384571
vt 0.629292 0.372571
vt 0.178517 0.064710
vt 0.178517 0.055518
vt 0.633792 0.384571
vt 0.633792 0.372571
vt 0.182436 0.064710
vt 0.182436 0.055518
vt 0.638292 0.372571
vt 0.642792 0.372571
vt 0.638292 0.360570
vt 0.642792 0.360570
vt 0.647292 0.372571
vt 0.647292 0.360570
vt 0.183781 0.090119
vt 0.178906 0.091369
vt 0.178906 0.090119
vt 0.174030 0.090119
vt 0.174030 0.091369
vt 0.169154 0.090119
vt 0.169154 0.091369
vt 0.164278 0.090119
vt 0.164278 0.091369
vt 0.147781 0.090119
vt 0.142905 0.091369
vt 0.142905 0.090119
vt 0.138029 0.090119
vt 0.138029 0.091369
vt 0.133153 0.091369
vt 0.133153 0.090119
vt 0.128278 0.090119
vt 0.128278 0.091369
vt 0.111780 0.090119
vt 0.106905 0.091369
vt 0.106905 0.090119
vt 0.102029 0.090119
vt 0.102029 0.091369
vt 0.097153 0.090119
vt 0.097153 0.091369
vt 0.092277 0.090119
vt 0.092277 0.091369
vt 0.075780 0.090119
vt 0.070904 0.091369
vt 0.070904 0.090119
vt 0.066028 0.090119
vt 0.066028 0.091369
vt 0.061152 0.091369
vt 0.061152 0.090119
vt 0.056277 0.090119
vt 0.056277 0.091369
vt 0.183781 0.054118
vt 0.185031 0.066118
vt 0.183781 0.066118
vt 0.164278 0.066118
vt 0.163028 0.054118
vt 0.164278 0.054118
vt 0.147781 0.054118
vt 0.149031 0.066118
vt 0.147781 0.066118
vt 0.128278 0.066118
vt 0.127028 0.054118
vt 0.128278 0.054118
vt 0.111780 0.054118
vt 0.113030 0.066118
vt 0.111780 0.066118
vt 0.092277 0.054118
vt 0.091027 0.066118
vt 0.091027 0.054118
vt 0.075780 0.054118
vt 0.077030 0.066118
vt 0.075780 0.066118
vt 0.056276 0.066118
vt 0.055026 0.054118
vt 0.056276 0.054118
vt 0.056277 0.054118
vt 0.061152 0.052868
vt 0.061152 0.054118
vt 0.066028 0.052868
vt 0.066028 0.054118
vt 0.070904 0.052868
vt 0.070904 0.054118
vt 0.075780 0.054118
vt 0.075780 0.052868
vt 0.092277 0.054118
vt 0.097153 0.052868
vt 0.097153 0.054118
vt 0.102029 0.052868
vt 0.102029 0.054118
vt 0.106905 0.052868
vt 0.106905 0.054118
vt 0.111780 0.054118
vt 0.111780 0.052868
vt 0.128278 0.054118
vt 0.133153 0.052868
vt 0.133153 0.054118
vt 0.138029 0.052868
vt 0.138029 0.054118
vt 0.142905 0.052868
vt 0.142905 0.054118
vt 0.147781 0.054118
vt 0.147781 0.052868
vt 0.164278 0.054118
vt 0.169154 0.052868
vt 0.169154 0.054118
vt 0.174030 0.054118
vt 0.174030 0.052868
vt 0.178906 0.054118
vt 0.178906 0.052868
vt 0.183781 0.054118
vt 0.183781 0.052868
vt 0.183781 0.078119
vt 0.185031 0.090119
vt 0.183781 0.090119
vt 0.164278 0.090119
vt 0.163028 0.078119
vt 0.164278 0.078119
vt 0.147781 0.078119
vt 0.149031 0.090119
vt 0.147781 0.090119
vt 0.128277 0.090119
vt 0.127028 0.078119
vt 0.128277 0.078119
vt 0.111780 0.078119
vt 0.113030 0.090119
vt 0.111780 0.090119
vt 0.092277 0.090119
vt 0.091027 0.078119
vt 0.092277 0.078119
vt 0.075780 0.078119
vt 0.077030 0.090119
vt 0.075780 0.090119
vt 0.056276 0.090119
vt 0.055026 0.078119
vt 0.056276 0.078119
vt 0.056277 0.066118
vt 0.061152 0.067368
vt 0.056277 0.067368
vt 0.056277 0.078119
vt 0.061152 0.076869
vt 0.061152 0.078119
vt 0.066028 0.066118
vt 0.061152 0.066118
vt 0.066028 0.076869
vt 0.066028 0.078119
vt 0.070904 0.067368
vt 0.066028 0.067368
vt 0.070904 0.076869
vt 0.070904 0.078119
vt 0.075780 0.066118
vt 0.070904 0.066118
vt 0.075780 0.078119
vt 0.075780 0.076869
vt 0.092277 0.066118
vt 0.097153 0.067368
vt 0.092277 0.067368
vt 0.092277 0.078119
vt 0.097153 0.076869
vt 0.097153 0.078119
vt 0.097153 0.066118
vt 0.102029 0.067368
vt 0.102029 0.076869
vt 0.102029 0.078119
vt 0.102029 0.066118
vt 0.106905 0.067368
vt 0.106905 0.076869
vt 0.106905 0.078119
vt 0.111780 0.066118
vt 0.106905 0.066118
vt 0.111780 0.078119
vt 0.111780 0.076869
vt 0.128278 0.066118
vt 0.133153 0.067368
vt 0.128278 0.067368
vt 0.128278 0.078119
vt 0.133153 0.076869
vt 0.133153 0.078119
vt 0.133153 0.066118
vt 0.138029 0.067368
vt 0.138029 0.076869
vt 0.138029 0.078119
vt 0.138029 0.066118
vt 0.142905 0.067368
vt 0.142905 0.076869
vt 0.142905 0.078119
vt 0.147781 0.066118
vt 0.142905 0.066118
vt 0.147781 0.078119
vt 0.147781 0.076869
vt 0.164278 0.066118
vt 0.169154 0.067368
vt 0.164278 0.067368
vt 0.164278 0.078119
vt 0.169154 0.076869
vt 0.169154 0.078119
vt 0.169154 0.066118
vt 0.174030 0.067368
vt 0.174030 0.076869
vt 0.174030 0.078119
vt 0.174030 0.066118
vt 0.178906 0.067368
vt 0.178906 0.076869
vt 0.178906 0.078119
vt 0.183781 0.066118
vt 0.178906 0.066118
vt 0.183781 0.078119
vt 0.183781 0.076869
vt 0.178893 0.090114
vt 0.174017 0.090114
vt 0.169141 0.090114
vt 0.165598 0.088711
vt 0.164265 0.090114
vt 0.142892 0.090114
vt 0.142516 0.088711
vt 0.138016 0.090114
vt 0.133140 0.090114
vt 0.129597 0.088711
vt 0.128265 0.090114
vt 0.106891 0.090114
vt 0.102016 0.090114
vt 0.097140 0.090114
vt 0.093597 0.088711
vt 0.092264 0.090114
vt 0.070891 0.090114
vt 0.066015 0.090114
vt 0.061139 0.090114
vt 0.057596 0.088711
vt 0.056263 0.090114
vt 0.183768 0.066114
vt 0.164265 0.066114
vt 0.164265 0.054114
vt 0.147768 0.066114
vt 0.128265 0.066114
vt 0.128265 0.054114
vt 0.111767 0.066114
vt 0.092264 0.066114
vt 0.092264 0.054114
vt 0.075767 0.066114
vt 0.056263 0.066114
vt 0.056263 0.054114
vt 0.061139 0.054114
vt 0.066015 0.054114
vt 0.070891 0.054114
vt 0.075767 0.054114
vt 0.097140 0.054114
vt 0.102016 0.054114
vt 0.106891 0.054114
vt 0.111767 0.054114
vt 0.133140 0.054114
vt 0.138016 0.054114
vt 0.142892 0.054114
vt 0.147768 0.054114
vt 0.169141 0.054114
vt 0.174017 0.054114
vt 0.178892 0.054114
vt 0.183768 0.054114
vt 0.183768 0.078114
vt 0.183768 0.090114
vt 0.164265 0.078114
vt 0.147768 0.090114
vt 0.128265 0.078114
vt 0.111767 0.090114
vt 0.092264 0.078114
vt 0.075767 0.090114
vt 0.056263 0.078114
vt 0.061139 0.066114
vt 0.061139 0.078114
vt 0.066015 0.066114
vt 0.066015 0.078114
vt 0.066015 0.064710
vt 0.070891 0.078114
vt 0.070891 0.066114
vt 0.075767 0.078114
vt 0.097140 0.066114
vt 0.097140 0.078114
vt 0.097516 0.064710
vt 0.102016 0.078114
vt 0.102016 0.066114
vt 0.106891 0.078114
vt 0.106891 0.066114
vt 0.111767 0.078114
vt 0.129597 0.064710
vt 0.133140 0.066114
vt 0.133140 0.078114
vt 0.138016 0.078114
vt 0.138016 0.066114
vt 0.142892 0.078114
vt 0.142892 0.066114
vt 0.147768 0.078114
vt 0.165598 0.064710
vt 0.169141 0.066114
vt 0.169141 0.078114
vt 0.174017 0.078114
vt 0.174017 0.066114
vt 0.178893 0.078114
vt 0.178892 0.066114
vt 0.507437 0.445730
vt 0.503795 0.473121
vt 0.507437 0.473121
vt 0.511079 0.473121
vt 0.511079 0.445730
vt 0.514722 0.473121
vt 0.514722 0.445730
vt 0.518364 0.473121
vt 0.518364 0.445730
vt 0.522007 0.445730
vt 0.522007 0.473121
vt 0.525649 0.473121
vt 0.525649 0.445730
vt 0.529292 0.473121
vt 0.529292 0.445730
vt 0.532934 0.473121
vt 0.532934 0.445730
vt 0.536577 0.473121
vt 0.536577 0.445730
vt 0.540219 0.473121
vt 0.540219 0.445730
vt 0.543862 0.473121
vt 0.543862 0.445730
vt 0.547504 0.473121
vt 0.547504 0.445730
vt 0.551146 0.473121
vt 0.551147 0.445730
vt 0.554789 0.473121
vt 0.554789 0.445730
vt 0.558431 0.445730
vt 0.558431 0.473121
vt 0.562074 0.473121
vt 0.562074 0.445730
vt 0.565716 0.473121
vt 0.565716 0.445730
vt 0.569359 0.473121
vt 0.569359 0.445730
vt 0.573001 0.473121
vt 0.573001 0.445730
vt 0.576644 0.473121
vt 0.576644 0.445730
vt 0.580286 0.473121
vt 0.580286 0.445730
vt 0.583929 0.473121
vt 0.583929 0.445730
vt 0.587571 0.473121
vt 0.587571 0.445730
vt 0.591213 0.473121
vt 0.591214 0.445730
vt 0.594856 0.473121
vt 0.594856 0.445730
vt 0.598498 0.473121
vt 0.598498 0.445730
vt 0.602141 0.473121
vt 0.602141 0.445730
vt 0.605783 0.473121
vt 0.605783 0.445730
vt 0.609426 0.473121
vt 0.609426 0.445730
vt 0.613068 0.473121
vt 0.613068 0.445730
vt 0.616711 0.473121
vt 0.616711 0.445730
vt 0.620353 0.445730
vt 0.620353 0.473121
vt 0.503795 0.445730
vt 0.613354 0.447081
vt 0.587497 0.472522
vt 0.587497 0.447081
vt 0.613354 0.472522
vt 0.512849 0.447081
vt 0.538706 0.472522
vt 0.512849 0.472522
vt 0.580012 0.447081
vt 0.546204 0.472522
vt 0.546204 0.447081
vt 0.538706 0.447081
vt 0.508894 0.447081
vt 0.505377 0.472522
vt 0.505377 0.447081
vt 0.505370 0.447081
vt 0.508894 0.472522
vt 0.505370 0.472522
vt 0.505375 0.472522
vt 0.505375 0.447081
vt 0.505368 0.472522
vt 0.505368 0.447081
vt 0.620806 0.472522
vt 0.617296 0.447081
vt 0.620806 0.447081
vt 0.617296 0.472522
vt 0.580012 0.472522
vt 0.583542 0.447081
vt 0.583542 0.472522
vt 0.542649 0.447081
vt 0.542649 0.472522
vt 0.630100 0.524251
vt 0.745155 0.448508
vt 0.745155 0.524251
vt 0.745130 0.448517
vt 0.630078 0.524260
vt 0.630078 0.448517
vt 0.745130 0.448507
vt 0.630078 0.524251
vt 0.630078 0.448507
vt 0.630098 0.524261
vt 0.745155 0.448516
vt 0.745155 0.524260
vt 0.089305 0.031687
vt 0.086712 0.030630
vt 0.086759 0.030218
vt 0.083709 0.035832
vt 0.085921 0.037548
vt 0.083376 0.036078
vt 0.086712 0.037136
vt 0.089305 0.036078
vt 0.086759 0.037548
vt 0.089344 0.035187
vt 0.089724 0.032413
vt 0.089724 0.035353
vt 0.082957 0.032413
vt 0.083337 0.035187
vt 0.082957 0.035353
vt 0.086340 0.030911
vt 0.088914 0.035369
vt 0.083766 0.035369
vt 0.085968 0.030630
vt 0.083766 0.032397
vt 0.083337 0.032578
vt 0.083709 0.031934
vt 0.086340 0.036855
vt 0.085968 0.037136
vt 0.088972 0.035832
vt 0.088914 0.032397
vt 0.088972 0.031934
vt 0.089344 0.032578
vt 0.085921 0.030218
vt 0.083376 0.031687
vt 0.409967 0.360507
vt 0.410753 0.359115
vt 0.410115 0.360655
vt 0.408575 0.356938
vt 0.407184 0.357724
vt 0.407036 0.357576
vt 0.406607 0.359115
vt 0.406398 0.359115
vt 0.407184 0.360507
vt 0.407036 0.360655
vt 0.408575 0.361084
vt 0.408575 0.361293
vt 0.410543 0.359115
vt 0.410115 0.357576
vt 0.409967 0.357724
vt 0.410307 0.359115
vt 0.409799 0.357891
vt 0.408575 0.357148
vt 0.408575 0.357384
vt 0.407351 0.357891
vt 0.406844 0.359115
vt 0.407351 0.360340
vt 0.408575 0.360847
vt 0.409799 0.360340
vt 0.750220 0.261578
vt 0.627274 0.256537
vt 0.747309 0.256537
vt 0.718756 0.316075
vt 0.655827 0.316075
vt 0.687292 0.370573
vt 0.747309 0.256536
vt 0.624363 0.261578
vt 0.750220 0.261578
vt 0.655827 0.316076
vt 0.624363 0.261578
vt 0.166897 0.936003
vt 0.181979 0.914945
vt 0.181979 0.936003
vt 0.166897 0.957030
vt 0.181979 0.957030
vt 0.166897 0.978058
vt 0.181979 0.978058
vt 0.166897 0.895977
vt 0.166897 0.914945
vt 0.360719 0.302778
vt 0.283994 0.369805
vt 0.283994 0.302778
vt 0.166897 0.895977
vt 0.166897 0.997005
vt 0.181979 0.997005
vt 0.718756 0.316076
vt 0.687292 0.370574
vt 0.979567 0.292873
vt 0.976942 0.294829
vt 0.976942 0.294832
vt 0.976942 0.294829
vt 0.976942 0.294832
vt 0.976942 0.294829
vt 0.976942 0.294833
vt 0.976942 0.294833
vt 0.976942 0.294830
vt 0.638292 0.396571
vt 0.615792 0.396571
vt 0.602292 0.396571
vt 0.566291 0.396571
vt 0.548291 0.396571
vt 0.530291 0.396571
vt 0.507790 0.396571
vt 0.498993 0.069436
vt 0.507993 0.069436
vt 0.516993 0.069436
vt 0.552994 0.069436
vt 0.606995 0.069436
vt 0.624995 0.069436
vt 0.638495 0.069436
vt 0.516790 0.384571
vt 0.597792 0.384571
vt 0.183781 0.091369
vt 0.147781 0.091369
vt 0.111780 0.091369
vt 0.075780 0.091369
vt 0.185031 0.054118
vt 0.163028 0.066118
vt 0.149031 0.054118
vt 0.127028 0.066118
vt 0.113030 0.054118
vt 0.092277 0.066118
vt 0.077030 0.054118
vt 0.055026 0.066118
vt 0.056277 0.052868
vt 0.092277 0.052868
vt 0.128278 0.052868
vt 0.164278 0.052868
vt 0.185031 0.078119
vt 0.163028 0.090119
vt 0.149031 0.078119
vt 0.127028 0.090119
vt 0.113030 0.078119
vt 0.091027 0.090119
vt 0.077030 0.078119
vt 0.055026 0.090119
vt 0.056277 0.076869
vt 0.075780 0.067368
vt 0.092277 0.076869
vt 0.111780 0.067368
vt 0.128278 0.076869
vt 0.147781 0.067368
vt 0.164278 0.076869
vt 0.183781 0.067368
vt 0.630100 0.448509
vt 0.745130 0.524259
vt 0.745130 0.524251
vt 0.630098 0.448516
vt 0.627274 0.256536
vt 0.181979 0.895977
vt 0.360719 0.369805
vt 0.166897 0.997005
s 1
usemtl MI_MyNewMachine
f 203/1/1 204/2/2 205/3/3
f 135/4/4 132/5/5 133/6/6
f 207/7/7 204/2/2 206/8/8
f 210/9/9 213/10/10 235/11/11
f 197/12/12 194/13/13 196/14/14
f 213/10/10 214/15/15 215/16/16
f 217/17/17 153/18/18 154/19/19
f 152/20/20 84/21/21 151/22/22
f 87/23/23 84/21/21 85/24/24
f 150/25/25 151/22/22 149/26/26
f 86/27/27 89/28/28 88/29/29
f 105/30/30 106/31/31 104/32/32
f 93/33/33 77/34/34 92/35/35
f 107/36/36 108/37/37 106/31/31
f 191/38/38 192/39/39 228/40/40
f 95/41/41 96/42/42 94/43/43
f 101/44/44 98/45/45 99/46/46
f 103/47/47 100/48/48 101/44/44
f 167/49/49 170/50/50 168/51/51
f 102/52/52 105/30/30 104/32/32
f 141/53/53 142/54/54 140/55/55
f 110/56/56 111/57/57 109/58/58
f 125/59/59 126/60/60 124/61/61
f 180/62/62 177/63/63 181/64/64
f 112/65/65 114/66/66 113/67/67
f 119/68/68 116/69/69 117/70/70
f 121/71/71 118/72/72 119/68/68
f 45/73/73 116/69/69 46/74/74
f 120/75/75 123/76/76 122/77/77
f 207/7/7 208/78/78 232/79/79
f 128/80/80 129/81/81 127/82/82
f 143/83/83 144/84/84 142/54/54
f 130/85/85 132/5/5 131/86/86
f 137/87/87 134/88/88 135/4/4
f 139/89/89 136/90/90 137/87/87
f 56/91/91 134/88/88 58/92/92
f 138/93/93 141/53/53 140/55/55
f 158/94/94 159/95/95 218/96/96
f 146/97/97 83/98/98 145/99/99
f 95/41/41 92/35/35 77/34/34
f 148/100/100 149/26/26 147/101/101
f 153/18/18 156/102/102 154/19/19
f 221/103/103 91/104/104 90/105/105
f 200/106/106 203/1/1 201/107/107
f 197/12/12 198/108/108 199/109/109
f 89/28/28 90/105/105 88/29/29
f 112/65/65 109/58/58 111/57/57
f 191/38/38 188/110/110 190/111/111
f 117/70/70 114/66/66 115/112/112
f 186/113/113 189/114/114 187/115/115
f 184/116/116 187/115/115 185/117/117
f 180/62/62 182/118/118 183/119/119
f 130/85/85 127/82/82 129/81/81
f 123/76/76 124/61/61 122/77/77
f 174/120/120 171/121/121 173/122/122
f 99/46/46 96/42/42 97/123/123
f 165/124/124 168/51/51 166/125/125
f 36/126/126 98/45/45 8/127/127
f 164/128/128 165/124/124 166/125/125
f 174/120/120 175/129/129 226/130/130
f 148/100/100 145/99/99 83/98/98
f 158/94/94 155/131/131 157/132/132
f 31/133/133 151/22/22 84/21/21
f 226/130/130 176/134/134 227/135/135
f 179/136/136 178/137/137 177/63/63
f 228/40/40 193/138/138 229/139/139
f 231/140/140 195/141/141 194/13/13
f 232/79/79 209/142/142 233/143/143
f 235/11/11 211/144/144 210/9/9
f 223/145/145 162/146/146 161/147/147
f 218/96/96 160/148/148 219/149/149
f 1/150/150 152/20/20 69/151/151
f 28/152/152 151/22/22 30/153/153
f 33/154/154 85/24/24 1/150/150
f 29/155/155 152/20/20 150/25/25
f 32/156/156 88/29/29 2/157/157
f 33/154/154 89/28/28 87/23/23
f 3/158/158 88/29/29 90/105/105
f 3/158/158 91/104/104 4/159/159
f 6/160/160 93/33/33 92/35/35
f 6/160/160 94/43/43 35/161/161
f 36/126/126 94/43/43 96/42/42
f 37/162/162 95/41/41 7/163/163
f 37/162/162 99/46/46 97/123/123
f 8/127/127 100/48/48 9/164/164
f 39/165/165 99/46/46 38/166/166
f 10/167/167 169/168/168 9/169/164
f 40/170/169 101/44/44 39/165/165
f 36/171/126 167/49/49 165/124/124
f 10/172/167 104/32/32 41/173/170
f 40/170/169 105/30/30 103/47/47
f 11/174/171 104/32/32 106/31/31
f 42/175/172 107/36/36 105/30/30
f 11/174/171 108/37/37 12/176/173
f 14/177/174 110/56/56 109/58/58
f 16/178/175 111/57/57 15/179/176
f 14/177/174 113/67/67 44/180/177
f 45/73/73 113/67/67 114/66/66
f 17/181/178 112/65/65 16/178/175
f 48/182/179 118/72/72 120/75/75
f 19/183/180 116/69/69 118/72/72
f 47/184/181 117/70/70 18/185/182
f 45/186/73 184/116/116 182/118/118
f 49/187/183 119/68/68 47/184/181
f 17/188/178 185/117/117 18/189/182
f 48/182/179 122/77/77 50/190/184
f 49/187/183 123/76/76 121/71/71
f 20/191/185 122/77/77 124/61/61
f 51/192/186 125/59/59 123/76/76
f 20/191/185 126/60/60 21/193/187
f 22/194/188 128/80/80 127/82/82
f 23/195/189 129/81/81 54/196/190
f 22/194/188 131/86/86 55/197/191
f 56/91/91 131/86/86 132/5/5
f 57/198/192 130/85/85 23/195/189
f 61/199/193 136/90/90 138/93/93
f 59/200/194 134/88/88 136/90/90
f 24/201/195 137/87/87 135/4/4
f 56/202/91 200/106/106 198/108/108
f 62/203/196 137/87/87 60/204/197
f 57/205/192 201/107/107 24/206/195
f 61/199/193 140/55/55 63/207/198
f 62/203/196 141/53/53 139/89/89
f 25/208/199 140/55/55 142/54/54
f 64/209/200 143/83/83 141/53/53
f 25/208/199 144/84/84 66/210/201
f 68/211/202 146/97/97 145/99/99
f 68/211/202 147/101/101 26/212/203
f 28/152/152 147/101/101 149/26/26
f 29/155/155 148/100/100 27/213/204
f 32/214/156 153/18/18 31/215/133
f 31/215/133 216/216/205 30/217/153
f 69/218/151 154/19/19 1/219/150
f 28/220/152 216/216/205 214/15/15
f 33/221/154 154/19/19 156/102/102
f 29/222/155 217/17/17 69/218/151
f 32/214/156 157/132/132 155/131/131
f 34/223/206 156/102/102 158/94/94
f 3/224/158 157/132/132 2/225/157
f 198/108/108 201/107/107 199/109/109
f 3/224/158 160/148/148 159/95/95
f 6/226/160 162/146/146 5/227/207
f 6/226/160 163/228/208 161/147/147
f 36/171/126 163/228/208 35/229/161
f 7/230/163 166/125/125 37/231/162
f 37/231/162 168/51/51 38/232/166
f 8/233/127 169/168/168 167/49/49
f 38/232/166 170/50/50 39/234/165
f 39/234/165 172/235/209 40/236/169
f 10/172/167 100/48/48 102/52/52
f 10/167/167 173/122/122 171/121/121
f 42/237/172 172/235/209 174/120/120
f 11/238/171 173/122/122 41/239/170
f 215/16/16 216/216/205 217/17/17
f 11/238/171 176/134/134 175/129/129
f 14/240/174 178/137/137 13/241/210
f 16/242/175 179/136/136 180/62/62
f 14/240/174 181/64/64 177/63/63
f 45/186/73 181/64/64 44/243/177
f 16/242/175 183/119/119 17/188/178
f 48/244/179 186/113/113 19/245/180
f 186/113/113 46/246/74 19/245/180
f 47/247/181 185/117/117 187/115/115
f 18/185/182 115/112/112 17/181/178
f 47/247/181 189/114/114 49/248/183
f 48/244/179 190/111/111 188/110/110
f 51/249/186 189/114/114 191/38/38
f 20/250/185 190/111/111 50/251/184
f 182/118/118 185/117/117 183/119/119
f 20/250/185 193/138/138 192/39/39
f 22/252/188 195/141/141 53/253/211
f 22/252/188 196/14/14 194/13/13
f 56/202/91 196/14/14 55/254/191
f 23/255/189 199/109/109 57/205/192
f 61/256/193 202/257/212 59/258/194
f 59/258/194 200/106/106 58/259/92
f 24/206/195 203/1/1 60/260/197
f 135/4/4 57/198/192 24/201/195
f 60/260/197 205/3/3 62/261/196
f 61/256/193 206/8/8 204/2/2
f 64/262/200 205/3/3 207/7/7
f 25/263/199 206/8/8 63/264/198
f 25/263/199 209/142/142 208/78/78
f 68/265/202 211/144/144 67/266/213
f 68/265/202 212/267/214 210/9/9
f 28/220/152 212/267/214 26/268/203
f 27/269/204 215/16/16 29/222/155
f 32/156/156 84/21/21 86/27/27
f 74/270/215 219/149/149 220/271/216
f 74/272/215 75/273/217 221/103/103
f 224/274/218 222/275/219 223/145/145
f 224/276/218 225/277/220 76/278/221
f 43/279/222 227/135/135 238/280/223
f 52/281/224 229/139/139 71/282/225
f 54/283/190 230/284/226 231/140/140
f 65/285/227 233/143/143 72/286/228
f 236/287/229 234/288/230 235/11/11
f 236/289/229 237/290/231 73/291/232
f 220/271/216 160/148/148 4/292/159
f 4/159/159 75/273/217 220/293/216
f 76/294/221 162/146/146 222/275/219
f 5/295/207 225/277/220 93/33/33
f 238/280/223 176/134/134 12/296/173
f 12/176/173 78/297/233 238/298/223
f 13/241/210 70/299/234 239/300/235
f 13/301/210 79/302/236 110/56/56
f 21/303/187 229/139/139 193/138/138
f 21/193/187 80/304/237 71/305/225
f 53/253/211 230/284/226 240/306/238
f 53/307/211 81/308/239 128/80/80
f 66/309/201 233/143/143 209/142/142
f 66/210/201 82/310/240 72/311/228
f 67/266/213 234/288/230 73/312/232
f 67/313/213 237/290/231 146/97/97
f 34/314/206 221/103/103 89/28/28
f 7/163/163 77/34/34 224/276/218
f 27/213/204 83/98/98 236/289/229
f 34/223/206 218/96/96 74/270/215
f 7/230/163 223/145/145 164/128/128
f 42/237/172 226/130/130 43/279/222
f 51/249/186 228/40/40 52/281/224
f 23/255/189 231/140/140 197/12/12
f 64/262/200 232/79/79 65/285/227
f 27/269/204 235/11/11 213/10/10
f 43/315/222 78/297/233 107/36/36
f 15/316/176 70/299/234 179/136/136
f 15/179/176 79/302/236 239/317/235
f 52/318/224 80/304/237 125/59/59
f 54/196/190 81/308/239 240/319/238
f 65/320/227 82/310/240 143/83/83
f 169/168/168 172/235/209 170/50/50
f 164/128/128 161/147/147 163/228/208
f 241/321/241 296/322/242 295/323/243
f 297/324/244 263/325/245 262/326/246
f 246/327/247 250/328/248 247/329/249
f 242/330/250 244/331/251 241/321/241
f 245/332/252 247/329/249 248/333/253
f 257/334/254 255/335/255 254/336/256
f 251/337/257 250/328/248 249/338/258
f 253/339/259 255/335/255 256/340/260
f 289/331/261 294/341/262 293/342/263
f 259/343/264 258/344/265 257/334/254
f 261/345/266 263/325/245 264/346/267
f 269/325/268 268/324/269 270/326/270
f 277/335/271 276/334/272 278/336/273
f 265/347/274 267/348/275 268/324/269
f 269/325/268 272/349/276 271/350/277
f 273/344/278 275/351/279 276/334/272
f 285/329/280 284/338/281 286/327/282
f 277/335/271 280/352/283 279/353/284
f 281/328/285 283/354/286 284/338/281
f 285/329/280 288/355/287 287/356/288
f 289/331/261 291/357/289 292/321/290
f 298/358/291 300/347/292 297/324/244
f 293/342/263 302/359/293 301/360/294
f 303/361/295 296/322/242 304/362/296
f 310/363/297 272/349/276 305/364/298
f 310/363/297 306/365/299 361/366/300
f 261/345/266 317/367/301 307/368/302
f 308/369/303 317/367/301 309/370/304
f 316/371/305 267/348/275 266/372/306
f 316/371/305 311/373/307 312/374/308
f 298/358/291 355/375/309 299/376/310
f 315/377/311 355/375/309 314/378/312
f 352/379/313 302/359/293 318/380/314
f 352/379/313 319/381/315 360/382/316
f 303/361/295 359/383/317 321/384/318
f 320/385/319 359/383/317 322/386/320
f 328/387/321 291/357/289 290/388/322
f 328/387/321 323/389/323 324/390/324
f 242/330/250 357/391/325 243/392/326
f 327/393/327 357/391/325 326/394/328
f 334/395/329 288/355/287 329/396/330
f 334/395/329 330/397/331 364/398/332
f 245/332/252 356/399/333 332/400/334
f 331/401/335 356/399/333 333/402/336
f 283/354/286 339/403/337 336/404/338
f 339/403/337 335/405/339 336/404/338
f 251/337/257 353/406/340 252/407/341
f 340/408/342 353/406/340 338/409/343
f 346/410/344 280/352/283 341/411/345
f 346/410/344 342/412/346 366/413/347
f 253/339/259 354/414/348 344/415/349
f 343/416/350 354/414/348 345/417/351
f 259/343/264 358/418/352 260/419/353
f 348/420/354 358/418/352 347/421/355
f 368/422/356 275/351/279 274/423/357
f 368/422/356 349/424/358 350/425/359
f 434/426/360 640/427/361 639/428/362
f 433/429/363 750/430/364 640/427/361
f 435/431/365 861/432/366 642/433/367
f 782/434/368 859/435/369 861/432/366
f 784/436/370 857/437/371 859/435/369
f 785/438/372 650/439/373 857/437/371
f 706/440/374 652/441/375 751/442/376
f 652/441/375 441/443/377 654/444/378
f 441/443/377 656/445/379 654/444/378
f 442/446/380 752/447/381 656/445/379
f 443/448/382 855/449/383 658/450/384
f 855/449/383 789/451/385 853/452/386
f 789/451/385 851/453/387 853/452/386
f 790/454/388 666/455/389 851/453/387
f 711/456/390 668/457/391 753/458/392
f 448/459/393 670/460/394 668/457/391
f 449/461/395 672/462/396 670/460/394
f 450/463/397 754/464/398 672/462/396
f 451/465/399 849/466/400 674/467/401
f 792/468/402 847/469/403 849/466/400
f 794/470/404 845/471/405 847/469/403
f 795/472/406 682/473/407 845/471/405
f 755/474/408 456/475/409 684/476/410
f 456/475/409 686/477/411 684/476/410
f 457/478/412 688/479/413 686/477/411
f 458/480/414 756/481/415 688/479/413
f 459/482/416 843/483/417 690/484/418
f 797/485/419 841/486/420 843/483/417
f 799/487/421 839/488/422 841/486/420
f 800/489/423 698/490/424 839/488/422
f 404/491/425 577/492/362 578/493/361
f 721/494/426 700/495/427 757/496/428
f 700/495/427 434/497/360 639/498/362
f 466/499/429 497/500/430 496/501/431
f 527/502/432 434/503/360 528/504/433
f 526/505/434 433/506/363 527/502/432
f 526/505/434 702/507/435 703/508/436
f 525/509/437 704/510/438 702/507/435
f 524/511/439 705/512/440 704/510/438
f 522/513/441 705/512/440 523/514/442
f 521/515/443 706/516/374 522/513/441
f 520/517/444 440/518/445 521/515/443
f 519/519/446 441/520/377 520/517/444
f 519/519/446 708/521/447 442/522/380
f 517/523/448 708/521/447 518/524/449
f 516/525/450 707/526/451 517/523/448
f 515/527/452 709/528/453 516/525/450
f 514/529/454 710/530/455 515/527/452
f 513/531/456 711/532/390 514/529/454
f 512/533/457 448/534/393 513/531/456
f 511/535/458 449/536/395 512/533/457
f 511/535/458 713/537/459 450/538/397
f 510/539/460 712/540/461 713/537/459
f 508/541/462 712/540/461 509/542/463
f 507/543/464 714/544/465 508/541/462
f 506/545/466 715/546/467 507/543/464
f 505/547/468 716/548/469 506/545/466
f 504/549/470 456/550/409 505/547/468
f 504/549/470 458/551/414 457/552/412
f 503/553/471 718/554/472 458/551/414
f 502/555/473 717/556/474 718/554/472
f 501/557/475 719/558/476 717/556/474
f 499/559/477 719/558/476 500/560/478
f 498/561/479 720/562/480 499/559/477
f 498/561/479 464/563/481 721/564/426
f 530/565/482 465/566/483 466/499/429
f 529/567/484 467/568/485 465/566/483
f 532/569/486 467/568/485 531/570/487
f 533/571/488 468/572/489 532/569/486
f 534/573/490 469/574/491 533/571/488
f 535/575/492 470/576/493 534/573/490
f 535/575/492 472/577/494 471/578/495
f 536/579/496 473/580/497 472/577/494
f 538/581/498 473/580/497 537/582/499
f 539/583/500 474/584/501 538/581/498
f 540/585/502 475/586/503 539/583/500
f 541/587/504 476/588/505 540/585/502
f 541/587/504 478/589/506 477/590/507
f 543/591/508 478/589/506 542/592/509
f 543/591/508 480/593/510 479/594/511
f 545/595/512 480/593/510 544/596/513
f 545/595/512 482/597/514 481/598/515
f 547/599/516 482/597/514 546/600/517
f 548/601/518 483/602/519 547/599/516
f 549/603/520 484/604/521 548/601/518
f 549/603/520 486/605/522 485/606/523
f 551/607/524 486/605/522 550/608/525
f 551/607/524 488/609/526 487/610/527
f 552/611/528 489/612/529 488/609/526
f 554/613/530 489/612/529 553/614/531
f 555/615/532 490/616/533 554/613/530
f 556/617/534 491/618/535 555/615/532
f 557/619/536 492/620/537 556/617/534
f 557/619/536 494/621/538 493/622/539
f 559/623/540 494/621/538 558/624/541
f 559/623/540 496/501/431 495/625/542
f 530/565/482 496/501/431 560/626/543
f 465/566/483 528/504/433 466/499/429
f 467/568/485 527/502/432 465/566/483
f 467/568/485 525/509/437 526/505/434
f 469/574/491 525/509/437 468/572/489
f 470/576/493 524/511/439 469/574/491
f 471/578/495 523/514/442 470/576/493
f 471/578/495 521/515/443 522/513/441
f 473/580/497 521/515/443 472/577/494
f 474/584/501 520/517/444 473/580/497
f 475/586/503 519/519/446 474/584/501
f 476/588/505 518/524/449 475/586/503
f 477/590/507 517/523/448 476/588/505
f 477/590/507 515/527/452 516/525/450
f 478/589/506 514/529/454 515/527/452
f 479/594/511 513/531/456 514/529/454
f 481/598/515 513/531/456 480/593/510
f 482/597/514 512/533/457 481/598/515
f 483/602/519 511/535/458 482/597/514
f 484/604/521 510/539/460 483/602/519
f 485/606/523 509/542/463 484/604/521
f 485/606/523 507/543/464 508/541/462
f 486/605/522 506/545/466 507/543/464
f 488/609/526 506/545/466 487/610/527
f 488/609/526 504/549/470 505/547/468
f 489/612/529 503/553/471 504/549/470
f 491/618/535 503/553/471 490/616/533
f 492/620/537 502/555/473 491/618/535
f 493/622/539 501/557/475 492/620/537
f 493/622/539 499/559/477 500/560/478
f 495/625/542 499/559/477 494/621/538
f 495/625/542 497/500/430 498/561/479
f 370/627/544 529/567/484 530/565/482
f 374/628/545 529/567/484 372/629/546
f 376/630/547 531/570/487 374/628/545
f 378/631/548 532/569/486 376/630/547
f 380/632/549 533/571/488 378/631/548
f 380/632/549 535/575/492 534/573/490
f 382/633/550 536/579/496 535/575/492
f 386/634/551 536/579/496 384/635/552
f 388/636/553 537/582/499 386/634/551
f 390/637/554 538/581/498 388/636/553
f 392/638/555 539/583/500 390/637/554
f 392/638/555 541/587/504 540/585/502
f 394/639/556 542/592/509 541/587/504
f 396/640/557 543/591/508 542/592/509
f 400/641/558 543/591/508 398/642/559
f 402/643/560 544/596/513 400/641/558
f 404/491/425 545/595/512 402/643/560
f 406/644/561 546/600/517 404/491/425
f 408/645/562 547/599/516 406/644/561
f 410/646/563 548/601/518 408/645/562
f 410/646/563 550/608/525 549/603/520
f 414/647/564 550/608/525 412/648/565
f 416/649/566 551/607/524 414/647/564
f 418/650/567 552/611/528 416/649/566
f 420/651/568 553/614/531 418/650/567
f 420/651/568 555/615/532 554/613/530
f 422/652/569 556/617/534 555/615/532
f 424/653/570 557/619/536 556/617/534
f 426/654/571 558/624/541 557/619/536
f 430/655/572 558/624/541 428/656/573
f 432/657/574 559/623/540 430/655/572
f 370/627/544 560/626/543 432/657/574
f 376/630/547 565/658/403 378/631/548
f 430/655/572 592/659/391 432/657/574
f 404/491/425 579/660/575 406/644/561
f 378/631/548 566/661/405 380/632/549
f 370/627/544 592/659/391 562/662/394
f 406/644/561 580/663/366 408/645/562
f 380/632/549 567/664/576 382/633/550
f 408/645/562 581/665/369 410/646/563
f 382/633/550 568/666/410 384/635/552
f 410/646/563 582/667/371 412/648/565
f 384/635/552 569/668/411 386/634/551
f 412/648/565 583/669/577 414/647/564
f 386/634/551 570/670/413 388/636/553
f 416/649/566 583/669/577 584/671/375
f 388/636/553 571/672/578 390/637/554
f 416/649/566 585/673/378 418/650/567
f 390/637/554 572/674/417 392/638/555
f 418/650/567 586/675/379 420/651/568
f 394/639/556 572/674/417 573/676/420
f 420/651/568 587/677/579 422/652/569
f 394/639/556 574/678/422 396/640/557
f 422/652/569 588/679/383 424/653/570
f 396/640/557 575/680/580 398/642/559
f 370/627/544 561/681/396 372/629/546
f 424/653/570 589/682/386 426/654/571
f 398/642/559 576/683/427 400/641/558
f 372/629/546 563/684/581 374/628/545
f 428/656/573 589/682/386 590/685/387
f 400/641/558 577/492/362 402/643/560
f 376/630/547 563/684/581 564/686/400
f 428/656/573 591/687/582 430/655/572
f 593/688/583 594/689/583 595/690/583
f 593/688/583 595/690/583 596/691/583
f 593/688/583 596/691/583 597/692/583
f 593/688/583 597/692/583 598/693/583
f 593/688/583 598/693/583 599/694/583
f 593/688/583 599/694/583 600/695/583
f 593/688/583 600/695/583 601/696/583
f 593/688/583 601/696/583 602/697/583
f 593/688/583 602/697/583 603/698/583
f 593/688/583 603/698/583 604/699/583
f 593/688/583 604/699/583 605/700/583
f 593/688/583 605/700/583 594/689/583
f 637/701/427 369/702/362 431/703/427
f 429/704/580 637/701/427 431/703/427
f 738/705/422 429/704/580 427/706/422
f 425/707/420 738/705/422 427/706/422
f 740/708/417 425/707/420 423/709/417
f 735/710/415 423/709/417 421/711/578
f 631/712/413 421/711/578 419/713/413
f 630/714/411 419/713/413 417/715/411
f 629/716/410 417/715/411 415/717/410
f 733/718/408 415/717/410 413/719/576
f 741/720/405 413/719/576 411/721/405
f 409/722/403 741/720/405 411/721/405
f 743/723/400 409/722/403 407/724/400
f 731/725/398 407/724/400 405/726/581
f 623/727/396 405/726/581 403/728/396
f 622/729/394 403/728/396 401/730/394
f 621/731/391 401/730/394 399/732/391
f 729/733/392 399/732/391 397/734/582
f 744/735/387 397/734/582 395/736/387
f 745/737/386 395/736/387 393/738/386
f 746/739/383 393/738/386 391/740/383
f 727/741/381 391/740/383 389/742/579
f 615/743/379 389/742/579 387/744/379
f 385/745/378 615/743/379 387/744/379
f 613/746/375 385/745/378 383/747/375
f 725/748/376 383/747/375 381/749/577
f 747/750/371 381/749/577 379/751/371
f 377/752/369 747/750/371 379/751/371
f 749/753/366 377/752/369 375/754/366
f 723/755/364 375/754/366 373/756/575
f 371/757/361 723/755/364 373/756/575
f 606/758/362 371/757/361 369/759/362
f 637/760/427 638/761/362 606/762/362
f 701/763/427 639/498/362 638/761/362
f 736/764/428 637/760/427 737/765/428
f 757/496/428 701/763/427 736/764/428
f 818/766/422 699/767/424 636/768/424
f 697/769/422 757/496/428 736/764/428
f 819/770/420 838/771/422 818/766/422
f 694/772/420 697/769/422 695/773/420
f 842/774/417 819/770/420 820/775/417
f 692/776/417 695/773/420 693/777/417
f 691/778/418 820/775/417 632/779/418
f 734/780/415 692/776/417 693/777/417
f 689/781/413 735/782/415 631/783/413
f 689/781/413 756/481/415 734/780/415
f 687/784/411 631/783/413 630/785/411
f 686/477/411 689/781/413 687/784/411
f 685/786/410 630/785/411 629/787/410
f 684/476/410 687/784/411 685/786/410
f 733/788/408 685/786/410 629/787/410
f 732/789/408 684/476/410 685/786/410
f 821/790/405 683/791/407 628/792/407
f 680/793/405 732/789/408 681/794/405
f 846/795/403 821/790/405 822/796/403
f 678/797/403 681/794/405 679/798/403
f 848/799/400 822/796/403 823/800/400
f 676/801/400 679/798/403 677/802/400
f 675/803/401 823/800/400 624/804/401
f 754/464/398 677/802/400 730/805/398
f 673/806/396 731/807/398 623/808/396
f 672/462/396 730/805/398 673/806/396
f 671/809/394 623/808/396 622/810/394
f 671/809/394 672/462/396 673/806/396
f 669/811/391 622/810/394 621/812/391
f 668/457/391 671/809/394 669/811/391
f 729/813/392 669/811/391 621/812/391
f 753/458/392 669/811/391 728/814/392
f 850/815/387 620/816/389 824/817/387
f 664/818/387 728/814/392 665/819/387
f 852/820/386 824/817/387 825/821/386
f 662/822/386 665/819/387 663/823/386
f 854/824/383 825/821/386 826/825/383
f 661/826/383 662/822/386 663/823/386
f 659/827/384 826/825/383 616/828/384
f 752/447/381 661/826/383 726/829/381
f 657/830/379 727/831/381 615/832/379
f 656/445/379 726/829/381 657/830/379
f 655/833/378 615/832/379 614/834/378
f 654/444/378 657/830/379 655/833/378
f 653/835/375 614/834/378 613/836/375
f 652/441/375 655/833/378 653/835/375
f 725/837/376 653/835/375 613/836/375
f 751/442/376 653/835/375 724/838/376
f 856/839/371 612/840/373 827/841/371
f 648/842/371 724/838/376 649/843/371
f 858/844/369 827/841/371 828/845/369
f 646/846/369 649/843/371 647/847/369
f 860/848/366 828/845/369 829/849/366
f 644/850/366 647/847/369 645/851/366
f 643/852/367 829/849/366 608/853/367
f 722/854/364 644/850/366 645/851/366
f 641/855/361 723/856/364 607/857/361
f 641/855/361 750/430/364 722/854/364
f 638/858/362 607/857/361 606/859/362
f 639/428/362 641/855/361 638/858/362
f 528/504/433 464/563/481 497/500/430
f 783/860/584 702/861/585 436/862/586
f 437/863/587 702/861/585 704/864/588
f 438/865/589 704/864/588 705/866/590
f 786/867/591 705/866/590 706/868/592
f 788/869/586 707/870/593 444/871/594
f 445/872/595 707/870/593 709/873/596
f 445/872/595 710/874/597 446/875/598
f 791/876/592 710/874/597 711/877/590
f 793/878/594 712/879/587 452/880/599
f 453/881/585 712/879/587 714/882/589
f 454/883/588 714/882/589 715/884/591
f 796/885/590 715/884/591 716/886/597
f 798/887/599 717/888/595 460/889/584
f 461/890/593 717/888/595 719/891/598
f 461/890/593 720/892/592 462/893/596
f 801/894/597 720/892/592 721/895/591
f 803/896/418 722/897/418 802/898/418
f 804/899/389 725/900/389 805/901/389
f 807/902/367 726/903/367 806/904/367
f 808/905/407 729/906/407 809/907/407
f 811/908/384 730/909/384 810/910/384
f 813/911/424 732/912/424 733/913/424
f 815/914/401 734/915/401 814/916/401
f 816/917/373 737/918/373 817/919/373
f 817/920/600 738/921/600 635/922/600
f 635/922/600 739/923/600 634/924/600
f 634/924/600 740/925/600 633/926/600
f 815/927/600 740/925/600 735/928/600
f 813/929/600 741/930/600 627/931/600
f 627/931/600 742/932/600 626/933/600
f 626/933/600 743/934/600 625/935/600
f 811/936/600 743/934/600 731/937/600
f 809/938/600 744/939/600 619/940/600
f 619/940/600 745/941/600 618/942/600
f 618/942/600 746/943/600 617/944/600
f 807/945/600 746/943/600 727/946/600
f 805/947/600 747/948/600 611/949/600
f 610/950/600 747/948/600 748/951/600
f 609/952/600 748/951/600 749/953/600
f 803/954/600 749/953/600 723/955/600
f 830/956/418 703/957/416 783/958/601
f 786/959/602 751/960/389 831/961/389
f 832/962/367 708/963/603 788/964/604
f 791/965/605 753/966/407 833/967/407
f 834/968/384 713/969/382 793/970/606
f 796/971/607 755/972/424 835/973/424
f 836/974/401 718/975/399 798/976/608
f 801/977/609 757/978/373 837/979/373
f 816/980/583 697/981/583 736/982/583
f 837/983/600 696/984/600 759/985/600
f 760/986/583 697/981/583 758/987/583
f 759/985/600 694/988/600 761/989/600
f 760/986/583 693/990/583 695/991/583
f 761/989/600 692/992/600 763/993/600
f 814/994/583 693/990/583 762/995/583
f 836/996/600 692/992/600 756/997/600
f 812/998/583 681/999/583 732/1000/583
f 835/1001/600 680/1002/600 765/1003/600
f 764/1004/583 679/1005/583 681/999/583
f 765/1003/600 678/1006/600 767/1007/600
f 766/1008/583 677/1009/583 679/1005/583
f 767/1007/600 676/1010/600 769/1011/600
f 810/1012/583 677/1009/583 768/1013/583
f 834/1014/600 676/1010/600 754/1015/600
f 808/1016/583 665/1017/583 728/1018/583
f 833/1019/600 664/1020/600 771/1021/600
f 770/1022/583 663/1023/583 665/1017/583
f 771/1021/600 662/1024/600 773/1025/600
f 772/1026/583 661/1027/583 663/1023/583
f 773/1025/600 660/1028/600 775/1029/600
f 806/1030/583 661/1027/583 774/1031/583
f 832/1032/600 660/1028/600 752/1033/600
f 804/1034/583 649/1035/583 724/1036/583
f 831/1037/600 648/1038/600 777/1039/600
f 776/1040/583 647/1041/583 649/1035/583
f 777/1039/600 646/1042/600 779/1043/600
f 778/1044/583 645/1045/583 647/1041/583
f 779/1043/600 644/1046/600 781/1047/600
f 802/1048/583 645/1045/583 780/1049/583
f 830/1050/600 644/1046/600 750/1051/600
f 435/431/610 436/1052/611 782/434/612
f 782/434/612 437/1053/613 784/436/614
f 784/436/614 438/1054/615 785/438/616
f 439/1055/617 438/1054/615 786/1056/618
f 443/448/619 444/1057/620 787/1058/621
f 787/1058/621 445/1059/622 789/451/623
f 789/451/623 446/1060/624 790/454/625
f 447/1061/626 446/1060/624 791/1062/627
f 451/465/628 452/1063/629 792/468/630
f 792/468/630 453/1064/631 794/470/632
f 794/470/632 454/1065/633 795/472/634
f 455/1066/635 454/1065/633 796/1067/636
f 459/482/637 460/1068/638 797/485/639
f 797/485/639 461/1069/640 799/487/641
f 800/489/642 461/1069/640 462/1070/643
f 463/1071/644 462/1070/643 801/1072/645
f 608/853/646 802/1073/646 643/852/646
f 612/840/647 804/1074/647 805/1075/647
f 616/828/648 806/1076/648 659/827/648
f 620/816/649 808/1077/649 809/1078/649
f 624/804/650 810/1079/650 675/803/650
f 628/792/651 812/1080/651 813/1081/651
f 632/779/652 814/1082/652 691/778/652
f 636/768/653 816/1083/653 817/1084/653
f 636/768/654 635/1085/655 818/766/655
f 819/770/656 635/1085/655 634/1086/656
f 820/775/657 634/1086/656 633/1087/657
f 632/779/658 633/1087/657 815/1088/658
f 628/792/659 627/1089/660 821/790/660
f 822/796/661 627/1089/660 626/1090/661
f 823/800/662 626/1090/661 625/1091/662
f 624/804/663 625/1091/662 811/1092/663
f 620/816/664 619/1093/665 824/817/665
f 824/817/665 618/1094/666 825/821/666
f 825/821/666 617/1095/667 826/825/667
f 616/828/668 617/1095/667 807/1096/668
f 612/840/669 611/1097/670 827/841/670
f 827/841/670 610/1098/671 828/845/671
f 828/845/671 609/1099/672 829/849/672
f 608/853/673 609/1099/672 803/1100/673
f 435/431/674 830/1101/646 783/1102/675
f 650/439/647 786/1056/676 831/1103/647
f 658/450/648 788/1104/677 443/448/678
f 447/1061/679 833/1105/649 666/455/649
f 674/467/650 793/1106/680 451/465/681
f 455/1066/682 835/1107/651 682/473/651
f 690/484/652 798/1108/683 459/482/684
f 463/1071/685 837/1109/653 698/490/653
f 699/767/686 758/1110/687 816/1083/686
f 698/490/654 759/1111/655 839/488/655
f 838/771/687 760/1112/688 758/1110/687
f 839/488/655 761/1113/656 841/486/656
f 842/774/689 760/1112/688 840/1114/688
f 843/483/657 761/1113/656 763/1115/657
f 691/778/690 762/1116/689 842/774/689
f 690/484/658 763/1115/657 836/1117/658
f 683/791/691 764/1118/692 812/1080/691
f 682/473/659 765/1119/660 845/471/660
f 846/795/693 764/1118/692 844/1120/692
f 847/469/661 765/1119/660 767/1121/661
f 848/799/694 766/1122/693 846/795/693
f 849/466/662 767/1121/661 769/1123/662
f 675/803/695 768/1124/694 848/799/694
f 674/467/663 769/1123/662 834/1125/663
f 667/1126/696 770/1127/697 808/1077/696
f 666/455/664 771/1128/665 851/453/665
f 852/820/698 770/1127/697 850/815/697
f 853/452/666 771/1128/665 773/1129/666
f 854/824/699 772/1130/698 852/820/698
f 855/449/667 773/1129/666 775/1131/667
f 659/827/700 774/1132/699 854/824/699
f 658/450/668 775/1131/667 832/1133/668
f 651/1134/701 776/1135/702 804/1074/701
f 650/439/669 777/1136/670 857/437/670
f 858/844/703 776/1135/702 856/839/702
f 859/435/671 777/1136/670 779/1137/671
f 860/848/704 778/1138/703 858/844/703
f 859/435/671 781/1139/672 861/432/672
f 643/852/705 780/1140/704 860/848/704
f 642/433/673 781/1139/672 830/1101/673
f 1128/1249/738 1106/1250/739 1102/1251/740
f 1115/1252/741 1117/1253/742 1113/1254/743
f 1120/1255/744 1122/1256/745 1118/1257/746
f 1125/1258/747 1127/1259/748 1123/1260/749
f 1108/1261/750 1116/1262/751 1112/1263/394
f 1104/1264/752 1124/1265/753 1114/1266/754
f 1104/1264/752 1105/1267/755 1106/1250/739
f 1109/1268/756 1110/1269/757 1111/1270/758
f 1114/1266/754 1115/1252/741 1116/1262/751
f 1119/1271/759 1120/1255/744 1121/1272/760
f 1124/1265/753 1125/1258/747 1126/1273/761
f 1129/1274/762 1130/1275/763 1131/1276/764
f 1111/1270/758 1104/1264/752 1109/1268/756
f 1106/1250/739 1103/1277/765 1102/1251/740
f 1108/1261/750 1111/1270/758 1110/1269/757
f 1110/1269/757 1114/1266/754 1116/1262/751
f 1113/1254/743 1116/1262/751 1115/1252/741
f 1121/1272/760 1114/1266/754 1119/1271/759
f 1118/1257/746 1121/1272/760 1120/1255/744
f 1126/1273/761 1119/1271/759 1124/1265/753
f 1123/1260/749 1126/1273/761 1125/1258/747
f 1131/1276/764 1124/1265/753 1129/1274/762
f 1128/1249/738 1131/1276/764 1130/1275/763
f 1130/1275/763 1104/1264/752 1106/1250/739
f 1105/1267/755 1107/1278/766 1103/1277/765
f 1155/1279/767 1132/1280/362 1139/1281/420
f 1134/1282/378 1147/1283/768 1135/1284/386
f 1135/1284/386 1149/1285/769 1136/1286/394
f 1136/1286/394 1151/1287/770 1137/1288/403
f 1137/1288/403 1153/1289/771 1138/1290/411
f 1153/1289/771 1139/1281/420 1138/1290/411
f 1141/1291/772 1133/1292/369 1132/1280/362
f 1143/1293/773 1134/1282/378 1133/1292/369
f 1143/1293/773 1140/1294/774 1142/1295/775
f 1145/1296/776 1142/1295/775 1144/1297/777
f 1145/1296/776 1146/1298/778 1147/1283/768
f 1147/1283/768 1148/1299/779 1149/1285/769
f 1149/1285/769 1150/1300/780 1151/1287/770
f 1153/1289/771 1150/1300/780 1152/1301/781
f 1153/1289/771 1154/1302/782 1155/1279/767
f 1155/1279/767 1140/1294/774 1141/1291/772
f 1152/1301/781 1148/1299/779 1144/1297/777
f 1182/1249/783 1160/1250/784 1156/1251/785
f 1169/1252/786 1171/1253/787 1167/1254/788
f 1174/1255/789 1176/1256/790 1172/1257/791
f 1179/1258/792 1181/1259/793 1177/1260/794
f 1162/1261/795 1170/1262/796 1166/1263/797
f 1158/1264/798 1178/1265/799 1168/1266/800
f 1158/1264/798 1159/1267/801 1160/1250/784
f 1163/1268/802 1164/1269/803 1165/1270/804
f 1168/1266/800 1169/1252/786 1170/1262/796
f 1173/1271/805 1174/1255/789 1175/1272/806
f 1178/1265/799 1179/1258/792 1180/1273/807
f 1183/1274/808 1184/1275/809 1185/1276/810
f 1165/1270/804 1158/1264/798 1163/1268/802
f 1156/1251/785 1159/1267/801 1157/1277/811
f 1162/1261/795 1165/1270/804 1164/1269/803
f 1170/1262/796 1163/1268/802 1168/1266/800
f 1169/1252/786 1166/1263/797 1170/1262/796
f 1169/1252/786 1173/1271/805 1175/1272/806
f 1172/1257/791 1175/1272/806 1174/1255/789
f 1174/1255/789 1178/1265/799 1180/1273/807
f 1179/1258/792 1176/1256/790 1180/1273/807
f 1185/1276/810 1178/1265/799 1183/1274/808
f 1182/1249/783 1185/1276/810 1184/1275/809
f 1184/1275/809 1158/1264/798 1160/1250/784
f 1159/1267/801 1161/1278/812 1157/1277/811
f 1209/1279/813 1186/1280/794 1193/1281/814
f 1188/1282/815 1201/1283/816 1189/1284/817
f 1189/1284/817 1203/1285/818 1190/1286/819
f 1190/1286/819 1205/1287/820 1191/1288/821
f 1191/1288/821 1207/1289/822 1192/1290/823
f 1207/1289/822 1193/1281/814 1192/1290/823
f 1195/1291/824 1187/1292/825 1186/1280/794
f 1197/1293/826 1188/1282/815 1187/1292/825
f 1197/1293/826 1194/1294/827 1196/1295/828
f 1199/1296/829 1196/1295/828 1198/1297/830
f 1201/1283/816 1198/1297/830 1200/1298/831
f 1201/1283/816 1202/1299/832 1203/1285/818
f 1203/1285/818 1204/1300/833 1205/1287/820
f 1205/1287/820 1206/1301/834 1207/1289/822
f 1207/1289/822 1208/1302/835 1209/1279/813
f 1209/1279/813 1194/1294/827 1195/1291/824
f 1206/1301/834 1202/1299/832 1198/1297/830
f 1236/1249/836 1214/1250/837 1210/1251/838
f 1223/1252/839 1225/1253/840 1221/1254/841
f 1228/1255/842 1230/1256/843 1226/1257/844
f 1233/1258/845 1235/1259/846 1231/1260/847
f 1216/1261/848 1224/1262/849 1220/1263/850
f 1212/1264/851 1232/1265/852 1222/1266/853
f 1212/1264/851 1213/1267/854 1214/1250/837
f 1217/1268/855 1218/1269/856 1219/1270/857
f 1222/1266/853 1223/1252/839 1224/1262/849
f 1227/1271/858 1228/1255/842 1229/1272/859
f 1232/1265/852 1233/1258/845 1234/1273/860
f 1237/1274/861 1238/1275/862 1239/1276/863
f 1219/1270/857 1212/1264/851 1217/1268/855
f 1214/1250/837 1211/1277/864 1210/1251/838
f 1216/1261/848 1219/1270/857 1218/1269/856
f 1218/1269/856 1222/1266/853 1224/1262/849
f 1221/1254/841 1224/1262/849 1223/1252/839
f 1229/1272/859 1222/1266/853 1227/1271/858
f 1226/1257/844 1229/1272/859 1228/1255/842
f 1234/1273/860 1227/1271/858 1232/1265/852
f 1231/1260/847 1234/1273/860 1233/1258/845
f 1239/1276/863 1232/1265/852 1237/1274/861
f 1238/1275/862 1235/1259/846 1239/1276/863
f 1238/1275/862 1212/1264/851 1214/1250/837
f 1213/1267/854 1215/1278/865 1211/1277/864
f 1263/1279/866 1240/1280/867 1247/1281/868
f 1253/1296/869 1243/1284/870 1242/1282/871
f 1243/1284/870 1257/1285/872 1244/1286/850
f 1244/1286/850 1259/1287/873 1245/1288/874
f 1259/1287/873 1246/1290/875 1245/1288/874
f 1261/1289/876 1247/1281/868 1246/1290/875
f 1249/1291/877 1241/1292/878 1240/1280/867
f 1251/1293/879 1242/1282/871 1241/1292/878
f 1251/1293/879 1248/1294/880 1250/1295/881
f 1251/1293/879 1252/1297/882 1253/1296/869
f 1255/1283/883 1252/1297/882 1254/1298/884
f 1257/1285/872 1254/1298/884 1256/1299/885
f 1259/1287/873 1256/1299/885 1258/1300/886
f 1259/1287/873 1260/1301/887 1261/1289/876
f 1261/1289/876 1262/1302/888 1263/1279/866
f 1263/1279/866 1248/1294/880 1249/1291/877
f 1260/1301/887 1256/1299/885 1252/1297/882
f 1290/1249/889 1268/1250/890 1264/1251/891
f 1277/1252/892 1279/1253/893 1275/1254/894
f 1282/1255/895 1284/1256/896 1280/1257/897
f 1287/1258/898 1289/1259/899 1285/1260/900
f 1270/1261/901 1278/1262/902 1274/1263/903
f 1266/1264/904 1286/1265/905 1276/1266/906
f 1266/1264/904 1267/1267/907 1268/1250/890
f 1271/1268/908 1272/1269/909 1273/1270/910
f 1276/1266/906 1277/1252/892 1278/1262/902
f 1281/1271/911 1282/1255/895 1283/1272/912
f 1286/1265/905 1287/1258/898 1288/1273/913
f 1291/1274/914 1292/1275/915 1293/1276/916
f 1267/1267/907 1271/1268/908 1273/1270/910
f 1264/1251/891 1267/1267/907 1265/1277/917
f 1270/1261/901 1273/1270/910 1272/1269/909
f 1272/1269/909 1276/1266/906 1278/1262/902
f 1275/1254/894 1278/1262/902 1277/1252/892
f 1277/1252/892 1281/1271/911 1283/1272/912
f 1280/1257/897 1283/1272/912 1282/1255/895
f 1282/1255/895 1286/1265/905 1288/1273/913
f 1285/1260/900 1288/1273/913 1287/1258/898
f 1287/1258/898 1291/1274/914 1293/1276/916
f 1290/1249/889 1293/1276/916 1292/1275/915
f 1292/1275/915 1266/1264/904 1268/1250/890
f 1265/1277/917 1273/1270/910 1269/1278/918
f 1317/1279/919 1294/1280/920 1301/1281/921
f 1296/1282/922 1309/1283/923 1297/1284/924
f 1297/1284/924 1311/1285/925 1298/1286/903
f 1298/1286/903 1313/1287/926 1299/1288/927
f 1313/1287/926 1300/1290/928 1299/1288/927
f 1315/1289/929 1301/1281/921 1300/1290/928
f 1303/1291/930 1295/1292/931 1294/1280/920
f 1295/1292/931 1307/1296/932 1296/1282/922
f 1305/1293/933 1302/1294/934 1304/1295/935
f 1305/1293/933 1306/1297/936 1307/1296/932
f 1307/1296/932 1308/1298/937 1309/1283/923
f 1309/1283/923 1310/1299/938 1311/1285/925
f 1311/1285/925 1312/1300/939 1313/1287/926
f 1313/1287/926 1314/1301/940 1315/1289/929
f 1317/1279/919 1314/1301/940 1316/1302/941
f 1303/1291/930 1316/1302/941 1302/1294/934
f 1314/1301/940 1310/1299/938 1306/1297/936
f 1344/1249/942 1322/1250/943 1318/1251/944
f 1331/1252/945 1333/1253/946 1329/1254/947
f 1336/1255/948 1338/1256/949 1334/1257/950
f 1341/1258/951 1343/1259/952 1339/1260/953
f 1324/1261/954 1332/1262/955 1328/1263/956
f 1320/1264/957 1340/1265/958 1330/1266/959
f 1320/1264/957 1321/1267/960 1322/1250/943
f 1325/1268/961 1326/1269/962 1327/1270/963
f 1330/1266/959 1331/1252/945 1332/1262/955
f 1335/1271/964 1336/1255/948 1337/1272/965
f 1340/1265/958 1341/1258/951 1342/1273/966
f 1345/1274/967 1346/1275/968 1347/1276/969
f 1327/1270/963 1320/1264/957 1325/1268/961
f 1322/1250/943 1319/1277/970 1318/1251/944
f 1324/1261/954 1327/1270/963 1326/1269/962
f 1332/1262/955 1325/1268/961 1330/1266/959
f 1329/1254/947 1332/1262/955 1331/1252/945
f 1337/1272/965 1330/1266/959 1335/1271/964
f 1336/1255/948 1333/1253/946 1337/1272/965
f 1336/1255/948 1340/1265/958 1342/1273/966
f 1339/1260/953 1342/1273/966 1341/1258/951
f 1341/1258/951 1345/1274/967 1347/1276/969
f 1344/1249/942 1347/1276/969 1346/1275/968
f 1322/1250/943 1345/1274/967 1320/1264/957
f 1321/1267/960 1323/1278/971 1319/1277/970
f 1371/1279/972 1348/1280/973 1355/1281/974
f 1350/1282/975 1363/1283/976 1351/1284/977
f 1351/1284/977 1365/1285/978 1352/1286/956
f 1365/1285/978 1353/1288/979 1352/1286/956
f 1367/1287/980 1354/1290/981 1353/1288/979
f 1369/1289/982 1355/1281/974 1354/1290/981
f 1357/1291/983 1349/1292/984 1348/1280/973
f 1359/1293/985 1350/1282/975 1349/1292/984
f 1357/1291/983 1358/1295/986 1359/1293/985
f 1359/1293/985 1360/1297/987 1361/1296/988
f 1363/1283/976 1360/1297/987 1362/1298/989
f 1363/1283/976 1364/1299/990 1365/1285/978
f 1365/1285/978 1366/1300/991 1367/1287/980
f 1367/1287/980 1368/1301/992 1369/1289/982
f 1371/1279/972 1368/1301/992 1370/1302/993
f 1357/1291/983 1370/1302/993 1356/1294/994
f 1368/1301/992 1364/1299/990 1360/1297/987
f 1398/1249/995 1376/1250/996 1372/1251/997
f 1385/1252/998 1387/1253/999 1383/1254/1000
f 1390/1255/1001 1392/1256/1002 1388/1257/1003
f 1395/1258/1004 1397/1259/1005 1393/1260/1006
f 1378/1261/1007 1386/1262/1008 1382/1263/1009
f 1374/1264/1010 1394/1265/1011 1384/1266/1012
f 1374/1264/1010 1375/1267/1013 1376/1250/996
f 1379/1268/1014 1380/1269/1015 1381/1270/1016
f 1384/1266/1012 1385/1252/998 1386/1262/1008
f 1389/1271/1017 1390/1255/1001 1391/1272/1018
f 1394/1265/1011 1395/1258/1004 1396/1273/1019
f 1399/1274/1020 1400/1275/1021 1401/1276/1022
f 1375/1267/1013 1379/1268/1014 1381/1270/1016
f 1376/1250/996 1373/1277/1023 1372/1251/997
f 1378/1261/1007 1381/1270/1016 1380/1269/1015
f 1380/1269/1015 1384/1266/1012 1386/1262/1008
f 1383/1254/1000 1386/1262/1008 1385/1252/998
f 1385/1252/998 1389/1271/1017 1391/1272/1018
f 1388/1257/1003 1391/1272/1018 1390/1255/1001
f 1390/1255/1001 1394/1265/1011 1396/1273/1019
f 1393/1260/1006 1396/1273/1019 1395/1258/1004
f 1401/1276/1022 1394/1265/1011 1399/1274/1020
f 1398/1249/995 1401/1276/1022 1400/1275/1021
f 1400/1275/1021 1374/1264/1010 1376/1250/996
f 1375/1267/1013 1377/1278/1024 1373/1277/1023
f 1425/1279/1025 1402/1280/1026 1409/1281/1027
f 1404/1282/1028 1417/1283/1029 1405/1284/1030
f 1405/1284/1030 1419/1285/1031 1406/1286/1009
f 1406/1286/1009 1421/1287/1032 1407/1288/1033
f 1421/1287/1032 1408/1290/1034 1407/1288/1033
f 1423/1289/1035 1409/1281/1027 1408/1290/1034
f 1411/1291/1036 1403/1292/1037 1402/1280/1026
f 1413/1293/1038 1404/1282/1028 1403/1292/1037
f 1411/1291/1036 1412/1295/1039 1413/1293/1038
f 1413/1293/1038 1414/1297/1040 1415/1296/1041
f 1415/1296/1041 1416/1298/1042 1417/1283/1029
f 1419/1285/1031 1416/1298/1042 1418/1299/1043
f 1419/1285/1031 1420/1300/1044 1421/1287/1032
f 1421/1287/1032 1422/1301/1045 1423/1289/1035
f 1423/1289/1035 1424/1302/1046 1425/1279/1025
f 1411/1291/1036 1424/1302/1046 1410/1294/1047
f 1422/1301/1045 1418/1299/1043 1414/1297/1040
f 1452/1249/1048 1430/1250/1049 1426/1251/1050
f 1439/1252/1051 1441/1253/1052 1437/1254/1053
f 1444/1255/1054 1446/1256/1055 1442/1257/1056
f 1449/1258/1057 1451/1259/1058 1447/1260/1059
f 1432/1261/1060 1440/1262/1061 1436/1263/1062
f 1428/1264/1063 1448/1265/1064 1438/1266/1065
f 1428/1264/1063 1429/1267/1066 1430/1250/1049
f 1433/1268/1067 1434/1269/1068 1435/1270/1069
f 1438/1266/1065 1439/1252/1051 1440/1262/1061
f 1443/1271/1070 1444/1255/1054 1445/1272/1071
f 1448/1265/1064 1449/1258/1057 1450/1273/1072
f 1453/1274/1073 1454/1275/1074 1455/1276/1075
f 1429/1267/1066 1433/1268/1067 1435/1270/1069
f 1430/1250/1049 1427/1277/1076 1426/1251/1050
f 1432/1261/1060 1435/1270/1069 1434/1269/1068
f 1440/1262/1061 1433/1268/1067 1438/1266/1065
f 1437/1254/1053 1440/1262/1061 1439/1252/1051
f 1439/1252/1051 1443/1271/1070 1445/1272/1071
f 1442/1257/1056 1445/1272/1071 1444/1255/1054
f 1444/1255/1054 1448/1265/1064 1450/1273/1072
f 1447/1260/1059 1450/1273/1072 1449/1258/1057
f 1455/1276/1075 1448/1265/1064 1453/1274/1073
f 1452/1249/1048 1455/1276/1075 1454/1275/1074
f 1454/1275/1074 1428/1264/1063 1430/1250/1049
f 1429/1267/1066 1431/1278/1077 1427/1277/1076
f 1479/1279/1078 1456/1280/1079 1463/1281/1080
f 1458/1282/1081 1471/1283/1082 1459/1284/1083
f 1459/1284/1083 1473/1285/1084 1460/1286/1062
f 1460/1286/1062 1475/1287/1085 1461/1288/1086
f 1475/1287/1085 1462/1290/1087 1461/1288/1086
f 1477/1289/1088 1463/1281/1080 1462/1290/1087
f 1465/1291/1089 1457/1292/1090 1456/1280/1079
f 1467/1293/1091 1458/1282/1081 1457/1292/1090
f 1465/1291/1089 1466/1295/1092 1467/1293/1091
f 1467/1293/1091 1468/1297/1093 1469/1296/1094
f 1469/1296/1094 1470/1298/1095 1471/1283/1082
f 1471/1283/1082 1472/1299/1096 1473/1285/1084
f 1473/1285/1084 1474/1300/1097 1475/1287/1085
f 1477/1289/1088 1474/1300/1097 1476/1301/1098
f 1477/1289/1088 1478/1302/1099 1479/1279/1078
f 1465/1291/1089 1478/1302/1099 1464/1294/1100
f 1476/1301/1098 1472/1299/1096 1468/1297/1093
f 1506/1249/1101 1484/1250/1102 1480/1251/1103
f 1493/1252/1104 1495/1253/1105 1491/1254/1106
f 1498/1255/1107 1500/1256/1108 1496/1257/1109
f 1503/1258/1110 1505/1259/1111 1501/1260/1112
f 1486/1261/1113 1494/1262/1114 1490/1263/1115
f 1482/1264/1116 1502/1265/1117 1492/1266/1118
f 1482/1264/1116 1483/1267/1119 1484/1250/1102
f 1487/1268/1120 1488/1269/1121 1489/1270/1122
f 1492/1266/1118 1493/1252/1104 1494/1262/1114
f 1497/1271/1123 1498/1255/1107 1499/1272/1124
f 1502/1265/1117 1503/1258/1110 1504/1273/1125
f 1507/1274/1126 1508/1275/1127 1509/1276/1128
f 1483/1267/1119 1487/1268/1120 1489/1270/1122
f 1484/1250/1102 1481/1277/1129 1480/1251/1103
f 1486/1261/1113 1489/1270/1122 1488/1269/1121
f 1488/1269/1121 1492/1266/1118 1494/1262/1114
f 1491/1254/1106 1494/1262/1114 1493/1252/1104
f 1493/1252/1104 1497/1271/1123 1499/1272/1124
f 1496/1257/1109 1499/1272/1124 1498/1255/1107
f 1498/1255/1107 1502/1265/1117 1504/1273/1125
f 1501/1260/1112 1504/1273/1125 1503/1258/1110
f 1509/1276/1128 1502/1265/1117 1507/1274/1126
f 1506/1249/1101 1509/1276/1128 1508/1275/1127
f 1508/1275/1127 1482/1264/1116 1484/1250/1102
f 1483/1267/1119 1485/1278/1130 1481/1277/1129
f 1533/1279/1131 1510/1280/1132 1517/1281/1133
f 1523/1296/1134 1513/1284/1135 1512/1282/1136
f 1513/1284/1135 1527/1285/1137 1514/1286/1115
f 1527/1285/1137 1515/1288/1138 1514/1286/1115
f 1515/1288/1138 1531/1289/1139 1516/1290/1140
f 1531/1289/1139 1517/1281/1133 1516/1290/1140
f 1519/1291/1141 1511/1292/1142 1510/1280/1132
f 1521/1293/1143 1512/1282/1136 1511/1292/1142
f 1521/1293/1143 1518/1294/1144 1520/1295/1145
f 1523/1296/1134 1520/1295/1145 1522/1297/1146
f 1523/1296/1134 1524/1298/1147 1525/1283/1148
f 1525/1283/1148 1526/1299/1149 1527/1285/1137
f 1527/1285/1137 1528/1300/1150 1529/1287/1151
f 1531/1289/1139 1528/1300/1150 1530/1301/1152
f 1533/1279/1131 1530/1301/1152 1532/1302/1153
f 1519/1291/1141 1532/1302/1153 1518/1294/1144
f 1530/1301/1152 1526/1299/1149 1522/1297/1146
f 1562/1275/1154 1534/1251/1155 1560/1249/1156
f 1547/1252/1157 1549/1253/1158 1545/1254/1159
f 1552/1255/1160 1554/1256/1161 1550/1257/1162
f 1557/1258/1163 1559/1259/1164 1555/1260/1165
f 1540/1261/1166 1548/1262/1167 1544/1263/1168
f 1536/1264/1169 1556/1265/1170 1546/1266/1171
f 1536/1264/1169 1537/1267/1172 1538/1250/1173
f 1541/1268/1174 1542/1269/1175 1543/1270/1176
f 1546/1266/1171 1547/1252/1157 1548/1262/1167
f 1551/1271/1177 1552/1255/1160 1553/1272/1178
f 1556/1265/1170 1557/1258/1163 1558/1273/1179
f 1561/1274/1180 1562/1275/1154 1563/1276/1181
f 1543/1270/1176 1536/1264/1169 1541/1268/1174
f 1534/1251/1155 1537/1267/1172 1535/1277/1182
f 1540/1261/1166 1543/1270/1176 1542/1269/1175
f 1542/1269/1175 1546/1266/1171 1548/1262/1167
f 1545/1254/1159 1548/1262/1167 1547/1252/1157
f 1553/1272/1178 1546/1266/1171 1551/1271/1177
f 1550/1257/1162 1553/1272/1178 1552/1255/1160
f 1558/1273/1179 1551/1271/1177 1556/1265/1170
f 1557/1258/1163 1554/1256/1161 1558/1273/1179
f 1563/1276/1181 1556/1265/1170 1561/1274/1180
f 1560/1249/1156 1563/1276/1181 1562/1275/1154
f 1562/1275/1154 1536/1264/1169 1538/1250/1173
f 1537/1267/1172 1539/1278/1183 1535/1277/1182
f 1587/1279/1184 1564/1280/1165 1571/1281/1185
f 1577/1296/1186 1567/1284/1187 1566/1282/1188
f 1567/1284/1187 1581/1285/1189 1568/1286/1168
f 1568/1286/1168 1583/1287/1190 1569/1288/1191
f 1569/1288/1191 1585/1289/1192 1570/1290/1193
f 1585/1289/1192 1571/1281/1185 1570/1290/1193
f 1573/1291/1194 1565/1292/1195 1564/1280/1165
f 1575/1293/1196 1566/1282/1188 1565/1292/1195
f 1575/1293/1196 1572/1294/1197 1574/1295/1198
f 1577/1296/1186 1574/1295/1198 1576/1297/1199
f 1577/1296/1186 1578/1298/1200 1579/1283/1201
f 1581/1285/1189 1578/1298/1200 1580/1299/1202
f 1581/1285/1189 1582/1300/1203 1583/1287/1190
f 1583/1287/1190 1584/1301/1204 1585/1289/1192
f 1587/1279/1184 1584/1301/1204 1586/1302/1205
f 1573/1291/1194 1586/1302/1205 1572/1294/1197
f 1584/1301/1204 1580/1299/1202 1576/1297/1199
f 1614/1249/1206 1592/1250/1207 1588/1251/1208
f 1601/1252/1209 1603/1253/1210 1599/1254/1211
f 1606/1255/1212 1608/1256/1213 1604/1257/1214
f 1611/1258/1215 1613/1259/1216 1609/1260/1217
f 1594/1261/1218 1602/1262/1219 1598/1263/1220
f 1590/1264/1221 1610/1265/1222 1600/1266/1223
f 1590/1264/1221 1591/1267/1224 1592/1250/1207
f 1595/1268/1225 1596/1269/1226 1597/1270/1227
f 1600/1266/1223 1601/1252/1209 1602/1262/1219
f 1605/1271/1228 1606/1255/1212 1607/1272/1229
f 1610/1265/1222 1611/1258/1215 1612/1273/1230
f 1615/1274/1231 1616/1275/1232 1617/1276/1233
f 1591/1267/1224 1595/1268/1225 1597/1270/1227
f 1588/1251/1208 1591/1267/1224 1589/1277/1234
f 1594/1261/1218 1597/1270/1227 1596/1269/1226
f 1596/1269/1226 1600/1266/1223 1602/1262/1219
f 1599/1254/1211 1602/1262/1219 1601/1252/1209
f 1601/1252/1209 1605/1271/1228 1607/1272/1229
f 1604/1257/1214 1607/1272/1229 1606/1255/1212
f 1612/1273/1230 1605/1271/1228 1610/1265/1222
f 1609/1260/1217 1612/1273/1230 1611/1258/1215
f 1611/1258/1215 1615/1274/1231 1617/1276/1233
f 1614/1249/1206 1617/1276/1233 1616/1275/1232
f 1616/1275/1232 1590/1264/1221 1592/1250/1207
f 1591/1267/1224 1593/1278/1235 1589/1277/1234
f 1641/1279/1236 1618/1280/1237 1625/1281/1238
f 1620/1282/1155 1633/1283/1239 1621/1284/1240
f 1621/1284/1240 1635/1285/1241 1622/1286/1220
f 1622/1286/1220 1637/1287/1242 1623/1288/1243
f 1623/1288/1243 1639/1289/1244 1624/1290/1245
f 1639/1289/1244 1625/1281/1238 1624/1290/1245
f 1627/1291/1246 1619/1292/1247 1618/1280/1237
f 1629/1293/1248 1620/1282/1155 1619/1292/1247
f 1627/1291/1246 1628/1295/1249 1629/1293/1248
f 1631/1296/1250 1628/1295/1249 1630/1297/1251
f 1633/1283/1239 1630/1297/1251 1632/1298/1252
f 1633/1283/1239 1634/1299/1253 1635/1285/1241
f 1635/1285/1241 1636/1300/1254 1637/1287/1242
f 1639/1289/1244 1636/1300/1254 1638/1301/1255
f 1641/1279/1236 1638/1301/1255 1640/1302/1256
f 1627/1291/1246 1640/1302/1256 1626/1294/1257
f 1638/1301/1255 1634/1299/1253 1630/1297/1251
f 1668/1249/1258 1646/1250/1259 1642/1251/1260
f 1655/1252/1261 1657/1253/1262 1653/1254/1263
f 1660/1255/1264 1662/1256/1265 1658/1257/1266
f 1665/1258/1267 1667/1259/1268 1663/1260/1269
f 1648/1261/1270 1656/1262/1271 1652/1263/1272
f 1644/1264/1273 1664/1265/1274 1654/1266/1275
f 1644/1264/1273 1645/1267/1276 1646/1250/1259
f 1649/1268/1277 1650/1269/1278 1651/1270/1279
f 1654/1266/1275 1655/1252/1261 1656/1262/1271
f 1659/1271/1280 1660/1255/1264 1661/1272/1281
f 1664/1265/1274 1665/1258/1267 1666/1273/1282
f 1669/1274/1283 1670/1275/1284 1671/1276/1285
f 1645/1267/1276 1649/1268/1277 1651/1270/1279
f 1646/1250/1259 1643/1277/1286 1642/1251/1260
f 1648/1261/1270 1651/1270/1279 1650/1269/1278
f 1656/1262/1271 1649/1268/1277 1654/1266/1275
f 1653/1254/1263 1656/1262/1271 1655/1252/1261
f 1655/1252/1261 1659/1271/1280 1661/1272/1281
f 1658/1257/1266 1661/1272/1281 1660/1255/1264
f 1660/1255/1264 1664/1265/1274 1666/1273/1282
f 1663/1260/1269 1666/1273/1282 1665/1258/1267
f 1665/1258/1267 1669/1274/1283 1671/1276/1285
f 1670/1275/1284 1667/1259/1268 1671/1276/1285
f 1670/1275/1284 1644/1264/1273 1646/1250/1259
f 1645/1267/1276 1647/1278/1287 1643/1277/1286
f 1695/1279/1288 1672/1280/1289 1679/1281/1290
f 1674/1282/1291 1687/1283/1292 1675/1284/1293
f 1675/1284/1293 1689/1285/1294 1676/1286/1272
f 1676/1286/1272 1691/1287/1295 1677/1288/1296
f 1677/1288/1296 1693/1289/1297 1678/1290/1298
f 1693/1289/1297 1679/1281/1290 1678/1290/1298
f 1681/1291/1299 1673/1292/1300 1672/1280/1289
f 1673/1292/1300 1685/1296/1301 1674/1282/1291
f 1683/1293/1302 1680/1294/1303 1682/1295/1304
f 1683/1293/1302 1684/1297/1305 1685/1296/1301
f 1687/1283/1292 1684/1297/1305 1686/1298/1306
f 1687/1283/1292 1688/1299/1307 1689/1285/1294
f 1691/1287/1295 1688/1299/1307 1690/1300/1308
f 1693/1289/1297 1690/1300/1308 1692/1301/1309
f 1695/1279/1288 1692/1301/1309 1694/1302/1310
f 1681/1291/1299 1694/1302/1310 1680/1294/1303
f 1692/1301/1309 1688/1299/1307 1684/1297/1305
f 1722/1249/1311 1700/1250/1312 1696/1251/1313
f 1709/1252/1314 1711/1253/1315 1707/1254/1316
f 1712/1257/1317 1720/1273/1318 1716/1256/1319
f 1719/1258/1320 1721/1259/1321 1717/1260/1322
f 1704/1269/1323 1706/1263/1324 1702/1261/1325
f 1698/1264/1326 1718/1265/1327 1708/1266/1328
f 1698/1264/1326 1699/1267/1329 1700/1250/1312
f 1703/1268/1330 1704/1269/1323 1705/1270/1331
f 1708/1266/1328 1709/1252/1314 1710/1262/1332
f 1713/1271/1333 1714/1255/1334 1715/1272/1335
f 1718/1265/1327 1719/1258/1320 1720/1273/1318
f 1723/1274/1336 1724/1275/1337 1725/1276/1338
f 1705/1270/1331 1698/1264/1326 1703/1268/1330
f 1700/1250/1312 1697/1277/1339 1696/1251/1313
f 1704/1269/1323 1701/1278/1340 1705/1270/1331
f 1710/1262/1332 1703/1268/1330 1708/1266/1328
f 1707/1254/1316 1710/1262/1332 1709/1252/1314
f 1715/1272/1335 1708/1266/1328 1713/1271/1333
f 1712/1257/1317 1715/1272/1335 1714/1255/1334
f 1720/1273/1318 1713/1271/1333 1718/1265/1327
f 1717/1260/1322 1720/1273/1318 1719/1258/1320
f 1725/1276/1338 1718/1265/1327 1723/1274/1336
f 1724/1275/1337 1721/1259/1321 1725/1276/1338
f 1724/1275/1337 1698/1264/1326 1700/1250/1312
f 1699/1267/1329 1701/1278/1340 1697/1277/1339
f 1749/1279/1341 1726/1280/1342 1733/1281/1343
f 1739/1296/1344 1729/1284/1345 1728/1282/1346
f 1729/1284/1345 1743/1285/1347 1730/1286/1348
f 1730/1286/1348 1745/1287/1349 1731/1288/1350
f 1731/1288/1350 1747/1289/1351 1732/1290/1352
f 1747/1289/1351 1733/1281/1343 1732/1290/1352
f 1735/1291/1353 1727/1292/1354 1726/1280/1342
f 1737/1293/1355 1728/1282/1346 1727/1292/1354
f 1737/1293/1355 1734/1294/1356 1736/1295/1357
f 1739/1296/1344 1736/1295/1357 1738/1297/1358
f 1739/1296/1344 1740/1298/1359 1741/1283/1360
f 1741/1283/1360 1742/1299/1361 1743/1285/1347
f 1743/1285/1347 1744/1300/1362 1745/1287/1349
f 1745/1287/1349 1746/1301/1363 1747/1289/1351
f 1749/1279/1341 1746/1301/1363 1748/1302/1364
f 1735/1291/1353 1748/1302/1364 1734/1294/1356
f 1746/1301/1363 1742/1299/1361 1738/1297/1358
f 203/1/1 202/257/212 204/2/2
f 135/4/4 134/88/88 132/5/5
f 207/7/7 205/3/3 204/2/2
f 210/9/9 212/267/214 213/10/10
f 197/12/12 231/140/140 194/13/13
f 213/10/10 212/267/214 214/15/15
f 217/17/17 216/216/205 153/18/18
f 152/20/20 85/24/24 84/21/21
f 87/23/23 86/27/27 84/21/21
f 150/25/25 152/20/20 151/22/22
f 86/27/27 87/23/23 89/28/28
f 105/30/30 107/36/36 106/31/31
f 93/33/33 225/277/220 77/34/34
f 107/36/36 78/297/233 108/37/37
f 191/38/38 190/111/111 192/39/39
f 95/41/41 97/123/123 96/42/42
f 101/44/44 100/48/48 98/45/45
f 103/47/47 102/52/52 100/48/48
f 167/49/49 169/168/168 170/50/50
f 102/52/52 103/47/47 105/30/30
f 141/53/53 143/83/83 142/54/54
f 110/56/56 79/302/236 111/57/57
f 125/59/59 80/304/237 126/60/60
f 180/62/62 179/136/136 177/63/63
f 112/65/65 115/112/112 114/66/66
f 119/68/68 118/72/72 116/69/69
f 121/71/71 120/75/75 118/72/72
f 45/73/73 114/66/66 116/69/69
f 120/75/75 121/71/71 123/76/76
f 207/7/7 206/8/8 208/78/78
f 128/80/80 81/308/239 129/81/81
f 143/83/83 82/310/240 144/84/84
f 130/85/85 133/6/6 132/5/5
f 137/87/87 136/90/90 134/88/88
f 139/89/89 138/93/93 136/90/90
f 56/91/91 132/5/5 134/88/88
f 138/93/93 139/89/89 141/53/53
f 158/94/94 157/132/132 159/95/95
f 146/97/97 237/290/231 83/98/98
f 95/41/41 94/43/43 92/35/35
f 148/100/100 150/25/25 149/26/26
f 153/18/18 155/131/131 156/102/102
f 221/103/103 75/273/217 91/104/104
f 200/106/106 202/257/212 203/1/1
f 197/12/12 196/14/14 198/108/108
f 89/28/28 221/103/103 90/105/105
f 112/65/65 113/67/67 109/58/58
f 191/38/38 189/114/114 188/110/110
f 117/70/70 116/69/69 114/66/66
f 186/113/113 188/110/110 189/114/114
f 184/116/116 186/113/113 187/115/115
f 180/62/62 181/64/64 182/118/118
f 130/85/85 131/86/86 127/82/82
f 123/76/76 125/59/59 124/61/61
f 174/120/120 172/235/209 171/121/121
f 99/46/46 98/45/45 96/42/42
f 165/124/124 167/49/49 168/51/51
f 36/126/126 96/42/42 98/45/45
f 164/128/128 163/228/208 165/124/124
f 174/120/120 173/122/122 175/129/129
f 148/100/100 147/101/101 145/99/99
f 158/94/94 156/102/102 155/131/131
f 31/133/133 30/153/153 151/22/22
f 226/130/130 175/129/129 176/134/134
f 179/136/136 70/299/234 178/137/137
f 228/40/40 192/39/39 193/138/138
f 231/140/140 230/284/226 195/141/141
f 232/79/79 208/78/78 209/142/142
f 235/11/11 234/288/230 211/144/144
f 223/145/145 222/275/219 162/146/146
f 218/96/96 159/95/95 160/148/148
f 1/150/150 85/24/24 152/20/20
f 28/152/152 149/26/26 151/22/22
f 33/154/154 87/23/23 85/24/24
f 29/155/155 69/151/151 152/20/20
f 32/156/156 86/27/27 88/29/29
f 33/154/154 34/314/206 89/28/28
f 3/158/158 2/157/157 88/29/29
f 3/158/158 90/105/105 91/104/104
f 6/160/160 5/295/207 93/33/33
f 6/160/160 92/35/35 94/43/43
f 36/126/126 35/161/161 94/43/43
f 37/162/162 97/123/123 95/41/41
f 37/162/162 38/166/166 99/46/46
f 8/127/127 98/45/45 100/48/48
f 39/165/165 101/44/44 99/46/46
f 10/167/167 171/121/121 169/168/168
f 40/170/169 103/47/47 101/44/44
f 36/171/126 8/233/127 167/49/49
f 10/172/167 102/52/52 104/32/32
f 40/170/169 42/175/172 105/30/30
f 11/174/171 41/173/170 104/32/32
f 42/175/172 43/315/222 107/36/36
f 11/174/171 106/31/31 108/37/37
f 14/177/174 13/301/210 110/56/56
f 16/178/175 112/65/65 111/57/57
f 14/177/174 109/58/58 113/67/67
f 45/73/73 44/180/177 113/67/67
f 17/181/178 115/112/112 112/65/65
f 48/182/179 19/183/180 118/72/72
f 19/183/180 46/74/74 116/69/69
f 47/184/181 119/68/68 117/70/70
f 45/186/73 46/246/74 184/116/116
f 49/187/183 121/71/71 119/68/68
f 17/188/178 183/119/119 185/117/117
f 48/182/179 120/75/75 122/77/77
f 49/187/183 51/192/186 123/76/76
f 20/191/185 50/190/184 122/77/77
f 51/192/186 52/318/224 125/59/59
f 20/191/185 124/61/61 126/60/60
f 22/194/188 53/307/211 128/80/80
f 23/195/189 130/85/85 129/81/81
f 22/194/188 127/82/82 131/86/86
f 56/91/91 55/197/191 131/86/86
f 57/198/192 133/6/6 130/85/85
f 61/199/193 59/200/194 136/90/90
f 59/200/194 58/92/92 134/88/88
f 24/201/195 60/204/197 137/87/87
f 56/202/91 58/259/92 200/106/106
f 62/203/196 139/89/89 137/87/87
f 57/205/192 199/109/109 201/107/107
f 61/199/193 138/93/93 140/55/55
f 62/203/196 64/209/200 141/53/53
f 25/208/199 63/207/198 140/55/55
f 64/209/200 65/320/227 143/83/83
f 25/208/199 142/54/54 144/84/84
f 68/211/202 67/313/213 146/97/97
f 68/211/202 145/99/99 147/101/101
f 28/152/152 26/212/203 147/101/101
f 29/155/155 150/25/25 148/100/100
f 32/214/156 155/131/131 153/18/18
f 31/215/133 153/18/18 216/216/205
f 69/218/151 217/17/17 154/19/19
f 28/220/152 30/217/153 216/216/205
f 33/221/154 1/219/150 154/19/19
f 29/222/155 215/16/16 217/17/17
f 32/214/156 2/225/157 157/132/132
f 34/223/206 33/221/154 156/102/102
f 3/224/158 159/95/95 157/132/132
f 198/108/108 200/106/106 201/107/107
f 3/224/158 4/292/159 160/148/148
f 6/226/160 161/147/147 162/146/146
f 6/226/160 35/229/161 163/228/208
f 36/171/126 165/124/124 163/228/208
f 7/230/163 164/128/128 166/125/125
f 37/231/162 166/125/125 168/51/51
f 8/233/127 9/169/164 169/168/168
f 38/232/166 168/51/51 170/50/50
f 39/234/165 170/50/50 172/235/209
f 10/172/167 9/164/164 100/48/48
f 10/167/167 41/239/170 173/122/122
f 42/237/172 40/236/169 172/235/209
f 11/238/171 175/129/129 173/122/122
f 215/16/16 214/15/15 216/216/205
f 11/238/171 12/296/173 176/134/134
f 14/240/174 177/63/63 178/137/137
f 16/242/175 15/316/176 179/136/136
f 14/240/174 44/243/177 181/64/64
f 45/186/73 182/118/118 181/64/64
f 16/242/175 180/62/62 183/119/119
f 48/244/179 188/110/110 186/113/113
f 186/113/113 184/116/116 46/246/74
f 47/247/181 18/189/182 185/117/117
f 18/185/182 117/70/70 115/112/112
f 47/247/181 187/115/115 189/114/114
f 48/244/179 50/251/184 190/111/111
f 51/249/186 49/248/183 189/114/114
f 20/250/185 192/39/39 190/111/111
f 182/118/118 184/116/116 185/117/117
f 20/250/185 21/303/187 193/138/138
f 22/252/188 194/13/13 195/141/141
f 22/252/188 55/254/191 196/14/14
f 56/202/91 198/108/108 196/14/14
f 23/255/189 197/12/12 199/109/109
f 61/256/193 204/2/2 202/257/212
f 59/258/194 202/257/212 200/106/106
f 24/206/195 201/107/107 203/1/1
f 135/4/4 133/6/6 57/198/192
f 60/260/197 203/1/1 205/3/3
f 61/256/193 63/264/198 206/8/8
f 64/262/200 62/261/196 205/3/3
f 25/263/199 208/78/78 206/8/8
f 25/263/199 66/309/201 209/142/142
f 68/265/202 210/9/9 211/144/144
f 68/265/202 26/268/203 212/267/214
f 28/220/152 214/15/15 212/267/214
f 27/269/204 213/10/10 215/16/16
f 32/156/156 31/133/133 84/21/21
f 74/270/215 218/96/96 219/149/149
f 74/272/215 220/293/216 75/273/217
f 224/274/218 76/294/221 222/275/219
f 224/276/218 77/34/34 225/277/220
f 43/279/222 226/130/130 227/135/135
f 52/281/224 228/40/40 229/139/139
f 54/283/190 240/306/238 230/284/226
f 65/285/227 232/79/79 233/143/143
f 236/287/229 73/312/232 234/288/230
f 236/289/229 83/98/98 237/290/231
f 220/271/216 219/149/149 160/148/148
f 4/159/159 91/104/104 75/273/217
f 76/294/221 5/227/207 162/146/146
f 5/295/207 76/278/221 225/277/220
f 238/280/223 227/135/135 176/134/134
f 12/176/173 108/37/37 78/297/233
f 13/241/210 178/137/137 70/299/234
f 13/301/210 239/317/235 79/302/236
f 21/303/187 71/282/225 229/139/139
f 21/193/187 126/60/60 80/304/237
f 53/253/211 195/141/141 230/284/226
f 53/307/211 240/319/238 81/308/239
f 66/309/201 72/286/228 233/143/143
f 66/210/201 144/84/84 82/310/240
f 67/266/213 211/144/144 234/288/230
f 67/313/213 73/291/232 237/290/231
f 34/314/206 74/272/215 221/103/103
f 7/163/163 95/41/41 77/34/34
f 27/213/204 148/100/100 83/98/98
f 34/223/206 158/94/94 218/96/96
f 7/230/163 224/274/218 223/145/145
f 42/237/172 174/120/120 226/130/130
f 51/249/186 191/38/38 228/40/40
f 23/255/189 54/283/190 231/140/140
f 64/262/200 207/7/7 232/79/79
f 27/269/204 236/287/229 235/11/11
f 43/315/222 238/298/223 78/297/233
f 15/316/176 239/300/235 70/299/234
f 15/179/176 111/57/57 79/302/236
f 52/318/224 71/305/225 80/304/237
f 54/196/190 129/81/81 81/308/239
f 65/320/227 72/311/228 82/310/240
f 169/168/168 171/121/121 172/235/209
f 164/128/128 223/145/145 161/147/147
f 241/321/241 244/331/251 296/322/242
f 297/324/244 300/347/292 263/325/245
f 246/327/247 249/338/258 250/328/248
f 242/330/250 243/392/326 244/331/251
f 245/332/252 246/327/247 247/329/249
f 257/334/254 258/344/265 255/335/255
f 251/337/257 252/407/341 250/328/248
f 253/339/259 254/336/256 255/335/255
f 289/331/261 292/321/290 294/341/262
f 259/343/264 260/419/353 258/344/265
f 261/345/266 262/326/246 263/325/245
f 269/325/268 265/347/274 268/324/269
f 277/335/271 273/344/278 276/334/272
f 265/347/274 266/372/306 267/348/275
f 269/325/268 270/326/270 272/349/276
f 273/344/278 274/423/357 275/351/279
f 285/329/280 281/328/285 284/338/281
f 277/335/271 278/336/273 280/352/283
f 281/328/285 282/1331/1388 283/354/286
f 285/329/280 286/327/282 288/355/287
f 289/331/261 290/388/322 291/357/289
f 298/358/291 299/376/310 300/347/292
f 293/342/263 294/341/262 302/359/293
f 303/361/295 295/323/243 296/322/242
f 310/363/297 271/350/277 272/349/276
f 310/363/297 305/364/298 306/365/299
f 261/345/266 264/346/267 317/367/301
f 308/369/303 307/368/302 317/367/301
f 316/371/305 312/374/308 267/348/275
f 316/371/305 313/1332/1389 311/373/307
f 298/358/291 314/378/312 355/375/309
f 315/377/311 362/1333/1390 355/375/309
f 352/379/313 301/360/294 302/359/293
f 352/379/313 318/380/314 319/381/315
f 303/361/295 304/362/296 359/383/317
f 320/385/319 321/384/318 359/383/317
f 328/387/321 324/390/324 291/357/289
f 328/387/321 325/1334/1391 323/389/323
f 242/330/250 326/394/328 357/391/325
f 327/393/327 363/1335/1392 357/391/325
f 334/395/329 287/356/288 288/355/287
f 334/395/329 329/396/330 330/397/331
f 245/332/252 248/333/253 356/399/333
f 331/401/335 332/400/334 356/399/333
f 283/354/286 282/1331/1388 339/403/337
f 339/403/337 337/1336/1393 335/405/339
f 251/337/257 338/409/343 353/406/340
f 340/408/342 365/1337/1394 353/406/340
f 346/410/344 279/353/284 280/352/283
f 346/410/344 341/411/345 342/412/346
f 253/339/259 256/340/260 354/414/348
f 343/416/350 344/415/349 354/414/348
f 259/343/264 347/421/355 358/418/352
f 348/420/354 367/1338/1395 358/418/352
f 368/422/356 350/425/359 275/351/279
f 368/422/356 351/1339/1396 349/424/358
f 434/426/360 433/429/363 640/427/361
f 433/429/363 703/1340/436 750/430/364
f 435/431/365 782/434/368 861/432/366
f 782/434/368 784/436/370 859/435/369
f 784/436/370 785/438/372 857/437/371
f 785/438/372 439/1055/1397 650/439/373
f 706/440/374 440/1341/445 652/441/375
f 652/441/375 440/1341/445 441/443/377
f 441/443/377 442/446/380 656/445/379
f 442/446/380 708/1342/447 752/447/381
f 443/448/382 787/1058/1398 855/449/383
f 855/449/383 787/1058/1398 789/451/385
f 789/451/385 790/454/388 851/453/387
f 790/454/388 447/1061/1399 666/455/389
f 711/456/390 448/459/393 668/457/391
f 448/459/393 449/461/395 670/460/394
f 449/461/395 450/463/397 672/462/396
f 450/463/397 713/1343/459 754/464/398
f 451/465/399 792/468/402 849/466/400
f 792/468/402 794/470/404 847/469/403
f 794/470/404 795/472/406 845/471/405
f 795/472/406 455/1066/1400 682/473/407
f 755/474/408 716/1344/469 456/475/409
f 456/475/409 457/478/412 686/477/411
f 457/478/412 458/480/414 688/479/413
f 458/480/414 718/1345/472 756/481/415
f 459/482/416 797/485/419 843/483/417
f 797/485/419 799/487/421 841/486/420
f 799/487/421 800/489/423 839/488/422
f 800/489/423 463/1071/1401 698/490/424
f 404/491/425 402/643/560 577/492/362
f 721/494/426 464/1346/481 700/495/427
f 700/495/427 464/1346/481 434/497/360
f 466/499/429 528/504/433 497/500/430
f 527/502/432 433/506/363 434/503/360
f 526/505/434 703/508/436 433/506/363
f 526/505/434 525/509/437 702/507/435
f 525/509/437 524/511/439 704/510/438
f 524/511/439 523/514/442 705/512/440
f 522/513/441 706/516/374 705/512/440
f 521/515/443 440/518/445 706/516/374
f 520/517/444 441/520/377 440/518/445
f 519/519/446 442/522/380 441/520/377
f 519/519/446 518/524/449 708/521/447
f 517/523/448 707/526/451 708/521/447
f 516/525/450 709/528/453 707/526/451
f 515/527/452 710/530/455 709/528/453
f 514/529/454 711/532/390 710/530/455
f 513/531/456 448/534/393 711/532/390
f 512/533/457 449/536/395 448/534/393
f 511/535/458 450/538/397 449/536/395
f 511/535/458 510/539/460 713/537/459
f 510/539/460 509/542/463 712/540/461
f 508/541/462 714/544/465 712/540/461
f 507/543/464 715/546/467 714/544/465
f 506/545/466 716/548/469 715/546/467
f 505/547/468 456/550/409 716/548/469
f 504/549/470 457/552/412 456/550/409
f 504/549/470 503/553/471 458/551/414
f 503/553/471 502/555/473 718/554/472
f 502/555/473 501/557/475 717/556/474
f 501/557/475 500/560/478 719/558/476
f 499/559/477 720/562/480 719/558/476
f 498/561/479 721/564/426 720/562/480
f 498/561/479 497/500/430 464/563/481
f 530/565/482 529/567/484 465/566/483
f 529/567/484 531/570/487 467/568/485
f 532/569/486 468/572/489 467/568/485
f 533/571/488 469/574/491 468/572/489
f 534/573/490 470/576/493 469/574/491
f 535/575/492 471/578/495 470/576/493
f 535/575/492 536/579/496 472/577/494
f 536/579/496 537/582/499 473/580/497
f 538/581/498 474/584/501 473/580/497
f 539/583/500 475/586/503 474/584/501
f 540/585/502 476/588/505 475/586/503
f 541/587/504 477/590/507 476/588/505
f 541/587/504 542/592/509 478/589/506
f 543/591/508 479/594/511 478/589/506
f 543/591/508 544/596/513 480/593/510
f 545/595/512 481/598/515 480/593/510
f 545/595/512 546/600/517 482/597/514
f 547/599/516 483/602/519 482/597/514
f 548/601/518 484/604/521 483/602/519
f 549/603/520 485/606/523 484/604/521
f 549/603/520 550/608/525 486/605/522
f 551/607/524 487/610/527 486/605/522
f 551/607/524 552/611/528 488/609/526
f 552/611/528 553/614/531 489/612/529
f 554/613/530 490/616/533 489/612/529
f 555/615/532 491/618/535 490/616/533
f 556/617/534 492/620/537 491/618/535
f 557/619/536 493/622/539 492/620/537
f 557/619/536 558/624/541 494/621/538
f 559/623/540 495/625/542 494/621/538
f 559/623/540 560/626/543 496/501/431
f 530/565/482 466/499/429 496/501/431
f 465/566/483 527/502/432 528/504/433
f 467/568/485 526/505/434 527/502/432
f 467/568/485 468/572/489 525/509/437
f 469/574/491 524/511/439 525/509/437
f 470/576/493 523/514/442 524/511/439
f 471/578/495 522/513/441 523/514/442
f 471/578/495 472/577/494 521/515/443
f 473/580/497 520/517/444 521/515/443
f 474/584/501 519/519/446 520/517/444
f 475/586/503 518/524/449 519/519/446
f 476/588/505 517/523/448 518/524/449
f 477/590/507 516/525/450 517/523/448
f 477/590/507 478/589/506 515/527/452
f 478/589/506 479/594/511 514/529/454
f 479/594/511 480/593/510 513/531/456
f 481/598/515 512/533/457 513/531/456
f 482/597/514 511/535/458 512/533/457
f 483/602/519 510/539/460 511/535/458
f 484/604/521 509/542/463 510/539/460
f 485/606/523 508/541/462 509/542/463
f 485/606/523 486/605/522 507/543/464
f 486/605/522 487/610/527 506/545/466
f 488/609/526 505/547/468 506/545/466
f 488/609/526 489/612/529 504/549/470
f 489/612/529 490/616/533 503/553/471
f 491/618/535 502/555/473 503/553/471
f 492/620/537 501/557/475 502/555/473
f 493/622/539 500/560/478 501/557/475
f 493/622/539 494/621/538 499/559/477
f 495/625/542 498/561/479 499/559/477
f 495/625/542 496/501/431 497/500/430
f 370/627/544 372/629/546 529/567/484
f 374/628/545 531/570/487 529/567/484
f 376/630/547 532/569/486 531/570/487
f 378/631/548 533/571/488 532/569/486
f 380/632/549 534/573/490 533/571/488
f 380/632/549 382/633/550 535/575/492
f 382/633/550 384/635/552 536/579/496
f 386/634/551 537/582/499 536/579/496
f 388/636/553 538/581/498 537/582/499
f 390/637/554 539/583/500 538/581/498
f 392/638/555 540/585/502 539/583/500
f 392/638/555 394/639/556 541/587/504
f 394/639/556 396/640/557 542/592/509
f 396/640/557 398/642/559 543/591/508
f 400/641/558 544/596/513 543/591/508
f 402/643/560 545/595/512 544/596/513
f 404/491/425 546/600/517 545/595/512
f 406/644/561 547/599/516 546/600/517
f 408/645/562 548/601/518 547/599/516
f 410/646/563 549/603/520 548/601/518
f 410/646/563 412/648/565 550/608/525
f 414/647/564 551/607/524 550/608/525
f 416/649/566 552/611/528 551/607/524
f 418/650/567 553/614/531 552/611/528
f 420/651/568 554/613/530 553/614/531
f 420/651/568 422/652/569 555/615/532
f 422/652/569 424/653/570 556/617/534
f 424/653/570 426/654/571 557/619/536
f 426/654/571 428/656/573 558/624/541
f 430/655/572 559/623/540 558/624/541
f 432/657/574 560/626/543 559/623/540
f 370/627/544 530/565/482 560/626/543
f 376/630/547 564/686/400 565/658/403
f 430/655/572 591/687/582 592/659/391
f 404/491/425 578/493/361 579/660/575
f 378/631/548 565/658/403 566/661/405
f 370/627/544 432/657/574 592/659/391
f 406/644/561 579/660/575 580/663/366
f 380/632/549 566/661/405 567/664/576
f 408/645/562 580/663/366 581/665/369
f 382/633/550 567/664/576 568/666/410
f 410/646/563 581/665/369 582/667/371
f 384/635/552 568/666/410 569/668/411
f 412/648/565 582/667/371 583/669/577
f 386/634/551 569/668/411 570/670/413
f 416/649/566 414/647/564 583/669/577
f 388/636/553 570/670/413 571/672/578
f 416/649/566 584/671/375 585/673/378
f 390/637/554 571/672/578 572/674/417
f 418/650/567 585/673/378 586/675/379
f 394/639/556 392/638/555 572/674/417
f 420/651/568 586/675/379 587/677/579
f 394/639/556 573/676/420 574/678/422
f 422/652/569 587/677/579 588/679/383
f 396/640/557 574/678/422 575/680/580
f 370/627/544 562/662/394 561/681/396
f 424/653/570 588/679/383 589/682/386
f 398/642/559 575/680/580 576/683/427
f 372/629/546 561/681/396 563/684/581
f 428/656/573 426/654/571 589/682/386
f 400/641/558 576/683/427 577/492/362
f 376/630/547 374/628/545 563/684/581
f 428/656/573 590/685/387 591/687/582
f 637/701/427 606/1347/362 369/702/362
f 429/704/580 737/1348/428 637/701/427
f 738/705/422 737/1348/428 429/704/580
f 425/707/420 739/1349/420 738/705/422
f 740/708/417 739/1349/420 425/707/420
f 735/710/415 740/708/417 423/709/417
f 631/712/413 735/710/415 421/711/578
f 630/714/411 631/712/413 419/713/413
f 629/716/410 630/714/411 417/715/411
f 733/718/408 629/716/410 415/717/410
f 741/720/405 733/718/408 413/719/576
f 409/722/403 742/1350/403 741/720/405
f 743/723/400 742/1350/403 409/722/403
f 731/725/398 743/723/400 407/724/400
f 623/727/396 731/725/398 405/726/581
f 622/729/394 623/727/396 403/728/396
f 621/731/391 622/729/394 401/730/394
f 729/733/392 621/731/391 399/732/391
f 744/735/387 729/733/392 397/734/582
f 745/737/386 744/735/387 395/736/387
f 746/739/383 745/737/386 393/738/386
f 727/741/381 746/739/383 391/740/383
f 615/743/379 727/741/381 389/742/579
f 385/745/378 614/1351/378 615/743/379
f 613/746/375 614/1351/378 385/745/378
f 725/748/376 613/746/375 383/747/375
f 747/750/371 725/748/376 381/749/577
f 377/752/369 748/1352/369 747/750/371
f 749/753/366 748/1352/369 377/752/369
f 723/755/364 749/753/366 375/754/366
f 371/757/361 607/1353/361 723/755/364
f 606/758/362 607/1353/361 371/757/361
f 637/760/427 701/763/427 638/761/362
f 701/763/427 700/495/427 639/498/362
f 736/764/428 701/763/427 637/760/427
f 757/496/428 700/495/427 701/763/427
f 818/766/422 838/771/422 699/767/424
f 697/769/422 696/1354/422 757/496/428
f 819/770/420 840/1114/420 838/771/422
f 694/772/420 696/1354/422 697/769/422
f 842/774/417 840/1114/420 819/770/420
f 692/776/417 694/772/420 695/773/420
f 691/778/418 842/774/417 820/775/417
f 734/780/415 756/481/415 692/776/417
f 689/781/413 734/780/415 735/782/415
f 689/781/413 688/479/413 756/481/415
f 687/784/411 689/781/413 631/783/413
f 686/477/411 688/479/413 689/781/413
f 685/786/410 687/784/411 630/785/411
f 684/476/410 686/477/411 687/784/411
f 733/788/408 732/789/408 685/786/410
f 732/789/408 755/474/408 684/476/410
f 821/790/405 844/1120/405 683/791/407
f 680/793/405 755/474/408 732/789/408
f 846/795/403 844/1120/405 821/790/405
f 678/797/403 680/793/405 681/794/405
f 848/799/400 846/795/403 822/796/403
f 676/801/400 678/797/403 679/798/403
f 675/803/401 848/799/400 823/800/400
f 754/464/398 676/801/400 677/802/400
f 673/806/396 730/805/398 731/807/398
f 672/462/396 754/464/398 730/805/398
f 671/809/394 673/806/396 623/808/396
f 671/809/394 670/460/394 672/462/396
f 669/811/391 671/809/394 622/810/394
f 668/457/391 670/460/394 671/809/394
f 729/813/392 728/814/392 669/811/391
f 753/458/392 668/457/391 669/811/391
f 850/815/387 667/1126/389 620/816/389
f 664/818/387 753/458/392 728/814/392
f 852/820/386 850/815/387 824/817/387
f 662/822/386 664/818/387 665/819/387
f 854/824/383 852/820/386 825/821/386
f 661/826/383 660/1355/383 662/822/386
f 659/827/384 854/824/383 826/825/383
f 752/447/381 660/1355/383 661/826/383
f 657/830/379 726/829/381 727/831/381
f 656/445/379 752/447/381 726/829/381
f 655/833/378 657/830/379 615/832/379
f 654/444/378 656/445/379 657/830/379
f 653/835/375 655/833/378 614/834/378
f 652/441/375 654/444/378 655/833/378
f 725/837/376 724/838/376 653/835/375
f 751/442/376 652/441/375 653/835/375
f 856/839/371 651/1134/373 612/840/373
f 648/842/371 751/442/376 724/838/376
f 858/844/369 856/839/371 827/841/371
f 646/846/369 648/842/371 649/843/371
f 860/848/366 858/844/369 828/845/369
f 644/850/366 646/846/369 647/847/369
f 643/852/367 860/848/366 829/849/366
f 722/854/364 750/430/364 644/850/366
f 641/855/361 722/854/364 723/856/364
f 641/855/361 640/427/361 750/430/364
f 638/858/362 641/855/361 607/857/361
f 639/428/362 640/427/361 641/855/361
f 528/504/433 434/503/360 464/563/481
f 783/860/584 703/1356/599 702/861/585
f 437/863/587 436/862/586 702/861/585
f 438/865/589 437/863/587 704/864/588
f 786/867/591 438/865/589 705/866/590
f 788/869/586 708/1357/584 707/870/593
f 445/872/595 444/871/594 707/870/593
f 445/872/595 709/873/596 710/874/597
f 791/876/592 446/875/598 710/874/597
f 793/878/594 713/1358/586 712/879/587
f 453/881/585 452/880/599 712/879/587
f 454/883/588 453/881/585 714/882/589
f 796/885/590 454/883/588 715/884/591
f 798/887/599 718/1359/594 717/888/595
f 461/890/593 460/889/584 717/888/595
f 461/890/593 719/891/598 720/892/592
f 801/894/597 462/893/596 720/892/592
f 803/896/418 723/1360/418 722/897/418
f 804/899/389 724/1361/389 725/900/389
f 807/902/367 727/1362/367 726/903/367
f 808/905/407 728/1363/407 729/906/407
f 811/908/384 731/1364/384 730/909/384
f 813/911/424 812/1365/424 732/912/424
f 815/914/401 735/1366/401 734/915/401
f 816/917/373 736/1367/373 737/918/373
f 817/920/600 737/1368/600 738/921/600
f 635/922/600 738/921/600 739/923/600
f 634/924/600 739/923/600 740/925/600
f 815/927/600 633/926/600 740/925/600
f 813/929/600 733/1369/600 741/930/600
f 627/931/600 741/930/600 742/932/600
f 626/933/600 742/932/600 743/934/600
f 811/936/600 625/935/600 743/934/600
f 809/938/600 729/1370/600 744/939/600
f 619/940/600 744/939/600 745/941/600
f 618/942/600 745/941/600 746/943/600
f 807/945/600 617/944/600 746/943/600
f 805/947/600 725/1371/600 747/948/600
f 610/950/600 611/949/600 747/948/600
f 609/952/600 610/950/600 748/951/600
f 803/954/600 609/952/600 749/953/600
f 830/956/418 750/1372/418 703/957/416
f 786/959/602 706/1373/1399 751/960/389
f 832/962/367 752/1374/367 708/963/603
f 791/965/605 711/1375/1400 753/966/407
f 834/968/384 754/1376/384 713/969/382
f 796/971/607 716/1377/1401 755/972/424
f 836/974/401 756/1378/401 718/975/399
f 801/977/609 721/1379/1397 757/978/373
f 816/980/583 758/987/583 697/981/583
f 837/983/600 757/1380/600 696/984/600
f 760/986/583 695/991/583 697/981/583
f 759/985/600 696/984/600 694/988/600
f 760/986/583 762/995/583 693/990/583
f 761/989/600 694/988/600 692/992/600
f 814/994/583 734/1381/583 693/990/583
f 836/996/600 763/993/600 692/992/600
f 812/998/583 764/1004/583 681/999/583
f 835/1001/600 755/1382/600 680/1002/600
f 764/1004/583 766/1008/583 679/1005/583
f 765/1003/600 680/1002/600 678/1006/600
f 766/1008/583 768/1013/583 677/1009/583
f 767/1007/600 678/1006/600 676/1010/600
f 810/1012/583 730/1383/583 677/1009/583
f 834/1014/600 769/1011/600 676/1010/600
f 808/1016/583 770/1022/583 665/1017/583
f 833/1019/600 753/1384/600 664/1020/600
f 770/1022/583 772/1026/583 663/1023/583
f 771/1021/600 664/1020/600 662/1024/600
f 772/1026/583 774/1031/583 661/1027/583
f 773/1025/600 662/1024/600 660/1028/600
f 806/1030/583 726/1385/583 661/1027/583
f 832/1032/600 775/1029/600 660/1028/600
f 804/1034/583 776/1040/583 649/1035/583
f 831/1037/600 751/1386/600 648/1038/600
f 776/1040/583 778/1044/583 647/1041/583
f 777/1039/600 648/1038/600 646/1042/600
f 778/1044/583 780/1049/583 645/1045/583
f 779/1043/600 646/1042/600 644/1046/600
f 802/1048/583 722/1387/583 645/1045/583
f 830/1050/600 781/1047/600 644/1046/600
f 435/431/610 783/1102/1402 436/1052/611
f 782/434/612 436/1052/611 437/1053/613
f 784/436/614 437/1053/613 438/1054/615
f 439/1055/617 785/438/616 438/1054/615
f 443/448/619 788/1104/1403 444/1057/620
f 787/1058/621 444/1057/620 445/1059/622
f 789/451/623 445/1059/622 446/1060/624
f 447/1061/626 790/454/625 446/1060/624
f 451/465/628 793/1106/1404 452/1063/629
f 792/468/630 452/1063/629 453/1064/631
f 794/470/632 453/1064/631 454/1065/633
f 455/1066/635 795/472/634 454/1065/633
f 459/482/637 798/1108/1405 460/1068/638
f 797/485/639 460/1068/638 461/1069/640
f 800/489/642 799/487/641 461/1069/640
f 463/1071/644 800/489/642 462/1070/643
f 608/853/646 803/1100/646 802/1073/646
f 612/840/647 651/1134/647 804/1074/647
f 616/828/648 807/1096/648 806/1076/648
f 620/816/649 667/1126/649 808/1077/649
f 624/804/650 811/1092/650 810/1079/650
f 628/792/651 683/791/651 812/1080/651
f 632/779/652 815/1088/652 814/1082/652
f 636/768/653 699/767/653 816/1083/653
f 636/768/654 817/1084/654 635/1085/655
f 819/770/656 818/766/655 635/1085/655
f 820/775/657 819/770/656 634/1086/656
f 632/779/658 820/775/657 633/1087/657
f 628/792/659 813/1081/659 627/1089/660
f 822/796/661 821/790/660 627/1089/660
f 823/800/662 822/796/661 626/1090/661
f 624/804/663 823/800/662 625/1091/662
f 620/816/664 809/1078/664 619/1093/665
f 824/817/665 619/1093/665 618/1094/666
f 825/821/666 618/1094/666 617/1095/667
f 616/828/668 826/825/667 617/1095/667
f 612/840/669 805/1075/669 611/1097/670
f 827/841/670 611/1097/670 610/1098/671
f 828/845/671 610/1098/671 609/1099/672
f 608/853/673 829/849/672 609/1099/672
f 435/431/674 642/433/646 830/1101/646
f 650/439/647 439/1055/1406 786/1056/676
f 658/450/648 832/1133/648 788/1104/677
f 447/1061/679 791/1062/1407 833/1105/649
f 674/467/650 834/1125/650 793/1106/680
f 455/1066/682 796/1067/1408 835/1107/651
f 690/484/652 836/1117/652 798/1108/683
f 463/1071/685 801/1072/1409 837/1109/653
f 699/767/686 838/771/687 758/1110/687
f 698/490/654 837/1109/654 759/1111/655
f 838/771/687 840/1114/688 760/1112/688
f 839/488/655 759/1111/655 761/1113/656
f 842/774/689 762/1116/689 760/1112/688
f 843/483/657 841/486/656 761/1113/656
f 691/778/690 814/1082/690 762/1116/689
f 690/484/658 843/483/657 763/1115/657
f 683/791/691 844/1120/692 764/1118/692
f 682/473/659 835/1107/659 765/1119/660
f 846/795/693 766/1122/693 764/1118/692
f 847/469/661 845/471/660 765/1119/660
f 848/799/694 768/1124/694 766/1122/693
f 849/466/662 847/469/661 767/1121/661
f 675/803/695 810/1079/695 768/1124/694
f 674/467/663 849/466/662 769/1123/662
f 667/1126/696 850/815/697 770/1127/697
f 666/455/664 833/1105/664 771/1128/665
f 852/820/698 772/1130/698 770/1127/697
f 853/452/666 851/453/665 771/1128/665
f 854/824/699 774/1132/699 772/1130/698
f 855/449/667 853/452/666 773/1129/666
f 659/827/700 806/1076/700 774/1132/699
f 658/450/668 855/449/667 775/1131/667
f 651/1134/701 856/839/702 776/1135/702
f 650/439/669 831/1103/669 777/1136/670
f 858/844/703 778/1138/703 776/1135/702
f 859/435/671 857/437/670 777/1136/670
f 860/848/704 780/1140/704 778/1138/703
f 859/435/671 779/1137/671 781/1139/672
f 643/852/705 802/1073/705 780/1140/704
f 642/433/673 861/432/672 781/1139/672
f 1128/1249/738 1130/1275/763 1106/1250/739
f 1115/1252/741 1121/1272/760 1117/1253/742
f 1120/1255/744 1126/1273/761 1122/1256/745
f 1125/1258/747 1131/1276/764 1127/1259/748
f 1108/1261/750 1110/1269/757 1116/1262/751
f 1114/1266/754 1109/1268/756 1104/1264/752
f 1104/1264/752 1129/1274/762 1124/1265/753
f 1124/1265/753 1119/1271/759 1114/1266/754
f 1111/1270/758 1105/1267/755 1104/1264/752
f 1106/1250/739 1105/1267/755 1103/1277/765
f 1108/1261/750 1107/1278/766 1111/1270/758
f 1110/1269/757 1109/1268/756 1114/1266/754
f 1113/1254/743 1112/1263/394 1116/1262/751
f 1121/1272/760 1115/1252/741 1114/1266/754
f 1118/1257/746 1117/1253/742 1121/1272/760
f 1126/1273/761 1120/1255/744 1119/1271/759
f 1123/1260/749 1122/1256/745 1126/1273/761
f 1131/1276/764 1125/1258/747 1124/1265/753
f 1128/1249/738 1127/1259/748 1131/1276/764
f 1130/1275/763 1129/1274/762 1104/1264/752
f 1105/1267/755 1111/1270/758 1107/1278/766
f 1155/1279/767 1141/1291/772 1132/1280/362
f 1134/1282/378 1145/1296/776 1147/1283/768
f 1135/1284/386 1147/1283/768 1149/1285/769
f 1136/1286/394 1149/1285/769 1151/1287/770
f 1137/1288/403 1151/1287/770 1153/1289/771
f 1153/1289/771 1155/1279/767 1139/1281/420
f 1141/1291/772 1143/1293/773 1133/1292/369
f 1143/1293/773 1145/1296/776 1134/1282/378
f 1143/1293/773 1141/1291/772 1140/1294/774
f 1145/1296/776 1143/1293/773 1142/1295/775
f 1145/1296/776 1144/1297/777 1146/1298/778
f 1147/1283/768 1146/1298/778 1148/1299/779
f 1149/1285/769 1148/1299/779 1150/1300/780
f 1153/1289/771 1151/1287/770 1150/1300/780
f 1153/1289/771 1152/1301/781 1154/1302/782
f 1155/1279/767 1154/1302/782 1140/1294/774
f 1144/1297/777 1142/1295/775 1140/1294/774
f 1140/1294/774 1154/1302/782 1152/1301/781
f 1152/1301/781 1150/1300/780 1148/1299/779
f 1148/1299/779 1146/1298/778 1144/1297/777
f 1144/1297/777 1140/1294/774 1152/1301/781
f 1182/1249/783 1184/1275/809 1160/1250/784
f 1169/1252/786 1175/1272/806 1171/1253/787
f 1174/1255/789 1180/1273/807 1176/1256/790
f 1179/1258/792 1185/1276/810 1181/1259/793
f 1162/1261/795 1164/1269/803 1170/1262/796
f 1168/1266/800 1163/1268/802 1158/1264/798
f 1158/1264/798 1183/1274/808 1178/1265/799
f 1178/1265/799 1173/1271/805 1168/1266/800
f 1165/1270/804 1159/1267/801 1158/1264/798
f 1156/1251/785 1160/1250/784 1159/1267/801
f 1162/1261/795 1161/1278/812 1165/1270/804
f 1170/1262/796 1164/1269/803 1163/1268/802
f 1169/1252/786 1167/1254/788 1166/1263/797
f 1169/1252/786 1168/1266/800 1173/1271/805
f 1172/1257/791 1171/1253/787 1175/1272/806
f 1174/1255/789 1173/1271/805 1178/1265/799
f 1179/1258/792 1177/1260/794 1176/1256/790
f 1185/1276/810 1179/1258/792 1178/1265/799
f 1182/1249/783 1181/1259/793 1185/1276/810
f 1184/1275/809 1183/1274/808 1158/1264/798
f 1159/1267/801 1165/1270/804 1161/1278/812
f 1209/1279/813 1195/1291/824 1186/1280/794
f 1188/1282/815 1199/1296/829 1201/1283/816
f 1189/1284/817 1201/1283/816 1203/1285/818
f 1190/1286/819 1203/1285/818 1205/1287/820
f 1191/1288/821 1205/1287/820 1207/1289/822
f 1207/1289/822 1209/1279/813 1193/1281/814
f 1195/1291/824 1197/1293/826 1187/1292/825
f 1197/1293/826 1199/1296/829 1188/1282/815
f 1197/1293/826 1195/1291/824 1194/1294/827
f 1199/1296/829 1197/1293/826 1196/1295/828
f 1201/1283/816 1199/1296/829 1198/1297/830
f 1201/1283/816 1200/1298/831 1202/1299/832
f 1203/1285/818 1202/1299/832 1204/1300/833
f 1205/1287/820 1204/1300/833 1206/1301/834
f 1207/1289/822 1206/1301/834 1208/1302/835
f 1209/1279/813 1208/1302/835 1194/1294/827
f 1198/1297/830 1196/1295/828 1194/1294/827
f 1194/1294/827 1208/1302/835 1206/1301/834
f 1206/1301/834 1204/1300/833 1202/1299/832
f 1202/1299/832 1200/1298/831 1198/1297/830
f 1198/1297/830 1194/1294/827 1206/1301/834
f 1236/1249/836 1238/1275/862 1214/1250/837
f 1223/1252/839 1229/1272/859 1225/1253/840
f 1228/1255/842 1234/1273/860 1230/1256/843
f 1233/1258/845 1239/1276/863 1235/1259/846
f 1216/1261/848 1218/1269/856 1224/1262/849
f 1222/1266/853 1217/1268/855 1212/1264/851
f 1212/1264/851 1237/1274/861 1232/1265/852
f 1232/1265/852 1227/1271/858 1222/1266/853
f 1219/1270/857 1213/1267/854 1212/1264/851
f 1214/1250/837 1213/1267/854 1211/1277/864
f 1216/1261/848 1215/1278/865 1219/1270/857
f 1218/1269/856 1217/1268/855 1222/1266/853
f 1221/1254/841 1220/1263/850 1224/1262/849
f 1229/1272/859 1223/1252/839 1222/1266/853
f 1226/1257/844 1225/1253/840 1229/1272/859
f 1234/1273/860 1228/1255/842 1227/1271/858
f 1231/1260/847 1230/1256/843 1234/1273/860
f 1239/1276/863 1233/1258/845 1232/1265/852
f 1238/1275/862 1236/1249/836 1235/1259/846
f 1238/1275/862 1237/1274/861 1212/1264/851
f 1213/1267/854 1219/1270/857 1215/1278/865
f 1263/1279/866 1249/1291/877 1240/1280/867
f 1253/1296/869 1255/1283/883 1243/1284/870
f 1243/1284/870 1255/1283/883 1257/1285/872
f 1244/1286/850 1257/1285/872 1259/1287/873
f 1259/1287/873 1261/1289/876 1246/1290/875
f 1261/1289/876 1263/1279/866 1247/1281/868
f 1249/1291/877 1251/1293/879 1241/1292/878
f 1251/1293/879 1253/1296/869 1242/1282/871
f 1251/1293/879 1249/1291/877 1248/1294/880
f 1251/1293/879 1250/1295/881 1252/1297/882
f 1255/1283/883 1253/1296/869 1252/1297/882
f 1257/1285/872 1255/1283/883 1254/1298/884
f 1259/1287/873 1257/1285/872 1256/1299/885
f 1259/1287/873 1258/1300/886 1260/1301/887
f 1261/1289/876 1260/1301/887 1262/1302/888
f 1263/1279/866 1262/1302/888 1248/1294/880
f 1252/1297/882 1250/1295/881 1248/1294/880
f 1248/1294/880 1262/1302/888 1260/1301/887
f 1260/1301/887 1258/1300/886 1256/1299/885
f 1256/1299/885 1254/1298/884 1252/1297/882
f 1252/1297/882 1248/1294/880 1260/1301/887
f 1290/1249/889 1292/1275/915 1268/1250/890
f 1277/1252/892 1283/1272/912 1279/1253/893
f 1282/1255/895 1288/1273/913 1284/1256/896
f 1287/1258/898 1293/1276/916 1289/1259/899
f 1270/1261/901 1272/1269/909 1278/1262/902
f 1276/1266/906 1271/1268/908 1266/1264/904
f 1266/1264/904 1291/1274/914 1286/1265/905
f 1286/1265/905 1281/1271/911 1276/1266/906
f 1267/1267/907 1266/1264/904 1271/1268/908
f 1264/1251/891 1268/1250/890 1267/1267/907
f 1270/1261/901 1269/1278/918 1273/1270/910
f 1272/1269/909 1271/1268/908 1276/1266/906
f 1275/1254/894 1274/1263/903 1278/1262/902
f 1277/1252/892 1276/1266/906 1281/1271/911
f 1280/1257/897 1279/1253/893 1283/1272/912
f 1282/1255/895 1281/1271/911 1286/1265/905
f 1285/1260/900 1284/1256/896 1288/1273/913
f 1287/1258/898 1286/1265/905 1291/1274/914
f 1290/1249/889 1289/1259/899 1293/1276/916
f 1292/1275/915 1291/1274/914 1266/1264/904
f 1265/1277/917 1267/1267/907 1273/1270/910
f 1317/1279/919 1303/1291/930 1294/1280/920
f 1296/1282/922 1307/1296/932 1309/1283/923
f 1297/1284/924 1309/1283/923 1311/1285/925
f 1298/1286/903 1311/1285/925 1313/1287/926
f 1313/1287/926 1315/1289/929 1300/1290/928
f 1315/1289/929 1317/1279/919 1301/1281/921
f 1303/1291/930 1305/1293/933 1295/1292/931
f 1295/1292/931 1305/1293/933 1307/1296/932
f 1305/1293/933 1303/1291/930 1302/1294/934
f 1305/1293/933 1304/1295/935 1306/1297/936
f 1307/1296/932 1306/1297/936 1308/1298/937
f 1309/1283/923 1308/1298/937 1310/1299/938
f 1311/1285/925 1310/1299/938 1312/1300/939
f 1313/1287/926 1312/1300/939 1314/1301/940
f 1317/1279/919 1315/1289/929 1314/1301/940
f 1303/1291/930 1317/1279/919 1316/1302/941
f 1306/1297/936 1304/1295/935 1302/1294/934
f 1302/1294/934 1316/1302/941 1314/1301/940
f 1314/1301/940 1312/1300/939 1310/1299/938
f 1310/1299/938 1308/1298/937 1306/1297/936
f 1306/1297/936 1302/1294/934 1314/1301/940
f 1344/1249/942 1346/1275/968 1322/1250/943
f 1331/1252/945 1337/1272/965 1333/1253/946
f 1336/1255/948 1342/1273/966 1338/1256/949
f 1341/1258/951 1347/1276/969 1343/1259/952
f 1324/1261/954 1326/1269/962 1332/1262/955
f 1330/1266/959 1325/1268/961 1320/1264/957
f 1320/1264/957 1345/1274/967 1340/1265/958
f 1340/1265/958 1335/1271/964 1330/1266/959
f 1327/1270/963 1321/1267/960 1320/1264/957
f 1322/1250/943 1321/1267/960 1319/1277/970
f 1324/1261/954 1323/1278/971 1327/1270/963
f 1332/1262/955 1326/1269/962 1325/1268/961
f 1329/1254/947 1328/1263/956 1332/1262/955
f 1337/1272/965 1331/1252/945 1330/1266/959
f 1336/1255/948 1334/1257/950 1333/1253/946
f 1336/1255/948 1335/1271/964 1340/1265/958
f 1339/1260/953 1338/1256/949 1342/1273/966
f 1341/1258/951 1340/1265/958 1345/1274/967
f 1344/1249/942 1343/1259/952 1347/1276/969
f 1322/1250/943 1346/1275/968 1345/1274/967
f 1321/1267/960 1327/1270/963 1323/1278/971
f 1371/1279/972 1357/1291/983 1348/1280/973
f 1350/1282/975 1361/1296/988 1363/1283/976
f 1351/1284/977 1363/1283/976 1365/1285/978
f 1365/1285/978 1367/1287/980 1353/1288/979
f 1367/1287/980 1369/1289/982 1354/1290/981
f 1369/1289/982 1371/1279/972 1355/1281/974
f 1357/1291/983 1359/1293/985 1349/1292/984
f 1359/1293/985 1361/1296/988 1350/1282/975
f 1357/1291/983 1356/1294/994 1358/1295/986
f 1359/1293/985 1358/1295/986 1360/1297/987
f 1363/1283/976 1361/1296/988 1360/1297/987
f 1363/1283/976 1362/1298/989 1364/1299/990
f 1365/1285/978 1364/1299/990 1366/1300/991
f 1367/1287/980 1366/1300/991 1368/1301/992
f 1371/1279/972 1369/1289/982 1368/1301/992
f 1357/1291/983 1371/1279/972 1370/1302/993
f 1360/1297/987 1358/1295/986 1356/1294/994
f 1356/1294/994 1370/1302/993 1368/1301/992
f 1368/1301/992 1366/1300/991 1364/1299/990
f 1364/1299/990 1362/1298/989 1360/1297/987
f 1360/1297/987 1356/1294/994 1368/1301/992
f 1398/1249/995 1400/1275/1021 1376/1250/996
f 1385/1252/998 1391/1272/1018 1387/1253/999
f 1390/1255/1001 1396/1273/1019 1392/1256/1002
f 1395/1258/1004 1401/1276/1022 1397/1259/1005
f 1378/1261/1007 1380/1269/1015 1386/1262/1008
f 1384/1266/1012 1379/1268/1014 1374/1264/1010
f 1374/1264/1010 1399/1274/1020 1394/1265/1011
f 1394/1265/1011 1389/1271/1017 1384/1266/1012
f 1375/1267/1013 1374/1264/1010 1379/1268/1014
f 1376/1250/996 1375/1267/1013 1373/1277/1023
f 1378/1261/1007 1377/1278/1024 1381/1270/1016
f 1380/1269/1015 1379/1268/1014 1384/1266/1012
f 1383/1254/1000 1382/1263/1009 1386/1262/1008
f 1385/1252/998 1384/1266/1012 1389/1271/1017
f 1388/1257/1003 1387/1253/999 1391/1272/1018
f 1390/1255/1001 1389/1271/1017 1394/1265/1011
f 1393/1260/1006 1392/1256/1002 1396/1273/1019
f 1401/1276/1022 1395/1258/1004 1394/1265/1011
f 1398/1249/995 1397/1259/1005 1401/1276/1022
f 1400/1275/1021 1399/1274/1020 1374/1264/1010
f 1375/1267/1013 1381/1270/1016 1377/1278/1024
f 1425/1279/1025 1411/1291/1036 1402/1280/1026
f 1404/1282/1028 1415/1296/1041 1417/1283/1029
f 1405/1284/1030 1417/1283/1029 1419/1285/1031
f 1406/1286/1009 1419/1285/1031 1421/1287/1032
f 1421/1287/1032 1423/1289/1035 1408/1290/1034
f 1423/1289/1035 1425/1279/1025 1409/1281/1027
f 1411/1291/1036 1413/1293/1038 1403/1292/1037
f 1413/1293/1038 1415/1296/1041 1404/1282/1028
f 1411/1291/1036 1410/1294/1047 1412/1295/1039
f 1413/1293/1038 1412/1295/1039 1414/1297/1040
f 1415/1296/1041 1414/1297/1040 1416/1298/1042
f 1419/1285/1031 1417/1283/1029 1416/1298/1042
f 1419/1285/1031 1418/1299/1043 1420/1300/1044
f 1421/1287/1032 1420/1300/1044 1422/1301/1045
f 1423/1289/1035 1422/1301/1045 1424/1302/1046
f 1411/1291/1036 1425/1279/1025 1424/1302/1046
f 1414/1297/1040 1412/1295/1039 1410/1294/1047
f 1410/1294/1047 1424/1302/1046 1422/1301/1045
f 1422/1301/1045 1420/1300/1044 1418/1299/1043
f 1418/1299/1043 1416/1298/1042 1414/1297/1040
f 1414/1297/1040 1410/1294/1047 1422/1301/1045
f 1452/1249/1048 1454/1275/1074 1430/1250/1049
f 1439/1252/1051 1445/1272/1071 1441/1253/1052
f 1444/1255/1054 1450/1273/1072 1446/1256/1055
f 1449/1258/1057 1455/1276/1075 1451/1259/1058
f 1432/1261/1060 1434/1269/1068 1440/1262/1061
f 1438/1266/1065 1433/1268/1067 1428/1264/1063
f 1428/1264/1063 1453/1274/1073 1448/1265/1064
f 1448/1265/1064 1443/1271/1070 1438/1266/1065
f 1429/1267/1066 1428/1264/1063 1433/1268/1067
f 1430/1250/1049 1429/1267/1066 1427/1277/1076
f 1432/1261/1060 1431/1278/1077 1435/1270/1069
f 1440/1262/1061 1434/1269/1068 1433/1268/1067
f 1437/1254/1053 1436/1263/1062 1440/1262/1061
f 1439/1252/1051 1438/1266/1065 1443/1271/1070
f 1442/1257/1056 1441/1253/1052 1445/1272/1071
f 1444/1255/1054 1443/1271/1070 1448/1265/1064
f 1447/1260/1059 1446/1256/1055 1450/1273/1072
f 1455/1276/1075 1449/1258/1057 1448/1265/1064
f 1452/1249/1048 1451/1259/1058 1455/1276/1075
f 1454/1275/1074 1453/1274/1073 1428/1264/1063
f 1429/1267/1066 1435/1270/1069 1431/1278/1077
f 1479/1279/1078 1465/1291/1089 1456/1280/1079
f 1458/1282/1081 1469/1296/1094 1471/1283/1082
f 1459/1284/1083 1471/1283/1082 1473/1285/1084
f 1460/1286/1062 1473/1285/1084 1475/1287/1085
f 1475/1287/1085 1477/1289/1088 1462/1290/1087
f 1477/1289/1088 1479/1279/1078 1463/1281/1080
f 1465/1291/1089 1467/1293/1091 1457/1292/1090
f 1467/1293/1091 1469/1296/1094 1458/1282/1081
f 1465/1291/1089 1464/1294/1100 1466/1295/1092
f 1467/1293/1091 1466/1295/1092 1468/1297/1093
f 1469/1296/1094 1468/1297/1093 1470/1298/1095
f 1471/1283/1082 1470/1298/1095 1472/1299/1096
f 1473/1285/1084 1472/1299/1096 1474/1300/1097
f 1477/1289/1088 1475/1287/1085 1474/1300/1097
f 1477/1289/1088 1476/1301/1098 1478/1302/1099
f 1465/1291/1089 1479/1279/1078 1478/1302/1099
f 1468/1297/1093 1466/1295/1092 1464/1294/1100
f 1464/1294/1100 1478/1302/1099 1476/1301/1098
f 1476/1301/1098 1474/1300/1097 1472/1299/1096
f 1472/1299/1096 1470/1298/1095 1468/1297/1093
f 1468/1297/1093 1464/1294/1100 1476/1301/1098
f 1506/1249/1101 1508/1275/1127 1484/1250/1102
f 1493/1252/1104 1499/1272/1124 1495/1253/1105
f 1498/1255/1107 1504/1273/1125 1500/1256/1108
f 1503/1258/1110 1509/1276/1128 1505/1259/1111
f 1486/1261/1113 1488/1269/1121 1494/1262/1114
f 1492/1266/1118 1487/1268/1120 1482/1264/1116
f 1482/1264/1116 1507/1274/1126 1502/1265/1117
f 1502/1265/1117 1497/1271/1123 1492/1266/1118
f 1483/1267/1119 1482/1264/1116 1487/1268/1120
f 1484/1250/1102 1483/1267/1119 1481/1277/1129
f 1486/1261/1113 1485/1278/1130 1489/1270/1122
f 1488/1269/1121 1487/1268/1120 1492/1266/1118
f 1491/1254/1106 1490/1263/1115 1494/1262/1114
f 1493/1252/1104 1492/1266/1118 1497/1271/1123
f 1496/1257/1109 1495/1253/1105 1499/1272/1124
f 1498/1255/1107 1497/1271/1123 1502/1265/1117
f 1501/1260/1112 1500/1256/1108 1504/1273/1125
f 1509/1276/1128 1503/1258/1110 1502/1265/1117
f 1506/1249/1101 1505/1259/1111 1509/1276/1128
f 1508/1275/1127 1507/1274/1126 1482/1264/1116
f 1483/1267/1119 1489/1270/1122 1485/1278/1130
f 1533/1279/1131 1519/1291/1141 1510/1280/1132
f 1523/1296/1134 1525/1283/1148 1513/1284/1135
f 1513/1284/1135 1525/1283/1148 1527/1285/1137
f 1527/1285/1137 1529/1287/1151 1515/1288/1138
f 1515/1288/1138 1529/1287/1151 1531/1289/1139
f 1531/1289/1139 1533/1279/1131 1517/1281/1133
f 1519/1291/1141 1521/1293/1143 1511/1292/1142
f 1521/1293/1143 1523/1296/1134 1512/1282/1136
f 1521/1293/1143 1519/1291/1141 1518/1294/1144
f 1523/1296/1134 1521/1293/1143 1520/1295/1145
f 1523/1296/1134 1522/1297/1146 1524/1298/1147
f 1525/1283/1148 1524/1298/1147 1526/1299/1149
f 1527/1285/1137 1526/1299/1149 1528/1300/1150
f 1531/1289/1139 1529/1287/1151 1528/1300/1150
f 1533/1279/1131 1531/1289/1139 1530/1301/1152
f 1519/1291/1141 1533/1279/1131 1532/1302/1153
f 1522/1297/1146 1520/1295/1145 1518/1294/1144
f 1518/1294/1144 1532/1302/1153 1530/1301/1152
f 1530/1301/1152 1528/1300/1150 1526/1299/1149
f 1526/1299/1149 1524/1298/1147 1522/1297/1146
f 1522/1297/1146 1518/1294/1144 1530/1301/1152
f 1562/1275/1154 1538/1250/1173 1534/1251/1155
f 1547/1252/1157 1553/1272/1178 1549/1253/1158
f 1552/1255/1160 1558/1273/1179 1554/1256/1161
f 1557/1258/1163 1563/1276/1181 1559/1259/1164
f 1540/1261/1166 1542/1269/1175 1548/1262/1167
f 1546/1266/1171 1541/1268/1174 1536/1264/1169
f 1536/1264/1169 1561/1274/1180 1556/1265/1170
f 1556/1265/1170 1551/1271/1177 1546/1266/1171
f 1543/1270/1176 1537/1267/1172 1536/1264/1169
f 1534/1251/1155 1538/1250/1173 1537/1267/1172
f 1540/1261/1166 1539/1278/1183 1543/1270/1176
f 1542/1269/1175 1541/1268/1174 1546/1266/1171
f 1545/1254/1159 1544/1263/1168 1548/1262/1167
f 1553/1272/1178 1547/1252/1157 1546/1266/1171
f 1550/1257/1162 1549/1253/1158 1553/1272/1178
f 1558/1273/1179 1552/1255/1160 1551/1271/1177
f 1557/1258/1163 1555/1260/1165 1554/1256/1161
f 1563/1276/1181 1557/1258/1163 1556/1265/1170
f 1560/1249/1156 1559/1259/1164 1563/1276/1181
f 1562/1275/1154 1561/1274/1180 1536/1264/1169
f 1537/1267/1172 1543/1270/1176 1539/1278/1183
f 1587/1279/1184 1573/1291/1194 1564/1280/1165
f 1577/1296/1186 1579/1283/1201 1567/1284/1187
f 1567/1284/1187 1579/1283/1201 1581/1285/1189
f 1568/1286/1168 1581/1285/1189 1583/1287/1190
f 1569/1288/1191 1583/1287/1190 1585/1289/1192
f 1585/1289/1192 1587/1279/1184 1571/1281/1185
f 1573/1291/1194 1575/1293/1196 1565/1292/1195
f 1575/1293/1196 1577/1296/1186 1566/1282/1188
f 1575/1293/1196 1573/1291/1194 1572/1294/1197
f 1577/1296/1186 1575/1293/1196 1574/1295/1198
f 1577/1296/1186 1576/1297/1199 1578/1298/1200
f 1581/1285/1189 1579/1283/1201 1578/1298/1200
f 1581/1285/1189 1580/1299/1202 1582/1300/1203
f 1583/1287/1190 1582/1300/1203 1584/1301/1204
f 1587/1279/1184 1585/1289/1192 1584/1301/1204
f 1573/1291/1194 1587/1279/1184 1586/1302/1205
f 1576/1297/1199 1574/1295/1198 1572/1294/1197
f 1572/1294/1197 1586/1302/1205 1584/1301/1204
f 1584/1301/1204 1582/1300/1203 1580/1299/1202
f 1580/1299/1202 1578/1298/1200 1576/1297/1199
f 1576/1297/1199 1572/1294/1197 1584/1301/1204
f 1614/1249/1206 1616/1275/1232 1592/1250/1207
f 1601/1252/1209 1607/1272/1229 1603/1253/1210
f 1606/1255/1212 1612/1273/1230 1608/1256/1213
f 1611/1258/1215 1617/1276/1233 1613/1259/1216
f 1594/1261/1218 1596/1269/1226 1602/1262/1219
f 1600/1266/1223 1595/1268/1225 1590/1264/1221
f 1590/1264/1221 1615/1274/1231 1610/1265/1222
f 1610/1265/1222 1605/1271/1228 1600/1266/1223
f 1591/1267/1224 1590/1264/1221 1595/1268/1225
f 1588/1251/1208 1592/1250/1207 1591/1267/1224
f 1594/1261/1218 1593/1278/1235 1597/1270/1227
f 1596/1269/1226 1595/1268/1225 1600/1266/1223
f 1599/1254/1211 1598/1263/1220 1602/1262/1219
f 1601/1252/1209 1600/1266/1223 1605/1271/1228
f 1604/1257/1214 1603/1253/1210 1607/1272/1229
f 1612/1273/1230 1606/1255/1212 1605/1271/1228
f 1609/1260/1217 1608/1256/1213 1612/1273/1230
f 1611/1258/1215 1610/1265/1222 1615/1274/1231
f 1614/1249/1206 1613/1259/1216 1617/1276/1233
f 1616/1275/1232 1615/1274/1231 1590/1264/1221
f 1591/1267/1224 1597/1270/1227 1593/1278/1235
f 1641/1279/1236 1627/1291/1246 1618/1280/1237
f 1620/1282/1155 1631/1296/1250 1633/1283/1239
f 1621/1284/1240 1633/1283/1239 1635/1285/1241
f 1622/1286/1220 1635/1285/1241 1637/1287/1242
f 1623/1288/1243 1637/1287/1242 1639/1289/1244
f 1639/1289/1244 1641/1279/1236 1625/1281/1238
f 1627/1291/1246 1629/1293/1248 1619/1292/1247
f 1629/1293/1248 1631/1296/1250 1620/1282/1155
f 1627/1291/1246 1626/1294/1257 1628/1295/1249
f 1631/1296/1250 1629/1293/1248 1628/1295/1249
f 1633/1283/1239 1631/1296/1250 1630/1297/1251
f 1633/1283/1239 1632/1298/1252 1634/1299/1253
f 1635/1285/1241 1634/1299/1253 1636/1300/1254
f 1639/1289/1244 1637/1287/1242 1636/1300/1254
f 1641/1279/1236 1639/1289/1244 1638/1301/1255
f 1627/1291/1246 1641/1279/1236 1640/1302/1256
f 1630/1297/1251 1628/1295/1249 1626/1294/1257
f 1626/1294/1257 1640/1302/1256 1638/1301/1255
f 1638/1301/1255 1636/1300/1254 1634/1299/1253
f 1634/1299/1253 1632/1298/1252 1630/1297/1251
f 1630/1297/1251 1626/1294/1257 1638/1301/1255
f 1668/1249/1258 1670/1275/1284 1646/1250/1259
f 1655/1252/1261 1661/1272/1281 1657/1253/1262
f 1660/1255/1264 1666/1273/1282 1662/1256/1265
f 1665/1258/1267 1671/1276/1285 1667/1259/1268
f 1648/1261/1270 1650/1269/1278 1656/1262/1271
f 1654/1266/1275 1649/1268/1277 1644/1264/1273
f 1644/1264/1273 1669/1274/1283 1664/1265/1274
f 1664/1265/1274 1659/1271/1280 1654/1266/1275
f 1645/1267/1276 1644/1264/1273 1649/1268/1277
f 1646/1250/1259 1645/1267/1276 1643/1277/1286
f 1648/1261/1270 1647/1278/1287 1651/1270/1279
f 1656/1262/1271 1650/1269/1278 1649/1268/1277
f 1653/1254/1263 1652/1263/1272 1656/1262/1271
f 1655/1252/1261 1654/1266/1275 1659/1271/1280
f 1658/1257/1266 1657/1253/1262 1661/1272/1281
f 1660/1255/1264 1659/1271/1280 1664/1265/1274
f 1663/1260/1269 1662/1256/1265 1666/1273/1282
f 1665/1258/1267 1664/1265/1274 1669/1274/1283
f 1670/1275/1284 1668/1249/1258 1667/1259/1268
f 1670/1275/1284 1669/1274/1283 1644/1264/1273
f 1645/1267/1276 1651/1270/1279 1647/1278/1287
f 1695/1279/1288 1681/1291/1299 1672/1280/1289
f 1674/1282/1291 1685/1296/1301 1687/1283/1292
f 1675/1284/1293 1687/1283/1292 1689/1285/1294
f 1676/1286/1272 1689/1285/1294 1691/1287/1295
f 1677/1288/1296 1691/1287/1295 1693/1289/1297
f 1693/1289/1297 1695/1279/1288 1679/1281/1290
f 1681/1291/1299 1683/1293/1302 1673/1292/1300
f 1673/1292/1300 1683/1293/1302 1685/1296/1301
f 1683/1293/1302 1681/1291/1299 1680/1294/1303
f 1683/1293/1302 1682/1295/1304 1684/1297/1305
f 1687/1283/1292 1685/1296/1301 1684/1297/1305
f 1687/1283/1292 1686/1298/1306 1688/1299/1307
f 1691/1287/1295 1689/1285/1294 1688/1299/1307
f 1693/1289/1297 1691/1287/1295 1690/1300/1308
f 1695/1279/1288 1693/1289/1297 1692/1301/1309
f 1681/1291/1299 1695/1279/1288 1694/1302/1310
f 1684/1297/1305 1682/1295/1304 1680/1294/1303
f 1680/1294/1303 1694/1302/1310 1692/1301/1309
f 1692/1301/1309 1690/1300/1308 1688/1299/1307
f 1688/1299/1307 1686/1298/1306 1684/1297/1305
f 1684/1297/1305 1680/1294/1303 1692/1301/1309
f 1722/1249/1311 1724/1275/1337 1700/1250/1312
f 1709/1252/1314 1715/1272/1335 1711/1253/1315
f 1712/1257/1317 1714/1255/1334 1720/1273/1318
f 1719/1258/1320 1725/1276/1338 1721/1259/1321
f 1704/1269/1323 1710/1262/1332 1706/1263/1324
f 1708/1266/1328 1703/1268/1330 1698/1264/1326
f 1698/1264/1326 1723/1274/1336 1718/1265/1327
f 1718/1265/1327 1713/1271/1333 1708/1266/1328
f 1705/1270/1331 1699/1267/1329 1698/1264/1326
f 1700/1250/1312 1699/1267/1329 1697/1277/1339
f 1704/1269/1323 1702/1261/1325 1701/1278/1340
f 1710/1262/1332 1704/1269/1323 1703/1268/1330
f 1707/1254/1316 1706/1263/1324 1710/1262/1332
f 1715/1272/1335 1709/1252/1314 1708/1266/1328
f 1712/1257/1317 1711/1253/1315 1715/1272/1335
f 1720/1273/1318 1714/1255/1334 1713/1271/1333
f 1717/1260/1322 1716/1256/1319 1720/1273/1318
f 1725/1276/1338 1719/1258/1320 1718/1265/1327
f 1724/1275/1337 1722/1249/1311 1721/1259/1321
f 1724/1275/1337 1723/1274/1336 1698/1264/1326
f 1699/1267/1329 1705/1270/1331 1701/1278/1340
f 1749/1279/1341 1735/1291/1353 1726/1280/1342
f 1739/1296/1344 1741/1283/1360 1729/1284/1345
f 1729/1284/1345 1741/1283/1360 1743/1285/1347
f 1730/1286/1348 1743/1285/1347 1745/1287/1349
f 1731/1288/1350 1745/1287/1349 1747/1289/1351
f 1747/1289/1351 1749/1279/1341 1733/1281/1343
f 1735/1291/1353 1737/1293/1355 1727/1292/1354
f 1737/1293/1355 1739/1296/1344 1728/1282/1346
f 1737/1293/1355 1735/1291/1353 1734/1294/1356
f 1739/1296/1344 1737/1293/1355 1736/1295/1357
f 1739/1296/1344 1738/1297/1358 1740/1298/1359
f 1741/1283/1360 1740/1298/1359 1742/1299/1361
f 1743/1285/1347 1742/1299/1361 1744/1300/1362
f 1745/1287/1349 1744/1300/1362 1746/1301/1363
f 1749/1279/1341 1747/1289/1351 1746/1301/1363
f 1735/1291/1353 1749/1279/1341 1748/1302/1364
f 1738/1297/1358 1736/1295/1357 1734/1294/1356
f 1734/1294/1356 1748/1302/1364 1746/1301/1363
f 1746/1301/1363 1744/1300/1362 1742/1299/1361
f 1742/1299/1361 1740/1298/1359 1738/1297/1358
f 1738/1297/1358 1734/1294/1356 1746/1301/1363
usemtl Decal_Color_Masked
f 863/1141/427 864/1142/362 865/1143/427
f 863/1141/427 867/1144/580 866/1145/580
f 866/1145/580 869/1146/422 868/1147/422
f 868/1147/422 871/1148/420 870/1149/420
f 872/1150/417 871/1148/420 873/1151/417
f 872/1150/417 875/1152/578 874/1153/578
f 874/1153/578 877/1154/413 876/1155/413
f 876/1155/413 879/1156/411 878/1157/411
f 878/1157/411 881/1158/410 880/1159/410
f 880/1159/410 883/1160/576 882/1161/576
f 882/1161/576 885/1162/405 884/1163/405
f 884/1163/405 887/1164/403 886/1165/403
f 886/1165/403 889/1166/400 888/1167/400
f 888/1167/400 891/1168/581 890/1169/581
f 892/1170/396 891/1168/581 893/1171/396
f 892/1170/396 895/1172/394 894/1173/394
f 894/1173/394 897/1174/391 896/1175/391
f 896/1175/391 899/1176/582 898/1177/582
f 898/1177/582 901/1178/387 900/1179/387
f 900/1179/387 903/1180/386 902/1181/386
f 902/1181/386 905/1182/383 904/1183/383
f 904/1183/383 907/1184/579 906/1185/579
f 906/1185/579 909/1186/379 908/1187/379
f 908/1187/379 911/1188/378 910/1189/378
f 910/1189/378 913/1190/375 912/1191/375
f 912/1191/375 915/1192/577 914/1193/577
f 914/1193/577 917/1194/371 916/1195/371
f 916/1195/371 919/1196/369 918/1197/369
f 918/1197/369 921/1198/366 920/1199/366
f 920/1199/366 923/1200/575 922/1201/575
f 922/1201/575 925/1202/361 924/1203/361
f 862/1204/362 925/1202/361 864/1205/362
f 926/1206/706 928/1143/707 927/1141/707
f 930/1145/708 928/1143/707 931/1144/708
f 930/1145/708 933/1146/709 932/1147/709
f 932/1147/709 935/1148/710 934/1149/710
f 936/1150/711 935/1148/710 937/1151/711
f 936/1150/711 939/1152/712 938/1153/712
f 938/1153/712 941/1154/713 940/1155/713
f 940/1155/713 943/1156/714 942/1157/714
f 944/1159/715 943/1156/714 945/1158/715
f 944/1159/715 947/1160/716 946/1161/716
f 946/1161/716 949/1162/717 948/1163/717
f 948/1163/717 951/1164/718 950/1165/718
f 950/1165/718 953/1166/719 952/1167/719
f 954/1169/720 953/1166/719 955/1168/720
f 954/1169/720 957/1171/721 956/1170/721
f 956/1170/721 959/1172/722 958/1173/722
f 958/1173/722 961/1174/723 960/1175/723
f 960/1175/723 963/1176/724 962/1177/724
f 962/1177/724 965/1178/725 964/1179/725
f 966/1181/726 965/1178/725 967/1180/726
f 968/1183/727 967/1180/726 969/1182/727
f 970/1185/728 969/1182/727 971/1184/728
f 970/1185/728 973/1186/729 972/1187/729
f 972/1187/729 975/1188/730 974/1189/730
f 976/1191/731 975/1188/730 977/1190/731
f 976/1191/731 979/1192/732 978/1193/732
f 978/1193/732 981/1194/733 980/1195/733
f 980/1195/733 983/1196/734 982/1197/734
f 982/1197/734 985/1198/735 984/1199/735
f 986/1201/736 985/1198/735 987/1200/736
f 988/1203/737 987/1200/736 989/1202/737
f 988/1203/737 929/1205/706 926/1204/706
f 991/1207/369 993/1208/369 990/1209/369
f 995/1207/386 997/1208/386 994/1209/386
f 999/1207/403 1001/1208/403 998/1209/403
f 1002/1209/420 1004/1210/420 1005/1208/420
f 1006/1211/369 1008/1212/369 1009/1213/369
f 1011/1214/369 1013/1215/369 1010/1216/369
f 1015/1217/386 1017/1213/386 1014/1211/386
f 1019/1214/386 1021/1215/386 1018/1216/386
f 1022/1211/403 1024/1212/403 1025/1213/403
f 1027/1214/403 1029/1215/403 1026/1216/403
f 1030/1211/420 1032/1212/420 1033/1213/420
f 1035/1214/420 1037/1215/420 1034/1216/420
f 1040/1218/583 1038/1219/583 1039/1220/583
f 1043/1221/583 1045/1222/583 1042/1223/583
f 1048/1218/583 1046/1224/583 1047/1225/583
f 1052/1218/583 1050/1226/583 1051/1227/583
f 1055/1228/600 1057/1229/600 1054/1230/600
f 1060/1231/600 1058/1230/600 1059/1228/600
f 1064/1231/600 1062/1230/600 1063/1228/600
f 1068/1231/600 1066/1230/600 1067/1228/600
f 1036/1232/583 1071/1233/583 1070/1234/583
f 1037/1215/600 1073/1235/600 1034/1216/600
f 1028/1232/583 1075/1233/583 1074/1234/583
f 1029/1215/600 1077/1235/600 1026/1216/600
f 1020/1232/583 1079/1233/583 1078/1234/583
f 1021/1215/600 1081/1235/600 1018/1216/600
f 1082/1234/583 1011/1214/583 1083/1233/583
f 1084/1236/600 1010/1216/600 1013/1215/600
f 1006/1211/703 1041/1222/703 1040/1218/703
f 1044/1218/698 1017/1213/698 1045/1222/698
f 1048/1218/693 1025/1213/693 1049/1222/693
f 1030/1211/688 1053/1222/688 1052/1218/688
f 1004/1210/656 1057/1229/656 1056/1231/656
f 1060/1231/661 999/1207/661 1061/1229/661
f 1064/1231/666 995/1207/666 1065/1229/666
f 1068/1231/671 991/1207/671 1069/1229/671
f 1070/1234/688 1002/1209/688 1005/1208/688
f 1032/1212/656 1073/1235/656 1072/1236/656
f 1001/1208/693 1075/1233/693 998/1209/693
f 1024/1212/661 1077/1235/661 1076/1236/661
f 1078/1234/698 994/1209/698 997/1208/698
f 1080/1236/666 1015/1217/666 1081/1235/666
f 993/1208/703 1083/1233/703 990/1209/703
f 1008/1212/671 1085/1235/671 1084/1236/671
f 1088/1237/384 1086/1238/384 1087/1239/384
f 1092/1240/407 1090/1241/407 1091/1242/407
f 1096/1243/407 1094/1244/407 1095/1245/407
f 1100/1246/384 1098/1247/384 1099/1248/384
f 1755/1303/1365 1759/1304/1366 1754/1305/1366
f 1762/1306/1367 1763/1307/1367 1750/1308/1368
f 1752/1309/1369 1756/1310/1370 1753/1311/1370
f 1755/1303/1365 1760/1312/1371 1758/1313/1365
f 1756/1310/1370 1762/1306/1367 1753/1311/1370
s 0
f 1774/1323/1378 1772/1324/1378 1773/1325/1378
f 1778/1323/1379 1776/1324/1379 1777/1325/1379
f 1782/1323/1380 1780/1324/1380 1781/1325/1380
f 1786/1323/1381 1784/1324/1381 1785/1325/1381
f 1790/1323/1382 1788/1324/1382 1789/1325/1382
f 1794/1323/1383 1792/1324/1383 1793/1325/1383
f 1798/1323/1384 1796/1324/1384 1797/1325/1384
f 1802/1323/1385 1800/1324/1385 1801/1325/1385
s 1
f 1761/1329/1371 1751/1330/1387 1760/1312/1371
f 863/1141/427 862/1206/362 864/1142/362
f 863/1141/427 865/1143/427 867/1144/580
f 866/1145/580 867/1144/580 869/1146/422
f 868/1147/422 869/1146/422 871/1148/420
f 872/1150/417 870/1149/420 871/1148/420
f 872/1150/417 873/1151/417 875/1152/578
f 874/1153/578 875/1152/578 877/1154/413
f 876/1155/413 877/1154/413 879/1156/411
f 878/1157/411 879/1156/411 881/1158/410
f 880/1159/410 881/1158/410 883/1160/576
f 882/1161/576 883/1160/576 885/1162/405
f 884/1163/405 885/1162/405 887/1164/403
f 886/1165/403 887/1164/403 889/1166/400
f 888/1167/400 889/1166/400 891/1168/581
f 892/1170/396 890/1169/581 891/1168/581
f 892/1170/396 893/1171/396 895/1172/394
f 894/1173/394 895/1172/394 897/1174/391
f 896/1175/391 897/1174/391 899/1176/582
f 898/1177/582 899/1176/582 901/1178/387
f 900/1179/387 901/1178/387 903/1180/386
f 902/1181/386 903/1180/386 905/1182/383
f 904/1183/383 905/1182/383 907/1184/579
f 906/1185/579 907/1184/579 909/1186/379
f 908/1187/379 909/1186/379 911/1188/378
f 910/1189/378 911/1188/378 913/1190/375
f 912/1191/375 913/1190/375 915/1192/577
f 914/1193/577 915/1192/577 917/1194/371
f 916/1195/371 917/1194/371 919/1196/369
f 918/1197/369 919/1196/369 921/1198/366
f 920/1199/366 921/1198/366 923/1200/575
f 922/1201/575 923/1200/575 925/1202/361
f 862/1204/362 924/1203/361 925/1202/361
f 926/1206/706 929/1142/706 928/1143/707
f 930/1145/708 927/1141/707 928/1143/707
f 930/1145/708 931/1144/708 933/1146/709
f 932/1147/709 933/1146/709 935/1148/710
f 936/1150/711 934/1149/710 935/1148/710
f 936/1150/711 937/1151/711 939/1152/712
f 938/1153/712 939/1152/712 941/1154/713
f 940/1155/713 941/1154/713 943/1156/714
f 944/1159/715 942/1157/714 943/1156/714
f 944/1159/715 945/1158/715 947/1160/716
f 946/1161/716 947/1160/716 949/1162/717
f 948/1163/717 949/1162/717 951/1164/718
f 950/1165/718 951/1164/718 953/1166/719
f 954/1169/720 952/1167/719 953/1166/719
f 954/1169/720 955/1168/720 957/1171/721
f 956/1170/721 957/1171/721 959/1172/722
f 958/1173/722 959/1172/722 961/1174/723
f 960/1175/723 961/1174/723 963/1176/724
f 962/1177/724 963/1176/724 965/1178/725
f 966/1181/726 964/1179/725 965/1178/725
f 968/1183/727 966/1181/726 967/1180/726
f 970/1185/728 968/1183/727 969/1182/727
f 970/1185/728 971/1184/728 973/1186/729
f 972/1187/729 973/1186/729 975/1188/730
f 976/1191/731 974/1189/730 975/1188/730
f 976/1191/731 977/1190/731 979/1192/732
f 978/1193/732 979/1192/732 981/1194/733
f 980/1195/733 981/1194/733 983/1196/734
f 982/1197/734 983/1196/734 985/1198/735
f 986/1201/736 984/1199/735 985/1198/735
f 988/1203/737 986/1201/736 987/1200/736
f 988/1203/737 989/1202/737 929/1205/706
f 991/1207/369 992/1210/369 993/1208/369
f 995/1207/386 996/1210/386 997/1208/386
f 999/1207/403 1000/1210/403 1001/1208/403
f 1002/1209/420 1003/1207/420 1004/1210/420
f 1006/1211/369 1007/1217/369 1008/1212/369
f 1011/1214/369 1012/1232/369 1013/1215/369
f 1015/1217/386 1016/1212/386 1017/1213/386
f 1019/1214/386 1020/1232/386 1021/1215/386
f 1022/1211/403 1023/1217/403 1024/1212/403
f 1027/1214/403 1028/1232/403 1029/1215/403
f 1030/1211/420 1031/1217/420 1032/1212/420
f 1035/1214/420 1036/1232/420 1037/1215/420
f 1040/1218/583 1041/1222/583 1038/1219/583
f 1043/1221/583 1044/1218/583 1045/1222/583
f 1048/1218/583 1049/1222/583 1046/1224/583
f 1052/1218/583 1053/1222/583 1050/1226/583
f 1055/1228/600 1056/1231/600 1057/1229/600
f 1060/1231/600 1061/1229/600 1058/1230/600
f 1064/1231/600 1065/1229/600 1062/1230/600
f 1068/1231/600 1069/1229/600 1066/1230/600
f 1036/1232/583 1035/1214/583 1071/1233/583
f 1037/1215/600 1072/1236/600 1073/1235/600
f 1028/1232/583 1027/1214/583 1075/1233/583
f 1029/1215/600 1076/1236/600 1077/1235/600
f 1020/1232/583 1019/1214/583 1079/1233/583
f 1021/1215/600 1080/1236/600 1081/1235/600
f 1082/1234/583 1012/1232/583 1011/1214/583
f 1084/1236/600 1085/1235/600 1010/1216/600
f 1006/1211/703 1009/1213/703 1041/1222/703
f 1044/1218/698 1014/1211/698 1017/1213/698
f 1048/1218/693 1022/1211/693 1025/1213/693
f 1030/1211/688 1033/1213/688 1053/1222/688
f 1004/1210/656 1003/1207/656 1057/1229/656
f 1060/1231/661 1000/1210/661 999/1207/661
f 1064/1231/666 996/1210/666 995/1207/666
f 1068/1231/671 992/1210/671 991/1207/671
f 1070/1234/688 1071/1233/688 1002/1209/688
f 1032/1212/656 1031/1217/656 1073/1235/656
f 1001/1208/693 1074/1234/693 1075/1233/693
f 1024/1212/661 1023/1217/661 1077/1235/661
f 1078/1234/698 1079/1233/698 994/1209/698
f 1080/1236/666 1016/1212/666 1015/1217/666
f 993/1208/703 1082/1234/703 1083/1233/703
f 1008/1212/671 1007/1217/671 1085/1235/671
f 1088/1237/384 1089/1388/384 1086/1238/384
f 1092/1240/407 1093/1389/407 1090/1241/407
f 1096/1243/407 1097/1390/407 1094/1244/407
f 1100/1246/384 1101/1391/384 1098/1247/384
f 1755/1303/1365 1758/1313/1365 1759/1304/1366
f 1752/1309/1369 1757/1392/1369 1756/1310/1370
f 1755/1303/1365 1761/1329/1371 1760/1312/1371
f 1756/1310/1370 1763/1307/1367 1762/1306/1367
s 0
f 1774/1323/1378 1775/1394/1378 1772/1324/1378
f 1778/1323/1379 1779/1394/1379 1776/1324/1379
f 1782/1323/1380 1783/1394/1380 1780/1324/1380
f 1786/1323/1381 1787/1394/1381 1784/1324/1381
f 1790/1323/1382 1791/1394/1382 1788/1324/1382
f 1794/1323/1383 1795/1394/1383 1792/1324/1383
f 1798/1323/1384 1799/1394/1384 1796/1324/1384
f 1802/1323/1385 1803/1394/1385 1800/1324/1385
s 1
usemtl Decal_Normal
f 1768/1314/1372 1765/1315/1373 1764/1316/1372
f 1770/1317/1374 1764/1316/1372 1766/1318/1374
f 1771/1319/1375 1766/1318/1374 1767/1320/1375
f 1815/1321/1376 1765/1315/1373 1769/1322/1377
f 1808/1314/1372 1805/1315/1373 1804/1316/1372
f 1810/1317/1374 1804/1316/1372 1806/1318/1374
f 1811/1319/1375 1806/1318/1374 1807/1320/1375
f 1819/1326/1376 1805/1315/1373 1809/1322/1377
f 1813/1327/1386 1767/1320/1375 1812/1328/1386
f 1816/1328/1386 1811/1319/1375 1807/1320/1375
f 1768/1314/1372 1769/1322/1377 1765/1315/1373
f 1770/1317/1374 1768/1314/1372 1764/1316/1372
f 1771/1319/1375 1770/1317/1374 1766/1318/1374
f 1815/1321/1376 1814/1393/1376 1765/1315/1373
f 1808/1314/1372 1809/1322/1377 1805/1315/1373
f 1810/1317/1374 1808/1314/1372 1804/1316/1372
f 1811/1319/1375 1810/1317/1374 1806/1318/1374
f 1819/1326/1376 1818/1393/1376 1805/1315/1373
f 1813/1327/1386 1771/1319/1375 1767/1320/1375
f 1816/1328/1386 1817/1395/1386 1811/1319/1375
