# Blender 4.3.2
# www.blender.org
mtllib PowerConnector_Compact.mtl
o PowerConnector_Compact
v 0.000000 29.400372 -20.261240
v 0.000000 -29.400421 -8.760452
v 7.609391 28.398586 -20.261240
v 7.609391 28.398586 -18.386269
v 14.700198 25.461460 -20.261240
v 14.700198 25.461460 -18.386269
v 20.789219 20.789194 -20.261240
v 20.789219 20.789194 -18.386269
v 25.461483 14.700174 -20.261240
v 25.461483 14.700174 -18.386269
v 28.398609 7.609367 -20.261240
v 28.398609 7.609367 -18.386269
v 29.400396 -0.000024 -20.261240
v 29.400396 -0.000024 -18.386269
v 28.398609 -7.609415 -20.261240
v 28.398609 -7.609415 -18.386269
v 25.461483 -14.700198 -20.261240
v 25.461483 -14.700198 -18.386269
v 20.789242 -20.789242 -20.261240
v 20.789242 -20.789242 -18.386269
v 14.700198 -25.461506 -20.261240
v 14.700198 -25.461506 -18.386269
v 7.609391 -28.398632 -20.261240
v 7.609391 -28.398632 -18.386269
v 0.000000 -29.400421 -20.261240
v 0.000000 -29.400421 -18.386269
v -7.609367 -28.398632 -20.261240
v -7.609367 -28.398632 -18.386269
v -14.700174 -25.461531 -20.261240
v -14.700174 -25.461531 -18.386269
v -20.789219 -20.789265 -20.261240
v -20.789219 -20.789265 -18.386269
v -25.461483 -14.700222 -20.261240
v -25.461483 -14.700222 -18.386269
v -28.398609 -7.609415 -20.261240
v -28.398609 -7.609415 -18.386269
v -29.400396 -0.000048 -20.261240
v -29.400396 -0.000048 -18.386269
v -28.398609 7.609344 -20.261240
v -28.398609 7.609344 -18.386269
v -25.461506 14.700150 -20.261240
v -25.461506 14.700150 -18.386269
v -20.789242 20.789194 -20.261240
v -20.789242 20.789194 -18.386269
v -14.700198 25.461460 -20.261240
v -14.700198 25.461460 -18.386269
v -7.609415 28.398586 -20.261240
v -7.609415 28.398586 -18.386269
v 0.000000 17.499971 -27.980995
v 0.000000 17.499971 -22.173691
v 6.696963 16.167879 -27.980995
v 6.696963 16.167879 -22.173691
v 12.374377 12.374353 -27.980995
v 12.374377 12.374353 -22.173691
v 16.167904 6.696939 -27.980995
v 16.167904 6.696939 -22.173691
v 17.499996 -0.000024 -27.980995
v 17.499996 -0.000024 -22.173691
v 16.167904 -6.696987 -22.173691
v 12.374377 -12.374401 -27.980995
v 12.374377 -12.374401 -22.173691
v 6.696963 -16.167927 -27.980995
v 6.696963 -16.167927 -22.173691
v 0.000000 -17.500019 -27.980995
v 0.000000 -17.500019 -22.173691
v -6.696963 -16.167927 -27.980995
v -6.696963 -16.167927 -22.173691
v -12.374377 -12.374401 -27.980995
v -12.374377 -12.374401 -22.173691
v -16.167904 -6.696987 -22.173691
v -17.499996 -0.000024 -27.980995
v -17.499996 -0.000024 -22.173691
v -16.167879 6.696939 -27.980995
v -16.167879 6.696939 -22.173691
v -12.374353 12.374353 -27.980995
v -12.374353 12.374353 -22.173691
v -6.696963 16.167879 -27.980995
v -6.696963 16.167879 -22.173691
v 7.609391 -28.398632 -6.885481
v 7.609391 -28.398632 -8.760452
v 14.700198 -25.461506 -6.885481
v 14.700198 -25.461506 -8.760452
v 20.789242 -20.789242 -6.885481
v 20.789242 -20.789242 -8.760452
v 25.461483 -14.700198 -6.885481
v 25.461483 -14.700198 -8.760452
v 28.398609 -7.609415 -6.885481
v 28.398609 -7.609415 -8.760452
v 29.400396 -0.000024 -6.885481
v 29.400396 -0.000024 -8.760452
v 0.000000 29.400372 -18.386126
v 28.398609 7.609367 -6.885481
v 28.398609 7.609367 -8.760452
v 25.461483 14.700174 -6.885481
v 25.461483 14.700174 -8.760452
v 20.789219 20.789194 -6.885481
v 20.789219 20.789194 -8.760452
v 14.700198 25.461460 -6.885481
v 14.700198 25.461460 -8.760452
v 7.609391 28.398586 -6.885481
v 7.609391 28.398586 -8.760452
v 0.000000 29.400372 -8.760452
v 16.167904 -6.696987 -16.473675
v 16.167904 6.696939 -16.473675
v -6.696963 16.167879 -16.473675
v -17.499996 -0.000024 -16.473675
v 0.000000 -29.400421 -6.885481
v -7.609367 -28.398632 -8.760452
v -7.609367 -28.398632 -6.885481
v -14.700174 -25.461531 -8.760452
v -14.700174 -25.461531 -6.885481
v -20.789219 -20.789265 -8.760452
v -20.789219 -20.789265 -6.885481
v -25.461483 -14.700222 -8.760452
v -25.461483 -14.700222 -6.885481
v -28.398609 -7.609415 -8.760452
v -28.398609 -7.609415 -6.885481
v -29.400396 -0.000048 -8.760452
v -29.400396 -0.000048 -6.885481
v -28.398609 7.609344 -8.760452
v -28.398609 7.609344 -6.885481
v -25.461506 14.700150 -8.760452
v -25.461506 14.700150 -6.885481
v -20.789242 20.789194 -8.760452
v -20.789242 20.789194 -6.885481
v -14.700198 25.461460 -8.760452
v -14.700198 25.461460 -6.885481
v -7.609415 28.398586 -8.760452
v -7.609415 28.398586 -6.885481
v 0.000000 17.499971 -16.480207
v 0.000000 17.499971 -10.672903
v 6.696963 16.167879 -16.480207
v 6.696963 16.167879 -10.672903
v 12.374377 12.374353 -16.480207
v 12.374377 12.374353 -10.672903
v 16.167904 6.696939 -10.672903
v 17.499996 -0.000024 -16.480207
v 17.499996 -0.000024 -10.672903
v 16.167904 -6.696987 -10.672903
v 12.374377 -12.374401 -16.480207
v 12.374377 -12.374401 -10.672903
v 6.696963 -16.167927 -16.480207
v 6.696963 -16.167927 -10.672903
v 0.000000 -17.500019 -16.480207
v 0.000000 -17.500019 -10.672903
v -6.696963 -16.167927 -16.480207
v -6.696963 -16.167927 -10.672903
v -12.374377 -12.374401 -16.480207
v -12.374377 -12.374401 -10.672903
v -16.167904 -6.696987 -16.480207
v -16.167904 -6.696987 -10.672903
v -17.499996 -0.000024 -10.672903
v -16.167879 6.696939 -16.480207
v -16.167879 6.696939 -10.672903
v -12.374353 12.374353 -16.480207
v -12.374353 12.374353 -10.672903
v -6.696963 16.167879 -10.672903
v 0.000000 29.400372 -6.885338
v 12.374377 -12.374401 -4.972887
v 0.000000 -29.400421 2.746105
v 7.609391 -28.398632 4.621077
v 7.609391 -28.398632 2.746105
v 14.700198 -25.461506 4.621077
v 14.700198 -25.461506 2.746105
v 20.789242 -20.789242 4.621077
v 20.789242 -20.789242 2.746105
v 25.461483 -14.700198 4.621077
v 25.461483 -14.700198 2.746105
v 28.398609 -7.609415 4.621077
v 28.398609 -7.609415 2.746105
v 29.400396 -0.000024 4.621077
v 29.400396 -0.000024 2.746105
v 28.398609 7.609367 4.621077
v 28.398609 7.609367 2.746105
v 25.461483 14.700174 4.621077
v 25.461483 14.700174 2.746105
v 20.789219 20.789194 4.621077
v 20.789219 20.789194 2.746105
v 14.700198 25.461460 4.621077
v 14.700198 25.461460 2.746105
v 7.609391 28.398586 4.621077
v 7.609391 28.398586 2.746105
v 0.000000 29.400372 2.746105
v 0.000000 -29.400421 4.621077
v -7.609367 -28.398632 2.746105
v -7.609367 -28.398632 4.621077
v -14.700174 -25.461531 2.746105
v -14.700174 -25.461531 4.621077
v -20.789219 -20.789265 2.746105
v -20.789219 -20.789265 4.621077
v -25.461483 -14.700222 2.746105
v -25.461483 -14.700222 4.621077
v -28.398609 -7.609415 2.746105
v -28.398609 -7.609415 4.621077
v -29.400396 -0.000048 2.746105
v -29.400396 -0.000048 4.621077
v -28.398609 7.609344 2.746105
v -28.398609 7.609344 4.621077
v -25.461506 14.700150 2.746105
v -25.461506 14.700150 4.621077
v -20.789242 20.789194 2.746105
v -20.789242 20.789194 4.621077
v -14.700198 25.461460 2.746105
v -14.700198 25.461460 4.621077
v -7.609415 28.398586 2.746105
v -7.609415 28.398586 4.621077
v 0.000000 17.499971 -4.973650
v 0.000000 17.499971 0.833654
v 6.696963 16.167879 -4.973650
v 6.696963 16.167879 0.833654
v 12.374377 12.374353 -4.973650
v 12.374377 12.374353 0.833654
v 16.167904 6.696939 -4.973650
v 16.167904 6.696939 0.833654
v 17.499996 -0.000024 -4.973650
v 17.499996 -0.000024 0.833654
v 16.167904 -6.696987 -4.973650
v 16.167904 -6.696987 0.833654
v 12.374377 -12.374401 0.833654
v 6.696963 -16.167927 -4.973650
v 6.696963 -16.167927 0.833654
v 0.000000 -17.500019 -4.973650
v 0.000000 -17.500019 0.833654
v -6.696963 -16.167927 -4.973650
v -6.696963 -16.167927 0.833654
v -12.374377 -12.374401 -4.973650
v -12.374377 -12.374401 0.833654
v -16.167904 -6.696987 -4.973650
v -16.167904 -6.696987 0.833654
v -17.499996 -0.000024 -4.973650
v -17.499996 -0.000024 0.833654
v -16.167879 6.696939 -4.973650
v -16.167879 6.696939 0.833654
v -12.374353 12.374353 -4.973650
v -12.374353 12.374353 0.833654
v -6.696963 16.167879 -4.973650
v -6.696963 16.167879 0.833654
v 0.000000 29.400372 4.621220
v 0.000000 -17.500019 6.533670
v 12.374377 -12.374401 6.533670
v 16.167904 6.696939 6.533670
v 12.374377 12.374353 6.533670
v 6.696963 16.167879 6.533670
v 0.000000 17.499971 6.533670
v -6.696963 16.167879 6.533670
v -12.374377 12.374353 6.533670
v -16.167904 6.696939 6.533670
v -17.499996 -0.000024 6.533670
v -16.167879 -6.696987 6.533670
v -12.374353 -12.374401 6.533670
v -6.696963 -16.167927 6.533670
v 0.000000 -29.400421 14.262009
v 7.609391 -28.398632 16.136980
v 7.609391 -28.398632 14.262009
v 14.700198 -25.461506 16.136980
v 14.700198 -25.461506 14.262009
v 20.789242 -20.789242 16.136980
v 20.789242 -20.789242 14.262009
v 25.461483 -14.700198 16.136980
v 25.461483 -14.700198 14.262009
v 28.398609 -7.609415 16.136980
v 28.398609 -7.609415 14.262009
v 29.400396 -0.000024 16.136980
v 29.400396 -0.000024 14.262009
v 28.398609 7.609367 16.136980
v 28.398609 7.609367 14.262009
v 25.461483 14.700174 16.136980
v 25.461483 14.700174 14.262009
v 20.789219 20.789194 16.136980
v 20.789219 20.789194 14.262009
v 14.700198 25.461460 16.136980
v 14.700198 25.461460 14.262009
v 7.609391 28.398586 16.136980
v 7.609391 28.398586 14.262009
v 0.000000 29.400372 14.262009
v 0.000000 -29.400421 16.136980
v -7.609367 -28.398632 14.262009
v -7.609367 -28.398632 16.136980
v -14.700174 -25.461531 14.262009
v -14.700174 -25.461531 16.136980
v -20.789219 -20.789265 14.262009
v -20.789219 -20.789265 16.136980
v -25.461483 -14.700222 14.262009
v -25.461483 -14.700222 16.136980
v -28.398609 -7.609415 14.262009
v -28.398609 -7.609415 16.136980
v -29.400396 -0.000048 14.262009
v -29.400396 -0.000048 16.136980
v -28.398609 7.609344 14.262009
v -28.398609 7.609344 16.136980
v -25.461506 14.700150 14.262009
v -25.461506 14.700150 16.136980
v -20.789242 20.789194 14.262009
v -20.789242 20.789194 16.136980
v -14.700198 25.461460 14.262009
v -14.700198 25.461460 16.136980
v -7.609415 28.398586 14.262009
v -7.609415 28.398586 16.136980
v 0.000000 17.499971 12.349558
v 6.696963 16.167879 12.349558
v 12.374377 12.374353 12.349558
v 16.167904 6.696939 12.349558
v 17.499996 -0.000024 6.542253
v 17.499996 -0.000024 12.349558
v 16.167904 -6.696987 6.542253
v 16.167904 -6.696987 12.349558
v 12.374377 -12.374401 12.349558
v 6.696963 -16.167927 6.542253
v 6.696963 -16.167927 12.349558
v 0.000000 -17.500019 12.349558
v -6.696963 -16.167927 12.349558
v -12.374377 -12.374401 12.349558
v -16.167904 -6.696987 12.349558
v -17.499996 -0.000024 12.349558
v -16.167879 6.696939 12.349558
v -12.374353 12.374353 12.349558
v -6.696963 16.167879 12.349558
v 0.000000 29.400372 16.137123
v 16.167904 6.696939 18.049574
v -16.167904 6.696939 18.049574
v -17.499996 -0.000024 18.049574
v 0.000000 -17.500019 18.030643
v 12.374377 -12.374401 18.030643
v 12.374377 12.374353 18.030643
v 6.696963 16.167879 18.030643
v 0.000000 17.499971 18.030643
v -6.696963 16.167879 18.030643
v -12.374377 12.374353 18.030643
v -16.167879 -6.696987 18.030643
v -12.374353 -12.374401 18.030643
v -6.696963 -16.167927 18.030643
v 0.000000 17.499971 23.846531
v 6.696963 16.167879 23.846531
v 12.374377 12.374353 23.846531
v 16.167904 6.696939 23.846531
v 17.499996 -0.000024 18.039227
v 17.499996 -0.000024 23.846531
v 16.167904 -6.696987 18.039227
v 16.167904 -6.696987 23.846531
v 12.374377 -12.374401 23.846531
v 6.696963 -16.167927 18.039227
v 6.696963 -16.167927 23.846531
v 0.000000 -17.500019 23.846531
v -6.696963 -16.167927 23.846531
v -12.374377 -12.374401 23.846531
v -16.167904 -6.696987 23.846531
v -17.499996 -0.000024 23.846531
v -16.167879 6.696939 23.846531
v -12.374353 12.374353 23.846531
v -6.696963 16.167879 23.846531
v 0.000000 23.974918 23.832369
v 0.000000 19.073915 32.726288
v 7.408643 22.801542 23.832369
v 5.894160 18.140411 32.726288
v 14.092112 19.396114 23.832369
v 11.211371 15.431142 32.726288
v 19.396137 14.092088 23.832369
v 15.431166 11.211348 32.726288
v 22.801542 7.408643 23.832369
v 18.140411 5.894160 32.726288
v 23.974943 -0.000024 23.832369
v 19.073940 -0.000024 32.726288
v 22.801542 -7.408690 23.832369
v 18.140411 -5.894208 32.726288
v 19.396137 -14.092135 23.832369
v 15.431166 -11.211395 32.726288
v 14.092112 -19.396162 23.832369
v 11.211371 -15.431166 32.726288
v 7.408643 -22.801590 23.832369
v 5.894160 -18.140434 32.726288
v 0.000000 -23.974968 23.832369
v 0.000000 -19.073940 32.726288
v -7.408690 -22.801542 23.832369
v -5.894208 -18.140411 32.726288
v -14.092159 -19.396162 23.832369
v -11.211419 -15.431166 32.726288
v -19.396162 -14.092135 23.832369
v -15.431166 -11.211395 32.726288
v -22.801567 -7.408690 23.832369
v -18.140434 -5.894208 32.726288
v -23.974968 0.000000 23.832369
v -19.073940 0.000000 32.726288
v -22.801542 7.408667 23.832369
v -18.140434 5.894184 32.726288
v -19.396162 14.092135 23.832369
v -15.431166 11.211371 32.726288
v -14.092088 19.396162 23.832369
v -11.211348 15.431166 32.726288
v -7.408643 22.801542 23.832369
v -5.894160 18.140411 32.726288
v 7.408643 22.801542 29.113388
v 0.000000 23.974918 29.113388
v 14.092112 19.396114 29.113388
v 19.396137 14.092088 29.113388
v 22.801542 7.408643 29.113388
v 23.974943 -0.000024 29.113388
v 22.801542 -7.408690 29.113388
v 19.396137 -14.092135 29.113388
v 14.092112 -19.396162 29.113388
v 7.408643 -22.801590 29.113388
v 0.000000 -23.974968 29.113388
v -7.408690 -22.801542 29.113388
v -14.092159 -19.396162 29.113388
v -19.396162 -14.092135 29.113388
v -22.801567 -7.408690 29.113388
v -23.974968 0.000000 29.113388
v -22.801542 7.408667 29.113388
v -19.396162 14.092135 29.113388
v -14.092088 19.396162 29.113388
v -7.408643 22.801542 29.113388
v 7.171869 22.072815 30.322218
v 0.000000 23.208666 30.322218
v 13.641739 18.776226 30.322218
v 18.776249 13.641715 30.322218
v 22.072815 7.171869 30.322218
v 23.208691 -0.000024 30.322218
v 22.072815 -7.171917 30.322218
v 18.776249 -13.641763 30.322218
v 13.641739 -18.776274 30.322218
v 7.171869 -22.072865 30.322218
v 0.000000 -23.208714 30.322218
v -7.171917 -22.072815 30.322218
v -13.641787 -18.776274 30.322218
v -18.776249 -13.641763 30.322218
v -22.072840 -7.171917 30.322218
v -23.208714 0.000000 30.322218
v -22.072815 7.171893 30.322218
v -18.776249 13.641739 30.322218
v -13.641715 18.776249 30.322218
v -7.171869 22.072815 30.322218
v 0.000000 0.000000 30.591106
v 0.000000 27.999973 -35.207703
v 0.000000 27.999973 -27.999973
v 8.652472 26.629566 -35.207703
v 8.652472 26.629566 -27.999973
v 16.457987 22.652458 -35.207703
v 16.457987 22.652458 -27.999973
v 22.652483 16.457962 -35.207703
v 22.652483 16.457962 -27.999973
v 26.629591 8.652449 -35.207703
v 26.629591 8.652449 -27.999973
v 27.999996 -0.000024 -35.207703
v 27.999996 -0.000024 -27.999973
v 26.750755 -7.851839 -35.207703
v 22.652483 -16.458012 -27.999973
v -22.055578 0.221181 -107.337120
v 16.457987 -22.652508 -27.999973
v 8.652472 -26.629616 -27.999973
v 0.000000 -28.000021 -27.999973
v -8.652496 -26.629591 -27.999973
v -24.969028 0.000000 -107.337120
v -16.458012 -22.652483 -27.999973
v -22.652483 -16.457987 -27.999973
v -26.750015 -7.852554 -35.207703
v -27.999996 0.000000 -35.207703
v -27.999996 0.000000 -27.999973
v -26.629566 8.652472 -35.207703
v -26.629566 8.652472 -27.999973
v -22.652458 16.457987 -35.207703
v -22.652458 16.457987 -27.999973
v -16.457962 22.652483 -35.207703
v -16.457962 22.652483 -27.999973
v -8.652425 26.629566 -35.207703
v -8.652425 26.629566 -27.999973
v 0.000000 26.770067 -36.549950
v 8.272409 25.459862 -36.549950
v 15.735078 21.657467 -36.549950
v 21.657490 15.735054 -36.549950
v 25.459885 8.272386 -36.549950
v 26.770092 -0.000024 -36.549950
v 25.361038 -8.466434 -37.431190
v -25.361038 -8.466411 -37.431190
v -26.770092 0.000000 -36.549950
v -25.459862 8.272409 -36.549950
v -21.657444 15.735078 -36.549950
v -15.735054 21.657467 -36.549950
v -8.272362 25.459862 -36.549950
v -20.976089 7.821941 -43.096924
v 20.977234 7.821989 -43.096924
v 14.779282 -5.052996 -43.096924
v -23.654795 -7.896829 -37.431190
v 24.969028 -0.000024 -107.337120
v 9.134340 -12.822628 -43.096924
v 0.000572 -15.790343 -43.096924
v -9.133220 -12.822604 -43.096924
v 0.000000 24.969006 -36.549950
v 7.715869 23.746967 -36.549950
v 14.676452 20.200396 -36.549950
v 20.200420 14.676428 -36.549950
v 23.746990 7.715845 -36.549950
v 24.969028 -0.000024 -36.549950
v 23.654795 -7.896852 -37.431190
v -24.969028 0.000000 -36.549950
v -14.778137 -5.052972 -43.096924
v -23.746967 7.715845 -36.549950
v -20.200371 14.676452 -36.549950
v -14.676428 20.200396 -36.549950
v -7.715821 23.746967 -36.549950
v 22.652483 -16.458012 -47.662640
v 16.457987 -22.652508 -47.662640
v 8.652472 -26.629616 -47.662640
v 0.000000 -28.000021 -47.662640
v -8.652496 -26.629591 -47.662640
v -16.458012 -22.652483 -47.662640
v -22.652483 -16.457987 -47.662640
v 24.735428 -12.370014 -47.662640
v -24.062847 -11.014271 -49.004890
v -24.735428 -12.369967 -47.662640
v 22.443939 -10.273290 -49.004890
v 24.062847 -11.014295 -49.004890
v 21.657490 -15.735102 -49.004890
v 15.735078 -21.657515 -49.004890
v 8.272409 -25.459909 -49.004890
v 0.000000 -26.770115 -49.004890
v -8.272433 -25.459885 -49.004890
v -15.735102 -21.657467 -49.004890
v -21.657490 -15.735078 -49.004890
v 17.844414 -11.958098 -49.004890
v 12.964892 -16.837645 -49.004890
v 6.816339 -19.970440 -49.004890
v 0.000572 -21.049929 -49.004890
v -6.815171 -19.970440 -49.004890
v -12.963772 -16.837574 -49.004890
v -17.843269 -11.958075 -49.004890
v -22.443939 -10.273266 -49.004890
v -19.825054 -9.308624 -49.004890
v 19.826174 -9.308648 -49.004890
v 26.093410 -10.065985 -36.528683
v -26.117252 -10.024905 -36.528683
v 0.000000 24.969006 -112.433556
v 7.715869 23.746967 -112.433556
v 14.676452 20.200396 -112.433556
v 20.200420 14.676428 -112.433556
v 23.746990 7.715845 -112.433556
v 21.474899 7.840200 -98.301796
v -23.746967 7.715845 -112.433556
v -20.200371 14.676452 -112.433556
v -14.676428 20.200396 -112.433556
v -7.715821 23.746967 -112.433556
v 19.667625 1.174521 -112.433556
v -19.667625 1.174545 -112.433556
v 21.972633 0.752163 -107.337120
v 0.000000 -5.403042 -43.096924
v 25.612713 -7.307553 -36.549950
v -25.612713 -7.307529 -36.549950
v 23.889519 -6.815910 -36.549950
v -23.889519 -6.815886 -36.549950
v 16.456009 -6.737471 -27.818251
v -16.455984 -6.737423 -27.818251
v 26.750803 -7.851791 -27.999973
v 26.084757 -10.068226 -27.999973
v -26.105618 -10.021567 -27.999973
v -26.751518 -7.851028 -27.999973
v -24.969028 0.000000 -48.347813
v 24.969028 -0.000024 -48.347813
v -21.474899 7.840200 -98.301796
v -24.062847 -11.014271 -49.004890
v 24.062847 -11.014295 -49.004890
v 0.000000 24.969006 -36.549950
v 7.715869 23.746967 -36.549950
v 14.676452 20.200396 -36.549950
v 20.200420 14.676428 -36.549950
v 23.746990 7.715845 -36.549950
v 24.969028 -0.000024 -36.549950
v 23.889519 -6.815910 -36.549950
v 23.654795 -7.896852 -37.431190
v -23.889519 -6.815886 -36.549950
v -24.969028 0.000000 -36.549950
v -23.746967 7.715845 -36.549950
v -20.200371 14.676452 -36.549950
v -14.676428 20.200396 -36.549950
v -7.715821 23.746967 -36.549950
v -22.443939 -10.273266 -49.004890
v -23.654795 -7.896829 -37.431190
v 22.443939 -10.273290 -49.004890
v 22.443939 -10.273290 -49.004890
v -22.443939 -10.273266 -49.004890
v 24.969028 -0.000024 -107.337120
v 23.746990 7.715845 -112.433556
v 0.000000 24.969006 -112.433556
v 7.715869 23.746967 -112.433556
v 14.676452 20.200396 -112.433556
v 20.200420 14.676428 -112.433556
v -20.200371 14.676452 -112.433556
v -14.676428 20.200396 -112.433556
v -7.715821 23.746967 -112.433556
v -23.746967 7.715845 -112.433556
v -24.969028 0.000000 -107.337120
v -17.035511 -0.196888 -86.362053
v -15.089665 0.265077 -89.586502
v -11.475947 -0.161551 -89.679466
v -9.530101 -1.082963 -86.555122
v -11.475947 -1.544928 -83.330681
v -15.089665 -1.118300 -83.237717
v -18.075790 -9.728065 -90.203178
v -15.991455 -7.929068 -92.813919
v -12.361626 -8.200141 -92.835480
v -10.536913 -10.291064 -90.247963
v -12.621246 -12.090062 -87.637215
v -16.251076 -11.818989 -87.615654
v -18.221939 -14.030786 -95.695953
v -16.103529 -11.115859 -96.884361
v -12.469334 -11.243943 -96.723671
v -10.673996 -14.296809 -95.362213
v -12.792407 -17.211735 -94.173798
v -16.426601 -17.083652 -94.334488
v -17.759840 -14.968245 -101.998466
v -15.723173 -11.767742 -101.923950
v -12.101673 -11.851473 -101.567116
v -10.238265 -15.142149 -101.257339
v -12.274935 -18.342653 -101.331856
v -15.896434 -18.258921 -101.688690
v -16.998695 -14.550845 -108.266541
v -14.988225 -11.347426 -107.961723
v -11.379343 -11.429753 -107.493973
v -9.503324 -14.721831 -107.295059
v -11.513795 -17.925249 -107.599876
v -15.122677 -17.842924 -108.067627
v -16.239878 -14.778012 -113.755859
v -14.093010 -11.740739 -114.506004
v -10.487061 -11.819494 -114.015579
v -8.750600 -14.941578 -112.737259
v -10.897468 -17.978853 -111.987114
v -14.503417 -17.900095 -112.477547
v -15.773074 -17.559696 -117.744751
v -13.445228 -15.774989 -120.151566
v -9.834178 -15.889048 -119.707809
v -8.273203 -17.796587 -116.823135
v -10.601049 -19.581297 -114.416313
v -14.212099 -19.467236 -114.860069
v -15.876117 -24.847614 -119.584518
v -13.546804 -24.685854 -122.575325
v -9.935687 -24.874922 -122.158577
v -8.376104 -25.240292 -118.718964
v -10.705416 -25.402052 -115.728149
v -14.316533 -25.212984 -116.144905
v -16.842218 -38.660671 -118.543236
v -14.564271 -39.310986 -121.507156
v -10.956369 -39.550892 -121.088715
v -9.348885 -39.158936 -117.674164
v -11.626830 -38.508621 -114.710243
v -15.234733 -38.268715 -115.128685
v 9.593462 -0.965783 -86.529350
v 11.545821 -0.107438 -89.667549
v 15.171631 0.206350 -89.599419
v 17.123991 -0.314068 -86.387833
v 15.171631 -1.172412 -83.249626
v 11.545821 -1.486201 -83.317764
v 10.312735 -10.224000 -90.220238
v 12.179565 -8.186089 -92.819984
v 15.815173 -8.007414 -92.813530
v 17.863611 -9.852907 -90.206841
v 15.996780 -11.890818 -87.607094
v 12.361174 -12.069493 -87.613548
v 10.352921 -14.252357 -95.330040
v 12.213325 -11.238767 -96.691650
v 15.849753 -11.184918 -96.843597
v 17.905502 -14.140519 -95.645622
v 16.045099 -17.154110 -94.284019
v 12.408669 -17.207958 -94.132072
v 9.941155 -15.090695 -101.214592
v 11.869440 -11.835771 -101.504395
v 15.495003 -11.820555 -101.827911
v 17.471169 -15.059093 -101.886536
v 15.542884 -18.314018 -101.596733
v 11.917319 -18.329235 -101.273216
v 9.288694 -14.649684 -107.233978
v 11.229350 -11.393620 -107.403343
v 14.844934 -11.379323 -107.823997
v 16.797983 -14.619994 -108.107635
v 14.857327 -17.876059 -107.938271
v 11.241743 -17.890354 -107.517616
v 8.612796 -14.849043 -112.660744
v 10.425261 -11.759270 -113.911766
v 14.038551 -11.747949 -114.351768
v 16.117323 -14.825528 -113.574585
v 14.304856 -17.915302 -112.323555
v 10.691566 -17.926620 -111.883553
v 8.138632 -17.687246 -116.746254
v 9.773496 -15.804109 -119.605942
v 13.391356 -15.761739 -120.004570
v 15.652651 -17.599255 -117.574158
v 14.017785 -19.482393 -114.714470
v 10.399925 -19.524761 -114.315849
v 8.101151 -25.125870 -118.678436
v 9.708069 -24.776987 -122.097931
v 13.327125 -24.669022 -122.472603
v 15.617650 -24.901630 -119.456627
v 14.010732 -25.250511 -116.037132
v 10.391676 -25.358477 -115.662453
v 8.724202 -39.068161 -117.718353
v 10.360530 -39.476913 -121.117195
v 13.977857 -39.324421 -121.493088
v 16.237108 -38.751446 -118.499039
v 14.600781 -38.342693 -115.100204
v 10.983454 -38.495186 -114.724304
v -16.908422 -2.312561 -71.866440
v -14.948422 -1.855855 -75.083061
v -11.308421 -1.855855 -75.083061
v -9.348421 -2.312561 -71.866440
v -11.308421 -2.769267 -68.649818
v -14.948422 -2.769267 -68.649818
v -16.876873 -14.466331 -75.258179
v -14.920072 -12.984741 -78.151733
v -11.280136 -12.964068 -78.145218
v -9.317006 -14.423396 -75.244652
v -11.273807 -15.904988 -72.351105
v -14.913742 -15.925660 -72.357620
v -16.799885 -21.169674 -80.540283
v -14.855867 -18.589367 -82.530159
v -11.216159 -18.549229 -82.507629
v -9.240489 -21.086309 -80.493492
v -11.184506 -23.666615 -78.503616
v -14.824215 -23.706753 -78.526146
v -16.704178 -24.056540 -86.929825
v -14.776776 -20.896051 -87.762436
v -11.137287 -20.848219 -87.724556
v -9.145242 -23.957197 -86.851166
v -11.072644 -27.117682 -86.018562
v -14.712133 -27.165516 -86.056435
v -16.616549 -24.775738 -93.637161
v -14.696867 -21.509466 -93.844719
v -11.057352 -21.461969 -93.808823
v -9.057561 -24.677094 -93.562614
v -10.977243 -27.943363 -93.355057
v -14.616758 -27.990860 -93.390953
v -16.563480 -24.977592 -99.879486
v -14.641931 -21.739323 -100.346458
v -11.002207 -21.694994 -100.339920
v -9.004052 -24.885529 -99.865921
v -10.925600 -28.123798 -99.398956
v -14.565325 -28.168125 -99.405487
v -16.570841 -26.286901 -104.875198
v -14.654616 -23.581806 -106.721100
v -11.015145 -23.562860 -106.780212
v -9.011937 -26.247555 -104.997971
v -10.928161 -28.952646 -103.152069
v -14.567633 -28.971594 -103.092957
v -16.664396 -30.328875 -107.904182
v -14.784385 -29.266701 -111.024139
v -11.146379 -29.314329 -111.134880
v -9.108541 -30.427803 -108.134186
v -10.988551 -31.489975 -105.014221
v -14.626555 -31.442347 -104.903481
v -16.872112 -38.803799 -108.226730
v -15.027990 -39.228935 -111.515388
v -11.391299 -39.331013 -111.632301
v -9.318988 -39.015808 -108.469551
v -11.163113 -38.590672 -105.180901
v -14.799803 -38.488594 -105.063980
v 9.571926 -2.312561 -71.866440
v 11.531925 -1.855854 -75.083054
v 15.171926 -1.855854 -75.083054
v 17.131926 -2.312561 -71.866440
v 15.171926 -2.769267 -68.649826
v 11.531925 -2.769267 -68.649826
v 9.523588 -14.409907 -75.240517
v 11.488610 -12.957385 -78.143219
v 15.128444 -12.990783 -78.153748
v 17.083239 -14.479273 -75.262383
v 15.118216 -15.931793 -72.359688
v 11.478384 -15.898396 -72.349159
v 9.398726 -21.055359 -80.475624
v 11.384875 -18.533985 -82.499153
v 15.024004 -18.603027 -82.539001
v 16.956915 -21.198753 -80.558380
v 14.970764 -23.720129 -78.534843
v 11.331637 -23.651087 -78.495003
v 9.227002 -23.914040 -86.810661
v 11.243464 -20.827072 -87.705811
v 14.881592 -20.914774 -87.782890
v 16.783113 -24.096195 -86.970749
v 14.766651 -27.183165 -86.075592
v 11.128524 -27.095463 -85.998520
v 9.037553 -24.629425 -93.499878
v 11.071245 -21.438448 -93.780121
v 14.708825 -21.529449 -93.876701
v 16.592527 -24.818432 -93.700478
v 14.558835 -28.009411 -93.420235
v 10.921254 -27.918409 -93.323654
v 8.859905 -24.835245 -99.782967
v 10.886948 -21.669996 -100.301712
v 14.524804 -21.759937 -100.388451
v 16.415449 -25.022045 -99.963112
v 14.388408 -28.187294 -99.444366
v 10.750552 -28.097351 -99.357628
v 8.723844 -26.189943 -104.895752
v 10.716671 -23.534462 -106.732552
v 14.355749 -23.606188 -106.772186
v 16.281925 -26.338905 -104.978065
v 14.289098 -28.994387 -103.141258
v 10.650021 -28.922661 -103.101631
v 8.660611 -30.359564 -108.022911
v 10.628280 -29.282192 -111.083038
v 14.268242 -29.298428 -111.079659
v 16.220533 -30.393280 -108.015892
v 14.252866 -31.470650 -104.955772
v 10.612904 -31.454416 -104.959145
v 8.700830 -38.944782 -108.357529
v 10.672207 -39.299683 -111.580032
v 14.312040 -39.266003 -111.570992
v 16.260483 -38.874825 -108.338753
v 14.289104 -38.519928 -105.116249
v 10.649271 -38.553608 -105.125298
v -6.074786 -28.301144 -118.956459
v -6.074786 -28.301144 -77.777008
v -6.074786 -11.698866 -118.956459
v -6.074786 -11.698866 -64.415787
v 6.074786 -28.301144 -118.956459
v 6.074786 -28.301144 -77.777008
v 6.074786 -11.698866 -118.956459
v 6.074786 -11.698866 -64.415787
v -8.750010 7.829475 -47.815327
v 8.750009 7.829475 -47.815327
v -8.750010 7.596851 -98.244095
v 8.750009 7.596851 -98.244095
v -8.750010 7.829475 -57.918644
v 8.750010 7.829475 -57.918644
v -21.379375 -3.749990 -62.155823
v -21.379375 -0.681472 -97.968147
v 21.379303 -3.749991 -62.155823
v 21.379303 -0.681472 -97.968147
v -21.379374 7.596851 -98.244095
v -21.379375 7.829475 -57.918644
v 21.379303 7.829475 -57.918644
v 21.379305 7.596851 -98.244095
v -8.750010 -36.250019 -140.000000
v -8.750010 -36.250019 -73.970795
v -8.750010 -3.749991 -47.815327
v -8.750010 -3.749991 -110.043869
v 8.750009 -3.749991 -110.043869
v 8.750010 -36.250019 -140.000000
v 8.750009 -3.749991 -47.815327
v 8.750010 -36.250019 -73.970795
v -8.750010 -0.681472 -97.968147
v 8.750009 -0.681472 -97.968147
v -8.750010 -3.749991 -62.155823
v 8.750009 -3.749991 -62.155823
v -8.750010 -3.749991 -130.784576
v -8.750009 3.000000 -140.000000
v 8.750010 3.000000 -140.000000
v 8.750009 -3.749991 -130.784576
v -8.750010 -7.491541 -123.163788
v -8.750010 -32.508469 -123.163788
v -8.750010 -32.508469 -75.762367
v -8.750009 -7.491541 -55.629204
v 8.750009 -7.491541 -123.163788
v 8.750009 -32.508469 -123.163788
v 8.750010 -7.491541 -55.629204
v 8.750009 -32.508469 -75.762367
v -8.750009 3.000000 -132.000000
v 8.750010 3.000000 -132.000000
v -13.371964 -46.803509 -67.500099
v -35.137409 -18.847021 -122.095963
v -32.863693 -12.980968 -117.728157
v -22.811136 -40.187359 -57.549011
v -23.870108 -38.348129 -59.671333
v -25.085007 -36.281094 -87.330009
v -24.479086 -34.319359 -86.238358
v -13.348350 -46.790001 -53.181286
v 13.417795 -46.829697 -53.181126
v -22.428871 -37.877541 -53.181126
v -24.674623 -33.977978 -57.681126
v -19.443283 -36.153915 -53.181141
v -21.688065 -32.253807 -57.681156
v -18.065039 -38.837269 -125.999863
v -13.468373 -46.858784 -125.999908
v -35.793983 -14.672567 -117.728004
v -21.836138 -38.907028 -56.049038
v 18.000000 -38.799999 -67.500000
v -23.302782 -36.360321 -58.987888
v -17.968615 -38.782021 -67.500069
v -22.863194 -30.304249 -84.150902
v 17.999998 -38.799999 -126.000000
v -25.811010 -32.006283 -84.151009
v -34.501965 -16.916382 -120.595917
v -11.500000 -53.000004 -69.549057
v 11.499999 -53.000004 -125.000015
v -35.150593 -18.854599 -140.000061
v -32.900394 -13.002007 -140.000092
v -13.491447 -46.872005 -139.999847
v -35.794586 -14.672923 -140.000046
v -34.502502 -16.916691 -140.000046
v -17.750305 -56.896938 -140.000015
v -25.326704 -35.928112 -127.000015
v -25.336275 -35.933613 -140.000046
v -15.461254 -52.977734 -57.549099
v 15.500000 -53.000004 -127.000000
v -15.512393 -53.007118 -126.999985
v -11.500000 -61.000000 -76.094154
v 17.750305 -56.896938 -127.000000
v -29.243843 -38.188805 -127.000000
v -29.243843 -38.188805 -140.000015
v -21.148857 -33.509281 -139.999954
v 14.564953 -51.533577 -53.181126
v -14.596877 -51.551895 -56.049053
v 13.371963 -46.803509 -67.500099
v 35.137405 -18.847021 -122.095963
v 32.863682 -12.980968 -117.728157
v 22.811134 -40.187359 -57.549011
v 23.870111 -38.348133 -59.671333
v 25.085007 -36.281094 -87.330009
v 24.479084 -34.319359 -86.238358
v 14.565032 -51.533623 -56.049053
v -14.596876 -51.551895 -53.181126
v 22.428869 -37.877541 -53.181126
v 24.674622 -33.977978 -57.681126
v 19.443281 -36.153915 -53.181141
v 21.688063 -32.253803 -57.681156
v 13.468372 -46.858784 -125.999908
v 35.793972 -14.672566 -117.728004
v 21.836136 -38.907028 -56.049038
v 23.302784 -36.360325 -58.987888
v 22.863197 -30.304245 -84.150902
v 25.811008 -32.006283 -84.151009
v 34.501965 -16.916382 -120.595917
v 11.500001 -53.000004 -69.549057
v -11.500002 -53.000004 -125.000015
v 35.150589 -18.854601 -140.000061
v 32.900394 -13.002007 -140.000092
v 13.491447 -46.872005 -139.999847
v 35.794586 -14.672922 -140.000046
v 34.502499 -16.916691 -140.000046
v 17.750307 -56.896938 -140.000015
v 25.326702 -35.928116 -127.000015
v 25.336277 -35.933613 -140.000046
v 15.461252 -52.977734 -57.549099
v 11.500000 -61.000000 -76.094154
v -11.500001 -61.000000 -120.454910
v 11.500000 -61.000000 -120.454910
v -17.750307 -56.896938 -127.000000
v 29.243845 -38.188805 -127.000000
v 29.243845 -38.188805 -140.000015
v 21.148859 -33.509274 -139.999954
v -23.654974 -39.532799 -64.057526
v -21.163786 -43.868004 -64.057526
v -23.651291 -39.530682 -59.057518
v -21.160105 -43.865887 -59.057518
v -33.926586 -21.763359 -125.875275
v -31.435400 -26.098564 -125.875275
v -33.922905 -21.761244 -120.875275
v -31.431721 -26.096449 -120.875275
v -33.926586 -21.763363 -136.370850
v -31.435404 -26.098566 -136.370850
v -33.922909 -21.761244 -131.370850
v -31.431721 -26.096449 -131.370850
v 23.654968 -39.532803 -64.057526
v 21.163784 -43.868000 -64.057526
v 23.651295 -39.530678 -59.057518
v 21.160109 -43.865879 -59.057518
v 33.926594 -21.763357 -125.875290
v 31.435406 -26.098558 -125.875290
v 33.922909 -21.761244 -120.875290
v 31.431723 -26.096445 -120.875275
v 33.926594 -21.763359 -136.370850
v 31.435410 -26.098562 -136.370850
v 33.922909 -21.761244 -131.370850
v 31.431725 -26.096447 -131.370850
vn -0.4253 0.6776 -0.6000
vn 0.0921 0.3555 0.9301
vn 0.0884 0.3416 -0.9357
vn 0.1834 0.3115 -0.9324
vn -0.1139 0.8038 0.5839
vn 0.3083 0.3083 -0.8999
vn 0.1738 0.7814 0.5993
vn 0.3115 0.1834 -0.9324
vn 0.3056 0.7559 0.5790
vn 0.3499 0.0906 -0.9324
vn 0.4879 0.6487 0.5841
vn 0.4360 -0.0000 -0.8999
vn 0.6755 0.4297 0.5993
vn 0.3499 -0.0906 -0.9324
vn 0.7506 0.3184 0.5790
vn 0.3115 -0.1834 -0.9324
vn 0.8037 0.1137 0.5841
vn 0.3083 -0.3083 -0.8999
vn 0.7814 -0.1738 0.5993
vn 0.1834 -0.3115 -0.9324
vn 0.7558 -0.3054 0.5793
vn 0.0906 -0.3499 -0.9324
vn 0.6489 -0.4878 0.5839
vn -0.0000 -0.4360 -0.8999
vn 0.4297 -0.6756 0.5991
vn -0.0906 -0.3499 -0.9324
vn 0.3185 -0.7503 0.5793
vn -0.1834 -0.3115 -0.9324
vn 0.1139 -0.8038 0.5839
vn -0.3083 -0.3083 -0.8999
vn -0.1737 -0.7813 0.5995
vn -0.3115 -0.1834 -0.9324
vn -0.3054 -0.7558 0.5793
vn -0.3499 -0.0906 -0.9324
vn -0.4881 -0.6490 0.5836
vn -0.4360 -0.0000 -0.8999
vn -0.6756 -0.4295 0.5992
vn -0.3499 0.0906 -0.9324
vn -0.7503 -0.3183 0.5795
vn -0.3115 0.1834 -0.9324
vn -0.8038 -0.1139 0.5839
vn -0.3083 0.3083 -0.8999
vn -0.7814 0.1738 0.5993
vn -0.1834 0.3115 -0.9324
vn -0.7559 0.3056 0.5790
vn -0.0906 0.3499 -0.9324
vn -0.6487 0.4879 0.5841
vn -0.0000 1.0000 -0.0000
vn 0.3827 0.9239 -0.0000
vn 0.7071 0.7071 -0.0000
vn 0.9239 0.3827 -0.0000
vn 0.9997 0.0227 -0.0000
vn 0.9235 -0.3827 0.0276
vn 0.6995 -0.7146 0.0102
vn 0.6934 -0.7205 0.0001
vn -0.0015 -0.0082 1.0000
vn -0.0000 -0.0000 1.0000
vn 0.0079 -0.0032 1.0000
vn 0.3827 -0.9239 -0.0000
vn -0.0000 -1.0000 -0.0000
vn -0.3827 -0.9239 -0.0000
vn -0.6936 -0.7204 0.0001
vn -0.9235 -0.3826 0.0276
vn -0.9998 0.0131 0.0114
vn -0.9997 0.0227 -0.0000
vn -0.0018 0.0124 0.9999
vn -0.0079 -0.0032 1.0000
vn -0.9239 0.3827 -0.0000
vn -0.7071 0.7071 -0.0000
vn -0.3827 0.9239 -0.0000
vn -0.1100 0.1100 -0.9878
vn -0.1438 0.0596 -0.9878
vn -0.1100 -0.1100 -0.9878
vn -0.1558 -0.0000 -0.9878
vn -0.1438 -0.0595 -0.9878
vn -0.0000 0.1559 -0.9878
vn -0.0596 0.1439 -0.9878
vn 0.1099 0.1099 -0.9878
vn 0.0595 0.1438 -0.9878
vn 0.1551 -0.0000 -0.9879
vn 0.1438 0.0595 -0.9878
vn 0.1100 -0.1100 -0.9878
vn 0.1438 -0.0596 -0.9878
vn -0.0000 -0.1559 -0.9878
vn 0.0595 -0.1438 -0.9878
vn -0.0596 -0.1439 -0.9878
vn -0.1097 -0.1097 0.9879
vn -0.1435 -0.0597 0.9879
vn -0.1100 0.1097 0.9879
vn -0.1553 -0.0000 0.9879
vn -0.1434 0.0597 0.9879
vn -0.0000 -0.1551 0.9879
vn -0.0594 -0.1433 0.9879
vn 0.1095 -0.1098 0.9879
vn 0.0594 -0.1433 0.9879
vn 0.1555 -0.0000 0.9878
vn 0.1435 -0.0594 0.9879
vn 0.1097 0.1100 0.9879
vn 0.1435 0.0595 0.9879
vn 0.0002 0.1552 0.9879
vn 0.0594 0.1433 0.9879
vn -0.0715 0.9725 0.2217
vn -0.0595 0.1437 0.9878
vn 0.0922 0.3558 0.9300
vn -0.1136 0.8039 0.5839
vn 0.1741 0.7815 0.5992
vn 0.3057 0.7557 0.5792
vn 0.4881 0.6488 0.5839
vn 0.6757 0.4295 0.5992
vn 0.7505 0.3182 0.5792
vn 0.8039 0.1136 0.5838
vn 0.7815 -0.1741 0.5992
vn 0.7557 -0.3056 0.5793
vn 0.6488 -0.4881 0.5839
vn 0.4295 -0.6756 0.5993
vn 0.3182 -0.7505 0.5792
vn 0.1136 -0.8039 0.5839
vn -0.1741 -0.7815 0.5992
vn -0.3057 -0.7557 0.5792
vn -0.4881 -0.6488 0.5839
vn -0.6757 -0.4295 0.5992
vn -0.7505 -0.3182 0.5792
vn -0.8039 -0.1136 0.5839
vn -0.7814 0.1740 0.5993
vn -0.7557 0.3057 0.5792
vn -0.6488 0.4881 0.5838
vn 0.0001 1.0000 -0.0000
vn 0.7071 0.7072 -0.0000
vn 1.0000 -0.0000 -0.0000
vn 0.9239 -0.3827 -0.0000
vn 0.7071 -0.7071 -0.0000
vn -0.7071 -0.7071 -0.0000
vn -0.9239 -0.3827 -0.0000
vn -1.0000 -0.0000 -0.0000
vn -0.7072 0.7071 -0.0000
vn -0.1099 0.1099 -0.9878
vn -0.1436 0.0595 -0.9879
vn -0.1102 -0.1102 -0.9878
vn -0.1438 -0.0596 -0.9878
vn 0.1102 0.1102 -0.9878
vn 0.1552 -0.0000 -0.9879
vn 0.1438 0.0596 -0.9878
vn 0.0594 -0.1435 -0.9879
vn -0.0595 -0.1435 -0.9879
vn -0.1100 -0.1100 0.9878
vn -0.1438 -0.0596 0.9878
vn -0.1099 0.1099 0.9878
vn -0.1554 -0.0000 0.9878
vn -0.1439 0.0596 0.9878
vn -0.0000 -0.1553 0.9879
vn -0.0596 -0.1438 0.9878
vn 0.1100 -0.1100 0.9878
vn 0.0595 -0.1438 0.9878
vn 0.1556 -0.0000 0.9878
vn 0.1437 -0.0595 0.9878
vn 0.1100 0.1100 0.9878
vn 0.1438 0.0596 0.9878
vn -0.0000 0.1557 0.9878
vn 0.0596 0.1440 0.9878
vn -0.0596 0.1439 0.9878
vn 0.0923 0.3559 0.9300
vn -0.1136 0.8039 0.5838
vn 0.1740 0.7814 0.5993
vn 0.4883 0.6489 0.5835
vn 0.6761 0.4293 0.5988
vn 0.7507 0.3179 0.5791
vn 0.8038 0.1134 0.5840
vn 0.7559 -0.3059 0.5788
vn 0.6485 -0.4882 0.5840
vn 0.4295 -0.6756 0.5992
vn 0.1136 -0.8039 0.5838
vn -0.4881 -0.6488 0.5838
vn -0.8039 -0.1136 0.5838
vn -0.7815 0.1741 0.5992
vn -0.1099 0.1099 -0.9879
vn -0.1438 0.0595 -0.9878
vn 0.0595 -0.1435 -0.9879
vn -0.1101 -0.1101 0.9878
vn -0.1101 0.1101 0.9878
vn -0.1556 -0.0000 0.9878
vn -0.1438 0.0595 0.9878
vn -0.0003 -0.1559 0.9878
vn -0.0596 -0.1439 0.9878
vn 0.1103 -0.1103 0.9878
vn 0.0598 -0.1444 0.9877
vn 0.1559 0.0003 0.9878
vn 0.1444 -0.0602 0.9877
vn 0.1438 0.0600 0.9878
vn -0.0000 0.1558 0.9878
vn 0.0596 0.1438 0.9878
vn -0.0714 0.9725 0.2217
vn 0.0920 0.3546 0.9305
vn -0.1144 0.8037 0.5840
vn 0.1733 0.7814 0.5995
vn 0.3054 0.7562 0.5787
vn 0.4878 0.6487 0.5842
vn 0.6753 0.4298 0.5993
vn 0.7502 0.3186 0.5794
vn 0.8035 0.1142 0.5842
vn 0.7813 -0.1732 0.5996
vn 0.7560 -0.3050 0.5792
vn 0.6489 -0.4875 0.5842
vn 0.4300 -0.6750 0.5996
vn 0.3190 -0.7500 0.5795
vn 0.1144 -0.8037 0.5840
vn -0.1733 -0.7814 0.5995
vn -0.3048 -0.7559 0.5795
vn -0.4879 -0.6494 0.5834
vn -0.8034 -0.1138 0.5845
vn -0.7814 0.1733 0.5996
vn -0.7558 0.3048 0.5795
vn -0.6492 0.4874 0.5840
vn 0.9238 0.3828 -0.0000
vn 1.0000 0.0001 -0.0000
vn 0.9238 -0.3828 -0.0000
vn -0.0001 -1.0000 -0.0000
vn 0.1554 -0.0000 -0.9879
vn 0.1439 -0.0596 -0.9878
vn -0.1091 -0.1091 0.9880
vn -0.1423 -0.0599 0.9880
vn -0.1087 0.1096 0.9880
vn -0.1555 -0.0005 0.9878
vn -0.1430 0.0602 0.9879
vn -0.0003 -0.1541 0.9880
vn -0.0590 -0.1423 0.9881
vn 0.1095 -0.1095 0.9879
vn 0.0591 -0.1426 0.9880
vn 0.1552 -0.0003 0.9879
vn 0.1428 -0.0596 0.9879
vn 0.1085 0.1094 0.9881
vn 0.1433 0.0598 0.9879
vn -0.0000 0.1541 0.9881
vn 0.0590 0.1423 0.9881
vn -0.0716 0.9725 0.2218
vn -0.0590 0.1425 0.9880
vn 0.7070 0.7072 -0.0000
vn 1.0000 -0.0001 -0.0000
vn -0.9238 -0.3829 -0.0000
vn -1.0000 -0.0002 -0.0000
vn -1.0000 -0.0008 -0.0000
vn -0.9238 0.3828 -0.0000
vn -0.7068 0.7074 -0.0000
vn -0.7070 0.7072 -0.0000
vn -0.0915 0.9854 0.1432
vn 0.3090 0.9511 -0.0000
vn 0.4284 0.8844 0.1851
vn 0.5878 0.8090 -0.0000
vn 0.6803 0.7091 0.1855
vn 0.8090 0.5878 -0.0000
vn 0.8663 0.4640 0.1853
vn 0.9511 0.3090 -0.0000
vn 0.9672 0.1736 0.1853
vn 0.9735 -0.1342 0.1851
vn 0.9511 -0.3090 -0.0000
vn 0.8845 -0.4281 0.1853
vn 0.8090 -0.5878 -0.0000
vn 0.7091 -0.6803 0.1855
vn 0.5878 -0.8090 -0.0000
vn 0.4640 -0.8663 0.1853
vn 0.3090 -0.9511 -0.0000
vn 0.1732 -0.9673 0.1851
vn -0.1338 -0.9735 0.1853
vn -0.3090 -0.9511 -0.0000
vn -0.4281 -0.8845 0.1853
vn -0.5878 -0.8090 -0.0000
vn -0.6803 -0.7091 0.1855
vn -0.8090 -0.5878 -0.0000
vn -0.8663 -0.4640 0.1853
vn -0.9511 -0.3090 -0.0000
vn -0.9673 -0.1732 0.1851
vn -0.9735 0.1338 0.1853
vn -0.9511 0.3090 -0.0000
vn -0.8846 0.4279 0.1855
vn -0.8090 0.5878 -0.0000
vn -0.7089 0.6805 0.1853
vn -0.5878 0.8090 -0.0000
vn -0.1124 -0.0000 0.9937
vn -0.1064 -0.0346 0.9937
vn -0.4640 0.8663 0.1853
vn -0.3090 0.9511 -0.0000
vn -0.1732 0.9673 0.1851
vn 0.3436 0.6152 0.7096
vn -0.0000 0.5999 0.8001
vn 0.6401 0.2949 0.7095
vn 0.3057 0.6549 0.6911
vn 0.6999 0.0827 0.7095
vn 0.6912 -0.1379 0.7094
vn 0.7000 -0.0827 0.7094
vn 0.2949 -0.6401 0.7095
vn 0.6549 -0.3057 0.6911
vn 0.0837 -0.6997 0.7095
vn 0.1382 -0.6911 0.7095
vn -0.0826 -0.6998 0.7095
vn -0.6404 -0.2944 0.7094
vn -0.3064 -0.6544 0.6913
vn -0.6997 -0.0837 0.7095
vn -0.6911 -0.1382 0.7095
vn -0.4782 0.5176 0.7095
vn -0.7170 0.0892 0.6913
vn -0.2949 0.6401 0.7095
vn -0.0830 0.6998 0.7095
vn 0.1632 0.1369 0.9771
vn -0.0000 0.1124 0.9937
vn 0.0150 0.2124 0.9771
vn 0.0799 0.1974 0.9771
vn 0.1370 0.1630 0.9771
vn 0.1370 -0.1631 0.9771
vn 0.2523 0.1235 0.9597
vn 0.0799 -0.1974 0.9771
vn 0.0150 -0.2125 0.9771
vn -0.0516 -0.2067 0.9771
vn -0.1631 -0.1370 0.9771
vn 0.1235 -0.2523 0.9597
vn -0.1975 -0.0797 0.9771
vn -0.1315 -0.2483 0.9597
vn -0.1369 0.1632 0.9771
vn -0.2124 0.0150 0.9771
vn -0.1974 0.0799 0.9771
vn -0.1630 0.1370 0.9771
vn -0.0021 -0.0000 -1.0000
vn -0.0022 -0.0000 -1.0000
vn -0.0020 -0.0008 -1.0000
vn -0.0021 0.0006 -1.0000
vn -0.0020 0.0008 -1.0000
vn -0.0000 -0.0021 -1.0000
vn -0.0000 -0.0022 -1.0000
vn 0.0008 -0.0020 -1.0000
vn -0.0006 -0.0021 -1.0000
vn -0.0008 -0.0020 -1.0000
vn 0.0021 -0.0000 -1.0000
vn 0.0022 -0.0000 -1.0000
vn 0.0020 0.0008 -1.0000
vn 0.0021 -0.0006 -1.0000
vn 0.0020 -0.0008 -1.0000
vn -0.0000 0.0021 -1.0000
vn -0.0000 0.0022 -1.0000
vn -0.0008 0.0020 -1.0000
vn 0.0006 0.0021 -1.0000
vn 0.0008 0.0020 -1.0000
vn 0.0018 0.0013 -1.0000
vn 0.0021 0.0006 -1.0000
vn 0.0013 0.0018 -1.0000
vn 0.0015 0.0015 -1.0000
vn -0.0013 0.0018 -1.0000
vn -0.0006 0.0021 -1.0000
vn -0.0018 0.0013 -1.0000
vn -0.0015 0.0015 -1.0000
vn -0.0018 -0.0013 -1.0000
vn -0.0021 -0.0006 -1.0000
vn -0.0013 -0.0018 -1.0000
vn -0.0015 -0.0015 -1.0000
vn 0.0013 -0.0018 -1.0000
vn 0.0006 -0.0021 -1.0000
vn 0.0018 -0.0013 -1.0000
vn 0.0015 -0.0015 -1.0000
vn 0.3084 0.9512 0.0014
vn -0.0000 1.0000 0.0001
vn 0.3084 0.9512 -0.0000
vn 0.5868 0.8097 0.0014
vn 0.5867 0.8098 -0.0000
vn 0.8080 0.5891 0.0033
vn 0.8081 0.5891 -0.0000
vn 0.9505 0.3108 0.0014
vn 0.9505 0.3107 -0.0000
vn 1.0000 0.0026 0.0024
vn -0.5976 0.3149 -0.7373
vn -0.3012 0.2000 -0.9324
vn -0.0907 0.0437 -0.9949
vn -0.2559 -0.9523 -0.1662
vn -0.1146 -0.9836 -0.1390
vn -0.0083 -0.9964 -0.0848
vn -0.9980 0.0617 -0.0119
vn -0.9993 -0.0070 -0.0359
vn -0.9990 -0.0191 -0.0401
vn 0.8982 -0.4148 -0.1455
vn 0.6996 0.6434 -0.3108
vn 0.2388 0.0410 -0.9702
vn -1.0000 0.0026 -0.0000
vn -0.9505 0.3109 0.0014
vn -1.0000 -0.0002 0.0018
vn -0.9505 0.3109 -0.0000
vn -0.8080 0.5891 0.0001
vn -0.8080 0.5891 -0.0000
vn -0.5868 0.8097 0.0033
vn -0.5869 0.8097 -0.0000
vn -0.3084 0.9513 0.0014
vn -0.3084 0.9512 -0.0000
vn 0.1958 0.2695 -0.9429
vn 0.1035 0.3185 -0.9423
vn -0.3245 0.1054 -0.9400
vn 0.3260 0.1059 -0.9394
vn -0.8079 -0.5893 -0.0000
vn -0.9326 -0.3610 -0.0003
vn -0.9316 -0.3634 0.0005
vn -0.1029 0.3167 -0.9429
vn 0.1752 0.1273 -0.9763
vn -0.2329 0.4531 -0.8605
vn -0.1970 0.2711 -0.9422
vn -0.5016 0.0803 -0.8614
vn -0.9932 -0.1112 0.0336
vn -0.6932 0.6499 -0.3116
vn -0.3319 0.0029 -0.9433
vn -0.0000 -0.0000 -1.0000
vn 0.9432 -0.0571 -0.3273
vn 0.8079 -0.5893 -0.0000
vn 0.8079 -0.5893 0.0036
vn -0.5887 -0.8083 -0.0000
vn -0.3090 -0.9510 0.0051
vn -0.3095 -0.9509 -0.0000
vn -0.3253 0.8956 -0.3035
vn -0.3103 0.4729 -0.8246
vn -0.0071 0.0434 -0.9990
vn 0.4153 -0.1129 -0.9027
vn -0.7258 0.6527 -0.2174
vn 0.3012 0.2000 -0.9323
vn 0.2129 0.3212 -0.9228
vn 0.4823 0.5095 -0.7126
vn 0.5878 -0.8090 0.0030
vn 0.5888 -0.8083 -0.0000
vn 0.2237 0.6882 -0.6901
vn -0.0000 -1.0000 0.0015
vn -0.0000 0.4460 -0.8950
vn -0.0000 0.7469 -0.6649
vn 0.3252 0.8956 -0.3035
vn 0.7277 0.6507 -0.2169
vn 0.4056 0.8861 -0.2244
vn -0.2128 0.3212 -0.9228
vn -0.2236 0.6882 -0.6902
vn -0.7962 -0.4953 -0.3476
vn -0.5986 -0.3733 -0.7087
vn -0.4823 0.5095 -0.7126
vn -1.0000 0.0005 -0.0001
vn -1.0000 0.0097 -0.0000
vn -0.9238 -0.3828 -0.0000
vn 0.9503 0.3112 -0.0000
vn 1.0000 0.0037 -0.0000
vn 1.0000 0.0005 -0.0001
vn 0.0535 -0.9852 -0.1628
vn 0.1141 -0.9781 -0.1742
vn 0.0126 -0.9858 -0.1673
vn -0.3083 0.9513 -0.0000
vn 0.4801 0.4374 -0.7604
vn -0.9498 0.3129 -0.0000
vn -0.9503 0.3113 -0.0000
vn 0.8082 0.5890 -0.0000
vn 1.0000 0.0097 -0.0000
vn 0.5976 0.3149 -0.7373
vn -0.0671 -0.9359 -0.3458
vn -0.4801 0.4375 -0.7604
vn -0.9006 -0.4345 0.0131
vn 0.0648 -0.1994 -0.9778
vn -0.0651 -0.1999 -0.9776
vn 0.0812 -0.1117 -0.9904
vn 0.1743 -0.1384 -0.9749
vn -0.7651 -0.6438 -0.0085
vn -0.0196 -0.5462 -0.8374
vn -0.2429 -0.4505 -0.8591
vn -0.1809 -0.1686 -0.9689
vn 0.9016 -0.4324 0.0112
vn 0.0924 -0.0471 -0.9946
vn -0.0891 -0.0454 -0.9950
vn -0.9617 -0.2740 -0.0004
vn 0.9321 -0.3622 -0.0002
vn 0.5986 -0.3733 -0.7087
vn 0.3329 -0.9285 -0.1648
vn -0.3371 -0.9246 -0.1773
vn -0.3403 -0.9234 -0.1774
vn -0.0014 -0.9941 0.1088
vn -0.0000 -1.0000 -0.0003
vn 0.0023 -0.9934 0.1151
vn -0.8081 0.5891 -0.0000
vn 0.5869 0.8096 -0.0000
vn 0.3085 0.9512 -0.0000
vn 0.5870 0.8096 -0.0000
vn 0.9540 -0.3000 -0.0000
vn 0.0907 0.0437 -0.9949
vn -0.9540 -0.3000 -0.0000
vn -0.9674 -0.2532 -0.0000
vn 0.9674 -0.2532 -0.0000
vn 0.9998 0.0133 0.0114
vn 0.0016 0.0007 1.0000
vn -0.0016 0.0007 1.0000
vn 0.9618 -0.2736 -0.0000
vn 1.0000 0.0025 -0.0000
vn -0.0000 -0.0018 1.0000
vn -0.0007 -0.0016 1.0000
vn 0.0007 -0.0016 1.0000
vn -0.0000 0.0018 1.0000
vn 0.0007 0.0016 1.0000
vn -0.0007 0.0016 1.0000
vn -0.0010 0.0015 1.0000
vn -0.6988 -0.7153 0.0102
vn 0.0016 -0.0083 1.0000
vn 0.0012 0.0012 1.0000
vn -0.0013 0.0013 1.0000
vn -0.0015 0.0010 1.0000
vn 0.0018 0.0129 0.9999
vn -1.0000 0.0037 -0.0000
vn 0.9499 0.3127 -0.0000
vn 0.9981 0.0606 -0.0123
vn 0.9992 -0.0127 -0.0378
vn 0.9975 0.0701 -0.0090
vn 0.0016 -0.7830 0.6220
vn 0.0092 -0.7647 0.6443
vn -0.9971 0.0229 0.0725
vn -0.4831 -0.2845 0.8280
vn -0.9943 0.0782 0.0719
vn -0.5034 0.5433 -0.6719
vn -0.4948 0.3647 -0.7888
vn 0.5561 0.4690 -0.6861
vn 0.5184 0.2624 -0.8139
vn 0.9922 -0.1218 0.0283
vn 0.4399 -0.3791 0.8141
vn 0.9899 -0.1269 0.0630
vn 0.4164 -0.5692 0.7089
vn -0.5115 -0.7928 0.3315
vn -0.5009 -0.4969 0.7086
vn -0.4984 0.7934 -0.3496
vn 0.5649 0.7666 -0.3052
vn 0.9903 -0.1137 0.0795
vn 0.4079 -0.8326 0.3748
vn -0.9992 -0.0400 -0.0096
vn -0.5032 -0.8641 -0.0098
vn -0.9954 -0.0105 -0.0950
vn -0.4853 0.8713 -0.0734
vn 0.9933 -0.0565 0.1011
vn 0.4453 -0.8915 0.0828
vn -0.5115 -0.8546 -0.0897
vn -0.9907 0.0382 -0.1303
vn 0.5197 0.8539 0.0281
vn -0.4612 0.8857 -0.0535
vn 0.9919 -0.0063 0.1271
vn 0.4736 -0.8799 0.0378
vn -0.5807 -0.7962 0.1699
vn -0.9806 0.1049 -0.1658
vn 0.4945 0.8663 0.0707
vn -0.3948 0.8494 -0.3503
vn 0.9928 0.0621 0.1024
vn 0.4799 -0.8182 0.3167
vn -0.6454 -0.4575 0.6116
vn -0.9718 0.0982 -0.2144
vn 0.5114 0.8287 -0.2274
vn -0.3395 0.5244 -0.7808
vn 0.9990 0.0342 0.0293
vn 0.4558 -0.4893 0.7436
vn -0.9845 0.0586 -0.1652
vn -0.3582 0.1028 -0.9280
vn 0.5721 0.0542 -0.8184
vn 0.5552 0.4943 -0.6689
vn 0.9970 -0.0452 0.0636
vn 0.4100 -0.0836 0.9083
vn -0.9884 0.0592 -0.1396
vn -0.6082 -0.0295 0.7933
vn -0.3782 -0.0418 -0.9248
vn 0.5727 -0.0998 -0.8136
vn 0.9941 -0.0623 0.0886
vn 0.4037 0.0427 0.9139
vn -0.9926 -0.1012 0.0669
vn -0.4466 -0.3648 0.8170
vn -0.9951 -0.0929 0.0343
vn -0.5476 0.4810 -0.6846
vn -0.5159 0.2760 -0.8110
vn 0.4998 0.3489 -0.7927
vn 0.9966 0.0497 0.0653
vn 0.5133 0.5290 -0.6758
vn 0.4791 -0.2971 0.8259
vn 0.9977 -0.0023 0.0684
vn -0.4289 -0.5566 0.7115
vn -0.9926 -0.0935 0.0773
vn -0.5498 0.7766 -0.3074
vn 0.5145 0.7830 -0.3495
vn 0.4934 -0.8031 0.3341
vn 0.4902 -0.5082 0.7081
vn -0.4266 -0.8231 0.3749
vn -0.4633 -0.8827 0.0781
vn -0.9950 -0.0380 0.0919
vn 0.5019 0.8622 -0.0679
vn 0.9959 -0.0296 -0.0859
vn 0.9981 -0.0609 -0.0069
vn 0.4860 -0.8739 -0.0058
vn -0.4911 -0.8706 0.0303
vn -0.5044 0.8631 0.0241
vn -0.9934 0.0125 0.1141
vn 0.4782 0.8770 -0.0461
vn 0.9929 0.0197 -0.1173
vn 0.4960 -0.8642 -0.0845
vn -0.4997 -0.8091 0.3094
vn -0.4791 0.8753 0.0656
vn -0.9928 0.0808 0.0886
vn 0.4156 0.8420 -0.3439
vn 0.9846 0.0868 -0.1520
vn 0.5634 -0.8068 0.1778
vn -0.4736 -0.4821 0.7370
vn -0.4924 0.8384 -0.2337
vn -0.9984 0.0540 0.0176
vn 0.3603 0.5194 -0.7749
vn 0.9764 0.0786 -0.2014
vn 0.6282 -0.4719 0.6186
vn -0.9984 -0.0225 0.0523
vn -0.5612 0.0719 -0.8245
vn -0.5367 0.5073 -0.6743
vn 0.3715 0.0997 -0.9231
vn 0.9875 0.0367 -0.1534
vn -0.4218 -0.0795 0.9032
vn -0.9963 -0.0386 0.0771
vn -0.5656 -0.0805 -0.8208
vn 0.3878 -0.0448 -0.9206
vn 0.5983 -0.0484 0.7998
vn 0.9911 0.0361 -0.1280
vn -0.4128 0.0464 0.9097
vn -0.9979 -0.0354 0.0550
vn -0.4715 -0.2398 0.8486
vn -0.9991 -0.0147 0.0409
vn -0.5218 0.3809 -0.7633
vn -0.5071 0.2279 -0.8312
vn 0.5184 0.3872 -0.7624
vn 0.5058 0.2304 -0.8313
vn 0.9991 -0.0097 0.0416
vn 0.4705 -0.2376 0.8498
vn 0.9980 -0.0241 0.0588
vn 0.4669 -0.3997 0.7888
vn -0.9965 -0.0717 0.0419
vn -0.4668 -0.4046 0.7864
vn -0.5334 0.6633 -0.5249
vn 0.5234 0.6759 -0.5189
vn 0.9973 -0.0500 0.0544
vn 0.4663 -0.6925 0.5504
vn -0.4627 -0.8559 0.2309
vn -0.4593 -0.7020 0.5443
vn -0.9981 -0.0620 0.0043
vn -0.5231 0.8221 -0.2247
vn 0.9990 -0.0357 0.0251
vn 0.4795 -0.8439 0.2407
vn -0.4746 -0.8784 0.0566
vn -0.9996 -0.0250 -0.0088
vn 0.5054 0.8360 -0.2139
vn -0.5061 0.8601 -0.0637
vn 0.9999 0.0012 0.0110
vn 0.4970 -0.8652 0.0663
vn -0.4929 -0.8639 0.1039
vn -0.9997 0.0209 -0.0099
vn 0.4856 0.8725 -0.0539
vn -0.4833 0.8645 -0.1377
vn 0.9989 0.0457 -0.0062
vn 0.5160 -0.8498 0.1073
vn -0.5354 -0.7033 0.4677
vn -0.9955 0.0824 -0.0464
vn 0.4657 0.8744 -0.1362
vn -0.4629 0.7334 -0.4979
vn 0.9928 0.0910 -0.0777
vn 0.5642 -0.6933 0.4483
vn -0.9970 0.0478 -0.0608
vn -0.4746 0.3102 -0.8237
vn 0.4362 0.2978 -0.8491
vn 0.4444 0.7357 -0.5112
vn 0.9925 0.0216 -0.1205
vn 0.5607 -0.2805 0.7791
vn -0.9995 0.0282 -0.0162
vn -0.5144 -0.2662 0.8152
vn -0.4907 0.0527 -0.8698
vn 0.4382 0.0314 -0.8983
vn 0.9965 -0.0184 -0.0818
vn 0.5352 -0.0327 0.8441
vn -0.9980 -0.0207 0.0600
vn -0.4702 -0.2370 0.8501
vn -0.9991 -0.0084 0.0418
vn -0.5173 0.3892 -0.7622
vn -0.5054 0.2311 -0.8313
vn 0.5075 0.2272 -0.8312
vn 0.9990 -0.0160 0.0407
vn 0.5228 0.3790 -0.7636
vn 0.4718 -0.2403 0.8483
vn 0.9978 -0.0388 0.0539
vn -0.4669 -0.3982 0.7896
vn -0.9973 -0.0422 0.0593
vn -0.5196 0.6804 -0.5168
vn 0.5370 0.6586 -0.5271
vn 0.4667 -0.4062 0.7856
vn 0.9961 -0.0794 0.0371
vn -0.4684 -0.6891 0.5529
vn -0.4854 -0.8390 0.2460
vn -0.9990 -0.0248 0.0359
vn 0.5304 0.8158 -0.2304
vn 0.9973 -0.0728 -0.0064
vn 0.4565 -0.8606 0.2259
vn 0.4570 -0.7054 0.5418
vn -0.5055 -0.8596 0.0747
vn -0.4976 0.8420 -0.2086
vn -0.9995 0.0132 0.0277
vn 0.5158 0.8536 -0.0724
vn 0.9990 -0.0370 -0.0254
vn 0.4656 -0.8836 0.0489
vn -0.5236 -0.8437 0.1187
vn -0.4752 0.8786 -0.0460
vn -0.9982 0.0582 0.0158
vn 0.4916 0.8581 -0.1485
vn 0.9995 0.0084 -0.0319
vn 0.4849 -0.8696 0.0934
vn -0.5612 -0.6855 0.4638
vn -0.4570 0.8805 -0.1262
vn -0.9931 0.1055 -0.0509
vn 0.4604 0.7264 -0.5103
vn 0.9950 0.0678 -0.0732
vn 0.5384 -0.7106 0.4530
vn -0.9951 0.0390 -0.0912
vn -0.4555 0.3053 -0.8362
vn -0.4468 0.7423 -0.4994
vn 0.4557 0.3018 -0.8374
vn 0.9955 0.0303 -0.0903
vn -0.5422 -0.2704 0.7956
vn -0.9986 0.0002 -0.0522
vn -0.4639 0.0394 -0.8850
vn 0.4656 0.0434 -0.8839
vn 0.5337 -0.2754 0.7996
vn 0.9989 0.0095 -0.0459
vn -0.5104 -0.0225 0.8596
vn -0.0000 0.7208 -0.6931
vn -0.0000 -0.6270 0.7790
vn -0.0000 -0.9963 -0.0854
vn -0.0000 -0.3436 0.9391
vn -0.0000 -0.0333 -0.9994
vn -0.8439 0.5366 -0.0000
vn -0.8439 -0.5366 -0.0000
vn 0.8439 -0.5366 -0.0000
vn -0.0000 0.1772 0.9842
vn -0.8439 -0.0000 0.5366
vn -0.8439 0.3364 -0.4180
vn 0.8439 -0.0000 0.5366
vn 0.8439 0.3364 -0.4180
vn 0.8439 0.5366 -0.0000
vn -0.4981 0.8629 0.0857
vn -0.4691 0.8125 0.3460
vn -0.4690 0.8122 0.3469
vn -0.3535 0.6124 0.7071
vn -0.8675 -0.4974 -0.0005
vn -0.8678 -0.4969 -0.0001
vn -0.8674 -0.4975 -0.0006
vn -0.8666 -0.4990 -0.0000
vn 0.8676 0.4972 -0.0019
vn -0.6176 -0.3537 0.7025
vn -0.6210 -0.3568 0.6979
vn -0.6173 -0.3534 0.7029
vn -0.8644 0.0758 0.4971
vn -0.8644 0.0758 0.4970
vn -0.9650 0.2549 0.0608
vn -0.9596 0.1652 0.2279
vn -0.9590 0.1671 0.2291
vn -0.4295 0.7440 0.5118
vn -0.9478 0.0724 0.3105
vn -0.9481 0.0713 0.3099
vn -0.8670 -0.4982 0.0008
vn 0.0010 1.0000 0.0010
vn 0.0005 1.0000 -0.0001
vn 0.0015 1.0000 0.0018
vn -0.0000 1.0000 -0.0003
vn -0.0005 1.0000 -0.0006
vn -0.0010 1.0000 -0.0009
vn -0.5000 0.8661 -0.0000
vn -0.5000 0.8660 -0.0000
vn -0.9485 0.3168 0.0005
vn -0.9484 0.3172 0.0006
vn -0.0000 -0.4940 -0.8695
vn 0.0023 -1.0000 0.0012
vn -0.0014 -1.0000 0.0010
vn -0.0022 -1.0000 0.0013
vn 0.0007 -1.0000 0.0006
vn 0.0002 -1.0000 0.0011
vn -0.0000 -0.6332 0.7740
vn -0.8520 -0.5235 -0.0000
vn -0.4999 0.8661 -0.0000
vn 0.4691 0.8125 0.3460
vn 0.4981 0.8629 0.0857
vn 0.4690 0.8122 0.3469
vn 0.3535 0.6124 0.7071
vn 0.0006 -1.0000 -0.0000
vn 0.8666 -0.4990 -0.0000
vn -0.8688 0.4952 -0.0010
vn -0.8699 0.4932 -0.0027
vn -0.8688 0.4951 -0.0014
vn -0.8671 0.4982 -0.0004
vn -0.8673 0.4978 -0.0024
vn -0.8690 0.4948 -0.0006
vn -0.8657 0.5006 0.0037
vn -0.8668 0.4987 -0.0020
vn -0.8668 0.4987 -0.0052
vn 0.6159 -0.3546 0.7035
vn 0.6140 -0.3529 0.7061
vn 0.6138 -0.3527 0.7063
vn 0.8644 0.0758 0.4971
vn 0.8644 0.0758 0.4970
vn 0.9596 0.1652 0.2279
vn 0.9650 0.2549 0.0608
vn 0.9590 0.1671 0.2291
vn 0.0004 -0.7247 0.6891
vn -0.0000 -0.7206 0.6934
vn 0.0005 -0.7249 0.6888
vn 0.4295 0.7440 0.5118
vn 0.9478 0.0724 0.3105
vn 0.9481 0.0713 0.3099
vn 0.8669 -0.4984 0.0008
vn 0.8669 -0.4985 0.0007
vn 0.8667 -0.4988 0.0008
vn 0.5000 0.8660 -0.0000
vn 0.5000 0.8661 -0.0000
vn 0.9498 0.3129 -0.0000
vn 0.9485 0.3168 0.0005
vn 0.9499 0.3126 -0.0000
vn 0.8670 -0.4982 0.0008
vn 0.0006 -1.0000 -0.0001
vn 0.0010 -1.0000 -0.0007
vn 0.8520 -0.5235 -0.0000
vn 0.4999 0.8661 -0.0000
vn -0.8691 0.4946 -0.0053
vn 0.8670 -0.4983 0.0008
vn -0.0000 1.0000 -0.0009
vn 0.8670 -0.4982 0.0009
vn 0.9225 -0.3827 0.0498
vn -0.9224 -0.3831 0.0498
vn -0.9975 0.0701 -0.0090
vn 0.0084 0.0478 -0.9988
vn -0.4056 0.8861 -0.2244
vn 0.3409 -0.9256 -0.1643
vn 0.9988 -0.0258 -0.0424
vn -0.5901 0.1038 0.8006
vn 0.5834 0.0841 0.8078
vn -0.4787 -0.0082 0.8779
vn 0.5043 -0.0171 0.8634
vn -0.8678 -0.4968 -0.0000
vn -0.6214 -0.3571 0.6974
vn -0.8644 0.0759 0.4971
vn -0.9651 0.2546 0.0607
vn 0.0005 1.0000 -0.0000
vn -0.9499 0.3126 -0.0000
vn 0.0015 -1.0000 0.0012
vn -0.8676 0.4972 -0.0019
vn 0.6161 -0.3548 0.7033
vn 0.8644 0.0759 0.4971
vn 0.9651 0.2546 0.0607
vn -0.0000 -0.7204 0.6935
vn 0.9484 0.3172 0.0006
vn -0.8716 0.4901 -0.0019
vn -0.8670 -0.4982 0.0009
vt 0.804714 0.833888
vt 0.803506 0.834024
vt 0.803506 0.833888
vt 0.802297 0.833888
vt 0.802297 0.834024
vt 0.801089 0.833888
vt 0.801089 0.834024
vt 0.799880 0.833888
vt 0.799880 0.834024
vt 0.798672 0.833888
vt 0.798672 0.834024
vt 0.797464 0.833888
vt 0.797464 0.834024
vt 0.796255 0.833888
vt 0.796255 0.834024
vt 0.795047 0.833888
vt 0.795047 0.834024
vt 0.793838 0.833888
vt 0.793838 0.834024
vt 0.792630 0.833888
vt 0.792630 0.834024
vt 0.791422 0.833888
vt 0.791422 0.834024
vt 0.790213 0.833888
vt 0.790213 0.834024
vt 0.789005 0.833888
vt 0.789005 0.834024
vt 0.787796 0.833888
vt 0.787796 0.834024
vt 0.786588 0.833888
vt 0.786588 0.834024
vt 0.785380 0.833888
vt 0.785380 0.834024
vt 0.784171 0.833888
vt 0.784171 0.834024
vt 0.782963 0.833888
vt 0.782963 0.834024
vt 0.781754 0.833888
vt 0.781754 0.834024
vt 0.780546 0.833888
vt 0.780546 0.834024
vt 0.779338 0.833888
vt 0.779338 0.834024
vt 0.778129 0.833888
vt 0.778129 0.834024
vt 0.776921 0.833888
vt 0.776921 0.834024
vt 0.775712 0.833888
vt 0.804714 0.832818
vt 0.802901 0.831988
vt 0.804714 0.831988
vt 0.802901 0.832818
vt 0.801089 0.831988
vt 0.801089 0.832818
vt 0.799276 0.831988
vt 0.799276 0.832818
vt 0.797464 0.831988
vt 0.795670 0.831988
vt 0.793838 0.832818
vt 0.793838 0.831988
vt 0.434922 0.160719
vt 0.435600 0.159478
vt 0.437016 0.160719
vt 0.792026 0.831988
vt 0.792026 0.832818
vt 0.790213 0.831988
vt 0.790213 0.832818
vt 0.788401 0.831988
vt 0.788401 0.832818
vt 0.786588 0.831988
vt 0.784756 0.831988
vt 0.782963 0.832818
vt 0.782963 0.831988
vt 0.422162 0.160719
vt 0.422346 0.159478
vt 0.424151 0.160719
vt 0.781150 0.831988
vt 0.781150 0.832818
vt 0.779338 0.831988
vt 0.779338 0.832818
vt 0.777525 0.831988
vt 0.777525 0.832818
vt 0.775712 0.831988
vt 0.786588 0.832818
vt 0.784775 0.832818
vt 0.775712 0.832818
vt 0.797464 0.832818
vt 0.795651 0.832818
vt 0.786588 0.835094
vt 0.784775 0.835094
vt 0.779338 0.835094
vt 0.782963 0.835094
vt 0.781150 0.835094
vt 0.790213 0.835094
vt 0.788401 0.835094
vt 0.793838 0.835094
vt 0.792026 0.835094
vt 0.797464 0.835094
vt 0.795651 0.835094
vt 0.801089 0.835094
vt 0.799276 0.835094
vt 0.804714 0.835094
vt 0.802901 0.835094
vt 0.775712 0.835094
vt 0.775712 0.834024
vt 0.777525 0.835094
vt 0.804714 0.834024
vt 0.804714 0.837006
vt 0.803506 0.837142
vt 0.803506 0.837006
vt 0.802297 0.837006
vt 0.802297 0.837142
vt 0.801089 0.837006
vt 0.801089 0.837142
vt 0.799880 0.837006
vt 0.799880 0.837142
vt 0.798672 0.837006
vt 0.798672 0.837142
vt 0.797464 0.837006
vt 0.797464 0.837142
vt 0.796255 0.837006
vt 0.796255 0.837142
vt 0.795047 0.837006
vt 0.795047 0.837142
vt 0.793838 0.837006
vt 0.793838 0.837142
vt 0.792630 0.837006
vt 0.792630 0.837142
vt 0.791422 0.837006
vt 0.791422 0.837142
vt 0.790213 0.837006
vt 0.790213 0.837142
vt 0.789005 0.837006
vt 0.789005 0.837142
vt 0.787796 0.837006
vt 0.787796 0.837142
vt 0.786588 0.837006
vt 0.786588 0.837142
vt 0.785380 0.837006
vt 0.785380 0.837142
vt 0.784171 0.837006
vt 0.784171 0.837142
vt 0.782963 0.837006
vt 0.782963 0.837142
vt 0.781754 0.837006
vt 0.781754 0.837142
vt 0.780546 0.837006
vt 0.780546 0.837142
vt 0.779338 0.837006
vt 0.779338 0.837142
vt 0.778129 0.837006
vt 0.778129 0.837142
vt 0.776921 0.837006
vt 0.776921 0.837142
vt 0.775712 0.837006
vt 0.804714 0.835936
vt 0.802901 0.835936
vt 0.801089 0.835936
vt 0.797464 0.835936
vt 0.793838 0.835936
vt 0.792026 0.835936
vt 0.790213 0.835936
vt 0.788401 0.835936
vt 0.786588 0.835936
vt 0.784775 0.835936
vt 0.781150 0.835936
vt 0.779338 0.835936
vt 0.775712 0.835936
vt 0.782963 0.835936
vt 0.777525 0.835936
vt 0.799276 0.835936
vt 0.795651 0.835936
vt 0.786588 0.838212
vt 0.784775 0.838212
vt 0.779338 0.838212
vt 0.782963 0.838212
vt 0.781150 0.838212
vt 0.790213 0.838212
vt 0.788401 0.838212
vt 0.793838 0.838212
vt 0.792026 0.838212
vt 0.797464 0.838212
vt 0.795651 0.838212
vt 0.801089 0.838212
vt 0.799276 0.838212
vt 0.804714 0.838212
vt 0.802901 0.838212
vt 0.775712 0.838212
vt 0.775712 0.837142
vt 0.777525 0.838212
vt 0.804714 0.837142
vt 0.804714 0.840125
vt 0.803506 0.840261
vt 0.803506 0.840125
vt 0.802297 0.840125
vt 0.802297 0.840261
vt 0.801089 0.840125
vt 0.801089 0.840261
vt 0.799880 0.840125
vt 0.799880 0.840261
vt 0.798672 0.840125
vt 0.798672 0.840261
vt 0.797464 0.840125
vt 0.797464 0.840261
vt 0.796255 0.840125
vt 0.796255 0.840261
vt 0.795047 0.840125
vt 0.795047 0.840261
vt 0.793838 0.840125
vt 0.793838 0.840261
vt 0.792630 0.840125
vt 0.792630 0.840261
vt 0.791422 0.840125
vt 0.791422 0.840261
vt 0.790213 0.840125
vt 0.790213 0.840261
vt 0.789005 0.840125
vt 0.789005 0.840261
vt 0.787796 0.840125
vt 0.787796 0.840261
vt 0.786588 0.840125
vt 0.786588 0.840261
vt 0.785380 0.840125
vt 0.785380 0.840261
vt 0.784171 0.840125
vt 0.784171 0.840261
vt 0.782963 0.840125
vt 0.782963 0.840261
vt 0.781754 0.840125
vt 0.781754 0.840261
vt 0.780546 0.840125
vt 0.780546 0.840261
vt 0.779338 0.840125
vt 0.779338 0.840261
vt 0.778129 0.840125
vt 0.778129 0.840261
vt 0.776921 0.840125
vt 0.776921 0.840261
vt 0.775712 0.840125
vt 0.804714 0.839055
vt 0.802901 0.839055
vt 0.801089 0.839055
vt 0.799276 0.839055
vt 0.797464 0.839055
vt 0.795651 0.839055
vt 0.792026 0.839055
vt 0.790213 0.839055
vt 0.788401 0.839055
vt 0.786588 0.839055
vt 0.784775 0.839055
vt 0.782963 0.839055
vt 0.781150 0.839055
vt 0.779338 0.839055
vt 0.777525 0.839055
vt 0.775712 0.839055
vt 0.793838 0.839055
vt 0.786588 0.841332
vt 0.784775 0.841332
vt 0.779338 0.841332
vt 0.782963 0.841332
vt 0.781150 0.841332
vt 0.790213 0.841332
vt 0.788401 0.841332
vt 0.793838 0.841332
vt 0.792026 0.841332
vt 0.797464 0.841332
vt 0.795651 0.841332
vt 0.801089 0.841332
vt 0.799276 0.841332
vt 0.804714 0.841332
vt 0.802901 0.841332
vt 0.775712 0.841332
vt 0.775712 0.840261
vt 0.777525 0.841332
vt 0.804714 0.840261
vt 0.804714 0.843245
vt 0.803506 0.843381
vt 0.803506 0.843245
vt 0.802297 0.843245
vt 0.802297 0.843381
vt 0.801089 0.843245
vt 0.801089 0.843381
vt 0.799880 0.843245
vt 0.799880 0.843381
vt 0.798672 0.843245
vt 0.798672 0.843381
vt 0.797464 0.843245
vt 0.797464 0.843381
vt 0.796255 0.843245
vt 0.796255 0.843381
vt 0.795047 0.843245
vt 0.795047 0.843381
vt 0.793838 0.843245
vt 0.793838 0.843381
vt 0.792630 0.843245
vt 0.792630 0.843381
vt 0.791422 0.843245
vt 0.791422 0.843381
vt 0.790213 0.843245
vt 0.790213 0.843381
vt 0.789005 0.843245
vt 0.789005 0.843381
vt 0.787796 0.843245
vt 0.787796 0.843381
vt 0.786588 0.843245
vt 0.786588 0.843381
vt 0.785380 0.843245
vt 0.785380 0.843381
vt 0.784171 0.843245
vt 0.784171 0.843381
vt 0.782963 0.843245
vt 0.782963 0.843381
vt 0.781754 0.843245
vt 0.781754 0.843381
vt 0.780546 0.843245
vt 0.780546 0.843381
vt 0.779338 0.843245
vt 0.779338 0.843381
vt 0.778129 0.843245
vt 0.778129 0.843381
vt 0.776921 0.843245
vt 0.776921 0.843381
vt 0.775712 0.843245
vt 0.804714 0.842174
vt 0.802901 0.842174
vt 0.801089 0.842174
vt 0.799276 0.842174
vt 0.797464 0.842174
vt 0.793838 0.842174
vt 0.790213 0.842174
vt 0.788401 0.842174
vt 0.786588 0.842174
vt 0.784775 0.842174
vt 0.782963 0.842174
vt 0.781150 0.842174
vt 0.779338 0.842174
vt 0.777525 0.842174
vt 0.775712 0.842174
vt 0.795651 0.842174
vt 0.792026 0.842174
vt 0.786588 0.844450
vt 0.784775 0.844450
vt 0.779338 0.844450
vt 0.782963 0.844450
vt 0.781150 0.844450
vt 0.790213 0.844450
vt 0.788401 0.844450
vt 0.793838 0.844450
vt 0.792026 0.844450
vt 0.797464 0.844450
vt 0.795651 0.844450
vt 0.801089 0.844450
vt 0.799276 0.844450
vt 0.804714 0.844450
vt 0.802901 0.844450
vt 0.775712 0.844450
vt 0.775712 0.843381
vt 0.777525 0.844450
vt 0.804714 0.843381
vt 0.804714 0.845292
vt 0.802901 0.845292
vt 0.801089 0.845292
vt 0.797464 0.845292
vt 0.793838 0.845292
vt 0.790213 0.845292
vt 0.788401 0.845292
vt 0.786588 0.845292
vt 0.784775 0.845292
vt 0.782963 0.845292
vt 0.779338 0.845292
vt 0.777525 0.845292
vt 0.457422 0.126948
vt 0.459801 0.127234
vt 0.457422 0.127610
vt 0.459596 0.126604
vt 0.461947 0.126140
vt 0.461558 0.125604
vt 0.463651 0.124436
vt 0.463115 0.124047
vt 0.464744 0.122290
vt 0.464115 0.122086
vt 0.465121 0.119911
vt 0.464459 0.119911
vt 0.464744 0.117532
vt 0.464115 0.117736
vt 0.463651 0.115385
vt 0.463115 0.115774
vt 0.461947 0.113682
vt 0.461558 0.114217
vt 0.459801 0.112588
vt 0.459596 0.113218
vt 0.457422 0.112211
vt 0.457422 0.112873
vt 0.455042 0.112588
vt 0.455247 0.113218
vt 0.452896 0.113682
vt 0.453285 0.114217
vt 0.451193 0.115385
vt 0.451728 0.115774
vt 0.450099 0.117532
vt 0.450729 0.117736
vt 0.449722 0.119911
vt 0.450384 0.119911
vt 0.450099 0.122290
vt 0.450729 0.122086
vt 0.451193 0.124436
vt 0.451728 0.124047
vt 0.452896 0.126140
vt 0.457422 0.119911
vt 0.451916 0.119911
vt 0.452186 0.118210
vt 0.453285 0.125604
vt 0.455042 0.127234
vt 0.455247 0.126604
vt 0.459492 0.126282
vt 0.457422 0.126609
vt 0.462841 0.123848
vt 0.461359 0.125330
vt 0.463792 0.121981
vt 0.464120 0.119911
vt 0.463792 0.117841
vt 0.461359 0.114492
vt 0.462841 0.115974
vt 0.459492 0.113540
vt 0.457422 0.113212
vt 0.455352 0.113540
vt 0.452002 0.115974
vt 0.453484 0.114492
vt 0.451051 0.117841
vt 0.450723 0.119911
vt 0.452002 0.123848
vt 0.451051 0.121981
vt 0.453484 0.125330
vt 0.455352 0.126282
vt 0.459123 0.125147
vt 0.457422 0.125416
vt 0.460657 0.124365
vt 0.461875 0.123147
vt 0.462657 0.121612
vt 0.462657 0.118210
vt 0.462927 0.119911
vt 0.461875 0.116675
vt 0.460657 0.115457
vt 0.459123 0.114675
vt 0.455720 0.114675
vt 0.457422 0.114406
vt 0.454186 0.115457
vt 0.452968 0.116675
vt 0.452186 0.121612
vt 0.452968 0.123147
vt 0.454186 0.124365
vt 0.455720 0.125147
vt 0.465137 0.119916
vt 0.463052 0.119916
vt 0.462624 0.122072
vt 0.464759 0.117532
vt 0.462624 0.117761
vt 0.457419 0.127634
vt 0.457419 0.125549
vt 0.455263 0.125121
vt 0.459804 0.127256
vt 0.459575 0.125121
vt 0.449702 0.119916
vt 0.451786 0.119916
vt 0.452215 0.117761
vt 0.450079 0.122301
vt 0.452215 0.122072
vt 0.457419 0.112199
vt 0.457419 0.114283
vt 0.459575 0.114712
vt 0.455034 0.112577
vt 0.455263 0.114712
vt 0.451175 0.115380
vt 0.450079 0.117532
vt 0.452883 0.113673
vt 0.453436 0.115933
vt 0.461955 0.113673
vt 0.459804 0.112577
vt 0.463663 0.115380
vt 0.461402 0.115933
vt 0.463663 0.124453
vt 0.464759 0.122301
vt 0.461955 0.126160
vt 0.461402 0.123900
vt 0.452883 0.126160
vt 0.455034 0.127256
vt 0.451175 0.124453
vt 0.453436 0.123900
vt 0.446440 0.159478
vt 0.444948 0.158335
vt 0.446440 0.158335
vt 0.444948 0.159478
vt 0.443447 0.158335
vt 0.443447 0.159478
vt 0.441933 0.158335
vt 0.441933 0.159478
vt 0.440393 0.158335
vt 0.440393 0.159478
vt 0.438829 0.158335
vt 0.435945 0.149556
vt 0.434626 0.150669
vt 0.436246 0.154033
vt 0.525991 0.117161
vt 0.524982 0.117161
vt 0.524219 0.115831
vt 0.524977 0.138129
vt 0.521953 0.119457
vt 0.437374 0.158335
vt 0.437199 0.157982
vt 0.437427 0.158122
vt 0.422338 0.159478
vt 0.420773 0.158335
vt 0.422338 0.158335
vt 0.420773 0.159478
vt 0.419233 0.158335
vt 0.419233 0.159478
vt 0.417719 0.158335
vt 0.417719 0.159478
vt 0.416218 0.158335
vt 0.416218 0.159478
vt 0.414726 0.158335
vt 0.443447 0.158122
vt 0.444948 0.158122
vt 0.420773 0.158122
vt 0.440393 0.158122
vt 0.425567 0.159478
vt 0.424210 0.159478
vt 0.424210 0.158125
vt 0.416218 0.158122
vt 0.441933 0.158122
vt 0.446440 0.158122
vt 0.417719 0.158122
vt 0.419233 0.158122
vt 0.423793 0.158335
vt 0.423968 0.157982
vt 0.422338 0.158122
vt 0.416218 0.157417
vt 0.417719 0.157417
vt 0.436948 0.158125
vt 0.435600 0.156360
vt 0.427221 0.159478
vt 0.428896 0.156360
vt 0.428896 0.159478
vt 0.423945 0.157277
vt 0.423740 0.158122
vt 0.423717 0.157417
vt 0.422338 0.157417
vt 0.420773 0.157417
vt 0.443447 0.157417
vt 0.444948 0.157417
vt 0.438829 0.158122
vt 0.438829 0.157417
vt 0.440393 0.157417
vt 0.424508 0.156147
vt 0.426901 0.150669
vt 0.428377 0.148638
vt 0.427375 0.147589
vt 0.432270 0.159478
vt 0.433946 0.156360
vt 0.433946 0.159478
vt 0.428985 0.146773
vt 0.430583 0.156360
vt 0.430583 0.159478
vt 0.430766 0.147912
vt 0.430771 0.146364
vt 0.437221 0.157277
vt 0.436659 0.156147
vt 0.436659 0.155442
vt 0.433151 0.148638
vt 0.432547 0.146773
vt 0.427221 0.156360
vt 0.551585 0.189035
vt 0.552577 0.191051
vt 0.553643 0.189342
vt 0.434152 0.147589
vt 0.152243 0.765099
vt 0.152243 0.749683
vt 0.149914 0.764927
vt 0.169470 0.768159
vt 0.171342 0.768159
vt 0.171342 0.765076
vt 0.510354 0.117161
vt 0.509348 0.117161
vt 0.511119 0.115831
vt 0.161765 0.768173
vt 0.159749 0.748342
vt 0.159749 0.768173
vt 0.426100 0.148864
vt 0.154115 0.748351
vt 0.154115 0.768182
vt 0.167651 0.748328
vt 0.167651 0.768159
vt 0.157875 0.748342
vt 0.157875 0.768173
vt 0.173671 0.764904
vt 0.171342 0.749660
vt 0.425582 0.149556
vt 0.432270 0.156360
vt 0.435427 0.148864
vt 0.424708 0.156360
vt 0.432275 0.156147
vt 0.428891 0.156147
vt 0.433955 0.156147
vt 0.435612 0.156147
vt 0.425567 0.156360
vt 0.427212 0.156147
vt 0.425555 0.156147
vt 0.432387 0.154408
vt 0.430583 0.156147
vt 0.436459 0.156360
vt 0.424508 0.154408
vt 0.435881 0.154408
vt 0.423793 0.159478
vt 0.436947 0.159478
vt 0.563923 0.189342
vt 0.558783 0.195560
vt 0.560800 0.195241
vt 0.562619 0.194314
vt 0.564062 0.192870
vt 0.564989 0.191051
vt 0.565981 0.189035
vt 0.553504 0.192870
vt 0.554948 0.194314
vt 0.556767 0.195241
vt 0.509348 0.138129
vt 0.525991 0.138129
vt 0.513392 0.138114
vt 0.513392 0.119457
vt 0.163782 0.768173
vt 0.161765 0.748342
vt 0.155934 0.768182
vt 0.165656 0.768173
vt 0.163782 0.748342
vt 0.155940 0.748342
vt 0.155940 0.768173
vt 0.167646 0.768173
vt 0.165656 0.748342
vt 0.173375 0.767929
vt 0.430763 0.150577
vt 0.425282 0.154033
vt 0.150210 0.767952
vt 0.150488 0.768182
vt 0.173096 0.768159
vt 0.438821 0.159478
vt 0.440386 0.159478
vt 0.440933 0.160719
vt 0.420233 0.160719
vt 0.437374 0.159478
vt 0.438829 0.159478
vt 0.430584 0.160719
vt 0.428394 0.160719
vt 0.432773 0.160719
vt 0.446442 0.159478
vt 0.446442 0.160719
vt 0.444633 0.160719
vt 0.414725 0.159478
vt 0.416220 0.159478
vt 0.416534 0.160719
vt 0.417724 0.159478
vt 0.418363 0.160719
vt 0.419242 0.159478
vt 0.420781 0.159478
vt 0.426245 0.160719
vt 0.441925 0.159478
vt 0.442803 0.160719
vt 0.443443 0.159478
vt 0.444946 0.159478
vt 0.414725 0.160719
vt 0.439005 0.160719
vt 0.152243 0.768182
vt 0.169470 0.748328
vt 0.510354 0.138129
vt 0.428780 0.154408
vt 0.818446 0.810550
vt 0.817123 0.813205
vt 0.818446 0.813205
vt 0.819768 0.810550
vt 0.819768 0.813205
vt 0.821089 0.810550
vt 0.821089 0.813205
vt 0.822410 0.813205
vt 0.815802 0.813205
vt 0.814481 0.810550
vt 0.814481 0.813205
vt 0.815802 0.810550
vt 0.817123 0.807894
vt 0.817123 0.810550
vt 0.819768 0.807894
vt 0.821089 0.807894
vt 0.822410 0.807894
vt 0.822410 0.810550
vt 0.814481 0.807894
vt 0.815802 0.807894
vt 0.818446 0.807894
vt 0.817123 0.805238
vt 0.818446 0.805238
vt 0.819768 0.805238
vt 0.822410 0.805238
vt 0.815802 0.805238
vt 0.817123 0.802583
vt 0.818446 0.802583
vt 0.821089 0.805238
vt 0.819768 0.802583
vt 0.822410 0.802583
vt 0.815802 0.802583
vt 0.814481 0.805238
vt 0.817123 0.799927
vt 0.818446 0.799927
vt 0.821089 0.802583
vt 0.819768 0.799927
vt 0.822410 0.799927
vt 0.815802 0.799927
vt 0.814481 0.802583
vt 0.817123 0.797272
vt 0.818446 0.797272
vt 0.821089 0.799927
vt 0.819768 0.797272
vt 0.822410 0.797272
vt 0.815802 0.797272
vt 0.814481 0.799927
vt 0.818446 0.794616
vt 0.819768 0.794616
vt 0.821089 0.794616
vt 0.821089 0.797272
vt 0.814481 0.794616
vt 0.814481 0.797272
vt 0.815802 0.794616
vt 0.818446 0.791960
vt 0.817123 0.794616
vt 0.819768 0.791960
vt 0.821089 0.791960
vt 0.822410 0.794616
vt 0.814481 0.791960
vt 0.815802 0.791960
vt 0.915592 0.810550
vt 0.914271 0.813205
vt 0.915592 0.813205
vt 0.908987 0.810550
vt 0.907665 0.813205
vt 0.908987 0.813205
vt 0.910308 0.813205
vt 0.911629 0.813205
vt 0.910308 0.810550
vt 0.912950 0.813205
vt 0.911629 0.810550
vt 0.914271 0.810550
vt 0.915592 0.807894
vt 0.907665 0.807894
vt 0.907665 0.810550
vt 0.908987 0.807894
vt 0.910308 0.807894
vt 0.912950 0.807894
vt 0.912950 0.810550
vt 0.914271 0.807894
vt 0.914271 0.805238
vt 0.907665 0.805238
vt 0.910308 0.805238
vt 0.911629 0.805238
vt 0.911629 0.807894
vt 0.912950 0.805238
vt 0.915592 0.805238
vt 0.914271 0.802583
vt 0.908987 0.805238
vt 0.907665 0.802583
vt 0.910308 0.802583
vt 0.911629 0.802583
vt 0.912950 0.802583
vt 0.915592 0.802583
vt 0.914271 0.799927
vt 0.908987 0.802583
vt 0.907665 0.799927
vt 0.910308 0.799927
vt 0.911629 0.799927
vt 0.912950 0.799927
vt 0.915592 0.799927
vt 0.914271 0.797272
vt 0.908987 0.799927
vt 0.907665 0.797272
vt 0.910308 0.797272
vt 0.911629 0.797272
vt 0.912950 0.797272
vt 0.915592 0.794616
vt 0.915592 0.797272
vt 0.908987 0.794616
vt 0.908987 0.797272
vt 0.910308 0.794616
vt 0.911629 0.794616
vt 0.914271 0.794616
vt 0.915592 0.791960
vt 0.908987 0.791960
vt 0.907665 0.794616
vt 0.910308 0.791960
vt 0.912950 0.794616
vt 0.911629 0.791960
vt 0.914271 0.791960
vt 0.802039 0.810550
vt 0.800717 0.813205
vt 0.802039 0.813205
vt 0.803362 0.810550
vt 0.803362 0.813205
vt 0.804683 0.810550
vt 0.804683 0.813205
vt 0.806004 0.813205
vt 0.799396 0.813205
vt 0.798075 0.810550
vt 0.798075 0.813205
vt 0.799396 0.810550
vt 0.802039 0.807894
vt 0.800717 0.810550
vt 0.803362 0.807894
vt 0.804683 0.807894
vt 0.806004 0.810550
vt 0.798075 0.807894
vt 0.799396 0.807894
vt 0.800717 0.805238
vt 0.800717 0.807894
vt 0.802039 0.805238
vt 0.803362 0.805238
vt 0.806004 0.805238
vt 0.806004 0.807894
vt 0.799396 0.805238
vt 0.800717 0.802583
vt 0.802039 0.802583
vt 0.804683 0.805238
vt 0.803362 0.802583
vt 0.806004 0.802583
vt 0.799396 0.802583
vt 0.798075 0.805238
vt 0.800717 0.799927
vt 0.802039 0.799927
vt 0.804683 0.802583
vt 0.803362 0.799927
vt 0.806004 0.799927
vt 0.799396 0.799927
vt 0.798075 0.802583
vt 0.800717 0.797272
vt 0.802039 0.797272
vt 0.804683 0.799927
vt 0.803362 0.797272
vt 0.806004 0.797272
vt 0.799396 0.797272
vt 0.798075 0.799927
vt 0.802039 0.794616
vt 0.803362 0.794616
vt 0.804683 0.794616
vt 0.804683 0.797272
vt 0.798075 0.794616
vt 0.798075 0.797272
vt 0.799396 0.794616
vt 0.802039 0.791960
vt 0.800717 0.794616
vt 0.803362 0.791960
vt 0.804683 0.791960
vt 0.806004 0.794616
vt 0.798075 0.791960
vt 0.799396 0.791960
vt 0.899655 0.810550
vt 0.898334 0.813205
vt 0.899655 0.813205
vt 0.893049 0.810550
vt 0.891728 0.813205
vt 0.893049 0.813205
vt 0.894370 0.813205
vt 0.895691 0.813205
vt 0.894370 0.810550
vt 0.897013 0.813205
vt 0.895691 0.810550
vt 0.898334 0.810550
vt 0.899655 0.807894
vt 0.893049 0.807894
vt 0.891728 0.810550
vt 0.894370 0.807894
vt 0.897013 0.810550
vt 0.895691 0.807894
vt 0.898334 0.807894
vt 0.898334 0.805238
vt 0.891728 0.805238
vt 0.891728 0.807894
vt 0.894370 0.805238
vt 0.895691 0.805238
vt 0.897013 0.805238
vt 0.897013 0.807894
vt 0.899655 0.805238
vt 0.898334 0.802583
vt 0.893049 0.805238
vt 0.891728 0.802583
vt 0.894370 0.802583
vt 0.895691 0.802583
vt 0.897013 0.802583
vt 0.899655 0.802583
vt 0.898334 0.799927
vt 0.893049 0.802583
vt 0.891728 0.799927
vt 0.894370 0.799927
vt 0.895691 0.799927
vt 0.897013 0.799927
vt 0.899655 0.799927
vt 0.898334 0.797272
vt 0.893049 0.799927
vt 0.891728 0.797272
vt 0.894370 0.797272
vt 0.895691 0.797272
vt 0.897013 0.797272
vt 0.899655 0.794616
vt 0.899655 0.797272
vt 0.893049 0.794616
vt 0.893049 0.797272
vt 0.894370 0.794616
vt 0.895691 0.794616
vt 0.898334 0.794616
vt 0.899655 0.791960
vt 0.893049 0.791960
vt 0.891728 0.794616
vt 0.894370 0.791960
vt 0.897013 0.794616
vt 0.895691 0.791960
vt 0.898334 0.791960
vt 0.212469 0.772019
vt 0.211492 0.784687
vt 0.212469 0.784219
vt 0.564052 0.105068
vt 0.568626 0.109334
vt 0.568626 0.105068
vt 0.544974 0.116454
vt 0.549313 0.105480
vt 0.544974 0.105480
vt 0.559876 0.123475
vt 0.555303 0.112907
vt 0.559876 0.112907
vt 0.555303 0.126502
vt 0.555303 0.123475
vt 0.220787 0.778416
vt 0.219985 0.775260
vt 0.222951 0.778344
vt 0.219985 0.791523
vt 0.223011 0.788882
vt 0.219985 0.787775
vt 0.549616 0.091237
vt 0.546315 0.081871
vt 0.549616 0.081871
vt 0.223011 0.791523
vt 0.554189 0.081871
vt 0.557490 0.091237
vt 0.554189 0.091237
vt 0.554189 0.094357
vt 0.557490 0.094357
vt 0.549616 0.079720
vt 0.557490 0.079720
vt 0.554189 0.079720
vt 0.549616 0.094357
vt 0.546315 0.091237
vt 0.568626 0.099626
vt 0.564052 0.099626
vt 0.211492 0.767479
vt 0.219007 0.789481
vt 0.219007 0.772019
vt 0.219985 0.770028
vt 0.222143 0.767479
vt 0.222131 0.769418
vt 0.543875 0.116980
vt 0.550413 0.104380
vt 0.549313 0.119945
vt 0.550413 0.122242
vt 0.564052 0.097818
vt 0.568626 0.097818
vt 0.543875 0.104380
vt 0.564052 0.095709
vt 0.568626 0.095709
vt 0.568878 0.083478
vt 0.564115 0.093405
vt 0.568878 0.093405
vt 0.555303 0.095703
vt 0.368300 0.029166
vt 0.373383 0.028302
vt 0.373610 0.029169
vt 0.369811 0.051269
vt 0.369127 0.045925
vt 0.369812 0.045925
vt 0.369118 0.052549
vt 0.369812 0.052549
vt 0.375037 0.026679
vt 0.371004 0.059930
vt 0.372556 0.060236
vt 0.370877 0.060236
vt 0.370398 0.059756
vt 0.370691 0.059617
vt 0.393462 0.027605
vt 0.394838 0.029403
vt 0.394014 0.030227
vt 0.395254 0.024555
vt 0.370440 0.056714
vt 0.368024 0.053359
vt 0.368300 0.053054
vt 0.391768 0.030227
vt 0.391768 0.027605
vt 0.398918 0.018405
vt 0.394589 0.014326
vt 0.398918 0.014326
vt 0.370155 0.056936
vt 0.054081 0.723324
vt 0.056641 0.723649
vt 0.053929 0.723697
vt 0.053352 0.723131
vt 0.053700 0.722957
vt 0.052882 0.718343
vt 0.053224 0.718120
vt 0.369809 0.038064
vt 0.369128 0.038064
vt 0.049340 0.712340
vt 0.049673 0.712051
vt 0.053119 0.711179
vt 0.056558 0.711172
vt 0.373201 0.050057
vt 0.378084 0.052671
vt 0.373194 0.052674
vt 0.378926 0.048589
vt 0.372343 0.037906
vt 0.378933 0.037899
vt 0.372354 0.048595
vt 0.373492 0.018956
vt 0.367744 0.018286
vt 0.373552 0.018266
vt 0.369137 0.033585
vt 0.369810 0.033585
vt 0.368024 0.050986
vt 0.368300 0.050986
vt 0.049291 0.708911
vt 0.049653 0.708908
vt 0.053112 0.708897
vt 0.397319 0.036864
vt 0.391379 0.039240
vt 0.391379 0.036864
vt 0.061297 0.721170
vt 0.056631 0.723280
vt 0.057302 0.721186
vt 0.057263 0.711522
vt 0.397319 0.039240
vt 0.391379 0.050698
vt 0.391379 0.053368
vt 0.397319 0.050698
vt 0.397319 0.053368
vt 0.389312 0.038066
vt 0.389312 0.052388
vt 0.373671 0.016091
vt 0.364070 0.018731
vt 0.367627 0.016112
vt 0.384209 0.027961
vt 0.383285 0.025408
vt 0.384685 0.027686
vt 0.363068 0.016569
vt 0.363291 0.018809
vt 0.367798 0.018974
vt 0.393462 0.016890
vt 0.383699 0.028256
vt 0.385404 0.030040
vt 0.385325 0.030276
vt 0.385482 0.030549
vt 0.385130 0.030753
vt 0.382767 0.026629
vt 0.391768 0.014326
vt 0.391768 0.016890
vt 0.371012 0.045939
vt 0.370328 0.051283
vt 0.370327 0.045939
vt 0.371020 0.052563
vt 0.370327 0.052563
vt 0.366868 0.026679
vt 0.368509 0.028309
vt 0.375663 0.060236
vt 0.372556 0.059930
vt 0.375663 0.059930
vt 0.377215 0.059930
vt 0.377821 0.059756
vt 0.377528 0.059617
vt 0.389166 0.027602
vt 0.388614 0.030224
vt 0.387790 0.029400
vt 0.387373 0.024552
vt 0.389166 0.016888
vt 0.380195 0.053359
vt 0.377779 0.056714
vt 0.379919 0.053053
vt 0.390859 0.030224
vt 0.390859 0.027602
vt 0.383709 0.018403
vt 0.388038 0.014323
vt 0.378064 0.056936
vt 0.064533 0.723265
vt 0.061977 0.723623
vt 0.061987 0.723250
vt 0.065255 0.723068
vt 0.064908 0.722898
vt 0.065684 0.718294
vt 0.065342 0.718074
vt 0.370330 0.038079
vt 0.069167 0.712299
vt 0.068835 0.712013
vt 0.065405 0.711162
vt 0.061974 0.711167
vt 0.371001 0.033599
vt 0.371010 0.038079
vt 0.380195 0.050986
vt 0.069197 0.708898
vt 0.068837 0.708897
vt 0.061275 0.711515
vt 0.399386 0.038066
vt 0.399386 0.052388
vt 0.377203 0.018736
vt 0.378039 0.027961
vt 0.377564 0.027686
vt 0.378963 0.025408
vt 0.378259 0.016591
vt 0.377982 0.018832
vt 0.377066 0.019556
vt 0.378549 0.028256
vt 0.376844 0.030040
vt 0.376923 0.030276
vt 0.377118 0.030753
vt 0.376766 0.030549
vt 0.379481 0.026629
vt 0.390859 0.014323
vt 0.378093 0.036434
vt 0.373167 0.033876
vt 0.378097 0.033876
vt 0.373171 0.036434
vt 0.511312 0.641880
vt 0.577040 0.707608
vt 0.511312 0.707608
vt 0.577040 0.641880
vt 0.799276 0.845292
vt 0.795651 0.845292
vt 0.792026 0.845292
vt 0.781150 0.845292
vt 0.775712 0.845292
vt 0.521953 0.138114
vt 0.414726 0.159478
vt 0.414726 0.158122
vt 0.419233 0.157417
vt 0.414726 0.157417
vt 0.446440 0.157417
vt 0.441933 0.157417
vt 0.437450 0.157417
vt 0.424508 0.155442
vt 0.430584 0.154408
vt 0.434160 0.154408
vt 0.425286 0.154408
vt 0.427007 0.154408
vt 0.436659 0.154408
vt 0.155934 0.748351
vt 0.167646 0.748342
vt 0.817123 0.791960
vt 0.822410 0.791960
vt 0.907665 0.791960
vt 0.912950 0.791960
vt 0.800717 0.791960
vt 0.806004 0.791960
vt 0.891728 0.791960
vt 0.897013 0.791960
vt 0.564052 0.109334
vt 0.559876 0.126502
vt 0.557490 0.081871
vt 0.546315 0.079720
vt 0.546315 0.094357
vt 0.564115 0.083478
vt 0.559876 0.095703
vt 0.369117 0.051269
vt 0.374493 0.026365
vt 0.378087 0.050055
vt 0.363845 0.016492
vt 0.364202 0.019556
vt 0.371021 0.051283
vt 0.367411 0.026365
vt 0.377342 0.060236
vt 0.383709 0.014323
vt 0.064688 0.723631
vt 0.370329 0.033599
vt 0.379919 0.050986
vt 0.065405 0.708897
vt 0.377481 0.016495
vt 0.390859 0.016887
s 1
usemtl MI_MyNewMachine
f 1/1/1 4/2/2 3/3/3
f 4/2/2 5/4/4 3/3/3
f 6/5/5 7/6/6 5/4/4
f 8/7/7 9/8/8 7/6/6
f 10/9/9 11/10/10 9/8/8
f 12/11/11 13/12/12 11/10/10
f 14/13/13 15/14/14 13/12/12
f 16/15/15 17/16/16 15/14/14
f 18/17/17 19/18/18 17/16/16
f 20/19/19 21/20/20 19/18/18
f 22/21/21 23/22/22 21/20/20
f 24/23/23 25/24/24 23/22/22
f 26/25/25 27/26/26 25/24/24
f 28/27/27 29/28/28 27/26/26
f 30/29/29 31/30/30 29/28/28
f 32/31/31 33/32/32 31/30/30
f 34/33/33 35/34/34 33/32/32
f 36/35/35 37/36/36 35/34/34
f 38/37/37 39/38/38 37/36/36
f 40/39/39 41/40/40 39/38/38
f 42/41/41 43/42/42 41/40/40
f 44/43/43 45/44/44 43/42/42
f 46/45/45 47/46/46 45/44/44
f 48/47/47 1/48/1 47/46/46
f 50/49/48 51/50/49 49/51/48
f 52/52/49 53/53/50 51/50/49
f 54/54/50 55/55/51 53/53/50
f 56/56/51 57/57/52 55/55/51
f 548/58/53 61/59/54 60/60/55
f 60/61/56 445/62/57 548/63/58
f 61/59/54 62/64/59 60/60/55
f 63/65/59 64/66/60 62/64/59
f 65/67/60 66/68/61 64/66/60
f 67/69/61 68/70/62 66/68/61
f 549/71/63 72/72/64 71/73/65
f 71/74/66 456/75/57 549/76/67
f 72/72/64 73/77/68 71/73/65
f 74/78/68 75/79/69 73/77/68
f 76/80/69 77/81/70 75/79/69
f 78/82/70 49/83/48 77/81/70
f 76/80/71 74/78/72 41/40/40
f 69/84/73 31/30/30 33/32/32
f 72/72/74 37/36/36 39/38/38
f 72/72/74 70/85/75 35/34/34
f 35/34/34 70/85/75 33/32/32
f 41/40/40 74/78/72 39/38/38
f 43/42/42 76/80/71 41/40/40
f 74/78/72 72/72/74 39/38/38
f 37/36/36 72/72/74 35/34/34
f 70/85/75 69/84/73 33/32/32
f 76/80/71 43/42/42 45/44/44
f 50/86/76 78/82/77 47/46/46
f 50/49/76 1/1/1 3/3/3
f 54/54/78 52/52/79 5/4/4
f 54/54/78 7/6/6 9/8/8
f 58/87/80 56/56/81 11/10/10
f 58/87/80 13/12/12 15/14/14
f 61/59/82 59/88/83 17/16/16
f 61/59/82 19/18/18 21/20/20
f 65/67/84 63/65/85 23/22/22
f 65/67/84 25/24/24 27/26/26
f 69/84/73 67/69/86 29/28/28
f 11/10/10 56/56/81 9/8/8
f 17/16/16 59/88/83 15/14/14
f 23/22/22 63/65/85 21/20/20
f 29/28/28 67/69/86 27/26/26
f 5/4/4 52/52/79 3/3/3
f 47/46/46 78/82/77 45/44/44
f 78/82/77 76/80/71 45/44/44
f 31/30/30 69/84/73 29/28/28
f 67/69/86 65/67/84 27/26/26
f 25/24/24 65/67/84 23/22/22
f 1/48/1 50/86/76 47/46/46
f 52/52/79 50/49/76 3/3/3
f 59/88/83 58/87/80 15/14/14
f 13/12/12 58/87/80 11/10/10
f 63/65/85 61/59/82 21/20/20
f 19/18/18 61/59/82 17/16/16
f 56/56/81 54/54/78 9/8/8
f 7/6/6 54/54/78 5/4/4
f 148/89/87 150/90/88 34/33/33
f 155/91/89 44/43/43 42/41/41
f 106/92/90 38/37/37 36/35/35
f 106/92/90 153/93/91 40/39/39
f 40/39/39 153/93/91 42/41/41
f 34/33/33 150/90/88 36/35/35
f 32/31/31 148/89/87 34/33/33
f 150/90/88 106/92/90 36/35/35
f 38/37/37 106/92/90 40/39/39
f 153/93/91 155/91/89 42/41/41
f 148/89/87 32/31/31 30/29/29
f 144/94/92 146/95/93 28/27/27
f 144/94/92 26/25/25 24/23/23
f 140/96/94 142/97/95 22/21/21
f 140/96/94 20/19/19 18/17/17
f 137/98/96 103/99/97 16/15/15
f 137/98/96 14/13/13 12/11/11
f 134/100/98 104/101/99 10/9/9
f 134/100/98 8/7/7 6/5/5
f 130/102/100 132/103/101 4/2/2
f 130/104/100 91/105/102 48/47/47
f 155/91/89 105/106/103 46/45/45
f 16/15/15 103/99/97 18/17/17
f 10/9/9 104/101/99 12/11/11
f 4/2/2 132/103/101 6/5/5
f 46/45/45 105/106/103 48/47/47
f 22/21/21 142/97/95 24/23/23
f 28/27/27 146/95/93 30/29/29
f 146/95/93 148/89/87 30/29/29
f 44/43/43 155/91/89 46/45/45
f 105/106/103 130/104/100 48/47/47
f 91/107/102 130/102/100 4/2/2
f 26/25/25 144/94/92 28/27/27
f 142/97/95 144/94/92 24/23/23
f 104/101/99 137/98/96 12/11/11
f 14/13/13 137/98/96 16/15/15
f 132/103/101 134/100/98 6/5/5
f 8/7/7 134/100/98 10/9/9
f 103/99/97 140/96/94 18/17/17
f 20/19/19 140/96/94 22/21/21
f 102/108/1 100/109/104 101/110/3
f 100/109/104 99/111/4 101/110/3
f 98/112/105 97/113/6 99/111/4
f 96/114/106 95/115/8 97/113/6
f 94/116/107 93/117/10 95/115/8
f 92/118/108 90/119/12 93/117/10
f 89/120/109 88/121/14 90/119/12
f 87/122/110 86/123/16 88/121/14
f 85/124/111 84/125/18 86/123/16
f 83/126/112 82/127/20 84/125/18
f 81/128/113 80/129/22 82/127/20
f 79/130/114 2/131/24 80/129/22
f 107/132/115 108/133/26 2/131/24
f 109/134/116 110/135/28 108/133/26
f 111/136/117 112/137/30 110/135/28
f 113/138/118 114/139/32 112/137/30
f 115/140/119 116/141/34 114/139/32
f 117/142/120 118/143/36 116/141/34
f 119/144/121 120/145/38 118/143/36
f 121/146/122 122/147/40 120/145/38
f 123/148/123 124/149/42 122/147/40
f 125/150/124 126/151/44 124/149/42
f 127/152/125 128/153/46 126/151/44
f 129/154/126 102/155/1 128/153/46
f 131/156/48 132/103/49 130/102/127
f 133/157/49 134/100/128 132/103/49
f 135/158/50 104/101/51 134/100/128
f 104/101/51 138/159/129 137/98/129
f 138/159/129 103/99/130 137/98/129
f 103/99/130 141/160/131 140/96/131
f 141/160/131 142/97/59 140/96/131
f 143/161/59 144/94/60 142/97/59
f 145/162/60 146/95/61 144/94/60
f 147/163/61 148/89/132 146/95/61
f 149/164/132 150/90/133 148/89/132
f 151/165/133 106/92/134 150/90/133
f 106/92/134 154/166/68 153/93/68
f 154/166/68 155/91/135 153/93/68
f 156/167/69 105/106/70 155/91/135
f 105/106/70 131/168/48 130/104/127
f 156/167/136 154/166/137 122/147/40
f 149/164/138 112/137/30 114/139/32
f 152/169/74 118/143/36 120/145/38
f 152/169/74 151/165/139 116/141/34
f 116/141/34 151/165/139 114/139/32
f 122/147/40 154/166/137 120/145/38
f 124/149/42 156/167/136 122/147/40
f 154/166/137 152/169/74 120/145/38
f 118/143/36 152/169/74 116/141/34
f 151/165/139 149/164/138 114/139/32
f 156/167/136 124/149/42 126/151/44
f 131/168/76 157/170/77 128/153/46
f 131/156/76 102/108/1 101/110/3
f 135/158/140 133/157/79 99/111/4
f 135/158/140 97/113/6 95/115/8
f 138/159/141 136/171/142 93/117/10
f 138/159/141 90/119/12 88/121/14
f 141/160/82 139/172/83 86/123/16
f 141/160/82 84/125/18 82/127/20
f 145/162/84 143/161/143 80/129/22
f 145/162/84 2/131/24 108/133/26
f 149/164/138 147/163/144 110/135/28
f 93/117/10 136/171/142 95/115/8
f 86/123/16 139/172/83 88/121/14
f 80/129/22 143/161/143 82/127/20
f 110/135/28 147/163/144 108/133/26
f 99/111/4 133/157/79 101/110/3
f 128/153/46 157/170/77 126/151/44
f 157/170/77 156/167/136 126/151/44
f 112/137/30 149/164/138 110/135/28
f 147/163/144 145/162/84 108/133/26
f 2/131/24 145/162/84 80/129/22
f 102/155/1 131/168/76 128/153/46
f 133/157/79 131/156/76 101/110/3
f 139/172/83 138/159/141 88/121/14
f 90/119/12 138/159/141 93/117/10
f 143/161/143 141/160/82 82/127/20
f 84/125/18 141/160/82 86/123/16
f 136/171/142 135/158/140 95/115/8
f 97/113/6 135/158/140 99/111/4
f 226/173/145 228/174/146 115/140/119
f 234/175/147 125/150/124 123/148/123
f 230/176/148 119/144/121 117/142/120
f 230/176/148 232/177/149 121/146/122
f 121/146/122 232/177/149 123/148/123
f 115/140/119 228/174/146 117/142/120
f 113/138/118 226/173/145 115/140/119
f 228/174/146 230/176/148 117/142/120
f 119/144/121 230/176/148 121/146/122
f 232/177/149 234/175/147 123/148/123
f 226/173/145 113/138/118 111/136/117
f 222/178/150 224/179/151 109/134/116
f 222/178/150 107/132/115 79/130/114
f 159/180/152 220/181/153 81/128/113
f 159/180/152 83/126/112 85/124/111
f 215/182/154 217/183/155 87/122/110
f 215/182/154 89/120/109 92/118/108
f 211/184/156 213/185/157 94/116/107
f 211/184/156 96/114/106 98/112/105
f 207/186/158 209/187/159 100/109/104
f 207/188/158 158/189/102 129/154/126
f 234/175/147 236/190/160 127/152/125
f 87/122/110 217/183/155 85/124/111
f 94/116/107 213/185/157 92/118/108
f 100/109/104 209/187/159 98/112/105
f 127/152/125 236/190/160 129/154/126
f 81/128/113 220/181/153 79/130/114
f 109/134/116 224/179/151 111/136/117
f 224/179/151 226/173/145 111/136/117
f 125/150/124 234/175/147 127/152/125
f 236/190/160 207/188/158 129/154/126
f 158/191/102 207/186/158 100/109/104
f 107/132/115 222/178/150 109/134/116
f 220/181/153 222/178/150 79/130/114
f 213/185/157 215/182/154 92/118/108
f 89/120/109 215/182/154 87/122/110
f 209/187/159 211/184/156 98/112/105
f 96/114/106 211/184/156 94/116/107
f 217/183/155 159/180/152 85/124/111
f 83/126/112 159/180/152 81/128/113
f 183/192/1 181/193/161 182/194/3
f 181/193/161 180/195/4 182/194/3
f 179/196/162 178/197/6 180/195/4
f 177/198/163 176/199/8 178/197/6
f 175/200/107 174/201/10 176/199/8
f 173/202/164 172/203/12 174/201/10
f 171/204/165 170/205/14 172/203/12
f 169/206/166 168/207/16 170/205/14
f 167/208/167 166/209/18 168/207/16
f 165/210/112 164/211/20 166/209/18
f 163/212/168 162/213/22 164/211/20
f 161/214/169 160/215/24 162/213/22
f 184/216/170 185/217/26 160/215/24
f 186/218/116 187/219/28 185/217/26
f 188/220/171 189/221/30 187/219/28
f 190/222/118 191/223/32 189/221/30
f 192/224/119 193/225/34 191/223/32
f 194/226/172 195/227/36 193/225/34
f 196/228/37 197/229/38 195/227/36
f 198/230/122 199/231/40 197/229/38
f 200/232/173 201/233/42 199/231/40
f 202/234/174 203/235/44 201/233/42
f 204/236/125 205/237/46 203/235/44
f 206/238/126 183/239/1 205/237/46
f 208/240/48 209/187/49 207/186/48
f 210/241/49 211/184/50 209/187/49
f 212/242/50 213/185/51 211/184/50
f 214/243/51 215/182/129 213/185/51
f 216/244/129 217/183/130 215/182/129
f 218/245/130 159/180/131 217/183/130
f 159/180/131 221/246/59 220/181/59
f 221/246/59 222/178/60 220/181/59
f 223/247/60 224/179/61 222/178/60
f 225/248/61 226/173/132 224/179/61
f 227/249/132 228/174/133 226/173/132
f 229/250/133 230/176/134 228/174/133
f 231/251/134 232/177/68 230/176/134
f 233/252/68 234/175/69 232/177/68
f 235/253/69 236/190/70 234/175/69
f 237/254/70 207/188/48 236/190/70
f 235/253/175 233/252/176 199/231/40
f 227/249/138 189/221/30 191/223/32
f 231/251/74 195/227/36 197/229/38
f 231/251/74 229/250/139 193/225/34
f 193/225/34 229/250/139 191/223/32
f 199/231/40 233/252/176 197/229/38
f 201/233/42 235/253/175 199/231/40
f 233/252/176 231/251/74 197/229/38
f 195/227/36 231/251/74 193/225/34
f 229/250/139 227/249/138 191/223/32
f 235/253/175 201/233/42 203/235/44
f 208/255/76 237/254/77 205/237/46
f 208/240/76 183/192/1 182/194/3
f 212/242/140 210/241/79 180/195/4
f 212/242/140 178/197/6 176/199/8
f 216/244/141 214/243/142 174/201/10
f 216/244/141 172/203/12 170/205/14
f 219/256/82 218/245/83 168/207/16
f 219/256/82 166/209/18 164/211/20
f 223/247/84 221/246/177 162/213/22
f 223/247/84 160/215/24 185/217/26
f 227/249/138 225/248/144 187/219/28
f 174/201/10 214/243/142 176/199/8
f 168/207/16 218/245/83 170/205/14
f 162/213/22 221/246/177 164/211/20
f 187/219/28 225/248/144 185/217/26
f 180/195/4 210/241/79 182/194/3
f 205/237/46 237/254/77 203/235/44
f 237/254/77 235/253/175 203/235/44
f 189/221/30 227/249/138 187/219/28
f 225/248/144 223/247/84 185/217/26
f 160/215/24 223/247/84 162/213/22
f 183/239/1 208/255/76 205/237/46
f 210/241/79 208/240/76 182/194/3
f 218/245/83 216/244/141 170/205/14
f 172/203/12 216/244/141 174/201/10
f 221/246/177 219/256/82 164/211/20
f 166/209/18 219/256/82 168/207/16
f 214/243/142 212/242/140 176/199/8
f 178/197/6 212/242/140 180/195/4
f 250/257/178 249/258/146 192/224/119
f 246/259/179 202/234/174 200/232/173
f 248/260/180 196/228/37 194/226/172
f 248/260/180 247/261/181 198/230/122
f 198/230/122 247/261/181 200/232/173
f 192/224/119 249/258/146 194/226/172
f 190/222/118 250/257/178 192/224/119
f 249/258/146 248/260/180 194/226/172
f 196/228/37 248/260/180 198/230/122
f 247/261/181 246/259/179 200/232/173
f 250/257/178 190/222/118 188/220/171
f 239/262/182 251/263/183 186/218/116
f 239/262/182 184/216/170 161/214/169
f 240/264/184 308/265/185 163/212/168
f 240/264/184 165/210/112 167/208/167
f 303/266/186 305/267/187 169/206/166
f 303/266/186 171/204/165 173/202/164
f 242/268/156 241/269/188 175/200/107
f 242/268/156 177/198/163 179/196/162
f 244/270/189 243/271/190 181/193/161
f 244/272/189 238/273/191 206/238/126
f 246/259/179 245/274/103 204/236/125
f 169/206/166 305/267/187 167/208/167
f 175/200/107 241/269/188 173/202/164
f 181/193/161 243/271/190 179/196/162
f 204/236/125 245/274/103 206/238/126
f 163/212/168 308/265/185 161/214/169
f 186/218/116 251/263/183 188/220/171
f 251/263/183 250/257/178 188/220/171
f 202/234/174 246/259/179 204/236/125
f 245/274/103 244/272/189 206/238/126
f 238/275/191 244/270/189 181/193/161
f 184/216/170 239/262/182 186/218/116
f 308/265/185 239/262/182 161/214/169
f 241/269/188 303/266/186 173/202/164
f 171/204/165 303/266/186 169/206/166
f 243/271/190 242/268/156 179/196/162
f 177/198/163 242/268/156 175/200/107
f 305/267/187 240/264/184 167/208/167
f 165/210/112 240/264/184 163/212/168
f 275/276/1 273/277/192 274/278/3
f 273/277/192 272/279/4 274/278/3
f 271/280/193 270/281/6 272/279/4
f 269/282/194 268/283/8 270/281/6
f 267/284/195 266/285/10 268/283/8
f 265/286/196 264/287/12 266/285/10
f 263/288/197 262/289/14 264/287/12
f 261/290/198 260/291/16 262/289/14
f 259/292/199 258/293/18 260/291/16
f 257/294/200 256/295/20 258/293/18
f 255/296/201 254/297/22 256/295/20
f 253/298/202 252/299/24 254/297/22
f 276/300/203 277/301/26 252/299/24
f 278/302/204 279/303/28 277/301/26
f 280/304/205 281/305/30 279/303/28
f 282/306/206 283/307/32 281/305/30
f 284/308/207 285/309/34 283/307/32
f 286/310/208 287/311/36 285/309/34
f 288/312/37 289/313/38 287/311/36
f 290/314/122 291/315/40 289/313/38
f 292/316/209 293/317/42 291/315/40
f 294/318/210 295/319/44 293/317/42
f 296/320/211 297/321/46 295/319/44
f 298/322/212 275/323/1 297/321/46
f 299/324/48 243/271/49 244/270/48
f 300/325/49 242/268/50 243/271/49
f 301/326/50 241/269/213 242/268/50
f 302/327/51 303/266/214 241/269/213
f 304/328/129 305/267/215 303/266/214
f 305/267/215 307/329/131 240/264/131
f 307/329/131 308/265/59 240/264/131
f 308/265/59 310/330/60 239/262/216
f 310/330/60 251/263/61 239/262/216
f 311/331/61 250/257/132 251/263/61
f 312/332/132 249/258/133 250/257/132
f 313/333/133 248/260/134 249/258/133
f 314/334/134 247/261/68 248/260/134
f 315/335/68 246/259/69 247/261/68
f 316/336/69 245/274/70 246/259/69
f 317/337/70 244/272/48 245/274/70
f 316/336/136 315/335/176 291/315/40
f 312/332/138 281/305/30 283/307/32
f 314/334/74 287/311/36 289/313/38
f 314/334/74 313/333/139 285/309/34
f 285/309/34 313/333/139 283/307/32
f 291/315/40 315/335/176 289/313/38
f 293/317/42 316/336/136 291/315/40
f 315/335/176 314/334/74 289/313/38
f 287/311/36 314/334/74 285/309/34
f 313/333/139 312/332/138 283/307/32
f 316/336/136 293/317/42 295/319/44
f 299/338/76 317/337/77 297/321/46
f 299/324/76 275/276/1 274/278/3
f 301/326/140 300/325/79 272/279/4
f 301/326/140 270/281/6 268/283/8
f 304/328/217 302/327/142 266/285/10
f 304/328/217 264/287/12 262/289/14
f 307/329/82 306/339/218 260/291/16
f 307/329/82 258/293/18 256/295/20
f 310/330/84 309/340/143 254/297/22
f 310/330/84 252/299/24 277/301/26
f 312/332/138 311/331/144 279/303/28
f 266/285/10 302/327/142 268/283/8
f 260/291/16 306/339/218 262/289/14
f 254/297/22 309/340/143 256/295/20
f 279/303/28 311/331/144 277/301/26
f 272/279/4 300/325/79 274/278/3
f 297/321/46 317/337/77 295/319/44
f 317/337/77 316/336/136 295/319/44
f 281/305/30 312/332/138 279/303/28
f 311/331/144 310/330/84 277/301/26
f 252/299/24 310/330/84 254/297/22
f 275/323/1 299/338/76 297/321/46
f 300/325/79 299/324/76 274/278/3
f 306/339/218 304/328/217 262/289/14
f 264/287/12 304/328/217 266/285/10
f 309/340/143 307/329/82 256/295/20
f 258/293/18 307/329/82 260/291/16
f 302/327/142 301/326/140 268/283/8
f 270/281/6 301/326/140 272/279/4
f 330/341/219 329/342/220 284/308/207
f 328/343/221 294/318/210 292/316/209
f 321/344/222 288/312/37 286/310/208
f 321/344/222 320/345/223 290/314/122
f 290/314/122 320/345/223 292/316/209
f 284/308/207 329/342/220 286/310/208
f 282/306/206 330/341/219 284/308/207
f 329/342/220 321/344/222 286/310/208
f 288/312/37 321/344/222 290/314/122
f 320/345/223 328/343/221 292/316/209
f 330/341/219 282/306/206 280/304/205
f 322/346/224 331/347/225 278/302/204
f 322/346/224 276/300/203 253/298/202
f 323/348/226 341/349/227 255/296/201
f 323/348/226 257/294/200 259/292/199
f 336/350/228 338/351/229 261/290/198
f 336/350/228 263/288/197 265/286/196
f 324/352/230 319/353/231 267/284/195
f 324/352/230 269/282/194 271/280/193
f 326/354/232 325/355/233 273/277/192
f 326/356/232 318/357/234 298/322/212
f 328/343/221 327/358/235 296/320/211
f 261/290/198 338/351/229 259/292/199
f 267/284/195 319/353/231 265/286/196
f 273/277/192 325/355/233 271/280/193
f 296/320/211 327/358/235 298/322/212
f 255/296/201 341/349/227 253/298/202
f 278/302/204 331/347/225 280/304/205
f 331/347/225 330/341/219 280/304/205
f 294/318/210 328/343/221 296/320/211
f 327/358/235 326/356/232 298/322/212
f 318/359/234 326/354/232 273/277/192
f 276/300/203 322/346/224 278/302/204
f 341/349/227 322/346/224 253/298/202
f 319/353/231 336/350/228 265/286/196
f 263/288/197 336/350/228 261/290/198
f 325/355/233 324/352/230 271/280/193
f 269/282/194 324/352/230 267/284/195
f 338/351/229 323/348/226 259/292/199
f 257/294/200 323/348/226 255/296/201
f 332/360/48 325/355/49 326/354/48
f 333/361/49 324/352/236 325/355/49
f 334/362/50 319/353/213 324/352/236
f 319/353/213 337/363/129 336/350/237
f 337/363/129 338/351/215 336/350/237
f 338/351/215 340/364/131 323/348/131
f 340/364/131 341/349/59 323/348/131
f 341/349/59 343/365/60 322/346/216
f 343/365/60 331/347/61 322/346/216
f 344/366/61 330/341/132 331/347/61
f 345/367/132 329/342/238 330/341/132
f 346/368/133 321/344/239 329/342/238
f 347/369/240 320/345/241 321/344/239
f 320/345/241 349/370/242 328/343/243
f 349/370/242 327/358/70 328/343/243
f 350/371/70 326/356/48 327/358/70
f 392/372/244 353/373/245 351/374/48
f 391/375/246 355/376/247 353/373/245
f 393/377/248 357/378/249 355/376/247
f 394/379/250 359/380/251 357/378/249
f 395/381/252 361/382/129 359/380/251
f 396/383/253 363/384/254 361/382/129
f 397/385/255 365/386/256 363/384/254
f 398/387/257 367/388/258 365/386/256
f 399/389/259 369/390/260 367/388/258
f 400/391/261 371/392/60 369/390/260
f 401/393/262 373/394/263 371/392/60
f 402/395/264 375/396/265 373/394/263
f 403/397/266 377/398/267 375/396/265
f 404/399/268 379/400/269 377/398/267
f 405/401/270 381/402/134 379/400/269
f 406/403/271 383/404/272 381/402/134
f 407/405/273 385/406/274 383/404/272
f 408/407/275 387/408/276 385/406/274
f 431/409/57 382/410/277 380/411/278
f 409/412/279 389/413/280 387/408/276
f 410/414/281 351/374/48 389/413/280
f 411/415/282 392/372/244 412/416/283
f 411/415/282 393/377/248 391/375/246
f 414/417/284 393/377/248 413/418/285
f 415/419/286 394/379/250 414/417/284
f 416/420/287 395/381/252 415/419/286
f 416/420/287 397/385/255 396/383/253
f 417/421/288 398/387/257 397/385/255
f 419/422/289 398/387/257 418/423/290
f 420/424/291 399/389/259 419/422/289
f 420/424/291 401/393/262 400/391/261
f 421/425/292 402/395/264 401/393/262
f 422/426/293 403/397/266 402/395/264
f 424/427/294 403/397/266 423/428/295
f 425/429/296 404/399/268 424/427/294
f 425/429/296 406/403/271 405/401/270
f 426/430/297 407/405/273 406/403/271
f 428/431/298 407/405/273 427/432/299
f 429/433/300 408/407/275 428/431/298
f 430/434/301 409/412/279 429/433/300
f 430/434/301 392/372/244 410/414/281
f 354/435/302 412/416/283 352/436/303
f 354/435/302 413/418/285 411/415/282
f 356/437/304 414/417/284 413/418/285
f 358/438/305 415/419/286 414/417/284
f 360/439/306 416/420/287 415/419/286
f 364/440/307 416/420/287 362/441/308
f 366/442/309 417/421/288 364/440/307
f 368/443/310 418/423/290 366/442/309
f 370/444/311 419/422/289 368/443/310
f 370/444/311 421/425/292 420/424/291
f 374/445/312 421/425/292 372/446/313
f 376/447/314 422/426/293 374/445/312
f 376/447/314 424/427/294 423/428/295
f 380/411/278 424/427/294 378/448/315
f 380/411/278 426/430/297 425/429/296
f 384/449/316 426/430/297 382/410/277
f 384/449/316 428/431/298 427/432/299
f 386/450/317 429/433/300 428/431/298
f 388/451/318 430/434/301 429/433/300
f 390/452/319 412/416/283 430/434/301
f 431/409/57 372/446/313 370/444/311
f 431/409/57 384/449/316 382/410/277
f 354/435/302 352/436/303 431/409/57
f 372/446/313 431/409/57 374/445/312
f 356/437/304 354/435/302 431/409/57
f 374/445/312 431/409/57 376/447/314
f 358/438/305 356/437/304 431/409/57
f 376/447/314 431/409/57 378/448/315
f 360/439/306 358/438/305 431/409/57
f 378/448/315 431/409/57 380/411/278
f 362/441/308 360/439/306 431/409/57
f 431/409/57 386/450/317 384/449/316
f 362/441/308 431/409/57 364/440/307
f 431/409/57 388/451/318 386/450/317
f 431/409/57 370/444/311 368/443/310
f 390/452/319 388/451/318 431/409/57
f 431/409/57 368/443/310 366/442/309
f 352/436/303 390/452/319 431/409/57
f 364/440/307 431/409/57 366/442/309
f 361/453/320 337/454/321 335/455/322
f 361/453/320 363/456/323 339/457/324
f 351/458/325 332/459/326 350/460/327
f 351/458/325 353/461/328 333/462/329
f 381/463/330 347/464/331 346/465/332
f 381/463/330 383/466/333 348/467/334
f 371/468/335 343/469/336 342/470/337
f 371/468/335 373/471/338 344/472/339
f 377/473/340 379/474/341 346/465/332
f 375/475/342 345/476/343 344/472/339
f 367/477/344 369/478/345 342/470/337
f 365/479/346 340/480/347 339/457/324
f 357/481/348 359/482/349 335/455/322
f 355/483/350 334/484/351 333/462/329
f 387/485/352 389/486/353 350/460/327
f 385/487/354 349/488/355 348/467/334
f 383/466/333 385/487/354 348/467/334
f 347/464/331 381/463/330 348/467/334
f 379/474/341 381/463/330 346/465/332
f 345/476/343 377/473/340 346/465/332
f 373/471/338 375/475/342 344/472/339
f 343/469/336 371/468/335 344/472/339
f 369/478/345 371/468/335 342/470/337
f 340/480/347 367/477/344 342/470/337
f 363/456/323 365/479/346 339/457/324
f 337/454/321 361/453/320 339/457/324
f 359/482/349 361/453/320 335/455/322
f 334/484/351 357/481/348 335/455/322
f 353/461/328 355/483/350 333/462/329
f 332/459/326 351/458/325 333/462/329
f 389/486/353 351/458/325 350/460/327
f 349/488/355 387/485/352 350/460/327
f 349/488/355 385/487/354 387/485/352
f 345/476/343 375/475/342 377/473/340
f 340/480/347 365/479/346 367/477/344
f 334/484/351 355/483/350 357/481/348
f 433/489/48 434/490/356 432/491/357
f 435/492/358 436/493/359 434/490/356
f 437/494/360 438/495/361 436/493/359
f 439/496/362 440/497/363 438/495/361
f 441/498/364 442/499/365 440/497/363
f 527/500/366 480/501/367 479/502/368
f 482/503/369 542/504/370 540/505/371
f 527/506/372 535/507/373 542/504/374
f 444/508/375 471/509/376 544/510/377
f 456/511/378 457/512/379 455/513/380
f 458/514/381 459/515/382 457/512/379
f 460/516/383 461/517/384 459/515/382
f 462/518/385 463/519/386 461/517/384
f 464/520/387 432/521/357 463/519/386
f 434/490/356 467/522/388 466/523/389
f 459/515/382 474/524/390 457/512/379
f 442/499/365 469/525/391 440/497/363
f 453/526/392 552/527/393 529/528/394
f 432/521/357 477/529/395 463/519/386
f 436/493/359 468/530/396 467/522/388
f 432/491/357 466/523/389 465/531/397
f 459/515/382 476/532/398 475/533/399
f 454/534/400 472/535/401 529/528/394
f 457/512/379 473/536/402 455/513/380
f 440/497/363 468/530/396 438/495/361
f 463/519/386 476/532/398 461/517/384
f 477/529/395 572/537/403 571/538/403
f 528/539/404 445/62/405 499/540/406
f 452/541/407 503/542/408 450/543/409
f 574/544/410 545/545/411 567/546/412
f 568/547/403 474/524/390 569/548/403
f 467/522/388 561/549/403 560/550/403
f 470/551/413 564/552/403 563/553/403
f 574/544/410 557/554/414 472/535/401
f 494/555/415 485/556/416 523/557/417
f 448/558/260 500/559/418 447/560/419
f 485/556/416 522/561/420 523/557/417
f 450/543/409 502/562/421 449/563/60
f 484/564/422 521/565/423 522/561/420
f 492/566/424 510/567/425 509/568/426
f 484/564/422 483/569/427 520/570/428
f 453/526/392 504/571/429 452/541/407
f 447/560/419 499/540/406 445/62/405
f 588/572/430 587/573/430 541/574/430
f 483/569/427 519/575/431 520/570/428
f 554/576/432 451/577/433 525/578/434
f 490/579/435 491/580/436 555/581/437
f 446/582/438 588/583/439 541/584/440
f 486/585/48 586/586/441 498/587/441
f 524/588/442 494/555/415 523/557/417
f 536/589/443 554/576/432 495/590/444
f 490/579/435 583/591/445 489/592/362
f 498/587/441 585/593/385 497/594/385
f 576/595/215 578/596/446 555/581/437
f 494/555/415 524/588/442 526/597/447
f 449/563/60 501/598/448 448/558/260
f 480/501/367 518/599/449 519/575/431
f 480/501/367 527/500/366 518/599/449
f 472/535/401 508/600/450 529/528/394
f 541/584/440 542/504/370 446/582/438
f 502/562/421 513/601/451 501/598/448
f 504/571/429 515/602/452 503/542/408
f 501/598/448 512/603/453 500/559/418
f 515/602/452 502/562/421 503/542/408
f 500/559/418 511/604/454 499/540/406
f 505/605/455 516/606/456 504/571/429
f 508/600/450 517/607/457 505/605/455
f 520/608/403 512/603/453 514/609/458
f 506/610/459 511/604/454 558/567/460
f 516/606/456 507/554/461 526/611/403
f 512/603/453 518/612/403 575/568/403
f 529/528/394 508/600/450 505/605/455
f 553/613/462 455/513/380 454/534/400
f 552/527/393 454/534/400 529/528/394
f 545/545/411 455/513/380 473/536/402
f 471/509/376 506/610/459 510/567/425
f 544/510/377 442/499/365 444/508/375
f 551/614/463 445/62/405 528/539/404
f 540/615/403 580/616/403 581/617/403
f 540/615/403 581/617/403 582/618/403
f 540/615/403 582/618/403 533/619/403
f 540/615/403 533/619/403 579/620/403
f 579/620/464 482/621/464 540/615/464
f 541/574/403 587/573/403 584/622/403
f 541/574/403 584/622/403 538/623/403
f 541/574/403 538/623/403 539/624/403
f 541/574/403 539/624/403 580/616/403
f 446/582/438 577/625/465 588/583/439
f 527/506/466 482/503/369 575/626/467
f 535/507/468 478/627/469 556/628/470
f 487/629/358 530/630/48 486/585/48
f 496/631/471 536/589/443 495/590/444
f 488/632/472 531/633/473 487/629/358
f 497/594/385 537/634/383 496/635/471
f 489/636/362 532/637/474 488/632/472
f 521/565/423 484/564/422 520/570/428
f 566/638/475 576/595/215 555/581/437
f 540/615/403 541/574/403 580/616/403
f 543/639/403 480/501/367 483/569/427
f 494/555/415 526/597/447 478/640/476
f 485/556/416 484/564/422 522/561/420
f 479/502/368 480/501/367 543/639/403
f 543/639/403 484/564/422 485/556/416
f 494/555/415 478/640/476 543/639/403
f 478/640/476 479/502/368 543/639/403
f 494/555/415 543/639/403 485/556/416
f 484/564/422 543/639/403 483/569/427
f 481/641/477 547/642/478 554/576/432
f 565/643/479 566/638/475 555/581/437
f 58/87/480 548/58/53 57/57/52
f 443/644/57 441/645/57 55/646/481
f 456/75/57 71/74/66 73/647/482
f 550/648/483 442/499/365 443/649/484
f 449/563/57 64/650/485 66/651/486
f 449/563/57 448/558/57 62/652/487
f 433/653/57 49/654/488 51/655/489
f 433/656/57 464/657/57 77/658/490
f 462/659/57 75/660/491 77/658/490
f 460/661/57 458/662/57 73/647/482
f 69/84/492 549/71/63 68/70/62
f 452/541/57 450/543/57 66/651/486
f 447/560/57 60/61/56 62/652/487
f 453/526/57 68/663/493 549/76/67
f 439/664/57 53/665/494 55/646/481
f 437/666/57 435/667/57 51/655/489
s 0
f 75/660/495 462/659/57 460/661/57
s 1
f 452/541/57 68/663/493 453/526/57
f 445/62/57 60/61/56 447/560/57
f 437/666/57 53/665/494 439/664/57
f 49/668/488 433/656/57 77/658/490
f 464/657/57 462/659/57 77/658/490
f 53/665/494 437/666/57 51/655/489
f 435/667/57 433/653/57 51/655/489
f 75/660/496 460/661/57 73/647/482
f 458/662/57 456/75/57 73/647/482
f 552/527/57 453/526/57 549/76/67
f 456/75/57 553/613/57 549/76/67
f 68/663/493 452/541/57 66/651/486
f 450/543/57 449/563/57 66/651/486
f 64/650/485 449/563/57 62/652/487
f 448/558/57 447/560/57 62/652/487
f 550/648/57 443/644/57 548/63/58
f 445/62/57 551/614/57 548/63/58
f 57/669/497 443/644/57 55/646/481
f 441/645/57 439/664/57 55/646/481
f 506/610/459 528/539/404 499/540/406
f 453/526/392 529/528/394 505/605/455
f 483/569/427 480/501/367 519/575/431
f 492/566/424 544/510/377 471/509/376
f 551/614/463 444/508/375 550/648/483
f 548/63/58 551/614/57 550/648/57
f 552/527/57 549/76/67 553/613/57
f 443/644/57 57/669/497 548/63/58
f 547/642/478 493/670/498 554/576/432
f 534/671/499 555/581/437 578/596/446
f 491/580/436 565/643/479 555/581/437
f 493/670/498 495/590/444 554/576/432
f 525/578/434 481/641/477 554/576/432
f 526/672/500 556/628/501 478/627/502
f 542/504/503 556/628/470 446/582/504
f 522/673/403 514/609/458 516/606/456
f 595/674/505 594/675/506 589/676/507
f 596/677/508 589/676/507 590/678/509
f 597/679/510 590/678/509 591/680/511
f 592/681/512 597/679/510 591/680/511
f 593/682/513 598/683/514 592/684/512
f 594/675/506 599/685/515 593/682/513
f 595/674/505 606/686/516 600/687/517
f 602/688/518 595/674/505 596/677/508
f 603/689/519 596/677/508 597/679/510
f 604/690/520 597/679/510 598/691/514
f 599/685/515 604/692/520 598/683/514
f 600/687/517 605/693/521 599/685/515
f 601/694/522 612/695/523 606/686/516
f 602/688/518 607/696/524 601/694/522
f 603/689/519 608/697/525 602/688/518
f 610/698/526 603/689/519 604/690/520
f 611/699/527 604/692/520 605/693/521
f 612/695/523 605/693/521 606/686/516
f 607/696/524 618/700/528 612/695/523
f 608/697/525 613/701/529 607/696/524
f 609/702/530 614/703/531 608/697/525
f 616/704/532 609/702/530 610/698/526
f 617/705/533 610/706/526 611/699/527
f 618/700/528 611/699/527 612/695/523
f 613/701/529 624/707/534 618/700/528
f 614/703/531 619/708/535 613/701/529
f 615/709/536 620/710/537 614/703/531
f 622/711/538 615/709/536 616/704/532
f 623/712/539 616/713/532 617/705/533
f 624/707/534 617/705/533 618/700/528
f 619/708/535 630/714/540 624/707/534
f 620/710/537 625/715/541 619/708/535
f 621/716/542 626/717/543 620/710/537
f 628/718/544 621/716/542 622/711/538
f 629/719/545 622/720/538 623/712/539
f 630/714/540 623/712/539 624/707/534
f 631/721/546 630/714/540 625/715/541
f 632/722/547 625/715/541 626/717/543
f 633/723/548 626/717/543 627/724/549
f 628/718/544 633/723/548 627/724/549
f 629/719/545 634/725/550 628/726/544
f 630/714/540 635/727/551 629/719/545
f 637/728/552 636/729/553 631/721/546
f 638/730/554 631/721/546 632/722/547
f 639/731/555 632/722/547 633/723/548
f 634/732/550 639/731/555 633/723/548
f 635/727/551 640/733/556 634/725/550
f 636/729/553 641/734/557 635/727/551
f 649/735/558 648/736/559 643/737/560
f 650/738/561 643/739/560 644/740/562
f 645/741/563 650/738/561 644/740/562
f 646/742/564 651/743/565 645/741/563
f 647/744/566 652/745/567 646/742/564
f 654/746/568 647/744/566 648/736/559
f 655/747/569 654/746/568 649/735/558
f 650/738/561 655/748/569 649/749/558
f 651/743/565 656/750/570 650/738/561
f 652/745/567 657/751/571 651/743/565
f 659/752/572 652/745/567 653/753/573
f 660/754/574 653/753/573 654/746/568
f 655/747/569 666/755/575 660/754/574
f 656/750/570 661/756/576 655/748/569
f 663/757/577 656/750/570 657/751/571
f 664/758/578 657/751/571 658/759/579
f 665/760/580 658/759/579 659/752/572
f 660/754/574 665/760/580 659/752/572
f 661/761/576 672/762/581 666/755/575
f 662/763/582 667/764/583 661/756/576
f 669/765/584 662/763/582 663/757/577
f 670/766/585 663/757/577 664/758/578
f 671/767/586 664/758/578 665/760/580
f 666/755/575 671/767/586 665/760/580
f 667/768/583 678/769/587 672/762/581
f 668/770/588 673/771/589 667/764/583
f 675/772/590 668/770/588 669/765/584
f 676/773/591 669/765/584 670/766/585
f 677/774/592 670/766/585 671/767/586
f 672/762/581 677/774/592 671/767/586
f 673/775/589 684/776/593 678/769/587
f 674/777/594 679/778/595 673/771/589
f 681/779/596 674/777/594 675/772/590
f 682/780/597 675/772/590 676/773/591
f 683/781/598 676/773/591 677/774/592
f 678/769/587 683/781/598 677/774/592
f 685/782/599 684/776/593 679/783/595
f 686/784/600 679/778/595 680/785/601
f 681/779/596 686/784/600 680/785/601
f 682/780/597 687/786/602 681/779/596
f 683/781/598 688/787/603 682/780/597
f 690/788/604 683/781/598 684/776/593
f 691/789/605 690/788/604 685/782/599
f 692/790/606 685/791/599 686/784/600
f 687/786/602 692/790/606 686/784/600
f 688/787/603 693/792/607 687/786/602
f 689/793/608 694/794/609 688/787/603
f 696/795/610 689/793/608 690/788/604
f 703/796/611 702/797/612 697/798/613
f 704/799/614 697/798/613 698/800/615
f 705/801/616 698/800/615 699/802/617
f 700/803/618 705/801/616 699/802/617
f 701/804/619 706/805/620 700/806/618
f 702/797/612 707/807/621 701/804/619
f 709/808/622 708/809/623 703/796/611
f 710/810/624 703/796/611 704/799/614
f 711/811/625 704/799/614 705/801/616
f 706/812/620 711/811/625 705/801/616
f 707/807/621 712/813/626 706/805/620
f 708/809/623 713/814/627 707/807/621
f 709/808/622 720/815/628 714/816/629
f 710/810/624 715/817/630 709/808/622
f 711/811/625 716/818/631 710/810/624
f 718/819/632 711/811/625 712/820/626
f 719/821/633 712/813/626 713/814/627
f 720/815/628 713/814/627 714/816/629
f 715/817/630 726/822/634 720/815/628
f 716/818/631 721/823/635 715/817/630
f 717/824/636 722/825/637 716/818/631
f 724/826/638 717/824/636 718/819/632
f 725/827/639 718/828/632 719/821/633
f 726/822/634 719/821/633 720/815/628
f 721/823/635 732/829/640 726/822/634
f 722/825/637 727/830/641 721/823/635
f 723/831/642 728/832/643 722/825/637
f 730/833/644 723/831/642 724/826/638
f 731/834/645 724/835/638 725/827/639
f 732/829/640 725/827/639 726/822/634
f 727/830/641 738/836/646 732/829/640
f 728/832/643 733/837/647 727/830/641
f 729/838/648 734/839/649 728/832/643
f 736/840/650 729/838/648 730/833/644
f 737/841/651 730/842/644 731/834/645
f 738/836/646 731/834/645 732/829/640
f 739/843/652 738/836/646 733/837/647
f 740/844/653 733/837/647 734/839/649
f 741/845/654 734/839/649 735/846/655
f 736/840/650 741/845/654 735/846/655
f 737/841/651 742/847/656 736/848/650
f 738/836/646 743/849/657 737/841/651
f 745/850/658 744/851/659 739/843/652
f 746/852/660 739/843/652 740/844/653
f 747/853/661 740/844/653 741/845/654
f 742/854/656 747/853/661 741/845/654
f 743/849/657 748/855/662 742/847/656
f 744/851/659 749/856/663 743/849/657
f 757/857/664 756/858/665 751/859/666
f 758/860/667 751/861/666 752/862/668
f 753/863/669 758/860/667 752/862/668
f 754/864/670 759/865/671 753/863/669
f 755/866/672 760/867/673 754/864/670
f 762/868/674 755/866/672 756/858/665
f 763/869/675 762/868/674 757/857/664
f 764/870/676 757/871/664 758/860/667
f 759/865/671 764/870/676 758/860/667
f 760/867/673 765/872/677 759/865/671
f 761/873/678 766/874/679 760/867/673
f 768/875/680 761/873/678 762/868/674
f 763/869/675 774/876/681 768/875/680
f 764/870/676 769/877/682 763/878/675
f 771/879/683 764/870/676 765/872/677
f 772/880/684 765/872/677 766/874/679
f 773/881/685 766/874/679 767/882/686
f 768/875/680 773/881/685 767/882/686
f 769/883/682 780/884/687 774/876/681
f 770/885/688 775/886/689 769/877/682
f 777/887/690 770/885/688 771/879/683
f 778/888/691 771/879/683 772/880/684
f 779/889/692 772/880/684 773/881/685
f 774/876/681 779/889/692 773/881/685
f 775/890/689 786/891/693 780/884/687
f 776/892/694 781/893/695 775/886/689
f 783/894/696 776/892/694 777/887/690
f 784/895/697 777/887/690 778/888/691
f 785/896/698 778/888/691 779/889/692
f 780/884/687 785/896/698 779/889/692
f 781/897/695 792/898/699 786/891/693
f 782/899/700 787/900/701 781/893/695
f 789/901/702 782/899/700 783/894/696
f 790/902/703 783/894/696 784/895/697
f 791/903/704 784/895/697 785/896/698
f 786/891/693 791/903/704 785/896/698
f 793/904/705 792/898/699 787/905/701
f 794/906/706 787/900/701 788/907/707
f 789/901/702 794/906/706 788/907/707
f 790/902/703 795/908/708 789/901/702
f 791/903/704 796/909/709 790/902/703
f 798/910/710 791/903/704 792/898/699
f 799/911/711 798/910/710 793/904/705
f 800/912/712 793/913/705 794/906/706
f 795/908/708 800/912/712 794/906/706
f 796/909/709 801/914/713 795/908/708
f 797/915/714 802/916/715 796/909/709
f 804/917/716 797/915/714 798/910/710
f 844/918/134 828/919/134 845/920/134
f 830/921/717 816/922/717 831/923/717
f 806/924/134 807/925/134 805/926/134
f 811/925/129 810/924/129 809/926/129
f 833/927/718 828/928/718 834/929/718
f 833/927/57 813/930/57 829/931/57
f 836/932/129 831/933/129 816/934/129
f 829/935/134 817/936/134 837/937/134
f 830/933/134 835/932/134 815/934/134
f 837/938/719 820/939/719 835/940/719
f 833/935/129 818/936/129 814/941/129
f 836/942/719 821/943/719 838/944/719
f 818/945/720 821/943/720 825/946/720
f 835/947/721 823/939/721 815/940/721
f 816/942/721 822/948/721 836/949/721
f 817/950/720 819/951/720 837/938/720
f 830/921/48 842/952/48 839/953/48
f 848/918/129 834/919/129 832/954/129
f 846/955/134 828/919/134 829/935/134
f 847/956/129 842/957/129 831/933/129
f 842/957/129 841/958/129 852/959/129
f 849/955/129 834/919/129 850/920/129
f 805/926/722 845/960/722 806/924/722
f 843/961/723 808/962/723 846/963/723
f 847/961/724 812/962/724 811/925/724
f 846/955/134 829/935/134 837/937/134
f 849/955/129 838/937/129 833/935/129
f 851/964/725 842/952/725 852/965/725
f 840/958/134 839/957/134 851/959/134
f 807/925/726 844/966/726 805/926/726
f 846/955/134 835/932/134 830/933/134
f 808/962/727 845/960/727 846/963/727
f 847/956/129 836/932/129 838/937/129
f 809/926/728 847/961/728 811/925/728
f 812/962/729 850/960/729 810/924/729
f 839/957/134 843/956/134 830/933/134
f 840/967/48 852/965/48 841/968/48
f 842/957/129 832/954/129 841/958/129
f 827/954/134 839/957/134 840/958/134
f 848/918/129 842/957/129 847/956/129
f 844/918/134 839/957/134 827/954/134
f 832/969/403 840/970/403 841/971/403
f 809/926/730 850/960/730 848/966/730
f 827/972/60 834/929/60 828/928/60
f 895/973/57 860/974/57 905/975/57
f 863/976/731 873/977/732 875/978/733
f 864/979/734 863/976/734 862/980/734
f 860/974/57 862/981/57 905/975/57
f 869/982/735 905/983/736 862/984/737
f 869/982/735 863/985/738 871/986/738
f 872/987/739 865/988/739 864/989/739
f 872/987/739 873/990/739 865/988/739
f 859/991/738 868/992/738 876/993/738
f 872/987/739 860/994/739 853/995/739
f 855/996/739 894/997/739 880/998/739
f 871/986/738 875/999/738 859/991/738
f 856/1000/740 896/1001/741 869/1002/742
f 856/1000/743 871/1003/743 857/1004/744
f 857/1004/745 859/1005/746 858/1006/747
f 868/1007/748 873/977/732 855/1008/748
f 858/1006/747 876/1009/749 854/1010/750
f 858/1006/751 885/1011/751 889/1012/751
f 897/1013/752 860/1014/753 861/1015/754
f 872/1016/755 874/1017/756 866/1018/757
f 872/1016/57 897/1013/57 870/1019/57
f 888/1020/57 931/1021/57 891/1022/57
f 868/1007/758 880/1023/759 882/1024/759
f 876/993/738 882/1025/738 883/1026/738
f 854/1010/443 883/1027/760 879/1028/761
f 885/1011/751 879/1028/751 886/1029/751
f 878/1030/762 929/1031/762 918/1032/762
f 917/1033/763 887/1034/764 877/1035/765
f 877/1035/765 889/1012/766 918/1036/767
f 930/1037/60 890/1038/60 929/1031/60
f 877/1039/768 928/1040/768 917/1041/768
f 918/1042/134 890/1038/134 877/1043/134
f 931/1021/60 924/1044/60 891/1022/60
f 892/1045/769 884/1046/769 931/1021/769
s 0
f 886/1047/403 884/1048/403 893/1049/403
s 1
f 886/1050/770 892/1045/770 885/1051/770
f 889/1052/57 892/1045/57 931/1021/57
f 873/990/739 866/1053/739 855/996/739
f 894/1054/403 879/1055/403 883/1056/403
f 883/1056/403 882/1057/403 880/1058/403
f 881/1059/403 886/1047/403 894/1054/403
f 881/1060/739 866/1053/739 867/1061/739
f 880/1058/403 894/1054/403 883/1056/403
f 857/1004/751 889/1012/751 887/1034/751
f 914/1062/771 907/1063/772 915/1064/773
f 907/1063/774 908/1065/774 906/1066/774
f 906/1067/57 861/1068/57 895/973/57
f 895/1069/775 896/1070/775 904/1071/775
f 912/1072/776 895/1069/776 904/1071/776
f 907/1073/776 912/1072/776 913/1074/776
f 870/1075/777 908/1076/778 909/1077/779
f 870/1075/777 914/1078/780 874/1079/781
f 911/1080/776 903/1081/776 916/1082/776
f 861/1083/782 870/1075/777 897/1084/783
f 899/1085/784 934/1086/785 874/1079/781
f 915/1087/776 913/1074/776 903/1081/776
f 900/1088/786 904/1089/787 927/1090/788
f 913/1091/789 900/1088/789 901/1092/790
f 903/1093/791 901/1092/792 902/1094/793
f 887/1034/794 904/1089/795 896/1001/796
f 911/1095/797 914/1062/771 915/1064/773
f 916/1096/798 902/1094/793 898/1097/799
f 925/1098/800 902/1094/801 888/1099/802
f 911/1095/803 920/1100/803 899/1101/804
f 916/1082/776 922/1102/776 911/1080/776
f 898/1097/805 923/1103/806 916/1096/807
f 925/1098/800 919/1104/808 898/1097/808
f 918/1036/767 888/1099/809 878/1105/810
f 888/1099/809 917/1033/763 878/1105/810
f 928/1040/129 878/1106/129 917/1107/129
f 924/1044/811 932/1108/811 891/1022/811
s 0
f 926/1109/403 933/1110/403 924/1111/403
s 1
f 932/1108/812 926/1112/812 925/1113/812
f 888/1020/57 932/1108/57 925/1114/57
f 914/1078/780 899/1085/784 874/1079/781
f 934/1115/403 919/1116/403 926/1109/403
f 923/1117/403 920/1118/403 922/1119/403
f 921/1120/403 926/1109/403 924/1111/403
f 921/1121/813 874/1079/781 934/1086/785
f 920/1118/403 923/1117/403 934/1115/403
f 927/1090/814 902/1094/801 901/1092/808
f 867/1122/815 921/1123/815 881/1124/815
f 867/1122/403 874/1017/403 910/1125/403
f 881/1059/403 924/1111/403 884/1048/403
f 1/1/1 91/107/102 4/2/2
f 4/2/2 6/5/5 5/4/4
f 6/5/5 8/7/7 7/6/6
f 8/7/7 10/9/9 9/8/8
f 10/9/9 12/11/11 11/10/10
f 12/11/11 14/13/13 13/12/12
f 14/13/13 16/15/15 15/14/14
f 16/15/15 18/17/17 17/16/16
f 18/17/17 20/19/19 19/18/18
f 20/19/19 22/21/21 21/20/20
f 22/21/21 24/23/23 23/22/22
f 24/23/23 26/25/25 25/24/24
f 26/25/25 28/27/27 27/26/26
f 28/27/27 30/29/29 29/28/28
f 30/29/29 32/31/31 31/30/30
f 32/31/31 34/33/33 33/32/32
f 34/33/33 36/35/35 35/34/34
f 36/35/35 38/37/37 37/36/36
f 38/37/37 40/39/39 39/38/38
f 40/39/39 42/41/41 41/40/40
f 42/41/41 44/43/43 43/42/42
f 44/43/43 46/45/45 45/44/44
f 46/45/45 48/47/47 47/46/46
f 48/47/47 91/105/102 1/48/1
f 50/49/48 52/52/49 51/50/49
f 52/52/49 54/54/50 53/53/50
f 54/54/50 56/56/51 55/55/51
f 56/56/51 58/87/480 57/57/52
f 548/58/53 59/88/817 61/59/54
f 61/59/54 63/65/59 62/64/59
f 63/65/59 65/67/60 64/66/60
f 65/67/60 67/69/61 66/68/61
f 67/69/61 69/84/492 68/70/62
f 549/71/63 70/85/818 72/72/64
f 72/72/64 74/78/68 73/77/68
f 74/78/68 76/80/69 75/79/69
f 76/80/69 78/82/70 77/81/70
f 78/82/70 50/86/48 49/83/48
f 102/108/1 158/191/102 100/109/104
f 100/109/104 98/112/105 99/111/4
f 98/112/105 96/114/106 97/113/6
f 96/114/106 94/116/107 95/115/8
f 94/116/107 92/118/108 93/117/10
f 92/118/108 89/120/109 90/119/12
f 89/120/109 87/122/110 88/121/14
f 87/122/110 85/124/111 86/123/16
f 85/124/111 83/126/112 84/125/18
f 83/126/112 81/128/113 82/127/20
f 81/128/113 79/130/114 80/129/22
f 79/130/114 107/132/115 2/131/24
f 107/132/115 109/134/116 108/133/26
f 109/134/116 111/136/117 110/135/28
f 111/136/117 113/138/118 112/137/30
f 113/138/118 115/140/119 114/139/32
f 115/140/119 117/142/120 116/141/34
f 117/142/120 119/144/121 118/143/36
f 119/144/121 121/146/122 120/145/38
f 121/146/122 123/148/123 122/147/40
f 123/148/123 125/150/124 124/149/42
f 125/150/124 127/152/125 126/151/44
f 127/152/125 129/154/126 128/153/46
f 129/154/126 158/189/102 102/155/1
f 131/156/48 133/157/49 132/103/49
f 133/157/49 135/158/50 134/100/128
f 135/158/50 136/171/51 104/101/51
f 104/101/51 136/171/51 138/159/129
f 138/159/129 139/172/130 103/99/130
f 103/99/130 139/172/130 141/160/131
f 141/160/131 143/161/59 142/97/59
f 143/161/59 145/162/60 144/94/60
f 145/162/60 147/163/61 146/95/61
f 147/163/61 149/164/132 148/89/132
f 149/164/132 151/165/133 150/90/133
f 151/165/133 152/169/134 106/92/134
f 106/92/134 152/169/134 154/166/68
f 154/166/68 156/167/69 155/91/135
f 156/167/69 157/170/70 105/106/70
f 105/106/70 157/170/70 131/168/48
f 183/192/1 238/275/191 181/193/161
f 181/193/161 179/196/162 180/195/4
f 179/196/162 177/198/163 178/197/6
f 177/198/163 175/200/107 176/199/8
f 175/200/107 173/202/164 174/201/10
f 173/202/164 171/204/165 172/203/12
f 171/204/165 169/206/166 170/205/14
f 169/206/166 167/208/167 168/207/16
f 167/208/167 165/210/112 166/209/18
f 165/210/112 163/212/168 164/211/20
f 163/212/168 161/214/169 162/213/22
f 161/214/169 184/216/170 160/215/24
f 184/216/170 186/218/116 185/217/26
f 186/218/116 188/220/171 187/219/28
f 188/220/171 190/222/118 189/221/30
f 190/222/118 192/224/119 191/223/32
f 192/224/119 194/226/172 193/225/34
f 194/226/172 196/228/37 195/227/36
f 196/228/37 198/230/122 197/229/38
f 198/230/122 200/232/173 199/231/40
f 200/232/173 202/234/174 201/233/42
f 202/234/174 204/236/125 203/235/44
f 204/236/125 206/238/126 205/237/46
f 206/238/126 238/273/191 183/239/1
f 208/240/48 210/241/49 209/187/49
f 210/241/49 212/242/50 211/184/50
f 212/242/50 214/243/51 213/185/51
f 214/243/51 216/244/129 215/182/129
f 216/244/129 218/245/130 217/183/130
f 218/245/130 219/256/131 159/180/131
f 159/180/131 219/256/131 221/246/59
f 221/246/59 223/247/60 222/178/60
f 223/247/60 225/248/61 224/179/61
f 225/248/61 227/249/132 226/173/132
f 227/249/132 229/250/133 228/174/133
f 229/250/133 231/251/134 230/176/134
f 231/251/134 233/252/68 232/177/68
f 233/252/68 235/253/69 234/175/69
f 235/253/69 237/254/70 236/190/70
f 237/254/70 208/255/48 207/188/48
f 275/276/1 318/359/234 273/277/192
f 273/277/192 271/280/193 272/279/4
f 271/280/193 269/282/194 270/281/6
f 269/282/194 267/284/195 268/283/8
f 267/284/195 265/286/196 266/285/10
f 265/286/196 263/288/197 264/287/12
f 263/288/197 261/290/198 262/289/14
f 261/290/198 259/292/199 260/291/16
f 259/292/199 257/294/200 258/293/18
f 257/294/200 255/296/201 256/295/20
f 255/296/201 253/298/202 254/297/22
f 253/298/202 276/300/203 252/299/24
f 276/300/203 278/302/204 277/301/26
f 278/302/204 280/304/205 279/303/28
f 280/304/205 282/306/206 281/305/30
f 282/306/206 284/308/207 283/307/32
f 284/308/207 286/310/208 285/309/34
f 286/310/208 288/312/37 287/311/36
f 288/312/37 290/314/122 289/313/38
f 290/314/122 292/316/209 291/315/40
f 292/316/209 294/318/210 293/317/42
f 294/318/210 296/320/211 295/319/44
f 296/320/211 298/322/212 297/321/46
f 298/322/212 318/357/234 275/323/1
f 299/324/48 300/325/49 243/271/49
f 300/325/49 301/326/50 242/268/50
f 301/326/50 302/327/51 241/269/213
f 302/327/51 304/328/129 303/266/214
f 304/328/129 306/339/130 305/267/215
f 305/267/215 306/339/130 307/329/131
f 307/329/131 309/340/59 308/265/59
f 308/265/59 309/340/59 310/330/60
f 310/330/60 311/331/61 251/263/61
f 311/331/61 312/332/132 250/257/132
f 312/332/132 313/333/133 249/258/133
f 313/333/133 314/334/134 248/260/134
f 314/334/134 315/335/68 247/261/68
f 315/335/68 316/336/69 246/259/69
f 316/336/69 317/337/70 245/274/70
f 317/337/70 299/338/48 244/272/48
f 332/360/48 333/361/49 325/355/49
f 333/361/49 334/362/50 324/352/236
f 334/362/50 335/1130/51 319/353/213
f 319/353/213 335/1130/51 337/363/129
f 337/363/129 339/1131/130 338/351/215
f 338/351/215 339/1131/130 340/364/131
f 340/364/131 342/1132/59 341/349/59
f 341/349/59 342/1132/59 343/365/60
f 343/365/60 344/366/61 331/347/61
f 344/366/61 345/367/132 330/341/132
f 345/367/132 346/368/133 329/342/238
f 346/368/133 347/369/240 321/344/239
f 347/369/240 348/1133/68 320/345/241
f 320/345/241 348/1133/68 349/370/242
f 349/370/242 350/371/70 327/358/70
f 350/371/70 332/1134/48 326/356/48
f 392/372/244 391/375/246 353/373/245
f 391/375/246 393/377/248 355/376/247
f 393/377/248 394/379/250 357/378/249
f 394/379/250 395/381/252 359/380/251
f 395/381/252 396/383/253 361/382/129
f 396/383/253 397/385/255 363/384/254
f 397/385/255 398/387/257 365/386/256
f 398/387/257 399/389/259 367/388/258
f 399/389/259 400/391/261 369/390/260
f 400/391/261 401/393/262 371/392/60
f 401/393/262 402/395/264 373/394/263
f 402/395/264 403/397/266 375/396/265
f 403/397/266 404/399/268 377/398/267
f 404/399/268 405/401/270 379/400/269
f 405/401/270 406/403/271 381/402/134
f 406/403/271 407/405/273 383/404/272
f 407/405/273 408/407/275 385/406/274
f 408/407/275 409/412/279 387/408/276
f 409/412/279 410/414/281 389/413/280
f 410/414/281 392/372/244 351/374/48
f 411/415/282 391/375/246 392/372/244
f 411/415/282 413/418/285 393/377/248
f 414/417/284 394/379/250 393/377/248
f 415/419/286 395/381/252 394/379/250
f 416/420/287 396/383/253 395/381/252
f 416/420/287 417/421/288 397/385/255
f 417/421/288 418/423/290 398/387/257
f 419/422/289 399/389/259 398/387/257
f 420/424/291 400/391/261 399/389/259
f 420/424/291 421/425/292 401/393/262
f 421/425/292 422/426/293 402/395/264
f 422/426/293 423/428/295 403/397/266
f 424/427/294 404/399/268 403/397/266
f 425/429/296 405/401/270 404/399/268
f 425/429/296 426/430/297 406/403/271
f 426/430/297 427/432/299 407/405/273
f 428/431/298 408/407/275 407/405/273
f 429/433/300 409/412/279 408/407/275
f 430/434/301 410/414/281 409/412/279
f 430/434/301 412/416/283 392/372/244
f 354/435/302 411/415/282 412/416/283
f 354/435/302 356/437/304 413/418/285
f 356/437/304 358/438/305 414/417/284
f 358/438/305 360/439/306 415/419/286
f 360/439/306 362/441/308 416/420/287
f 364/440/307 417/421/288 416/420/287
f 366/442/309 418/423/290 417/421/288
f 368/443/310 419/422/289 418/423/290
f 370/444/311 420/424/291 419/422/289
f 370/444/311 372/446/313 421/425/292
f 374/445/312 422/426/293 421/425/292
f 376/447/314 423/428/295 422/426/293
f 376/447/314 378/448/315 424/427/294
f 380/411/278 425/429/296 424/427/294
f 380/411/278 382/410/277 426/430/297
f 384/449/316 427/432/299 426/430/297
f 384/449/316 386/450/317 428/431/298
f 386/450/317 388/451/318 429/433/300
f 388/451/318 390/452/319 430/434/301
f 390/452/319 352/436/303 412/416/283
f 433/489/48 435/492/358 434/490/356
f 435/492/358 437/494/360 436/493/359
f 437/494/360 439/496/362 438/495/361
f 439/496/362 441/498/364 440/497/363
f 441/498/364 443/649/484 442/499/365
f 527/506/372 479/1135/819 535/507/373
f 444/508/375 528/539/404 471/509/376
f 456/511/378 458/514/381 457/512/379
f 458/514/381 460/516/383 459/515/382
f 460/516/383 462/518/385 461/517/384
f 462/518/385 464/520/387 463/519/386
f 464/520/387 433/1136/48 432/521/357
f 434/490/356 436/493/359 467/522/388
f 459/515/382 475/533/399 474/524/390
f 442/499/365 470/551/413 469/525/391
f 432/521/357 465/1137/397 477/529/395
f 436/493/359 438/495/361 468/530/396
f 432/491/357 434/490/356 466/523/389
f 459/515/382 461/517/384 476/532/398
f 454/534/400 545/545/411 472/535/401
f 457/512/379 474/524/390 473/536/402
f 440/497/363 469/525/391 468/530/396
f 463/519/386 477/529/395 476/532/398
f 571/538/403 570/1138/403 475/533/399
f 475/533/399 476/532/398 477/529/395
f 477/529/395 465/1137/397 559/1139/403
f 477/529/395 559/1139/403 572/537/403
f 571/538/403 475/533/399 477/529/395
f 452/541/407 504/571/429 503/542/408
f 574/544/410 472/535/401 545/545/411
f 568/547/403 567/546/412 545/545/411
f 545/545/411 473/536/402 474/524/390
f 474/524/390 475/533/399 570/1138/403
f 474/524/390 570/1138/403 569/548/403
f 568/547/403 545/545/411 474/524/390
f 560/550/403 559/1140/403 465/531/397
f 465/531/397 466/523/389 467/522/388
f 467/522/388 468/530/396 562/1141/403
f 467/522/388 562/1141/403 561/549/403
f 560/550/403 465/531/397 467/522/388
f 563/553/403 562/1141/403 468/530/396
f 468/530/396 469/525/391 470/551/413
f 470/551/413 544/510/377 546/1142/820
f 470/551/413 546/1142/820 564/552/403
f 563/553/403 468/530/396 470/551/413
f 574/544/410 573/1143/821 557/554/414
f 448/558/260 501/598/448 500/559/418
f 450/543/409 503/542/408 502/562/421
f 492/566/424 471/509/376 510/567/425
f 453/526/392 505/605/455 504/571/429
f 447/560/419 500/559/418 499/540/406
f 486/585/48 530/630/48 586/586/441
f 536/589/443 451/577/433 554/576/432
f 490/579/435 534/671/499 583/591/445
f 498/587/441 586/586/441 585/593/385
f 449/563/60 502/562/421 501/598/448
f 472/535/401 557/554/414 508/600/450
f 541/584/440 540/505/371 542/504/370
f 502/562/421 514/609/458 513/601/451
f 504/571/429 516/606/456 515/602/452
f 501/598/448 513/601/451 512/603/453
f 515/602/452 514/609/458 502/562/421
f 500/559/418 512/603/453 511/604/454
f 505/605/455 517/607/457 516/606/456
f 508/600/450 507/554/461 517/607/457
f 514/609/458 521/1144/403 520/608/403
f 520/608/403 519/1145/403 512/603/453
f 512/603/453 513/601/451 514/609/458
f 506/610/459 499/540/406 511/604/454
f 524/1146/403 523/1147/403 516/606/456
f 516/606/456 517/607/457 507/554/461
f 507/554/461 577/1143/403 526/611/403
f 526/611/403 524/1146/403 516/606/456
f 558/567/460 511/604/454 512/603/453
f 512/603/453 519/1145/403 518/612/403
f 518/612/403 527/1148/403 575/568/403
f 575/568/403 558/567/460 512/603/453
f 553/613/462 456/511/378 455/513/380
f 552/527/393 553/613/462 454/534/400
f 545/545/411 454/534/400 455/513/380
f 471/509/376 528/539/404 506/610/459
f 544/510/377 470/551/413 442/499/365
f 446/582/438 526/672/822 577/625/465
f 527/506/466 542/504/370 482/503/369
f 535/507/468 479/1135/469 478/627/469
f 487/629/358 531/633/473 530/630/48
f 496/631/471 537/1149/383 536/589/443
f 488/632/472 532/637/474 531/633/473
f 497/594/385 585/593/385 537/634/383
f 489/636/362 583/1150/445 532/637/474
f 58/87/480 59/88/817 548/58/53
f 550/648/483 444/508/375 442/499/365
f 69/84/492 70/85/818 549/71/63
f 492/566/424 546/1142/820 544/510/377
f 551/614/463 528/539/404 444/508/375
f 534/671/499 490/579/435 555/581/437
f 526/672/500 446/582/823 556/628/501
f 542/504/503 535/507/468 556/628/470
f 516/606/456 523/1147/403 522/673/403
f 522/673/403 521/1144/403 514/609/458
f 514/609/458 515/602/452 516/606/456
f 595/674/505 600/687/517 594/675/506
f 596/677/508 595/674/505 589/676/507
f 597/679/510 596/677/508 590/678/509
f 592/681/512 598/691/514 597/679/510
f 593/682/513 599/685/515 598/683/514
f 594/675/506 600/687/517 599/685/515
f 595/674/505 601/694/522 606/686/516
f 602/688/518 601/694/522 595/674/505
f 603/689/519 602/688/518 596/677/508
f 604/690/520 603/689/519 597/679/510
f 599/685/515 605/693/521 604/692/520
f 600/687/517 606/686/516 605/693/521
f 601/694/522 607/696/524 612/695/523
f 602/688/518 608/697/525 607/696/524
f 603/689/519 609/702/530 608/697/525
f 610/698/526 609/702/530 603/689/519
f 611/699/527 610/706/526 604/692/520
f 612/695/523 611/699/527 605/693/521
f 607/696/524 613/701/529 618/700/528
f 608/697/525 614/703/531 613/701/529
f 609/702/530 615/709/536 614/703/531
f 616/704/532 615/709/536 609/702/530
f 617/705/533 616/713/532 610/706/526
f 618/700/528 617/705/533 611/699/527
f 613/701/529 619/708/535 624/707/534
f 614/703/531 620/710/537 619/708/535
f 615/709/536 621/716/542 620/710/537
f 622/711/538 621/716/542 615/709/536
f 623/712/539 622/720/538 616/713/532
f 624/707/534 623/712/539 617/705/533
f 619/708/535 625/715/541 630/714/540
f 620/710/537 626/717/543 625/715/541
f 621/716/542 627/724/549 626/717/543
f 628/718/544 627/724/549 621/716/542
f 629/719/545 628/726/544 622/720/538
f 630/714/540 629/719/545 623/712/539
f 631/721/546 636/729/553 630/714/540
f 632/722/547 631/721/546 625/715/541
f 633/723/548 632/722/547 626/717/543
f 628/718/544 634/732/550 633/723/548
f 629/719/545 635/727/551 634/725/550
f 630/714/540 636/729/553 635/727/551
f 637/728/552 642/1151/824 636/729/553
f 638/730/554 637/728/552 631/721/546
f 639/731/555 638/730/554 632/722/547
f 634/732/550 640/1152/556 639/731/555
f 635/727/551 641/734/557 640/733/556
f 636/729/553 642/1151/824 641/734/557
f 649/735/558 654/746/568 648/736/559
f 650/738/561 649/749/558 643/739/560
f 645/741/563 651/743/565 650/738/561
f 646/742/564 652/745/567 651/743/565
f 647/744/566 653/753/573 652/745/567
f 654/746/568 653/753/573 647/744/566
f 655/747/569 660/754/574 654/746/568
f 650/738/561 656/750/570 655/748/569
f 651/743/565 657/751/571 656/750/570
f 652/745/567 658/759/579 657/751/571
f 659/752/572 658/759/579 652/745/567
f 660/754/574 659/752/572 653/753/573
f 655/747/569 661/761/576 666/755/575
f 656/750/570 662/763/582 661/756/576
f 663/757/577 662/763/582 656/750/570
f 664/758/578 663/757/577 657/751/571
f 665/760/580 664/758/578 658/759/579
f 660/754/574 666/755/575 665/760/580
f 661/761/576 667/768/583 672/762/581
f 662/763/582 668/770/588 667/764/583
f 669/765/584 668/770/588 662/763/582
f 670/766/585 669/765/584 663/757/577
f 671/767/586 670/766/585 664/758/578
f 666/755/575 672/762/581 671/767/586
f 667/768/583 673/775/589 678/769/587
f 668/770/588 674/777/594 673/771/589
f 675/772/590 674/777/594 668/770/588
f 676/773/591 675/772/590 669/765/584
f 677/774/592 676/773/591 670/766/585
f 672/762/581 678/769/587 677/774/592
f 673/775/589 679/783/595 684/776/593
f 674/777/594 680/785/601 679/778/595
f 681/779/596 680/785/601 674/777/594
f 682/780/597 681/779/596 675/772/590
f 683/781/598 682/780/597 676/773/591
f 678/769/587 684/776/593 683/781/598
f 685/782/599 690/788/604 684/776/593
f 686/784/600 685/791/599 679/778/595
f 681/779/596 687/786/602 686/784/600
f 682/780/597 688/787/603 687/786/602
f 683/781/598 689/793/608 688/787/603
f 690/788/604 689/793/608 683/781/598
f 691/789/605 696/795/610 690/788/604
f 692/790/606 691/1153/605 685/791/599
f 687/786/602 693/792/607 692/790/606
f 688/787/603 694/794/609 693/792/607
f 689/793/608 695/1154/825 694/794/609
f 696/795/610 695/1154/825 689/793/608
f 703/796/611 708/809/623 702/797/612
f 704/799/614 703/796/611 697/798/613
f 705/801/616 704/799/614 698/800/615
f 700/803/618 706/812/620 705/801/616
f 701/804/619 707/807/621 706/805/620
f 702/797/612 708/809/623 707/807/621
f 709/808/622 714/816/629 708/809/623
f 710/810/624 709/808/622 703/796/611
f 711/811/625 710/810/624 704/799/614
f 706/812/620 712/820/626 711/811/625
f 707/807/621 713/814/627 712/813/626
f 708/809/623 714/816/629 713/814/627
f 709/808/622 715/817/630 720/815/628
f 710/810/624 716/818/631 715/817/630
f 711/811/625 717/824/636 716/818/631
f 718/819/632 717/824/636 711/811/625
f 719/821/633 718/828/632 712/813/626
f 720/815/628 719/821/633 713/814/627
f 715/817/630 721/823/635 726/822/634
f 716/818/631 722/825/637 721/823/635
f 717/824/636 723/831/642 722/825/637
f 724/826/638 723/831/642 717/824/636
f 725/827/639 724/835/638 718/828/632
f 726/822/634 725/827/639 719/821/633
f 721/823/635 727/830/641 732/829/640
f 722/825/637 728/832/643 727/830/641
f 723/831/642 729/838/648 728/832/643
f 730/833/644 729/838/648 723/831/642
f 731/834/645 730/842/644 724/835/638
f 732/829/640 731/834/645 725/827/639
f 727/830/641 733/837/647 738/836/646
f 728/832/643 734/839/649 733/837/647
f 729/838/648 735/846/655 734/839/649
f 736/840/650 735/846/655 729/838/648
f 737/841/651 736/848/650 730/842/644
f 738/836/646 737/841/651 731/834/645
f 739/843/652 744/851/659 738/836/646
f 740/844/653 739/843/652 733/837/647
f 741/845/654 740/844/653 734/839/649
f 736/840/650 742/854/656 741/845/654
f 737/841/651 743/849/657 742/847/656
f 738/836/646 744/851/659 743/849/657
f 745/850/658 750/1155/826 744/851/659
f 746/852/660 745/850/658 739/843/652
f 747/853/661 746/852/660 740/844/653
f 742/854/656 748/1156/662 747/853/661
f 743/849/657 749/856/663 748/855/662
f 744/851/659 750/1155/826 749/856/663
f 757/857/664 762/868/674 756/858/665
f 758/860/667 757/871/664 751/861/666
f 753/863/669 759/865/671 758/860/667
f 754/864/670 760/867/673 759/865/671
f 755/866/672 761/873/678 760/867/673
f 762/868/674 761/873/678 755/866/672
f 763/869/675 768/875/680 762/868/674
f 764/870/676 763/878/675 757/871/664
f 759/865/671 765/872/677 764/870/676
f 760/867/673 766/874/679 765/872/677
f 761/873/678 767/882/686 766/874/679
f 768/875/680 767/882/686 761/873/678
f 763/869/675 769/883/682 774/876/681
f 764/870/676 770/885/688 769/877/682
f 771/879/683 770/885/688 764/870/676
f 772/880/684 771/879/683 765/872/677
f 773/881/685 772/880/684 766/874/679
f 768/875/680 774/876/681 773/881/685
f 769/883/682 775/890/689 780/884/687
f 770/885/688 776/892/694 775/886/689
f 777/887/690 776/892/694 770/885/688
f 778/888/691 777/887/690 771/879/683
f 779/889/692 778/888/691 772/880/684
f 774/876/681 780/884/687 779/889/692
f 775/890/689 781/897/695 786/891/693
f 776/892/694 782/899/700 781/893/695
f 783/894/696 782/899/700 776/892/694
f 784/895/697 783/894/696 777/887/690
f 785/896/698 784/895/697 778/888/691
f 780/884/687 786/891/693 785/896/698
f 781/897/695 787/905/701 792/898/699
f 782/899/700 788/907/707 787/900/701
f 789/901/702 788/907/707 782/899/700
f 790/902/703 789/901/702 783/894/696
f 791/903/704 790/902/703 784/895/697
f 786/891/693 792/898/699 791/903/704
f 793/904/705 798/910/710 792/898/699
f 794/906/706 793/913/705 787/900/701
f 789/901/702 795/908/708 794/906/706
f 790/902/703 796/909/709 795/908/708
f 791/903/704 797/915/714 796/909/709
f 798/910/710 797/915/714 791/903/704
f 799/911/711 804/917/716 798/910/710
f 800/912/712 799/1157/711 793/913/705
f 795/908/708 801/914/713 800/912/712
f 796/909/709 802/916/715 801/914/713
f 797/915/714 803/1158/827 802/916/715
f 804/917/716 803/1158/827 797/915/714
f 844/918/134 827/954/134 828/919/134
f 830/921/717 815/1159/717 816/922/717
f 806/924/134 808/962/134 807/925/134
f 811/925/129 812/962/129 810/924/129
f 833/927/718 829/931/718 828/928/718
f 833/927/57 814/1160/57 813/930/57
f 829/935/134 813/941/134 817/936/134
f 837/938/719 819/951/719 820/939/719
f 833/935/129 838/937/129 818/936/129
f 836/942/719 822/1161/719 821/943/719
f 818/945/720 838/944/720 821/943/720
f 835/947/721 820/1162/721 823/939/721
f 816/942/721 826/1161/721 822/948/721
f 817/950/720 824/1163/720 819/951/720
f 830/921/48 831/923/48 842/952/48
f 848/918/129 850/920/129 834/919/129
f 846/955/134 845/920/134 828/919/134
f 849/955/129 833/935/129 834/919/129
f 805/926/722 844/966/722 845/960/722
f 843/961/723 807/925/723 808/962/723
f 847/961/724 849/963/724 812/962/724
f 851/964/725 839/953/725 842/952/725
f 807/925/726 843/961/726 844/966/726
f 830/933/134 843/956/134 846/955/134
f 846/955/134 837/937/134 835/932/134
f 808/962/727 806/924/727 845/960/727
f 838/937/129 849/955/129 847/956/129
f 847/956/129 831/933/129 836/932/129
f 809/926/728 848/966/728 847/961/728
f 812/962/729 849/963/729 850/960/729
f 840/967/48 851/964/48 852/965/48
f 848/918/129 832/954/129 842/957/129
f 844/918/134 843/956/134 839/957/134
f 832/969/403 827/1164/403 840/970/403
f 809/926/730 810/924/730 850/960/730
f 827/972/60 832/1165/60 834/929/60
f 895/973/57 861/1068/57 860/974/57
f 863/976/731 865/1166/731 873/977/732
f 864/979/734 865/1166/734 863/976/734
f 860/974/57 864/1167/57 862/981/57
f 869/982/735 896/1070/828 905/983/736
f 869/982/735 862/984/737 863/985/738
f 872/987/739 866/1053/739 873/990/739
f 859/991/738 875/999/738 868/992/738
f 872/987/739 864/989/739 860/994/739
f 855/996/739 866/1053/739 894/997/739
f 871/986/738 863/985/738 875/999/738
f 856/1000/740 887/1034/829 896/1001/741
f 856/1000/743 869/1002/830 871/1003/743
f 857/1004/745 871/1003/831 859/1005/746
f 868/1007/748 875/978/733 873/977/732
f 858/1006/747 859/1005/746 876/1009/749
f 858/1006/751 854/1010/751 885/1011/751
f 897/1013/752 853/1168/815 860/1014/753
f 872/1016/755 870/1019/832 874/1017/756
f 872/1016/57 853/1168/57 897/1013/57
f 888/1020/57 889/1052/57 931/1021/57
f 868/1007/758 855/1008/758 880/1023/759
f 876/993/738 868/992/738 882/1025/738
f 854/1010/443 876/1009/833 883/1027/760
f 885/1011/751 854/1010/751 879/1028/751
f 878/1030/762 930/1037/762 929/1031/762
f 917/1033/763 927/1090/834 887/1034/764
f 877/1035/765 887/1034/764 889/1012/766
f 930/1037/60 928/1040/60 890/1038/60
f 877/1039/768 890/1038/768 928/1040/768
f 918/1042/134 929/1031/134 890/1038/134
f 931/1021/60 884/1046/60 924/1044/60
f 892/1045/769 893/1169/769 884/1046/769
f 886/1050/770 893/1169/770 892/1045/770
f 889/1052/57 885/1170/57 892/1045/57
f 894/1054/403 886/1047/403 879/1055/403
f 881/1059/403 884/1048/403 886/1047/403
f 881/1060/739 894/997/739 866/1053/739
f 887/1034/751 856/1000/751 857/1004/751
f 857/1004/751 858/1006/751 889/1012/751
f 914/1062/771 909/1171/772 907/1063/772
f 907/1063/774 909/1171/774 908/1065/774
f 906/1067/57 908/1172/57 861/1068/57
f 895/1069/775 905/983/775 896/1070/775
f 912/1072/776 906/1173/776 895/1069/776
f 907/1073/776 906/1173/776 912/1072/776
f 870/1075/777 909/1077/779 914/1078/780
f 911/1080/776 915/1087/776 903/1081/776
f 861/1083/782 908/1076/778 870/1075/777
f 899/1085/784 920/1174/835 934/1086/785
f 915/1087/776 907/1073/776 913/1074/776
f 900/1088/786 912/1175/836 904/1089/787
f 913/1091/789 912/1175/837 900/1088/789
f 903/1093/791 913/1091/838 901/1092/792
f 887/1034/794 927/1090/839 904/1089/795
f 911/1095/797 899/1101/797 914/1062/771
f 916/1096/798 903/1093/791 902/1094/793
f 925/1098/800 898/1097/808 902/1094/801
f 911/1095/803 922/1176/803 920/1100/803
f 916/1082/776 923/1177/776 922/1102/776
f 898/1097/805 919/1104/840 923/1103/806
f 925/1098/800 926/1178/808 919/1104/808
f 918/1036/767 889/1012/766 888/1099/809
f 888/1099/809 927/1090/834 917/1033/763
f 928/1040/129 930/1037/129 878/1106/129
f 924/1044/811 933/1179/811 932/1108/811
f 932/1108/812 933/1179/812 926/1112/812
f 888/1020/57 891/1022/57 932/1108/57
f 934/1115/403 923/1117/403 919/1116/403
f 921/1120/403 934/1115/403 926/1109/403
f 921/1121/813 910/1180/841 874/1079/781
f 901/1092/808 900/1088/808 927/1090/814
f 927/1090/814 888/1099/802 902/1094/801
f 867/1122/815 910/1125/815 921/1123/815
f 867/1122/403 866/1018/403 874/1017/403
f 881/1059/403 921/1120/403 924/1111/403
s 0
usemtl Decal_Normal
f 935/1126/751 938/1127/751 937/1128/751
f 940/1129/751 941/1128/751 939/1126/751
f 943/1126/751 946/1127/751 945/1128/751
f 947/1129/808 950/1128/808 948/1126/808
f 953/1127/808 952/1126/808 951/1129/808
f 957/1127/816 956/1126/816 955/1129/816
f 935/1126/842 936/1129/842 938/1127/842
f 940/1129/751 942/1127/751 941/1128/751
f 943/1126/751 944/1129/751 946/1127/751
f 947/1129/808 949/1127/808 950/1128/808
f 953/1127/808 954/1128/808 952/1126/808
f 957/1127/808 958/1128/808 956/1126/808
